"id","sentiment"
"12311_10",0.997855
"8348_2",0.004368
"5828_4",0.277624
"7186_2",0.005414
"12128_7",0.997325
"2913_8",0.997753
"4396_1",0.007405
"395_2",0.352527
"10616_1",0.003542
"9074_9",0.993330
"9252_3",0.099326
"9896_9",0.997794
"574_4",0.007350
"11182_8",0.997514
"11656_4",0.021021
"2322_4",0.926270
"8703_1",0.004731
"7483_1",0.028366
"6007_10",0.996228
"12424_4",0.005572
"4672_1",0.008719
"10841_3",0.005166
"8954_7",0.035380
"7392_1",0.004578
"10288_8",0.997781
"5343_4",0.003264
"4950_1",0.003146
"9257_4",0.023383
"8689_3",0.059630
"4480_2",0.009564
"9286_10",0.997095
"12245_10",0.997777
"7529_7",0.996635
"4_4",0.012633
"5299_2",0.008668
"12077_8",0.997699
"10701_2",0.006904
"11579_1",0.005808
"10993_1",0.003600
"8913_1",0.004391
"1350_3",0.008506
"3804_2",0.004819
"5025_3",0.152860
"5170_8",0.996810
"8225_8",0.994022
"6427_7",0.997747
"3165_3",0.007927
"7902_9",0.997853
"8208_3",0.010091
"3577_8",0.990710
"4865_1",0.004797
"9063_3",0.005039
"1106_1",0.024031
"1117_9",0.997862
"1050_4",0.961280
"10755_9",0.979886
"2729_8",0.894766
"10072_10",0.996321
"2904_7",0.995793
"4584_2",0.066706
"189_4",0.027217
"6302_4",0.006479
"8138_9",0.893224
"1262_1",0.005692
"2199_10",0.997545
"6551_7",0.797454
"8082_7",0.997347
"4897_8",0.997788
"7360_1",0.009466
"11012_10",0.974977
"12046_1",0.190796
"2331_2",0.026463
"8961_9",0.997808
"751_7",0.166458
"9884_10",0.993614
"10016_8",0.997513
"8023_10",0.997751
"2628_1",0.004192
"5832_1",0.031387
"7302_1",0.003862
"4501_3",0.042913
"1121_7",0.995100
"8334_3",0.013435
"9789_10",0.897275
"4230_10",0.997759
"824_4",0.577703
"6803_9",0.993660
"3086_7",0.997700
"1135_8",0.997816
"10136_1",0.002509
"11129_3",0.004967
"2072_8",0.469297
"9501_7",0.997236
"319_10",0.997653
"1693_7",0.997875
"10886_1",0.002647
"9406_8",0.997851
"10376_10",0.996615
"9902_1",0.004057
"9938_8",0.096587
"7080_9",0.994488
"11944_8",0.833726
"5249_1",0.003672
"9599_2",0.013644
"9620_1",0.006434
"11244_1",0.005251
"6841_10",0.997806
"10050_4",0.799817
"10512_9",0.997623
"11327_3",0.005298
"10681_8",0.996811
"808_3",0.009882
"546_7",0.997969
"10765_1",0.003632
"7189_9",0.997576
"6005_9",0.997646
"11915_9",0.997813
"5740_10",0.997710
"7097_10",0.996498
"9573_10",0.997526
"5084_4",0.008382
"12332_7",0.993051
"8154_1",0.007122
"5610_1",0.003976
"5323_9",0.996092
"11034_8",0.959639
"3977_2",0.359432
"12380_7",0.988685
"1737_8",0.969638
"6030_9",0.997183
"5918_7",0.996827
"7061_9",0.997767
"266_8",0.997776
"1375_10",0.997546
"8648_3",0.009258
"10146_10",0.997902
"4578_10",0.994233
"4685_8",0.994654
"11843_9",0.996033
"5467_10",0.997818
"10140_10",0.997935
"7721_8",0.995758
"11208_10",0.009760
"1063_10",0.997281
"8260_10",0.973436
"3182_9",0.997764
"2797_8",0.993361
"7613_2",0.036990
"11624_4",0.006663
"4847_10",0.997899
"10684_7",0.996938
"6312_1",0.004459
"4925_3",0.003596
"4125_1",0.003151
"2394_10",0.997852
"12105_10",0.997923
"7812_1",0.004043
"1061_8",0.997409
"9343_3",0.015542
"7696_10",0.997870
"9355_10",0.997750
"782_9",0.997554
"9882_10",0.997884
"10642_10",0.997593
"7410_2",0.002964
"9591_4",0.008632
"11902_3",0.027158
"3495_7",0.872452
"6733_1",0.004398
"4552_1",0.005888
"6722_1",0.099077
"188_10",0.997922
"5099_10",0.146676
"10313_1",0.010471
"6756_9",0.996280
"6622_2",0.009679
"4807_10",0.997780
"7173_3",0.004771
"11321_8",0.997026
"7909_9",0.996381
"8012_7",0.013945
"8615_4",0.005753
"8117_10",0.997837
"1892_10",0.996760
"4617_1",0.003983
"1893_8",0.997197
"5435_1",0.002965
"162_3",0.004203
"6516_10",0.997655
"11588_7",0.997296
"2006_1",0.005365
"1594_4",0.010300
"1472_1",0.004446
"3647_1",0.155027
"174_7",0.990412
"5539_7",0.878476
"3384_10",0.997862
"3811_4",0.080991
"4079_8",0.997133
"1179_7",0.996138
"3069_9",0.997702
"3769_8",0.996876
"9247_10",0.997606
"10434_1",0.004017
"1147_10",0.997786
"5344_7",0.997114
"8073_10",0.997585
"7833_3",0.004873
"8370_1",0.003403
"9007_8",0.011006
"6624_7",0.010210
"6683_3",0.006104
"12275_7",0.997682
"11927_8",0.997544
"1560_10",0.997913
"1325_9",0.227128
"3548_8",0.016553
"607_1",0.003955
"6702_7",0.266962
"5702_3",0.009233
"11345_8",0.996703
"3428_4",0.012594
"7209_9",0.997750
"8425_8",0.997145
"3087_1",0.006630
"1119_8",0.996341
"5715_3",0.005276
"8645_1",0.002915
"2149_3",0.003914
"10403_10",0.997464
"5628_1",0.006089
"5570_10",0.997727
"1613_3",0.005198
"1454_4",0.004783
"5094_3",0.005740
"7982_1",0.008442
"6894_2",0.008661
"6554_1",0.004423
"4721_3",0.005841
"6904_4",0.018405
"893_8",0.997703
"4605_4",0.066949
"11516_7",0.199435
"11718_7",0.997641
"5956_1",0.004227
"7455_9",0.997025
"6396_4",0.997600
"1223_8",0.997464
"8556_1",0.004287
"6108_8",0.908397
"11690_1",0.005305
"3778_9",0.997242
"3627_4",0.024394
"8256_4",0.936606
"533_1",0.003336
"5235_4",0.003408
"621_2",0.004641
"5365_1",0.011369
"8180_3",0.004128
"7396_7",0.975790
"9776_10",0.997809
"8175_10",0.997706
"3128_1",0.003128
"4606_1",0.004544
"6158_2",0.003914
"3281_10",0.959807
"4723_4",0.016710
"11994_3",0.018347
"7701_1",0.002698
"103_3",0.011567
"8908_10",0.997541
"8876_1",0.003603
"7519_9",0.996493
"12456_8",0.997464
"9514_8",0.997276
"8680_8",0.984022
"12402_10",0.997402
"362_2",0.019987
"9825_7",0.997702
"2913_3",0.415487
"7164_8",0.997084
"11177_7",0.997061
"5707_10",0.997893
"8103_10",0.996826
"6289_1",0.003122
"11754_1",0.010142
"11640_10",0.997718
"9933_7",0.712770
"185_10",0.996978
"242_10",0.997822
"9369_8",0.997355
"7453_10",0.997461
"7514_7",0.993631
"10860_2",0.005011
"8663_8",0.040971
"9108_1",0.004774
"7941_1",0.003766
"10116_1",0.003112
"9841_4",0.898691
"4512_9",0.997891
"4853_2",0.306330
"2664_4",0.051336
"9966_10",0.997558
"5167_2",0.005314
"3894_2",0.005455
"3929_8",0.997027
"7165_10",0.997844
"5451_8",0.997209
"2947_4",0.008588
"4611_10",0.997308
"5807_1",0.003921
"9464_8",0.997627
"3124_10",0.997697
"2705_4",0.015287
"12187_8",0.997510
"12319_10",0.997966
"9874_3",0.875452
"3406_4",0.992898
"2327_10",0.997780
"605_10",0.997239
"8080_4",0.063953
"3074_10",0.997694
"2499_3",0.008432
"1013_1",0.021650
"11535_1",0.004047
"4118_7",0.996536
"10492_8",0.997828
"2129_4",0.005882
"9814_10",0.997651
"10671_9",0.995741
"5980_10",0.997737
"2755_2",0.008791
"5461_2",0.012979
"11979_1",0.004391
"8810_1",0.003176
"852_7",0.996358
"10961_4",0.019064
"7436_4",0.010077
"11281_3",0.037495
"4208_3",0.004569
"8213_10",0.996535
"9851_2",0.110899
"4713_7",0.997163
"9528_1",0.997638
"3595_10",0.997562
"5785_3",0.004988
"10370_3",0.007824
"1980_3",0.978921
"8800_4",0.994825
"4437_3",0.003965
"28_3",0.003630
"12171_1",0.989429
"9359_3",0.005582
"3831_9",0.997848
"10962_7",0.994023
"1500_9",0.975853
"11470_10",0.996958
"11843_3",0.013761
"11200_4",0.764755
"1067_1",0.004826
"3333_1",0.032543
"4487_4",0.011535
"6428_1",0.004659
"575_7",0.454883
"10904_9",0.986100
"11821_2",0.034878
"11605_1",0.004925
"1111_7",0.992163
"10295_1",0.003994
"1146_4",0.003957
"2405_9",0.974946
"11081_10",0.987933
"2201_10",0.997852
"4844_1",0.003401
"11007_8",0.997915
"6535_7",0.997201
"2653_4",0.005651
"8245_10",0.996465
"9951_8",0.997743
"6133_8",0.993391
"10006_2",0.003197
"7350_1",0.004119
"4509_9",0.997925
"948_1",0.006421
"3987_1",0.004374
"2947_10",0.996852
"6041_3",0.334615
"2946_1",0.005121
"11967_4",0.005294
"1185_10",0.997750
"10323_2",0.976915
"11706_2",0.003522
"3663_1",0.007295
"5602_10",0.997850
"4870_10",0.997529
"1994_1",0.006298
"10807_7",0.990244
"6871_3",0.951202
"1175_2",0.008119
"10919_7",0.997683
"8127_10",0.997894
"12497_4",0.812401
"3274_1",0.995315
"2568_3",0.005051
"840_2",0.003386
"5626_10",0.997936
"7561_10",0.997991
"4600_3",0.009308
"3324_9",0.996695
"8899_7",0.997106
"5592_8",0.898088
"12483_4",0.004929
"7874_1",0.003485
"5878_10",0.996799
"4303_9",0.996666
"9421_1",0.004745
"10269_4",0.004026
"10615_2",0.032091
"2634_10",0.997809
"7522_1",0.003595
"9289_10",0.994080
"4636_10",0.996361
"1241_7",0.084787
"9458_9",0.983692
"11690_10",0.997865
"7176_4",0.965952
"6212_10",0.997198
"6319_1",0.003447
"5229_3",0.005567
"466_9",0.997879
"8693_2",0.005829
"2952_10",0.997574
"1128_1",0.003484
"3975_10",0.997281
"11365_10",0.997579
"2074_9",0.997280
"9768_10",0.997740
"4895_1",0.002966
"5726_10",0.997150
"9993_10",0.996522
"11319_2",0.029493
"10561_2",0.983136
"5455_8",0.094775
"10684_3",0.007010
"3652_3",0.006401
"7825_1",0.006319
"8806_1",0.003619
"275_10",0.995455
"2246_1",0.003269
"11968_2",0.025202
"2528_1",0.020828
"8491_8",0.996376
"13_1",0.939663
"4530_8",0.997753
"5207_3",0.008499
"11648_10",0.992554
"8260_1",0.004002
"10730_10",0.997820
"10402_3",0.017544
"8077_1",0.003486
"8598_8",0.840969
"2809_3",0.006321
"12490_10",0.988788
"1447_9",0.997469
"1605_3",0.007528
"2311_4",0.004965
"3235_9",0.997607
"5725_10",0.996013
"9025_10",0.997730
"6049_9",0.996936
"4803_10",0.997321
"191_9",0.997605
"420_3",0.101393
"5238_2",0.004776
"1280_9",0.988582
"9408_4",0.014775
"819_1",0.004107
"1656_4",0.011281
"9964_3",0.075144
"10404_4",0.020514
"12369_10",0.997158
"6423_1",0.004573
"9942_8",0.955551
"1519_1",0.007348
"100_10",0.997927
"3216_10",0.997745
"3909_10",0.996620
"5034_7",0.997781
"14_8",0.997584
"5891_3",0.008174
"8496_10",0.997747
"7429_1",0.005145
"9457_1",0.010222
"9602_8",0.997094
"4198_1",0.008307
"154_2",0.006464
"5070_2",0.007097
"4207_8",0.792795
"7758_8",0.997529
"4439_9",0.997849
"12042_1",0.004168
"7244_1",0.004410
"6854_1",0.005082
"11932_10",0.995693
"4151_10",0.997099
"7265_1",0.007819
"10272_7",0.997239
"4256_4",0.006411
"1225_7",0.996909
"956_10",0.997508
"6389_2",0.004269
"1365_4",0.006861
"4752_7",0.950249
"276_10",0.997961
"8766_9",0.996822
"11225_10",0.997713
"6920_1",0.004148
"11536_1",0.003352
"1923_9",0.994286
"11460_10",0.996393
"10054_7",0.996965
"10845_1",0.005006
"10231_4",0.985488
"9430_8",0.997152
"3226_2",0.004268
"4298_3",0.010880
"10635_4",0.007900
"10567_4",0.006694
"5460_10",0.997880
"7310_7",0.962539
"10330_2",0.003821
"5151_9",0.145051
"11_3",0.007754
"1448_8",0.715426
"10130_8",0.997513
"2199_3",0.003864
"1761_10",0.997566
"2782_1",0.003626
"7618_10",0.997898
"85_10",0.997687
"5730_3",0.067930
"3641_1",0.006009
"8190_9",0.997639
"9533_10",0.997973
"9508_1",0.003672
"237_8",0.997746
"3981_7",0.997424
"7194_9",0.997340
"10584_8",0.946290
"248_2",0.003399
"8358_4",0.005675
"1218_1",0.003303
"4191_10",0.646639
"3090_8",0.916476
"11923_2",0.007037
"1640_8",0.996827
"9972_3",0.005102
"11818_4",0.925351
"4350_10",0.996743
"877_10",0.964198
"10017_8",0.997359
"7975_10",0.997924
"8436_1",0.896602
"6024_7",0.783620
"3112_1",0.003909
"951_10",0.997731
"1622_1",0.004324
"191_3",0.049306
"5669_1",0.003012
"1891_4",0.013886
"12173_9",0.993129
"7887_7",0.118840
"3256_10",0.997578
"5419_1",0.004081
"7635_1",0.003068
"8297_2",0.015341
"7137_8",0.743399
"7562_3",0.132595
"9944_1",0.003183
"4288_1",0.003187
"8087_1",0.997739
"4771_10",0.997342
"10482_10",0.994584
"5324_10",0.997739
"3080_1",0.004328
"10923_7",0.994764
"1753_7",0.998038
"317_10",0.996812
"12474_8",0.992806
"773_8",0.997836
"388_1",0.006024
"12141_2",0.004802
"5667_1",0.992621
"1071_9",0.997750
"2897_10",0.990630
"9481_4",0.996361
"12025_1",0.003465
"8879_7",0.997311
"5683_1",0.004734
"7026_1",0.003540
"2439_1",0.024140
"3631_7",0.929146
"1650_9",0.997389
"5378_7",0.997847
"9745_1",0.003653
"11563_8",0.997313
"299_8",0.997466
"9471_2",0.008666
"1866_1",0.004564
"2639_4",0.013868
"5122_1",0.705722
"12341_7",0.382550
"2936_8",0.997256
"8647_10",0.997747
"4255_9",0.997554
"7262_8",0.122343
"8413_10",0.948746
"10080_1",0.006520
"3973_1",0.778089
"8752_9",0.997751
"4018_2",0.005025
"7669_1",0.006738
"10421_4",0.007866
"7854_8",0.997553
"162_8",0.031336
"11614_9",0.997051
"11343_8",0.915495
"1708_7",0.922679
"7115_4",0.034765
"10498_10",0.996361
"2944_8",0.997451
"10474_3",0.771127
"1263_1",0.006001
"1693_4",0.465332
"9600_9",0.636819
"11173_2",0.006866
"3961_2",0.005026
"8011_1",0.013210
"7386_8",0.994108
"8787_8",0.997760
"12349_9",0.997248
"1776_4",0.003506
"5885_4",0.997333
"220_4",0.009012
"5547_8",0.997616
"2853_1",0.006199
"2157_2",0.043621
"11667_2",0.008560
"194_7",0.997757
"1633_1",0.005330
"6897_2",0.009077
"11568_2",0.204956
"9219_1",0.012464
"477_8",0.997731
"8980_3",0.433891
"4612_10",0.997526
"8030_10",0.997773
"1846_8",0.997814
"2786_8",0.997841
"2634_1",0.003981
"3110_8",0.997528
"11587_8",0.282353
"11262_8",0.997758
"5680_7",0.474723
"4583_4",0.038563
"1451_1",0.012040
"4244_4",0.992665
"6176_4",0.003255
"8851_10",0.997407
"908_9",0.997299
"7494_9",0.990496
"8061_3",0.004227
"789_1",0.007710
"2374_7",0.995385
"11225_3",0.006101
"4467_4",0.005306
"8516_10",0.953201
"4121_10",0.995820
"10267_7",0.989508
"6040_8",0.997535
"8338_7",0.997617
"2903_7",0.997752
"6662_9",0.997681
"5333_10",0.997888
"7470_4",0.004680
"8813_1",0.006934
"4514_3",0.692344
"9584_7",0.531457
"11706_8",0.997526
"11538_8",0.939270
"4210_1",0.003157
"8984_1",0.003231
"3431_4",0.008513
"4973_10",0.997530
"12260_1",0.005561
"4267_10",0.993486
"9906_9",0.997803
"670_7",0.912997
"6270_3",0.003053
"5164_4",0.004868
"9741_2",0.007695
"3761_8",0.997297
"2651_2",0.020452
"7448_10",0.995891
"7184_9",0.997345
"1313_9",0.996443
"10654_8",0.997679
"7151_1",0.003162
"2320_10",0.996424
"12033_7",0.991549
"6429_1",0.003265
"1420_4",0.994428
"3002_7",0.904804
"1299_1",0.008760
"7897_9",0.996112
"1529_4",0.004871
"9760_2",0.005596
"11318_1",0.003601
"2217_3",0.012855
"11641_2",0.002985
"7238_10",0.997942
"7710_8",0.997372
"12011_8",0.996142
"4495_7",0.831004
"11144_4",0.052422
"5625_2",0.004827
"2926_7",0.995605
"8538_8",0.995605
"8875_10",0.997984
"10881_10",0.995655
"1662_7",0.996972
"4560_9",0.961711
"6714_4",0.003298
"9059_10",0.997974
"6631_10",0.997683
"8520_1",0.003336
"918_4",0.987063
"3102_10",0.783216
"3611_2",0.004454
"8434_10",0.997905
"681_7",0.997705
"7386_4",0.003736
"7566_9",0.995902
"10110_10",0.997834
"10486_10",0.638869
"1492_3",0.005816
"11823_1",0.003976
"2331_9",0.997334
"2200_2",0.005270
"9547_1",0.030866
"785_2",0.003973
"5101_4",0.941776
"5657_10",0.993608
"6902_7",0.996804
"1490_9",0.997523
"7148_9",0.997901
"7387_8",0.576633
"8277_9",0.997488
"6912_7",0.997642
"170_2",0.007478
"7702_10",0.997889
"4393_3",0.004406
"2608_3",0.814566
"4931_8",0.995748
"10589_10",0.995336
"8623_4",0.005794
"6057_2",0.003384
"2704_9",0.997870
"1790_2",0.021884
"12370_1",0.003256
"159_1",0.003726
"343_9",0.986260
"2128_9",0.997681
"11181_8",0.988329
"11775_10",0.997514
"3514_10",0.997581
"6993_2",0.003034
"2866_9",0.997593
"1000_9",0.985503
"11772_7",0.993880
"3355_9",0.995196
"8519_8",0.988463
"7879_3",0.015511
"4332_10",0.996600
"5403_1",0.003660
"1514_7",0.914653
"7904_1",0.003803
"10550_2",0.027448
"11442_10",0.997855
"2821_3",0.004874
"5766_1",0.003921
"8061_9",0.996060
"2166_1",0.004752
"6206_1",0.003158
"11124_2",0.042176
"7625_10",0.941368
"90_9",0.997644
"7959_10",0.997447
"7029_10",0.997360
"779_8",0.997687
"1101_4",0.009865
"11189_4",0.048902
"9790_4",0.006492
"10861_1",0.007282
"5902_2",0.004190
"9545_10",0.678650
"3730_1",0.003289
"4951_9",0.995304
"3295_1",0.003448
"9495_2",0.026896
"2876_1",0.030256
"2796_1",0.004479
"10338_3",0.026355
"10913_7",0.031608
"4685_2",0.006003
"11586_1",0.011094
"4904_7",0.701182
"7110_7",0.993420
"2086_4",0.008591
"7372_7",0.943688
"135_9",0.995176
"7038_3",0.115359
"1119_2",0.007626
"5057_8",0.993182
"3479_10",0.997682
"6489_8",0.997566
"4910_8",0.997913
"5979_10",0.995648
"11304_1",0.003042
"2102_9",0.997544
"8048_1",0.006071
"12153_7",0.988669
"4832_8",0.996482
"3079_9",0.997813
"8254_2",0.009410
"7981_7",0.996954
"611_1",0.024546
"307_10",0.904017
"8861_3",0.009099
"4635_4",0.159807
"6197_7",0.912427
"6739_3",0.005206
"8588_9",0.997810
"8461_7",0.172392
"10089_1",0.013299
"2609_7",0.247131
"1418_3",0.005344
"2661_10",0.976893
"1253_9",0.996333
"8815_9",0.997417
"9867_8",0.997462
"2155_1",0.006521
"12259_4",0.005098
"11224_3",0.051600
"4781_1",0.003266
"4354_9",0.998008
"9629_9",0.997603
"3629_9",0.997401
"6445_10",0.997692
"9526_10",0.997938
"5138_2",0.017494
"349_10",0.987793
"2099_7",0.994707
"4411_1",0.014909
"8127_3",0.006266
"5225_8",0.996192
"7970_3",0.003743
"5688_7",0.992296
"12099_3",0.014561
"6020_4",0.702359
"3892_8",0.996555
"2098_8",0.997664
"4851_7",0.997443
"10967_10",0.997682
"6230_4",0.003961
"2211_2",0.429310
"11978_10",0.997382
"8802_1",0.004421
"11010_3",0.006378
"10083_2",0.090027
"5588_10",0.029710
"958_10",0.997645
"6771_4",0.036614
"6767_9",0.935120
"7302_10",0.997858
"5324_3",0.007935
"7737_10",0.997838
"8603_10",0.071142
"3029_7",0.997709
"8640_2",0.004855
"2139_1",0.003935
"6305_10",0.997793
"6884_7",0.997604
"5534_8",0.217560
"7619_8",0.997787
"10057_8",0.995999
"972_7",0.997824
"6245_8",0.600915
"6627_7",0.996979
"3621_10",0.907209
"2290_4",0.992284
"24_4",0.108005
"5689_1",0.003606
"6497_4",0.033521
"12405_4",0.996091
"11720_7",0.997671
"10088_1",0.004281
"9258_9",0.997706
"354_4",0.995576
"4770_10",0.995203
"1035_3",0.007121
"739_1",0.003253
"6267_7",0.997877
"1562_8",0.997456
"1438_1",0.004595
"281_8",0.997951
"1818_1",0.009746
"3943_3",0.011428
"8116_4",0.189478
"6984_1",0.003591
"5330_4",0.004500
"8821_8",0.995640
"10484_10",0.997732
"1886_4",0.010441
"7943_2",0.146541
"6438_7",0.996726
"8931_10",0.996708
"10538_10",0.997874
"534_10",0.997940
"7329_2",0.004399
"6614_2",0.008895
"710_10",0.997010
"3120_4",0.013221
"9046_1",0.003964
"5638_2",0.005463
"2455_4",0.007908
"2652_3",0.004090
"11006_4",0.006017
"5065_3",0.005008
"9805_10",0.997707
"7092_8",0.997341
"1735_10",0.997106
"3609_1",0.005851
"1201_10",0.997912
"11024_9",0.997673
"3807_10",0.997646
"4483_10",0.997316
"4510_7",0.974658
"8037_1",0.004023
"1760_1",0.011108
"133_8",0.992889
"9039_8",0.994922
"8462_4",0.988081
"2468_10",0.996940
"7684_3",0.004093
"10350_9",0.997201
"1199_10",0.997952
"8560_1",0.002870
"6405_3",0.004507
"1295_1",0.002978
"6420_1",0.005567
"12183_9",0.997382
"11619_1",0.004817
"1415_9",0.993737
"9414_1",0.004589
"7640_4",0.005872
"9211_9",0.997859
"557_9",0.997645
"4501_9",0.997776
"8711_10",0.569913
"2402_1",0.023710
"4586_10",0.993350
"176_3",0.009875
"3545_1",0.003040
"8932_1",0.003010
"5829_10",0.997657
"3409_10",0.997962
"3636_3",0.861682
"12048_7",0.997714
"10468_10",0.989303
"11546_10",0.995531
"9444_10",0.997637
"6275_1",0.013654
"152_4",0.749879
"4767_9",0.997183
"6751_1",0.003827
"10245_4",0.857261
"5407_8",0.994509
"1923_1",0.004441
"515_9",0.986000
"9988_1",0.872128
"5928_8",0.997984
"10163_4",0.951102
"7969_10",0.997746
"1494_4",0.028669
"11211_10",0.997768
"1957_1",0.003234
"8484_7",0.927478
"848_2",0.004662
"5177_1",0.305988
"10667_10",0.995367
"3075_1",0.005080
"9443_10",0.997720
"1572_8",0.997450
"11285_8",0.988816
"3125_1",0.009768
"9265_9",0.997828
"4072_1",0.003389
"6390_2",0.011996
"6496_4",0.423897
"8766_2",0.003068
"7787_10",0.997762
"5897_10",0.997800
"9027_1",0.006093
"1538_2",0.005735
"1220_3",0.004583
"8600_3",0.012044
"11432_2",0.118001
"1424_4",0.530954
"7344_10",0.997851
"10842_1",0.004751
"10332_10",0.997541
"4340_4",0.006838
"4868_4",0.014718
"11216_9",0.996198
"12027_10",0.993836
"6785_7",0.996760
"8773_8",0.997710
"8119_4",0.960060
"10138_10",0.997564
"7197_2",0.003703
"1536_3",0.654754
"9981_7",0.989899
"4753_1",0.034498
"2795_7",0.007942
"6672_4",0.004225
"10805_7",0.167068
"5866_1",0.003500
"570_1",0.004386
"11965_8",0.997334
"3288_1",0.047283
"8135_1",0.009232
"10094_9",0.997118
"5845_10",0.997782
"3570_8",0.988773
"1240_1",0.043308
"231_1",0.004404
"10628_9",0.996998
"3536_1",0.006246
"1852_10",0.997176
"8202_7",0.997210
"5907_7",0.920684
"1759_10",0.976235
"4492_10",0.996767
"4844_7",0.996534
"3189_10",0.997200
"3403_10",0.997870
"5874_2",0.004133
"7809_10",0.997730
"3632_9",0.997886
"11767_2",0.984816
"9925_3",0.013294
"4218_1",0.010683
"12036_7",0.971689
"8973_2",0.004697
"2464_10",0.997413
"4094_1",0.003962
"10592_1",0.009397
"10648_9",0.997773
"3887_10",0.997599
"9092_8",0.997874
"10666_10",0.997591
"8389_10",0.997270
"5281_10",0.997516
"6946_1",0.004604
"1132_1",0.004355
"10052_4",0.064652
"768_10",0.997694
"5432_3",0.003887
"7424_3",0.003816
"2366_2",0.007511
"2865_3",0.009435
"7806_2",0.003672
"8878_3",0.114028
"6298_7",0.997502
"4517_4",0.007004
"12018_10",0.997777
"3662_1",0.008675
"11393_10",0.996894
"2071_10",0.997351
"8217_8",0.997668
"6568_2",0.004956
"3840_10",0.997842
"1666_3",0.979174
"2360_7",0.997230
"5778_4",0.068040
"5341_4",0.674714
"4044_2",0.003960
"2503_3",0.668522
"4095_10",0.995618
"2092_2",0.008321
"2707_3",0.004138
"573_10",0.993465
"6441_7",0.997612
"7565_3",0.005060
"9499_7",0.232764
"657_10",0.998046
"8840_10",0.992052
"1407_4",0.087878
"12453_2",0.008026
"8273_9",0.997949
"8366_7",0.996414
"10643_9",0.992746
"9998_1",0.004269
"1385_1",0.003783
"1354_4",0.006150
"4674_7",0.997700
"3515_4",0.039972
"10426_8",0.996715
"10226_3",0.018999
"10391_4",0.041241
"9968_1",0.003222
"2893_3",0.006153
"2546_9",0.920104
"37_1",0.003271
"1757_10",0.998066
"1569_8",0.997193
"1466_3",0.006005
"7783_1",0.002675
"9506_10",0.997711
"10835_3",0.004735
"2917_9",0.995664
"2495_7",0.997784
"1686_10",0.997745
"2414_7",0.269481
"5318_8",0.997865
"8858_8",0.994630
"8112_1",0.003060
"6532_2",0.008918
"2526_10",0.997482
"11089_7",0.997401
"4297_8",0.997683
"3179_9",0.997762
"5832_10",0.997883
"10539_8",0.913913
"9226_10",0.995261
"9878_1",0.035895
"7940_10",0.997840
"7195_10",0.996704
"2979_1",0.003708
"3597_10",0.997884
"2931_8",0.049937
"8571_10",0.964385
"12148_1",0.003226
"4047_2",0.002952
"6164_10",0.997982
"2214_8",0.997603
"5903_1",0.016249
"7931_9",0.997506
"1205_3",0.106356
"5983_10",0.997611
"10424_7",0.997194
"11032_7",0.981750
"1303_10",0.782901
"10390_1",0.003350
"8349_2",0.005281
"3605_8",0.996913
"12273_1",0.006537
"60_1",0.005422
"3879_9",0.988523
"12431_4",0.072718
"4499_2",0.006912
"5786_10",0.090829
"5521_4",0.969899
"793_8",0.194496
"7948_3",0.011357
"9022_2",0.003809
"11071_1",0.003646
"4991_3",0.991847
"8226_1",0.006113
"8762_3",0.006234
"6918_4",0.072075
"844_10",0.997250
"11503_8",0.996781
"7406_8",0.997485
"7743_1",0.005233
"514_3",0.006703
"10927_9",0.996773
"3731_7",0.997677
"8870_4",0.267542
"11099_10",0.997516
"8456_10",0.621969
"10944_7",0.955337
"7168_3",0.005283
"3378_10",0.992060
"8203_3",0.008330
"5676_1",0.010265
"5061_9",0.997630
"6238_8",0.967954
"1136_8",0.970928
"6234_3",0.004715
"9510_3",0.994395
"9632_7",0.991711
"4357_1",0.881115
"1176_9",0.997696
"10821_8",0.997898
"4143_4",0.904269
"5074_8",0.047121
"11673_1",0.004458
"11072_2",0.006392
"1816_4",0.955071
"3974_7",0.801157
"796_4",0.981813
"8540_2",0.007820
"10959_8",0.997326
"4576_10",0.993220
"7030_1",0.011092
"3340_10",0.997711
"3223_3",0.004739
"3030_1",0.032691
"4194_1",0.005101
"11322_1",0.004018
"1785_1",0.003501
"7109_2",0.005803
"4120_1",0.006298
"3024_7",0.994016
"589_2",0.003140
"2480_10",0.995526
"4878_1",0.024757
"571_1",0.898792
"12156_8",0.938354
"7547_9",0.995249
"6577_10",0.997134
"7101_3",0.455179
"1731_3",0.053830
"10424_1",0.005252
"9056_10",0.997892
"11959_3",0.825449
"6952_4",0.006486
"8709_10",0.927259
"4716_10",0.997497
"2393_10",0.997878
"4007_7",0.164807
"1196_2",0.113166
"8483_1",0.007426
"1840_3",0.009393
"6108_1",0.003531
"4621_8",0.994460
"11332_4",0.994071
"8800_10",0.996987
"886_7",0.997783
"6495_8",0.080725
"6193_10",0.997649
"10297_1",0.003529
"4233_1",0.006227
"3121_10",0.997576
"1681_10",0.992550
"5789_1",0.004094
"6446_10",0.997798
"479_9",0.997659
"6401_1",0.004076
"7602_1",0.003135
"10792_1",0.005939
"11436_9",0.997819
"6944_1",0.005711
"6275_9",0.031106
"7314_10",0.997834
"8887_9",0.997684
"1835_8",0.997314
"8403_7",0.997607
"2090_1",0.010375
"12310_1",0.007978
"9795_9",0.997818
"4260_1",0.002912
"3214_4",0.005530
"10974_8",0.997634
"3374_10",0.987025
"2251_2",0.003724
"2325_7",0.997557
"28_9",0.997792
"1758_2",0.015832
"1222_8",0.995979
"1229_4",0.006166
"9791_2",0.116910
"3433_4",0.010336
"10847_10",0.997860
"5020_2",0.003391
"9652_3",0.004877
"1739_10",0.997243
"10441_4",0.093764
"9002_7",0.997269
"4304_8",0.997426
"290_9",0.997606
"1339_8",0.996271
"10899_1",0.011771
"8723_8",0.992950
"12487_7",0.985629
"10384_7",0.585231
"4673_4",0.004460
"11679_1",0.004675
"3938_2",0.026654
"2253_10",0.997903
"198_7",0.997535
"3346_3",0.075404
"11543_3",0.004153
"8463_1",0.009297
"1297_2",0.003342
"4689_1",0.003031
"4681_1",0.003424
"961_8",0.997731
"9865_2",0.004903
"770_3",0.021380
"10495_2",0.012182
"6302_8",0.997450
"6232_4",0.007407
"10098_1",0.005503
"8905_2",0.003804
"8853_10",0.997416
"6081_10",0.997764
"12_4",0.013360
"1291_7",0.045193
"1679_1",0.035625
"996_7",0.976411
"3343_10",0.997081
"6083_10",0.997951
"98_9",0.872540
"962_4",0.217366
"4857_8",0.985946
"12394_7",0.953002
"1321_10",0.997593
"8994_10",0.997617
"7788_1",0.005757
"9708_8",0.970905
"9523_1",0.003990
"11785_4",0.003973
"5440_1",0.008110
"1091_7",0.995191
"11584_10",0.950546
"5369_3",0.029690
"3165_10",0.993821
"3686_10",0.997950
"7069_10",0.026813
"427_3",0.004365
"895_8",0.990631
"4565_8",0.818958
"5139_9",0.996565
"5027_1",0.004421
"503_9",0.997001
"7630_1",0.006763
"8552_1",0.009433
"4322_3",0.009444
"3492_3",0.181932
"5301_4",0.003877
"752_4",0.004707
"4307_2",0.004034
"4901_10",0.997357
"233_2",0.006084
"10789_8",0.997847
"270_8",0.997694
"11442_1",0.005202
"3688_7",0.987802
"9928_7",0.997259
"6563_8",0.531232
"3437_7",0.984881
"10495_8",0.997646
"8775_10",0.997846
"12172_3",0.008765
"10085_10",0.997717
"8394_9",0.996639
"2607_10",0.996091
"6645_10",0.997635
"301_10",0.997871
"2153_10",0.997809
"1967_3",0.007532
"9604_10",0.997162
"10665_10",0.992893
"5409_1",0.003670
"6707_10",0.997742
"3847_7",0.987320
"9261_10",0.997599
"3772_1",0.004022
"8950_1",0.004386
"6591_2",0.014905
"2765_9",0.996361
"4166_10",0.997537
"11418_3",0.006391
"7137_3",0.006135
"3710_2",0.004073
"1153_4",0.018445
"4155_8",0.984309
"9221_10",0.997229
"8917_10",0.997755
"6066_4",0.243108
"5366_10",0.997871
"2520_9",0.997411
"11677_2",0.003469
"4032_2",0.003633
"4041_2",0.002840
"474_4",0.004899
"6392_2",0.007601
"6545_10",0.997428
"5009_10",0.995727
"3060_10",0.995373
"11033_10",0.997545
"297_10",0.997832
"9099_1",0.004507
"10496_10",0.894628
"5619_3",0.671142
"4226_1",0.008979
"10483_8",0.997629
"1966_9",0.997523
"4024_2",0.003946
"6448_9",0.997968
"4252_1",0.004054
"250_10",0.997764
"10753_3",0.007457
"1005_7",0.964437
"4415_9",0.996797
"240_4",0.978999
"108_10",0.972460
"1393_1",0.756626
"4236_2",0.528328
"9208_2",0.936778
"7156_10",0.996741
"6490_1",0.003968
"3518_3",0.002855
"10308_1",0.003492
"8706_2",0.004984
"8674_10",0.997676
"8240_10",0.997856
"11890_10",0.996820
"976_3",0.010905
"5025_8",0.997565
"10206_8",0.997490
"11921_3",0.006237
"8344_7",0.881600
"295_8",0.928501
"2121_1",0.017175
"6978_8",0.997912
"707_3",0.544632
"751_1",0.003359
"1931_10",0.997914
"7197_10",0.994812
"11032_3",0.004798
"416_10",0.138030
"1384_2",0.011240
"4114_2",0.006247
"9450_10",0.997799
"6877_7",0.990418
"5092_9",0.997568
"3402_9",0.942629
"9517_10",0.997089
"8566_2",0.004346
"4493_1",0.018647
"842_1",0.008152
"4926_1",0.994259
"3398_9",0.996541
"8857_10",0.916056
"3696_9",0.997540
"1952_1",0.008140
"5516_3",0.004765
"3297_10",0.996176
"8396_2",0.005835
"1928_4",0.019617
"7216_10",0.997647
"1648_3",0.009722
"9312_8",0.994633
"4392_2",0.004145
"4740_9",0.022544
"2985_4",0.003959
"6407_10",0.993392
"4015_1",0.006485
"911_10",0.997794
"7898_1",0.003770
"5241_10",0.997639
"4955_4",0.256045
"4199_1",0.040746
"8319_4",0.989310
"6340_1",0.005273
"2003_1",0.004073
"11213_3",0.805892
"5109_4",0.005316
"9400_1",0.007773
"10719_7",0.996817
"6848_8",0.997612
"11398_1",0.007869
"2606_7",0.033463
"5646_1",0.013145
"4103_10",0.876736
"8906_9",0.997734
"6997_10",0.997356
"9990_1",0.008045
"6573_1",0.004900
"8530_10",0.513911
"8382_9",0.997220
"4207_2",0.887356
"8794_10",0.997619
"917_9",0.997241
"10739_9",0.997703
"4286_1",0.004446
"1763_1",0.004344
"5173_10",0.996042
"1764_1",0.004615
"3614_3",0.955491
"3880_10",0.995926
"4059_1",0.003475
"8786_8",0.017704
"9553_2",0.007746
"10599_8",0.023082
"1048_4",0.021749
"8136_7",0.046414
"8715_8",0.997875
"7667_7",0.798571
"5647_2",0.004473
"6267_1",0.004356
"12444_10",0.950760
"7390_10",0.994170
"7260_7",0.996876
"6170_10",0.997757
"2181_2",0.003347
"6196_7",0.997532
"12058_9",0.988722
"8915_7",0.996176
"6816_10",0.997895
"730_9",0.997877
"5808_10",0.997917
"6256_2",0.005784
"5157_4",0.028797
"7970_10",0.997688
"6991_7",0.997686
"7112_4",0.016019
"12136_4",0.046364
"1554_8",0.997654
"8289_4",0.761920
"12452_8",0.997727
"6181_8",0.991589
"6237_8",0.997679
"9724_10",0.995885
"7991_1",0.003454
"8185_4",0.005013
"12162_1",0.004359
"8330_9",0.990406
"84_3",0.003584
"4879_4",0.004372
"1173_7",0.997424
"11095_2",0.003537
"9934_8",0.997760
"10791_9",0.996693
"5260_10",0.996877
"3123_3",0.012390
"7500_1",0.017662
"9472_8",0.997292
"6349_9",0.996884
"8706_8",0.997518
"12385_4",0.008147
"12409_4",0.004519
"809_10",0.997935
"11380_2",0.009063
"4975_8",0.997908
"5069_3",0.010295
"8132_7",0.997840
"5628_10",0.997950
"12329_8",0.887992
"8217_3",0.006023
"251_2",0.978407
"2901_7",0.996751
"4588_1",0.004854
"2647_10",0.971127
"6020_9",0.997870
"7171_3",0.012625
"5880_10",0.997558
"4842_9",0.997623
"10657_10",0.997744
"11858_7",0.996955
"4656_4",0.011132
"9293_10",0.996800
"10702_10",0.997712
"6277_10",0.997671
"7223_10",0.987250
"11150_8",0.997637
"4768_9",0.997311
"5703_8",0.993383
"9249_9",0.997704
"12051_10",0.997755
"5740_4",0.011645
"4882_3",0.022341
"11575_10",0.920577
"385_1",0.006782
"1569_3",0.004571
"7449_1",0.003608
"1977_4",0.003666
"6134_7",0.996983
"2384_8",0.997631
"2437_10",0.996915
"643_7",0.975133
"7334_10",0.997948
"12228_9",0.997824
"8579_2",0.003353
"4093_4",0.004608
"233_8",0.997187
"11852_7",0.997705
"11027_4",0.052990
"5409_7",0.996673
"9332_10",0.997379
"6530_9",0.997658
"7815_1",0.003379
"8317_10",0.997463
"5382_9",0.997976
"3183_3",0.167181
"4997_8",0.022605
"11553_7",0.997460
"718_3",0.003871
"7128_9",0.997529
"11977_1",0.004062
"10820_3",0.011812
"3539_9",0.997161
"2386_1",0.002977
"9837_4",0.893952
"2941_1",0.003382
"6669_1",0.003870
"10927_1",0.006363
"57_10",0.997866
"12252_2",0.093665
"8926_3",0.962089
"3044_2",0.020107
"9758_10",0.997879
"4584_10",0.996669
"1467_1",0.004244
"7846_9",0.987583
"1982_8",0.996691
"5705_1",0.004981
"9754_7",0.988077
"9594_1",0.003398
"7405_10",0.997620
"8469_2",0.894363
"3713_10",0.997885
"3381_10",0.995845
"1913_10",0.176122
"9423_8",0.996599
"115_9",0.993143
"9784_10",0.995895
"1148_4",0.004479
"2911_10",0.997822
"11328_9",0.997683
"5087_1",0.003945
"3983_10",0.991832
"5216_1",0.009774
"7961_10",0.997679
"10134_7",0.997490
"9379_2",0.006252
"4715_1",0.003628
"6501_10",0.997853
"4146_4",0.003778
"12159_1",0.004552
"11661_10",0.996970
"7995_2",0.013564
"693_9",0.997622
"1411_10",0.998001
"7091_7",0.997784
"2576_1",0.006186
"8207_1",0.003991
"10877_10",0.997350
"5444_10",0.997788
"9409_1",0.004552
"10020_1",0.007501
"2349_8",0.996746
"4942_10",0.996240
"2839_1",0.004151
"9419_1",0.004071
"10661_1",0.004501
"5659_10",0.997614
"639_7",0.995695
"5946_7",0.932595
"7231_7",0.997669
"4220_4",0.975416
"3698_4",0.027162
"1060_2",0.010481
"2398_3",0.008349
"11073_3",0.011068
"8336_2",0.003695
"5975_3",0.234551
"4727_1",0.022207
"1596_8",0.997828
"5471_2",0.007160
"11204_10",0.303601
"8810_10",0.995810
"11125_3",0.015645
"9607_10",0.995479
"6517_3",0.004449
"10232_1",0.005883
"7708_10",0.997592
"1753_1",0.004542
"10946_7",0.991030
"668_4",0.009205
"3794_4",0.997781
"6867_1",0.667210
"9428_7",0.996019
"12366_9",0.997863
"12056_9",0.996901
"901_1",0.003802
"7714_8",0.997666
"6389_8",0.817034
"4148_7",0.996613
"5062_1",0.004592
"6835_1",0.010913
"2901_3",0.030854
"4724_10",0.997820
"764_2",0.005818
"6729_1",0.003041
"8284_4",0.004987
"11928_1",0.953655
"386_1",0.003405
"35_9",0.997814
"4458_4",0.012049
"9627_2",0.033275
"8112_9",0.997345
"6026_8",0.996950
"12188_3",0.087772
"3477_3",0.021371
"12242_8",0.981033
"11594_4",0.916634
"11360_10",0.997659
"10299_1",0.003137
"3829_10",0.997519
"8324_2",0.004220
"1285_9",0.997750
"11370_10",0.997916
"8051_4",0.846002
"4420_10",0.997836
"3843_7",0.994301
"10520_2",0.004266
"12146_8",0.997873
"1502_10",0.990911
"6227_4",0.003040
"3191_10",0.996808
"4569_2",0.006158
"7647_8",0.987766
"6372_9",0.997759
"2105_2",0.033188
"4180_1",0.135706
"11212_10",0.997320
"1811_9",0.997761
"2868_3",0.004798
"3773_3",0.007699
"8386_1",0.005776
"1072_8",0.984390
"10588_1",0.019528
"8858_1",0.003051
"10831_1",0.007816
"11926_8",0.997779
"11521_10",0.997930
"4037_10",0.997586
"5119_7",0.962738
"11438_9",0.997980
"8275_2",0.004556
"4879_8",0.997745
"4520_10",0.997953
"2510_7",0.995263
"510_2",0.003578
"1283_1",0.003390
"3733_8",0.997291
"7708_1",0.004070
"12219_1",0.004766
"11654_4",0.042183
"3229_7",0.996815
"3579_8",0.997511
"1534_4",0.012670
"7498_10",0.997662
"11392_10",0.876863
"2949_1",0.006178
"407_7",0.987654
"12388_3",0.005927
"7779_3",0.005698
"12409_10",0.997770
"199_8",0.997484
"9330_1",0.005709
"6196_2",0.893281
"1576_2",0.004328
"12123_4",0.013367
"871_1",0.004959
"867_9",0.997676
"12186_1",0.003921
"11357_1",0.004131
"9327_4",0.006578
"3092_8",0.344818
"6097_1",0.006176
"4170_4",0.004619
"3724_3",0.021529
"4219_1",0.013659
"12233_10",0.997733
"12050_9",0.981564
"124_10",0.997679
"9521_9",0.997494
"7991_10",0.997723
"12284_1",0.008588
"8452_10",0.997846
"986_3",0.005260
"8504_8",0.849114
"9427_7",0.997483
"2359_3",0.022937
"7026_10",0.997566
"8726_8",0.972946
"4971_1",0.004707
"2990_1",0.009644
"5285_2",0.026641
"9953_10",0.971160
"2170_8",0.996763
"10963_8",0.967368
"9176_8",0.997637
"9639_7",0.997555
"1781_1",0.004340
"1293_10",0.997806
"10225_10",0.997207
"3821_1",0.014927
"1206_10",0.997911
"5513_1",0.034623
"12475_2",0.034984
"11508_9",0.997599
"6358_4",0.997086
"9646_1",0.004841
"7957_9",0.995280
"5183_9",0.996070
"8322_10",0.930310
"4171_1",0.951953
"6498_2",0.004514
"11893_1",0.055948
"8209_10",0.997512
"4866_3",0.012362
"1077_3",0.005688
"10916_7",0.983477
"6027_4",0.011980
"9308_7",0.997071
"7130_1",0.003616
"3326_4",0.008813
"6680_3",0.134074
"1707_8",0.029154
"5106_1",0.003694
"1408_10",0.997893
"6773_8",0.997955
"940_3",0.004752
"10890_10",0.996429
"3678_10",0.997877
"6871_9",0.995300
"10196_8",0.997120
"12369_1",0.007360
"4070_10",0.997667
"11755_7",0.997407
"9095_3",0.003707
"10863_1",0.004598
"7109_7",0.988944
"1844_3",0.004781
"8228_2",0.004886
"9631_4",0.007231
"3920_4",0.008763
"19_1",0.003884
"3929_2",0.003839
"1506_2",0.003715
"6877_3",0.857791
"12154_7",0.010748
"6572_3",0.006751
"1557_2",0.005495
"11836_7",0.064345
"9380_9",0.995019
"11725_4",0.007453
"6317_9",0.997591
"5022_1",0.059299
"132_1",0.003456
"9303_8",0.492317
"4739_10",0.993451
"11228_10",0.997916
"7913_1",0.981036
"1304_3",0.007408
"2725_10",0.997719
"8484_2",0.004014
"1866_9",0.997851
"12446_9",0.997252
"11406_1",0.003461
"7056_4",0.656209
"8615_10",0.997088
"12284_10",0.531577
"3279_9",0.997747
"9243_1",0.008727
"11_8",0.697029
"427_10",0.997215
"5446_7",0.536712
"846_7",0.014717
"2545_4",0.954861
"8635_10",0.997709
"4410_8",0.997827
"875_10",0.997698
"392_2",0.004647
"8819_3",0.004394
"12202_1",0.006394
"1370_4",0.996624
"340_2",0.005356
"179_1",0.004732
"11332_8",0.995706
"10396_4",0.010876
"8321_1",0.004367
"6384_3",0.007046
"5951_9",0.997594
"8137_1",0.005280
"12009_10",0.997164
"2103_8",0.997061
"11153_2",0.004098
"4945_10",0.995528
"3193_3",0.006233
"921_9",0.997625
"10446_10",0.994604
"9961_9",0.997737
"11420_4",0.020292
"6954_2",0.004068
"8430_2",0.056356
"6749_3",0.801907
"5997_7",0.993134
"7611_7",0.040340
"6292_8",0.997664
"11314_1",0.003266
"5143_2",0.007907
"9517_2",0.006702
"8259_2",0.004177
"5114_8",0.997823
"3574_9",0.997675
"11464_3",0.004001
"11457_10",0.997290
"2496_3",0.774556
"6795_1",0.024504
"1904_2",0.005962
"11524_2",0.004034
"8223_1",0.008130
"5566_3",0.003259
"3550_7",0.040080
"6059_10",0.997226
"4580_10",0.996988
"177_1",0.005714
"8790_8",0.954678
"7784_1",0.003869
"11892_1",0.092508
"6235_10",0.812426
"6493_4",0.004583
"764_8",0.997740
"4052_7",0.431494
"1663_1",0.005551
"10437_1",0.014147
"1009_3",0.011833
"11664_4",0.005646
"8909_10",0.993407
"9200_3",0.997738
"7919_9",0.997698
"8603_1",0.004673
"6976_2",0.995252
"4261_1",0.012809
"6636_1",0.004004
"10707_9",0.997689
"1155_7",0.997961
"7050_4",0.021311
"1360_3",0.008165
"8176_7",0.997129
"3301_8",0.995502
"6684_3",0.007584
"2742_3",0.006623
"7159_4",0.004064
"8944_3",0.007202
"2077_4",0.005933
"7145_10",0.996735
"6216_7",0.994552
"8606_9",0.996958
"10608_10",0.995974
"8441_4",0.037872
"1782_8",0.997662
"10939_8",0.995910
"2702_7",0.997769
"9210_1",0.003862
"9075_8",0.997828
"3412_3",0.057339
"2859_8",0.997778
"6326_4",0.017515
"94_2",0.009120
"3691_10",0.997623
"2679_9",0.995776
"1568_4",0.004359
"3540_9",0.996189
"3710_10",0.997721
"5691_1",0.026241
"9699_10",0.350263
"9207_4",0.017709
"286_1",0.052153
"10891_1",0.003555
"6177_8",0.997022
"9817_2",0.004155
"8871_9",0.221748
"290_1",0.004098
"8388_9",0.996838
"9195_7",0.997799
"1164_9",0.997696
"2332_8",0.995954
"5406_7",0.992431
"2476_3",0.004768
"11381_3",0.004865
"6518_10",0.997048
"3474_1",0.006652
"603_8",0.997583
"5448_4",0.004780
"3624_8",0.997735
"11569_1",0.005648
"9353_8",0.997956
"3119_2",0.013297
"382_4",0.025133
"8569_8",0.976772
"2312_10",0.997839
"7531_1",0.004521
"7150_4",0.008730
"5496_8",0.997648
"1979_1",0.009144
"4158_2",0.008045
"4790_7",0.968561
"11971_1",0.005455
"197_10",0.997479
"3453_8",0.996192
"915_4",0.016365
"6991_2",0.901195
"7524_9",0.997406
"7474_4",0.505016
"284_2",0.010564
"12483_7",0.997569
"1141_10",0.990628
"7739_1",0.004626
"6488_3",0.037897
"3117_1",0.013244
"6224_8",0.978587
"9737_4",0.017081
"2399_10",0.997728
"1044_8",0.997737
"1153_8",0.997520
"11664_9",0.997880
"10015_4",0.984734
"7622_1",0.011558
"8743_10",0.997814
"356_3",0.008868
"838_7",0.852622
"4922_10",0.997633
"3623_10",0.997645
"9424_1",0.003882
"8473_4",0.890823
"9996_10",0.997837
"11242_2",0.996009
"11889_10",0.997712
"11131_10",0.997875
"386_10",0.996663
"6534_8",0.997758
"11420_7",0.008442
"3119_9",0.997739
"2708_2",0.003923
"2817_10",0.691970
"9425_7",0.997997
"11019_2",0.014895
"1747_1",0.661426
"4493_9",0.993916
"4728_1",0.005127
"6856_2",0.003955
"10273_1",0.004375
"4822_8",0.987086
"10475_10",0.986131
"2678_3",0.011935
"9979_8",0.997760
"8090_1",0.006408
"10022_4",0.004567
"5137_1",0.011777
"6787_10",0.997898
"4027_9",0.997750
"208_10",0.994071
"569_7",0.997523
"761_10",0.997621
"2603_9",0.696916
"11692_9",0.900468
"4374_2",0.003732
"5581_10",0.997497
"10601_1",0.715638
"637_3",0.006728
"10238_2",0.979448
"6717_1",0.003017
"9145_10",0.992796
"1047_4",0.996277
"6173_1",0.002836
"985_10",0.997141
"4964_1",0.003498
"7104_1",0.003264
"6293_3",0.990338
"9060_3",0.008179
"1894_4",0.018645
"4650_10",0.997923
"12475_8",0.996498
"7563_9",0.997652
"10996_9",0.997334
"8315_4",0.083237
"710_3",0.011078
"3856_7",0.997692
"10613_8",0.997288
"12141_9",0.992690
"4666_1",0.003270
"292_3",0.050737
"3316_7",0.997454
"10482_4",0.006116
"9703_1",0.097713
"6905_9",0.997572
"9138_10",0.997690
"10417_2",0.996546
"7977_1",0.003935
"9350_8",0.986600
"4514_10",0.997911
"3964_4",0.991068
"6014_4",0.986956
"10198_2",0.008112
"9059_1",0.004884
"11254_10",0.997482
"2032_7",0.997577
"6895_7",0.024253
"6921_2",0.096129
"9174_8",0.997656
"367_8",0.995831
"11410_7",0.005792
"9387_7",0.115071
"2227_10",0.996955
"334_2",0.002737
"334_9",0.997401
"10893_8",0.996110
"9414_10",0.434004
"9725_1",0.004799
"10779_9",0.997354
"8654_8",0.926815
"9032_7",0.997771
"9775_4",0.065997
"7687_1",0.004920
"12206_4",0.003842
"7720_8",0.997628
"6774_9",0.996133
"12469_1",0.013434
"7249_2",0.006366
"5146_3",0.005967
"8629_7",0.981655
"5292_3",0.996876
"8937_7",0.997837
"9221_4",0.994995
"3203_8",0.997935
"6964_2",0.987248
"6120_8",0.978717
"6962_9",0.997430
"4139_1",0.004583
"3957_4",0.004692
"9305_3",0.035613
"6863_1",0.004048
"2164_4",0.083899
"12378_7",0.005468
"10834_10",0.997496
"633_10",0.996897
"10071_8",0.997666
"8167_1",0.033252
"4232_9",0.996486
"6710_8",0.569862
"6055_1",0.005677
"8169_8",0.997618
"10291_9",0.997622
"8149_10",0.997661
"2499_10",0.996600
"4370_2",0.004231
"4031_1",0.004321
"11372_3",0.007731
"9619_1",0.937327
"8822_4",0.094607
"7096_10",0.997797
"7009_10",0.997657
"2442_10",0.997825
"442_10",0.997572
"4783_1",0.013237
"11837_9",0.940248
"5214_8",0.997874
"134_8",0.997439
"10948_1",0.003653
"3011_7",0.997781
"4339_4",0.890849
"9638_3",0.017284
"7186_7",0.997661
"7702_2",0.003779
"6586_8",0.997757
"2420_8",0.997331
"1911_8",0.765368
"4707_4",0.025537
"3954_10",0.996348
"12071_3",0.079477
"10010_9",0.997809
"8844_2",0.007381
"12312_1",0.008821
"4874_1",0.006898
"7270_7",0.993670
"3497_1",0.003928
"9928_3",0.082399
"11109_1",0.005400
"9016_8",0.996370
"1125_10",0.995769
"9695_8",0.990980
"5756_9",0.029862
"11452_2",0.003882
"8488_4",0.009778
"9825_2",0.011987
"7054_7",0.996459
"4359_10",0.997485
"11411_8",0.996117
"9618_8",0.994394
"12226_4",0.167976
"7752_10",0.997679
"9274_3",0.822560
"12069_10",0.997661
"4591_2",0.004037
"6065_8",0.815358
"2344_10",0.996450
"10299_10",0.997657
"8934_9",0.997421
"5041_8",0.997806
"3885_7",0.319902
"3994_8",0.997471
"11907_9",0.997372
"10181_10",0.996811
"2714_9",0.971461
"1571_8",0.997788
"6621_4",0.018493
"1062_2",0.249931
"379_10",0.997890
"62_8",0.996895
"1926_8",0.997688
"3428_7",0.996571
"2175_8",0.997799
"2006_10",0.996218
"8633_7",0.970810
"12158_2",0.003562
"11572_8",0.997350
"8859_10",0.997537
"10919_2",0.005994
"4131_3",0.793888
"6893_1",0.008370
"9217_1",0.003032
"1893_2",0.006319
"1719_2",0.003881
"5107_4",0.017201
"2284_3",0.011524
"1430_10",0.997327
"5207_10",0.982076
"2800_8",0.996570
"7550_1",0.956149
"9035_9",0.994868
"11548_10",0.997717
"6037_4",0.718263
"518_4",0.026119
"12237_2",0.004615
"10266_7",0.991705
"12032_1",0.004879
"2494_4",0.003975
"8062_3",0.991040
"4665_1",0.003833
"6082_8",0.997860
"7225_4",0.007789
"9080_1",0.003948
"9606_4",0.013100
"494_2",0.004325
"6274_10",0.997597
"4170_9",0.997062
"9218_10",0.993243
"10377_8",0.992704
"10597_10",0.997633
"958_4",0.051215
"9958_4",0.066639
"129_9",0.997718
"2804_9",0.997534
"8935_1",0.003847
"12229_3",0.005729
"5048_4",0.008135
"6509_4",0.007230
"1812_8",0.997984
"5695_1",0.019136
"2021_10",0.997884
"9892_2",0.080612
"9239_10",0.997364
"5398_2",0.005721
"4458_7",0.996469
"11730_8",0.996901
"9853_1",0.002947
"2258_10",0.997927
"9345_10",0.997821
"64_3",0.006768
"10423_9",0.997317
"2220_9",0.978592
"192_10",0.997829
"12143_9",0.995923
"2113_7",0.997266
"5294_10",0.997769
"7025_9",0.997880
"6300_3",0.009695
"8043_2",0.003755
"6628_1",0.018201
"12138_3",0.993262
"1333_7",0.133905
"10515_3",0.004411
"11949_9",0.997765
"2854_1",0.003790
"142_8",0.996971
"3706_1",0.003014
"6149_10",0.913178
"8429_3",0.007197
"6151_10",0.997884
"4861_8",0.963912
"8764_9",0.936376
"540_1",0.011166
"10693_1",0.003958
"2346_4",0.361904
"1532_4",0.006586
"1099_2",0.005712
"3818_10",0.983014
"2617_10",0.941353
"1709_1",0.003925
"4649_10",0.997481
"4085_10",0.997586
"4478_9",0.997495
"1032_10",0.995228
"3642_7",0.008181
"5656_8",0.997326
"11916_3",0.061821
"6672_10",0.994926
"4225_7",0.992853
"996_3",0.014890
"7421_10",0.997319
"9431_7",0.992703
"11121_9",0.997814
"5054_8",0.997196
"9187_8",0.983158
"9096_7",0.995825
"10318_8",0.996631
"5348_2",0.007716
"6666_8",0.997697
"6648_9",0.132729
"1405_10",0.997971
"8981_4",0.997087
"10248_9",0.997377
"4101_8",0.997763
"3076_4",0.164124
"1598_1",0.005240
"8430_10",0.997273
"9999_1",0.095127
"805_1",0.003979
"7821_7",0.997234
"10849_10",0.997896
"8400_7",0.996521
"4807_4",0.014414
"8353_4",0.625766
"10445_10",0.995371
"7058_2",0.010623
"9715_2",0.016720
"10934_3",0.004681
"8215_10",0.997635
"7268_10",0.997590
"5521_8",0.958801
"8565_1",0.008080
"8197_3",0.003490
"12004_9",0.995746
"10257_3",0.076912
"6260_2",0.004498
"10481_9",0.997886
"7598_2",0.003685
"8106_10",0.993697
"8049_3",0.018132
"7124_2",0.009189
"3858_1",0.006290
"1445_9",0.262912
"6346_1",0.005990
"678_7",0.809825
"10247_1",0.075142
"1287_8",0.997050
"11873_1",0.004645
"7198_1",0.004298
"3237_7",0.923951
"2029_8",0.997796
"26_10",0.998000
"9153_1",0.004574
"12004_2",0.035032
"4105_10",0.997899
"1168_10",0.997872
"5312_4",0.938402
"2907_1",0.005411
"7247_9",0.994646
"107_10",0.997925
"412_2",0.153302
"2078_4",0.903273
"7997_9",0.077075
"12397_10",0.995043
"10052_7",0.997906
"6559_7",0.136754
"12143_4",0.023679
"3496_7",0.997263
"3569_10",0.989306
"9270_10",0.908275
"2811_3",0.014060
"9673_7",0.007640
"325_1",0.005883
"11741_3",0.003736
"10562_7",0.972054
"5687_9",0.997032
"4601_4",0.003749
"5698_8",0.003645
"11257_4",0.015910
"4391_1",0.004065
"4703_10",0.997771
"12191_3",0.004613
"113_8",0.992059
"9831_1",0.004469
"7388_7",0.997842
"1661_10",0.997820
"3703_2",0.008345
"6077_2",0.177890
"935_4",0.910300
"7617_7",0.997782
"7387_3",0.015234
"7889_7",0.893621
"803_3",0.003593
"9557_9",0.997865
"4299_10",0.996970
"6785_3",0.011417
"5185_7",0.996610
"9590_1",0.709568
"10811_9",0.997580
"34_1",0.016173
"12221_2",0.007270
"6436_10",0.997819
"8299_2",0.010057
"7242_9",0.997782
"3247_10",0.368588
"8466_3",0.007662
"5784_9",0.994309
"794_7",0.997820
"4986_3",0.007574
"7786_7",0.997590
"9324_10",0.997350
"2095_9",0.997462
"10798_1",0.004168
"4193_1",0.007296
"12063_10",0.997700
"3976_7",0.995362
"8657_1",0.005660
"2850_4",0.023460
"4522_7",0.997626
"6028_1",0.567363
"6000_4",0.003245
"8712_1",0.034348
"3969_8",0.997697
"4245_4",0.061721
"3873_7",0.997205
"68_9",0.997833
"890_9",0.993548
"5922_1",0.004892
"2582_2",0.009137
"5704_4",0.006911
"9307_8",0.191234
"4114_8",0.997285
"5540_7",0.996669
"157_10",0.997543
"748_1",0.004538
"7045_1",0.005212
"9526_3",0.022238
"6519_2",0.004927
"11254_4",0.017085
"9498_1",0.003492
"7192_8",0.994257
"2388_1",0.004162
"12002_8",0.997132
"8394_1",0.004872
"10656_8",0.993445
"7261_9",0.997368
"10434_8",0.989962
"139_9",0.946081
"4538_1",0.004142
"4038_2",0.003018
"12228_4",0.028377
"3619_8",0.997846
"10411_3",0.012516
"7278_1",0.003205
"2304_3",0.004174
"5636_3",0.326865
"8833_9",0.997444
"504_1",0.074621
"12313_1",0.003545
"11161_1",0.005189
"72_4",0.086717
"4976_1",0.005844
"10018_8",0.801346
"12142_8",0.994888
"4821_8",0.995781
"9058_2",0.004690
"6347_1",0.003954
"3346_8",0.997573
"1481_10",0.997707
"10178_1",0.006238
"2851_8",0.997126
"12095_3",0.004848
"11978_3",0.038363
"7172_9",0.997587
"8450_1",0.002745
"7464_1",0.052045
"12327_1",0.179047
"5622_4",0.022045
"9170_3",0.004534
"10955_10",0.931573
"6161_2",0.011864
"11222_10",0.997847
"3844_7",0.997476
"11443_3",0.008313
"4004_7",0.797302
"11015_10",0.997421
"3860_1",0.003617
"11600_2",0.038520
"6849_8",0.997615
"1966_1",0.007085
"4828_8",0.995713
"675_8",0.190906
"9068_7",0.987493
"5924_8",0.998035
"10733_10",0.996759
"8369_7",0.997702
"5213_4",0.005988
"2558_4",0.010072
"47_10",0.997814
"2601_10",0.118763
"7360_9",0.997457
"1289_1",0.015063
"9875_4",0.864455
"2449_1",0.008921
"10020_8",0.997663
"6761_3",0.081671
"7544_10",0.997858
"4380_3",0.004766
"3946_10",0.997467
"6968_10",0.997123
"3006_2",0.005345
"11942_1",0.003405
"2715_9",0.997568
"6065_4",0.980972
"6866_1",0.762143
"6620_10",0.997698
"3177_1",0.005409
"4051_10",0.608976
"880_3",0.004450
"6504_1",0.006130
"12193_3",0.004763
"8570_3",0.004563
"8025_1",0.004045
"12316_1",0.004450
"10842_10",0.997821
"2066_10",0.997049
"4416_10",0.997741
"5327_1",0.005108
"3500_1",0.005553
"4072_7",0.996906
"5833_7",0.988469
"2989_8",0.995358
"1905_8",0.548949
"5421_1",0.006029
"1479_8",0.996360
"5092_1",0.003801
"4840_1",0.116896
"54_10",0.997751
"9203_9",0.702243
"3949_2",0.003808
"3615_1",0.004144
"8748_10",0.996623
"108_2",0.006441
"2280_4",0.955138
"6454_3",0.956739
"4071_1",0.006566
"2022_9",0.997712
"2600_1",0.003439
"2482_10",0.997192
"7347_9",0.997729
"7190_4",0.006051
"7174_7",0.043286
"5823_3",0.977800
"8051_10",0.954603
"7503_2",0.003568
"2341_1",0.005925
"516_9",0.996859
"8309_4",0.009502
"10789_4",0.043820
"11286_1",0.008004
"4770_1",0.006086
"7262_4",0.996556
"11636_9",0.991446
"2340_1",0.006731
"3407_3",0.004359
"2922_9",0.993238
"9708_2",0.063685
"2362_3",0.003926
"3729_8",0.997655
"2265_9",0.997864
"1439_1",0.003356
"8020_2",0.004764
"5581_2",0.955414
"6503_1",0.010267
"10101_9",0.958087
"7853_8",0.997677
"6229_1",0.004082
"1351_7",0.993499
"2764_10",0.996812
"4617_10",0.122848
"1265_2",0.004018
"11424_4",0.957547
"219_8",0.986113
"2241_10",0.997602
"8400_2",0.011637
"4399_1",0.003144
"9110_4",0.440185
"294_1",0.007132
"4646_4",0.006182
"8267_3",0.006367
"8829_4",0.978666
"3174_7",0.997891
"6557_4",0.003954
"8286_4",0.417643
"2611_8",0.989602
"3422_4",0.959842
"4632_4",0.924172
"6448_4",0.004377
"11485_3",0.044182
"8526_7",0.162493
"10172_9",0.996539
"5043_2",0.004479
"7865_1",0.005288
"6343_8",0.997530
"9225_9",0.997494
"2764_4",0.005458
"8446_10",0.051442
"3329_9",0.997771
"9142_8",0.997512
"9567_1",0.004981
"7933_8",0.996810
"5655_10",0.070860
"12076_10",0.997901
"6455_7",0.997617
"7202_10",0.997803
"7747_10",0.997831
"9072_10",0.995981
"11374_10",0.997750
"3032_9",0.991192
"3065_10",0.996733
"1216_10",0.995081
"732_8",0.995778
"7586_4",0.787034
"12012_10",0.989392
"5280_4",0.009425
"2687_4",0.238590
"7659_3",0.004144
"2813_4",0.211087
"6992_9",0.759812
"5468_10",0.997723
"10035_1",0.005302
"10283_10",0.996406
"5439_8",0.996672
"8930_2",0.709148
"8681_7",0.996867
"8521_1",0.002954
"4213_1",0.004390
"9751_1",0.003941
"935_10",0.997235
"5082_1",0.003782
"1802_1",0.003514
"11455_10",0.996783
"1794_9",0.990558
"3708_10",0.997807
"6174_8",0.994464
"2210_8",0.123150
"6259_7",0.952002
"12471_8",0.997706
"3260_10",0.996884
"4717_1",0.007356
"8673_2",0.006238
"6362_3",0.026370
"7986_1",0.002895
"10555_3",0.963340
"10468_2",0.006763
"5354_10",0.997860
"5760_2",0.004696
"1380_2",0.054276
"12054_9",0.997512
"3794_10",0.985728
"7842_1",0.004359
"2236_7",0.997410
"8449_1",0.005164
"9993_2",0.007842
"6947_1",0.004043
"11369_10",0.989923
"8186_4",0.005576
"7017_2",0.982409
"725_8",0.996792
"9298_8",0.995435
"1695_7",0.992432
"7762_1",0.005634
"3466_10",0.803893
"1794_4",0.003400
"3804_10",0.996718
"7642_3",0.003955
"9538_10",0.062072
"10107_2",0.002863
"4755_8",0.973849
"9679_1",0.005554
"11300_1",0.004981
"8747_3",0.005329
"4145_1",0.003575
"8066_7",0.988129
"6306_10",0.997416
"6021_10",0.997601
"4860_10",0.997667
"4608_2",0.003987
"2380_1",0.004315
"9709_8",0.997397
"8057_4",0.996076
"8624_1",0.006535
"6117_10",0.997493
"3641_9",0.881412
"8710_3",0.012236
"9158_10",0.997789
"1129_2",0.003852
"8320_4",0.120331
"10219_4",0.006308
"6625_1",0.014286
"1988_1",0.889491
"5032_1",0.112435
"1042_7",0.871047
"1895_4",0.004366
"10057_1",0.004858
"9898_10",0.997768
"3809_2",0.004173
"7994_2",0.019342
"2751_4",0.021744
"3102_1",0.003396
"12393_7",0.744151
"4521_7",0.722476
"11169_8",0.996998
"7227_4",0.996588
"4956_9",0.018845
"7592_9",0.994553
"656_7",0.996601
"11534_3",0.005809
"774_8",0.997872
"7756_1",0.007860
"2720_8",0.997260
"11227_10",0.997859
"10462_3",0.262363
"4041_10",0.997320
"7327_1",0.005106
"4056_8",0.997837
"11684_10",0.998025
"5544_8",0.997855
"3799_8",0.997545
"3593_10",0.997538
"4602_4",0.021526
"2123_2",0.003865
"9773_10",0.997706
"10956_4",0.022629
"5139_3",0.004303
"8804_10",0.997635
"1784_2",0.012305
"11022_1",0.004090
"9366_1",0.003812
"12113_7",0.986372
"2375_7",0.243603
"3911_10",0.997610
"10834_2",0.003958
"9319_1",0.004031
"3923_3",0.190481
"4630_10",0.997886
"2625_10",0.997068
"10159_7",0.997660
"2339_1",0.007205
"8577_3",0.004320
"4062_7",0.997472
"6677_2",0.003945
"7818_8",0.997769
"4939_2",0.015128
"6937_4",0.996004
"1286_1",0.004248
"878_2",0.004830
"2357_7",0.996580
"3397_3",0.992311
"11214_10",0.844826
"8045_1",0.004177
"2943_1",0.006867
"1518_10",0.997561
"2792_9",0.997917
"6437_7",0.979708
"8734_7",0.997476
"6165_2",0.010018
"11956_2",0.003184
"7021_1",0.861975
"3369_1",0.994109
"5829_2",0.003844
"11742_9",0.996194
"11370_1",0.008583
"1502_1",0.022795
"9933_1",0.002949
"4619_10",0.997420
"6842_1",0.965991
"2770_10",0.997125
"2343_4",0.006369
"3071_8",0.997668
"3046_8",0.996199
"8354_4",0.004419
"5632_10",0.997884
"3901_4",0.020081
"6950_10",0.997961
"2431_9",0.994893
"10614_9",0.997879
"41_4",0.439608
"5039_3",0.541253
"2827_1",0.003354
"2860_8",0.997730
"6868_9",0.997739
"4597_3",0.914373
"8795_10",0.640782
"11941_7",0.995323
"12442_1",0.004346
"9736_7",0.997211
"1102_9",0.991472
"4291_7",0.997779
"4523_1",0.006700
"5349_1",0.008491
"3363_7",0.952621
"11393_3",0.008190
"1647_1",0.004661
"6143_4",0.297570
"1863_1",0.003713
"10099_9",0.993490
"4163_8",0.996470
"9357_8",0.997649
"10941_10",0.997035
"6883_10",0.997281
"11090_4",0.281748
"3480_1",0.369245
"10795_1",0.982053
"5865_1",0.006261
"2484_8",0.839624
"3023_4",0.006383
"2818_2",0.004265
"719_7",0.037052
"5297_4",0.011471
"12194_10",0.997615
"2929_8",0.997381
"7911_2",0.004383
"10619_9",0.992725
"5192_9",0.997900
"2170_1",0.695679
"4659_10",0.995476
"8536_7",0.996912
"11119_1",0.005715
"7887_3",0.989023
"11742_1",0.375434
"5867_7",0.996189
"7538_7",0.993350
"1834_9",0.997630
"6499_8",0.011421
"2073_10",0.830819
"3881_10",0.997222
"802_7",0.994702
"1733_1",0.003979
"11527_1",0.006411
"4316_2",0.004238
"9812_1",0.118281
"8911_10",0.996548
"7687_10",0.997583
"4240_10",0.997776
"1778_1",0.008034
"11822_1",0.004051
"7820_1",0.002953
"235_4",0.311610
"8373_7",0.997409
"92_1",0.002876
"716_10",0.981065
"4028_7",0.997608
"5533_7",0.973868
"2605_9",0.997759
"6665_1",0.007549
"178_10",0.997572
"9886_2",0.682729
"11779_10",0.990028
"5124_4",0.009377
"1956_2",0.007471
"2933_1",0.005294
"8737_1",0.007561
"8755_9",0.997805
"5032_8",0.997878
"9246_10",0.997892
"9610_1",0.006693
"7011_2",0.006993
"1602_1",0.095957
"3367_1",0.003993
"2756_8",0.997769
"12042_9",0.997651
"2641_3",0.004563
"9202_10",0.997953
"1953_2",0.006401
"5303_1",0.004354
"975_7",0.997024
"2447_4",0.911137
"294_8",0.985862
"11643_7",0.996291
"8743_1",0.003561
"2661_4",0.009579
"8638_10",0.995874
"4793_10",0.997497
"7461_8",0.997007
"830_4",0.006201
"5770_7",0.989849
"1989_1",0.003771
"5514_3",0.005830
"5842_3",0.004033
"11813_1",0.003657
"7811_10",0.997096
"7707_4",0.016378
"1205_10",0.997885
"10326_10",0.994915
"4881_9",0.996548
"8244_10",0.997812
"7647_1",0.004304
"4376_10",0.997745
"6744_2",0.039631
"6769_7",0.997756
"494_10",0.985025
"6188_4",0.007580
"5859_1",0.003985
"6801_3",0.006493
"10990_8",0.997685
"6057_8",0.959668
"3017_1",0.018261
"7617_1",0.006528
"8340_7",0.929720
"746_7",0.066973
"9290_10",0.981554
"1525_10",0.997538
"11044_7",0.997873
"9367_10",0.997546
"5705_10",0.981094
"11375_10",0.997839
"11320_1",0.004509
"754_9",0.993879
"7040_10",0.997865
"10740_4",0.004165
"8839_10",0.997569
"11614_4",0.004135
"10867_9",0.997402
"12406_10",0.997596
"12081_10",0.997444
"8763_10",0.997858
"4103_1",0.003906
"5600_1",0.006038
"5345_2",0.004214
"10679_8",0.984184
"11709_1",0.005619
"6872_4",0.003703
"9096_3",0.977945
"3417_9",0.997322
"5154_3",0.936383
"6071_10",0.997020
"5685_9",0.997827
"7937_10",0.995867
"3628_1",0.003855
"7374_2",0.003726
"1862_8",0.011095
"6602_1",0.003434
"1401_10",0.997218
"12157_3",0.006145
"5636_8",0.997805
"2049_10",0.997623
"9402_8",0.996707
"12455_10",0.997713
"11062_2",0.015668
"9163_10",0.986824
"2879_7",0.381519
"2840_9",0.993732
"9893_8",0.997065
"11857_1",0.524683
"7776_10",0.997030
"10365_7",0.993907
"6186_7",0.992017
"7071_1",0.003335
"5132_1",0.005536
"8971_4",0.064400
"3415_1",0.003163
"3622_1",0.003806
"7446_10",0.997618
"4644_9",0.047309
"3923_10",0.997509
"3503_8",0.996706
"8685_7",0.504040
"1683_2",0.011279
"3417_4",0.006728
"10443_3",0.056553
"4620_3",0.108061
"5658_1",0.046554
"4185_1",0.004435
"3727_10",0.997591
"5334_1",0.004850
"7113_7",0.987981
"8713_1",0.003885
"2865_7",0.071373
"2956_4",0.006737
"2455_8",0.997349
"97_7",0.914639
"6789_10",0.997965
"8639_8",0.997015
"1563_8",0.994291
"3169_9",0.997503
"7627_10",0.903735
"1649_10",0.997749
"2287_10",0.997919
"9479_1",0.005059
"7705_1",0.004466
"10803_2",0.460223
"6076_9",0.995134
"4263_3",0.034437
"4726_10",0.997921
"11738_9",0.995892
"9250_9",0.997382
"2638_1",0.004139
"11357_7",0.962299
"12135_3",0.020057
"7296_10",0.997418
"10674_7",0.996753
"7674_9",0.997860
"5575_1",0.003268
"8120_7",0.997714
"1617_1",0.004727
"7090_3",0.007843
"3793_4",0.005725
"2658_10",0.985714
"9942_3",0.958766
"9520_9",0.997503
"10638_1",0.005207
"9066_10",0.997798
"3408_4",0.004508
"7526_1",0.040171
"10821_3",0.004049
"5887_10",0.995252
"12470_3",0.004555
"4033_8",0.989292
"1949_10",0.997361
"9859_4",0.014762
"11183_9",0.997667
"8533_4",0.005774
"10236_10",0.996475
"6111_3",0.043939
"5475_8",0.997373
"3342_3",0.012390
"8335_1",0.993534
"4812_9",0.997644
"2306_4",0.993427
"4596_7",0.030419
"10431_2",0.004786
"5077_9",0.979526
"1301_9",0.996771
"8979_9",0.997383
"4226_9",0.997627
"5544_3",0.011872
"7954_2",0.004864
"3935_4",0.014209
"7076_4",0.011554
"10208_10",0.997976
"3737_3",0.009702
"1689_8",0.960380
"6585_9",0.997834
"6096_3",0.016849
"11052_4",0.007098
"7783_10",0.996797
"5157_10",0.991385
"5465_10",0.996985
"11361_10",0.990118
"7560_3",0.905404
"9781_4",0.012791
"11681_10",0.997717
"6127_7",0.593860
"1799_9",0.991453
"10849_2",0.006644
"4274_7",0.985519
"15_10",0.991407
"11338_1",0.002788
"5750_2",0.005263
"9335_8",0.996929
"8359_7",0.996795
"9527_7",0.997986
"1336_1",0.004055
"9893_3",0.021128
"11229_9",0.997908
"5948_9",0.994642
"9733_4",0.018623
"6377_8",0.997217
"1427_10",0.997124
"9023_3",0.004980
"2151_2",0.004134
"1744_1",0.005200
"6367_10",0.997733
"9143_8",0.972887
"6176_8",0.997974
"11388_10",0.996939
"1493_10",0.997554
"6615_1",0.003438
"4654_2",0.007973
"599_9",0.996652
"7256_10",0.997686
"11993_1",0.018637
"992_7",0.997789
"8871_2",0.003328
"11483_1",0.003281
"3322_1",0.994518
"9827_4",0.029530
"8063_3",0.005441
"7397_3",0.008305
"3040_4",0.005312
"11682_2",0.020232
"8738_10",0.998017
"9905_4",0.005350
"6437_1",0.004042
"4319_9",0.997885
"5353_4",0.987386
"12207_9",0.924284
"6166_7",0.997320
"12243_4",0.006631
"1219_1",0.003322
"10292_10",0.997431
"10132_10",0.997806
"6898_10",0.997524
"8469_8",0.989258
"10393_1",0.962408
"7509_1",0.012200
"9468_9",0.995537
"9002_1",0.004092
"891_9",0.964232
"5156_4",0.805666
"2321_1",0.003355
"11859_8",0.996283
"12262_7",0.994459
"6198_4",0.549863
"5699_1",0.002729
"4252_10",0.009865
"10618_10",0.997861
"3226_10",0.997835
"7227_7",0.989608
"11047_7",0.997733
"9569_7",0.991319
"8933_4",0.997489
"4513_8",0.989067
"1271_9",0.997684
"6327_2",0.011716
"10012_9",0.981093
"10090_3",0.010288
"8564_1",0.005148
"10905_8",0.997759
"6828_2",0.004823
"1730_1",0.003833
"3404_3",0.003888
"12428_1",0.008400
"5180_1",0.006476
"10554_9",0.994399
"527_2",0.065256
"10296_8",0.997802
"543_4",0.060596
"10235_3",0.111721
"3743_4",0.009318
"8792_3",0.224744
"3597_1",0.010401
"12320_1",0.004192
"11672_8",0.997493
"7237_4",0.247885
"3726_7",0.811210
"6643_2",0.005167
"2743_10",0.998092
"10184_9",0.997784
"1929_1",0.022565
"666_7",0.189716
"4548_4",0.004373
"4153_4",0.004377
"7356_4",0.008728
"8843_10",0.997690
"7552_8",0.997878
"6494_8",0.997303
"3547_7",0.990127
"810_1",0.777159
"7672_9",0.997627
"4945_3",0.008993
"12427_8",0.996601
"749_7",0.997586
"10706_10",0.997697
"10969_1",0.002811
"340_9",0.997785
"2154_8",0.997775
"3715_1",0.003921
"2388_10",0.997593
"5905_2",0.071041
"3774_10",0.997024
"3070_1",0.006276
"4789_10",0.997912
"1509_2",0.004433
"2350_8",0.997591
"11137_1",0.003229
"10987_1",0.005616
"5815_1",0.992580
"7272_10",0.997781
"4651_10",0.997923
"4184_1",0.006008
"9636_10",0.997714
"8592_10",0.994607
"3068_3",0.007266
"8899_4",0.004807
"10018_1",0.003233
"5821_10",0.997826
"3232_4",0.008072
"10795_10",0.997435
"7461_3",0.004857
"10874_7",0.969465
"9672_10",0.997513
"1908_10",0.916675
"4014_9",0.035256
"10488_3",0.003583
"2501_7",0.996562
"12339_3",0.991275
"2698_10",0.997744
"1674_1",0.010410
"10366_8",0.006882
"12059_10",0.997769
"8285_4",0.021053
"4120_8",0.997512
"4238_7",0.997370
"10516_1",0.003974
"2478_9",0.996090
"7807_2",0.005118
"10704_1",0.004126
"791_4",0.013805
"2514_4",0.996943
"3095_10",0.984891
"1770_10",0.997903
"11115_2",0.900281
"10797_1",0.621403
"11347_1",0.005131
"7077_10",0.995905
"403_1",0.004817
"5852_7",0.107554
"8451_8",0.997962
"7013_1",0.003725
"10346_9",0.997580
"3055_7",0.994173
"4687_1",0.056718
"8467_10",0.998005
"11363_10",0.997783
"277_9",0.997773
"1715_2",0.113062
"9249_1",0.003212
"1895_10",0.122013
"5505_3",0.004023
"1323_9",0.997852
"4200_10",0.997688
"682_4",0.015970
"12020_4",0.005830
"5824_10",0.995617
"4475_10",0.997892
"891_1",0.496340
"2713_8",0.996208
"2084_9",0.986586
"1535_3",0.077115
"7862_8",0.997593
"8055_9",0.996473
"6604_7",0.987237
"7714_1",0.006965
"5606_7",0.996917
"7277_10",0.997866
"3197_1",0.002822
"406_7",0.106970
"6948_9",0.997665
"4196_8",0.109983
"1723_10",0.997438
"11625_4",0.010007
"1259_1",0.004067
"5283_10",0.997294
"8407_4",0.009160
"5561_8",0.997718
"7653_3",0.011756
"8646_1",0.003957
"8053_8",0.996209
"1879_7",0.979178
"1645_2",0.007774
"12222_7",0.049541
"3966_1",0.008964
"4754_1",0.005126
"8920_9",0.997499
"11920_9",0.997649
"4747_2",0.008248
"2108_8",0.959754
"9017_7",0.997297
"994_7",0.993342
"11155_10",0.993213
"6249_9",0.997493
"5926_9",0.997990
"12486_1",0.991272
"4918_8",0.995763
"1357_9",0.997214
"6051_2",0.019182
"4589_10",0.117595
"12401_4",0.007864
"4083_8",0.997801
"10373_10",0.997709
"7467_8",0.993459
"2220_1",0.003259
"6882_7",0.995123
"10551_10",0.997738
"4043_10",0.997759
"11078_8",0.977930
"4280_9",0.997883
"8594_10",0.997919
"10652_9",0.996972
"2206_10",0.997988
"9014_2",0.009685
"10215_4",0.008716
"3549_2",0.003630
"10445_1",0.004001
"10819_9",0.997433
"10691_1",0.007083
"3855_10",0.997863
"7809_2",0.032886
"3022_7",0.995813
"694_8",0.997362
"13_9",0.997844
"10972_10",0.997846
"9187_1",0.007405
"12354_3",0.355078
"4793_1",0.003692
"10696_1",0.026587
"12446_1",0.003342
"1488_10",0.997676
"904_10",0.005769
"11057_1",0.003666
"2132_8",0.984520
"1406_10",0.997903
"11366_3",0.009280
"9957_4",0.097746
"12096_1",0.002823
"3827_3",0.007248
"11686_2",0.003378
"4387_9",0.997710
"9955_9",0.140205
"12103_10",0.997895
"11506_10",0.997643
"793_1",0.968879
"8001_1",0.003445
"8823_4",0.021402
"1787_7",0.997256
"5484_10",0.997765
"3557_9",0.997204
"615_8",0.997205
"410_2",0.035956
"5800_2",0.007521
"3143_4",0.011946
"11359_2",0.003800
"7016_10",0.997690
"3711_2",0.004276
"8580_10",0.652339
"5615_9",0.997677
"9202_2",0.003825
"4776_2",0.016481
"8436_10",0.997806
"2097_8",0.989051
"6935_4",0.973612
"2656_1",0.006815
"11446_7",0.997098
"5392_4",0.007526
"6451_9",0.997868
"11054_8",0.997704
"8677_8",0.921599
"8761_3",0.145831
"9297_1",0.004160
"12480_2",0.007535
"11736_9",0.985784
"4156_8",0.997522
"1955_10",0.997882
"12350_1",0.082729
"5439_1",0.004828
"1342_10",0.997476
"7271_1",0.005501
"1868_4",0.934750
"4497_9",0.997308
"1729_10",0.997396
"4593_8",0.996142
"11296_7",0.997059
"9573_4",0.995516
"11678_2",0.011308
"6790_9",0.997487
"12298_2",0.005330
"9839_3",0.017079
"1348_1",0.004221
"7004_8",0.997435
"10414_10",0.997695
"3826_3",0.005620
"9313_4",0.959901
"10543_3",0.005090
"6909_9",0.996303
"11377_10",0.997864
"2591_9",0.997427
"11355_2",0.003010
"9274_8",0.991125
"4521_4",0.363779
"12208_9",0.997825
"4948_2",0.002711
"3732_1",0.004628
"12096_10",0.997857
"7135_3",0.034615
"10310_8",0.997033
"1959_1",0.003993
"10383_1",0.003003
"106_9",0.997231
"7085_7",0.996797
"11070_8",0.997780
"6850_10",0.997581
"12476_4",0.864777
"1917_10",0.997773
"1341_3",0.009507
"4062_1",0.005171
"5594_4",0.131570
"11963_1",0.039758
"2777_9",0.997223
"9871_7",0.916615
"949_8",0.045949
"7436_10",0.997743
"738_10",0.990174
"4893_1",0.007875
"6100_10",0.980738
"10219_9",0.997320
"4004_2",0.047649
"5945_10",0.997899
"10183_9",0.997715
"3465_10",0.997774
"4408_1",0.003243
"5810_7",0.993883
"188_3",0.030507
"7835_1",0.035162
"1648_9",0.989809
"7971_8",0.997678
"11809_1",0.004085
"5352_10",0.975078
"1476_8",0.996601
"602_10",0.997672
"9669_2",0.011700
"93_9",0.997568
"10787_10",0.954238
"10958_8",0.997284
"6608_1",0.006562
"7058_10",0.997871
"4401_10",0.994020
"9315_8",0.989596
"9670_3",0.017711
"10537_3",0.003326
"1033_2",0.006242
"12085_10",0.994239
"9373_7",0.997881
"8302_2",0.006114
"10138_2",0.010127
"6814_10",0.997916
"9778_1",0.003016
"5149_7",0.997480
"6191_3",0.960514
"7466_3",0.010903
"10051_2",0.004613
"5262_2",0.040934
"2906_1",0.004000
"8625_9",0.984767
"2118_4",0.040990
"11547_3",0.005181
"11384_7",0.997756
"123_10",0.997446
"11115_7",0.996692
"9348_10",0.997899
"568_9",0.503600
"7731_9",0.997905
"6548_8",0.938167
"9235_4",0.008242
"430_10",0.997731
"10790_1",0.003152
"10691_10",0.994196
"2324_9",0.997676
"11031_1",0.004582
"5465_4",0.077570
"5545_4",0.003719
"5546_10",0.997234
"9010_2",0.003378
"7205_10",0.997342
"7580_10",0.995883
"2052_3",0.007665
"6284_7",0.997442
"12001_3",0.004034
"3458_9",0.997816
"9013_2",0.008429
"5839_4",0.138012
"10809_10",0.997759
"3077_2",0.009504
"11373_3",0.003884
"7083_9",0.997677
"10846_10",0.997841
"11815_10",0.997821
"4730_1",0.005281
"3320_7",0.062365
"4782_10",0.997268
"3410_3",0.009341
"5142_10",0.997547
"3947_1",0.008544
"3016_8",0.273671
"12114_4",0.701525
"11039_8",0.996695
"5902_7",0.996185
"5351_8",0.996942
"1654_10",0.996835
"5731_4",0.014092
"10985_9",0.996778
"8724_1",0.004312
"9854_3",0.004574
"2054_1",0.002806
"11385_4",0.985384
"5919_4",0.004141
"9898_1",0.003974
"11874_8",0.995117
"4496_3",0.042130
"5231_1",0.004953
"10070_3",0.004420
"2345_8",0.997381
"9311_10",0.997878
"1036_10",0.997102
"6603_4",0.005502
"2138_9",0.989671
"10546_10",0.997317
"3217_10",0.997386
"12188_10",0.997779
"5986_2",0.885876
"352_10",0.997509
"8557_3",0.006853
"10453_10",0.997359
"4397_4",0.005307
"673_2",0.090027
"10305_10",0.997805
"11985_1",0.004520
"3457_1",0.017784
"500_1",0.003967
"10637_9",0.939289
"8144_10",0.997536
"8485_1",0.003604
"1632_7",0.994105
"2404_8",0.997586
"11489_10",0.997837
"7590_1",0.004247
"12460_2",0.161977
"11729_10",0.994848
"2796_7",0.996370
"8015_2",0.004302
"8258_4",0.003139
"2272_3",0.816359
"7178_10",0.997596
"8476_8",0.997894
"3411_4",0.010733
"8319_10",0.996839
"11799_10",0.997711
"8585_4",0.992357
"4640_10",0.997012
"12199_1",0.004440
"8380_7",0.995649
"8712_10",0.997772
"12482_9",0.997661
"4813_1",0.005028
"119_9",0.995325
"7850_10",0.995047
"5536_1",0.013024
"10576_1",0.003462
"2803_1",0.010511
"11788_4",0.003168
"6681_3",0.134074
"2503_10",0.997696
"88_3",0.020838
"7389_4",0.990798
"8793_9",0.997458
"4911_7",0.997158
"6495_4",0.005478
"10670_1",0.009547
"2203_10",0.997950
"7588_10",0.997056
"7095_7",0.997658
"6748_8",0.991769
"10348_1",0.005952
"2568_8",0.090371
"10292_2",0.011786
"1112_3",0.006426
"5322_7",0.988408
"4291_4",0.003988
"1212_7",0.758967
"7963_10",0.996105
"6156_1",0.005869
"713_1",0.004833
"11606_8",0.997330
"10975_10",0.997787
"4638_10",0.997654
"800_8",0.995882
"1389_3",0.030729
"10045_1",0.005898
"3529_1",0.021199
"1921_2",0.006360
"4824_8",0.995024
"10688_10",0.996669
"84_10",0.997814
"225_3",0.010118
"9756_10",0.996554
"7601_8",0.906429
"6342_3",0.008835
"7711_1",0.004596
"12133_7",0.997703
"8026_3",0.010499
"4551_10",0.998064
"545_4",0.005719
"343_1",0.913209
"10788_4",0.992245
"8711_2",0.017088
"5493_10",0.997413
"9358_1",0.996548
"2185_3",0.005371
"9720_2",0.006156
"4481_8",0.997230
"6528_2",0.006567
"11928_8",0.997676
"6591_7",0.997180
"10876_1",0.024045
"11253_10",0.387306
"2190_3",0.018877
"4281_3",0.003222
"7971_3",0.010322
"11649_2",0.006114
"5199_3",0.798180
"12258_3",0.435540
"5922_8",0.997753
"11136_1",0.003208
"7941_10",0.997408
"1412_7",0.997903
"11053_3",0.993964
"5586_10",0.996522
"5762_9",0.996390
"8328_3",0.005359
"10354_4",0.009805
"3563_8",0.997341
"8246_2",0.035792
"7740_10",0.997622
"4972_1",0.002897
"832_4",0.776909
"11386_10",0.997323
"1273_3",0.031156
"5085_2",0.186434
"11414_4",0.990923
"885_8",0.997394
"3943_10",0.997050
"898_9",0.987387
"8168_10",0.997642
"9779_10",0.997109
"830_7",0.997765
"77_10",0.997890
"648_8",0.997781
"10629_10",0.993469
"89_10",0.997875
"11955_9",0.997820
"7883_9",0.997513
"243_4",0.042140
"5148_2",0.002874
"1056_3",0.997699
"5206_10",0.997894
"8777_10",0.997551
"2969_2",0.003203
"6729_8",0.997335
"11860_1",0.047902
"6307_4",0.034490
"11589_1",0.010859
"8016_1",0.003648
"3461_8",0.997567
"8767_1",0.003554
"7692_10",0.996509
"12281_8",0.996563
"7763_1",0.024245
"5301_9",0.994428
"5112_10",0.997795
"10757_10",0.996636
"1066_8",0.995850
"5413_10",0.997993
"2733_3",0.012110
"8534_10",0.997678
"5915_8",0.996489
"10566_3",0.004209
"10900_7",0.942378
"3120_10",0.997742
"4394_1",0.004133
"3090_1",0.004045
"4379_10",0.997741
"5259_7",0.008401
"10792_8",0.996186
"2599_1",0.003425
"1912_2",0.003350
"2517_1",0.989424
"2946_8",0.997615
"3020_8",0.997098
"1850_4",0.184629
"9463_2",0.004075
"1721_10",0.997753
"7952_7",0.997828
"1806_9",0.997767
"11403_9",0.995649
"2013_7",0.988632
"5556_10",0.997747
"1746_3",0.017816
"11125_7",0.997743
"9270_4",0.060821
"7343_10",0.997858
"12465_10",0.997760
"8550_9",0.997575
"6213_8",0.205253
"10861_10",0.997944
"4109_7",0.997439
"8652_1",0.002966
"11546_1",0.006461
"9133_7",0.986036
"5964_3",0.003878
"1575_1",0.012469
"1337_4",0.014678
"7610_1",0.003045
"49_10",0.997877
"6505_2",0.006451
"7177_10",0.047271
"5947_7",0.988727
"1723_3",0.005445
"9055_7",0.997019
"7972_1",0.004561
"5340_8",0.069212
"6938_8",0.079484
"12400_8",0.994244
"552_9",0.997164
"11844_9",0.997776
"1080_1",0.002884
"3078_10",0.997715
"8713_9",0.997902
"7300_1",0.006237
"12464_1",0.004773
"3812_10",0.102624
"3313_4",0.020379
"6880_4",0.024634
"5478_9",0.996289
"10951_7",0.996132
"3327_8",0.992894
"6332_10",0.988900
"4385_8",0.993986
"2387_10",0.997774
"5756_3",0.018018
"4020_7",0.993638
"6190_8",0.997759
"517_8",0.986596
"9018_3",0.058137
"9449_10",0.997925
"10715_3",0.004500
"8195_8",0.997444
"9605_10",0.993143
"4309_9",0.996452
"1783_4",0.005178
"1658_10",0.994868
"1403_7",0.820232
"4268_1",0.003122
"4822_1",0.005900
"717_4",0.009596
"7768_10",0.997816
"7803_2",0.005213
"7190_8",0.997820
"11035_1",0.003136
"6288_10",0.997095
"10690_1",0.003236
"714_10",0.997885
"9210_10",0.997866
"12462_1",0.003392
"9325_1",0.002779
"8370_8",0.997501
"10583_1",0.011224
"4016_10",0.997995
"6465_4",0.430660
"1512_9",0.997000
"4769_8",0.997883
"11160_7",0.997465
"2175_1",0.003217
"12261_7",0.997782
"685_8",0.973056
"9208_10",0.991455
"6296_1",0.003069
"8210_4",0.005392
"11237_4",0.019276
"8139_10",0.997889
"6996_3",0.573048
"5168_1",0.004476
"5528_3",0.014153
"6635_1",0.759974
"1670_8",0.997677
"7099_4",0.013723
"2239_1",0.986129
"7313_4",0.038382
"3304_2",0.004194
"10505_1",0.003567
"9681_10",0.997512
"7569_4",0.978414
"9926_4",0.014585
"8339_8",0.997903
"8553_10",0.997644
"387_1",0.007991
"4715_9",0.993436
"11447_1",0.006685
"7425_1",0.031710
"10514_1",0.006390
"6979_10",0.997680
"3104_1",0.003057
"6833_4",0.207791
"5931_3",0.008500
"12103_2",0.008698
"9413_1",0.003723
"2730_7",0.022577
"7293_10",0.997236
"8479_9",0.997440
"9099_7",0.870051
"2061_4",0.048681
"4680_7",0.997926
"4067_1",0.015802
"4663_2",0.005058
"3069_1",0.003131
"8739_7",0.997483
"8279_2",0.009356
"11078_1",0.011378
"7917_1",0.003504
"7636_8",0.996954
"5071_8",0.895284
"1720_10",0.997620
"885_3",0.007036
"734_1",0.005782
"6309_9",0.997400
"4346_3",0.004240
"4087_10",0.997657
"678_1",0.003287
"8348_8",0.997148
"3572_2",0.992977
"10285_1",0.068541
"11126_4",0.019367
"8071_2",0.003523
"8150_10",0.997711
"4652_4",0.908271
"3674_8",0.993684
"1046_9",0.997959
"1986_8",0.997561
"2516_1",0.128557
"11758_1",0.009367
"4747_8",0.996257
"10426_4",0.021323
"4331_1",0.003120
"9146_3",0.004250
"312_10",0.997347
"4160_9",0.997838
"5277_3",0.003532
"4896_7",0.310053
"4327_9",0.563403
"4136_3",0.016849
"2324_2",0.692149
"10407_10",0.994661
"5081_10",0.997785
"2892_2",0.020059
"367_3",0.005760
"6523_3",0.004043
"9037_7",0.990726
"8790_1",0.003092
"1839_8",0.997431
"4149_3",0.004547
"7950_3",0.004301
"1686_2",0.015011
"7855_1",0.005152
"2844_10",0.997964
"4006_1",0.050367
"1077_10",0.997779
"9294_3",0.919464
"8866_1",0.008649
"8414_3",0.013063
"11736_3",0.222975
"11683_9",0.904320
"6399_10",0.989173
"4876_2",0.004183
"8818_10",0.997918
"8874_3",0.005281
"2595_7",0.988489
"9287_1",0.031969
"11446_3",0.013760
"10016_3",0.621993
"10381_8",0.996974
"2222_1",0.445150
"10875_7",0.997138
"5708_8",0.992058
"2727_9",0.996134
"823_1",0.003561
"3616_2",0.004268
"10522_1",0.005093
"5340_3",0.024499
"4218_9",0.990419
"6551_4",0.132993
"4506_7",0.996628
"487_3",0.009513
"3215_2",0.007049
"3884_10",0.997912
"8163_1",0.005011
"4878_9",0.391247
"10428_10",0.996268
"6394_10",0.997739
"5318_2",0.004856
"4829_3",0.179493
"9175_8",0.997722
"10213_7",0.095633
"1484_10",0.997862
"9646_10",0.997924
"755_1",0.008198
"4988_1",0.011592
"10640_3",0.005367
"2780_4",0.004662
"5867_2",0.003280
"9212_10",0.996341
"8554_4",0.024890
"4703_3",0.785530
"8779_8",0.996304
"953_10",0.985923
"10349_8",0.997317
"3280_10",0.997889
"3646_8",0.997695
"6054_1",0.003056
"4894_3",0.869006
"11235_10",0.996010
"513_8",0.997488
"4166_1",0.007081
"742_8",0.274885
"7671_10",0.997781
"2835_4",0.992917
"8556_10",0.997685
"4764_7",0.997176
"1626_3",0.003164
"6883_4",0.006640
"1014_4",0.018042
"9419_10",0.997044
"7918_8",0.855242
"8912_2",0.016090
"7996_3",0.131258
"5045_2",0.004921
"9612_2",0.099411
"1658_2",0.004455
"4373_2",0.002948
"11771_7",0.963726
"5458_4",0.015502
"10492_1",0.003389
"5551_8",0.997141
"811_1",0.004383
"12209_9",0.996494
"1514_1",0.011838
"6684_9",0.997825
"4604_7",0.997673
"3350_1",0.006075
"3336_7",0.997259
"9645_4",0.005159
"1664_9",0.991311
"5109_8",0.997710
"9294_8",0.994223
"7439_3",0.003536
"9098_10",0.997679
"10353_2",0.011643
"2356_4",0.005392
"884_1",0.833209
"704_2",0.003563
"9429_4",0.028429
"11563_1",0.003486
"10345_7",0.984870
"12301_4",0.006075
"1021_7",0.992463
"6353_1",0.027109
"2608_7",0.997717
"10508_1",0.004670
"263_1",0.003658
"10127_10",0.997678
"11517_4",0.078378
"4758_4",0.006847
"2210_4",0.007625
"12396_1",0.002959
"9405_7",0.994327
"5945_2",0.019533
"1931_3",0.067483
"3972_9",0.994981
"7949_3",0.765762
"1958_10",0.998026
"5834_7",0.990363
"11040_1",0.004304
"9453_1",0.003582
"5841_10",0.997708
"1144_10",0.997946
"5678_2",0.007683
"11361_3",0.005277
"5999_1",0.004709
"11810_4",0.985502
"10502_1",0.006920
"11821_10",0.997732
"8270_10",0.991225
"4627_4",0.995590
"5588_2",0.013336
"4877_1",0.002884
"2289_8",0.973334
"2582_10",0.997505
"8749_1",0.005927
"1653_1",0.003549
"7060_3",0.006196
"4299_1",0.004438
"7198_10",0.961733
"5597_9",0.997922
"11592_10",0.997681
"1516_1",0.003569
"1428_10",0.997428
"9349_7",0.997607
"4182_10",0.996717
"522_10",0.996416
"1942_9",0.997625
"2570_8",0.996752
"1188_2",0.029824
"7454_10",0.997936
"6859_8",0.997056
"4278_9",0.997707
"3538_8",0.996922
"6499_1",0.005879
"7715_1",0.004563
"5847_1",0.005458
"2109_10",0.997813
"7570_2",0.006288
"3725_1",0.004908
"8736_2",0.596157
"2007_10",0.997825
"9738_10",0.997396
"2763_7",0.997129
"9081_2",0.121116
"6647_10",0.997784
"11207_1",0.071587
"5182_3",0.006448
"2171_10",0.991513
"9091_1",0.985960
"3970_3",0.007257
"7432_9",0.997225
"2169_2",0.003328
"720_1",0.006167
"866_2",0.003328
"567_3",0.996975
"11812_8",0.994520
"11195_9",0.986785
"5877_10",0.997873
"5526_9",0.997853
"792_8",0.997566
"8673_9",0.997789
"5163_1",0.004558
"4722_8",0.997168
"11423_8",0.997650
"3239_8",0.997797
"2235_4",0.013311
"5799_3",0.003896
"8592_2",0.003854
"5229_10",0.379636
"9285_10",0.997942
"6092_1",0.059128
"8940_10",0.971800
"12220_8",0.014751
"4417_10",0.997836
"10462_10",0.997818
"3241_9",0.993957
"8744_10",0.997725
"1016_3",0.227443
"7382_10",0.997526
"8458_8",0.997645
"629_4",0.029538
"1971_3",0.005785
"4471_4",0.005076
"7890_2",0.004185
"10164_4",0.980470
"2176_8",0.659760
"2500_2",0.152614
"1155_2",0.006063
"7102_8",0.996493
"3618_10",0.996986
"4940_3",0.004368
"10263_3",0.009864
"12495_10",0.648979
"7170_9",0.997896
"7322_3",0.023175
"2938_10",0.030889
"8128_8",0.997491
"4900_1",0.003728
"5672_7",0.795297
"3387_10",0.996852
"806_1",0.005081
"7385_2",0.004229
"3043_4",0.008708
"6845_10",0.995924
"979_3",0.283578
"6853_3",0.004763
"4871_4",0.010059
"12172_8",0.975877
"4105_2",0.004205
"3171_4",0.162006
"8686_10",0.997411
"10187_1",0.002711
"5305_7",0.016916
"1728_10",0.997693
"11284_4",0.845120
"443_2",0.009176
"8542_9",0.997831
"7634_2",0.018357
"2598_1",0.009800
"124_2",0.087116
"10145_8",0.997652
"63_1",0.003625
"5522_3",0.073686
"1264_9",0.997400
"12181_10",0.983449
"6508_1",0.006135
"2146_3",0.004755
"5449_4",0.038042
"2660_9",0.997909
"6594_4",0.003899
"6285_8",0.996820
"12200_10",0.996350
"6710_1",0.004816
"10399_10",0.996425
"6703_1",0.004259
"5795_8",0.996991
"3427_4",0.005403
"11306_10",0.997776
"6641_3",0.013543
"9364_9",0.929700
"6963_8",0.010758
"6896_10",0.989234
"10154_10",0.997471
"4690_10",0.997941
"8125_8",0.997117
"4978_1",0.008074
"4999_3",0.003556
"8921_8",0.994495
"6089_3",0.007491
"12279_9",0.994909
"1209_7",0.996514
"2083_7",0.912872
"10162_10",0.997798
"1266_4",0.542878
"10892_8",0.996723
"4864_4",0.004681
"10743_7",0.227224
"6427_1",0.004557
"8633_1",0.010096
"6158_10",0.997773
"4952_3",0.004196
"7508_10",0.997312
"637_9",0.263193
"6734_2",0.281859
"10685_1",0.005119
"6269_4",0.011264
"9073_8",0.978336
"9551_2",0.004970
"5499_2",0.004196
"3573_4",0.006863
"12089_1",0.004315
"3962_1",0.025103
"2169_7",0.977462
"959_8",0.994823
"10514_9",0.984475
"4430_7",0.994152
"10802_1",0.041869
"280_10",0.997815
"8041_3",0.016129
"9040_9",0.997618
"10653_1",0.018812
"10783_7",0.997540
"4711_1",0.003328
"1523_4",0.810533
"3903_1",0.003961
"4216_8",0.871710
"10108_1",0.003899
"4098_4",0.004026
"9433_7",0.993691
"11013_10",0.997437
"3968_10",0.997102
"7916_3",0.006044
"5859_9",0.995572
"11194_7",0.885543
"9376_3",0.005591
"1808_4",0.017213
"12029_3",0.004723
"5854_4",0.011980
"6573_9",0.997746
"6747_8",0.996693
"4366_1",0.004107
"5868_7",0.997676
"7712_3",0.010800
"11617_1",0.003504
"5362_10",0.997714
"1950_1",0.005546
"9724_1",0.009757
"7537_8",0.997819
"6950_1",0.003680
"6035_8",0.997817
"11191_4",0.010076
"4759_9",0.997886
"1228_7",0.011755
"10380_1",0.062778
"271_7",0.997746
"7826_9",0.991717
"4336_2",0.018936
"4209_2",0.011142
"4898_7",0.670934
"2987_1",0.003434
"9976_4",0.005894
"7521_10",0.997698
"5680_2",0.008797
"4310_10",0.997462
"4484_10",0.997778
"5748_9",0.997159
"6798_3",0.025383
"9598_10",0.997554
"4834_2",0.003979
"2505_10",0.997839
"1984_8",0.987217
"476_1",0.102099
"11578_1",0.010819
"2223_3",0.750478
"8215_3",0.080105
"3108_1",0.012871
"4371_1",0.004159
"12399_4",0.757021
"4913_1",0.003439
"8431_8",0.986098
"3445_10",0.997895
"8268_10",0.997780
"4271_10",0.997938
"2136_3",0.003944
"2479_1",0.005335
"11798_2",0.006634
"2893_10",0.998000
"7754_3",0.005528
"7568_10",0.997640
"6221_8",0.997324
"1687_10",0.997819
"4744_1",0.003300
"3730_10",0.992166
"7543_10",0.988882
"4449_1",0.004255
"2802_8",0.997877
"2834_2",0.003465
"11243_2",0.065494
"6638_10",0.992842
"3299_1",0.004298
"1378_10",0.997417
"1867_9",0.997898
"3371_1",0.005664
"1340_10",0.997232
"1810_10",0.997775
"11773_10",0.997520
"2111_1",0.006601
"2234_4",0.860109
"4958_7",0.997452
"3514_1",0.005860
"8488_9",0.845836
"1650_4",0.006773
"6538_3",0.008067
"9930_9",0.997706
"10594_1",0.004224
"6248_8",0.994747
"1384_9",0.996242
"11526_3",0.010566
"9847_10",0.997706
"8994_1",0.008913
"11595_1",0.005319
"9840_7",0.997440
"1027_9",0.997908
"11691_2",0.005970
"1154_10",0.996715
"4599_4",0.009463
"2126_1",0.878649
"10719_3",0.003636
"11925_2",0.003612
"1938_2",0.005659
"7233_7",0.880599
"1747_8",0.997843
"4994_8",0.996495
"10696_10",0.995023
"7348_10",0.997787
"9121_8",0.973326
"902_10",0.995487
"8046_1",0.003757
"3604_7",0.994764
"4886_8",0.997731
"2821_10",0.997182
"10180_8",0.997821
"11376_10",0.997595
"11195_2",0.006761
"5625_9",0.997722
"9284_9",0.997625
"6747_1",0.041384
"3910_9",0.871436
"11412_7",0.997403
"2456_10",0.997794
"6105_10",0.997609
"5732_10",0.986276
"1960_9",0.997031
"6363_7",0.950292
"9596_10",0.996676
"8605_3",0.081614
"174_2",0.005622
"8251_1",0.004709
"8567_10",0.986709
"7007_3",0.427679
"2418_8",0.996960
"12030_8",0.989950
"7626_7",0.994470
"6070_3",0.006989
"802_1",0.005389
"10801_10",0.996735
"8559_1",0.003309
"2495_2",0.978571
"10777_9",0.997854
"2958_7",0.997060
"3701_10",0.996978
"2754_9",0.997886
"1210_1",0.003531
"7830_10",0.997735
"4523_9",0.997392
"12408_4",0.006318
"5748_1",0.003952
"3982_2",0.004389
"9658_8",0.996868
"73_10",0.993800
"3952_1",0.005561
"4064_8",0.993620
"9835_4",0.988136
"12463_1",0.017532
"905_10",0.997196
"5634_8",0.997679
"800_3",0.003663
"11576_10",0.997848
"8546_4",0.005929
"8456_1",0.040125
"163_1",0.003789
"7616_3",0.006475
"17_3",0.124296
"620_2",0.004486
"4250_4",0.007447
"4403_1",0.002693
"7107_3",0.600684
"9691_9",0.996923
"4069_8",0.996783
"3747_7",0.997686
"7930_10",0.997850
"1088_3",0.006518
"3683_1",0.011007
"11138_1",0.005953
"1825_10",0.997786
"9888_3",0.007350
"8079_10",0.997797
"1508_2",0.007063
"2471_4",0.006654
"5238_7",0.997714
"4947_9",0.989126
"1791_10",0.305012
"5824_4",0.012163
"10408_2",0.007436
"6053_8",0.994883
"6811_4",0.003346
"6398_4",0.006177
"137_7",0.987885
"3920_9",0.997201
"8179_2",0.015231
"10602_8",0.064096
"10509_8",0.997098
"7346_3",0.004823
"2663_1",0.008328
"1342_2",0.871413
"5714_4",0.004316
"9669_10",0.997342
"6038_3",0.010341
"11957_10",0.995637
"750_2",0.004509
"12386_10",0.027235
"7178_1",0.003347
"8070_8",0.960368
"8993_1",0.006101
"1178_4",0.137590
"10457_8",0.997869
"5287_1",0.003719
"3098_8",0.996255
"3505_8",0.997732
"10271_1",0.014214
"4354_3",0.003491
"4817_1",0.004327
"11313_1",0.007058
"9023_10",0.997594
"8404_1",0.004368
"11847_1",0.005014
"5374_9",0.997687
"1009_8",0.997813
"4197_1",0.003903
"10803_9",0.985020
"6609_9",0.990016
"519_1",0.003820
"7675_3",0.013588
"10204_10",0.996813
"10565_1",0.015745
"1641_1",0.005548
"11170_10",0.997821
"451_2",0.046066
"4526_7",0.910382
"5639_9",0.997851
"5642_1",0.005312
"9159_3",0.996819
"11173_10",0.384109
"10772_10",0.964417
"11172_10",0.997444
"10213_4",0.116303
"11256_9",0.997794
"5863_1",0.003415
"5125_1",0.013634
"5624_10",0.997635
"10355_10",0.117943
"6623_1",0.003764
"3674_1",0.003007
"540_8",0.131029
"5202_10",0.986954
"9644_10",0.997736
"4780_1",0.004547
"2002_9",0.027206
"7228_10",0.997763
"4036_2",0.002971
"9925_9",0.991520
"1137_10",0.997558
"5679_1",0.004588
"9162_2",0.003919
"2849_3",0.003745
"3546_4",0.003221
"7164_1",0.003864
"1749_10",0.871809
"11988_2",0.005491
"365_10",0.997303
"7340_10",0.996457
"1543_3",0.005100
"6008_2",0.065549
"2230_4",0.022998
"10105_3",0.003194
"5443_1",0.004761
"5024_1",0.005960
"5630_8",0.995229
"7603_10",0.997792
"12205_10",0.929646
"5910_7",0.997881
"7006_8",0.997040
"3287_10",0.997371
"3136_1",0.004740
"6547_4",0.138056
"9329_1",0.005273
"1679_10",0.997812
"1659_7",0.996818
"2015_1",0.004825
"5236_1",0.005632
"2201_2",0.004431
"6026_3",0.116066
"12093_8",0.995956
"11394_10",0.020401
"9512_1",0.004937
"8401_3",0.016226
"5239_8",0.997528
"5018_10",0.996931
"38_8",0.997561
"2968_7",0.083083
"5359_3",0.005605
"10419_4",0.009242
"1551_4",0.023821
"11346_1",0.102810
"809_1",0.005454
"9823_4",0.930648
"10125_8",0.997760
"8819_10",0.997899
"9038_4",0.005862
"1968_1",0.008785
"6642_2",0.003417
"9015_10",0.997910
"12198_2",0.036268
"2758_9",0.977516
"9206_3",0.004059
"4370_7",0.997581
"1985_2",0.014163
"3031_7",0.996954
"10172_1",0.006263
"4527_1",0.003496
"5458_9",0.997992
"6534_1",0.004725
"4347_1",0.004006
"11152_10",0.997625
"9238_3",0.391520
"6161_8",0.997644
"2299_1",0.015753
"1133_1",0.138800
"11774_3",0.017256
"1095_2",0.007456
"11311_10",0.995893
"1126_1",0.003131
"2385_9",0.997443
"10710_10",0.996037
"10106_1",0.005453
"3363_1",0.005279
"11480_10",0.997886
"5183_1",0.003054
"7100_7",0.965465
"752_10",0.997591
"11958_8",0.994486
"2518_1",0.473399
"4744_9",0.995881
"53_7",0.994347
"12289_1",0.126429
"9239_4",0.021544
"8758_10",0.997147
"9050_9",0.997535
"10390_7",0.997904
"11780_8",0.009403
"9518_1",0.005918
"3442_1",0.004550
"6316_9",0.997499
"2826_9",0.997386
"5908_10",0.997903
"3720_7",0.997688
"8481_1",0.002993
"1188_10",0.997913
"2784_10",0.996538
"12352_3",0.989133
"1771_10",0.995173
"5255_1",0.966125
"328_4",0.422064
"313_10",0.996655
"10530_1",0.003175
"4866_7",0.997773
"8936_1",0.003387
"10029_10",0.994306
"12383_10",0.990802
"1922_1",0.003140
"3012_7",0.995961
"11593_3",0.010399
"8661_1",0.007035
"10457_1",0.004060
"8074_4",0.997636
"11993_10",0.986537
"6_7",0.997443
"2542_9",0.997640
"11454_3",0.004171
"6776_4",0.978996
"9466_1",0.034143
"11100_4",0.006106
"6429_10",0.995658
"11218_3",0.995576
"8310_1",0.010252
"7432_4",0.004050
"10115_1",0.005603
"11127_7",0.997870
"3306_2",0.005929
"6998_7",0.014161
"12166_2",0.005647
"7792_10",0.997293
"9250_1",0.003528
"3351_7",0.996898
"3350_8",0.997847
"2393_3",0.023257
"5473_3",0.036602
"73_4",0.032709
"1504_1",0.004022
"10317_10",0.994145
"5795_1",0.004387
"1511_9",0.177112
"2537_2",0.075245
"8010_4",0.004099
"1616_3",0.006736
"4332_2",0.004405
"8499_1",0.024745
"1636_8",0.996938
"7752_3",0.004736
"5848_7",0.993439
"5370_2",0.028465
"10600_10",0.997083
"5501_3",0.004710
"9948_7",0.989006
"10683_4",0.005482
"10013_4",0.009649
"11704_2",0.008352
"431_9",0.997354
"11855_10",0.991447
"2671_7",0.968193
"5831_2",0.008657
"7920_10",0.996789
"276_1",0.415654
"6245_2",0.496430
"89_3",0.003551
"7871_1",0.003582
"1707_1",0.004308
"6640_1",0.003090
"723_10",0.997318
"11391_1",0.016367
"3534_3",0.003110
"10449_10",0.997789
"180_10",0.997842
"5128_1",0.012434
"471_10",0.997908
"2341_10",0.997817
"3204_7",0.996067
"1818_10",0.997914
"4489_10",0.966207
"12034_10",0.959885
"11264_10",0.997580
"8077_7",0.010294
"12206_10",0.994788
"11549_3",0.009572
"8993_10",0.995998
"1937_4",0.005122
"7778_3",0.040040
"9714_9",0.967152
"7219_4",0.005514
"6518_4",0.006389
"8421_10",0.997610
"10563_2",0.006079
"2527_9",0.997935
"11147_10",0.997727
"832_7",0.982707
"8972_7",0.135571
"2311_9",0.997772
"6794_1",0.004665
"1769_10",0.997783
"11130_1",0.005959
"8331_3",0.003905
"5564_10",0.996064
"2594_10",0.952585
"11037_1",0.005031
"6679_9",0.996874
"419_4",0.008411
"2635_10",0.997423
"4436_4",0.067625
"10972_1",0.003815
"708_3",0.080019
"9113_1",0.005550
"1438_9",0.997912
"2048_4",0.002855
"4488_10",0.996193
"7889_3",0.171649
"11498_9",0.997673
"8780_1",0.019810
"2036_7",0.997681
"1861_1",0.008311
"581_4",0.014902
"9253_10",0.997314
"977_4",0.996788
"5693_7",0.997720
"6515_9",0.997640
"9378_1",0.008049
"6695_2",0.007852
"8507_1",0.322387
"829_2",0.005772
"11023_8",0.997897
"70_1",0.007190
"3669_8",0.996112
"10033_8",0.997939
"9158_4",0.006122
"817_1",0.004214
"4679_1",0.003549
"8133_4",0.037651
"3531_1",0.043780
"10742_1",0.005644
"5579_3",0.008723
"9041_1",0.004413
"4938_1",0.004576
"4246_9",0.968855
"4275_9",0.940709
"6819_3",0.005301
"6327_7",0.981214
"6101_10",0.023958
"11852_2",0.003697
"10252_10",0.997501
"4348_8",0.675422
"5328_4",0.018069
"11964_9",0.997989
"8634_1",0.007820
"3702_8",0.997676
"1677_2",0.014770
"5907_1",0.005220
"8432_10",0.997775
"3570_3",0.996540
"9624_10",0.997483
"11466_4",0.009490
"9062_10",0.998017
"12336_1",0.003103
"3476_1",0.006285
"7033_2",0.003469
"2660_3",0.013263
"741_1",0.003472
"11490_1",0.008383
"6580_7",0.997811
"1807_3",0.006435
"4785_1",0.003869
"6319_10",0.992265
"4437_8",0.997454
"3533_10",0.997198
"12119_3",0.008765
"151_8",0.997778
"7829_7",0.022470
"5497_1",0.003940
"7477_10",0.997764
"5879_10",0.997165
"8068_10",0.997680
"7989_3",0.986232
"8480_10",0.996278
"10352_10",0.997604
"120_2",0.003557
"10135_3",0.006308
"8091_1",0.006237
"8505_8",0.995725
"3282_1",0.339981
"11570_10",0.997759
"11052_8",0.985529
"5549_10",0.997807
"3891_8",0.997047
"3537_9",0.997540
"8503_3",0.099416
"3995_4",0.995308
"10979_3",0.005371
"11681_1",0.004148
"536_7",0.997697
"11739_8",0.997872
"6951_10",0.997912
"6210_2",0.005764
"1449_4",0.970578
"11860_10",0.983673
"11149_8",0.997936
"4021_7",0.997393
"5104_3",0.025577
"2989_3",0.005980
"10112_10",0.997736
"6718_1",0.003088
"7654_4",0.818919
"9481_10",0.997753
"7984_2",0.003747
"1348_8",0.997846
"11079_8",0.990638
"9554_10",0.997153
"8617_8",0.997625
"315_8",0.997729
"6085_8",0.997415
"1823_9",0.997833
"3208_10",0.997710
"924_4",0.152854
"6479_10",0.997237
"7017_10",0.969954
"8595_4",0.162447
"4532_10",0.997914
"5145_4",0.068388
"2358_7",0.651151
"11151_4",0.005686
"10238_7",0.997596
"564_9",0.062348
"4054_10",0.997725
"8852_9",0.997544
"10137_10",0.997639
"7014_3",0.003955
"1533_4",0.004239
"8257_2",0.731880
"8719_8",0.996739
"5041_1",0.003950
"1469_9",0.989210
"11726_3",0.004936
"2002_1",0.004368
"12293_3",0.012261
"3672_1",0.003498
"11110_10",0.997862
"3931_1",0.146056
"6972_1",0.003987
"10186_1",0.002792
"9265_3",0.134698
"7412_3",0.050302
"5427_2",0.004270
"5006_4",0.028675
"3199_1",0.004372
"6256_8",0.655376
"418_9",0.997043
"8834_9",0.997315
"5093_10",0.997861
"3190_2",0.003659
"12360_4",0.004183
"9477_1",0.003410
"6085_1",0.003151
"7773_10",0.997631
"255_4",0.024905
"1661_1",0.003184
"1627_10",0.997990
"9204_2",0.007083
"3704_8",0.005518
"11898_9",0.997531
"1137_1",0.019062
"101_9",0.992938
"1142_1",0.003714
"5314_8",0.997964
"10932_4",0.005073
"9639_2",0.014111
"12125_7",0.997785
"10998_1",0.004252
"5186_7",0.974224
"10340_1",0.126728
"7419_8",0.996894
"6929_3",0.004846
"7238_4",0.012449
"10869_7",0.137195
"4106_1",0.003462
"6589_2",0.914283
"9619_7",0.990540
"7116_4",0.916456
"8889_1",0.003146
"3901_9",0.997855
"7052_7",0.976321
"6439_1",0.003283
"5309_1",0.003757
"4515_3",0.021333
"3029_4",0.011724
"10310_1",0.003095
"12350_10",0.997738
"532_8",0.013057
"11145_8",0.997574
"75_10",0.997987
"6137_3",0.002973
"1637_2",0.006911
"12327_10",0.997932
"2177_7",0.997363
"1879_1",0.025699
"8745_2",0.004987
"3099_8",0.995022
"7354_4",0.005411
"10103_1",0.003602
"3296_10",0.997755
"8494_9",0.997868
"3423_4",0.993458
"7609_8",0.043950
"4265_10",0.991081
"1872_7",0.986311
"10987_10",0.996853
"2849_7",0.997479
"628_1",0.004860
"1391_1",0.003987
"7456_1",0.003634
"12150_1",0.008438
"7718_9",0.997867
"5787_3",0.022907
"12162_8",0.905186
"11670_7",0.995863
"1784_8",0.974532
"7483_8",0.996683
"9564_9",0.926075
"10832_9",0.997577
"12230_1",0.004733
"2291_8",0.997633
"8416_3",0.018635
"9486_10",0.994499
"8153_10",0.997714
"5164_10",0.997229
"6347_8",0.997222
"7773_2",0.008497
"12215_1",0.003415
"10039_8",0.997412
"9803_9",0.997898
"1589_1",0.005231
"1615_9",0.997551
"119_3",0.003847
"623_8",0.997589
"10427_1",0.005775
"11697_4",0.254391
"6168_2",0.005153
"2658_3",0.006969
"1841_4",0.004921
"10572_1",0.006325
"6964_8",0.023770
"5172_1",0.013572
"989_7",0.983342
"159_10",0.997721
"5240_1",0.004117
"11777_1",0.004853
"8350_3",0.004914
"2565_1",0.002978
"7694_10",0.997917
"7759_1",0.007509
"3003_4",0.012113
"7128_2",0.003849
"8147_4",0.006505
"6595_9",0.997597
"8949_3",0.724316
"9848_4",0.031530
"7496_8",0.997312
"11857_10",0.997806
"3237_1",0.003934
"5404_1",0.002980
"10699_8",0.973308
"6138_4",0.008953
"909_4",0.591482
"11833_10",0.997736
"11817_10",0.997554
"171_2",0.010271
"2517_7",0.988882
"10307_7",0.985020
"370_2",0.034635
"5995_8",0.996928
"4612_1",0.007484
"6561_8",0.996192
"7454_1",0.002721
"2951_2",0.003433
"8860_1",0.003433
"411_3",0.013258
"664_3",0.003444
"4345_10",0.997609
"4452_1",0.035379
"2833_2",0.004385
"10374_3",0.815397
"9322_1",0.164689
"9923_3",0.005238
"8687_3",0.728802
"7567_9",0.994399
"137_3",0.004423
"7872_1",0.003576
"6968_4",0.003449
"1540_10",0.997695
"9157_10",0.993246
"4102_10",0.997701
"6645_1",0.005821
"7630_10",0.933773
"3958_9",0.906216
"11437_9",0.997919
"6982_1",0.003622
"4870_2",0.008504
"3545_7",0.996219
"204_1",0.003334
"6844_10",0.169006
"4736_1",0.003391
"9120_9",0.997399
"1608_1",0.006341
"1251_10",0.997698
"12315_10",0.997713
"11754_10",0.997874
"2399_3",0.019952
"11499_8",0.994093
"3870_10",0.994532
"5503_10",0.997612
"4045_10",0.996997
"3063_1",0.019984
"10914_7",0.561148
"8509_10",0.994740
"5872_1",0.010676
"5729_4",0.003850
"10865_2",0.004868
"10218_4",0.005746
"2096_4",0.015708
"11344_1",0.008908
"10623_2",0.005217
"11241_10",0.997666
"7254_2",0.080410
"7892_1",0.004126
"3472_8",0.995865
"11637_4",0.029731
"11853_9",0.997226
"1096_7",0.996735
"8508_3",0.008303
"9400_10",0.997919
"1128_10",0.982337
"5989_10",0.997910
"8021_1",0.002983
"7860_10",0.997664
"1131_10",0.997240
"5589_1",0.005839
"5662_8",0.997639
"2161_7",0.935604
"323_10",0.997220
"2431_1",0.022359
"10147_7",0.997060
"2956_7",0.994400
"12005_3",0.087974
"477_2",0.007101
"202_9",0.997598
"5710_10",0.997896
"2262_7",0.997231
"7103_8",0.994930
"10237_3",0.014246
"12151_1",0.011009
"7485_2",0.006183
"2438_10",0.997739
"4069_2",0.006895
"5593_2",0.003570
"11163_1",0.086114
"6754_10",0.997907
"9147_2",0.003841
"9614_10",0.997410
"4427_7",0.054446
"1382_1",0.007269
"11132_7",0.995616
"6371_3",0.012718
"11221_4",0.007124
"10071_2",0.015062
"4936_2",0.004242
"1797_3",0.016604
"6692_4",0.051060
"5816_1",0.015636
"6163_2",0.006272
"2042_8",0.997420
"856_3",0.009178
"1233_10",0.997802
"9537_10",0.997990
"9504_9",0.996291
"788_10",0.997894
"3399_8",0.997287
"7142_4",0.005350
"10371_4",0.021318
"760_7",0.996777
"3614_10",0.997765
"3314_1",0.004128
"3447_10",0.996106
"12240_10",0.962151
"10083_10",0.997775
"9936_10",0.997451
"7651_10",0.997891
"1470_1",0.003283
"2703_7",0.993364
"5637_10",0.997780
"6102_1",0.003627
"8991_8",0.884341
"9606_10",0.997868
"10568_4",0.025822
"7126_10",0.979314
"4203_10",0.997229
"4486_2",0.004089
"3408_9",0.997249
"2867_8",0.997652
"7338_8",0.997610
"8065_4",0.005590
"2510_3",0.006285
"2110_7",0.996252
"4097_4",0.127382
"7484_8",0.651190
"5789_10",0.977563
"8070_2",0.007196
"867_2",0.089027
"1364_3",0.005527
"10654_2",0.003161
"12417_4",0.989140
"10470_10",0.997860
"6544_10",0.009110
"8904_8",0.991886
"10282_2",0.034139
"497_9",0.997515
"2659_10",0.987737
"9609_7",0.997501
"3010_3",0.959660
"9134_1",0.005972
"8990_1",0.004088
"6960_4",0.994845
"9566_9",0.946172
"7923_4",0.010820
"4542_10",0.997761
"7185_3",0.005833
"1918_10",0.996979
"2316_8",0.995540
"5846_10",0.992345
"1023_10",0.997662
"7141_7",0.997247
"3724_10",0.997122
"3617_2",0.005809
"7095_1",0.003004
"12201_10",0.997140
"10309_2",0.748846
"5584_8",0.996735
"2063_10",0.997282
"10874_1",0.050508
"4084_2",0.005778
"2765_1",0.003867
"11390_3",0.006629
"4676_1",0.006345
"2130_7",0.021043
"12032_7",0.005971
"9671_3",0.003699
"816_7",0.996988
"11320_8",0.973513
"1458_8",0.997833
"1938_7",0.997131
"2861_8",0.862792
"5768_9",0.992594
"5049_9",0.997395
"8083_1",0.904136
"4825_1",0.003283
"1740_9",0.997917
"3034_10",0.876950
"9977_7",0.994798
"8459_10",0.997739
"1103_10",0.774695
"3783_10",0.997577
"754_2",0.005735
"5580_10",0.997593
"3472_2",0.004306
"2640_3",0.248219
"5400_2",0.046038
"5881_10",0.997904
"10970_4",0.568046
"8842_1",0.003948
"5336_8",0.235167
"1398_1",0.006919
"12310_10",0.997880
"6012_8",0.982061
"1508_7",0.958068
"2981_8",0.987026
"576_8",0.996279
"9683_7",0.971288
"10336_1",0.007933
"3345_3",0.007164
"7683_7",0.995588
"6366_9",0.997466
"6741_9",0.997883
"11396_2",0.006230
"4964_10",0.997836
"12285_10",0.997808
"11018_9",0.997585
"3902_9",0.996872
"4147_8",0.997786
"1748_10",0.997588
"10084_3",0.866085
"3265_7",0.993271
"6160_1",0.008551
"2984_10",0.997125
"1305_1",0.003772
"9075_4",0.988696
"11710_7",0.995147
"2443_10",0.997799
"938_10",0.997388
"1392_7",0.808071
"10406_8",0.919164
"4302_7",0.987964
"2836_8",0.990859
"2365_3",0.004941
"98_1",0.662766
"8325_10",0.997774
"300_9",0.997798
"7667_1",0.997215
"4313_10",0.994757
"12450_3",0.007931
"8582_1",0.036969
"11325_9",0.210937
"8482_1",0.006170
"7304_8",0.997808
"9439_1",0.003311
"2656_10",0.997569
"4306_3",0.010002
"10079_1",0.002961
"11172_1",0.004953
"6095_9",0.997512
"5698_1",0.021683
"35_1",0.182685
"6043_3",0.011039
"2261_1",0.003129
"4784_10",0.987025
"10936_7",0.991743
"5316_10",0.997511
"8361_8",0.997433
"10373_2",0.007037
"500_10",0.997585
"371_4",0.088880
"3434_4",0.005707
"3654_2",0.004761
"11280_2",0.981348
"6542_9",0.994651
"10313_10",0.997659
"7267_1",0.032626
"11897_3",0.006129
"7321_2",0.004915
"1516_7",0.997205
"1640_1",0.009902
"9456_10",0.997298
"2769_10",0.997156
"6280_7",0.997211
"12399_10",0.997888
"6206_7",0.997162
"8836_4",0.920451
"5254_9",0.997769
"10903_1",0.015098
"3966_10",0.997283
"4048_10",0.997804
"1528_9",0.997868
"6219_10",0.995431
"8280_4",0.023680
"7974_10",0.989384
"6956_8",0.995915
"5975_10",0.996895
"6759_10",0.997461
"963_2",0.033951
"12158_10",0.997859
"148_1",0.018845
"8831_1",0.747115
"11556_9",0.997087
"9038_10",0.988946
"4421_10",0.997716
"5236_8",0.995953
"3753_10",0.997415
"9334_3",0.025096
"2444_4",0.006685
"2890_3",0.009150
"9132_9",0.997817
"11413_10",0.997577
"3424_4",0.995172
"1258_3",0.007066
"5277_10",0.997728
"706_10",0.997722
"3527_10",0.997864
"4081_9",0.925431
"3895_2",0.216814
"11528_2",0.008950
"7285_9",0.997539
"12339_7",0.919325
"729_1",0.129425
"6291_1",0.007468
"12296_9",0.997087
"5913_10",0.997815
"7770_10",0.997897
"9546_2",0.008525
"2383_4",0.996253
"6802_7",0.997670
"5445_2",0.009490
"687_3",0.003450
"9982_8",0.997643
"11830_10",0.974865
"4271_1",0.004826
"7279_10",0.997604
"1599_7",0.007187
"10880_10",0.997546
"2838_10",0.997674
"4234_9",0.997562
"7674_2",0.026439
"6156_8",0.997846
"11657_4",0.007808
"11738_2",0.005904
"11962_8",0.997114
"10966_8",0.908662
"6421_1",0.004327
"1476_3",0.005298
"7022_8",0.997980
"11500_8",0.996703
"6263_2",0.003046
"8989_9",0.996130
"2395_9",0.992845
"9311_1",0.128066
"6386_4",0.004171
"91_4",0.622603
"3759_3",0.005129
"11766_2",0.738311
"11290_7",0.976718
"5627_3",0.049543
"3278_1",0.009006
"9682_9",0.923923
"11894_1",0.003279
"10387_9",0.997761
"884_8",0.997696
"8408_2",0.008079
"5772_2",0.286437
"11422_1",0.477350
"9709_1",0.005374
"701_8",0.997325
"2721_8",0.997618
"4875_3",0.004993
"6356_1",0.003482
"7446_3",0.005368
"2440_4",0.019898
"9732_1",0.006585
"9109_10",0.995876
"7578_2",0.597150
"11017_8",0.017136
"12498_1",0.003628
"4942_2",0.006386
"4939_10",0.997640
"8451_4",0.019973
"6274_1",0.005736
"11635_4",0.033779
"8931_1",0.005324
"109_4",0.997305
"11744_7",0.992739
"5351_4",0.987127
"1120_9",0.997744
"10494_2",0.010799
"5317_10",0.997869
"6139_2",0.031495
"12322_8",0.996779
"11239_3",0.009505
"4815_7",0.987625
"11979_10",0.561180
"254_10",0.996407
"10286_3",0.004860
"6457_10",0.997564
"4662_8",0.997689
"6298_4",0.005586
"2704_4",0.387611
"11313_10",0.997270
"187_10",0.997535
"1166_1",0.003281
"12126_3",0.003524
"1813_9",0.997061
"6282_10",0.997673
"10525_7",0.997331
"8887_1",0.007780
"11605_7",0.019865
"6533_1",0.004263
"1210_8",0.995397
"11904_8",0.995933
"10659_10",0.996853
"7004_4",0.003711
"10260_10",0.997672
"11997_7",0.010987
"7850_4",0.993268
"2085_3",0.006219
"11839_1",0.003333
"419_9",0.997811
"4157_10",0.997749
"8253_8",0.997899
"11268_2",0.009204
"12119_10",0.991579
"10259_10",0.596402
"978_1",0.037962
"6848_4",0.005529
"9368_4",0.010258
"7863_9",0.995697
"4157_3",0.004086
"4184_10",0.995117
"2888_1",0.003134
"8073_4",0.097739
"1755_1",0.647217
"7688_2",0.955702
"5966_7",0.997703
"10673_9",0.997630
"4110_7",0.038025
"699_9",0.997821
"9240_2",0.003451
"3651_10",0.997812
"3933_7",0.995796
"2960_7",0.997346
"10664_1",0.003623
"358_9",0.997011
"11200_10",0.993976
"4471_8",0.997807
"11661_2",0.030107
"12304_1",0.005583
"2442_4",0.948384
"7134_9",0.996533
"4214_2",0.006493
"4869_8",0.995936
"6372_1",0.053457
"10236_4",0.114655
"12189_1",0.003657
"9715_8",0.988863
"5751_10",0.997022
"166_7",0.987220
"11889_2",0.005163
"5098_1",0.005156
"8126_7",0.997809
"9302_7",0.997295
"10430_10",0.997785
"445_9",0.997738
"4550_10",0.997204
"10995_10",0.997899
"7154_1",0.003627
"3983_3",0.719049
"1446_9",0.996861
"865_10",0.996969
"3012_1",0.003827
"3562_3",0.008555
"2551_1",0.002744
"6440_1",0.006075
"10241_10",0.997791
"1542_7",0.025644
"1405_2",0.003101
"11835_10",0.997895
"4023_3",0.008126
"1287_1",0.004052
"11059_2",0.005634
"2583_8",0.989353
"1550_2",0.044261
"11382_3",0.003244
"5567_10",0.997757
"11033_1",0.005459
"5543_1",0.004300
"8631_10",0.996458
"10871_1",0.003181
"6955_9",0.997295
"6254_4",0.021975
"2179_4",0.010953
"7559_8",0.997815
"12431_8",0.997108
"279_10",0.997777
"2127_8",0.997623
"3803_10",0.967497
"12200_1",0.002927
"3480_9",0.997064
"5156_8",0.997903
"1718_2",0.003792
"12145_9",0.996554
"1560_4",0.964317
"11646_1",0.003335
"10378_4",0.012677
"8281_3",0.003539
"10393_9",0.997332
"1402_4",0.012980
"3958_4",0.004480
"3676_1",0.003844
"3709_1",0.003494
"10668_7",0.991657
"11972_1",0.004816
"4842_1",0.004835
"1889_8",0.997440
"3990_1",0.021527
"6467_7",0.018359
"5928_4",0.386248
"4639_10",0.996371
"4748_8",0.997766
"5417_10",0.998025
"2351_4",0.050422
"4365_1",0.002998
"3591_2",0.005344
"5914_10",0.997445
"8099_2",0.041587
"5510_1",0.003590
"314_10",0.996877
"8544_10",0.997859
"3799_1",0.007533
"5650_2",0.007570
"1646_7",0.929628
"11586_9",0.997790
"2389_9",0.997792
"908_3",0.010510
"654_9",0.997933
"6323_9",0.996766
"3014_7",0.677201
"11312_9",0.104676
"5457_3",0.006310
"6071_3",0.007019
"12459_1",0.004502
"8639_4",0.004206
"3600_8",0.996687
"9052_3",0.094907
"528_1",0.003757
"7692_1",0.007817
"6885_3",0.005301
"11395_4",0.992289
"11763_1",0.033797
"3631_1",0.004868
"4296_3",0.019215
"4810_3",0.014281
"6660_2",0.003816
"850_7",0.997062
"6731_10",0.997079
"12129_1",0.003575
"11525_7",0.997762
"5782_10",0.994946
"4613_2",0.010033
"4460_8",0.997288
"2992_10",0.997736
"570_9",0.997526
"5908_4",0.017476
"4677_4",0.015298
"5791_10",0.997223
"5718_10",0.997948
"12453_10",0.352753
"8364_8",0.995569
"7761_10",0.968752
"3459_1",0.009766
"9169_1",0.005740
"12022_2",0.064473
"10869_1",0.012300
"4997_1",0.003706
"2430_8",0.013655
"5011_4",0.005595
"3011_1",0.003451
"8425_3",0.007544
"6517_8",0.997599
"9300_9",0.997550
"840_8",0.906490
"2662_10",0.997848
"2724_1",0.006933
"5654_10",0.992476
"5574_10",0.997462
"5606_3",0.004210
"7717_8",0.996009
"11202_10",0.997476
"6889_10",0.997808
"3712_10",0.997983
"3042_3",0.006459
"7858_8",0.996022
"4902_8",0.997834
"11885_1",0.003030
"7582_1",0.003246
"8450_7",0.821028
"9368_9",0.439023
"7616_8",0.997608
"4443_3",0.178454
"2344_1",0.004038
"11861_9",0.996683
"7738_8",0.997806
"327_10",0.997042
"8175_4",0.009578
"10189_10",0.997807
"8691_1",0.007484
"12236_2",0.004489
"7341_3",0.516159
"3261_1",0.005964
"8809_4",0.004796
"3735_3",0.008139
"9339_8",0.996755
"8242_4",0.957815
"6787_4",0.021822
"4379_4",0.011529
"5967_4",0.284392
"5568_8",0.996297
"4579_4",0.022055
"7066_1",0.003257
"12323_1",0.006215
"2673_9",0.996036
"2639_7",0.997638
"8323_10",0.988352
"246_10",0.997640
"653_1",0.005016
"2407_1",0.007893
"2795_1",0.003077
"11793_4",0.732068
"2848_4",0.928608
"6040_4",0.013338
"9388_2",0.007813
"909_10",0.997687
"2567_2",0.010171
"4473_8",0.996197
"4451_3",0.654156
"10296_1",0.020979
"5111_7",0.374561
"8281_9",0.997848
"4957_8",0.979882
"8249_1",0.104162
"1572_3",0.028614
"5718_2",0.007058
"5959_3",0.007157
"3013_9",0.997039
"3544_1",0.003374
"11250_10",0.997108
"5162_9",0.997470
"8872_9",0.997592
"11122_8",0.997624
"991_4",0.006454
"6322_9",0.970364
"7065_8",0.997931
"9704_7",0.533706
"4317_9",0.144945
"11622_10",0.997660
"10725_7",0.930672
"6549_1",0.003549
"9062_3",0.025586
"10253_7",0.976885
"4035_9",0.997499
"5437_1",0.201637
"1779_1",0.004525
"8740_2",0.003152
"10175_7",0.997228
"5331_4",0.005084
"9506_3",0.009466
"11199_4",0.003916
"9948_2",0.004340
"252_9",0.995653
"1094_3",0.048134
"9145_3",0.022829
"506_8",0.997423
"7126_1",0.009134
"3317_1",0.006136
"11439_4",0.012334
"6583_1",0.006585
"2805_8",0.997837
"1841_10",0.997859
"2698_3",0.720561
"6956_4",0.338757
"7664_8",0.988687
"97_1",0.006432
"4588_9",0.990275
"5220_1",0.002991
"45_2",0.005918
"5812_4",0.483063
"6625_8",0.975891
"2816_9",0.914969
"11463_1",0.009524
"158_9",0.994834
"6633_1",0.003922
"1184_10",0.917343
"3967_1",0.008655
"6653_7",0.097138
"6093_1",0.004362
"2932_7",0.337629
"1522_1",0.003723
"2529_1",0.020042
"1475_1",0.003904
"2027_8",0.997837
"1854_1",0.008612
"6269_10",0.996668
"2184_7",0.995473
"4923_3",0.741668
"10827_9",0.997954
"10885_10",0.997079
"3281_1",0.004113
"1468_7",0.934135
"104_1",0.006450
"3898_3",0.006003
"10973_7",0.996656
"8900_7",0.997739
"10735_1",0.006679
"4992_1",0.002847
"368_8",0.997901
"6709_4",0.003863
"10453_1",0.004226
"139_4",0.989435
"12079_1",0.003662
"7001_4",0.010399
"10533_3",0.430722
"2307_8",0.997352
"7241_9",0.997134
"7717_3",0.004230
"6223_2",0.007255
"9500_2",0.003464
"669_10",0.995897
"1596_3",0.029463
"3576_7",0.972496
"8263_8",0.997710
"6832_4",0.012044
"5158_9",0.997716
"5899_10",0.997754
"5794_4",0.049585
"8854_10",0.997282
"11036_7",0.298811
"8803_3",0.994609
"5733_4",0.019841
"5268_10",0.997961
"12297_2",0.004423
"6862_1",0.004442
"5515_3",0.004605
"3382_10",0.997574
"6738_2",0.003308
"3832_1",0.003978
"10210_7",0.997573
"12080_3",0.553234
"7748_2",0.006810
"4788_1",0.995579
"182_10",0.997775
"4478_4",0.006094
"6544_1",0.005905
"2705_7",0.984564
"10334_1",0.003793
"10374_10",0.996791
"2031_1",0.003070
"4671_7",0.997590
"6231_9",0.991386
"9077_3",0.006106
"6381_1",0.006855
"216_2",0.008103
"9956_4",0.860469
"10882_9",0.117936
"6192_10",0.049714
"10442_8",0.997598
"3199_10",0.997694
"7649_3",0.029780
"1793_9",0.996827
"7987_1",0.011829
"1678_1",0.015098
"8176_4",0.005394
"4674_2",0.012897
"5751_3",0.990892
"6904_9",0.997579
"8869_1",0.004302
"6844_2",0.002874
"8744_2",0.004924
"5430_3",0.987986
"1556_9",0.997312
"10830_9",0.997738
"5642_8",0.995441
"3337_1",0.004495
"5339_1",0.003747
"9198_1",0.004426
"5759_10",0.994594
"10632_9",0.996621
"2067_9",0.997676
"3442_10",0.993626
"3341_4",0.010763
"9055_4",0.018034
"5793_8",0.991390
"896_8",0.989612
"1804_2",0.004405
"1134_8",0.993945
"5532_8",0.996107
"2453_9",0.997931
"8113_2",0.003700
"12046_10",0.997810
"11873_8",0.995622
"4525_8",0.988628
"10377_2",0.033112
"2008_1",0.006274
"10288_1",0.009333
"1083_7",0.948508
"2415_2",0.750655
"6688_9",0.997565
"4448_9",0.994715
"9407_10",0.997220
"3976_4",0.989211
"3930_8",0.996076
"3950_10",0.996960
"5645_3",0.043613
"6064_9",0.997826
"8064_1",0.006157
"3643_1",0.003662
"10321_1",0.005119
"5858_1",0.009150
"8535_9",0.528337
"3643_7",0.026939
"10041_1",0.005409
"11014_10",0.995859
"11776_4",0.006009
"8227_7",0.997515
"11445_8",0.996899
"8756_10",0.996539
"9328_10",0.997782
"11734_10",0.995697
"10118_1",0.005677
"9690_2",0.027673
"7713_8",0.997875
"545_7",0.996705
"10603_8",0.996662
"5925_9",0.997404
"3105_1",0.003334
"10134_4",0.012411
"6354_2",0.067542
"9866_2",0.010922
"7553_10",0.997548
"11324_2",0.992562
"10532_1",0.004163
"439_1",0.003809
"11265_10",0.997893
"6568_8",0.997853
"9218_3",0.018226
"1939_2",0.009865
"4215_7",0.996761
"9968_10",0.997818
"12022_10",0.995690
"897_8",0.114536
"7129_8",0.997202
"7414_4",0.006619
"8118_9",0.994381
"6179_4",0.009479
"10124_8",0.997855
"7379_7",0.996360
"1075_9",0.997892
"2594_3",0.003217
"11482_4",0.213997
"7675_10",0.997664
"3127_8",0.992132
"7440_10",0.997574
"10215_10",0.990929
"5098_10",0.997901
"10534_2",0.005943
"12364_7",0.513082
"5191_1",0.004196
"4179_9",0.992326
"1433_3",0.004798
"12177_8",0.996226
"9519_8",0.997893
"5781_7",0.996840
"10031_8",0.995102
"2631_4",0.004432
"195_4",0.763360
"11432_7",0.989487
"3952_10",0.997833
"5805_2",0.003815
"5555_10",0.997822
"7161_4",0.007911
"1399_1",0.006811
"8332_3",0.003841
"2132_2",0.960892
"12031_1",0.005590
"8480_1",0.003335
"11103_4",0.011589
"12124_3",0.019372
"12072_9",0.997256
"9371_9",0.033768
"2144_4",0.008295
"5668_10",0.997796
"11790_10",0.997574
"6933_7",0.911994
"4932_10",0.997828
"216_10",0.993781
"5862_7",0.034507
"11669_3",0.003987
"7488_4",0.020824
"6402_10",0.997660
"3244_9",0.996228
"5108_7",0.995688
"10854_1",0.004333
"3404_10",0.997507
"4282_7",0.008599
"483_10",0.995374
"2110_4",0.026331
"6199_8",0.997285
"7942_10",0.997948
"314_2",0.003473
"6395_3",0.006043
"274_1",0.005390
"3421_2",0.003505
"4100_1",0.003489
"9232_1",0.006655
"7152_10",0.997840
"10721_7",0.997756
"3565_3",0.006286
"4223_1",0.012099
"3543_10",0.997362
"1256_7",0.992990
"6567_2",0.003166
"10658_9",0.996411
"1381_1",0.006657
"2591_1",0.003147
"4775_2",0.031128
"1743_8",0.808602
"3004_1",0.030626
"11712_7",0.528657
"2966_2",0.004759
"3139_1",0.004779
"989_4",0.007307
"2141_1",0.003856
"8224_1",0.010520
"10222_8",0.797103
"6540_1",0.004781
"7427_10",0.997946
"5519_1",0.988387
"945_2",0.004505
"3996_3",0.005496
"10202_9",0.997799
"1328_9",0.997283
"11425_2",0.003467
"1252_4",0.053700
"10086_1",0.828566
"3946_3",0.005749
"11834_8",0.997703
"10710_1",0.015207
"1858_8",0.989320
"1532_10",0.997738
"7082_10",0.989720
"9813_10",0.997843
"38_1",0.004631
"271_4",0.581653
"7184_1",0.008664
"11866_10",0.996634
"5983_1",0.003790
"5026_10",0.997670
"9030_1",0.003773
"11133_1",0.003270
"10130_2",0.003808
"8357_2",0.009325
"9824_1",0.116616
"7264_4",0.033976
"12449_2",0.009664
"1735_1",0.006854
"618_7",0.997057
"6421_7",0.913310
"6294_4",0.030135
"2174_2",0.004684
"5985_2",0.007359
"7121_10",0.014078
"7912_7",0.995769
"5015_1",0.052081
"6476_2",0.003954
"9954_8",0.993162
"10122_10",0.997758
"9334_9",0.991819
"11751_3",0.014305
"11607_7",0.997070
"11310_10",0.997836
"300_1",0.019247
"6520_4",0.005055
"6735_10",0.997807
"10008_8",0.997409
"7817_7",0.630782
"3634_10",0.997735
"5927_2",0.010940
"3414_3",0.003535
"12266_1",0.041177
"11276_7",0.995371
"5478_3",0.010493
"6992_1",0.011018
"8039_8",0.997726
"11491_4",0.502375
"7823_7",0.997407
"8662_9",0.997071
"9921_2",0.005408
"2058_9",0.997842
"3321_9",0.998061
"8634_7",0.943341
"2161_4",0.100674
"3441_9",0.997083
"10096_1",0.004201
"774_4",0.208158
"12086_9",0.991034
"1968_8",0.973225
"3269_1",0.003584
"2988_10",0.996918
"853_1",0.103269
"5303_10",0.997399
"11628_10",0.997389
"7772_2",0.004402
"2712_1",0.003379
"7362_4",0.005614
"3681_2",0.012072
"2066_1",0.003010
"7089_3",0.976349
"7393_10",0.994855
"7284_1",0.004465
"12199_7",0.932508
"3512_1",0.013602
"4349_2",0.003802
"11825_1",0.008039
"8351_3",0.005550
"467_3",0.014385
"2523_10",0.997632
"12078_8",0.997233
"1418_10",0.998038
"6552_10",0.997925
"10070_10",0.997707
"10031_2",0.006431
"7179_2",0.003359
"4533_1",0.005242
"11788_10",0.997538
"833_3",0.203384
"9777_1",0.006906
"6930_7",0.009034
"2310_10",0.997849
"2924_8",0.994138
"7252_10",0.996582
"10216_10",0.996392
"104_10",0.979682
"4283_4",0.005647
"6351_4",0.005822
"1272_4",0.006453
"11226_9",0.994917
"3342_10",0.987644
"3326_9",0.997255
"3541_8",0.997739
"8142_10",0.996471
"6491_10",0.995023
"2125_10",0.997693
"7008_10",0.997856
"5347_9",0.997827
"8420_9",0.994990
"10767_3",0.030365
"12094_1",0.003234
"11904_1",0.003291
"2635_1",0.004552
"4074_10",0.997843
"2470_1",0.623421
"5888_3",0.004872
"9164_4",0.018470
"11312_1",0.004150
"2588_3",0.005729
"9177_1",0.005251
"10361_9",0.997478
"9216_10",0.996956
"5754_3",0.024516
"12314_10",0.997941
"9044_3",0.024172
"5677_2",0.005015
"6664_4",0.007564
"2308_3",0.004014
"7377_3",0.992788
"9149_8",0.997614
"5244_3",0.008296
"10656_3",0.017411
"10885_1",0.004436
"4296_9",0.775263
"1770_2",0.004249
"4940_10",0.997813
"3984_10",0.996509
"2976_10",0.997603
"2767_1",0.003880
"11848_2",0.004816
"3096_10",0.995883
"9792_3",0.014037
"9785_10",0.004382
"10264_8",0.996984
"12277_7",0.995356
"8110_8",0.995501
"10396_8",0.997184
"3233_2",0.007963
"1903_1",0.014201
"4743_10",0.990532
"1417_9",0.997838
"2662_1",0.005547
"11231_4",0.967497
"9747_10",0.997722
"27_4",0.004640
"3310_2",0.126595
"3212_10",0.997738
"5608_3",0.005189
"1241_4",0.015984
"5543_7",0.997632
"7945_9",0.997746
"3705_7",0.995599
"1598_10",0.664145
"4273_10",0.997459
"5985_9",0.997323
"531_2",0.996021
"6744_7",0.955199
"10270_1",0.006391
"11199_9",0.997146
"9755_4",0.295666
"12080_10",0.997205
"5600_10",0.997946
"12216_10",0.995574
"10783_4",0.031910
"3307_1",0.006679
"10954_7",0.941223
"9959_4",0.005240
"10223_10",0.997881
"12130_1",0.997773
"11939_7",0.018247
"12318_10",0.997813
"6204_10",0.997447
"2927_9",0.979605
"2779_10",0.997526
"3661_1",0.005654
"9068_3",0.007895
"1970_2",0.961450
"7539_10",0.996940
"9241_3",0.003878
"9350_3",0.031342
"7885_8",0.998005
"1078_9",0.931784
"6062_2",0.049606
"1215_10",0.996483
"1561_3",0.004505
"2159_1",0.005378
"8637_10",0.997640
"8375_4",0.707325
"2864_1",0.008505
"186_9",0.997965
"1669_9",0.994837
"6936_9",0.994880
"7541_3",0.013156
"1515_7",0.985879
"5039_7",0.995854
"9269_1",0.017239
"4965_10",0.997741
"10028_3",0.016889
"3547_4",0.024704
"6070_10",0.997564
"11334_7",0.997324
"4980_7",0.995939
"5063_2",0.005440
"11637_8",0.789856
"310_1",0.008190
"9847_1",0.006399
"4433_9",0.996976
"4535_1",0.005682
"11209_10",0.995320
"242_3",0.005572
"6150_7",0.007724
"7499_2",0.003951
"10073_7",0.930461
"7352_3",0.004267
"6616_2",0.006390
"2148_1",0.004511
"322_1",0.021944
"638_1",0.005164
"3236_10",0.997235
"11913_7",0.997093
"7188_4",0.005695
"3999_2",0.003986
"1397_1",0.019255
"11768_8",0.997486
"10301_2",0.100279
"7486_10",0.997875
"7915_2",0.003581
"103_10",0.997909
"2249_1",0.043698
"11559_9",0.997609
"11374_4",0.012648
"7639_3",0.006815
"11922_3",0.007732
"6068_10",0.997894
"7681_3",0.145124
"3097_1",0.005179
"10233_3",0.012174
"9111_1",0.005763
"7240_2",0.005711
"10394_9",0.987362
"792_2",0.046928
"440_1",0.004279
"11141_1",0.003997
"7488_7",0.997352
"2731_4",0.010193
"11632_10",0.063278
"7577_3",0.035791
"12047_8",0.997168
"7055_8",0.997960
"394_9",0.997658
"777_2",0.004693
"6460_8",0.996876
"10412_2",0.005790
"9910_8",0.940191
"826_8",0.997479
"7381_1",0.004916
"1700_8",0.925643
"1131_2",0.010372
"6796_10",0.997781
"7084_8",0.997133
"5735_1",0.004358
"6290_7",0.997892
"10506_8",0.985479
"2276_8",0.985405
"6221_1",0.997873
"1404_4",0.159142
"1440_1",0.005558
"8199_9",0.997764
"1145_2",0.004489
"5546_4",0.021266
"816_3",0.985461
"10535_10",0.997705
"2_3",0.004748
"6735_1",0.005070
"2684_4",0.004516
"1765_10",0.977166
"4346_7",0.969666
"1157_9",0.010737
"4216_1",0.003129
"3937_8",0.997684
"11140_10",0.997460
"1635_1",0.005234
"4457_10",0.990193
"7250_8",0.997752
"3801_7",0.022788
"7892_10",0.996251
"11022_8",0.997844
"5856_7",0.008413
"345_7",0.035883
"10809_3",0.261158
"9474_4",0.009770
"5775_10",0.997683
"2845_3",0.011500
"1383_10",0.996839
"9171_7",0.976983
"10866_9",0.994126
"12161_8",0.959064
"9118_1",0.005946
"9122_8",0.997527
"5142_1",0.002814
"2798_9",0.997418
"2260_8",0.995063
"11677_10",0.997279
"2788_1",0.003910
"8896_8",0.997879
"7685_10",0.997773
"760_1",0.003213
"7811_4",0.011809
"1964_8",0.997904
"5059_10",0.996608
"4568_1",0.004173
"7475_1",0.005600
"11400_3",0.004519
"6082_3",0.004416
"7961_4",0.927626
"7502_8",0.997790
"11351_10",0.997753
"9851_8",0.989537
"1172_1",0.005075
"1815_10",0.997575
"6218_8",0.996463
"9628_9",0.996682
"2312_3",0.004493
"5014_10",0.996552
"7845_8",0.996490
"4468_9",0.997731
"2247_10",0.997451
"4408_10",0.997833
"2957_2",0.007147
"4716_1",0.002681
"9909_1",0.004381
"8611_1",0.003377
"5055_10",0.997554
"5828_10",0.997613
"1147_1",0.004572
"11716_10",0.140464
"5289_8",0.997582
"5566_10",0.997174
"3389_2",0.003510
"6169_4",0.004124
"12019_10",0.997330
"4136_7",0.950941
"2421_3",0.003549
"607_10",0.997021
"4084_8",0.995259
"7333_1",0.004146
"8208_7",0.954751
"2971_10",0.997417
"7508_1",0.004689
"988_8",0.997868
"1124_8",0.997495
"3658_10",0.997843
"5155_7",0.997534
"11362_2",0.093020
"8776_10",0.997840
"7294_10",0.996152
"10853_8",0.996629
"871_10",0.997908
"11513_1",0.009831
"5605_10",0.296655
"1235_8",0.656950
"623_2",0.022250
"1271_2",0.018629
"7590_7",0.906278
"5075_4",0.004739
"6175_4",0.017676
"10629_1",0.003092
"1474_7",0.315288
"9077_9",0.994818
"11630_7",0.996715
"11060_2",0.006392
"664_9",0.997432
"4778_10",0.997962
"3535_1",0.004400
"1130_1",0.003034
"10718_1",0.003347
"3334_1",0.003780
"7133_2",0.007147
"12073_1",0.005910
"7877_10",0.997769
"12286_10",0.994348
"8675_4",0.025854
"8968_7",0.014982
"8118_1",0.002812
"12109_10",0.997238
"6476_8",0.997966
"12248_2",0.003189
"9444_1",0.003058
"9932_10",0.997452
"6863_9",0.997716
"7810_1",0.010448
"5463_1",0.005483
"8385_10",0.996462
"5560_3",0.002859
"12391_2",0.007865
"3644_9",0.989916
"1225_1",0.003476
"375_1",0.003299
"11515_7",0.995896
"3812_1",0.005469
"10747_1",0.005779
"8059_8",0.996317
"633_1",0.011040
"9189_10",0.997331
"11404_8",0.993173
"11871_8",0.995960
"2883_8",0.997896
"9048_4",0.142750
"1066_1",0.004691
"630_3",0.022149
"61_9",0.997653
"9264_10",0.997636
"5132_9",0.997738
"5796_9",0.997043
"11232_2",0.007119
"327_1",0.003296
"9787_8",0.997459
"7780_2",0.004837
"2533_2",0.004067
"7349_10",0.997463
"2593_1",0.918061
"4672_8",0.997584
"11191_10",0.997371
"1301_1",0.004882
"10632_4",0.005040
"10750_1",0.005723
"2621_2",0.974824
"12045_4",0.994723
"4276_10",0.997835
"9960_2",0.020134
"3307_8",0.997015
"3007_10",0.996363
"7204_9",0.993708
"3988_7",0.974493
"4129_8",0.997833
"2071_1",0.003973
"7310_3",0.992889
"855_9",0.997589
"5380_1",0.005354
"5067_2",0.006084
"6320_2",0.008748
"1019_3",0.003545
"8216_2",0.012909
"3814_7",0.994697
"7888_4",0.989813
"3419_2",0.006961
"3039_8",0.997747
"12039_4",0.044370
"1191_7",0.997591
"2361_1",0.003053
"8291_10",0.997937
"4954_3",0.013441
"12430_1",0.005354
"7634_7",0.224516
"11902_10",0.997516
"1603_10",0.598003
"9395_8",0.014981
"9384_2",0.006120
"11687_1",0.005825
"4148_3",0.780364
"171_7",0.995409
"11814_4",0.005837
"8124_3",0.603923
"11387_1",0.006755
"3249_9",0.997555
"3591_10",0.997943
"10171_8",0.026316
"1100_9",0.990263
"7144_4",0.997834
"8060_9",0.997067
"11063_10",0.997780
"3481_2",0.005776
"7413_4",0.004207
"11121_2",0.016736
"4700_2",0.013875
"1566_4",0.057214
"11731_3",0.012025
"7346_10",0.997397
"7890_10",0.734129
"11704_10",0.997013
"4635_10",0.033780
"2369_8",0.511639
"9655_10",0.997720
"2115_2",0.004642
"6408_7",0.912192
"10470_1",0.005206
"11512_8",0.997875
"11523_7",0.996574
"10379_3",0.007748
"9164_9",0.997351
"3150_1",0.103593
"2880_3",0.052449
"1608_7",0.978540
"2406_9",0.997627
"260_10",0.997645
"10658_3",0.004279
"10609_1",0.016277
"6861_7",0.137262
"10058_2",0.982535
"11618_10",0.995608
"3727_4",0.052868
"1924_10",0.996136
"7471_1",0.018092
"1856_7",0.418834
"10132_3",0.020771
"4010_2",0.004006
"11752_2",0.132900
"11122_2",0.005377
"11065_1",0.004961
"1211_1",0.003942
"8973_7",0.009406
"1888_9",0.997836
"8521_8",0.278774
"6671_4",0.499022
"4241_3",0.015546
"10925_4",0.006151
"4030_2",0.003461
"9410_1",0.003222
"10004_2",0.015049
"599_1",0.003473
"8656_1",0.003088
"10087_7",0.995186
"5118_10",0.997172
"9780_4",0.005638
"586_2",0.004648
"6464_4",0.015613
"7482_1",0.003583
"11075_8",0.996508
"11984_1",0.006197
"6808_9",0.997872
"6178_10",0.921172
"12196_7",0.964381
"7771_10",0.997864
"10801_1",0.021546
"1243_2",0.004508
"4028_2",0.003416
"700_4",0.995487
"758_10",0.997821
"5393_8",0.996165
"3552_4",0.980328
"3440_10",0.997697
"12357_7",0.874912
"10850_2",0.018941
"5083_10",0.995530
"790_10",0.733326
"302_3",0.007353
"11160_3",0.007161
"1170_1",0.004649
"6341_3",0.006063
"289_1",0.075854
"3075_7",0.997747
"12016_7",0.959978
"5998_3",0.003498
"5295_1",0.002756
"9712_2",0.007048
"9689_10",0.980365
"9441_1",0.003993
"7426_10",0.997952
"612_9",0.994653
"4331_8",0.454969
"1016_7",0.110577
"4463_7",0.921776
"9520_1",0.004055
"1557_10",0.996720
"6277_1",0.005341
"2279_3",0.005089
"11591_10",0.997638
"3503_1",0.005759
"9814_1",0.010426
"11342_4",0.280356
"5133_1",0.008691
"11189_10",0.997710
"2343_8",0.994822
"2234_7",0.997153
"926_4",0.028356
"9829_2",0.005363
"3338_7",0.994472
"4272_9",0.997514
"4826_1",0.006075
"10529_3",0.014945
"12398_1",0.006886
"6965_10",0.995943
"10737_9",0.997815
"9356_1",0.002951
"2087_3",0.004381
"5802_4",0.995259
"6514_8",0.997767
"11607_4",0.040248
"9117_4",0.029609
"2011_10",0.997203
"11952_4",0.056145
"8753_4",0.997721
"5338_8",0.997558
"10799_3",0.024578
"6388_3",0.025167
"4667_1",0.003173
"11302_9",0.997403
"6587_4",0.115836
"6822_8",0.997268
"9725_10",0.997861
"7237_10",0.996128
"7710_1",0.003779
"6090_1",0.006548
"9864_4",0.365994
"9759_1",0.005257
"8926_10",0.521251
"2454_1",0.011270
"4364_1",0.004909
"10672_1",0.003963
"7703_4",0.002813
"7289_1",0.003372
"6370_2",0.051740
"8898_7",0.997732
"245_8",0.995593
"7786_2",0.018912
"12092_8",0.997126
"12495_3",0.053367
"2762_2",0.004556
"11009_1",0.004406
"7735_1",0.430859
"5377_8",0.994803
"6074_3",0.003994
"2133_1",0.003748
"2291_1",0.010451
"767_1",0.050871
"2677_3",0.006147
"5801_2",0.004575
"11416_7",0.996799
"7083_3",0.068204
"7268_1",0.003931
"8613_1",0.009334
"446_10",0.997935
"6513_7",0.166531
"11229_4",0.157041
"11155_4",0.027249
"10298_9",0.997040
"1521_8",0.997883
"5682_1",0.118313
"11575_3",0.007674
"10144_1",0.006119
"5819_10",0.995244
"7287_4",0.005748
"11507_10",0.997491
"10458_7",0.997563
"5935_1",0.005163
"4126_1",0.003552
"3777_10",0.996586
"1720_3",0.004169
"11112_2",0.007248
"6222_9",0.997889
"8019_1",0.008538
"10067_4",0.016740
"5991_9",0.997740
"10203_10",0.997393
"2485_1",0.003019
"5910_2",0.013681
"3940_9",0.997972
"9140_10",0.991793
"9558_10",0.997977
"4582_7",0.199218
"3323_1",0.004330
"5038_4",0.004237
"12405_10",0.997504
"11620_4",0.005765
"8774_7",0.994776
"10164_9",0.996418
"4112_3",0.012778
"629_7",0.053476
"2732_7",0.800181
"4356_3",0.892454
"514_9",0.997776
"168_1",0.003252
"7157_1",0.004581
"11193_7",0.017653
"12163_1",0.006162
"259_2",0.003795
"9977_1",0.004206
"5169_10",0.997304
"7439_10",0.997869
"10261_1",0.005996
"6623_7",0.498828
"2834_9",0.992693
"2930_10",0.996885
"3232_10",0.997831
"533_10",0.997611
"6006_4",0.004146
"9029_4",0.004729
"7738_4",0.083663
"52_4",0.042195
"374_4",0.153081
"4502_1",0.010734
"10309_8",0.226696
"7541_8",0.977973
"1874_1",0.039073
"6884_1",0.004617
"7285_1",0.003594
"3385_2",0.007567
"7078_2",0.010251
"10788_10",0.997931
"6361_7",0.994060
"5761_10",0.997258
"8946_1",0.004431
"393_1",0.008040
"458_4",0.004749
"7435_10",0.997759
"10816_2",0.004792
"1606_10",0.997920
"1742_3",0.005137
"7167_8",0.738474
"1249_9",0.997535
"473_9",0.997823
"3475_9",0.942662
"2316_3",0.004017
"3739_2",0.004991
"4746_9",0.996606
"9924_8",0.993894
"2202_8",0.997644
"11531_1",0.018744
"11138_7",0.997771
"3402_1",0.003576
"4547_10",0.997565
"2786_2",0.158885
"1570_8",0.997779
"3095_3",0.019173
"4745_1",0.004394
"165_4",0.464279
"1578_4",0.006560
"495_10",0.997422
"12414_1",0.009531
"1383_1",0.022052
"10438_3",0.006942
"812_3",0.009103
"9588_9",0.995362
"7785_10",0.997782
"11169_4",0.007569
"7476_10",0.996967
"8196_1",0.002999
"6526_7",0.986336
"1695_3",0.166675
"11077_10",0.996155
"7642_7",0.989224
"7618_3",0.984643
"353_10",0.997361
"210_9",0.843609
"9455_10",0.997365
"520_2",0.003381
"7615_10",0.997764
"7475_9",0.997833
"6894_7",0.997697
"8622_2",0.004043
"11149_3",0.004901
"6154_3",0.009738
"2514_7",0.992208
"4359_1",0.030596
"8797_4",0.003763
"10023_8",0.378887
"1212_4",0.978064
"9985_1",0.004609
"4182_1",0.006608
"10662_10",0.997284
"3907_7",0.997767
"11342_10",0.997379
"1483_3",0.011366
"10510_7",0.997375
"8522_2",0.002885
"6049_4",0.011452
"2687_9",0.997834
"9766_7",0.944138
"6792_1",0.003150
"5990_10",0.997803
"11699_2",0.007606
"3446_4",0.005986
"10448_7",0.856209
"5629_1",0.004158
"2831_1",0.003920
"4351_10",0.997865
"2547_1",0.004913
"2778_2",0.037584
"7307_10",0.725426
"11148_3",0.003726
"907_3",0.006358
"2184_1",0.006368
"2030_8",0.997714
"11051_4",0.007053
"9150_4",0.006840
"12418_7",0.993919
"10724_10",0.997078
"8876_8",0.997798
"1620_7",0.640350
"12423_9",0.990821
"3642_1",0.018284
"10214_10",0.997197
"4575_3",0.689712
"2692_7",0.996957
"3919_1",0.004081
"11971_8",0.005183
"11676_10",0.941588
"8047_1",0.003331
"4009_8",0.997340
"7929_9",0.997431
"2432_10",0.997896
"8933_8",0.997386
"1375_1",0.173946
"1861_7",0.997199
"10897_10",0.997722
"2828_10",0.005151
"4568_10",0.997903
"1535_7",0.990902
"7282_8",0.996939
"12365_10",0.981759
"6682_3",0.011489
"1393_8",0.992585
"7270_1",0.003464
"1680_10",0.996664
"8207_8",0.997590
"8612_2",0.008211
"5640_9",0.997065
"96_10",0.997976
"12093_2",0.038348
"2068_9",0.997213
"9799_10",0.997987
"8730_1",0.003362
"1000_3",0.936806
"742_2",0.766478
"10432_10",0.997532
"9425_2",0.004564
"11636_3",0.085416
"6564_2",0.003682
"5706_9",0.997818
"8594_3",0.004730
"9488_9",0.985646
"12283_8",0.997502
"6579_3",0.004270
"6738_10",0.997988
"9007_2",0.014397
"2723_8",0.997629
"5115_3",0.199653
"9469_10",0.995967
"1444_1",0.005294
"5688_1",0.006581
"12390_4",0.038681
"1681_1",0.003062
"9048_7",0.924592
"10207_3",0.009623
"3817_9",0.997884
"2200_10",0.997572
"4250_8",0.997749
"12213_10",0.997549
"11602_4",0.987691
"4507_4",0.007930
"3817_1",0.004973
"9394_1",0.010194
"9129_1",0.004992
"3675_7",0.995202
"1670_4",0.996204
"1151_1",0.063594
"8818_4",0.046415
"4810_7",0.997217
"4979_1",0.002947
"80_4",0.036801
"5506_9",0.991261
"7451_10",0.976005
"4539_10",0.997748
"6914_10",0.996852
"2807_10",0.997111
"10229_10",0.997651
"10908_8",0.979664
"7709_9",0.997796
"10872_9",0.996430
"8487_1",0.003067
"1140_9",0.997030
"558_10",0.997299
"9935_8",0.995649
"1084_8",0.996964
"6185_9",0.996986
"9278_7",0.144659
"3756_7",0.995124
"4308_1",0.002830
"121_8",0.997631
"11072_8",0.997362
"9420_7",0.994567
"3955_1",0.004033
"9591_10",0.084426
"11176_1",0.003385
"11882_2",0.004530
"12458_10",0.982916
"303_10",0.997807
"3779_8",0.992710
"1805_4",0.026421
"12054_2",0.005098
"1990_4",0.005011
"7331_1",0.005370
"6243_8",0.988318
"7201_1",0.003016
"6230_7",0.953753
"11252_3",0.006661
"8379_8",0.996257
"11890_1",0.019126
"6977_1",0.002844
"5481_1",0.004336
"6013_7",0.967423
"11638_4",0.277730
"3302_1",0.026673
"4837_4",0.993231
"737_1",0.006083
"6128_3",0.006243
"3749_4",0.015395
"580_3",0.027014
"11031_10",0.997752
"6644_1",0.003913
"8517_1",0.003479
"4883_3",0.004523
"4273_4",0.006039
"404_1",0.005584
"12108_10",0.997549
"10005_8",0.953930
"7140_4",0.078450
"258_8",0.997321
"6746_7",0.997751
"7189_2",0.028663
"11626_4",0.008488
"10785_10",0.995886
"11007_1",0.004262
"8987_7",0.995525
"275_1",0.003585
"2554_10",0.997146
"2682_1",0.002832
"3797_1",0.003398
"7383_1",0.003483
"9816_9",0.995227
"11057_8",0.995019
"11901_3",0.006903
"11501_3",0.034308
"11999_2",0.005105
"740_3",0.004724
"3109_8",0.997540
"2773_8",0.997658
"5725_4",0.024300
"4423_3",0.004215
"4035_2",0.003522
"6550_7",0.097523
"711_4",0.842320
"10773_4",0.064842
"11202_1",0.003655
"1054_2",0.002785
"2207_10",0.997867
"9809_4",0.013686
"11349_10",0.997726
"5195_4",0.008378
"6881_4",0.954940
"7537_3",0.019904
"99_3",0.006095
"6589_9",0.997700
"11781_10",0.992795
"4337_3",0.005163
"4928_10",0.997820
"6310_1",0.004517
"11867_8",0.297800
"9462_2",0.013948
"12224_9",0.870357
"1195_3",0.003511
"11324_10",0.997311
"11272_4",0.010322
"2461_7",0.997698
"4034_7",0.997462
"2340_10",0.997882
"9827_9",0.996526
"4660_4",0.016886
"2448_1",0.004466
"7485_7",0.271830
"7003_10",0.996867
"6204_1",0.021964
"1920_10",0.996822
"6824_1",0.016587
"6668_10",0.997705
"7359_1",0.004369
"2753_4",0.996052
"7320_10",0.996618
"3661_10",0.997872
"1059_1",0.008875
"5067_10",0.997273
"5724_3",0.003628
"11265_2",0.003886
"11331_1",0.006075
"5398_10",0.997851
"9328_2",0.003746
"100_4",0.026525
"6118_10",0.997608
"320_3",0.002978
"4395_10",0.997252
"7256_4",0.017722
"3949_10",0.997221
"7097_1",0.997771
"6971_2",0.019166
"9855_2",0.022622
"457_8",0.997942
"9929_7",0.131572
"9574_10",0.997776
"12261_4",0.686379
"5228_9",0.997553
"11684_2",0.002619
"7913_9",0.997790
"9595_3",0.007826
"10501_10",0.996847
"10610_7",0.996422
"8573_7",0.990684
"1823_2",0.005868
"12070_4",0.084755
"6995_8",0.997005
"4929_1",0.003911
"2555_4",0.012371
"6583_7",0.997717
"2490_1",0.008600
"8203_7",0.997044
"7861_3",0.003938
"2548_2",0.555924
"12291_7",0.995887
"756_1",0.004343
"9275_7",0.993049
"9234_9",0.997956
"10598_10",0.997533
"8252_8",0.994759
"3585_2",0.006378
"11561_1",0.003252
"690_10",0.995890
"7203_10",0.997663
"11141_10",0.997481
"5583_10",0.997702
"7341_10",0.997784
"10623_8",0.997796
"868_4",0.006217
"778_9",0.997617
"4653_10",0.184476
"7450_4",0.997700
"8836_8",0.997874
"226_9",0.008477
"464_10",0.997973
"2850_9",0.997152
"10242_8",0.950956
"2403_10",0.997881
"3397_10",0.997775
"1003_4",0.994987
"10940_10",0.981591
"3349_10",0.997818
"5909_1",0.003281
"12021_8",0.997614
"5019_1",0.027122
"1809_7",0.997732
"4435_10",0.997658
"10029_1",0.003450
"8234_2",0.006801
"3760_1",0.004006
"10952_10",0.997605
"1487_9",0.997658
"46_10",0.997338
"4917_4",0.004234
"2000_9",0.997541
"10974_2",0.401615
"11275_8",0.994337
"1816_10",0.997891
"4848_3",0.477311
"11730_3",0.136875
"1903_10",0.997365
"12331_9",0.988522
"10360_9",0.997889
"9243_10",0.997522
"10115_8",0.997891
"11417_3",0.004591
"6259_4",0.024867
"316_10",0.997379
"1100_4",0.984050
"7919_2",0.032291
"1871_2",0.004186
"12488_8",0.997300
"10239_9",0.981252
"7832_2",0.004396
"8808_1",0.003363
"7241_2",0.004426
"4412_2",0.010060
"807_10",0.874849
"9728_8",0.776762
"5665_2",0.004501
"491_2",0.005815
"7938_1",0.005478
"3513_8",0.997269
"8942_1",0.004707
"11520_7",0.994527
"11478_3",0.997602
"5627_10",0.920115
"3462_2",0.005939
"5161_10",0.997860
"6545_2",0.004454
"6513_4",0.916771
"3032_1",0.004361
"7403_2",0.005373
"11878_3",0.004283
"11348_8",0.996454
"4979_7",0.993079
"7131_1",0.003302
"3972_3",0.018491
"2925_2",0.062483
"5346_3",0.003897
"10709_3",0.012320
"10999_2",0.007576
"5974_10",0.993854
"9008_10",0.997789
"1324_10",0.997923
"10454_8",0.050080
"8336_8",0.091455
"5869_10",0.997460
"9922_3",0.003076
"2081_2",0.007239
"5811_7",0.997086
"1619_10",0.995639
"5461_7",0.997268
"9152_2",0.004502
"9071_8",0.997757
"4688_10",0.997585
"8956_10",0.997861
"1883_4",0.004686
"5707_1",0.004285
"7529_3",0.016671
"83_1",0.004056
"10440_1",0.003431
"3673_1",0.003160
"6983_4",0.010603
"2546_4",0.992336
"6698_3",0.034722
"10689_3",0.022687
"9986_10",0.997459
"5614_10",0.187636
"10094_4",0.016017
"12468_10",0.997234
"3828_10",0.994099
"10524_2",0.003268
"2016_2",0.008122
"7583_4",0.006811
"4795_8",0.995315
"7564_3",0.218348
"1366_3",0.011849
"508_4",0.010063
"9509_3",0.328007
"1587_3",0.003568
"12376_4",0.834485
"2525_8",0.909749
"2877_2",0.004860
"9485_9",0.997815
"12023_8",0.997679
"11544_10",0.998029
"198_3",0.005293
"4390_1",0.003723
"993_8",0.984737
"7965_9",0.996668
"8865_1",0.003093
"6638_1",0.008096
"141_8",0.993643
"136_2",0.007310
"3004_10",0.997814
"3457_9",0.997684
"11488_1",0.004862
"644_2",0.004711
"8387_9",0.993622
"5026_3",0.846558
"8936_7",0.997257
"453_4",0.528454
"8547_3",0.015326
"10542_4",0.004751
"5231_9",0.982107
"9592_10",0.996035
"8591_7",0.997654
"6686_10",0.997738
"7246_10",0.997810
"2194_4",0.007826
"11533_9",0.997592
"6109_10",0.942208
"9092_3",0.008007
"11223_8",0.997844
"10829_9",0.997910
"9857_3",0.005966
"2223_10",0.989712
"8052_10",0.893339
"11604_3",0.005628
"4448_1",0.968712
"5394_8",0.948481
"10168_9",0.997860
"11943_4",0.014889
"7311_8",0.995286
"1362_9",0.991744
"9165_8",0.997665
"12294_10",0.997592
"6086_9",0.997944
"608_8",0.997466
"4592_10",0.073514
"708_10",0.995434
"6548_4",0.967615
"7552_4",0.810533
"9263_8",0.996465
"5393_1",0.006479
"220_10",0.985471
"10640_7",0.997514
"4086_10",0.997182
"11026_3",0.005352
"12466_10",0.997898
"905_3",0.006358
"92_8",0.650150
"11362_10",0.997673
"5030_8",0.997610
"2909_7",0.010402
"8402_7",0.997243
"4046_10",0.996380
"4065_9",0.996566
"6460_4",0.994010
"11108_1",0.005767
"1139_1",0.004505
"2457_3",0.035691
"2675_7",0.259467
"9360_1",0.006841
"5750_8",0.997267
"7125_2",0.997125
"6637_8",0.996941
"3290_7",0.996658
"3979_8",0.997469
"2100_1",0.003405
"10836_1",0.004341
"10904_3",0.004781
"5226_7",0.997092
"22_8",0.996983
"2726_10",0.996386
"11405_8",0.997389
"11204_2",0.007798
"6201_9",0.997453
"1653_10",0.997448
"9500_7",0.995788
"12104_7",0.997409
"1499_3",0.010224
"1415_1",0.003889
"11285_2",0.986177
"4481_1",0.938477
"10249_8",0.997903
"2391_9",0.997629
"2186_3",0.337416
"56_10",0.997842
"127_10",0.997751
"5509_9",0.019729
"9855_9",0.080770
"7522_10",0.997699
"11751_9",0.996609
"3330_3",0.047745
"4055_8",0.997721
"3694_3",0.006683
"6911_4",0.005206
"9677_10",0.997701
"9706_1",0.004235
"426_4",0.006757
"2995_2",0.010556
"7914_8",0.997204
"11344_9",0.995114
"680_8",0.997564
"2094_3",0.984177
"2009_9",0.997703
"7309_7",0.997390
"138_1",0.003799
"2689_9",0.997753
"6050_2",0.006968
"8987_2",0.008778
"2053_8",0.997670
"12245_4",0.223527
"12020_10",0.033091
"10364_10",0.997680
"11581_1",0.002925
"12079_10",0.927926
"6537_1",0.003074
"2739_10",0.996722
"8719_1",0.008007
"9436_1",0.004744
"5029_3",0.006702
"8321_10",0.941229
"7135_9",0.997091
"9512_10",0.997496
"6397_7",0.041850
"9457_9",0.995991
"7740_2",0.006734
"10591_2",0.004932
"9856_4",0.006019
"2456_1",0.009586
"10543_7",0.997107
"544_4",0.988741
"3679_10",0.997675
"9042_1",0.003441
"5368_8",0.996887
"8276_3",0.004022
"1984_2",0.004380
"4205_7",0.982130
"5765_7",0.996724
"5202_1",0.003547
"4127_4",0.913500
"12316_9",0.997958
"657_1",0.002610
"12205_2",0.046307
"3426_10",0.997358
"5616_10",0.996687
"11644_3",0.007153
"795_10",0.997712
"12416_2",0.016137
"115_3",0.003367
"55_10",0.997213
"11187_10",0.996112
"9072_4",0.996138
"875_4",0.033018
"4196_1",0.005620
"293_10",0.028513
"5564_1",0.003801
"6811_8",0.994266
"9135_3",0.006393
"9964_8",0.996747
"981_9",0.046662
"8506_10",0.997128
"4459_9",0.997657
"7609_1",0.012207
"6246_10",0.996388
"5989_4",0.010317
"11839_10",0.995652
"9186_2",0.010879
"3411_10",0.955233
"8677_1",0.015335
"9125_4",0.036898
"2166_8",0.985068
"11827_4",0.021139
"2574_2",0.011307
"4789_4",0.974858
"1093_4",0.004373
"8195_1",0.008489
"11011_10",0.989446
"3944_9",0.987631
"10606_10",0.997592
"5029_7",0.986766
"9496_8",0.995633
"9256_8",0.997796
"5640_3",0.036571
"8164_8",0.958988
"10413_3",0.082269
"4838_2",0.004102
"12265_9",0.996768
"6222_1",0.003960
"883_8",0.996068
"395_8",0.993266
"1182_7",0.997714
"8701_7",0.996710
"8863_4",0.004652
"10943_3",0.005616
"10692_10",0.996220
"11872_7",0.997606
"4729_9",0.996819
"920_10",0.997757
"9352_4",0.006004
"10095_9",0.997459
"8986_2",0.005296
"7061_2",0.002988
"2746_1",0.004142
"10359_8",0.996667
"6826_7",0.012830
"7075_3",0.010115
"8237_10",0.997870
"9103_10",0.904491
"6538_9",0.997044
"3085_4",0.994136
"10759_9",0.697638
"12249_2",0.011111
"6774_4",0.011181
"3564_2",0.034750
"144_2",0.005520
"12112_3",0.003804
"8166_10",0.996811
"10817_8",0.997928
"7462_10",0.997677
"7626_2",0.014884
"8221_2",0.110966
"2528_10",0.057816
"6765_3",0.003926
"1267_8",0.997588
"8257_10",0.995672
"11501_8",0.997925
"11196_10",0.997831
"10006_7",0.996692
"2104_2",0.003332
"9067_8",0.176431
"4760_4",0.012135
"4372_7",0.995685
"3441_2",0.006410
"10439_3",0.006392
"6604_1",0.004045
"10689_10",0.997545
"11289_4",0.006570
"2051_7",0.996865
"42_10",0.997927
"1567_7",0.010014
"4890_9",0.995504
"2583_1",0.003817
"5376_2",0.004061
"2539_10",0.997138
"390_4",0.008874
"11509_1",0.003159
"7481_8",0.966650
"10840_2",0.003797
"9433_1",0.990157
"7774_10",0.997934
"2654_7",0.019905
"9582_7",0.991437
"1780_3",0.014792
"4032_8",0.981874
"3130_9",0.997863
"1920_3",0.008725
"5056_7",0.997317
"4537_10",0.997120
"2505_1",0.005773
"3942_2",0.006415
"483_2",0.015331
"2771_3",0.003794
"4872_8",0.996086
"7897_1",0.002889
"12039_8",0.997781
"11008_4",0.026983
"4090_7",0.995062
"3051_4",0.115611
"5700_1",0.003091
"3498_10",0.996727
"5676_7",0.995785
"5565_1",0.005276
"9347_10",0.978072
"4178_1",0.021330
"6303_4",0.010409
"1579_7",0.816632
"5783_9",0.961070
"4001_8",0.997034
"11698_2",0.004588
"7029_3",0.003881
"268_3",0.003449
"7098_1",0.997841
"6608_9",0.997864
"1123_1",0.008133
"7523_10",0.993609
"10647_3",0.004377
"12232_8",0.997751
"8103_4",0.967284
"7336_7",0.997057
"7049_8",0.996733
"9694_3",0.087401
"5894_3",0.007536
"10981_4",0.008836
"10104_10",0.997878
"5752_7",0.997213
"2622_2",0.005129
"11529_2",0.003250
"5040_1",0.008005
"1870_8",0.997800
"7368_3",0.004666
"843_1",0.156613
"4972_8",0.967027
"4615_9",0.997866
"8191_10",0.996608
"6940_10",0.155579
"4924_4",0.015185
"10392_2",0.003006
"3339_7",0.732980
"3594_10",0.997856
"10354_7",0.836542
"6594_10",0.997225
"11311_1",0.005570
"4409_10",0.997547
"1669_4",0.886557
"7819_1",0.003912
"6704_1",0.003099
"667_10",0.993627
"6444_1",0.010384
"1223_3",0.005074
"10089_9",0.996810
"6699_1",0.003319
"814_7",0.992769
"2363_10",0.997280
"1697_2",0.005679
"6345_4",0.004128
"10109_1",0.005546
"4563_7",0.989763
"1924_1",0.003466
"11416_2",0.010396
"539_7",0.987791
"5937_9",0.997394
"1912_8",0.996511
"4135_3",0.006116
"4141_7",0.953550
"7217_2",0.024335
"5538_3",0.002964
"2657_10",0.997863
"6279_4",0.581365
"7706_1",0.007594
"10409_10",0.995316
"6780_1",0.005614
"6251_10",0.997935
"12227_1",0.009700
"1146_10",0.997811
"10977_9",0.997601
"3857_1",0.005634
"7622_8",0.984996
"2548_7",0.995361
"8602_9",0.995501
"8885_8",0.997445
"472_4",0.030927
"11700_9",0.997373
"10268_3",0.002951
"7569_10",0.997855
"475_1",0.004381
"4719_1",0.008350
"8851_3",0.004052
"6320_10",0.988788
"4290_7",0.624479
"7936_10",0.997361
"4616_1",0.003840
"3616_7",0.996591
"4849_3",0.011653
"3689_7",0.986485
"11224_7",0.960085
"8893_7",0.028485
"11126_7",0.998058
"4816_8",0.997452
"5895_3",0.007585
"9373_1",0.006091
"2445_3",0.043523
"556_1",0.002850
"11855_1",0.996015
"11346_8",0.997149
"8621_8",0.997011
"10259_3",0.011217
"2354_3",0.015618
"8477_10",0.997561
"11408_7",0.224679
"8490_1",0.028038
"175_8",0.983601
"3376_1",0.008785
"3888_7",0.997718
"11655_2",0.031828
"9630_10",0.995211
"8121_1",0.005216
"10758_4",0.003898
"1979_10",0.997463
"9702_8",0.992952
"1064_1",0.006883
"850_4",0.016327
"1624_1",0.244961
"5885_10",0.997814
"8246_8",0.995189
"4073_7",0.997820
"5116_2",0.022632
"5379_2",0.008863
"75_1",0.009570
"5895_10",0.997579
"10651_9",0.997036
"1776_7",0.995915
"8500_1",0.004750
"11026_9",0.997966
"12195_1",0.009166
"1832_7",0.997932
"11424_8",0.997037
"1744_8",0.997867
"9699_1",0.003659
"11840_10",0.997340
"8955_1",0.024504
"1571_4",0.007504
"6434_9",0.997606
"7214_10",0.994832
"153_4",0.993983
"3914_1",0.987396
"5005_8",0.997330
"8283_4",0.026371
"8846_1",0.004256
"3708_1",0.990236
"5123_10",0.997741
"2868_7",0.997617
"6395_10",0.997901
"5788_4",0.666350
"2380_8",0.996526
"462_7",0.997663
"11697_7",0.997905
"3577_3",0.004016
"5569_4",0.019588
"348_1",0.004075
"9194_10",0.997446
"1001_4",0.010539
"6869_4",0.482120
"7182_1",0.018890
"2089_4",0.008700
"3496_1",0.885884
"938_1",0.018858
"10325_9",0.991272
"786_10",0.997833
"4562_9",0.997415
"2566_9",0.997709
"10732_3",0.007899
"7621_1",0.006942
"11747_10",0.997366
"11271_4",0.012273
"9057_10",0.997813
"12374_3",0.061180
"9130_9",0.966049
"9735_3",0.006552
"4305_7",0.997650
"10477_9",0.997874
"5498_9",0.997849
"4452_8",0.996985
"7993_1",0.006230
"3245_9",0.997655
"11289_10",0.966395
"2678_10",0.997589
"6836_1",0.003147
"10936_3",0.007458
"6870_4",0.004564
"10109_10",0.901792
"9907_7",0.025223
"4801_2",0.022334
"3684_10",0.997834
"12305_9",0.997722
"530_10",0.996303
"10977_2",0.005179
"9819_10",0.997427
"5057_1",0.010491
"8703_10",0.997014
"8997_2",0.005519
"5766_7",0.992036
"9436_8",0.997260
"39_9",0.997953
"6052_4",0.007205
"9748_9",0.995064
"8395_1",0.003456
"688_7",0.014322
"4688_3",0.682518
"6287_3",0.004071
"1945_8",0.994878
"11830_2",0.305742
"4042_2",0.003191
"10160_3",0.003902
"2069_4",0.014955
"11039_1",0.003596
"6675_3",0.024201
"9189_2",0.062712
"3683_10",0.997822
"5536_10",0.996375
"11089_1",0.004448
"9064_7",0.997383
"2079_1",0.003139
"648_3",0.009447
"12300_10",0.997890
"5755_8",0.996855
"3460_1",0.003789
"151_2",0.005832
"6990_4",0.021757
"11356_10",0.996113
"3062_2",0.004039
"4310_1",0.006411
"9393_9",0.939991
"5886_1",0.014698
"7359_10",0.997584
"3210_1",0.004011
"4689_10",0.997445
"11111_10",0.997748
"1413_3",0.007205
"2502_8",0.997768
"10737_2",0.135552
"6525_10",0.990164
"4416_4",0.004821
"1705_4",0.012006
"1485_10",0.997135
"4406_9",0.979954
"3365_8",0.997020
"6825_9",0.997761
"9214_1",0.074674
"8171_1",0.032575
"12138_7",0.012041
"2421_8",0.997486
"7727_4",0.003814
"8236_8",0.970016
"4802_8",0.997345
"5429_2",0.011349
"6584_1",0.988532
"5429_8",0.997078
"2124_8",0.997662
"11670_3",0.003524
"7527_1",0.004126
"11193_3",0.024883
"3647_10",0.997279
"2084_3",0.018014
"8481_10",0.997794
"2458_8",0.997763
"8705_1",0.007788
"4919_4",0.034129
"1621_1",0.004169
"6059_1",0.004036
"4132_1",0.059128
"10953_9",0.996625
"6692_8",0.997861
"3604_3",0.006831
"6432_1",0.005901
"10932_8",0.997702
"7248_3",0.977860
"3837_4",0.012764
"8770_8",0.997519
"12067_7",0.995289
"7351_1",0.003312
"11556_1",0.957808
"8220_1",0.019306
"8008_4",0.005420
"6500_1",0.005554
"8303_4",0.007708
"6765_10",0.997850
"4701_3",0.278687
"8956_1",0.006452
"11443_8",0.996473
"7119_7",0.997196
"11761_2",0.006735
"9921_9",0.951713
"2275_9",0.997892
"8849_2",0.004725
"2791_3",0.004514
"9105_10",0.997447
"1991_7",0.997697
"41_9",0.997796
"9259_1",0.006558
"3785_3",0.397839
"12335_3",0.005510
"7020_1",0.005121
"9490_4",0.986036
"11296_1",0.004440
"7641_2",0.003365
"8163_7",0.997138
"7342_10",0.997384
"766_8",0.997868
"5399_1",0.006703
"1565_7",0.996553
"12_9",0.997820
"11574_10",0.997930
"8194_8",0.996454
"6110_10",0.991621
"8108_1",0.014644
"3852_4",0.005903
"11474_2",0.005440
"11554_10",0.997592
"1798_3",0.003737
"11814_10",0.997740
"5072_9",0.715383
"4389_10",0.997913
"8148_10",0.997542
"5840_2",0.006219
"1972_7",0.991758
"10169_3",0.003804
"8651_1",0.004915
"6399_3",0.003578
"8965_1",0.010880
"8853_1",0.039599
"2841_9",0.997652
"6658_1",0.028050
"11515_1",0.004777
"4474_1",0.014779
"8221_10",0.997975
"12204_10",0.997688
"10671_1",0.003451
"7335_3",0.005608
"4050_3",0.993038
"9465_8",0.997347
"11620_8",0.997420
"11998_8",0.997779
"11188_2",0.005849
"6656_1",0.003310
"3416_4",0.019287
"11558_9",0.993855
"2752_4",0.012840
"10330_9",0.997456
"9323_7",0.997696
"12232_4",0.218757
"5699_7",0.995346
"1020_2",0.008779
"1161_1",0.005151
"10187_10",0.997363
"4585_10",0.604407
"7570_10",0.993634
"9752_1",0.005723
"4956_1",0.007074
"1355_2",0.008285
"10456_1",0.003968
"8757_10",0.995749
"2286_3",0.004031
"1297_7",0.906790
"5326_8",0.997932
"11535_10",0.997834
"4783_10",0.996948
"4292_2",0.004732
"2856_1",0.003767
"450_10",0.994730
"9611_1",0.963492
"2403_1",0.013947
"2037_7",0.182138
"9580_1",0.035528
"1694_7",0.997198
"11385_10",0.997724
"493_1",0.003990
"9013_10",0.997775
"11235_3",0.101494
"10793_3",0.010904
"2197_10",0.997899
"1887_2",0.004289
"6617_7",0.997499
"12028_1",0.003455
"5413_1",0.009396
"1134_1",0.005212
"1290_2",0.006695
"12241_8",0.896497
"965_3",0.872826
"2044_10",0.997744
"7782_10",0.997351
"6087_4",0.913500
"3600_2",0.005943
"1588_3",0.075841
"10421_8",0.704483
"3390_10",0.940063
"6531_1",0.007659
"9792_10",0.996794
"3755_9",0.997698
"11471_7",0.950974
"10427_10",0.997639
"4011_3",0.005449
"8784_7",0.026529
"10714_9",0.997644
"6031_9",0.996953
"8130_10",0.997653
"4772_9",0.997355
"6599_7",0.997410
"11335_2",0.008146
"6412_1",0.003887
"998_7",0.997151
"9542_10",0.997912
"1490_3",0.004241
"4142_10",0.994425
"8371_10",0.996979
"5457_8",0.997578
"5001_8",0.997564
"150_9",0.997600
"8487_10",0.997791
"10024_3",0.006331
"3687_8",0.997379
"6171_10",0.997920
"5462_8",0.997775
"1372_4",0.014044
"7361_8",0.996484
"1030_9",0.997060
"3341_8",0.985297
"7677_2",0.007850
"6584_7",0.997685
"2372_10",0.747380
"5898_9",0.997782
"7370_7",0.992492
"3018_9",0.996952
"4899_9",0.976518
"2385_4",0.061830
"8433_9",0.997656
"1989_8",0.777118
"10401_7",0.008181
"5668_1",0.012612
"11516_3",0.003717
"12419_1",0.006749
"5402_7",0.929494
"10537_9",0.997895
"117_10",0.997099
"6756_4",0.043061
"4051_3",0.008052
"9687_10",0.995430
"11011_2",0.005533
"8460_8",0.997365
"5155_3",0.006928
"2473_2",0.003823
"4074_1",0.005312
"4730_10",0.997319
"5310_2",0.007833
"6630_10",0.997790
"4363_1",0.003872
"1022_3",0.027701
"8247_10",0.996489
"7437_10",0.997645
"3846_7",0.997586
"7298_1",0.002743
"11955_4",0.009373
"9448_10",0.994758
"142_1",0.005133
"2260_3",0.003676
"9012_4",0.015048
"5321_9",0.214198
"527_10",0.997874
"2898_3",0.003715
"12302_9",0.997894
"1463_4",0.267002
"5278_1",0.004040
"6450_1",0.006781
"9704_1",0.005238
"2673_2",0.003812
"10175_2",0.005157
"8006_2",0.018004
"9492_4",0.024563
"4595_3",0.992212
"9499_2",0.008331
"7869_1",0.003875
"4047_10",0.997665
"4962_7",0.992180
"4052_2",0.002755
"1423_10",0.993789
"7376_2",0.009330
"1067_9",0.997500
"3289_1",0.024363
"5780_9",0.042321
"2965_2",0.204770
"4127_10",0.997795
"10156_3",0.010372
"11164_1",0.010964
"1422_10",0.993789
"9470_4",0.014442
"7733_3",0.858455
"3814_3",0.005418
"9900_1",0.004078
"5363_3",0.006767
"2878_7",0.993729
"11647_2",0.007450
"1729_1",0.003338
"2263_1",0.010683
"11707_2",0.004259
"10722_7",0.997713
"6321_9",0.833924
"7339_10",0.997528
"8003_9",0.996739
"11009_10",0.991205
"9458_1",0.006961
"10359_1",0.003114
"5530_3",0.012341
"3377_9",0.997595
"2256_9",0.997748
"9036_1",0.003699
"7621_7",0.214599
"9992_4",0.744912
"1004_10",0.995422
"6339_3",0.004394
"5554_10",0.997114
"10128_10",0.997731
"4540_10",0.997716
"1410_7",0.980353
"7072_1",0.007333
"4324_4",0.007539
"9611_7",0.028931
"7571_10",0.997597
"11337_1",0.006623
"1169_1",0.013941
"10881_4",0.004663
"8782_4",0.008348
"5357_10",0.997538
"9318_7",0.994166
"9071_3",0.997455
"485_4",0.007025
"3164_2",0.531280
"1343_10",0.996715
"571_10",0.997954
"6749_10",0.997724
"1945_4",0.013105
"8132_3",0.012070
"12380_4",0.004979
"11183_4",0.032989
"10526_10",0.933715
"7234_10",0.997688
"3054_7",0.997337
"5217_1",0.003842
"7106_8",0.997265
"11043_10",0.997767
"8447_2",0.803503
"9744_10",0.997770
"10638_9",0.559402
"8778_10",0.994107
"3666_9",0.997118
"4223_10",0.997634
"1642_2",0.008797
"10541_8",0.989160
"8067_1",0.003414
"11116_10",0.066969
"8701_1",0.008542
"6422_8",0.997627
"9168_1",0.008322
"4130_1",0.006548
"8492_1",0.003576
"6430_3",0.005620
"9306_8",0.948467
"10487_7",0.996829
"6687_1",0.045359
"11869_1",0.004405
"9224_10",0.997466
"1625_9",0.997557
"8651_7",0.992272
"3702_4",0.006983
"4470_7",0.008415
"31_4",0.946813
"11316_10",0.997874
"5961_8",0.997508
"4428_2",0.006647
"2540_4",0.004022
"4855_2",0.021100
"9997_2",0.004788
"12214_2",0.015511
"12383_2",0.012201
"12344_4",0.029499
"8147_10",0.997771
"2019_10",0.997807
"8161_3",0.003967
"7312_10",0.917212
"9310_8",0.995367
"11966_1",0.003353
"8962_1",0.018970
"5661_4",0.002959
"5765_4",0.005989
"10934_8",0.997739
"5801_9",0.852499
"190_2",0.003211
"880_8",0.879850
"10677_10",0.983960
"10520_10",0.997905
"6697_7",0.076183
"11582_1",0.004591
"1986_1",0.003762
"6021_4",0.004865
"7220_8",0.976879
"5870_1",0.003404
"1459_7",0.996378
"1733_8",0.997408
"7060_9",0.997843
"5249_9",0.997867
"8845_9",0.997645
"10133_8",0.958516
"3041_9",0.997697
"11504_1",0.009143
"6261_8",0.997927
"2942_10",0.997911
"5522_10",0.997080
"4260_8",0.994518
"1600_2",0.005613
"1698_10",0.997551
"5823_10",0.994656
"2413_9",0.979367
"7316_9",0.990891
"5963_2",0.003410
"9960_10",0.997511
"6014_9",0.997868
"2357_4",0.004639
"9788_10",0.875680
"8100_2",0.006380
"4099_9",0.990409
"10894_2",0.004082
"7940_1",0.003907
"3605_4",0.238850
"11270_3",0.014506
"2306_8",0.997183
"3825_10",0.997882
"161_7",0.993854
"12121_9",0.997524
"7916_10",0.987907
"10598_4",0.008504
"3484_10",0.997767
"8967_1",0.005010
"4005_2",0.007920
"10355_4",0.994614
"5215_10",0.993437
"943_3",0.005590
"11786_10",0.997743
"5938_2",0.003934
"998_2",0.006456
"4333_4",0.003106
"6606_9",0.991598
"5251_2",0.013498
"4152_4",0.080368
"3148_2",0.746493
"3344_7",0.534981
"9832_3",0.015665
"2689_3",0.070549
"3400_10",0.996777
"4000_4",0.982966
"3934_3",0.650384
"9014_9",0.992111
"2339_9",0.997839
"8833_1",0.007782
"10197_8",0.997542
"8811_1",0.023446
"1805_7",0.997881
"2238_7",0.995564
"2487_9",0.876473
"1737_1",0.003314
"4085_2",0.006309
"5665_10",0.996162
"9721_4",0.006910
"10577_9",0.997889
"8892_7",0.825832
"4503_10",0.997797
"9348_3",0.009606
"10382_10",0.997540
"8339_3",0.004557
"5199_10",0.997689
"1897_1",0.004738
"3578_9",0.997787
"9192_7",0.983520
"12154_2",0.014026
"5089_2",0.003606
"8988_7",0.980332
"10170_8",0.782401
"6690_8",0.997913
"2549_2",0.010929
"6546_3",0.003608
"5283_2",0.004953
"8131_9",0.997856
"4745_8",0.997226
"7251_1",0.016235
"1829_8",0.997390
"11922_9",0.997775
"10322_1",0.011392
"3163_4",0.004882
"11849_9",0.997779
"11809_10",0.997817
"1275_3",0.131139
"11694_4",0.007900
"12112_8",0.032592
"11212_4",0.995458
"5124_10",0.997555
"5362_2",0.005350
"2680_9",0.997781
"11181_4",0.457969
"4345_1",0.008070
"8916_7",0.919498
"10042_8",0.997833
"10324_8",0.997223
"4425_3",0.989673
"9133_3",0.186478
"11028_10",0.997827
"1941_7",0.995801
"10142_3",0.955552
"4572_1",0.005587
"10512_1",0.003910
"7180_7",0.997291
"3948_1",0.003736
"1238_4",0.008734
"5269_9",0.869553
"12346_8",0.080021
"11481_4",0.995916
"1943_3",0.006500
"4742_1",0.004359
"2433_1",0.005796
"4422_3",0.009810
"342_1",0.005345
"736_8",0.997315
"3036_10",0.037825
"9336_7",0.883479
"9205_1",0.003897
"9923_8",0.877415
"8875_2",0.008361
"2023_7",0.710730
"4102_1",0.011563
"11345_1",0.003201
"6736_9",0.998007
"7839_8",0.997678
"8572_10",0.997725
"7211_1",0.015868
"6666_2",0.004094
"1978_7",0.997737
"3156_1",0.006245
"3333_7",0.879006
"3720_4",0.039177
"1450_3",0.990611
"8563_10",0.995054
"9087_9",0.997656
"6843_10",0.997472
"3485_7",0.991080
"4259_10",0.998071
"10186_10",0.997685
"3312_3",0.008937
"7624_4",0.200082
"7930_3",0.006015
"8407_10",0.997533
"1771_4",0.977286
"11919_4",0.005857
"425_2",0.006351
"11795_2",0.005262
"6767_1",0.004320
"2996_9",0.997614
"990_1",0.003875
"3757_3",0.205218
"2981_2",0.006790
"10277_2",0.003119
"662_9",0.687869
"5311_3",0.013619
"3796_10",0.997096
"3846_1",0.007978
"5651_2",0.004149
"6649_3",0.003200
"10779_2",0.009922
"4548_10",0.995368
"7275_10",0.997796
"1605_9",0.993227
"3580_4",0.025742
"5712_2",0.003933
"5287_10",0.974021
"3230_9",0.996395
"7936_1",0.004535
"9983_3",0.004623
"9959_7",0.997321
"5739_4",0.041635
"4308_10",0.988170
"4854_8",0.497327
"8620_7",0.978166
"7923_9",0.997184
"11686_10",0.997201
"8253_1",0.069418
"11030_4",0.993147
"3995_9",0.997198
"10763_9",0.997748
"6780_8",0.997150
"10895_1",0.004265
"11778_1",0.909543
"8512_10",0.992804
"1061_1",0.004082
"10584_3",0.005547
"212_4",0.003605
"1908_2",0.020280
"10958_1",0.019599
"980_7",0.997493
"2686_10",0.997469
"2088_1",0.007705
"6075_1",0.011724
"9782_10",0.997605
"9180_3",0.014627
"2478_3",0.008384
"1634_2",0.002798
"6810_8",0.985894
"2562_10",0.997240
"3841_7",0.996408
"5387_1",0.002981
"9047_7",0.997218
"4962_4",0.262645
"8597_8",0.997572
"1515_1",0.002834
"1974_1",0.023519
"9935_3",0.997328
"2404_4",0.082694
"8638_1",0.002887
"8720_1",0.004626
"11411_2",0.010686
"7676_3",0.236513
"11756_9",0.996921
"4195_1",0.003301
"11787_10",0.997341
"11838_1",0.007701
"11748_1",0.007005
"7309_3",0.950057
"502_4",0.029546
"1239_10",0.266551
"8925_4",0.010235
"4242_1",0.003670
"2112_2",0.002990
"6359_8",0.997897
"8034_9",0.997811
"807_3",0.117992
"7852_4",0.013011
"8014_10",0.995634
"4823_8",0.997364
"8448_10",0.908469
"3564_8",0.957779
"858_4",0.997359
"8529_7",0.965775
"6515_3",0.002791
"2646_10",0.996942
"4278_1",0.007055
"5641_7",0.232458
"5382_4",0.014732
"3300_8",0.997421
"4849_9",0.997944
"12013_1",0.011787
"107_4",0.993034
"10046_10",0.996611
"9141_10",0.997012
"10297_10",0.997975
"634_10",0.997855
"438_2",0.003372
"11794_8",0.997958
"3937_4",0.040880
"3602_4",0.004751
"11851_1",0.003300
"8690_7",0.994741
"2697_2",0.010595
"805_10",0.997822
"7572_1",0.005216
"10553_1",0.003399
"5246_2",0.007498
"2064_8",0.993263
"11856_1",0.005647
"9026_7",0.964511
"4449_7",0.839198
"8579_10",0.997632
"8503_7",0.995225
"5734_1",0.231603
"11507_1",0.003817
"7956_10",0.997239
"11245_2",0.003946
"6142_2",0.032689
"10657_1",0.006559
"7992_1",0.004196
"11347_9",0.981293
"5278_8",0.997661
"6362_10",0.008379
"10214_2",0.009135
"9184_7",0.996866
"2666_10",0.997989
"7527_7",0.997573
"2001_1",0.022240
"12000_4",0.025508
"10302_3",0.058879
"7160_10",0.996156
"2757_10",0.997646
"3792_3",0.059851
"6199_1",0.002775
"10467_3",0.004341
"531_10",0.997756
"8193_9",0.994402
"248_7",0.997682
"187_1",0.008841
"5193_8",0.236537
"5138_8",0.996984
"8467_1",0.526758
"11029_8",0.995821
"667_4",0.021017
"3714_1",0.003821
"8102_4",0.995997
"9195_4",0.004294
"1432_3",0.005632
"9095_10",0.779336
"11510_2",0.005676
"5644_1",0.877053
"2556_8",0.997389
"11887_2",0.009039
"5374_1",0.063539
"5356_3",0.009204
"10209_1",0.012244
"2001_8",0.994086
"6088_1",0.963630
"6140_4",0.990123
"11494_4",0.012245
"11631_7",0.992745
"4818_1",0.003837
"10914_1",0.003691
"4472_8",0.997839
"8735_9",0.997362
"11190_1",0.010083
"462_4",0.026251
"6566_4",0.013104
"4598_4",0.821025
"11566_1",0.005954
"2560_3",0.012390
"11969_4",0.006859
"8765_1",0.003074
"9957_10",0.873495
"5210_10",0.996300
"5007_10",0.997955
"10290_10",0.997987
"10319_1",0.019918
"1848_2",0.003680
"1319_3",0.004388
"11248_10",0.997887
"379_1",0.005830
"3469_10",0.997854
"437_2",0.005558
"3648_1",0.138592
"8834_1",0.003132
"3316_1",0.003797
"9563_2",0.261340
"4500_9",0.994799
"6226_3",0.009233
"5653_3",0.007131
"5415_2",0.003263
"6725_4",0.006146
"9462_10",0.997768
"3471_3",0.168123
"7259_2",0.006981
"8181_3",0.005514
"10749_1",0.013143
"12283_1",0.002981
"402_1",0.003064
"8024_10",0.997582
"11114_1",0.003960
"461_1",0.003155
"10025_2",0.003434
"3358_4",0.044253
"2022_1",0.008966
"12493_7",0.997849
"4131_9",0.997906
"9852_4",0.012197
"7122_1",0.004285
"1994_10",0.997389
"10723_9",0.940741
"3900_8",0.997920
"7741_10",0.997647
"4287_9",0.997389
"10195_10",0.997124
"10941_3",0.003492
"1615_1",0.004518
"12337_3",0.004056
"2259_2",0.006493
"6179_10",0.997926
"138_8",0.996759
"6482_3",0.014968
"10362_4",0.005111
"1341_10",0.996310
"8299_8",0.592219
"7839_2",0.004162
"6659_7",0.990137
"7143_10",0.997748
"12445_1",0.003211
"3796_3",0.005727
"4180_10",0.997444
"7775_10",0.997712
"8946_9",0.997051
"1936_7",0.996756
"8387_1",0.005232
"10092_8",0.996539
"5729_10",0.997270
"1399_7",0.994911
"4011_8",0.997746
"7868_8",0.997843
"3546_8",0.994719
"8643_9",0.994962
"6033_1",0.003930
"428_10",0.995589
"3385_10",0.997813
"3073_2",0.003901
"4169_8",0.997447
"8191_3",0.015124
"211_3",0.007086
"297_2",0.015766
"4286_8",0.964989
"535_10",0.997748
"4851_4",0.009714
"9707_1",0.003686
"9740_10",0.984632
"5410_1",0.003474
"1436_1",0.012922
"3766_10",0.996712
"2483_9",0.997941
"1937_10",0.997894
"2939_3",0.015086
"3372_1",0.005758
"7825_10",0.997445
"7780_10",0.997817
"7656_10",0.997788
"4850_7",0.997329
"5083_4",0.005313
"10429_1",0.006479
"8009_2",0.004403
"10879_4",0.086693
"7328_1",0.006708
"10055_1",0.005872
"11715_7",0.981999
"1547_1",0.003368
"7665_9",0.343954
"6061_10",0.992251
"10800_1",0.004106
"10234_3",0.003517
"11334_2",0.237157
"3106_1",0.005829
"12173_3",0.006096
"2076_10",0.997856
"4414_7",0.995998
"7679_9",0.994282
"2010_1",0.003843
"9460_9",0.987674
"11261_4",0.004154
"7500_10",0.022495
"9503_4",0.015024
"5937_4",0.372320
"87_10",0.996946
"2968_1",0.003393
"6728_9",0.997380
"9954_4",0.005754
"5875_8",0.997125
"12429_10",0.996909
"11247_10",0.994842
"8879_4",0.997154
"2999_1",0.008004
"11448_8",0.551567
"3629_1",0.003864
"1302_1",0.020822
"10851_1",0.005121
"9533_4",0.003694
"4078_2",0.003046
"7813_3",0.005487
"11284_10",0.995709
"3509_8",0.997973
"11198_3",0.005192
"9197_9",0.997369
"3603_3",0.928956
"6472_7",0.997926
"2410_2",0.018787
"10240_10",0.989457
"6507_4",0.029880
"1511_2",0.015506
"5475_2",0.004076
"5728_1",0.002824
"5294_1",0.011245
"12024_10",0.997329
"2355_1",0.164980
"4088_9",0.997566
"2580_10",0.997292
"9423_1",0.004207
"6836_7",0.997635
"11806_1",0.003749
"8412_1",0.109813
"770_10",0.991925
"1029_10",0.995569
"11288_4",0.995613
"690_3",0.026718
"1925_9",0.997738
"2116_10",0.996872
"8597_2",0.009427
"8734_4",0.005676
"5549_3",0.004284
"5447_7",0.971327
"2519_4",0.093669
"11323_7",0.909404
"9338_1",0.004421
"3299_10",0.998008
"10585_8",0.995397
"3945_7",0.013713
"813_1",0.007742
"1300_9",0.997049
"5849_7",0.996904
"5535_8",0.997496
"3612_2",0.004677
"11064_2",0.004743
"376_10",0.388391
"8504_2",0.004149
"8198_1",0.003537
"6485_1",0.003686
"9011_3",0.009109
"6766_1",0.038895
"7282_3",0.056333
"1450_10",0.993486
"10644_8",0.995332
"5424_2",0.990576
"86_3",0.007152
"1221_1",0.004977
"2309_3",0.005022
"5190_4",0.007455
"11498_1",0.052138
"11959_10",0.997694
"10465_10",0.997611
"3922_4",0.972619
"9710_9",0.857927
"2014_1",0.009716
"3791_9",0.588235
"3548_4",0.004428
"6001_3",0.004363
"11920_4",0.057401
"10152_9",0.997972
"10305_1",0.975086
"10626_1",0.005502
"3057_3",0.922327
"5387_8",0.011139
"8138_2",0.009922
"11134_1",0.009710
"8341_2",0.004452
"6687_9",0.997792
"671_3",0.179551
"1156_2",0.005281
"11841_9",0.997622
"7193_9",0.997726
"2257_10",0.997746
"5261_3",0.144944
"10475_2",0.006700
"11175_2",0.030250
"8122_9",0.997787
"6266_7",0.997857
"4340_9",0.997136
"331_4",0.101529
"854_7",0.997755
"6800_10",0.997993
"982_8",0.997613
"5916_7",0.994402
"5871_2",0.007743
"4106_9",0.997478
"8506_1",0.020486
"4610_9",0.997809
"5086_4",0.015339
"453_9",0.986613
"4611_3",0.007772
"3764_4",0.005137
"7644_4",0.003390
"4037_2",0.003012
"1595_10",0.997641
"7792_3",0.005026
"10068_3",0.028971
"7199_10",0.997596
"2050_3",0.006065
"2460_7",0.997745
"9299_1",0.006220
"6297_4",0.011562
"7797_10",0.997763
"11272_8",0.996979
"7808_9",0.997323
"5806_3",0.004609
"4573_10",0.215181
"3935_7",0.982710
"3502_1",0.004490
"5744_10",0.005087
"10548_10",0.997717
"3746_7",0.942556
"3851_10",0.997751
"2648_2",0.009402
"11397_3",0.006655
"1024_4",0.132603
"4034_2",0.003547
"7010_10",0.988841
"10429_9",0.997910
"8086_1",0.003568
"6463_4",0.009680
"3540_3",0.009181
"7608_8",0.997590
"5123_4",0.997184
"8139_4",0.006333
"2535_10",0.397889
"4187_1",0.008469
"1711_4",0.007341
"6197_4",0.004910
"4953_7",0.995647
"578_9",0.996043
"4244_10",0.994870
"3893_8",0.996763
"4903_7",0.997322
"9850_8",0.997807
"11450_3",0.005331
"4926_8",0.997536
"804_1",0.010016
"5933_7",0.987980
"4407_1",0.053882
"7951_7",0.996297
"9759_10",0.997540
"3936_8",0.980682
"6998_1",0.010764
"8967_7",0.996557
"5061_4",0.065731
"7787_3",0.004515
"8320_10",0.997892
"967_7",0.049980
"11996_7",0.970520
"4233_8",0.997284
"2494_8",0.974391
"6804_8",0.997220
"1452_3",0.594624
"10327_7",0.996742
"1510_1",0.006641
"7223_4",0.005089
"2280_10",0.979838
"4092_9",0.997681
"11305_1",0.006037
"10599_1",0.003618
"9545_4",0.345068
"6423_8",0.997581
"12314_1",0.003361
"8470_1",0.008721
"8957_8",0.997398
"1725_9",0.996974
"11127_1",0.021057
"6570_8",0.991835
"10477_1",0.004431
"5503_4",0.007378
"12251_8",0.997004
"3474_10",0.997891
"7269_1",0.004334
"997_3",0.004154
"10781_10",0.997552
"6598_10",0.997642
"9225_1",0.006272
"20_9",0.997497
"9671_9",0.997109
"8627_3",0.003880
"12404_4",0.984832
"1110_7",0.997662
"6979_1",0.004616
"9082_1",0.009475
"3626_7",0.891251
"4856_4",0.978544
"11510_9",0.997718
"7024_10",0.998007
"1501_9",0.021054
"4185_9",0.007933
"8671_9",0.997932
"2225_10",0.997109
"199_4",0.991569
"6027_9",0.997462
"359_4",0.015903
"4065_3",0.005503
"12333_7",0.997237
"1963_10",0.996385
"9106_1",0.005834
"10478_1",0.006174
"10859_9",0.997248
"357_1",0.003486
"6982_10",0.997965
"460_8",0.997523
"9266_2",0.004926
"351_10",0.997553
"9562_10",0.996446
"9784_3",0.009128
"5949_7",0.997010
"6489_1",0.093218
"1607_9",0.979940
"4482_10",0.997092
"8816_8",0.005480
"2427_1",0.019471
"4838_9",0.997653
"10961_9",0.991878
"6708_10",0.997536
"1045_9",0.969650
"3607_3",0.037037
"4325_9",0.997755
"4779_1",0.004201
"4624_9",0.997336
"4564_10",0.993849
"7132_9",0.996813
"506_2",0.003634
"5939_1",0.004162
"3219_10",0.997680
"8620_4",0.009666
"2049_1",0.004100
"3367_9",0.894701
"7408_9",0.996872
"8850_2",0.007183
"870_4",0.007099
"8056_8",0.039261
"11367_10",0.997497
"6160_10",0.997673
"6712_8",0.985980
"5267_8",0.997729
"1191_1",0.004091
"1513_3",0.074866
"4741_10",0.012438
"9807_2",0.003855
"6926_10",0.997605
"6382_10",0.997530
"6636_8",0.997470
"6592_10",0.997640
"11308_10",0.997724
"10853_3",0.003778
"1774_7",0.924360
"8259_10",0.997995
"8649_8",0.996239
"10739_2",0.004424
"9843_7",0.212449
"5984_10",0.997865
"8658_1",0.004525
"10386_1",0.007426
"3271_4",0.138460
"6167_1",0.003037
"529_1",0.003180
"5696_2",0.584923
"1601_10",0.997172
"10744_8",0.990726
"6121_9",0.039630
"2598_10",0.997801
"9209_10",0.996970
"3831_1",0.003933
"7171_9",0.997302
"1850_10",0.997592
"8728_7",0.996040
"7698_7",0.997942
"5954_10",0.997669
"7104_7",0.009730
"5617_2",0.011168
"3896_1",0.006449
"4355_1",0.008429
"4212_7",0.994387
"622_1",0.003353
"3368_8",0.991545
"2870_1",0.004941
"12107_9",0.997734
"8016_8",0.997715
"8752_4",0.995896
"10653_10",0.997647
"7245_10",0.997830
"9742_9",0.995506
"7637_4",0.961027
"11903_10",0.975690
"9818_3",0.008080
"373_2",0.009501
"110_10",0.997674
"2450_10",0.997690
"9009_3",0.004591
"9132_2",0.005778
"11076_1",0.003713
"4285_4",0.005793
"109_8",0.007472
"2585_8",0.997629
"7781_1",0.008876
"1359_10",0.991520
"9773_3",0.004577
"10328_10",0.997817
"12063_1",0.539297
"12061_1",0.005934
"555_7",0.996817
"2288_4",0.003273
"1259_10",0.995047
"12098_1",0.003486
"6493_9",0.993461
"324_3",0.004514
"7834_8",0.006220
"8918_7",0.996975
"10736_9",0.997792
"5272_3",0.010982
"4302_1",0.034672
"646_1",0.025392
"10868_9",0.997727
"9654_8",0.992768
"10790_10",0.997569
"10589_3",0.008424
"6364_10",0.997387
"8477_1",0.003003
"6938_2",0.774074
"9420_3",0.005754
"1527_10",0.997871
"5769_1",0.003686
"1655_9",0.997817
"3917_10",0.997312
"8666_4",0.009392
"11820_2",0.049157
"11633_8",0.996738
"6136_4",0.004512
"10293_1",0.003966
"1084_1",0.003239
"12287_9",0.997837
"11297_1",0.003389
"6913_1",0.004194
"11371_10",0.997407
"9937_4",0.106614
"11341_10",0.996621
"5233_9",0.997840
"4358_10",0.997939
"10735_10",0.997942
"5234_1",0.005340
"7523_1",0.008224
"5758_3",0.005670
"11916_10",0.997814
"10276_8",0.996999
"5950_4",0.562751
"10329_10",0.997592
"8419_1",0.004331
"3343_4",0.003981
"3640_3",0.004171
"10160_7",0.966101
"1181_10",0.997964
"9181_1",0.009643
"5778_7",0.710667
"3659_9",0.049656
"4695_10",0.997749
"25_10",0.997737
"6127_2",0.008811
"1343_2",0.017858
"1110_4",0.007371
"12166_10",0.994992
"1853_8",0.997296
"6651_1",0.003330
"4927_1",0.003595
"10933_3",0.741981
"6911_9",0.997797
"467_9",0.994976
"2267_4",0.006904
"9005_3",0.018092
"10493_1",0.003901
"8159_7",0.997328
"10039_1",0.006278
"5147_1",0.008238
"12176_10",0.997038
"9299_9",0.997747
"2824_10",0.994021
"7695_1",0.003252
"8870_9",0.997571
"4063_8",0.990092
"396_2",0.008158
"9016_3",0.011151
"10148_10",0.997844
"2028_8",0.997628
"3738_7",0.993912
"11365_1",0.353420
"9987_9",0.998019
"4050_10",0.997736
"8028_9",0.967672
"10161_7",0.992676
"5997_3",0.048366
"7771_1",0.796831
"765_9",0.997858
"6558_1",0.003411
"9148_9",0.996835
"10100_10",0.997514
"11870_3",0.006584
"143_4",0.005586
"5865_10",0.996965
"2364_10",0.997192
"4695_2",0.003102
"3150_10",0.997759
"4181_10",0.997333
"8121_8",0.997027
"3263_10",0.997893
"9178_8",0.997898
"11323_2",0.024141
"8922_10",0.997842
"7884_3",0.092874
"6474_1",0.005070
"9697_8",0.996544
"9184_1",0.003485
"9483_9",0.997238
"5353_10",0.997322
"5978_2",0.004458
"7162_4",0.581310
"12175_3",0.004933
"8229_8",0.996816
"8618_2",0.003867
"854_1",0.005626
"1379_10",0.993234
"10833_9",0.991336
"2244_4",0.007804
"8145_3",0.005191
"9069_3",0.517644
"691_7",0.995772
"421_1",0.005606
"951_1",0.947875
"4966_4",0.015443
"9116_10",0.996988
"7903_10",0.997474
"3684_3",0.019210
"9435_1",0.005232
"4998_1",0.002887
"9698_1",0.005148
"209_10",0.913945
"10314_9",0.997522
"6677_8",0.997206
"3044_7",0.997291
"1322_1",0.004267
"3185_1",0.008031
"6619_1",0.008575
"3765_7",0.012707
"3348_9",0.990044
"11833_4",0.008374
"2250_1",0.003872
"7760_10",0.990662
"8619_8",0.997654
"5790_9",0.997103
"9197_1",0.003877
"4350_2",0.004744
"11545_10",0.997426
"12448_10",0.996203
"7160_2",0.003156
"5966_4",0.996163
"5284_10",0.994153
"5276_8",0.014960
"7498_1",0.007310
"10729_9",0.996913
"1827_3",0.003168
"3111_1",0.003142
"8298_8",0.089596
"12447_7",0.996306
"8035_3",0.735851
"1203_7",0.995333
"7620_1",0.007065
"2375_4",0.003152
"4026_2",0.003474
"1925_1",0.003469
"3658_1",0.004309
"114_10",0.997791
"3386_2",0.004993
"377_9",0.963342
"8855_10",0.997107
"10476_10",0.997830
"9073_4",0.021902
"3255_2",0.003832
"2918_9",0.992512
"5221_7",0.997479
"7546_1",0.003092
"8080_7",0.969016
"7434_10",0.915400
"1772_1",0.004014
"2690_9",0.995317
"7133_9",0.997684
"9947_9",0.976428
"11865_1",0.022944
"6346_10",0.997854
"2945_3",0.003539
"3625_8",0.997684
"694_4",0.012786
"6795_10",0.995875
"9353_4",0.995639
"12345_10",0.996217
"5316_2",0.062995
"12204_2",0.005118
"2186_10",0.997744
"5568_1",0.009430
"11080_1",0.003663
"228_1",0.004851
"7795_1",0.004761
"4886_3",0.139716
"11547_9",0.959154
"7494_2",0.015968
"5466_2",0.008226
"3655_8",0.997433
"4790_1",0.003187
"12370_10",0.994529
"546_3",0.013110
"11818_8",0.997240
"9426_7",0.997662
"1524_3",0.026637
"6486_3",0.007933
"5288_3",0.039405
"6797_3",0.004344
"8130_4",0.066929
"4064_1",0.009687
"4832_1",0.004188
"7232_1",0.005287
"7279_3",0.143069
"8356_3",0.149481
"3556_4",0.938540
"4097_7",0.997545
"7801_1",0.025687
"8393_1",0.011780
"5847_7",0.997626
"4470_4",0.006480
"6922_3",0.003249
"1094_7",0.913263
"10740_10",0.997833
"4933_8",0.997517
"7794_10",0.997851
"7218_1",0.020817
"12470_7",0.902009
"2980_7",0.997959
"10896_4",0.049403
"8652_8",0.996937
"3638_4",0.700340
"9497_3",0.709552
"9266_8",0.997959
"7392_9",0.982646
"10_7",0.992333
"2466_7",0.990554
"1612_2",0.059542
"10262_7",0.995484
"2193_4",0.005736
"179_10",0.997809
"6025_4",0.068274
"7633_7",0.860088
"9716_1",0.004050
"9487_10",0.997924
"9800_9",0.997832
"6424_8",0.905038
"835_4",0.005774
"11351_4",0.025223
"5508_2",0.005179
"12395_1",0.025988
"11986_7",0.996270
"9947_3",0.995647
"11529_8",0.997547
"93_1",0.008582
"9914_8",0.937621
"7953_9",0.997070
"9418_2",0.005661
"9089_8",0.997129
"10337_10",0.997551
"4440_1",0.004320
"890_1",0.005461
"6965_3",0.016025
"6540_7",0.996541
"7693_10",0.995150
"6470_2",0.030065
"9262_3",0.040615
"1901_10",0.005839
"5107_10",0.997819
"6013_3",0.864757
"9295_3",0.011145
"3450_9",0.997705
"820_9",0.369948
"3207_10",0.997784
"2620_9",0.989153
"9175_1",0.005459
"3058_3",0.003922
"4648_2",0.214517
"2012_9",0.997789
"8131_1",0.009671
"4808_4",0.028211
"9182_7",0.997451
"6829_3",0.004110
"10736_3",0.003613
"12347_10",0.987233
"9973_9",0.997287
"5320_4",0.015667
"4462_2",0.057549
"2573_10",0.990456
"5580_1",0.003450
"11771_1",0.020171
"10782_2",0.981164
"7719_3",0.022383
"1897_10",0.987298
"8797_8",0.997700
"5464_10",0.997755
"6480_1",0.004677
"10346_4",0.003259
"9386_7",0.995867
"1027_4",0.992218
"11905_10",0.997814
"7804_10",0.997345
"1491_1",0.008087
"6521_1",0.002936
"11835_1",0.003045
"9661_3",0.003269
"9476_7",0.976239
"1398_8",0.993059
"7373_2",0.005496
"10278_7",0.997870
"1422_4",0.018309
"2823_1",0.004444
"2691_3",0.006173
"5825_4",0.004131
"4113_1",0.004835
"10081_10",0.996849
"6700_1",0.003339
"4482_3",0.994035
"652_8",0.987387
"5364_3",0.010164
"2853_7",0.930200
"4328_10",0.995251
"2636_7",0.994931
"10850_10",0.997536
"12059_1",0.003200
"4135_8",0.997569
"6311_2",0.004459
"12379_3",0.005924
"7288_4",0.044459
"1463_9",0.997411
"2112_7",0.997681
"3942_8",0.959480
"7693_1",0.022150
"2451_10",0.997795
"11441_10",0.997819
"11331_8",0.936597
"7233_2",0.004589
"649_2",0.996581
"6388_10",0.997774
"3861_10",0.866892
"4188_10",0.997788
"10556_10",0.997796
"5855_4",0.007479
"7153_2",0.009094
"9710_2",0.003752
"7607_10",0.997944
"4534_7",0.011931
"11074_1",0.003129
"9650_7",0.997175
"10921_4",0.029925
"6121_1",0.007620
"10458_1",0.011449
"9602_1",0.003580
"9693_3",0.832381
"9188_3",0.913167
"6333_9",0.996451
"8905_10",0.997851
"1335_7",0.996898
"11513_10",0.997576
"6925_10",0.997041
"10928_10",0.997839
"12454_1",0.002960
"6286_10",0.996600
"5163_10",0.997596
"10200_7",0.996999
"3501_10",0.997097
"6574_3",0.097238
"5169_1",0.329406
"2640_8",0.997696
"7117_10",0.997786
"3569_3",0.008773
"9810_10",0.995492
"2080_2",0.004790
"3437_2",0.019684
"7503_8",0.997941
"3753_3",0.065761
"10868_1",0.008358
"12385_10",0.024141
"11870_8",0.995428
"6694_9",0.997433
"11824_10",0.997746
"1750_4",0.539416
"572_10",0.038639
"970_4",0.956955
"12211_10",0.656075
"6972_7",0.997701
"1554_1",0.986899
"8868_7",0.997078
"501_1",0.003257
"2023_1",0.003193
"4272_3",0.004004
"2536_10",0.850840
"2819_7",0.005946
"1810_1",0.005604
"11364_3",0.103381
"6086_1",0.003552
"1901_3",0.006071
"2847_3",0.006104
"6224_1",0.004020
"4305_1",0.004250
"3685_3",0.017757
"6292_2",0.007200
"10626_8",0.997691
"10721_4",0.011883
"8086_9",0.997705
"7886_8",0.996965
"6601_2",0.008150
"3806_8",0.931989
"2611_1",0.003316
"1696_10",0.987786
"3823_10",0.122912
"6917_4",0.004961
"9469_4",0.011734
"9498_9",0.997864
"11046_1",0.003467
"6519_9",0.997770
"10676_8",0.997519
"3139_9",0.997770
"1098_9",0.997861
"2588_8",0.008734
"9924_1",0.003787
"2131_3",0.004547
"236_3",0.012536
"5390_2",0.010488
"11292_10",0.012618
"4149_8",0.988515
"610_1",0.013745
"10184_1",0.014564
"9123_3",0.728795
"3220_3",0.010645
"9124_2",0.003183
"9103_1",0.011756
"2896_10",0.997944
"8478_1",0.003117
"11845_2",0.014689
"3646_1",0.991142
"12254_7",0.997248
"857_7",0.997342
"592_3",0.992083
"1276_9",0.997218
"5096_10",0.997982
"10725_1",0.012408
"8426_4",0.029574
"10244_2",0.004400
"4786_9",0.987647
"8358_7",0.550839
"5266_7",0.996406
"3581_10",0.997725
"12349_1",0.069154
"3429_4",0.161195
"9807_9",0.997307
"6631_2",0.004559
"4981_1",0.003439
"273_1",0.017001
"733_7",0.993061
"4982_3",0.009730
"2347_10",0.997509
"6263_10",0.997493
"3699_9",0.985684
"2270_8",0.997559
"8095_10",0.990641
"3347_8",0.997560
"4161_4",0.015811
"3331_3",0.005741
"6845_3",0.005410
"9272_4",0.117939
"997_7",0.940884
"1798_10",0.997908
"4262_10",0.997403
"4868_7",0.996508
"7487_1",0.005389
"8262_10",0.997236
"12397_1",0.003868
"4786_4",0.008432
"3240_9",0.996925
"10992_10",0.997865
"8209_1",0.006507
"6089_10",0.997673
"9735_7",0.996376
"2554_4",0.914312
"8995_10",0.997428
"5732_4",0.015041
"1088_8",0.996050
"12345_4",0.372408
"9364_4",0.924825
"12348_1",0.004908
"3311_2",0.008784
"6707_4",0.005548
"7048_7",0.997284
"9736_4",0.530042
"2975_10",0.997417
"982_4",0.016854
"3227_4",0.006821
"5185_1",0.005518
"2131_8",0.997820
"6941_8",0.997047
"11936_8",0.822109
"2383_8",0.501025
"3057_9",0.997979
"8058_1",0.003898
"4622_8",0.362756
"2208_10",0.962086
"12144_8",0.947824
"2737_10",0.997580
"3550_3",0.012634
"2789_8",0.997846
"11757_9",0.997338
"10676_4",0.053290
"2855_2",0.003261
"2740_3",0.006277
"8609_7",0.996384
"2147_4",0.036060
"8093_2",0.006635
"10335_1",0.028805
"1098_4",0.004058
"6255_10",0.089960
"7276_1",0.004012
"11301_10",0.997700
"1334_3",0.006570
"8983_9",0.997697
"1694_1",0.012541
"9658_1",0.002865
"8438_8",0.795042
"536_3",0.003347
"7074_10",0.997885
"1992_2",0.006498
"5040_8",0.993397
"753_2",0.005772
"7967_4",0.022187
"3763_2",0.035064
"3953_2",0.004442
"3351_4",0.141540
"1704_8",0.997454
"6817_10",0.997844
"11914_4",0.007680
"12071_10",0.986239
"6969_4",0.009117
"11992_1",0.004084
"11532_4",0.132947
"5253_9",0.997791
"5596_9",0.997869
"6560_1",0.007069
"8082_1",0.003310
"864_2",0.003632
"5929_8",0.031765
"10217_4",0.003873
"11277_4",0.519241
"10701_10",0.994876
"1245_8",0.997769
"10024_9",0.994627
"3344_1",0.009768
"12006_10",0.991849
"1031_1",0.004784
"665_10",0.995073
"10460_1",0.025273
"7038_9",0.444749
"7843_8",0.996541
"5095_9",0.997502
"11426_3",0.004851
"265_9",0.997698
"7163_4",0.007507
"77_2",0.014849
"4709_10",0.997699
"11151_9",0.094322
"2269_1",0.030447
"820_1",0.003856
"1451_7",0.011905
"281_1",0.009464
"6598_1",0.003523
"4341_1",0.008846
"9560_3",0.003769
"4698_1",0.010364
"7408_3",0.387961
"11729_4",0.003854
"11489_3",0.032524
"9711_1",0.003602
"9994_10",0.997839
"586_8",0.997735
"8047_10",0.997395
"4531_7",0.796784
"1293_1",0.003718
"7581_3",0.004923
"5129_4",0.988220
"1748_1",0.355960
"8155_1",0.004229
"8827_7",0.124043
"6616_8",0.997576
"1040_9",0.997315
"10942_1",0.008935
"5306_1",0.004796
"8168_1",0.011644
"291_9",0.997928
"383_9",0.997847
"11908_9",0.997377
"7898_10",0.997622
"4043_2",0.003348
"3376_8",0.010098
"3067_7",0.937705
"11496_8",0.997770
"9885_2",0.051583
"3554_10",0.997690
"2986_3",0.157986
"1332_7",0.847019
"5585_8",0.996726
"5981_3",0.004011
"1556_1",0.004051
"8523_10",0.997535
"11792_1",0.007028
"7610_10",0.997846
"12114_9",0.997624
"8589_1",0.003237
"3898_8",0.997906
"5101_10",0.997847
"9607_1",0.082976
"6673_8",0.997853
"7662_1",0.003556
"2241_1",0.011639
"6674_2",0.005639
"7797_1",0.015104
"6400_2",0.005173
"628_8",0.830433
"4898_4",0.154575
"11592_2",0.031581
"1311_2",0.005296
"5494_3",0.006290
"7067_10",0.997585
"11267_10",0.997752
"6797_10",0.997619
"9987_1",0.003218
"9740_3",0.019712
"6743_1",0.002783
"5302_1",0.004932
"8464_8",0.884884
"7846_4",0.722507
"5990_1",0.004226
"10889_2",0.006025
"11406_8",0.996955
"9093_4",0.011913
"8501_1",0.004423
"8431_4",0.007834
"8076_1",0.004166
"6831_8",0.993022
"984_8",0.997615
"369_1",0.003907
"9668_10",0.997455
"2972_10",0.997624
"5611_1",0.003585
"659_1",0.003932
"6360_7",0.170901
"7628_7",0.006231
"5311_9",0.968194
"2005_10",0.997479
"5396_1",0.011693
"1308_3",0.004935
"4737_3",0.021481
"8042_1",0.003900
"11585_3",0.007754
"1182_2",0.004907
"2581_9",0.996618
"10496_1",0.004473
"3561_7",0.773666
"8272_1",0.005299
"6571_4",0.601531
"3125_7",0.994643
"9120_3",0.020352
"12220_1",0.011483
"5783_3",0.028438
"105_8",0.996832
"11885_9",0.996612
"11317_1",0.013747
"7999_7",0.997327
"5800_7",0.996979
"2811_8",0.991339
"7381_9",0.994022
"9828_7",0.996853
"7849_4",0.351967
"8174_4",0.004404
"9320_1",0.003723
"5747_7",0.997187
"11097_3",0.003203
"6472_2",0.008170
"1200_10",0.997341
"10125_4",0.012319
"5422_10",0.997227
"9889_9",0.998005
"7370_2",0.006335
"696_4",0.019799
"8609_4",0.995250
"11850_7",0.995305
"889_7",0.992249
"8695_2",0.007240
"4944_1",0.007029
"6899_8",0.996403
"3388_10",0.997784
"1051_1",0.032738
"431_2",0.006654
"2353_1",0.200250
"5131_3",0.003976
"482_9",0.997458
"1283_10",0.996902
"10884_1",0.003066
"221_9",0.996650
"8688_3",0.005496
"9891_10",0.997850
"705_10",0.997575
"5604_1",0.003110
"4960_3",0.005614
"12439_1",0.003729
"8897_1",0.003295
"3549_8",0.997217
"7301_7",0.043571
"8183_3",0.236961
"7751_10",0.997267
"9084_9",0.995526
"3048_1",0.005473
"8443_1",0.003126
"3373_3",0.005474
"3867_4",0.005918
"604_3",0.004559
"2162_1",0.003429
"4367_9",0.997378
"10255_10",0.997918
"1909_9",0.995611
"1446_3",0.006000
"1247_1",0.004255
"2703_1",0.007008
"921_1",0.005368
"156_9",0.996452
"7516_4",0.225940
"6155_4",0.030544
"8991_3",0.904307
"3813_3",0.030167
"551_4",0.844111
"12326_1",0.004488
"5102_3",0.996657
"10901_3",0.003251
"1517_1",0.003092
"8762_10",0.997202
"1282_10",0.997689
"2531_9",0.575459
"7764_8",0.997645
"2906_8",0.997320
"6730_7",0.903080
"7749_9",0.997736
"7765_3",0.311243
"12412_7",0.995880
"582_4",0.006910
"5792_1",0.077753
"2174_7",0.996699
"7605_10",0.997415
"2721_1",0.005031
"2151_10",0.997829
"8152_1",0.005439
"6488_7",0.986707
"9446_8",0.995661
"10617_8",0.991055
"12455_2",0.152950
"7377_10",0.997673
"11891_2",0.046254
"4319_4",0.003797
"1050_9",0.965267
"9109_2",0.007638
"10500_1",0.002753
"11749_7",0.966201
"12250_2",0.012839
"1193_2",0.005040
"8313_8",0.996864
"8918_4",0.003768
"7122_10",0.997914
"6210_8",0.997471
"10050_8",0.997961
"4921_10",0.997836
"1857_7",0.996905
"9718_10",0.997869
"2482_1",0.005265
"2624_1",0.004035
"3284_2",0.007478
"11435_3",0.983074
"10971_7",0.997354
"2606_4",0.984960
"7540_9",0.998019
"10929_4",0.996421
"8566_8",0.009335
"4693_1",0.008863
"1281_2",0.006827
"267_1",0.003095
"2133_10",0.997493
"6762_8",0.997350
"1043_9",0.997713
"2812_4",0.021683
"6981_4",0.004725
"4038_9",0.997778
"4256_10",0.994191
"8206_1",0.003939
"2060_2",0.017087
"7372_1",0.003043
"732_3",0.009722
"5367_7",0.996773
"9765_10",0.997740
"8843_4",0.006209
"9723_10",0.997775
"11966_8",0.947195
"5087_8",0.519024
"9379_9",0.997588
"9615_2",0.003550
"991_7",0.997120
"4461_4",0.007266
"5857_1",0.005450
"2358_3",0.012412
"5247_10",0.986360
"12430_8",0.856743
"5943_4",0.060537
"11917_10",0.997734
"4144_4",0.921314
"3128_7",0.996715
"5152_10",0.997769
"8028_1",0.017272
"788_1",0.004600
"9552_2",0.933320
"12051_4",0.006350
"701_4",0.582240
"5738_7",0.014849
"5953_1",0.003570
"3694_10",0.997672
"12371_10",0.997779
"650_10",0.997926
"3772_8",0.994143
"3919_9",0.996812
"12420_10",0.997129
"6164_1",0.004517
"12202_10",0.997529
"4142_3",0.004400
"285_4",0.015648
"9190_4",0.003914
"9297_10",0.997456
"2857_1",0.004232
"5576_10",0.997685
"7603_1",0.002820
"1987_10",0.962490
"6978_1",0.003288
"2390_3",0.003500
"662_4",0.004729
"7957_1",0.355845
"3009_2",0.009804
"9574_1",0.003031
"703_2",0.006767
"11871_4",0.008971
"8056_2",0.006139
"11468_2",0.006938
"7549_10",0.996982
"4506_1",0.626470
"160_1",0.005610
"2400_1",0.178583
"146_8",0.996405
"1174_7",0.997506
"1623_2",0.013551
"2909_1",0.015733
"9284_3",0.008329
"753_7",0.401131
"456_1",0.016136
"329_1",0.003819
"1996_10",0.997515
"7468_10",0.997405
"11219_3",0.988678
"5749_8",0.997226
"1563_2",0.012003
"9713_8",0.159031
"12467_2",0.004336
"5686_2",0.007056
"6424_2",0.005787
"11137_10",0.997802
"5613_7",0.997338
"2113_2",0.007381
"8623_8",0.990658
"2086_10",0.997989
"6846_8",0.997727
"3230_2",0.004591
"4973_4",0.006297
"2935_2",0.006932
"12176_1",0.003636
"6272_9",0.996674
"728_10",0.987950
"9843_2",0.006642
"4897_2",0.004709
"12121_3",0.003851
"11934_4",0.031924
"1453_2",0.006285
"9676_9",0.997225
"3072_10",0.997715
"6667_2",0.993881
"8932_9",0.997968
"9452_10",0.975345
"953_2",0.100986
"3268_3",0.066357
"6276_1",0.003945
"2522_3",0.010573
"2630_10",0.997919
"2031_10",0.997538
"3754_10",0.729620
"10791_1",0.008939
"7755_3",0.007135
"11180_10",0.997591
"8020_9",0.994220
"3767_4",0.997438
"3519_10",0.996631
"8180_9",0.997499
"11639_4",0.006140
"7540_2",0.005904
"4746_1",0.009058
"4027_1",0.007489
"952_1",0.029148
"4070_1",0.992244
"8346_1",0.908412
"1499_9",0.979578
"1601_4",0.003845
"1698_1",0.007131
"3055_3",0.004313
"7744_1",0.015505
"3183_8",0.997800
"9482_1",0.004626
"3712_4",0.905088
"9260_4",0.995693
"10042_1",0.003804
"3873_3",0.008612
"11273_10",0.962611
"2918_1",0.446562
"1292_3",0.005198
"1837_2",0.018328
"4650_4",0.010320
"8686_4",0.025859
"11307_8",0.924090
"10044_2",0.003643
"12035_1",0.009219
"2259_9",0.997784
"6582_1",0.874561
"10194_1",0.004965
"7932_10",0.040699
"8064_8",0.986464
"5017_4",0.997316
"6456_9",0.997802
"10768_8",0.997487
"9479_10",0.997613
"9734_4",0.022108
"2245_1",0.002950
"7275_3",0.017746
"1193_10",0.998114
"3883_4",0.010118
"5456_3",0.086171
"10014_2",0.016330
"8045_9",0.990722
"9093_7",0.996331
"9971_1",0.005187
"1052_3",0.056097
"10952_1",0.014912
"3449_7",0.965507
"2488_1",0.105525
"8422_3",0.007327
"1541_10",0.997352
"11863_1",0.005890
"10102_2",0.012124
"3838_9",0.997451
"8538_3",0.008192
"12432_1",0.003873
"6339_10",0.997703
"1860_10",0.997434
"11402_1",0.005646
"10770_2",0.065273
"8046_8",0.995674
"2748_3",0.071527
"361_9",0.997142
"8427_10",0.997665
"11792_10",0.997278
"10331_9",0.996519
"3506_1",0.002966
"7374_7",0.997585
"5658_9",0.996451
"7170_2",0.007653
"6144_1",0.003634
"5035_7",0.997957
"4566_3",0.005341
"9544_1",0.004863
"1959_9",0.678815
"2390_9",0.997851
"4960_9",0.997990
"3425_2",0.003439
"4000_10",0.997569
"12418_3",0.009547
"9771_10",0.997813
"621_7",0.964987
"3510_1",0.004358
"6893_7",0.127779
"3680_9",0.997909
"3118_9",0.992556
"5433_7",0.995071
"8381_9",0.997355
"10205_10",0.997664
"1437_1",0.003314
"5675_2",0.007063
"1597_7",0.996234
"1549_1",0.016625
"11391_10",0.997685
"12101_8",0.997396
"9356_8",0.996842
"10128_1",0.007257
"11249_4",0.872018
"12441_2",0.003644
"7486_2",0.004599
"4905_9",0.993743
"5441_1",0.037943
"2613_10",0.996500
"10351_3",0.006263
"10459_10",0.997543
"2565_8",0.997809
"1338_1",0.003250
"823_7",0.995976
"8924_7",0.993097
"1382_10",0.993832
"4150_7",0.010576
"6004_8",0.994163
"2508_10",0.996058
"10935_8",0.997668
"692_7",0.996620
"7778_10",0.997936
"2016_10",0.997791
"1042_3",0.009046
"7823_1",0.015432
"149_1",0.013026
"5551_3",0.018512
"366_8",0.997645
"3483_10",0.997801
"278_1",0.003681
"9951_4",0.021826
"2731_10",0.997773
"4403_10",0.997965
"5307_1",0.010295
"8185_9",0.997609
"11059_8",0.997812
"10273_10",0.997869
"5336_4",0.003916
"5147_7",0.991550
"1525_1",0.004034
"8507_7",0.981092
"8501_10",0.997892
"2424_2",0.537984
"8959_9",0.997881
"11318_8",0.997528
"1270_8",0.997462
"1655_1",0.003004
"10161_1",0.003487
"8531_10",0.990136
"9144_4",0.983227
"1201_2",0.010875
"11822_10",0.997765
"11486_3",0.003549
"8038_10",0.997699
"1981_2",0.064153
"11901_10",0.997810
"5441_9",0.997784
"11709_9",0.997534
"9333_8",0.997904
"7881_3",0.025929
"2815_9",0.953679
"3251_3",0.004736
"1792_3",0.012158
"8625_2",0.007184
"4221_3",0.031770
"2742_10",0.997577
"11118_4",0.658407
"11613_3",0.004458
"6104_1",0.005382
"3046_1",0.003808
"8729_4",0.003556
"1827_10",0.997125
"762_7",0.993378
"8855_2",0.005025
"7573_3",0.004664
"8616_4",0.049997
"4830_7",0.997232
"6646_1",0.458574
"8746_4",0.069353
"1875_7",0.608670
"1221_10",0.997731
"11842_2",0.003468
"3002_1",0.016121
"5776_1",0.006554
"5479_10",0.997739
"6034_4",0.004613
"10984_1",0.011848
"12043_2",0.004104
"4961_8",0.997509
"9601_10",0.115605
"2216_4",0.006459
"1189_10",0.997866
"8461_4",0.006084
"2575_10",0.997890
"3782_1",0.005146
"8927_8",0.997782
"7006_4",0.008787
"6103_7",0.991160
"3218_10",0.997725
"797_10",0.994831
"76_4",0.186539
"9497_7",0.989236
"9637_1",0.004054
"1070_10",0.991884
"9732_10",0.005094
"8144_3",0.005473
"6247_10",0.018055
"10230_7",0.997729
"10731_3",0.004951
"740_8",0.883932
"2145_8",0.997516
"834_8",0.995914
"6621_10",0.997677
"1749_4",0.005547
"5730_10",0.997485
"11167_4",0.019967
"1106_9",0.997448
"8152_10",0.995657
"11968_8",0.737562
"7728_9",0.997576
"237_1",0.003909
"10754_1",0.003202
"1055_10",0.997942
"65_7",0.997171
"4092_3",0.007051
"3337_7",0.996570
"3163_8",0.010515
"7645_1",0.003538
"10883_1",0.003323
"4597_7",0.994842
"11850_1",0.004669
"1025_10",0.997646
"11908_2",0.004661
"7838_4",0.993357
"7725_7",0.997249
"8146_9",0.997889
"3741_8",0.997760
"323_2",0.006355
"8244_3",0.003581
"4593_1",0.005505
"6902_1",0.011984
"1791_1",0.004461
"11490_10",0.991803
"4200_1",0.014779
"1611_2",0.010919
"3215_10",0.997803
"5864_10",0.005370
"3776_1",0.561255
"6356_9",0.997729
"9139_10",0.991332
"5115_10",0.997865
"3064_10",0.997853
"149_9",0.996019
"2873_3",0.003691
"3790_1",0.005027
"3136_9",0.995076
"1696_3",0.146716
"4961_2",0.994175
"11918_10",0.997686
"3663_10",0.997923
"8115_3",0.823038
"3690_8",0.953507
"11431_1",0.006227
"3830_10",0.989270
"11896_10",0.997918
"8753_10",0.997428
"10121_1",0.206011
"1142_7",0.997691
"7188_7",0.996626
"7044_1",0.003570
"11750_4",0.003555
"7688_10",0.997816
"12292_10",0.997806
"5533_1",0.190921
"4147_4",0.006030
"8515_2",0.006562
"10756_3",0.011808
"11899_10",0.997502
"11867_2",0.006027
"7814_8",0.997808
"1855_10",0.997737
"10357_2",0.002951
"5218_1",0.007088
"6641_9",0.935797
"5777_10",0.398137
"11982_1",0.005688
"10980_10",0.997686
"8585_8",0.950979
"941_2",0.004153
"1697_7",0.987213
"9872_8",0.997700
"2377_4",0.004460
"2033_8",0.997021
"5864_1",0.012348
"4295_7",0.997725
"2610_1",0.003995
"1730_10",0.038550
"11095_8",0.994985
"1699_8",0.988763
"344_9",0.997375
"7136_3",0.005733
"2402_10",0.970163
"472_10",0.996690
"170_7",0.994260
"7019_1",0.007454
"11798_10",0.997946
"7549_2",0.003700
"8414_10",0.992642
"573_3",0.007056
"6678_1",0.990824
"10002_3",0.020945
"3905_3",0.960109
"1849_4",0.021511
"7959_2",0.006321
"597_4",0.005843
"2719_8",0.994844
"10519_1",0.005322
"6112_1",0.003660
"1322_9",0.996746
"12415_8",0.997542
"6727_1",0.007609
"12393_1",0.003142
"8545_9",0.997837
"528_7",0.997891
"12267_8",0.997092
"5842_10",0.995741
"8471_2",0.209970
"3912_9",0.185366
"4831_8",0.997648
"5767_3",0.004072
"10631_9",0.997421
"8069_8",0.997313
"190_9",0.997827
"12343_7",0.996393
"645_1",0.003935
"10326_1",0.003904
"11271_9",0.075859
"11808_8",0.995638
"3200_2",0.004299
"4518_2",0.004918
"8307_2",0.006171
"2057_10",0.996647
"3705_1",0.004012
"11581_7",0.997069
"11777_9",0.830421
"1367_3",0.009718
"12248_9",0.997631
"2994_8",0.997578
"5170_1",0.003345
"8781_7",0.993927
"9137_1",0.004197
"9970_4",0.951832
"3412_7",0.865205
"9399_1",0.003847
"7917_8",0.025270
"1157_1",0.009034
"12489_10",0.997646
"5365_8",0.997986
"9295_10",0.930561
"11505_1",0.002981
"8647_4",0.048997
"6609_2",0.040887
"6859_1",0.968859
"2436_10",0.994212
"4255_4",0.184629
"12347_1",0.027517
"4237_4",0.003537
"11687_10",0.996782
"2964_7",0.715049
"2836_4",0.008593
"1944_4",0.994817
"3218_1",0.008479
"2752_10",0.997791
"9994_3",0.005292
"11566_8",0.997689
"5741_10",0.997862
"7127_10",0.997393
"11864_2",0.003403
"5159_9",0.997183
"658_3",0.012902
"10177_3",0.023826
"4843_1",0.003397
"1441_1",0.810279
"2741_2",0.004611
"6045_3",0.005991
"7020_8",0.997928
"2120_1",0.004939
"2336_1",0.005045
"10167_9",0.997548
"10251_3",0.004626
"9335_4",0.028260
"6670_3",0.026086
"9937_7",0.009819
"3258_7",0.997413
"3234_7",0.997177
"3601_1",0.004958
"5635_9",0.970665
"11427_7",0.997581
"3349_4",0.004958
"1334_10",0.997293
"10474_10",0.997605
"2361_10",0.997904
"1471_2",0.007011
"10705_10",0.995895
"10559_7",0.541261
"3070_10",0.997907
"10087_1",0.005498
"1952_7",0.327641
"682_9",0.962366
"6576_10",0.996764
"956_3",0.007463
"3960_1",0.004271
"62_2",0.004483
"3200_8",0.997874
"2127_1",0.015690
"6878_9",0.997942
"1600_10",0.997528
"11995_7",0.969311
"5239_2",0.005765
"6018_7",0.997735
"9185_1",0.008288
"4707_7",0.993828
"12407_10",0.997789
"5831_10",0.997885
"2264_7",0.990679
"7226_8",0.996610
"6337_7",0.996205
"5047_3",0.651946
"228_10",0.997440
"4230_1",0.014495
"4058_8",0.997716
"5634_4",0.003988
"11680_1",0.006527
"1320_9",0.997717
"12461_8",0.997820
"10076_10",0.997696
"9170_8",0.997408
"4519_10",0.997706
"5906_2",0.017616
"2065_8",0.993759
"8453_10",0.997952
"262_1",0.005656
"454_10",0.997869
"11532_8",0.997877
"8169_2",0.968202
"6873_8",0.994983
"10061_4",0.004165
"11565_4",0.015684
"258_1",0.095893
"5896_1",0.004764
"4395_1",0.003504
"3774_1",0.003827
"12340_8",0.052153
"7497_8",0.997584
"4321_2",0.088858
"6258_2",0.003602
"3950_1",0.003124
"9998_8",0.997791
"3524_8",0.997713
"2003_10",0.997394
"10366_3",0.081793
"2602_10",0.997610
"8684_8",0.997092
"12268_9",0.997878
"4846_8",0.997553
"5969_1",0.004342
"173_4",0.004877
"2790_10",0.997893
"2637_1",0.004993
"10239_1",0.004239
"5120_9",0.997199
"3802_10",0.997639
"6897_7",0.031128
"8478_9",0.995499
"2441_4",0.012429
"4827_1",0.010384
"4326_1",0.004242
"252_3",0.004457
"7201_8",0.502715
"801_2",0.836141
"10008_4",0.063211
"6740_10",0.997792
"674_3",0.866085
"6341_9",0.997617
"1882_7",0.982411
"10843_10",0.997865
"1593_4",0.008657
"3592_1",0.707335
"4658_4",0.960478
"2564_2",0.004867
"7229_9",0.997584
"4186_1",0.004443
"10227_3",0.004473
"4580_3",0.011192
"10367_3",0.584520
"10034_9",0.997297
"6834_10",0.997760
"11326_9",0.997330
"4683_1",0.006164
"5596_1",0.005713
"4238_3",0.004024
"11881_10",0.990333
"11910_2",0.003912
"934_1",0.005452
"3660_8",0.997964
"365_1",0.004647
"3677_9",0.997353
"6522_10",0.902747
"3167_10",0.997526
"6104_10",0.997150
"2584_2",0.089248
"4264_8",0.997103
"5648_9",0.997171
"1863_9",0.997854
"7464_10",0.997814
"7643_8",0.997293
"7030_10",0.997780
"2768_2",0.003284
"3845_1",0.003355
"11590_10",0.997479
"8578_3",0.020621
"8733_9",0.996644
"4099_1",0.006165
"5810_1",0.003266
"442_3",0.031524
"1374_9",0.958321
"7704_10",0.021815
"4526_1",0.004804
"2978_8",0.997674
"3096_1",0.004033
"1589_9",0.997658
"11197_7",0.997762
"6751_8",0.997625
"10043_10",0.997930
"4045_2",0.003635
"7706_8",0.997387
"1876_10",0.988789
"4224_9",0.997492
"10833_1",0.003832
"11549_10",0.997138
"7081_8",0.997877
"6410_8",0.996862
"10609_9",0.997850
"9910_1",0.004222
"4474_7",0.997103
"9775_9",0.997622
"9245_10",0.997779
"11514_8",0.997182
"3182_4",0.973670
"3127_3",0.075404
"7311_1",0.006462
"4266_10",0.996805
"12410_10",0.997843
"7548_1",0.007348
"10446_2",0.054683
"4854_2",0.011587
"1152_8",0.998044
"11660_4",0.373904
"3452_2",0.003615
"2401_7",0.792332
"11703_7",0.996781
"4053_2",0.003555
"4882_9",0.997270
"8050_7",0.977300
"9053_4",0.045424
"12313_10",0.998066
"12085_1",0.004944
"2130_2",0.004349
"8499_10",0.996811
"9230_3",0.014064
"2697_10",0.997991
"7682_3",0.036877
"1473_7",0.163093
"3124_4",0.003981
"10694_10",0.997806
"11541_9",0.980217
"7033_10",0.997047
"305_10",0.995391
"12164_8",0.996449
"7594_2",0.128007
"2101_3",0.005417
"9579_2",0.009327
"1482_4",0.964231
"4362_1",0.004884
"1263_9",0.997743
"2543_9",0.997733
"8642_1",0.006613
"229_1",0.007015
"12045_10",0.997795
"810_9",0.997956
"5188_7",0.996167
"2690_1",0.006151
"922_3",0.011788
"10957_10",0.997905
"9275_3",0.004567
"7289_10",0.997785
"1809_2",0.003135
"11846_1",0.997344
"5888_10",0.997857
"1506_7",0.996430
"6255_1",0.003403
"4995_7",0.995078
"2423_1",0.003488
"4030_8",0.994152
"4839_7",0.995916
"364_1",0.004770
"3510_9",0.997523
"2092_10",0.997732
"600_1",0.004609
"5490_9",0.997753
"9442_8",0.012176
"5330_8",0.995556
"10858_10",0.989416
"2746_8",0.997412
"848_9",0.957408
"6713_1",0.983693
"8274_10",0.997714
"2507_1",0.010443
"4558_1",0.006373
"957_2",0.005222
"11667_8",0.876107
"2374_2",0.004292
"8156_1",0.008706
"1080_8",0.986011
"11274_8",0.995776
"12467_10",0.997792
"5941_1",0.997408
"6205_1",0.007798
"4517_9",0.997855
"102_4",0.009632
"6022_8",0.997005
"10054_3",0.006430
"3907_3",0.005299
"5232_8",0.040708
"10064_2",0.928187
"6529_1",0.003852
"11003_1",0.003685
"9151_7",0.996132
"6612_8",0.979804
"12189_10",0.997492
"6510_2",0.007083
"3129_7",0.974463
"7864_2",0.005485
"11603_3",0.817852
"10741_9",0.997670
"2235_7",0.994192
"2125_2",0.005375
"2050_10",0.997858
"8397_1",0.005295
"5275_1",0.986463
"7755_10",0.997205
"12065_4",0.992879
"269_8",0.997456
"1933_2",0.008124
"9182_3",0.056236
"3153_10",0.993680
"3922_7",0.996821
"2674_3",0.246763
"7407_4",0.011859
"737_7",0.991292
"5223_1",0.005857
"10937_1",0.009524
"9026_4",0.007101
"1564_8",0.997855
"1724_10",0.996991
"1224_3",0.977639
"8536_4",0.004004
"11215_8",0.933959
"3063_10",0.997389
"9559_9",0.936784
"5165_2",0.006637
"9396_1",0.009118
"6404_1",0.003280
"6019_1",0.996856
"7249_8",0.988165
"1765_1",0.003768
"7685_4",0.480652
"8196_10",0.997813
"11749_1",0.011009
"1257_10",0.996697
"3488_8",0.994921
"8605_8",0.997307
"6697_4",0.049278
"11540_1",0.003255
"6262_4",0.045013
"1998_8",0.993434
"3019_1",0.004178
"1087_2",0.006014
"8356_8",0.976441
"10036_10",0.997647
"10547_10",0.997706
"2562_1",0.003751
"5096_3",0.005548
"12128_1",0.004184
"2574_10",0.997040
"10144_8",0.997627
"3678_1",0.002984
"2579_2",0.013092
"6695_7",0.921223
"1465_7",0.997517
"11846_9",0.997536
"1219_9",0.997758
"4936_9",0.997856
"12382_4",0.253257
"8807_1",0.003927
"7700_1",0.006839
"4209_8",0.997866
"10178_10",0.997207
"9835_8",0.983749
"161_3",0.005200
"670_3",0.012296
"7158_10",0.996764
"9502_4",0.006788
"9880_1",0.009180
"39_3",0.989144
"11161_9",0.909594
"12026_9",0.997621
"4439_3",0.003815
"8303_10",0.997214
"408_7",0.990740
"1065_9",0.986953
"5188_2",0.003550
"929_10",0.998046
"4765_7",0.997773
"2117_4",0.009783
"6653_4",0.003868
"2342_1",0.009749
"8445_1",0.003812
"1708_1",0.006093
"7995_10",0.994816
"1104_4",0.016140
"3847_1",0.004254
"7276_10",0.997888
"11269_7",0.020234
"3158_1",0.038359
"11061_1",0.004215
"851_7",0.992419
"8214_2",0.005276
"9174_1",0.004233
"7040_3",0.016191
"4082_4",0.013026
"3553_8",0.996946
"6733_10",0.997625
"4910_3",0.520679
"10149_1",0.005089
"5609_4",0.004877
"4174_3",0.012495
"9213_1",0.004716
"2881_9",0.997616
"1408_3",0.012509
"10832_1",0.005448
"7216_3",0.942457
"9905_10",0.997913
"9050_3",0.007055
"3789_4",0.011602
"6490_8",0.992276
"7649_7",0.991465
"6901_8",0.988478
"11597_9",0.997860
"3259_1",0.003644
"5936_3",0.018130
"1214_2",0.152468
"2840_1",0.004405
"1956_10",0.997740
"2392_2",0.005567
"239_9",0.997860
"6860_8",0.845600
"1716_9",0.994907
"9595_10",0.975743
"1630_1",0.013447
"11293_3",0.126274
"8288_10",0.997295
"6618_7",0.988951
"12378_1",0.003326
"11560_1",0.005149
"12124_8",0.997729
"486_10",0.019584
"6654_3",0.010482
"6915_10",0.996857
"8773_1",0.055050
"10211_4",0.985974
"5769_9",0.997271
"10038_4",0.003998
"3737_9",0.997730
"11512_1",0.608489
"8025_7",0.996639
"397_7",0.991751
"10670_9",0.997209
"11648_4",0.006927
"10361_1",0.002958
"12439_8",0.997688
"9958_8",0.985235
"8659_1",0.002947
"12400_1",0.006353
"10680_7",0.886759
"2435_10",0.996563
"5506_4",0.004105
"9025_3",0.017647
"5749_4",0.005303
"5090_1",0.003410
"2688_9",0.995970
"8397_10",0.997283
"8610_8",0.994335
"9398_10",0.997775
"5144_10",0.997772
"10797_10",0.994657
"9623_2",0.004862
"3269_8",0.997169
"5480_7",0.997090
"43_1",0.006748
"4156_1",0.011427
"1629_1",0.006410
"6536_10",0.997383
"8384_1",0.006948
"2820_10",0.997672
"7976_3",0.004472
"3745_10",0.947434
"11258_8",0.997821
"7908_7",0.993908
"9166_7",0.996307
"8976_8",0.997656
"3692_1",0.003351
"4937_4",0.012450
"11935_9",0.997899
"7722_7",0.996979
"8757_4",0.002838
"1218_10",0.995610
"3620_8",0.003626
"9017_4",0.003548
"8300_3",0.005776
"11325_4",0.007411
"1093_8",0.997896
"166_4",0.008051
"6088_10",0.997908
"2149_10",0.997893
"4884_9",0.995449
"9786_1",0.004080
"4258_3",0.018412
"9890_1",0.009331
"8911_1",0.016638
"11618_3",0.005818
"4510_1",0.004102
"3173_4",0.510511
"10418_1",0.007147
"8954_1",0.004665
"723_2",0.006072
"1164_1",0.003395
"11404_4",0.018811
"5737_3",0.015501
"10073_3",0.004853
"1900_8",0.012638
"9532_10",0.992026
"839_4",0.103541
"4562_1",0.032783
"3963_3",0.004106
"5220_10",0.016373
"663_9",0.996663
"10156_8",0.996961
"3759_7",0.081324
"5153_4",0.957694
"7580_3",0.003671
"12403_10",0.997877
"4893_8",0.997693
"892_8",0.996170
"79_2",0.003579
"10716_8",0.997687
"11452_7",0.305898
"1214_7",0.958411
"8901_10",0.983317
"12221_10",0.997740
"2055_9",0.672316
"5911_3",0.006559
"10866_3",0.007101
"10063_1",0.003829
"10563_9",0.995065
"11931_8",0.018741
"1180_1",0.003683
"8194_1",0.005392
"7837_4",0.996600
"1876_1",0.003669
"9203_1",0.006459
"10091_1",0.005165
"2434_9",0.991712
"7908_1",0.011157
"8591_4",0.597657
"4222_7",0.062154
"11430_4",0.995587
"757_1",0.003886
"6442_8",0.991101
"10056_8",0.946267
"3179_2",0.006117
"3130_3",0.426535
"11921_7",0.997757
"4139_9",0.997877
"195_10",0.997495
"6286_1",0.011962
"5701_2",0.011616
"7470_8",0.997671
"9205_9",0.151525
"10683_8",0.969721
"672_4",0.753069
"604_10",0.997928
"7757_10",0.997706
"5228_4",0.313770
"3998_10",0.994137
"7444_4",0.936404
"9684_10",0.997617
"8455_7",0.997046
"3989_8",0.997580
"1115_3",0.015258
"6469_4",0.010766
"4524_8",0.972644
"3103_7",0.404734
"3108_8",0.997401
"2219_10",0.997670
"10269_8",0.247903
"838_4",0.011394
"5367_1",0.003244
"9110_10",0.997242
"5736_1",0.003115
"5100_4",0.182611
"3399_4",0.019425
"7575_9",0.996996
"7954_9",0.997583
"870_7",0.997790
"3811_9",0.031509
"8011_9",0.996839
"8172_10",0.997654
"3209_4",0.004830
"7380_10",0.987792
"10210_3",0.017548
"8162_9",0.997637
"10784_9",0.997538
"482_1",0.004262
"1452_9",0.996243
"2686_4",0.006032
"543_8",0.997135
"495_2",0.007169
"2887_9",0.997692
"11780_1",0.004314
"9742_2",0.003767
"1762_1",0.004058
"5264_9",0.997532
"7958_4",0.988250
"6010_10",0.997857
"1284_9",0.982745
"10420_3",0.006073
"7736_7",0.302343
"1178_10",0.997194
"529_10",0.997697
"4063_4",0.017415
"10480_8",0.996736
"2412_2",0.008071
"5206_3",0.099690
"11963_9",0.991411
"663_1",0.011820
"352_4",0.007192
"7504_3",0.975693
"8678_1",0.010523
"2330_2",0.994428
"12282_1",0.003102
"6485_10",0.017508
"9306_1",0.003001
"7468_4",0.004796
"12207_1",0.004055
"6701_7",0.006825
"9861_7",0.389805
"6318_7",0.969684
"11612_1",0.004421
"4800_10",0.014849
"5360_3",0.006635
"4977_4",0.011016
"1678_9",0.997560
"5017_8",0.994857
"3087_9",0.922442
"1915_8",0.391535
"574_10",0.996835
"6062_8",0.997736
"2860_4",0.995913
"1800_4",0.007956
"1928_9",0.997441
"9890_10",0.997027
"12159_8",0.910406
"649_7",0.995903
"8708_1",0.010978
"8181_10",0.997543
"3495_1",0.003310
"11612_10",0.990359
"6919_10",0.997862
"12217_9",0.997481
"9276_4",0.010047
"3520_9",0.997031
"6492_4",0.042285
"3900_2",0.325660
"12298_9",0.993855
"12394_1",0.003621
"4873_8",0.016649
"4797_1",0.012134
"3197_9",0.997898
"2474_10",0.996817
"4042_10",0.997805
"10641_1",0.003246
"10882_2",0.006332
"4803_4",0.152463
"7459_10",0.994908
"1828_1",0.004673
"1718_10",0.997898
"9603_1",0.004383
"940_7",0.963636
"3074_4",0.010160
"8802_10",0.997777
"7180_4",0.004215
"5250_1",0.007638
"2734_7",0.997270
"2354_8",0.997194
"6805_1",0.005793
"11156_4",0.003570
"2734_3",0.015703
"12216_1",0.005106
"660_8",0.997818
"8978_10",0.997715
"6272_1",0.026759
"8294_4",0.005227
"11956_8",0.996978
"3265_1",0.003807
"705_2",0.972681
"9058_9",0.997591
"3582_3",0.012170
"6985_1",0.003337
"5611_9",0.985592
"9491_3",0.041516
"9945_3",0.003986
"1840_10",0.997864
"12280_3",0.006347
"1932_10",0.997952
"8682_10",0.997437
"5418_9",0.997277
"3354_9",0.997518
"8078_3",0.011300
"7747_1",0.005866
"2669_7",0.997061
"9180_7",0.991813
"1320_1",0.004122
"7742_8",0.997709
"6232_9",0.995788
"3459_9",0.997586
"1008_2",0.032909
"7987_8",0.996609
"5078_7",0.995397
"10660_10",0.989263
"10325_2",0.010076
"4951_3",0.007227
"10502_7",0.247369
"7548_9",0.310439
"2870_10",0.990101
"8136_4",0.978949
"9870_8",0.218654
"7588_4",0.009815
"7845_2",0.004630
"10334_7",0.997700
"4860_1",0.027542
"4855_9",0.991243
"1337_10",0.997638
"6403_3",0.057797
"9447_10",0.997705
"4724_3",0.018495
"10895_10",0.997555
"2171_4",0.007940
"5361_9",0.997251
"11056_2",0.004517
"9772_10",0.997802
"5719_8",0.997847
"3050_7",0.978477
"4406_1",0.011156
"9833_4",0.994268
"1217_2",0.009166
"2632_1",0.006398
"3250_1",0.994925
"5130_9",0.997141
"3526_7",0.218042
"2793_3",0.004154
"10708_3",0.005350
"6415_8",0.996381
"11258_2",0.016597
"11451_1",0.018032
"7724_2",0.010605
"4276_4",0.004082
"6058_1",0.005951
"4086_1",0.095111
"3670_8",0.997030
"7125_8",0.996524
"9377_8",0.994211
"763_2",0.039255
"7882_8",0.997667
"757_9",0.997147
"389_1",0.005607
"9102_10",0.997857
"9384_7",0.006628
"5684_8",0.995272
"12090_4",0.014125
"12002_4",0.004953
"5443_7",0.996601
"8782_9",0.962128
"9878_9",0.997685
"9640_1",0.004390
"999_3",0.031478
"6249_3",0.993674
"1656_7",0.997828
"6649_10",0.994660
"4630_1",0.006589
"11300_8",0.992524
"5894_10",0.937923
"3198_1",0.003972
"7924_2",0.079538
"6318_1",0.923464
"8075_2",0.019143
"10005_2",0.953972
"6431_8",0.997961
"635_2",0.414490
"1803_3",0.003719
"5721_4",0.005356
"1116_7",0.997701
"1456_4",0.027914
"51_10",0.997968
"7155_9",0.997432
"929_2",0.003299
"12269_1",0.003557
"10597_1",0.002993
"9005_7",0.025237
"10467_9",0.997103
"2251_9",0.997683
"1977_9",0.997850
"8539_8",0.080833
"2416_1",0.003768
"8508_9",0.995439
"10401_1",0.003441
"12217_2",0.898440
"5484_1",0.006073
"3833_10",0.997721
"465_4",0.017110
"7591_7",0.996316
"11485_9",0.996563
"3728_1",0.003083
"5538_8",0.997616
"10751_4",0.005401
"8883_8",0.997213
"6581_1",0.034286
"5476_1",0.003930
"4338_9",0.997669
"10343_1",0.010031
"2914_10",0.997887
"6103_1",0.906729
"7691_1",0.005095
"3444_3",0.005229
"2397_8",0.997718
"8255_8",0.997816
"1660_1",0.004751
"10154_2",0.997562
"2138_3",0.004776
"9614_3",0.003552
"2682_10",0.997813
"1813_3",0.005967
"10581_3",0.008027
"3733_4",0.006205
"5210_4",0.007232
"11961_8",0.997974
"7928_4",0.003833
"12156_4",0.006684
"11025_4",0.048393
"11233_10",0.997961
"473_1",0.003542
"6648_2",0.004516
"2451_1",0.005576
"7679_2",0.002706
"2954_9",0.997831
"9652_10",0.997726
"724_3",0.019357
"7592_4",0.004998
"7669_9",0.997534
"3816_1",0.005852
"1401_4",0.057333
"8551_2",0.008920
"7901_8",0.997565
"10552_4",0.005043
"330_10",0.996859
"232_4",0.005491
"12351_8",0.996524
"12451_10",0.997970
"5884_9",0.990761
"603_4",0.004586
"3415_7",0.564999
"8727_1",0.005581
"10099_4",0.890073
"7989_10",0.997769
"2329_2",0.013185
"5774_1",0.007840
"8201_3",0.948852
"3491_1",0.003649
"12210_10",0.276314
"7604_8",0.598873
"1676_10",0.997688
"6477_9",0.996400
"2521_10",0.997709
"9140_2",0.006719
"2463_4",0.027710
"587_8",0.997374
"7120_10",0.324589
"7734_10",0.997870
"7322_10",0.990812
"3803_2",0.004045
"2417_4",0.007822
"7757_4",0.003595
"478_9",0.996374
"12269_9",0.997923
"10472_3",0.003224
"2858_9",0.997745
"414_9",0.034577
"2552_4",0.002880
"11615_8",0.995756
"201_2",0.003411
"5624_3",0.013494
"5080_8",0.976342
"4507_10",0.018127
"1527_3",0.017457
"6282_1",0.008401
"3911_1",0.005905
"4616_9",0.997046
"9562_4",0.996129
"9975_8",0.991202
"7584_10",0.997371
"1121_1",0.005438
"382_10",0.997681
"11309_1",0.004736
"5424_10",0.997878
"8697_8",0.996912
"12420_2",0.027943
"5052_10",0.997687
"1037_1",0.009940
"346_7",0.112290
"2285_8",0.997329
"10867_1",0.003225
"4335_9",0.996804
"9088_7",0.279091
"11037_8",0.993888
"1993_4",0.004729
"11469_3",0.006330
"1834_2",0.004375
"10723_4",0.009824
"5377_3",0.022259
"1812_1",0.005891
"2760_8",0.997479
"12062_10",0.027824
"1847_1",0.003798
"1280_3",0.040093
"2106_8",0.991482
"5414_1",0.035109
"4930_10",0.997836
"5024_9",0.997912
"5295_9",0.993010
"5427_10",0.996282
"10526_2",0.004294
"5517_2",0.768413
"3971_8",0.991446
"12260_7",0.989820
"3676_10",0.997611
"4132_7",0.997350
"6721_8",0.988277
"2381_7",0.997401
"818_1",0.004518
"6503_7",0.756230
"12068_7",0.997409
"8847_1",0.003849
"10698_8",0.996435
"2347_3",0.004356
"9337_10",0.977216
"9070_4",0.338363
"7962_10",0.997893
"12183_4",0.034950
"12410_3",0.994319
"7988_9",0.761257
"8980_8",0.977866
"8568_4",0.015066
"8374_7",0.997384
"3561_4",0.064942
"692_4",0.993482
"4259_1",0.009430
"1627_1",0.009036
"7064_9",0.997829
"5410_7",0.997269
"10003_3",0.026128
"12068_3",0.003952
"8048_7",0.086452
"2590_1",0.004060
"3464_2",0.995995
"8423_10",0.109045
"5036_4",0.388396
"10030_3",0.744167
"5500_9",0.997727
"10129_10",0.996659
"1549_10",0.994119
"6463_10",0.997851
"1026_2",0.159303
"6681_10",0.993302
"11004_1",0.005115
"6191_10",0.994309
"9253_4",0.986761
"3193_10",0.997450
"7563_1",0.002710
"3104_7",0.996279
"6369_9",0.997350
"606_1",0.005162
"6069_10",0.997852
"6966_7",0.996218
"8945_4",0.007276
"4920_1",0.004315
"7358_10",0.995963
"9665_10",0.997886
"5005_1",0.007608
"12324_2",0.004941
"1878_1",0.003009
"5917_2",0.005557
"11912_7",0.996971
"11692_1",0.005376
"11505_10",0.997670
"5416_8",0.997707
"12072_1",0.003986
"4436_10",0.993084
"11762_1",0.005512
"5805_10",0.997650
"9464_1",0.004214
"9412_2",0.003813
"11262_4",0.922167
"853_7",0.997097
"7087_4",0.006700
"1896_10",0.995649
"9749_4",0.932055
"7431_2",0.012271
"10253_3",0.003858
"10675_4",0.994696
"4275_4",0.006897
"5399_8",0.997613
"9388_10",0.506628
"7019_10",0.997695
"10223_2",0.003896
"10216_1",0.006166
"2097_3",0.006821
"4243_3",0.005729
"8672_1",0.004338
"1260_3",0.004532
"1734_10",0.996320
"2955_9",0.997834
"12033_1",0.002916
"8243_3",0.003823
"8741_2",0.189128
"6481_7",0.997462
"7053_1",0.008035
"1624_8",0.994281
"2900_1",0.009829
"4328_1",0.004154
"11732_7",0.997772
"746_1",0.013388
"6004_3",0.007109
"6162_2",0.004111
"9375_4",0.010345
"10924_4",0.010012
"6304_4",0.004509
"10035_10",0.997833
"8867_2",0.002585
"9781_10",0.997865
"8902_8",0.996819
"1006_8",0.015481
"7230_1",0.004966
"8788_9",0.997007
"2079_10",0.997819
"11987_3",0.003352
"2724_7",0.940621
"8534_2",0.004562
"7052_1",0.005778
"4390_8",0.995448
"520_10",0.921399
"3936_3",0.006996
"5160_3",0.011234
"10519_8",0.994393
"8906_1",0.005117
"8750_4",0.332216
"8606_3",0.843234
"12038_2",0.556226
"2939_8",0.997091
"5721_10",0.997217
"6798_8",0.997297
"11820_10",0.997775
"6435_10",0.004954
"404_8",0.997832
"6066_9",0.997713
"7921_3",0.005557
"5468_3",0.023818
"7034_10",0.997933
"4309_3",0.010566
"8201_7",0.997246
"3656_10",0.997759
"8786_4",0.956713
"10564_3",0.009238
"7401_4",0.004103
"1163_1",0.035566
"9915_10",0.997905
"11080_10",0.871234
"4710_10",0.998009
"131_1",0.139369
"6387_3",0.005424
"3906_1",0.003398
"2075_1",0.003801
"11663_10",0.997868
"6149_3",0.005330
"6703_8",0.997732
"2440_8",0.997503
"10500_7",0.991689
"7349_1",0.026936
"10695_1",0.004279
"6905_1",0.003442
"4902_4",0.454856
"5298_9",0.997516
"6701_4",0.110522
"1344_10",0.995524
"284_10",0.997176
"9114_10",0.997673
"12102_10",0.997669
"11448_2",0.007607
"1053_10",0.997864
"8341_10",0.854204
"433_1",0.004478
"9534_4",0.003802
"6471_2",0.026764
"8971_10",0.997823
"433_8",0.991627
"298_10",0.996364
"5965_1",0.003456
"10408_10",0.997705
"9112_3",0.009086
"6726_9",0.997941
"1048_8",0.997600
"11046_9",0.986916
"4808_7",0.997361
"7027_9",0.997600
"12435_8",0.997903
"5480_1",0.005591
"8823_8",0.997624
"554_9",0.997776
"7167_2",0.003107
"10762_3",0.007110
"9036_8",0.997501
"12185_4",0.993313
"7763_10",0.997883
"10271_8",0.842794
"1159_8",0.996736
"11063_1",0.004339
"12479_4",0.002802
"11179_4",0.004674
"1736_1",0.004304
"4840_7",0.997649
"8233_2",0.029557
"1082_9",0.980272
"8378_7",0.926258
"7777_9",0.997969
"1883_9",0.997466
"7350_10",0.997757
"704_8",0.996859
"6554_8",0.995730
"1750_10",0.997355
"4969_2",0.003551
"10339_8",0.997712
"1902_4",0.241221
"5578_1",0.004584
"5502_1",0.004836
"7250_2",0.003909
"8856_4",0.004533
"10840_9",0.997861
"9730_10",0.997079
"11146_2",0.006053
"5988_3",0.003380
"9734_8",0.997305
"12338_8",0.923017
"9813_1",0.025522
"8928_2",0.577013
"5431_2",0.003812
"9467_9",0.996988
"4933_4",0.011058
"11280_10",0.073484
"10279_9",0.996556
"7024_1",0.003710
"9115_3",0.007897
"5701_10",0.997851
"9539_1",0.003694
"7655_7",0.997155
"4518_10",0.997819
"3039_4",0.758115
"8654_3",0.018026
"8893_4",0.984437
"3598_9",0.997762
"6443_1",0.008475
"3843_1",0.005584
"3848_9",0.997815
"3149_1",0.005443
"2152_1",0.006040
"11564_1",0.003871
"4391_8",0.997403
"950_10",0.997566
"10531_10",0.997831
"904_3",0.003887
"5293_9",0.997776
"2173_1",0.003595
"5992_2",0.004185
"782_3",0.016797
"1295_8",0.997607
"9659_1",0.003849
"2214_3",0.004872
"10772_3",0.007708
"7515_9",0.773616
"7294_2",0.007746
"7761_1",0.004448
"9027_9",0.984555
"6595_1",0.003667
"11003_8",0.997428
"601_10",0.997577
"2991_8",0.994607
"10937_8",0.932914
"7545_1",0.003569
"9747_1",0.003142
"7653_7",0.994128
"6886_1",0.005265
"8054_8",0.989006
"7299_9",0.997601
"2289_3",0.991701
"6569_1",0.002922
"10909_2",0.013686
"4022_7",0.995828
"5407_1",0.003633
"10211_8",0.765735
"9194_1",0.010579
"8113_8",0.989975
"12010_1",0.014984
"7373_7",0.996939
"3535_10",0.997616
"5265_10",0.997675
"7032_1",0.007566
"3391_10",0.997834
"969_9",0.997759
"450_2",0.741488
"12296_3",0.089066
"10855_10",0.996482
"2741_10",0.997787
"12403_1",0.005961
"6118_4",0.013436
"9001_1",0.034274
"172_4",0.015174
"4405_7",0.970583
"8923_8",0.997573
"5396_10",0.997264
"7183_1",0.004207
"3261_7",0.997158
"7445_10",0.997756
"11412_2",0.011217
"4765_3",0.039938
"5248_9",0.997078
"3172_2",0.009330
"10813_4",0.362437
"8054_1",0.004015
"5535_1",0.002910
"1306_8",0.997327
"135_3",0.827769
"10646_10",0.996950
"9906_1",0.004048
"8156_10",0.997845
"2806_1",0.005141
"9501_4",0.004011
"1882_3",0.009122
"11895_4",0.006270
"5420_10",0.997804
"11791_10",0.997495
"3798_2",0.004023
"3282_8",0.996867
"1278_1",0.006319
"1011_4",0.007542
"5263_9",0.994552
"11301_1",0.004654
"1946_7",0.997649
"3246_10",0.997111
"4130_8",0.997761
"4172_10",0.986003
"2619_2",0.003666
"5197_4",0.019691
"6060_9",0.997596
"7430_1",0.002907
"3511_10",0.997412
"6970_1",0.006903
"931_4",0.004949
"12374_10",0.997810
"10217_7",0.988238
"964_7",0.997484
"4859_1",0.004668
"5525_1",0.005999
"11471_1",0.017141
"5030_4",0.005191
"12177_2",0.005231
"8892_2",0.003985
"1073_4",0.046880
"7406_1",0.003293
"6345_9",0.997688
"7395_7",0.005468
"9952_7",0.996973
"5851_4",0.010232
"6880_7",0.992924
"642_9",0.997670
"6271_9",0.997774
"10983_1",0.003312
"5602_1",0.004122
"3834_1",0.004167
"6961_3",0.997309
"10102_8",0.996130
"6988_1",0.004525
"5803_9",0.996139
"6009_1",0.003802
"10294_2",0.004034
"9811_10",0.993023
"11298_8",0.995519
"4625_10",0.997775
"11263_3",0.004342
"11502_3",0.762034
"9690_10",0.965498
"4453_10",0.997570
"9741_10",0.997076
"12191_9",0.981206
"8019_8",0.997663
"2298_4",0.012622
"1489_4",0.004509
"4228_7",0.992333
"10905_1",0.003512
"5103_10",0.997844
"5641_1",0.005511
"11567_1",0.002967
"4040_10",0.997827
"4777_10",0.998016
"9612_10",0.997730
"3830_1",0.004371
"8781_2",0.003024
"9415_3",0.997677
"9171_3",0.003894
"478_3",0.009163
"10979_8",0.997878
"7073_4",0.046562
"5419_10",0.997481
"8505_3",0.005376
"7559_1",0.641290
"3827_9",0.889847
"9242_1",0.110246
"3133_10",0.997219
"9051_4",0.840014
"8604_10",0.997767
"4811_8",0.997460
"10697_10",0.997164
"6142_10",0.997914
"6740_1",0.010465
"7806_8",0.997513
"8326_4",0.974144
"12425_3",0.005597
"11113_1",0.007224
"8096_1",0.003418
"512_8",0.996670
"11144_7",0.997033
"2073_4",0.003701
"6966_4",0.184811
"12122_3",0.953202
"429_10",0.878211
"10294_9",0.997423
"9955_3",0.030389
"10878_10",0.996002
"9365_1",0.004081
"7317_8",0.995344
"2863_8",0.550399
"11935_3",0.004628
"2180_2",0.601208
"267_10",0.997790
"72_8",0.261713
"936_9",0.993441
"2363_4",0.006874
"11722_9",0.997442
"1353_7",0.031726
"3883_7",0.936722
"9475_8",0.997539
"2328_2",0.004978
"11982_9",0.997479
"10413_8",0.992511
"1277_2",0.019387
"6299_4",0.004666
"7536_9",0.997684
"8368_2",0.025289
"634_1",0.005949
"10095_3",0.964861
"8821_4",0.012086
"5669_10",0.997763
"4600_8",0.167292
"10859_1",0.004968
"140_9",0.944080
"153_8",0.995267
"8013_9",0.165740
"12389_1",0.994542
"8443_7",0.998005
"12290_10",0.993720
"12152_10",0.997076
"6442_3",0.227860
"7557_4",0.405848
"3699_4",0.928541
"6461_2",0.997178
"8641_10",0.997742
"10771_1",0.004859
"10539_2",0.007549
"10406_1",0.032996
"9617_4",0.019712
"9403_10",0.997700
"3015_1",0.055426
"181_10",0.997233
"2879_4",0.009107
"1758_8",0.996290
"9992_10",0.997637
"10769_7",0.072722
"5616_3",0.020171
"721_4",0.019412
"3035_1",0.006164
"7877_4",0.003914
"5554_4",0.003787
"1475_7",0.995631
"1538_7",0.997128
"3499_10",0.672177
"8815_4",0.069665
"5817_8",0.018000
"4179_1",0.010676
"3719_10",0.995714
"2538_2",0.004945
"4873_3",0.016308
"7283_9",0.997529
"1997_4",0.955011
"11036_4",0.007089
"4123_4",0.994045
"3520_3",0.004585
"10320_1",0.003406
"10185_10",0.997790
"10193_1",0.023255
"2506_7",0.997685
"9868_10",0.996838
"5603_2",0.004785
"8392_3",0.014316
"5322_4",0.003707
"12117_10",0.997686
"2411_8",0.977269
"9393_4",0.012267
"5968_8",0.996531
"6860_1",0.006129
"12144_4",0.059688
"2706_10",0.997303
"5655_1",0.046554
"2555_8",0.966932
"6091_9",0.997439
"712_9",0.997509
"9445_10",0.997573
"1777_10",0.754941
"490_8",0.880679
"318_10",0.996337
"10143_9",0.997166
"3608_8",0.997178
"686_4",0.996984
"12147_1",0.003699
"6782_10",0.996077
"5560_10",0.997908
"11621_8",0.995472
"11909_10",0.996855
"11938_9",0.997855
"1877_1",0.005259
"1298_1",0.003217
"11154_3",0.003774
"10898_7",0.938176
"9980_8",0.996684
"9719_10",0.995914
"516_1",0.003533
"2541_1",0.003417
"23_10",0.997132
"3517_1",0.004458
"10839_9",0.997814
"11461_9",0.996267
"10150_2",0.003162
"10664_9",0.997992
"6750_10",0.984424
"11165_4",0.991938
"3463_4",0.006793
"287_1",0.003736
"5582_1",0.012715
"1136_1",0.003760
"10316_1",0.006880
"1684_8",0.989595
"3556_9",0.614120
"11680_9",0.997979
"10775_10",0.997350
"5558_2",0.003877
"6203_10",0.997035
"4057_4",0.110989
"9010_8",0.997673
"1033_9",0.997912
"12116_9",0.997621
"8401_10",0.997689
"9863_4",0.018543
"2777_1",0.004268
"5797_3",0.009451
"9929_3",0.004464
"4177_1",0.017070
"2205_8",0.997898
"2839_8",0.997759
"7161_10",0.997697
"11724_4",0.769404
"10369_9",0.997719
"8702_2",0.006943
"1028_10",0.997789
"7226_4",0.036091
"8799_3",0.006914
"1573_8",0.997380
"12041_7",0.997323
"6207_7",0.885534
"399_8",0.995551
"1034_2",0.004741
"1610_4",0.314210
"596_10",0.997223
"6474_7",0.997321
"4464_3",0.004939
"10637_2",0.022555
"3272_10",0.997904
"10194_7",0.792958
"11906_3",0.005347
"3666_3",0.018600
"6148_4",0.024313
"4595_8",0.990944
"6146_1",0.004433
"7512_10",0.997849
"12333_1",0.003263
"3490_4",0.016794
"8495_1",0.003488
"955_4",0.009433
"10582_10",0.996520
"9477_8",0.997497
"7132_3",0.004701
"5214_1",0.014481
"8258_10",0.997373
"10387_1",0.006067
"268_10",0.973723
"8153_2",0.004800
"7353_3",0.006133
"7847_10",0.997726
"12028_10",0.997857
"2998_8",0.938558
"2641_8",0.997837
"11923_8",0.997523
"12322_1",0.006169
"11816_3",0.038282
"7111_3",0.003927
"8107_10",0.802403
"8835_8",0.075305
"10142_10",0.997472
"4445_3",0.004967
"976_8",0.997360
"1996_4",0.960779
"11496_3",0.007447
"1644_4",0.006016
"8573_3",0.008532
"10835_9",0.864465
"11531_8",0.997635
"5802_8",0.858591
"2501_3",0.021991
"530_2",0.006848
"1051_10",0.998095
"6629_1",0.004777
"10350_1",0.985939
"2943_10",0.997677
"7661_1",0.003920
"8359_3",0.024982
"10218_7",0.981431
"10548_1",0.004115
"906_7",0.996761
"2708_9",0.996979
"12478_4",0.044749
"10222_1",0.007125
"3560_2",0.003891
"3371_9",0.995173
"10009_3",0.004729
"3142_3",0.007747
"3876_9",0.997550
"6662_2",0.003898
"4691_1",0.006561
"2491_4",0.991068
"12485_4",0.035282
"1716_3",0.719439
"10767_10",0.981189
"4083_2",0.008867
"7656_3",0.004568
"2532_8",0.997469
"11243_8",0.997244
"11878_9",0.998022
"3627_8",0.973511
"9049_10",0.032542
"2950_4",0.924449
"4553_8",0.997803
"10414_1",0.047889
"4281_7",0.997713
"7905_4",0.996190
"10800_8",0.995351
"1562_4",0.005663
"7604_4",0.008230
"5752_2",0.024887
"9465_1",0.008094
"2701_4",0.991722
"12432_7",0.990568
"7583_9",0.997922
"4003_10",0.997099
"11082_2",0.017462
"7650_3",0.004491
"2215_7",0.997674
"6597_9",0.995991
"12268_1",0.021202
"8650_7",0.996898
"8311_2",0.014412
"10764_10",0.997633
"5462_2",0.007801
"10303_9",0.997867
"12132_4",0.015916
"11786_2",0.015868
"6248_2",0.014706
"5570_2",0.016564
"8367_4",0.040308
"2416_7",0.996961
"4073_1",0.029610
"4642_2",0.009585
"580_10",0.997538
"3328_4",0.006003
"9524_9",0.997789
"11980_2",0.581612
"7812_9",0.997670
"3567_7",0.997562
"9592_2",0.004472
"8421_1",0.005629
"2618_1",0.004766
"2367_3",0.007437
"10613_1",0.003696
"7657_2",0.055392
"10992_4",0.005500
"10663_4",0.466957
"9589_4",0.020854
"5184_8",0.994852
"7352_7",0.997401
"6483_4",0.015732
"914_10",0.997872
"1239_4",0.306631
"4465_4",0.524114
"82_10",0.996444
"3696_4",0.011509
"1507_8",0.996101
"12211_3",0.005394
"4003_3",0.005033
"3738_3",0.005603
"12089_10",0.997709
"593_1",0.005199
"7555_3",0.007319
"9897_9",0.997861
"299_1",0.013312
"2774_3",0.005007
"4723_8",0.997157
"1636_2",0.004693
"3383_8",0.997814
"5360_10",0.998007
"11542_10",0.997691
"1964_1",0.005758
"10323_10",0.984988
"5166_1",0.003727
"12371_1",0.003964
"7426_1",0.003906
"11832_4",0.006896
"684_9",0.996087
"519_7",0.935897
"1712_8",0.997528
"5973_9",0.997971
"2820_3",0.005665
"5023_7",0.997633
"2625_1",0.005195
"2699_9",0.997767
"7123_1",0.005051
"7327_10",0.997853
"944_8",0.996100
"9757_10",0.997835
"12491_9",0.997702
"12301_10",0.997715
"421_9",0.997791
"6655_2",0.064128
"610_9",0.996320
"3020_1",0.004772
"1797_10",0.997820
"1248_3",0.131714
"2524_10",0.997734
"10596_3",0.059288
"9326_3",0.006763
"9346_2",0.003544
"3890_8",0.997772
"7836_9",0.997538
"12388_7",0.996401
"3205_2",0.004081
"1547_9",0.997818
"2706_1",0.007124
"391_10",0.997326
"1544_10",0.997906
"7861_8",0.982938
"1448_2",0.007181
"6451_3",0.007509
"12187_3",0.009120
"11702_4",0.982883
"5947_1",0.004842
"1282_3",0.003548
"7492_2",0.003746
"7724_7",0.991587
"1564_1",0.994965
"4425_9",0.997654
"9416_9",0.994884
"10826_10",0.997239
"4402_10",0.997612
"9332_3",0.003877
"5856_1",0.006918
"2784_2",0.004278
"3216_1",0.637593
"8057_9",0.997869
"526_10",0.996517
"4376_1",0.004611
"9513_9",0.996453
"9972_9",0.994283
"339_1",0.004962
"11898_1",0.005304
"9282_4",0.020798
"2303_4",0.006669
"10199_1",0.002959
"11660_10",0.997799
"714_4",0.005555
"9283_9",0.963235
"2972_2",0.048360
"9060_7",0.997866
"3562_8",0.992311
"11064_8",0.997619
"4190_10",0.982641
"12472_10",0.997771
"2942_1",0.003429
"9560_9",0.997664
"2692_4",0.007963
"12057_1",0.002678
"11197_2",0.181199
"5827_4",0.997695
"4752_1",0.003569
"8114_3",0.005441
"5643_7",0.997605
"9127_2",0.021507
"10540_10",0.996494
"7342_2",0.004694
"4651_4",0.492714
"8798_1",0.006385
"5973_3",0.012958
"8314_2",0.003060
"7856_1",0.006094
"1255_4",0.006151
"9615_8",0.979282
"7261_4",0.030383
"9700_9",0.039595
"5938_10",0.997342
"970_7",0.852348
"7715_8",0.997723
"4643_2",0.009495
"7069_1",0.005641
"8600_10",0.996759
"10275_3",0.009329
"9519_1",0.003054
"8861_10",0.996535
"8558_4",0.004244
"7495_4",0.205167
"4727_10",0.029480
"9647_8",0.988414
"7192_3",0.993528
"8772_8",0.997858
"1198_4",0.004006
"4249_7",0.834643
"6816_2",0.027954
"10243_9",0.996831
"8365_1",0.015034
"2529_10",0.564412
"2538_10",0.997071
"5946_1",0.007769
"6716_8",0.553937
"2633_7",0.996955
"10513_1",0.010846
"4847_1",0.008079
"2552_10",0.996952
"7166_9",0.997736
"398_8",0.995696
"6925_4",0.009366
"9873_9",0.996579
"3598_4",0.009619
"5996_3",0.006512
"4024_10",0.997871
"3184_10",0.997663
"3801_2",0.005438
"1722_10",0.997751
"9344_1",0.003893
"2874_2",0.004773
"2914_4",0.004036
"9643_3",0.012374
"1756_10",0.997734
"2781_1",0.006464
"3559_1",0.003770
"6250_1",0.007299
"10960_9",0.997643
"565_8",0.995564
"8749_9",0.993362
"11273_4",0.006775
"6933_4",0.042503
"7295_1",0.003330
"12267_1",0.003957
"9844_4",0.010552
"1949_3",0.104561
"10048_1",0.003466
"7242_2",0.005361
"1722_2",0.003922
"9869_1",0.093052
"609_1",0.008404
"9383_7",0.177051
"6593_4",0.971940
"3284_10",0.997623
"6190_1",0.959454
"8305_10",0.997277
"20_1",0.009934
"10037_1",0.032763
"1751_10",0.997845
"6821_7",0.997278
"4780_10",0.996267
"1290_10",0.997707
"10777_2",0.003672
"3450_1",0.003123
"747_3",0.005091
"9262_10",0.997458
"7206_10",0.997956
"3700_4",0.023794
"2953_4",0.095177
"6828_8",0.994287
"10831_7",0.997677
"5014_1",0.003498
"11679_10",0.997667
"3476_9",0.995609
"12052_8",0.996247
"8635_3",0.042632
"6475_10",0.997641
"8531_2",0.007174
"9018_7",0.997190
"1492_9",0.992077
"10993_10",0.997276
"1896_2",0.004604
"8241_1",0.010015
"3568_8",0.887488
"9424_9",0.996467
"3791_1",0.003759
"2117_10",0.997868
"4679_8",0.997763
"1217_7",0.995940
"7969_3",0.007127
"2271_10",0.996508
"5772_9",0.996536
"1347_8",0.997903
"11800_1",0.004788
"8820_10",0.996458
"10014_7",0.007490
"9864_8",0.996138
"6926_4",0.016798
"1842_10",0.997811
"756_7",0.023654
"7657_10",0.997944
"12416_7",0.996663
"833_7",0.943391
"8746_10",0.997759
"6374_10",0.995940
"24_10",0.993847
"5133_10",0.997804
"2937_1",0.017218
"9845_8",0.997967
"6236_7",0.011770
"8525_7",0.844072
"10398_10",0.993442
"6555_7",0.995875
"5873_3",0.733024
"12235_8",0.995905
"8972_2",0.007575
"6313_1",0.004622
"3277_1",0.617705
"9661_10",0.993102
"11759_4",0.004516
"7960_2",0.021239
"2710_7",0.995632
"3152_1",0.004552
"3186_8",0.997856
"6180_2",0.005460
"3303_1",0.004147
"250_1",0.006240
"8902_1",0.004490
"7964_9",0.997638
"78_1",0.003854
"9162_9",0.994221
"11868_8",0.994461
"8522_8",0.907228
"8517_8",0.994852
"12341_4",0.007086
"3300_1",0.004270
"2961_10",0.997762
"11309_10",0.997530
"381_10",0.997902
"6537_10",0.997299
"4623_10",0.997395
"12425_10",0.997591
"817_7",0.995244
"1853_3",0.115075
"3586_10",0.998014
"6148_9",0.998058
"5020_10",0.997780
"6486_10",0.996288
"560_8",0.997854
"11210_3",0.996608
"4714_1",0.003118
"7175_7",0.982438
"10289_9",0.997762
"2497_2",0.693723
"6359_3",0.018379
"4905_3",0.004199
"4701_10",0.997766
"292_10",0.997700
"4010_9",0.996940
"1591_2",0.995076
"619_10",0.995669
"8563_1",0.003198
"488_4",0.022268
"3148_10",0.997976
"2046_4",0.006309
"11560_8",0.975816
"8694_7",0.997921
"11041_10",0.996635
"6159_8",0.997435
"10205_1",0.011693
"7840_9",0.991169
"3298_10",0.997859
"2854_7",0.996687
"3521_8",0.997383
"8317_2",0.006842
"10564_7",0.995964
"7951_3",0.541187
"9834_8",0.733465
"4809_9",0.997765
"4675_1",0.011633
"9493_10",0.997148
"7841_4",0.996649
"8076_10",0.028145
"3242_8",0.997383
"11666_3",0.005237
"9341_2",0.980000
"10384_1",0.005446
"1558_9",0.997819
"9790_10",0.731634
"12149_2",0.007129
"11533_4",0.006745
"4438_3",0.054331
"11177_4",0.003740
"8657_7",0.997680
"4485_4",0.954115
"1313_3",0.004238
"7383_10",0.997930
"11875_8",0.994463
"9838_7",0.996185
"33_3",0.004272
"5747_1",0.004695
"1420_8",0.997912
"7292_9",0.997407
"5218_7",0.859983
"3359_9",0.981393
"10947_8",0.995545
"219_1",0.002948
"6374_3",0.005071
"9686_10",0.992596
"6757_10",0.997665
"1003_8",0.996833
"9313_9",0.997176
"6175_10",0.997677
"5391_7",0.997291
"1085_1",0.004557
"9054_1",0.079288
"8543_10",0.997911
"686_8",0.996689
"6959_3",0.006952
"11014_4",0.044147
"9204_8",0.997682
"9029_7",0.997714
"10441_9",0.997728
"5245_10",0.997878
"1480_7",0.010003
"6426_3",0.970604
"1700_1",0.005643
"2783_10",0.996992
"6152_8",0.997186
"12282_10",0.997720
"2948_4",0.012344
"11974_2",0.005329
"5944_7",0.759794
"9370_8",0.989458
"711_10",0.997369
"6169_8",0.997766
"12329_1",0.005010
"4904_1",0.002710
"2070_3",0.007248
"25_3",0.005868
"1819_4",0.007461
"8642_10",0.980672
"11504_10",0.996465
"10193_7",0.995940
"8917_4",0.004652
"9380_2",0.018818
"10048_8",0.997916
"7288_9",0.997362
"8128_4",0.040893
"7800_3",0.005839
"5852_1",0.006017
"8027_1",0.003935
"10317_1",0.003704
"10280_8",0.062407
"3959_10",0.997893
"6115_10",0.997735
"6078_8",0.955980
"12273_9",0.997657
"1497_10",0.858750
"2969_9",0.997377
"2577_1",0.006206
"4519_1",0.007643
"8596_4",0.043510
"254_3",0.787504
"7005_8",0.997357
"5426_10",0.997809
"965_9",0.846367
"2044_4",0.017300
"9006_3",0.004657
"11462_10",0.996505
"4990_7",0.006969
"163_7",0.974825
"3134_3",0.006169
"2922_4",0.655537
"5777_1",0.003124
"6340_7",0.990614
"7896_1",0.004520
"2321_8",0.996376
"2187_1",0.997262
"1831_9",0.997790
"9321_10",0.997746
"9970_10",0.997812
"2978_4",0.004900
"7491_3",0.010805
"2491_10",0.975323
"749_1",0.003478
"4751_2",0.013038
"3276_1",0.003469
"10889_9",0.997382
"5887_1",0.004186
"8806_9",0.997893
"8569_2",0.004329
"3209_10",0.997787
"7139_10",0.997741
"5052_3",0.004164
"5773_3",0.005600
"1663_9",0.993798
"3575_7",0.993908
"12017_1",0.004160
"12460_8",0.997838
"7925_2",0.003380
"1643_10",0.997455
"4537_1",0.003882
"10651_3",0.003842
"12075_10",0.997544
"4823_1",0.004042
"5392_7",0.996730
"5436_9",0.997524
"3088_8",0.997822
"6607_9",0.997451
"7648_1",0.005546
"1073_8",0.997768
"4587_8",0.975764
"9463_10",0.995774
"11962_1",0.011877
"8718_4",0.628241
"7781_10",0.997526
"11495_2",0.007729
"2772_4",0.018334
"4029_1",0.003801
"2080_10",0.997800
"6250_9",0.997593
"2985_9",0.457775
"2935_7",0.889610
"7900_1",0.002998
"2433_8",0.997897
"12366_1",0.004777
"10910_2",0.005971
"5265_3",0.003631
"9603_10",0.996950
"11989_3",0.040738
"2929_4",0.748401
"1796_1",0.003440
"10659_2",0.493099
"4978_9",0.997345
"11823_8",0.997413
"1732_8",0.996941
"1103_4",0.009869
"8958_1",0.006815
"8607_4",0.970704
"5820_9",0.997905
"8885_3",0.012625
"3718_10",0.996810
"3822_1",0.020550
"9886_10",0.997954
"9806_10",0.995245
"10009_10",0.997643
"5979_2",0.003351
"11937_3",0.009154
"4776_8",0.997645
"9009_7",0.983717
"8094_7",0.993165
"828_3",0.012062
"3318_1",0.002907
"3558_4",0.008620
"7967_8",0.997643
"5275_7",0.987817
"5130_1",0.002967
"1327_9",0.997358
"11526_8",0.997365
"32_10",0.997993
"10697_1",0.004017
"9966_1",0.002961
"3132_1",0.121941
"967_2",0.003946
"6483_10",0.997449
"698_10",0.997560
"7848_2",0.005303
"9349_1",0.013945
"10532_9",0.997914
"11819_2",0.008506
"6812_1",0.004027
"5401_1",0.003353
"3528_1",0.003895
"12239_1",0.004202
"1479_4",0.003511
"2732_4",0.836727
"6806_10",0.997949
"2119_9",0.997513
"8565_9",0.024945
"1914_8",0.996983
"4835_1",0.003167
"1029_2",0.003311
"9228_4",0.006121
"2391_2",0.021381
"9674_9",0.997800
"9404_9",0.983677
"5987_1",0.039210
"9237_8",0.997297
"9879_2",0.005236
"1370_10",0.964929
"10662_1",0.005404
"6937_7",0.890134
"6355_9",0.995593
"3784_4",0.079680
"9136_10",0.997463
"9557_4",0.007536
"12013_7",0.997722
"1114_4",0.021889
"6890_10",0.997274
"3238_8",0.997752
"1790_10",0.997840
"4277_8",0.997445
"2257_4",0.011810
"7677_10",0.997194
"1618_4",0.384768
"7314_1",0.006800
"10332_1",0.006014
"7746_2",0.861506
"9303_3",0.003327
"12321_9",0.997760
"10341_2",0.006479
"7745_9",0.997943
"11104_7",0.996947
"10855_1",0.002695
"10300_1",0.008930
"2037_2",0.005278
"7754_9",0.995710
"9503_10",0.997630
"396_7",0.997428
"583_2",0.004125
"4469_3",0.028747
"11038_1",0.005039
"2285_4",0.024610
"5069_8",0.154150
"8736_8",0.997929
"9486_3",0.012560
"11669_10",0.994206
"8598_1",0.003200
"1344_3",0.003249
"11789_3",0.242329
"9605_2",0.004013
"10122_2",0.004469
"3752_10",0.997286
"3864_4",0.010429
"10505_7",0.930342
"3822_8",0.997772
"8146_4",0.016605
"11114_8",0.871778
"7847_2",0.019692
"10300_10",0.997192
"7021_10",0.997575
"8_9",0.052006
"7199_2",0.011190
"9392_9",0.996308
"8234_7",0.971413
"12328_7",0.992456
"9918_9",0.941603
"10066_7",0.986382
"5482_2",0.004117
"6914_4",0.009516
"4665_7",0.800303
"613_4",0.359358
"577_8",0.997088
"12490_4",0.983628
"8637_3",0.005803
"11815_4",0.005476
"9490_10",0.997846
"4388_3",0.004088
"11778_10",0.996438
"4988_10",0.997737
"6590_3",0.997191
"4761_7",0.437800
"8828_4",0.004040
"10382_3",0.006296
"3321_1",0.992342
"2550_10",0.998003
"12104_1",0.032923
"6431_1",0.003305
"8829_8",0.978456
"858_7",0.979090
"197_1",0.006137
"3599_7",0.982216
"10808_2",0.041901
"12050_4",0.042452
"6348_1",0.006488
"11051_8",0.181879
"11216_4",0.939546
"8360_3",0.448714
"9570_2",0.006591
"8040_4",0.095674
"3664_8",0.997616
"10003_8",0.997894
"3763_7",0.994222
"9692_9",0.950446
"4503_1",0.004422
"10985_2",0.009843
"121_4",0.032112
"5651_10",0.997521
"9416_3",0.003634
"9128_8",0.981825
"8955_8",0.997338
"8787_4",0.006484
"1622_9",0.996997
"762_3",0.004496
"6915_2",0.017365
"8998_4",0.004733
"8200_10",0.995674
"1878_8",0.997261
"5969_10",0.997239
"8000_3",0.058186
"8161_10",0.997653
"9805_4",0.014562
"3815_10",0.997695
"3783_3",0.059523
"4924_10",0.995606
"7952_1",0.006802
"4060_8",0.112559
"775_1",0.003026
"696_10",0.997737
"8751_10",0.990037
"6073_10",0.997788
"9982_1",0.028245
"3706_10",0.995593
"5996_8",0.974995
"3107_10",0.997894
"8913_8",0.996746
"8982_9",0.997901
"8938_3",0.462629
"3008_3",0.003919
"3787_2",0.004963
"6146_9",0.972198
"5664_1",0.004152
"2408_3",0.018226
"6153_2",0.003879
"7023_7",0.997316
"2571_3",0.003309
"6808_4",0.006885
"6425_9",0.997867
"11139_4",0.006614
"320_7",0.020389
"3098_1",0.003508
"5369_10",0.857466
"480_3",0.015162
"7884_9",0.997450
"5247_1",0.003839
"3192_2",0.005110
"12127_1",0.005379
"1237_7",0.997771
"612_3",0.067802
"6016_7",0.938989
"10490_1",0.008129
"5180_8",0.997024
"3122_4",0.010763
"2845_8",0.996164
"9000_8",0.997678
"448_2",0.015868
"1207_10",0.997855
"11989_8",0.997525
"11102_9",0.997882
"1761_1",0.007122
"9815_3",0.125442
"12023_1",0.008741
"9901_10",0.997903
"11740_2",0.977328
"4702_10",0.996469
"4885_3",0.052701
"0_2",0.015763
"2273_2",0.003280
"11340_8",0.994541
"12012_4",0.960985
"10534_10",0.996927
"8424_2",0.005921
"8716_3",0.007155
"7154_10",0.997663
"5001_1",0.006136
"6511_3",0.004604
"3308_7",0.994475
"2720_2",0.007946
"1183_10",0.997651
"12387_2",0.002966
"6580_2",0.004874
"4431_9",0.997824
"11828_7",0.986496
"6737_10",0.997611
"7505_4",0.011362
"4798_2",0.018910
"4773_1",0.004084
"6719_3",0.003527
"6475_3",0.053919
"11733_3",0.011872
"9360_7",0.042008
"5571_1",0.003422
"10316_10",0.987036
"5068_3",0.351346
"11188_8",0.094299
"7291_3",0.003925
"6233_3",0.004526
"11710_1",0.042822
"3780_7",0.992535
"3210_10",0.997666
"2885_3",0.011693
"2912_4",0.015843
"3320_4",0.003728
"11275_4",0.026399
"8406_1",0.006036
"8275_10",0.712681
"4862_9",0.997515
"11817_2",0.010766
"302_10",0.989472
"11341_1",0.022156
"4626_1",0.004081
"1030_2",0.003146
"4799_8",0.995149
"4845_1",0.003649
"3458_1",0.003967
"9535_9",0.997741
"6553_10",0.997260
"486_4",0.013815
"11162_7",0.997435
"7689_7",0.988550
"12058_1",0.003442
"3740_1",0.003648
"11656_8",0.687415
"9795_1",0.004314
"1947_1",0.003240
"1468_1",0.009175
"4158_10",0.997129
"5876_1",0.004729
"12084_4",0.282739
"5434_7",0.988984
"7984_9",0.996860
"2217_8",0.997181
"2300_4",0.006506
"8707_7",0.988377
"3345_10",0.997667
"7375_8",0.860586
"1150_2",0.004359
"8557_10",0.997905
"5590_8",0.996799
"5270_1",0.007201
"10339_4",0.072478
"6789_3",0.724316
"4289_1",0.019416
"693_4",0.011703
"326_1",0.996924
"9786_8",0.973951
"6610_10",0.997586
"11350_9",0.394743
"10907_1",0.004811
"3285_8",0.997405
"10964_4",0.005201
"5411_1",0.006054
"6188_10",0.945425
"7110_3",0.004687
"7355_8",0.029529
"12116_1",0.742188
"1187_1",0.003741
"12167_7",0.997360
"5530_9",0.616616
"2829_10",0.024547
"9549_4",0.003849
"8805_10",0.996911
"10265_3",0.958385
"5227_3",0.004149
"8693_10",0.997800
"6331_10",0.997569
"9079_4",0.011561
"7200_1",0.007854
"9322_10",0.997950
"2899_4",0.005252
"6478_10",0.997570
"4659_1",0.005566
"6755_1",0.004369
"10385_10",0.997515
"11861_1",0.003649
"5483_10",0.997923
"4012_10",0.997714
"7146_9",0.997974
"3782_9",0.997185
"12181_4",0.026119
"10663_10",0.924310
"4712_1",0.004884
"11071_10",0.996454
"11171_3",0.003464
"9043_10",0.997882
"9912_10",0.996282
"7306_9",0.997071
"12382_9",0.997138
"11654_9",0.998008
"8848_1",0.004003
"4076_3",0.004209
"8248_3",0.062922
"10011_1",0.004649
"11769_1",0.006113
"4164_9",0.997268
"1831_1",0.004096
"4164_1",0.003776
"318_3",0.104528
"7221_10",0.997744
"10912_8",0.997906
"1321_4",0.992226
"7712_7",0.966133
"2680_4",0.004738
"8374_1",0.003307
"995_7",0.997481
"2009_1",0.006708
"3905_9",0.995287
"3348_3",0.008690
"6466_1",0.003786
"11900_10",0.997908
"1634_7",0.892625
"8245_4",0.014854
"8561_1",0.004757
"2072_2",0.002978
"12060_10",0.953673
"8178_3",0.012892
"8778_1",0.007963
"10489_8",0.997744
"10118_8",0.924747
"3470_8",0.997739
"8014_4",0.940649
"582_10",0.996720
"8984_8",0.997757
"9085_8",0.996919
"8894_2",0.006777
"3762_2",0.469392
"3815_2",0.003261
"5903_9",0.996290
"8907_10",0.995920
"6140_7",0.997297
"9279_4",0.736771
"2948_9",0.997969
"10588_10",0.997740
"8239_1",0.004666
"6986_2",0.003496
"5308_3",0.004103
"11984_8",0.009846
"9984_4",0.993642
"11803_8",0.997914
"2925_10",0.997420
"11396_10",0.997273
"8998_7",0.992559
"4511_7",0.997813
"5780_2",0.009748
"9838_4",0.015550
"422_10",0.544347
"11389_10",0.996562
"8511_3",0.932123
"2089_10",0.997820
"5818_3",0.010428
"566_9",0.952111
"452_10",0.998029
"4451_9",0.997824
"6105_1",0.013561
"2158_10",0.004942
"10395_2",0.994985
"11291_3",0.004665
"2408_8",0.997294
"3698_9",0.995221
"6060_2",0.004171
"9509_10",0.997221
"7136_10",0.996641
"5557_10",0.997747
"7155_2",0.003935
"11421_10",0.997884
"3620_4",0.099097
"2176_4",0.059629
"8970_1",0.847556
"11186_10",0.997848
"9604_3",0.016016
"6047_10",0.996301
"4487_9",0.997456
"11880_3",0.006662
"2650_2",0.007620
"5279_1",0.004600
"9289_1",0.005938
"11673_10",0.997449
"6890_2",0.009661
"2668_10",0.991266
"942_1",0.003828
"264_1",0.005359
"10157_1",0.083807
"791_10",0.996940
"11434_9",0.994824
"5630_2",0.005105
"9392_1",0.979365
"12471_3",0.019143
"8593_9",0.891989
"10333_10",0.996949
"9146_8",0.995785
"5404_7",0.993878
"7662_9",0.997828
"11068_1",0.003239
"4460_2",0.009994
"5002_10",0.997189
"9269_9",0.997856
"1639_10",0.997473
"9045_1",0.004768
"9944_8",0.046115
"4091_4",0.005464
"6889_4",0.004455
"71_9",0.997855
"10173_8",0.997892
"2513_8",0.993466
"7507_1",0.003580
"1235_2",0.007927
"3325_1",0.006064
"4146_7",0.006194
"7286_8",0.995968
"4096_1",0.003186
"3897_7",0.996862
"11240_10",0.997730
"4109_1",0.004100
"9566_4",0.006911
"2038_8",0.997857
"6985_7",0.986624
"6967_9",0.997425
"11020_10",0.997912
"3291_1",0.005094
"9763_3",0.095364
"1943_7",0.978925
"7599_7",0.990177
"8158_8",0.997675
"4140_3",0.003300
"11840_2",0.005058
"9675_1",0.004135
"10878_1",0.003227
"10760_1",0.003768
"260_1",0.003690
"8188_10",0.997746
"3260_1",0.003179
"6172_9",0.996960
"10021_3",0.019676
"7784_10",0.997420
"4066_1",0.020095
"12325_10",0.997394
"9894_8",0.997458
"1242_1",0.005035
"2059_1",0.005641
"10686_7",0.995932
"8110_2",0.004032
"8398_7",0.993152
"6096_9",0.997149
"9422_3",0.036640
"2919_4",0.997710
"10248_1",0.628562
"7480_1",0.005344
"3248_8",0.997388
"10264_2",0.005125
"7401_10",0.729472
"10528_1",0.013312
"7623_8",0.219723
"3968_2",0.005452
"10918_4",0.004682
"5146_7",0.997593
"12466_4",0.006306
"10395_10",0.013820
"3862_8",0.997873
"2247_1",0.007422
"2979_9",0.997849
"3271_9",0.997813
"5225_1",0.003149
"5662_1",0.064534
"12087_3",0.764885
"10765_10",0.997766
"1256_4",0.006858
"2057_1",0.003326
"2610_7",0.953376
"2065_2",0.005780
"4410_3",0.796120
"6847_10",0.997746
"1927_1",0.019133
"4201_9",0.995575
"2578_8",0.997617
"74_10",0.997921
"8324_10",0.997778
"4762_8",0.807244
"10612_3",0.004060
"11353_10",0.993399
"10709_8",0.996495
"3978_7",0.997351
"954_4",0.003936
"2493_10",0.904715
"8293_7",0.996881
"9454_1",0.005771
"8982_1",0.004746
"5201_3",0.122420
"9758_1",0.003501
"5999_8",0.994508
"11000_1",0.002745
"647_1",0.008465
"7345_9",0.997774
"5105_3",0.362450
"9488_4",0.006103
"11810_10",0.997902
"5343_8",0.988949
"1671_7",0.996818
"6414_2",0.013478
"3749_8",0.996741
"2310_2",0.003510
"8460_2",0.004466
"12305_1",0.002934
"11672_1",0.004388
"11726_10",0.997539
"11659_2",0.011963
"8684_2",0.005946
"6546_10",0.996614
"1980_8",0.995693
"3113_10",0.997096
"8440_1",0.004620
"7473_7",0.997793
"726_7",0.995339
"11165_10",0.997903
"9830_2",0.367523
"6409_10",0.997521
"11455_3",0.004369
"993_3",0.049530
"3186_1",0.008031
"11631_4",0.005007
"3225_1",0.004008
"4442_1",0.003550
"6775_9",0.997533
"230_7",0.994613
"5971_4",0.026649
"763_10",0.997707
"9943_10",0.997595
"10098_9",0.993838
"7219_10",0.997440
"6348_8",0.997540
"5774_10",0.996901
"1842_4",0.004674
"3544_8",0.997325
"5661_10",0.997573
"8698_1",0.003635
"7576_1",0.005084
"584_3",0.838041
"9963_8",0.982757
"11653_8",0.997913
"4269_1",0.003001
"728_1",0.004502
"7118_2",0.004652
"6305_4",0.997088
"5970_4",0.012520
"4729_1",0.003582
"7638_10",0.992839
"2709_10",0.997236
"1461_7",0.995049
"5302_10",0.997647
"3589_10",0.997832
"3897_4",0.011388
"9883_1",0.010982
"9903_4",0.010251
"9789_1",0.003974
"2971_4",0.005120
"5015_7",0.997778
"9215_1",0.008618
"8553_2",0.015650
"5671_3",0.005036
"748_7",0.982025
"8222_10",0.997246
"9336_3",0.940474
"1585_1",0.007724
"10634_8",0.997471
"4549_8",0.998038
"7014_10",0.997852
"2412_10",0.997118
"5779_10",0.986344
"11949_4",0.043961
"6879_8",0.632855
"4432_2",0.044407
"5825_10",0.981467
"10422_9",0.950431
"4575_10",0.994524
"11520_1",0.023158
"6612_1",0.004791
"4206_7",0.997383
"1611_10",0.965464
"8170_10",0.997733
"96_1",0.002610
"715_10",0.997713
"10032_8",0.995901
"2585_1",0.005105
"7477_3",0.667469
"2778_10",0.997478
"6807_1",0.997207
"6378_1",0.599521
"1752_10",0.997638
"2305_8",0.995983
"7423_3",0.005693
"496_9",0.996949
"10829_1",0.004342
"7012_9",0.961388
"7701_7",0.997513
"6858_8",0.997482
"2723_4",0.080573
"5720_1",0.009395
"1531_9",0.957420
"3052_8",0.994182
"2728_7",0.996852
"2275_4",0.006046
"11211_1",0.070288
"4603_3",0.010899
"2273_9",0.998010
"11662_2",0.006419
"4887_3",0.006122
"8155_9",0.997141
"2373_4",0.010425
"1754_1",0.006363
"12247_9",0.996738
"10327_1",0.006913
"8968_3",0.005525
"370_8",0.997338
"559_10",0.997173
"8273_3",0.018399
"8125_2",0.006549
"8666_9",0.950534
"4827_7",0.989356
"9737_10",0.997788
"5604_8",0.051184
"8331_10",0.996353
"886_2",0.004031
"4413_7",0.192575
"4116_7",0.997744
"3675_1",0.013353
"496_3",0.050018
"8837_4",0.978065
"3099_2",0.005846
"5518_4",0.181952
"6953_9",0.997704
"1240_9",0.985809
"8614_1",0.009634
"1628_8",0.203060
"1673_3",0.008952
"10806_8",0.997694
"780_9",0.997470
"6957_8",0.997868
"10903_8",0.997631
"9908_7",0.029357
"4696_9",0.997549
"3816_7",0.996876
"489_9",0.997634
"2254_1",0.005535
"122_8",0.922929
"3171_8",0.984535
"54_3",0.991646
"8826_4",0.720395
"7686_1",0.003795
"10875_3",0.003815
"4858_10",0.402011
"1268_8",0.153302
"3497_10",0.996850
"6527_1",0.003906
"1345_9",0.997001
"10092_4",0.005122
"11571_9",0.996881
"2899_10",0.997922
"5381_10",0.997948
"8722_1",0.003655
"10521_10",0.997472
"296_9",0.997147
"6184_1",0.004090
"6657_10",0.997725
"5972_9",0.997672
"8599_7",0.009099
"6125_1",0.005194
"5834_2",0.035997
"12479_9",0.996270
"3253_2",0.017358
"4986_9",0.997716
"6439_7",0.997054
"9659_8",0.997759
"3375_3",0.007532
"3155_10",0.997531
"3478_9",0.871823
"6251_1",0.004963
"6281_1",0.003206
"4669_8",0.995767
"2843_2",0.003542
"8137_8",0.997591
"9390_10",0.997335
"11401_3",0.003429
"1455_4",0.007166
"8418_9",0.997918
"7064_4",0.100189
"7467_4",0.025452
"12492_10",0.997932
"1969_4",0.011907
"5388_8",0.993175
"3287_2",0.003431
"3493_1",0.008475
"11682_8",0.997700
"7860_3",0.012537
"5507_4",0.012119
"11741_10",0.997364
"8041_8",0.997838
"3525_7",0.996703
"12256_9",0.995720
"1559_10",0.997842
"5477_9",0.997225
"736_2",0.007716
"29_10",0.997666
"12257_7",0.997606
"11184_3",0.007001
"5323_4",0.004003
"11315_3",0.007828
"1400_4",0.132006
"7978_3",0.050254
"6543_10",0.268076
"2120_10",0.997224
"3033_10",0.997944
"4096_7",0.997671
"10945_1",0.834055
"10726_7",0.998013
"10568_10",0.997738
"8966_8",0.997709
"12274_4",0.012271
"10560_4",0.009362
"12352_8",0.018935
"5860_1",0.005178
"11828_1",0.004452
"10752_7",0.984645
"6501_4",0.004794
"561_1",0.003955
"6796_1",0.006452
"2626_4",0.951476
"9089_3",0.004117
"10921_10",0.997800
"6969_10",0.985687
"1039_1",0.020097
"9561_2",0.012361
"2651_10",0.997180
"8929_7",0.997275
"6434_2",0.968930
"3954_1",0.002923
"12408_10",0.996622
"9230_8",0.997385
"6626_1",0.011863
"1913_2",0.004836
"9277_10",0.997608
"8177_8",0.997652
"7174_2",0.007499
"10000_7",0.994465
"849_1",0.008237
"9768_1",0.005246
"2852_7",0.347815
"7872_10",0.996396
"7331_7",0.996615
"9716_8",0.962031
"5672_1",0.976505
"11305_7",0.996852
"4750_2",0.008261
"3606_7",0.997466
"10329_1",0.003318
"4407_8",0.997772
"4298_8",0.997836
"1526_3",0.055996
"1177_8",0.932963
"8366_3",0.006408
"1848_9",0.997843
"9689_1",0.004267
"4883_7",0.791194
"10485_10",0.997396
"10851_9",0.982084
"1550_7",0.997824
"5088_7",0.984148
"7420_7",0.997856
"8306_4",0.022546
"7474_9",0.997815
"5297_10",0.997782
"9105_1",0.005310
"4806_8",0.997577
"11659_10",0.997737
"5491_4",0.474214
"4175_1",0.005194
"8726_1",0.005351
"9049_4",0.004230
"3266_10",0.997514
"1396_1",0.013311
"8364_4",0.986657
"3945_2",0.003036
"196_4",0.007777
"279_1",0.002853
"12203_2",0.005042
"8613_8",0.993581
"3839_10",0.997789
"2780_7",0.008790
"10493_10",0.997828
"6866_9",0.997353
"4044_10",0.997840
"2435_1",0.004156
"1976_4",0.895089
"8649_3",0.006229
"7299_1",0.003044
"6018_2",0.003497
"9729_8",0.997839
"3154_10",0.990980
"950_1",0.015483
"1409_4",0.014962
"5175_10",0.997879
"9722_4",0.007411
"4077_2",0.004481
"7067_1",0.005292
"10984_10",0.997514
"7117_1",0.004417
"2121_10",0.997895
"1386_10",0.996971
"12236_10",0.997622
"11844_1",0.004765
"8085_9",0.988271
"333_3",0.063298
"6522_3",0.037617
"249_7",0.996902
"1199_1",0.003845
"499_8",0.997067
"10033_1",0.003354
"7699_9",0.994246
"4829_7",0.969719
"665_1",0.003601
"6743_8",0.911068
"10153_10",0.995501
"4757_2",0.016914
"6942_10",0.997785
"3895_7",0.996042
"11128_1",0.007490
"4404_3",0.005177
"10811_1",0.003937
"1165_7",0.129158
"10907_8",0.997789
"1859_10",0.997844
"5836_10",0.995664
"10158_2",0.032108
"899_3",0.007500
"8631_1",0.785168
"7153_8",0.997029
"847_2",0.005630
"4418_10",0.997836
"12320_10",0.996455
"11242_8",0.892128
"7046_7",0.997465
"1819_10",0.997736
"1651_10",0.978129
"8280_10",0.997706
"2062_9",0.997869
"4781_8",0.997991
"10314_1",0.014962
"1934_1",0.003961
"12230_7",0.996443
"6689_9",0.997933
"987_4",0.005570
"9881_2",0.015495
"4571_7",0.997661
"569_4",0.066642
"11392_3",0.291568
"10716_2",0.004896
"7643_3",0.009400
"7429_8",0.997787
"11315_7",0.120207
"3097_9",0.964940
"10398_1",0.004115
"6299_8",0.995712
"5951_2",0.005221
"8930_8",0.997855
"1852_4",0.004106
"2857_7",0.996679
"4544_9",0.990697
"9492_10",0.040426
"1947_8",0.987697
"9178_2",0.006194
"6290_3",0.006233
"6313_8",0.997715
"6975_8",0.997694
"12258_10",0.997672
"3970_10",0.997848
"8096_7",0.994680
"10872_3",0.004130
"3660_1",0.005784
"7958_10",0.997486
"652_1",0.002914
"10331_1",0.003833
"2368_4",0.008570
"12367_1",0.003568
"12125_3",0.026927
"5785_8",0.996337
"5213_10",0.987982
"6334_8",0.997440
"8005_4",0.025919
"8405_7",0.995229
"4629_2",0.005700
"9342_8",0.996679
"11634_3",0.027598
"2878_2",0.017707
"6195_1",0.007453
"6994_8",0.997528
"12170_3",0.266630
"7384_1",0.003101
"1047_8",0.995949
"669_2",0.009446
"2976_1",0.006516
"4718_1",0.007876
"1203_1",0.003063
"9113_10",0.997618
"2928_1",0.019278
"10734_8",0.994928
"6469_7",0.997778
"2896_3",0.009334
"12061_8",0.997768
"240_9",0.997598
"8580_1",0.038294
"1961_1",0.994109
"6145_1",0.004383
"11028_4",0.997389
"7664_1",0.003107
"3022_1",0.042773
"7893_8",0.968328
"1149_8",0.997948
"8301_8",0.984136
"8210_10",0.995535
"9949_8",0.994989
"2961_4",0.018085
"9796_10",0.992965
"4397_7",0.997984
"2936_3",0.334054
"11382_10",0.997894
"11671_1",0.004378
"10864_1",0.003237
"11253_4",0.004973
"4692_3",0.005444
"11905_2",0.018239
"12066_1",0.146892
"789_8",0.996980
"7700_8",0.893490
"7697_7",0.995826
"8628_4",0.011335
"5719_2",0.013801
"4761_2",0.003703
"8777_1",0.009669
"3525_1",0.008023
"11990_4",0.025725
"432_10",0.997894
"4115_3",0.016255
"10888_10",0.993740
"6995_2",0.081106
"11910_10",0.996675
"8895_1",0.003081
"12149_10",0.408904
"11782_8",0.963135
"12139_7",0.996395
"380_2",0.004813
"5242_10",0.993119
"3542_9",0.996587
"6821_1",0.083766
"6931_1",0.006275
"5958_9",0.988884
"5332_2",0.005108
"2630_2",0.003759
"6387_7",0.996700
"7899_8",0.922702
"11017_3",0.014131
"11800_10",0.997801
"10926_10",0.997477
"9866_10",0.987671
"3203_2",0.004558
"11276_4",0.004762
"8342_2",0.832814
"6167_10",0.992502
"36_3",0.003827
"3340_1",0.003174
"3997_9",0.997704
"2627_10",0.997693
"4204_1",0.005485
"1018_4",0.995686
"10951_1",0.003529
"5315_4",0.997209
"6301_7",0.997693
"12038_10",0.997855
"3164_10",0.996288
"10989_8",0.997874
"2449_9",0.997695
"4375_1",0.005776
"7037_3",0.023359
"33_7",0.996436
"7457_10",0.993756
"2082_3",0.004561
"1316_10",0.998004
"9097_3",0.009984
"5804_10",0.997327
"9411_1",0.003713
"118_10",0.997768
"560_3",0.015159
"8914_9",0.987410
"2745_4",0.851439
"2607_1",0.006055
"4405_4",0.054799
"10451_1",0.004929
"1887_7",0.995026
"725_2",0.019221
"5118_4",0.013365
"9536_1",0.003075
"127_3",0.004679
"2833_8",0.997463
"131_7",0.989502
"7789_10",0.997512
"6294_7",0.997916
"3872_4",0.003711
"5454_7",0.996223
"11162_1",0.003521
"1685_1",0.002833
"8352_2",0.022306
"5003_1",0.003758
"262_9",0.997747
"8233_8",0.997596
"1814_10",0.996904
"1967_10",0.700285
"7545_10",0.997043
"12386_2",0.014061
"9531_9",0.997719
"3013_1",0.004157
"6835_10",0.997657
"1279_3",0.916430
"2411_1",0.006482
"9537_1",0.003340
"3446_10",0.997709
"656_4",0.109019
"7085_1",0.002970
"8355_1",0.004244
"1869_3",0.429410
"2317_2",0.002824
"11228_4",0.005514
"3987_8",0.997648
"509_3",0.003535
"5168_8",0.996179
"9267_10",0.997697
"912_10",0.997617
"10275_9",0.997012
"2855_10",0.996719
"6079_4",0.801632
"2728_1",0.004629
"9895_4",0.303402
"8230_7",0.997600
"5152_4",0.088328
"4137_8",0.997598
"919_10",0.997937
"1481_1",0.005246
"2468_1",0.003272
"383_1",0.004065
"11552_4",0.011252
"856_7",0.995847
"9047_1",0.004193
"2300_9",0.996760
"1346_7",0.996812
"6316_4",0.947571
"7983_10",0.996770
"9685_10",0.589404
"2745_10",0.944100
"8149_1",0.005394
"9478_1",0.003482
"3126_3",0.007164
"11629_10",0.997893
"5858_8",0.996837
"200_8",0.997098
"7721_4",0.012845
"12334_8",0.997139
"9582_4",0.008636
"5696_9",0.994922
"3823_3",0.013044
"11571_4",0.192620
"1349_9",0.997852
"4306_7",0.997342
"6924_1",0.030766
"10639_10",0.171005
"5674_1",0.026501
"11321_1",0.003326
"771_4",0.022628
"3519_1",0.006276
"2378_2",0.004781
"5677_10",0.997891
"2807_4",0.567472
"10165_9",0.997841
"6940_1",0.004543
"11015_3",0.993832
"1055_3",0.003706
"11055_9",0.996963
"8173_1",0.945613
"10743_1",0.003680
"11927_3",0.010723
"8785_4",0.997505
"10995_1",0.004662
"11899_1",0.003196
"10078_10",0.997362
"11831_8",0.754064
"8182_1",0.435174
"9664_2",0.004228
"12229_9",0.997566
"6076_2",0.003957
"8529_2",0.005633
"4686_1",0.008009
"8174_9",0.997940
"7395_4",0.007978
"1803_10",0.997751
"2508_1",0.003032
"452_2",0.005299
"8830_4",0.786929
"3240_4",0.994071
"578_2",0.004758
"3093_2",0.063984
"9543_1",0.004841
"9065_4",0.008272
"534_4",0.933058
"9762_2",0.012129
"3037_1",0.007321
"4632_7",0.997709
"5064_8",0.960271
"9962_10",0.997940
"9340_10",0.991948
"5881_1",0.003744
"4642_10",0.997803
"5293_4",0.847390
"6721_1",0.010920
"9869_7",0.997288
"7070_10",0.997784
"12486_9",0.997150
"4943_9",0.994887
"7939_10",0.994483
"5786_3",0.028242
"10357_7",0.112427
"7147_10",0.997588
"8627_10",0.997530
"3370_1",0.174495
"4117_10",0.997688
"8178_7",0.997388
"968_8",0.997754
"5931_8",0.992970
"6459_2",0.007563
"2480_3",0.007865
"5511_10",0.114169
"7554_2",0.005873
"9276_8",0.997144
"140_2",0.010192
"2776_10",0.997961
"3690_1",0.295938
"6369_2",0.008699
"7438_10",0.997267
"872_9",0.979475
"2389_2",0.010548
"2882_3",0.029013
"10404_9",0.997402
"5790_4",0.017901
"2382_7",0.997649
"7798_1",0.005777
"272_1",0.003998
"298_1",0.006972
"11414_7",0.996245
"9255_4",0.577857
"5914_4",0.010484
"2974_7",0.994643
"6739_7",0.997002
"1229_7",0.993611
"2268_10",0.997694
"2352_7",0.993451
"9329_10",0.997122
"11380_10",0.997688
"215_4",0.003485
"9915_2",0.005515
"541_1",0.007690
"10975_2",0.003347
"6946_9",0.990585
"3286_7",0.996581
"7482_10",0.997718
"48_4",0.061405
"10046_4",0.247361
"6295_1",0.004372
"6417_4",0.003167
"2401_4",0.005023
"8608_1",0.058707
"3500_8",0.781883
"11903_3",0.007422
"4012_2",0.069408
"11415_4",0.887900
"5835_4",0.014790
"9039_4",0.061582
"6526_1",0.006638
"6379_8",0.995253
"6136_10",0.997478
"6094_4",0.041905
"11608_9",0.824501
"3745_3",0.579690
"10694_1",0.008643
"3222_10",0.997732
"3394_4",0.005511
"7790_10",0.997488
"2982_10",0.997832
"12253_3",0.997643
"5900_1",0.091614
"3398_4",0.993614
"10038_7",0.396579
"1520_8",0.994374
"11756_2",0.112247
"6228_1",0.004064
"6226_7",0.996513
"4377_10",0.997387
"9730_1",0.004123
"11088_4",0.016738
"7867_10",0.997648
"5072_1",0.007641
"7935_3",0.098272
"4536_3",0.008813
"6989_2",0.005862
"8101_8",0.997425
"3364_7",0.960305
"7862_1",0.007822
"8562_2",0.010532
"9783_9",0.997366
"7272_1",0.005344
"1025_3",0.005808
"9432_7",0.112039
"4153_8",0.997838
"8528_1",0.003628
"8427_4",0.031764
"5417_1",0.007212
"6575_1",0.060859
"10041_8",0.997626
"7589_4",0.039751
"10391_9",0.997614
"1400_7",0.987498
"9428_2",0.006619
"7106_3",0.005476
"5695_10",0.997656
"6430_10",0.997881
"11722_4",0.024180
"11328_1",0.003412
"9020_3",0.829033
"183_10",0.995768
"6674_10",0.997622
"5495_10",0.997657
"2237_7",0.994735
"11943_7",0.997318
"5872_10",0.997839
"5043_9",0.997436
"3869_1",0.007045
"5113_4",0.071556
"4671_3",0.002850
"9220_4",0.016549
"7330_1",0.002694
"5344_3",0.013257
"11965_1",0.004432
"7620_9",0.996793
"7044_10",0.997111
"6296_10",0.994726
"8204_1",0.004098
"7661_9",0.995960
"11708_2",0.007305
"2415_7",0.973594
"7840_4",0.005752
"2628_10",0.998045
"4633_3",0.134978
"7320_2",0.003618
"11755_1",0.137075
"2589_2",0.009460
"5044_10",0.997916
"5189_1",0.004474
"7926_7",0.997166
"2454_10",0.997893
"3368_1",0.003292
"12223_7",0.992814
"7348_1",0.003067
"12007_8",0.997125
"5501_7",0.984723
"4025_8",0.997841
"6447_10",0.993172
"5438_3",0.037717
"7910_10",0.997545
"377_1",0.005581
"409_8",0.997787
"2150_9",0.997759
"11986_2",0.007229
"2544_2",0.986000
"5141_10",0.997902
"8305_3",0.983613
"8329_10",0.997763
"2333_8",0.321571
"5171_4",0.003186
"5412_10",0.997782
"1081_10",0.997809
"10773_7",0.997575
"1969_10",0.988941
"8276_10",0.997359
"1244_1",0.004167
"7113_2",0.006592
"9535_2",0.008746
"4627_7",0.997315
"10757_4",0.214820
"10091_10",0.996811
"5211_10",0.005646
"7510_7",0.992541
"11674_10",0.998025
"5299_8",0.996454
"3515_8",0.990617
"10143_3",0.684396
"2274_10",0.997965
"2372_3",0.453767
"3116_8",0.997846
"7340_3",0.007947
"1394_9",0.997498
"2047_9",0.997386
"8587_2",0.260982
"11579_10",0.034815
"942_10",0.997802
"9355_4",0.102972
"8812_10",0.997764
"4732_2",0.009037
"3180_10",0.997843
"310_9",0.968803
"3980_8",0.997396
"6923_2",0.004274
"2424_9",0.994891
"1092_4",0.014322
"9238_7",0.997216
"2382_2",0.004808
"3579_1",0.105521
"6801_8",0.994637
"3768_8",0.993166
"11717_10",0.997716
"10001_9",0.997214
"355_10",0.996416
"8896_1",0.004040
"9772_1",0.007103
"7624_10",0.951604
"1102_3",0.003242
"10949_9",0.997002
"1269_10",0.997005
"11768_4",0.003812
"5555_4",0.987046
"2233_9",0.997531
"6567_8",0.984707
"12130_8",0.997517
"8587_7",0.997844
"10973_1",0.017951
"3863_10",0.997894
"9220_8",0.701327
"7579_10",0.997900
"4411_10",0.928665
"2093_8",0.986930
"10883_10",0.997341
"3583_3",0.006176
"1396_8",0.996896
"1930_3",0.004515
"8779_1",0.010971
"12478_9",0.997656
"176_9",0.996893
"11733_10",0.995665
"11368_1",0.003361
"4077_8",0.994828
"11056_7",0.996967
"5567_3",0.012627
"8549_3",0.008207
"9743_1",0.010788
"6916_9",0.997714
"6147_1",0.983473
"7820_7",0.997579
"1352_7",0.993612
"5337_10",0.997724
"12285_3",0.005339
"8992_2",0.004122
"4644_2",0.004685
"9793_10",0.997605
"2359_10",0.994277
"2137_9",0.997648
"10559_3",0.009418
"2679_3",0.005455
"10010_2",0.004011
"11987_10",0.996942
"8824_10",0.997786
"11418_7",0.997031
"2423_9",0.997706
"1576_7",0.979261
"7947_4",0.007877
"1714_10",0.997483
"6006_8",0.997817
"939_8",0.997237
"3755_4",0.032949
"3213_3",0.006551
"164_2",0.007311
"1123_10",0.997615
"7397_7",0.988685
"822_1",0.002910
"5631_2",0.014126
"10464_10",0.988901
"11397_10",0.997769
"10679_3",0.006986
"8205_1",0.004789
"6947_10",0.989833
"2000_1",0.003649
"4075_7",0.996983
"1388_8",0.929253
"446_1",0.003387
"1063_2",0.004085
"6030_3",0.013593
"5613_2",0.005374
"8759_3",0.994579
"12169_1",0.006416
"5111_4",0.029622
"2891_4",0.029888
"827_1",0.006039
"6229_8",0.937572
"2212_4",0.995756
"4788_9",0.989976
"8859_1",0.003231
"9798_10",0.997769
"9763_9",0.954034
"3889_7",0.994230
"3275_8",0.995538
"5106_10",0.997316
"7576_10",0.997507
"9405_3",0.008124
"7108_1",0.011193
"9794_10",0.997648
"2653_10",0.973100
"10545_10",0.997534
"12306_10",0.997704
"4696_2",0.003513
"7982_10",0.997643
"11066_3",0.063944
"10034_1",0.004436
"6035_3",0.006137
"9518_9",0.997515
"1266_8",0.997657
"11336_9",0.997396
"4159_10",0.997383
"9375_8",0.997903
"5204_1",0.004274
"3360_10",0.997701
"5659_1",0.032945
"8839_4",0.260592
"4529_7",0.997347
"3283_2",0.031647
"5376_7",0.997182
"5379_8",0.997538
"5266_4",0.004835
"7463_9",0.996576
"3595_1",0.003766
"3141_10",0.997645
"9986_2",0.084850
"4279_1",0.004551
"1427_4",0.131217
"8357_10",0.996310
"715_4",0.139368
"8482_9",0.989089
"3091_10",0.996433
"5735_7",0.991868
"3100_4",0.004333
"11447_8",0.996842
"4577_1",0.029680
"10287_10",0.994274
"3384_3",0.005316
"3820_9",0.996316
"8883_3",0.005389
"11279_10",0.924992
"3093_8",0.988274
"10465_3",0.004184
"4423_10",0.997587
"601_3",0.008291
"1902_10",0.997855
"1509_8",0.960728
"3019_9",0.997860
"11994_9",0.997535
"4246_2",0.016085
"842_10",0.996441
"4917_8",0.997476
"68_1",0.007873
"6613_2",0.004308
"7230_10",0.997457
"6183_4",0.005580
"338_10",0.946866
"6182_8",0.997739
"2409_1",0.005023
"9965_8",0.996335
"1336_10",0.342817
"4456_2",0.005624
"12437_8",0.997875
"8437_10",0.997793
"409_4",0.004690
"2303_10",0.931422
"2144_9",0.295337
"2302_8",0.997188
"385_9",0.996850
"3617_8",0.997574
"5450_7",0.991928
"6882_4",0.003848
"2980_4",0.034593
"9828_4",0.003918
"10745_8",0.997026
"3478_1",0.363828
"2167_2",0.004167
"5562_2",0.003585
"8771_7",0.015686
"8372_10",0.997770
"10749_8",0.972907
"7394_10",0.772032
"3711_7",0.996719
"5375_1",0.010473
"7881_7",0.964129
"7023_2",0.003262
"206_10",0.997801
"4760_9",0.997873
"12026_1",0.003053
"12182_10",0.994119
"1821_8",0.997579
"10828_1",0.007593
"2446_10",0.710016
"5327_10",0.996857
"5727_3",0.003257
"11460_4",0.012358
"6484_10",0.997887
"3555_4",0.403270
"10641_8",0.997891
"650_3",0.014829
"1467_10",0.997767
"7651_3",0.004269
"11459_4",0.010346
"9255_10",0.994916
"7888_10",0.997803
"4118_2",0.004440
"2540_9",0.985359
"2152_7",0.979685
"2614_10",0.997266
"2892_10",0.997786
"3878_1",0.003694
"273_10",0.997859
"5565_10",0.907655
"444_10",0.997418
"11062_10",0.997550
"5184_1",0.003234
"12140_3",0.003401
"3254_8",0.993947
"11537_7",0.007132
"7606_10",0.997782
"6120_2",0.005126
"7416_10",0.997788
"10759_3",0.023602
"12255_9",0.997749
"1114_10",0.997936
"6827_8",0.952677
"10246_2",0.006790
"204_9",0.997791
"5816_10",0.991273
"2693_9",0.997894
"2578_2",0.007583
"4958_3",0.018006
"7873_10",0.996912
"8795_2",0.009541
"1431_3",0.003867
"11635_7",0.954152
"1327_3",0.003915
"10813_7",0.987069
"9764_4",0.965246
"5861_8",0.229257
"8995_3",0.005456
"2243_1",0.004160
"11708_7",0.997272
"1998_2",0.006871
"11887_8",0.997671
"4836_10",0.534696
"1603_4",0.006971
"9860_4",0.006020
"1728_1",0.014933
"12108_1",0.003855
"9756_4",0.996721
"1325_3",0.011433
"5174_1",0.041734
"9917_2",0.006900
"6101_1",0.012061
"2010_10",0.997781
"1132_8",0.997572
"8516_1",0.004504
"3563_1",0.006986
"2362_10",0.987247
"10971_1",0.005913
"8672_9",0.997888
"2863_2",0.003764
"2750_1",0.017183
"8599_4",0.011387
"12115_7",0.995673
"4921_2",0.003342
"2975_2",0.004775
"4245_8",0.997862
"10778_10",0.997707
"7816_7",0.997057
"9131_1",0.794115
"5541_3",0.008680
"7956_1",0.008663
"780_3",0.072868
"1052_10",0.997710
"6842_8",0.997732
"8279_10",0.997783
"9653_3",0.012782
"3025_1",0.004929
"1174_1",0.004727
"1039_10",0.997612
"4609_10",0.997339
"2150_1",0.007032
"6289_7",0.972064
"2963_2",0.006797
"8801_1",0.048153
"5196_7",0.997430
"5723_2",0.003510
"10530_10",0.997886
"9473_1",0.008601
"3355_3",0.004325
"5388_3",0.214834
"12102_2",0.010110
"11038_10",0.959698
"9672_1",0.004764
"6875_8",0.991599
"4754_8",0.996720
"6814_3",0.005425
"8937_3",0.029496
"7077_4",0.992144
"1782_1",0.004045
"631_4",0.044401
"7876_1",0.003900
"74_4",0.008402
"2846_9",0.437894
"4190_1",0.007704
"7843_4",0.997131
"7528_7",0.828543
"2396_8",0.996906
"790_1",0.002625
"2020_7",0.996941
"2526_1",0.002569
"8104_8",0.997876
"12372_2",0.012171
"417_1",0.233426
"1318_2",0.004516
"4530_1",0.005848
"2370_4",0.992630
"1886_10",0.997797
"9386_1",0.002959
"7863_1",0.003366
"3864_10",0.997882
"6559_2",0.003070
"7855_7",0.996465
"1672_1",0.004420
"8453_2",0.016607
"8373_3",0.005183
"9770_10",0.997686
"12009_1",0.005464
"2770_3",0.008128
"4618_7",0.997457
"9797_10",0.997808
"6605_1",0.006379
"10176_1",0.581375
"8949_10",0.997840
"5401_7",0.995166
"3295_7",0.997604
"4791_1",0.007610
"4016_1",0.005240
"4314_10",0.989706
"2903_1",0.003147
"3835_9",0.960343
"7532_1",0.004982
"729_10",0.995033
"5753_1",0.919875
"11976_2",0.006792
"3027_1",0.016413
"9721_9",0.995904
"11295_3",0.020949
"3241_1",0.004125
"5389_9",0.997707
"9889_1",0.726408
"3522_4",0.002806
"10865_8",0.997641
"1015_8",0.997437
"5048_10",0.997924
"2671_2",0.109181
"2841_4",0.007915
"4928_1",0.112428
"10499_1",0.021143
"9409_10",0.997619
"974_10",0.980043
"11582_7",0.993157
"9988_10",0.997368
"3463_8",0.997038
"5194_1",0.550259
"3377_4",0.011907
"4352_1",0.009028
"10862_1",0.004772
"1545_7",0.966342
"9801_10",0.997634
"1905_2",0.006513
"12276_9",0.997855
"7544_1",0.002834
"10056_1",0.004450
"3623_1",0.008840
"4013_7",0.989714
"1294_4",0.017131
"10285_9",0.997680
"7793_10",0.997677
"3809_9",0.997692
"4586_3",0.006050
"7511_1",0.012391
"10873_4",0.005459
"4888_8",0.913528
"4349_10",0.968319
"1531_3",0.004797
"8884_3",0.004446
"7336_3",0.052851
"9688_10",0.997540
"7208_1",0.003989
"4355_8",0.997414
"6098_2",0.004289
"9106_10",0.995826
"6422_1",0.005158
"2054_9",0.960432
"550_8",0.992048
"402_8",0.996561
"11832_10",0.997803
"10256_10",0.997974
"6131_1",0.003339
"11907_4",0.004557
"4459_4",0.068959
"8555_7",0.996632
"5079_2",0.004677
"10304_2",0.004539
"10489_1",0.003227
"566_3",0.016518
"1999_1",0.005874
"590_1",0.010681
"11159_1",0.005146
"10612_9",0.996860
"10810_2",0.542988
"11658_4",0.007808
"1950_9",0.977104
"8977_4",0.034237
"9040_1",0.012028
"2891_10",0.996862
"2966_10",0.997603
"8665_4",0.663075
"6600_1",0.006755
"9308_1",0.005120
"7870_10",0.997843
"10511_1",0.005270
"7235_8",0.870751
"132_9",0.997452
"1575_8",0.996444
"3328_8",0.992689
"3273_1",0.003334
"9475_4",0.972448
"10938_7",0.381184
"8143_7",0.994643
"9003_10",0.997416
"9854_10",0.997845
"9932_2",0.012500
"1017_7",0.991068
"4386_9",0.997603
"1105_3",0.015486
"7315_7",0.027983
"37_9",0.998007
"8409_10",0.997565
"12118_1",0.020156
"1665_8",0.997895
"10284_1",0.003188
"8922_3",0.016090
"2524_2",0.010617
"11205_2",0.003409
"4676_8",0.997203
"10479_4",0.436726
"9849_8",0.946470
"4841_3",0.576674
"9153_9",0.997726
"9279_8",0.997775
"11008_10",0.997584
"614_10",0.997829
"167_2",0.003958
"2041_1",0.004110
"6509_8",0.997442
"9832_7",0.995104
"5939_7",0.879833
"3267_3",0.014962
"3555_9",0.995583
"1668_7",0.088864
"11048_1",0.002965
"1856_3",0.006405
"4426_10",0.997819
"8457_3",0.011126
"6603_10",0.996028
"4738_1",0.010191
"11762_8",0.994175
"2078_10",0.997766
"6754_1",0.010270
"11721_2",0.011797
"11558_3",0.989554
"973_10",0.997352
"814_4",0.006080
"2102_3",0.008655
"11394_4",0.966651
"312_4",0.005487
"2994_1",0.018824
"5649_7",0.997711
"7281_8",0.996509
"2756_4",0.033521
"2137_1",0.005623
"8696_2",0.005733
"1158_3",0.581302
"4531_1",0.003619
"10047_10",0.997869
"683_7",0.928076
"8645_10",0.991942
"889_3",0.025546
"4202_2",0.003838
"3859_10",0.997791
"5038_8",0.997649
"6906_9",0.997505
"4154_8",0.997694
"9548_1",0.006454
"4434_9",0.971238
"9235_9",0.740575
"2368_8",0.996984
"8391_2",0.003202
"1391_7",0.996696
"4317_1",0.005260
"8345_4",0.518445
"8610_1",0.004637
"2888_10",0.997067
"5597_3",0.007692
"4900_7",0.913477
"3016_2",0.010644
"1057_2",0.012294
"5143_8",0.996106
"6932_2",0.006274
"7879_10",0.997591
"9300_3",0.004674
"12142_2",0.012275
"3426_3",0.044100
"7977_7",0.905865
"1573_3",0.046535
"336_10",0.997493
"4248_10",0.991913
"9693_7",0.006138
"7753_4",0.812270
"2290_10",0.988315
"9156_8",0.997357
"5526_4",0.005771
"3896_8",0.996453
"8520_7",0.997074
"3566_4",0.875733
"6386_7",0.997679
"4201_1",0.997715
"372_9",0.997901
"6768_8",0.960855
"9177_8",0.996231
"1079_1",0.008729
"934_10",0.997583
"11918_2",0.005123
"4867_4",0.009346
"12449_8",0.997748
"7907_10",0.997671
"4508_3",0.868991
"1075_2",0.005177
"11466_8",0.994265
"10935_2",0.189689
"4826_9",0.995175
"4814_7",0.997419
"8676_4",0.033632
"1058_1",0.004542
"7831_2",0.003975
"1150_9",0.997985
"5395_1",0.004097
"5435_7",0.996933
"1745_1",0.004167
"11278_4",0.008526
"8629_1",0.023059
"3145_9",0.997719
"8108_10",0.996894
"6377_1",0.016108
"10298_1",0.005675
"12265_1",0.007452
"11930_8",0.067978
"2511_10",0.997840
"7955_1",0.003136
"2335_9",0.997252
"3194_10",0.997644
"6724_10",0.992291
"9406_1",0.991312
"11369_1",0.005683
"1972_4",0.004449
"6900_8",0.996043
"7813_7",0.997539
"785_7",0.983508
"6368_3",0.009782
"2163_1",0.003512
"11487_8",0.997699
"4292_7",0.996093
"7451_4",0.005386
"11465_2",0.006459
"7641_8",0.997111
"8250_8",0.997627
"4490_1",0.004266
"10452_1",0.012272
"7442_3",0.005756
"3027_9",0.997838
"235_7",0.997770
"3750_7",0.997638
"8700_1",0.003537
"3584_10",0.997524
"7217_7",0.995795
"7769_10",0.997938
"10149_9",0.995180
"7607_2",0.002664
"7749_1",0.003246
"12067_1",0.004279
"388_10",0.997841
"6596_1",0.005415
"10242_2",0.008904
"3853_1",0.003918
"5726_4",0.005566
"9031_9",0.240079
"1543_7",0.990940
"1442_8",0.997893
"6336_10",0.996043
"5929_4",0.889614
"3378_3",0.963705
"183_4",0.037702
"3518_9",0.997247
"5870_8",0.997634
"5053_4",0.004271
"7330_7",0.997125
"9553_9",0.996769
"9552_10",0.997213
"8515_10",0.008122
"1666_9",0.997714
"6661_3",0.007267
"8721_1",0.005264
"1368_1",0.018043
"5076_9",0.971287
"12353_2",0.023032
"1099_7",0.997447
"8669_9",0.853120
"2564_8",0.996731
"4369_10",0.997555
"11951_4",0.006301
"11384_3",0.044630
"7459_3",0.113935
"6776_9",0.997901
"6673_3",0.004143
"2500_8",0.997856
"8739_3",0.003293
"3828_1",0.005342
"7945_2",0.944424
"7934_10",0.997804
"4571_1",0.004612
"11689_7",0.997450
"3681_10",0.997614
"5110_4",0.007065
"5953_8",0.977322
"10906_4",0.003908
"3424_8",0.996753
"6492_7",0.993516
"10450_1",0.005831
"4856_8",0.062419
"12019_1",0.004215
"1390_8",0.997039
"6452_4",0.807958
"4916_4",0.007138
"3979_3",0.004058
"6023_3",0.004876
"5762_1",0.003739
"4176_9",0.997055
"7194_2",0.010808
"3143_7",0.722065
"954_8",0.994887
"5291_1",0.010613
"2258_1",0.004390
"5412_1",0.005820
"4088_3",0.003802
"4312_1",0.003332
"517_1",0.002601
"5601_1",0.004310
"288_1",0.011556
"234_3",0.290802
"6665_8",0.997381
"6957_3",0.004861
"4454_2",0.005761
"3270_8",0.997601
"4500_3",0.873623
"7551_1",0.003723
"9033_4",0.863269
"2619_10",0.640571
"10093_10",0.997287
"5483_2",0.004431
"8383_1",0.002809
"11683_1",0.006843
"10649_1",0.016181
"181_3",0.429592
"3668_2",0.004588
"3769_1",0.007479
"11519_3",0.081070
"5716_10",0.994289
"10918_8",0.996945
"3103_1",0.003819
"7210_10",0.997709
"2515_8",0.997518
"8424_9",0.388905
"1404_10",0.997521
"3158_10",0.996166
"4996_2",0.005238
"5493_3",0.018855
"8540_9",0.997353
"8960_8",0.995375
"11274_3",0.005220
"11067_10",0.997774
"3335_2",0.008597
"6578_4",0.005457
"916_10",0.997790
"3844_1",0.005462
"7108_8",0.993656
"565_2",0.667904
"11622_3",0.028328
"10700_1",0.002763
"10483_1",0.052249
"8951_9",0.997775
"6326_8",0.997806
"3035_8",0.997473
"2292_10",0.997377
"11013_4",0.010741
"10618_1",0.004638
"11544_1",0.003488
"7550_10",0.996049
"289_8",0.997256
"6571_10",0.997491
"6056_10",0.745032
"10814_1",0.003258
"9377_1",0.003553
"1577_8",0.018829
"9268_9",0.997883
"10116_10",0.997583
"7411_10",0.997782
"12279_4",0.948103
"3575_1",0.004874
"8105_8",0.997830
"6092_10",0.997873
"12406_1",0.003100
"1117_2",0.004168
"12358_7",0.937761
"4469_9",0.997003
"7055_2",0.007141
"10412_8",0.997108
"12155_10",0.947763
"11222_3",0.005312
"9622_9",0.996792
"8992_8",0.995666
"5305_3",0.009792
"8111_10",0.997729
"3436_1",0.005080
"2748_8",0.998046
"6527_10",0.997681
"672_8",0.997592
"8172_4",0.230912
"5513_10",0.997343
"741_7",0.443340
"8886_7",0.997743
"6939_1",0.003836
"12235_1",0.005646
"10607_1",0.003184
"4708_10",0.993102
"9034_10",0.997851
"6600_10",0.995653
"2934_1",0.005332
"12168_10",0.997855
"9362_9",0.997319
"9627_8",0.997411
"9547_8",0.994056
"4108_2",0.004078
"10293_9",0.857785
"10105_8",0.996848
"11864_7",0.997545
"2843_7",0.084047
"836_9",0.995274
"6201_1",0.002873
"8192_4",0.978675
"2596_1",0.003403
"6847_3",0.006404
"8794_1",0.005079
"7281_4",0.004362
"9678_2",0.016729
"10950_3",0.015141
"5845_4",0.013423
"6187_10",0.995657
"4684_9",0.996203
"10852_1",0.181034
"11542_3",0.004751
"5385_1",0.014168
"9597_3",0.018089
"8975_3",0.996341
"10766_3",0.124495
"4236_8",0.966888
"118_1",0.003062
"7278_7",0.997494
"11069_7",0.997640
"1002_3",0.877843
"4210_7",0.997727
"8514_10",0.997426
"9676_1",0.010007
"11826_10",0.997539
"8216_8",0.997811
"575_4",0.013023
"3867_8",0.995270
"321_10",0.997115
"1654_1",0.011148
"973_4",0.008666
"8796_3",0.005967
"145_1",0.003274
"2649_2",0.028227
"2432_2",0.068953
"5713_10",0.997472
"6851_1",0.435070
"3523_7",0.996758
"9862_9",0.990419
"8888_9",0.946123
"12343_1",0.003268
"2298_9",0.997790
"7129_1",0.005359
"12163_7",0.469915
"1090_1",0.003767
"8249_7",0.997948
"3716_7",0.987605
"8095_4",0.004564
"9739_8",0.997526
"7041_1",0.004657
"7673_10",0.997854
"210_4",0.021888
"283_8",0.985112
"12361_9",0.997233
"9254_10",0.997685
"5598_1",0.004100
"128_10",0.997668
"11557_7",0.995494
"10232_10",0.995284
"10747_7",0.997340
"9984_9",0.997680
"9618_1",0.015750
"7976_10",0.980726
"5788_10",0.985294
"7378_4",0.860129
"2047_3",0.034312
"10053_10",0.997545
"8399_4",0.005454
"7925_10",0.997964
"6830_9",0.985969
"2530_9",0.987168
"9521_1",0.008285
"784_10",0.997720
"10417_7",0.997636
"2198_9",0.997831
"8219_8",0.997496
"6896_4",0.019981
"5341_7",0.997918
"2386_9",0.990642
"2323_8",0.903641
"9028_2",0.004472
"6983_7",0.995332
"9885_7",0.997590
"11720_1",0.007549
"8409_3",0.009229
"5797_7",0.997309
"7729_9",0.997777
"10591_10",0.997774
"9593_9",0.997908
"6364_4",0.003067
"7215_3",0.012770
"3653_2",0.004337
"4533_8",0.911193
"10899_8",0.997505
"8312_10",0.997215
"9543_10",0.997813
"5608_8",0.975965
"1432_10",0.989761
"5562_9",0.997750
"12171_9",0.972759
"4428_10",0.997882
"2062_2",0.006023
"8468_8",0.995844
"827_8",0.996765
"11539_3",0.006553
"4215_3",0.003676
"11310_3",0.018696
"4525_1",0.002476
"2093_1",0.003045
"11238_4",0.009942
"5523_8",0.997928
"9848_9",0.997869
"10000_4",0.002979
"10304_7",0.997718
"511_3",0.167584
"1807_7",0.991629
"9080_7",0.687237
"1808_9",0.997988
"6283_8",0.997322
"5913_1",0.003004
"685_1",0.712406
"9505_8",0.189589
"7152_1",0.004013
"11292_1",0.004806
"8334_10",0.997487
"11476_1",0.003776
"3431_10",0.997354
"4019_1",0.003806
"7292_3",0.013738
"1990_7",0.996535
"1574_1",0.008424
"5516_8",0.997637
"4687_10",0.997423
"11493_2",0.005829
"771_9",0.997283
"8864_1",0.004382
"3001_7",0.989544
"423_2",0.006739
"5062_7",0.130049
"5198_1",0.004410
"7303_1",0.003173
"7433_2",0.005853
"3085_7",0.997726
"3293_9",0.997514
"12426_7",0.996457
"5775_3",0.018018
"7358_1",0.003138
"3851_2",0.007654
"4785_10",0.984828
"9650_4",0.003574
"553_9",0.997019
"401_10",0.996925
"11522_8",0.997408
"5222_7",0.996166
"5042_7",0.993249
"2638_7",0.079593
"11883_10",0.997616
"11476_10",0.996439
"4999_10",0.997919
"10360_1",0.006191
"3443_9",0.997833
"1138_1",0.964260
"1898_10",0.997858
"6069_3",0.005719
"12101_2",0.003610
"1953_10",0.823427
"8679_10",0.997860
"10348_10",0.996451
"2208_3",0.147689
"3886_8",0.997670
"3734_2",0.009228
"1330_10",0.989243
"4639_3",0.011379
"6837_7",0.993450
"6520_8",0.997917
"653_10",0.997687
"5373_1",0.012392
"8074_10",0.996876
"3906_8",0.936836
"9264_1",0.004508
"2160_2",0.404383
"624_3",0.996018
"3899_1",0.012774
"2181_7",0.003823
"7932_4",0.251782
"8278_1",0.003182
"7162_9",0.997572
"185_4",0.016868
"1997_8",0.993201
"7295_9",0.014026
"1083_3",0.004751
"4678_2",0.004407
"4859_10",0.991854
"9091_8",0.997568
"397_3",0.004416
"11157_9",0.142380
"11261_10",0.982515
"10828_9",0.997717
"2452_7",0.995345
"10268_7",0.997844
"10306_1",0.125042
"18_8",0.998016
"7998_10",0.996933
"8574_10",0.997354
"2953_10",0.997892
"8996_9",0.997753
"7389_9",0.997960
"202_4",0.010142
"5612_4",0.226005
"9916_8",0.681916
"7606_1",0.004637
"1585_8",0.787336
"11803_2",0.018557
"236_10",0.996779
"7827_4",0.012223
"5423_2",0.107742
"3625_1",0.010909
"9887_9",0.997882
"3429_8",0.997362
"372_2",0.008688
"1228_4",0.005797
"7891_10",0.943820
"4387_1",0.002901
"6067_1",0.006246
"7822_1",0.003514
"10898_2",0.003287
"512_2",0.003652
"647_9",0.014860
"5361_4",0.004841
"8583_4",0.003815
"2858_2",0.308043
"4920_10",0.997770
"6857_2",0.962792
"925_2",0.003936
"2959_3",0.376503
"11481_10",0.037042
"10824_1",0.923450
"1577_4",0.004746
"2231_7",0.994921
"11545_3",0.044765
"1539_2",0.008585
"9657_4",0.005738
"10362_7",0.997344
"11131_2",0.005620
"9833_7",0.997226
"8495_10",0.997382
"11781_2",0.006210
"1056_8",0.997888
"9402_1",0.003899
"6212_1",0.005305
"3151_1",0.002850
"5921_3",0.668701
"2198_4",0.010050
"269_2",0.879626
"11464_8",0.997175
"30_4",0.008009
"5300_1",0.004030
"2277_3",0.004536
"10410_10",0.997624
"5233_1",0.008197
"4336_10",0.099073
"3084_10",0.997320
"2908_8",0.997837
"2814_4",0.594605
"8347_10",0.997866
"2319_1",0.003908
"16_1",0.004171
"821_10",0.997664
"2793_10",0.996954
"9909_9",0.997225
"6934_3",0.984616
"9138_1",0.003760
"702_1",0.003412
"3886_3",0.004520
"8311_8",0.997792
"9199_1",0.003365
"1254_10",0.997931
"6590_7",0.829323
"3040_8",0.997752
"849_7",0.996797
"7555_10",0.997760
"9668_3",0.097969
"10942_7",0.968746
"11343_2",0.007470
"7906_10",0.996914
"11671_10",0.901199
"126_4",0.032899
"9623_8",0.997833
"2872_3",0.004027
"11895_10",0.997720
"3245_1",0.004478
"6145_8",0.997523
"1022_10",0.996535
"6261_1",0.010049
"6888_3",0.953435
"12443_1",0.002817
"7433_10",0.997555
"6512_7",0.995391
"4161_9",0.997257
"6745_7",0.688106
"1993_10",0.996551
"6325_3",0.013277
"12484_9",0.993872
"2204_10",0.997885
"8065_7",0.983344
"1705_7",0.992151
"9370_1",0.006397
"6150_1",0.005001
"3587_10",0.997681
"1906_1",0.004719
"5706_4",0.996383
"3854_9",0.997581
"9655_3",0.005850
"6736_2",0.005242
"2096_9",0.933845
"2846_2",0.121699
"11849_1",0.003353
"5224_1",0.003904
"2987_8",0.996860
"11058_8",0.950133
"2917_3",0.006492
"459_9",0.997618
"9418_7",0.995395
"5803_2",0.045546
"6742_10",0.998091
"2268_4",0.010181
"6832_7",0.997257
"4834_7",0.997421
"9532_1",0.061389
"8197_8",0.997853
"7728_1",0.007181
"1958_2",0.005730
"5380_8",0.996291
"4896_2",0.005293
"9529_2",0.003507
"3322_7",0.992030
"7629_4",0.005162
"9962_4",0.971019
"9277_4",0.005622
"1071_2",0.003045
"8266_2",0.017936
"6812_8",0.987558
"3196_7",0.818915
"3430_2",0.009726
"6052_10",0.997451
"221_3",0.005069
"3244_1",0.009567
"4846_1",0.004256
"2876_7",0.961238
"4247_4",0.003072
"11608_1",0.006419
"564_4",0.022665
"1978_2",0.034823
"4089_10",0.031152
"1633_8",0.996965
"8983_4",0.978512
"10909_7",0.994341
"8135_8",0.122736
"12238_1",0.003897
"9564_3",0.009233
"10174_9",0.991507
"1690_9",0.997344
"4756_8",0.996723
"10718_10",0.997764
"3489_7",0.142760
"2124_1",0.003023
"3842_3",0.003676
"2700_4",0.017530
"5960_8",0.997860
"6193_1",0.008426
"6719_7",0.979046
"7922_8",0.996911
"12132_8",0.996368
"10169_8",0.997249
"1486_4",0.047600
"8455_1",0.027267
"10019_1",0.002899
"7028_10",0.997601
"787_9",0.997986
"2414_4",0.005614
"7182_7",0.160717
"5548_9",0.990457
"3963_7",0.929933
"1584_7",0.978599
"6825_3",0.006595
"6588_3",0.020731
"10573_3",0.081843
"6693_10",0.990873
"5541_7",0.982436
"12053_9",0.997550
"3662_9",0.997814
"6829_10",0.997780
"285_10",0.997913
"1270_4",0.063897
"4320_10",0.060205
"1333_3",0.003738
"6618_1",0.997439
"10119_1",0.004754
"2886_1",0.003477
"8811_7",0.996523
"11087_9",0.997526
"3436_8",0.996772
"10479_10",0.996816
"8365_9",0.997673
"12140_8",0.996859
"6981_7",0.965492
"10447_2",0.003882
"10352_1",0.004288
"943_8",0.997686
"513_1",0.005171
"11192_1",0.029471
"587_3",0.018806
"3420_10",0.299332
"10030_7",0.942688
"3026_10",0.997592
"3145_1",0.042455
"2230_9",0.825408
"5193_1",0.003853
"11337_8",0.997649
"3601_9",0.997925
"3628_10",0.997843
"4952_10",0.995318
"1775_10",0.997964
"8141_4",0.004684
"572_3",0.013370
"6732_3",0.015011
"4274_4",0.007517
"5892_3",0.034550
"7035_10",0.997797
"5354_4",0.429719
"4264_4",0.005733
"8151_9",0.997804
"376_2",0.004241
"5352_1",0.006159
"1365_8",0.992425
"8272_10",0.997893
"6942_4",0.010591
"9067_4",0.756672
"11428_1",0.007671
"7308_3",0.914147
"8349_10",0.997773
"11336_4",0.995162
"551_9",0.997793
"4721_10",0.997630
"4862_1",0.096406
"5469_4",0.007804
"3834_10",0.997793
"4717_10",0.997780
"4202_9",0.997385
"5335_4",0.973687
"7587_8",0.996608
"10827_4",0.044635
"3432_1",0.003873
"6110_4",0.991158
"5618_7",0.637057
"11808_1",0.002883
"9293_4",0.971053
"2163_8",0.992196
"4802_1",0.017556
"5476_7",0.997571
"9991_1",0.004666
"2681_10",0.997630
"11728_2",0.994511
"1466_8",0.997552
"4853_7",0.997241
"3668_9",0.997562
"5334_7",0.997111
"12017_8",0.997710
"2046_9",0.997253
"2652_7",0.996054
"2250_8",0.996361
"2253_1",0.005941
"9733_10",0.996124
"3_4",0.930072
"6129_8",0.881030
"6858_3",0.025167
"371_8",0.919042
"1111_3",0.012528
"12330_1",0.006584
"3219_1",0.004285
"11372_9",0.997831
"1434_4",0.014147
"8232_7",0.840308
"7883_1",0.002925
"9151_2",0.612277
"10574_3",0.007239
"9376_8",0.996612
"7737_1",0.966846
"7410_8",0.993007
"10488_7",0.970035
"5906_10",0.997713
"5308_10",0.997882
"11266_2",0.003886
"7627_1",0.004390
"218_3",0.003981
"9031_2",0.006214
"3427_10",0.997863
"8532_3",0.004536
"6588_9",0.996938
"9744_1",0.003558
"3061_1",0.004875
"11668_9",0.997399
"9331_1",0.003845
"238_9",0.997707
"10593_8",0.995105
"4441_9",0.997569
"3717_3",0.003006
"5618_4",0.011627
"4353_10",0.997594
"1268_2",0.012353
"5178_3",0.008572
"2991_1",0.020957
"9976_9",0.997730
"7891_1",0.005629
"445_3",0.006026
"11158_7",0.996172
"10328_1",0.005056
"9137_9",0.997814
"7399_2",0.004230
"1187_7",0.997712
"10642_1",0.005342
"3939_3",0.020612
"5310_9",0.997801
"2087_9",0.997650
"57_4",0.008006
"4645_10",0.996995
"1734_4",0.058058
"8924_1",0.003166
"4418_3",0.003358
"9403_1",0.003102
"12065_10",0.997919
"6763_3",0.245375
"3882_8",0.969578
"7286_3",0.010042
"9259_9",0.997391
"5134_3",0.004299
"10166_4",0.991433
"8362_3",0.404218
"9701_4",0.032092
"4227_7",0.997084
"8483_10",0.997455
"6002_3",0.005063
"5815_9",0.997887
"9385_10",0.997077
"11047_1",0.004038
"6306_1",0.006046
"9141_2",0.003941
"4594_1",0.007082
"10471_4",0.005233
"48_9",0.997780
"8133_8",0.997426
"8493_1",0.021109
"3425_8",0.985300
"5731_9",0.997153
"4373_10",0.997318
"4366_10",0.966205
"6123_10",0.967296
"1430_3",0.003998
"508_7",0.691480
"11600_10",0.996541
"11767_8",0.997486
"1597_1",0.003881
"7257_8",0.997362
"244_2",0.003048
"116_4",0.047057
"7856_10",0.997876
"7640_9",0.997437
"10956_8",0.997552
"11002_3",0.585352
"11666_10",0.997858
"7683_4",0.006692
"10846_4",0.005088
"1317_2",0.003205
"5_7",0.919893
"8526_2",0.003668
"1526_7",0.996104
"3144_9",0.997901
"241_7",0.997738
"8953_1",0.002789
"5919_8",0.997668
"7983_4",0.005323
"5222_2",0.003069
"1662_1",0.010944
"5830_10",0.997540
"859_1",0.007244
"10761_8",0.032134
"12037_7",0.989782
"2629_10",0.998020
"1019_10",0.997564
"11270_10",0.981356
"620_8",0.996004
"6718_10",0.031282
"1402_8",0.991064
"6804_1",0.004741
"11743_1",0.004556
"3117_10",0.996041
"7441_9",0.996831
"4553_2",0.003527
"5182_10",0.997854
"81_9",0.675942
"8343_10",0.996825
"2030_1",0.003085
"7866_7",0.996541
"11132_1",0.005448
"879_3",0.004253
"6547_10",0.997598
"11166_4",0.007731
"7427_1",0.003994
"5848_4",0.062739
"10734_2",0.004365
"11263_10",0.997244
"9761_7",0.010272
"7582_10",0.997689
"3849_1",0.003209
"8242_10",0.997696
"309_10",0.994519
"5492_1",0.011095
"4294_2",0.034548
"7222_7",0.985916
"3365_1",0.003234
"11084_7",0.997232
"50_10",0.997906
"3234_1",0.022498
"10155_7",0.983479
"1181_1",0.003434
"1505_3",0.003716
"11926_1",0.003708
"12174_3",0.010040
"4589_4",0.003798
"12421_8",0.997629
"1079_8",0.996933
"4852_8",0.995672
"11753_8",0.997670
"11257_10",0.997737
"8270_1",0.005591
"7690_3",0.011490
"12354_8",0.117189
"11419_8",0.996928
"7587_4",0.307434
"818_9",0.918137
"10431_10",0.997899
"12056_4",0.982854
"7595_10",0.997461
"2601_1",0.004410
"10022_10",0.997736
"4124_1",0.010106
"11573_10",0.997813
"9868_1",0.003104
"7093_1",0.013858
"4993_3",0.004153
"3192_8",0.997733
"8269_10",0.997413
"5767_10",0.997428
"8440_7",0.976612
"1038_10",0.977106
"525_9",0.997768
"689_3",0.004224
"10989_1",0.003211
"6166_4",0.011173
"6452_10",0.997970
"3217_1",0.002930
"11629_4",0.004366
"4338_1",0.003950
"2822_1",0.005918
"11252_7",0.050182
"11097_9",0.997748
"7124_10",0.997555
"261_3",0.004332
"7828_10",0.997663
"9030_7",0.295731
"9723_2",0.003912
"6924_9",0.997856
"11945_4",0.908081
"11811_2",0.007391
"3115_8",0.997153
"4381_9",0.996804
"676_1",0.828566
"8002_9",0.997214
"9209_3",0.947024
"1677_10",0.997644
"7094_7",0.997381
"12193_8",0.996826
"1227_7",0.989730
"9186_10",0.997397
"6117_1",0.005886
"8621_2",0.985622
"9729_1",0.003699
"12239_7",0.017978
"2465_2",0.011449
"4360_10",0.997708
"10538_1",0.003200
"3439_4",0.761612
"256_10",0.994437
"7114_1",0.009798
"3206_3",0.175610
"229_10",0.446900
"7501_3",0.006007
"3639_1",0.991777
"9751_9",0.997826
"8277_3",0.005393
"5276_4",0.032007
"1804_8",0.997807
"8497_1",0.004083
"7742_1",0.003453
"9755_7",0.150303
"8429_8",0.997099
"769_3",0.069001
"7452_10",0.997264
"1004_4",0.004600
"6393_10",0.995037
"7457_1",0.006596
"8182_10",0.997828
"11589_9",0.997335
"4718_8",0.779588
"5315_10",0.997588
"9927_3",0.005872
"6391_1",0.004016
"532_3",0.010010
"10544_10",0.997307
"3576_4",0.004452
"5420_4",0.012101
"7140_10",0.997942
"11018_4",0.003644
"7443_8",0.997528
"7399_9",0.997138
"12129_10",0.997254
"6876_3",0.057716
"9227_1",0.959873
"4983_1",0.003956
"2502_1",0.007902
"2584_9",0.997842
"5637_2",0.006269
"6497_10",0.997813
"8464_2",0.004304
"2070_10",0.788854
"4574_3",0.006580
"1642_10",0.997108
"356_9",0.997531
"8052_4",0.996888
"2457_10",0.997820
"6322_4",0.002589
"2218_10",0.997778
"10669_7",0.997745
"5296_2",0.004130
"1118_1",0.004280
"8588_1",0.004310
"12348_10",0.997349
"7990_9",0.996974
"819_7",0.100219
"10552_7",0.889675
"9126_4",0.006962
"11190_9",0.986817
"6696_2",0.007129
"4906_10",0.997416
"6809_4",0.988094
"10032_1",0.043094
"2694_10",0.997835
"6411_8",0.997702
"11967_9",0.858719
"10190_1",0.013608
"316_1",0.004352
"5644_9",0.631747
"12083_10",0.997712
"9280_3",0.027733
"11735_2",0.081679
"5219_1",0.004990
"6810_3",0.004143
"7817_2",0.003165
"6753_9",0.038323
"16_8",0.996314
"3908_1",0.003103
"11502_10",0.997889
"523_1",0.003424
"11213_10",0.997841
"5058_8",0.996332
"3290_1",0.005962
"2954_4",0.142634
"7148_1",0.104693
"4455_7",0.978489
"1873_7",0.996547
"4796_2",0.007452
"6317_3",0.246588
"11153_10",0.996872
"3319_1",0.003673
"1247_9",0.997835
"9119_1",0.004050
"7904_10",0.996801
"4892_1",0.008076
"4608_8",0.991948
"4756_4",0.009338
"230_1",0.037558
"6730_1",0.007794
"6639_8",0.942789
"1726_1",0.005978
"4540_2",0.004239
"1898_1",0.004216
"877_1",0.004032
"10416_9",0.997825
"1359_2",0.484370
"8886_1",0.005014
"553_1",0.003514
"5252_10",0.997796
"8808_9",0.997438
"8792_10",0.997912
"11723_10",0.997766
"6977_9",0.937376
"5050_2",0.003467
"6413_8",0.997653
"9880_8",0.997201
"5827_10",0.997793
"5271_10",0.997834
"12231_2",0.008363
"9913_1",0.006533
"3058_10",0.997262
"1278_10",0.994912
"4923_9",0.997765
"4662_1",0.004140
"10857_2",0.026845
"5033_7",0.994444
"7681_10",0.997549
"8916_3",0.008230
"10603_3",0.009269
"8940_3",0.975626
"2381_1",0.014953
"9188_8",0.996262
"5290_8",0.987825
"6746_1",0.159429
"1001_10",0.997523
"1190_1",0.005941
"1858_1",0.002957
"5645_10",0.997281
"3021_9",0.997823
"9801_2",0.951346
"2498_4",0.006190
"7972_10",0.997712
"1200_1",0.007694
"9626_4",0.978574
"11750_10",0.996656
"9571_10",0.997672
"11593_10",0.997804
"4432_10",0.996639
"10324_1",0.010852
"9123_10",0.997305
"10155_1",0.005253
"12237_10",0.997686
"2828_2",0.047649
"6375_4",0.016951
"8264_10",0.997796
"6131_7",0.997833
"2950_10",0.997882
"3584_1",0.003423
"3077_9",0.997757
"8867_10",0.997846
"4189_9",0.997856
"2297_9",0.996991
"3607_8",0.997042
"339_10",0.997602
"6450_10",0.997609
"8537_9",0.989999
"5663_10",0.997586
"7179_10",0.997595
"1929_10",0.958477
"7363_10",0.996896
"7073_10",0.997695
"8472_10",0.997824
"2397_4",0.012962
"5710_3",0.021108
"12429_1",0.003388
"4841_9",0.725198
"5819_2",0.003745
"7112_8",0.989598
"1087_10",0.997812
"10766_8",0.997174
"10675_8",0.830187
"11953_3",0.004551
"1927_9",0.996195
"10455_9",0.790545
"451_8",0.994814
"10796_8",0.511683
"5288_7",0.996924
"4368_2",0.003284
"10456_10",0.997740
"9981_1",0.003886
"11403_1",0.003560
"5219_7",0.995325
"11929_4",0.199703
"5481_10",0.997816
"3829_4",0.005521
"11367_4",0.052250
"8154_10",0.997687
"2754_2",0.003885
"2299_10",0.997465
"8868_1",0.004354
"4566_10",0.997575
"6688_1",0.005322
"2666_4",0.008385
"11892_10",0.997957
"2667_10",0.809471
"9244_9",0.997374
"12498_7",0.035687
"3493_9",0.994341
"7565_10",0.997658
"2916_7",0.997835
"12473_8",0.837746
"3142_9",0.997090
"3289_10",0.997797
"11159_10",0.997557
"8428_2",0.008232
"4152_8",0.995526
"10754_8",0.997727
"11718_1",0.004662
"5408_1",0.003923
"5686_8",0.997106
"7479_8",0.997345
"5160_10",0.996076
"3138_1",0.005903
"10343_9",0.997576
"9524_3",0.225383
"7794_1",0.003741
"5433_1",0.020287
"3380_8",0.996735
"7222_3",0.003593
"1751_4",0.995594
"3914_10",0.912329
"8022_3",0.004476
"3975_4",0.005863
"8177_1",0.007998
"5670_1",0.003764
"203_10",0.997535
"4315_2",0.009784
"8296_8",0.936620
"971_10",0.997661
"12018_1",0.004787
"3714_9",0.997611
"4342_2",0.011434
"4965_3",0.003980
"5126_8",0.997542
"10686_3",0.796986
"7290_10",0.997876
"8474_8",0.997914
"7633_2",0.016627
"2226_10",0.996477
"1436_9",0.465161
"813_10",0.997808
"11865_7",0.996565
"4937_9",0.998004
"4613_9",0.167661
"8129_9",0.996425
"2376_4",0.021492
"6861_1",0.003347
"9104_2",0.007348
"10590_3",0.004564
"11021_4",0.013768
"9480_10",0.995972
"12212_10",0.994933
"11766_7",0.997932
"5356_7",0.996418
"9572_7",0.997833
"3264_8",0.996716
"11794_1",0.003670
"11739_2",0.738798
"731_8",0.996847
"6278_9",0.995988
"625_10",0.997901
"7252_2",0.006951
"5171_10",0.997716
"9149_3",0.006218
"10780_3",0.008013
"1568_9",0.997788
"7291_9",0.997711
"2288_8",0.997209
"3126_9",0.997112
"3352_7",0.997425
"9455_1",0.002916
"1709_7",0.993405
"9309_2",0.003086
"994_3",0.006320
"4173_10",0.995138
"113_3",0.013737
"10472_10",0.993401
"7193_1",0.002898
"9978_3",0.004884
"783_8",0.996970
"7585_10",0.997889
"2135_9",0.289208
"10887_10",0.997337
"4075_2",0.008062
"10521_2",0.007306
"844_1",0.008581
"6691_3",0.006167
"3879_4",0.011695
"3511_1",0.003887
"332_1",0.050783
"7398_4",0.004633
"1845_1",0.004648
"3890_3",0.014550
"3781_9",0.997542
"3723_1",0.003198
"2908_1",0.003091
"7625_3",0.006499
"6310_10",0.997517
"9432_4",0.997353
"1820_10",0.997866
"6809_8",0.997981
"9911_1",0.004119
"12001_8",0.986943
"7266_7",0.997722
"263_10",0.997658
"2109_3",0.279129
"7293_4",0.992712
"8874_8",0.997390
"2143_4",0.997688
"4307_9",0.997935
"4176_1",0.004381
"8369_3",0.302267
"12317_1",0.004433
"1687_4",0.003823
"12082_1",0.007675
"3396_10",0.997343
"9129_9",0.996027
"10090_10",0.997436
"11841_1",0.010329
"12447_4",0.004105
"11624_10",0.997688
"8624_10",0.704538
"9290_1",0.014499
"1108_8",0.044677
"4300_10",0.997861
"2553_4",0.008416
"10550_8",0.948030
"8884_10",0.026973
"6760_2",0.006550
"1177_3",0.707685
"9939_2",0.932904
"2100_7",0.997109
"9677_1",0.024307
"2511_4",0.005672
"4115_8",0.997689
"437_9",0.994730
"6698_10",0.997625
"11049_9",0.991564
"10168_4",0.011290
"8071_8",0.990172
"12474_4",0.984885
"3775_10",0.997916
"7478_10",0.997773
"4312_8",0.845223
"3105_7",0.992935
"640_9",0.997718
"6891_1",0.003293
"1849_10",0.997712
"8528_7",0.970688
"9032_4",0.443094
"11743_9",0.997874
"2813_10",0.996154
"846_2",0.028295
"3695_4",0.990798
"5972_3",0.003504
"4831_1",0.003688
"11826_1",0.005760
"7684_10",0.997269
"7042_8",0.997638
"10247_10",0.997645
"6766_8",0.984749
"2091_2",0.682542
"5108_2",0.011376
"10644_1",0.058857
"5955_2",0.008650
"9451_10",0.997507
"11518_10",0.780256
"3871_1",0.034739
"5013_1",0.002958
"5056_4",0.611330
"3688_1",0.003490
"2325_2",0.010671
"6330_4",0.005550
"8783_1",0.004334
"3848_3",0.005982
"5901_10",0.994393
"10947_3",0.016831
"4590_10",0.997550
"4337_10",0.018942
"11029_3",0.005819
"10980_3",0.337416
"165_7",0.985619
"474_8",0.997572
"3175_8",0.996753
"11764_1",0.003948
"2164_7",0.994626
"8891_8",0.997781
"8294_9",0.997447
"6602_7",0.010415
"8187_8",0.992799
"2609_2",0.005395
"6506_8",0.997734
"2207_1",0.004241
"2467_9",0.997953
"7440_1",0.005785
"6417_8",0.113623
"12278_7",0.997431
"4495_3",0.920363
"8223_10",0.997879
"3659_4",0.168822
"1120_3",0.009939
"9713_3",0.018772
"808_10",0.997639
"11164_10",0.997591
"3536_10",0.996530
"10930_1",0.003028
"6868_4",0.003471
"2248_1",0.003467
"3624_4",0.021772
"1442_1",0.002855
"10167_4",0.008673
"10645_10",0.932224
"4414_1",0.115435
"6409_2",0.003452
"10486_1",0.004629
"2983_7",0.997640
"4985_4",0.006705
"3566_9",0.997853
"8340_4",0.902563
"10246_9",0.996844
"7380_1",0.930085
"12381_3",0.044517
"11723_4",0.003662
"7478_1",0.004602
"900_9",0.996920
"3364_2",0.007471
"6570_1",0.011305
"9309_8",0.996284
"6044_1",0.005729
"9261_2",0.003919
"5690_8",0.974120
"5326_2",0.003544
"11179_10",0.995209
"8908_1",0.003752
"10224_9",0.996318
"7318_10",0.997503
"11098_8",0.988142
"10120_1",0.003327
"4561_2",0.548007
"4409_3",0.014900
"4301_9",0.006945
"9254_3",0.004807
"10717_9",0.997017
"10619_2",0.019924
"5924_1",0.007244
"11657_10",0.997550
"6373_4",0.004084
"10469_10",0.989825
"5531_9",0.398417
"1089_10",0.997126
"5082_10",0.997604
"4267_1",0.004093
"3006_10",0.997719
"9318_3",0.005556
"11877_1",0.003031
"7274_1",0.007069
"12450_7",0.996745
"148_9",0.959187
"10353_10",0.031918
"1368_8",0.978439
"9408_7",0.970523
"5739_7",0.993644
"7036_10",0.997887
"11554_2",0.010467
"4601_9",0.997621
"10376_3",0.121269
"2486_8",0.997777
"5745_4",0.027404
"873_3",0.008658
"7009_1",0.005566
"542_7",0.997893
"12008_8",0.997672
"8040_8",0.997375
"4048_2",0.004294
"4895_10",0.997097
"11789_9",0.997751
"5084_7",0.990817
"9207_10",0.997444
"923_4",0.008373
"106_3",0.322890
"1125_1",0.007518
"839_10",0.994844
"5285_10",0.997241
"7444_7",0.975569
"1566_8",0.997805
"3285_1",0.003902
"6203_2",0.005292
"11147_3",0.116508
"11152_3",0.003121
"3335_9",0.997320
"6689_1",0.003210
"6557_7",0.997484
"3362_10",0.997777
"101_3",0.347598
"10692_4",0.007218
"4462_7",0.995106
"265_1",0.005305
"1369_3",0.403183
"9112_10",0.997414
"7870_1",0.003756
"6102_10",0.997408
"3973_10",0.996810
"8232_1",0.003262
"3177_10",0.995701
"11598_10",0.033081
"882_2",0.175360
"5660_10",0.995689
"1685_10",0.997861
"2064_1",0.004073
"2296_9",0.997512
"3648_10",0.988123
"5486_4",0.004669
"2496_8",0.997428
"9579_10",0.958650
"10776_10",0.997571
"5889_10",0.993856
"8292_1",0.019215
"10547_3",0.004374
"10415_7",0.997091
"10741_1",0.003643
"10196_1",0.004072
"12155_2",0.004078
"2224_3",0.007026
"10356_7",0.606666
"7202_1",0.003482
"11973_10",0.994283
"1792_8",0.996772
"7894_9",0.997210
"11413_1",0.049359
"10596_10",0.997706
"2462_2",0.236673
"9451_1",0.003362
"2895_1",0.003615
"2513_4",0.016238
"11950_7",0.143422
"10566_9",0.992252
"2209_4",0.991721
"9292_4",0.085634
"5575_8",0.997880
"1688_4",0.016338
"440_8",0.997693
"6324_10",0.997691
"8296_2",0.003489
"9460_1",0.004839
"3992_8",0.997513
"11425_10",0.997853
"147_4",0.842434
"2897_4",0.931890
"6214_4",0.008894
"11157_4",0.006042
"4204_8",0.997886
"7255_2",0.058540
"8435_1",0.221969
"11354_2",0.004045
"2136_9",0.996191
"295_1",0.050118
"335_10",0.997583
"8791_4",0.012056
"2817_1",0.003563
"1629_8",0.977923
"6826_3",0.004793
"5550_8",0.997854
"3572_10",0.997466
"4543_10",0.996226
"2789_1",0.002740
"12288_7",0.996239
"9769_9",0.997100
"1257_1",0.419729
"6180_10",0.997870
"8881_8",0.997124
"7075_10",0.997855
"10254_1",0.003759
"12214_10",0.996317
"829_10",0.996865
"5633_8",0.997264
"6202_7",0.015202
"4843_10",0.997795
"7564_8",0.997815
"3539_4",0.815534
"9634_9",0.997545
"7578_9",0.997866
"6642_9",0.997851
"3438_8",0.991286
"11407_4",0.054029
"9891_1",0.004394
"3875_4",0.006075
"6447_2",0.005307
"5027_8",0.997625
"11415_7",0.996670
"7762_9",0.006089
"7263_10",0.997621
"6556_1",0.190724
"5491_10",0.997812
"3418_8",0.994003
"4137_1",0.006176
"5519_7",0.997524
"3435_9",0.997626
"10199_10",0.995687
"5212_4",0.552918
"11891_10",0.997977
"4989_7",0.008407
"2883_3",0.007734
"9154_2",0.116119
"8384_10",0.982423
"4082_10",0.996370
"4334_2",0.014895
"5652_10",0.996847
"4544_2",0.010533
"4987_8",0.997393
"9648_3",0.006419
"10755_4",0.963201
"4386_1",0.004624
"4619_4",0.009577
"5860_7",0.996594
"11492_1",0.007557
"2126_9",0.996482
"8355_7",0.995709
"6560_10",0.997576
"4026_9",0.997944
"4019_7",0.989654
"455_10",0.997912
"6637_1",0.995394
"7490_3",0.009527
"10533_10",0.993445
"7417_7",0.978063
"3392_2",0.005122
"460_1",0.913412
"5364_10",0.997921
"234_7",0.997845
"709_4",0.076273
"2753_9",0.997867
"9434_10",0.994084
"2835_7",0.997322
"6849_1",0.004045
"11186_3",0.003421
"10902_8",0.997711
"2617_2",0.003435
"7423_9",0.956516
"4699_1",0.019376
"12312_10",0.997435
"6185_4",0.007581
"3742_3",0.003887
"1314_8",0.995962
"7985_1",0.972197
"3669_4",0.006853
"2791_8",0.997488
"2295_8",0.997746
"12111_1",0.005196
"11827_10",0.997900
"10191_1",0.013091
"5264_2",0.081434
"11002_8",0.997845
"12423_2",0.005255
"3551_7",0.987977
"10804_3",0.901255
"3670_4",0.008376
"8408_10",0.997745
"1307_10",0.997768
"10906_10",0.996913
"4039_2",0.002824
"1010_9",0.997957
"8764_1",0.007162
"10894_10",0.997608
"1249_1",0.003041
"1844_9",0.997836
"3252_9",0.997649
"12272_1",0.080096
"5599_10",0.997946
"6265_8",0.997862
"4497_4",0.033835
"3925_2",0.003289
"7935_9",0.996945
"12146_1",0.003205
"2345_3",0.630736
"11171_10",0.997825
"6726_1",0.003608
"11129_9",0.979898
"616_10",0.997802
"11349_3",0.004665
"2485_10",0.997684
"3212_4",0.008282
"5578_10",0.997786
"2252_9",0.997757
"11643_3",0.004965
"12081_4",0.004791
"4104_10",0.997662
"4504_7",0.995631
"6354_10",0.997341
"12118_8",0.997732
"9680_10",0.990720
"7173_10",0.997853
"1965_3",0.005474
"2674_7",0.962608
"1425_1",0.004563
"4017_8",0.997795
"3835_2",0.990728
"1335_4",0.060394
"627_1",0.016077
"8330_3",0.973715
"8907_1",0.004006
"11801_10",0.997531
"3231_1",0.002811
"860_4",0.008350
"2902_8",0.998109
"11550_4",0.624285
"4944_10",0.997016
"10190_10",0.283827
"4090_3",0.003288
"3863_1",0.004604
"3904_9",0.997916
"917_4",0.024808
"5540_2",0.004313
"9183_7",0.989137
"2570_4",0.006470
"11868_1",0.006156
"7438_3",0.856186
"10484_2",0.005077
"1988_8",0.997840
"46_2",0.011384
"6624_4",0.003661
"4666_7",0.848849
"11479_4",0.005923
"308_1",0.002812
"5400_9",0.992637
"5258_1",0.004809
"432_3",0.003893
"7245_1",0.003948
"7082_1",0.005459
"9698_10",0.988759
"1085_9",0.994561
"9999_10",0.997653
"4235_7",0.994375
"11603_10",0.995252
"4457_3",0.071140
"5022_8",0.997553
"12278_3",0.062782
"12076_2",0.006755
"7239_4",0.013592
"4691_10",0.997798
"9820_2",0.019947
"5932_1",0.929696
"10265_9",0.997620
"9247_2",0.003598
"4581_3",0.027588
"11060_7",0.997389
"10349_2",0.006157
"9821_3",0.782484
"3375_7",0.955552
"5515_10",0.997349
"3921_8",0.968633
"6671_8",0.997700
"7051_7",0.997749
"743_7",0.996007
"8230_3",0.142104
"11203_2",0.005225
"11616_1",0.011380
"8033_9",0.997717
"1472_10",0.997090
"1932_3",0.004960
"6827_2",0.002973
"6912_4",0.005995
"12024_1",0.003355
"10625_1",0.004290
"9528_10",0.997833
"6663_3",0.003629
"10727_1",0.011628
"6646_10",0.997768
"7632_7",0.997349
"8518_2",0.004854
"6398_9",0.997700
"488_8",0.997278
"4133_1",0.004362
"4128_10",0.997944
"5883_10",0.997043
"10240_1",0.003764
"8791_8",0.997654
"10917_8",0.997761
"9097_10",0.997901
"8438_1",0.003150
"7536_1",0.015858
"7542_3",0.074866
"3928_7",0.996223
"12477_2",0.058019
"9157_3",0.005774
"2694_2",0.995193
"3632_3",0.851329
"7169_10",0.997808
"6931_7",0.052995
"11474_10",0.997869
"2252_1",0.004428
"1261_7",0.118386
"523_9",0.707611
"12233_2",0.003166
"4731_9",0.997631
"12376_10",0.994855
"11834_4",0.086028
"7063_9",0.971675
"5289_1",0.008718
"9632_3",0.017437
"11086_1",0.002840
"8224_10",0.998099
"8013_3",0.952772
"8003_3",0.004084
"2281_8",0.997029
"4643_7",0.997490
"7942_3",0.008113
"11067_2",0.008572
"5577_1",0.003296
"5796_1",0.003625
"11514_1",0.004352
"1867_1",0.010331
"4804_2",0.004069
"4547_1",0.003266
"6391_7",0.992796
"6260_9",0.997758
"5355_10",0.961530
"12358_4",0.022459
"860_7",0.997785
"3768_1",0.987460
"8742_3",0.763820
"10786_4",0.005870
"5337_3",0.007655
"11260_10",0.996957
"7364_1",0.005869
"4434_2",0.004429
"10604_8",0.997282
"9587_7",0.037861
"738_1",0.273132
"3757_8",0.997950
"6970_10",0.997455
"6194_1",0.005057
"4559_10",0.860066
"2334_3",0.004844
"10636_3",0.015074
"4192_1",0.002833
"1579_4",0.099896
"7168_10",0.997947
"3789_9",0.962416
"5617_7",0.997212
"5757_8",0.997099
"1431_7",0.005209
"6130_4",0.222336
"12092_3",0.007083
"7918_3",0.004528
"5386_10",0.990792
"2794_9",0.984017
"2394_2",0.009059
"10690_7",0.997770
"6406_4",0.006669
"12288_2",0.004303
"7405_4",0.830123
"6153_10",0.007407
"5577_9",0.997573
"1462_1",0.004655
"7732_9",0.997367
"9046_10",0.997692
"11086_8",0.995009
"1426_7",0.997438
"12174_10",0.997646
"5537_1",0.003196
"11746_1",0.004199
"12203_10",0.997770
"11585_7",0.996110
"9765_1",0.004557
"6295_8",0.997793
"3991_4",0.011886
"11134_10",0.997372
"12379_7",0.975790
"7316_2",0.006677
"6955_4",0.004116
"8092_7",0.997486
"9788_1",0.003829
"9494_1",0.005096
"721_10",0.997090
"1250_9",0.997651
"3204_2",0.009577
"6539_9",0.997085
"7944_1",0.004902
"8632_8",0.997856
"2787_10",0.997853
"11497_1",0.005181
"8577_9",0.997524
"2717_8",0.996351
"3251_8",0.997696
"11714_7",0.995724
"3868_7",0.996977
"7394_1",0.027258
"481_7",0.977795
"5237_2",0.007522
"11148_9",0.995660
"11946_7",0.997027
"7301_1",0.003470
"384_9",0.995673
"8535_2",0.004109
"8067_8",0.997788
"8452_2",0.004709
"7361_1",0.003144
"4017_3",0.008394
"6304_9",0.997515
"7326_10",0.997870
"399_1",0.004360
"9003_1",0.004125
"11314_8",0.037392
"4909_10",0.997595
"10463_10",0.997889
"7355_2",0.007278
"3553_2",0.313288
"4404_10",0.997730
"9304_1",0.004127
"7903_1",0.003819
"4429_3",0.015346
"6287_7",0.997226
"10461_1",0.004127
"668_10",0.050170
"7560_10",0.997891
"2785_1",0.002796
"2801_10",0.997945
"4318_9",0.997662
"244_9",0.997775
"12435_2",0.004311
"2788_9",0.997742
"2537_7",0.763967
"928_1",0.003327
"3312_7",0.997814
"12147_10",0.997879
"5414_9",0.970447
"9871_1",0.004226
"1308_8",0.997936
"7668_1",0.003115
"5571_10",0.997560
"2052_10",0.997616
"7089_9",0.989694
"6411_2",0.005729
"8514_1",0.006408
"5921_10",0.998028
"3264_1",0.003739
"319_1",0.010807
"3433_10",0.997837
"1610_8",0.997706
"8002_3",0.004902
"8099_9",0.972660
"5418_1",0.004789
"6247_3",0.028585
"5153_8",0.987795
"12201_1",0.008084
"8900_1",0.005388
"10908_2",0.026802
"598_1",0.021242
"10590_9",0.905874
"6706_10",0.997701
"12299_9",0.997496
"2159_7",0.662871
"186_1",0.003834
"3008_8",0.996366
"831_7",0.997577
"2717_3",0.006341
"5174_10",0.997725
"3088_3",0.005503
"6262_8",0.996509
"12303_1",0.004173
"9904_8",0.997889
"10097_10",0.997685
"6242_8",0.997636
"9653_10",0.997935
"12499_1",0.004127
"894_1",0.650360
"8935_7",0.996417
"3184_2",0.008961
"2226_4",0.008397
"592_10",0.997883
"2173_8",0.997823
"10967_2",0.004471
"3332_3",0.982913
"1074_2",0.005558
"2396_4",0.003991
"2627_4",0.991336
"5982_9",0.997617
"1386_1",0.004282
"7325_4",0.995709
"112_2",0.019209
"8856_10",0.995707
"1948_1",0.005662
"5791_4",0.043733
"1007_9",0.997472
"3758_3",0.006292
"6455_2",0.003807
"6464_9",0.997860
"5403_10",0.998024
"7076_10",0.997454
"6123_3",0.006668
"2832_7",0.997909
"9287_10",0.997680
"3665_10",0.996716
"4488_4",0.009877
"5861_1",0.002983
"2222_10",0.997306
"9608_1",0.004724
"6225_4",0.004581
"5643_3",0.005444
"8720_7",0.992707
"4955_7",0.997329
"6839_1",0.006261
"7396_1",0.008082
"6234_8",0.991249
"10423_1",0.005977
"2158_1",0.003807
"6929_8",0.996948
"7593_3",0.424770
"636_1",0.003947
"2747_7",0.970431
"7398_10",0.996816
"6852_4",0.016338
"9938_3",0.004700
"3989_3",0.994435
"1104_9",0.987193
"5897_3",0.013510
"5254_3",0.002800
"4824_1",0.009591
"10945_8",0.963782
"11486_8",0.997668
"2542_1",0.003545
"1824_10",0.997546
"10181_2",0.005721
"2492_9",0.997646
"8111_1",0.003678
"5844_9",0.997863
"1369_7",0.014866
"10775_4",0.011045
"9617_9",0.991828
"4709_1",0.003381
"7043_2",0.007615
"5166_10",0.997540
"1604_8",0.997737
"8576_8",0.997762
"1916_7",0.988398
"10286_10",0.979828
"10241_1",0.006123
"12441_9",0.997168
"4529_1",0.003561
"1553_3",0.008631
"3985_4",0.095657
"5542_8",0.996594
"10857_9",0.996829
"7600_1",0.005635
"12095_9",0.993440
"3134_10",0.997672
"9472_3",0.032637
"1058_10",0.997991
"7328_9",0.997768
"3865_3",0.007767
"7409_3",0.020261
"4795_1",0.003968
"11596_10",0.986725
"3758_8",0.166271
"5099_4",0.008414
"7707_10",0.997433
"1412_3",0.004587
"4720_10",0.998024
"978_7",0.997468
"6165_8",0.997815
"1307_1",0.003395
"2322_7",0.870643
"5328_10",0.987957
"11934_8",0.997283
"1940_3",0.008821
"6270_10",0.006128
"5262_8",0.997802
"4068_9",0.997828
"1208_3",0.990533
"10220_3",0.007049
"5091_1",0.003643
"2738_1",0.005299
"8909_3",0.012439
"932_2",0.809432
"863_10",0.990160
"454_1",0.012348
"10525_4",0.007122
"175_4",0.028661
"4551_1",0.005145
"5666_1",0.003082
"4324_10",0.997476
"8189_1",0.007943
"12064_10",0.995335
"8622_10",0.992466
"1115_9",0.992419
"9593_1",0.010985
"5579_10",0.997652
"3467_1",0.372222
"11409_1",0.004587
"8682_1",0.003471
"7866_1",0.051175
"6111_8",0.074527
"524_9",0.997866
"9837_7",0.997444
"2215_1",0.013176
"6840_10",0.997717
"7384_8",0.997725
"6353_7",0.997811
"8650_3",0.547718
"1890_10",0.997269
"10402_8",0.997146
"3770_4",0.007244
"3086_1",0.003443
"1487_3",0.006708
"2995_10",0.997812
"2356_7",0.991192
"5320_10",0.993773
"3235_1",0.003944
"6802_1",0.008862
"11329_9",0.983382
"1143_8",0.995276
"5768_3",0.057968
"8004_1",0.007308
"5453_3",0.053843
"11288_10",0.032886
"3278_10",0.997624
"11856_7",0.993804
"12057_10",0.997232
"1825_4",0.009569
"3319_10",0.997761
"5956_7",0.997985
"4875_10",0.995150
"562_1",0.003607
"11359_8",0.995113
"12454_10",0.352753
"10621_2",0.004607
"10407_2",0.005236
"3532_2",0.004816
"10162_4",0.974738
"7084_4",0.379448
"167_10",0.997022
"3362_1",0.552669
"6370_10",0.997919
"2281_3",0.902353
"10454_1",0.004964
"12387_8",0.992697
"8375_8",0.216783
"9656_3",0.025268
"9387_1",0.009333
"4907_1",0.003640
"4697_9",0.997726
"4217_1",0.004344
"8860_10",0.985820
"7312_3",0.181704
"9326_10",0.997659
"3785_8",0.940529
"2255_1",0.009202
"9950_3",0.158176
"558_2",0.003034
"413_8",0.996545
"7837_9",0.997432
"9192_1",0.004228
"7_1",0.004165
"9674_1",0.002845
"9771_4",0.015334
"3331_10",0.996460
"11444_8",0.060970
"3009_7",0.997490
"5584_1",0.003383
"12044_10",0.997815
"5952_9",0.995895
"4989_2",0.002520
"5722_3",0.004402
"6207_4",0.093995
"7646_1",0.004364
"1811_3",0.003125
"1197_3",0.008669
"709_9",0.997992
"8554_9",0.995896
"1706_9",0.986560
"10060_10",0.997513
"6818_1",0.005659
"7255_9",0.995871
"3790_7",0.995981
"7833_9",0.012859
"7448_4",0.008735
"3456_1",0.004814
"3881_3",0.004076
"11049_1",0.004680
"1269_1",0.007152
"7803_10",0.997781
"1413_9",0.386985
"1289_8",0.997788
"3967_9",0.996889
"7533_10",0.997518
"5372_8",0.991472
"1518_1",0.004142
"10752_3",0.016058
"4863_3",0.004421
"699_1",0.002869
"11537_3",0.030937
"9241_7",0.997369
"876_3",0.019386
"11234_4",0.131342
"5942_4",0.448931
"1778_10",0.904834
"2631_9",0.721571
"7425_9",0.997927
"3410_10",0.997794
"9155_10",0.997693
"4396_10",0.997732
"8894_7",0.997142
"6034_10",0.937286
"12105_1",0.007768
"11645_7",0.996170
"1821_4",0.983377
"9028_7",0.993659
"4670_7",0.997411
"4720_3",0.004171
"10001_1",0.007249
"8363_2",0.003876
"5681_9",0.997362
"8165_10",0.997768
"11961_2",0.004292
"406_1",0.004864
"8313_1",0.003242
"11945_7",0.936322
"9454_9",0.997111
"9523_10",0.993646
"10516_10",0.996780
"6036_3",0.008268
"5046_1",0.004728
"9019_9",0.995755
"5471_10",0.997581
"11862_7",0.007284
"651_1",0.552547
"3131_9",0.997358
"9912_1",0.003440
"6231_2",0.010510
"5523_2",0.047553
"1817_1",0.009859
"8880_7",0.997649
"6080_4",0.005339
"9940_1",0.997526
"3409_4",0.773602
"3713_4",0.027544
"3447_3",0.014805
"3460_8",0.997821
"9397_10",0.995398
"5528_8",0.978208
"7658_10",0.997646
"5893_10",0.997912
"1646_1",0.003479
"9620_7",0.031042
"66_3",0.995280
"1691_10",0.996151
"4311_7",0.988959
"12091_1",0.003328
"5391_1",0.004051
"576_4",0.004459
"4734_9",0.983197
"6008_10",0.997440
"8527_7",0.988825
"6048_10",0.880002
"5102_10",0.998028
"6794_10",0.997332
"3473_3",0.007382
"2025_9",0.997974
"9728_2",0.005177
"10704_10",0.996355
"9094_4",0.995598
"7838_9",0.997888
"5779_1",0.004058
"5342_4",0.202057
"9291_10",0.997916
"7028_2",0.007536
"1331_9",0.982732
"9913_8",0.997288
"10250_10",0.997750
"9227_8",0.997374
"6278_4",0.013003
"2302_1",0.067020
"7000_2",0.005196
"416_2",0.012225
"6846_1",0.004820
"3253_9",0.997700
"1712_1",0.003654
"9720_10",0.993874
"769_9",0.997766
"6635_10",0.994760
"1421_10",0.054143
"6803_1",0.003560
"4290_4",0.036352
"2465_7",0.992087
"70_8",0.997773
"5176_10",0.997705
"305_2",0.009882
"11094_3",0.004183
"1109_10",0.997873
"95_3",0.788663
"2378_10",0.997817
"3270_3",0.004396
"6999_4",0.850856
"7594_8",0.161386
"9549_10",0.997624
"8263_4",0.777815
"10379_9",0.997635
"11187_1",0.054031
"2278_3",0.011590
"11180_4",0.573666
"745_10",0.997743
"9794_4",0.042476
"6565_1",0.004447
"9608_8",0.997600
"12222_1",0.003168
"9330_9",0.996948
"3611_9",0.997946
"1775_4",0.026486
"3635_1",0.004958
"3893_1",0.005152
"2802_1",0.008078
"2481_10",0.652060
"1540_3",0.982909
"2205_4",0.003917
"10970_7",0.995594
"8287_2",0.003369
"484_1",0.005217
"249_2",0.006620
"12073_10",0.997869
"1443_7",0.996412
"4985_7",0.994851
"12247_1",0.129994
"3170_3",0.007293
"2900_10",0.997914
"1930_9",0.997723
"12309_10",0.996881
"10720_8",0.997714
"5260_4",0.005033
"5212_8",0.997857
"3872_10",0.997205
"9705_1",0.004887
"10367_8",0.997853
"10063_10",0.997713
"9682_1",0.219800
"7356_8",0.996967
"6045_7",0.989704
"3181_10",0.997801
"7212_9",0.990003
"8801_9",0.997286
"2910_3",0.182311
"5031_7",0.997879
"1416_1",0.005285
"8903_10",0.997783
"10620_4",0.010814
"8957_1",0.003399
"3374_1",0.007085
"9196_1",0.004713
"5167_10",0.997460
"10900_1",0.011990
"5405_2",0.003793
"1546_1",0.228903
"12331_4",0.023766
"4733_9",0.997782
"6682_10",0.997810
"1356_8",0.997643
"2301_2",0.003568
"11565_7",0.994791
"8731_7",0.997675
"1638_10",0.997697
"7280_3",0.032742
"51_4",0.007868
"355_4",0.023494
"485_10",0.997836
"554_4",0.009690
"8059_3",0.003474
"3645_4",0.066508
"7332_7",0.997666
"10877_2",0.007383
"10837_1",0.003830
"6273_10",0.994443
"11773_2",0.004505
"744_1",0.007690
"9762_8",0.998003
"831_4",0.011033
"4450_3",0.005346
"5338_4",0.007646
"6741_2",0.004499
"5962_9",0.991558
"10363_3",0.030483
"9063_10",0.998066
"2739_1",0.008139
"5920_2",0.004070
"5200_9",0.995937
"6498_10",0.997813
"591_1",0.030680
"8010_9",0.997688
"369_8",0.997409
"9971_9",0.997785
"11735_8",0.997107
"11278_10",0.993537
"1464_9",0.986725
"3787_8",0.997209
"10097_2",0.005219
"3728_8",0.997766
"9996_2",0.005429
"8676_10",0.996352
"9718_4",0.008476
"9280_7",0.995378
"8343_4",0.505130
"3505_1",0.010170
"8863_10",0.997819
"5682_10",0.757362
"4704_2",0.952862
"11106_7",0.984827
"10541_2",0.364377
"6601_9",0.997729
"11387_10",0.996235
"8864_10",0.997286
"7139_4",0.111657
"10068_8",0.996450
"2572_1",0.003249
"3819_10",0.997201
"11954_1",0.002811
"2525_4",0.046135
"12440_7",0.997648
"1489_10",0.997768
"12422_7",0.880615
"5463_10",0.997456
"5684_1",0.003014
"30_9",0.997821
"1255_8",0.997919
"3993_4",0.005621
"10386_7",0.890260
"10111_10",0.986790
"2915_9",0.166234
"4621_1",0.008456
"3671_9",0.997408
"1069_4",0.005384
"2060_10",0.984682
"3788_2",0.011769
"3_7",0.978301
"7722_1",0.003996
"9601_1",0.003458
"3294_3",0.010539
"4361_1",0.003773
"6626_7",0.657191
"5799_10",0.955360
"332_10",0.997636
"4320_4",0.006476
"4545_9",0.997352
"6029_1",0.003996
"6329_1",0.081011
"5586_1",0.004391
"9401_1",0.005032
"7087_10",0.992965
"5200_1",0.004875
"9707_7",0.896272
"5006_10",0.947437
"4702_4",0.015797
"11207_10",0.959789
"3593_1",0.005966
"3050_3",0.673799
"6036_7",0.079312
"2221_2",0.005820
"6895_1",0.012907
"5678_10",0.997631
"8395_10",0.997949
"8193_1",0.003203
"11689_4",0.009837
"10207_10",0.997603
"5028_4",0.004415
"26_3",0.026722
"11774_10",0.996830
"59_3",0.004625
"7339_4",0.004019
"2141_7",0.395870
"10647_10",0.997607
"7703_8",0.054186
"5904_10",0.995906
"11952_7",0.996832
"6355_1",0.003234
"7465_1",0.005230
"1244_9",0.997704
"5129_9",0.997654
"4015_10",0.998079
"435_1",0.006710
"8974_3",0.009983
"2294_2",0.005598
"5028_8",0.993731
"3850_1",0.003045
"3162_10",0.995120
"7690_10",0.996755
"10957_1",0.939311
"8809_10",0.996405
"8509_2",0.009411
"2314_1",0.005858
"2587_9",0.997737
"6823_8",0.997855
"9761_2",0.004130
"2699_4",0.508863
"10291_3",0.014210
"3015_7",0.997728
"10059_10",0.997376
"8018_1",0.004068
"9487_1",0.020127
"12074_4",0.003926
"2051_1",0.005087
"3997_1",0.003863
"9323_2",0.973834
"10231_9",0.997377
"10129_2",0.003668
"1491_10",0.997561
"5601_10",0.997279
"6980_9",0.997493
"8952_1",0.003150
"12021_1",0.003265
"11719_1",0.004341
"4620_8",0.411592
"9819_4",0.747465
"1682_2",0.995682
"5635_4",0.035487
"4634_10",0.997917
"8725_8",0.997739
"9919_9",0.996309
"5839_9",0.510800
"10643_1",0.009312
"4447_9",0.731439
"7614_7",0.948895
"441_4",0.565920
"1713_1",0.002840
"507_7",0.996992
"6592_1",0.038240
"6378_9",0.997618
"10206_4",0.675752
"11627_8",0.105092
"11991_4",0.849171
"5759_3",0.003081
"2655_3",0.008068
"8628_7",0.997763
"12364_2",0.008602
"11107_7",0.945054
"3166_2",0.065461
"4168_1",0.068381
"10876_7",0.983331
"5609_10",0.995569
"600_8",0.997566
"7243_2",0.008983
"7300_9",0.996411
"9144_10",0.548088
"4539_3",0.919567
"8007_10",0.996102
"8486_1",0.003558
"6213_2",0.848727
"4742_10",0.995679
"1421_1",0.003718
"4061_9",0.977011
"10451_7",0.997561
"1062_8",0.997082
"12281_1",0.010961
"5994_3",0.004742
"10055_10",0.995382
"2602_1",0.018416
"11107_4",0.017131
"4007_3",0.306985
"10444_9",0.997827
"1635_7",0.055197
"12049_8",0.997710
"3988_3",0.014869
"12414_8",0.994808
"7074_1",0.004061
"11854_7",0.994725
"2445_8",0.997951
"2187_9",0.995561
"11675_10",0.941588
"5648_1",0.002926
"1614_4",0.007355
"9395_2",0.003970
"5372_1",0.010398
"12082_10",0.997699
"12029_10",0.981182
"983_4",0.996452
"11356_3",0.034766
"4254_10",0.997026
"6017_4",0.107198
"2330_10",0.852164
"1089_1",0.005144
"8017_3",0.005770
"5248_1",0.960059
"9041_8",0.997110
"3855_1",0.008407
"10976_1",0.004876
"7926_4",0.233318
"7758_4",0.006904
"8081_7",0.964871
"9267_4",0.994007
"6381_9",0.997333
"6172_4",0.016781
"12411_8",0.997633
"5216_10",0.997181
"10999_8",0.995043
"2460_1",0.012464
"7815_7",0.985538
"8586_7",0.504336
"21_1",0.005033
"2467_1",0.003964
"7979_8",0.997596
"3744_7",0.996204
"7205_1",0.003531
"6862_7",0.993216
"12031_10",0.997203
"12458_1",0.004611
"10410_1",0.009240
"2624_10",0.997025
"12083_1",0.032064
"47_2",0.005630
"676_7",0.996770
"5425_10",0.996630
"1899_2",0.003803
"9666_1",0.003840
"3151_10",0.997957
"1745_8",0.014766
"7646_8",0.986126
"10011_9",0.997659
"10061_10",0.997910
"6792_9",0.997680
"5150_3",0.013072
"593_10",0.996263
"6170_4",0.995532
"2029_2",0.005362
"3026_4",0.016510
"1086_10",0.997563
"1594_8",0.997324
"227_1",0.003976
"5932_7",0.974789
"2681_1",0.009896
"4270_10",0.997688
"10065_1",0.006601
"6640_9",0.997531
"1160_10",0.997965
"3078_1",0.013828
"1546_7",0.997896
"12315_1",0.003186
"8699_1",0.005675
"11438_4",0.003988
"2034_7",0.988912
"7899_1",0.008689
"1006_3",0.003507
"3732_7",0.147907
"11094_7",0.740320
"1477_4",0.032189
"8912_10",0.995246
"8140_4",0.979619
"7542_9",0.997985
"2556_1",0.200375
"10075_10",0.997797
"12212_2",0.005281
"218_10",0.549563
"8385_1",0.006176
"5716_2",0.004448
"11655_10",0.994644
"6235_1",0.003824
"2823_10",0.876600
"7094_2",0.968613
"465_10",0.997960
"4968_4",0.005581
"222_10",0.995058
"464_4",0.022418
"2593_10",0.983795
"11946_3",0.004317
"6083_1",0.003132
"8158_3",0.009930
"2646_3",0.004337
"8282_4",0.008828
"12482_2",0.004278
"1020_7",0.054164
"7554_10",0.997852
"4492_2",0.005576
"4468_4",0.011504
"7365_8",0.996564
"9777_9",0.996803
"9505_3",0.848589
"10546_1",0.008508
"2179_7",0.994634
"9325_9",0.993847
"9042_10",0.997659
"7631_2",0.004654
"1583_2",0.007101
"10449_2",0.025628
"8021_9",0.995901
"9282_9",0.997743
"5261_9",0.995267
"9127_8",0.997798
"6408_2",0.007597
"7306_1",0.005288
"2955_4",0.007794
"6401_10",0.995790
"278_10",0.997804
"1954_8",0.758110
"2592_8",0.997609
"2040_10",0.997707
"4779_10",0.995741
"7274_8",0.997217
"8094_2",0.007238
"9359_9",0.988755
"10732_10",0.997541
"7824_7",0.996840
"493_7",0.959024
"2458_2",0.033002
"67_3",0.004287
"1495_1",0.003956
"2984_1",0.010075
"9979_4",0.007857
"2790_1",0.017616
"8948_1",0.003365
"4249_1",0.958167
"5994_10",0.997753
"5119_2",0.008650
"6539_2",0.004095
"12006_2",0.005916
"555_4",0.006755
"9508_9",0.985829
"2282_2",0.004051
"4119_7",0.997757
"1224_8",0.997726
"492_10",0.993807
"7062_9",0.996975
"6663_10",0.997415
"9410_8",0.997271
"6033_8",0.997939
"4704_9",0.997896
"1347_3",0.004169
"6920_7",0.997768
"7736_1",0.018936
"2884_3",0.005248
"1870_2",0.016821
"4058_3",0.003955
"3089_8",0.997879
"932_9",0.997579
"5666_10",0.997918
"5770_1",0.010359
"10982_10",0.997385
"5977_1",0.004344
"7678_2",0.021023
"7788_10",0.997391
"6328_1",0.005406
"5806_10",0.996357
"595_1",0.013163
"8235_7",0.996844
"10822_2",0.005305
"12353_7",0.232582
"5381_1",0.057632
"504_8",0.993760
"4876_10",0.996647
"5244_10",0.997935
"12010_8",0.997819
"7263_2",0.940173
"10315_10",0.997938
"9967_1",0.003603
"126_10",0.997212
"3861_1",0.002829
"10221_8",0.492084
"7844_3",0.025410
"10976_8",0.992721
"9372_8",0.973522
"5633_2",0.003524
"3833_4",0.004654
"5256_8",0.997660
"8840_1",0.003891
"2122_10",0.997822
"4607_4",0.004050
"12025_9",0.997658
"10884_9",0.992929
"2473_10",0.995765
"12330_8",0.986278
"6997_3",0.003889
"4505_9",0.996682
"1302_8",0.997638
"4382_3",0.611101
"9645_8",0.996190
"4138_2",0.004289
"2419_1",0.007675
"3059_8",0.996357
"8239_9",0.997911
"105_3",0.006464
"1129_9",0.997352
"9065_10",0.997715
"3249_1",0.003732
"4864_8",0.969306
"11748_8",0.997549
"561_10",0.997887
"1261_1",0.013602
"10944_1",0.003191
"11503_1",0.031506
"8089_9",0.994901
"3224_10",0.997567
"4550_3",0.956750
"8097_7",0.994766
"11042_1",0.010814
"4590_3",0.014856
"10838_8",0.991565
"5500_3",0.007457
"6779_10",0.996124
"7489_2",0.003566
"4145_8",0.996563
"2477_2",0.959138
"11428_7",0.091919
"5178_8",0.997267
"1604_1",0.003749
"2269_7",0.996416
"683_2",0.012746
"12373_10",0.997906
"12362_10",0.995201
"1486_9",0.123736
"4922_1",0.003046
"5689_8",0.048745
"11287_9",0.976819
"4578_4",0.007750
"361_1",0.595313
"6750_4",0.979272
"10004_9",0.997566
"3649_9",0.997167
"12485_8",0.997842
"4867_10",0.997658
"10463_2",0.014446
"8449_9",0.996587
"10573_10",0.998012
"12488_3",0.008810
"1649_2",0.003977
"12064_1",0.764809
"4892_10",0.997837
"8877_3",0.021446
"11816_9",0.997876
"10235_10",0.997089
"8204_7",0.993303
"8608_10",0.992807
"475_10",0.997928
"10150_8",0.997598
"4661_10",0.385325
"434_8",0.996344
"10121_10",0.997694
"438_9",0.997756
"2866_1",0.014265
"10667_2",0.245468
"9575_8",0.997708
"910_10",0.997834
"1631_7",0.995519
"10585_3",0.043285
"1060_8",0.996589
"8817_1",0.005818
"10511_10",0.997560
"11854_2",0.006491
"4429_7",0.997329
"7462_4",0.005718
"7668_10",0.997093
"6258_8",0.997183
"12481_1",0.007394
"3948_7",0.897954
"624_10",0.995079
"6418_8",0.997746
"4211_7",0.996444
"10606_1",0.008088
"3052_1",0.003157
"12091_8",0.997670
"5559_10",0.996590
"6462_8",0.997843
"6215_1",0.011373
"10996_1",0.006459
"1139_10",0.220800
"11400_8",0.990468
"10075_3",0.007986
"9034_4",0.110189
"8963_7",0.993701
"622_10",0.997804
"4570_3",0.079444
"12242_2",0.003519
"10595_1",0.009835
"5524_1",0.026425
"10074_3",0.846857
"10761_4",0.755648
"5215_1",0.003218
"7480_8",0.995580
"3940_4",0.951253
"375_10",0.324070
"11998_3",0.007322
"11759_10",0.997633
"12180_7",0.879567
"9000_2",0.010917
"4251_3",0.049426
"7944_10",0.997795
"12444_1",0.048592
"7400_1",0.006323
"4122_8",0.997632
"8849_10",0.997680
"5656_4",0.010815
"4091_7",0.997631
"8699_10",0.997379
"8750_9",0.996595
"3813_10",0.997531
"1836_4",0.239968
"1644_9",0.997429
"5764_10",0.997296
"1328_1",0.353435
"2332_2",0.931900
"1851_1",0.004357
"9281_2",0.007084
"9870_1",0.003366
"3201_1",0.004181
"9589_10",0.011581
"3137_1",0.003722
"10655_10",0.997759
"10722_1",0.009828
"10338_9",0.997797
"2561_4",0.983590
"8646_8",0.834451
"10077_7",0.997614
"2091_10",0.997677
"12110_7",0.978649
"8961_4",0.007980
"10497_1",0.003548
"3909_3",0.015970
"2535_3",0.688883
"8969_3",0.165290
"160_10",0.997322
"10280_4",0.003846
"5117_1",0.010373
"2371_4",0.005316
"12014_10",0.997465
"8665_8",0.997653
"5386_3",0.003582
"1284_1",0.003154
"6541_7",0.876906
"6919_4",0.005874
"7066_10",0.997961
"1189_3",0.005394
"247_8",0.997932
"4144_8",0.997830
"1788_10",0.995814
"3875_9",0.996325
"9484_2",0.006857
"6650_1",0.014462
"526_3",0.006581
"10810_8",0.930708
"3361_2",0.006401
"3721_1",0.005366
"8024_2",0.004059
"11882_10",0.996652
"6015_1",0.003244
"10950_8",0.996025
"10595_10",0.997395
"6215_8",0.896866
"7506_1",0.004542
"9448_2",0.004895
"10267_4",0.026994
"1890_4",0.113292
"11388_1",0.002928
"4033_2",0.002811
"10188_1",0.012734
"3685_10",0.997836
"2329_10",0.983437
"2672_10",0.997292
"3356_10",0.990104
"7505_9",0.996139
"8789_7",0.993064
"4655_1",0.002994
"7490_7",0.997316
"10703_9",0.579352
"2088_9",0.997732
"5114_3",0.005761
"3317_8",0.393315
"2826_2",0.817507
"8346_8",0.993944
"2036_1",0.006830
"11081_2",0.005528
"5313_7",0.933375
"266_4",0.007105
"7378_7",0.864735
"7420_2",0.179863
"9637_8",0.997653
"8788_2",0.007942
"4953_2",0.006589
"8212_9",0.997366
"10437_9",0.997735
"9397_1",0.005583
"4598_10",0.996988
"2772_10",0.996298
"83_10",0.997945
"6217_1",0.004098
"11725_10",0.997695
"4380_9",0.997754
"2974_1",0.003891
"12363_7",0.997738
"3246_1",0.003288
"6087_9",0.997774
"3419_9",0.997558
"6587_9",0.997750
"2450_1",0.004062
"2475_10",0.997924
"11551_7",0.995887
"7614_4",0.004788
"10136_10",0.997700
"5844_3",0.003833
"7473_1",0.003150
"6772_4",0.043949
"6253_1",0.003318
"4036_10",0.996714
"11948_10",0.997237
"11435_9",0.997987
"6106_9",0.996855
"12271_1",0.024043
"12030_3",0.007765
"11640_3",0.004170
"5589_10",0.813632
"6352_1",0.996805
"2523_4",0.986095
"8198_8",0.996960
"7283_4",0.023828
"4330_3",0.674707
"7882_3",0.492036
"9815_8",0.997703
"1714_1",0.003284
"3836_1",0.003712
"8618_7",0.877724
"1759_3",0.010302
"9317_2",0.004056
"6186_4",0.202417
"3779_1",0.005660
"10096_9",0.997871
"3277_7",0.997394
"6023_10",0.997921
"4863_7",0.972360
"11194_2",0.006348
"11227_2",0.003516
"11983_1",0.016621
"337_9",0.997398
"11441_3",0.004862
"6668_1",0.003408
"4333_9",0.997588
"3773_8",0.997121
"5370_9",0.997206
"4959_10",0.065679
"9431_3",0.007904
"6834_3",0.007162
"9952_3",0.004409
"9810_1",0.022846
"697_4",0.013715
"4528_3",0.004589
"5817_1",0.002762
"9052_7",0.990613
"11494_8",0.997854
"4516_1",0.003021
"2810_9",0.997452
"1105_10",0.996509
"6873_2",0.005606
"8171_10",0.997330
"9568_10",0.997877
"879_10",0.997685
"8493_8",0.147248
"9437_10",0.994229
"3841_1",0.003551
"3852_7",0.967527
"7414_9",0.995803
"6048_1",0.003039
"2921_1",0.003791
"6752_1",0.003428
"7997_1",0.055675
"640_1",0.003535
"9576_3",0.018980
"4110_4",0.594792
"11407_7",0.994159
"410_10",0.997882
"11167_10",0.997919
"8383_10",0.993818
"392_7",0.997327
"1459_4",0.011813
"11929_10",0.996937
"12362_4",0.007213
"4046_2",0.003711
"2597_10",0.997313
"11246_4",0.005067
"8692_8",0.997857
"3986_9",0.997698
"391_1",0.005149
"2504_7",0.997860
"11644_10",0.997802
"1788_1",0.013387
"5286_1",0.003542
"3486_1",0.997858
"4486_7",0.931643
"4614_3",0.657655
"11360_4",0.005542
"2315_10",0.997926
"3637_10",0.623443
"6479_3",0.005863
"10306_8",0.997696
"2225_1",0.004832
"9688_3",0.005886
"8999_2",0.005038
"6793_1",0.002789
"1785_8",0.997191
"3902_1",0.021740
"3805_1",0.002811
"6867_8",0.969458
"761_2",0.039018
"9493_4",0.008213
"4805_4",0.996834
"583_8",0.997554
"9470_9",0.997487
"9859_8",0.989997
"6633_8",0.997538
"518_10",0.161869
"10730_1",0.011141
"1855_4",0.008079
"5191_8",0.954739
"9191_1",0.003893
"1113_3",0.650133
"2973_8",0.997702
"10712_1",0.003598
"7729_1",0.010787
"2730_1",0.004473
"10170_1",0.003694
"8238_10",0.997943
"9495_10",0.997803
"11652_1",0.009247
"4911_2",0.015738
"7514_1",0.003182
"8164_2",0.005420
"10389_7",0.989721
"7557_10",0.994063
"852_4",0.017724
"1584_1",0.007169
"2387_2",0.008185
"6073_4",0.003375
"7047_10",0.997717
"6338_7",0.997259
"1741_4",0.028535
"3697_1",0.088890
"5444_2",0.010946
"10082_1",0.049785
"6135_4",0.013782
"9242_8",0.996246
"7864_8",0.997603
"3466_2",0.005549
"9852_9",0.997884
"12390_7",0.301237
"5189_9",0.997573
"6771_9",0.997251
"223_3",0.996299
"8322_4",0.009139
"4465_8",0.930377
"6597_2",0.005548
"3477_8",0.997803
"4736_8",0.143486
"4581_8",0.997518
"5898_3",0.004406
"12335_7",0.996819
"7321_7",0.997745
"128_4",0.011022
"9116_3",0.951124
"9152_8",0.997977
"3613_3",0.021995
"1095_8",0.997898
"225_10",0.997690
"12445_10",0.996541
"596_1",0.005822
"6693_1",0.005778
"7535_4",0.995427
"3135_4",0.011031
"7435_2",0.010796
"758_3",0.004167
"11838_10",0.997833
"8539_2",0.004839
"671_8",0.997326
"53_4",0.036992
"8718_10",0.998018
"10447_7",0.994657
"86_10",0.052187
"7042_1",0.003400
"5821_3",0.006049
"4604_4",0.008792
"7906_2",0.003413
"11449_2",0.008409
"6505_8",0.997156
"8160_3",0.541018
"1054_9",0.997999
"6300_7",0.991999
"10058_8",0.997611
"3990_10",0.997762
"9233_4",0.004722
"9314_2",0.035961
"4213_10",0.994452
"3407_10",0.997892
"1982_1",0.010664
"9686_1",0.003899
"11246_10",0.122571
"617_4",0.972473
"12182_1",0.004503
"5687_1",0.023726
"1559_2",0.003957
"3596_7",0.997212
"4991_10",0.997683
"3315_8",0.868549
"1192_1",0.004469
"1454_8",0.997845
"9836_3",0.024938
"8088_4",0.008385
"1651_2",0.008530
"4641_10",0.996832
"10624_1",0.017395
"2902_2",0.929159
"10435_7",0.997539
"11623_2",0.004194
"1609_1",0.005676
"2623_1",0.005494
"4444_8",0.997382
"12412_3",0.005804
"8496_1",0.005875
"4279_8",0.976000
"9053_10",0.979418
"11747_3",0.050584
"9754_4",0.987759
"1795_2",0.005958
"6017_10",0.997196
"8964_7",0.997431
"1118_7",0.997651
"11564_7",0.995390
"9897_1",0.004658
"7731_1",0.003648
"7391_2",0.002545
"6670_7",0.996076
"8347_1",0.005034
"5000_4",0.003701
"3513_1",0.003781
"9427_4",0.162540
"6840_1",0.004204
"9217_9",0.997720
"5545_8",0.997949
"9858_10",0.997534
"1909_2",0.004181
"8416_10",0.997607
"11079_3",0.010420
"4638_4",0.861952
"324_10",0.997676
"9126_10",0.997168
"9069_7",0.994938
"10555_10",0.997780
"9626_8",0.988296
"6629_10",0.997698
"8419_10",0.997766
"5437_8",0.003941
"2463_10",0.997558
"10540_1",0.018284
"10579_1",0.005087
"11517_8",0.971293
"5306_10",0.994642
"4996_9",0.997230
"8251_7",0.996149
"7382_1",0.003078
"4284_9",0.997941
"772_10",0.997824
"5394_1",0.004437
"10576_9",0.997555
"635_8",0.997904
"9315_2",0.006897
"9642_4",0.002707
"7225_10",0.997171
"1806_3",0.827636
"4484_1",0.005152
"4912_10",0.996951
"4837_10",0.959420
"11025_10",0.976027
"1419_10",0.997253
"8789_4",0.004727
"1507_1",0.032239
"6478_1",0.006291
"7774_1",0.005361
"7805_10",0.996889
"11142_10",0.996434
"3832_10",0.997357
"1830_3",0.006637
"2676_4",0.022147
"1595_1",0.004531
"8044_9",0.997603
"8476_1",0.007781
"5190_8",0.948301
"4941_2",0.003823
"10114_8",0.997160
"11931_3",0.006990
"11970_10",0.870798
"5572_1",0.005212
"32_3",0.111136
"10026_10",0.997564
"10554_2",0.005658
"6440_7",0.997979
"7636_1",0.010289
"7973_9",0.997792
"2920_10",0.997764
"9531_1",0.002952
"568_4",0.014563
"6091_3",0.793888
"5700_9",0.997932
"4934_7",0.997917
"5988_10",0.997825
"5162_1",0.017472
"1043_4",0.006127
"11574_2",0.762715
"2592_1",0.005187
"4881_3",0.986435
"447_10",0.997914
"6922_8",0.997686
"9314_10",0.997568
"10693_10",0.996320
"257_9",0.997874
"2090_10",0.996161
"7826_1",0.003106
"7851_4",0.004632
"1606_1",0.004644
"4446_1",0.007212
"10655_2",0.003881
"11116_2",0.009374
"1631_1",0.006363
"11696_10",0.994950
"2114_3",0.006207
"10728_8",0.997653
"8006_9",0.996610
"5963_10",0.972997
"2094_10",0.997253
"10113_1",0.003416
"2832_4",0.013881
"9600_1",0.003473
"7776_1",0.004967
"567_9",0.968481
"4700_10",0.995325
"1143_1",0.005901
"7853_1",0.009901
"11178_1",0.022758
"7770_3",0.005772
"11696_2",0.003762
"6077_9",0.997818
"5952_1",0.002732
"507_1",0.006376
"11888_3",0.092136
"7857_3",0.004697
"1381_7",0.927581
"5080_2",0.004425
"9831_10",0.997309
"7231_1",0.028170
"6012_3",0.003873
"6843_4",0.307615
"7120_1",0.004676
"9248_1",0.829686
"5313_4",0.942641
"8434_2",0.007641
"10224_2",0.007786
"7303_10",0.997478
"1796_8",0.014138
"9302_4",0.017817
"2232_4",0.013849
"5333_3",0.005171
"1340_3",0.005009
"5472_2",0.003477
"1768_3",0.003599
"3140_1",0.006329
"6264_3",0.020739
"6699_8",0.996502
"2085_7",0.993027
"5319_4",0.009000
"7561_4",0.080448
"992_1",0.004384
"193_4",0.004495
"19_10",0.997998
"6225_8",0.988731
"933_10",0.997600
"11245_10",0.997735
"6152_3",0.763234
"10163_7",0.997921
"9382_4",0.005566
"4655_8",0.997184
"5195_10",0.997861
"8989_4",0.072855
"5309_10",0.997709
"2183_2",0.005179
"7597_10",0.997339
"1272_8",0.997007
"10107_9",0.997785
"3067_1",0.003910
"390_10",0.997471
"5746_4",0.004920
"7145_4",0.033141
"1612_8",0.993872
"7968_4",0.958328
"3793_9",0.996511
"2719_1",0.025977
"1645_10",0.997406
"9934_2",0.258081
"9288_4",0.006389
"937_4",0.260354
"10385_1",0.004350
"3726_1",0.003144
"2700_10",0.997823
"11824_1",0.004937
"4133_10",0.996001
"9873_2",0.005994
"8769_1",0.003305
"11806_10",0.997512
"903_4",0.144305
"727_3",0.401254
"2426_2",0.003676
"8663_1",0.006101
"11163_8",0.993582
"1505_7",0.997079
"4758_10",0.997800
"2119_4",0.010614
"7351_8",0.997530
"5638_10",0.997861
"11236_10",0.997358
"9351_3",0.015368
"8732_4",0.849443
"4771_1",0.009478
"4094_10",0.998085
"8314_7",0.032065
"5273_10",0.997845
"1773_1",0.003345
"7415_1",0.004303
"677_1",0.005498
"5585_1",0.004443
"1523_10",0.984812
"6855_1",0.003040
"6634_9",0.995785
"3866_2",0.006581
"7165_3",0.004941
"7516_7",0.972605
"2239_8",0.996813
"1248_8",0.997825
"6839_8",0.996895
"2648_10",0.997808
"5246_9",0.933728
"9445_1",0.003304
"4323_4",0.010942
"4356_10",0.995045
"9447_4",0.992761
"4022_3",0.004229
"6239_3",0.004239
"447_4",0.080882
"6717_8",0.991493
"2470_9",0.997804
"4816_1",0.003177
"1682_10",0.867820
"67_10",0.997720
"724_10",0.997622
"7678_9",0.994230
"2889_4",0.010720
"7487_9",0.997421
"1411_4",0.006727
"7447_8",0.996964
"3856_1",0.008291
"4412_10",0.071001
"8939_2",0.003469
"3314_9",0.995288
"2776_1",0.092959
"7986_8",0.997657
"12084_10",0.997669
"9529_10",0.997700
"11599_7",0.892921
"11688_3",0.005896
"11559_1",0.018719
"5838_2",0.006677
"6397_4",0.995866
"3551_4",0.283288
"5646_10",0.997448
"7760_2",0.006494
"4983_7",0.997827
"3870_1",0.005619
"5621_9",0.993445
"8716_9",0.997719
"2017_10",0.997615
"579_10",0.997952
"2659_1",0.003017
"10364_2",0.101663
"837_8",0.791745
"226_4",0.004242
"4836_1",0.002876
"11389_3",0.090720
"5284_2",0.004155
"4277_4",0.165322
"3821_10",0.989810
"6593_8",0.993979
"5060_7",0.920488
"5121_8",0.997402
"3810_7",0.011524
"3941_8",0.988520
"12291_1",0.003448
"1082_1",0.021683
"931_9",0.993306
"10202_4",0.685152
"11004_9",0.997747
"5243_7",0.966793
"2861_1",0.007179
"11992_10",0.991484
"11358_9",0.998041
"3996_10",0.988871
"12434_8",0.361369
"8310_7",0.997669
"3894_9",0.997716
"3021_1",0.006282
"1652_10",0.997744
"90_2",0.989512
"283_1",0.909649
"9809_8",0.994889
"2693_2",0.991094
"5717_1",0.006137
"6051_9",0.994297
"4542_1",0.002941
"5104_8",0.997858
"10139_10",0.743049
"6129_1",0.004256
"859_8",0.993860
"3107_1",0.003998
"2595_2",0.003968
"2676_10",0.994840
"3634_2",0.005865
"6953_1",0.005413
"4430_4",0.004684
"79_8",0.996918
"7318_2",0.007079
"863_4",0.005059
"6393_3",0.977916
"6910_3",0.701906
"4438_9",0.996498
"4242_9",0.991803
"5813_4",0.012557
"203_3",0.003440
"7333_10",0.997696
"11658_8",0.997861
"11206_4",0.009081
"6208_7",0.997995
"7273_8",0.996222
"5518_10",0.996347
"7092_1",0.172454
"10508_7",0.984690
"1196_9",0.997601
"10037_7",0.990118
"6468_8",0.997798
"8502_4",0.257538
"1017_1",0.009185
"4_10",0.997785
"8439_1",0.005849
"7048_3",0.004590
"3238_1",0.004335
"11610_1",0.018280
"3468_10",0.997387
"184_3",0.009919
"12227_7",0.742804
"4872_3",0.244092
"11139_10",0.997819
"4316_7",0.578286
"3071_1",0.039566
"335_2",0.004081
"10847_1",0.003898
"4646_10",0.997517
"9382_10",0.997572
"6577_1",0.004316
"4549_1",0.003193
"2459_9",0.997598
"102_8",0.168710
"1581_1",0.003805
"2439_10",0.997853
"6988_9",0.870440
"2024_1",0.003341
"12375_1",0.005635
"6084_4",0.160857
"6617_3",0.005046
"815_3",0.049914
"1857_1",0.018203
"7428_1",0.004308
"5943_8",0.996723
"11811_10",0.997855
"10844_1",0.003192
"1275_7",0.997555
"1910_1",0.003304
"3306_8",0.997938
"4735_1",0.003582
"10819_1",0.005569
"9571_2",0.004298
"1037_10",0.997888
"7177_4",0.150203
"5066_10",0.997747
"4888_2",0.008904
"10646_2",0.005458
"7929_1",0.003958
"5181_1",0.003517
"1387_1",0.022022
"1304_8",0.997718
"2108_1",0.007604
"9875_10",0.997676
"10200_1",0.004863
"11665_9",0.997823
"6685_1",0.005412
"10234_9",0.997664
"6622_9",0.993722
"9703_7",0.997227
"7504_8",0.470911
"1267_3",0.077968
"902_3",0.013069
"10674_2",0.280263
"5237_10",0.997415
"5270_10",0.997629
"1701_7",0.996175
"3222_2",0.693473
"6116_10",0.011057
"11543_10",0.979216
"8189_7",0.086512
"8737_8",0.997957
"6856_7",0.996771
"2035_8",0.996899
"5011_10",0.997844
"6135_9",0.997910
"9172_1",0.002800
"5822_1",0.005193
"8816_3",0.005424
"1124_1",0.002680
"5422_4",0.659926
"3275_2",0.008146
"2076_2",0.003817
"5223_8",0.997955
"1814_3",0.007958
"6171_2",0.005975
"3228_1",0.006048
"3693_3",0.005058
"8891_2",0.005211
"1171_8",0.997373
"9496_1",0.039595
"8702_10",0.996223
"11287_4",0.003369
"2157_10",0.997689
"6058_8",0.997551
"4025_2",0.002973
"5097_8",0.998035
"2335_1",0.004024
"6945_1",0.003518
"2970_4",0.010858
"10473_10",0.997336
"10139_1",0.004479
"7680_10",0.997699
"10705_1",0.004375
"9883_10",0.997980
"2808_10",0.997436
"6543_2",0.009086
"3482_3",0.019395
"2547_7",0.847939
"8378_4",0.003834
"7746_10",0.998035
"5007_4",0.067268
"1623_8",0.997003
"10762_9",0.997995
"8604_1",0.005757
"868_7",0.898773
"7902_1",0.003260
"3644_1",0.118363
"330_1",0.004514
"2519_7",0.715624
"716_2",0.997096
"9908_1",0.003628
"1410_2",0.013278
"1154_4",0.011118
"589_10",0.997599
"10182_3",0.028348
"6872_8",0.997657
"7232_8",0.996133
"4339_8",0.996885
"6652_2",0.004348
"8692_1",0.003585
"4585_2",0.996533
"5846_4",0.991203
"4401_1",0.005431
"4848_10",0.996260
"1727_1",0.003587
"8038_2",0.043484
"2532_1",0.004437
"11010_9",0.996123
"4915_10",0.997785
"6047_4",0.005403
"10358_3",0.971903
"697_10",0.997428
"7648_7",0.997537
"5495_4",0.004321
"6611_2",0.008522
"12099_8",0.997850
"1109_1",0.007639
"6874_1",0.006312
"8072_4",0.058099
"11231_10",0.997535
"10871_7",0.993881
"9990_10",0.997716
"645_10",0.997810
"9345_1",0.008228
"5298_1",0.007700
"5971_10",0.197058
"5079_8",0.997745
"6022_3",0.003241
"4954_7",0.997136
"5063_8",0.997432
"843_10",0.997588
"556_7",0.993836
"1498_1",0.003307
"9374_7",0.974724
"8728_1",0.126040
"8297_10",0.156166
"5760_10",0.213150
"7403_10",0.027235
"964_3",0.007559
"8842_9",0.997642
"11552_10",0.997806
"5592_2",0.005207
"3531_9",0.997003
"9383_3",0.008522
"6576_1",0.004928
"125_3",0.005756
"8382_2",0.004437
"3786_9",0.997504
"8636_9",0.996445
"12225_10",0.997128
"8958_8",0.997624
"5981_10",0.506364
"9594_10",0.988744
"9802_3",0.003618
"4353_3",0.967175
"10567_8",0.997972
"3982_7",0.994464
"3292_7",0.993476
"1739_3",0.003458
"3356_3",0.014929
"5253_4",0.004932
"1186_10",0.997876
"12218_8",0.996992
"1361_9",0.997201
"11423_4",0.005023
"5649_1",0.002960
"11988_10",0.995658
"393_7",0.997097
"8081_2",0.004712
"10290_1",0.003649
"5548_1",0.022575
"2266_3",0.031770
"341_1",0.003618
"2081_10",0.997867
"6268_1",0.009661
"2267_9",0.997978
"82_3",0.004297
"11259_10",0.997711
"6760_7",0.022075
"6352_9",0.997581
"10733_3",0.378321
"7418_2",0.003138
"11562_8",0.997745
"8895_9",0.997472
"7911_7",0.733394
"4885_10",0.997741
"542_4",0.007416
"6099_7",0.997524
"5355_1",0.003177
"3969_1",0.007387
"11541_4",0.990090
"6413_1",0.006034
"3725_7",0.997437
"11757_1",0.009594
"7663_1",0.009921
"3161_3",0.969671
"9119_10",0.996647
"7726_3",0.924854
"1764_8",0.997992
"7211_7",0.992815
"8069_4",0.022632
"7119_2",0.005844
"1163_10",0.997988
"5836_2",0.004869
"1921_8",0.997832
"892_1",0.003482
"7629_8",0.996637
"5605_1",0.004095
"3955_10",0.997768
"5093_4",0.006578
"6366_4",0.011718
"11267_2",0.003886
"522_2",0.005785
"7659_10",0.997848
"11779_4",0.291829
"5226_1",0.141816
"8767_10",0.988945
"1315_4",0.003477
"8179_8",0.997452
"10270_10",0.997391
"8218_1",0.228111
"4363_10",0.997939
"9701_9",0.256801
"9774_10",0.997922
"8326_10",0.996683
"1529_10",0.997931
"9090_8",0.997499
"8596_7",0.977556
"3508_1",0.011261
"2272_8",0.997867
"1226_7",0.831682
"40_8",0.997634
"1159_1",0.004160
"11508_1",0.003442
"2869_8",0.996756
"4068_1",0.005183
"7510_1",0.005881
"2967_3",0.005340
"8307_10",0.929991
"9920_8",0.997916
"9102_1",0.056636
"3586_4",0.965762
"2278_10",0.997745
"9459_9",0.997823
"3080_10",0.997365
"8960_1",0.003011
"11294_8",0.948761
"5241_1",0.003620
"4515_10",0.997825
"5855_7",0.985718
"12107_2",0.004037
"6435_2",0.003278
"5813_10",0.997858
"12008_1",0.003028
"1613_10",0.997715
"9381_9",0.994360
"4467_10",0.996292
"1439_8",0.997773
"1021_2",0.003344
"2718_1",0.013651
"11439_8",0.994947
"10931_10",0.997704
"4326_10",0.997630
"6216_1",0.010052
"10369_4",0.005936
"1586_7",0.979449
"1310_2",0.009665
"293_1",0.003584
"5968_1",0.004815
"9338_10",0.997001
"418_4",0.003701
"4522_1",0.002775
"3925_8",0.994532
"9748_1",0.002961
"7142_8",0.997373
"8862_1",0.348904
"10812_2",0.004653
"3262_7",0.997260
"11540_10",0.024441
"1236_2",0.004860
"10321_10",0.997079
"5782_1",0.003391
"11765_8",0.995928
"6365_7",0.476008
"6265_2",0.008772
"5426_1",0.008344
"5312_7",0.993714
"1786_3",0.005523
"10137_2",0.010331
"9816_3",0.004815
"11925_10",0.992754
"3041_3",0.013559
"6742_1",0.004035
"10786_7",0.997360
"10687_4",0.042634
"7057_7",0.003287
"7532_9",0.997384
"4162_8",0.996765
"9911_10",0.997578
"2369_3",0.011818
"2967_9",0.996448
"9515_7",0.996751
"12035_9",0.994101
"9088_4",0.205903
"3037_8",0.996762
"1198_10",0.997986
"8186_8",0.989003
"3455_8",0.997873
"6676_3",0.945306
"4071_8",0.996369
"2244_7",0.995279
"1252_7",0.976814
"12178_3",0.003282
"5623_4",0.109140
"10938_1",0.003862
"2265_4",0.975416
"7442_7",0.033094
"7676_9",0.997797
"10666_1",0.004039
"9430_3",0.935712
"8329_2",0.003751
"11933_10",0.997693
"7868_1",0.002571
"6471_7",0.997606
"2191_1",0.003921
"3918_1",0.004110
"9767_10",0.997532
"11297_8",0.937727
"6763_8",0.997852
"2621_9",0.997516
"4056_4",0.013810
"8584_4",0.004063
"4541_9",0.997857
"1474_4",0.917936
"3748_7",0.997959
"1314_1",0.004969
"6195_10",0.997850
"3485_1",0.003582
"5448_7",0.038451
"12392_10",0.993378
"5807_10",0.997870
"11783_4",0.971217
"5693_1",0.005494
"5031_3",0.003618
"9684_1",0.010058
"924_10",0.996528
"12254_3",0.130322
"277_1",0.012882
"4384_10",0.997958
"8288_4",0.012841
"3056_3",0.005173
"4683_9",0.997781
"907_7",0.996082
"6720_7",0.977246
"12192_1",0.006083
"11090_8",0.566212
"4682_7",0.997591
"11698_10",0.996724
"1530_1",0.004178
"3017_9",0.997882
"9702_1",0.007037
"5761_3",0.018018
"9920_2",0.636598
"8250_1",0.988013
"11900_3",0.652790
"6128_10",0.012521
"8667_10",0.997640
"8304_3",0.006340
"1049_9",0.997067
"10262_4",0.035636
"7315_3",0.005768
"4935_10",0.997761
"2453_1",0.006346
"4820_10",0.996126
"3111_10",0.997645
"10351_8",0.997466
"146_1",0.006512
"6093_9",0.997734
"7215_10",0.997756
"6098_9",0.997083
"2873_10",0.997209
"2683_10",0.997786
"6886_9",0.997516
"4992_8",0.991099
"1038_1",0.004964
"988_3",0.005988
"212_7",0.005293
"6838_1",0.006255
"4865_8",0.995267
"6908_9",0.997722
"8548_10",0.997006
"2297_4",0.006203
"3455_4",0.765144
"5743_2",0.013540
"5820_1",0.867078
"4636_3",0.023317
"8184_4",0.008123
"7413_7",0.997341
"10750_7",0.997880
"10064_10",0.997775
"408_3",0.003798
"10388_10",0.996427
"8380_4",0.006181
"8904_2",0.029828
"10854_10",0.997103
"11511_10",0.997370
"259_10",0.997759
"1580_1",0.003114
"11775_1",0.004852
"8674_1",0.008221
"9540_10",0.997909
"6177_4",0.003217
"11074_8",0.997866
"7191_7",0.922935
"7496_1",0.002963
"4424_9",0.996240
"5733_9",0.988845
"2887_2",0.004574
"239_2",0.011515
"10920_1",0.006181
"10342_9",0.997787
"12321_1",0.003255
"1833_3",0.005084
"5494_7",0.995874
"8687_8",0.997813
"1076_8",0.997782
"7638_3",0.008598
"1361_3",0.007633
"1884_4",0.018069
"2056_10",0.997822
"5_4",0.017814
"1034_10",0.990913
"4008_8",0.997541
"4239_4",0.021091
"7257_4",0.041305
"9541_8",0.998077
"5869_1",0.004014
"1326_4",0.003257
"936_2",0.007432
"10473_4",0.016859
"12413_2",0.006587
"5934_9",0.253817
"2419_7",0.996492
"49_4",0.023691
"2129_9",0.997654
"12356_1",0.003662
"9268_2",0.005041
"7915_7",0.994357
"11405_3",0.944483
"7526_9",0.997678
"6639_2",0.004007
"7939_1",0.003331
"8934_1",0.015248
"2422_1",0.003341
"3885_4",0.009934
"1703_3",0.986499
"7530_9",0.997732
"5833_1",0.003667
"9858_4",0.025322
"12307_3",0.004607
"9341_10",0.995491
"4490_10",0.997605
"9292_10",0.995526
"7830_1",0.007507
"5329_1",0.003475
"5205_10",0.997172
"2172_1",0.004429
"8857_4",0.007358
"7933_1",0.005394
"12277_4",0.141297
"9853_10",0.960891
"5927_8",0.997768
"4453_4",0.009092
"3034_1",0.003497
"3469_1",0.004553
"12014_2",0.031522
"3802_3",0.034459
"10911_8",0.030394
"7519_1",0.005608
"4155_1",0.005349
"7873_1",0.003131
"7002_10",0.997809
"11597_1",0.005909
"9043_3",0.040847
"7623_3",0.982416
"6615_9",0.998019
"5982_1",0.004272
"492_1",0.002759
"7105_1",0.003267
"7072_8",0.997828
"7585_3",0.719112
"114_2",0.018161
"675_2",0.021764
"5141_1",0.234433
"11299_1",0.003832
"7008_4",0.007117
"4963_4",0.026537
"9363_8",0.994893
"12419_8",0.939234
"499_2",0.011489
"4741_1",0.003240
"3160_10",0.010515
"4605_7",0.987241
"7181_4",0.013896
"2620_3",0.004931
"7101_7",0.965465
"3358_8",0.996853
"11150_3",0.035257
"11555_3",0.186499
"11975_2",0.928695
"44_8",0.997789
"4699_10",0.997798
"6042_2",0.015913
"10368_3",0.826964
"2409_8",0.996361
"5933_1",0.007631
"7460_1",0.005118
"11653_3",0.997477
"1699_4",0.981348
"6189_4",0.004517
"12263_10",0.997842
"700_7",0.997322
"1974_9",0.997543
"4664_1",0.012347
"2083_3",0.006982
"3454_1",0.004937
"3196_4",0.994543
"7920_2",0.008398
"10257_10",0.997877
"12344_10",0.996832
"130_9",0.996687
"315_4",0.022359
"5923_10",0.997779
"1234_10",0.997616
"7402_2",0.003656
"4634_1",0.026443
"2558_10",0.997659
"11220_10",0.820343
"7652_10",0.997512
"1070_1",0.006085
"3018_1",0.216106
"6365_1",0.005183
"6081_4",0.170123
"1015_4",0.990279
"7071_10",0.967456
"4682_1",0.002822
"5242_1",0.251717
"5125_9",0.997726
"11299_7",0.997423
"7445_1",0.005291
"8206_10",0.997520
"7878_7",0.997814
"11630_4",0.008774
"9391_8",0.257118
"4755_2",0.003880
"36_8",0.997708
"617_9",0.997466
"987_7",0.996635
"1185_1",0.002907
"11135_1",0.004522
"6457_2",0.005067
"8337_7",0.997745
"9931_9",0.996801
"6932_10",0.863478
"9504_3",0.012801
"2333_2",0.005610
"10397_10",0.995714
"6200_4",0.006998
"8004_10",0.993035
"10818_10",0.997862
"164_7",0.898791
"6945_9",0.995324
"2551_10",0.997092
"10887_3",0.004103
"8942_8",0.997957
"6779_1",0.013068
"9818_10",0.997784
"11352_4",0.009163
"1035_9",0.997598
"9212_2",0.004099
"8530_3",0.008059
"7858_3",0.004874
"1777_4",0.051054
"6976_10",0.997694
"9426_2",0.005293
"2154_1",0.018827
"7037_9",0.919806
"1501_1",0.004431
"12448_2",0.003719
"1005_2",0.004953
"8031_1",0.012187
"8084_8",0.997863
"11933_3",0.003410
"3206_10",0.997721
"10197_2",0.006611
"8838_9",0.139812
"7720_1",0.004419
"9739_3",0.007646
"8312_4",0.004406
"3492_9",0.997067
"1133_8",0.997687
"3255_9",0.997336
"10625_8",0.988945
"12307_9",0.894369
"325_10",0.997901
"4393_10",0.997908
"8755_2",0.003408
"2645_4",0.008150
"10712_8",0.997100
"10358_7",0.986681
"10913_1",0.013418
"8406_7",0.994797
"12131_8",0.997286
"8306_7",0.996995
"8722_9",0.997901
"6363_3",0.003505
"6876_10",0.997684
"10802_8",0.959613
"6078_2",0.004134
"4558_8",0.997288
"643_4",0.006596
"9956_10",0.990813
"7267_8",0.997384
"10491_7",0.997556
"5105_8",0.998002
"7213_10",0.997807
"8442_2",0.050442
"11035_10",0.997358
"9961_3",0.075236
"2616_1",0.003904
"7666_4",0.067456
"548_4",0.033790
"2425_10",0.997742
"4173_1",0.002892
"3558_10",0.987747
"4117_3",0.053772
"9803_3",0.004098
"1545_1",0.004773
"6564_7",0.997656
"1306_1",0.004080
"632_1",0.003136
"3132_8",0.997648
"5755_2",0.003147
"5282_1",0.004369
"5891_10",0.997833
"3961_7",0.997745
"4107_1",0.442622
"2370_8",0.994495
"1363_1",0.004117
"5359_9",0.997742
"759_10",0.997203
"727_8",0.997585
"1875_1",0.004209
"10586_1",0.003170
"4906_1",0.003423
"11685_4",0.006720
"1632_1",0.985360
"4913_10",0.997103
"11375_1",0.006621
"423_10",0.992919
"5957_9",0.997318
"9389_1",0.003403
"10450_7",0.995491
"4205_1",0.033075
"2983_1",0.003151
"7895_1",0.003225
"2761_4",0.004042
"3359_1",0.003697
"687_9",0.997653
"8150_1",0.022931
"1647_10",0.996951
"10920_8",0.992349
"4813_8",0.997617
"4628_10",0.997746
"5738_4",0.004192
"11255_3",0.004605
"7801_10",0.997672
"3258_2",0.005166
"10513_7",0.915200
"9358_8",0.997751
"6864_2",0.003795
"3038_8",0.993766
"6928_1",0.934243
"10277_10",0.997968
"9231_1",0.004100
"8098_7",0.996097
"11550_10",0.993720
"10233_7",0.997497
"180_3",0.105932
"538_8",0.997416
"4977_9",0.996913
"11386_3",0.008422
"1045_3",0.010959
"61_1",0.039207
"6907_8",0.983406
"11368_10",0.986621
"10_3",0.004500
"7034_3",0.007000
"3051_10",0.996647
"362_9",0.997199
"8037_7",0.997156
"11408_4",0.006116
"8783_7",0.991267
"1755_10",0.997629
"3610_3",0.008651
"1376_3",0.005673
"4970_9",0.990259
"7802_9",0.995593
"4169_1",0.003382
"2063_4",0.997773
"2825_10",0.997626
"10758_10",0.997831
"10778_2",0.005749
"979_10",0.997389
"11700_4",0.997184
"7848_10",0.038077
"1294_7",0.997597
"4806_4",0.995961
"10159_4",0.004164
"3461_4",0.996153
"10312_1",0.006270
"4297_1",0.004904
"5081_2",0.005759
"2156_1",0.005235
"8417_1",0.006871
"10182_10",0.997863
"11732_2",0.007323
"10078_3",0.004915
"4772_1",0.003982
"6187_4",0.004718
"4219_10",0.997575
"5208_8",0.993172
"4935_2",0.005030
"6528_10",0.997798
"4080_1",0.005658
"6147_10",0.916362
"1352_2",0.012645
"5675_9",0.995421
"3024_4",0.005111
"6930_3",0.007009
"7005_1",0.007001
"380_9",0.996987
"5923_3",0.011038
"1246_9",0.997412
"3081_8",0.997606
"11913_3",0.016288
"4112_8",0.982706
"1440_8",0.997736
"12123_7",0.934679
"3731_1",0.003592
"420_10",0.994351
"5862_1",0.003679
"10864_7",0.997640
"3484_1",0.004209
"9438_4",0.823506
"7032_10",0.997868
"7670_2",0.006700
"5251_9",0.997433
"5296_7",0.994495
"9161_7",0.028326
"6446_4",0.037323
"11694_8",0.984807
"1674_9",0.997773
"8831_10",0.256941
"11813_10",0.997661
"3380_1",0.002816
"8653_10",0.997777
"10485_1",0.008275
"3771_9",0.997083
"5534_1",0.003717
"2_7",0.993466
"2334_9",0.997956
"8327_4",0.024820
"8552_9",0.997927
"9117_10",0.997242
"11953_10",0.997929
"7015_4",0.013086
"9649_10",0.997881
"1701_1",0.015475
"1946_3",0.018362
"1536_10",0.996537
"6419_7",0.997747
"6619_10",0.997246
"3715_10",0.997880
"6001_9",0.997833
"4555_9",0.997171
"6367_4",0.007262
"8350_10",0.992537
"8376_7",0.997830
"8231_1",0.003826
"11595_9",0.997814
"10372_4",0.390425
"2711_8",0.995487
"407_4",0.004602
"10798_10",0.997183
"5358_1",0.011041
"158_1",0.004083
"6578_7",0.942704
"217_8",0.996757
"4535_10",0.997576
"4887_10",0.991189
"5595_4",0.890401
"1837_9",0.997573
"7723_1",0.004744
"1935_7",0.029300
"7357_4",0.004690
"3293_3",0.004736
"5176_1",0.002994
"10930_7",0.123861
"4618_1",0.015714
"15_2",0.008076
"4009_1",0.018941
"3854_1",0.004659
"2889_10",0.997861
"2737_1",0.983979
"9811_3",0.006183
"12016_2",0.014391
"8470_10",0.981125
"2965_7",0.018279
"6620_1",0.004071
"7447_3",0.004950
"1197_9",0.997084
"9750_9",0.997766
"3001_1",0.004933
"8068_2",0.009416
"5660_1",0.012751
"5595_10",0.996357
"4377_4",0.025795
"7354_8",0.995914
"11858_1",0.003353
"7611_2",0.003713
"6855_7",0.728661
"11522_1",0.004250
"21_9",0.997863
"3423_9",0.997210
"2061_8",0.997651
"5594_10",0.996825
"6106_3",0.009045
"9222_1",0.809292
"2305_3",0.006655
"12493_4",0.922872
"8841_9",0.992883
"3824_8",0.997373
"703_8",0.997275
"1638_1",0.003479
"11339_4",0.004300
"10173_1",0.004614
"6481_2",0.852425
"9468_2",0.073611
"1830_9",0.997949
"9940_8",0.289469
"7768_1",0.004693
"414_2",0.005769
"9554_3",0.007059
"2894_4",0.004514
"2509_7",0.997103
"2430_2",0.060279
"10244_7",0.914744
"2874_9",0.288193
"4615_4",0.988089
"9011_10",0.997908
"8977_9",0.958562
"6709_9",0.089489
"7963_3",0.953224
"7531_10",0.997541
"5058_3",0.041790
"2875_2",0.435231
"9191_8",0.994936
"2596_10",0.997678
"9660_8",0.997751
"3682_1",0.006097
"4189_1",0.003723
"739_10",0.997675
"836_4",0.008431
"2422_7",0.253154
"4318_1",0.006291
"1443_2",0.010036
"2782_8",0.997630
"10260_1",0.986841
"10624_10",0.950650
"3288_8",0.990014
"155_2",0.003288
"4941_9",0.997191
"1449_8",0.997636
"10575_1",0.003499
"3568_4",0.865106
"261_9",0.997505
"10420_9",0.997657
"4008_1",0.231611
"4263_9",0.994105
"11924_4",0.038679
"11488_7",0.993645
"1599_1",0.010178
"11383_10",0.997262
"1800_9",0.997263
"9705_10",0.997827
"10044_8",0.987044
"471_3",0.015112
"3494_9",0.997674
"11492_10",0.975774
"257_3",0.480123
"10745_1",0.006032
"7305_1",0.004939
"6239_8",0.997701
"3068_10",0.996162
"2862_1",0.007575
"11217_4",0.103329
"10650_9",0.997715
"3588_10",0.997962
"8345_10",0.962719
"9980_2",0.003728
"8901_1",0.005811
"5438_8",0.997797
"10879_10",0.997475
"9064_3",0.031932
"193_9",0.988858
"470_4",0.006985
"5128_7",0.997125
"10542_10",0.805975
"205_10",0.997151
"8091_7",0.997837
"11383_3",0.008919
"10274_2",0.008480
"7865_7",0.997173
"7525_1",0.985500
"2168_2",0.003988
"11082_8",0.996446
"1991_2",0.017833
"10524_10",0.997778
"4628_3",0.292017
"4269_7",0.996827
"7367_2",0.018743
"1390_1",0.013958
"7158_1",0.014160
"12442_10",0.986026
"8388_1",0.004305
"7980_7",0.788736
"3054_1",0.004446
"11143_2",0.217558
"2238_1",0.003331
"949_3",0.007181
"42_4",0.007832
"4093_7",0.997702
"3657_3",0.007304
"9812_10",0.997837
"6879_3",0.006745
"2189_8",0.997244
"11804_1",0.003634
"5280_10",0.997677
"411_8",0.015356
"5673_1",0.005997
"11633_2",0.003732
"10389_1",0.004103
"9516_10",0.996580
"12169_8",0.997728
"232_7",0.997064
"6061_4",0.004363
"6755_8",0.997080
"2880_10",0.997655
"4187_7",0.843800
"4175_7",0.997512
"11674_3",0.010225
"10397_1",0.006789
"4334_10",0.992932
"7654_10",0.997494
"1657_9",0.997582
"2025_2",0.004340
"2276_4",0.003839
"1957_10",0.997484
"11627_4",0.008774
"11799_4",0.093536
"10251_10",0.997375
"1231_4",0.004806
"8302_8",0.997519
"12342_7",0.055133
"8105_3",0.980632
"3892_4",0.004679
"8473_9",0.997531
"448_8",0.997844
"7317_2",0.005668
"2074_1",0.012516
"12249_7",0.993604
"5467_2",0.006845
"12109_1",0.007590
"11511_1",0.003407
"9476_3",0.996361
"1170_10",0.997804
"8970_9",0.996836
"12308_1",0.003669
"3101_8",0.996868
"3066_1",0.002519
"11519_7",0.042325
"5314_2",0.004401
"9160_4",0.026109
"6512_3",0.086611
"7836_4",0.031584
"11429_1",0.355998
"12043_9",0.997778
"270_1",0.003782
"821_1",0.005800
"4572_10",0.997403
"11437_1",0.003483
"4899_3",0.015355
"8226_9",0.996152
"5445_9",0.997811
"2459_2",0.028918
"12192_7",0.997503
"5459_9",0.989708
"7308_7",0.888116
"11308_1",0.003462
"4122_3",0.007024
"144_9",0.995960
"12145_4",0.004479
"8511_8",0.997127
"11319_7",0.996447
"9257_10",0.997531
"6737_3",0.006344
"9327_9",0.997772
"1246_1",0.003190
"11239_10",0.997773
"2915_1",0.004770
"6019_10",0.997961
"1151_9",0.997118
"11796_2",0.009974
"10400_9",0.437666
"9599_10",0.993388
"2283_3",0.004241
"5474_3",0.007053
"2670_3",0.004065
"6_3",0.121309
"69_4",0.016342
"11234_10",0.968833
"6575_10",0.997599
"9391_1",0.005524
"12053_1",0.004084
"1387_8",0.995672
"2649_9",0.997731
"9004_4",0.006777
"8723_1",0.004995
"11609_1",0.003204
"9585_2",0.006860
"2736_1",0.003363
"6607_2",0.009880
"11939_2",0.003388
"2024_8",0.997653
"1503_8",0.022569
"10177_10",0.997606
"10266_1",0.003547
"547_7",0.995511
"5272_10",0.996725
"5204_9",0.997606
"9369_2",0.005421
"6273_1",0.003403
"10825_7",0.997683
"644_8",0.881245
"347_1",0.006657
"12309_1",0.006569
"5502_10",0.997784
"7203_1",0.003624
"8714_2",0.013914
"713_8",0.997945
"10289_1",0.006152
"7666_8",0.062285
"6753_1",0.003573
"6350_1",0.003332
"11232_8",0.997427
"10551_1",0.004051
"5967_7",0.545593
"1049_3",0.006058
"11238_10",0.182792
"8043_9",0.997667
"8751_4",0.806837
"6514_2",0.007270
"1461_3",0.007116
"12137_8",0.996610
"9884_1",0.003836
"4652_10",0.997923
"3169_4",0.004087
"4138_8",0.997878
"6125_7",0.009719
"7298_8",0.997484
"4602_8",0.978427
"3523_1",0.006245
"10990_1",0.009386
"9278_1",0.003633
"2614_3",0.005060
"4762_3",0.004461
"2557_9",0.996988
"9390_1",0.003799
"7144_10",0.997674
"6655_7",0.996797
"9806_3",0.007414
"986_10",0.997602
"9969_10",0.996539
"8915_1",0.018324
"3888_2",0.022191
"1963_1",0.005664
"10523_9",0.994917
"9995_2",0.945770
"4491_1",0.004667
"926_10",0.998014
"5679_7",0.193652
"5201_8",0.331328
"9785_3",0.004026
"337_1",0.004041
"4129_3",0.007491
"9231_8",0.049001
"2058_2",0.002740
"4801_10",0.997412
"2116_1",0.005844
"11539_10",0.997942
"200_4",0.969640
"8271_10",0.997810
"10088_8",0.060531
"10816_10",0.997741
"80_7",0.886608
"9331_7",0.997200
"3866_9",0.997746
"4534_3",0.050009
"8981_9",0.987435
"510_7",0.996601
"4980_1",0.003540
"3336_1",0.013244
"1934_7",0.747842
"2815_4",0.997619
"6606_4",0.048190
"11802_1",0.096432
"6312_9",0.997769
"1914_2",0.004525
"1970_8",0.997784
"9791_10",0.997766
"3721_10",0.995129
"7947_10",0.997580
"8009_10",0.996797
"3370_7",0.037142
"8943_3",0.055573
"5873_10",0.996548
"7379_1",0.003671
"3585_10",0.997999
"6934_10",0.997663
"5841_1",0.243806
"1354_7",0.997756
"9215_10",0.996571
"2668_4",0.003164
"8441_8",0.994891
"5255_7",0.031526
"3649_1",0.004642
"1169_10",0.997861
"2366_7",0.997771
"4229_1",0.003645
"29_3",0.265152
"6109_2",0.005042
"11174_4",0.003723
"12477_7",0.040239
"11713_1",0.003628
"2231_2",0.450926
"7598_8",0.997777
"5095_3",0.004654
"3062_10",0.997431
"11451_7",0.997529
"7100_3",0.003567
"11005_1",0.003787
"9902_8",0.997944
"8850_10",0.896661
"5542_2",0.554939
"9371_1",0.011104
"8042_7",0.997561
"1757_1",0.003114
"2256_1",0.004462
"9793_3",0.009106
"11791_2",0.309913
"4814_2",0.003752
"630_7",0.997530
"10622_10",0.997780
"5781_1",0.005688
"7422_10",0.996857
"10084_10",0.997620
"9550_9",0.997323
"11646_8",0.994824
"110_1",0.036292
"4811_1",0.003471
"9559_4",0.022266
"2755_10",0.997691
"698_1",0.005170
"8437_1",0.221969
"1470_8",0.994389
"11449_8",0.008347
"8078_8",0.997616
"238_1",0.005445
"4950_10",0.997874
"10793_7",0.997806
"8497_10",0.997866
"9160_9",0.272760
"8472_1",0.005021
"1583_8",0.996194
"2923_3",0.004865
"9770_4",0.993374
"10706_2",0.109616
"4573_2",0.019562
"11176_10",0.996749
"616_1",0.007514
"4574_8",0.997834
"8465_10",0.995590
"4049_9",0.997156
"3707_3",0.002988
"4398_10",0.997860
"11727_1",0.010856
"7244_8",0.998051
"549_3",0.240534
"9461_1",0.713021
"6748_3",0.003530
"7093_10",0.997613
"9115_10",0.997663
"8284_9",0.997894
"469_8",0.996475
"1281_9",0.997854
"2816_3",0.969145
"11001_7",0.996696
"6987_2",0.003441
"5428_3",0.004362
"5992_10",0.998000
"2315_1",0.005327
"7329_7",0.997749
"3956_1",0.003202
"11453_1",0.004963
"726_1",0.003624
"10517_1",0.007380
"4494_8",0.996491
"11980_10",0.997667
"2926_1",0.011386
"1671_2",0.855221
"8291_4",0.003109
"948_8",0.577642
"8122_1",0.043236
"9343_10",0.997267
"6011_10",0.995363
"7156_4",0.006553
"9596_2",0.005624
"10583_10",0.997754
"3190_10",0.997893
"10841_10",0.997841
"6122_8",0.386910
"1315_10",0.996878
"3667_1",0.097665
"4225_2",0.004617
"11268_8",0.995773
"412_7",0.997478
"4891_10",0.997299
"4791_10",0.997890
"4463_2",0.010833
"3173_7",0.974381
"2937_8",0.997392
"9438_10",0.996751
"9900_9",0.997102
"424_10",0.997634
"955_10",0.997511
"10060_3",0.003459
"6063_9",0.997883
"1960_1",0.003292
"1456_8",0.996198
"1859_2",0.014287
"1262_8",0.997777
"5325_4",0.023484
"5944_4",0.014266
"2805_4",0.048310
"11591_1",0.003223
"3257_1",0.542774
"11444_3",0.005844
"5446_3",0.010023
"11801_1",0.255700
"8653_2",0.003432
"10939_1",0.004166
"10079_10",0.963342
"8188_1",0.007180
"3825_3",0.007970
"6659_2",0.009105
"9779_2",0.009528
"2852_2",0.003800
"11117_7",0.063187
"4367_3",0.393077
"7538_4",0.071783
"9183_3",0.006169
"1910_8",0.995667
"4563_4",0.009453
"7743_7",0.997724
"6770_1",0.004119
"10133_4",0.023894
"6279_8",0.996224
"7907_1",0.003536
"1458_2",0.016946
"12427_1",0.033559
"3221_10",0.997823
"1614_10",0.997788
"2761_10",0.985168
"5151_4",0.007551
"8803_8",0.997672
"10726_1",0.004061
"824_8",0.997694
"12377_10",0.772032
"3401_3",0.010966
"3603_7",0.367861
"3655_4",0.004523
"9963_3",0.019332
"4266_1",0.002882
"1176_4",0.010074
"959_4",0.031356
"4494_1",0.004299
"12381_10",0.996816
"4603_8",0.812238
"625_2",0.987519
"7597_3",0.010826
"594_9",0.994490
"10998_10",0.996407
"5122_10",0.997083
"9820_10",0.996972
"2428_1",0.003364
"10928_1",0.003764
"9083_2",0.925378
"8669_1",0.004522
"9159_9",0.993669
"4171_10",0.997559
"7985_8",0.997522
"4181_1",0.003236
"4577_8",0.964662
"910_4",0.124449
"10673_4",0.471207
"1530_10",0.997377
"2436_4",0.028172
"3934_10",0.995638
"9273_1",0.015369
"3188_9",0.997933
"1826_4",0.008260
"4777_1",0.003525
"7449_10",0.997837
"490_2",0.939232
"1351_1",0.003044
"9172_7",0.996991
"6211_8",0.997028
"7114_8",0.996924
"1316_2",0.005126
"6531_10",0.996832
"4381_3",0.006792
"10347_1",0.075598
"5497_8",0.997637
"7041_10",0.997952
"4466_4",0.004687
"1690_1",0.003642
"912_1",0.003171
"10342_1",0.003194
"6323_4",0.008030
"3243_1",0.048308
"9143_1",0.052637
"7175_3",0.004542
"1962_7",0.992683
"11135_7",0.991290
"8524_1",0.008702
"10026_3",0.034574
"3031_4",0.972545
"1766_2",0.006514
"6042_10",0.996861
"3357_7",0.997747
"11065_10",0.997338
"11641_9",0.996664
"4389_2",0.006110
"10946_1",0.003069
"6385_10",0.997505
"5520_4",0.918157
"8036_8",0.997852
"4726_4",0.958251
"1510_8",0.972562
"11016_8",0.997626
"893_1",0.005088
"655_3",0.013033
"12226_7",0.813922
"3878_10",0.997606
"8589_8",0.997246
"4108_10",0.979388
"8586_3",0.004727
"2326_9",0.998093
"155_8",0.043545
"11073_7",0.980101
"1672_10",0.997357
"1715_8",0.996005
"10443_7",0.995345
"9673_1",0.004912
"10731_9",0.993817
"4427_3",0.704756
"422_3",0.012881
"7121_3",0.005862
"4415_4",0.648787
"11599_1",0.006207
"6015_9",0.976017
"3470_1",0.005314
"3951_10",0.997532
"2665_10",0.997927
"10295_10",0.997995
"3220_10",0.997519
"4748_1",0.004181
"189_9",0.997963
"3502_9",0.026702
"10561_9",0.997862
"5051_4",0.295015
"7644_7",0.986961
"559_4",0.989504
"3236_1",0.006344
"9985_9",0.997862
"3512_7",0.959008
"10318_1",0.003148
"3509_1",0.931026
"7686_10",0.994342
"8947_8",0.997741
"6783_10",0.997368
"9836_10",0.997775
"971_3",0.006150
"1127_1",0.004138
"8953_7",0.968250
"5763_10",0.995647
"9147_10",0.997012
"10688_1",0.003425
"2148_7",0.990328
"8997_10",0.997648
"3094_10",0.997903
"1152_3",0.101037
"1907_10",0.979702
"1845_10",0.997938
"6852_7",0.996515
"5573_10",0.997564
"8709_2",0.022376
"2882_10",0.997735
"11230_8",0.988319
"10124_3",0.011094
"12361_1",0.008979
"8117_4",0.008934
"1192_10",0.997627
"1657_4",0.017063
"10319_8",0.995499
"10954_1",0.012590
"2048_10",0.988296
"5763_4",0.014912
"9491_10",0.997831
"4081_3",0.766885
"4877_9",0.996836
"10981_9",0.997994
"11440_1",0.003535
"7608_2",0.004877
"194_1",0.005883
"7116_7",0.490598
"2118_10",0.996736
"9997_10",0.997171
"3880_1",0.008565
"4197_10",0.995443
"1166_10",0.096728
"3504_8",0.997599
"3170_10",0.997698
"1477_8",0.997463
"881_8",0.997653
"10229_2",0.012027
"9515_1",0.004433
"6714_7",0.039583
"8570_8",0.009335
"6892_10",0.997784
"8710_10",0.997682
"9135_10",0.997284
"10924_10",0.997517
"5252_4",0.012752
"6581_10",0.997934
"8837_10",0.997505
"3820_1",0.003612
"9914_3",0.012662
"3141_1",0.003586
"7893_1",0.004170
"306_1",0.004011
"2527_3",0.013698
"8148_2",0.116218
"9778_10",0.997691
"10438_9",0.997852
"5230_4",0.176553
"1691_1",0.006101
"6124_10",0.990532
"5256_3",0.990922
"4294_7",0.991375
"10575_10",0.997740
"9610_9",0.983342
"563_10",0.991569
"6328_10",0.997887
"6903_2",0.004163
"6899_4",0.007716
"7166_4",0.858771
"2993_4",0.161233
"10771_8",0.995414
"11298_1",0.003420
"9101_2",0.005982
"7716_3",0.007937
"2722_1",0.006792
"5227_8",0.997562
"241_1",0.003095
"192_2",0.005448
"9006_10",0.997798
"5505_7",0.362121
"10822_8",0.997988
"1046_1",0.003631
"1865_3",0.004404
"11845_7",0.997336
"6675_7",0.996962
"6240_1",0.002956
"10392_8",0.997778
"3405_10",0.997874
"11919_10",0.997816
"2294_9",0.997929
"1097_3",0.086128
"6888_10",0.997688
"12373_1",0.005762
"11785_10",0.993571
"11805_1",0.004788
"2328_9",0.994279
"2636_1",0.004263
"12359_7",0.994028
"7733_8",0.994344
"9877_1",0.823898
"12266_7",0.997400
"8274_1",0.095407
"11727_8",0.997478
"12389_8",0.996378
"2464_4",0.993608
"4930_1",0.005108
"11304_9",0.997508
"2140_1",0.026497
"11168_9",0.996534
"1772_9",0.997696
"3857_8",0.997785
"4559_3",0.003589
"6986_8",0.049662
"9647_1",0.010689
"11714_1",0.005444
"5436_2",0.972034
"2736_9",0.997582
"4499_8",0.981073
"2701_10",0.997852
"11604_8",0.997704
"6133_1",0.015994
"4151_3",0.995508
"3978_3",0.006392
"1973_9",0.997388
"11752_10",0.997634
"10192_10",0.995081
"8318_4",0.003190
"5685_1",0.004470
"8978_4",0.329821
"12289_10",0.997138
"5603_9",0.997719
"5209_10",0.996388
"8360_7",0.019468
"5690_2",0.004840
"8463_10",0.022879
"5304_10",0.997011
"720_10",0.997198
"9301_3",0.005440
"1392_1",0.020858
"10893_4",0.018324
"1299_9",0.181230
"5552_2",0.005102
"4348_4",0.010204
"12384_4",0.051229
"11947_2",0.067148
"1740_3",0.004975
"7869_10",0.992038
"5959_7",0.997648
"2301_8",0.997769
"5572_7",0.995564
"3716_1",0.927180
"8558_7",0.996104
"12210_1",0.003416
"3744_4",0.010050
"12487_2",0.006404
"5348_7",0.993150
"1065_1",0.003290
"1414_10",0.997030
"2672_4",0.010459
"1014_8",0.126272
"2248_10",0.994083
"2221_8",0.997455
"4576_1",0.005005
"10578_10",0.997830
"8525_2",0.059995
"5332_8",0.939797
"12007_2",0.007066
"1107_2",0.011947
"8295_10",0.997754
"10093_1",0.006235
"6441_1",0.004734
"10422_3",0.007325
"11034_3",0.006726
"3379_9",0.997505
"7512_1",0.003366
"12165_1",0.004958
"11634_10",0.991040
"4567_10",0.319509
"6971_8",0.997146
"2145_3",0.027941
"5639_1",0.004155
"8049_7",0.993362
"7953_1",0.070195
"12440_4",0.003542
"9134_8",0.997285
"5720_10",0.997831
"1851_10",0.997726
"3673_10",0.997831
"9037_3",0.954037
"8547_10",0.997904
"111_10",0.994440
"5279_9",0.997645
"2379_9",0.996590
"6000_10",0.993508
"990_7",0.006087
"1519_9",0.995974
"5987_7",0.988501
"2959_7",0.997344
"8898_2",0.004145
"5746_10",0.997729
"6268_8",0.966257
"5449_7",0.124434
"5561_1",0.006348
"11470_3",0.003337
"11837_1",0.008754
"6761_10",0.997888
"1590_1",0.006576
"927_10",0.996632
"1495_9",0.993556
"10529_7",0.996422
"7704_2",0.009527
"10707_3",0.004613
"3862_1",0.006403
"3612_7",0.997838
"8212_2",0.004553
"10649_10",0.996813
"9767_1",0.005584
"4054_3",0.005127
"9783_3",0.004828
"3116_2",0.008597
"4631_10",0.997934
"7228_1",0.004875
"2744_8",0.955928
"6028_10",0.997613
"10812_9",0.992946
"417_10",0.996951
"11876_10",0.997581
"946_7",0.846296
"8265_10",0.997654
"6833_10",0.997823
"4150_4",0.013643
"899_9",0.997722
"223_10",0.997499
"7369_3",0.045156
"5075_8",0.069462
"6634_1",0.004299
"3486_8",0.995460
"11473_1",0.027031
"3276_10",0.997621
"3272_2",0.016388
"2727_3",0.026912
"4134_7",0.869400
"5744_3",0.089295
"8715_1",0.003855
"4812_1",0.003344
"6841_1",0.005366
"6822_1",0.984411
"3211_4",0.053953
"5489_2",0.003580
"1168_1",0.004503
"3056_9",0.996840
"4516_10",0.997102
"9542_1",0.003430
"4400_10",0.998011
"2766_10",0.997768
"6470_8",0.995501
"5434_1",0.030031
"1406_4",0.298221
"11479_8",0.995245
"9881_10",0.996907
"10276_1",0.003284
"2875_8",0.995401
"1254_2",0.013297
"8017_10",0.842896
"9694_10",0.979629
"9522_1",0.007217
"11379_2",0.006566
"7357_10",0.997584
"6080_9",0.997588
"2039_10",0.997889
"7086_8",0.997740
"4757_10",0.997838
"2472_10",0.640645
"9442_1",0.004632
"12438_10",0.996139
"747_8",0.994195
"6786_4",0.940920
"11942_8",0.986646
"8611_9",0.997369
"9240_8",0.997869
"7411_4",0.005631
"5196_4",0.003078
"5709_3",0.024343
"6758_3",0.004151
"1933_9",0.997835
"4464_8",0.997645
"11100_9",0.963079
"3636_10",0.996869
"12328_1",0.030163
"6783_4",0.158902
"11381_10",0.997626
"4509_3",0.006308
"4775_7",0.902884
"10633_8",0.952508
"9161_1",0.011413
"2277_8",0.997851
"7402_10",0.024141
"2713_1",0.003173
"1312_1",0.003531
"3633_1",0.983568
"8943_10",0.997750
"11734_3",0.949420
"12120_7",0.995752
"6285_1",0.010567
"9296_1",0.003192
"8696_9",0.998013
"7243_10",0.997412
"10135_8",0.038116
"6094_10",0.996945
"6962_4",0.038119
"3916_1",0.002936
"3650_10",0.995765
"58_8",0.997868
"10858_1",0.007440
"11894_8",0.997561
"759_1",0.005461
"10311_1",0.020843
"1127_10",0.997071
"6723_7",0.987676
"4966_7",0.990040
"7196_4",0.054695
"6244_1",0.003480
"9510_10",0.997849
"3471_10",0.997792
"9840_2",0.981204
"11886_9",0.979206
"7880_10",0.997611
"6358_10",0.997737
"6280_2",0.004265
"2580_3",0.004937
"122_4",0.009931
"5713_2",0.007309
"7187_7",0.963370
"8601_8",0.988390
"52_10",0.997938
"2447_7",0.995501
"4828_4",0.003678
"5371_1",0.007020
"5066_1",0.003679
"12184_2",0.105277
"85_2",0.009331
"10067_7",0.997683
"3999_9",0.997808
"11623_10",0.997460
"10826_4",0.008884
"3780_1",0.004850
"10195_1",0.003180
"7875_4",0.005229
"8510_4",0.010053
"9916_2",0.003565
"10023_4",0.067540
"6870_8",0.997424
"4753_9",0.997277
"11120_7",0.051732
"2516_10",0.991386
"1719_10",0.996909
"4426_4",0.008108
"7835_7",0.847258
"5148_7",0.890898
"2997_7",0.980757
"2211_7",0.968654
"626_4",0.809751
"779_1",0.010037
"9712_10",0.997083
"1504_9",0.997877
"8903_3",0.005310
"359_7",0.992450
"7465_7",0.997736
"10966_2",0.017195
"8227_2",0.112154
"10746_2",0.006321
"10356_1",0.913571
"12286_1",0.005333
"11128_7",0.997017
"12489_3",0.020392
"1264_1",0.003671
"3871_10",0.997718
"9248_10",0.934760
"3094_4",0.007451
"7472_9",0.997074
"3537_2",0.011872
"9727_2",0.007977
"5453_8",0.996783
"2283_10",0.996661
"7533_2",0.003821
"6468_1",0.004091
"12274_9",0.997567
"10713_3",0.006040
"8518_7",0.890547
"1838_10",0.997885
"5304_1",0.654945
"4227_1",0.010870
"5342_9",0.997727
"1754_8",0.997507
"4800_1",0.006652
"10717_3",0.071792
"1919_1",0.003947
"6851_7",0.355687
"322_8",0.037623
"3028_4",0.027725
"7463_2",0.005608
"7999_1",0.003654
"3036_1",0.011236
"11154_7",0.977607
"10501_1",0.003716
"12272_8",0.997844
"1738_8",0.997300
"3242_1",0.007297
"6178_4",0.010551
"3405_4",0.955636
"4663_7",0.997510
"11348_1",0.003634
"7304_1",0.003371
"2962_1",0.005179
"11701_8",0.995073
"9354_9",0.997675
"9846_7",0.997158
"12496_10",0.996894
"5652_1",0.046554
"7371_9",0.997420
"10131_3",0.004054
"9826_4",0.004000
"6141_10",0.997905
"7472_3",0.031421
"2622_8",0.979576
"10281_9",0.997818
"8668_2",0.004766
"2348_9",0.996772
"12047_2",0.004178
"11373_10",0.997247
"4254_1",0.003678
"524_1",0.593596
"5808_1",0.006186
"515_1",0.005377
"6414_9",0.910996
"8938_8",0.997041
"12391_8",0.997495
"776_8",0.997837
"12197_7",0.990124
"4582_1",0.936778
"3638_10",0.997480
"6338_3",0.092690
"1165_2",0.012641
"5574_1",0.010855
"7319_2",0.004832
"595_10",0.997694
"6694_1",0.004220
"12209_3",0.005283
"3268_10",0.994946
"12492_4",0.007745
"4738_10",0.996895
"947_3",0.033600
"7726_10",0.996506
"94_10",0.979962
"11760_1",0.072334
"10978_10",0.997647
"10072_1",0.003702
"2346_10",0.997458
"5008_9",0.997550
"5135_2",0.008225
"7979_3",0.997374
"10863_10",0.007266
"2862_9",0.975977
"7562_9",0.997873
"8023_4",0.007750
"341_9",0.997261
"6321_4",0.014571
"9936_1",0.005409
"9581_10",0.998021
"3750_2",0.004798
"8298_2",0.020697
"5900_10",0.997625
"6308_1",0.003358
"1609_10",0.992840
"11054_1",0.004393
"7031_3",0.004050
"9507_9",0.997761
"3121_1",0.003174
"7521_1",0.004915
"4830_1",0.006808
"6686_2",0.005683
"1618_10",0.017904
"2190_10",0.998048
"6943_8",0.847131
"1385_7",0.997583
"544_8",0.997680
"3225_10",0.997268
"1044_3",0.006133
"11691_7",0.137615
"6124_3",0.047237
"7326_1",0.003975
"1471_10",0.997077
"5010_1",0.003216
"2695_9",0.992405
"1222_2",0.004624
"1012_8",0.005622
"5459_1",0.005054
"4734_1",0.002891
"3138_8",0.997779
"5674_7",0.996275
"6815_1",0.004000
"8285_10",0.997706
"5504_10",0.997649
"6800_4",0.005355
"5292_10",0.997511
"5121_1",0.005746
"9861_1",0.864454
"2645_10",0.997832
"9422_7",0.994607
"5144_1",0.004191
"3877_9",0.996963
"7822_8",0.997670
"3324_2",0.014955
"5559_3",0.006595
"9969_3",0.011221
"2296_2",0.045263
"10021_9",0.997936
"11111_1",0.003763
"1371_1",0.003089
"4321_9",0.037483
"9706_7",0.838657
"11782_1",0.003372
"141_1",0.077627
"3106_7",0.997510
"1817_10",0.997454
"4508_10",0.997889
"10922_3",0.009898
"2304_7",0.810070
"2229_4",0.038431
"4283_9",0.997754
"9087_2",0.043790
"6003_9",0.997558
"12126_8",0.997807
"6067_10",0.997645
"8714_9",0.997512
"11932_1",0.026787
"2293_8",0.997858
"6184_8",0.854195
"8448_2",0.026614
"8269_3",0.003984
"7495_7",0.994491
"8282_10",0.997761
"2351_7",0.988212
"11688_7",0.997244
"3805_8",0.975740
"5158_1",0.003360
"12476_8",0.997426
"8265_1",0.077690
"2194_10",0.997766
"3465_3",0.004171
"5234_10",0.997969
"6903_10",0.904671
"8085_1",0.005242
"869_7",0.919266
"12034_1",0.004529
"6297_10",0.997609
"3194_1",0.004036
"8725_1",0.010084
"9563_10",0.997561
"11075_1",0.003558
"5734_10",0.997010
"5357_2",0.005812
"6453_10",0.997654
"3263_3",0.065259
"12360_7",0.997752
"6477_1",0.016997
"11863_8",0.986966
"8459_3",0.011617
"10594_10",0.935580
"2237_1",0.012781
"7511_7",0.990359
"3626_3",0.067383
"6288_2",0.004259
"125_7",0.981744
"3318_7",0.995163
"5525_7",0.994623
"9695_1",0.003358
"5917_8",0.996465
"8486_7",0.997209
"6032_3",0.004941
"7759_9",0.997156
"3456_10",0.997774
"1692_3",0.013906
"2107_3",0.004729
"11215_2",0.013616
"1309_7",0.997021
"6650_8",0.997510
"5722_9",0.997905
"4479_4",0.160731
"347_7",0.995560
"9399_10",0.997787
"2475_1",0.007215
"8229_3",0.995382
"4869_2",0.003413
"9691_1",0.004306
"1227_3",0.009279
"360_3",0.014724
"10047_1",0.003337
"1607_3",0.011258
"797_1",0.011419
"9489_2",0.033708
"1742_7",0.997187
"10531_3",0.872114
"4947_1",0.005207
"10873_8",0.828133
"1429_7",0.992593
"10962_3",0.003818
"3305_4",0.082850
"12160_8",0.991868
"9236_1",0.006610
"3718_1",0.003433
"3434_8",0.996825
"10933_8",0.986267
"798_10",0.997520
"9879_9",0.044771
"6644_10",0.997526
"10978_1",0.006368
"7867_2",0.007901
"4369_2",0.003271
"1251_4",0.057309
"1500_2",0.007814
"7574_10",0.997852
"5470_1",0.005070
"2407_10",0.964688
"3451_3",0.010564
"9385_1",0.010575
"4078_8",0.962208
"3229_1",0.004644
"1786_8",0.994647
"5173_2",0.005491
"1211_8",0.900311
"4303_1",0.023158
"6011_3",0.003779
"4513_4",0.007333
"11745_9",0.997783
"9675_9",0.997506
"11981_3",0.011440
"5977_10",0.990754
"5023_4",0.038096
"8704_9",0.996934
"8644_10",0.997224
"10557_3",0.002927
"6549_7",0.997728
"5557_3",0.003681
"6402_2",0.008542
"2642_4",0.016124
"11796_10",0.016185
"7102_1",0.003487
"7968_8",0.995209
"11764_7",0.987658
"9415_9",0.996331
"4817_8",0.996320
"1007_4",0.039416
"10943_9",0.990217
"7280_10",0.997722
"6068_2",0.005163
"845_10",0.953570
"8377_3",0.003270
"8445_9",0.997840
"563_4",0.984294
"8761_9",0.994876
"1552_1",0.003440
"9630_1",0.002934
"6444_7",0.997187
"3188_1",0.003038
"2142_4",0.007585
"2045_10",0.997766
"2477_10",0.997558
"2597_1",0.003682
"3137_8",0.996950
"1345_1",0.006985
"8498_7",0.996650
"6550_4",0.591241
"9583_9",0.997463
"7506_7",0.995429
"9316_7",0.997783
"11473_10",0.997960
"3003_10",0.997304
"8532_7",0.029810
"5654_1",0.021245
"822_10",0.879814
"1312_10",0.997934
"9665_4",0.012952
"4442_10",0.997521
"11758_7",0.997887
"11185_1",0.049273
"11588_3",0.085879
"3366_10",0.997837
"7050_8",0.088814
"4778_4",0.008368
"1_3",0.008020
"2838_2",0.010928
"6910_8",0.995820
"3257_8",0.997551
"9111_7",0.997716
"6458_7",0.938785
"5622_8",0.997162
"12469_7",0.997606
"9670_10",0.997833
"8092_4",0.004165
"1683_9",0.106891
"6181_4",0.290845
"8965_8",0.996172
"5186_1",0.002912
"1250_2",0.004043
"4705_10",0.997835
"10261_8",0.997803
"350_4",0.989577
"12302_3",0.008336
"776_1",0.992600
"7424_10",0.997937
"10383_8",0.997436
"360_9",0.997797
"5798_10",0.997136
"10720_4",0.936749
"6009_8",0.997286
"2319_8",0.995341
"7053_10",0.996468
"11210_8",0.997671
"1985_10",0.997048
"6056_1",0.051957
"10315_1",0.005115
"9_4",0.023837
"6530_4",0.009279
"1367_10",0.974371
"4564_2",0.004878
"4343_10",0.013476
"654_3",0.120394
"4857_1",0.003224
"1377_10",0.997416
"8072_10",0.997417
"11433_7",0.997503
"6586_1",0.003607
"10255_1",0.012133
"350_10",0.994132
"6853_8",0.997753
"3693_10",0.997892
"2589_10",0.961999
"895_1",0.004523
"6854_7",0.997179
"1274_2",0.004564
"9179_8",0.997689
"10141_8",0.993522
"10727_9",0.997956
"1158_7",0.992423
"9949_3",0.052084
"7798_10",0.997603
"5964_7",0.783336
"11221_10",0.997683
"3053_3",0.018645
"8817_9",0.996718
"5850_2",0.006967
"9635_3",0.003541
"5000_10",0.997769
"10040_2",0.064235
"3065_1",0.065100
"2196_1",0.123812
"12428_7",0.996602
"8454_1",0.006275
"11456_10",0.997499
"5918_4",0.019564
"10687_7",0.997625
"10507_7",0.483764
"9051_8",0.997685
"6315_4",0.007343
"11266_10",0.997191
"5890_3",0.061697
"6257_8",0.979819
"2923_8",0.997554
"2952_1",0.004091
"7269_8",0.997771
"1116_1",0.004467
"11084_1",0.020332
"10287_1",0.008132
"5704_9",0.534657
"11218_8",0.997597
"12275_2",0.024376
"1414_4",0.005369
"7998_4",0.025444
"3286_1",0.004227
"2515_1",0.005381
"851_1",0.011003
"5181_10",0.997784
"5358_9",0.997575
"2677_10",0.997801
"34_8",0.997809
"9232_8",0.993214
"5835_10",0.997121
"10796_4",0.933487
"5553_8",0.997781
"666_4",0.927382
"9450_1",0.003727
"10820_8",0.997547
"7994_10",0.997064
"8948_9",0.997977
"3301_2",0.007977
"2801_1",0.005800
"4934_2",0.026530
"1539_10",0.997927
"10949_4",0.013111
"4394_10",0.997978
"4098_8",0.006551
"1617_7",0.015377
"9569_3",0.043853
"8593_1",0.004251
"3449_1",0.005094
"8372_1",0.003301
"815_7",0.794697
"348_7",0.144910
"7220_1",0.005546
"2633_1",0.004846
"1752_3",0.592539
"3347_2",0.039156
"4967_7",0.997542
"10910_8",0.997682
"3147_1",0.048050
"7791_4",0.073597
"1588_7",0.990078
"8405_2",0.005968
"3826_10",0.997772
"3178_2",0.004458
"4420_4",0.503110
"246_2",0.007031
"8462_7",0.997953
"8264_3",0.344958
"2695_3",0.007937
"7258_4",0.670919
"5787_8",0.962471
"11668_2",0.004642
"5529_4",0.995674
"8923_2",0.004211
"4784_1",0.005944
"7730_1",0.003462
"4455_4",0.011393
"6416_1",0.006002
"87_1",0.003572
"9548_8",0.997977
"1285_1",0.003139
"7695_10",0.997572
"4364_10",0.997982
"9394_8",0.839142
"1253_1",0.004786
"2481_1",0.154577
"6790_1",0.004386
"9989_10",0.997781
"1483_8",0.997821
"8772_1",0.004689
"2993_10",0.995704
"1801_1",0.006674
"9434_1",0.004215
"7938_10",0.997830
"2262_1",0.004344
"5076_1",0.006351
"10994_2",0.004828
"4749_7",0.995303
"8309_8",0.996684
"7031_10",0.997827
"2711_3",0.007593
"8655_7",0.996030
"11329_4",0.992586
"9076_3",0.060772
"11647_10",0.997034
"7934_1",0.012457
"9114_1",0.005535
"6510_7",0.973480
"11487_1",0.003055
"2348_3",0.059633
"12325_1",0.008757
"6405_10",0.962185
"357_7",0.997602
"12253_10",0.763245
"4927_10",0.997553
"8636_1",0.003725
"11184_10",0.997388
"9974_3",0.151781
"6516_1",0.990808
"2167_9",0.990647
"10794_10",0.997769
"966_4",0.016666
"10040_10",0.998004
"5940_9",0.198471
"9181_8",0.990437
"2196_8",0.997823
"6361_4",0.004238
"4243_9",0.149758
"581_9",0.997807
"7195_1",0.003926
"2986_10",0.997907
"4344_1",0.004033
"7176_10",0.997493
"7857_10",0.993342
"6487_1",0.004619
"3692_10",0.997686
"12198_10",0.997700
"10569_7",0.997326
"9850_2",0.733261
"6415_1",0.004395
"6373_10",0.997591
"5103_1",0.006612
"11048_8",0.997969
"2055_1",0.008391
"2920_1",0.007125
"8667_3",0.013626
"7059_3",0.008639
"3887_2",0.003698
"12356_10",0.078960
"5402_2",0.004308
"10274_8",0.915182
"11831_4",0.007233
"5375_7",0.995521
"7875_7",0.154532
"2733_8",0.071132
"6420_8",0.995323
"2240_10",0.944332
"10627_9",0.994421
"7319_8",0.997600
"7782_1",0.004246
"857_1",0.003167
"351_4",0.980788
"9260_10",0.967896
"6891_10",0.997839
"8205_10",0.067716
"1179_3",0.004962
"9061_4",0.012323
"3571_9",0.997415
"11352_9",0.997643
"11770_10",0.997640
"10714_2",0.013011
"5397_3",0.009658
"2360_1",0.005035
"9459_4",0.995534
"7493_1",0.416137
"6799_10",0.997921
"2313_8",0.997585
"7602_10",0.997682
"1731_10",0.997115
"8502_10",0.953910
"5632_1",0.003536
"3723_10",0.997651
"6473_3",0.496856
"3596_3",0.003269
"8583_7",0.995659
"10902_1",0.003670
"1032_1",0.021965
"2931_1",0.004919
"9930_3",0.005545
"11825_10",0.997487
"5384_10",0.995953
"2492_4",0.008315
"5008_4",0.009564
"7334_4",0.006519
"10082_8",0.847863
"1395_1",0.004135
"8140_7",0.811095
"2400_8",0.997810
"11462_2",0.013134
"6632_10",0.996882
"11499_3",0.033557
"5576_1",0.027910
"1172_7",0.997826
"3053_8",0.997817
"4119_1",0.003679
"8165_2",0.920702
"8333_8",0.996747
"2242_1",0.003927
"6132_1",0.007722
"12270_9",0.997766
"11456_4",0.427809
"6898_1",0.004360
"2512_2",0.005491
"7045_7",0.996423
"2808_4",0.005818
"6257_4",0.002821
"1971_7",0.995412
"10565_10",0.996493
"930_10",0.991004
"196_9",0.997494
"6535_1",0.007368
"5257_1",0.003971
"6759_4",0.010722
"5016_2",0.002909
"10959_1",0.122863
"4450_10",0.997832
"6678_10",0.997874
"11286_8",0.991993
"7200_8",0.997932
"6660_7",0.994545
"12481_10",0.997896
"10278_4",0.020908
"6233_8",0.993162
"579_1",0.006336
"8519_3",0.014653
"1220_10",0.997737
"2342_10",0.997558
"1860_1",0.008634
"7273_3",0.062073
"4653_2",0.604732
"6878_4",0.013027
"502_7",0.996052
"2406_2",0.007227
"2021_1",0.003428
"874_8",0.993470
"4949_2",0.020350
"5054_3",0.122025
"689_7",0.997478
"9643_7",0.997723
"6445_3",0.008111
"2377_9",0.997743
"6107_8",0.977826
"10368_8",0.997818
"10444_1",0.003338
"5498_1",0.008734
"1018_7",0.997752
"2718_9",0.023193
"2418_2",0.006412
"7412_7",0.003875
"213_10",0.994057
"9417_2",0.003915
"1194_2",0.004814
"9366_8",0.997751
"4769_1",0.003388
"6667_9",0.997837
"9361_2",0.008215
"2182_8",0.983997
"10677_4",0.996100
"3931_10",0.928609
"120_9",0.997588
"10837_10",0.997596
"10830_1",0.003163
"3679_2",0.199828
"9094_9",0.996965
"7880_2",0.007628
"4969_9",0.997753
"3418_3",0.003647
"5490_4",0.006444
"264_10",0.997784
"1602_10",0.994010
"5019_9",0.489979
"12000_9",0.997154
"10794_4",0.005997
"2504_3",0.990640
"12340_4",0.060476
"7732_2",0.020974
"2028_1",0.003209
"3986_4",0.008021
"5100_10",0.996099
"2135_1",0.007484
"10227_7",0.281853
"4413_1",0.330818
"5205_2",0.003579
"45_9",0.997724
"12151_10",0.464491
"11055_1",0.003591
"2632_9",0.997790
"7047_3",0.008715
"1915_1",0.006036
"9666_10",0.997925
"10027_1",0.006947
"11024_2",0.004893
"6482_7",0.993825
"8060_3",0.004354
"9876_8",0.997164
"3839_1",0.004542
"3682_9",0.997500
"5962_3",0.006828
"222_3",0.005674
"10460_10",0.997945
"8543_1",0.008305
"9443_1",0.005512
"10201_1",0.997547
"5046_9",0.997721
"5899_1",0.008496
"10140_1",0.003390
"5009_1",0.018189
"4626_8",0.997345
"9033_10",0.997848
"3243_9",0.997524
"6379_1",0.006352
"4949_8",0.997804
"6119_10",0.997816
"10336_7",0.997761
"7344_1",0.007173
"3294_7",0.997751
"4385_2",0.009846
"2172_9",0.997879
"8295_3",0.004023
"1031_10",0.997651
"7577_10",0.997764
"6778_4",0.004781
"3154_2",0.009228
"9585_7",0.997392
"3445_2",0.003661
"7416_3",0.910226
"9780_10",0.997788
"480_10",0.997528
"837_4",0.498764
"10166_8",0.997745
"3695_7",0.084492
"12417_9",0.957141
"3932_3",0.003931
"11790_3",0.013261
"6917_9",0.997788
"1975_4",0.972201
"11249_10",0.293667
"7366_7",0.996605
"4579_8",0.997251
"8415_10",0.997739
"2004_1",0.980662
"7599_3",0.004176
"12259_8",0.857035
"11005_7",0.984746
"11914_7",0.061405
"8498_1",0.004387
"944_2",0.004314
"7183_10",0.997116
"4422_10",0.997836
"6791_10",0.997350
"9286_1",0.022441
"3325_10",0.997465
"5599_2",0.003292
"3064_1",0.005848
"209_4",0.004753
"1904_10",0.996867
"10699_3",0.101218
"577_3",0.008420
"3157_1",0.004716
"1582_2",0.003274
"8044_2",0.005468
"11208_1",0.411764
"4708_3",0.144472
"10439_8",0.997817
"11083_7",0.045283
"8066_3",0.003650
"11327_8",0.997804
"9224_1",0.021576
"2165_8",0.995525
"9892_10",0.997816
"4402_1",0.003860
"11804_10",0.997455
"1296_8",0.997428
"10562_1",0.004514
"5003_10",0.997865
"10448_1",0.003953
"3274_7",0.997666
"6344_4",0.118498
"8129_4",0.005203
"9525_2",0.004396
"661_1",0.003537
"9398_3",0.004914
"3639_7",0.997960
"5527_7",0.996447
"7790_3",0.957763
"9550_1",0.023860
"2042_3",0.012217
"366_1",0.003964
"8446_3",0.973199
"7859_1",0.004673
"5587_3",0.005705
"10604_3",0.004012
"5245_1",0.003999
"804_8",0.996397
"9098_3",0.105509
"6240_10",0.997830
"3960_10",0.997578
"10536_8",0.997905
"8793_1",0.006642
"1586_1",0.003871
"7131_9",0.975237
"11338_9",0.997643
"1053_4",0.015382
"11170_4",0.006196
"6806_1",0.012426
"3741_4",0.006563
"1231_7",0.087215
"5499_8",0.997740
"12452_3",0.831826
"5331_9",0.997843
"3302_7",0.269291
"6214_8",0.997833
"6908_1",0.004174
"8510_8",0.015950
"10522_10",0.997342
"2844_2",0.014907
"11797_3",0.006000
"11237_10",0.997065
"6762_3",0.007513
"897_1",0.013136
"10312_9",0.996557
"10272_1",0.003456
"10814_9",0.989582
"4504_1",0.004069
"9389_9",0.983738
"9035_1",0.003918
"11306_1",0.003626
"6309_4",0.989037
"5179_10",0.994140
"6099_4",0.003227
"887_8",0.997738
"10220_10",0.997735
"286_10",0.994989
"5809_10",0.994853
"7725_3",0.004557
"9722_7",0.996726
"9104_7",0.946022
"7313_7",0.997986
"1706_1",0.013534
"11737_4",0.009950
"11203_10",0.996959
"7767_4",0.007375
"1822_1",0.003840
"5113_8",0.996802
"5456_9",0.997279
"6005_1",0.003955
"2026_2",0.005020
"1379_1",0.006886
"3048_10",0.997621
"5070_10",0.983581
"8985_1",0.003440
"1643_1",0.022637
"400_1",0.003551
"7546_10",0.997829
"3438_4",0.013438
"12136_8",0.256450
"6850_2",0.060214
"9054_8",0.997303
"1555_10",0.997821
"7103_1",0.010112
"6218_1",0.003494
"1619_3",0.003757
"5187_8",0.996260
"8575_2",0.006085
"1593_10",0.997522
"3910_1",0.006919
"5743_10",0.994118
"3061_8",0.837661
"9633_8",0.997705
"2488_9",0.930193
"11711_4",0.007094
"11282_10",0.996521
"8919_10",0.997950
"6139_10",0.997650
"8032_1",0.004488
"4287_4",0.013775
"11044_1",0.007472
"11123_8",0.997555
"1828_9",0.997647
"4232_3",0.455277
"7258_9",0.997832
"1078_4",0.004119
"9967_10",0.652169
"4975_3",0.005950
"9974_8",0.361104
"424_2",0.003786
"7181_9",0.995983
"10703_3",0.092410
"3157_10",0.997711
"11096_10",0.997912
"2185_10",0.997871
"2779_4",0.201551
"9342_1",0.002910
"3615_8",0.997667
"6777_10",0.997911
"5440_8",0.994206
"706_1",0.988017
"5909_8",0.997713
"9578_3",0.010570
"3393_4",0.007714
"428_3",0.010136
"651_9",0.997982
"12433_8",0.996471
"8643_4",0.012089
"5826_10",0.997822
"4060_1",0.004212
"3310_8",0.997278
"8941_3",0.025360
"11493_7",0.997619
"7896_8",0.997171
"541_7",0.997216
"10614_1",0.005532
"3751_1",0.004869
"7851_8",0.995284
"5940_1",0.056211
"911_1",0.003456
"1233_1",0.003949
"4995_1",0.019415
"2771_9",0.997704
"5085_8",0.995274
"6521_8",0.996924
"8106_3",0.011303
"2962_7",0.083083
"1621_9",0.997456
"4981_8",0.997604
"11884_2",0.003388
"6038_10",0.997448
"7118_10",0.996657
"10365_1",0.003365
"677_9",0.997662
"95_10",0.997968
"8211_3",0.823529
"11906_8",0.993281
"3038_2",0.006164
"10503_1",0.003949
"11260_4",0.008765
"11333_3",0.006864
"6954_10",0.996669
"143_8",0.696632
"6458_3",0.008803
"8784_2",0.002978
"2604_1",0.005260
"4374_9",0.996080
"1323_3",0.028587
"2647_2",0.298993
"363_3",0.009855
"7556_1",0.059759
"11101_4",0.042589
"8945_7",0.996090
"10630_4",0.004309
"11174_8",0.996978
"7927_3",0.006571
"8433_1",0.002829
"8814_1",0.003277
"11746_8",0.997739
"2462_10",0.996986
"10036_1",0.004048
"10628_1",0.003707
"4782_1",0.004781
"11244_8",0.997522
"4815_1",0.007229
"6974_7",0.997784
"10180_1",0.006588
"3538_1",0.003625
"9319_9",0.997250
"3542_2",0.003994
"5583_1",0.003693
"215_8",0.997735
"6949_1",0.004461
"11401_10",0.996670
"3468_4",0.006764
"9478_7",0.108438
"12368_2",0.005548
"7534_4",0.015688
"9256_2",0.045587
"2192_10",0.997764
"10617_3",0.008884
"1464_1",0.002981
"969_4",0.257261
"702_7",0.542065
"470_10",0.997869
"2575_1",0.003059
"3059_2",0.004611
"7229_3",0.008287
"7437_3",0.005458
"2560_7",0.995813
"8444_4",0.005084
"1900_4",0.995203
"9057_4",0.869038
"10101_4",0.003913
"4914_2",0.003455
"11896_4",0.046463
"10430_1",0.005317
"786_3",0.010829
"9834_1",0.010199
"2040_1",0.003549
"1435_3",0.018934
"168_8",0.990592
"6504_9",0.997757
"3677_1",0.003234
"3652_10",0.997886
"9821_10",0.997876
"8695_8",0.996441
"5728_10",0.991418
"2856_8",0.997028
"11548_3",0.008823
"9435_7",0.997387
"7910_2",0.007367
"4658_7",0.704341
"10111_1",0.004065
"12306_1",0.003057
"6380_9",0.984118
"3507_10",0.997888
"11085_7",0.996620
"4268_8",0.997225
"1702_2",0.038620
"3045_9",0.997899
"3338_2",0.013297
"9288_8",0.997874
"1580_8",0.997275
"11976_10",0.836463
"9216_1",0.003215
"2015_10",0.997888
"7665_2",0.005306
"10545_2",0.004437
"3819_4",0.015564
"8005_10",0.987215
"772_1",0.003656
"3882_3",0.005764
"9001_8",0.997666
"3000_1",0.003074
"3357_4",0.007676
"2559_4",0.026126
"2178_4",0.004219
"2249_9",0.997726
"9616_10",0.997789
"11797_9",0.995066
"9061_10",0.997630
"10994_10",0.997704
"1076_3",0.003672
"10774_2",0.006909
"10983_10",0.997521
"9271_10",0.997649
"3205_9",0.997696
"4987_4",0.919669
"10926_1",0.098774
"9150_8",0.996221
"614_2",0.013811
"12332_4",0.996429
"9100_2",0.024002
"10499_8",0.040567
"6143_9",0.997616
"4113_8",0.994405
"4705_4",0.005872
"3115_1",0.003780
"1041_2",0.024303
"11601_9",0.915585
"11045_8",0.939511
"10615_8",0.857845
"7631_7",0.990592
"11829_3",0.005516
"6941_1",0.006307
"112_10",0.982365
"4220_8",0.334365
"2812_10",0.997814
"10221_2",0.008442
"1944_9",0.941408
"5866_8",0.997103
"11615_1",0.007759
"3066_10",0.997634
"5757_3",0.003734
"10569_1",0.003643
"10633_3",0.004437
"58_3",0.007003
"1126_10",0.997318
"4357_10",0.997999
"6768_4",0.913381
"11354_10",0.997310
"6412_10",0.997865
"7547_1",0.004142
"5198_10",0.997913
"5697_3",0.064205
"9757_3",0.005269
"8034_3",0.005828
"8612_8",0.993701
"8691_7",0.969618
"6731_3",0.041291
"12190_1",0.004124
"3180_1",0.005288
"11068_10",0.996529
"3752_4",0.004847
"1995_3",0.071254
"5517_10",0.997415
"6532_9",0.997815
"4435_1",0.004106
"5527_4",0.009358
"5059_4",0.006172
"12044_4",0.095897
"3479_3",0.004716
"8399_8",0.974768
"8897_7",0.997630
"8342_9",0.975223
"7018_3",0.005798
"2497_7",0.996774
"10152_1",0.003812
"11583_4",0.011382
"3156_10",0.971203
"5259_4",0.009418
"2581_1",0.008843
"5224_7",0.989051
"9024_3",0.007131
"8026_10",0.994036
"9588_3",0.005474
"11001_1",0.005005
"6432_9",0.997209
"8524_9",0.997669
"12457_3",0.004630
"8426_8",0.997315
"11355_10",0.997218
"10337_1",0.004658
"11911_3",0.028809
"2655_10",0.962024
"4265_3",0.907785
"6542_3",0.506168
"9681_1",0.002762
"287_8",0.996077
"1864_1",0.003143
"7655_4",0.016649
"3613_7",0.997546
"11041_1",0.005956
"12070_8",0.981542
"10856_10",0.997858
"7365_4",0.003683
"10025_8",0.997605
"4693_10",0.997769
"9580_7",0.997016
"4669_2",0.003765
"274_9",0.997710
"1570_2",0.864485
"11040_8",0.997899
"2243_7",0.594933
"7043_10",0.902270
"3719_2",0.003396
"7635_7",0.976787
"2327_2",0.003377
"4229_9",0.992896
"4121_3",0.006756
"6064_1",0.008282
"364_10",0.997617
"1161_10",0.997694
"463_1",0.003801
"9291_4",0.875795
"8827_1",0.013297
"2292_1",0.004905
"6935_9",0.994127
"9226_1",0.004717
"7612_4",0.038953
"8575_7",0.991537
"3475_1",0.005387
"1880_7",0.623539
"7265_7",0.997852
"8626_1",0.003191
"733_1",0.012779
"12100_10",0.996977
"1069_10",0.997866
"11364_10",0.997503
"5496_1",0.003848
"7253_1",0.003840
"3159_1",0.013509
"9131_10",0.997835
"413_4",0.976206
"10818_1",0.003328
"479_3",0.084922
"173_7",0.996408
"9522_10",0.997816
"333_10",0.997577
"2819_1",0.003305
"5723_8",0.996738
"99_10",0.997892
"7247_4",0.022202
"4711_9",0.997765
"8555_3",0.007312
"6330_10",0.997860
"8921_1",0.024055
"803_10",0.994702
"6219_1",0.003509
"10077_3",0.009402
"1274_7",0.997622
"2307_3",0.007684
"8114_8",0.997380
"1503_1",0.004598
"2004_10",0.997148
"712_3",0.025310
"557_4",0.059257
"9651_8",0.997821
"11701_4",0.004788
"6325_9",0.997564
"1684_1",0.003166
"1435_10",0.997780
"5754_10",0.997735
"12098_10",0.888102
"3707_10",0.997755
"2521_1",0.016935
"1793_1",0.004089
"2725_3",0.005407
"5051_8",0.997705
"2691_7",0.995501
"4111_10",0.997442
"3239_3",0.004931
"8124_8",0.997117
"4990_4",0.003879
"9565_9",0.997896
"6657_3",0.008250
"5882_4",0.005535
"8571_1",0.550034
"6815_10",0.997869
"487_10",0.961121
"11567_9",0.997857
"10631_1",0.004033
"7070_2",0.002899
"8708_10",0.996137
"1889_4",0.216814
"1838_3",0.005475
"6383_3",0.004249
"4735_9",0.789296
"11430_7",0.980144
"11590_1",0.004457
"11023_3",0.009949
"10870_8",0.997375
"6734_10",0.996865
"10174_1",0.003931
"7905_10",0.997719
"9555_4",0.016999
"6303_9",0.997633
"1426_1",0.003409
"5482_8",0.994843
"7605_2",0.003503
"10249_1",0.007273
"2466_1",0.011159
"4055_1",0.007253
"9839_8",0.923709
"3953_9",0.997807
"6563_4",0.051842
"10776_4",0.003330
"7596_2",0.005614
"10490_9",0.997740
"3800_1",0.005721
"10669_1",0.078704
"6276_8",0.936862
"3110_1",0.004016
"12434_1",0.006127
"10189_1",0.003947
"10639_4",0.006442
"7734_1",0.013737
"8763_4",0.015938
"2702_1",0.166766
"10179_1",0.007383
"2317_7",0.554942
"4677_8",0.996701
"11805_7",0.064751
"1339_2",0.005619
"9919_4",0.098604
"1425_8",0.996661
"3926_7",0.626172
"12395_10",0.997732
"6284_4",0.005239
"11069_1",0.010696
"4998_10",0.997734
"8055_2",0.005044
"9179_3",0.003209
"11577_10",0.989193
"1480_1",0.003308
"4561_10",0.997896
"4698_10",0.997775
"9312_1",0.003574
"6561_4",0.518962
"8353_10",0.997743
"11580_3",0.008315
"10536_2",0.040112
"957_10",0.997566
"1768_8",0.997213
"12197_1",0.003559
"11459_10",0.978621
"2271_3",0.013206
"6973_1",0.005783
"4199_8",0.957625
"6582_8",0.995572
"5843_1",0.011904
"4140_9",0.995241
"11105_3",0.005324
"2395_3",0.006233
"10715_9",0.997867
"6611_7",0.997836
"2043_7",0.994426
"2884_9",0.984479
"4946_8",0.016599
"9642_7",0.995432
"5211_1",0.011184
"10661_9",0.997918
"4368_10",0.014000
"12086_4",0.012009
"6465_8",0.974143
"4706_1",0.004953
"4694_10",0.843890
"12150_10",0.997875
"208_3",0.004004
"2587_3",0.010131
"2804_3",0.328615
"2837_3",0.005314
"11070_1",0.005314
"11909_4",0.123148
"9945_10",0.993084
"9281_9",0.991275
"8458_2",0.005688
"9882_2",0.009057
"172_7",0.996929
"7632_2",0.004756
"12246_9",0.997808
"3889_1",0.003711
"11140_4",0.011209
"5240_9",0.997844
"7965_4",0.018894
"3387_3",0.004331
"10817_4",0.005114
"3332_10",0.300181
"1156_9",0.924870
"6585_1",0.004217
"7931_3",0.005640
"8268_4",0.003410
"6443_10",0.992052
"373_10",0.997275
"5912_4",0.028470
"11475_7",0.996842
"10738_4",0.076966
"11175_10",0.997717
"9008_2",0.993006
"2218_3",0.003637
"585_10",0.997265
"3448_2",0.203710
"3860_8",0.981236
"8335_7",0.989120
"1907_1",0.006332
"9169_9",0.991742
"10375_8",0.997744
"10432_4",0.112840
"11399_1",0.748997
"3430_7",0.997880
"2859_4",0.011680
"3899_10",0.997799
"9648_8",0.997604
"9233_8",0.996017
"10574_10",0.997489
"3489_4",0.043429
"8115_8",0.997720
"11495_8",0.997219
"6885_7",0.927069
"1534_10",0.985665
"11721_9",0.997416
"11610_10",0.995508
"2712_8",0.994225
"3140_10",0.996022
"4880_10",0.995105
"1592_10",0.997502
"425_10",0.996787
"5798_1",0.003227
"2212_8",0.997651
"2685_3",0.003647
"9625_2",0.003838
"8492_7",0.997227
"4932_3",0.744474
"1704_3",0.028570
"301_4",0.009064
"2599_10",0.176299
"2364_4",0.008078
"2323_3",0.009641
"1885_8",0.402565
"1232_1",0.003411
"12055_1",0.003175
"2894_10",0.997852
"5347_3",0.917730
"1799_4",0.009180
"7460_9",0.154742
"8798_10",0.997781
"2134_4",0.934636
"2964_2",0.971633
"345_3",0.011487
"2670_8",0.991652
"10282_10",0.997622
"5587_8",0.964499
"6115_2",0.006410
"6974_1",0.032379
"8500_10",0.996279
"5073_8",0.933798
"5291_8",0.996014
"11728_7",0.217747
"3207_4",0.005629
"2553_8",0.997724
"10896_10",0.997452
"9321_2",0.006573
"1484_4",0.003074
"2106_2",0.426481
"5487_4",0.003909
"4835_10",0.954004
"1023_3",0.004977
"11524_10",0.997999
"10672_7",0.996161
"9769_3",0.003812
"590_7",0.997558
"11530_3",0.003890
"349_2",0.011878
"2165_4",0.004659
"1574_9",0.985321
"2792_1",0.003115
"980_2",0.004101
"5745_7",0.991804
"4323_7",0.988159
"11569_7",0.997735
"3637_1",0.007220
"4511_1",0.007116
"8404_10",0.997218
"8947_4",0.162625
"12317_10",0.996841
"3927_4",0.973718
"461_8",0.997942
"11651_2",0.003031
"7697_4",0.007578
"7799_10",0.997887
"2111_8",0.996214
"9745_7",0.997974
"4419_4",0.013736
"9337_4",0.106079
"3908_10",0.997474
"9211_3",0.006355
"489_1",0.004938
"9229_8",0.288171
"381_1",0.003764
"1355_7",0.997372
"12100_1",0.008167
"6126_4",0.016540
"8315_8",0.997578
"7513_10",0.997565
"5547_1",0.071690
"8050_1",0.003546
"7332_1",0.013353
"9044_8",0.997855
"8491_1",0.150092
"1919_8",0.997866
"4076_7",0.988131
"9251_2",0.009502
"7325_10",0.997772
"177_8",0.972046
"8104_4",0.005999
"919_4",0.004427
"9417_8",0.997039
"9440_9",0.992142
"11105_9",0.997782
"7670_10",0.996757
"7404_8",0.991029
"5120_2",0.009759
"10153_1",0.005009
"1763_10",0.997526
"9316_4",0.279750
"6396_8",0.997281
"8865_10",0.997915
"4552_8",0.009413
"874_4",0.006763
"6690_2",0.005633
"11970_3",0.137811
"1202_4",0.993726
"6024_1",0.006295
"10117_9",0.997574
"9511_1",0.059149
"2314_10",0.997674
"6053_3",0.003199
"10165_2",0.012717
"8410_2",0.010768
"1457_1",0.003913
"9651_3",0.010070
"537_2",0.008208
"7191_3",0.968926
"10258_8",0.995680
"4774_8",0.988582
"3560_8",0.996768
"5960_1",0.004431
"881_4",0.011239
"2420_1",0.004147
"4959_4",0.003591
"7138_1",0.003963
"9317_10",0.996873
"5454_4",0.003842
"7450_9",0.971330
"9679_10",0.995722
"10988_3",0.005917
"2932_3",0.777240
"10110_1",0.003184
"9165_2",0.004966
"11712_2",0.003376
"8979_1",0.003578
"12426_3",0.005305
"1630_7",0.990873
"11990_10",0.973797
"5395_10",0.997893
"896_1",0.003739
"11463_9",0.997152
"7096_1",0.007258
"6198_10",0.997036
"8141_10",0.997645
"2650_10",0.997011
"12337_9",0.997459
"1995_10",0.994792
"6349_1",0.006002
"12270_2",0.004270
"12494_2",0.011503
"7081_4",0.029294
"3010_7",0.161316
"2924_2",0.003949
"3185_10",0.081137
"1377_2",0.985975
"4858_3",0.041122
"4351_3",0.004434
"6865_2",0.005051
"9527_3",0.007497
"6223_7",0.997585
"11598_4",0.018417
"10605_1",0.004648
"4609_2",0.005195
"3736_7",0.997747
"5615_1",0.009423
"11109_7",0.986395
"3924_3",0.004599
"7452_1",0.140240
"4288_8",0.417961
"8825_2",0.003584
"3168_7",0.997801
"6407_1",0.004302
"7016_3",0.027300
"129_1",0.004823
"9808_3",0.005826
"5620_10",0.996881
"6404_10",0.997053
"10781_1",0.037861
"2446_1",0.008739
"2191_10",0.997641
"10848_1",0.003456
"11201_10",0.989234
"6818_9",0.997857
"4607_7",0.183062
"2410_7",0.997496
"9656_9",0.997740
"7841_7",0.972277
"11422_7",0.993391
"7376_8",0.789522
"10804_8",0.997444
"11793_7",0.997804
"509_7",0.131138
"12459_10",0.997535
"354_10",0.989208
"2740_10",0.993163
"1469_1",0.003283
"9219_10",0.418275
"7248_7",0.990833
"5620_1",0.005234
"12160_1",0.013588
"6037_10",0.993776
"8338_1",0.003301
"1954_1",0.552669
"6996_9",0.992581
"9888_8",0.997832
"5470_7",0.997435
"11915_4",0.995373
"7057_4",0.032415
"10320_10",0.996173
"4447_3",0.021172
"9711_9",0.997637
"5077_3",0.003898
"10912_4",0.859392
"3224_3",0.110776
"9946_7",0.992661
"10650_4",0.148155
"9613_1",0.004580
"4909_3",0.004990
"5607_8",0.996825
"3315_1",0.003307
"9271_1",0.008499
"4248_4",0.020075
"5849_4",0.043546
"3944_1",0.003937
"3580_10",0.997820
"4592_1",0.004707
"6375_10",0.997729
"5955_9",0.997976
"11613_7",0.996880
"8278_10",0.997715
"11339_9",0.997772
"6813_2",0.019697
"3747_3",0.004356
"5916_1",0.004296
"3298_1",0.020559
"11303_1",0.007185
"5758_7",0.996995
"11652_9",0.997969
"8748_2",0.016759
"11092_2",0.004597
"8729_8",0.997729
"6332_4",0.012594
"3700_10",0.997635
"10507_2",0.005176
"2287_4",0.003342
"10549_10",0.997713
"3005_10",0.997843
"5657_1",0.003737
"873_8",0.986587
"2274_1",0.017360
"3208_4",0.014337
"2663_10",0.996442
"8134_7",0.010097
"7443_1",0.989083
"7507_8",0.997422
"1423_1",0.004349
"4014_1",0.007604
"9662_1",0.004302
"2512_9",0.997869
"8415_2",0.005733
"7672_3",0.004984
"5925_1",0.004075
"2654_2",0.004252
"1780_10",0.865792
"8813_9",0.997823
"9378_7",0.996832
"12120_3",0.006129
"8985_7",0.997946
"5771_3",0.003045
"7305_10",0.997881
"8681_4",0.008903
"7415_10",0.997125
"9346_8",0.997347
"9750_3",0.004553
"9083_9",0.997895
"12255_2",0.003508
"5035_1",0.005410
"12384_10",0.729472
"8381_4",0.005716
"825_1",0.003253
"2034_1",0.004248
"439_10",0.997096
"5753_10",0.996385
"10370_10",0.996406
"3395_2",0.003259
"8101_2",0.004041
"7885_1",0.014137
"3266_2",0.446318
"4623_4",0.004630
"8123_9",0.997895
"1787_1",0.003584
"4001_4",0.071527
"3530_2",0.004338
"684_1",0.003439
"744_10",0.826056
"8439_7",0.997516
"8678_9",0.997592
"11851_8",0.996224
"1237_2",0.009023
"4557_3",0.003480
"1847_10",0.997755
"4002_1",0.005443
"1620_1",0.364742
"549_10",0.997999
"4984_4",0.991606
"4673_8",0.608286
"1373_1",0.003886
"6927_1",0.642099
"9201_2",0.013491
"4293_7",0.997751
"826_3",0.005126
"6337_1",0.006794
"9978_9",0.997727
"11379_10",0.997230
"3874_1",0.026722
"9943_1",0.002831
"7236_4",0.991816
"7816_1",0.003452
"3849_8",0.997887
"1167_10",0.996036
"9667_3",0.191296
"2506_1",0.005134
"1372_10",0.230607
"6788_9",0.997882
"4792_2",0.003501
"7909_2",0.004914
"2213_2",0.003466
"434_1",0.004258
"9245_1",0.003663
"5822_10",0.997263
"5406_1",0.008432
"2011_1",0.003318
"6805_10",0.997849
"2557_2",0.003162
"4343_1",0.003895
"1493_4",0.005040
"947_8",0.005545
"9494_7",0.973717
"10228_10",0.605012
"707_10",0.997818
"2018_10",0.997615
"11093_10",0.997696
"11113_10",0.997730
"11596_1",0.004673
"7453_1",0.004181
"9045_8",0.997743
"12264_7",0.997921
"7271_9",0.997505
"4560_1",0.014498
"11223_1",0.008317
"3939_7",0.981774
"2714_2",0.013523
"1940_9",0.989824
"3640_10",0.997769
"1724_1",0.003562
"5383_3",0.011301
"7323_10",0.989942
"7345_4",0.005840
"775_9",0.997865
"11995_1",0.003183
"400_10",0.997892
"10279_4",0.004974
"673_8",0.231324
"4168_10",0.992904
"11761_7",0.997717
"491_9",0.990489
"11472_1",0.005474
"10045_7",0.951378
"9449_4",0.011850
"12496_3",0.004014
"12422_1",0.005419
"8159_4",0.012227
"8668_8",0.172943
"7572_10",0.997681
"6696_9",0.997486
"64_10",0.997670
"2715_1",0.029761
"9333_4",0.009176
"3722_10",0.997816
"5692_8",0.995740
"10074_7",0.993840
"1717_3",0.195776
"825_8",0.997590
"7796_10",0.997719
"5550_3",0.004673
"6114_10",0.609728
"4440_8",0.981622
"9616_4",0.007717
"12090_8",0.996313
"10728_1",0.032460
"4419_10",0.997836
"282_1",0.004432
"4825_9",0.993541
"91_10",0.997343
"10399_2",0.008303
"6773_4",0.064721
"1364_10",0.997457
"2806_9",0.997060
"4520_2",0.005331
"8211_9",0.997452
"3594_2",0.008452
"11353_4",0.009564
"307_1",0.005988
"10963_4",0.004620
"4023_7",0.891165
"11450_10",0.994586
"3567_4",0.486957
"4751_7",0.997682
"9798_2",0.004192
"1864_8",0.997855
"3168_2",0.028774
"6506_2",0.033618
"12484_2",0.051663
"11999_8",0.067914
"3571_3",0.006509
"147_10",0.997089
"6691_9",0.997780
"11295_8",0.997524
"9344_10",0.997830
"9513_2",0.003157
"11066_7",0.982313
"4330_8",0.997706
"5194_10",0.995183
"11676_1",0.007829
"4587_1",0.003585
"11964_4",0.974156
"12456_1",0.004062
"6054_10",0.993046
"2140_7",0.630729
"1388_1",0.088799
"10681_2",0.004769
"4614_8",0.997712
"2604_7",0.152770
"4234_1",0.004082
"4261_8",0.994228
"4907_8",0.985069
"4134_4",0.041905
"4125_8",0.996645
"3795_9",0.997302
"1356_4",0.004442
"10711_2",0.794062
"4728_7",0.862288
"8254_8",0.995190
"10769_2",0.016662
"7185_8",0.997672
"2842_9",0.067824
"4565_1",0.005921
"3030_9",0.995938
"2997_1",0.005964
"1311_9",0.006225
"12499_10",0.996938
"9830_10",0.997794
"1774_4",0.005022
"6676_10",0.997855
"6502_9",0.982912
"1521_1",0.956149
"4253_1",0.005243
"2775_2",0.011108
"7324_4",0.003962
"1207_4",0.010983
"9903_7",0.997692
"3195_2",0.006879
"9213_10",0.997685
"7751_1",0.003239
"1616_8",0.997278
"1482_10",0.996931
"6772_7",0.994171
"2008_10",0.997616
"6799_4",0.010717
"5004_9",0.997780
"3487_2",0.004618
"10892_4",0.057092
"10839_4",0.010595
"922_8",0.997324
"4163_1",0.003320
"10738_8",0.997225
"10678_7",0.997523
"5892_10",0.996784
"6202_1",0.003197
"5792_10",0.997575
"12161_4",0.210383
"1097_9",0.997073
"2930_3",0.004025
"4087_3",0.006235
"11875_3",0.006226
"11770_4",0.005555
"847_7",0.996931
"10620_9",0.997501
"1455_10",0.997829
"12294_1",0.003556
"5653_10",0.997851
"1874_9",0.997153
"10487_3",0.125716
"22_3",0.003898
"2760_1",0.003097
"9822_7",0.133438
"1068_10",0.996660
"11117_1",0.005163
"10409_2",0.997753
"1877_7",0.056077
"7347_1",0.012963
"4231_1",0.007202
"1122_1",0.009007
"933_3",0.017598
"11883_4",0.011726
"8386_10",0.997726
"12297_7",0.995494
"11847_8",0.997919
"5511_1",0.005118
"9587_2",0.534415
"10027_8",0.994581
"7210_4",0.106838
"2490_9",0.057145
"4889_10",0.997133
"8192_9",0.997658
"12133_1",0.004987
"2098_1",0.328753
"2941_9",0.997719
"5742_3",0.004315
"10645_4",0.004446
"1162_10",0.997641
"4383_10",0.997710
"5325_8",0.994836
"1324_1",0.007117
"1374_1",0.009039
"116_10",0.997027
"2898_10",0.983624
"8799_10",0.997767
"6654_10",0.997851
"8630_1",0.003058
"3452_7",0.994671
"3609_8",0.994813
"4740_1",0.003781
"8368_10",0.997711
"11960_7",0.929720
"3583_10",0.065161
"1581_8",0.056713
"1378_1",0.190879
"968_2",0.005858
"4524_1",0.003045
"5036_8",0.997901
"12287_3",0.004220
"9236_10",0.033996
"5447_3",0.019490
"11016_1",0.009280
"1935_3",0.017292
"5300_7",0.996855
"7775_2",0.857871
"4398_3",0.003919
"5692_2",0.003905
"3517_8",0.997402
"6007_1",0.005843
"10127_2",0.005820
"6614_10",0.996337
"2767_10",0.996804
"3187_2",0.004472
"6473_10",0.994925
"12263_1",0.002918
"10838_2",0.003215
"7367_9",0.996056
"8873_10",0.997738
"6016_1",0.008202
"10363_7",0.984473
"3541_2",0.005140
"6416_10",0.997577
"4538_10",0.997680
"56_3",0.013767
"7946_8",0.997664
"6003_4",0.017990
"974_4",0.005158
"11651_9",0.997809
"10283_1",0.008574
"12334_2",0.004036
"972_1",0.995026
"1513_8",0.967048
"6141_3",0.015494
"4195_7",0.997458
"10176_9",0.997628
"1918_2",0.004222
"12117_1",0.016688
"7567_1",0.019642
"2949_10",0.997896
"11937_9",0.997696
"8513_2",0.007576
"3913_8",0.008025
"1310_8",0.996435
"10461_10",0.997951
"3309_8",0.997584
"862_9",0.996942
"4040_2",0.003049
"78_8",0.996507
"3491_7",0.018779
"10862_9",0.997904
"4763_7",0.738366
"7421_1",0.017885
"5350_1",0.003390
"11491_10",0.997772
"9975_4",0.005954
"10123_10",0.997978
"11573_1",0.003585
"2337_9",0.997805
"251_8",0.997284
"1942_1",0.007733
"2940_7",0.997261
"4342_7",0.518917
"11250_2",0.005927
"4224_1",0.009876
"10106_10",0.997755
"7764_2",0.005471
"937_10",0.997832
"3112_10",0.997589
"9922_8",0.987266
"3259_7",0.996826
"7828_1",0.005164
"4031_7",0.992681
"1277_7",0.925155
"3162_2",0.020799
"7_9",0.997710
"1832_4",0.489764
"10997_1",0.955106
"10572_10",0.997684
"12194_1",0.003738
"4648_10",0.997569
"7207_9",0.889010
"11000_7",0.987716
"4943_2",0.004616
"10601_10",0.997448
"4731_1",0.065182
"9272_8",0.230705
"11551_1",0.003470
"9074_3",0.127360
"2486_3",0.010700
"618_1",0.005660
"8683_8",0.997273
"2618_10",0.986289
"8471_9",0.996903
"6394_4",0.006009
"6456_2",0.273435
"3195_8",0.996206
"4188_1",0.005331
"3985_10",0.997783
"7099_10",0.996796
"1558_2",0.003517
"2877_8",0.891583
"3928_1",0.003514
"7206_3",0.004735
"8088_10",0.997813
"8167_10",0.997719
"8590_8",0.997687
"6973_7",0.498952
"4974_7",0.997515
"10151_1",0.003767
"5268_4",0.007792
"5258_7",0.997428
"1478_8",0.996676
"5094_10",0.997868
"10126_4",0.032013
"9357_2",0.005119
"7750_3",0.007775
"11628_3",0.210562
"9124_7",0.997462
"1802_7",0.997513
"4820_4",0.050517
"10019_8",0.996760
"154_9",0.997882
"5049_4",0.003760
"4372_1",0.003106
"7807_10",0.997802
"5127_10",0.997363
"11480_2",0.024675
"10145_1",0.005463
"7090_10",0.997471
"1288_1",0.982775
"11316_2",0.004865
"8428_9",0.816795
"1843_9",0.997663
"1916_1",0.003225
"2657_2",0.003919
"10504_1",0.003839
"11621_3",0.004640
"10148_1",0.003443
"3339_4",0.013221
"8202_2",0.008904
"7796_1",0.003037
"4625_2",0.020944
"11859_4",0.016659
"8261_1",0.003977
"4670_3",0.874502
"8412_10",0.997905
"1010_1",0.005695
"436_10",0.997651
"9351_7",0.639703
"3767_8",0.997270
"4794_1",0.003771
"8447_10",0.196231
"6182_2",0.005769
"8754_3",0.015365
"2709_3",0.004042
"5882_9",0.997571
"6916_3",0.108051
"11886_1",0.005156
"123_4",0.997376
"2827_9",0.996210
"11440_8",0.997866
"4100_8",0.994225
"11645_1",0.007848
"7949_10",0.997627
"2017_1",0.004313
"3451_7",0.997742
"10986_10",0.993492
"1541_2",0.944485
"12336_7",0.979206
"9787_1",0.003626
"5282_10",0.997747
"9568_4",0.996383
"8222_1",0.003550
"5415_9",0.997579
"8485_8",0.199121
"6449_1",0.003329
"466_1",0.004558
"11997_1",0.976564
"6144_10",0.998009
"3309_4",0.004362
"8655_1",0.003291
"10141_1",0.988421
"7469_10",0.997716
"4445_10",0.997016
"6651_7",0.996927
"6711_7",0.061998
"3329_4",0.212034
"8000_10",0.996763
"2279_8",0.888413
"5012_7",0.997434
"2437_3",0.199891
"505_9",0.997386
"9070_10",0.996517
"1234_3",0.004735
"4880_1",0.006220
"3981_4",0.969310
"134_1",0.004771
"3211_10",0.997666
"2559_10",0.997192
"4512_3",0.004314
"5957_1",0.006324
"11626_9",0.997798
"915_10",0.997907
"5569_10",0.997302
"12396_9",0.997642
"6494_2",0.004305
"3262_1",0.005497
"3916_10",0.996982
"787_1",0.007092
"11092_9",0.996799
"2818_10",0.997832
"5271_2",0.021436
"4057_7",0.996302
"5042_1",0.013572
"1204_1",0.006368
"3651_2",0.003721
"11763_8",0.997252
"7766_10",0.997770
"3498_1",0.003624
"11578_10",0.997620
"3691_1",0.006689
"11947_10",0.997854
"11475_2",0.004535
"8568_9",0.997523
"8247_2",0.005962
"9544_7",0.987852
"9753_8",0.154124
"6824_7",0.194599
"2799_1",0.011858
"10459_1",0.004674
"1894_10",0.054028
"9726_7",0.996974
"10923_1",0.003676
"7946_3",0.008546
"7509_10",0.997931
"3273_9",0.849255
"2716_3",0.904722
"4622_1",0.004519
"1204_8",0.997855
"71_4",0.206133
"6508_9",0.997475
"7819_10",0.997661
"695_10",0.511774
"10844_10",0.997331
"2413_1",0.994545
"8768_1",0.004983
"4536_10",0.997900
"2576_9",0.997675
"4473_2",0.018363
"65_2",0.091554
"6114_2",0.238778
"7458_1",0.003042
"10815_2",0.008566
"8344_1",0.009982
"1975_9",0.997258
"1659_1",0.003614
"11030_10",0.997921
"5405_7",0.988618
"2539_3",0.116662
"6565_8",0.497120
"1826_10",0.997476
"2577_8",0.996537
"6032_7",0.239966
"3146_9",0.997917
"798_1",0.003913
"63_10",0.997654
"11819_10",0.997377
"2905_7",0.931072
"2716_10",0.997584
"1717_10",0.997001
"1036_3",0.024375
"11583_10",0.998052
"962_9",0.997711
"10203_2",0.010094
"12225_1",0.003194
"10322_9",0.997391
"7601_2",0.012786
"1675_4",0.979758
"8235_3",0.003809
"680_2",0.011030
"5208_3",0.006337
"10678_2",0.971161
"6072_10",0.997998
"1216_1",0.004934
"11434_1",0.003403
"12480_8",0.997018
"8844_10",0.997883
"10506_1",0.003853
"9766_3",0.997016
"7804_4",0.444827
"44_4",0.010916
"11226_1",0.006907
"11378_2",0.014158
"7805_1",0.005105
"4692_10",0.978407
"2928_9",0.987899
"8785_10",0.997846
"3083_8",0.996568
"626_10",0.997838
"9228_10",0.997045
"66_10",0.997352
"3824_3",0.972859
"7115_8",0.984984
"11893_10",0.997752
"1628_1",0.006507
"2236_4",0.012457
"2032_1",0.007683
"6613_10",0.996570
"1582_8",0.019322
"304_2",0.003643
"2441_10",0.997903
"12437_1",0.003448
"9822_1",0.011726
"10481_3",0.210470
"9193_10",0.222410
"3233_9",0.997505
"7430_8",0.997935
"10049_1",0.005079
"6384_10",0.997731
"3993_9",0.997417
"4545_2",0.007293
"11500_4",0.996375
"12127_10",0.997855
"7277_2",0.005320
"8927_3",0.011103
"5970_9",0.801651
"12115_4",0.180262
"6132_10",0.997925
"4178_9",0.997508
"11453_7",0.994726
"6569_9",0.996298
"3924_7",0.839054
"6425_1",0.003459
"1141_1",0.003925
"3366_2",0.005730
"6700_7",0.997157
"7948_8",0.028951
"2750_8",0.997717
"11326_1",0.007891
"231_8",0.997929
"8941_8",0.997718
"8304_7",0.764076
"12179_2",0.008036
"3808_1",0.004971
"2710_1",0.004933
"4833_1",0.007126
"10405_7",0.997587
"449_9",0.997982
"7259_10",0.984248
"8513_10",0.997608
"801_8",0.997768
"11322_8",0.776936
"8417_9",0.997722
"7059_8",0.448628
"681_3",0.004327
"3135_9",0.997898
"7172_3",0.003962
"11061_10",0.997922
"9555_9",0.997217
"1331_1",0.003548
"9155_3",0.003421
"8765_8",0.997302
"4714_8",0.996965
"7593_9",0.997675
"7769_1",0.003663
"5016_8",0.831916
"11917_2",0.004442
"3311_8",0.778605
"6784_4",0.043065
"6685_7",0.838335
"1232_8",0.997110
"765_2",0.014359
"6159_2",0.006272
"12037_3",0.006176
"60_8",0.996221
"6138_10",0.997981
"4759_4",0.006207
"631_10",0.997881
"5993_10",0.997480
"2751_10",0.997759
"7234_1",0.007653
"7966_3",0.004454
"296_4",0.084369
"8252_4",0.016264
"10333_1",0.005366
"5950_10",0.993681
"2735_9",0.997930
"900_1",0.015751
"2350_3",0.072248
"1457_10",0.006400
"10226_10",0.997482
"9198_7",0.996686
"1072_2",0.026952
"8332_10",0.997437
"6264_8",0.997518
"1092_9",0.997503
"11888_10",0.997135
"11702_8",0.993783
"8704_1",0.010208
"11458_10",0.996345
"8218_9",0.938731
"3739_8",0.997358
"4787_3",0.812931
"12097_10",0.984683
"7894_1",0.005506
"11601_2",0.003327
"4417_1",0.117313
"11108_10",0.997809
"5673_8",0.991013
"481_2",0.003949
"6892_2",0.003899
"5203_1",0.800781
"18_1",0.773945
"5488_8",0.996638
"750_7",0.985255
"1478_4",0.007805
"11340_2",0.004242
"8735_3",0.010046
"7404_3",0.007680
"5681_2",0.012015
"5863_10",0.439284
"602_1",0.003362
"9474_7",0.991855
"12075_3",0.059327
"1148_8",0.025018
"2192_4",0.064584
"1394_1",0.004230
"2643_3",0.295580
"8214_7",0.990558
"6728_1",0.021338
"5397_8",0.996899
"7056_7",0.997420
"2669_3",0.004833
"10713_10",0.997578
"1349_4",0.004438
"3254_1",0.003385
"9717_10",0.995108
"11358_4",0.003972
"12262_1",0.003660
"1332_1",0.003011
"6116_2",0.017771
"6324_3",0.006167
"10808_8",0.987510
"11632_4",0.578777
"2881_3",0.008298
"3524_1",0.003055
"10503_8",0.990284
"11525_1",0.002830
"9973_4",0.005355
"9804_1",0.003791
"1865_8",0.995149
"8001_9",0.997375
"5776_8",0.899512
"11848_10",0.997834
"4809_3",0.005454
"841_9",0.997325
"227_10",0.997209
"1833_9",0.997801
"9471_10",0.997689
"960_3",0.008667
"10763_1",0.009322
"1330_1",0.003559
"326_9",0.997454
"3392_10",0.995683
"5883_2",0.012610
"12168_1",0.003733
"7525_10",0.996589
"10578_1",0.007795
"9173_3",0.004980
"7214_2",0.003868
"7163_10",0.997200
"5177_8",0.996647
"3372_7",0.995820
"6041_8",0.997455
"1590_10",0.997835
"31_10",0.995470
"2533_8",0.997556
"7927_10",0.997762
"5037_2",0.017749
"6046_2",0.039849
"2099_3",0.017556
"133_1",0.037544
"205_2",0.003856
"374_9",0.996618
"8944_10",0.997331
"799_4",0.038598
"8832_9",0.996408
"3836_10",0.997984
"2940_1",0.012196
"946_1",0.013895
"9310_1",0.005736
"5853_8",0.980409
"10852_9",0.997948
"4061_4",0.805323
"10301_10",0.996327
"11104_3",0.003031
"9339_3",0.079161
"537_10",0.997868
"8661_7",0.973289
"9381_4",0.028011
"12473_3",0.007257
"5140_8",0.996984
"4624_4",0.003931
"9156_3",0.068748
"5980_2",0.003881
"5920_7",0.997899
"4013_1",0.011251
"11879_2",0.004515
"1317_10",0.997791
"4647_10",0.997153
"2550_1",0.003074
"641_8",0.320035
"10069_10",0.997507
"12215_10",0.299752
"6293_10",0.997935
"1416_7",0.262469
"8561_9",0.996637
"1981_10",0.958711
"1667_2",0.057325
"9680_1",0.006416
"888_1",0.003147
"2202_4",0.005388
"8835_2",0.003066
"9340_3",0.995952
"8742_10",0.991154
"1892_2",0.003176
"11940_10",0.997018
"5976_2",0.005380
"5430_8",0.997570
"9125_9",0.166248
"5217_8",0.997191
"5257_10",0.919731
"5487_8",0.951359
"10815_8",0.997315
"12438_1",0.027509
"11433_3",0.008334
"11570_1",0.909543
"11880_10",0.997609
"1983_3",0.080577
"2916_1",0.002761
"8119_10",0.997793
"10960_2",0.008141
"2798_2",0.003680
"2797_1",0.056687
"9931_4",0.023731
"6244_10",0.993517
"8361_2",0.005236
"7098_10",0.996777
"9107_10",0.997768
"9860_10",0.988089
"10252_1",0.004448
"12015_8",0.897498
"2696_4",0.380870
"9301_8",0.997879
"799_7",0.996820
"9411_7",0.996776
"4172_1",0.004053
"8008_10",0.997674
"11436_1",0.003230
"3464_10",0.997918
"5826_3",0.003542
"5460_4",0.005715
"8920_3",0.751905
"1465_3",0.477894
"7571_1",0.003294
"3416_10",0.997280
"11088_7",0.997372
"7007_10",0.997819
"11317_7",0.997182
"11639_7",0.995479
"1871_10",0.997829
"1551_7",0.995509
"4089_4",0.003622
"8145_9",0.997780
"1243_7",0.997136
"9082_8",0.996979
"11807_8",0.997605
"6154_10",0.997824
"2082_8",0.998039
"9142_4",0.045351
"6126_8",0.995742
"9774_1",0.008950
"5137_10",0.996376
"11085_1",0.003552
"4541_1",0.005116
"10478_10",0.997742
"8479_3",0.003738
"11220_1",0.004967
"0_10",0.997738
"5235_8",0.997225
"457_2",0.004835
"6784_7",0.997740
"11527_10",0.997706
"5935_7",0.996403
"3697_10",0.997624
"8318_10",0.997862
"6770_8",0.996175
"11760_7",0.997060
"10344_9",0.997783
"12363_4",0.325815
"2233_2",0.006793
"12184_10",0.997615
"4668_8",0.902571
"2293_4",0.005502
"5886_8",0.997343
"8403_4",0.558135
"2493_3",0.006479
"7224_2",0.017544
"7753_10",0.997447
"476_9",0.995562
"3760_7",0.951523
"8371_1",0.007499
"2541_10",0.984611
"12052_2",0.019773
"2320_1",0.005091
"5598_8",0.996910
"12342_1",0.003622
"7391_9",0.991885
"2615_1",0.004065
"11251_4",0.034240
"9946_2",0.003974
"10571_10",0.997644
"3984_1",0.003076
"4633_10",0.997923
"548_10",0.997794
"1732_1",0.005226
"3559_7",0.997211
"10212_7",0.972555
"8950_7",0.996829
"8157_10",0.997842
"5986_9",0.997924
"10263_7",0.748214
"2168_10",0.997450
"4424_4",0.417312
"6944_10",0.061217
"11467_7",0.997278
"3630_8",0.996306
"2405_1",0.002880
"7517_1",0.006475
"8116_10",0.996738
"5368_4",0.077542
"2045_1",0.003420
"11303_8",0.997798
"11077_2",0.025746
"6314_10",0.997740
"12137_4",0.006027
"12180_1",0.003330
"6403_10",0.992105
"2019_1",0.003591
"7921_7",0.997160
"3977_10",0.995628
"11277_9",0.996956
"8398_1",0.003312
"1429_3",0.003256
"9628_4",0.010299
"2472_3",0.082260
"5811_4",0.004418
"11663_3",0.003911
"3153_1",0.003940
"11881_2",0.003859
"767_7",0.685295
"12243_10",0.997866
"10969_8",0.993357
"8689_10",0.087773
"1854_10",0.997741
"12392_4",0.004738
"6627_2",0.003360
"6819_10",0.997848
"1587_9",0.914841
"6999_10",0.996208
"9128_1",0.403723
"7141_1",0.016815
"4485_8",0.997430
"7368_7",0.988914
"7698_4",0.982272
"8376_3",0.161831
"1862_1",0.003116
"11217_9",0.997449
"5179_4",0.603439
"6524_3",0.009947
"11877_10",0.997639
"6055_10",0.997899
"9372_1",0.003611
"8029_1",0.005599
"9546_10",0.957878
"5514_10",0.997702
"8869_8",0.996718
"8290_10",0.997926
"11619_9",0.994668
"5949_4",0.540296
"10146_1",0.970515
"11776_10",0.995224
"2146_9",0.995476
"6461_10",0.997763
"10480_4",0.034584
"9021_10",0.844687
"11802_10",0.997843
"9139_2",0.009448
"5590_4",0.011386
"5631_9",0.995084
"6333_3",0.017248
"10455_1",0.004869
"10394_1",0.003758
"8814_8",0.997668
"11264_3",0.013438
"2255_9",0.997888
"3915_8",0.896463
"3386_10",0.997853
"5531_2",0.005659
"1676_4",0.006575
"7711_8",0.997674
"7871_9",0.997783
"11101_8",0.997393
"11562_1",0.005717
"11609_10",0.997336
"9556_1",0.005610
"7149_3",0.978520
"11807_3",0.138847
"12106_10",0.997912
"4763_1",0.028146
"2007_3",0.008959
"8454_8",0.997712
"4656_10",0.996469
"717_8",0.996816
"3501_4",0.383160
"6562_4",0.013434
"3926_1",0.003741
"7497_1",0.003990
"4257_9",0.997336
"4111_1",0.004605
"9865_10",0.997796
"8323_4",0.004636
"2228_4",0.013720
"1180_7",0.997429
"6315_8",0.997869
"12271_10",0.991680
"4567_2",0.050239
"8745_8",0.996533
"4994_1",0.002934
"2842_4",0.012179
"674_9",0.997574
"4431_3",0.120718
"2534_4",0.886613
"378_9",0.997691
"6039_9",0.971432
"9551_7",0.997243
"1273_7",0.034482
"4222_4",0.006904
"7469_1",0.003454
"8733_3",0.893824
"9324_4",0.012793
"8888_4",0.016919
"2872_9",0.993221
"2123_8",0.997662
"4982_7",0.995598
"10668_1",0.019979
"2014_7",0.991792
"4211_3",0.005718
"1202_9",0.997551
"5450_4",0.005460
"2484_1",0.604272
"2427_8",0.997672
"405_3",0.003959
"1_10",0.997839
"4498_4",0.988191
"50_3",0.011578
"10113_9",0.997859
"8919_3",0.059111
"1338_7",0.419045
"9817_8",0.997845
"10824_7",0.094342
"12165_8",0.991635
"11975_8",0.532504
"8537_1",0.357516
"4443_9",0.997621
"207_3",0.007663
"4247_8",0.984686
"11333_9",0.997703
"6357_2",0.013694
"4477_1",0.006266
"8774_1",0.004419
"10049_8",0.997341
"9621_2",0.006752
"5428_10",0.997932
"11693_3",0.026140
"8731_4",0.018528
"11209_1",0.013332
"10581_10",0.007054
"4289_10",0.996864
"511_7",0.995592
"7832_8",0.735587
"2567_9",0.997445
"4931_1",0.003544
"8770_2",0.002700
"8999_9",0.997915
"9918_1",0.002920
"2254_7",0.994672
"4095_1",0.071911
"8601_2",0.014909
"10347_10",0.997682
"2911_4",0.036891
"12157_7",0.997644
"5154_10",0.997353
"27_9",0.998028
"2586_9",0.993065
"6344_9",0.997663
"1888_4",0.006821
"6630_1",0.003313
"3202_10",0.997007
"1517_9",0.997736
"584_10",0.996922
"2683_4",0.169154
"1721_1",0.003134
"4371_7",0.965562
"4697_3",0.127200
"2977_10",0.787731
"1835_3",0.007800
"9872_1",0.008692
"4794_9",0.995048
"5345_10",0.993122
"1230_10",0.997721
"2438_2",0.003078
"5709_9",0.997527
"8007_1",0.003174
"7236_10",0.996620
"7978_10",0.997011
"10608_1",0.004591
"10968_1",0.003036
"3650_1",0.007028
"7966_8",0.997564
"8435_9",0.997825
"6095_3",0.006116
"12457_8",0.997448
"611_10",0.997278
"7589_7",0.988046
"4378_4",0.025795
"9019_3",0.013599
"794_1",0.006655
"5112_4",0.018126
"8698_7",0.990950
"2729_1",0.004576
"9090_1",0.002911
"9641_8",0.997815
"5065_7",0.924298
"3147_10",0.997554
"3971_4",0.021093
"7000_8",0.997684
"6716_1",0.004547
"11482_7",0.974335
"9263_4",0.802065
"7901_1",0.017974
"8213_2",0.003142
"1113_8",0.997956
"1013_7",0.997635
"2195_9",0.997465
"1371_8",0.986562
"7239_7",0.992672
"11376_1",0.003574
"3506_9",0.997445
"3413_2",0.005038
"8641_1",0.003378
"11587_2",0.022482
"7639_7",0.996872
"8100_8",0.996801
"8151_2",0.003761
"10464_2",0.004362
"2043_3",0.009607
"4454_8",0.996948
"6562_8",0.997676
"8549_8",0.730680
"1209_3",0.009057
"2566_4",0.019056
"5871_10",0.997723
"6459_7",0.997717
"11006_8",0.992698
"3313_8",0.996778
"5290_2",0.005184
"9687_1",0.008791
"4165_10",0.997335
"11120_4",0.225987
"3379_2",0.006412
"5814_1",0.831544
"3414_7",0.997728
"7750_7",0.994403
"9727_7",0.991089
"3850_9",0.997925
"5954_2",0.128731
"9685_1",0.004395
"9307_3",0.018844
"8727_9",0.995997
"9746_1",0.004832
"9365_8",0.997804
"3361_10",0.997666
"4554_3",0.004312
"8952_9",0.997527
"4301_1",0.002783
"10764_4",0.908326
"2738_10",0.919916
"3554_1",0.003387
"5724_8",0.995519
"8804_4",0.047462
"468_8",0.997765
"10527_10",0.997615
"5117_7",0.997665
"3390_4",0.128433
"5875_3",0.007226
"10380_7",0.997733
"887_2",0.996489
"2707_8",0.763147
"11371_3",0.142941
"535_4",0.009742
"10700_10",0.995430
"3047_10",0.996598
"5930_3",0.008060
"6044_10",0.995810
"8679_4",0.996002
"2261_10",0.997877
"9577_10",0.998053
"1999_7",0.969162
"6010_3",0.016126
"861_4",0.005468
"4360_2",0.004867
"5373_7",0.305794
"10760_8",0.995991
"12436_10",0.997900
"5149_3",0.014501
"7091_4",0.010928
"5135_9",0.997546
"5552_8",0.995412
"1713_9",0.997509
"11445_4",0.031998
"11146_7",0.997666
"5286_9",0.997793
"10518_1",0.003790
"1122_8",0.989752
"7680_1",0.007308
"11042_8",0.983719
"6336_1",0.005053
"11784_10",0.996812
"8759_10",0.997832
"4362_10",0.997568
"4483_2",0.004648
"7501_8",0.997945
"3516_2",0.005354
"3965_10",0.996298
"4066_8",0.978001
"7802_2",0.096678
"1074_7",0.997362
"4555_3",0.005651
"11477_1",0.002937
"5712_10",0.997792
"1175_8",0.997787
"6283_4",0.022244
"11717_1",0.004247
"8029_8",0.997833
"5794_8",0.997475
"8717_2",0.004403
"10682_10",0.994913
"4610_1",0.016177
"4908_9",0.989063
"8325_2",0.009209
"11330_4",0.030610
"5717_10",0.390658
"11421_3",0.442102
"4725_2",0.004062
"2284_9",0.996884
"12433_1",0.005238
"10799_10",0.995859
"3213_10",0.996184
"10997_10",0.997661
"3482_9",0.997743
"430_4",0.004709
"6524_9",0.997089
"2270_1",0.014063
"6410_4",0.354607
"224_10",0.996448
"10915_8",0.997629
"8882_3",0.011510
"3578_3",0.007666
"7696_1",0.901462
"7307_1",0.003464
"10043_1",0.095577
"6380_4",0.368747
"3109_2",0.005415
"398_4",0.028112
"10498_1",0.004330
"3565_8",0.997792
"7844_9",0.997717
"5879_3",0.305868
"5004_1",0.003921
"9347_2",0.005351
"2213_8",0.997209
"3654_8",0.997521
"642_2",0.003291
"9412_8",0.997864
"7418_10",0.997490
"2012_1",0.006098
"308_9",0.997868
"11695_8",0.997046
"7369_10",0.997198
"7363_3",0.027001
"7834_3",0.020163
"7705_10",0.997341
"4554_8",0.997971
"4773_7",0.997829
"11944_2",0.972054
"12303_10",0.958519
"272_10",0.947769
"11678_10",0.997879
"8157_1",0.101820
"1360_7",0.991184
"1702_7",0.963825
"7409_8",0.997753
"3865_8",0.997287
"8266_10",0.997373
"3543_3",0.060218
"8542_4",0.005286
"2188_4",0.008352
"7928_10",0.378111
"8271_1",0.005299
"2667_3",0.004082
"136_9",0.996696
"2365_8",0.995508
"9516_1",0.007285
"6205_9",0.997936
"12411_1",0.005084
"10549_2",0.343653
"2114_10",0.997852
"8379_3",0.004412
"1555_2",0.003829
"7010_4",0.226409
"10425_1",0.003261
"2970_10",0.997598
"1976_8",0.996672
"4894_8",0.880965
"995_1",0.019506
"12087_10",0.997363
"5002_1",0.003202
"10204_2",0.009190
"7689_2",0.005241
"8685_4",0.277010
"4183_1",0.004538
"7719_7",0.988802
"6350_8",0.997633
"6163_8",0.995108
"11247_4",0.020309
"8962_8",0.996781
"7849_9",0.997640
"4177_9",0.997350
"4680_1",0.984230
"10965_8",0.997424
"3534_10",0.997922
"9782_4",0.020947
"9525_9",0.997477
"3743_10",0.988428
"1688_10",0.997846
"4400_4",0.021277
"1660_8",0.781879
"8241_9",0.997892
"1238_8",0.997206
"1081_3",0.004980
"6151_2",0.005306
"6025_8",0.033625
"661_9",0.981428
"5670_8",0.997750
"6122_1",0.225830
"1767_10",0.997863
"5629_10",0.997863
"8256_10",0.997504
"8572_4",0.007218
"11580_7",0.994883
"525_3",0.004756
"2128_3",0.376723
"10254_8",0.997631
"3082_2",0.003154
"7127_1",0.004059
"9927_7",0.008192
"5694_9",0.997303
"8063_10",0.931839
"10768_1",0.006937
"7375_1",0.013527
"6220_10",0.997379
"4477_10",0.997781
"1350_8",0.997527
"9354_4",0.996802
"9015_2",0.988774
"719_1",0.003592
"10544_3",0.005744
"4496_10",0.992264
"3912_1",0.008947
"10120_10",0.995249
"6958_2",0.003830
"10964_7",0.974503
"4974_1",0.009061
"5591_9",0.997664
"2295_3",0.017253
"17_8",0.996484
"10442_2",0.011901
"3043_10",0.997609
"5243_1",0.002819
"5145_8",0.996790
"5727_7",0.888086
"3406_10",0.996745
"3552_7",0.996127
"1512_1",0.005174
"9214_9",0.997763
"3060_3",0.045806
"9086_3",0.968263
"10428_1",0.006845
"11198_10",0.994221
"1743_4",0.005946
"7795_10",0.997374
"9863_10",0.994380
"182_3",0.211531
"9644_4",0.009236
"10744_2",0.004533
"3393_10",0.997614
"3657_8",0.997555
"10435_1",0.005467
"9206_10",0.997687
"4005_10",0.995788
"5901_3",0.012229
"498_10",0.997282
"9583_2",0.004124
"2336_10",0.997908
"6107_1",0.017824
"7079_7",0.997625
"2769_4",0.806152
"4787_8",0.997533
"11123_1",0.003297
"6466_10",0.997725
"6311_9",0.997124
"1236_7",0.995368
"3635_9",0.997675
"1230_2",0.006202
"8721_7",0.997465
"7878_3",0.075604
"11731_7",0.991514
"8732_8",0.997903
"8083_8",0.929171
"3146_1",0.004161
"11395_10",0.997262
"2998_2",0.003543
"3766_4",0.155671
"353_3",0.007958
"8688_7",0.994755
"6137_10",0.997506
"11950_3",0.102627
"5663_1",0.005276
"1108_3",0.007090
"10425_10",0.997802
"913_10",0.997014
"7852_8",0.997575
"14_1",0.023694
"12062_1",0.003408
"1162_1",0.004258
"8648_10",0.997565
"10605_10",0.997856
"1091_1",0.007838
"7723_8",0.971617
"5474_8",0.997326
"8308_1",0.003321
"9586_8",0.984478
"5317_4",0.004018
"11283_8",0.010837
"9575_3",0.003685
"8846_9",0.967136
"8756_1",0.006325
"7973_4",0.003951
"9845_3",0.003461
"11335_9",0.997796
"456_8",0.996779
"378_1",0.006961
"9176_1",0.005707
"6371_10",0.995098
"3152_10",0.997744
"7441_4",0.004652
"10123_4",0.004834
"6777_1",0.699176
"7479_1",0.017476
"5563_1",0.003742
"9076_7",0.997552
"11744_1",0.080441
"1040_4",0.005548
"920_1",0.003252
"3599_4",0.003758
"9629_3",0.190002
"12346_1",0.027517
"4237_8",0.728120
"6596_10",0.944870
"11576_1",0.004044
"1140_1",0.003236
"2945_8",0.141192
"7518_9",0.990476
"3435_1",0.003627
"8219_3",0.019414
"6758_10",0.997846
"484_8",0.997736
"10012_1",0.002598
"718_10",0.997484
"12293_7",0.997460
"6241_3",0.006090
"10635_10",0.995917
"2563_1",0.010549
"7682_10",0.997244
"4993_7",0.997450
"12153_4",0.021678
"8559_7",0.128057
"9700_4",0.980146
"660_2",0.008615
"11457_4",0.006102
"7146_1",0.029422
"3771_2",0.031740
"8333_3",0.141427
"11740_7",0.997057
"7035_2",0.004561
"7054_1",0.003527
"12292_4",0.005543
"8881_4",0.606911
"7264_8",0.997804
"11168_1",0.009509
"1145_9",0.997993
"781_9",0.997733
"5694_4",0.006014
"2637_10",0.997883
"5812_8",0.805355
"6335_10",0.997397
"10491_3",0.028962
"4684_2",0.003449
"3810_2",0.003057
"12264_3",0.004792
"8018_10",0.997166
"12185_10",0.995246
"3959_3",0.054046
"9829_7",0.997692
"4694_4",0.006698
"3884_1",0.007767
"8027_10",0.997748
"743_2",0.003996
"7036_1",0.004244
"3081_1",0.004219
"4606_10",0.997385
"503_2",0.008034
"6989_10",0.997428
"10059_1",0.007096
"1380_9",0.925297
"3247_1",0.005685
"6308_8",0.997840
"1592_2",0.003419
"3167_1",0.004393
"6357_10",0.997839
"7107_7",0.992224
"5335_8",0.997553
"11948_2",0.005144
"10805_4",0.372290
"638_7",0.994769
"4311_2",0.008950
"11795_8",0.997315
"8031_9",0.995986
"11930_2",0.994379
"7886_3",0.051550
"7253_10",0.997806
"10955_3",0.677219
"10680_2",0.004339
"8754_10",0.987729
"9556_8",0.996877
"3076_10",0.989487
"1544_3",0.008288
"2726_3",0.610076
"8545_3",0.003717
"3175_3",0.005732
"2864_9",0.298217
"547_4",0.006729
"2831_9",0.994714
"5321_4",0.015022
"4675_8",0.997500
"11787_4",0.007613
"2837_10",0.997634
"7730_8",0.997235
"2309_10",0.997427
"9078_7",0.997602
"8160_10",0.997696
"7824_1",0.003102
"9926_8",0.418826
"3507_1",0.031143
"5878_3",0.991439
"6708_4",0.009568
"1096_3",0.005592
"4556_8",0.996488
"3667_10",0.939159
"9565_3",0.006013
"4737_9",0.997211
"12134_1",0.011178
"9413_7",0.997327
"1002_9",0.985503
"4889_4",0.994772
"3453_1",0.222298
"2763_2",0.006629
"8248_8",0.993369
"1881_1",0.141801
"3528_10",0.997675
"3630_1",0.772962
"11390_10",0.997945
"3991_8",0.957326
"7650_8",0.813227
"4527_8",0.997369
"10307_2",0.995853
"8872_4",0.004048
"1741_10",0.997215
"12170_9",0.882417
"11196_4",0.010954
"5524_10",0.991629
"1926_3",0.008999
"1279_8",0.884710
"1444_8",0.971323
"8975_8",0.995975
"7157_10",0.997647
"11973_2",0.003885
"7022_1",0.987328
"6939_10",0.811317
"6732_9",0.097159
"3689_1",0.004408
"10228_1",0.005791
"6314_3",0.020488
"4285_8",0.939904
"10086_10",0.954115
"9899_1",0.004935
"7556_10",0.997256
"12299_3",0.033037
"11872_3",0.896725
"4257_1",0.054863
"3028_7",0.022930
"2545_10",0.997715
"8036_4",0.024620
"5948_2",0.006729
"12113_1",0.010395
"1738_4",0.009658
"9808_10",0.982600
"2629_4",0.018470
"12003_9",0.359094
"6725_8",0.830983
"5383_8",0.976733
"12097_1",0.003639
"11402_9",0.997299
"3877_3",0.004550
"3765_4",0.994368
"11431_7",0.997222
"7419_3",0.045575
"9844_8",0.787836
"9753_1",0.007154
"12377_1",0.997573
"2775_10",0.234179
"11106_1",0.008964
"10015_8",0.996289
"9473_9",0.997844
"3633_9",0.997935
"9022_8",0.997791
"608_1",0.003936
"10724_1",0.004097
"1059_10",0.997937
"8413_3",0.005092
"2013_1",0.003724
"2814_10",0.997136
"9166_4",0.420089
"6566_7",0.100266
"9352_10",0.997415
"8123_1",0.006613
"10825_3",0.003398
"3735_8",0.997718
"7595_2",0.005698
"4946_1",0.018409
"8327_9",0.997687
"5140_2",0.007659
"10986_1",0.003795
"7385_8",0.057415
"3722_1",0.004063
"9799_2",0.022892
"1288_8",0.997399
"8089_1",0.253866
"11279_4",0.991255
"4845_10",0.996944
"8354_8",0.997617
"1373_10",0.074455
"5431_7",0.995110
"1245_2",0.007636
"11429_7",0.997518
"11606_4",0.009210
"4192_10",0.077178
"3443_1",0.019418
"4957_2",0.895797
"4971_8",0.997565
"913_1",0.097088
"10311_10",0.997752
"10558_9",0.997929
"304_10",0.996971
"7499_9",0.997991
"6529_10",0.997535
"2069_10",0.997371
"1366_10",0.997142
"10303_3",0.011567
"4476_8",0.997819
"8032_10",0.997456
"8392_8",0.993583
"10158_9",0.997643
"10886_7",0.991977
"1789_2",0.009158
"3113_1",0.005789
"7713_1",0.003762
"2685_10",0.997730
"9760_10",0.997320
"12401_10",0.997745
"2489_10",0.997583
"6382_1",0.003895
"2352_2",0.006096
"9440_1",0.004375
"10695_10",0.996387
"7297_8",0.093111
"11703_4",0.224877
"4733_1",0.007191
"1769_4",0.027706
"12219_7",0.997680
"1725_1",0.003780
"1711_8",0.107821
"7466_8",0.994724
"6987_10",0.997487
"12351_1",0.003272
"4929_10",0.997919
"10281_4",0.003616
"11555_7",0.994984
"2075_9",0.992240
"755_10",0.991253
"11705_8",0.997366
"1434_10",0.997687
"6189_7",0.778711
"3645_7",0.943967
"2963_9",0.997377
"3487_9",0.997835
"6368_7",0.994687
"2240_1",0.013183
"10126_9",0.997583
"5366_1",0.017078
"8058_10",0.997133
"10746_8",0.995531
"4852_3",0.003156
"5371_7",0.996732
"303_2",0.026898
"7169_4",0.038004
"4284_3",0.033474
"7539_2",0.010946
"11410_1",0.625108
"4710_2",0.009871
"7660_1",0.007074
"10378_8",0.894907
"10580_10",0.987964
"4295_1",0.003746
"4433_1",0.013317
"6959_9",0.997791
"6769_4",0.037151
"11996_1",0.004195
"10341_7",0.366424
"2337_1",0.003186
"11119_8",0.997113
"4228_2",0.020549
"3680_1",0.006553
"11256_1",0.003378
"1884_7",0.997643
"4750_8",0.997236
"4890_3",0.990937
"7159_10",0.997875
"10622_1",0.003931
"11753_1",0.072130
"8352_10",0.997661
"2188_9",0.997996
"6913_9",0.996357
"9193_1",0.003617
"9572_4",0.012850
"5136_2",0.005282
"4799_2",0.005352
"5045_8",0.997616
"9538_1",0.009909
"1565_4",0.098291
"12134_7",0.995337
"1437_8",0.995779
"5319_9",0.997856
"3709_10",0.997751
"2642_8",0.997574
"11143_9",0.997386
"864_10",0.996802
"9283_3",0.008974
"5089_9",0.997495
"9917_10",0.993539
"3800_7",0.990728
"6074_7",0.998002
"6433_7",0.997839
"6715_1",0.004487
"594_1",0.002939
"2469_1",0.009775
"3155_1",0.972427
"7458_10",0.064498
"2020_1",0.002965
"6921_8",0.997844
"9662_7",0.997878
"9567_7",0.981116
"5187_1",0.004016
"6831_4",0.005977
"7829_4",0.073812
"3868_3",0.967821
"2224_10",0.996456
"12015_1",0.003454
"841_1",0.012292
"224_3",0.005111
"4805_9",0.997627
"7513_2",0.120045
"7065_3",0.003247
"6192_3",0.022789
"6075_10",0.997881
"10611_7",0.997743
"10471_10",0.997324
"4198_10",0.068295
"10756_7",0.953298
"11960_1",0.083416
"2885_9",0.997811
"6837_3",0.004070
"1917_2",0.009504
"7143_3",0.006135
"1762_10",0.997151
"12066_10",0.997796
"8410_7",0.090893
"10729_4",0.010364
"6967_3",0.017663
"734_7",0.994374
"1524_10",0.997699
"2479_9",0.966313
"130_4",0.003996
"201_9",0.997886
"6157_9",0.997545
"9362_2",0.022394
"3858_10",0.988509
"9895_10",0.997867
"9953_3",0.003317
"4667_7",0.988078
"1951_1",0.003697
"8724_8",0.997699
"2886_7",0.997465
"7491_10",0.997812
"10403_4",0.891940
"7362_10",0.929490
"9466_9",0.997630
"9079_7",0.997536
"10171_1",0.008627
"9511_9",0.982567
"8775_1",0.006916
"6462_2",0.011231
"3129_2",0.004418
"12461_1",0.003074
"8541_10",0.993434
"4241_7",0.992214
"6533_10",0.015980
"12131_2",0.003852
"11577_4",0.014470
"6063_3",0.003082
"1760_9",0.985492
"3396_1",0.010201
"5385_8",0.991690
"7212_2",0.005140
"3522_8",0.995608
"1397_10",0.094856
"387_8",0.997718
"4143_9",0.997870
"9483_2",0.014353
"3250_10",0.997877
"8758_4",0.050471
"7551_10",0.997890
"2068_1",0.015433
"9534_9",0.997837
"11561_8",0.985110
"3083_2",0.005118
"2973_1",0.024774
"6574_10",0.997711
"5442_2",0.004066
"6343_3",0.011999
"6723_1",0.005713
"6252_8",0.982187
"8465_1",0.004178
"1906_7",0.823120
"7492_7",0.997282
"5508_7",0.273341
"5936_8",0.781209
"5086_8",0.996269
"2134_7",0.993689
"8301_4",0.950145
"8423_2",0.006034
"6241_10",0.997731
"8550_4",0.025665
"3330_10",0.995840
"8825_8",0.997364
"8030_1",0.004478
"4884_4",0.155805
"8391_9",0.996649
"9776_1",0.013417
"1389_7",0.996252
"12224_4",0.006663
"2162_7",0.997604
"8490_10",0.997935
"12003_4",0.007344
"11043_3",0.983823
"7266_2",0.008243
"4480_10",0.264680
"11954_9",0.997049
"3280_2",0.006068
"8084_2",0.003066
"3913_4",0.013892
"7353_10",0.997514
"3161_10",0.995120
"3941_1",0.005143
"7992_9",0.995941
"10742_10",0.997849
"69_10",0.997161
"10415_3",0.004663
"4818_10",0.997853
"5563_10",0.996098
"7018_10",0.996995
"8873_4",0.005193
"10593_3",0.040186
"12251_3",0.018035
"731_4",0.007629
"1195_10",0.997898
"7337_1",0.007205
"2448_7",0.997597
"4444_2",0.005210
"9223_2",0.004624
"463_8",0.996556
"4335_4",0.003982
"9635_8",0.656970
"8738_4",0.758039
"6724_1",0.005337
"5504_1",0.003317
"10185_1",0.009943
"901_9",0.997846
"10452_8",0.997960
"8289_10",0.997774
"10112_1",0.003044
"9950_8",0.997504
"8644_4",0.329917
"11534_7",0.993948
"5708_4",0.022281
"6781_1",0.003310
"3582_10",0.997761
"4591_7",0.568323
"3327_1",0.114370
"9536_9",0.997947
"3047_2",0.011604
"2830_9",0.997870
"4300_1",0.013882
"4160_4",0.012924
"11783_10",0.996862
"6029_9",0.995485
"6907_2",0.013098
"691_2",0.005429
"585_1",0.993156
"11182_3",0.350241
"10433_2",0.003076
"11201_2",0.849796
"588_7",0.996794
"2522_10",0.997718
"7002_2",0.011949
"2059_10",0.997869
"4925_10",0.985700
"7791_9",0.997803
"6392_10",0.997851
"3305_7",0.997701
"11951_10",0.988306
"12167_1",0.003019
"5814_10",0.997808
"2590_10",0.997193
"10571_3",0.036209
"5452_4",0.015184
"6480_10",0.997321
"11050_8",0.997987
"11523_3",0.010002
"6556_8",0.997782
"597_9",0.997510
"4049_3",0.005116
"6652_8",0.997833
"5591_4",0.055442
"12295_1",0.004406
"11478_10",0.997737
"6436_1",0.005900
"2487_2",0.006656
"7520_7",0.997592
"5203_9",0.997892
"6162_10",0.997687
"3840_4",0.452644
"7471_10",0.997913
"5021_1",0.003355
"5593_10",0.996715
"7489_10",0.997344
"1208_10",0.992951
"11983_10",0.997559
"23_4",0.008027
"3622_7",0.980985
"7821_1",0.003847
"9726_3",0.028004
"2890_10",0.997849
"11695_4",0.963890
"3751_10",0.997661
"5136_8",0.997584
"8730_7",0.997689
"4341_7",0.055136
"9148_3",0.003455
"6385_3",0.005753
"8560_8",0.020470
"766_2",0.007972
"8847_10",0.997174
"7455_1",0.003182
"3187_8",0.864147
"9683_1",0.004654
"7744_10",0.997376
"11136_10",0.997401
"214_1",0.007881
"2105_9",0.997433
"1265_10",0.992782
"9122_2",0.858921
"9296_10",0.994982
"8107_2",0.009356
"8134_2",0.006146
"3788_10",0.997672
"2429_10",0.996466
"8567_1",0.003654
"7400_10",0.990802
"1789_7",0.929483
"11098_2",0.006073
"918_10",0.907460
"3389_10",0.994772
"3754_1",0.088488
"8807_9",0.957201
"7900_9",0.997824
"6541_1",0.010162
"981_1",0.004854
"2142_9",0.997185
"1639_1",0.004319
"4162_1",0.003143
"2476_10",0.996452
"9941_4",0.012869
"4020_3",0.005586
"6823_4",0.122965
"6236_2",0.004355
"7793_4",0.012960
"7431_9",0.997554
"6864_7",0.947527
"184_9",0.996175
"735_7",0.996476
"1673_8",0.997817
"6209_1",0.005006
"4167_10",0.997906
"7854_1",0.044569
"6281_7",0.997684
"3045_1",0.003740
"598_9",0.997629
"5411_10",0.997963
"3781_4",0.012329
"10627_2",0.008181
"11283_2",0.883040
"4594_8",0.947990
"12424_7",0.772786
"6705_8",0.996656
"5274_8",0.010819
"2107_7",0.971044
"10685_7",0.036341
"1992_10",0.990860
"6711_1",0.003912
"1899_10",0.997077
"6307_9",0.997693
"5702_10",0.994808
"6865_7",0.997506
"5047_10",0.997653
"2762_8",0.992923
"2830_4",0.015697
"9305_7",0.997293
"4358_1",0.005122
"7558_10",0.997775
"8607_10",0.996950
"4599_9",0.986187
"5267_4",0.026018
"5667_10",0.997671
"10108_8",0.997748
"8432_3",0.004072
"845_2",0.006154
"552_2",0.044524
"169_7",0.996762
"12311_1",0.005240
"5884_3",0.130419
"2938_4",0.940373
"11378_7",0.982965
"7337_10",0.997640
"4378_7",0.997266
"4660_10",0.997483
"2461_4",0.027948
"7011_10",0.997806
"9907_2",0.003349
"6134_2",0.005625
"1548_1",0.021684
"157_3",0.007330
"2189_2",0.005007
"9021_3",0.673206
"7699_1",0.003694
"9298_1",0.003189
"539_3",0.012848
"10243_2",0.003227
"8659_9",0.996887
"10748_8",0.994325
"6757_4",0.005549
"7196_8",0.997392
"2579_9",0.996744
"5896_10",0.996842
"2308_9",0.997710
"12318_1",0.036120
"12244_4",0.913108
"10131_7",0.087046
"3608_4",0.897657
"10891_10",0.997815
"10517_10",0.997705
"2180_8",0.996314
"2498_7",0.997552
"3382_1",0.003813
"12196_4",0.005267
"7079_3",0.090781
"562_8",0.292448
"984_3",0.023081
"7756_10",0.997642
"11553_1",0.003472
"1880_4",0.950893
"9842_7",0.405184
"795_3",0.002784
"11707_10",0.974562
"8457_9",0.995673
"2483_4",0.009735
"4903_3",0.621997
"12223_2",0.003370
"8418_2",0.003338
"6194_10",0.997744
"3214_10",0.997769
"12208_3",0.008332
"7001_10",0.997265
"8533_8",0.992941
"8236_4",0.007637
"2867_1",0.003514
"7876_9",0.984419
"9640_8",0.997850
"11866_3",0.006238
"4262_4",0.013646
"5711_4",0.993423
"214_9",0.993769
"9641_4",0.049958
"9086_9",0.997804
"12088_2",0.003950
"76_8",0.998045
"1537_10",0.997482
"10510_2",0.002797
"778_1",0.003108
"458_9",0.997873
"12472_1",0.003259
"7914_1",0.981036
"8595_10",0.997820
"7741_4",0.005736
"9056_4",0.005545
"538_4",0.013483
"12049_4",0.051835
"9613_8",0.996547
"7051_4",0.598358
"2549_7",0.996804
"12139_3",0.003616
"4006_7",0.179025
"11662_10",0.994176
"497_2",0.004209
"5556_2",0.009963
"8287_10",0.997919
"4712_9",0.997149
"8237_1",0.002774
"4466_9",0.996988
"4141_1",0.011543
"3303_10",0.995734
"5384_2",0.005309
"8494_1",0.007106
"5127_2",0.029993
"6961_9",0.997368
"10856_1",0.004532
"9421_7",0.997090
"3776_10",0.997748
"5958_1",0.004073
"6227_8",0.996041
"10991_1",0.015022
"7996_10",0.997605
"12372_9",0.995752
"1460_2",0.006993
"10183_1",0.003938
"2829_4",0.008094
"9797_4",0.003383
"2988_3",0.004402
"3974_3",0.069847
"11419_4",0.006010
"11472_7",0.972940
"8489_7",0.996306
"11938_4",0.003929
"1057_8",0.997127
"7213_1",0.004728
"2615_10",0.985501
"3101_1",0.003572
"7553_1",0.511498
"10258_1",0.003526
"8551_10",0.997939
"11233_4",0.003494
"2996_4",0.024151
"8670_3",0.222926
"10586_9",0.991937
"501_10",0.997668
"11398_9",0.997609
"9223_8",0.997773
"5432_9",0.925967
"7517_10",0.997184
"11616_7",0.996456
"5055_2",0.003728
"9285_1",0.003711
"5175_1",0.003496
"872_1",0.004077
"8890_7",0.934198
"178_2",0.005029
"10660_4",0.940983
"11461_4",0.025310
"9461_8",0.989973
"3992_3",0.005012
"1173_1",0.004276
"8261_10",0.993981
"10007_4",0.002789
"10751_10",0.995022
"5021_8",0.997635
"10553_7",0.915474
"12464_8",0.997607
"8616_8",0.997572
"9697_1",0.004953
"2800_1",0.004233
"521_1",0.004814
"7535_10",0.997465
"4352_9",0.990068
"2246_10",0.997477
"7039_4",0.010238
"10344_4",0.007757
"12195_10",0.997487
"3671_4",0.613493
"1767_2",0.007689
"6536_1",0.004989
"8951_1",0.003694
"12462_9",0.997994
"8489_2",0.012280
"11884_10",0.997645
"8602_1",0.009643
"9229_1",0.004197
"10611_3",0.004750
"6764_4",0.956808
"2612_1",0.005663
"213_3",0.003947
"1987_2",0.005913
"3082_9",0.996256
"10504_7",0.997330
"8862_9",0.996375
"5512_10",0.821842
"3198_10",0.997431
"11521_1",0.003565
"9841_8",0.971997
"1781_10",0.996798
"8389_1",0.005375
"10225_1",0.003285
"1403_4",0.007666
"3792_8",0.997883
"4361_9",0.997926
"6579_7",0.997204
"3891_2",0.010431
"10782_8",0.997300
"12290_2",0.011896
"1710_1",0.006509
"5507_7",0.996352
"10523_1",0.005842
"6722_10",0.041516
"3401_10",0.997916
"8079_1",0.005653
"5650_10",0.997089
"1843_4",0.007769
"8228_7",0.724037
"1138_8",0.994880
"7943_9",0.996761
"2219_4",0.003785
"11675_4",0.115481
"7748_9",0.997837
"3859_1",0.003155
"1497_1",0.004547
"2115_10",0.997596
"9622_4",0.003659
"9482_10",0.997069
"9084_2",0.373833
"2744_1",0.007811
"6599_3",0.003651
"10991_10",0.997391
"8444_9",0.995985
"1362_3",0.012271
"6820_10",0.997914
"10806_3",0.008550
"5509_3",0.028246
"1939_8",0.981109
"498_1",0.013001
"12238_10",0.932729
"4154_4",0.013643
"11557_1",0.003358
"6658_7",0.997519
"1183_2",0.009179
"3764_10",0.461682
"12421_3",0.006225
"8166_1",0.010225
"88_10",0.997643
"6291_7",0.996475
"4637_2",0.013377
"4194_10",0.997419
"9020_10",0.990222
"9749_8",0.852070
"3308_1",0.003699
"2569_9",0.997968
"9696_8",0.657346
"8680_1",0.005982
"10469_3",0.004820
"6208_1",0.003753
"9862_3",0.800070
"7663_10",0.996908
"811_10",0.997758
"5452_8",0.997920
"4347_10",0.997702
"10922_8",0.996500
"10466_3",0.005103
"11650_8",0.997663
"5126_4",0.004863
"3454_8",0.997379
"11021_10",0.997796
"1160_1",0.004746
"1948_10",0.997732
"8741_10",0.812245
"8996_4",0.994647
"11572_2",0.017228
"2183_7",0.833945
"1779_9",0.112685
"5466_10",0.997677
"1756_1",0.005748
"7777_3",0.005084
"429_3",0.012306
"1736_10",0.997171
"1746_10",0.997765
"7613_8",0.995184
"4315_10",0.994748
"12186_10",0.997692
"4231_8",0.997481
"659_8",0.997737
"7739_10",0.997847
"43_10",0.997996
"2960_4",0.004932
"11665_4",0.009259
"4399_9",0.997876
"6993_8",0.991178
"6523_10",0.997442
"7068_1",0.004687
"3005_1",0.354791
"10419_8",0.997917
"3160_2",0.016132
"1881_10",0.032942
"5623_10",0.642464
"2263_10",0.997654
"5736_8",0.997644
"550_3",0.004898
"368_4",0.114782
"9100_10",0.997719
"930_3",0.006830
"866_10",0.997306
"11251_7",0.996932
"10708_9",0.722773
"247_2",0.027209
"4080_10",0.995535
"2104_10",0.997804
"8_2",0.017511
"1485_3",0.006717
"3133_1",0.042530
"331_10",0.997887
"12213_1",0.011034
"2825_3",0.004861
"8316_3",0.041817
"11102_3",0.005186
"9719_1",0.004611
"1951_7",0.997303
"10577_1",0.003251
"9941_9",0.997798
"12246_1",0.004270
"7579_4",0.035294
"7111_7",0.991682
"1068_3",0.008205
"1872_4",0.934618
"834_4",0.981286
"12088_7",0.833545
"7785_3",0.367363
"7364_10",0.997417
"4441_2",0.005550
"3957_10",0.997944
"7789_1",0.008711
"3296_1",0.007629
"6656_8",0.946494
"7366_2",0.005409
"10579_10",0.997298
"1292_8",0.995644
"3172_10",0.996753
"4948_10",0.997819
"8690_3",0.022481
"3279_1",0.004899
"7221_3",0.005116
"6376_2",0.008401
"4901_4",0.010742
"1591_10",0.997592
"2905_4",0.014228
"8656_7",0.973223
"10100_3",0.988453
"6918_10",0.996596
"7105_8",0.945169
"8220_10",0.991176
"916_3",0.006725
"7831_8",0.008680
"11118_10",0.997888
"7993_10",0.993582
"2665_3",0.005107
"1680_2",0.003811
"632_8",0.997625
"5838_10",0.997825
"4039_9",0.997794
"309_3",0.016118
"6715_7",0.240907
"9130_4",0.059577
"722_10",0.994386
"9485_3",0.010846
"5421_9",0.896078
"2053_4",0.003420
"8824_4",0.004674
"906_4",0.934133
"4325_4",0.053358
"3131_1",0.008054
"4732_10",0.060318
"7628_1",0.005596
"3903_8",0.996022
"2781_7",0.986790
"2530_1",0.004709
"8740_9",0.996736
"9456_4",0.005989
"8705_10",0.997270
"9894_4",0.005628
"7573_10",0.997717
"117_1",0.003047
"1578_7",0.130261
"2822_9",0.996732
"2544_10",0.997438
"10988_10",0.997251
"9846_3",0.005365
"6242_3",0.013774
"5626_3",0.969541
"4053_9",0.996694
"10157_8",0.997280
"10582_2",0.004843
"11091_1",0.004049
"10436_8",0.997814
"3432_8",0.997900
"3007_3",0.929525
"11467_4",0.112248
"9877_8",0.010855
"4839_1",0.003881
"2766_3",0.038708
"11528_9",0.997575
"4327_1",0.004632
"8087_10",0.986247
"3394_10",0.997882
"4690_4",0.149616
"11642_8",0.977620
"2603_1",0.003181
"9578_8",0.997313
"8316_10",0.997231
"8184_9",0.997675
"9764_10",0.997916
"3248_2",0.003422
"5784_3",0.004938
"3686_1",0.004624
"10901_10",0.959591
"606_9",0.997881
"6887_1",0.007919
"4240_4",0.010592
"977_9",0.997572
"2232_7",0.994551
"4107_8",0.997090
"11897_10",0.997823
"10418_8",0.997854
"5274_1",0.008776
"5978_10",0.997875
"6781_7",0.982120
"6704_10",0.982762
"8290_4",0.039030
"9826_8",0.996815
"10066_1",0.011628
"1135_1",0.004551
"6683_9",0.997773
"9991_8",0.990142
"1710_10",0.997127
"4774_2",0.007471
"3621_2",0.979479
"9258_1",0.009213
"12244_8",0.997712
"401_1",0.003304
"11869_10",0.997833
"3092_3",0.004777
"2910_7",0.997779
"961_1",0.986945
"6927_7",0.038355
"4819_2",0.004396
"658_7",0.651836
"5477_2",0.005833
"7766_1",0.006457
"4159_3",0.008114
"5010_10",0.997708
"11093_3",0.005490
"7287_10",0.997864
"3462_9",0.996957
"1652_1",0.003942
"12077_2",0.019719
"3798_10",0.973811
"2696_10",0.997779
"2803_8",0.986764
"11941_2",0.005586
"8090_8",0.989667
"6994_4",0.022223
"1242_7",0.997535
"8828_9",0.995326
"1346_1",0.003270
"468_1",0.003141
"3665_4",0.007086
"4476_4",0.137228
"6043_9",0.991099
"5830_3",0.003510
"3159_10",0.995482
"6975_1",0.997667
"7338_1",0.003714
"1424_10",0.993789
"6487_7",0.996321
"3023_7",0.997037
"4749_3",0.951660
"4596_3",0.008976
"4681_8",0.997651
"4235_1",0.004260
"2912_8",0.995333
"6552_1",0.004913
"4329_1",0.006067
"3876_1",0.005072
"9168_9",0.997382
"8747_10",0.996349
"11842_10",0.997708
"5612_10",0.989466
"10371_8",0.997745
"4804_7",0.997471
"4914_7",0.997417
"2520_3",0.962724
"8053_3",0.003938
"11302_4",0.005044
"4766_1",0.073684
"1820_4",0.005884
"4668_1",0.003357
"3521_2",0.005684
"3467_7",0.997946
"1885_4",0.010461
"4206_1",0.008725
"2774_10",0.996778
"12060_1",0.003723
"5664_10",0.996790
"7078_10",0.997206
"4797_8",0.997911
"2735_3",0.003621
"7981_4",0.021335
"10440_7",0.996606
"11611_7",0.997106
"5553_1",0.003347
"12415_2",0.142704
"10807_3",0.319523
"5539_1",0.057158
"9489_10",0.997365
"11053_10",0.997217
"7493_10",0.996122
"10400_4",0.009758
"9856_10",0.997770
"6813_10",0.997202
"679_10",0.991012
"7502_3",0.005146
"3842_7",0.993666
"7800_10",0.997873
"4253_9",0.997607
"2103_1",0.007446
"9581_3",0.983824
"7335_10",0.995959
"3304_8",0.978679
"12276_3",0.010018
"5451_3",0.006202
"1873_3",0.005976
"5857_7",0.032046
"5423_10",0.997365
"6400_10",0.997624
"6419_3",0.022176
"3775_4",0.006806
"5165_8",0.996127
"6555_1",0.003384
"3806_4",0.004431
"8584_7",0.996733
"5390_7",0.937339
"10965_1",0.040358
"6680_9",0.997902
"5034_1",0.025238
"7718_2",0.006416
"2688_4",0.997369
"9107_2",0.005576
"5993_1",0.004170
"7456_10",0.994279
"8581_8",0.997762
"8852_3",0.004857
"4239_10",0.997711
"9012_10",0.996921
"6661_9",0.997599
"6786_10",0.955563
"12257_3",0.012790
"8700_8",0.995911
"8848_8",0.968635
"11377_4",0.010112
"4722_2",0.008780
"8546_9",0.962413
"3091_4",0.005143
"4124_7",0.092291
"10860_10",0.997926
"2684_10",0.997727
"4968_10",0.997973
"10785_4",0.005502
"4871_8",0.997485
"1064_8",0.997874
"9452_2",0.003472
"9965_1",0.003211
"1358_10",0.997368
"12094_10",0.996165
"415_10",0.996616
"8308_10",0.007231
"11112_9",0.997789
"6271_4",0.007794
"7324_8",0.993844
"7950_8",0.997765
"8880_3",0.005811
"5610_7",0.992962
"3918_8",0.997666
"7209_2",0.005770
"4916_10",0.997830
"6782_3",0.019149
"5607_3",0.007123
"5492_10",0.998017
"2824_3",0.003575
"1533_10",0.997879
"9663_9",0.997055
"11087_3",0.005131
"3360_1",0.008140
"12040_1",0.010730
"329_10",0.997739
"4819_7",0.971861
"11985_8",0.990606
"6491_4",0.004955
"7151_10",0.997765
"6807_10",0.997695
"3353_10",0.997637
"3592_10",0.997167
"928_10",0.898304
"3100_7",0.991553
"7390_3",0.003148
"8466_8",0.943363
"777_10",0.997870
"10007_10",0.997740
"7673_1",0.003970
"8255_1",0.995896
"3734_8",0.997224
"6217_10",0.030896
"2264_1",0.013659
"7637_7",0.997699
"3494_3",0.004554
"1012_1",0.675668
"9796_2",0.004363
"444_2",0.004415
"10968_8",0.996654
"8328_10",0.996794
"2417_8",0.997346
"253_3",0.011668
"3740_8",0.997459
"5904_3",0.033921
"6664_8",0.984705
"12027_1",0.003257
"8658_10",0.920206
"4505_1",0.005640
"1008_10",0.990448
"7922_3",0.005858
"655_10",0.997936
"6383_10",0.997453
"5868_1",0.005168
"7827_10",0.997386
"722_3",0.008273
"3933_4",0.006499
"1358_3",0.020758
"8939_8",0.996722
"9502_10",0.996021
"4798_9",0.997753
"7088_3",0.010608
"9904_3",0.003274
"11214_2",0.005491
"11293_8",0.005932
"11924_10",0.997763
"6168_8",0.997696
"4329_10",0.996446
"10345_3",0.006010
"5512_3",0.025742
"1291_1",0.004015
"7568_3",0.005580
"2747_4",0.010700
"7484_1",0.003185
"3915_2",0.004537
"8527_4",0.004818
"4686_10",0.995719
"6909_1",0.007332
"10587_10",0.966552
"9167_8",0.997313
"4739_4",0.022752
"6266_4",0.012936
"6155_10",0.997657
"11409_9",0.130139
"3874_7",0.162947
"7049_3",0.132520
"11158_2",0.003797
"5714_10",0.997915
"11248_1",0.003296
"8854_3",0.271190
"3191_4",0.125002
"5537_7",0.996972
"4919_7",0.997462
"8109_9",0.997689
"7476_4",0.870175
"5890_10",0.997863
"5837_10",0.997795
"2623_9",0.997897
"5033_1",0.012843
"12055_8",0.997261
"8420_4",0.085223
"5854_10",0.997791
"9631_7",0.997342
"11705_3",0.005694
"3869_7",0.997593
"10836_9",0.996967
"7027_1",0.005101
"55_4",0.004492
"11124_8",0.997812
"3533_3",0.003582
"1552_10",0.997922
"11307_1",0.003385
"11974_7",0.976377
"7246_3",0.009648
"10648_3",0.003437
"11991_10",0.421969
"10494_8",0.997571
"8109_1",0.003687
"4764_1",0.005067
"3527_1",0.004096
"4059_9",0.997800
"3729_4",0.004369
"5073_4",0.972977
"4984_9",0.997584
"2371_10",0.997040
"9597_10",0.997794
"10823_9",0.997727
"3123_10",0.996974
"2951_10",0.997584
"9800_1",0.002760
"1824_3",0.051290
"6238_2",0.936012
"8830_9",0.994356
"12355_8",0.086550
"4002_10",0.997582
"405_10",0.172300
"4314_1",0.036759
"9201_10",0.997812
"10466_8",0.995183
"3736_2",0.006086
"1641_10",0.997642
"3381_1",0.006503
"11711_9",0.996424
"4970_3",0.235278
"6958_10",0.997515
"646_9",0.997832
"3590_9",0.997989
"7218_9",0.997115
"5091_10",0.997931
"8820_2",0.005117
"3938_8",0.996010
"2616_10",0.672304
"7808_1",0.004666
"3508_10",0.997638
"8974_8",0.995289
"4383_4",0.996257
"6360_4",0.778220
"2759_8",0.996155
"7417_1",0.004072
"10880_1",0.004319
"5488_2",0.007198
"8015_9",0.997688
"6484_3",0.003674
"10117_1",0.003418
"11363_1",0.003545
"3334_7",0.995075
"3369_7",0.133961
"9609_1",0.003864
"8396_10",0.996474
"8267_10",0.997747
"10335_7",0.997628
"1973_4",0.013945
"7123_10",0.997760
"6949_9",0.997927
"10652_4",0.022862
"10256_4",0.004344
"4557_9",0.997794
"8929_1",0.006837
"2429_1",0.010853
"3994_1",0.006590
"11454_7",0.004217
"11874_4",0.324438
"4891_3",0.010387
"2216_7",0.997686
"2039_4",0.025534
"505_1",0.005443
"313_1",0.003717
"3383_2",0.006007
"9453_7",0.028674
"426_9",0.058686
"311_10",0.997642
"11291_10",0.997788
"835_8",0.995708
"2143_9",0.992821
"8200_2",0.009999
"11716_2",0.997818
"3786_2",0.214455
"3818_4",0.004137
"12106_1",0.005057
"2605_4",0.015711
"10518_7",0.982436
"3932_8",0.996932
"7515_4",0.051477
"9857_10",0.682855
"449_3",0.611932
"3573_9",0.997710
"10198_8",0.914665
"2286_9",0.997192
"6906_3",0.006093
"3807_2",0.015515
"11602_8",0.979555
"10201_7",0.997577
"8717_8",0.996157
"10411_10",0.997865
"11099_3",0.007862
"5619_10",0.993629
"9252_10",0.997194
"6097_10",0.997638
"6467_1",0.012551
"2757_2",0.006455
"1869_10",0.997556
"5192_2",0.010339
"11399_10",0.997732
"898_3",0.112817
"6820_2",0.397662
"768_2",0.008430
"1783_10",0.951010
"8102_9",0.993783
"7818_2",0.031347
"2444_10",0.995593
"3965_4",0.004902
"7086_4",0.996151
"10556_3",0.021729
"5221_1",0.011098
"4322_10",0.997781
"7371_1",0.003606
"1318_8",0.864479
"8142_3",0.843551
"3413_10",0.996827
"3845_9",0.997602
"7323_1",0.004403
"5273_3",0.004082
"11812_4",0.116720
"5737_7",0.995222
"7260_2",0.008990
"5018_3",0.017117
"7779_10",0.998060
"894_7",0.398505
"11940_3",0.004751
"2471_7",0.997750
"6605_10",0.964569
"282_10",0.926967
"12402_3",0.067884
"7974_1",0.007736
"12280_7",0.997122
"10917_2",0.006403
"12164_1",0.003724
"3181_1",0.006045
"11240_1",0.011731
"11255_9",0.974375
"2318_2",0.009525
"4976_7",0.993993
"1822_8",0.996824
"11724_7",0.996289
"3499_3",0.007710
"9439_9",0.859408
"5469_10",0.997360
"7612_9",0.997907
"3947_8",0.997647
"11269_1",0.003679
"5771_8",0.996381
"4461_8",0.997565
"5683_9",0.997885
"639_1",0.004251
"9896_3",0.988172
"5131_8",0.990493
"5961_3",0.005885
"5741_2",0.004568
"6418_4",0.997738
"5416_1",0.003192
"3114_7",0.997537
"3587_3",0.006063
"5472_10",0.997914
"9802_9",0.995536
"4313_3",0.990673
"2921_7",0.997270
"11468_8",0.996517
"12250_10",0.997244
"3481_10",0.413729
"2067_2",0.003320
"8574_4",0.003998
"861_9",0.996450
"10381_2",0.004038
"5479_1",0.989215
"1107_9",0.995288
"4475_1",0.003192
"469_2",0.006410
"605_4",0.009785
"2182_1",0.004876
"9401_7",0.997543
"2518_8",0.997333
"5329_8",0.992914
"3202_1",0.004928
"256_4",0.984465
"7235_3",0.005433
"4661_3",0.864398
"11045_1",0.007881
"1417_4",0.012625
"4186_10",0.991306
"985_4",0.004412
"6553_1",0.004235
"3118_1",0.004495
"3297_1",0.009795
"5843_10",0.995743
"7645_7",0.992192
"11958_1",0.004204
"10823_3",0.019175
"5097_4",0.416799
"4344_10",0.997757
"5442_8",0.996606
"11969_10",0.190351
"7015_10",0.997792
"1419_4",0.985798
"914_1",0.003411
"11911_8",0.064538
"5930_8",0.992388
"3853_10",0.997748
"9404_1",0.004778
"207_9",0.997568
"2018_1",0.007896
"11192_7",0.997526
"6679_4",0.562552
"1184_3",0.003591
"3291_10",0.997618
"12323_9",0.997911
"7524_1",0.005052
"443_8",0.997829
"7964_1",0.003701
"730_1",0.003324
"8969_7",0.996907
"8581_3",0.069886
"12152_4",0.005925
"4528_10",0.994936
"5984_2",0.005543
"4446_10",0.997380
"7039_8",0.997713
"591_8",0.995826
"6869_7",0.849344
"1836_7",0.997875
"4183_10",0.997905
"8590_1",0.010133
"5647_10",0.994377
"11076_10",0.997863
"11241_1",0.005914
"876_10",0.997657
"8390_1",0.003539
"1462_9",0.997314
"8362_7",0.201175
"3400_1",0.005910
"2318_8",0.997565
"5389_4",0.611587
"8617_4",0.005292
"9200_10",0.997192
"8878_10",0.997288
"12110_1",0.975759
"9101_10",0.997782
"4967_3",0.011413
"12436_1",0.004054
"8845_4",0.018729
"3420_4",0.970635
"7428_7",0.996930
"11769_10",0.997582
"7025_1",0.046451
"1561_10",0.997695
"3704_1",0.003431
"3529_8",0.996959
"12234_4",0.132721
"10600_3",0.004901
"1028_4",0.115271
"6764_10",0.997835
"1815_2",0.008047
"10953_4",0.005394
"2809_7",0.995878
"8393_10",0.996743
"2743_1",0.977528
"10711_10",0.997680
"6173_10",0.997715
"9664_7",0.996624
"6335_3",0.005031
"1665_4",0.009373
"4174_10",0.997782
"2038_1",0.023221
"3717_10",0.985586
"9361_10",0.995473
"415_1",0.006139
"1460_9",0.997865
"5915_4",0.023123
"7187_3",0.006894
"11050_1",0.003714
"8822_10",0.997647
"12407_1",0.003433
"4543_2",0.003174
"10560_9",0.997839
"9108_10",0.997824
"2999_9",0.957983
"1703_7",0.997110
"206_2",0.005164
"2095_3",0.004262
"6454_8",0.997909
"2773_1",0.003648
"6252_1",0.003281
"2848_7",0.075918
"6887_10",0.997923
"8660_1",0.004293
"1675_9",0.997657
"9842_1",0.003558
"9118_10",0.997773
"5793_4",0.009505
"941_10",0.997788
"8832_1",0.012256
"7584_3",0.010014
"9746_10",0.997377
"1965_10",0.997436
"5346_10",0.997926
"9738_4",0.875538
"5905_9",0.997515
"336_1",0.004866
"5621_1",0.005455
"5976_10",0.997957
"3000_8",0.976591
"5172_7",0.997779
"311_3",0.004143
"2035_4",0.928889
"6084_10",0.996919
"7284_9",0.991316
"6449_8",0.997478
"8671_3",0.007291
"636_9",0.993977
"11330_8",0.997263
"1300_1",0.191777
"11538_1",0.003800
"5159_3",0.017805
"3742_9",0.997814
"11281_9",0.808005
"4128_1",0.963630
"4382_7",0.985903
"862_3",0.017248
"5941_8",0.997056
"8576_3",0.117628
"10570_1",0.004816
"10682_3",0.020013
"12497_10",0.996917
"2026_7",0.996149
"9657_10",0.997878
"999_8",0.994874
"1664_2",0.304397
"1795_8",0.827748
"4280_4",0.988512
"952_10",0.997539
"4725_7",0.997915
"8162_2",0.004174
"10062_9",0.980708
"4719_10",0.997994
"10388_4",0.824041
"6183_9",0.997893
"3703_8",0.997851
"11259_4",0.008705
"8578_8",0.997782
"12040_9",0.997925
"6500_7",0.984146
"3473_10",0.997880
"11784_4",0.005110
"613_10",0.995566
"4631_1",0.052569
"2426_10",0.981751
"7088_7",0.997772
"5851_7",0.996363
"3904_2",0.003851
"1329_7",0.051078
"2160_7",0.304225
"4796_10",0.996810
"8760_1",0.004848
"7859_8",0.977095
"4251_10",0.997036
"8143_4",0.006092
"11713_9",0.997502
"5037_10",0.997884
"9621_7",0.994435
"2600_10",0.997602
"2027_1",0.004790
"8225_1",0.004547
"12463_10",0.639435
"7842_8",0.996518
"4768_2",0.183841
"2644_1",0.004040
"4193_7",0.911507
"5150_7",0.995046
"5942_7",0.997622
"8293_1",0.003833
"6046_10",0.027313
"12148_9",0.997789
"966_10",0.713390
"6428_8",0.997742
"12465_2",0.005592
"342_10",0.007231
"9246_4",0.003068
"8683_4",0.094945
"627_7",0.996522
"5614_4",0.023608
"4546_3",0.025105
"4384_1",0.004270
"3144_1",0.009326
"9530_10",0.996817
"10558_4",0.003124
"619_1",0.002951
"11594_9",0.996868
"6511_7",0.997661
"8351_7",0.986061
"9163_3",0.005122
"12078_1",0.004100
"5489_8",0.996192
"4191_1",0.033972
"2373_10",0.127790
"8664_4",0.029036
"4556_2",0.021454
"9004_8",0.997870
"1357_4",0.003889
"152_10",0.997666
"2977_1",0.004028
"8812_1",0.003589
"8544_4",0.004026
"4821_2",0.003278
"7874_8",0.924358
"1689_1",0.004557
"9654_1",0.004907
"9363_2",0.004509
"8959_1",0.004604
"6113_1",0.904198
"10702_1",0.026725
"1839_4",0.006425
"10587_1",0.007459
"11715_3",0.996633
"12252_8",0.997462
"9480_3",0.002927
"6438_1",0.009591
"3762_9",0.996654
"5350_10",0.995777
"3927_9",0.996465
"9598_2",0.010450
"3930_3",0.002855
"6647_1",0.004179
"9251_10",0.997322
"5926_2",0.008186
"11530_8",0.988608
"1625_3",0.224387
"10515_8",0.976453
"11185_10",0.996604
"8675_10",0.997892
"3701_1",0.004853
"9222_10",0.997297
"6253_10",0.996688
"4657_7",0.996499
"10013_9",0.996097
"4938_10",0.997849
"3073_10",0.996902
"9081_8",0.997836
"6928_8",0.997543
"217_3",0.004090
"2927_3",0.006592
"2379_1",0.005305
"10476_2",0.153620
"8640_10",0.997482
"2810_3",0.006485
"6433_1",0.004843
"6390_10",0.669889
"11829_8",0.997414
"7581_10",0.997638
"11836_3",0.007236
"2794_1",0.031835
"5263_1",0.005242
"1041_10",0.997842
"7296_1",0.281721
"10557_8",0.997391
"5339_9",0.997208
"4766_8",0.997940
"8126_3",0.006417
"9876_2",0.004108
"2443_4",0.003536
"10179_10",0.997244
"6211_3",0.004998
"925_10",0.992467
"5050_8",0.997886
"1891_10",0.997749
"4767_3",0.021510
"11625_10",0.997464
"3388_2",0.007897
"4908_3",0.008249
"11205_9",0.994569
"2228_10",0.995583
"11236_1",0.006225
"2367_10",0.993849
"5060_3",0.004595
"3292_1",0.009017
"11282_2",0.007180
"5307_10",0.997736
"6963_4",0.006620
"1319_10",0.997809
"9660_1",0.007740
"7254_9",0.997898
"9441_10",0.997730
"3838_4",0.342106
"6209_8",0.954044
"3049_9",0.997847
"3033_4",0.785245
"784_4",0.003088
"3921_3",0.007216
"9196_8",0.997069
"7652_3",0.994390
"11650_1",0.005060
"1548_10",0.997279
"10770_7",0.982817
"3283_9",0.997642
"1567_1",0.006031
"10405_4",0.006120
"6980_1",0.003224
"12218_4",0.038257
"5250_10",0.997848
"11977_10",0.997630
"10602_2",0.007454
"11178_10",0.996873
"9590_10",0.866546
"1260_10",0.996717
"8367_10",0.997759
"2571_7",0.024303
"7422_1",0.002952
"5486_7",0.299443
"2282_8",0.996859
"6119_2",0.013710
"1433_8",0.997687
"12365_4",0.993160
"10535_3",0.005944
"5464_1",0.005885
"9983_7",0.996884
"10209_7",0.996312
"3777_1",0.719170
"12443_10",0.997982
"1488_4",0.171633
"8670_9",0.995304
"1258_10",0.997525
"9_7",0.997606
"12175_9",0.997558
"211_10",0.983625
"6329_7",0.997751
"8866_10",0.995263
"5911_9",0.998013
"6100_1",0.007439
"6342_9",0.138083
"5455_4",0.220250
"1215_1",0.005883
"11020_3",0.005006
"7975_1",0.004540
"6720_2",0.004714
"8986_10",0.997755
"4874_9",0.996611
"7204_1",0.004292
"2612_10",0.995614
"6923_9",0.997118
"5742_10",0.997614
"5044_3",0.305537
"5013_9",0.861940
"9752_8",0.997897
"1112_8",0.997850
"10925_8",0.997663
"7012_4",0.136147
"11484_10",0.996047
"883_4",0.970631
"2398_10",0.997777
"8990_8",0.486346
"1194_10",0.997576
"2313_1",0.008956
"9584_1",0.004002
"11638_10",0.997520
"5995_3",0.007998
"4456_10",0.997704
"321_1",0.506383
"7147_1",0.027058
"10212_4",0.004048
"7960_10",0.994960
"8022_7",0.997113
"11649_9",0.996646
"8442_8",0.995623
"8976_1",0.008990
"9199_10",0.997908
"8925_10",0.996969
"3079_2",0.004800
"7727_10",0.997555
"2338_1",0.003336
"3221_2",0.004521
"288_7",0.035003
"7150_10",0.997476
"7520_1",0.005071
"11477_10",0.996525
"7765_9",0.997853
"10062_4",0.005120
"10616_10",0.865433
"10592_8",0.992660
"6745_4",0.357550
"7912_2",0.003829
"1130_8",0.996821
"11096_4",0.109606
"10081_1",0.008116
"3808_10",0.997622
"394_4",0.022575
"7080_3",0.010374
"4479_10",0.991553
"11417_7",0.996957
"8402_3",0.268983
"6669_9",0.994714
"1494_10",0.997526
"7980_3",0.008122
"11366_10",0.992098
"7566_1",0.006628
"3778_1",0.469796
"317_2",0.003733
"8475_7",0.990549
"11012_2",0.045299
"11936_4",0.017248
"145_9",0.980976
"11427_1",0.003210
"2204_1",0.003180
"3373_8",0.996718
"4640_4",0.150128
"521_7",0.868149
"2871_2",0.847524
"9823_8",0.034254
"5893_1",0.007713
"8541_2",0.003204
"3403_3",0.005613
"8660_9",0.997637
"7046_3",0.005177
"338_1",0.003856
"9541_1",0.003227
"12179_7",0.990721
"9663_3",0.474306
"6948_3",0.015327
"10308_10",0.997774
"11027_10",0.996879
"6174_3",0.005183
"10151_8",0.997414
"10665_1",0.006233
"6453_2",0.007412
"3619_2",0.004951
"3114_1",0.032543
"1309_2",0.003496
"8468_1",0.006024
"8292_10",0.997789
"1955_1",0.005279
"4498_9",0.997878
"8075_9",0.997292
"10528_8",0.990394
"253_10",0.997787
"9467_4",0.744838
"4018_10",0.997842
"2644_10",0.997637
"7240_7",0.997059
"10929_7",0.996383
"9743_10",0.991312
"4641_3",0.004919
"5711_10",0.997626
"4912_2",0.010097
"455_1",0.069029
"2749_8",0.926031
"8780_8",0.974094
"2626_10",0.997815
"11745_2",0.005912
"6952_8",0.997967
"4645_2",0.003614
"10372_10",0.997546
"4282_2",0.011184
"2195_1",0.005386
"11058_3",0.005233
"9507_4",0.968464
"389_10",0.993265
"4388_10",0.997140
"9540_1",0.005322
"6610_4",0.003343
"8796_10",0.997700
"3746_1",0.004000
"11083_1",0.004372
"9901_1",0.005156
"4165_1",0.005598
"8928_9",0.997799
"8173_10",0.997850
"5161_1",0.003793
"11458_4",0.010197
"11206_9",0.938155
"3532_7",0.997199
"5088_1",0.004376
"11699_8",0.987935
"10114_2",0.003851
"8626_9",0.969231
"6702_2",0.004188
"3504_1",0.027757
"3353_4",0.019780
"6960_10",0.997362
"5529_10",0.997261
"5510_9",0.996214
"1868_10",0.912238
"11166_10",0.158054
"8411_2",0.004260
"9561_10",0.996338
"11290_2",0.069390
"1167_4",0.009215
"9577_3",0.067272
"1496_10",0.997839
"3042_10",0.997967
"4021_4",0.009359
"6643_10",0.995209
"806_10",0.997827
"1520_2",0.003700
"11133_10",0.997720
"2783_1",0.005017
"9570_10",0.997174
"2349_3",0.005812
"2242_9",0.976937
"6113_10",0.997668
"2153_1",0.005383
"9167_3",0.013827
"156_3",0.925175
"10607_7",0.997579
"4270_4",0.003875
"4713_1",0.003499
"2895_7",0.994246
"8240_1",0.004532
"12241_2",0.004212
"2919_10",0.997867
"11110_2",0.010012
"4502_8",0.997027
"11957_1",0.004089
"12338_2",0.011927
"2474_1",0.016559
"781_4",0.009341
"7528_1",0.003437
"3252_2",0.002810
"6778_8",0.980290
"3149_10",0.997716
"436_4",0.004170
"2586_1",0.006959
"3610_8",0.986193
"4392_10",0.997784
"8914_1",0.006732
"2197_1",0.005685
"3323_10",0.997815
"975_4",0.007899
"9407_3",0.009764
"12005_7",0.996450
"1911_1",0.003465
"3956_10",0.997813
"1441_8",0.997687
"10787_3",0.005101
"4569_10",0.997856
"11685_10",0.995449
"7810_10",0.997360
"3951_3",0.003122
"6050_10",0.087502
"2758_2",0.005798
"2664_10",0.997934
"1537_2",0.003701
"7988_1",0.009127
"6090_10",0.997932
"11509_10",0.992270
"2227_3",0.008645
"865_3",0.116032
"7138_8",0.997674
"7924_8",0.987163
"10104_1",0.002885
"3917_2",0.006288
"169_4",0.005265
"8630_7",0.997738
"7895_7",0.996451
"5485_10",0.997197
"8390_8",0.006377
"11497_7",0.997734
"8964_3",0.241763
"4647_4",0.017554
"12231_7",0.997341
"9634_4",0.068349
"8582_10",0.997840
"9237_4",0.976209
"2847_8",0.995051
"10940_1",0.004758
"2990_10",0.997711
"8377_8",0.988593
"1206_3",0.677460
"11719_9",0.997725
"7003_1",0.008286
"8012_4",0.007743
"2572_10",0.990228
"4126_8",0.996143
"9190_8",0.996864
"9625_8",0.997783
"4706_10",0.340252
"8697_2",0.003965
"435_7",0.995117
"81_3",0.419774
"6713_8",0.581325
"5840_10",0.997894
"5671_8",0.995682
"5064_3",0.004908
"1149_3",0.004839
"12324_10",0.998071
"6705_1",0.008735
"243_9",0.997507
"306_10",0.996533
"7134_3",0.007104
"3227_10",0.997875
"1363_10",0.997359
"5134_9",0.309619
"5269_1",0.022646
"10915_4",0.676675
"7591_2",0.006026
"2326_2",0.006480
"688_4",0.015630
"878_10",0.996985
"10245_9",0.995919
"7388_2",0.004449
"4304_1",0.003565
"6752_10",0.996243
"6881_8",0.997498
"10230_2",0.006605
"6901_1",0.011300
"441_10",0.997872
"4743_4",0.004245
"6228_7",0.028407
"2563_7",0.992895
"6237_1",0.004985
"8619_3",0.011242
"2749_4",0.992102
"12355_3",0.015555
"4915_2",0.005110
"12234_7",0.991971
"3756_4",0.023352
"10051_8",0.997263
"5068_9",0.997630
"7767_10",0.997688
"12069_1",0.019160
"10634_3",0.005545
"2787_1",0.005859
"5281_1",0.005740
"1496_1",0.003141
"8963_4",0.005328
"983_7",0.986882
"8337_4",0.004265
"783_1",0.006145
"9939_8",0.874643
"6507_8",0.997613
"3488_4",0.013014
"9304_9",0.981146
"8664_10",0.996368
"2722_10",0.997858
"7716_10",0.973855
"8512_4",0.989108
"6002_7",0.997716
"1213_3",0.997584
"6351_7",0.997524
"3049_4",0.003998
"10897_4",0.006347
"1936_4",0.128677
"12368_9",0.978408
"10982_1",0.004344
"4116_4",0.004038
"8243_7",0.029238
"11506_2",0.003969
"291_3",0.003814
"7745_1",0.006154
"12190_9",0.997236
"7068_10",0.997745
"9649_3",0.033959
"773_1",0.016895
"1727_10",0.997862
"346_2",0.597952
"4629_9",0.985388
"2509_1",0.003479
"3664_3",0.980812
"1024_9",0.998013
"9514_1",0.004055
"3483_3",0.003506
"10053_4",0.852135
"255_10",0.997700
"1922_10",0.163765
"10416_4",0.010359
"9154_9",0.997726
"12359_3",0.018862
"4850_4",0.028127
"12398_10",0.997842
"8910_1",0.003900
"3797_8",0.996397
"2428_9",0.930039
"7062_4",0.923103
"7130_9",0.996675
"7343_1",0.003911
"7735_8",0.997709
"4104_3",0.011171
"11518_1",0.003027
"10784_4",0.051975
"3687_1",0.003085
"796_10",0.997242
"2613_1",0.010372
"3962_9",0.997605
"4637_9",0.997109
"10076_3",0.004199
"2643_9",0.997868
"3588_1",0.816903
"6788_1",0.003365
"1445_4",0.980735
"10630_7",0.035691
"9173_10",0.997008
"3998_3",0.008005
"11853_1",0.012438
"2982_1",0.004032
"2536_4",0.912197
"5912_10",0.997933
"3267_8",0.995930
"8966_4",0.174609
"7671_3",0.003702
"1962_1",0.174495
"3574_1",0.008141
"10580_1",0.004243
"10103_9",0.980025
"2101_8",0.996984
"9804_10",0.997895
"12413_9",0.984408
"9696_2",0.003419
"8988_1",0.002932
"882_9",0.995980
"8098_3",0.020547
"6072_3",0.194611
"9484_10",0.997875
"3448_10",0.997765
"12074_10",0.995831
"5880_1",0.004433
"7658_1",0.003041
"1286_8",0.997322
"7013_10",0.997699
"3590_1",0.009288
"695_4",0.005652
"8889_9",0.857521
"735_1",0.005618
"2041_7",0.038821
"12041_3",0.018366
"4918_3",0.345590
"1428_3",0.004343
"1846_4",0.007904
"11103_10",0.995884
"1026_10",0.997517
"9731_3",0.005890
"7481_1",0.005534
"10191_10",0.996483
"8262_4",0.005978
"903_10",0.994150
"4212_2",0.025573
"11611_1",0.004307
"7814_1",0.003184
"5116_10",0.997572
"150_4",0.010363
"3618_2",0.003296
"10870_1",0.003701
"8523_1",0.003152
"2193_10",0.997529
"10237_10",0.997743
"2139_10",0.997948
"7691_7",0.997130
"9374_1",0.006139
"11426_7",0.998027
"12319_1",0.003032
"6817_2",0.011058
"745_1",0.003080
"6632_1",0.005120
"7149_8",0.995417
"9558_3",0.004537
"10509_1",0.003845
"1528_2",0.087901
"3422_10",0.997869
"6112_8",0.987243
"3606_4",0.966896
"8768_7",0.996630
"2871_8",0.832470
"12404_10",0.997468
"6936_3",0.881509
"855_4",0.006793
"5703_3",0.006013
"9446_1",0.003489
"1407_7",0.021295
"8422_10",0.997709
"40_4",0.108652
"344_4",0.008498
"11019_10",0.997884
"869_1",0.004248
"2245_10",0.993760
"10002_8",0.997866
"5110_10",0.997473
"3201_9",0.997505
"10621_10",0.995754
"1213_7",0.135298
"2147_10",0.199510
"828_7",0.994583
"7600_8",0.997183
"4472_4",0.005268
"2759_2",0.005396
"10890_1",0.008907
"1637_10",0.992234
"1667_10",0.254800
"10433_8",0.997741
"11350_4",0.017941
"9437_3",0.418624
"3748_3",0.024399
"8062_10",0.997872
"11981_10",0.997387
"4214_7",0.997037
"6496_8",0.997257
"4489_4",0.005102
"5965_7",0.996825
"2785_8",0.997673
"6838_9",0.997675
"4678_9",0.996586
"8564_10",0.997566
"4375_9",0.996616
"4654_10",0.995256
"2077_10",0.995874
"12491_4",0.022480
"11483_10",0.997957
"11130_8",0.995933
"2177_2",0.723334
"1376_8",0.174441
"3557_2",0.004984
"8039_3",0.101019
"6951_1",0.008620
"3440_2",0.238778
"10192_1",0.014518
"5874_10",0.997089
"4258_10",0.997890
"8838_4",0.046638
"1090_8",0.997631
"10570_10",0.997676
"3421_7",0.994023
"1626_7",0.997447
"9887_2",0.356874
"4079_4",0.003639
"8826_8",0.008010
"8805_2",0.003662
"9121_3",0.997709
"10916_3",0.160076
"9717_3",0.005160
"8662_4",0.118187
"7393_3",0.068672
"12304_10",0.995930
"7063_3",0.982994
"7955_10",0.994275
"2266_9",0.997327
"3490_7",0.993850
"11145_3",0.006918
"1668_2",0.004202
"1011_8",0.997437
"8300_7",0.017016
"9995_8",0.993794
"1326_8",0.997268
"5232_2",0.003444
"363_10",0.997558
"11772_2",0.004232
"8771_3",0.004102
"927_3",0.816321
"2569_2",0.005830
"5558_10",0.996666
"12375_10",0.997387
"2338_10",0.997878
"5773_10",0.997899
"4664_7",0.997846
"12295_7",0.994984
"4123_8",0.997567
"1553_10",0.997809
"3770_10",0.979677
"12011_2",0.004555
"8033_1",0.003395
"1395_7",0.045743
"8614_7",0.992508
"3784_8",0.995399
"8769_8",0.993162
"888_8",0.996713
"7799_2",0.009146
"6031_3",0.012162
"11584_2",0.008887
"4570_7",0.997516
"6990_8",0.997423
"7290_1",0.004463
"1186_1",0.005070
"1329_4",0.004555
"6793_10",0.997643
"8562_10",0.997635
"8841_4",0.858812
"9234_1",0.732127
"2992_3",0.004252
"3761_4",0.012819
"1144_1",0.004140
"11737_10",0.989549
"6628_10",0.997729
"7619_4",0.024728
"5074_3",0.042858
"2056_1",0.007538
"812_7",0.857878
"615_3",0.005724
"1473_3",0.006214
"11642_1",0.003565
"2957_8",0.992351
"3223_7",0.436839
"4491_10",0.998031
"11617_8",0.984388
"2209_8",0.991343
"10250_4",0.005224
"8707_3",0.013859
"3581_2",0.003327
"3089_2",0.005248
"9367_4",0.019056
"8890_3",0.002766
"4657_3",0.004210
"8474_1",0.014602
"1542_3",0.004449
"9024_8",0.997705
"3176_1",0.006272
"11219_8",0.997851
"1086_2",0.005014
"11230_4",0.056975
"2543_3",0.755400
"3391_4",0.996982
"5876_10",0.997546
"6712_2",0.005788
"12468_1",0.003617
"1801_10",0.997802
"6727_10",0.995046
"3072_3",0.003731
"6079_7",0.994419
"1409_10",0.996722
"7709_2",0.004199
"11484_2",0.017628
"10843_2",0.003426
"3964_7",0.991361
"5691_7",0.997300
"5837_1",0.004392
"963_8",0.996932
"3530_8",0.989548
"6558_8",0.997231
"3084_4",0.008257
"3025_8",0.992174
"9396_8",0.148203
"7530_1",0.005743
"6301_4",0.012518
"2934_10",0.997497
"8286_9",0.996864
"12122_10",0.997336
"2799_8",0.997671
"3516_7",0.990657
"5715_10",0.997364
"6525_3",0.011038
"12308_10",0.977598
"1305_9",0.997707
"8190_2",0.004271
"8170_1",0.051183
"2355_7",0.994757
"9714_3",0.003007
"9667_8",0.996879
"4861_1",0.006118
"10028_10",0.997883
"3256_2",0.046529
"5974_2",0.002960
"9185_10",0.997842
"2507_10",0.997736
"8910_10",0.997725
"6791_1",0.003694
"1692_10",0.916579
"5520_10",0.974423
"10119_10",0.997537
"1226_1",0.003130
"5998_7",0.996617
"4421_1",0.008021
"7660_8",0.995480
"5532_4",0.332814
"2869_3",0.548261
"3795_2",0.004409
"3602_10",0.997574
"1453_10",0.997898
"1298_8",0.997156
"6331_1",0.003518
"7694_3",0.005768
"11568_10",0.956038
"6426_7",0.996359
"609_7",0.990464
"3352_4",0.253498
"12451_3",0.008562
"3228_7",0.997411
"945_7",0.759134
"8283_10",0.997951
"10780_7",0.885606
"2944_1",0.004755
"5697_7",0.991170
"9066_3",0.041514
"6254_7",0.996980
"384_4",0.023076
"1961_9",0.997772
"10085_2",0.021764
"1726_10",0.995377
"7937_1",0.004278
"2561_10",0.996644
"9899_9",0.997875
"8694_2",0.031711
"4217_8",0.997712
"2425_3",0.009462
"5809_1",0.004519
"3122_7",0.994537
"1522_10",0.996079
"5582_10",0.997625
"12357_2",0.006375
"3166_10",0.989188
"3176_9",0.997599
"9320_9",0.997549
"8187_1",0.003343
"5573_1",0.003628
"9078_2",0.004851
"6706_4",0.875905
"8882_8",0.937941
"2489_3",0.345014
"2768_10",0.997733
"2384_3",0.798858
"12494_8",0.997925
"10375_3",0.013345
"403_7",0.987891
"6334_3",0.007952
"9136_1",0.006651
"10698_1",0.005114
"2203_4",0.468520
"2122_1",0.003416
"2904_4",0.010629
"12367_9",0.920128
"9638_8",0.997676
"2005_1",0.003118
"4963_8",0.994100
"7575_1",0.639549
"9989_1",0.005431
"8776_4",0.775550
"10188_10",0.989598
"8238_1",0.004931
"9244_4",0.997687
"11142_2",0.005229
"4365_7",0.987748
"5877_4",0.016921
"12135_8",0.997166
"3526_3",0.127708
"5209_4",0.004250
"5991_2",0.003760
"10888_1",0.004747
"1303_3",0.004640
"5764_4",0.026750
"2933_10",0.997487
"7297_1",0.003711
"11156_10",0.977305
"1353_1",0.927645
"10017_1",0.043416
"4203_3",0.972760
"4546_9",0.997814
"6039_1",0.009918
"5804_3",0.011868
"9085_4",0.017100
"10774_10",0.997717
"2178_7",0.993125
"2958_2",0.006324
"11469_8",0.993771
"5378_2",0.037168
"4583_8",0.008598
"9539_10",0.997619
"5090_8",0.996301
"12036_4",0.009864
"1766_9",0.997355
"11536_7",0.996627
"4792_9",0.995986
"7615_1",0.010761
"9624_1",0.003940
"5230_9",0.997832
"939_4",0.993472
"2353_7",0.997278
"8760_9",0.996981
"3231_9",0.997695
"8183_7",0.996702
"2156_10",0.317871
"245_2",0.006512
"12048_1",0.004297
"6572_9",0.994765
"10848_9",0.997895
"9576_10",0.995690
"3174_1",0.003942
"9824_8",0.014390
"8199_1",0.006737
"10911_3",0.005899
"2452_1",0.013322
"7574_3",0.016445
"8363_7",0.931578
"3672_9",0.997358
"11693_10",0.997885
"9731_10",0.996609
"280_1",0.003827
"10065_8",0.997655
"10284_9",0.985809
"7990_1",0.008045
"12256_4",0.926284
"7558_1",0.005589
"9636_2",0.004610
"8632_2",0.079835
"6157_3",0.866689
"9429_7",0.981336
"1447_1",0.052456
"10948_8",0.995295
"12300_4",0.007484
"10208_1",0.006874
"5889_3",0.980503
"2376_9",0.996706
"3354_2",0.004630
"9530_1",0.513265
"2469_10",0.997894
"2229_10",0.059324
"12326_10",0.996642
"8097_2",0.009188
"6502_3",0.020014
"8877_8",0.997953
"5408_7",0.012871
"3589_4",0.014762
"5934_3",0.007246
"3653_10",0.997765
"6900_1",0.004894
"3395_9",0.997794
"10302_7",0.996316
"10527_3",0.005467
"10080_10",0.997861
"5818_10",0.997547
"3178_10",0.997232
"10636_8",0.997927
"9586_2",0.997059
"8548_2",0.004174
"2851_1",0.003189
"6874_7",0.990716
"5850_8",0.997904
"2392_10",0.997737
"7434_2",0.008639
"11879_10",0.996925
"1190_10",0.986092
"8411_10",0.997340
"4833_9",0.033482
"5853_1",0.003581
"5485_4",0.005568
"111_3",0.008730
"6376_10",0.997778
"5425_1",0.005602
"3189_2",0.008015
"5053_8",0.997368
"1171_1",0.102296
"2206_4",0.010179
"11912_4",0.012973
"9874_7",0.996920
"3439_9",0.995894
"4221_8",0.997495
"6830_3",0.003967
"960_8",0.997228
"11862_1",0.010632
"8231_7",0.991215
"11765_1",0.008273
"9849_1",0.012876
"7518_4",0.913654
"3014_1",0.008509
"2534_10",0.997874
"5197_10",0.998006
"6775_2",0.004027
"4649_1",0.174412
"10748_3",0.009426
"6943_4",0.037670
"9692_1",0.002929
"11972_7",0.952279
"7251_9",0.997639
"459_4",0.299726
"1101_8",0.992613
"358_4",0.145495
"7543_1",0.011838
"3980_3",0.013097
"1276_3",0.005332
"12111_8",0.993806
"11876_4",0.004343
"5473_8",0.996519
"1296_1",0.004284
"7224_9",0.997157
"8035_10",0.997903
"10436_1",0.003888
"8475_1",0.883241
"4293_2",0.005724
"9867_2",0.003227
"4101_1",0.005271
"6220_1",0.003084
"6246_4",0.015771
"2907_8",0.036896
"4532_2",0.003640
"10753_8",0.996778
"328_10",0.997490
"1941_1",0.009209
"7586_9",0.074829
"11294_1",0.004217
"7534_9",0.997612
"2675_3",0.041850
"3837_10",0.997558
"5349_9",0.997472
"641_1",0.003679
"9273_8",0.996170
"8120_4",0.007940
"10610_1",0.014713
"1829_1",0.003402
"6406_10",0.997249
"4029_10",0.997530
"10845_10",0.990343
"2573_4",0.996496
"2033_3",0.097276
"9633_4",0.996231
"6243_1",0.008841
"7596_10",0.997057
"4208_8",0.856141
"6984_8",0.992987
"3656_1",0.005020
"2434_1",0.007328
"10340_7",0.156945
"6130_9",0.994972
"8093_7",0.021853
"7962_1",0.017374
"12178_7",0.009078
"10931_2",0.007048
"6857_10",0.997669
"11091_8",0.997503
"4167_2",0.005078
"679_4",0.038563
"10147_1",0.003672
"6875_1",0.006079
"923_10",0.997909
"6200_8",0.991514
"7208_8",0.997414
"5363_8",0.997875
"4067_8",0.958690
"1773_7",0.997119
"1498_10",0.934530
"10497_10",0.960641
"3444_10",0.997746
"588_2",0.004839
"9678_9",0.997435
"1983_9",0.995886
"5012_3",0.004970
"12240_2",0.003247
"5071_2",0.007741
"5078_2",0.004047
"10069_3",0.011131
"7407_8",0.997984
"7207_1",0.003077
"2155_10",0.997563
"59_10",0.997728
"2531_1",0.003980
"7772_8",0.997572
"11465_10",0.996275
