"id","sentiment"
"12311_10",0.991891
"8348_2",0.006667
"5828_4",0.237443
"7186_2",0.036804
"12128_7",0.923039
"2913_8",0.993612
"4396_1",0.017729
"395_2",0.098642
"10616_1",0.031769
"9074_9",0.968649
"9252_3",0.775307
"9896_9",0.991389
"574_4",0.026557
"11182_8",0.975320
"11656_4",0.011475
"2322_4",0.129018
"8703_1",0.104569
"7483_1",0.007066
"6007_10",0.950134
"12424_4",0.012552
"4672_1",0.006654
"10841_3",0.023420
"8954_7",0.244453
"7392_1",0.012019
"10288_8",0.993686
"5343_4",0.013159
"4950_1",0.004223
"9257_4",0.075721
"8689_3",0.014172
"4480_2",0.011915
"9286_10",0.941331
"12245_10",0.993123
"7529_7",0.875574
"4_4",0.010328
"5299_2",0.018073
"12077_8",0.983800
"10701_2",0.015015
"11579_1",0.011835
"10993_1",0.007621
"8913_1",0.037397
"1350_3",0.004601
"3804_2",0.025323
"5025_3",0.210401
"5170_8",0.971966
"8225_8",0.992554
"6427_7",0.984546
"3165_3",0.023021
"7902_9",0.989223
"8208_3",0.018942
"3577_8",0.988313
"4865_1",0.009569
"9063_3",0.016168
"1106_1",0.010459
"1117_9",0.984620
"1050_4",0.152473
"10755_9",0.984261
"2729_8",0.992947
"10072_10",0.987923
"2904_7",0.985454
"4584_2",0.111919
"189_4",0.108756
"6302_4",0.062046
"8138_9",0.896976
"1262_1",0.016435
"2199_10",0.994969
"6551_7",0.993612
"8082_7",0.969208
"4897_8",0.993002
"7360_1",0.011915
"11012_10",0.983486
"12046_1",0.004925
"2331_2",0.021085
"8961_9",0.987544
"751_7",0.985342
"9884_10",0.988558
"10016_8",0.993002
"8023_10",0.962001
"2628_1",0.009994
"5832_1",0.019106
"7302_1",0.004273
"4501_3",0.134890
"1121_7",0.934932
"8334_3",0.042127
"9789_10",0.980072
"4230_10",0.908293
"824_4",0.151404
"6803_9",0.991620
"3086_7",0.989491
"1135_8",0.989692
"10136_1",0.004867
"11129_3",0.044723
"2072_8",0.038214
"9501_7",0.980375
"319_10",0.993242
"1693_7",0.974018
"10886_1",0.004046
"9406_8",0.972046
"10376_10",0.968915
"9902_1",0.005708
"9938_8",0.930584
"7080_9",0.993461
"11944_8",0.932883
"5249_1",0.006488
"9599_2",0.017526
"9620_1",0.006526
"11244_1",0.005946
"6841_10",0.989450
"10050_4",0.164920
"10512_9",0.939192
"11327_3",0.006628
"10681_8",0.968560
"808_3",0.028141
"546_7",0.993562
"10765_1",0.005080
"7189_9",0.849222
"6005_9",0.994100
"11915_9",0.983166
"5740_10",0.985800
"7097_10",0.969149
"9573_10",0.979707
"5084_4",0.027822
"12332_7",0.939248
"8154_1",0.011190
"5610_1",0.004223
"5323_9",0.993985
"11034_8",0.960547
"3977_2",0.089296
"12380_7",0.907435
"1737_8",0.993649
"6030_9",0.984381
"5918_7",0.928018
"7061_9",0.966820
"266_8",0.980894
"1375_10",0.993042
"8648_3",0.017259
"10146_10",0.990642
"4578_10",0.995066
"4685_8",0.992031
"11843_9",0.985538
"5467_10",0.992583
"10140_10",0.988712
"7721_8",0.988712
"11208_10",0.970324
"1063_10",0.985580
"8260_10",0.726426
"3182_9",0.988447
"2797_8",0.992583
"7613_2",0.043855
"11624_4",0.027040
"4847_10",0.988799
"10684_7",0.833596
"6312_1",0.007504
"4925_3",0.011699
"4125_1",0.005544
"2394_10",0.994380
"12105_10",0.990803
"7812_1",0.015454
"1061_8",0.988085
"9343_3",0.009756
"7696_10",0.992554
"9355_10",0.994573
"782_9",0.993747
"9882_10",0.989551
"10642_10",0.988536
"7410_2",0.006693
"9591_4",0.034947
"11902_3",0.071364
"3495_7",0.941868
"6733_1",0.013729
"4552_1",0.006109
"6722_1",0.392541
"188_10",0.991356
"5099_10",0.985510
"10313_1",0.027376
"6756_9",0.977176
"6622_2",0.014476
"4807_10",0.992154
"7173_3",0.019966
"11321_8",0.966945
"7909_9",0.883839
"8012_7",0.306034
"8615_4",0.004265
"8117_10",0.983486
"1892_10",0.985440
"4617_1",0.004637
"1893_8",0.985370
"5435_1",0.004425
"162_3",0.004290
"6516_10",0.992123
"11588_7",0.994739
"2006_1",0.004556
"1594_4",0.015891
"1472_1",0.006824
"3647_1",0.604304
"174_7",0.983754
"5539_7",0.437057
"3384_10",0.995114
"3811_4",0.987030
"4079_8",0.944893
"1179_7",0.734310
"3069_9",0.992154
"3769_8",0.985243
"9247_10",0.985524
"10434_1",0.003191
"1147_10",0.992259
"5344_7",0.943608
"8073_10",0.990533
"7833_3",0.005100
"8370_1",0.006133
"9007_8",0.019513
"6624_7",0.137070
"6683_3",0.005888
"12275_7",0.985271
"11927_8",0.991954
"1560_10",0.994270
"1325_9",0.036978
"3548_8",0.966820
"607_1",0.002511
"6702_7",0.886911
"5702_3",0.008669
"11345_8",0.967194
"3428_4",0.093927
"7209_9",0.990678
"8425_8",0.976558
"3087_1",0.028355
"1119_8",0.988646
"5715_3",0.030938
"8645_1",0.004583
"2149_3",0.013083
"10403_10",0.991118
"5628_1",0.007080
"5570_10",0.987228
"1613_3",0.013197
"1454_4",0.371641
"5094_3",0.014131
"7982_1",0.007432
"6894_2",0.008413
"6554_1",0.013248
"4721_3",0.037750
"6904_4",0.015087
"893_8",0.982624
"4605_4",0.118742
"11516_7",0.083703
"11718_7",0.993624
"5956_1",0.003331
"7455_9",0.979668
"6396_4",0.972701
"1223_8",0.989511
"8556_1",0.011597
"6108_8",0.970604
"11690_1",0.007992
"3778_9",0.957794
"3627_4",0.012100
"8256_4",0.050098
"533_1",0.003930
"5235_4",0.011564
"621_2",0.010913
"5365_1",0.013121
"8180_3",0.015116
"7396_7",0.472653
"9776_10",0.990422
"8175_10",0.989202
"3128_1",0.006526
"4606_1",0.023398
"6158_2",0.015336
"3281_10",0.992851
"4723_4",0.052912
"11994_3",0.018851
"7701_1",0.003312
"103_3",0.040163
"8908_10",0.991700
"8876_1",0.010368
"7519_9",0.990839
"12456_8",0.988580
"9514_8",0.992481
"8680_8",0.842345
"12402_10",0.978733
"362_2",0.056288
"9825_7",0.893216
"2913_3",0.020666
"7164_8",0.985787
"11177_7",0.988131
"5707_10",0.992139
"8103_10",0.986739
"6289_1",0.031173
"11754_1",0.038575
"11640_10",0.674345
"9933_7",0.984351
"185_10",0.974141
"242_10",0.991828
"9369_8",0.993423
"7453_10",0.990839
"7514_7",0.766687
"10860_2",0.006086
"8663_8",0.455108
"9108_1",0.004451
"7941_1",0.014077
"10116_1",0.005797
"9841_4",0.808521
"4512_9",0.995114
"4853_2",0.023109
"2664_4",0.086980
"9966_10",0.945851
"5167_2",0.021823
"3894_2",0.010976
"3929_8",0.994292
"7165_10",0.945701
"5451_8",0.991135
"2947_4",0.069415
"4611_10",0.978975
"5807_1",0.011376
"9464_8",0.986546
"3124_10",0.993985
"2705_4",0.090414
"12187_8",0.988602
"12319_10",0.987472
"9874_3",0.011137
"3406_4",0.955899
"2327_10",0.990044
"605_10",0.993574
"8080_4",0.051702
"3074_10",0.991422
"2499_3",0.077518
"1013_1",0.011277
"11535_1",0.017526
"4118_7",0.711957
"10492_8",0.985677
"2129_4",0.017160
"9814_10",0.986363
"10671_9",0.992865
"5980_10",0.986879
"2755_2",0.046595
"5461_2",0.012420
"11979_1",0.006577
"8810_1",0.005946
"852_7",0.983004
"10961_4",0.029507
"7436_4",0.024191
"11281_3",0.076788
"4208_3",0.111241
"8213_10",0.987005
"9851_2",0.526860
"4713_7",0.990496
"9528_1",0.994303
"3595_10",0.992654
"5785_3",0.021927
"10370_3",0.017746
"1980_3",0.067824
"8800_4",0.983101
"4437_3",0.014828
"28_3",0.060418
"12171_1",0.070240
"9359_3",0.006050
"3831_9",0.991969
"10962_7",0.977905
"1500_9",0.915280
"11470_10",0.976175
"11843_3",0.008437
"11200_4",0.038358
"1067_1",0.004451
"3333_1",0.015262
"4487_4",0.078997
"6428_1",0.007915
"575_7",0.933673
"10904_9",0.988447
"11821_2",0.020139
"11605_1",0.010735
"1111_7",0.981185
"10295_1",0.049589
"1146_4",0.009812
"2405_9",0.576572
"11081_10",0.859133
"2201_10",0.985286
"4844_1",0.004849
"11007_8",0.989470
"6535_7",0.974239
"2653_4",0.008594
"8245_10",0.993973
"9951_8",0.934991
"6133_8",0.953013
"10006_2",0.005240
"7350_1",0.007831
"4509_9",0.987326
"948_1",0.019345
"3987_1",0.012821
"2947_10",0.962108
"6041_3",0.019290
"2946_1",0.004691
"11967_4",0.015544
"1185_10",0.993281
"10323_2",0.013134
"11706_2",0.006413
"3663_1",0.004637
"5602_10",0.990945
"4870_10",0.959459
"1994_1",0.026156
"10807_7",0.984231
"6871_3",0.694821
"1175_2",0.014050
"10919_7",0.986494
"8127_10",0.994677
"12497_4",0.102170
"3274_1",0.784938
"2568_3",0.025712
"840_2",0.005854
"5626_10",0.988842
"7561_10",0.984913
"4600_3",0.029535
"3324_9",0.989909
"8899_7",0.991587
"5592_8",0.978156
"12483_4",0.013033
"7874_1",0.005523
"5878_10",0.994380
"4303_9",0.984351
"9421_1",0.008899
"10269_4",0.165458
"10615_2",0.025541
"2634_10",0.959383
"7522_1",0.004682
"9289_10",0.955858
"4636_10",0.974264
"1241_7",0.731730
"9458_9",0.978073
"11690_10",0.990642
"7176_4",0.714827
"6212_10",0.975083
"6319_1",0.010199
"5229_3",0.094845
"466_9",0.994626
"8693_2",0.020293
"2952_10",0.990732
"1128_1",0.005843
"3975_10",0.987496
"11365_10",0.959269
"2074_9",0.993537
"9768_10",0.990025
"4895_1",0.004637
"5726_10",0.993448
"9993_10",0.989409
"11319_2",0.009662
"10561_2",0.071819
"5455_8",0.963882
"10684_3",0.020119
"3652_3",0.009985
"7825_1",0.008594
"8806_1",0.005992
"275_10",0.965348
"2246_1",0.002710
"11968_2",0.098860
"2528_1",0.005261
"8491_8",0.993372
"13_1",0.101857
"4530_8",0.976084
"5207_3",0.005609
"11648_10",0.993562
"8260_1",0.017094
"10730_10",0.992259
"10402_3",0.109372
"8077_1",0.006253
"8598_8",0.593756
"2809_3",0.007039
"12490_10",0.992047
"1447_9",0.992753
"1605_3",0.005980
"2311_4",0.006526
"3235_9",0.990121
"5725_10",0.992334
"9025_10",0.988062
"6049_9",0.989830
"4803_10",0.985732
"191_9",0.993795
"420_3",0.032868
"5238_2",0.015000
"1280_9",0.993661
"9408_4",0.021969
"819_1",0.026456
"1656_4",0.014462
"9964_3",0.061312
"10404_4",0.073830
"12369_10",0.989055
"6423_1",0.008188
"9942_8",0.989830
"1519_1",0.027848
"100_10",0.983738
"3216_10",0.991764
"3909_10",0.974845
"5034_7",0.986218
"14_8",0.991812
"5891_3",0.011486
"8496_10",0.994135
"7429_1",0.006985
"9457_1",0.012760
"9602_8",0.974067
"4198_1",0.007607
"154_2",0.020313
"5070_2",0.020626
"4207_8",0.982608
"7758_8",0.985057
"4439_9",0.986271
"12042_1",0.002912
"7244_1",0.016153
"6854_1",0.031919
"11932_10",0.944995
"4151_10",0.988380
"7265_1",0.015306
"10272_7",0.990786
"4256_4",0.551604
"1225_7",0.951863
"956_10",0.992823
"6389_2",0.008703
"1365_4",0.004718
"4752_7",0.977479
"276_10",0.980205
"8766_9",0.951323
"11225_10",0.982608
"6920_1",0.046681
"11536_1",0.004565
"1923_9",0.994281
"11460_10",0.978343
"10054_7",0.951863
"10845_1",0.005664
"10231_4",0.330606
"9430_8",0.959611
"3226_2",0.008389
"4298_3",0.027875
"10635_4",0.017763
"10567_4",0.011732
"5460_10",0.992467
"7310_7",0.982873
"10330_2",0.005512
"5151_9",0.751648
"11_3",0.072571
"1448_8",0.974288
"10130_8",0.994123
"2199_3",0.006732
"1761_10",0.964052
"2782_1",0.005675
"7618_10",0.993867
"85_10",0.982889
"5730_3",0.012492
"3641_1",0.010663
"8190_9",0.992947
"9533_10",0.985828
"9508_1",0.040655
"237_8",0.992184
"3981_7",0.984048
"7194_9",0.993410
"10584_8",0.978405
"248_2",0.008062
"8358_4",0.010694
"1218_1",0.013467
"4191_10",0.920861
"3090_8",0.992781
"11923_2",0.006488
"1640_8",0.993436
"9972_3",0.006121
"11818_4",0.987375
"4350_10",0.993150
"877_10",0.892140
"10017_8",0.982873
"7975_10",0.993735
"8436_1",0.096748
"6024_7",0.791741
"3112_1",0.005719
"951_10",0.977132
"1622_1",0.014729
"191_3",0.040579
"5669_1",0.004408
"1891_4",0.005220
"12173_9",0.968051
"7887_7",0.972283
"3256_10",0.712432
"5419_1",0.014200
"7635_1",0.005180
"8297_2",0.102619
"7137_8",0.935405
"7562_3",0.078926
"9944_1",0.009108
"4288_1",0.010725
"8087_1",0.992334
"4771_10",0.971156
"10482_10",0.979996
"5324_10",0.992169
"3080_1",0.014323
"10923_7",0.965932
"1753_7",0.986271
"317_10",0.991812
"12474_8",0.968051
"773_8",0.984351
"388_1",0.007592
"12141_2",0.009718
"5667_1",0.268630
"1071_9",0.991255
"2897_10",0.977306
"9481_4",0.054199
"12025_1",0.006998
"8879_7",0.972441
"5683_1",0.005566
"7026_1",0.007607
"2439_1",0.008553
"3631_7",0.973944
"1650_9",0.931711
"5378_7",0.993587
"9745_1",0.016514
"11563_8",0.878523
"299_8",0.994541
"9471_2",0.165189
"1866_1",0.015619
"2639_4",0.023848
"5122_1",0.017695
"12341_7",0.793506
"2936_8",0.983785
"8647_10",0.990678
"4255_9",0.989672
"7262_8",0.570271
"8413_10",0.966220
"10080_1",0.011973
"3973_1",0.026582
"8752_9",0.991032
"4018_2",0.004315
"7669_1",0.010808
"10421_4",0.043814
"7854_8",0.967595
"162_8",0.148602
"11614_9",0.992554
"11343_8",0.983423
"1708_7",0.463414
"7115_4",0.497772
"10498_10",0.990874
"2944_8",0.993759
"10474_3",0.028355
"1263_1",0.008977
"1693_4",0.020765
"9600_9",0.862294
"11173_2",0.009936
"3961_2",0.006864
"8011_1",0.067855
"7386_8",0.952574
"8787_8",0.981979
"12349_9",0.977607
"1776_4",0.021308
"5885_4",0.945248
"220_4",0.025155
"5547_8",0.990102
"2853_1",0.006944
"2157_2",0.006577
"11667_2",0.173849
"194_7",0.540439
"1633_1",0.005980
"6897_2",0.005598
"11568_2",0.070688
"9219_1",0.012970
"477_8",0.991985
"8980_3",0.206614
"4612_10",0.983327
"8030_10",0.991067
"1846_8",0.993624
"2786_8",0.988971
"2634_1",0.026181
"3110_8",0.972152
"11587_8",0.772745
"11262_8",0.975343
"5680_7",0.468335
"4583_4",0.162979
"1451_1",0.004078
"4244_4",0.065098
"6176_4",0.009223
"8851_10",0.990821
"908_9",0.993294
"7494_9",0.963369
"8061_3",0.018996
"789_1",0.006904
"2374_7",0.964987
"11225_3",0.024238
"4467_4",0.008372
"8516_10",0.778186
"4121_10",0.992047
"10267_7",0.989791
"6040_8",0.967686
"8338_7",0.953319
"2903_7",0.993176
"6662_9",0.994336
"5333_10",0.988085
"7470_4",0.011950
"8813_1",0.026131
"4514_3",0.154121
"9584_7",0.822046
"11706_8",0.986297
"11538_8",0.831827
"4210_1",0.009403
"8984_1",0.004521
"3431_4",0.034717
"4973_10",0.971966
"12260_1",0.005060
"4267_10",0.992934
"9906_9",0.992892
"670_7",0.974166
"6270_3",0.005555
"5164_4",0.008796
"9741_2",0.012042
"3761_8",0.988668
"2651_2",0.020685
"7448_10",0.994077
"7184_9",0.984215
"1313_9",0.949012
"10654_8",0.984094
"7151_1",0.004094
"2320_10",0.993938
"12033_7",0.939803
"6429_1",0.005642
"1420_4",0.947769
"3002_7",0.907271
"1299_1",0.007332
"7897_9",0.993410
"1529_4",0.014814
"9760_2",0.011223
"11318_1",0.067793
"2217_3",0.101679
"11641_2",0.007823
"7238_10",0.975923
"7710_8",0.972831
"12011_8",0.964052
"4495_7",0.952574
"11144_4",0.019795
"5625_2",0.006339
"2926_7",0.865167
"8538_8",0.964522
"8875_10",0.991922
"10881_10",0.957078
"1662_7",0.978611
"4560_9",0.960805
"6714_4",0.023153
"9059_10",0.987228
"6631_10",0.988358
"8520_1",0.025083
"918_4",0.230097
"3102_10",0.974410
"3611_2",0.004992
"8434_10",0.991764
"681_7",0.958304
"7386_4",0.007346
"7566_9",0.685344
"10110_10",0.982339
"10486_10",0.977862
"1492_3",0.015922
"11823_1",0.014406
"2331_9",0.982083
"2200_2",0.013809
"9547_1",0.007938
"785_2",0.002884
"5101_4",0.065366
"5657_10",0.984649
"6902_7",0.971429
"1490_9",0.978260
"7148_9",0.992809
"7387_8",0.742842
"8277_9",0.994402
"6912_7",0.992289
"170_2",0.006039
"7702_10",0.991684
"4393_3",0.012983
"2608_3",0.028598
"4931_8",0.989928
"10589_10",0.987179
"8623_4",0.008728
"6057_2",0.004273
"2704_9",0.989712
"1790_2",0.251326
"12370_1",0.009522
"159_1",0.005512
"343_9",0.994157
"2128_9",0.988646
"11181_8",0.994434
"11775_10",0.961425
"3514_10",0.988335
"6993_2",0.006364
"2866_9",0.991922
"1000_9",0.987829
"11772_7",0.973894
"3355_9",0.906405
"8519_8",0.989592
"7879_3",0.007839
"4332_10",0.982254
"5403_1",0.010673
"1514_7",0.412560
"7904_1",0.004265
"10550_2",0.024261
"11442_10",0.983940
"2821_3",0.043978
"5766_1",0.006364
"8061_9",0.981095
"2166_1",0.009737
"6206_1",0.006266
"11124_2",0.011642
"7625_10",0.957952
"90_9",0.981185
"7959_10",0.992047
"7029_10",0.992851
"779_8",0.994573
"1101_4",0.008008
"11189_4",0.011812
"9790_4",0.029257
"10861_1",0.004460
"5902_2",0.015559
"9545_10",0.944280
"3730_1",0.005764
"4951_9",0.989223
"3295_1",0.027928
"9495_2",0.015830
"2876_1",0.022912
"2796_1",0.013862
"10338_3",0.025883
"10913_7",0.023894
"4685_2",0.015425
"11586_1",0.003892
"4904_7",0.936865
"7110_7",0.976780
"2086_4",0.041191
"7372_7",0.962108
"135_9",0.993636
"7038_3",0.114567
"1119_2",0.012456
"5057_8",0.989850
"3479_10",0.994488
"6489_8",0.984291
"4910_8",0.967595
"5979_10",0.994636
"11304_1",0.009569
"2102_9",0.983550
"8048_1",0.006121
"12153_7",0.949669
"4832_8",0.993819
"3079_9",0.991668
"8254_2",0.018671
"7981_7",0.982406
"611_1",0.025761
"307_10",0.993902
"8861_3",0.025468
"4635_4",0.144209
"6197_7",0.954520
"6739_3",0.008916
"8588_9",0.991891
"8461_7",0.041618
"10089_1",0.027221
"2609_7",0.783119
"1418_3",0.027040
"2661_10",0.991238
"1253_9",0.989731
"8815_9",0.987923
"9867_8",0.991716
"2155_1",0.008627
"12259_4",0.014630
"11224_3",0.005786
"4781_1",0.006837
"4354_9",0.989531
"9629_9",0.987735
"3629_9",0.992408
"6445_10",0.994790
"9526_10",0.991812
"5138_2",0.031919
"349_10",0.972362
"2099_7",0.953144
"4411_1",0.029958
"8127_3",0.003945
"5225_8",0.989265
"7970_3",0.087955
"5688_7",0.989286
"12099_3",0.117471
"6020_4",0.052376
"3892_8",0.985746
"2098_8",0.993150
"4851_7",0.973770
"10967_10",0.946151
"6230_4",0.127979
"2211_2",0.980034
"11978_10",0.991489
"8802_1",0.008951
"11010_3",0.026380
"10083_2",0.257905
"5588_10",0.683789
"958_10",0.933613
"6771_4",0.467271
"6767_9",0.980110
"7302_10",0.987544
"5324_3",0.026205
"7737_10",0.988131
"8603_10",0.295967
"3029_7",0.990678
"8640_2",0.005653
"2139_1",0.009268
"6305_10",0.990569
"6884_7",0.983518
"5534_8",0.890437
"7619_8",0.969440
"10057_8",0.965119
"972_7",0.990927
"6245_8",0.974797
"6627_7",0.991554
"3621_10",0.021451
"2290_4",0.903890
"24_4",0.279460
"5689_1",0.004142
"6497_4",0.028680
"12405_4",0.911613
"11720_7",0.971699
"10088_1",0.010358
"9258_9",0.988085
"354_4",0.934873
"4770_10",0.979195
"1035_3",0.041852
"739_1",0.007317
"6267_7",0.981364
"1562_8",0.980300
"1438_1",0.007121
"281_8",0.990329
"1818_1",0.027954
"3943_3",0.015589
"8116_4",0.013236
"6984_1",0.013624
"5330_4",0.013889
"8821_8",0.990121
"10484_10",0.973993
"1886_4",0.041114
"7943_2",0.009268
"6438_7",0.984276
"8931_10",0.979255
"10538_10",0.939025
"534_10",0.993123
"7329_2",0.010278
"6614_2",0.009331
"710_10",0.985000
"3120_4",0.019890
"9046_1",0.003657
"5638_2",0.016802
"2455_4",0.012674
"2652_3",0.016168
"11006_4",0.041037
"5065_3",0.009578
"9805_10",0.995180
"7092_8",0.994510
"1735_10",0.944587
"3609_1",0.007417
"1201_10",0.991554
"11024_9",0.990874
"3807_10",0.979255
"4483_10",0.968411
"4510_7",0.974166
"8037_1",0.006438
"1760_1",0.009634
"133_8",0.994157
"9039_8",0.988690
"8462_4",0.744888
"2468_10",0.994830
"7684_3",0.005741
"10350_9",0.993973
"1199_10",0.988928
"8560_1",0.010439
"6405_3",0.008942
"1295_1",0.003370
"6420_1",0.009652
"12183_9",0.983878
"11619_1",0.004925
"1415_9",0.991668
"9414_1",0.003267
"7640_4",0.004849
"9211_9",0.984261
"557_9",0.992093
"4501_9",0.993448
"8711_10",0.975969
"2402_1",0.020004
"4586_10",0.992809
"176_3",0.036357
"3545_1",0.007025
"8932_1",0.008364
"5829_10",0.986271
"3409_10",0.994247
"3636_3",0.012710
"12048_7",0.993855
"10468_10",0.993574
"11546_10",0.994477
"9444_10",0.990892
"6275_1",0.009440
"152_4",0.863276
"4767_9",0.992214
"6751_1",0.005653
"10245_4",0.486972
"5407_8",0.994089
"1923_1",0.008164
"515_9",0.993902
"9988_1",0.796332
"5928_8",0.989909
"10163_4",0.272025
"7969_10",0.994008
"1494_4",0.035178
"11211_10",0.994112
"1957_1",0.008737
"8484_7",0.637020
"848_2",0.016262
"5177_1",0.027981
"10667_10",0.991356
"3075_1",0.006050
"9443_10",0.995426
"1572_8",0.980876
"11285_8",0.988039
"3125_1",0.026989
"9265_9",0.953449
"4072_1",0.008925
"6390_2",0.003862
"6496_4",0.024470
"8766_2",0.002107
"7787_10",0.988403
"5897_10",0.989368
"9027_1",0.004460
"1538_2",0.007519
"1220_3",0.005900
"8600_3",0.082623
"11432_2",0.036391
"1424_4",0.347513
"7344_10",0.995898
"10842_1",0.003531
"10332_10",0.988335
"4340_4",0.032283
"4868_4",0.033495
"11216_9",0.954900
"12027_10",0.973720
"6785_7",0.869548
"8773_8",0.977306
"8119_4",0.162779
"10138_10",0.988154
"7197_2",0.011442
"1536_3",0.004223
"9981_7",0.965867
"4753_1",0.012396
"2795_7",0.052231
"6672_4",0.007417
"10805_7",0.485813
"5866_1",0.014616
"570_1",0.008653
"11965_8",0.978651
"3288_1",0.006463
"8135_1",0.009477
"10094_9",0.992697
"5845_10",0.990750
"3570_8",0.973620
"1240_1",0.024586
"231_1",0.023065
"10628_9",0.993176
"3536_1",0.004830
"1852_10",0.991571
"8202_7",0.982117
"5907_7",0.958770
"1759_10",0.986777
"4492_10",0.980110
"4844_7",0.650190
"3189_10",0.964254
"3403_10",0.992214
"5874_2",0.011812
"7809_10",0.990660
"3632_9",0.990348
"11767_2",0.985370
"9925_3",0.015395
"4218_1",0.013742
"12036_7",0.613132
"8973_2",0.005865
"2464_10",0.994810
"4094_1",0.008577
"10592_1",0.009699
"10648_9",0.991170
"3887_10",0.986071
"9092_8",0.993855
"10666_10",0.983101
"8389_10",0.990587
"5281_10",0.993294
"6946_1",0.005533
"1132_1",0.003034
"10052_4",0.022564
"768_10",0.990803
"5432_3",0.022032
"7424_3",0.059921
"2366_2",0.021595
"2865_3",0.059428
"7806_2",0.012735
"8878_3",0.024423
"6298_7",0.972415
"4517_4",0.008023
"12018_10",0.991187
"3662_1",0.006376
"11393_10",0.990892
"2071_10",0.938124
"8217_8",0.952574
"6568_2",0.006577
"3840_10",0.992304
"1666_3",0.096408
"2360_7",0.991875
"5778_4",0.041852
"5341_4",0.021247
"4044_2",0.008276
"2503_3",0.198646
"4095_10",0.967686
"2092_2",0.115162
"2707_3",0.018125
"573_10",0.985855
"6441_7",0.983581
"7565_3",0.007417
"9499_7",0.861130
"657_10",0.990102
"8840_10",0.981841
"1407_4",0.043528
"12453_2",0.060752
"8273_9",0.973569
"8366_7",0.992611
"10643_9",0.987472
"9998_1",0.021105
"1385_1",0.005523
"1354_4",0.020824
"4674_7",0.976913
"3515_4",0.101100
"10426_8",0.965964
"10226_3",0.020371
"10391_4",0.013109
"9968_1",0.007688
"2893_3",0.012182
"2546_9",0.981113
"37_1",0.002873
"1757_10",0.963984
"1569_8",0.973519
"1466_3",0.016705
"7783_1",0.002200
"9506_10",0.990786
"10835_3",0.006877
"2917_9",0.977263
"2495_7",0.993612
"1686_10",0.995635
"2414_7",0.900966
"5318_8",0.986803
"8858_8",0.994369
"8112_1",0.005251
"6532_2",0.013716
"2526_10",0.994303
"11089_7",0.978875
"4297_8",0.982457
"3179_9",0.987640
"5832_10",0.991636
"10539_8",0.989870
"9226_10",0.910942
"9878_1",0.012686
"7940_10",0.980450
"7195_10",0.978570
"2979_1",0.009812
"3597_10",0.994157
"2931_8",0.400192
"8571_10",0.279116
"12148_1",0.004718
"4047_2",0.007289
"6164_10",0.989652
"2214_8",0.987154
"5903_1",0.018282
"7931_9",0.992000
"1205_3",0.029146
"5983_10",0.989140
"10424_7",0.971564
"11032_7",0.881462
"1303_10",0.992437
"10390_1",0.006015
"8349_2",0.010818
"3605_8",0.950732
"12273_1",0.002699
"60_1",0.006376
"3879_9",0.965932
"12431_4",0.009879
"4499_2",0.008148
"5786_10",0.827061
"5521_4",0.969584
"793_8",0.974337
"7948_3",0.011586
"9022_2",0.026380
"11071_1",0.007261
"4991_3",0.161585
"8226_1",0.008678
"8762_3",0.017883
"6918_4",0.599551
"844_10",0.962497
"11503_8",0.680852
"7406_8",0.992016
"7743_1",0.150465
"514_3",0.009020
"10927_9",0.956391
"3731_7",0.993914
"8870_4",0.715076
"11099_10",0.953232
"8456_10",0.981666
"10944_7",0.930142
"7168_3",0.022608
"3378_10",0.936865
"8203_3",0.120026
"5676_1",0.008172
"5061_9",0.987782
"6238_8",0.986178
"1136_8",0.839537
"6234_3",0.011212
"9510_3",0.994358
"9632_7",0.736543
"4357_1",0.968201
"1176_9",0.990459
"10821_8",0.992795
"4143_4",0.095013
"5074_8",0.992626
"11673_1",0.007233
"11072_2",0.003016
"1816_4",0.944331
"3974_7",0.971129
"796_4",0.039085
"8540_2",0.020469
"10959_8",0.993973
"4576_10",0.965576
"7030_1",0.021844
"3340_10",0.991339
"3223_3",0.004031
"3030_1",0.148788
"4194_1",0.007741
"11322_1",0.015619
"1785_1",0.015998
"7109_2",0.008636
"4120_1",0.003524
"3024_7",0.977799
"589_2",0.007389
"2480_10",0.977066
"4878_1",0.026531
"571_1",0.010902
"12156_8",0.980967
"7547_9",0.934035
"6577_10",0.984170
"7101_3",0.116512
"1731_3",0.016466
"10424_1",0.025420
"9056_10",0.993029
"11959_3",0.017729
"6952_4",0.009313
"8709_10",0.957437
"4716_10",0.993807
"2393_10",0.990348
"4007_7",0.085939
"1196_2",0.034326
"8483_1",0.007907
"1840_3",0.017193
"6108_1",0.006837
"4621_8",0.992920
"11332_4",0.934155
"8800_10",0.947381
"886_7",0.975178
"6495_8",0.587440
"6193_10",0.988154
"10297_1",0.005100
"4233_1",0.007533
"3121_10",0.990083
"1681_10",0.981364
"5789_1",0.003984
"6446_10",0.928409
"479_9",0.994380
"6401_1",0.016277
"7602_1",0.004182
"10792_1",0.010902
"11436_9",0.992906
"6944_1",0.004915
"6275_9",0.365381
"7314_10",0.971184
"8887_9",0.979726
"1835_8",0.974239
"8403_7",0.973113
"2090_1",0.013325
"12310_1",0.048541
"9795_9",0.989409
"4260_1",0.010787
"3214_4",0.015380
"10974_8",0.987946
"3374_10",0.941493
"2251_2",0.004477
"2325_7",0.988777
"28_9",0.989692
"1758_2",0.006476
"1222_8",0.991489
"1229_4",0.016450
"9791_2",0.536950
"3433_4",0.022159
"10847_10",0.991748
"5020_2",0.004298
"9652_3",0.006680
"1739_10",0.980858
"10441_4",0.936285
"9002_7",0.933491
"4304_8",0.987092
"290_9",0.992795
"1339_8",0.993926
"10899_1",0.012920
"8723_8",0.979765
"12487_7",0.992906
"10384_7",0.144149
"4673_4",0.010052
"11679_1",0.012846
"3938_2",0.018405
"2253_10",0.992229
"198_7",0.992739
"3346_3",0.036769
"11543_3",0.011255
"8463_1",0.002812
"1297_2",0.002668
"4689_1",0.002566
"4681_1",0.004094
"961_8",0.991238
"9865_2",0.009214
"770_3",0.023153
"10495_2",0.006027
"6302_8",0.964052
"6232_4",0.010530
"10098_1",0.011321
"8905_2",0.004849
"8853_10",0.993268
"6081_10",0.977023
"12_4",0.015058
"1291_7",0.733500
"1679_1",0.006745
"996_7",0.353128
"3343_10",0.991748
"6083_10",0.994123
"98_9",0.504059
"962_4",0.014323
"4857_8",0.986739
"12394_7",0.207496
"1321_10",0.994488
"8994_10",0.992000
"7788_1",0.008101
"9708_8",0.963127
"9523_1",0.006098
"11785_4",0.010499
"5440_1",0.030272
"1091_7",0.964756
"11584_10",0.990140
"5369_3",0.040884
"3165_10",0.974556
"3686_10",0.993795
"7069_10",0.920218
"427_3",0.029676
"895_8",0.948537
"4565_8",0.826852
"5139_9",0.894052
"5027_1",0.014857
"503_9",0.979996
"7630_1",0.027901
"8552_1",0.011687
"4322_3",0.029312
"3492_3",0.403200
"5301_4",0.005533
"752_4",0.012896
"4307_2",0.002606
"4901_10",0.965283
"233_2",0.034489
"10789_8",0.990660
"270_8",0.987520
"11442_1",0.018440
"3688_7",0.967256
"9928_7",0.990006
"6563_8",0.992093
"3437_7",0.992879
"10495_8",0.989986
"8775_10",0.992154
"12172_3",0.004728
"10085_10",0.989612
"8394_9",0.935287
"2607_10",0.970826
"6645_10",0.993891
"301_10",0.993242
"2153_10",0.986271
"1967_3",0.006205
"9604_10",0.908130
"10665_10",0.992452
"5409_1",0.008000
"6707_10",0.988602
"3847_7",0.759181
"9261_10",0.990768
"3772_1",0.004709
"8950_1",0.008220
"6591_2",0.087213
"2765_9",0.920504
"4166_10",0.979116
"11418_3",0.008830
"7137_3",0.016498
"3710_2",0.006931
"1153_4",0.032314
"4155_8",0.989140
"9221_10",0.971019
"8917_10",0.988906
"6066_4",0.041153
"5366_10",0.985115
"2520_9",0.983955
"11677_2",0.006376
"4032_2",0.005620
"4041_2",0.005523
"474_4",0.004746
"6392_2",0.005957
"6545_10",0.993759
"5009_10",0.978385
"3060_10",0.988755
"11033_10",0.988085
"297_10",0.993255
"9099_1",0.005385
"10496_10",0.989811
"5619_3",0.016834
"4226_1",0.008008
"10483_8",0.991780
"1966_9",0.986700
"4024_2",0.009513
"6448_9",0.988602
"4252_1",0.015425
"250_10",0.992481
"10753_3",0.014050
"1005_7",0.627473
"4415_9",0.991255
"240_4",0.774285
"108_10",0.994191
"1393_1",0.176743
"4236_2",0.016964
"9208_2",0.083479
"7156_10",0.992481
"6490_1",0.015410
"3518_3",0.004031
"10308_1",0.005719
"8706_2",0.009946
"8674_10",0.991716
"8240_10",0.990839
"11890_10",0.984139
"976_3",0.027928
"5025_8",0.972389
"10206_8",0.975647
"11921_3",0.004737
"8344_7",0.724481
"295_8",0.290075
"2121_1",0.021267
"6978_8",0.962778
"707_3",0.022781
"751_1",0.003299
"1931_10",0.993448
"7197_10",0.990874
"11032_3",0.012933
"416_10",0.880695
"1384_2",0.007374
"4114_2",0.007205
"9450_10",0.985314
"6877_7",0.971184
"5092_9",0.990254
"3402_9",0.654881
"9517_10",0.991135
"8566_2",0.019494
"4493_1",0.008093
"842_1",0.014814
"4926_1",0.496887
"3398_9",0.993636
"8857_10",0.991084
"3696_9",0.985229
"1952_1",0.008236
"5516_3",0.005642
"3297_10",0.984002
"8396_2",0.009313
"1928_4",0.009340
"7216_10",0.990178
"1648_3",0.011766
"9312_8",0.931275
"4392_2",0.038865
"4740_9",0.978611
"2985_4",0.012625
"6407_10",0.958421
"4015_1",0.050941
"911_10",0.980562
"7898_1",0.004628
"5241_10",0.992711
"4955_4",0.266119
"4199_1",0.011823
"8319_4",0.979433
"6340_1",0.017628
"2003_1",0.002987
"11213_3",0.241982
"5109_4",0.011387
"9400_1",0.012516
"10719_7",0.979255
"6848_8",0.986324
"11398_1",0.010062
"2606_7",0.609909
"5646_1",0.013109
"4103_10",0.589465
"8906_9",0.987900
"6997_10",0.982203
"9990_1",0.007504
"6573_1",0.021430
"8530_10",0.972701
"8382_9",0.992016
"4207_2",0.229104
"8794_10",0.992108
"917_9",0.989751
"10739_9",0.990197
"4286_1",0.004118
"1763_1",0.003436
"5173_10",0.992920
"1764_1",0.010839
"3614_3",0.055464
"3880_10",0.989055
"4059_1",0.011104
"8786_8",0.952794
"9553_2",0.012241
"10599_8",0.765287
"1048_4",0.313249
"8136_7",0.670716
"8715_8",0.987592
"7667_7",0.953751
"5647_2",0.009917
"6267_1",0.004248
"12444_10",0.974749
"7390_10",0.985510
"7260_7",0.994008
"6170_10",0.987735
"2181_2",0.010418
"6196_7",0.992423
"12058_9",0.908861
"8915_7",0.932207
"6816_10",0.991538
"730_9",0.989791
"5808_10",0.992349
"6256_2",0.007275
"5157_4",0.025155
"7970_10",0.988425
"6991_7",0.991118
"7112_4",0.253722
"12136_4",0.363947
"1554_8",0.981382
"8289_4",0.474601
"12452_8",0.987520
"6181_8",0.984078
"6237_8",0.989161
"9724_10",0.993867
"7991_1",0.003559
"8185_4",0.045735
"12162_1",0.007621
"8330_9",0.985384
"84_3",0.004973
"4879_4",0.035948
"1173_7",0.979648
"11095_2",0.005708
"9934_8",0.992725
"10791_9",0.990025
"5260_10",0.986310
"3123_3",0.031589
"7500_1",0.007504
"9472_8",0.991700
"6349_9",0.993771
"8706_8",0.963950
"12385_4",0.469338
"12409_4",0.014406
"809_10",0.989811
"11380_2",0.021906
"4975_8",0.992184
"5069_3",0.015724
"8132_7",0.994008
"5628_10",0.987166
"12329_8",0.955444
"8217_3",0.005697
"251_2",0.029901
"2901_7",0.977219
"4588_1",0.013969
"2647_10",0.993783
"6020_9",0.989791
"7171_3",0.030763
"5880_10",0.994043
"4842_9",0.991067
"10657_10",0.992809
"11858_7",0.986572
"4656_4",0.141756
"9293_10",0.986803
"10702_10",0.978570
"6277_10",0.853303
"7223_10",0.909827
"11150_8",0.993189
"4768_9",0.933975
"5703_8",0.976869
"9249_9",0.989389
"12051_10",0.969062
"5740_4",0.018996
"4882_3",0.337442
"11575_10",0.964018
"385_1",0.010298
"1569_3",0.005764
"7449_1",0.006917
"1977_4",0.014602
"6134_7",0.979511
"2384_8",0.991406
"2437_10",0.879250
"643_7",0.981560
"7334_10",0.992393
"12228_9",0.991472
"8579_2",0.003463
"4093_4",0.006278
"233_8",0.986071
"11852_7",0.993636
"11027_4",0.100657
"5409_7",0.938463
"9332_10",0.977841
"6530_9",0.939526
"7815_1",0.004830
"8317_10",0.989119
"5382_9",0.993281
"3183_3",0.062445
"4997_8",0.991456
"11553_7",0.986572
"718_3",0.009047
"7128_9",0.992668
"11977_1",0.005775
"10820_3",0.008890
"3539_9",0.972310
"2386_1",0.003477
"9837_4",0.826081
"2941_1",0.004886
"6669_1",0.021145
"10927_1",0.006413
"57_10",0.993461
"12252_2",0.024168
"8926_3",0.029174
"3044_2",0.007748
"9758_10",0.994247
"4584_10",0.989182
"1467_1",0.013782
"7846_9",0.993855
"1982_8",0.956877
"5705_1",0.007793
"9754_7",0.995180
"9594_1",0.004830
"7405_10",0.994719
"8469_2",0.572932
"3713_10",0.993229
"3381_10",0.986700
"1913_10",0.986828
"9423_8",0.973292
"115_9",0.844473
"9784_10",0.964556
"1148_4",0.034359
"2911_10",0.991015
"11328_9",0.983263
"5087_1",0.007915
"3983_10",0.682230
"5216_1",0.014282
"7961_10",0.982220
"10134_7",0.976979
"9379_2",0.018107
"4715_1",0.005051
"6501_10",0.986098
"4146_4",0.025323
"12159_1",0.016106
"11661_10",0.989652
"7995_2",0.025275
"693_9",0.984411
"1411_10",0.990587
"7091_7",0.994292
"2576_1",0.019457
"8207_1",0.005427
"10877_10",0.969928
"5444_10",0.990329
"9409_1",0.009680
"10020_1",0.016625
"2349_8",0.992753
"4942_10",0.993448
"2839_1",0.029873
"9419_1",0.009746
"10661_1",0.010601
"5659_10",0.986297
"639_7",0.993698
"5946_7",0.774796
"7231_7",0.993002
"4220_4",0.407613
"3698_4",0.084455
"1060_2",0.014296
"2398_3",0.014131
"11073_3",0.009587
"8336_2",0.011442
"5975_3",0.042563
"4727_1",0.011008
"1596_8",0.953449
"5471_2",0.006798
"11204_10",0.993537
"8810_10",0.974653
"11125_3",0.007607
"9607_10",0.959649
"6517_3",0.026481
"10232_1",0.002647
"7708_10",0.980072
"1753_1",0.011104
"10946_7",0.815673
"668_4",0.051558
"3794_4",0.992934
"6867_1",0.034684
"9428_7",0.963472
"12366_9",0.995018
"12056_9",0.990102
"901_1",0.016866
"7714_8",0.974043
"6389_8",0.488405
"4148_7",0.986828
"5062_1",0.011699
"6835_1",0.017259
"2901_3",0.009504
"4724_10",0.988514
"764_2",0.015087
"6729_1",0.004486
"8284_4",0.129513
"11928_1",0.005060
"386_1",0.005364
"35_9",0.989430
"4458_4",0.021024
"9627_2",0.009012
"8112_9",0.989098
"6026_8",0.981997
"12188_3",0.019271
"3477_3",0.871693
"12242_8",0.920218
"11594_4",0.235636
"11360_10",0.990422
"10299_1",0.006771
"3829_10",0.992093
"8324_2",0.008805
"1285_9",0.990980
"11370_10",0.994510
"8051_4",0.931960
"4420_10",0.988380
"3843_7",0.993950
"10520_2",0.010338
"12146_8",0.988085
"1502_10",0.981630
"6227_4",0.005459
"3191_10",0.860369
"4569_2",0.007490
"7647_8",0.984048
"6372_9",0.907885
"2105_2",0.010318
"4180_1",0.004374
"11212_10",0.994336
"1811_9",0.983439
"2868_3",0.005911
"3773_3",0.005469
"8386_1",0.004273
"1072_8",0.952750
"10588_1",0.025810
"8858_1",0.013571
"10831_1",0.026861
"11926_8",0.981893
"11521_10",0.990422
"4037_10",0.992408
"5119_7",0.985732
"11438_9",0.991969
"8275_2",0.018493
"4879_8",0.987302
"4520_10",0.992988
"2510_7",0.978488
"510_2",0.007621
"1283_1",0.008890
"3733_8",0.980655
"7708_1",0.013134
"12219_1",0.009737
"11654_4",0.053354
"3229_7",0.974386
"3579_8",0.980913
"1534_4",0.103749
"7498_10",0.988842
"11392_10",0.981364
"2949_1",0.017342
"407_7",0.968649
"12388_3",0.003802
"7779_3",0.005865
"12409_10",0.991084
"199_8",0.988906
"9330_1",0.016324
"6196_2",0.856932
"1576_2",0.023176
"12123_4",0.071203
"871_1",0.001734
"867_9",0.869493
"12186_1",0.016106
"11357_1",0.003832
"9327_4",0.008553
"3092_8",0.993831
"6097_1",0.038793
"4170_4",0.009232
"3724_3",0.202325
"4219_1",0.101233
"12233_10",0.947769
"12050_9",0.725211
"124_10",0.993176
"9521_9",0.981453
"7991_10",0.993255
"12284_1",0.022350
"8452_10",0.987179
"986_3",0.029901
"8504_8",0.917893
"9427_7",0.936981
"2359_3",0.005775
"7026_10",0.989286
"8726_8",0.993673
"4971_1",0.017193
"2990_1",0.008413
"5285_2",0.030272
"9953_10",0.888759
"2170_8",0.988820
"10963_8",0.991339
"9176_8",0.993136
"9639_7",0.965185
"1781_1",0.005406
"1293_10",0.961134
"10225_10",0.993686
"3821_1",0.002918
"1206_10",0.991067
"5513_1",0.036978
"12475_2",0.030129
"11508_9",0.980821
"6358_4",0.883286
"9646_1",0.005343
"7957_9",0.991084
"5183_9",0.994270
"8322_10",0.976935
"4171_1",0.822617
"6498_2",0.020371
"11893_1",0.044848
"8209_10",0.995685
"4866_3",0.007374
"1077_3",0.009047
"10916_7",0.748950
"6027_4",0.190536
"9308_7",0.992654
"7130_1",0.005512
"3326_4",0.015380
"6680_3",0.031114
"1707_8",0.678433
"5106_1",0.009188
"1408_10",0.977392
"6773_8",0.986585
"940_3",0.093388
"10890_10",0.940079
"3678_10",0.990216
"6871_9",0.951863
"10196_8",0.980337
"12369_1",0.004215
"4070_10",0.991170
"11755_7",0.977735
"9095_3",0.023803
"10863_1",0.004764
"7109_7",0.985759
"1844_3",0.004755
"8228_2",0.010298
"9631_4",0.013109
"3920_4",0.527317
"19_1",0.007108
"3929_2",0.012846
"1506_2",0.006266
"6877_3",0.113432
"12154_7",0.990478
"6572_3",0.013519
"1557_2",0.008148
"11836_7",0.792825
"9380_9",0.975716
"11725_4",0.016482
"6317_9",0.993281
"5022_1",0.011766
"132_1",0.002790
"9303_8",0.866698
"4739_10",0.934574
"11228_10",0.989928
"7913_1",0.160858
"1304_3",0.018689
"2725_10",0.989572
"8484_2",0.006771
"1866_9",0.983940
"12446_9",0.974337
"11406_1",0.004746
"7056_4",0.295205
"8615_10",0.989265
"12284_10",0.926437
"3279_9",0.991922
"9243_1",0.010449
"11_8",0.981875
"427_10",0.980431
"5446_7",0.986151
"846_7",0.173743
"2545_4",0.043164
"8635_10",0.993487
"4410_8",0.984276
"875_10",0.986803
"392_2",0.007915
"8819_3",0.005323
"12202_1",0.015906
"1370_4",0.398549
"340_2",0.014490
"179_1",0.005631
"11332_8",0.994043
"10396_4",0.016785
"8321_1",0.008959
"6384_3",0.013083
"5951_9",0.982724
"8137_1",0.011721
"12009_10",0.969003
"2103_8",0.989286
"11153_2",0.036700
"4945_10",0.962673
"3193_3",0.008779
"921_9",0.992739
"10446_10",0.983769
"9961_9",0.993123
"11420_4",0.115961
"6954_2",0.008779
"8430_2",0.056236
"6749_3",0.085633
"5997_7",0.703448
"7611_7",0.961965
"6292_8",0.991489
"11314_1",0.006985
"5143_2",0.019681
"9517_2",0.002652
"8259_2",0.006706
"5114_8",0.991305
"3574_9",0.994347
"11464_3",0.016673
"11457_10",0.992184
"2496_3",0.840783
"6795_1",0.009029
"1904_2",0.014560
"11524_2",0.002606
"8223_1",0.018423
"5566_3",0.011409
"3550_7",0.985243
"6059_10",0.969179
"4580_10",0.952926
"177_1",0.013729
"8790_8",0.975249
"7784_1",0.003241
"11892_1",0.031980
"6235_10",0.987055
"6493_4",0.014406
"764_8",0.993320
"4052_7",0.213582
"1663_1",0.013454
"10437_1",0.039676
"1009_3",0.017029
"11664_4",0.020964
"8909_10",0.993372
"9200_3",0.990254
"7919_9",0.994840
"8603_1",0.008188
"6976_2",0.854945
"4261_1",0.005969
"6636_1",0.011040
"10707_9",0.990441
"1155_7",0.982840
"7050_4",0.094052
"1360_3",0.008260
"8176_7",0.964221
"3301_8",0.921287
"6684_3",0.005170
"2742_3",0.010160
"7159_4",0.029479
"8944_3",0.040503
"2077_4",0.016340
"7145_10",0.991907
"6216_7",0.975855
"8606_9",0.994949
"10608_10",0.993599
"8441_4",0.010581
"1782_8",0.994169
"10939_8",0.984840
"2702_7",0.988928
"9210_1",0.017309
"9075_8",0.993203
"3412_3",0.007475
"2859_8",0.993002
"6326_4",0.429938
"94_2",0.011542
"3691_10",0.983231
"2679_9",0.978094
"1568_4",0.017359
"3540_9",0.982823
"3710_10",0.993372
"5691_1",0.005786
"9699_10",0.990696
"9207_4",0.008085
"286_1",0.017797
"10891_1",0.009020
"6177_8",0.993499
"9817_2",0.006667
"8871_9",0.990606
"290_1",0.009385
"8388_9",0.993189
"9195_7",0.986481
"1164_9",0.993163
"2332_8",0.990292
"5406_7",0.977629
"2476_3",0.009047
"11381_3",0.025107
"6518_10",0.981630
"3474_1",0.020666
"603_8",0.981577
"5448_4",0.020765
"3624_8",0.987179
"11569_1",0.007808
"9353_8",0.993649
"3119_2",0.020864
"382_4",0.087681
"8569_8",0.957991
"2312_10",0.990786
"7531_1",0.006706
"7150_4",0.062046
"5496_8",0.986429
"1979_1",0.005261
"4158_2",0.024261
"4790_7",0.812607
"11971_1",0.005609
"197_10",0.989612
"3453_8",0.987326
"915_4",0.052328
"6991_2",0.024563
"7524_9",0.956227
"7474_4",0.419321
"284_2",0.006004
"12483_7",0.974190
"1141_10",0.975554
"7739_1",0.012760
"6488_3",0.034359
"3117_1",0.032131
"6224_8",0.957636
"9737_4",0.133754
"2399_10",0.993636
"1044_8",0.975693
"1153_8",0.987351
"11664_9",0.990839
"10015_4",0.271855
"7622_1",0.012135
"8743_10",0.981203
"356_3",0.013058
"838_7",0.869438
"4922_10",0.957318
"3623_10",0.985608
"9424_1",0.008925
"8473_4",0.560012
"9996_10",0.992865
"11242_2",0.946547
"11889_10",0.984155
"11131_10",0.992393
"386_10",0.992906
"6534_8",0.993255
"11420_7",0.260389
"3119_9",0.985704
"2708_2",0.009431
"2817_10",0.954308
"9425_7",0.986429
"11019_2",0.032070
"1747_1",0.289698
"4493_9",0.993136
"4728_1",0.037397
"6856_2",0.008627
"10273_1",0.031114
"4822_8",0.961353
"10475_10",0.990197
"2678_3",0.018529
"9979_8",0.992393
"8090_1",0.027743
"10022_4",0.012444
"5137_1",0.010062
"6787_10",0.995018
"4027_9",0.982774
"208_10",0.994729
"569_7",0.924347
"761_10",0.992626
"2603_9",0.416411
"11692_9",0.992668
"4374_2",0.011766
"5581_10",0.988906
"10601_1",0.787564
"637_3",0.012420
"10238_2",0.182062
"6717_1",0.007786
"9145_10",0.955068
"1047_4",0.727395
"6173_1",0.004070
"985_10",0.980262
"4964_1",0.004565
"7104_1",0.004031
"6293_3",0.339280
"9060_3",0.038575
"1894_4",0.058239
"4650_10",0.962743
"12475_8",0.934275
"7563_9",0.989592
"10996_9",0.992093
"8315_4",0.013742
"710_3",0.086555
"3856_7",0.990102
"10613_8",0.971402
"12141_9",0.992093
"4666_1",0.014023
"292_3",0.028626
"3316_7",0.978447
"10482_4",0.046812
"9703_1",0.020332
"6905_9",0.991439
"9138_10",0.993759
"10417_2",0.252614
"7977_1",0.008348
"9350_8",0.983800
"4514_10",0.988199
"3964_4",0.700050
"6014_4",0.717012
"10198_2",0.014504
"9059_1",0.022095
"11254_10",0.972675
"2032_7",0.989347
"6895_7",0.592048
"6921_2",0.016168
"9174_8",0.986455
"367_8",0.914977
"11410_7",0.042802
"9387_7",0.961461
"2227_10",0.986044
"334_2",0.009569
"334_9",0.983359
"10893_8",0.982014
"9414_10",0.992093
"9725_1",0.003847
"10779_9",0.979531
"8654_8",0.949809
"9032_7",0.980636
"9775_4",0.521319
"7687_1",0.040389
"12206_4",0.009259
"7720_8",0.991187
"6774_9",0.992539
"12469_1",0.010871
"7249_2",0.049040
"5146_3",0.015891
"8629_7",0.745769
"5292_3",0.716020
"8937_7",0.994646
"9221_4",0.211213
"3203_8",0.992000
"6964_2",0.165189
"6120_8",0.981997
"6962_9",0.979803
"4139_1",0.008569
"3957_4",0.011104
"9305_3",0.438575
"6863_1",0.016964
"2164_4",0.320529
"12378_7",0.006904
"10834_10",0.959800
"633_10",0.987829
"10071_8",0.990254
"8167_1",0.003802
"4232_9",0.959383
"6710_8",0.993461
"6055_1",0.009841
"8169_8",0.987253
"10291_9",0.994698
"8149_10",0.986244
"2499_10",0.959950
"4370_2",0.005011
"4031_1",0.018493
"11372_3",0.044060
"9619_1",0.126461
"8822_4",0.147617
"7096_10",0.990945
"7009_10",0.975414
"2442_10",0.991700
"442_10",0.985649
"4783_1",0.010160
"11837_9",0.956431
"5214_8",0.958693
"134_8",0.993499
"10948_1",0.041423
"3011_7",0.991922
"4339_4",0.822189
"9638_3",0.030851
"7186_7",0.975367
"7702_2",0.019014
"6586_8",0.983597
"2420_8",0.980692
"1911_8",0.939748
"4707_4",0.280838
"3954_10",0.945701
"12071_3",0.026131
"10010_9",0.995694
"8844_2",0.024633
"12312_1",0.008236
"4874_1",0.008316
"7270_7",0.972467
"3497_1",0.011858
"9928_3",0.597145
"11109_1",0.016419
"9016_8",0.966442
"1125_10",0.986917
"9695_8",0.906073
"5756_9",0.743634
"11452_2",0.011744
"8488_4",0.019345
"9825_2",0.012372
"7054_7",0.944280
"4359_10",0.992304
"11411_8",0.904777
"9618_8",0.992452
"12226_4",0.144873
"7752_10",0.988470
"9274_3",0.949106
"12069_10",0.984531
"4591_2",0.003700
"6065_8",0.992892
"2344_10",0.982117
"10299_10",0.993189
"8934_9",0.991489
"5041_8",0.984441
"3885_7",0.956756
"3994_8",0.990422
"11907_9",0.991812
"10181_10",0.974362
"2714_9",0.993294
"1571_8",0.988820
"6621_4",0.016753
"1062_2",0.021389
"379_10",0.993771
"62_8",0.957397
"1926_8",0.994520
"3428_7",0.982840
"2175_8",0.993661
"2006_10",0.971645
"8633_7",0.674694
"12158_2",0.004915
"11572_8",0.991652
"8859_10",0.988062
"10919_2",0.007688
"4131_3",0.241758
"6893_1",0.051368
"9217_1",0.007149
"1893_2",0.030473
"1719_2",0.014213
"5107_4",0.010955
"2284_3",0.014268
"1430_10",0.993926
"5207_10",0.986468
"2800_8",0.994225
"7550_1",0.011835
"9035_9",0.992583
"11548_10",0.990366
"6037_4",0.443721
"518_4",0.495361
"12237_2",0.002369
"10266_7",0.975693
"12032_1",0.004538
"2494_4",0.009367
"8062_3",0.158760
"4665_1",0.008745
"6082_8",0.994552
"7225_4",0.111822
"9080_1",0.328005
"9606_4",0.034294
"494_2",0.009322
"6274_10",0.898098
"4170_9",0.968441
"9218_10",0.900135
"10377_8",0.992668
"10597_10",0.979629
"958_4",0.011223
"9958_4",0.264596
"129_9",0.991538
"2804_9",0.986044
"8935_1",0.017326
"12229_3",0.005653
"5048_4",0.013716
"6509_4",0.016866
"1812_8",0.919208
"5695_1",0.135004
"2021_10",0.993268
"9892_2",0.008754
"9239_10",0.977586
"5398_2",0.007607
"4458_7",0.973190
"11730_8",0.992467
"9853_1",0.009205
"2258_10",0.991101
"9345_10",0.963916
"64_3",0.122523
"10423_9",0.993722
"2220_9",0.895157
"192_10",0.986017
"12143_9",0.994281
"2113_7",0.990803
"5294_10",0.994531
"7025_9",0.994043
"6300_3",0.032559
"8043_2",0.010850
"6628_1",0.022159
"12138_3",0.117876
"1333_7",0.676032
"10515_3",0.008916
"11949_9",0.990197
"2854_1",0.010642
"142_8",0.994054
"3706_1",0.004811
"6149_10",0.976061
"8429_3",0.022955
"6151_10",0.981875
"4861_8",0.970381
"8764_9",0.988062
"540_1",0.022053
"10693_1",0.024191
"2346_4",0.103205
"1532_4",0.069605
"1099_2",0.013624
"3818_10",0.924824
"2617_10",0.989511
"1709_1",0.005070
"4649_10",0.978713
"4085_10",0.985787
"4478_9",0.995327
"1032_10",0.993831
"3642_7",0.077169
"5656_8",0.993973
"11916_3",0.009214
"6672_10",0.969032
"4225_7",0.783699
"996_3",0.005946
"7421_10",0.993042
"9431_7",0.692902
"11121_9",0.991153
"5054_8",0.989076
"9187_8",0.980224
"9096_7",0.974988
"10318_8",0.949576
"5348_2",0.012300
"6666_8",0.975969
"6648_9",0.939025
"1405_10",0.993819
"8981_4",0.964722
"10248_9",0.986662
"4101_8",0.990660
"3076_4",0.024988
"1598_1",0.007053
"8430_10",0.967349
"9999_1",0.086980
"805_1",0.009099
"7821_7",0.696500
"10849_10",0.991554
"8400_7",0.777975
"4807_4",0.015815
"8353_4",0.044890
"10445_10",0.948822
"7058_2",0.178597
"9715_2",0.005374
"10934_3",0.035881
"8215_10",0.986726
"7268_10",0.966028
"5521_8",0.963506
"8565_1",0.008039
"8197_3",0.007961
"12004_9",0.987782
"10257_3",0.024076
"6260_2",0.008487
"10481_9",0.971375
"7598_2",0.009277
"8106_10",0.983101
"8049_3",0.005946
"7124_2",0.010892
"3858_1",0.019663
"1445_9",0.880540
"6346_1",0.016356
"678_7",0.990569
"10247_1",0.010170
"1287_8",0.994870
"11873_1",0.011255
"7198_1",0.012983
"3237_7",0.898098
"2029_8",0.991389
"26_10",0.991732
"9153_1",0.009587
"12004_2",0.083143
"4105_10",0.992823
"1168_10",0.988602
"5312_4",0.032837
"2907_1",0.006004
"7247_9",0.891999
"107_10",0.993042
"412_2",0.052814
"2078_4",0.937038
"7997_9",0.911298
"12397_10",0.983359
"10052_7",0.993385
"6559_7",0.990750
"12143_4",0.088544
"3496_7",0.234100
"3569_10",0.908171
"9270_10",0.953794
"2811_3",0.017459
"9673_7",0.098382
"325_1",0.009495
"11741_3",0.010746
"10562_7",0.770551
"5687_9",0.960063
"4601_4",0.013756
"5698_8",0.821259
"11257_4",0.015845
"4391_1",0.005577
"4703_10",0.989791
"12191_3",0.006145
"113_8",0.990121
"9831_1",0.005697
"7388_7",0.956063
"1661_10",0.992739
"3703_2",0.024822
"6077_2",0.014145
"935_4",0.081447
"7617_7",0.994445
"7387_3",0.019253
"7889_7",0.774967
"803_3",0.005708
"9557_9",0.990422
"4299_10",0.992481
"6785_3",0.271010
"5185_7",0.989751
"9590_1",0.875468
"10811_9",0.989870
"34_1",0.012970
"12221_2",0.015454
"6436_10",0.989491
"8299_2",0.011019
"7242_9",0.985257
"3247_10",0.976824
"8466_3",0.045184
"5784_9",0.879509
"794_7",0.983311
"4986_3",0.021990
"7786_7",0.958343
"9324_10",0.964756
"2095_9",0.987616
"10798_1",0.035611
"4193_1",0.008882
"12063_10",0.991812
"3976_7",0.985129
"8657_1",0.013351
"2850_4",0.598371
"4522_7",0.984796
"6028_1",0.656961
"6000_4",0.018405
"8712_1",0.009803
"3969_8",0.983036
"4245_4",0.123049
"3873_7",0.990624
"68_9",0.990678
"890_9",0.977862
"5922_1",0.012206
"2582_2",0.053552
"5704_4",0.018317
"9307_8",0.972441
"4114_8",0.949153
"5540_7",0.946695
"157_10",0.976714
"748_1",0.080394
"7045_1",0.025323
"9526_3",0.024657
"6519_2",0.024261
"11254_4",0.027559
"9498_1",0.007066
"7192_8",0.951188
"2388_1",0.013956
"12002_8",0.545437
"8394_1",0.005011
"10656_8",0.988177
"7261_9",0.983550
"10434_8",0.986585
"139_9",0.788502
"4538_1",0.019738
"4038_2",0.006133
"12228_4",0.034586
"3619_8",0.968141
"10411_3",0.027901
"7278_1",0.004256
"2304_3",0.017935
"5636_3",0.019966
"8833_9",0.983343
"504_1",0.019051
"12313_1",0.003531
"11161_1",0.026355
"72_4",0.010570
"4976_1",0.015469
"10018_8",0.992851
"12142_8",0.985649
"4821_8",0.869271
"9058_2",0.022934
"6347_1",0.005523
"3346_8",0.905029
"1481_10",0.979374
"10178_1",0.009349
"2851_8",0.983581
"12095_3",0.010298
"11978_3",0.186947
"7172_9",0.988949
"8450_1",0.014037
"7464_1",0.333815
"12327_1",0.713581
"5622_4",0.011431
"9170_3",0.015785
"10955_10",0.051606
"6161_2",0.106226
"11222_10",0.991922
"3844_7",0.910625
"11443_3",0.008070
"4004_7",0.926037
"11015_10",0.933854
"3860_1",0.013454
"11600_2",0.045100
"6849_8",0.984942
"1966_1",0.036769
"4828_8",0.859546
"675_8",0.884788
"9068_7",0.908699
"5924_8",0.991322
"10733_10",0.994325
"8369_7",0.965218
"5213_4",0.179171
"2558_4",0.020489
"47_10",0.990025
"2601_10",0.180323
"7360_9",0.968081
"1289_1",0.010259
"9875_4",0.045058
"2449_1",0.013008
"10020_8",0.969382
"6761_3",0.860252
"7544_10",0.992408
"4380_3",0.011169
"3946_10",0.976490
"6968_10",0.928797
"3006_2",0.019928
"11942_1",0.004737
"2715_9",0.987399
"6065_4",0.969757
"6866_1",0.008925
"6620_10",0.987688
"3177_1",0.004830
"4051_10",0.923108
"880_3",0.007504
"6504_1",0.025883
"12193_3",0.012834
"8570_3",0.009578
"8025_1",0.011812
"12316_1",0.008397
"10842_10",0.994413
"2066_10",0.980186
"4416_10",0.994157
"5327_1",0.006351
"3500_1",0.014686
"4072_7",0.992640
"5833_7",0.987005
"2989_8",0.991305
"1905_8",0.975623
"5421_1",0.011212
"1479_8",0.963369
"5092_1",0.009020
"4840_1",0.013956
"54_10",0.993423
"9203_9",0.936227
"3949_2",0.003331
"3615_1",0.007930
"8748_10",0.985759
"108_2",0.010179
"2280_4",0.481789
"6454_3",0.036597
"4071_1",0.006376
"2022_9",0.915809
"2600_1",0.007651
"2482_10",0.986853
"7347_9",0.992668
"7190_4",0.019531
"7174_7",0.343521
"5823_3",0.082883
"8051_10",0.922343
"7503_2",0.007066
"2341_1",0.034294
"516_9",0.975507
"8309_4",0.016514
"10789_4",0.087798
"11286_1",0.002632
"4770_1",0.006890
"7262_4",0.592810
"11636_9",0.943556
"2340_1",0.010408
"3407_3",0.008737
"2922_9",0.985718
"9708_2",0.015174
"2362_3",0.008771
"3729_8",0.991796
"2265_9",0.993636
"1439_1",0.004306
"8020_2",0.009134
"5581_2",0.388712
"6503_1",0.011212
"10101_9",0.992823
"7853_8",0.978875
"6229_1",0.007461
"1351_7",0.802323
"2764_10",0.985072
"4617_10",0.990945
"1265_2",0.016403
"11424_4",0.015861
"219_8",0.967502
"2241_10",0.979176
"8400_2",0.007741
"4399_1",0.008031
"9110_4",0.600562
"294_1",0.007823
"4646_4",0.028194
"8267_3",0.007869
"8829_4",0.831212
"3174_7",0.994749
"6557_4",0.015499
"8286_4",0.304817
"2611_8",0.992274
"3422_4",0.209672
"4632_4",0.025933
"6448_4",0.019069
"11485_3",0.008754
"8526_7",0.216881
"10172_9",0.985243
"5043_2",0.011542
"7865_1",0.009385
"6343_8",0.983263
"9225_9",0.992767
"2764_4",0.023894
"8446_10",0.901184
"3329_9",0.962497
"9142_8",0.986350
"9567_1",0.007793
"7933_8",0.945197
"5655_10",0.945751
"12076_10",0.994380
"6455_7",0.970549
"7202_10",0.989632
"7747_10",0.994615
"9072_10",0.992274
"11374_10",0.995426
"3032_9",0.973088
"3065_10",0.989470
"1216_10",0.995095
"732_8",0.797241
"7586_4",0.012229
"12012_10",0.973519
"5280_4",0.011881
"2687_4",0.026658
"7659_3",0.014857
"2813_4",0.149407
"6992_9",0.988777
"5468_10",0.989551
"10035_1",0.004158
"10283_10",0.991538
"5439_8",0.943243
"8930_2",0.006890
"8681_7",0.939248
"8521_1",0.010622
"4213_1",0.050988
"9751_1",0.007461
"935_10",0.987735
"5082_1",0.007417
"1802_1",0.008070
"11455_10",0.984620
"1794_9",0.932207
"3708_10",0.992851
"6174_8",0.978975
"2210_8",0.978692
"6259_7",0.598569
"12471_8",0.993722
"3260_10",0.994043
"4717_1",0.006351
"8673_2",0.002430
"6362_3",0.055005
"7986_1",0.005533
"10555_3",0.005501
"10468_2",0.011789
"5354_10",0.994270
"5760_2",0.007621
"1380_2",0.009331
"12054_9",0.913522
"3794_10",0.992169
"7842_1",0.013008
"2236_7",0.981979
"8449_1",0.007756
"9993_2",0.005957
"6947_1",0.004086
"11369_10",0.961893
"8186_4",0.044932
"7017_2",0.823683
"725_8",0.968856
"9298_8",0.967410
"1695_7",0.992319
"7762_1",0.015769
"3466_10",0.994594
"1794_4",0.009117
"3804_10",0.984366
"7642_3",0.009690
"9538_10",0.467970
"10107_2",0.006241
"4755_8",0.993636
"9679_1",0.004442
"11300_1",0.003034
"8747_3",0.040087
"4145_1",0.007149
"8066_7",0.302777
"6306_10",0.991684
"6021_10",0.988085
"4860_10",0.994112
"4608_2",0.007053
"2380_1",0.058723
"9709_8",0.992837
"8057_4",0.984017
"8624_1",0.008503
"6117_10",0.913599
"3641_9",0.978611
"8710_3",0.051702
"9158_10",0.983986
"1129_2",0.003765
"8320_4",0.016435
"10219_4",0.230616
"6625_1",0.008172
"1988_1",0.014213
"5032_1",0.007607
"1042_7",0.112356
"1895_4",0.049543
"10057_1",0.010746
"9898_10",0.994314
"3809_2",0.015891
"7994_2",0.052473
"2751_4",0.011927
"3102_1",0.006745
"12393_7",0.735119
"4521_7",0.190875
"11169_8",0.953144
"7227_4",0.944536
"4956_9",0.296935
"7592_9",0.974797
"656_7",0.984048
"11534_3",0.009179
"774_8",0.994626
"7756_1",0.003363
"2720_8",0.980224
"11227_10",0.994236
"10462_3",0.131842
"4041_10",0.976175
"7327_1",0.006971
"4056_8",0.992077
"11684_10",0.988016
"5544_8",0.991322
"3799_8",0.986071
"3593_10",0.988358
"4602_4",0.127925
"2123_2",0.005544
"9773_10",0.990121
"10956_4",0.910306
"5139_3",0.009214
"8804_10",0.986904
"1784_2",0.015830
"11022_1",0.008487
"9366_1",0.032375
"12113_7",0.979136
"2375_7",0.584508
"3911_10",0.993294
"10834_2",0.050518
"9319_1",0.010966
"3923_3",0.595419
"4630_10",0.994292
"2625_10",0.985677
"10159_7",0.966124
"2339_1",0.005675
"8577_3",0.005865
"4062_7",0.984664
"6677_2",0.007563
"7818_8",0.978651
"4939_2",0.008164
"6937_4",0.420778
"1286_1",0.014743
"878_2",0.008228
"2357_7",0.922412
"3397_3",0.963300
"11214_10",0.959193
"8045_1",0.013996
"2943_1",0.004709
"1518_10",0.989223
"2792_9",0.986455
"6437_7",0.285248
"8734_7",0.993549
"6165_2",0.004925
"11956_2",0.007163
"7021_1",0.023848
"3369_1",0.700383
"5829_2",0.038939
"11742_9",0.987104
"11370_1",0.006958
"1502_1",0.029451
"9933_1",0.004521
"4619_10",0.990642
"6842_1",0.026531
"2770_10",0.990496
"2343_4",0.024054
"3071_8",0.990660
"3046_8",0.984531
"8354_4",0.021698
"5632_10",0.988755
"3901_4",0.036254
"6950_10",0.991101
"2431_9",0.961786
"10614_9",0.983863
"41_4",0.049866
"5039_3",0.557905
"2827_1",0.007651
"2860_8",0.952706
"6868_9",0.987853
"4597_3",0.040276
"8795_10",0.976580
"11941_7",0.951459
"12442_1",0.010945
"9736_7",0.984516
"1102_9",0.968501
"4291_7",0.994930
"4523_1",0.007490
"5349_1",0.019700
"3363_7",0.924620
"11393_3",0.538225
"1647_1",0.006062
"6143_4",0.012194
"1863_1",0.006654
"10099_9",0.978935
"4163_8",0.969295
"9357_8",0.984411
"10941_10",0.993294
"6883_10",0.987946
"11090_4",0.935169
"3480_1",0.082475
"10795_1",0.927100
"5865_1",0.013875
"2484_8",0.984956
"3023_4",0.014757
"2818_2",0.012348
"719_7",0.404500
"5297_4",0.023465
"12194_10",0.989652
"2929_8",0.954774
"7911_2",0.005888
"10619_9",0.983359
"5192_9",0.992583
"2170_1",0.013862
"4659_10",0.985229
"8536_7",0.838944
"11119_1",0.008686
"7887_3",0.520923
"11742_1",0.030243
"5867_7",0.944893
"7538_7",0.844858
"1834_9",0.992016
"6499_8",0.549323
"2073_10",0.937612
"3881_10",0.983550
"802_7",0.986191
"1733_1",0.004191
"11527_1",0.028248
"4316_2",0.007577
"9812_1",0.080321
"8911_10",0.533975
"7687_10",0.984738
"4240_10",0.980803
"1778_1",0.012112
"11822_1",0.010459
"7820_1",0.004925
"235_4",0.023532
"8373_7",0.957078
"92_1",0.004182
"716_10",0.981418
"4028_7",0.981893
"5533_7",0.733977
"2605_9",0.976558
"6665_1",0.007658
"178_10",0.985677
"9886_2",0.039379
"11779_10",0.931836
"5124_4",0.024516
"1956_2",0.009385
"2933_1",0.014145
"8737_1",0.014658
"8755_9",0.992837
"5032_8",0.987806
"9246_10",0.975367
"9610_1",0.015058
"7011_2",0.522689
"1602_1",0.013351
"3367_1",0.010072
"2756_8",0.994499
"12042_9",0.981364
"2641_3",0.007317
"9202_10",0.987448
"1953_2",0.021677
"5303_1",0.006552
"975_7",0.982474
"2447_4",0.076408
"294_8",0.957437
"11643_7",0.989347
"8743_1",0.016372
"2661_4",0.061763
"8638_10",0.994008
"4793_10",0.994157
"7461_8",0.971806
"830_4",0.012983
"5770_7",0.870267
"1989_1",0.003179
"5514_3",0.012348
"5842_3",0.007823
"11813_1",0.008720
"7811_10",0.993487
"7707_4",0.049866
"1205_10",0.993831
"10326_10",0.982322
"4881_9",0.980506
"8244_10",0.993499
"7647_1",0.009047
"4376_10",0.990980
"6744_2",0.010735
"6769_7",0.922482
"494_10",0.977862
"6188_4",0.040012
"5859_1",0.008847
"6801_3",0.007793
"10990_8",0.991571
"6057_8",0.986853
"3017_1",0.030215
"7617_1",0.015365
"8340_7",0.988039
"746_7",0.869604
"9290_10",0.967564
"1525_10",0.992184
"11044_7",0.887156
"9367_10",0.993549
"5705_10",0.994292
"11375_10",0.994214
"11320_1",0.007039
"754_9",0.989182
"7040_10",0.989265
"10740_4",0.022032
"8839_10",0.973494
"11614_4",0.040313
"10867_9",0.988863
"12406_10",0.995027
"12081_10",0.991636
"8763_10",0.994247
"4103_1",0.012135
"5600_1",0.009756
"5345_2",0.018334
"10679_8",0.983986
"11709_1",0.008078
"6872_4",0.005786
"9096_3",0.946250
"3417_9",0.982490
"5154_3",0.133246
"6071_10",0.994520
"5685_9",0.990216
"7937_10",0.991356
"3628_1",0.008172
"7374_2",0.004877
"1862_8",0.234363
"6602_1",0.005854
"1401_10",0.991272
"12157_3",0.014714
"5636_8",0.980931
"2049_10",0.945045
"9402_8",0.990533
"12455_10",0.961171
"11062_2",0.013185
"9163_10",0.988863
"2879_7",0.357059
"2840_9",0.977001
"9893_8",0.989791
"11857_1",0.013389
"7776_10",0.958963
"10365_7",0.902352
"6186_7",0.935524
"7071_1",0.003608
"5132_1",0.003722
"8971_4",0.418727
"3415_1",0.004460
"3622_1",0.010033
"7446_10",0.970042
"4644_9",0.908577
"3923_10",0.993255
"3503_8",0.973844
"8685_7",0.614408
"1683_2",0.014050
"3417_4",0.068257
"10443_3",0.025883
"4620_3",0.765374
"5658_1",0.016137
"4185_1",0.005011
"3727_10",0.984590
"5334_1",0.004858
"7113_7",0.521106
"8713_1",0.007346
"2865_7",0.759805
"2956_4",0.031380
"2455_8",0.978177
"97_7",0.337224
"6789_10",0.994054
"8639_8",0.993294
"1563_8",0.988536
"3169_9",0.993255
"7627_10",0.994020
"1649_10",0.990696
"2287_10",0.988863
"9479_1",0.008316
"7705_1",0.004199
"10803_2",0.015262
"6076_9",0.970240
"4263_3",0.027376
"4726_10",0.991456
"11738_9",0.980784
"9250_9",0.990786
"2638_1",0.009680
"11357_7",0.989850
"12135_3",0.069479
"7296_10",0.994089
"10674_7",0.986031
"7674_9",0.996123
"5575_1",0.004867
"8120_7",0.990102
"1617_1",0.006732
"7090_3",0.009134
"3793_4",0.009134
"2658_10",0.985622
"9942_3",0.971833
"9520_9",0.980413
"10638_1",0.023532
"9066_10",0.989672
"3408_4",0.020158
"7526_1",0.014392
"10821_3",0.007621
"5887_10",0.941547
"12470_3",0.006615
"4033_8",0.987592
"1949_10",0.987351
"9859_4",0.013467
"11183_9",0.990714
"8533_4",0.260742
"10236_10",0.993562
"6111_3",0.013364
"5475_8",0.958265
"3342_3",0.031589
"8335_1",0.077727
"4812_9",0.983738
"2306_4",0.700127
"4596_7",0.957833
"10431_2",0.012564
"5077_9",0.993996
"1301_9",0.993807
"8979_9",0.993281
"4226_9",0.984855
"5544_3",0.021595
"7954_2",0.003657
"3935_4",0.043244
"7076_4",0.054299
"10208_10",0.990121
"3737_3",0.022329
"1689_8",0.989830
"6585_9",0.987448
"6096_3",0.010358
"11052_4",0.046725
"7783_10",0.959459
"5157_10",0.980876
"5465_10",0.989612
"11361_10",0.978935
"7560_3",0.319493
"9781_4",0.035779
"11681_10",0.994066
"6127_7",0.111919
"1799_9",0.985594
"10849_2",0.009718
"4274_7",0.988268
"15_10",0.993002
"11338_1",0.004538
"5750_2",0.010219
"9335_8",0.990696
"8359_7",0.897426
"9527_7",0.982906
"1336_1",0.006169
"9893_3",0.029257
"11229_9",0.988222
"5948_9",0.984796
"9733_4",0.088583
"6377_8",0.981058
"1427_10",0.978198
"9023_3",0.035377
"2151_2",0.010998
"1744_1",0.005555
"6367_10",0.986416
"9143_8",0.994066
"6176_8",0.993698
"11388_10",0.992364
"1493_10",0.940408
"6615_1",0.007094
"4654_2",0.014023
"599_9",0.993524
"7256_10",0.993574
"11993_1",0.005900
"992_7",0.991084
"8871_2",0.005631
"11483_1",0.007992
"3322_1",0.008140
"9827_4",0.146026
"8063_3",0.012809
"7397_3",0.023153
"3040_4",0.006904
"11682_2",0.007475
"8738_10",0.993294
"9905_4",0.013493
"6437_1",0.007275
"4319_9",0.992975
"5353_4",0.079639
"12207_9",0.992031
"6166_7",0.994180
"12243_4",0.331850
"1219_1",0.004150
"10292_10",0.993612
"10132_10",0.993242
"6898_10",0.974845
"8469_8",0.948585
"10393_1",0.073930
"7509_1",0.004867
"9468_9",0.982906
"9002_1",0.004199
"891_9",0.972125
"5156_4",0.331931
"2321_1",0.009477
"11859_8",0.974532
"12262_7",0.899916
"6198_4",0.287868
"5699_1",0.007519
"4252_10",0.989632
"10618_10",0.989811
"3226_10",0.994077
"7227_7",0.971184
"11047_7",0.986559
"9569_7",0.908089
"8933_4",0.977176
"4513_8",0.992906
"1271_9",0.987351
"6327_2",0.007726
"10012_9",0.990422
"10090_3",0.017259
"8564_1",0.022286
"10905_8",0.990083
"6828_2",0.012540
"1730_1",0.006241
"3404_3",0.012042
"12428_1",0.014268
"5180_1",0.040961
"10554_9",0.963231
"527_2",0.163312
"10296_8",0.987946
"543_4",0.010520
"10235_3",0.071559
"3743_4",0.864996
"8792_3",0.009690
"3597_1",0.010560
"12320_1",0.004306
"11672_8",0.991204
"7237_4",0.822046
"3726_7",0.876158
"6643_2",0.048406
"2743_10",0.991522
"10184_9",0.992184
"1929_1",0.032344
"666_7",0.122261
"4548_4",0.016545
"4153_4",0.004547
"7356_4",0.047780
"8843_10",0.988039
"7552_8",0.993069
"6494_8",0.991255
"3547_7",0.963437
"810_1",0.023712
"7672_9",0.912592
"4945_3",0.006877
"12427_8",0.972779
"749_7",0.984048
"10706_10",0.993537
"10969_1",0.003423
"340_9",0.991538
"2154_8",0.991907
"3715_1",0.004094
"2388_10",0.993722
"5905_2",0.017560
"3774_10",0.991272
"3070_1",0.003854
"4789_10",0.928991
"1509_2",0.006811
"2350_8",0.994531
"11137_1",0.014200
"10987_1",0.021969
"5815_1",0.008553
"7272_10",0.991339
"4651_10",0.962743
"4184_1",0.005686
"9636_10",0.970826
"8592_10",0.985342
"3068_3",0.017935
"8899_4",0.012933
"10018_1",0.010428
"5821_10",0.992423
"3232_4",0.082254
"10795_10",0.990385
"7461_3",0.003780
"10874_7",0.498840
"9672_10",0.976265
"1908_10",0.974239
"4014_9",0.894789
"10488_3",0.004023
"2501_7",0.989034
"12339_3",0.096748
"2698_10",0.979255
"1674_1",0.012159
"10366_8",0.053999
"12059_10",0.993612
"8285_4",0.008805
"4120_8",0.988403
"4238_7",0.987806
"10516_1",0.005292
"2478_9",0.973469
"7807_2",0.015968
"10704_1",0.018851
"791_4",0.041269
"2514_4",0.251602
"3095_10",0.970521
"1770_10",0.992739
"11115_2",0.048496
"10797_1",0.019234
"11347_1",0.005831
"7077_10",0.992393
"403_1",0.008228
"5852_7",0.849285
"8451_8",0.973720
"7013_1",0.012637
"10346_9",0.988177
"3055_7",0.962250
"4687_1",0.016199
"8467_10",0.983036
"11363_10",0.978774
"277_9",0.990366
"1715_2",0.091099
"9249_1",0.003780
"1895_10",0.820757
"5505_3",0.008117
"1323_9",0.993819
"4200_10",0.987277
"682_4",0.038142
"12020_4",0.085137
"5824_10",0.993902
"4475_10",0.992640
"891_1",0.005302
"2713_8",0.641177
"2084_9",0.975367
"1535_3",0.006811
"7862_8",0.966726
"8055_9",0.993474
"6604_7",0.994191
"7714_1",0.008796
"5606_7",0.966976
"7277_10",0.993015
"3197_1",0.004655
"406_7",0.008148
"6948_9",0.988558
"4196_8",0.980858
"1723_10",0.970409
"11625_4",0.061480
"1259_1",0.013134
"5283_10",0.986777
"8407_4",0.020964
"5561_8",0.988177
"7653_3",0.005843
"8646_1",0.010259
"8053_8",0.962638
"1879_7",0.797951
"1645_2",0.036978
"12222_7",0.208421
"3966_1",0.031529
"4754_1",0.005631
"8920_9",0.978651
"11920_9",0.980747
"4747_2",0.054702
"2108_8",0.936923
"9017_7",0.991684
"994_7",0.779364
"11155_10",0.993574
"6249_9",0.990910
"5926_9",0.985649
"12486_1",0.057918
"4918_8",0.947088
"1357_9",0.980300
"6051_2",0.009994
"4589_10",0.959913
"12401_4",0.008873
"4083_8",0.974677
"10373_10",0.989889
"7467_8",0.886371
"2220_1",0.014104
"6882_7",0.985243
"10551_10",0.992947
"4043_10",0.987711
"11078_8",0.975249
"4280_9",0.989140
"8594_10",0.990044
"10652_9",0.990044
"2206_10",0.986623
"9014_2",0.018177
"10215_4",0.008070
"3549_2",0.006413
"10445_1",0.006062
"10819_9",0.980618
"10691_1",0.012147
"3855_10",0.987688
"7809_2",0.147310
"3022_7",0.956877
"694_8",0.964489
"13_9",0.959687
"10972_10",0.992108
"9187_1",0.014630
"12354_3",0.392693
"4793_1",0.010860
"10696_1",0.008054
"12446_1",0.006850
"1488_10",0.987782
"904_10",0.683208
"11057_1",0.008882
"2132_8",0.983565
"1406_10",0.974749
"11366_3",0.012674
"9957_4",0.855066
"12096_1",0.009803
"3827_3",0.015559
"11686_2",0.009994
"4387_9",0.978996
"9955_9",0.991891
"12103_10",0.986376
"11506_10",0.979472
"793_1",0.020332
"8001_1",0.015102
"8823_4",0.057599
"1787_7",0.971752
"5484_10",0.990159
"3557_9",0.992379
"615_8",0.972831
"410_2",0.012625
"5800_2",0.076098
"3143_4",0.064831
"11359_2",0.005281
"7016_10",0.995151
"3711_2",0.007636
"8580_10",0.994402
"5615_9",0.975225
"9202_2",0.010121
"4776_2",0.014658
"8436_10",0.991422
"2097_8",0.436157
"6935_4",0.887887
"2656_1",0.003795
"11446_7",0.946990
"5392_4",0.041230
"6451_9",0.981076
"11054_8",0.993950
"8677_8",0.952086
"8761_3",0.026989
"9297_1",0.003729
"12480_2",0.011996
"11736_9",0.982490
"4156_8",0.949902
"1955_10",0.985923
"12350_1",0.081813
"5439_1",0.011234
"1342_10",0.971102
"7271_1",0.035244
"1868_4",0.040465
"4497_9",0.993176
"1729_10",0.992379
"4593_8",0.941385
"11296_7",0.945951
"9573_4",0.097390
"11678_2",0.008771
"6790_9",0.992711
"12298_2",0.035679
"9839_3",0.026785
"1348_1",0.015845
"7004_8",0.993320
"10414_10",0.994531
"3826_3",0.049959
"9313_4",0.653638
"10543_3",0.006327
"6909_9",0.966156
"11377_10",0.992568
"2591_9",0.973544
"11355_2",0.007374
"9274_8",0.978753
"4521_4",0.020547
"12208_9",0.982971
"4948_2",0.009214
"3732_1",0.016231
"12096_10",0.992781
"7135_3",0.356548
"10310_8",0.961965
"1959_1",0.010072
"10383_1",0.090454
"106_9",0.994358
"7085_7",0.984605
"11070_8",0.993203
"6850_10",0.982557
"12476_4",0.034914
"1917_10",0.992467
"1341_3",0.024633
"4062_1",0.018177
"5594_4",0.021145
"11963_1",0.015189
"2777_9",0.966220
"9871_7",0.887692
"949_8",0.775902
"7436_10",0.993624
"738_10",0.982658
"4893_1",0.014159
"6100_10",0.791982
"10219_9",0.987399
"4004_2",0.056914
"5945_10",0.993747
"10183_9",0.992031
"3465_10",0.992199
"4408_1",0.004718
"5810_7",0.979765
"188_3",0.011223
"7835_1",0.116412
"1648_9",0.989140
"7971_8",0.983707
"11809_1",0.009467
"5352_10",0.986098
"1476_8",0.883789
"602_10",0.963092
"9669_2",0.030821
"93_9",0.882326
"10787_10",0.992393
"10958_8",0.944177
"6608_1",0.004374
"7058_10",0.988062
"4401_10",0.993599
"9315_8",0.135175
"9670_3",0.034456
"10537_3",0.002112
"1033_2",0.014434
"12085_10",0.983423
"9373_7",0.993499
"8302_2",0.006438
"10138_2",0.015410
"6814_10",0.991748
"9778_1",0.003802
"5149_7",0.984942
"6191_3",0.544771
"7466_3",0.008260
"10051_2",0.020371
"5262_2",0.007149
"2906_1",0.004628
"8625_9",0.939025
"2118_4",0.067240
"11547_3",0.020004
"11384_7",0.992611
"123_10",0.949106
"11115_7",0.791459
"9348_10",0.993914
"568_9",0.957794
"7731_9",0.978219
"6548_8",0.987993
"9235_4",0.015395
"430_10",0.988971
"10790_1",0.008437
"10691_10",0.965316
"2324_9",0.993587
"11031_1",0.007504
"5465_4",0.054904
"5545_4",0.014602
"5546_10",0.984898
"9010_2",0.008779
"7205_10",0.983723
"7580_10",0.987326
"2052_3",0.014309
"6284_7",0.959535
"12001_3",0.009793
"3458_9",0.993831
"9013_2",0.009082
"5839_4",0.844409
"10809_10",0.993176
"3077_2",0.005100
"11373_3",0.008813
"7083_9",0.994499
"10846_10",0.991118
"11815_10",0.995291
"4730_1",0.003824
"3320_7",0.992568
"4782_10",0.992108
"3410_3",0.007417
"5142_10",0.992364
"3947_1",0.011961
"3016_8",0.146270
"12114_4",0.478590
"11039_8",0.690742
"5902_7",0.993123
"5351_8",0.977306
"1654_10",0.969985
"5731_4",0.031114
"10985_9",0.977263
"8724_1",0.009029
"9854_3",0.016915
"2054_1",0.006241
"11385_4",0.069415
"5919_4",0.014686
"9898_1",0.009985
"11874_8",0.975484
"4496_3",0.387515
"5231_1",0.011126
"10070_3",0.010101
"2345_8",0.989811
"9311_10",0.989244
"1036_10",0.993686
"6603_4",0.012218
"2138_9",0.938745
"10546_10",0.983832
"3217_10",0.980784
"12188_10",0.992626
"5986_2",0.015087
"352_10",0.991135
"8557_3",0.012747
"10453_10",0.994135
"4397_4",0.004925
"673_2",0.257905
"10305_10",0.993123
"11985_1",0.003470
"3457_1",0.014490
"500_1",0.012747
"10637_9",0.955026
"8144_10",0.988425
"8485_1",0.006027
"1632_7",0.921570
"2404_8",0.990310
"11489_10",0.967717
"7590_1",0.003729
"12460_2",0.059210
"11729_10",0.978570
"2796_7",0.943764
"8015_2",0.007915
"8258_4",0.012809
"2272_3",0.017045
"7178_10",0.980618
"8476_8",0.983800
"3411_4",0.028734
"8319_10",0.982922
"11799_10",0.990997
"8585_4",0.582754
"4640_10",0.977968
"12199_1",0.005354
"8380_7",0.985398
"8712_10",0.981507
"12482_9",0.993150
"4813_1",0.014490
"119_9",0.993333
"7850_10",0.950686
"5536_1",0.020062
"10576_1",0.011553
"2803_1",0.005753
"11788_4",0.003758
"6681_3",0.031114
"2503_10",0.992711
"88_3",0.010388
"7389_4",0.224438
"8793_9",0.986031
"4911_7",0.975460
"6495_4",0.018582
"10670_1",0.004232
"2203_10",0.988085
"7588_10",0.844345
"7095_7",0.986468
"6748_8",0.965512
"10348_1",0.020332
"2568_8",0.902952
"10292_2",0.068257
"1112_3",0.005395
"5322_7",0.974580
"4291_4",0.008611
"1212_7",0.981400
"7963_10",0.993083
"6156_1",0.008951
"713_1",0.024238
"11606_8",0.993294
"10975_10",0.987448
"4638_10",0.962988
"800_8",0.962143
"1389_3",0.028409
"10045_1",0.009606
"3529_1",0.023939
"1921_2",0.046987
"4824_8",0.991571
"10688_10",0.947866
"84_10",0.990441
"225_3",0.025275
"9756_10",0.985229
"7601_8",0.837021
"6342_3",0.034294
"7711_1",0.005697
"12133_7",0.949576
"8026_3",0.064241
"4551_10",0.992154
"545_4",0.014729
"343_1",0.011973
"10788_4",0.351228
"8711_2",0.009559
"5493_10",0.993123
"9358_1",0.178920
"2185_3",0.006706
"9720_2",0.007135
"4481_8",0.984942
"6528_2",0.005911
"11928_8",0.983894
"6591_7",0.907107
"10876_1",0.005566
"11253_10",0.955858
"2190_3",0.031173
"4281_3",0.004925
"7971_3",0.018090
"11649_2",0.007621
"5199_3",0.017969
"12258_3",0.141875
"5922_8",0.984679
"11136_1",0.006086
"7941_10",0.982724
"1412_7",0.993385
"11053_3",0.364905
"5586_10",0.986533
"5762_9",0.928149
"8328_3",0.027507
"10354_4",0.014658
"3563_8",0.953144
"8246_2",0.235196
"7740_10",0.985649
"4972_1",0.004265
"832_4",0.154567
"11386_10",0.990083
"1273_3",0.005934
"5085_2",0.110952
"11414_4",0.010298
"885_8",0.985300
"3943_10",0.943034
"898_9",0.988690
"8168_10",0.991101
"9779_10",0.984351
"830_7",0.991652
"77_10",0.981040
"648_8",0.989889
"10629_10",0.991907
"89_10",0.990441
"11955_9",0.954351
"7883_9",0.986138
"243_4",0.201931
"5148_2",0.010298
"1056_3",0.975367
"5206_10",0.991389
"8777_10",0.993831
"2969_2",0.004655
"6729_8",0.992554
"11860_1",0.029118
"6307_4",0.017210
"11589_1",0.023331
"8016_1",0.007846
"3461_8",0.991015
"8767_1",0.008244
"7692_10",0.976979
"12281_8",0.903337
"7763_1",0.665696
"5301_9",0.916185
"5112_10",0.988928
"10757_10",0.949201
"1066_8",0.947430
"5413_10",0.989470
"2733_3",0.064831
"8534_10",0.991153
"5915_8",0.987923
"10566_3",0.009403
"10900_7",0.889433
"3120_10",0.984649
"4394_1",0.003580
"3090_1",0.012112
"4379_10",0.992408
"5259_7",0.051510
"10792_8",0.993938
"2599_1",0.007839
"1912_2",0.005281
"2517_1",0.927166
"2946_8",0.984694
"3020_8",0.948537
"1850_4",0.651833
"9463_2",0.009090
"1721_10",0.989612
"7952_7",0.993807
"1806_9",0.978692
"11403_9",0.979707
"2013_7",0.953837
"5556_10",0.990803
"1746_3",0.005090
"11125_7",0.994369
"9270_4",0.018021
"7343_10",0.989140
"12465_10",0.988971
"8550_9",0.981788
"6213_8",0.989632
"10861_10",0.994008
"4109_7",0.687945
"8652_1",0.006339
"11546_1",0.010179
"9133_7",0.362650
"5964_3",0.007733
"1575_1",0.007907
"1337_4",0.089335
"7610_1",0.002328
"49_10",0.994477
"6505_2",0.006217
"7177_10",0.986803
"5947_7",0.541863
"1723_3",0.006050
"9055_7",0.929376
"7972_1",0.015365
"5340_8",0.912787
"6938_8",0.190009
"12400_8",0.959078
"552_9",0.989409
"11844_9",0.991305
"1080_1",0.010239
"3078_10",0.993281
"8713_9",0.983986
"7300_1",0.022912
"12464_1",0.029201
"3812_10",0.971591
"3313_4",0.031889
"6880_4",0.062962
"5478_9",0.993069
"10951_7",0.968321
"3327_8",0.951594
"6332_10",0.978895
"4385_8",0.944022
"2387_10",0.994066
"5756_3",0.010520
"4020_7",0.940898
"6190_8",0.984261
"517_8",0.993512
"9018_3",0.269975
"9449_10",0.991118
"10715_3",0.018334
"8195_8",0.993255
"9605_10",0.962708
"4309_9",0.989731
"1783_4",0.006169
"1658_10",0.962462
"1403_7",0.938857
"4268_1",0.006278
"4822_1",0.005364
"717_4",0.109515
"7768_10",0.993123
"7803_2",0.006157
"7190_8",0.981823
"11035_1",0.006327
"6288_10",0.419911
"10690_1",0.017917
"714_10",0.980129
"9210_10",0.991764
"12462_1",0.003118
"9325_1",0.003254
"8370_8",0.872510
"10583_1",0.030129
"4016_10",0.992554
"6465_4",0.232267
"1512_9",0.986803
"4769_8",0.988154
"11160_7",0.959383
"2175_1",0.003216
"12261_7",0.977650
"685_8",0.989948
"9208_10",0.463232
"6296_1",0.009038
"8210_4",0.016947
"11237_4",0.018458
"8139_10",0.973292
"6996_3",0.022651
"5168_1",0.007080
"5528_3",0.031440
"6635_1",0.023465
"1670_8",0.979016
"7099_4",0.133868
"2239_1",0.937326
"7313_4",0.038107
"3304_2",0.010033
"10505_1",0.009662
"9681_10",0.962638
"7569_4",0.302932
"9926_4",0.128143
"8339_8",0.979784
"8553_10",0.992274
"387_1",0.004858
"4715_9",0.968944
"11447_1",0.011190
"7425_1",0.012492
"10514_1",0.043610
"6979_10",0.992244
"3104_1",0.005385
"6833_4",0.495300
"5931_3",0.016866
"12103_2",0.032961
"9413_1",0.008454
"2730_7",0.114765
"7293_10",0.991373
"8479_9",0.991049
"9099_7",0.912942
"2061_4",0.340513
"4680_7",0.990329
"4067_1",0.141637
"4663_2",0.010091
"3069_1",0.006628
"8739_7",0.986636
"8279_2",0.015634
"11078_1",0.007261
"7917_1",0.008039
"7636_8",0.988602
"5071_8",0.963848
"1720_10",0.989202
"885_3",0.013624
"734_1",0.004811
"6309_9",0.989076
"4346_3",0.011126
"4087_10",0.979803
"678_1",0.005675
"8348_8",0.950824
"3572_2",0.006062
"10285_1",0.062732
"11126_4",0.302700
"8071_2",0.012588
"8150_10",0.993015
"4652_4",0.315723
"3674_8",0.942135
"1046_9",0.989470
"1986_8",0.994303
"2516_1",0.027403
"11758_1",0.030589
"4747_8",0.923454
"10426_4",0.344905
"4331_1",0.007121
"9146_3",0.012408
"312_10",0.991859
"4160_9",0.986853
"5277_3",0.012896
"4896_7",0.991748
"4327_9",0.925162
"4136_3",0.010358
"2324_2",0.157914
"10407_10",0.986442
"5081_10",0.992739
"2892_2",0.004820
"367_3",0.011061
"6523_3",0.010160
"9037_7",0.993783
"8790_1",0.005333
"1839_8",0.991538
"4149_3",0.006958
"7950_3",0.007317
"1686_2",0.048631
"7855_1",0.005395
"2844_10",0.986297
"4006_1",0.006426
"1077_10",0.993029
"9294_3",0.074601
"8866_1",0.004673
"8414_3",0.010611
"11736_3",0.016356
"11683_9",0.906694
"6399_10",0.970127
"4876_2",0.003154
"8818_10",0.993950
"8874_3",0.051797
"2595_7",0.935287
"9287_1",0.007861
"11446_3",0.013915
"10016_3",0.064300
"10381_8",0.990496
"2222_1",0.064535
"10875_7",0.953057
"5708_8",0.986828
"2727_9",0.986598
"823_1",0.020352
"3616_2",0.005120
"10522_1",0.045522
"5340_3",0.141697
"4218_9",0.995702
"6551_4",0.779112
"4506_7",0.994112
"487_3",0.006193
"3215_2",0.014213
"3884_10",0.993372
"8163_1",0.015861
"4878_9",0.990714
"10428_10",0.993587
"6394_10",0.989511
"5318_2",0.006577
"4829_3",0.095687
"9175_8",0.987923
"10213_7",0.684580
"1484_10",0.989368
"9646_10",0.993229
"755_1",0.027040
"4988_1",0.007992
"10640_3",0.170957
"2780_4",0.009671
"5867_2",0.015425
"9212_10",0.575193
"8554_4",0.183155
"4703_3",0.830663
"8779_8",0.979275
"953_10",0.979096
"10349_8",0.974677
"3280_10",0.994292
"3646_8",0.969900
"6054_1",0.006253
"4894_3",0.071721
"11235_10",0.939137
"513_8",0.988668
"4166_1",0.010850
"742_8",0.626010
"7671_10",0.989712
"2835_4",0.933794
"8556_10",0.990945
"4764_7",0.994031
"1626_3",0.009596
"6883_4",0.016293
"1014_4",0.351461
"9419_10",0.991891
"7918_8",0.992697
"8912_2",0.008839
"7996_3",0.015830
"5045_2",0.007374
"9612_2",0.017243
"1658_2",0.015425
"4373_2",0.004232
"11771_7",0.967070
"5458_4",0.017763
"10492_1",0.010892
"5551_8",0.951188
"811_1",0.011061
"12209_9",0.947527
"1514_1",0.012468
"6684_9",0.994020
"4604_7",0.978467
"3350_1",0.020785
"3336_7",0.970799
"9645_4",0.117370
"1664_9",0.993216
"5109_8",0.969757
"9294_8",0.917562
"7439_3",0.015845
"9098_10",0.956022
"10353_2",0.016168
"2356_4",0.032806
"884_1",0.139924
"704_2",0.008977
"9429_4",0.089137
"11563_1",0.019700
"10345_7",0.429728
"12301_4",0.040276
"1021_7",0.915658
"6353_1",0.007303
"2608_7",0.961098
"10508_1",0.375420
"263_1",0.003279
"10127_10",0.989870
"11517_4",0.878523
"4758_4",0.034326
"2210_4",0.520435
"12396_1",0.003191
"9405_7",0.728386
"5945_2",0.003969
"1931_3",0.035211
"3972_9",0.982906
"7949_3",0.032868
"1958_10",0.994259
"5834_7",0.994325
"11040_1",0.007969
"9453_1",0.016168
"5841_10",0.985115
"1144_10",0.992408
"5678_2",0.055875
"11361_3",0.004574
"5999_1",0.011904
"11810_4",0.297036
"10502_1",0.004086
"11821_10",0.993574
"8270_10",0.883286
"4627_4",0.700280
"5588_2",0.013325
"4877_1",0.005140
"2289_8",0.975901
"2582_10",0.994043
"8749_1",0.022846
"1653_1",0.005200
"7060_3",0.070304
"4299_1",0.004142
"7198_10",0.975901
"5597_9",0.986979
"11592_10",0.992244
"1516_1",0.021927
"1428_10",0.983644
"9349_7",0.986764
"4182_10",0.955651
"522_10",0.985057
"1942_9",0.994303
"2570_8",0.982741
"1188_2",0.006693
"7454_10",0.990083
"6859_8",0.993735
"4278_9",0.993686
"3538_8",0.937326
"6499_1",0.022414
"7715_1",0.003608
"5847_1",0.007417
"2109_10",0.988016
"7570_2",0.008228
"3725_1",0.007577
"8736_2",0.168960
"2007_10",0.994380
"9738_10",0.961714
"2763_7",0.990962
"9081_2",0.020100
"6647_10",0.989098
"11207_1",0.153105
"5182_3",0.005957
"2171_10",0.991907
"9091_1",0.439687
"3970_3",0.100746
"7432_9",0.984381
"2169_2",0.006027
"720_1",0.011029
"866_2",0.008125
"567_3",0.317955
"11812_8",0.952264
"11195_9",0.994369
"5877_10",0.988799
"5526_9",0.993410
"792_8",0.989771
"8673_9",0.985086
"5163_1",0.005523
"4722_8",0.973569
"11423_8",0.870432
"3239_8",0.979648
"2235_4",0.141815
"5799_3",0.006266
"8592_2",0.009431
"5229_10",0.991875
"9285_10",0.987104
"6092_1",0.026785
"8940_10",0.959988
"12220_8",0.174410
"4417_10",0.988380
"10462_10",0.991985
"3241_9",0.986803
"8744_10",0.990927
"1016_3",0.379034
"7382_10",0.990025
"8458_8",0.970716
"629_4",0.027169
"1971_3",0.016769
"4471_4",0.014914
"7890_2",0.008611
"10164_4",0.983785
"2176_8",0.987759
"2500_2",0.010004
"1155_2",0.009803
"7102_8",0.950273
"3618_10",0.993242
"4940_3",0.013889
"10263_3",0.011126
"12495_10",0.938857
"7170_9",0.983613
"7322_3",0.005343
"2938_10",0.897156
"8128_8",0.991684
"4900_1",0.009134
"5672_7",0.898944
"3387_10",0.983723
"806_1",0.008703
"7385_2",0.003743
"3043_4",0.033086
"6845_10",0.960952
"979_3",0.234713
"6853_3",0.004408
"4871_4",0.019947
"12172_8",0.971184
"4105_2",0.006944
"3171_4",0.081813
"8686_10",0.984124
"10187_1",0.004944
"5305_7",0.443962
"1728_10",0.994225
"11284_4",0.354101
"443_2",0.036839
"8542_9",0.992654
"7634_2",0.011321
"2598_1",0.004944
"124_2",0.020824
"10145_8",0.991489
"63_1",0.012312
"5522_3",0.032992
"1264_9",0.982674
"12181_10",0.994380
"6508_1",0.017900
"2146_3",0.012054
"5449_4",0.019757
"2660_9",0.992423
"6594_4",0.018671
"6285_8",0.933613
"12200_10",0.889769
"6710_1",0.074568
"10399_10",0.980450
"6703_1",0.006027
"5795_8",0.991373
"3427_4",0.019550
"11306_10",0.993771
"6641_3",0.086093
"9364_9",0.992879
"6963_8",0.096834
"6896_10",0.921640
"10154_10",0.984679
"4690_10",0.992437
"8125_8",0.956145
"4978_1",0.008204
"4999_3",0.005957
"8921_8",0.983439
"6089_3",0.007629
"12279_9",0.991538
"1209_7",0.970352
"2083_7",0.932883
"10162_10",0.966632
"1266_4",0.069890
"10892_8",0.992364
"4864_4",0.021885
"10743_7",0.551845
"6427_1",0.004538
"8633_1",0.098382
"6158_10",0.991844
"4952_3",0.004023
"7508_10",0.941493
"637_9",0.984063
"6734_2",0.033337
"10685_1",0.009304
"6269_4",0.027559
"9073_8",0.991032
"9551_2",0.034424
"5499_2",0.012516
"3573_4",0.006027
"12089_1",0.016029
"3962_1",0.006603
"2169_7",0.901140
"959_8",0.963506
"10514_9",0.687735
"4430_7",0.329230
"10802_1",0.133077
"280_10",0.979433
"8041_3",0.077100
"9040_9",0.994303
"10653_1",0.008180
"10783_7",0.988131
"4711_1",0.009477
"1523_4",0.316633
"3903_1",0.014757
"4216_8",0.968381
"10108_1",0.006971
"4098_4",0.008292
"9433_7",0.991985
"11013_10",0.970660
"3968_10",0.987351
"7916_3",0.009737
"5859_9",0.978692
"11194_7",0.825027
"9376_3",0.006917
"1808_4",0.062445
"12029_3",0.024727
"5854_4",0.037821
"6573_9",0.992851
"6747_8",0.898944
"4366_1",0.007432
"5868_7",0.993673
"7712_3",0.083628
"11617_1",0.006302
"5362_10",0.993537
"1950_1",0.009134
"9724_1",0.006864
"7537_8",0.977001
"6950_1",0.004298
"6035_8",0.989368
"11191_4",0.066691
"4759_9",0.978631
"1228_7",0.965479
"10380_1",0.032283
"271_7",0.876476
"7826_9",0.984486
"4336_2",0.012089
"4209_2",0.033337
"4898_7",0.951142
"2987_1",0.010150
"9976_4",0.017661
"7521_10",0.982641
"5680_2",0.006706
"4310_10",0.958460
"4484_10",0.990945
"5748_9",0.992274
"6798_3",0.005210
"9598_10",0.980803
"4834_2",0.012662
"2505_10",0.991289
"1984_8",0.927298
"476_1",0.005854
"11578_1",0.002586
"2223_3",0.021553
"8215_3",0.015922
"3108_1",0.014023
"4371_1",0.007854
"12399_4",0.090454
"4913_1",0.010509
"8431_8",0.992108
"3445_10",0.989430
"8268_10",0.992539
"4271_10",0.985524
"2136_3",0.008813
"2479_1",0.006351
"11798_2",0.020765
"2893_10",0.988842
"7754_3",0.010787
"7568_10",0.990292
"6221_8",0.994336
"1687_10",0.990366
"4744_1",0.013454
"3730_10",0.982757
"7543_10",0.967686
"4449_1",0.007289
"2802_8",0.995056
"2834_2",0.007108
"11243_2",0.013584
"6638_10",0.978343
"3299_1",0.007417
"1378_10",0.993524
"1867_9",0.985243
"3371_1",0.015724
"1340_10",0.942823
"1810_10",0.979176
"11773_10",0.974653
"2111_1",0.016641
"2234_4",0.030997
"4958_7",0.884239
"3514_1",0.014104
"8488_9",0.969382
"1650_4",0.012834
"6538_3",0.006958
"9930_9",0.993636
"10594_1",0.004574
"6248_8",0.993587
"1384_9",0.993759
"11526_3",0.054049
"9847_10",0.993359
"8994_1",0.007094
"11595_1",0.006784
"9840_7",0.919063
"1027_9",0.987520
"11691_2",0.010725
"1154_10",0.949576
"4599_4",0.018887
"2126_1",0.280789
"10719_3",0.008737
"11925_2",0.010976
"1938_2",0.008244
"7233_7",0.906281
"1747_8",0.994423
"4994_8",0.982741
"10696_10",0.993042
"7348_10",0.956063
"9121_8",0.984869
"902_10",0.972467
"8046_1",0.024284
"3604_7",0.973844
"4886_8",0.993150
"2821_10",0.990348
"10180_8",0.882630
"11376_10",0.989830
"11195_2",0.017917
"5625_9",0.980636
"9284_9",0.971102
"6747_1",0.016530
"3910_9",0.949623
"11412_7",0.969728
"2456_10",0.991289
"6105_10",0.991796
"5732_10",0.982741
"1960_9",0.988755
"6363_7",0.850469
"9596_10",0.957715
"8605_3",0.008276
"174_2",0.013611
"8251_1",0.007621
"8567_10",0.983359
"7007_3",0.074164
"2418_8",0.974264
"12030_8",0.983231
"7626_7",0.870046
"6070_3",0.017493
"802_1",0.010955
"10801_10",0.951188
"8559_1",0.006719
"2495_2",0.943348
"10777_9",0.993474
"2958_7",0.960768
"3701_10",0.990064
"2754_9",0.980431
"1210_1",0.022890
"7830_10",0.992947
"4523_9",0.838217
"12408_4",0.034489
"5748_1",0.008644
"3982_2",0.005292
"9658_8",0.922132
"73_10",0.990732
"3952_1",0.012360
"4064_8",0.992214
"9835_4",0.656369
"12463_1",0.008805
"905_10",0.980300
"5634_8",0.979116
"800_3",0.005686
"11576_10",0.992934
"8546_4",0.019271
"8456_1",0.164315
"163_1",0.007247
"7616_3",0.008653
"17_3",0.025834
"620_2",0.006526
"4250_4",0.039269
"4403_1",0.004451
"7107_3",0.587307
"9691_9",0.989327
"4069_8",0.991538
"3747_7",0.980913
"7930_10",0.989751
"1088_3",0.008188
"3683_1",0.010913
"11138_1",0.040163
"1825_10",0.993855
"9888_3",0.009699
"8079_10",0.825801
"1508_2",0.003130
"2471_4",0.016231
"5238_7",0.991812
"4947_9",0.987228
"1791_10",0.938576
"5824_4",0.032010
"10408_2",0.006680
"6053_8",0.993110
"6811_4",0.010683
"6398_4",0.034326
"137_7",0.425665
"3920_9",0.984575
"8179_2",0.014200
"10602_8",0.942454
"10509_8",0.973062
"7346_3",0.010348
"2663_1",0.007907
"1342_2",0.409339
"5714_4",0.038975
"9669_10",0.977968
"6038_3",0.085633
"11957_10",0.937612
"750_2",0.016561
"12386_10",0.658225
"7178_1",0.003961
"8070_8",0.980072
"8993_1",0.005427
"1178_4",0.050799
"10457_8",0.993359
"5287_1",0.004023
"3098_8",0.977522
"3505_8",0.991067
"10271_1",0.043123
"4354_3",0.005775
"4817_1",0.009038
"11313_1",0.007592
"9023_10",0.989450
"8404_1",0.059483
"11847_1",0.006121
"5374_9",0.981841
"1009_8",0.989098
"4197_1",0.008977
"10803_9",0.952926
"6609_9",0.845177
"519_1",0.004110
"7675_3",0.013532
"10204_10",0.993795
"10565_1",0.099252
"1641_1",0.009643
"11170_10",0.989771
"451_2",0.011904
"4526_7",0.391275
"5639_9",0.980186
"5642_1",0.010987
"9159_3",0.991272
"11173_10",0.961425
"10772_10",0.992697
"11172_10",0.991875
"10213_4",0.354534
"11256_9",0.979765
"5863_1",0.013210
"5125_1",0.012444
"5624_10",0.986803
"10355_10",0.116211
"6623_1",0.016277
"3674_1",0.003040
"540_8",0.832100
"5202_10",0.987993
"9644_10",0.994123
"4780_1",0.006958
"2002_9",0.080321
"7228_10",0.990696
"4036_2",0.003197
"9925_9",0.979056
"1137_10",0.982134
"5679_1",0.006027
"9162_2",0.005120
"2849_3",0.015664
"3546_4",0.009946
"7164_1",0.002425
"1749_10",0.952970
"11988_2",0.019833
"365_10",0.974043
"7340_10",0.993722
"1543_3",0.013493
"6008_2",0.008788
"2230_4",0.014857
"10105_3",0.005160
"5443_1",0.011699
"5024_1",0.007801
"5630_8",0.978488
"7603_10",0.989511
"12205_10",0.835685
"5910_7",0.988062
"7006_8",0.993002
"3287_10",0.956391
"3136_1",0.003795
"6547_4",0.196788
"9329_1",0.007233
"1679_10",0.988425
"1659_7",0.971074
"2015_1",0.021906
"5236_1",0.035779
"2201_2",0.004256
"6026_3",0.094594
"12093_8",0.877477
"11394_10",0.933794
"9512_1",0.014518
"8401_3",0.018779
"5239_8",0.980673
"5018_10",0.987179
"38_8",0.989430
"2968_7",0.853058
"5359_3",0.009587
"10419_4",0.868158
"1551_4",0.060474
"11346_1",0.005292
"809_1",0.015845
"9823_4",0.097907
"10125_8",0.977968
"8819_10",0.992597
"9038_4",0.012444
"1968_1",0.021471
"6642_2",0.007374
"9015_10",0.988131
"12198_2",0.016866
"2758_9",0.988492
"9206_3",0.025179
"4370_7",0.684554
"1985_2",0.006074
"3031_7",0.992169
"10172_1",0.014172
"4527_1",0.005809
"5458_9",0.995263
"6534_1",0.012492
"4347_1",0.010735
"11152_10",0.992062
"9238_3",0.841174
"6161_8",0.993203
"2299_1",0.005820
"1133_1",0.088662
"11774_3",0.008711
"1095_2",0.022393
"11311_10",0.933794
"1126_1",0.002611
"2385_9",0.989013
"10710_10",0.994031
"10106_1",0.004700
"3363_1",0.009985
"11480_10",0.993281
"5183_1",0.004298
"7100_7",0.970042
"752_10",0.992554
"11958_8",0.974580
"2518_1",0.021328
"4744_9",0.930078
"53_7",0.993599
"12289_1",0.102529
"9239_4",0.046595
"8758_10",0.967472
"9050_9",0.988470
"10390_7",0.991812
"11780_8",0.841370
"9518_1",0.007923
"3442_1",0.011653
"6316_9",0.994157
"2826_9",0.991289
"5908_10",0.986442
"3720_7",0.993083
"8481_1",0.007374
"1188_10",0.994488
"2784_10",0.986917
"12352_3",0.257648
"1771_10",0.941654
"5255_1",0.152473
"328_4",0.331505
"313_10",0.992879
"10530_1",0.011190
"4866_7",0.969382
"8936_1",0.004953
"10029_10",0.985524
"12383_10",0.860545
"1922_1",0.007149
"3012_7",0.477432
"11593_3",0.006971
"8661_1",0.007877
"10457_1",0.021595
"8074_4",0.990514
"11993_10",0.338173
"6_7",0.970013
"2542_9",0.989986
"11454_3",0.012834
"6776_4",0.934455
"9466_1",0.504547
"11100_4",0.006877
"6429_10",0.978364
"11218_3",0.226441
"8310_1",0.017160
"7432_4",0.096535
"10115_1",0.016387
"11127_7",0.980262
"3306_2",0.014159
"6998_7",0.924483
"12166_2",0.007121
"7792_10",0.990803
"9250_1",0.005292
"3351_7",0.950732
"3350_8",0.983423
"2393_3",0.032528
"5473_3",0.009449
"73_4",0.078148
"1504_1",0.004992
"10317_10",0.979176
"5795_1",0.010766
"1511_9",0.983391
"2537_2",0.010829
"8010_4",0.006693
"1616_3",0.011365
"4332_2",0.037292
"8499_1",0.009331
"1636_8",0.953188
"7752_3",0.043244
"5848_7",0.906570
"5370_2",0.017729
"10600_10",0.989850
"5501_3",0.010746
"9948_7",0.992767
"10683_4",0.120387
"10013_4",0.052961
"11704_2",0.073796
"431_9",0.987277
"11855_10",0.993698
"2671_7",0.857709
"5831_2",0.011676
"7920_10",0.986598
"276_1",0.010239
"6245_2",0.090494
"89_3",0.041153
"7871_1",0.005609
"1707_1",0.003992
"6640_1",0.004374
"723_10",0.987923
"11391_1",0.006526
"3534_3",0.005110
"10449_10",0.979195
"180_10",0.993499
"5128_1",0.005708
"471_10",0.993474
"2341_10",0.993268
"3204_7",0.397120
"1818_10",0.986429
"4489_10",0.970155
"12034_10",0.974018
"11264_10",0.992199
"8077_7",0.961207
"12206_10",0.547071
"11549_3",0.013364
"8993_10",0.969382
"1937_4",0.010338
"7778_3",0.018405
"9714_9",0.742842
"7219_4",0.010520
"6518_4",0.008771
"8421_10",0.994043
"10563_2",0.022479
"2527_9",0.995037
"11147_10",0.991015
"832_7",0.952042
"8972_7",0.291082
"2311_9",0.990910
"6794_1",0.024540
"1769_10",0.988690
"11130_1",0.039788
"8331_3",0.007461
"5564_10",0.889625
"2594_10",0.963161
"11037_1",0.004565
"6679_9",0.988108
"419_4",0.040807
"2635_10",0.955527
"4436_4",0.078536
"10972_1",0.015204
"708_3",0.810704
"9113_1",0.008140
"1438_9",0.985566
"2048_4",0.004682
"4488_10",0.947332
"7889_3",0.029284
"11498_9",0.993524
"8780_1",0.240462
"2036_7",0.988690
"1861_1",0.633906
"581_4",0.057229
"9253_10",0.967747
"977_4",0.938632
"5693_7",0.941601
"6515_9",0.991538
"9378_1",0.013545
"6695_2",0.009643
"8507_1",0.008487
"829_2",0.009403
"11023_8",0.986688
"70_1",0.026887
"3669_8",0.987079
"10033_8",0.989652
"9158_4",0.044890
"817_1",0.014268
"4679_1",0.006217
"8133_4",0.036563
"3531_1",0.012649
"10742_1",0.007681
"5579_3",0.017729
"9041_1",0.011475
"4938_1",0.006145
"4246_9",0.855369
"4275_9",0.969584
"6819_3",0.006758
"6327_7",0.990348
"6101_10",0.993176
"11852_2",0.005090
"10252_10",0.972046
"4348_8",0.988335
"5328_4",0.017763
"11964_9",0.987970
"8634_1",0.030589
"3702_8",0.992000
"1677_2",0.023309
"5907_1",0.007417
"8432_10",0.990660
"3570_3",0.744006
"9624_10",0.979823
"11466_4",0.081520
"9062_10",0.988668
"12336_1",0.007417
"3476_1",0.026007
"7033_2",0.013210
"2660_3",0.028871
"741_1",0.009946
"11490_1",0.021802
"6580_7",0.980766
"1807_3",0.024031
"4785_1",0.002834
"6319_10",0.977045
"4437_8",0.990910
"3533_10",0.987030
"12119_3",0.017326
"151_8",0.980375
"7829_7",0.778944
"5497_1",0.016387
"7477_10",0.990102
"5879_10",0.993649
"8068_10",0.982220
"7989_3",0.992753
"8480_10",0.983738
"10352_10",0.987759
"120_2",0.014714
"10135_3",0.021186
"8091_1",0.007191
"8505_8",0.986376
"3282_1",0.023985
"11570_10",0.947235
"11052_8",0.976802
"5549_10",0.992961
"3891_8",0.988268
"3537_9",0.990732
"8503_3",0.306423
"3995_4",0.068631
"10979_3",0.006706
"11681_1",0.022608
"536_7",0.990624
"11739_8",0.985172
"6951_10",0.993474
"6210_2",0.006501
"1449_4",0.715648
"11860_10",0.989652
"11149_8",0.990159
"4021_7",0.979433
"5104_3",0.020235
"2989_3",0.007533
"10112_10",0.992364
"6718_1",0.003524
"7654_4",0.331715
"9481_10",0.971806
"7984_2",0.004273
"1348_8",0.970240
"11079_8",0.780788
"9554_10",0.987876
"8617_8",0.992851
"315_8",0.994770
"6085_8",0.993722
"1823_9",0.977414
"3208_10",0.979609
"924_4",0.027092
"6479_10",0.994259
"7017_10",0.975739
"8595_4",0.027299
"4532_10",0.989928
"5145_4",0.140808
"2358_7",0.964888
"11151_4",0.030272
"10238_7",0.960361
"564_9",0.099908
"4054_10",0.993056
"8852_9",0.985043
"10137_10",0.982065
"7014_3",0.010714
"1533_4",0.009055
"8257_2",0.176140
"8719_8",0.972857
"5041_1",0.057388
"1469_9",0.967225
"11726_3",0.008873
"2002_1",0.014309
"12293_3",0.007938
"3672_1",0.008276
"11110_10",0.993783
"3931_1",0.015634
"6972_1",0.022737
"10186_1",0.009727
"9265_3",0.009241
"7412_3",0.010469
"5427_2",0.011755
"5006_4",0.010499
"3199_1",0.009477
"6256_8",0.534947
"418_9",0.989889
"8834_9",0.962214
"5093_10",0.992408
"3190_2",0.010072
"12360_4",0.008703
"9477_1",0.009090
"6085_1",0.005544
"7773_10",0.988928
"255_4",0.209268
"1661_1",0.005292
"1627_10",0.990044
"9204_2",0.005820
"3704_8",0.955194
"11898_9",0.990083
"1137_1",0.067608
"101_9",0.952175
"1142_1",0.017243
"5314_8",0.974190
"10932_4",0.006944
"9639_2",0.064124
"12125_7",0.982541
"10998_1",0.007519
"5186_7",0.990197
"10340_1",0.030938
"7419_8",0.924347
"6929_3",0.012124
"7238_4",0.014971
"10869_7",0.970493
"4106_1",0.005070
"6589_2",0.752649
"9619_7",0.966379
"7116_4",0.107672
"8889_1",0.002383
"3901_9",0.991954
"7052_7",0.929824
"6439_1",0.010338
"5309_1",0.009606
"4515_3",0.055566
"3029_4",0.013008
"10310_1",0.003657
"12350_10",0.990980
"532_8",0.967839
"11145_8",0.978052
"75_10",0.986071
"6137_3",0.014172
"1637_2",0.010581
"12327_10",0.993961
"2177_7",0.992031
"1879_1",0.004646
"8745_2",0.017866
"3099_8",0.984811
"7354_4",0.009170
"10103_1",0.009286
"3296_10",0.992154
"8494_9",0.993359
"3423_4",0.092442
"7609_8",0.013197
"4265_10",0.967747
"1872_7",0.561335
"10987_10",0.990839
"2849_7",0.965544
"628_1",0.014241
"1391_1",0.005427
"7456_1",0.006917
"12150_1",0.012625
"7718_9",0.981185
"5787_3",0.060087
"12162_8",0.989948
"11670_7",0.968261
"1784_8",0.992626
"7483_8",0.986284
"9564_9",0.958109
"10832_9",0.975716
"12230_1",0.002683
"2291_8",0.992077
"8416_3",0.177954
"9486_10",0.985868
"8153_10",0.992554
"5164_10",0.994054
"6347_8",0.983182
"7773_2",0.011597
"12215_1",0.004700
"10039_8",0.858541
"9803_9",0.986297
"1589_1",0.040389
"1615_9",0.987104
"119_3",0.009946
"623_8",0.988062
"10427_1",0.005730
"11697_4",0.066266
"6168_2",0.014050
"2658_3",0.038035
"1841_4",0.008586
"10572_1",0.008260
"6964_8",0.668096
"5172_1",0.012662
"989_7",0.045310
"159_10",0.986350
"5240_1",0.024330
"11777_1",0.004332
"8350_3",0.008324
"2565_1",0.005831
"7694_10",0.992274
"7759_1",0.038829
"3003_4",0.015968
"7128_2",0.004382
"8147_4",0.059866
"6595_9",0.978135
"8949_3",0.099558
"9848_4",0.057971
"7496_8",0.987204
"11857_10",0.979551
"3237_1",0.027066
"5404_1",0.008356
"10699_8",0.949482
"6138_4",0.094510
"909_4",0.118691
"11833_10",0.990121
"11817_10",0.958069
"171_2",0.244588
"2517_7",0.878366
"10307_7",0.069007
"370_2",0.039565
"5995_8",0.983182
"4612_1",0.031919
"6561_8",0.389942
"7454_1",0.006181
"2951_2",0.012007
"8860_1",0.043406
"411_3",0.004340
"664_3",0.007066
"4345_10",0.992244
"4452_1",0.027611
"2833_2",0.004094
"10374_3",0.150715
"9322_1",0.007490
"9923_3",0.061480
"8687_3",0.027299
"7567_9",0.978529
"137_3",0.012516
"7872_1",0.007121
"6968_4",0.115811
"1540_10",0.992697
"9157_10",0.960249
"4102_10",0.952838
"6645_1",0.013875
"7630_10",0.439507
"3958_9",0.987520
"11437_9",0.994066
"6982_1",0.017815
"4870_2",0.058777
"3545_7",0.967472
"204_1",0.007884
"6844_10",0.989430
"4736_1",0.005843
"9120_9",0.983518
"1608_1",0.017459
"1251_10",0.991668
"12315_10",0.898767
"11754_10",0.989652
"2399_3",0.014406
"11499_8",0.982423
"3870_10",0.992767
"5503_10",0.981436
"4045_10",0.994358
"3063_1",0.005957
"10914_7",0.466177
"8509_10",0.993320
"5872_1",0.010818
"5729_4",0.008959
"10865_2",0.007907
"10218_4",0.270360
"2096_4",0.840062
"11344_1",0.006603
"10623_2",0.008454
"11241_10",0.858006
"7254_2",0.046812
"7892_1",0.003538
"3472_8",0.955152
"11637_4",0.047736
"11853_9",0.988906
"1096_7",0.990962
"8508_3",0.123102
"9400_10",0.990121
"1128_10",0.993461
"5989_10",0.991322
"8021_1",0.004792
"7860_10",0.994247
"1131_10",0.988313
"5589_1",0.040313
"5662_8",0.942029
"2161_7",0.992626
"323_10",0.993831
"2431_1",0.016168
"10147_7",0.974653
"2956_7",0.991907
"12005_3",0.423980
"477_2",0.027533
"202_9",0.986031
"5710_10",0.989450
"2262_7",0.994770
"7103_8",0.793706
"10237_3",0.025761
"12151_1",0.003743
"7485_2",0.027664
"2438_10",0.988799
"4069_2",0.006758
"5593_2",0.003877
"11163_1",0.082217
"6754_10",0.982674
"9147_2",0.016340
"9614_10",0.953449
"4427_7",0.980894
"1382_1",0.006278
"11132_7",0.659597
"6371_3",0.341459
"11221_4",0.033558
"10071_2",0.008031
"4936_2",0.004934
"1797_3",0.722184
"6692_4",0.060585
"5816_1",0.017560
"6163_2",0.003780
"2042_8",0.969237
"856_3",0.006438
"1233_10",0.988690
"9537_10",0.989751
"9504_9",0.958731
"788_10",0.994820
"3399_8",0.987277
"7142_4",0.007275
"10371_4",0.678966
"760_7",0.993487
"3614_10",0.988885
"3314_1",0.020216
"3447_10",0.985370
"12240_10",0.676433
"10083_10",0.994281
"9936_10",0.954095
"7651_10",0.993461
"1470_1",0.016387
"2703_7",0.993996
"5637_10",0.933309
"6102_1",0.008276
"8991_8",0.981004
"9606_10",0.972650
"10568_4",0.033117
"7126_10",0.963575
"4203_10",0.973844
"4486_2",0.007946
"3408_9",0.990624
"2867_8",0.987030
"7338_8",0.973869
"8065_4",0.032590
"2510_3",0.023398
"2110_7",0.883588
"4097_4",0.019531
"7484_8",0.762424
"5789_10",0.989306
"8070_2",0.004408
"867_2",0.099645
"1364_3",0.015785
"10654_2",0.003877
"12417_4",0.096748
"10470_10",0.981648
"6544_10",0.961061
"8904_8",0.969556
"10282_2",0.158891
"497_9",0.993423
"2659_10",0.986777
"9609_7",0.975716
"3010_3",0.025834
"9134_1",0.014420
"8990_1",0.010111
"6960_4",0.209915
"9566_9",0.978733
"7923_4",0.012159
"4542_10",0.992184
"7185_3",0.003877
"1918_10",0.984855
"2316_8",0.952706
"5846_10",0.970660
"1023_10",0.966220
"7141_7",0.978895
"3724_10",0.984124
"3617_2",0.005080
"7095_1",0.004755
"12201_10",0.989712
"10309_2",0.236913
"5584_8",0.960100
"2063_10",0.982741
"10874_1",0.010288
"4084_2",0.007726
"2765_1",0.006850
"11390_3",0.008503
"4676_1",0.016625
"2130_7",0.143068
"12032_7",0.039306
"9671_3",0.011321
"816_7",0.971456
"11320_8",0.860428
"1458_8",0.990624
"1938_7",0.993423
"2861_8",0.992289
"5768_9",0.876423
"5049_9",0.985936
"8083_1",0.442441
"4825_1",0.010338
"1740_9",0.994347
"3034_10",0.964623
"9977_7",0.981560
"8459_10",0.993136
"1103_10",0.911338
"3783_10",0.959001
"754_2",0.015845
"5580_10",0.991652
"3472_2",0.003795
"2640_3",0.042682
"5400_2",0.008156
"5881_10",0.989889
"10970_4",0.844281
"8842_1",0.005070
"5336_8",0.992879
"1398_1",0.025982
"12310_10",0.989928
"6012_8",0.730242
"1508_7",0.785720
"2981_8",0.977778
"576_8",0.992437
"9683_7",0.943971
"10336_1",0.013493
"3345_3",0.271010
"7683_7",0.988199
"6366_9",0.972046
"6741_9",0.994510
"11396_2",0.005427
"4964_10",0.991732
"12285_10",0.990478
"11018_9",0.989182
"3902_9",0.974701
"4147_8",0.968620
"1748_10",0.984694
"10084_3",0.448155
"3265_7",0.976333
"6160_1",0.009737
"2984_10",0.994066
"1305_1",0.008813
"9075_4",0.955940
"11710_7",0.910466
"2443_10",0.988949
"938_10",0.989470
"1392_7",0.426680
"10406_8",0.974845
"4302_7",0.963092
"2836_8",0.968381
"2365_3",0.012444
"98_1",0.029619
"8325_10",0.990945
"300_9",0.989409
"7667_1",0.943034
"4313_10",0.964722
"12450_3",0.027015
"8582_1",0.008528
"11325_9",0.917488
"8482_1",0.005900
"7304_8",0.992393
"9439_1",0.007548
"2656_10",0.993938
"4306_3",0.005011
"10079_1",0.012372
"11172_1",0.011778
"6095_9",0.921074
"5698_1",0.010318
"35_1",0.012945
"6043_3",0.019382
"2261_1",0.005653
"4784_10",0.991084
"10936_7",0.288544
"5316_10",0.985580
"8361_8",0.979374
"10373_2",0.011169
"500_10",0.993281
"371_4",0.200675
"3434_4",0.006680
"3654_2",0.007519
"11280_2",0.017849
"6542_9",0.983925
"10313_10",0.989389
"7267_1",0.034848
"11897_3",0.012896
"7321_2",0.007261
"1516_7",0.927560
"1640_1",0.013351
"9456_10",0.992683
"2769_10",0.969032
"6280_7",0.983613
"12399_10",0.988536
"6206_7",0.902093
"8836_4",0.363680
"5254_9",0.989909
"10903_1",0.006890
"3966_10",0.959078
"4048_10",0.988268
"1528_9",0.985787
"6219_10",0.970909
"8280_4",0.049635
"7974_10",0.865565
"6956_8",0.994413
"5975_10",0.973266
"6759_10",0.982938
"963_2",0.008925
"12158_10",0.971806
"148_1",0.441041
"8831_1",0.303293
"11556_9",0.975178
"9038_10",0.985172
"4421_10",0.987806
"5236_8",0.985594
"3753_10",0.969900
"9334_3",0.162247
"2444_4",0.112210
"2890_3",0.023220
"9132_9",0.994089
"11413_10",0.959687
"3424_4",0.227212
"1258_3",0.024493
"5277_10",0.988992
"706_10",0.974239
"3527_10",0.979726
"4081_9",0.994347
"3895_2",0.014406
"11528_2",0.013584
"7285_9",0.991456
"12339_7",0.807043
"729_1",0.007432
"6291_1",0.008470
"12296_9",0.975178
"5913_10",0.975923
"7770_10",0.992481
"9546_2",0.014104
"2383_4",0.895065
"6802_7",0.986688
"5445_2",0.128799
"687_3",0.008070
"9982_8",0.990732
"11830_10",0.532851
"4271_1",0.013083
"7279_10",0.992304
"1599_7",0.195671
"10880_10",0.989672
"2838_10",0.987253
"4234_9",0.991032
"7674_2",0.012396
"6156_8",0.966976
"11657_4",0.008268
"11738_2",0.050799
"11962_8",0.945601
"10966_8",0.990927
"6421_1",0.007592
"1476_3",0.008268
"7022_8",0.990216
"11500_8",0.902653
"6263_2",0.005021
"8989_9",0.947478
"2395_9",0.993255
"9311_1",0.009170
"6386_4",0.007247
"91_4",0.165762
"3759_3",0.013210
"11766_2",0.065366
"11290_7",0.382134
"5627_3",0.084531
"3278_1",0.005764
"9682_9",0.993661
"11894_1",0.004340
"10387_9",0.973894
"884_8",0.985566
"8408_2",0.004182
"5772_2",0.307930
"11422_1",0.004673
"9709_1",0.012444
"701_8",0.965316
"2721_8",0.994391
"4875_3",0.012218
"6356_1",0.001901
"7446_3",0.005865
"2440_4",0.029676
"9732_1",0.007012
"9109_10",0.979823
"7578_2",0.028114
"11017_8",0.993410
"12498_1",0.004298
"4942_2",0.007039
"4939_10",0.993203
"8451_4",0.124959
"6274_1",0.006004
"11635_4",0.019928
"8931_1",0.008260
"109_4",0.098816
"11744_7",0.993150
"5351_4",0.397368
"1120_9",0.993397
"10494_2",0.005555
"5317_10",0.992837
"6139_2",0.019106
"12322_8",0.986481
"11239_3",0.008397
"4815_7",0.988290
"11979_10",0.966092
"254_10",0.969642
"10286_3",0.007389
"6457_10",0.971939
"4662_8",0.952574
"6298_4",0.018978
"2704_4",0.870927
"11313_10",0.991748
"187_10",0.992568
"1166_1",0.004007
"12126_3",0.008839
"1813_9",0.910863
"6282_10",0.981058
"10525_7",0.978875
"8887_1",0.015321
"11605_7",0.045142
"6533_1",0.007233
"1210_8",0.974313
"11904_8",0.989491
"10659_10",0.986191
"7004_4",0.014282
"10260_10",0.992781
"11997_7",0.269182
"7850_4",0.074770
"2085_3",0.038214
"11839_1",0.004628
"419_9",0.980148
"4157_10",0.994292
"8253_8",0.993229
"11268_2",0.019587
"12119_10",0.994169
"10259_10",0.221098
"978_1",0.015529
"6848_4",0.005323
"9368_4",0.013729
"7863_9",0.983754
"4157_3",0.003587
"4184_10",0.990768
"2888_1",0.016545
"8073_4",0.040617
"1755_1",0.015769
"7688_2",0.016514
"5966_7",0.936865
"10673_9",0.986191
"4110_7",0.772788
"699_9",0.965576
"9240_2",0.005741
"3651_10",0.993747
"3933_7",0.968974
"2960_7",0.972805
"10664_1",0.006266
"358_9",0.981311
"11200_10",0.993867
"4471_8",0.970465
"11661_2",0.010881
"12304_1",0.020352
"2442_4",0.500885
"7134_9",0.983644
"4214_2",0.026106
"4869_8",0.990533
"6372_1",0.029535
"10236_4",0.057440
"12189_1",0.009322
"9715_8",0.993537
"5751_10",0.974845
"166_7",0.974749
"11889_2",0.007177
"5098_1",0.258326
"8126_7",0.982203
"9302_7",0.945901
"10430_10",0.902050
"445_9",0.991118
"4550_10",0.994008
"10995_10",0.989491
"7154_1",0.006745
"3983_3",0.255204
"1446_9",0.994203
"865_10",0.974386
"3012_1",0.012797
"3562_3",0.092811
"2551_1",0.005609
"6440_1",0.026632
"10241_10",0.994303
"1542_7",0.175220
"1405_2",0.007688
"11835_10",0.978052
"4023_3",0.003693
"1287_1",0.006488
"11059_2",0.024822
"2583_8",0.977392
"1550_2",0.013942
"11382_3",0.003795
"5567_10",0.985677
"11033_1",0.009831
"5543_1",0.004306
"8631_10",0.986271
"10871_1",0.002752
"6955_9",0.989140
"6254_4",0.022011
"2179_4",0.021781
"7559_8",0.986191
"12431_8",0.977883
"279_10",0.988154
"2127_8",0.993759
"3803_10",0.969091
"12200_1",0.009495
"3480_9",0.994402
"5156_8",0.964355
"1718_2",0.008188
"12145_9",0.993759
"1560_4",0.760517
"11646_1",0.027169
"10378_4",0.044060
"8281_3",0.008164
"10393_9",0.992961
"1402_4",0.380565
"3958_4",0.163045
"3676_1",0.006811
"3709_1",0.004232
"10668_7",0.761494
"11972_1",0.010160
"4842_1",0.004646
"1889_8",0.978733
"3990_1",0.006302
"6467_7",0.979374
"5928_4",0.289196
"4639_10",0.968679
"4748_8",0.989652
"5417_10",0.988514
"2351_4",0.088820
"4365_1",0.004709
"3591_2",0.016545
"5914_10",0.970127
"8099_2",0.014518
"5510_1",0.009064
"314_10",0.990997
"8544_10",0.913677
"3799_1",0.008536
"5650_2",0.005664
"1646_7",0.972389
"11586_9",0.993902
"2389_9",0.990102
"908_3",0.133754
"654_9",0.987005
"6323_9",0.993985
"3014_7",0.985538
"11312_9",0.963231
"5457_3",0.009879
"6071_3",0.010378
"12459_1",0.004737
"8639_4",0.007332
"3600_8",0.951142
"9052_3",0.088662
"528_1",0.008942
"7692_1",0.096408
"6885_3",0.032498
"11395_4",0.635198
"11763_1",0.030387
"3631_1",0.004610
"4296_3",0.012970
"4810_3",0.013467
"6660_2",0.008511
"850_7",0.980636
"6731_10",0.976691
"12129_1",0.010428
"11525_7",0.984546
"5782_10",0.977263
"4613_2",0.004755
"4460_8",0.992510
"2992_10",0.991700
"570_9",0.974821
"5908_4",0.133585
"4677_4",0.047382
"5791_10",0.982574
"5718_10",0.986610
"12453_10",0.976423
"8364_8",0.981257
"7761_10",0.974166
"3459_1",0.007823
"9169_1",0.034717
"12022_2",0.113875
"10869_1",0.002901
"4997_1",0.006501
"2430_8",0.545830
"5011_4",0.025468
"3011_1",0.005831
"8425_3",0.011858
"6517_8",0.986904
"9300_9",0.941708
"840_8",0.977306
"2662_10",0.981979
"2724_1",0.015145
"5654_10",0.991187
"5574_10",0.992274
"5606_3",0.005598
"7717_8",0.954095
"11202_10",0.985524
"6889_10",0.984723
"3712_10",0.990696
"3042_3",0.010459
"7858_8",0.952309
"4902_8",0.993255
"11885_1",0.008462
"7582_1",0.003877
"8450_7",0.611915
"9368_9",0.994979
"7616_8",0.987005
"4443_3",0.514980
"2344_1",0.004934
"11861_9",0.965119
"7738_8",0.990839
"327_10",0.954690
"8175_4",0.129073
"10189_10",0.990121
"8691_1",0.003383
"12236_2",0.006706
"7341_3",0.050331
"3261_1",0.084644
"8809_4",0.015292
"3735_3",0.011475
"9339_8",0.870157
"8242_4",0.110711
"6787_4",0.093927
"4379_4",0.006339
"5967_4",0.095518
"5568_8",0.966505
"4579_4",0.096791
"7066_1",0.013172
"12323_1",0.007666
"2673_9",0.887546
"2639_7",0.984381
"8323_10",0.983166
"246_10",0.994488
"653_1",0.014928
"2407_1",0.009994
"2795_1",0.004820
"11793_4",0.789274
"2848_4",0.071786
"6040_4",0.053601
"9388_2",0.038611
"909_10",0.989491
"2567_2",0.018761
"4473_8",0.971966
"4451_3",0.064890
"10296_1",0.237797
"5111_7",0.289020
"8281_9",0.989889
"4957_8",0.928018
"8249_1",0.415506
"1572_3",0.006015
"5718_2",0.006654
"5959_3",0.015769
"3013_9",0.991716
"3544_1",0.009349
"11250_10",0.988268
"5162_9",0.943034
"8872_9",0.989055
"11122_8",0.985257
"991_4",0.019681
"6322_9",0.927495
"7065_8",0.992975
"9704_7",0.915356
"4317_9",0.965932
"11622_10",0.991969
"10725_7",0.969208
"6549_1",0.012809
"9062_3",0.019871
"10253_7",0.993624
"4035_9",0.989389
"5437_1",0.012300
"1779_1",0.005437
"8740_2",0.004610
"10175_7",0.946399
"5331_4",0.011904
"9506_3",0.007303
"11199_4",0.011158
"9948_2",0.004718
"252_9",0.993461
"1094_3",0.042444
"9145_3",0.014900
"506_8",0.974215
"7126_1",0.009504
"3317_1",0.009029
"11439_4",0.022716
"6583_1",0.003992
"2805_8",0.988646
"1841_10",0.993136
"2698_3",0.051177
"6956_4",0.030968
"7664_8",0.874292
"97_1",0.004673
"4588_9",0.921216
"5220_1",0.003046
"45_2",0.029396
"5812_4",0.210077
"6625_8",0.284030
"2816_9",0.969584
"11463_1",0.007247
"158_9",0.983707
"6633_1",0.008156
"1184_10",0.747754
"3967_1",0.050284
"6653_7",0.576765
"6093_1",0.005764
"2932_7",0.503052
"1522_1",0.003299
"2529_1",0.088781
"1475_1",0.020489
"2027_8",0.973968
"1854_1",0.011812
"6269_10",0.961965
"2184_7",0.931463
"4923_3",0.134435
"10827_9",0.993268
"10885_10",0.981875
"3281_1",0.010787
"1468_7",0.585560
"104_1",0.005354
"3898_3",0.013147
"10973_7",0.978631
"8900_7",0.966600
"10735_1",0.028680
"4992_1",0.004495
"368_8",0.987005
"6709_4",0.005140
"10453_1",0.009170
"139_4",0.488070
"12079_1",0.005501
"7001_4",0.034750
"10533_3",0.550547
"2307_8",0.986623
"7241_9",0.986191
"7717_3",0.014504
"6223_2",0.007303
"9500_2",0.009422
"669_10",0.927166
"1596_3",0.335718
"3576_7",0.818229
"8263_8",0.988755
"6832_4",0.037432
"5158_9",0.990102
"5899_10",0.984956
"5794_4",0.030272
"8854_10",0.993423
"11036_7",0.505249
"8803_3",0.576453
"5733_4",0.009841
"5268_10",0.973670
"12297_2",0.038286
"6862_1",0.139338
"5515_3",0.008653
"3382_10",0.994989
"6738_2",0.006971
"3832_1",0.004905
"10210_7",0.879561
"12080_3",0.620855
"7748_2",0.008908
"4788_1",0.994112
"182_10",0.990803
"4478_4",0.013428
"6544_1",0.011744
"2705_7",0.944434
"10334_1",0.006706
"10374_10",0.971320
"2031_1",0.002652
"4671_7",0.983738
"6231_9",0.961786
"9077_3",0.018869
"6381_1",0.005437
"216_2",0.005130
"9956_4",0.930078
"10882_9",0.222616
"6192_10",0.979881
"10442_8",0.989731
"3199_10",0.972178
"7649_3",0.024704
"1793_9",0.993423
"7987_1",0.011823
"1678_1",0.011631
"8176_4",0.008070
"4674_2",0.007816
"5751_3",0.114517
"6904_9",0.994180
"8869_1",0.011892
"6844_2",0.008140
"8744_2",0.022265
"5430_3",0.081228
"1556_9",0.987900
"10830_9",0.990083
"5642_8",0.992906
"3337_1",0.034391
"5339_1",0.014296
"9198_1",0.005230
"5759_10",0.982031
"10632_9",0.992093
"2067_9",0.993216
"3442_10",0.992988
"3341_4",0.090454
"9055_4",0.065905
"5793_8",0.982840
"896_8",0.951006
"1804_2",0.005730
"1134_8",0.993867
"5532_8",0.731730
"2453_9",0.995523
"8113_2",0.014010
"12046_10",0.988602
"11873_8",0.961244
"4525_8",0.945298
"10377_2",0.080069
"2008_1",0.005577
"10288_1",0.010459
"1083_7",0.456834
"2415_2",0.057971
"6688_9",0.980469
"4448_9",0.983785
"9407_10",0.984231
"3976_4",0.340129
"3930_8",0.983391
"3950_10",0.977176
"5645_3",0.017442
"6064_9",0.991684
"8064_1",0.004963
"3643_1",0.003884
"10321_1",0.010199
"5858_1",0.244543
"8535_9",0.987829
"3643_7",0.314972
"10041_1",0.004619
"11014_10",0.554109
"11776_4",0.014406
"8227_7",0.963506
"11445_8",0.952794
"8756_10",0.982305
"9328_10",0.979784
"11734_10",0.909265
"10118_1",0.006193
"9690_2",0.070880
"7713_8",0.987351
"545_7",0.836755
"10603_8",0.951953
"5925_9",0.962321
"3105_1",0.003758
"10134_4",0.037999
"6354_2",0.492737
"9866_2",0.152473
"7553_10",0.994445
"11324_2",0.011321
"10532_1",0.012896
"439_1",0.009956
"11265_10",0.994541
"6568_8",0.990533
"9218_3",0.010756
"1939_2",0.004877
"4215_7",0.954816
"9968_10",0.990064
"12022_10",0.690298
"897_8",0.083180
"7129_8",0.976175
"7414_4",0.008994
"8118_9",0.984441
"6179_4",0.006193
"10124_8",0.994698
"7379_7",0.939582
"1075_9",0.995601
"2594_3",0.009073
"11482_4",0.022138
"7675_10",0.925903
"3127_8",0.979374
"7440_10",0.990696
"10215_10",0.984291
"5098_10",0.993599
"10534_2",0.003241
"12364_7",0.286693
"5191_1",0.003714
"4179_9",0.962462
"1433_3",0.017678
"12177_8",0.973645
"9519_8",0.991764
"5781_7",0.479717
"10031_8",0.976378
"2631_4",0.007012
"195_4",0.934515
"11432_7",0.967163
"3952_10",0.989830
"5805_2",0.007303
"5555_10",0.986929
"7161_4",0.080864
"1399_1",0.065068
"8332_3",0.023825
"2132_2",0.023848
"12031_1",0.040465
"8480_1",0.011332
"11103_4",0.052570
"12124_3",0.017062
"12072_9",0.993176
"9371_9",0.434701
"2144_4",0.016045
"5668_10",0.958770
"11790_10",0.992597
"6933_7",0.937096
"4932_10",0.969266
"216_10",0.861188
"5862_7",0.899652
"11669_3",0.007012
"7488_4",0.025933
"6402_10",0.975878
"3244_9",0.984575
"5108_7",0.837819
"10854_1",0.010601
"3404_10",0.994541
"4282_7",0.101145
"483_10",0.979275
"2110_4",0.025203
"6199_8",0.993686
"7942_10",0.986284
"314_2",0.006667
"6395_3",0.007219
"274_1",0.005923
"3421_2",0.013545
"4100_1",0.007247
"9232_1",0.059047
"7152_10",0.993136
"10721_7",0.994940
"3565_3",0.024540
"4223_1",0.003531
"3543_10",0.990441
"1256_7",0.992108
"6567_2",0.007233
"10658_9",0.991153
"1381_1",0.009099
"2591_1",0.021105
"4775_2",0.009117
"1743_8",0.917893
"3004_1",0.042603
"11712_7",0.230054
"2966_2",0.007923
"3139_1",0.006641
"989_4",0.028355
"2141_1",0.004802
"8224_1",0.008636
"10222_8",0.982938
"6540_1",0.004281
"7427_10",0.994031
"5519_1",0.357364
"945_2",0.003477
"3996_3",0.014800
"10202_9",0.990385
"1328_9",0.966600
"11425_2",0.008212
"1252_4",0.025107
"10086_1",0.028626
"3946_3",0.006109
"11834_8",0.958538
"10710_1",0.630209
"1858_8",0.976913
"1532_10",0.992568
"7082_10",0.866810
"9813_10",0.981893
"38_1",0.005051
"271_4",0.955402
"7184_1",0.016577
"11866_10",0.993110
"5983_1",0.004382
"5026_10",0.968081
"9030_1",0.016964
"11133_1",0.005374
"10130_2",0.005220
"8357_2",0.020528
"9824_1",0.006824
"7264_4",0.034229
"12449_2",0.004811
"1735_1",0.016153
"618_7",0.982389
"6421_7",0.953794
"6294_4",0.012760
"2174_2",0.032436
"5985_2",0.009082
"7121_10",0.986165
"7912_7",0.882022
"5015_1",0.008356
"6476_2",0.036631
"9954_8",0.984531
"10122_10",0.991084
"9334_9",0.941975
"11751_3",0.008822
"11607_7",0.992739
"11310_10",0.942029
"300_1",0.008252
"6520_4",0.014490
"6735_10",0.980015
"10008_8",0.980562
"7817_7",0.933915
"3634_10",0.994770
"5927_2",0.008495
"3414_3",0.009898
"12266_1",0.009358
"11276_7",0.892234
"5478_3",0.026964
"6992_1",0.002834
"8039_8",0.948346
"11491_4",0.338583
"7823_7",0.990750
"8662_9",0.988222
"9921_2",0.015410
"2058_9",0.989850
"3321_9",0.981718
"8634_7",0.400837
"2161_4",0.419871
"3441_9",0.991938
"10096_1",0.009286
"774_4",0.046595
"12086_9",0.990660
"1968_8",0.954351
"3269_1",0.007577
"2988_10",0.927232
"853_1",0.005900
"5303_10",0.993229
"11628_10",0.978281
"7772_2",0.017594
"2712_1",0.003601
"7362_4",0.005957
"3681_2",0.004963
"2066_1",0.003915
"7089_3",0.123207
"7393_10",0.943452
"7284_1",0.005354
"12199_7",0.956391
"3512_1",0.022890
"4349_2",0.008164
"11825_1",0.037964
"8351_3",0.010459
"467_3",0.010570
"2523_10",0.980413
"12078_8",0.991603
"1418_10",0.986904
"6552_10",0.990551
"10070_10",0.957198
"10031_2",0.009161
"7179_2",0.014729
"4533_1",0.113383
"11788_10",0.991954
"833_3",0.046681
"9777_1",0.007332
"6930_7",0.053651
"2310_10",0.990044
"2924_8",0.982741
"7252_10",0.991015
"10216_10",0.965086
"104_10",0.790126
"4283_4",0.089375
"6351_4",0.006798
"1272_4",0.028571
"11226_9",0.961822
"3342_10",0.956675
"3326_9",0.977735
"3541_8",0.958654
"8142_10",0.871365
"6491_10",0.971102
"2125_10",0.992975
"7008_10",0.986191
"5347_9",0.981875
"8420_9",0.977905
"10767_3",0.043325
"12094_1",0.004158
"11904_1",0.005969
"2635_1",0.012821
"4074_10",0.991032
"2470_1",0.250913
"5888_3",0.006015
"9164_4",0.053502
"11312_1",0.048903
"2588_3",0.018905
"9177_1",0.008594
"10361_9",0.989223
"9216_10",0.969699
"5754_3",0.020904
"12314_10",0.989928
"9044_3",0.381364
"5677_2",0.011938
"6664_4",0.015785
"2308_3",0.037257
"7377_3",0.914901
"9149_8",0.993879
"5244_3",0.029368
"10656_3",0.012516
"10885_1",0.004078
"4296_9",0.899387
"1770_2",0.092934
"4940_10",0.991032
"3984_10",0.912045
"2976_10",0.957557
"2767_1",0.021451
"11848_2",0.004655
"3096_10",0.988536
"9792_3",0.075176
"9785_10",0.026582
"10264_8",0.991322
"12277_7",0.991954
"8110_8",0.974653
"10396_8",0.986376
"3233_2",0.010082
"1903_1",0.014131
"4743_10",0.989389
"1417_9",0.967410
"2662_1",0.009946
"11231_4",0.865508
"9747_10",0.971992
"27_4",0.051177
"3310_2",0.036494
"3212_10",0.994380
"5608_3",0.014462
"1241_4",0.019776
"5543_7",0.980072
"7945_9",0.990083
"3705_7",0.940735
"1598_10",0.980747
"4273_10",0.992000
"5985_9",0.953449
"531_2",0.044681
"6744_7",0.973113
"10270_1",0.015248
"11199_9",0.987782
"9755_4",0.522811
"12080_10",0.980599
"5600_10",0.992975
"12216_10",0.962072
"10783_4",0.270095
"3307_1",0.010014
"10954_7",0.974410
"9959_4",0.035377
"10223_10",0.992668
"12130_1",0.991812
"11939_7",0.988949
"12318_10",0.988016
"6204_10",0.991187
"2927_9",0.341404
"2779_10",0.984411
"3661_1",0.003671
"9068_3",0.004134
"1970_2",0.059156
"7539_10",0.989791
"9241_3",0.006157
"9350_3",0.047958
"7885_8",0.991067
"1078_9",0.991938
"6062_2",0.044932
"1215_10",0.943867
"1561_3",0.105533
"2159_1",0.004434
"8637_10",0.992496
"8375_4",0.009559
"2864_1",0.007191
"186_9",0.993268
"1669_9",0.992809
"6936_9",0.986271
"7541_3",0.006050
"1515_7",0.474266
"5039_7",0.953101
"9269_1",0.005011
"4965_10",0.989140
"10028_3",0.051845
"3547_4",0.428024
"6070_10",0.963541
"11334_7",0.980487
"4980_7",0.623635
"5063_2",0.007461
"11637_8",0.992597
"310_1",0.006426
"9847_1",0.006706
"4433_9",0.993537
"4535_1",0.021657
"11209_10",0.992837
"242_3",0.030301
"6150_7",0.781247
"7499_2",0.005100
"10073_7",0.726668
"7352_3",0.030647
"6616_2",0.015174
"2148_1",0.008487
"322_1",0.010777
"638_1",0.009774
"3236_10",0.990803
"11913_7",0.979156
"7188_4",0.007303
"3999_2",0.010278
"1397_1",0.003142
"11768_8",0.962603
"10301_2",0.742468
"7486_10",0.978794
"7915_2",0.007696
"103_10",0.990159
"2249_1",0.163445
"11559_9",0.980413
"11374_4",0.008085
"7639_3",0.039825
"11922_3",0.006539
"6068_10",0.985100
"7681_3",0.832645
"3097_1",0.007039
"10233_3",0.012147
"9111_1",0.006463
"7240_2",0.007275
"10394_9",0.488832
"792_2",0.024284
"440_1",0.004792
"11141_1",0.008487
"7488_7",0.987806
"2731_4",0.098166
"11632_10",0.706241
"7577_3",0.018942
"12047_8",0.987104
"7055_8",0.992611
"394_9",0.994100
"777_2",0.012042
"6460_8",0.994698
"10412_2",0.047382
"9910_8",0.719236
"826_8",0.986700
"7381_1",0.006004
"1700_8",0.901575
"1131_2",0.028328
"6796_10",0.823612
"7084_8",0.990642
"5735_1",0.006133
"6290_7",0.981823
"10506_8",0.987900
"2276_8",0.994236
"6221_1",0.149035
"1404_4",0.201774
"1440_1",0.004323
"8199_9",0.993410
"1145_2",0.008470
"5546_4",0.057599
"816_3",0.665519
"10535_10",0.984078
"2_3",0.004158
"6735_1",0.002785
"2684_4",0.023985
"1765_10",0.756582
"4346_7",0.805441
"1157_9",0.066085
"4216_1",0.005653
"3937_8",0.984017
"11140_10",0.976513
"1635_1",0.024122
"4457_10",0.992259
"7250_8",0.981788
"3801_7",0.116966
"7892_10",0.957397
"11022_8",0.988863
"5856_7",0.089097
"345_7",0.976310
"10809_3",0.041269
"9474_4",0.036391
"5775_10",0.976802
"2845_3",0.059047
"1383_10",0.960547
"9171_7",0.986494
"10866_9",0.954942
"12161_8",0.991796
"9118_1",0.016673
"9122_8",0.992379
"5142_1",0.003377
"2798_9",0.981076
"2260_8",0.987005
"11677_10",0.979036
"2788_1",0.003179
"8896_8",0.980148
"7685_10",0.984321
"760_1",0.018073
"7811_4",0.111676
"1964_8",0.992568
"5059_10",0.942981
"4568_1",0.015709
"7475_1",0.004574
"11400_3",0.007992
"6082_3",0.007490
"7961_4",0.439868
"7502_8",0.974117
"11351_10",0.993436
"9851_8",0.962214
"1172_1",0.011869
"1815_10",0.969928
"6218_8",0.949623
"9628_9",0.909586
"2312_3",0.028871
"5014_10",0.970493
"7845_8",0.993771
"4468_9",0.986520
"2247_10",0.988863
"4408_10",0.992583
"2957_2",0.099645
"4716_1",0.004232
"9909_1",0.005302
"8611_1",0.005900
"5055_10",0.985622
"5828_10",0.964722
"1147_1",0.015044
"11716_10",0.352456
"5289_8",0.984840
"5566_10",0.981293
"3389_2",0.006958
"6169_4",0.008397
"12019_10",0.987448
"4136_7",0.951729
"2421_3",0.009090
"607_10",0.990660
"4084_8",0.890485
"7333_1",0.018564
"8208_7",0.953837
"2971_10",0.992961
"7508_1",0.009205
"988_8",0.993474
"1124_8",0.993281
"3658_10",0.991603
"5155_7",0.848972
"11362_2",0.047074
"8776_10",0.993042
"7294_10",0.995327
"10853_8",0.991422
"871_10",0.995282
"11513_1",0.004601
"5605_10",0.589609
"1235_8",0.991153
"623_2",0.007417
"1271_2",0.078148
"7590_7",0.960510
"5075_4",0.007977
"6175_4",0.018654
"10629_1",0.006971
"1474_7",0.940953
"9077_9",0.990178
"11630_7",0.735309
"11060_2",0.003016
"664_9",0.988268
"4778_10",0.994573
"3535_1",0.012637
"1130_1",0.005664
"10718_1",0.004477
"3334_1",0.005395
"7133_2",0.003930
"12073_1",0.054904
"7877_10",0.986853
"12286_10",0.985129
"8675_4",0.038683
"8968_7",0.795738
"8118_1",0.003751
"12109_10",0.987520
"6476_8",0.991969
"12248_2",0.018600
"9444_1",0.004232
"9932_10",0.993029
"6863_9",0.990064
"7810_1",0.010860
"5463_1",0.008133
"8385_10",0.993002
"5560_3",0.007563
"12391_2",0.014037
"3644_9",0.960398
"1225_1",0.008204
"375_1",0.007389
"11515_7",0.962036
"3812_1",0.011858
"10747_1",0.023153
"8059_8",0.953923
"633_1",0.005664
"9189_10",0.989771
"11404_8",0.991844
"11871_8",0.992108
"2883_8",0.993359
"9048_4",0.031173
"1066_1",0.002502
"630_3",0.011497
"61_9",0.991135
"9264_10",0.982220
"5132_9",0.991732
"5796_9",0.969469
"11232_2",0.037679
"327_1",0.019795
"9787_8",0.990606
"7780_2",0.009047
"2533_2",0.003483
"7349_10",0.981701
"2593_1",0.600650
"4672_8",0.985328
"11191_10",0.972779
"1301_1",0.002621
"10632_4",0.011542
"10750_1",0.024751
"2621_2",0.087759
"12045_4",0.261213
"4276_10",0.992851
"9960_2",0.029958
"3307_8",0.575335
"3007_10",0.979957
"7204_9",0.986481
"3988_7",0.977479
"4129_8",0.991289
"2071_1",0.052038
"7310_3",0.304223
"855_9",0.989751
"5380_1",0.011755
"5067_2",0.011732
"6320_2",0.028598
"1019_3",0.013969
"8216_2",0.050894
"3814_7",0.539044
"7888_4",0.541242
"3419_2",0.004399
"3039_8",0.989511
"12039_4",0.036016
"1191_7",0.984155
"2361_1",0.003344
"8291_10",0.993189
"4954_3",0.017952
"12430_1",0.095434
"7634_7",0.075961
"11902_10",0.986904
"1603_10",0.990459
"9395_8",0.907681
"9384_2",0.012958
"11687_1",0.007711
"4148_3",0.256320
"171_7",0.938520
"11814_4",0.054349
"8124_3",0.675591
"11387_1",0.012883
"3249_9",0.985566
"3591_10",0.990235
"10171_8",0.864196
"1100_9",0.887351
"7144_4",0.993359
"8060_9",0.960952
"11063_10",0.992334
"3481_2",0.011029
"7413_4",0.015649
"11121_2",0.031980
"4700_2",0.006526
"1566_4",0.011564
"11731_3",0.014037
"7346_10",0.992668
"7890_10",0.949623
"11704_10",0.979707
"4635_10",0.534962
"2369_8",0.972519
"9655_10",0.994636
"2115_2",0.018725
"6408_7",0.801858
"10470_1",0.011744
"11512_8",0.994467
"11523_7",0.907640
"10379_3",0.010418
"9164_9",0.977671
"3150_1",0.013956
"2880_3",0.009596
"1608_7",0.984796
"2406_9",0.993307
"260_10",0.986071
"10658_3",0.043773
"10609_1",0.007163
"6861_7",0.308998
"10058_2",0.698921
"11618_10",0.988755
"3727_4",0.078148
"1924_10",0.992626
"7471_1",0.020904
"1856_7",0.935169
"10132_3",0.053108
"4010_2",0.018689
"11752_2",0.015102
"11122_2",0.006388
"11065_1",0.005786
"1211_1",0.012933
"8973_7",0.074973
"1888_9",0.991472
"8521_8",0.928409
"6671_4",0.295230
"4241_3",0.028463
"10925_4",0.020100
"4030_2",0.005598
"9410_1",0.006413
"10004_2",0.043528
"599_1",0.009223
"8656_1",0.004849
"10087_7",0.942242
"5118_10",0.970632
"9780_4",0.016753
"586_2",0.033495
"6464_4",0.025933
"7482_1",0.006476
"11075_8",0.988016
"11984_1",0.004015
"6808_9",0.994467
"6178_10",0.993268
"12196_7",0.169784
"7771_10",0.992467
"10801_1",0.490480
"1243_2",0.004357
"4028_2",0.005041
"700_4",0.236957
"758_10",0.990857
"5393_8",0.990102
"3552_4",0.438304
"3440_10",0.993783
"12357_7",0.902352
"10850_2",0.061087
"5083_10",0.831006
"790_10",0.979255
"302_3",0.012372
"11160_3",0.022053
"1170_1",0.009214
"6341_3",0.036322
"289_1",0.006837
"3075_7",0.953579
"12016_7",0.184951
"5998_3",0.003273
"5295_1",0.003587
"9712_2",0.016996
"9689_10",0.974653
"9441_1",0.011376
"7426_10",0.983198
"612_9",0.993487
"4331_8",0.429968
"1016_7",0.169681
"4463_7",0.953362
"9520_1",0.004963
"1557_10",0.952131
"6277_1",0.006253
"2279_3",0.008260
"11591_10",0.993914
"3503_1",0.004877
"9814_1",0.020587
"11342_4",0.256087
"5133_1",0.004905
"11189_10",0.982305
"2343_8",0.992244
"2234_7",0.931150
"926_4",0.082475
"9829_2",0.022244
"3338_7",0.966883
"4272_9",0.993759
"4826_1",0.026632
"10529_3",0.017392
"12398_1",0.019457
"6965_10",0.967502
"10737_9",0.991875
"9356_1",0.009161
"2087_3",0.006985
"5802_4",0.920003
"6514_8",0.986218
"11607_4",0.338419
"9117_4",0.035914
"2011_10",0.666049
"11952_4",0.027638
"8753_4",0.973944
"5338_8",0.991084
"10799_3",0.815159
"6388_3",0.029174
"4667_1",0.005302
"11302_9",0.994369
"6587_4",0.042245
"6822_8",0.991170
"9725_10",0.991305
"7237_10",0.986853
"7710_1",0.004166
"6090_1",0.007839
"9864_4",0.495728
"9759_1",0.025565
"8926_10",0.873107
"2454_1",0.007219
"4364_1",0.009793
"10672_1",0.003787
"7703_4",0.005620
"7289_1",0.002987
"6370_2",0.067301
"8898_7",0.977088
"245_8",0.994719
"7786_2",0.138928
"12092_8",0.985855
"12495_3",0.032806
"2762_2",0.019494
"11009_1",0.010787
"7735_1",0.065128
"5377_8",0.989306
"6074_3",0.009161
"2133_1",0.009965
"2291_1",0.007346
"767_1",0.056548
"2677_3",0.019587
"5801_2",0.003160
"11416_7",0.985622
"7083_3",0.014241
"7268_1",0.016561
"8613_1",0.009708
"446_10",0.989572
"6513_7",0.368122
"11229_4",0.010777
"11155_4",0.010239
"10298_9",0.982031
"1521_8",0.993973
"5682_1",0.065128
"11575_3",0.023065
"10144_1",0.013236
"5819_10",0.988690
"7287_4",0.009082
"11507_10",0.989986
"10458_7",0.991716
"5935_1",0.008015
"4126_1",0.007563
"3777_10",0.958693
"1720_3",0.008421
"11112_2",0.008788
"6222_9",0.990821
"8019_1",0.007149
"10067_4",0.076788
"5991_9",0.988222
"10203_10",0.993879
"2485_1",0.010004
"5910_2",0.015145
"3940_9",0.986828
"9140_10",0.982134
"9558_10",0.990044
"4582_7",0.948106
"3323_1",0.017969
"5038_4",0.008959
"12405_10",0.991255
"11620_4",0.008569
"8774_7",0.973266
"10164_9",0.984109
"4112_3",0.051606
"629_7",0.953405
"2732_7",0.986700
"4356_3",0.023309
"514_9",0.989909
"168_1",0.002935
"7157_1",0.009522
"11193_7",0.146331
"12163_1",0.015336
"259_2",0.005170
"9977_1",0.010653
"5169_10",0.986891
"7439_10",0.989202
"10261_1",0.006327
"6623_7",0.993914
"2834_9",0.924552
"2930_10",0.992583
"3232_10",0.976625
"533_10",0.994325
"6006_4",0.004207
"9029_4",0.009994
"7738_4",0.346607
"52_4",0.069573
"374_4",0.971537
"4502_1",0.084909
"10309_8",0.987302
"7541_8",0.735167
"1874_1",0.016482
"6884_1",0.007726
"7285_1",0.011201
"3385_2",0.008553
"7078_2",0.014914
"10788_10",0.993938
"6361_7",0.974043
"5761_10",0.983182
"8946_1",0.015145
"393_1",0.012112
"458_4",0.271372
"7435_10",0.991875
"10816_2",0.003099
"1606_10",0.987568
"1742_3",0.022651
"7167_8",0.910027
"1249_9",0.782413
"473_9",0.994281
"3475_9",0.986324
"2316_3",0.007389
"3739_2",0.037117
"4746_9",0.992304
"9924_8",0.985841
"2202_8",0.988268
"11531_1",0.039937
"11138_7",0.990044
"3402_1",0.012112
"4547_10",0.980562
"2786_2",0.037715
"1570_8",0.981040
"3095_3",0.073364
"4745_1",0.020313
"165_4",0.008454
"1578_4",0.007205
"495_10",0.979609
"12414_1",0.020274
"1383_1",0.060641
"10438_3",0.015529
"812_3",0.014104
"9588_9",0.926636
"7785_10",0.990732
"11169_4",0.032775
"7476_10",0.980894
"8196_1",0.002779
"6526_7",0.776284
"1695_3",0.013210
"11077_10",0.937153
"7642_7",0.976957
"7618_3",0.647555
"353_10",0.989368
"210_9",0.992452
"9455_10",0.985057
"520_2",0.022608
"7615_10",0.994259
"7475_9",0.985923
"6894_7",0.982557
"8622_2",0.007666
"11149_3",0.071461
"6154_3",0.046378
"2514_7",0.989389
"4359_1",0.287418
"8797_4",0.141400
"10023_8",0.966883
"1212_4",0.077239
"9985_1",0.001897
"4182_1",0.006850
"10662_10",0.983754
"3907_7",0.982372
"11342_10",0.993843
"1483_3",0.017193
"10510_7",0.207295
"8522_2",0.006798
"6049_4",0.009117
"2687_9",0.990404
"9766_7",0.923247
"6792_1",0.011321
"5990_10",0.992611
"11699_2",0.031144
"3446_4",0.027455
"10448_7",0.860310
"5629_1",0.017849
"2831_1",0.012042
"4351_10",0.982987
"2547_1",0.005697
"2778_2",0.010121
"7307_10",0.772788
"11148_3",0.019475
"907_3",0.005480
"2184_1",0.006837
"2030_8",0.983800
"11051_4",0.011104
"9150_4",0.013441
"12418_7",0.901227
"10724_10",0.933370
"8876_8",0.992031
"1620_7",0.968141
"12423_9",0.981293
"3642_1",0.009812
"10214_10",0.989967
"4575_3",0.158956
"2692_7",0.778313
"3919_1",0.006628
"11971_8",0.031919
"11676_10",0.902610
"8047_1",0.004340
"4009_8",0.955152
"7929_9",0.978198
"2432_10",0.990254
"8933_8",0.986429
"1375_1",0.009277
"1861_7",0.969062
"10897_10",0.989470
"2828_10",0.223801
"4568_10",0.993015
"1535_7",0.961858
"7282_8",0.991522
"12365_10",0.993549
"6682_3",0.015679
"1393_8",0.744656
"7270_1",0.009152
"1680_10",0.994077
"8207_8",0.994380
"8612_2",0.015015
"5640_9",0.983565
"96_10",0.987326
"12093_2",0.013441
"2068_9",0.985814
"9799_10",0.986713
"8730_1",0.011812
"1000_3",0.143188
"742_2",0.072801
"10432_10",0.991652
"9425_2",0.011927
"11636_3",0.012112
"6564_2",0.009304
"5706_9",0.983676
"8594_3",0.018887
"9488_9",0.990197
"12283_8",0.992047
"6579_3",0.015174
"6738_10",0.985229
"9007_2",0.060585
"2723_8",0.980894
"5115_3",0.016387
"9469_10",0.982457
"1444_1",0.011996
"5688_1",0.010298
"12390_4",0.051558
"1681_1",0.011973
"9048_7",0.703371
"10207_3",0.067209
"3817_9",0.981004
"2200_10",0.965283
"4250_8",0.991522
"12213_10",0.986165
"11602_4",0.080069
"4507_4",0.024446
"3817_1",0.008873
"9394_1",0.021389
"9129_1",0.014800
"3675_7",0.982237
"1670_4",0.953923
"1151_1",0.014282
"8818_4",0.440529
"4810_7",0.958847
"4979_1",0.004399
"80_4",0.134491
"5506_9",0.645001
"7451_10",0.991571
"4539_10",0.987664
"6914_10",0.990366
"2807_10",0.989967
"10229_10",0.988313
"10908_8",0.947914
"7709_9",0.981753
"10872_9",0.986636
"8487_1",0.001498
"1140_9",0.971833
"558_10",0.993914
"9935_8",0.994043
"1084_8",0.981347
"6185_9",0.991684
"9278_7",0.195019
"3756_7",0.990945
"4308_1",0.003780
"121_8",0.993487
"11072_8",0.981113
"9420_7",0.697635
"3955_1",0.011126
"9591_10",0.538498
"11176_1",0.014023
"11882_2",0.008324
"12458_10",0.957397
"303_10",0.993938
"3779_8",0.969556
"1805_4",0.197870
"12054_2",0.004915
"1990_4",0.035411
"7331_1",0.036425
"6243_8",0.986559
"7201_1",0.007066
"6230_7",0.964888
"11252_3",0.017392
"8379_8",0.982674
"11890_1",0.028463
"6977_1",0.016168
"5481_1",0.003787
"6013_7",0.355642
"11638_4",0.022286
"3302_1",0.006501
"4837_4",0.154951
"737_1",0.004070
"6128_3",0.057388
"3749_4",0.005406
"580_3",0.039862
"11031_10",0.986271
"6644_1",0.007681
"8517_1",0.004468
"4883_3",0.040125
"4273_4",0.028167
"404_1",0.008316
"12108_10",0.990660
"10005_8",0.525673
"7140_4",0.190347
"258_8",0.953144
"6746_7",0.988358
"7189_2",0.141045
"11626_4",0.015248
"10785_10",0.989511
"11007_1",0.015160
"8987_7",0.935935
"275_1",0.007205
"2554_10",0.993807
"2682_1",0.008720
"3797_1",0.007261
"7383_1",0.010673
"9816_9",0.987853
"11057_8",0.939526
"11901_3",0.015769
"11501_3",0.020274
"11999_2",0.012637
"740_3",0.007741
"3109_8",0.980034
"2773_8",0.987042
"5725_4",0.024727
"4423_3",0.006241
"4035_2",0.016641
"6550_7",0.390745
"711_4",0.947866
"10773_4",0.016215
"11202_1",0.014518
"1054_2",0.008586
"2207_10",0.989948
"9809_4",0.073730
"11349_10",0.989409
"5195_4",0.006944
"6881_4",0.508727
"7537_3",0.015845
"99_3",0.016324
"6589_9",0.993722
"11781_10",0.965835
"4337_3",0.008421
"4928_10",0.983894
"6310_1",0.006145
"11867_8",0.925634
"9462_2",0.020508
"12224_9",0.927692
"1195_3",0.012504
"11324_10",0.969411
"11272_4",0.012674
"2461_7",0.990803
"4034_7",0.988624
"2340_10",0.993771
"9827_9",0.988108
"4660_4",0.338166
"2448_1",0.006719
"7485_7",0.883939
"7003_10",0.991748
"6204_1",0.010023
"1920_10",0.991101
"6824_1",0.008544
"6668_10",0.988425
"7359_1",0.009765
"2753_4",0.115212
"7320_10",0.983263
"3661_10",0.989244
"1059_1",0.007846
"5067_10",0.993307
"5724_3",0.006758
"11265_2",0.006552
"11331_1",0.032868
"5398_10",0.992767
"9328_2",0.009643
"100_4",0.104158
"6118_10",0.991732
"320_3",0.011387
"4395_10",0.989632
"7256_4",0.042088
"3949_10",0.970799
"7097_1",0.862004
"6971_2",0.010850
"9855_2",0.006850
"457_8",0.993189
"9929_7",0.883638
"9574_10",0.988949
"12261_4",0.375358
"5228_9",0.956022
"11684_2",0.006577
"7913_9",0.995381
"9595_3",0.005900
"10501_10",0.930962
"10610_7",0.993320
"8573_7",0.981910
"1823_2",0.016964
"12070_4",0.020785
"6995_8",0.976602
"4929_1",0.004007
"2555_4",0.005609
"6583_7",0.995180
"2490_1",0.008031
"8203_7",0.969985
"7861_3",0.005664
"2548_2",0.026531
"12291_7",0.981945
"756_1",0.003383
"9275_7",0.963848
"9234_9",0.986979
"10598_10",0.982356
"8252_8",0.942135
"3585_2",0.016609
"11561_1",0.059592
"690_10",0.971913
"7203_10",0.989692
"11141_10",0.981823
"5583_10",0.979492
"7341_10",0.983020
"10623_8",0.992000
"868_4",0.026836
"778_9",0.990606
"4653_10",0.969843
"7450_4",0.972908
"8836_8",0.939081
"226_9",0.978010
"464_10",0.990459
"2850_9",0.987204
"10242_8",0.985370
"2403_10",0.992154
"3397_10",0.981595
"1003_4",0.165694
"10940_10",0.993549
"3349_10",0.988085
"5909_1",0.020391
"12021_8",0.989223
"5019_1",0.028953
"1809_7",0.984561
"4435_10",0.995549
"10029_1",0.010540
"8234_2",0.020004
"3760_1",0.031499
"10952_10",0.989055
"1487_9",0.990478
"46_10",0.991456
"4917_4",0.015321
"2000_9",0.991084
"10974_2",0.030676
"11275_8",0.990310
"1816_10",0.976957
"4848_3",0.448607
"11730_3",0.360700
"1903_10",0.961858
"12331_9",0.609706
"10360_9",0.992000
"9243_10",0.983182
"10115_8",0.989771
"11417_3",0.005200
"6259_4",0.196826
"316_10",0.992767
"1100_4",0.837021
"7919_2",0.332554
"1871_2",0.033274
"12488_8",0.928733
"10239_9",0.982440
"7832_2",0.003410
"8808_1",0.003436
"7241_2",0.008720
"4412_2",0.008830
"807_10",0.990422
"9728_8",0.974362
"5665_2",0.009003
"491_2",0.005946
"7938_1",0.015174
"3513_8",0.989450
"8942_1",0.012112
"11520_7",0.183667
"11478_3",0.499268
"5627_10",0.991339
"3462_2",0.013159
"5161_10",0.986468
"6545_2",0.009522
"6513_4",0.629593
"3032_1",0.012420
"7403_2",0.010199
"11878_3",0.009774
"11348_8",0.993698
"4979_7",0.976847
"7131_1",0.005070
"3972_3",0.039269
"2925_2",0.823896
"5346_3",0.009746
"10709_3",0.062789
"10999_2",0.008364
"5974_10",0.993176
"9008_10",0.986231
"1324_10",0.988062
"10454_8",0.900179
"8336_8",0.976106
"5869_10",0.993698
"9922_3",0.006877
"2081_2",0.007519
"5811_7",0.985243
"1619_10",0.986218
"5461_7",0.993448
"9152_2",0.010663
"9071_8",0.992423
"4688_10",0.978281
"8956_10",0.989771
"1883_4",0.124160
"5707_1",0.006169
"7529_3",0.586804
"83_1",0.005741
"10440_1",0.005865
"3673_1",0.003824
"6983_4",0.017210
"2546_4",0.009634
"6698_3",0.018547
"10689_3",0.030157
"9986_10",0.984649
"5614_10",0.980766
"10094_4",0.073663
"12468_10",0.994780
"3828_10",0.971074
"10524_2",0.009440
"2016_2",0.016293
"7583_4",0.014743
"4795_8",0.979938
"7564_3",0.013571
"1366_3",0.023577
"508_4",0.083815
"9509_3",0.088702
"1587_3",0.023916
"12376_4",0.858066
"2525_8",0.986218
"2877_2",0.013862
"9485_9",0.977088
"12023_8",0.991684
"11544_10",0.986004
"198_3",0.027195
"4390_1",0.006193
"993_8",0.921711
"7965_9",0.993747
"8865_1",0.013545
"6638_1",0.013033
"141_8",0.993229
"136_2",0.017045
"3004_10",0.988335
"3457_9",0.990478
"11488_1",0.019947
"644_2",0.004646
"8387_9",0.994488
"5026_3",0.009927
"8936_7",0.963643
"453_4",0.013377
"8547_3",0.013756
"10542_4",0.020804
"5231_9",0.995114
"9592_10",0.962708
"8591_7",0.964522
"6686_10",0.991389
"7246_10",0.991522
"2194_4",0.141756
"11533_9",0.990121
"6109_10",0.900004
"9092_3",0.006401
"11223_8",0.958770
"10829_9",0.988646
"9857_3",0.018212
"2223_10",0.952530
"8052_10",0.846324
"11604_3",0.038683
"4448_1",0.084266
"5394_8",0.984956
"10168_9",0.993722
"11943_4",0.013663
"7311_8",0.776411
"1362_9",0.966347
"9165_8",0.960063
"12294_10",0.980543
"6086_9",0.981095
"608_8",0.992640
"4592_10",0.992184
"708_10",0.974845
"6548_4",0.674265
"7552_4",0.316633
"9263_8",0.814348
"5393_1",0.006526
"220_10",0.933370
"10640_7",0.981400
"4086_10",0.974965
"11026_3",0.003817
"12466_10",0.993069
"905_3",0.005480
"92_8",0.979433
"11362_10",0.991652
"5030_8",0.988085
"2909_7",0.783906
"8402_7",0.992093
"4046_10",0.913058
"4065_9",0.917967
"6460_4",0.038975
"11108_1",0.008528
"1139_1",0.006732
"2457_3",0.073099
"2675_7",0.970409
"9360_1",0.009662
"5750_8",0.993686
"7125_2",0.019795
"6637_8",0.990006
"3290_7",0.989223
"3979_8",0.994077
"2100_1",0.002801
"10836_1",0.005820
"10904_3",0.010199
"5226_7",0.897874
"22_8",0.994369
"2726_10",0.959611
"11405_8",0.963022
"11204_2",0.009985
"6201_9",0.985029
"1653_10",0.986879
"9500_7",0.994780
"12104_7",0.993320
"1499_3",0.016168
"1415_1",0.004306
"11285_2",0.021247
"4481_1",0.054904
"10249_8",0.978611
"2391_9",0.991422
"2186_3",0.026683
"56_10",0.987179
"127_10",0.985057
"5509_9",0.965641
"9855_9",0.081410
"7522_10",0.992169
"11751_9",0.993902
"3330_3",0.503540
"4055_8",0.991221
"3694_3",0.024704
"6911_4",0.011597
"9677_10",0.988016
"9706_1",0.006798
"426_4",0.026582
"2995_2",0.008070
"7914_8",0.975202
"11344_9",0.993474
"680_8",0.976243
"2094_3",0.254926
"2009_9",0.985828
"7309_7",0.992123
"138_1",0.007012
"2689_9",0.993686
"6050_2",0.027092
"8987_2",0.011409
"2053_8",0.945851
"12245_4",0.021885
"12020_10",0.511229
"10364_10",0.976015
"11581_1",0.007389
"12079_10",0.981788
"6537_1",0.006998
"2739_10",0.979016
"8719_1",0.020410
"9436_1",0.007969
"5029_3",0.009587
"8321_10",0.977947
"7135_9",0.971019
"9512_10",0.985370
"6397_7",0.645762
"9457_9",0.983847
"7740_2",0.011687
"10591_2",0.005002
"9856_4",0.023916
"2456_1",0.023420
"10543_7",0.949856
"544_4",0.172869
"3679_10",0.988690
"9042_1",0.009403
"5368_8",0.973368
"8276_3",0.007592
"1984_2",0.006327
"4205_7",0.941761
"5765_7",0.977284
"5202_1",0.018038
"4127_4",0.906570
"12316_9",0.976935
"657_1",0.001765
"12205_2",0.010130
"3426_10",0.992961
"5616_10",0.989889
"11644_3",0.009662
"795_10",0.961425
"12416_2",0.015589
"115_3",0.016705
"55_10",0.989889
"11187_10",0.853852
"9072_4",0.843380
"875_4",0.082771
"4196_1",0.008292
"293_10",0.065845
"5564_1",0.004915
"6811_8",0.978156
"9135_3",0.021145
"9964_8",0.992259
"981_9",0.912631
"8506_10",0.988712
"4459_9",0.978631
"7609_1",0.041385
"6246_10",0.963746
"5989_4",0.016561
"11839_10",0.978198
"9186_2",0.023176
"3411_10",0.993203
"8677_1",0.032806
"9125_4",0.083553
"2166_8",0.973011
"11827_4",0.018689
"2574_2",0.011927
"4789_4",0.436502
"1093_4",0.074030
"8195_1",0.009340
"11011_10",0.907804
"3944_9",0.884039
"10606_10",0.984048
"5029_7",0.765506
"9496_8",0.940188
"9256_8",0.980729
"5640_3",0.008046
"8164_8",0.935524
"10413_3",0.062274
"4838_2",0.009587
"12265_9",0.982474
"6222_1",0.004718
"883_8",0.958577
"395_8",0.856573
"1182_7",0.923661
"8701_7",0.991187
"8863_4",0.008951
"10943_3",0.013058
"10692_10",0.844537
"11872_7",0.992452
"4729_9",0.962883
"920_10",0.993397
"9352_4",0.014857
"10095_9",0.990660
"8986_2",0.009126
"7061_2",0.006039
"2746_1",0.006181
"10359_8",0.969440
"6826_7",0.047250
"7075_3",0.023465
"8237_10",0.988290
"9103_10",0.989632
"6538_9",0.962497
"3085_4",0.087058
"10759_9",0.666198
"12249_2",0.008678
"6774_4",0.023644
"3564_2",0.121113
"144_2",0.004538
"12112_3",0.012384
"8166_10",0.992781
"10817_8",0.993807
"7462_10",0.992525
"7626_2",0.086323
"8221_2",0.069226
"2528_10",0.232877
"6765_3",0.010150
"1267_8",0.994169
"8257_10",0.962285
"11501_8",0.990044
"11196_10",0.983863
"10006_7",0.975155
"2104_2",0.005406
"9067_8",0.495728
"4760_4",0.025761
"4372_7",0.956145
"3441_2",0.005011
"10439_3",0.145419
"6604_1",0.007317
"10689_10",0.990714
"11289_4",0.008332
"2051_7",0.955734
"42_10",0.994043
"1567_7",0.970688
"4890_9",0.985314
"2583_1",0.006253
"5376_2",0.005491
"2539_10",0.991907
"390_4",0.021636
"11509_1",0.006745
"7481_8",0.797636
"10840_2",0.010622
"9433_1",0.944125
"7774_10",0.987592
"2654_7",0.008520
"9582_7",0.972310
"1780_3",0.012396
"4032_8",0.948346
"3130_9",0.991538
"1920_3",0.033590
"5056_7",0.926703
"4537_10",0.974018
"2505_1",0.008085
"3942_2",0.011869
"483_2",0.032744
"2771_3",0.028844
"4872_8",0.979036
"7897_1",0.006680
"12039_8",0.987277
"11008_4",0.091301
"4090_7",0.972046
"3051_4",0.037432
"5700_1",0.006302
"3498_10",0.974459
"5676_7",0.969584
"5565_1",0.006109
"9347_10",0.977328
"4178_1",0.005992
"6303_4",0.219087
"1579_7",0.929184
"5783_9",0.991272
"4001_8",0.994760
"11698_2",0.022074
"7029_3",0.023309
"268_3",0.015469
"7098_1",0.973720
"6608_9",0.982237
"1123_1",0.026406
"7523_10",0.995008
"10647_3",0.018212
"12232_8",0.989811
"8103_4",0.648070
"7336_7",0.974092
"7049_8",0.983150
"9694_3",0.007191
"5894_3",0.018743
"10981_4",0.030560
"10104_10",0.987993
"5752_7",0.922062
"2622_2",0.006931
"11529_2",0.006098
"5040_1",0.006229
"1870_8",0.976935
"7368_3",0.006098
"843_1",0.150903
"4972_8",0.461138
"4615_9",0.991032
"8191_10",0.982889
"6940_10",0.702147
"4924_4",0.644945
"10392_2",0.004306
"3339_7",0.985200
"3594_10",0.995170
"10354_7",0.695493
"6594_10",0.993229
"11311_1",0.007121
"4409_10",0.989265
"1669_4",0.506500
"7819_1",0.015174
"6704_1",0.004512
"667_10",0.945500
"6444_1",0.017661
"1223_3",0.008959
"10089_9",0.993268
"6699_1",0.008133
"814_7",0.971429
"2363_10",0.944791
"1697_2",0.004306
"6345_4",0.014172
"10109_1",0.005200
"4563_7",0.987277
"1924_1",0.014900
"11416_2",0.005708
"539_7",0.906322
"5937_9",0.989119
"1912_8",0.983565
"4135_3",0.009259
"4141_7",0.325708
"7217_2",0.010966
"5538_3",0.008196
"2657_10",0.994347
"6279_4",0.392934
"7706_1",0.007360
"10409_10",0.990857
"6780_1",0.008495
"6251_10",0.982724
"12227_1",0.002606
"1146_10",0.991084
"10977_9",0.989572
"3857_1",0.006217
"7622_8",0.240329
"2548_7",0.832032
"8602_9",0.978672
"8885_8",0.992154
"472_4",0.010229
"11700_9",0.977607
"10268_3",0.002918
"7569_10",0.983085
"475_1",0.006339
"4719_1",0.005070
"8851_3",0.012871
"6320_10",0.960694
"4290_7",0.991187
"7936_10",0.987228
"4616_1",0.010259
"3616_7",0.993029
"4849_3",0.116412
"3689_7",0.268054
"11224_7",0.992611
"8893_7",0.956957
"11126_7",0.990642
"4816_8",0.947914
"5895_3",0.013210
"9373_1",0.008754
"2445_3",0.129678
"556_1",0.005230
"11855_1",0.065665
"11346_8",0.991748
"8621_8",0.991875
"10259_3",0.018055
"2354_3",0.018618
"8477_10",0.991652
"11408_7",0.150029
"8490_1",0.148294
"175_8",0.630799
"3376_1",0.021471
"3888_7",0.992108
"11655_2",0.011961
"9630_10",0.974483
"8121_1",0.008994
"10758_4",0.006426
"1979_10",0.953751
"9702_8",0.979881
"1064_1",0.004174
"850_4",0.027143
"1624_1",0.039195
"5885_10",0.994456
"8246_8",0.982641
"4073_7",0.956145
"5116_2",0.015604
"5379_2",0.036769
"75_1",0.011420
"5895_10",0.993436
"10651_9",0.990803
"1776_7",0.903209
"8500_1",0.007332
"11026_9",0.985510
"12195_1",0.007504
"1832_7",0.987055
"11424_8",0.975946
"1744_8",0.990606
"9699_1",0.009099
"11840_10",0.960212
"8955_1",0.009029
"1571_4",0.033812
"6434_9",0.929312
"7214_10",0.989830
"153_4",0.968171
"3914_1",0.808370
"5005_8",0.984109
"8283_4",0.846324
"8846_1",0.004982
"3708_1",0.773216
"5123_10",0.977883
"2868_7",0.990768
"6395_10",0.988492
"5788_4",0.378330
"2380_8",0.989098
"462_7",0.983894
"11697_7",0.992214
"3577_3",0.029648
"5569_4",0.050705
"348_1",0.007592
"9194_10",0.988971
"1001_4",0.059811
"6869_4",0.060032
"7182_1",0.020587
"2089_4",0.008882
"3496_1",0.944638
"938_1",0.007275
"10325_9",0.956957
"786_10",0.992906
"4562_9",0.988842
"2566_9",0.990750
"10732_3",0.026330
"7621_1",0.041774
"11747_10",0.992611
"11271_4",0.183411
"9057_10",0.993499
"12374_3",0.016577
"9130_9",0.993524
"9735_3",0.026734
"4305_7",0.988646
"10477_9",0.993759
"5498_9",0.993307
"4452_8",0.991456
"7993_1",0.040731
"3245_9",0.995702
"11289_10",0.052619
"2678_10",0.990404
"6836_1",0.008985
"10936_3",0.007025
"6870_4",0.034229
"10109_10",0.992851
"9907_7",0.276080
"4801_2",0.003559
"3684_10",0.987520
"12305_9",0.989182
"530_10",0.991907
"10977_2",0.007289
"9819_10",0.989055
"5057_1",0.014914
"8703_10",0.989870
"8997_2",0.004673
"5766_7",0.886519
"9436_8",0.987472
"39_9",0.994325
"6052_4",0.016561
"9748_9",0.980894
"8395_1",0.005080
"688_7",0.024610
"4688_3",0.018194
"6287_3",0.037679
"1945_8",0.926503
"11830_2",0.017986
"4042_2",0.012444
"10160_3",0.067179
"2069_4",0.034456
"11039_1",0.017094
"6675_3",0.017577
"9189_2",0.125440
"3683_10",0.993307
"5536_10",0.972598
"11089_1",0.007946
"9064_7",0.984321
"2079_1",0.004306
"648_3",0.013769
"12300_10",0.977607
"5755_8",0.981858
"3460_1",0.005809
"151_2",0.005150
"6990_4",0.067362
"11356_10",0.993320
"3062_2",0.007953
"4310_1",0.028248
"9393_9",0.977905
"5886_1",0.021166
"7359_10",0.989592
"3210_1",0.006438
"4689_10",0.980766
"11111_10",0.951097
"1413_3",0.062789
"2502_8",0.989712
"10737_2",0.006074
"6525_10",0.872456
"4416_4",0.020197
"1705_4",0.030502
"1485_10",0.992611
"4406_9",0.982065
"3365_8",0.968915
"6825_9",0.979215
"9214_1",0.339444
"8171_1",0.125172
"12138_7",0.009038
"2421_8",0.969757
"7727_4",0.012735
"8236_8",0.927363
"4802_8",0.986904
"5429_2",0.021844
"6584_1",0.038756
"5429_8",0.985482
"2124_8",0.993015
"11670_3",0.024446
"7527_1",0.009152
"11193_3",0.026810
"3647_10",0.986017
"2084_3",0.008994
"8481_10",0.988108
"2458_8",0.981962
"8705_1",0.045863
"4919_4",0.091139
"1621_1",0.022117
"6059_1",0.007191
"4132_1",0.026785
"10953_9",0.969469
"6692_8",0.992349
"3604_3",0.006706
"6432_1",0.009831
"10932_8",0.993524
"7248_3",0.676460
"3837_4",0.005323
"8770_8",0.805938
"12067_7",0.976378
"7351_1",0.008745
"11556_1",0.242609
"8220_1",0.015754
"8008_4",0.007461
"6500_1",0.005642
"8303_4",0.050191
"6765_10",0.994008
"4701_3",0.018529
"8956_1",0.009587
"11443_8",0.988514
"7119_7",0.992481
"11761_2",0.009975
"9921_9",0.866867
"2275_9",0.989306
"8849_2",0.018142
"2791_3",0.049727
"9105_10",0.979570
"1991_7",0.992640
"41_9",0.993203
"9259_1",0.009277
"3785_3",0.348929
"12335_3",0.053206
"7020_1",0.014037
"9490_4",0.017392
"11296_1",0.005480
"7641_2",0.025347
"8163_7",0.992611
"7342_10",0.990892
"766_8",0.993783
"5399_1",0.006998
"1565_7",0.957477
"12_9",0.990587
"11574_10",0.983391
"8194_8",0.455017
"6110_10",0.972178
"8108_1",0.012042
"3852_4",0.008308
"11474_2",0.024377
"11554_10",0.980543
"1798_3",0.030531
"11814_10",0.978753
"5072_9",0.992892
"4389_10",0.989347
"8148_10",0.984291
"5840_2",0.035411
"1972_7",0.915091
"10169_3",0.016153
"8651_1",0.005406
"6399_3",0.004290
"8965_1",0.020964
"8853_1",0.009331
"2841_9",0.991522
"6658_1",0.172834
"11515_1",0.021969
"4474_1",0.076132
"8221_10",0.991289
"12204_10",0.991844
"10671_1",0.007969
"7335_3",0.019644
"4050_3",0.427307
"9465_8",0.987472
"11620_8",0.964187
"11998_8",0.992892
"11188_2",0.009908
"6656_1",0.009322
"3416_4",0.008244
"11558_9",0.990178
"2752_4",0.012933
"10330_9",0.986271
"9323_7",0.992823
"12232_4",0.532273
"5699_7",0.992892
"1020_2",0.037047
"1161_1",0.009170
"10187_10",0.986191
"4585_10",0.973745
"7570_10",0.966283
"9752_1",0.047514
"4956_1",0.006027
"1355_2",0.008140
"10456_1",0.008908
"8757_10",0.990025
"2286_3",0.015906
"1297_7",0.867036
"5326_8",0.994135
"11535_10",0.988492
"4783_10",0.950503
"4292_2",0.006121
"2856_1",0.006339
"450_10",0.991406
"9611_1",0.024307
"2403_1",0.569344
"2037_7",0.858481
"9580_1",0.005251
"1694_7",0.921781
"11385_10",0.992865
"493_1",0.007748
"9013_10",0.974092
"11235_3",0.030444
"10793_3",0.011464
"2197_10",0.993710
"1887_2",0.009394
"6617_7",0.967839
"12028_1",0.007066
"5413_1",0.007869
"1134_1",0.002969
"1290_2",0.019197
"12241_8",0.985328
"965_3",0.040163
"2044_10",0.986904
"7782_10",0.978935
"6087_4",0.906570
"3600_2",0.004348
"1588_3",0.872293
"10421_8",0.829975
"3390_10",0.987759
"6531_1",0.011387
"9792_10",0.969814
"3755_9",0.991118
"11471_7",0.655501
"10427_10",0.992016
"4011_3",0.015529
"8784_7",0.545861
"10714_9",0.991954
"6031_9",0.971238
"8130_10",0.988358
"4772_9",0.961786
"6599_7",0.965738
"11335_2",0.013083
"6412_1",0.007094
"998_7",0.957557
"9542_10",0.988971
"1490_3",0.006798
"4142_10",0.994402
"8371_10",0.973594
"5457_8",0.978672
"5001_8",0.984261
"150_9",0.993499
"8487_10",0.992334
"10024_3",0.004867
"3687_8",0.991764
"6171_10",0.991922
"5462_8",0.986853
"1372_4",0.013441
"7361_8",0.973544
"1030_9",0.947137
"3341_8",0.864482
"7677_2",0.011126
"6584_7",0.989652
"2372_10",0.057705
"5898_9",0.990310
"7370_7",0.992640
"3018_9",0.994646
"4899_9",0.992906
"2385_4",0.008300
"8433_9",0.975460
"1989_8",0.943608
"10401_7",0.958615
"5668_1",0.008720
"11516_3",0.006217
"12419_1",0.013351
"5402_7",0.933734
"10537_9",0.982757
"117_10",0.992611
"6756_4",0.120698
"4051_3",0.019179
"9687_10",0.981221
"11011_2",0.038902
"8460_8",0.988734
"5155_3",0.027901
"2473_2",0.004486
"4074_1",0.010459
"4730_10",0.990404
"5310_2",0.003657
"6630_10",0.989140
"4363_1",0.028762
"1022_3",0.105810
"8247_10",0.960212
"7437_10",0.983198
"3846_7",0.993056
"7298_1",0.007432
"11955_4",0.009259
"9448_10",0.952442
"142_1",0.006463
"2260_3",0.012735
"9012_4",0.094510
"5321_9",0.920074
"527_10",0.991015
"2898_3",0.014077
"12302_9",0.980525
"1463_4",0.376519
"5278_1",0.012883
"6450_1",0.011442
"9704_1",0.007177
"2673_2",0.009831
"10175_2",0.008212
"8006_2",0.018073
"9492_4",0.151278
"4595_3",0.753467
"9499_2",0.003969
"7869_1",0.014104
"4047_10",0.994089
"4962_7",0.917340
"4052_2",0.008745
"1423_10",0.817356
"7376_2",0.011040
"1067_9",0.951953
"3289_1",0.008380
"5780_9",0.922482
"2965_2",0.008745
"4127_10",0.993710
"10156_3",0.009268
"11164_1",0.009550
"1422_10",0.817356
"9470_4",0.061819
"7733_3",0.141104
"3814_3",0.006027
"9900_1",0.004451
"5363_3",0.008446
"2878_7",0.619568
"11647_2",0.004290
"1729_1",0.018458
"2263_1",0.013742
"11707_2",0.008276
"10722_7",0.988380
"6321_9",0.960287
"7339_10",0.992016
"8003_9",0.954308
"11009_10",0.978915
"9458_1",0.008511
"10359_1",0.005374
"5530_3",0.005251
"3377_9",0.993333
"2256_9",0.993216
"9036_1",0.009765
"7621_7",0.762866
"9992_4",0.056185
"1004_10",0.991255
"6339_3",0.161717
"5554_10",0.966283
"10128_10",0.991439
"4540_10",0.965381
"1410_7",0.984898
"7072_1",0.010318
"4324_4",0.061876
"9611_7",0.541682
"7571_10",0.992739
"11337_1",0.011497
"1169_1",0.029396
"10881_4",0.010479
"8782_4",0.015952
"5357_10",0.992961
"9318_7",0.898944
"9071_3",0.978177
"485_4",0.078784
"3164_2",0.039343
"1343_10",0.968709
"571_10",0.988403
"6749_10",0.990025
"1945_4",0.075380
"8132_3",0.019776
"12380_4",0.030186
"11183_4",0.087252
"10526_10",0.935287
"7234_10",0.988777
"3054_7",0.951953
"5217_1",0.005021
"7106_8",0.957794
"11043_10",0.961606
"8447_2",0.009486
"9744_10",0.993294
"10638_9",0.979900
"8778_10",0.993524
"3666_9",0.981347
"4223_10",0.990514
"1642_2",0.018299
"10541_8",0.950824
"8067_1",0.009671
"11116_10",0.960063
"8701_1",0.006824
"6422_8",0.991187
"9168_1",0.028517
"4130_1",0.007839
"8492_1",0.003118
"6430_3",0.009727
"9306_8",0.994402
"10487_7",0.883939
"6687_1",0.016387
"11869_1",0.008332
"9224_10",0.978177
"1625_9",0.992452
"8651_7",0.724773
"3702_4",0.007346
"4470_7",0.068787
"31_4",0.024423
"11316_10",0.976288
"5961_8",0.965932
"4428_2",0.011542
"2540_4",0.069164
"4855_2",0.144994
"9997_2",0.009841
"12214_2",0.022371
"12383_2",0.012784
"12344_4",0.037222
"8147_10",0.992767
"2019_10",0.987253
"8161_3",0.016137
"7312_10",0.896523
"9310_8",0.991812
"11966_1",0.009879
"8962_1",0.035914
"5661_4",0.010043
"5765_4",0.012588
"10934_8",0.991828
"5801_9",0.815747
"190_2",0.010829
"880_8",0.993255
"10677_10",0.971564
"10520_10",0.980129
"6697_7",0.892843
"11582_1",0.007247
"1986_1",0.007651
"6021_4",0.004340
"7220_8",0.964822
"5870_1",0.011508
"1459_7",0.823186
"1733_8",0.994259
"7060_9",0.994749
"5249_9",0.994112
"8845_9",0.984985
"10133_8",0.876105
"3041_9",0.966851
"11504_1",0.010199
"6261_8",0.989511
"2942_10",0.994336
"5522_10",0.962708
"4260_8",0.968321
"1600_2",0.031559
"1698_10",0.983660
"5823_10",0.992961
"2413_9",0.974941
"7316_9",0.948775
"5963_2",0.006603
"9960_10",0.993891
"6014_9",0.985200
"2357_4",0.009205
"9788_10",0.902438
"8100_2",0.017746
"4099_9",0.979707
"10894_2",0.007846
"7940_1",0.008711
"3605_4",0.058078
"11270_3",0.021512
"2306_8",0.981630
"3825_10",0.990404
"161_7",0.987806
"12121_9",0.989098
"7916_10",0.355789
"10598_4",0.055311
"3484_10",0.994203
"8967_1",0.008669
"4005_2",0.015336
"10355_4",0.654426
"5215_10",0.527286
"943_3",0.014186
"11786_10",0.990892
"5938_2",0.007275
"998_2",0.015679
"4333_4",0.011409
"6606_9",0.913445
"5251_2",0.320622
"4152_4",0.059702
"3148_2",0.014268
"3344_7",0.950180
"9832_3",0.030968
"2689_3",0.341404
"3400_10",0.987424
"4000_4",0.956997
"3934_3",0.173218
"9014_9",0.952353
"2339_9",0.993136
"8833_1",0.018689
"10197_8",0.986085
"8811_1",0.049359
"1805_7",0.990496
"2238_7",0.949059
"2487_9",0.881053
"1737_1",0.018073
"4085_2",0.007946
"5665_10",0.960287
"9721_4",0.038035
"10577_9",0.993926
"8892_7",0.990910
"4503_10",0.994054
"9348_3",0.007839
"10382_10",0.937954
"8339_3",0.007651
"5199_10",0.990678
"1897_1",0.016450
"3578_9",0.991796
"9192_7",0.987030
"12154_2",0.005609
"5089_2",0.003545
"8988_7",0.887009
"10170_8",0.514339
"6690_8",0.984708
"2549_2",0.012516
"6546_3",0.006157
"5283_2",0.007923
"8131_9",0.990006
"4745_8",0.987735
"7251_1",0.012456
"1829_8",0.969032
"11922_9",0.988199
"10322_1",0.005051
"3163_4",0.014871
"11849_9",0.990404
"11809_10",0.994236
"1275_3",0.014351
"11694_4",0.006890
"12112_8",0.570900
"11212_4",0.468821
"5124_10",0.989182
"5362_2",0.006917
"2680_9",0.992823
"11181_4",0.014785
"4345_1",0.178956
"8916_7",0.973993
"10042_8",0.970854
"10324_8",0.968321
"4425_3",0.979016
"9133_3",0.295001
"11028_10",0.994729
"1941_7",0.957437
"10142_3",0.113826
"4572_1",0.013083
"10512_1",0.005934
"7180_7",0.981823
"3948_1",0.008148
"1238_4",0.023176
"5269_9",0.128525
"12346_8",0.884339
"11481_4",0.513059
"1943_3",0.014050
"4742_1",0.005021
"2433_1",0.010160
"4422_3",0.009134
"342_1",0.004737
"736_8",0.971156
"3036_10",0.016060
"9336_7",0.961606
"9205_1",0.007839
"9923_8",0.991764
"8875_2",0.008000
"2023_7",0.965381
"4102_1",0.062274
"11345_1",0.007961
"6736_9",0.990478
"7839_8",0.985814
"8572_10",0.964018
"7211_1",0.007930
"6666_2",0.002993
"1978_7",0.989909
"3156_1",0.028194
"3333_7",0.988971
"3720_4",0.249082
"1450_3",0.144149
"8563_10",0.949623
"9087_9",0.988558
"6843_10",0.992259
"3485_7",0.981613
"4259_10",0.984913
"10186_10",0.988799
"3312_3",0.024330
"7624_4",0.089773
"7930_3",0.008356
"8407_10",0.928409
"1771_4",0.596771
"11919_4",0.020567
"425_2",0.010479
"11795_2",0.005385
"6767_1",0.018177
"2996_9",0.991780
"990_1",0.011927
"3757_3",0.644484
"2981_2",0.019757
"10277_2",0.009550
"662_9",0.982083
"5311_3",0.013210
"3796_10",0.990786
"3846_1",0.053750
"5651_2",0.008602
"6649_3",0.020255
"10779_2",0.039453
"4548_10",0.982031
"7275_10",0.955026
"1605_9",0.988863
"3580_4",0.007900
"5712_2",0.017210
"5287_10",0.991084
"3230_9",0.772230
"7936_1",0.005865
"9983_3",0.006050
"9959_7",0.993056
"5739_4",0.037573
"4308_10",0.960694
"4854_8",0.993372
"8620_7",0.987129
"7923_9",0.985538
"11686_10",0.988380
"8253_1",0.057812
"11030_4",0.734834
"3995_9",0.993914
"10763_9",0.990121
"6780_8",0.988447
"10895_1",0.002536
"11778_1",0.751922
"8512_10",0.914977
"1061_1",0.005969
"10584_3",0.005911
"212_4",0.019890
"1908_2",0.027928
"10958_1",0.005786
"980_7",0.962603
"2686_10",0.990624
"2088_1",0.068351
"6075_1",0.004655
"9782_10",0.992697
"9180_3",0.033274
"2478_3",0.008437
"1634_2",0.005374
"6810_8",0.984246
"2562_10",0.994191
"3841_7",0.831759
"5387_1",0.015922
"9047_7",0.978240
"4962_4",0.042325
"8597_8",0.945500
"1515_1",0.001821
"1974_1",0.323126
"9935_3",0.853913
"2404_4",0.032713
"8638_1",0.003390
"8720_1",0.012420
"11411_2",0.016657
"7676_3",0.232310
"11756_9",0.984501
"4195_1",0.003357
"11787_10",0.983955
"11838_1",0.006314
"11748_1",0.006798
"7309_3",0.075414
"502_4",0.708036
"1239_10",0.961534
"8925_4",0.016834
"4242_1",0.005406
"2112_2",0.004408
"6359_8",0.959913
"8034_9",0.988928
"807_3",0.036804
"7852_4",0.011721
"8014_10",0.993448
"4823_8",0.973139
"8448_10",0.992892
"3564_8",0.908861
"858_4",0.460228
"8529_7",0.838548
"6515_3",0.010298
"2646_10",0.993229
"4278_1",0.142709
"5641_7",0.953449
"5382_4",0.059757
"3300_8",0.872021
"4849_9",0.983565
"12013_1",0.361291
"107_4",0.500671
"10046_10",0.989223
"9141_10",0.991732
"10297_10",0.992199
"634_10",0.954435
"438_2",0.002566
"11794_8",0.989692
"3937_4",0.046034
"3602_4",0.057493
"11851_1",0.015160
"8690_7",0.810854
"2697_2",0.047470
"805_10",0.990768
"7572_1",0.006526
"10553_1",0.003915
"5246_2",0.028544
"2064_8",0.961642
"11856_1",0.012933
"9026_7",0.915658
"4449_7",0.963643
"8579_10",0.982134
"8503_7",0.729182
"5734_1",0.393370
"11507_1",0.015218
"7956_10",0.961207
"11245_2",0.004982
"6142_2",0.011801
"10657_1",0.003900
"7992_1",0.011766
"11347_9",0.913522
"5278_8",0.979453
"6362_10",0.809238
"10214_2",0.012710
"9184_7",0.990025
"2666_10",0.994369
"7527_7",0.937840
"2001_1",0.011620
"12000_4",0.060641
"10302_3",0.032868
"7160_10",0.991170
"2757_10",0.981560
"3792_3",0.223928
"6199_1",0.006217
"10467_3",0.004182
"531_10",0.990083
"8193_9",0.993333
"248_7",0.991732
"187_1",0.020725
"5193_8",0.983311
"5138_8",0.992823
"8467_1",0.069890
"11029_8",0.985398
"667_4",0.062160
"3714_1",0.005312
"8102_4",0.918261
"9195_4",0.009985
"1432_3",0.005980
"9095_10",0.919353
"11510_2",0.186391
"5644_1",0.038720
"2556_8",0.987782
"11887_2",0.013835
"5374_1",0.003601
"5356_3",0.005427
"10209_1",0.011564
"2001_8",0.943504
"6088_1",0.009126
"6140_4",0.955610
"11494_4",0.012613
"11631_7",0.884339
"4818_1",0.016324
"10914_1",0.004110
"4472_8",0.987806
"8735_9",0.989182
"11190_1",0.019625
"462_4",0.033211
"6566_4",0.011721
"4598_4",0.916633
"11566_1",0.003686
"2560_3",0.013493
"11969_4",0.011973
"8765_1",0.005190
"9957_10",0.200675
"5210_10",0.992510
"5007_10",0.988447
"10290_10",0.994180
"10319_1",0.010140
"1848_2",0.045100
"1319_3",0.013835
"11248_10",0.986350
"379_1",0.093099
"3469_10",0.990962
"437_2",0.020274
"3648_1",0.017746
"8834_1",0.006181
"3316_1",0.007374
"9563_2",0.089137
"4500_9",0.991652
"6226_3",0.015218
"5653_3",0.007718
"5415_2",0.005160
"6725_4",0.024822
"9462_10",0.992851
"3471_3",0.040200
"7259_2",0.018743
"8181_3",0.004830
"10749_1",0.010642
"12283_1",0.020177
"402_1",0.006771
"8024_10",0.993722
"11114_1",0.006451
"461_1",0.022180
"10025_2",0.004963
"3358_4",0.033086
"2022_1",0.004512
"12493_7",0.993499
"4131_9",0.969814
"9852_4",0.015029
"7122_1",0.002319
"1994_10",0.994100
"10723_9",0.452566
"3900_8",0.971266
"7741_10",0.990385
"4287_9",0.993710
"10195_10",0.972493
"10941_3",0.006476
"1615_1",0.006931
"12337_3",0.039825
"2259_2",0.026106
"6179_10",0.993710
"138_8",0.978672
"6482_3",0.052912
"10362_4",0.004934
"1341_10",0.976243
"8299_8",0.945045
"7839_2",0.018458
"6659_7",0.993524
"7143_10",0.994054
"12445_1",0.010398
"3796_3",0.007519
"4180_10",0.936460
"7775_10",0.993150
"8946_9",0.990551
"1936_7",0.880181
"8387_1",0.002731
"10092_8",0.969295
"5729_10",0.991373
"1399_7",0.976758
"4011_8",0.981311
"7868_8",0.990551
"3546_8",0.958809
"8643_9",0.993599
"6033_1",0.005775
"428_10",0.947332
"3385_10",0.985482
"3073_2",0.006745
"4169_8",0.980858
"8191_3",0.012408
"211_3",0.015739
"297_2",0.031026
"4286_8",0.988992
"535_10",0.988177
"4851_4",0.012348
"9707_1",0.002083
"9740_10",0.429100
"5410_1",0.009250
"1436_1",0.010829
"3766_10",0.992906
"2483_9",0.931836
"1937_10",0.992961
"2939_3",0.008594
"3372_1",0.008292
"7825_10",0.984139
"7780_10",0.992795
"7656_10",0.992906
"4850_7",0.905948
"5083_4",0.020197
"10429_1",0.004628
"8009_2",0.010398
"10879_4",0.121425
"7328_1",0.029845
"10055_1",0.036425
"11715_7",0.539681
"1547_1",0.011687
"7665_9",0.987496
"6061_10",0.990910
"10800_1",0.015087
"10234_3",0.079068
"11334_2",0.374750
"3106_1",0.028490
"12173_3",0.007219
"2076_10",0.988085
"4414_7",0.907640
"7679_9",0.994413
"2010_1",0.003961
"9460_9",0.983036
"11261_4",0.017127
"7500_10",0.984170
"9503_4",0.036357
"5937_4",0.058507
"87_10",0.982203
"2968_1",0.007984
"6728_9",0.956268
"9954_4",0.039158
"5875_8",0.935169
"12429_10",0.936518
"11247_10",0.989286
"8879_4",0.722135
"2999_1",0.004094
"11448_8",0.990768
"3629_1",0.007839
"1302_1",0.006015
"10851_1",0.005385
"9533_4",0.013571
"4078_2",0.004628
"7813_3",0.005741
"11284_10",0.978488
"3509_8",0.990496
"11198_3",0.005708
"9197_9",0.985398
"3603_3",0.667920
"6472_7",0.993735
"2410_2",0.008220
"10240_10",0.993320
"6507_4",0.018212
"1511_2",0.028816
"5475_2",0.010756
"5728_1",0.008839
"5294_1",0.024307
"12024_10",0.982372
"2355_1",0.009197
"4088_9",0.993015
"2580_10",0.991716
"9423_1",0.017359
"6836_7",0.979570
"11806_1",0.007900
"8412_1",0.012065
"770_10",0.991732
"1029_10",0.976869
"11288_4",0.549701
"690_3",0.020904
"1925_9",0.994054
"2116_10",0.985043
"8597_2",0.055209
"8734_4",0.043366
"5549_3",0.018924
"5447_7",0.042127
"2519_4",0.442335
"11323_7",0.916857
"9338_1",0.005992
"3299_10",0.990140
"10585_8",0.755502
"3945_7",0.978935
"813_1",0.006133
"1300_9",0.987472
"5849_7",0.914214
"5535_8",0.919643
"3612_2",0.009376
"11064_2",0.009413
"376_10",0.983263
"8504_2",0.008164
"8198_1",0.038250
"6485_1",0.008117
"9011_3",0.229794
"6766_1",0.004547
"7282_3",0.014420
"1450_10",0.944893
"10644_8",0.985496
"5424_2",0.743541
"86_3",0.204660
"1221_1",0.006864
"2309_3",0.146026
"5190_4",0.009422
"11498_1",0.061819
"11959_10",0.995354
"10465_10",0.993461
"3922_4",0.240106
"9710_9",0.977066
"2014_1",0.006376
"3791_9",0.953622
"3548_4",0.021105
"6001_3",0.008470
"11920_4",0.051942
"10152_9",0.989572
"10305_1",0.020685
"10626_1",0.005686
"3057_3",0.399504
"5387_8",0.048903
"8138_2",0.011277
"11134_1",0.005708
"8341_2",0.015845
"6687_9",0.986992
"671_3",0.025468
"1156_2",0.007066
"11841_9",0.993636
"7193_9",0.993938
"2257_10",0.993461
"5261_3",0.063482
"10475_2",0.041970
"11175_2",0.090494
"8122_9",0.983502
"6266_7",0.961025
"4340_9",0.991084
"331_4",0.017695
"854_7",0.991439
"6800_10",0.985622
"982_8",0.985072
"5916_7",0.994270
"5871_2",0.005719
"4106_9",0.968679
"8506_1",0.029174
"4610_9",0.972857
"5086_4",0.022694
"453_9",0.902309
"4611_3",0.028571
"3764_4",0.006327
"7644_4",0.012444
"4037_2",0.005946
"1595_10",0.989306
"7792_3",0.011299
"10068_3",0.005002
"7199_10",0.986929
"2050_3",0.008925
"2460_7",0.991221
"9299_1",0.004023
"6297_4",0.040846
"7797_10",0.989470
"11272_8",0.912981
"7808_9",0.993242
"5806_3",0.010591
"4573_10",0.971320
"3935_7",0.819316
"3502_1",0.009495
"5744_10",0.415106
"10548_10",0.989244
"3746_7",0.970743
"3851_10",0.986191
"2648_2",0.004399
"11397_3",0.014323
"1024_4",0.057229
"4034_2",0.003817
"7010_10",0.994780
"10429_9",0.988177
"8086_1",0.014323
"6463_4",0.039048
"3540_3",0.040313
"7608_8",0.967839
"5123_4",0.179531
"8139_4",0.280838
"2535_10",0.979551
"4187_1",0.009746
"1711_4",0.013441
"6197_4",0.013650
"4953_7",0.947235
"578_9",0.985115
"4244_10",0.990292
"3893_8",0.950273
"4903_7",0.976468
"9850_8",0.979648
"11450_3",0.008260
"4926_8",0.992626
"804_1",0.006488
"5933_7",0.988425
"4407_1",0.012089
"7951_7",0.793226
"9759_10",0.987399
"3936_8",0.981718
"6998_1",0.051035
"8967_7",0.988755
"5061_4",0.018924
"7787_3",0.011072
"8320_10",0.991891
"967_7",0.958886
"11996_7",0.877372
"4233_8",0.984351
"2494_8",0.978447
"6804_8",0.983800
"1452_3",0.020371
"10327_7",0.967533
"1510_1",0.008196
"7223_4",0.010358
"2280_10",0.804636
"4092_9",0.986310
"11305_1",0.010229
"10599_1",0.004849
"9545_4",0.009295
"6423_8",0.981666
"12314_1",0.005480
"8470_1",0.016673
"8957_8",0.986713
"1725_9",0.991748
"11127_1",0.011094
"6570_8",0.985552
"10477_1",0.015454
"5503_4",0.036563
"12251_8",0.993242
"3474_10",0.991620
"7269_1",0.005843
"997_3",0.021105
"10781_10",0.982955
"6598_10",0.989055
"9225_1",0.007877
"20_9",0.971320
"9671_9",0.968915
"8627_3",0.012698
"12404_4",0.875946
"1110_7",0.990980
"6979_1",0.002726
"9082_1",0.008611
"3626_7",0.727298
"4856_4",0.994920
"11510_9",0.994910
"7024_10",0.994605
"1501_9",0.914061
"4185_9",0.958577
"8671_9",0.974845
"2225_10",0.980949
"199_4",0.590248
"6027_9",0.991255
"359_4",0.006890
"4065_3",0.008942
"12333_7",0.969324
"1963_10",0.987079
"9106_1",0.003248
"10478_1",0.009680
"10859_9",0.991780
"357_1",0.009569
"6982_10",0.993537
"460_8",0.993795
"9266_2",0.011508
"351_10",0.990459
"9562_10",0.937954
"9784_3",0.020313
"5949_7",0.975809
"6489_1",0.197135
"1607_9",0.994112
"4482_10",0.980858
"8816_8",0.691419
"2427_1",0.015861
"4838_9",0.990768
"10961_9",0.991922
"6708_10",0.989368
"1045_9",0.989265
"3607_3",0.063657
"4325_9",0.986662
"4779_1",0.007696
"4624_9",0.993661
"4564_10",0.978115
"7132_9",0.993673
"506_2",0.006917
"5939_1",0.013058
"3219_10",0.985950
"8620_4",0.039788
"2049_1",0.005969
"3367_9",0.932760
"7408_9",0.984913
"8850_2",0.017392
"870_4",0.005730
"8056_8",0.972598
"11367_10",0.991554
"6160_10",0.989731
"6712_8",0.279410
"5267_8",0.982356
"1191_1",0.006706
"1513_3",0.057652
"4741_10",0.913754
"9807_2",0.058507
"6926_10",0.981507
"6382_10",0.993029
"6636_8",0.976129
"6592_10",0.990292
"11308_10",0.986853
"10853_3",0.018547
"1774_7",0.749500
"8259_10",0.992481
"8649_8",0.958499
"10739_2",0.007374
"9843_7",0.942188
"5984_10",0.986178
"8658_1",0.005877
"10386_1",0.075619
"3271_4",0.027221
"6167_1",0.003729
"529_1",0.005416
"5696_2",0.010459
"1601_10",0.967839
"10744_8",0.980949
"6121_9",0.960212
"2598_10",0.992906
"9209_10",0.990714
"3831_1",0.007039
"7171_9",0.989430
"1850_10",0.989202
"8728_7",0.985384
"7698_7",0.992809
"5954_10",0.992154
"7104_7",0.018654
"5617_2",0.005523
"3896_1",0.114270
"4355_1",0.012735
"4212_7",0.984782
"622_1",0.019161
"3368_8",0.993973
"2870_1",0.017226
"12107_9",0.988536
"8016_8",0.926103
"8752_4",0.956634
"10653_10",0.985229
"7245_10",0.991439
"9742_9",0.988842
"7637_4",0.674506
"11903_10",0.990441
"9818_3",0.006050
"373_2",0.033972
"110_10",0.992184
"2450_10",0.989909
"9009_3",0.007461
"9132_2",0.017560
"11076_1",0.005021
"4285_4",0.105487
"109_8",0.109468
"2585_8",0.984723
"7781_1",0.007884
"1359_10",0.988885
"9773_3",0.010259
"10328_10",0.984942
"12063_1",0.012983
"12061_1",0.012674
"555_7",0.975320
"2288_4",0.006133
"1259_10",0.846387
"12098_1",0.003992
"6493_9",0.966600
"324_3",0.011789
"7834_8",0.282073
"8918_7",0.907148
"10736_9",0.994739
"5272_3",0.025957
"4302_1",0.008101
"646_1",0.020177
"10868_9",0.989531
"9654_8",0.991732
"10790_10",0.992510
"10589_3",0.013364
"6364_10",0.974215
"8477_1",0.003410
"6938_2",0.036254
"9420_3",0.011778
"1527_10",0.991101
"5769_1",0.010808
"1655_9",0.988514
"3917_10",0.973443
"8666_4",0.031889
"11820_2",0.013261
"11633_8",0.975390
"6136_4",0.026887
"10293_1",0.003357
"1084_1",0.006217
"12287_9",0.991422
"11297_1",0.007519
"6913_1",0.006050
"11371_10",0.954009
"9937_4",0.540136
"11341_10",0.992554
"5233_9",0.991636
"4358_10",0.992437
"10735_10",0.993372
"5234_1",0.014800
"7523_1",0.012710
"5758_3",0.019587
"11916_10",0.993574
"10276_8",0.985482
"5950_4",0.469125
"10329_10",0.986929
"8419_1",0.005002
"3343_4",0.005080
"3640_3",0.008830
"10160_7",0.957158
"1181_10",0.972204
"9181_1",0.011676
"5778_7",0.398904
"3659_9",0.890960
"4695_10",0.986954
"25_10",0.994214
"6127_2",0.107297
"1343_2",0.013480
"1110_4",0.005686
"12166_10",0.978692
"1853_8",0.989013
"6651_1",0.014490
"4927_1",0.008372
"10933_3",0.324423
"6911_9",0.981630
"467_9",0.992244
"2267_4",0.010766
"9005_3",0.060363
"10493_1",0.010642
"8159_7",0.906488
"10039_1",0.004215
"5147_1",0.168309
"12176_10",0.981257
"9299_9",0.980431
"2824_10",0.961965
"7695_1",0.005888
"8870_9",0.985691
"4063_8",0.982856
"396_2",0.004982
"9016_3",0.041813
"10148_10",0.994790
"2028_8",0.988842
"3738_7",0.201695
"11365_1",0.837753
"9987_9",0.993831
"4050_10",0.988222
"8028_9",0.988842
"10161_7",0.951594
"5997_3",0.019179
"7771_1",0.031440
"765_9",0.992184
"6558_1",0.013248
"9148_9",0.857709
"10100_10",0.994180
"11870_3",0.007915
"143_4",0.015922
"5865_10",0.970743
"2364_10",0.992319
"4695_2",0.003976
"3150_10",0.978672
"4181_10",0.989450
"8121_8",0.981149
"3263_10",0.991985
"9178_8",0.992961
"11323_2",0.005343
"8922_10",0.990404
"7884_3",0.021492
"6474_1",0.029312
"9697_8",0.987568
"9184_1",0.009541
"9483_9",0.970409
"5353_10",0.993879
"5978_2",0.008728
"7162_4",0.455653
"12175_3",0.007275
"8229_8",0.969843
"8618_2",0.007205
"854_1",0.004896
"1379_10",0.847274
"10833_9",0.978935
"2244_4",0.023353
"8145_3",0.014928
"9069_3",0.043244
"691_7",0.960952
"421_1",0.013889
"951_1",0.115811
"4966_4",0.009756
"9116_10",0.987079
"7903_10",0.994413
"3684_3",0.013480
"9435_1",0.007711
"4998_1",0.007303
"9698_1",0.009108
"209_10",0.992823
"10314_9",0.970212
"6677_8",0.991732
"3044_7",0.973215
"1322_1",0.006157
"3185_1",0.015694
"6619_1",0.017493
"3765_7",0.862815
"3348_9",0.984109
"11833_4",0.006015
"2250_1",0.002401
"7760_10",0.994989
"8619_8",0.983581
"5790_9",0.985370
"9197_1",0.005675
"4350_2",0.014828
"11545_10",0.817866
"12448_10",0.949949
"7160_2",0.003707
"5966_4",0.946349
"5284_10",0.993649
"5276_8",0.217878
"7498_1",0.006376
"10729_9",0.992865
"1827_3",0.008771
"3111_1",0.007374
"8298_8",0.758108
"12447_7",0.859664
"8035_3",0.017849
"1203_7",0.990587
"7620_1",0.014757
"2375_4",0.008054
"4026_2",0.003154
"1925_1",0.009532
"3658_1",0.007563
"114_10",0.991571
"3386_2",0.009349
"377_9",0.979334
"8855_10",0.977349
"10476_10",0.995272
"9073_4",0.073897
"3255_2",0.015000
"2918_9",0.985718
"5221_7",0.966569
"7546_1",0.003795
"8080_7",0.914749
"7434_10",0.978590
"1772_1",0.011409
"2690_9",0.991489
"7133_9",0.983581
"9947_9",0.932392
"11865_1",0.010560
"6346_10",0.995444
"2945_3",0.004691
"3625_8",0.722600
"694_4",0.024845
"6795_10",0.942665
"9353_4",0.952442
"12345_10",0.988470
"5316_2",0.009250
"12204_2",0.152473
"2186_10",0.986429
"5568_1",0.012504
"11080_1",0.007066
"228_1",0.031351
"7795_1",0.011950
"4886_3",0.079782
"11547_9",0.921358
"7494_2",0.015484
"5466_2",0.009624
"3655_8",0.985622
"4790_1",0.003810
"12370_10",0.952926
"546_3",0.021760
"11818_8",0.994830
"9426_7",0.953492
"1524_3",0.007303
"6486_3",0.018247
"5288_3",0.056288
"6797_3",0.012019
"8130_4",0.081776
"4064_1",0.007696
"4832_1",0.016625
"7232_1",0.006771
"7279_3",0.028463
"8356_3",0.027664
"3556_4",0.327628
"4097_7",0.991716
"7801_1",0.045522
"8393_1",0.016561
"5847_7",0.989430
"4470_4",0.018212
"6922_3",0.004896
"1094_7",0.929440
"10740_10",0.992837
"4933_8",0.981076
"7794_10",0.982922
"7218_1",0.011486
"12470_7",0.873269
"2980_7",0.992496
"10896_4",0.043978
"8652_8",0.946597
"3638_4",0.005374
"9497_3",0.455138
"9266_8",0.988403
"7392_9",0.984366
"10_7",0.826502
"2466_7",0.882529
"1612_2",0.033908
"10262_7",0.992539
"2193_4",0.030821
"179_10",0.991204
"6025_4",0.173708
"7633_7",0.835618
"9716_1",0.007621
"9487_10",0.983101
"9800_9",0.990839
"6424_8",0.992975
"835_4",0.010934
"11351_4",0.004963
"5508_2",0.013915
"12395_1",0.011376
"11986_7",0.960621
"9947_3",0.110231
"11529_8",0.993950
"93_1",0.007403
"9914_8",0.985257
"7953_9",0.988624
"9418_2",0.011542
"9089_8",0.972519
"10337_10",0.988085
"4440_1",0.014743
"890_1",0.003497
"6965_3",0.007703
"6540_7",0.994214
"7693_10",0.951549
"6470_2",0.012908
"9262_3",0.013597
"1901_10",0.276642
"5107_10",0.993624
"6013_3",0.015321
"9295_3",0.036978
"3450_9",0.989612
"820_9",0.991985
"3207_10",0.995752
"2620_9",0.982873
"9175_1",0.012206
"3058_3",0.040922
"4648_2",0.026406
"2012_9",0.980599
"8131_1",0.006266
"4808_4",0.702887
"9182_7",0.974653
"6829_3",0.006364
"10736_3",0.012821
"12347_10",0.929248
"9973_9",0.995217
"5320_4",0.009812
"4462_2",0.009003
"2573_10",0.984109
"5580_1",0.004655
"11771_1",0.016996
"10782_2",0.020587
"7719_3",0.017326
"1897_10",0.902093
"8797_8",0.982840
"5464_10",0.983231
"6480_1",0.005533
"10346_4",0.004574
"9386_7",0.970992
"1027_4",0.430821
"11905_10",0.991732
"7804_10",0.991015
"1491_1",0.033558
"6521_1",0.012772
"11835_1",0.002715
"9661_3",0.006217
"9476_7",0.673554
"1398_8",0.971266
"7373_2",0.010014
"10278_7",0.983085
"1422_4",0.065905
"2823_1",0.050424
"2691_3",0.006438
"5825_4",0.044932
"4113_1",0.007666
"10081_10",0.902050
"6700_1",0.005957
"4482_3",0.140513
"652_8",0.920290
"5364_3",0.007741
"2853_7",0.978281
"4328_10",0.973820
"2636_7",0.840521
"10850_10",0.992525
"12059_1",0.003907
"4135_8",0.976490
"6311_2",0.009440
"12379_3",0.011732
"7288_4",0.025834
"1463_9",0.957358
"2112_7",0.978570
"3942_8",0.994225
"7693_1",0.004451
"2451_10",0.985286
"11441_10",0.959497
"11331_8",0.968291
"7233_2",0.006904
"649_2",0.076891
"6388_10",0.993783
"3861_10",0.937211
"4188_10",0.976935
"10556_10",0.990892
"5855_4",0.124054
"7153_2",0.006577
"9710_2",0.008356
"7607_10",0.987055
"4534_7",0.182426
"11074_1",0.003938
"9650_7",0.993574
"10921_4",0.096365
"6121_1",0.030589
"10458_1",0.005523
"9602_1",0.028409
"9693_3",0.135919
"9188_3",0.642972
"6333_9",0.991875
"8905_10",0.992583
"1335_7",0.984956
"11513_10",0.993474
"6925_10",0.985635
"10928_10",0.989161
"12454_1",0.012444
"6286_10",0.991289
"5163_10",0.982474
"10200_7",0.986337
"3501_10",0.991636
"6574_3",0.013611
"5169_1",0.012289
"2640_8",0.982641
"7117_10",0.992510
"3569_3",0.036873
"9810_10",0.890437
"2080_2",0.006121
"3437_2",0.055362
"7503_8",0.982524
"3753_3",0.016545
"10868_1",0.005820
"12385_10",0.312973
"11870_8",0.988580
"6694_9",0.993938
"11824_10",0.993985
"1750_4",0.291939
"572_10",0.782787
"970_4",0.011766
"12211_10",0.736969
"6972_7",0.994989
"1554_1",0.064890
"8868_7",0.925970
"501_1",0.006121
"2023_1",0.004682
"4272_3",0.009746
"2536_10",0.951278
"2819_7",0.501892
"1810_1",0.003693
"11364_3",0.042802
"6086_1",0.007563
"1901_3",0.012674
"2847_3",0.009927
"6224_1",0.007317
"4305_1",0.010023
"3685_3",0.005070
"6292_2",0.014023
"10626_8",0.993722
"10721_4",0.033812
"8086_9",0.982840
"7886_8",0.993333
"6601_2",0.008882
"3806_8",0.979842
"2611_1",0.006944
"1696_10",0.914901
"3823_10",0.896976
"6917_4",0.063773
"9469_4",0.039048
"9498_9",0.944434
"11046_1",0.003945
"6519_9",0.955486
"10676_8",0.970212
"3139_9",0.993359
"1098_9",0.991489
"2588_8",0.657373
"9924_1",0.005160
"2131_3",0.063135
"236_3",0.024775
"5390_2",0.019475
"11292_10",0.985759
"4149_8",0.985286
"610_1",0.027118
"10184_1",0.011299
"9123_3",0.055720
"3220_3",0.016964
"9124_2",0.014365
"9103_1",0.051942
"2896_10",0.989055
"8478_1",0.004477
"11845_2",0.025957
"3646_1",0.219588
"12254_7",0.978073
"857_7",0.985356
"592_3",0.038829
"1276_9",0.990064
"5096_10",0.989034
"10725_1",0.006121
"8426_4",0.196441
"10244_2",0.006680
"4786_9",0.952131
"8358_7",0.865508
"5266_7",0.908130
"3581_10",0.987326
"12349_1",0.129293
"3429_4",0.025035
"9807_9",0.980543
"6631_2",0.034391
"4981_1",0.005374
"273_1",0.005427
"733_7",0.947527
"4982_3",0.010298
"2347_10",0.987759
"6263_10",0.971564
"3699_9",0.969237
"2270_8",0.994467
"8095_10",0.992554
"3347_8",0.977693
"4161_4",0.014227
"3331_3",0.008908
"6845_3",0.011744
"9272_4",0.584019
"997_7",0.988425
"1798_10",0.983311
"4262_10",0.993636
"4868_7",0.972598
"7487_1",0.008720
"8262_10",0.989811
"12397_1",0.007191
"4786_4",0.006027
"3240_9",0.991101
"10992_10",0.988177
"8209_1",0.017476
"6089_10",0.994445
"9735_7",0.969671
"2554_4",0.080538
"8995_10",0.995426
"5732_4",0.059319
"1088_8",0.989850
"12345_4",0.007831
"9364_4",0.814643
"12348_1",0.015087
"3311_2",0.012564
"6707_4",0.012674
"7048_7",0.985172
"9736_4",0.169028
"2975_10",0.992961
"982_4",0.034980
"3227_4",0.035948
"5185_1",0.015785
"2131_8",0.983407
"6941_8",0.992892
"11936_8",0.926636
"2383_8",0.738245
"3057_9",0.976891
"8058_1",0.005220
"4622_8",0.979393
"2208_10",0.577257
"12144_8",0.935817
"2737_10",0.992496
"3550_3",0.331282
"2789_8",0.987568
"11757_9",0.993189
"10676_4",0.304067
"2855_2",0.005957
"2740_3",0.008380
"8609_7",0.974337
"2147_4",0.040961
"8093_2",0.019179
"10335_1",0.010787
"1098_4",0.004820
"6255_10",0.842604
"7276_1",0.009241
"11301_10",0.992892
"1334_3",0.067855
"8983_9",0.985398
"1694_1",0.024540
"9658_1",0.005323
"8438_8",0.988820
"536_3",0.008078
"7074_10",0.975390
"1992_2",0.012444
"5040_8",0.974556
"753_2",0.014857
"7967_4",0.037117
"3763_2",0.023331
"3953_2",0.005877
"3351_4",0.346189
"1704_8",0.979842
"6817_10",0.991389
"11914_4",0.179963
"12071_10",0.939858
"6969_4",0.073132
"11992_1",0.013956
"11532_4",0.122313
"5253_9",0.990197
"5596_9",0.982271
"6560_1",0.018021
"8082_1",0.006654
"864_2",0.037222
"5929_8",0.100746
"10217_4",0.008125
"11277_4",0.070945
"10701_10",0.902007
"1245_8",0.980858
"10024_9",0.904777
"3344_1",0.026989
"12006_10",0.986739
"1031_1",0.026456
"665_10",0.992334
"10460_1",0.017309
"7038_9",0.820469
"7843_8",0.992823
"5095_9",0.977883
"11426_3",0.021267
"265_9",0.980967
"7163_4",0.026582
"77_2",0.010777
"4709_10",0.991922
"11151_9",0.237930
"2269_1",0.003907
"820_1",0.018264
"1451_7",0.011721
"281_1",0.004166
"6598_1",0.009793
"4341_1",0.010199
"9560_3",0.022781
"4698_1",0.027559
"7408_3",0.015058
"11729_4",0.020371
"11489_3",0.048226
"9711_1",0.012300
"9994_10",0.971833
"586_8",0.979609
"8047_10",0.976691
"4531_7",0.924210
"1293_1",0.010756
"7581_3",0.064124
"5129_4",0.940844
"1748_1",0.010358
"8155_1",0.006157
"8827_7",0.952750
"6616_8",0.984032
"1040_9",0.956594
"10942_1",0.007080
"5306_1",0.003664
"8168_1",0.158369
"291_9",0.994369
"383_9",0.994191
"11908_9",0.982254
"7898_10",0.959762
"4043_2",0.010072
"3376_8",0.130009
"3067_7",0.018815
"11496_8",0.989409
"9885_2",0.054803
"3554_10",0.955610
"2986_3",0.044390
"1332_7",0.915658
"5585_8",0.959762
"5981_3",0.007389
"1556_1",0.006339
"8523_10",0.960473
"11792_1",0.005491
"7610_10",0.992259
"12114_9",0.964018
"8589_1",0.004700
"3898_8",0.986764
"5101_10",0.992000
"9607_1",0.025227
"6673_8",0.992640
"7662_1",0.012348
"2241_1",0.006917
"6674_2",0.008244
"7797_1",0.020004
"6400_2",0.012408
"628_8",0.966726
"4898_4",0.031351
"11592_2",0.061312
"1311_2",0.004232
"5494_3",0.091666
"7067_10",0.971483
"11267_10",0.976129
"6797_10",0.981718
"9987_1",0.005180
"9740_3",0.297853
"6743_1",0.014434
"5302_1",0.007389
"8464_8",0.964254
"7846_4",0.020864
"5990_1",0.005180
"10889_2",0.008594
"11406_8",0.993524
"9093_4",0.039639
"8501_1",0.005200
"8431_4",0.009860
"8076_1",0.077588
"6831_8",0.918553
"984_8",0.985000
"369_1",0.027169
"9668_10",0.992289
"2972_10",0.986598
"5611_1",0.004867
"659_1",0.003907
"6360_7",0.679285
"7628_7",0.520984
"5311_9",0.954816
"2005_10",0.992062
"5396_1",0.004399
"1308_3",0.009718
"4737_3",0.146026
"8042_1",0.005220
"11585_3",0.043164
"1182_2",0.010140
"2581_9",0.993867
"10496_1",0.005843
"3561_7",0.965932
"8272_1",0.009812
"6571_4",0.052765
"3125_7",0.993807
"9120_3",0.008495
"12220_1",0.005664
"5783_3",0.009495
"105_8",0.980636
"11885_9",0.982889
"11317_1",0.009888
"7999_7",0.985300
"5800_7",0.968974
"2811_8",0.249356
"7381_9",0.923592
"9828_7",0.945450
"7849_4",0.181953
"8174_4",0.012784
"9320_1",0.002758
"5747_7",0.965218
"11097_3",0.020430
"6472_2",0.017392
"1200_10",0.977820
"10125_4",0.014323
"5422_10",0.979136
"9889_9",0.994423
"7370_2",0.009756
"696_4",0.108378
"8609_4",0.285970
"11850_7",0.844281
"889_7",0.549157
"8695_2",0.012077
"4944_1",0.006837
"6899_8",0.990803
"3388_10",0.992229
"1051_1",0.022586
"431_2",0.010871
"2353_1",0.328543
"5131_3",0.007094
"482_9",0.990514
"1283_10",0.994467
"10884_1",0.005900
"221_9",0.971347
"8688_3",0.008720
"9891_10",0.994626
"705_10",0.967256
"5604_1",0.004503
"4960_3",0.004858
"12439_1",0.004691
"8897_1",0.006890
"3549_8",0.938350
"7301_7",0.965706
"8183_3",0.255855
"7751_10",0.994880
"9084_9",0.502441
"3048_1",0.011766
"8443_1",0.008511
"3373_3",0.014351
"3867_4",0.079997
"604_3",0.010348
"2162_1",0.013493
"4367_9",0.958187
"10255_10",0.993549
"1909_9",0.966124
"1446_3",0.005261
"1247_1",0.003847
"2703_1",0.039012
"921_1",0.005385
"156_9",0.981203
"7516_4",0.823044
"6155_4",0.018073
"8991_3",0.027403
"3813_3",0.024446
"551_4",0.010179
"12326_1",0.006339
"5102_3",0.988313
"10901_3",0.005992
"1517_1",0.003795
"8762_10",0.986403
"1282_10",0.994541
"2531_9",0.991668
"7764_8",0.939304
"2906_8",0.989771
"6730_7",0.216715
"7749_9",0.993372
"7765_3",0.012206
"12412_7",0.983723
"582_4",0.045777
"5792_1",0.008788
"2174_7",0.760339
"7605_10",0.993069
"2721_1",0.049866
"2151_10",0.990642
"8152_1",0.008495
"6488_7",0.988820
"9446_8",0.956594
"10617_8",0.981058
"12455_2",0.353958
"7377_10",0.990329
"11891_2",0.107017
"4319_4",0.086362
"1050_9",0.953579
"9109_2",0.008788
"10500_1",0.006890
"11749_7",0.992753
"12250_2",0.021948
"1193_2",0.026280
"8313_8",0.972310
"8918_4",0.012649
"7122_10",0.989389
"6210_8",0.976957
"10050_8",0.977522
"4921_10",0.989592
"1857_7",0.728579
"9718_10",0.992767
"2482_1",0.012933
"2624_1",0.015634
"3284_2",0.003081
"11435_3",0.027455
"10971_7",0.993385
"2606_4",0.393531
"7540_9",0.994531
"10929_4",0.893356
"8566_8",0.932145
"4693_1",0.009143
"1281_2",0.003483
"267_1",0.005934
"2133_10",0.975785
"6762_8",0.985868
"1043_9",0.988108
"2812_4",0.008332
"6981_4",0.010199
"4038_9",0.965932
"4256_10",0.986244
"8206_1",0.009793
"2060_2",0.031709
"7372_1",0.005210
"732_3",0.007475
"5367_7",0.864368
"9765_10",0.990025
"8843_4",0.066630
"9723_10",0.974362
"11966_8",0.965576
"5087_8",0.985923
"9379_9",0.991322
"9615_2",0.018996
"991_7",0.982457
"4461_4",0.042206
"5857_1",0.024307
"2358_3",0.009090
"5247_10",0.916596
"12430_8",0.862641
"5943_4",0.014282
"11917_10",0.956186
"4144_4",0.192615
"3128_7",0.983597
"5152_10",0.989948
"8028_1",0.012229
"788_1",0.009029
"9552_2",0.342578
"12051_4",0.026632
"701_4",0.034619
"5738_7",0.761849
"5953_1",0.006654
"3694_10",0.985718
"12371_10",0.993843
"650_10",0.985029
"3772_8",0.980784
"3919_9",0.978281
"12420_10",0.992452
"6164_1",0.007121
"12202_10",0.992364
"4142_3",0.024076
"285_4",0.014392
"9190_4",0.045142
"9297_10",0.980618
"2857_1",0.009541
"5576_10",0.988842
"7603_1",0.002632
"1987_10",0.992837
"6978_1",0.004858
"2390_3",0.010268
"662_4",0.013624
"7957_1",0.028221
"3009_2",0.018370
"9574_1",0.005523
"703_2",0.095013
"11871_4",0.016931
"8056_2",0.015029
"11468_2",0.023353
"7549_10",0.985115
"4506_1",0.011453
"160_1",0.007771
"2400_1",0.175644
"146_8",0.992961
"1174_7",0.993996
"1623_2",0.019142
"2909_1",0.004963
"9284_3",0.043285
"753_7",0.930584
"456_1",0.019253
"329_1",0.009831
"1996_10",0.989055
"7468_10",0.994236
"11219_3",0.688338
"5749_8",0.980337
"1563_2",0.022095
"9713_8",0.991221
"12467_2",0.008745
"5686_2",0.003286
"6424_2",0.007177
"11137_10",0.987005
"5613_7",0.982574
"2113_2",0.010892
"8623_8",0.723163
"2086_10",0.986058
"6846_8",0.984456
"3230_2",0.012124
"4973_4",0.008822
"2935_2",0.008156
"12176_1",0.026582
"6272_9",0.105579
"728_10",0.951051
"9843_2",0.004348
"4897_2",0.179710
"12121_3",0.005911
"11934_4",0.020804
"1453_2",0.016122
"9676_9",0.993069
"3072_10",0.992823
"6667_2",0.948585
"8932_9",0.995462
"9452_10",0.986218
"953_2",0.013441
"3268_3",0.154185
"6276_1",0.003524
"2522_3",0.028626
"2630_10",0.966695
"2031_10",0.991668
"3754_10",0.787032
"10791_1",0.017935
"7755_3",0.069922
"11180_10",0.985882
"8020_9",0.974821
"3767_4",0.962953
"3519_10",0.984321
"8180_9",0.980747
"11639_4",0.258888
"7540_2",0.008569
"4746_1",0.007121
"4027_1",0.008054
"952_1",0.012613
"4070_1",0.825590
"8346_1",0.044848
"1499_9",0.965381
"1601_4",0.016029
"1698_1",0.012760
"3055_3",0.050658
"7744_1",0.011255
"3183_8",0.993819
"9482_1",0.007403
"3712_4",0.189184
"9260_4",0.941654
"10042_1",0.015968
"3873_3",0.009170
"11273_10",0.961461
"2918_1",0.204580
"1292_3",0.008644
"1837_2",0.012408
"4650_4",0.033908
"8686_4",0.030821
"11307_8",0.920504
"10044_2",0.003802
"12035_1",0.006904
"2259_9",0.993385
"6582_1",0.063077
"10194_1",0.007108
"7932_10",0.977436
"8064_8",0.993372
"5017_4",0.334345
"6456_9",0.933309
"10768_8",0.960287
"9479_10",0.983863
"9734_4",0.042444
"2245_1",0.020391
"7275_3",0.020023
"1193_10",0.993537
"3883_4",0.007533
"5456_3",0.659693
"10014_2",0.009850
"8045_9",0.991221
"9093_7",0.993150
"9971_1",0.018264
"1052_3",0.023153
"10952_1",0.003900
"3449_7",0.068040
"2488_1",0.036016
"8422_3",0.024727
"1541_10",0.973993
"11863_1",0.004460
"10102_2",0.009946
"3838_9",0.968974
"8538_3",0.049314
"12432_1",0.012171
"6339_10",0.982906
"1860_10",0.992865
"11402_1",0.009927
"10770_2",0.016931
"8046_8",0.992016
"2748_3",0.181807
"361_9",0.924620
"8427_10",0.990459
"11792_10",0.955569
"10331_9",0.988668
"3506_1",0.008951
"7374_7",0.973011
"5658_9",0.960361
"7170_2",0.160332
"6144_1",0.005577
"5035_7",0.991406
"4566_3",0.016673
"9544_1",0.002305
"1959_9",0.966442
"2390_9",0.982922
"4960_9",0.993985
"3425_2",0.012206
"4000_10",0.994169
"12418_3",0.016137
"9771_10",0.992781
"621_7",0.981329
"3510_1",0.005416
"6893_7",0.630447
"3680_9",0.991780
"3118_9",0.974725
"5433_7",0.965964
"8381_9",0.994615
"10205_10",0.981753
"1437_1",0.009422
"5675_2",0.014145
"1597_7",0.951863
"1549_1",0.016866
"11391_10",0.984396
"12101_8",0.993973
"9356_8",0.994445
"10128_1",0.006217
"11249_4",0.079782
"12441_2",0.008959
"7486_2",0.057388
"4905_9",0.992626
"5441_1",0.020685
"2613_10",0.963472
"10351_3",0.105395
"10459_10",0.968709
"2565_8",0.991700
"1338_1",0.006958
"823_7",0.945951
"8924_7",0.990839
"1382_10",0.993512
"4150_7",0.271831
"6004_8",0.969642
"2508_10",0.991969
"10935_8",0.975202
"692_7",0.980487
"7778_10",0.984605
"2016_10",0.989948
"1042_3",0.022436
"7823_1",0.005120
"149_1",0.007275
"5551_3",0.011609
"366_8",0.991015
"3483_10",0.993612
"278_1",0.006771
"9951_4",0.108095
"2731_10",0.974941
"4403_10",0.993499
"5307_1",0.009012
"8185_9",0.990102
"11059_8",0.979315
"10273_10",0.989948
"5336_4",0.015952
"5147_7",0.934574
"1525_1",0.013083
"8507_7",0.965835
"8501_10",0.989692
"2424_2",0.021760
"8959_9",0.994157
"11318_8",0.969671
"1270_8",0.986098
"1655_1",0.003992
"10161_1",0.010082
"8531_10",0.889000
"9144_4",0.018194
"1201_2",0.064890
"11822_10",0.975225
"11486_3",0.006864
"8038_10",0.989967
"1981_2",0.063599
"11901_10",0.987399
"5441_9",0.994247
"11709_9",0.977154
"9333_8",0.979551
"7881_3",0.012995
"2815_9",0.992214
"3251_3",0.006931
"1792_3",0.020745
"8625_2",0.034750
"4221_3",0.524882
"2742_10",0.987520
"11118_4",0.151529
"11613_3",0.022222
"6104_1",0.007163
"3046_1",0.004118
"8729_4",0.030015
"1827_10",0.988154
"762_7",0.933734
"8855_2",0.002373
"7573_3",0.019271
"8616_4",0.020081
"4830_7",0.986244
"6646_1",0.007854
"8746_4",0.335786
"1875_7",0.978975
"1221_10",0.990459
"11842_2",0.003847
"3002_1",0.008487
"5776_1",0.006931
"5479_10",0.993487
"6034_4",0.053800
"10984_1",0.040884
"12043_2",0.009259
"4961_8",0.991187
"9601_10",0.540651
"2216_4",0.014406
"1189_10",0.994573
"8461_4",0.011542
"2575_10",0.992123
"3782_1",0.010735
"8927_8",0.992481
"7006_4",0.007938
"6103_7",0.985552
"3218_10",0.993831
"797_10",0.972310
"76_4",0.427046
"9497_7",0.912358
"9637_1",0.006654
"1070_10",0.994247
"9732_10",0.007756
"8144_3",0.029284
"6247_10",0.984456
"10230_7",0.991748
"10731_3",0.010479
"740_8",0.865338
"2145_8",0.982271
"834_8",0.949623
"6621_10",0.982922
"1749_4",0.185726
"5730_10",0.994054
"11167_4",0.021226
"1106_9",0.853974
"8152_10",0.991456
"11968_8",0.776665
"7728_9",0.992334
"237_1",0.015709
"10754_1",0.008890
"1055_10",0.993735
"65_7",0.965738
"4092_3",0.013159
"3337_7",0.969699
"3163_8",0.866133
"7645_1",0.004764
"10883_1",0.010520
"4597_7",0.984971
"11850_1",0.026887
"1025_10",0.985314
"11908_2",0.033653
"7838_4",0.174164
"7725_7",0.979176
"8146_9",0.986376
"3741_8",0.990496
"323_2",0.029507
"8244_3",0.004867
"4593_1",0.007053
"6902_1",0.007261
"1791_1",0.008085
"11490_10",0.943243
"4200_1",0.006266
"1611_2",0.019663
"3215_10",0.988992
"5864_10",0.011464
"3776_1",0.065545
"6356_9",0.988222
"9139_10",0.993938
"5115_10",0.992947
"3064_10",0.992304
"149_9",0.993512
"2873_3",0.008340
"3790_1",0.005011
"3136_9",0.993950
"1696_3",0.022737
"4961_2",0.025517
"11918_10",0.983247
"3663_10",0.994203
"8115_3",0.017815
"3690_8",0.864196
"11431_1",0.008046
"3830_10",0.993461
"11896_10",0.993203
"8753_10",0.931275
"10121_1",0.157525
"1142_7",0.863737
"7188_7",0.976175
"7044_1",0.003722
"11750_4",0.013261
"7688_10",0.968231
"12292_10",0.990292
"5533_1",0.117927
"4147_4",0.012480
"8515_2",0.009259
"10756_3",0.050144
"11899_10",0.977564
"11867_2",0.008754
"7814_8",0.980034
"1855_10",0.995399
"10357_2",0.007080
"5218_1",0.080864
"6641_9",0.984575
"5777_10",0.993372
"11982_1",0.006015
"10980_10",0.982356
"8585_8",0.992304
"941_2",0.008925
"1697_7",0.965316
"9872_8",0.980375
"2377_4",0.003961
"2033_8",0.986071
"5864_1",0.019890
"4295_7",0.993307
"2610_1",0.005261
"1730_10",0.985257
"11095_8",0.967194
"1699_8",0.981113
"344_9",0.992437
"7136_3",0.004774
"2402_10",0.973944
"472_10",0.993320
"170_7",0.975923
"7019_1",0.025638
"11798_10",0.990768
"7549_2",0.003907
"8414_10",0.955527
"573_3",0.029063
"6678_1",0.039676
"10002_3",0.007346
"3905_3",0.322806
"1849_4",0.132795
"7959_2",0.010622
"597_4",0.069922
"2719_8",0.983925
"10519_1",0.006564
"6112_1",0.016802
"1322_9",0.991922
"12415_8",0.974701
"6727_1",0.014172
"12393_1",0.004556
"8545_9",0.990786
"528_7",0.979570
"12267_8",0.941331
"5842_10",0.948775
"8471_2",0.005620
"3912_9",0.985014
"4831_8",0.972985
"5767_3",0.008669
"10631_9",0.974092
"8069_8",0.993759
"190_9",0.991289
"12343_7",0.991356
"645_1",0.007191
"10326_1",0.005180
"11271_9",0.912670
"11808_8",0.987472
"3200_2",0.014828
"4518_2",0.007403
"8307_2",0.007636
"2057_10",0.991153
"3705_1",0.007177
"11581_7",0.992229
"11777_9",0.969556
"1367_3",0.016609
"12248_9",0.985635
"2994_8",0.992408
"5170_1",0.005877
"8781_7",0.739187
"9137_1",0.007946
"9970_4",0.021574
"3412_7",0.580174
"9399_1",0.008380
"7917_8",0.862004
"1157_1",0.005416
"12489_10",0.987568
"5365_8",0.991422
"9295_10",0.967839
"11505_1",0.005240
"8647_4",0.010014
"6609_2",0.015410
"6859_1",0.050705
"2436_10",0.968679
"4255_4",0.651833
"12347_1",0.030938
"4237_4",0.011915
"11687_10",0.994008
"2964_7",0.444263
"2836_4",0.028248
"1944_4",0.260860
"3218_1",0.012710
"2752_10",0.990874
"9994_3",0.008324
"11566_8",0.983518
"5741_10",0.992961
"7127_10",0.991668
"11864_2",0.004905
"5159_9",0.984351
"658_3",0.016387
"10177_3",0.020685
"4843_1",0.003416
"1441_1",0.069605
"2741_2",0.006798
"6045_3",0.015499
"7020_8",0.988734
"2120_1",0.026081
"2336_1",0.013248
"10167_9",0.993474
"10251_3",0.003884
"9335_4",0.029396
"6670_3",0.060808
"9937_7",0.337319
"3258_7",0.954393
"3234_7",0.980858
"3601_1",0.004718
"5635_9",0.927888
"11427_7",0.904566
"3349_4",0.020139
"1334_10",0.974845
"10474_10",0.991522
"2361_10",0.968471
"1471_2",0.012492
"10705_10",0.994281
"10559_7",0.988690
"3070_10",0.976310
"10087_1",0.012983
"1952_7",0.927822
"682_9",0.960952
"6576_10",0.974988
"956_3",0.021451
"3960_1",0.006401
"62_2",0.010601
"3200_8",0.975390
"2127_1",0.343610
"6878_9",0.982541
"1600_10",0.973894
"11995_7",0.833053
"5239_2",0.006217
"6018_7",0.985977
"9185_1",0.022955
"4707_7",0.918845
"12407_10",0.990025
"5831_10",0.990478
"2264_7",0.971320
"7226_8",0.981022
"6337_7",0.932330
"5047_3",0.950227
"228_10",0.990006
"4230_1",0.007651
"4058_8",0.988624
"5634_4",0.009699
"11680_1",0.016231
"1320_9",0.985440
"12461_8",0.988222
"10076_10",0.978549
"9170_8",0.992000
"4519_10",0.989034
"5906_2",0.007461
"2065_8",0.886617
"8453_10",0.987616
"262_1",0.004223
"454_10",0.984635
"11532_8",0.992739
"8169_2",0.117420
"6873_8",0.984531
"10061_4",0.054601
"11565_4",0.086478
"258_1",0.014064
"5896_1",0.007191
"4395_1",0.005877
"3774_1",0.005820
"12340_8",0.992510
"7497_8",0.994423
"4321_2",0.023442
"6258_2",0.004934
"3950_1",0.006577
"9998_8",0.993843
"3524_8",0.964254
"2003_10",0.981076
"10366_3",0.006513
"2602_10",0.939192
"8684_8",0.986271
"12268_9",0.994146
"4846_8",0.994031
"5969_1",0.060808
"173_4",0.010219
"2790_10",0.991456
"2637_1",0.014743
"10239_1",0.010798
"5120_9",0.991118
"3802_10",0.979136
"6897_7",0.108142
"8478_9",0.994270
"2441_4",0.658747
"4827_1",0.017661
"4326_1",0.008636
"252_3",0.016356
"7201_8",0.955527
"801_2",0.095729
"10008_4",0.043285
"6740_10",0.981841
"674_3",0.448155
"6341_9",0.983518
"1882_7",0.979255
"10843_10",0.987472
"1593_4",0.076339
"3592_1",0.065306
"4658_4",0.038647
"2564_2",0.013134
"7229_9",0.992000
"4186_1",0.004849
"10227_3",0.007261
"4580_3",0.008553
"10367_3",0.029788
"10034_9",0.989652
"6834_10",0.992199
"11326_9",0.983214
"4683_1",0.016372
"5596_1",0.005911
"4238_3",0.008890
"11881_10",0.969642
"11910_2",0.089813
"934_1",0.013942
"3660_8",0.989572
"365_1",0.004399
"3677_9",0.981436
"6522_10",0.741487
"3167_10",0.985990
"6104_10",0.975414
"2584_2",0.040276
"4264_8",0.993587
"5648_9",0.977841
"1863_9",0.994123
"7464_10",0.988380
"7643_8",0.994830
"7030_10",0.994191
"2768_2",0.010581
"3845_1",0.006062
"11590_10",0.994157
"8578_3",0.055720
"8733_9",0.991118
"4099_1",0.007801
"5810_1",0.015754
"442_3",0.013480
"1374_9",0.980876
"7704_10",0.770508
"4526_1",0.010358
"2978_8",0.991812
"3096_1",0.006971
"1589_9",0.991875
"11197_7",0.975600
"6751_8",0.987520
"10043_10",0.993867
"4045_2",0.004223
"7706_8",0.934932
"1876_10",0.976401
"4224_9",0.981221
"10833_1",0.005609
"11549_10",0.991187
"7081_8",0.992289
"6410_8",0.835618
"10609_9",0.991067
"9910_1",0.012265
"4474_7",0.971211
"9775_9",0.961461
"9245_10",0.971537
"11514_8",0.992697
"3182_4",0.171061
"3127_3",0.036769
"7311_1",0.019161
"4266_10",0.990496
"12410_10",0.989223
"7548_1",0.027848
"10446_2",0.020255
"4854_2",0.006109
"1152_8",0.991101
"11660_4",0.089534
"3452_2",0.005675
"2401_7",0.972960
"11703_7",0.992906
"4053_2",0.004764
"4882_9",0.964456
"8050_7",0.617478
"9053_4",0.191971
"12313_10",0.993759
"12085_1",0.010398
"2130_2",0.005653
"8499_10",0.988380
"9230_3",0.038575
"2697_10",0.990803
"7682_3",0.012698
"1473_7",0.343806
"3124_4",0.005080
"10694_10",0.968768
"11541_9",0.974166
"7033_10",0.994054
"305_10",0.993747
"12164_8",0.976490
"7594_2",0.154695
"2101_3",0.018493
"9579_2",0.039012
"1482_4",0.772702
"4362_1",0.010072
"1263_9",0.989850
"2543_9",0.987829
"8642_1",0.030968
"229_1",0.050237
"12045_10",0.992626
"810_9",0.992408
"5188_7",0.906570
"2690_1",0.003299
"922_3",0.005764
"10957_10",0.989751
"9275_3",0.027611
"7289_10",0.990606
"1809_2",0.005395
"11846_1",0.158956
"5888_10",0.992364
"1506_7",0.993397
"6255_1",0.005544
"4995_7",0.979629
"2423_1",0.008148
"4030_8",0.985370
"4839_7",0.948822
"364_1",0.004905
"3510_9",0.985649
"2092_10",0.965250
"600_1",0.005427
"5490_9",0.992289
"9442_8",0.976647
"5330_8",0.968201
"10858_10",0.993831
"2746_8",0.982856
"848_9",0.805556
"6713_1",0.079746
"8274_10",0.908942
"2507_1",0.006904
"4558_1",0.005343
"957_2",0.007938
"11667_8",0.974362
"2374_2",0.009340
"8156_1",0.092442
"1080_8",0.993056
"11274_8",0.465843
"12467_10",0.990064
"5941_1",0.936343
"6205_1",0.008864
"4517_9",0.994391
"102_4",0.016153
"6022_8",0.971156
"10054_3",0.009082
"3907_3",0.009860
"5232_8",0.986429
"10064_2",0.156105
"6529_1",0.030997
"11003_1",0.005170
"9151_7",0.987993
"6612_8",0.994270
"12189_10",0.961498
"6510_2",0.016882
"3129_7",0.982856
"7864_2",0.043773
"11603_3",0.426799
"10741_9",0.990803
"2235_7",0.974604
"2125_2",0.015709
"2050_10",0.993587
"8397_1",0.005302
"5275_1",0.121581
"7755_10",0.993150
"12065_4",0.944638
"269_8",0.979136
"1933_2",0.129018
"9182_3",0.312658
"3153_10",0.990025
"3922_7",0.969266
"2674_3",0.013364
"7407_4",0.009440
"737_7",0.889816
"5223_1",0.011354
"10937_1",0.048858
"9026_4",0.106133
"1564_8",0.990348
"1724_10",0.980167
"1224_3",0.255994
"8536_4",0.027221
"11215_8",0.820829
"3063_10",0.965738
"9559_9",0.309963
"5165_2",0.009985
"9396_1",0.013597
"6404_1",0.003671
"6019_1",0.381500
"7249_8",0.986904
"1765_1",0.003650
"7685_4",0.938688
"8196_10",0.993879
"11749_1",0.013096
"1257_10",0.985814
"3488_8",0.994043
"8605_8",0.975507
"6697_4",0.010530
"11540_1",0.015277
"6262_4",0.099164
"1998_8",0.939304
"3019_1",0.007831
"1087_2",0.028008
"8356_8",0.827410
"10036_10",0.966347
"10547_10",0.986828
"2562_1",0.015204
"5096_3",0.015044
"12128_1",0.030560
"2574_10",0.976015
"10144_8",0.989511
"3678_1",0.007317
"2579_2",0.021226
"6695_7",0.501770
"1465_7",0.974653
"11846_9",0.984913
"1219_9",0.993783
"4936_9",0.990197
"12382_4",0.521441
"8807_1",0.009250
"7700_1",0.012360
"4209_8",0.975484
"10178_10",0.860428
"9835_8",0.986828
"161_3",0.004982
"670_3",0.008133
"7158_10",0.977778
"9502_4",0.025275
"9880_1",0.007289
"39_3",0.315222
"11161_9",0.983971
"12026_9",0.992597
"4439_3",0.005957
"8303_10",0.969985
"408_7",0.983263
"1065_9",0.986231
"5188_2",0.005980
"929_10",0.989731
"4765_7",0.991684
"2117_4",0.081593
"6653_4",0.012995
"2342_1",0.009047
"8445_1",0.005730
"1708_1",0.003517
"7995_10",0.989889
"1104_4",0.021760
"3847_1",0.053403
"7276_10",0.992906
"11269_7",0.350303
"3158_1",0.025541
"11061_1",0.008528
"851_7",0.374998
"8214_2",0.012348
"9174_1",0.024775
"7040_3",0.012528
"4082_4",0.045142
"3553_8",0.797123
"6733_10",0.977263
"4910_3",0.042722
"10149_1",0.005416
"5609_4",0.008711
"4174_3",0.019644
"9213_1",0.011387
"2881_9",0.981076
"1408_3",0.060808
"10832_1",0.182753
"7216_3",0.028194
"9905_10",0.993002
"9050_3",0.051368
"3789_4",0.071461
"6490_8",0.974264
"7649_7",0.989948
"6901_8",0.991101
"11597_9",0.993698
"3259_1",0.014729
"5936_3",0.006388
"1214_2",0.147065
"2840_1",0.009117
"1956_10",0.990197
"2392_2",0.018370
"239_9",0.983597
"6860_8",0.957078
"1716_9",0.980262
"9595_10",0.866246
"1630_1",0.034881
"11293_3",0.015073
"8288_10",0.975060
"6618_7",0.978052
"12378_1",0.056757
"11560_1",0.007205
"12124_8",0.996055
"486_10",0.987711
"6654_3",0.013862
"6915_10",0.934515
"8773_1",0.137070
"10211_4",0.083703
"5769_9",0.991135
"10038_4",0.010581
"3737_9",0.993216
"11512_1",0.025638
"8025_7",0.904735
"397_7",0.865679
"10670_9",0.955444
"11648_4",0.028087
"10361_1",0.005220
"12439_8",0.988335
"9958_8",0.993448
"8659_1",0.007261
"12400_1",0.025687
"10680_7",0.886076
"2435_10",0.953232
"5506_4",0.021492
"9025_3",0.039937
"5749_4",0.010150
"5090_1",0.005992
"2688_9",0.994520
"8397_10",0.994499
"8610_8",0.934813
"9398_10",0.980034
"5144_10",0.989889
"10797_10",0.993612
"9623_2",0.008951
"3269_8",0.968411
"5480_7",0.924688
"43_1",0.007233
"4156_1",0.015983
"1629_1",0.010179
"6536_10",0.985594
"8384_1",0.023712
"2820_10",0.989632
"7976_3",0.007563
"3745_10",0.360716
"11258_8",0.986585
"7908_7",0.963984
"9166_7",0.962848
"8976_8",0.993242
"3692_1",0.007461
"4937_4",0.200049
"11935_9",0.978135
"7722_7",0.941868
"8757_4",0.010358
"1218_10",0.990874
"3620_8",0.189071
"9017_4",0.008890
"8300_3",0.046725
"11325_4",0.064300
"1093_8",0.990678
"166_4",0.044848
"6088_10",0.993722
"2149_10",0.992851
"4884_9",0.980618
"9786_1",0.009831
"4258_3",0.005753
"9890_1",0.025541
"8911_1",0.046292
"11618_3",0.013261
"4510_1",0.010998
"3173_4",0.137128
"10418_1",0.002998
"8954_1",0.024540
"723_2",0.006253
"1164_1",0.003961
"11404_4",0.007504
"5737_3",0.011040
"10073_3",0.016545
"1900_8",0.680520
"9532_10",0.993562
"839_4",0.017062
"4562_1",0.041114
"3963_3",0.005533
"5220_10",0.818737
"663_9",0.987923
"10156_8",0.984694
"3759_7",0.869604
"5153_4",0.026355
"7580_3",0.011409
"12403_10",0.991603
"4893_8",0.971510
"892_8",0.994510
"79_2",0.005427
"10716_8",0.982574
"11452_7",0.862294
"1214_7",0.922132
"8901_10",0.965348
"12221_10",0.988624
"2055_9",0.992349
"5911_3",0.013956
"10866_3",0.005312
"10063_1",0.012289
"10563_9",0.983534
"11931_8",0.915884
"1180_1",0.010570
"8194_1",0.006098
"7837_4",0.946597
"1876_1",0.007884
"9203_1",0.022651
"10091_1",0.009690
"2434_9",0.976468
"7908_1",0.007961
"8591_4",0.102754
"4222_7",0.820037
"11430_4",0.894789
"757_1",0.031351
"6442_8",0.944791
"10056_8",0.963022
"3179_2",0.024822
"3130_3",0.028571
"11921_7",0.989450
"4139_9",0.995575
"195_10",0.993461
"6286_1",0.046465
"5701_2",0.019364
"7470_8",0.988425
"9205_9",0.981221
"10683_8",0.976333
"672_4",0.588490
"604_10",0.992711
"7757_10",0.989202
"5228_4",0.744424
"3998_10",0.984139
"7444_4",0.832237
"9684_10",0.984738
"8455_7",0.986967
"3989_8",0.986713
"1115_3",0.013415
"6469_4",0.051797
"4524_8",0.564489
"3103_7",0.992510
"3108_8",0.990348
"2219_10",0.985100
"10269_8",0.593506
"838_4",0.044431
"5367_1",0.007563
"9110_10",0.978177
"5736_1",0.005843
"5100_4",0.100834
"3399_4",0.027195
"7575_9",0.987616
"7954_9",0.984708
"870_7",0.992823
"3811_9",0.842539
"8011_9",0.990496
"8172_10",0.988154
"3209_4",0.012147
"7380_10",0.976647
"10210_3",0.040276
"8162_9",0.985950
"10784_9",0.985841
"482_1",0.006931
"1452_9",0.973342
"2686_4",0.052814
"543_8",0.985718
"495_2",0.009152
"2887_9",0.981753
"11780_1",0.009117
"9742_2",0.005555
"1762_1",0.034881
"5264_9",0.989889
"7958_4",0.343775
"6010_10",0.992975
"1284_9",0.980148
"10420_3",0.027350
"7736_7",0.977714
"1178_10",0.986726
"529_10",0.992274
"4063_4",0.008771
"10480_8",0.992393
"2412_2",0.016899
"5206_3",0.128470
"11963_9",0.966600
"663_1",0.015845
"352_4",0.376824
"7504_3",0.086285
"8678_1",0.009927
"2330_2",0.886322
"12282_1",0.057918
"6485_10",0.917820
"9306_1",0.008737
"7468_4",0.023021
"12207_1",0.011676
"6701_7",0.666660
"9861_7",0.903677
"6318_7",0.988492
"11612_1",0.010998
"4800_10",0.674761
"5360_3",0.519978
"4977_4",0.079496
"1678_9",0.918663
"5017_8",0.961929
"3087_9",0.046292
"1915_8",0.922552
"574_10",0.978302
"6062_8",0.987688
"2860_4",0.942188
"1800_4",0.029760
"1928_9",0.993110
"9890_10",0.991489
"12159_8",0.984811
"649_7",0.969266
"8708_1",0.010150
"8181_10",0.989389
"3495_1",0.009376
"11612_10",0.976061
"6919_10",0.982423
"12217_9",0.902136
"9276_4",0.030157
"3520_9",0.990569
"6492_4",0.122052
"3900_2",0.205615
"12298_9",0.990178
"12394_1",0.037538
"4873_8",0.750781
"4797_1",0.009643
"3197_9",0.969671
"2474_10",0.963916
"4042_10",0.994236
"10641_1",0.011631
"10882_2",0.012735
"4803_4",0.039937
"7459_10",0.994180
"1828_1",0.011365
"1718_10",0.994180
"9603_1",0.040999
"940_7",0.335691
"3074_4",0.008544
"8802_10",0.993372
"7180_4",0.007786
"5250_1",0.021226
"2734_7",0.994488
"2354_8",0.959687
"6805_1",0.008437
"11156_4",0.022201
"2734_3",0.120026
"12216_1",0.003636
"660_8",0.979255
"8978_10",0.994369
"6272_1",0.006590
"8294_4",0.008133
"11956_8",0.991554
"3265_1",0.008619
"705_2",0.181227
"9058_9",0.988108
"3582_3",0.020666
"6985_1",0.008890
"5611_9",0.991032
"9491_3",0.132178
"9945_3",0.006603
"1840_10",0.985800
"12280_3",0.016705
"1932_10",0.992047
"8682_10",0.990678
"5418_9",0.983085
"3354_9",0.990478
"8078_3",0.006850
"7747_1",0.012019
"2669_7",0.896614
"9180_7",0.993499
"1320_1",0.009718
"7742_8",0.990422
"6232_9",0.994499
"3459_9",0.993795
"1008_2",0.065247
"7987_8",0.728748
"5078_7",0.952970
"10660_10",0.992640
"10325_2",0.008300
"4951_3",0.012698
"10502_7",0.113040
"7548_9",0.089455
"2870_10",0.963127
"8136_4",0.555254
"9870_8",0.021145
"7588_4",0.016866
"7845_2",0.008771
"10334_7",0.990945
"4860_1",0.010704
"4855_9",0.992364
"1337_10",0.933975
"6403_3",0.008356
"9447_10",0.992123
"4724_3",0.424233
"10895_10",0.990422
"2171_4",0.020666
"5361_9",0.993819
"11056_2",0.004655
"9772_10",0.978631
"5719_8",0.992139
"3050_7",0.538285
"4406_1",0.015174
"9833_4",0.216467
"1217_2",0.006552
"2632_1",0.008260
"3250_1",0.545619
"5130_9",0.991170
"3526_7",0.991796
"2793_3",0.006628
"10708_3",0.151278
"6415_8",0.993268
"11258_2",0.007149
"11451_1",0.023894
"7724_2",0.012277
"4276_4",0.007461
"6058_1",0.005031
"4086_1",0.017594
"3670_8",0.994423
"7125_8",0.983550
"9377_8",0.950365
"763_2",0.042444
"7882_8",0.963780
"757_9",0.957118
"389_1",0.009756
"9102_10",0.984840
"9384_7",0.955651
"5684_8",0.985370
"12090_4",0.044101
"12002_4",0.010150
"5443_7",0.990857
"8782_9",0.992467
"9878_9",0.962918
"9640_1",0.015174
"999_3",0.084568
"6249_3",0.392941
"1656_7",0.991489
"6649_10",0.606360
"4630_1",0.057812
"11300_8",0.941922
"5894_10",0.982971
"3198_1",0.007969
"7924_2",0.191554
"6318_1",0.016609
"8075_2",0.109706
"10005_2",0.283732
"6431_8",0.989034
"635_2",0.015058
"1803_3",0.016577
"5721_4",0.022053
"1116_7",0.991439
"1456_4",0.027901
"51_10",0.993307
"7155_9",0.990732
"929_2",0.006877
"12269_1",0.008101
"10597_1",0.040465
"9005_7",0.979393
"10467_9",0.992452
"2251_9",0.995735
"1977_9",0.981577
"8539_8",0.993056
"2416_1",0.004830
"8508_9",0.948202
"10401_1",0.036391
"12217_2",0.003185
"5484_1",0.018600
"3833_10",0.988358
"465_4",0.022629
"7591_7",0.770939
"11485_9",0.988268
"3728_1",0.007080
"5538_8",0.993926
"10751_4",0.040012
"8883_8",0.973993
"6581_1",0.006985
"5476_1",0.011732
"4338_9",0.991668
"10343_1",0.010160
"2914_10",0.974941
"6103_1",0.757974
"7691_1",0.009662
"3444_3",0.015116
"2397_8",0.991153
"8255_8",0.977001
"1660_1",0.006027
"10154_2",0.926503
"2138_3",0.008316
"9614_3",0.018073
"2682_10",0.989491
"1813_3",0.004619
"10581_3",0.007519
"3733_4",0.012135
"5210_4",0.004078
"11961_8",0.956063
"7928_4",0.007748
"12156_4",0.020371
"11025_4",0.012698
"11233_10",0.990768
"473_1",0.006745
"6648_2",0.005980
"2451_1",0.012360
"7679_2",0.005427
"2954_9",0.979881
"9652_10",0.990642
"724_3",0.694277
"7592_4",0.012674
"7669_9",0.974264
"3816_1",0.011234
"1401_4",0.006426
"8551_2",0.008478
"7901_8",0.990083
"10552_4",0.029563
"330_10",0.989306
"232_4",0.005385
"12351_8",0.910306
"12451_10",0.992199
"5884_9",0.991422
"603_4",0.017392
"3415_7",0.305257
"8727_1",0.105441
"10099_4",0.031949
"7989_10",0.994760
"2329_2",0.015983
"5774_1",0.017160
"8201_3",0.413610
"3491_1",0.004610
"12210_10",0.463687
"7604_8",0.964623
"1676_10",0.986649
"6477_9",0.994066
"2521_10",0.983581
"9140_2",0.007475
"2463_4",0.006667
"587_8",0.983676
"7120_10",0.486332
"7734_10",0.986559
"7322_10",0.985552
"3803_2",0.005764
"2417_4",0.015029
"7757_4",0.021471
"478_9",0.973820
"12269_9",0.991891
"10472_3",0.010540
"2858_9",0.991101
"414_9",0.016996
"2552_4",0.010408
"11615_8",0.993587
"201_2",0.005021
"5624_3",0.010871
"5080_8",0.983955
"4507_10",0.993255
"1527_3",0.013274
"6282_1",0.010101
"3911_1",0.039048
"4616_9",0.994259
"9562_4",0.941169
"9975_8",0.976378
"7584_10",0.982807
"1121_1",0.003795
"382_10",0.992000
"11309_1",0.011508
"5424_10",0.971618
"8697_8",0.964954
"12420_2",0.032375
"5052_10",0.989430
"1037_1",0.018352
"346_7",0.389060
"2285_8",0.987424
"10867_1",0.003173
"4335_9",0.988177
"9088_7",0.737064
"11037_8",0.918845
"1993_4",0.035813
"11469_3",0.007403
"1834_2",0.007992
"10723_4",0.020489
"5377_3",0.027664
"1812_1",0.005631
"2760_8",0.978794
"12062_10",0.635809
"1847_1",0.017292
"1280_3",0.039565
"2106_8",0.972857
"5414_1",0.018352
"4930_10",0.988425
"5024_9",0.989632
"5295_9",0.702938
"5427_10",0.954095
"10526_2",0.009232
"5517_2",0.016964
"3971_8",0.962673
"12260_7",0.987946
"3676_10",0.991603
"4132_7",0.986085
"6721_8",0.967349
"2381_7",0.974166
"818_1",0.015559
"6503_7",0.975390
"12068_7",0.985552
"8847_1",0.004365
"10698_8",0.933127
"2347_3",0.005416
"9337_10",0.980525
"9070_4",0.399504
"7962_10",0.993083
"12183_4",0.158630
"12410_3",0.029507
"7988_9",0.994477
"8980_8",0.987030
"8568_4",0.020023
"8374_7",0.986879
"3561_4",0.025541
"692_4",0.413092
"4259_1",0.539196
"1627_1",0.009860
"7064_9",0.991875
"5410_7",0.967349
"10003_3",0.008594
"12068_3",0.018370
"8048_7",0.477798
"2590_1",0.012042
"3464_2",0.958809
"8423_10",0.037999
"5036_4",0.291687
"10030_3",0.172799
"5500_9",0.990678
"10129_10",0.990786
"1549_10",0.971859
"6463_10",0.993973
"1026_2",0.029873
"6681_10",0.990821
"11004_1",0.006944
"6191_10",0.983581
"9253_4",0.978935
"3193_10",0.992379
"7563_1",0.004150
"3104_7",0.944177
"6369_9",0.990216
"606_1",0.008678
"6069_10",0.992108
"6966_7",0.969266
"8945_4",0.022011
"4920_1",0.003034
"7358_10",0.994112
"9665_10",0.986623
"5005_1",0.014406
"12324_2",0.008429
"1878_1",0.004547
"5917_2",0.011409
"11912_7",0.986191
"11692_1",0.007389
"11505_10",0.993562
"5416_8",0.982220
"12072_1",0.009205
"4436_10",0.993461
"11762_1",0.012662
"5805_10",0.992423
"9464_1",0.003093
"9412_2",0.004468
"11262_4",0.190385
"853_7",0.977650
"7087_4",0.018978
"1896_10",0.990768
"9749_4",0.731203
"7431_2",0.013480
"10253_3",0.006388
"10675_4",0.608594
"4275_4",0.011676
"5399_8",0.986979
"9388_10",0.933552
"7019_10",0.993686
"10223_2",0.004306
"10216_1",0.005865
"2097_3",0.020119
"4243_3",0.012019
"8672_1",0.009029
"1260_3",0.015000
"1734_10",0.985057
"2955_9",0.992244
"12033_1",0.006476
"8243_3",0.009349
"8741_2",0.027533
"6481_7",0.984231
"7053_1",0.004982
"1624_8",0.990441
"2900_1",0.022265
"4328_1",0.004619
"11732_7",0.982065
"746_1",0.008188
"6004_3",0.007907
"6162_2",0.009467
"9375_4",0.018021
"10924_4",0.019475
"6304_4",0.052376
"10035_10",0.990197
"8867_2",0.008260
"9781_10",0.980931
"8902_8",0.866698
"1006_8",0.325038
"7230_1",0.008180
"8788_9",0.960915
"2079_10",0.994281
"11987_3",0.005843
"2724_7",0.914749
"8534_2",0.009746
"7052_1",0.003922
"4390_8",0.989652
"520_10",0.989511
"3936_3",0.016577
"5160_3",0.004709
"10519_8",0.852629
"8906_1",0.005292
"8750_4",0.059976
"8606_3",0.009090
"12038_2",0.545740
"2939_8",0.993819
"5721_10",0.993914
"6798_8",0.969295
"11820_10",0.989612
"6435_10",0.081155
"404_8",0.975178
"6066_9",0.984441
"7921_3",0.013248
"5468_3",0.012809
"7034_10",0.988558
"4309_3",0.054049
"8201_7",0.990874
"3656_10",0.990478
"8786_4",0.323540
"10564_3",0.003010
"7401_4",0.004830
"1163_1",0.005753
"9915_10",0.993096
"11080_10",0.227641
"4710_10",0.992062
"131_1",0.496094
"6387_3",0.020626
"3906_1",0.005911
"2075_1",0.008813
"11663_10",0.992334
"6149_3",0.019644
"6703_8",0.918187
"2440_8",0.973266
"10500_7",0.258560
"7349_1",0.007275
"10695_1",0.012372
"6905_1",0.004718
"4902_4",0.243148
"5298_9",0.993069
"6701_4",0.317876
"1344_10",0.982807
"284_10",0.956796
"9114_10",0.992654
"12102_10",0.990178
"11448_2",0.013441
"1053_10",0.987253
"8341_10",0.985229
"433_1",0.035244
"9534_4",0.005302
"6471_2",0.021226
"8971_10",0.992851
"433_8",0.993056
"298_10",0.976220
"5965_1",0.004628
"10408_10",0.984441
"9112_3",0.017594
"6726_9",0.989161
"1048_8",0.937096
"11046_9",0.993216
"4808_7",0.993831
"7027_9",0.990292
"12435_8",0.992781
"5480_1",0.012772
"8823_8",0.987351
"554_9",0.970127
"7167_2",0.013942
"10762_3",0.052376
"9036_8",0.988928
"12185_4",0.727685
"7763_10",0.988177
"10271_8",0.984261
"1159_8",0.959039
"11063_1",0.003736
"12479_4",0.016075
"11179_4",0.038178
"1736_1",0.004601
"4840_7",0.990348
"8233_2",0.053255
"1082_9",0.988177
"8378_7",0.992683
"7777_9",0.992823
"1883_9",0.957952
"7350_10",0.989491
"704_8",0.991489
"6554_8",0.966632
"1750_10",0.979295
"4969_2",0.008669
"10339_8",0.944893
"1902_4",0.563239
"5578_1",0.006098
"5502_1",0.012760
"7250_2",0.008300
"8856_4",0.006074
"10840_9",0.967502
"9730_10",0.925769
"11146_2",0.008487
"5988_3",0.005271
"9734_8",0.991032
"12338_8",0.860955
"9813_1",0.038793
"8928_2",0.251487
"5431_2",0.014771
"9467_9",0.991571
"4933_4",0.021512
"11280_10",0.976824
"10279_9",0.980858
"7024_1",0.029987
"9115_3",0.020606
"5701_10",0.990197
"9539_1",0.006098
"7655_7",0.988131
"4518_10",0.992597
"3039_4",0.031203
"8654_3",0.021636
"8893_4",0.961353
"3598_9",0.983295
"6443_1",0.004417
"3843_1",0.003810
"3848_9",0.986004
"3149_1",0.017111
"2152_1",0.009718
"11564_1",0.017644
"4391_8",0.974556
"950_10",0.981823
"10531_10",0.977263
"904_3",0.007992
"5293_9",0.990874
"2173_1",0.005011
"5992_2",0.007025
"782_3",0.018352
"1295_8",0.980262
"9659_1",0.006944
"2214_3",0.010459
"10772_3",0.017628
"7515_9",0.979765
"7294_2",0.008762
"7761_1",0.072801
"9027_9",0.988799
"6595_1",0.006864
"11003_8",0.986111
"601_10",0.966600
"2991_8",0.958731
"10937_8",0.983785
"7545_1",0.021927
"9747_1",0.006539
"7653_7",0.954478
"6886_1",0.010540
"8054_8",0.989055
"7299_9",0.964822
"2289_3",0.851459
"6569_1",0.004737
"10909_2",0.037892
"4022_7",0.958924
"5407_1",0.011586
"10211_8",0.968501
"9194_1",0.012019
"8113_8",0.933491
"12010_1",0.026861
"7373_7",0.993819
"3535_10",0.983986
"5265_10",0.976061
"7032_1",0.010239
"3391_10",0.977392
"969_9",0.988624
"450_2",0.028221
"12296_3",0.054500
"10855_10",0.994729
"2741_10",0.973620
"12403_1",0.004764
"6118_4",0.041852
"9001_1",0.006641
"172_4",0.004399
"4405_7",0.823399
"8923_8",0.987104
"5396_10",0.994749
"7183_1",0.008125
"3261_7",0.983198
"7445_10",0.993410
"11412_2",0.012613
"4765_3",0.047382
"5248_9",0.921145
"3172_2",0.020004
"10813_4",0.182353
"8054_1",0.011409
"5535_1",0.006157
"1306_8",0.990197
"135_3",0.037928
"10646_10",0.991700
"9906_1",0.005775
"8156_10",0.989161
"2806_1",0.006451
"9501_4",0.008252
"1882_3",0.073930
"11895_4",0.010229
"5420_10",0.990006
"11791_10",0.991812
"3798_2",0.009170
"3282_8",0.893030
"1278_1",0.002952
"1011_4",0.096791
"5263_9",0.728990
"11301_1",0.006958
"1946_7",0.988154
"3246_10",0.991049
"4130_8",0.962497
"4172_10",0.970013
"2619_2",0.007892
"5197_4",0.091018
"6060_9",0.967717
"7430_1",0.007992
"3511_10",0.978814
"6970_1",0.121842
"931_4",0.008653
"12374_10",0.989889
"10217_7",0.966188
"964_7",0.875628
"4859_1",0.024099
"5525_1",0.004556
"11471_1",0.034229
"5030_4",0.007332
"12177_2",0.006327
"8892_2",0.006339
"1073_4",0.041191
"7406_1",0.004628
"6345_9",0.965512
"7395_7",0.006904
"9952_7",0.995282
"5851_4",0.045991
"6880_7",0.906363
"642_9",0.988290
"6271_9",0.993771
"10983_1",0.011310
"5602_1",0.004992
"3834_1",0.040846
"6961_3",0.053206
"10102_8",0.972178
"6988_1",0.006086
"5803_9",0.993385
"6009_1",0.011299
"10294_2",0.005620
"9811_10",0.992865
"11298_8",0.927429
"4625_10",0.978323
"11263_3",0.006463
"11502_3",0.045480
"9690_10",0.992753
"4453_10",0.993268
"9741_10",0.983878
"12191_9",0.992837
"8019_8",0.991859
"2298_4",0.012444
"1489_4",0.022934
"4228_7",0.942718
"10905_1",0.008553
"5103_10",0.979629
"5641_1",0.003938
"11567_1",0.006641
"4040_10",0.991204
"4777_10",0.992739
"9612_10",0.990366
"3830_1",0.006706
"8781_2",0.003299
"9415_3",0.940626
"9171_3",0.004158
"478_3",0.019928
"10979_8",0.986085
"7073_4",0.028898
"5419_10",0.903975
"8505_3",0.010976
"7559_1",0.588701
"3827_9",0.921287
"9242_1",0.011542
"3133_10",0.985868
"9051_4",0.034456
"8604_10",0.984767
"4811_8",0.985828
"10697_10",0.986688
"6142_10",0.988358
"6740_1",0.022032
"7806_8",0.977371
"8326_4",0.728652
"12425_3",0.010725
"11113_1",0.007446
"8096_1",0.004102
"512_8",0.989430
"11144_7",0.952662
"2073_4",0.010998
"6966_4",0.029845
"12122_3",0.851953
"429_10",0.991373
"10294_9",0.951863
"9955_3",0.012324
"10878_10",0.994900
"9365_1",0.007490
"7317_8",0.981347
"2863_8",0.895340
"11935_3",0.380068
"2180_2",0.012289
"267_10",0.984738
"72_8",0.988820
"936_9",0.993624
"2363_4",0.029008
"11722_9",0.993294
"1353_7",0.595875
"3883_7",0.984927
"9475_8",0.962953
"2328_2",0.031292
"11982_9",0.991907
"10413_8",0.961642
"1277_2",0.007763
"6299_4",0.021885
"7536_9",0.972019
"8368_2",0.027533
"634_1",0.007969
"10095_3",0.026131
"8821_4",0.019663
"5669_10",0.987664
"4600_8",0.987399
"10859_1",0.009985
"140_9",0.993950
"153_8",0.993487
"8013_9",0.920290
"12389_1",0.026734
"8443_7",0.983629
"12290_10",0.972519
"12152_10",0.993203
"6442_3",0.185910
"7557_4",0.723383
"3699_4",0.701841
"6461_2",0.676967
"8641_10",0.994303
"10771_1",0.009643
"10539_2",0.022608
"10406_1",0.013769
"9617_4",0.062388
"9403_10",0.980413
"3015_1",0.122418
"181_10",0.991135
"2879_4",0.021206
"1758_8",0.994089
"9992_10",0.991373
"10769_7",0.940735
"5616_3",0.009559
"721_4",0.046768
"3035_1",0.009596
"7877_4",0.012871
"5554_4",0.008754
"1475_7",0.978549
"1538_7",0.990768
"3499_10",0.975901
"8815_4",0.129623
"5817_8",0.871311
"4179_1",0.007801
"3719_10",0.989712
"2538_2",0.008520
"4873_3",0.046421
"7283_9",0.990821
"1997_4",0.012698
"11036_4",0.061424
"4123_4",0.440379
"3520_3",0.061199
"10320_1",0.006693
"10185_10",0.993002
"10193_1",0.025638
"2506_7",0.991272
"9868_10",0.973215
"5603_2",0.011508
"8392_3",0.011126
"5322_4",0.042245
"12117_10",0.994292
"2411_8",0.991922
"9393_4",0.021226
"5968_8",0.953405
"6860_1",0.041385
"12144_4",0.841500
"2706_10",0.981736
"5655_1",0.016137
"2555_8",0.993926
"6091_9",0.983565
"712_9",0.991587
"9445_10",0.993902
"1777_10",0.966156
"490_8",0.991238
"318_10",0.993587
"10143_9",0.981945
"3608_8",0.986031
"686_4",0.906983
"12147_1",0.005843
"6782_10",0.992093
"5560_10",0.994066
"11621_8",0.980949
"11909_10",0.985746
"11938_9",0.992934
"1877_1",0.008994
"1298_1",0.009643
"11154_3",0.012253
"10898_7",0.932760
"9980_8",0.985328
"9719_10",0.984094
"516_1",0.008180
"2541_1",0.010328
"23_10",0.984017
"3517_1",0.006837
"10839_9",0.986777
"11461_9",0.971347
"10150_2",0.010179
"10664_9",0.980186
"6750_10",0.932269
"11165_4",0.971725
"3463_4",0.010239
"287_1",0.009774
"5582_1",0.005130
"1136_1",0.022286
"10316_1",0.016705
"1684_8",0.992364
"3556_9",0.984456
"11680_9",0.963780
"10775_10",0.950411
"5558_2",0.002511
"6203_10",0.990732
"4057_4",0.028680
"9010_8",0.991101
"1033_9",0.981004
"12116_9",0.985257
"8401_10",0.991406
"9863_4",0.069954
"2777_1",0.010530
"5797_3",0.010278
"9929_3",0.019644
"4177_1",0.007831
"2205_8",0.992274
"2839_8",0.991238
"7161_10",0.989076
"11724_4",0.048858
"10369_9",0.994930
"8702_2",0.014504
"1028_10",0.976957
"7226_4",0.307150
"8799_3",0.021471
"1573_8",0.991875
"12041_7",0.947478
"6207_7",0.897021
"399_8",0.992379
"1034_2",0.020235
"1610_4",0.852935
"596_10",0.991472
"6474_7",0.991135
"4464_3",0.009690
"10637_2",0.034881
"3272_10",0.993397
"10194_7",0.287118
"11906_3",0.023825
"3666_3",0.359765
"6148_4",0.013822
"4595_8",0.875308
"6146_1",0.010439
"7512_10",0.991875
"12333_1",0.008942
"3490_4",0.081703
"8495_1",0.005364
"955_4",0.113580
"10582_10",0.977023
"9477_8",0.986828
"7132_3",0.014630
"5214_1",0.009643
"8258_10",0.935346
"10387_1",0.004118
"268_10",0.994510
"8153_2",0.007446
"7353_3",0.025859
"7847_10",0.994657
"12028_10",0.990569
"2998_8",0.983863
"2641_8",0.994369
"11923_8",0.987900
"12322_1",0.005764
"11816_3",0.038538
"7111_3",0.009214
"8107_10",0.984109
"8835_8",0.934932
"10142_10",0.993176
"4445_3",0.010913
"976_8",0.968171
"1996_4",0.576453
"11496_3",0.020547
"1644_4",0.027981
"8573_3",0.007303
"10835_9",0.890723
"11531_8",0.991489
"5802_8",0.954095
"2501_3",0.013650
"530_2",0.008397
"1051_10",0.985649
"6629_1",0.055260
"10350_1",0.197097
"2943_10",0.994225
"7661_1",0.019179
"8359_3",0.016231
"10218_7",0.983375
"10548_1",0.005230
"906_7",0.909184
"2708_9",0.700203
"12478_4",0.011420
"10222_1",0.021760
"3560_2",0.006771
"3371_9",0.988131
"10009_3",0.019606
"3142_3",0.010777
"3876_9",0.955610
"6662_2",0.002993
"4691_1",0.033117
"2491_4",0.841174
"12485_4",0.433472
"1716_3",0.828245
"10767_10",0.989076
"4083_2",0.009055
"7656_3",0.009578
"2532_8",0.990254
"11243_8",0.983150
"11878_9",0.984471
"3627_8",0.436202
"9049_10",0.858125
"2950_4",0.427158
"4553_8",0.988447
"10414_1",0.017045
"4281_7",0.993499
"7905_4",0.938688
"10800_8",0.954563
"1562_4",0.010530
"7604_4",0.022737
"5752_2",0.004240
"9465_1",0.018142
"2701_4",0.037432
"12432_7",0.923592
"7583_9",0.988624
"4003_10",0.980243
"11082_2",0.007490
"7650_3",0.003869
"2215_7",0.978529
"6597_9",0.982237
"12268_1",0.010913
"8650_7",0.976038
"8311_2",0.211783
"10764_10",0.987829
"5462_2",0.002998
"10303_9",0.989551
"12132_4",0.159807
"11786_2",0.009117
"6248_2",0.045058
"5570_2",0.008728
"8367_4",0.342400
"2416_7",0.983581
"4073_1",0.006169
"4642_2",0.012723
"580_10",0.993268
"3328_4",0.057546
"9524_9",0.987520
"11980_2",0.023757
"7812_9",0.945197
"3567_7",0.992304
"9592_2",0.011137
"8421_1",0.007205
"2618_1",0.019909
"2367_3",0.207536
"10613_1",0.004682
"7657_2",0.016482
"10992_4",0.028328
"10663_4",0.572663
"9589_4",0.041462
"5184_8",0.981858
"7352_7",0.991828
"6483_4",0.114369
"914_10",0.989409
"1239_4",0.015116
"4465_4",0.109801
"82_10",0.884738
"3696_4",0.811527
"1507_8",0.733309
"12211_3",0.083367
"4003_3",0.006327
"3738_3",0.025420
"12089_10",0.992934
"593_1",0.005251
"7555_3",0.034619
"9897_9",0.991636
"299_1",0.012031
"2774_3",0.029507
"4723_8",0.992274
"1636_2",0.145115
"3383_8",0.976935
"5360_10",0.987970
"11542_10",0.990235
"1964_1",0.008292
"10323_10",0.977883
"5166_1",0.008054
"12371_1",0.009055
"7426_1",0.017780
"11832_4",0.054399
"684_9",0.949949
"519_7",0.810666
"1712_8",0.984155
"5973_9",0.993879
"2820_3",0.004867
"5023_7",0.922761
"2625_1",0.007053
"2699_9",0.992934
"7123_1",0.004592
"7327_10",0.991049
"944_8",0.942135
"9757_10",0.992920
"12491_9",0.990945
"12301_10",0.979315
"421_9",0.963780
"6655_2",0.060308
"610_9",0.989928
"3020_1",0.007261
"1797_10",0.981927
"1248_3",0.010540
"2524_10",0.993499
"10596_3",0.022117
"9326_3",0.003693
"9346_2",0.007748
"3890_8",0.990732
"7836_9",0.961280
"12388_7",0.966632
"3205_2",0.005021
"1547_9",0.983085
"2706_1",0.008942
"391_10",0.990874
"1544_10",0.983832
"7861_8",0.972046
"1448_2",0.016498
"6451_3",0.017193
"12187_3",0.021267
"11702_4",0.043610
"5947_1",0.020177
"1282_3",0.007696
"7492_2",0.003930
"7724_7",0.925567
"1564_1",0.013210
"4425_9",0.977197
"9416_9",0.970716
"10826_10",0.993320
"4402_10",0.991439
"9332_3",0.008196
"5856_1",0.005544
"2784_2",0.007475
"3216_1",0.010428
"8057_9",0.992437
"526_10",0.993203
"4376_1",0.037082
"9513_9",0.953057
"9972_9",0.992379
"339_1",0.018761
"11898_1",0.008324
"9282_4",0.025590
"2303_4",0.047914
"10199_1",0.005343
"11660_10",0.986879
"714_4",0.052912
"9283_9",0.953405
"2972_2",0.014476
"9060_7",0.991668
"3562_8",0.951369
"11064_8",0.989652
"4190_10",0.977479
"12472_10",0.974435
"2942_1",0.004746
"9560_9",0.988131
"2692_4",0.012372
"12057_1",0.002425
"11197_2",0.020197
"5827_4",0.990514
"4752_1",0.005100
"8114_3",0.009879
"5643_7",0.991489
"9127_2",0.009188
"10540_10",0.942295
"7342_2",0.009064
"4651_4",0.298517
"8798_1",0.010459
"5973_3",0.013454
"8314_2",0.002964
"7856_1",0.003390
"1255_4",0.011277
"9615_8",0.969032
"7261_4",0.131340
"9700_9",0.636953
"5938_10",0.993294
"970_7",0.942082
"7715_8",0.945045
"4643_2",0.007461
"7069_1",0.038793
"8600_10",0.988906
"10275_3",0.025444
"9519_1",0.006314
"8861_10",0.955610
"8558_4",0.004709
"7495_4",0.202601
"4727_10",0.301028
"9647_8",0.965996
"7192_3",0.135518
"8772_8",0.983597
"1198_4",0.123102
"4249_7",0.983691
"6816_2",0.068133
"10243_9",0.993735
"8365_1",0.004110
"2529_10",0.930268
"2538_10",0.968441
"5946_1",0.013415
"6716_8",0.986879
"2633_7",0.692044
"10513_1",0.004434
"4847_1",0.038865
"2552_10",0.993307
"7166_9",0.993397
"398_8",0.990178
"6925_4",0.004858
"9873_9",0.940953
"3598_4",0.018779
"5996_3",0.035982
"4024_10",0.992304
"3184_10",0.990197
"3801_2",0.009108
"1722_10",0.988290
"9344_1",0.033086
"2874_2",0.002987
"2914_4",0.031440
"9643_3",0.020158
"1756_10",0.991907
"2781_1",0.012601
"3559_1",0.007177
"6250_1",0.012420
"10960_9",0.990044
"565_8",0.983004
"8749_9",0.975878
"11273_4",0.016609
"6933_4",0.029368
"7295_1",0.007389
"12267_1",0.005820
"9844_4",0.121165
"1949_3",0.011996
"10048_1",0.033180
"7242_2",0.018924
"1722_2",0.002492
"9869_1",0.029340
"609_1",0.004365
"9383_7",0.618424
"6593_4",0.171685
"3284_10",0.979116
"6190_1",0.019947
"8305_10",0.932515
"20_1",0.045649
"10037_1",0.040012
"1751_10",0.983295
"6821_7",0.974483
"4780_10",0.967595
"1290_10",0.992753
"10777_2",0.002087
"3450_1",0.004655
"747_3",0.013008
"9262_10",0.947478
"7206_10",0.989430
"3700_4",0.026305
"2953_4",0.046335
"6828_8",0.967686
"10831_7",0.993281
"5014_1",0.004332
"11679_10",0.987092
"3476_9",0.342523
"12052_8",0.974797
"8635_3",0.035244
"6475_10",0.959837
"8531_2",0.006205
"9018_7",0.978385
"1492_9",0.976558
"10993_10",0.994719
"1896_2",0.030618
"8241_1",0.015131
"3568_8",0.883286
"9424_9",0.903805
"3791_1",0.004905
"2117_10",0.987253
"4679_8",0.993795
"1217_7",0.993294
"7969_3",0.009559
"2271_10",0.993499
"5772_9",0.977586
"1347_8",0.991238
"11800_1",0.008389
"8820_10",0.986442
"10014_7",0.324102
"9864_8",0.969671
"6926_4",0.076030
"1842_10",0.991204
"756_7",0.834069
"7657_10",0.989182
"12416_7",0.924279
"833_7",0.969469
"8746_10",0.986031
"6374_10",0.938913
"24_10",0.961965
"5133_10",0.987946
"2937_1",0.038720
"9845_8",0.993203
"6236_7",0.078008
"8525_7",0.956268
"10398_10",0.991844
"6555_7",0.879043
"5873_3",0.767516
"12235_8",0.993771
"8972_2",0.026431
"6313_1",0.006985
"3277_1",0.022479
"9661_10",0.988928
"11759_4",0.007191
"7960_2",0.009268
"2710_7",0.978467
"3152_1",0.011973
"3186_8",0.971047
"6180_2",0.017849
"3303_1",0.013325
"250_1",0.005820
"8902_1",0.004521
"7964_9",0.988222
"78_1",0.032806
"9162_9",0.992823
"11868_8",0.993410
"8522_8",0.402803
"8517_8",0.855911
"12341_4",0.022180
"3300_1",0.005251
"2961_10",0.982524
"11309_10",0.984782
"381_10",0.992000
"6537_10",0.985909
"4623_10",0.967595
"12425_10",0.987520
"817_7",0.987711
"1853_3",0.007673
"3586_10",0.993056
"6148_9",0.988492
"5020_10",0.989140
"6486_10",0.950960
"560_8",0.988906
"11210_3",0.340410
"4714_1",0.007053
"7175_7",0.992640
"10289_9",0.973519
"2497_2",0.310721
"6359_3",0.392097
"4905_3",0.007446
"4701_10",0.980858
"292_10",0.988906
"4010_9",0.978364
"1591_2",0.979215
"619_10",0.955152
"8563_1",0.007756
"488_4",0.046249
"3148_10",0.988380
"2046_4",0.008292
"11560_8",0.990348
"8694_7",0.978955
"11041_10",0.965381
"6159_8",0.990273
"10205_1",0.010902
"7840_9",0.964221
"3298_10",0.988447
"2854_7",0.984752
"3521_8",0.978115
"8317_2",0.006193
"10564_7",0.984486
"7951_3",0.050237
"9834_8",0.994225
"4809_9",0.978733
"4675_1",0.138229
"9493_10",0.960768
"7841_4",0.955734
"8076_10",0.733977
"3242_8",0.988199
"11666_3",0.074198
"9341_2",0.086208
"10384_1",0.006552
"1558_9",0.992739
"9790_10",0.977693
"12149_2",0.006401
"11533_4",0.011586
"4438_3",0.039751
"11177_4",0.012698
"8657_7",0.989223
"4485_4",0.212069
"1313_3",0.011475
"7383_10",0.990714
"11875_8",0.990366
"9838_7",0.980300
"33_3",0.013902
"5747_1",0.015649
"1420_8",0.988646
"7292_9",0.984826
"5218_7",0.941439
"3359_9",0.984620
"10947_8",0.992229
"219_1",0.004992
"6374_3",0.011699
"9686_10",0.986324
"6757_10",0.982203
"1003_8",0.960025
"9313_9",0.944434
"6175_10",0.992289
"5391_7",0.994247
"1085_1",0.005642
"9054_1",0.006074
"8543_10",0.990292
"686_8",0.987993
"6959_3",0.032436
"11014_4",0.012348
"9204_8",0.987079
"9029_7",0.965996
"10441_9",0.991472
"5245_10",0.991015
"1480_7",0.943034
"6426_3",0.158304
"1700_1",0.054651
"2783_10",0.987568
"6152_8",0.988602
"12282_10",0.979235
"2948_4",0.013676
"11974_2",0.014574
"5944_7",0.030043
"9370_8",0.964052
"711_10",0.954265
"6169_8",0.986520
"12329_1",0.004915
"4904_1",0.005577
"2070_3",0.005934
"25_3",0.062103
"1819_4",0.004340
"8642_10",0.993512
"11504_10",0.985538
"10193_7",0.993294
"8917_4",0.009587
"9380_2",0.009313
"10048_8",0.991603
"7288_9",0.988403
"8128_4",0.014771
"7800_3",0.010787
"5852_1",0.008308
"8027_1",0.025933
"10317_1",0.004434
"10280_8",0.809953
"3959_10",0.989632
"6115_10",0.989889
"6078_8",0.990874
"12273_9",0.985115
"1497_10",0.981718
"2969_9",0.993996
"2577_1",0.010663
"4519_1",0.002141
"8596_4",0.173849
"254_3",0.228028
"7005_8",0.991620
"5426_10",0.983004
"965_9",0.553053
"2044_4",0.042722
"9006_3",0.013756
"11462_10",0.978302
"4990_7",0.011365
"163_7",0.940243
"3134_3",0.015968
"2922_4",0.967410
"5777_1",0.015634
"6340_7",0.969584
"7896_1",0.005110
"2321_8",0.967899
"2187_1",0.241042
"1831_9",0.990606
"9321_10",0.982507
"9970_10",0.993698
"2978_4",0.011277
"7491_3",0.005797
"2491_10",0.972598
"749_1",0.006577
"4751_2",0.016246
"3276_1",0.008078
"10889_9",0.983676
"5887_1",0.006706
"8806_9",0.990064
"8569_2",0.006539
"3209_10",0.990980
"7139_10",0.971591
"5052_3",0.016246
"5773_3",0.014574
"1663_9",0.990348
"3575_7",0.045395
"12017_1",0.007289
"12460_8",0.967778
"7925_2",0.003497
"1643_10",0.994423
"4537_1",0.025107
"10651_3",0.010219
"12075_10",0.962427
"4823_1",0.007275
"5392_7",0.960657
"5436_9",0.982856
"3088_8",0.991204
"6607_9",0.986310
"7648_1",0.009012
"1073_8",0.963161
"4587_8",0.979687
"9463_10",0.991118
"11962_1",0.010043
"8718_4",0.009994
"7781_10",0.993950
"11495_2",0.031709
"2772_4",0.877056
"4029_1",0.005230
"2080_10",0.983101
"6250_9",0.986688
"2985_9",0.946843
"2935_7",0.408852
"7900_1",0.004583
"2433_8",0.987472
"12366_1",0.007219
"10910_2",0.014077
"5265_3",0.013650
"9603_10",0.726231
"11989_3",0.006850
"2929_4",0.965641
"1796_1",0.005021
"10659_2",0.015830
"4978_9",0.992319
"11823_8",0.990945
"1732_8",0.981004
"1103_4",0.011915
"8958_1",0.050894
"8607_4",0.065545
"5820_9",0.985158
"8885_3",0.021065
"3718_10",0.991603
"3822_1",0.009927
"9886_10",0.989850
"9806_10",0.951997
"10009_10",0.979803
"5979_2",0.009946
"11937_3",0.017661
"4776_8",0.944125
"9009_7",0.979354
"8094_7",0.987179
"828_3",0.018564
"3318_1",0.003396
"3558_4",0.022564
"7967_8",0.994605
"5275_7",0.935051
"5130_1",0.005130
"1327_9",0.980913
"11526_8",0.984635
"32_10",0.994850
"10697_1",0.006388
"9966_1",0.003657
"3132_1",0.039565
"967_2",0.004764
"6483_10",0.994314
"698_10",0.977607
"7848_2",0.029507
"9349_1",0.009458
"10532_9",0.983166
"11819_2",0.022694
"6812_1",0.003922
"5401_1",0.010179
"3528_1",0.011083
"12239_1",0.004774
"1479_4",0.007681
"2732_4",0.012408
"6806_10",0.993996
"2119_9",0.993255
"8565_9",0.049176
"1914_8",0.913754
"4835_1",0.006364
"1029_2",0.005323
"9228_4",0.016293
"2391_2",0.015469
"9674_9",0.987079
"9404_9",0.980894
"5987_1",0.010499
"9237_8",0.988755
"9879_2",0.007778
"1370_10",0.669218
"10662_1",0.004992
"6937_7",0.983955
"6355_9",0.969440
"3784_4",0.010829
"9136_10",0.925567
"9557_4",0.122628
"12013_7",0.991472
"1114_4",0.073330
"6890_10",0.979531
"3238_8",0.988971
"1790_10",0.975437
"4277_8",0.994020
"2257_4",0.151404
"7677_10",0.968291
"1618_4",0.531787
"7314_1",0.013611
"10332_1",0.006241
"7746_2",0.969757
"9303_3",0.003945
"12321_9",0.982490
"10341_2",0.005090
"7745_9",0.992349
"11104_7",0.912124
"10855_1",0.004963
"10300_1",0.010418
"2037_2",0.006501
"7754_9",0.993562
"9503_10",0.985115
"396_7",0.975992
"583_2",0.023021
"4469_3",0.026506
"11038_1",0.008070
"2285_4",0.051368
"5069_8",0.796174
"8736_8",0.980803
"9486_3",0.015709
"11669_10",0.986111
"8598_1",0.012360
"1344_3",0.005364
"11789_3",0.021430
"9605_2",0.013637
"10122_2",0.020824
"3752_10",0.974190
"3864_4",0.005631
"10505_7",0.941975
"3822_8",0.986429
"8146_4",0.072145
"11114_8",0.972336
"7847_2",0.073796
"10300_10",0.981718
"7021_10",0.987204
"8_9",0.960694
"7199_2",0.053108
"9392_9",0.980281
"8234_7",0.440199
"12328_7",0.863794
"9918_9",0.989182
"10066_7",0.141815
"5482_2",0.006290
"6914_4",0.044390
"4665_7",0.917672
"613_4",0.088702
"577_8",0.972257
"12490_4",0.817356
"8637_3",0.109706
"11815_4",0.013377
"9490_10",0.983832
"4388_3",0.004619
"11778_10",0.965641
"4988_10",0.994402
"6590_3",0.973894
"4761_7",0.989731
"8828_4",0.008164
"10382_3",0.026431
"3321_1",0.063482
"2550_10",0.970437
"12104_1",0.015529
"6431_1",0.005946
"8829_8",0.751055
"858_7",0.814348
"197_1",0.033149
"3599_7",0.951369
"10808_2",0.077239
"12050_4",0.012065
"6348_1",0.013597
"11051_8",0.959231
"11216_4",0.317241
"8360_3",0.012336
"9570_2",0.015292
"8040_4",0.202877
"3664_8",0.991015
"10003_8",0.994930
"3763_7",0.987424
"9692_9",0.914749
"4503_1",0.011094
"10985_2",0.014213
"121_4",0.203272
"5651_10",0.979687
"9416_3",0.011812
"9128_8",0.977284
"8955_8",0.982254
"8787_4",0.022651
"1622_9",0.984246
"762_3",0.053849
"6915_2",0.006351
"8998_4",0.007651
"8200_10",0.991748
"1878_8",0.973113
"5969_10",0.990892
"8000_3",0.016769
"8161_10",0.992626
"9805_4",0.024822
"3815_10",0.978692
"3783_3",0.178597
"4924_10",0.987711
"7952_1",0.010829
"4060_8",0.899828
"775_1",0.035645
"696_10",0.986688
"8751_10",0.978733
"6073_10",0.993189
"9982_1",0.024470
"3706_10",0.980562
"5996_8",0.944995
"3107_10",0.993524
"8913_8",0.983053
"8982_9",0.989511
"8938_3",0.086980
"3008_3",0.010160
"3787_2",0.004601
"6146_9",0.964389
"5664_1",0.006476
"2408_3",0.008196
"6153_2",0.008148
"7023_7",0.960878
"2571_3",0.012516
"6808_4",0.013849
"6425_9",0.985663
"11139_4",0.033621
"320_7",0.212845
"3098_1",0.019419
"5369_10",0.968944
"480_3",0.027376
"7884_9",0.983470
"5247_1",0.007861
"3192_2",0.011996
"12127_1",0.020430
"1237_7",0.987946
"612_3",0.671847
"6016_7",0.935228
"10490_1",0.015321
"5180_8",0.993549
"3122_4",0.090454
"2845_8",0.985014
"9000_8",0.992154
"448_2",0.013756
"1207_10",0.978875
"11989_8",0.942981
"11102_9",0.991049
"1761_1",0.027769
"9815_3",0.009286
"12023_1",0.026280
"9901_10",0.994089
"11740_2",0.010818
"4702_10",0.988492
"4885_3",0.118640
"0_2",0.007191
"2273_2",0.007177
"11340_8",0.779909
"12012_4",0.010601
"10534_10",0.965152
"8424_2",0.015861
"8716_3",0.044848
"7154_10",0.990385
"5001_1",0.013172
"6511_3",0.014672
"3308_7",0.933431
"2720_2",0.009029
"1183_10",0.975623
"12387_2",0.005374
"6580_2",0.011961
"4431_9",0.986533
"11828_7",0.907230
"6737_10",0.993242
"7505_4",0.156427
"4798_2",0.010219
"4773_1",0.007892
"6719_3",0.036873
"6475_3",0.037928
"11733_3",0.008316
"9360_7",0.992906
"5571_1",0.003802
"10316_10",0.969671
"5068_3",0.014574
"11188_8",0.800068
"7291_3",0.007374
"6233_3",0.007839
"11710_1",0.023599
"3780_7",0.954900
"3210_10",0.993307
"2885_3",0.007417
"2912_4",0.022159
"3320_4",0.019757
"11275_4",0.200362
"8406_1",0.015589
"8275_10",0.958615
"4862_9",0.988268
"11817_2",0.011158
"302_10",0.994445
"11341_1",0.324449
"4626_1",0.005854
"1030_2",0.020274
"4799_8",0.993649
"4845_1",0.009643
"3458_1",0.006985
"9535_9",0.990044
"6553_10",0.990064
"486_4",0.032131
"11162_7",0.994259
"7689_7",0.989511
"12058_1",0.009765
"3740_1",0.006564
"11656_8",0.968530
"9795_1",0.006145
"1947_1",0.004374
"1468_1",0.020043
"4158_10",0.930458
"5876_1",0.007946
"12084_4",0.021990
"5434_7",0.984094
"7984_9",0.886617
"2217_8",0.928279
"2300_4",0.134435
"8707_7",0.730578
"3345_10",0.934574
"7375_8",0.992539
"1150_2",0.016705
"8557_10",0.977735
"5590_8",0.992093
"5270_1",0.007938
"10339_4",0.055413
"6789_3",0.099558
"4289_1",0.064241
"693_4",0.042802
"326_1",0.958109
"9786_8",0.969871
"6610_10",0.992364
"11350_9",0.993819
"10907_1",0.009541
"3285_8",0.975739
"10964_4",0.126299
"5411_1",0.007080
"6188_10",0.986297
"7110_3",0.007346
"7355_8",0.888807
"12116_1",0.305607
"1187_1",0.005865
"12167_7",0.946794
"5530_9",0.960952
"2829_10",0.925027
"9549_4",0.006501
"8805_10",0.983597
"10265_3",0.010540
"5227_3",0.010787
"8693_10",0.993255
"6331_10",0.986598
"9079_4",0.079139
"7200_1",0.007563
"9322_10",0.991221
"2899_4",0.024031
"6478_10",0.992496
"4659_1",0.008503
"6755_1",0.003305
"10385_10",0.991748
"11861_1",0.006426
"5483_10",0.989632
"4012_10",0.948058
"7146_9",0.993069
"3782_9",0.993002
"12181_4",0.020804
"10663_10",0.994445
"4712_1",0.011310
"11071_10",0.954984
"11171_3",0.003900
"9043_10",0.977735
"9912_10",0.978405
"7306_9",0.993698
"12382_9",0.982641
"11654_9",0.984782
"8848_1",0.008039
"4076_3",0.011950
"8248_3",0.044764
"10011_1",0.007984
"11769_1",0.040807
"4164_9",0.993574
"1831_1",0.006798
"4164_1",0.006229
"318_3",0.046077
"7221_10",0.956063
"10912_8",0.991652
"1321_4",0.772359
"7712_7",0.990839
"2680_4",0.036769
"8374_1",0.005090
"995_7",0.988646
"2009_1",0.016802
"3905_9",0.910227
"3348_3",0.009250
"6466_1",0.016075
"11900_10",0.985172
"1634_7",0.786295
"8245_4",0.666443
"8561_1",0.007177
"2072_2",0.017342
"12060_10",0.993891
"8178_3",0.065425
"8778_1",0.010023
"10489_8",0.989265
"10118_8",0.993914
"3470_8",0.988154
"8014_4",0.946001
"582_10",0.993163
"8984_8",0.983343
"9085_8",0.981630
"8894_2",0.006590
"3762_2",0.006314
"3815_2",0.009197
"5903_9",0.988602
"8907_10",0.976288
"6140_7",0.886273
"9279_4",0.047736
"2948_9",0.990660
"10588_10",0.991554
"8239_1",0.008276
"6986_2",0.006157
"5308_3",0.005312
"11984_8",0.927232
"9984_4",0.383483
"11803_8",0.991373
"2925_10",0.992062
"11396_10",0.990006
"8998_7",0.986853
"4511_7",0.979609
"5780_2",0.007607
"9838_4",0.048677
"422_10",0.920861
"11389_10",0.991875
"8511_3",0.302391
"2089_10",0.985909
"5818_3",0.009634
"566_9",0.981771
"452_10",0.994434
"4451_9",0.979803
"6105_1",0.014462
"2158_10",0.004925
"10395_2",0.010459
"11291_3",0.013915
"2408_8",0.987759
"3698_9",0.986649
"6060_2",0.006501
"9509_10",0.973342
"7136_10",0.975530
"5557_10",0.965803
"7155_2",0.008023
"11421_10",0.976736
"3620_4",0.041191
"2176_4",0.046120
"8970_1",0.070624
"11186_10",0.994203
"9604_3",0.063599
"6047_10",0.937096
"4487_9",0.976758
"11880_3",0.022117
"2650_2",0.017342
"5279_1",0.004619
"9289_1",0.003436
"11673_10",0.980562
"6890_2",0.005354
"2668_10",0.988222
"942_1",0.005385
"264_1",0.003636
"10157_1",0.085595
"791_10",0.988602
"11434_9",0.994358
"5630_2",0.012970
"9392_1",0.007346
"12471_3",0.012432
"8593_9",0.920290
"10333_10",0.990857
"9146_8",0.889721
"5404_7",0.972415
"7662_9",0.975577
"11068_1",0.006062
"4460_2",0.070784
"5002_10",0.966976
"9269_9",0.990478
"1639_10",0.986098
"9045_1",0.021906
"9944_8",0.942876
"4091_4",0.008356
"6889_4",0.019087
"71_9",0.990459
"10173_8",0.881666
"2513_8",0.974508
"7507_1",0.008284
"1235_2",0.024076
"3325_1",0.047780
"4146_7",0.788909
"7286_8",0.953579
"4096_1",0.002779
"3897_7",0.988558
"11240_10",0.952662
"4109_1",0.008180
"9566_4",0.018317
"2038_8",0.973342
"6985_7",0.969699
"6967_9",0.972779
"11020_10",0.992975
"3291_1",0.008839
"9763_3",0.016450
"1943_7",0.970660
"7599_7",0.569942
"8158_8",0.992199
"4140_3",0.005210
"11840_2",0.008478
"9675_1",0.008070
"10878_1",0.008324
"10760_1",0.036804
"260_1",0.010642
"8188_10",0.993562
"3260_1",0.005343
"6172_9",0.992934
"10021_3",0.006628
"7784_10",0.982134
"4066_1",0.015395
"12325_10",0.968111
"9894_8",0.982065
"1242_1",0.008085
"2059_1",0.009458
"10686_7",0.984649
"8110_2",0.006413
"8398_7",0.970127
"6096_9",0.790975
"9422_3",0.138695
"2919_4",0.969208
"10248_1",0.680799
"7480_1",0.028382
"3248_8",0.974459
"10264_2",0.012112
"7401_10",0.984927
"10528_1",0.061255
"7623_8",0.290553
"3968_2",0.021065
"10918_4",0.010101
"5146_7",0.988039
"12466_4",0.028789
"10395_10",0.974508
"3862_8",0.989327
"2247_1",0.012206
"2979_9",0.989771
"3271_9",0.991796
"5225_1",0.007823
"5662_1",0.020587
"12087_3",0.949012
"10765_10",0.995066
"1256_4",0.046120
"2057_1",0.006539
"2610_7",0.954180
"2065_2",0.003292
"4410_3",0.081337
"6847_10",0.993042
"1927_1",0.007938
"4201_9",0.993636
"2578_8",0.985328
"74_10",0.994077
"8324_10",0.963057
"4762_8",0.621785
"10612_3",0.006628
"11353_10",0.938913
"10709_8",0.993985
"3978_7",0.989119
"954_4",0.122839
"2493_10",0.990273
"8293_7",0.961171
"9454_1",0.010288
"8982_1",0.014714
"5201_3",0.414480
"9758_1",0.003052
"5999_8",0.985186
"11000_1",0.008536
"647_1",0.043083
"7345_9",0.993436
"5105_3",0.045564
"9488_4",0.037047
"11810_10",0.994850
"5343_8",0.993855
"1671_7",0.993410
"6414_2",0.005416
"3749_8",0.950503
"2310_2",0.006253
"8460_2",0.021885
"12305_1",0.003862
"11672_1",0.009522
"11726_10",0.993587
"11659_2",0.021512
"8684_2",0.007177
"6546_10",0.955858
"1980_8",0.984396
"3113_10",0.992739
"8440_1",0.010062
"7473_7",0.988514
"726_7",0.988108
"11165_10",0.992879
"9830_2",0.012031
"6409_10",0.979413
"11455_3",0.047338
"993_3",0.006145
"3186_1",0.015694
"11631_4",0.022329
"3225_1",0.016641
"4442_1",0.048722
"6775_9",0.983534
"230_7",0.852137
"5971_4",0.603859
"763_10",0.994552
"9943_10",0.985759
"10098_9",0.993397
"7219_10",0.970909
"6348_8",0.994043
"5774_10",0.885037
"1842_4",0.007247
"3544_8",0.944074
"5661_10",0.990348
"8698_1",0.008728
"7576_1",0.007432
"584_3",0.032101
"9963_8",0.992349
"11653_8",0.990660
"4269_1",0.007275
"728_1",0.014064
"7118_2",0.007080
"6305_4",0.979861
"5970_4",0.012883
"4729_1",0.003222
"7638_10",0.856032
"2709_10",0.993843
"1461_7",0.961061
"5302_10",0.991538
"3589_10",0.992554
"3897_4",0.099383
"9883_1",0.009643
"9903_4",0.020100
"9789_1",0.007303
"2971_4",0.040846
"5015_7",0.992334
"9215_1",0.020062
"8553_2",0.056133
"5671_3",0.012747
"748_7",0.831622
"8222_10",0.982507
"9336_3",0.015679
"1585_1",0.011687
"10634_8",0.976935
"4549_8",0.991620
"7014_10",0.962321
"2412_10",0.990292
"5779_10",0.984840
"11949_4",0.157850
"6879_8",0.948822
"4432_2",0.006050
"5825_10",0.994520
"10422_9",0.871037
"4575_10",0.992767
"11520_1",0.014064
"6612_1",0.005523
"4206_7",0.970493
"1611_10",0.977905
"8170_10",0.993843
"96_1",0.005031
"715_10",0.991255
"10032_8",0.939858
"2585_1",0.010268
"7477_3",0.110231
"2778_10",0.994303
"6807_1",0.613649
"6378_1",0.163512
"1752_10",0.993346
"2305_8",0.976714
"7423_3",0.006784
"496_9",0.927953
"10829_1",0.007577
"7012_9",0.915734
"7701_7",0.767690
"6858_8",0.993926
"2723_4",0.580218
"5720_1",0.011321
"1531_9",0.992304
"3052_8",0.981736
"2728_7",0.994510
"2275_4",0.016899
"11211_1",0.091261
"4603_3",0.066873
"2273_9",0.990216
"11662_2",0.005686
"4887_3",0.027273
"8155_9",0.990044
"2373_4",0.089694
"1754_1",0.008839
"12247_9",0.988268
"10327_1",0.015233
"8968_3",0.012408
"370_8",0.974215
"559_10",0.978240
"8273_3",0.017577
"8125_2",0.010278
"8666_9",0.753104
"4827_7",0.943138
"9737_10",0.977349
"5604_8",0.964556
"8331_10",0.985882
"886_2",0.010829
"4413_7",0.906073
"4116_7",0.982641
"3675_1",0.037857
"496_3",0.037609
"8837_4",0.013210
"3099_2",0.009908
"5518_4",0.752240
"6953_9",0.987759
"1240_9",0.972882
"8614_1",0.015830
"1628_8",0.748858
"1673_3",0.030589
"10806_8",0.993722
"780_9",0.992711
"6957_8",0.991255
"10903_8",0.988755
"9908_7",0.975178
"4696_9",0.993123
"3816_7",0.991339
"489_9",0.977862
"2254_1",0.004323
"122_8",0.574305
"3171_8",0.842734
"54_3",0.399372
"8826_4",0.343356
"7686_1",0.005797
"10875_3",0.013902
"4858_10",0.992510
"1268_8",0.847400
"3497_10",0.906156
"6527_1",0.004858
"1345_9",0.986004
"10092_4",0.003456
"11571_9",0.993649
"2899_10",0.993686
"5381_10",0.971293
"8722_1",0.004150
"10521_10",0.990980
"296_9",0.993163
"6184_1",0.011104
"6657_10",0.993649
"5972_9",0.987424
"8599_7",0.286968
"6125_1",0.007877
"5834_2",0.008594
"12479_9",0.992611
"3253_2",0.020884
"4986_9",0.989286
"6439_7",0.969671
"9659_8",0.993359
"3375_3",0.006205
"3155_10",0.991032
"3478_9",0.875999
"6251_1",0.008627
"6281_1",0.012348
"4669_8",0.930268
"2843_2",0.007289
"8137_8",0.991389
"9390_10",0.985732
"11401_3",0.005312
"1455_4",0.155015
"8418_9",0.981648
"7064_4",0.142113
"7467_4",0.199386
"12492_10",0.993487
"1969_4",0.043164
"5388_8",0.990121
"3287_2",0.010622
"3493_1",0.004867
"11682_8",0.964656
"7860_3",0.208018
"5507_4",0.015029
"11741_10",0.993487
"8041_8",0.976847
"3525_7",0.870597
"12256_9",0.977088
"1559_10",0.989470
"5477_9",0.985923
"736_2",0.008553
"29_10",0.991700
"12257_7",0.985855
"11184_3",0.293177
"5323_4",0.007930
"11315_3",0.153296
"1400_4",0.189521
"7978_3",0.006133
"6543_10",0.745815
"2120_10",0.993938
"3033_10",0.969785
"4096_7",0.986442
"10945_1",0.005448
"10726_7",0.992214
"10568_10",0.992274
"8966_8",0.990044
"12274_4",0.007854
"10560_4",0.021781
"12352_8",0.679019
"5860_1",0.008324
"11828_1",0.006706
"10752_7",0.950503
"6501_4",0.021410
"561_1",0.006784
"6796_1",0.009587
"2626_4",0.091180
"9089_3",0.005323
"10921_10",0.990102
"6969_10",0.891811
"1039_1",0.036357
"9561_2",0.018547
"2651_10",0.983676
"8929_7",0.974532
"6434_2",0.030938
"3954_1",0.006086
"12408_10",0.975923
"9230_8",0.993281
"6626_1",0.053255
"1913_2",0.012846
"9277_10",0.980148
"8177_8",0.976669
"7174_2",0.036288
"10000_7",0.992123
"849_1",0.007346
"9768_1",0.009038
"2852_7",0.207335
"7872_10",0.931463
"7331_7",0.990839
"9716_8",0.978052
"5672_1",0.021885
"11305_7",0.973062
"4750_2",0.005957
"3606_7",0.984855
"10329_1",0.008429
"4407_8",0.970771
"4298_8",0.984261
"1526_3",0.016641
"1177_8",0.990025
"8366_3",0.025883
"1848_9",0.992611
"9689_1",0.049773
"4883_7",0.889337
"10485_10",0.993537
"10851_9",0.262322
"1550_7",0.987154
"5088_7",0.993783
"7420_7",0.976602
"8306_4",0.070880
"7474_9",0.987688
"5297_10",0.992906
"9105_1",0.006302
"4806_8",0.991032
"11659_10",0.990642
"5491_4",0.195786
"4175_1",0.007563
"8726_1",0.003587
"9049_4",0.010052
"3266_10",0.987228
"1396_1",0.008031
"8364_4",0.064300
"3945_2",0.004792
"196_4",0.019757
"279_1",0.003802
"12203_2",0.011051
"8613_8",0.992753
"3839_10",0.990083
"2780_7",0.200049
"10493_10",0.980337
"6866_9",0.990459
"4044_10",0.992668
"2435_1",0.004700
"1976_4",0.680958
"8649_3",0.025785
"7299_1",0.004281
"6018_2",0.004182
"9729_8",0.976513
"3154_10",0.931275
"950_1",0.011542
"1409_4",0.018743
"5175_10",0.954478
"9722_4",0.017193
"4077_2",0.005664
"7067_1",0.011255
"10984_10",0.990292
"7117_1",0.004265
"2121_10",0.988712
"1386_10",0.991373
"12236_10",0.978915
"11844_1",0.003839
"8085_9",0.985977
"333_3",0.060641
"6522_3",0.019457
"249_7",0.991187
"1199_1",0.008951
"499_8",0.985426
"10033_1",0.005697
"7699_9",0.990478
"4829_7",0.958148
"665_1",0.002234
"6743_8",0.879768
"10153_10",0.940079
"4757_2",0.067577
"6942_10",0.984708
"3895_7",0.986585
"11128_1",0.006552
"4404_3",0.004601
"10811_1",0.005190
"1165_7",0.747524
"10907_8",0.992334
"1859_10",0.993855
"5836_10",0.985841
"10158_2",0.836555
"899_3",0.073231
"8631_1",0.052473
"7153_8",0.987923
"847_2",0.010808
"4418_10",0.988380
"12320_10",0.993002
"11242_8",0.870377
"7046_7",0.988108
"1819_10",0.985677
"1651_10",0.994225
"8280_10",0.990892
"2062_9",0.983816
"4781_8",0.979919
"10314_1",0.003363
"1934_1",0.007012
"12230_7",0.918334
"6689_9",0.990235
"987_4",0.021471
"9881_2",0.176636
"4571_7",0.990064
"569_4",0.050424
"11392_3",0.243867
"10716_2",0.006253
"7643_3",0.776750
"7429_8",0.942188
"11315_7",0.992304
"3097_9",0.967595
"10398_1",0.004340
"6299_8",0.971129
"5951_2",0.015454
"8930_8",0.994780
"1852_4",0.007080
"2857_7",0.965641
"4544_9",0.798462
"9492_10",0.973266
"1947_8",0.985787
"9178_2",0.101322
"6290_3",0.012883
"6313_8",0.985029
"6975_8",0.989731
"12258_10",0.976824
"3970_10",0.993123
"8096_7",0.931711
"10872_3",0.005333
"3660_1",0.010121
"7958_10",0.990839
"652_1",0.005090
"10331_1",0.006890
"2368_4",0.007923
"12367_1",0.003229
"12125_3",0.009908
"5785_8",0.802517
"5213_10",0.917820
"6334_8",0.985215
"8005_4",0.052912
"8405_7",0.987496
"4629_2",0.021045
"9342_8",0.962743
"11634_3",0.028034
"2878_2",0.014900
"6195_1",0.006074
"6994_8",0.992123
"12170_3",0.084758
"7384_1",0.004830
"1047_8",0.935582
"669_2",0.006205
"2976_1",0.030821
"4718_1",0.004215
"1203_1",0.003984
"9113_10",0.979235
"2928_1",0.011950
"10734_8",0.767036
"6469_7",0.969032
"2896_3",0.005302
"12061_8",0.992364
"240_9",0.994225
"8580_1",0.574708
"1961_1",0.700383
"6145_1",0.010756
"11028_4",0.147494
"7664_1",0.041735
"3022_1",0.028898
"7893_8",0.984913
"1149_8",0.966315
"8301_8",0.787237
"8210_10",0.959913
"9949_8",0.960842
"2961_4",0.073430
"9796_10",0.994169
"4397_7",0.971779
"2936_3",0.052863
"11382_10",0.993346
"11671_1",0.006266
"10864_1",0.005271
"11253_4",0.005292
"4692_3",0.069510
"11905_2",0.134321
"12066_1",0.018107
"789_8",0.981788
"7700_8",0.965803
"7697_7",0.505859
"8628_4",0.010082
"5719_2",0.025420
"4761_2",0.008822
"8777_1",0.012504
"3525_1",0.007012
"11990_4",0.013809
"432_10",0.979116
"4115_3",0.016802
"10888_10",0.987129
"6995_2",0.287768
"11910_10",0.773259
"8895_1",0.009680
"12149_10",0.963984
"11782_8",0.951997
"12139_7",0.462594
"380_2",0.009841
"5242_10",0.985115
"3542_9",0.972753
"6821_1",0.360704
"6931_1",0.022716
"5958_9",0.985963
"5332_2",0.006426
"2630_2",0.004273
"6387_7",0.977349
"7899_8",0.956796
"11017_3",0.036804
"11800_10",0.993747
"10926_10",0.993636
"9866_10",0.955981
"3203_2",0.013862
"11276_4",0.019142
"8342_2",0.045142
"6167_10",0.984561
"36_3",0.007696
"3340_1",0.009205
"3997_9",0.988668
"2627_10",0.990962
"4204_1",0.008942
"1018_4",0.827061
"10951_1",0.004574
"5315_4",0.989265
"6301_7",0.993819
"12038_10",0.988906
"3164_10",0.974264
"10989_8",0.990750
"2449_9",0.994573
"4375_1",0.005110
"7037_3",0.011801
"33_7",0.990587
"7457_10",0.984649
"2082_3",0.008101
"1316_10",0.983863
"9097_3",0.070176
"5804_10",0.989450
"9411_1",0.006205
"118_10",0.982014
"560_3",0.023131
"8914_9",0.324864
"2745_4",0.151906
"2607_1",0.007563
"4405_4",0.045395
"10451_1",0.003046
"1887_7",0.935817
"725_2",0.011387
"5118_4",0.006513
"9536_1",0.003961
"127_3",0.004574
"2833_8",0.977841
"131_7",0.981167
"7789_10",0.976243
"6294_7",0.953144
"3872_4",0.031889
"5454_7",0.957873
"11162_1",0.008890
"1685_1",0.005900
"8352_2",0.059047
"5003_1",0.016882
"262_9",0.982031
"8233_8",0.988928
"1814_10",0.980224
"1967_10",0.973519
"7545_10",0.971992
"12386_2",0.017866
"9531_9",0.976265
"3013_1",0.006680
"6835_10",0.989223
"1279_3",0.009756
"2411_1",0.013325
"9537_1",0.005642
"3446_10",0.947866
"656_4",0.692174
"7085_1",0.005002
"8355_1",0.019681
"1869_3",0.022912
"2317_2",0.032559
"11228_4",0.017326
"3987_8",0.989450
"509_3",0.009559
"5168_8",0.993996
"9267_10",0.993855
"912_10",0.990385
"10275_9",0.944638
"2855_10",0.976558
"6079_4",0.021927
"2728_1",0.007533
"9895_4",0.244363
"8230_7",0.846070
"5152_4",0.038071
"4137_8",0.868493
"919_10",0.982591
"1481_1",0.017900
"2468_1",0.009179
"383_1",0.011365
"11552_4",0.044639
"856_7",0.983231
"9047_1",0.011019
"2300_9",0.989692
"1346_7",0.971564
"6316_4",0.224948
"7983_10",0.991255
"9685_10",0.967318
"2745_10",0.836220
"8149_1",0.005110
"9478_1",0.005843
"3126_3",0.271010
"11629_10",0.984078
"5858_8",0.979176
"200_8",0.994646
"7721_4",0.021206
"12334_8",0.972882
"9582_4",0.004973
"5696_9",0.778607
"3823_3",0.009012
"11571_4",0.300027
"1349_9",0.988602
"4306_7",0.975131
"6924_1",0.020489
"10639_10",0.794345
"5674_1",0.005110
"11321_1",0.007461
"771_4",0.854824
"3519_1",0.010033
"2378_2",0.010449
"5677_10",0.988447
"2807_4",0.021085
"10165_9",0.991272
"6940_1",0.005577
"11015_3",0.055056
"1055_3",0.024353
"11055_9",0.988580
"8173_1",0.042009
"10743_1",0.003403
"11927_3",0.303654
"8785_4",0.198336
"10995_1",0.019401
"11899_1",0.004134
"10078_10",0.993397
"11831_8",0.936981
"8182_1",0.017193
"9664_2",0.005251
"12229_9",0.991032
"6076_2",0.007490
"8529_2",0.016356
"4686_1",0.002128
"8174_9",0.975600
"7395_4",0.759359
"1803_10",0.991101
"2508_1",0.009624
"452_2",0.123366
"8830_4",0.631805
"3240_4",0.535402
"578_2",0.168925
"3093_2",0.012159
"9543_1",0.012135
"9065_4",0.026557
"534_4",0.047382
"9762_2",0.032070
"3037_1",0.010298
"4632_7",0.953880
"5064_8",0.839734
"9962_10",0.990678
"9340_10",0.977671
"5881_1",0.014309
"4642_10",0.986979
"5293_4",0.019364
"6721_1",0.010839
"9869_7",0.987030
"7070_10",0.991456
"12486_9",0.948680
"4943_9",0.977154
"7939_10",0.424263
"5786_3",0.019757
"10357_7",0.885434
"7147_10",0.985704
"8627_10",0.970964
"3370_1",0.013889
"4117_10",0.994008
"8178_7",0.959154
"968_8",0.987616
"5931_8",0.917340
"6459_2",0.012182
"2480_3",0.025492
"5511_10",0.918407
"7554_2",0.009718
"9276_8",0.986284
"140_2",0.049727
"2776_10",0.988558
"3690_1",0.278306
"6369_2",0.606375
"7438_10",0.993294
"872_9",0.885780
"2389_2",0.014282
"2882_3",0.051558
"10404_9",0.990441
"5790_4",0.137880
"2382_7",0.987664
"7798_1",0.009458
"272_1",0.008356
"298_1",0.009578
"11414_7",0.980300
"9255_4",0.809653
"5914_4",0.015830
"2974_7",0.985691
"6739_7",0.958538
"1229_7",0.982048
"2268_10",0.989870
"2352_7",0.351155
"9329_10",0.923592
"11380_10",0.982971
"215_4",0.006590
"9915_2",0.005261
"541_1",0.009304
"10975_2",0.010418
"6946_9",0.897291
"3286_7",0.993783
"7482_10",0.993320
"48_4",0.046465
"10046_4",0.014462
"6295_1",0.016309
"6417_4",0.015189
"2401_4",0.038358
"8608_1",0.016340
"3500_8",0.879820
"11903_3",0.012576
"4012_2",0.009223
"11415_4",0.047869
"5835_4",0.022053
"9039_4",0.029284
"6526_1",0.009718
"6379_8",0.988039
"6136_10",0.981577
"6094_4",0.013558
"11608_9",0.991522
"3745_3",0.045058
"10694_1",0.019051
"3222_10",0.991844
"3394_4",0.012970
"7790_10",0.961534
"2982_10",0.994800
"12253_3",0.888178
"5900_1",0.284030
"3398_4",0.456137
"10038_7",0.949295
"1520_8",0.984078
"11756_2",0.042842
"6228_1",0.005980
"6226_7",0.984231
"4377_10",0.992988
"9730_1",0.005406
"11088_4",0.033685
"7867_10",0.977349
"5072_1",0.084833
"7935_3",0.009522
"4536_3",0.013729
"6989_2",0.008553
"8101_8",0.994531
"3364_7",0.717927
"7862_1",0.006654
"8562_2",0.033908
"9783_9",0.989751
"7272_1",0.053206
"1025_3",0.021719
"9432_7",0.993636
"4153_8",0.990385
"8528_1",0.005150
"8427_4",0.019106
"5417_1",0.004039
"6575_1",0.029312
"10041_8",0.912280
"7589_4",0.109372
"10391_9",0.993069
"1400_7",0.970324
"9428_2",0.007317
"7106_3",0.007892
"5695_10",0.978156
"6430_10",0.952530
"11722_4",0.048496
"11328_1",0.005406
"9020_3",0.080394
"183_10",0.975202
"6674_10",0.993397
"5495_10",0.986649
"2237_7",0.882731
"11943_7",0.905406
"5872_10",0.990857
"5043_9",0.986929
"3869_1",0.018996
"5113_4",0.239661
"4671_3",0.004126
"9220_4",0.962953
"7330_1",0.010683
"5344_3",0.036425
"11965_1",0.011812
"7620_9",0.993902
"7044_10",0.984336
"6296_10",0.962568
"8204_1",0.004973
"7661_9",0.967990
"11708_2",0.018334
"2415_7",0.979334
"7840_4",0.052473
"2628_10",0.991684
"4633_3",0.011892
"7320_2",0.005031
"11755_1",0.006015
"2589_2",0.051990
"5044_10",0.994043
"5189_1",0.004963
"7926_7",0.971156
"2454_10",0.987399
"3368_1",0.003686
"12223_7",0.967441
"7348_1",0.010418
"12007_8",0.908171
"5501_7",0.921287
"4025_8",0.988313
"6447_10",0.994677
"5438_3",0.006904
"7910_10",0.981095
"377_1",0.012396
"409_8",0.962918
"2150_9",0.985677
"11986_2",0.003743
"2544_2",0.040012
"5141_10",0.993562
"8305_3",0.879923
"8329_10",0.991373
"2333_8",0.978073
"5171_4",0.007666
"5412_10",0.993229
"1081_10",0.959231
"10773_7",0.962250
"1969_10",0.983894
"8276_10",0.989244
"1244_1",0.007548
"7113_2",0.016561
"9535_2",0.005374
"4627_7",0.991732
"10757_4",0.043083
"10091_10",0.985454
"5211_10",0.993574
"7510_7",0.923454
"11674_10",0.988016
"5299_8",0.993819
"3515_8",0.989119
"10143_3",0.021740
"2274_10",0.992851
"2372_3",0.951594
"3116_8",0.957078
"7340_3",0.015058
"1394_9",0.983311
"2047_9",0.973795
"8587_2",0.799442
"11579_10",0.991907
"942_10",0.990962
"9355_4",0.407186
"8812_10",0.991221
"4732_2",0.008039
"3180_10",0.984396
"310_9",0.974556
"3980_8",0.989389
"6923_2",0.006302
"2424_9",0.986713
"1092_4",0.017917
"9238_7",0.860955
"2382_2",0.007025
"3579_1",0.042722
"6801_8",0.993150
"3768_8",0.952618
"11717_10",0.993136
"10001_9",0.990121
"355_10",0.995161
"8896_1",0.126947
"9772_1",0.003787
"7624_10",0.750690
"1102_3",0.003552
"10949_9",0.983785
"1269_10",0.973088
"11768_4",0.023109
"5555_4",0.071494
"2233_9",0.874238
"6567_8",0.983909
"12130_8",0.970909
"8587_7",0.992274
"10973_1",0.049085
"3863_10",0.993096
"9220_8",0.112454
"7579_10",0.993255
"4411_10",0.992961
"2093_8",0.987711
"10883_10",0.991356
"3583_3",0.015845
"1396_8",0.920718
"1930_3",0.010913
"8779_1",0.060975
"12478_9",0.934634
"176_9",0.963022
"11733_10",0.987228
"11368_1",0.003907
"4077_8",0.984956
"11056_7",0.993448
"5567_3",0.016866
"8549_3",0.015709
"9743_1",0.016673
"6916_9",0.983502
"6147_1",0.984942
"7820_7",0.994959
"1352_7",0.992597
"5337_10",0.986389
"12285_3",0.023375
"8992_2",0.004673
"4644_2",0.010209
"9793_10",0.984898
"2359_10",0.980110
"2137_9",0.988108
"10559_3",0.005708
"2679_3",0.009917
"10010_2",0.004655
"11987_10",0.987129
"8824_10",0.992062
"11418_7",0.986700
"2423_9",0.992583
"1576_7",0.929184
"7947_4",0.014771
"1714_10",0.987782
"6006_8",0.977349
"939_8",0.993807
"3755_4",0.063657
"3213_3",0.053403
"164_2",0.008487
"1123_10",0.992334
"7397_7",0.907435
"822_1",0.003254
"5631_2",0.022201
"10464_10",0.989511
"11397_10",0.993448
"10679_3",0.003945
"8205_1",0.005686
"6947_10",0.916484
"2000_1",0.007607
"4075_7",0.990064
"1388_8",0.967225
"446_1",0.014532
"1063_2",0.007446
"6030_3",0.026582
"5613_2",0.007839
"8759_3",0.794943
"12169_1",0.042325
"5111_4",0.026205
"2891_4",0.123471
"827_1",0.024633
"6229_8",0.966945
"2212_4",0.903890
"4788_9",0.962532
"8859_1",0.008125
"9798_10",0.986904
"9763_9",0.962462
"3889_7",0.987592
"3275_8",0.976333
"5106_10",0.995189
"7576_10",0.982457
"9405_3",0.018194
"7108_1",0.018743
"9794_10",0.951684
"2653_10",0.992259
"10545_10",0.985043
"12306_10",0.993512
"4696_2",0.010746
"7982_10",0.995170
"11066_3",0.023198
"10034_1",0.004925
"6035_3",0.006266
"9518_9",0.986416
"1266_8",0.986389
"11336_9",0.990587
"4159_10",0.994270
"9375_8",0.978031
"5204_1",0.004417
"3360_10",0.969843
"5659_1",0.275008
"8839_4",0.775392
"4529_7",0.976758
"3283_2",0.025179
"5376_7",0.992934
"5379_8",0.992781
"5266_4",0.009422
"7463_9",0.907558
"3595_1",0.010683
"3141_10",0.992879
"9986_2",0.197174
"4279_1",0.035779
"1427_4",0.033844
"8357_10",0.860955
"715_4",0.053999
"8482_9",0.989986
"3091_10",0.993636
"5735_7",0.731730
"3100_4",0.021802
"11447_8",0.940079
"4577_1",0.025347
"10287_10",0.976423
"3384_3",0.010278
"3820_9",0.978488
"8883_3",0.014323
"11279_10",0.900355
"3093_8",0.993499
"10465_3",0.007621
"4423_10",0.988085
"601_3",0.007389
"1902_10",0.973011
"1509_8",0.985977
"3019_9",0.986828
"11994_9",0.985000
"4246_2",0.023398
"842_10",0.993436
"4917_8",0.985286
"68_1",0.059374
"6613_2",0.008669
"7230_10",0.994870
"6183_4",0.042642
"338_10",0.992496
"6182_8",0.956594
"2409_1",0.014186
"9965_8",0.994499
"1336_10",0.432782
"4456_2",0.005333
"12437_8",0.961461
"8437_10",0.993448
"409_4",0.005911
"2303_10",0.990587
"2144_9",0.930899
"2302_8",0.989830
"385_9",0.990642
"3617_8",0.989632
"5450_7",0.341658
"6882_4",0.013008
"2980_4",0.015233
"9828_4",0.019909
"10745_8",0.993372
"3478_1",0.031709
"2167_2",0.002958
"5562_2",0.007233
"8771_7",0.284203
"8372_10",0.980710
"10749_8",0.981095
"7394_10",0.974459
"3711_7",0.983769
"5375_1",0.009134
"7881_7",0.660610
"7023_2",0.013742
"206_10",0.990441
"4760_9",0.985468
"12026_1",0.003241
"12182_10",0.970909
"1821_8",0.991780
"10828_1",0.016482
"2446_10",0.837155
"5327_10",0.989182
"5727_3",0.006241
"11460_4",0.151028
"6484_10",0.992169
"3555_4",0.132571
"10641_8",0.984649
"650_3",0.075995
"1467_10",0.994369
"7651_3",0.011766
"11459_4",0.093430
"9255_10",0.973037
"7888_10",0.991780
"4118_2",0.005160
"2540_9",0.971806
"2152_7",0.992809
"2614_10",0.980337
"2892_10",0.963643
"3878_1",0.008324
"273_10",0.944177
"5565_10",0.982707
"444_10",0.972545
"11062_10",0.990910
"5184_1",0.004934
"12140_3",0.011519
"3254_8",0.894467
"11537_7",0.047074
"7606_10",0.991439
"6120_2",0.022500
"7416_10",0.961025
"10759_3",0.188063
"12255_9",0.993448
"1114_10",0.986559
"6827_8",0.903465
"10246_2",0.011019
"204_9",0.990678
"5816_10",0.951006
"2693_9",0.989632
"2578_2",0.008101
"4958_3",0.015380
"7873_10",0.931400
"8795_2",0.013248
"1431_3",0.014532
"11635_7",0.829768
"1327_3",0.032192
"10813_7",0.952530
"9764_4",0.165998
"5861_8",0.949809
"8995_3",0.018090
"2243_1",0.006628
"11708_7",0.986879
"1998_2",0.014434
"11887_8",0.989140
"4836_10",0.985468
"1603_4",0.224395
"9860_4",0.046120
"1728_1",0.015102
"12108_1",0.012372
"9756_4",0.281381
"1325_3",0.032161
"5174_1",0.013703
"9917_2",0.003390
"6101_1",0.008437
"2010_10",0.989511
"1132_8",0.995318
"8516_1",0.010663
"3563_1",0.011778
"2362_10",0.973745
"10971_1",0.027221
"8672_9",0.967349
"2863_2",0.009205
"2750_1",0.019033
"8599_4",0.021865
"12115_7",0.379184
"4921_2",0.006758
"2975_2",0.004691
"4245_8",0.936807
"10778_10",0.990235
"7816_7",0.991938
"9131_1",0.013109
"5541_3",0.009295
"7956_1",0.027507
"780_3",0.008340
"1052_10",0.992108
"6842_8",0.986191
"8279_10",0.985814
"9653_3",0.014378
"3025_1",0.003671
"1174_1",0.023286
"1039_10",0.988799
"4609_10",0.941815
"2150_1",0.003969
"6289_7",0.283608
"2963_2",0.012372
"8801_1",0.029479
"5196_7",0.994180
"5723_2",0.008054
"10530_10",0.993562
"9473_1",0.006693
"3355_3",0.014885
"5388_3",0.312239
"12102_2",0.066387
"11038_10",0.932760
"9672_1",0.006577
"6875_8",0.970660
"4754_8",0.962708
"6814_3",0.017029
"8937_3",0.014323
"7077_4",0.621699
"1782_1",0.005240
"631_4",0.149283
"7876_1",0.012229
"74_4",0.151404
"2846_9",0.968141
"4190_1",0.026582
"7843_4",0.176956
"7528_7",0.293708
"2396_8",0.988820
"790_1",0.004031
"2020_7",0.986111
"2526_1",0.004830
"8104_8",0.979176
"12372_2",0.032837
"417_1",0.009340
"1318_2",0.004240
"4530_1",0.004530
"2370_4",0.947284
"1886_10",0.993996
"9386_1",0.006501
"7863_1",0.009431
"3864_10",0.971564
"6559_2",0.009624
"7855_7",0.885434
"1672_1",0.012289
"8453_2",0.045777
"8373_3",0.007644
"9770_10",0.992259
"12009_1",0.017866
"2770_3",0.018636
"4618_7",0.994820
"9797_10",0.985215
"6605_1",0.028409
"10176_1",0.177098
"8949_10",0.990366
"5401_7",0.988624
"3295_7",0.982608
"4791_1",0.009029
"4016_1",0.004477
"4314_10",0.943660
"2903_1",0.007094
"3835_9",0.992892
"7532_1",0.010259
"729_10",0.983391
"5753_1",0.019700
"11976_2",0.008268
"3027_1",0.149035
"9721_9",0.985043
"11295_3",0.050005
"3241_1",0.006501
"5389_9",0.977154
"9889_1",0.007977
"3522_4",0.009662
"10865_8",0.983878
"1015_8",0.968944
"5048_10",0.991049
"2671_2",0.049040
"2841_4",0.054049
"4928_1",0.012809
"10499_1",0.118131
"9409_10",0.986324
"974_10",0.874399
"11582_7",0.962250
"9988_10",0.983423
"3463_8",0.975693
"5194_1",0.523633
"3377_4",0.043164
"4352_1",0.009831
"10862_1",0.009927
"1545_7",0.833189
"9801_10",0.986031
"1905_2",0.011083
"12276_9",0.954052
"7544_1",0.001821
"10056_1",0.024727
"3623_1",0.008602
"4013_7",0.976401
"1294_4",0.021287
"10285_9",0.993448
"7793_10",0.991938
"3809_9",0.990385
"4586_3",0.008536
"7511_1",0.032899
"10873_4",0.010642
"4888_8",0.951233
"4349_10",0.962848
"1531_3",0.005180
"8884_3",0.005080
"7336_3",0.068819
"9688_10",0.987970
"7208_1",0.003622
"4355_8",0.973720
"6098_2",0.010398
"9106_10",0.969699
"6422_1",0.004538
"2054_9",0.975507
"550_8",0.453655
"402_8",0.954647
"11832_10",0.993636
"10256_10",0.992244
"6131_1",0.003862
"11907_4",0.077448
"4459_4",0.258537
"8555_7",0.993474
"5079_2",0.003854
"10304_2",0.016850
"10489_1",0.016075
"566_3",0.051558
"1999_1",0.005533
"590_1",0.011343
"11159_1",0.013008
"10612_9",0.993216
"10810_2",0.098816
"11658_4",0.008268
"1950_9",0.917525
"8977_4",0.134037
"9040_1",0.007666
"2891_10",0.977328
"2966_10",0.979531
"8665_4",0.044266
"6600_1",0.008890
"9308_1",0.006758
"7870_10",0.990254
"10511_1",0.006229
"7235_8",0.679843
"132_9",0.990422
"1575_8",0.993961
"3328_8",0.592154
"3273_1",0.008745
"9475_4",0.180287
"10938_7",0.714254
"8143_7",0.972467
"9003_10",0.993110
"9854_10",0.988602
"9932_2",0.152663
"1017_7",0.893495
"4386_9",0.986044
"1105_3",0.012089
"7315_7",0.373465
"37_9",0.994413
"8409_10",0.984649
"12118_1",0.008446
"1665_8",0.990216
"10284_1",0.007039
"8922_3",0.008856
"2524_2",0.005406
"11205_2",0.014462
"4676_8",0.981595
"10479_4",0.083928
"9849_8",0.909747
"4841_3",0.563138
"9153_9",0.992437
"9279_8",0.981221
"11008_10",0.972204
"614_10",0.975343
"167_2",0.004150
"2041_1",0.005416
"6509_8",0.988842
"9832_7",0.993096
"5939_7",0.635229
"3267_3",0.014227
"3555_9",0.862468
"1668_7",0.185578
"11048_1",0.006552
"1856_3",0.033055
"4426_10",0.983581
"8457_3",0.036459
"6603_10",0.980655
"4738_1",0.028490
"11762_8",0.968649
"2078_10",0.949623
"6754_1",0.019069
"11721_2",0.013942
"11558_3",0.115661
"973_10",0.915809
"814_4",0.032961
"2102_3",0.007519
"11394_4",0.146331
"312_4",0.032070
"2994_1",0.003124
"5649_7",0.986244
"7281_8",0.991389
"2756_4",0.015116
"2137_1",0.018458
"8696_2",0.005946
"1158_3",0.455744
"4531_1",0.066751
"10047_10",0.994157
"683_7",0.630873
"8645_10",0.993242
"889_3",0.008446
"4202_2",0.006463
"3859_10",0.990273
"5038_8",0.990660
"6906_9",0.987326
"4154_8",0.994739
"9548_1",0.003915
"4434_9",0.980243
"9235_9",0.984276
"2368_8",0.965900
"8391_2",0.011744
"1391_7",0.953101
"4317_1",0.018282
"8345_4",0.047958
"8610_1",0.004126
"2888_10",0.988154
"5597_3",0.046206
"4900_7",0.400412
"3016_2",0.025957
"1057_2",0.012797
"5143_8",0.977132
"6932_2",0.008771
"7879_10",0.961965
"9300_3",0.012516
"12142_2",0.007403
"3426_3",0.038793
"7977_7",0.990197
"1573_3",0.010591
"336_10",0.987142
"4248_10",0.989265
"9693_7",0.217919
"7753_4",0.172137
"2290_10",0.994358
"9156_8",0.992626
"5526_4",0.005374
"3896_8",0.968291
"8520_7",0.985759
"3566_4",0.080864
"6386_7",0.968501
"4201_1",0.985468
"372_9",0.994810
"6768_8",0.976038
"9177_8",0.988039
"1079_1",0.006290
"934_10",0.994203
"11918_2",0.117673
"4867_4",0.007892
"12449_8",0.978135
"7907_10",0.992289
"4508_3",0.046551
"1075_2",0.010219
"11466_8",0.988906
"10935_2",0.009587
"4826_9",0.959116
"4814_7",0.952618
"8676_4",0.038575
"1058_1",0.005865
"7831_2",0.007080
"1150_9",0.971129
"5395_1",0.004495
"5435_7",0.911535
"1745_1",0.006109
"11278_4",0.009578
"8629_1",0.128416
"3145_9",0.986777
"8108_10",0.988820
"6377_1",0.011744
"10298_1",0.005555
"12265_1",0.013584
"11930_8",0.756582
"2511_10",0.988268
"7955_1",0.010014
"2335_9",0.993759
"3194_10",0.994456
"6724_10",0.989592
"9406_1",0.212395
"11369_1",0.004867
"1972_4",0.155848
"6900_8",0.978343
"7813_7",0.987129
"785_7",0.901184
"6368_3",0.065905
"2163_1",0.002998
"11487_8",0.981185
"4292_7",0.967899
"7451_4",0.054803
"11465_2",0.007563
"7641_8",0.991422
"8250_8",0.987277
"4490_1",0.021247
"10452_1",0.019681
"7442_3",0.019253
"3027_9",0.980300
"235_7",0.993002
"3750_7",0.979590
"8700_1",0.008788
"3584_10",0.963712
"7217_7",0.950686
"7769_10",0.992031
"10149_9",0.993985
"7607_2",0.006193
"7749_1",0.004915
"12067_1",0.014254
"388_10",0.994369
"6596_1",0.006877
"10242_2",0.052376
"3853_1",0.027769
"5726_4",0.016199
"9031_9",0.904059
"1543_7",0.919426
"1442_8",0.986828
"6336_10",0.992467
"5929_4",0.125815
"3378_3",0.102215
"183_4",0.166574
"3518_9",0.991954
"5870_8",0.991907
"5053_4",0.017560
"7330_7",0.963334
"9553_9",0.960473
"9552_10",0.979570
"8515_10",0.108566
"1666_9",0.971913
"6661_3",0.012540
"8721_1",0.009403
"1368_1",0.007718
"5076_9",0.979413
"12353_2",0.016106
"1099_7",0.992047
"8669_9",0.989811
"2564_8",0.993914
"4369_10",0.994445
"11951_4",0.025761
"11384_3",0.022350
"7459_3",0.012112
"6776_9",0.991084
"6673_3",0.007012
"2500_8",0.983878
"8739_3",0.009073
"3828_1",0.020745
"7945_2",0.586582
"7934_10",0.981149
"4571_1",0.003267
"11689_7",0.975647
"3681_10",0.992525
"5110_4",0.021389
"5953_8",0.966188
"10906_4",0.024353
"3424_8",0.986085
"6492_7",0.948010
"10450_1",0.007135
"4856_8",0.885037
"12019_1",0.045991
"1390_8",0.993722
"6452_4",0.023375
"4916_4",0.014406
"3979_3",0.062789
"6023_3",0.012662
"5762_1",0.009559
"4176_9",0.988949
"7194_2",0.023264
"3143_7",0.835416
"954_8",0.994880
"5291_1",0.009850
"2258_1",0.050988
"5412_1",0.010966
"4088_3",0.011744
"4312_1",0.009099
"517_1",0.005555
"5601_1",0.009737
"288_1",0.006564
"234_3",0.025834
"6665_8",0.989161
"6957_3",0.011223
"4454_2",0.033274
"3270_8",0.994303
"4500_3",0.040465
"7551_1",0.003299
"9033_4",0.606695
"2619_10",0.859310
"10093_10",0.987448
"5483_2",0.015145
"8383_1",0.003299
"11683_1",0.005333
"10649_1",0.118436
"181_3",0.292166
"3668_2",0.015351
"3769_1",0.012858
"11519_3",0.061087
"5716_10",0.988380
"10918_8",0.941331
"3103_1",0.013223
"7210_10",0.990514
"2515_8",0.913869
"8424_9",0.986191
"1404_10",0.982100
"3158_10",0.985814
"4996_2",0.010459
"5493_3",0.061989
"8540_9",0.990064
"8960_8",0.994499
"11274_3",0.004332
"11067_10",0.991891
"3335_2",0.004232
"6578_4",0.006771
"916_10",0.989652
"3844_1",0.006501
"7108_8",0.914673
"565_2",0.860486
"11622_3",0.101947
"10700_1",0.007563
"10483_1",0.010818
"8951_9",0.957517
"6326_8",0.993636
"3035_8",0.976490
"2292_10",0.985566
"11013_4",0.014159
"10618_1",0.006590
"11544_1",0.004637
"7550_10",0.162979
"289_8",0.978135
"6571_10",0.993512
"6056_10",0.982014
"10814_1",0.005240
"9377_1",0.017729
"1577_8",0.937840
"9268_9",0.990404
"10116_10",0.990310
"7411_10",0.995008
"12279_4",0.154887
"3575_1",0.008487
"8105_8",0.887351
"6092_10",0.993385
"12406_1",0.003179
"1117_2",0.005120
"12358_7",0.970381
"4469_9",0.986675
"7055_2",0.027848
"10412_8",0.987079
"12155_10",0.883286
"11222_3",0.007374
"9622_9",0.983847
"8992_8",0.763616
"5305_3",0.015029
"8111_10",0.984840
"3436_1",0.090293
"2748_8",0.989202
"6527_10",0.977735
"672_8",0.963609
"8172_4",0.951459
"5513_10",0.993448
"741_7",0.915318
"8886_7",0.934694
"6939_1",0.012265
"12235_1",0.009522
"10607_1",0.009394
"4708_10",0.987351
"9034_10",0.973139
"6600_10",0.982524
"2934_1",0.004764
"12168_10",0.977479
"9362_9",0.982372
"9627_8",0.989909
"9547_8",0.819821
"4108_2",0.006314
"10293_9",0.992199
"10105_8",0.993042
"11864_7",0.954223
"2843_7",0.143908
"836_9",0.993359
"6201_1",0.003969
"8192_4",0.087759
"2596_1",0.006278
"6847_3",0.009946
"8794_1",0.003795
"7281_4",0.015439
"9678_2",0.011553
"10950_3",0.012983
"5845_4",0.022053
"6187_10",0.988690
"4684_9",0.931711
"10852_1",0.060474
"11542_3",0.008653
"5385_1",0.004858
"9597_3",0.018779
"8975_3",0.460380
"10766_3",0.162513
"4236_8",0.993176
"118_1",0.005888
"7278_7",0.987616
"11069_7",0.987079
"1002_3",0.021760
"4210_7",0.976129
"8514_10",0.979453
"9676_1",0.010923
"11826_10",0.983878
"8216_8",0.977371
"575_4",0.012760
"3867_8",0.982889
"321_10",0.988425
"1654_1",0.008720
"973_4",0.294392
"8796_3",0.008669
"145_1",0.008594
"2649_2",0.020904
"2432_2",0.015876
"5713_10",0.977045
"6851_1",0.587987
"3523_7",0.988199
"9862_9",0.981453
"8888_9",0.929376
"12343_1",0.003892
"2298_9",0.985143
"7129_1",0.005364
"12163_7",0.977284
"1090_1",0.004265
"8249_7",0.992961
"3716_7",0.978156
"8095_4",0.017177
"9739_8",0.990910
"7041_1",0.010499
"7673_10",0.987154
"210_4",0.025371
"283_8",0.940626
"12361_9",0.980186
"9254_10",0.987399
"5598_1",0.006229
"128_10",0.993203
"11557_7",0.987351
"10232_10",0.977714
"10747_7",0.959039
"9984_9",0.992334
"9618_1",0.019438
"7976_10",0.983550
"5788_10",0.967839
"7378_4",0.024563
"2047_3",0.014213
"10053_10",0.988062
"8399_4",0.013996
"7925_10",0.984694
"6830_9",0.986726
"2530_9",0.991748
"9521_1",0.017883
"784_10",0.993879
"10417_7",0.985426
"2198_9",0.994100
"8219_8",0.958069
"6896_4",0.452264
"5341_7",0.984913
"2386_9",0.994180
"2323_8",0.979016
"9028_2",0.015952
"6983_7",0.912670
"9885_7",0.904229
"11720_1",0.004191
"8409_3",0.022868
"5797_7",0.990348
"7729_9",0.991891
"10591_10",0.990945
"9593_9",0.961858
"6364_4",0.052522
"7215_3",0.012324
"3653_2",0.005385
"4533_8",0.977947
"10899_8",0.993123
"8312_10",0.930332
"9543_10",0.990197
"5608_8",0.719901
"1432_10",0.993029
"5562_9",0.993710
"12171_9",0.989491
"4428_10",0.983925
"2062_2",0.066569
"8468_8",0.829146
"827_8",0.990348
"11539_3",0.012229
"4215_3",0.012735
"11310_3",0.015174
"4525_1",0.003118
"2093_1",0.003148
"11238_4",0.045905
"5523_8",0.987399
"9848_9",0.994467
"10000_4",0.008619
"10304_7",0.978753
"511_3",0.008830
"1807_7",0.991272
"9080_7",0.919353
"1808_9",0.974677
"6283_8",0.957873
"5913_1",0.009615
"685_1",0.014104
"9505_8",0.971375
"7152_1",0.008686
"11292_1",0.012089
"8334_10",0.870157
"11476_1",0.010328
"3431_10",0.988755
"4019_1",0.008125
"7292_3",0.024988
"1990_7",0.980487
"1574_1",0.020606
"5516_8",0.949995
"4687_10",0.985759
"11493_2",0.006413
"771_9",0.993587
"8864_1",0.009606
"3001_7",0.849035
"423_2",0.006302
"5062_7",0.821617
"5198_1",0.008805
"7303_1",0.010871
"7433_2",0.021451
"3085_7",0.989870
"3293_9",0.986004
"12426_7",0.805479
"5775_3",0.008054
"7358_1",0.004915
"3851_2",0.015754
"4785_10",0.724822
"9650_4",0.005240
"553_9",0.992379
"401_10",0.985286
"11522_8",0.985328
"5222_7",0.968560
"5042_7",0.991015
"2638_7",0.682865
"11883_10",0.989470
"11476_10",0.990310
"4999_10",0.992334
"10360_1",0.017594
"3443_9",0.988062
"1138_1",0.013083
"1898_10",0.973241
"6069_3",0.014658
"12101_2",0.007039
"1953_10",0.988268
"8679_10",0.976175
"10348_10",0.948775
"2208_3",0.031410
"3886_8",0.994667
"3734_2",0.026305
"1330_10",0.922482
"4639_3",0.042722
"6837_7",0.896388
"6520_8",0.993123
"653_10",0.986363
"5373_1",0.015604
"8074_10",0.993216
"3906_8",0.965152
"9264_1",0.007403
"2160_2",0.006526
"624_3",0.986777
"3899_1",0.010642
"2181_7",0.054803
"7932_4",0.017127
"8278_1",0.808408
"7162_9",0.992988
"185_4",0.009541
"1997_8",0.975855
"7295_9",0.822046
"1083_3",0.020469
"4678_2",0.004973
"4859_10",0.992319
"9091_8",0.988222
"397_3",0.005150
"11157_9",0.862294
"11261_10",0.986891
"10828_9",0.993783
"2452_7",0.957557
"10268_7",0.983247
"10306_1",0.005797
"18_8",0.987154
"7998_10",0.984767
"8574_10",0.992408
"2953_10",0.993524
"8996_9",0.991891
"7389_9",0.990292
"202_4",0.025203
"5612_4",0.025155
"9916_8",0.945551
"7606_1",0.012662
"1585_8",0.833053
"11803_2",0.011609
"236_10",0.993891
"7827_4",0.017746
"5423_2",0.027481
"3625_1",0.011083
"9887_9",0.992047
"3429_8",0.974067
"372_2",0.011846
"1228_4",0.007984
"7891_10",0.976714
"4387_1",0.008228
"6067_1",0.087408
"7822_1",0.012420
"10898_2",0.004858
"512_2",0.004992
"647_9",0.126839
"5361_4",0.011475
"8583_4",0.097090
"2858_2",0.021927
"4920_10",0.991305
"6857_2",0.009259
"925_2",0.002576
"2959_3",0.023622
"11481_10",0.513089
"10824_1",0.962778
"1577_4",0.029118
"2231_7",0.939081
"11545_3",0.030618
"1539_2",0.013703
"9657_4",0.031410
"10362_7",0.966976
"11131_2",0.022890
"9833_7",0.995254
"8495_10",0.993015
"11781_2",0.058831
"1056_8",0.992452
"9402_1",0.004039
"6212_1",0.006050
"3151_1",0.004039
"5921_3",0.009812
"2198_4",0.009376
"269_2",0.117218
"11464_8",0.935169
"30_4",0.020666
"5300_1",0.015321
"2277_3",0.010259
"10410_10",0.946941
"5233_1",0.191328
"4336_10",0.813757
"3084_10",0.977714
"2908_8",0.986429
"2814_4",0.083292
"8347_10",0.988906
"2319_1",0.007621
"16_1",0.005609
"821_10",0.985314
"2793_10",0.966252
"9909_9",0.987568
"6934_3",0.095645
"9138_1",0.004637
"702_1",0.011321
"3886_3",0.020864
"8311_8",0.917562
"9199_1",0.011040
"1254_10",0.991339
"6590_7",0.982134
"3040_8",0.979195
"849_7",0.985468
"7555_10",0.992668
"9668_3",0.203510
"10942_7",0.748490
"11343_2",0.105441
"7906_10",0.988380
"11671_10",0.935700
"126_4",0.761716
"9623_8",0.966060
"2872_3",0.005609
"11895_10",0.991067
"3245_1",0.004062
"6145_8",0.990348
"1022_10",0.978323
"6261_1",0.006958
"6888_3",0.038502
"12443_1",0.004306
"7433_10",0.979136
"6512_7",0.981382
"4161_9",0.993096
"6745_7",0.973620
"1993_10",0.976061
"6325_3",0.011721
"12484_9",0.981858
"2204_10",0.991732
"8065_7",0.981910
"1705_7",0.979842
"9370_1",0.004839
"6150_1",0.016075
"3587_10",0.974845
"1906_1",0.010955
"5706_4",0.946646
"3854_9",0.981221
"9655_3",0.021308
"6736_2",0.006217
"2096_9",0.993474
"2846_2",0.040050
"11849_1",0.014351
"5224_1",0.008856
"2987_8",0.936227
"11058_8",0.983986
"2917_3",0.007673
"459_9",0.984441
"9418_7",0.907804
"5803_2",0.007915
"6742_10",0.992304
"2268_4",0.004417
"6832_7",0.989244
"4834_7",0.809803
"9532_1",0.097820
"8197_8",0.980262
"7728_1",0.007012
"1958_2",0.008292
"5380_8",0.992795
"4896_2",0.012135
"9529_2",0.033590
"3322_7",0.987104
"7629_4",0.232789
"9962_4",0.105995
"9277_4",0.021906
"1071_2",0.003057
"8266_2",0.004830
"6812_8",0.976129
"3196_7",0.098642
"3430_2",0.007389
"6052_10",0.991828
"221_3",0.005427
"3244_1",0.008446
"4846_1",0.007289
"2876_7",0.583812
"4247_4",0.005090
"11608_1",0.020765
"564_4",0.101056
"1978_2",0.302082
"4089_10",0.022564
"1633_8",0.993649
"8983_4",0.315565
"10909_7",0.990329
"8135_8",0.713307
"12238_1",0.007289
"9564_3",0.008669
"10174_9",0.969032
"1690_9",0.732209
"4756_8",0.973594
"10718_10",0.991406
"3489_7",0.980262
"2124_1",0.014378
"3842_3",0.007696
"2700_4",0.037187
"5960_8",0.991422
"6193_1",0.023131
"6719_7",0.866359
"7922_8",0.989889
"12132_8",0.625302
"10169_8",0.969062
"1486_4",0.186502
"8455_1",0.011029
"10019_1",0.003124
"7028_10",0.984855
"787_9",0.981131
"2414_4",0.021328
"7182_7",0.527134
"5548_9",0.987993
"3963_7",0.983486
"1584_7",0.974701
"6825_3",0.015559
"6588_3",0.011653
"10573_3",0.004094
"6693_10",0.982574
"5541_7",0.900966
"12053_9",0.989306
"3662_9",0.981004
"6829_10",0.990273
"285_10",0.988492
"1270_4",0.029229
"4320_10",0.940079
"1333_3",0.006062
"6618_1",0.973418
"10119_1",0.010725
"2886_1",0.010278
"8811_7",0.993123
"11087_9",0.988885
"3436_8",0.955319
"10479_10",0.989850
"8365_9",0.975367
"12140_8",0.967349
"6981_7",0.551966
"10447_2",0.008553
"10352_1",0.011147
"943_8",0.982674
"513_1",0.004610
"11192_1",0.028517
"587_3",0.018317
"3420_10",0.941277
"10030_7",0.861363
"3026_10",0.992920
"3145_1",0.060197
"2230_9",0.949389
"5193_1",0.008039
"11337_8",0.979136
"3601_9",0.992725
"3628_10",0.989612
"4952_10",0.967194
"1775_10",0.994203
"8141_4",0.021145
"572_3",0.014104
"6732_3",0.014227
"4274_4",0.055005
"5892_3",0.056340
"7035_10",0.986904
"5354_4",0.081082
"4264_4",0.009090
"8151_9",0.984017
"376_2",0.015830
"5352_1",0.013159
"1365_8",0.862120
"8272_10",0.988668
"6942_4",0.037964
"9067_4",0.119974
"11428_1",0.031470
"7308_3",0.841435
"8349_10",0.982971
"11336_4",0.035712
"551_9",0.992093
"4721_10",0.992640
"4862_1",0.007801
"5469_4",0.030015
"3834_10",0.991587
"4717_10",0.990821
"4202_9",0.949012
"5335_4",0.374311
"7587_8",0.984590
"10827_4",0.274327
"3432_1",0.005060
"6110_4",0.136724
"5618_7",0.925567
"11808_1",0.005292
"9293_4",0.065785
"2163_8",0.976423
"4802_1",0.014213
"5476_7",0.966789
"9991_1",0.005002
"2681_10",0.993710
"11728_2",0.942771
"1466_8",0.993423
"4853_7",0.875148
"3668_9",0.985566
"5334_7",0.916335
"12017_8",0.994157
"2046_9",0.976084
"2652_7",0.992123
"2250_8",0.970155
"2253_1",0.003490
"9733_10",0.879871
"3_4",0.055209
"6129_8",0.981648
"6858_3",0.029174
"371_8",0.980618
"1111_3",0.009214
"12330_1",0.007504
"3219_1",0.004442
"11372_9",0.989470
"1434_4",0.070081
"8232_7",0.905197
"7883_1",0.007696
"9151_2",0.291586
"10574_3",0.011288
"9376_8",0.986904
"7737_1",0.188026
"7410_8",0.972545
"10488_7",0.992437
"5906_10",0.992934
"5308_10",0.984411
"11266_2",0.006552
"7627_1",0.004867
"218_3",0.006266
"9031_2",0.012723
"3427_10",0.979551
"8532_3",0.007025
"6588_9",0.992423
"9744_1",0.017952
"3061_1",0.018511
"11668_9",0.990310
"9331_1",0.005946
"238_9",0.975249
"10593_8",0.967899
"4441_9",0.979765
"3717_3",0.008470
"5618_4",0.036839
"4353_10",0.987853
"1268_2",0.126353
"5178_3",0.010328
"2991_1",0.006463
"9976_9",0.994259
"7891_1",0.005271
"445_3",0.007930
"11158_7",0.838018
"10328_1",0.076477
"9137_9",0.968738
"7399_2",0.010358
"1187_7",0.664214
"10642_1",0.005343
"3939_3",0.010052
"5310_9",0.994089
"2087_9",0.988928
"57_4",0.007533
"4645_10",0.983231
"1734_4",0.019327
"8924_1",0.005900
"4418_3",0.043325
"9403_1",0.006811
"12065_10",0.991084
"6763_3",0.050565
"3882_8",0.983769
"7286_3",0.004094
"9259_9",0.988602
"5134_3",0.013624
"10166_4",0.978240
"8362_3",0.144089
"9701_4",0.039825
"4227_7",0.983455
"8483_10",0.990273
"6002_3",0.023465
"5815_9",0.994402
"9385_10",0.968560
"11047_1",0.003884
"6306_1",0.006426
"9141_2",0.004737
"4594_1",0.015830
"10471_4",0.048137
"48_9",0.992879
"8133_8",0.990083
"8493_1",0.012723
"3425_8",0.993795
"5731_9",0.990714
"4373_10",0.971456
"4366_10",0.994456
"6123_10",0.941493
"1430_3",0.007403
"508_7",0.990329
"11600_10",0.970268
"11767_8",0.962603
"1597_1",0.007177
"7257_8",0.992539
"244_2",0.005364
"116_4",0.545377
"7856_10",0.974264
"7640_9",0.978177
"10956_8",0.991339
"11002_3",0.018107
"11666_10",0.993587
"7683_4",0.034651
"10846_4",0.010998
"1317_2",0.004158
"5_7",0.107157
"8526_2",0.010150
"1526_7",0.960137
"3144_9",0.983723
"241_7",0.995566
"8953_1",0.007741
"5919_8",0.990714
"7983_4",0.018797
"5222_2",0.004512
"1662_1",0.007360
"5830_10",0.988799
"859_1",0.019161
"10761_8",0.026836
"12037_7",0.986675
"2629_10",0.992583
"1019_10",0.988039
"11270_10",0.812421
"620_8",0.981788
"6718_10",0.755366
"1402_8",0.530601
"6804_1",0.006628
"11743_1",0.013996
"3117_10",0.993673
"7441_9",0.984471
"4553_2",0.005888
"5182_10",0.992408
"81_9",0.980506
"8343_10",0.883638
"2030_1",0.003773
"7866_7",0.992823
"11132_1",0.016689
"879_3",0.006086
"6547_10",0.992016
"11166_4",0.007233
"7427_1",0.013519
"5848_4",0.106551
"10734_2",0.016137
"11263_10",0.956309
"9761_7",0.307059
"7582_10",0.988290
"3849_1",0.006811
"8242_10",0.986403
"309_10",0.994477
"5492_1",0.078430
"4294_2",0.082846
"7222_7",0.982724
"3365_1",0.008737
"11084_7",0.967502
"50_10",0.993136
"3234_1",0.114963
"10155_7",0.916035
"1181_1",0.006062
"1505_3",0.005031
"11926_1",0.007696
"12174_3",0.004982
"4589_4",0.024377
"12421_8",0.992334
"1079_8",0.991032
"4852_8",0.978094
"11753_8",0.990102
"11257_10",0.978915
"8270_1",0.010808
"7690_3",0.009090
"12354_8",0.953275
"11419_8",0.967717
"7587_4",0.042325
"818_9",0.990642
"10431_10",0.983359
"12056_4",0.979687
"7595_10",0.992934
"2601_1",0.006719
"10022_10",0.992753
"4124_1",0.012396
"11573_10",0.990768
"9868_1",0.005160
"7093_1",0.013624
"4993_3",0.008636
"3192_8",0.989244
"8269_10",0.983343
"5767_10",0.979393
"8440_7",0.909385
"1038_10",0.980931
"525_9",0.986739
"689_3",0.006290
"10989_1",0.005220
"6166_4",0.010694
"6452_10",0.991373
"3217_1",0.005469
"11629_4",0.050424
"4338_1",0.006944
"2822_1",0.016866
"11252_7",0.681594
"11097_9",0.955236
"7124_10",0.985314
"261_3",0.003938
"7828_10",0.948346
"9030_7",0.082586
"9723_2",0.010219
"6924_9",0.991032
"11945_4",0.079424
"11811_2",0.005764
"3115_8",0.977522
"4381_9",0.988085
"676_1",0.028626
"8002_9",0.992739
"9209_3",0.073963
"1677_10",0.991780
"7094_7",0.966945
"12193_8",0.828384
"1227_7",0.962988
"9186_10",0.991700
"6117_1",0.025059
"8621_2",0.541492
"9729_1",0.004315
"12239_7",0.814422
"2465_2",0.007490
"4360_10",0.945096
"10538_1",0.006351
"3439_4",0.225758
"256_10",0.985691
"7114_1",0.023757
"3206_3",0.219840
"229_10",0.944280
"7501_3",0.008602
"3639_1",0.004495
"9751_9",0.994336
"8277_3",0.009161
"5276_4",0.022393
"1804_8",0.990197
"8497_1",0.007475
"7742_1",0.004166
"9755_7",0.888469
"8429_8",0.992640
"769_3",0.049131
"7452_10",0.992626
"1004_4",0.024330
"6393_10",0.970127
"7457_1",0.025444
"8182_10",0.989389
"11589_9",0.991272
"4718_8",0.976736
"5315_10",0.992108
"9927_3",0.099252
"6391_1",0.013467
"532_3",0.049040
"10544_10",0.982674
"3576_4",0.012601
"5420_4",0.026582
"7140_10",0.990910
"11018_4",0.006004
"7443_8",0.987055
"7399_9",0.982641
"12129_10",0.982574
"6876_3",0.008864
"9227_1",0.480387
"4983_1",0.002850
"2502_1",0.010398
"2584_9",0.993015
"5637_2",0.007607
"6497_10",0.992583
"8464_2",0.004783
"2070_10",0.366126
"4574_3",0.025883
"1642_10",0.992823
"356_9",0.993056
"8052_4",0.932021
"2457_10",0.991812
"6322_4",0.006719
"2218_10",0.970660
"10669_7",0.971833
"5296_2",0.008054
"1118_1",0.006615
"8588_1",0.010082
"12348_10",0.987191
"7990_9",0.979354
"819_7",0.410225
"10552_7",0.049635
"9126_4",0.004944
"11190_9",0.968709
"6696_2",0.064241
"4906_10",0.954816
"6809_4",0.578820
"10032_1",0.007332
"2694_10",0.989551
"6411_8",0.981613
"11967_9",0.939692
"10190_1",0.009927
"316_1",0.004000
"5644_9",0.993512
"12083_10",0.985398
"9280_3",0.026607
"11735_2",0.131619
"5219_1",0.010881
"6810_3",0.003869
"7817_2",0.004755
"6753_9",0.322833
"16_8",0.992319
"3908_1",0.010219
"11502_10",0.992062
"523_1",0.016168
"11213_10",0.989850
"5058_8",0.993973
"3290_1",0.011486
"2954_4",0.011915
"7148_1",0.403332
"4455_7",0.992809
"1873_7",0.990945
"4796_2",0.006890
"6317_3",0.110519
"11153_10",0.964221
"3319_1",0.005877
"1247_9",0.994380
"9119_1",0.009927
"7904_10",0.969613
"4892_1",0.009205
"4608_8",0.991221
"4756_4",0.006145
"230_1",0.046421
"6730_1",0.020904
"6639_8",0.970992
"1726_1",0.006850
"4540_2",0.092976
"1898_1",0.017160
"877_1",0.007563
"10416_9",0.990102
"1359_2",0.039862
"8886_1",0.015174
"553_1",0.014658
"5252_10",0.990083
"8808_9",0.994180
"8792_10",0.993189
"11723_10",0.990459
"6977_9",0.853119
"5050_2",0.012858
"6413_8",0.987735
"9880_8",0.951908
"5827_10",0.993973
"5271_10",0.975012
"12231_2",0.003795
"9913_1",0.008495
"3058_10",0.976152
"1278_10",0.993150
"4923_9",0.988949
"4662_1",0.003608
"10857_2",0.018707
"5033_7",0.856932
"7681_10",0.987228
"8916_3",0.074064
"10603_3",0.031114
"8940_3",0.913368
"2381_1",0.039825
"9188_8",0.985635
"5290_8",0.976152
"6746_1",0.013008
"1001_10",0.987204
"1190_1",0.004417
"1858_1",0.005031
"5645_10",0.989652
"3021_9",0.986636
"9801_2",0.258911
"2498_4",0.006864
"7972_10",0.995309
"1200_1",0.042127
"9626_4",0.177347
"11750_10",0.987302
"9571_10",0.994325
"11593_10",0.993216
"4432_10",0.984246
"10324_1",0.005900
"9123_10",0.947962
"10155_1",0.008462
"12237_10",0.993950
"2828_2",0.056914
"6375_4",0.008669
"8264_10",0.992229
"6131_7",0.963231
"2950_10",0.993333
"3584_1",0.006958
"3077_9",0.988885
"8867_10",0.988403
"4189_9",0.979116
"2297_9",0.988062
"3607_8",0.985072
"339_10",0.991748
"6450_10",0.990892
"8537_9",0.979687
"5663_10",0.993385
"7179_10",0.975670
"1929_10",0.751010
"7363_10",0.977306
"7073_10",0.982490
"8472_10",0.990366
"2397_4",0.016514
"5710_3",0.015087
"12429_1",0.005100
"4841_9",0.965152
"5819_2",0.020410
"7112_8",0.845688
"1087_10",0.991938
"10766_8",0.988514
"10675_8",0.101589
"11953_3",0.013236
"1927_9",0.969928
"10455_9",0.994031
"451_8",0.930395
"10796_8",0.987424
"5288_7",0.994020
"4368_2",0.008653
"10456_10",0.979136
"9981_1",0.004592
"11403_1",0.006771
"5219_7",0.933005
"11929_4",0.053059
"5481_10",0.990696
"3829_4",0.032253
"11367_4",0.049589
"8154_10",0.986138
"2754_2",0.011040
"2299_10",0.993474
"8868_1",0.022371
"4566_10",0.988992
"6688_1",0.007861
"2666_4",0.009718
"11892_10",0.989389
"2667_10",0.967990
"9244_9",0.986165
"12498_7",0.865906
"3493_9",0.958382
"7565_10",0.972099
"2916_7",0.989161
"12473_8",0.994940
"3142_9",0.993549
"3289_10",0.990310
"11159_10",0.990587
"8428_2",0.007592
"4152_8",0.992823
"10754_8",0.984002
"11718_1",0.004811
"5408_1",0.003758
"5686_8",0.986954
"7479_8",0.982031
"5160_10",0.990064
"3138_1",0.003847
"10343_9",0.989076
"9524_3",0.121529
"7794_1",0.006745
"5433_1",0.054049
"3380_8",0.991118
"7222_3",0.007360
"1751_4",0.963265
"3914_10",0.697918
"8022_3",0.028382
"3975_4",0.024516
"8177_1",0.011040
"5670_1",0.005190
"203_10",0.992093
"4315_2",0.006985
"8296_8",0.955194
"971_10",0.989731
"12018_1",0.006890
"3714_9",0.974288
"4342_2",0.081119
"4965_3",0.010955
"5126_8",0.981203
"10686_3",0.102754
"7290_10",0.987876
"8474_8",0.993397
"7633_2",0.012772
"2226_10",0.937440
"1436_9",0.992031
"813_10",0.943295
"11865_7",0.981149
"4937_9",0.993783
"4613_9",0.318565
"8129_9",0.914520
"2376_4",0.048137
"6861_1",0.028409
"9104_2",0.028816
"10590_3",0.034980
"11021_4",0.012468
"9480_10",0.986031
"12212_10",0.912631
"11766_7",0.987640
"5356_7",0.985936
"9572_7",0.993661
"3264_8",0.988245
"11794_1",0.002174
"11739_2",0.159021
"731_8",0.976243
"6278_9",0.660775
"625_10",0.990496
"7252_2",0.004746
"5171_10",0.992879
"9149_3",0.011665
"10780_3",0.016514
"1568_9",0.992975
"7291_9",0.986533
"2288_8",0.990587
"3126_9",0.992947
"3352_7",0.971483
"9455_1",0.006050
"1709_7",0.806052
"9309_2",0.014365
"994_3",0.007748
"4173_10",0.922900
"113_3",0.028598
"10472_10",0.991587
"7193_1",0.006577
"9978_3",0.006451
"783_8",0.985552
"7585_10",0.990569
"2135_9",0.981577
"10887_10",0.990803
"4075_2",0.016899
"10521_2",0.006388
"844_1",0.015204
"6691_3",0.021226
"3879_4",0.019142
"3511_1",0.023398
"332_1",0.020235
"7398_4",0.024657
"1845_1",0.007748
"3890_3",0.048903
"3781_9",0.980431
"3723_1",0.010043
"2908_1",0.006086
"7625_3",0.006302
"6310_10",0.987688
"9432_4",0.913792
"1820_10",0.992047
"6809_8",0.992795
"9911_1",0.017062
"12001_8",0.983455
"7266_7",0.980034
"263_10",0.987544
"2109_3",0.107719
"7293_4",0.528290
"8874_8",0.986191
"2143_4",0.228458
"4307_9",0.988492
"4176_1",0.006364
"8369_3",0.679179
"12317_1",0.004348
"1687_4",0.008454
"12082_1",0.012735
"3396_10",0.985977
"9129_9",0.990102
"10090_10",0.993950
"11841_1",0.013809
"12447_4",0.005281
"11624_10",0.993686
"8624_10",0.949059
"9290_1",0.012908
"1108_8",0.631225
"4300_10",0.992123
"2553_4",0.251648
"10550_8",0.871639
"8884_10",0.955236
"6760_2",0.011497
"1177_3",0.034068
"9939_2",0.973544
"2100_7",0.958924
"9677_1",0.012784
"2511_4",0.008397
"4115_8",0.985732
"437_9",0.972519
"6698_10",0.877582
"11049_9",0.993029
"10168_4",0.035779
"8071_8",0.984155
"12474_4",0.994391
"3775_10",0.990044
"7478_10",0.989791
"4312_8",0.941708
"3105_7",0.990606
"640_9",0.994247
"6891_1",0.011343
"1849_10",0.991796
"8528_7",0.962532
"9032_4",0.894881
"11743_9",0.991032
"2813_10",0.980618
"846_2",0.031173
"3695_4",0.533549
"5972_3",0.009888
"4831_1",0.007666
"11826_1",0.007317
"7684_10",0.965771
"7042_8",0.967008
"10247_10",0.984426
"6766_8",0.993549
"2091_2",0.030821
"5108_2",0.011409
"10644_1",0.017594
"5955_2",0.011996
"9451_10",0.982440
"11518_10",0.981595
"3871_1",0.008078
"5013_1",0.006771
"5056_4",0.056600
"3688_1",0.007726
"2325_2",0.006302
"6330_4",0.080177
"8783_1",0.013889
"3848_3",0.013875
"5901_10",0.983470
"10947_3",0.015087
"4590_10",0.985923
"4337_10",0.479869
"11029_3",0.034980
"10980_3",0.026683
"165_7",0.973944
"474_8",0.994358
"3175_8",0.980413
"11764_1",0.013480
"2164_7",0.910386
"8891_8",0.986271
"8294_9",0.989098
"6602_7",0.621448
"8187_8",0.871365
"2609_2",0.096791
"6506_8",0.994890
"2207_1",0.016498
"2467_9",0.990441
"7440_1",0.006890
"6417_8",0.989055
"12278_7",0.991684
"4495_3",0.017952
"8223_10",0.985115
"3659_4",0.911574
"1120_3",0.008994
"9713_3",0.008397
"808_10",0.963334
"11164_10",0.993722
"3536_10",0.969120
"10930_1",0.007636
"6868_4",0.016996
"2248_1",0.003566
"3624_4",0.031529
"1442_1",0.002337
"10167_4",0.014131
"10645_10",0.977241
"4414_1",0.253561
"6409_2",0.005533
"10486_1",0.009349
"2983_7",0.969613
"4985_4",0.072145
"3566_9",0.961570
"8340_4",0.111773
"10246_9",0.977088
"7380_1",0.191063
"12381_3",0.025736
"11723_4",0.054249
"7478_1",0.018924
"900_9",0.983455
"3364_2",0.009385
"6570_1",0.026081
"9309_8",0.992668
"6044_1",0.005675
"9261_2",0.012686
"5690_8",0.993636
"5326_2",0.007403
"11179_10",0.975012
"8908_1",0.005312
"10224_9",0.993255
"7318_10",0.982117
"11098_8",0.840848
"10120_1",0.009831
"4561_2",0.293582
"4409_3",0.018073
"4301_9",0.027507
"9254_3",0.004031
"10717_9",0.993203
"10619_2",0.014928
"5924_1",0.203391
"11657_10",0.988690
"6373_4",0.015454
"10469_10",0.984898
"5531_9",0.968679
"1089_10",0.990927
"5082_10",0.981753
"4267_1",0.006615
"3006_10",0.923799
"9318_3",0.008276
"11877_1",0.003279
"7274_1",0.009756
"12450_7",0.953013
"148_9",0.868046
"10353_10",0.855791
"1368_8",0.429818
"9408_7",0.596874
"5739_7",0.945147
"7036_10",0.981185
"11554_2",0.047338
"4601_9",0.992711
"10376_3",0.026759
"2486_8",0.950824
"5745_4",0.024633
"873_3",0.006302
"7009_1",0.011778
"542_7",0.856573
"12008_8",0.988290
"8040_8",0.993320
"4048_2",0.010829
"4895_10",0.987424
"11789_9",0.979374
"5084_7",0.977522
"9207_10",0.992123
"923_4",0.012135
"106_3",0.593094
"1125_1",0.015248
"839_10",0.988820
"5285_10",0.994043
"7444_7",0.477036
"1566_8",0.971074
"3285_1",0.009055
"6203_2",0.008977
"11147_3",0.013597
"11152_3",0.018055
"3335_9",0.983785
"6689_1",0.009746
"6557_7",0.989692
"3362_10",0.989055
"101_3",0.011553
"10692_4",0.013611
"4462_7",0.992975
"265_1",0.016705
"1369_3",0.017144
"9112_10",0.991422
"7870_1",0.015087
"6102_10",0.976129
"3973_10",0.990441
"8232_1",0.010130
"3177_10",0.987228
"11598_10",0.038358
"882_2",0.883034
"5660_10",0.985356
"1685_10",0.990678
"2064_1",0.006241
"2296_9",0.991067
"3648_10",0.957833
"5486_4",0.081082
"2496_8",0.957517
"9579_10",0.992988
"10776_10",0.988820
"5889_10",0.993015
"8292_1",0.005598
"10547_3",0.006837
"10415_7",0.841956
"10741_1",0.008470
"10196_1",0.007930
"12155_2",0.005741
"2224_3",0.035746
"10356_7",0.800926
"7202_1",0.006944
"11973_10",0.870046
"1792_8",0.994146
"7894_9",0.988928
"11413_1",0.011996
"10596_10",0.990821
"2462_2",0.018038
"9451_1",0.010479
"2895_1",0.009765
"2513_4",0.084078
"11950_7",0.804636
"10566_9",0.967380
"2209_4",0.844024
"9292_4",0.043610
"5575_8",0.986284
"1688_4",0.021247
"440_8",0.991620
"6324_10",0.989811
"8296_2",0.008653
"9460_1",0.154440
"3992_8",0.988425
"11425_10",0.963022
"147_4",0.067209
"2897_4",0.120853
"6214_4",0.009143
"11157_4",0.034521
"4204_8",0.993771
"7255_2",0.022868
"8435_1",0.013261
"11354_2",0.004486
"2136_9",0.990606
"295_1",0.025155
"335_10",0.993110
"8791_4",0.023577
"2817_1",0.012229
"1629_8",0.994314
"6826_3",0.008188
"5550_8",0.991954
"3572_10",0.988668
"4543_10",0.986403
"2789_1",0.005281
"12288_7",0.938463
"9769_9",0.993961
"1257_1",0.007446
"6180_10",0.971019
"8881_8",0.964921
"7075_10",0.964589
"10254_1",0.011812
"12214_10",0.976535
"829_10",0.969411
"5633_8",0.889577
"6202_7",0.123524
"4843_10",0.964589
"7564_8",0.986191
"3539_4",0.079068
"9634_9",0.940298
"7578_9",0.988245
"6642_9",0.994739
"3438_8",0.989389
"11407_4",0.020864
"9891_1",0.007930
"3875_4",0.134151
"6447_2",0.008180
"5027_8",0.971537
"11415_7",0.993436
"7762_9",0.946001
"7263_10",0.983629
"6556_1",0.069384
"5491_10",0.990441
"3418_8",0.933309
"4137_1",0.038793
"5519_7",0.992062
"3435_9",0.978774
"10199_10",0.977306
"5212_4",0.015380
"11891_10",0.991373
"4989_7",0.217712
"2883_3",0.058132
"9154_2",0.455956
"8384_10",0.984501
"4082_10",0.970493
"4334_2",0.031499
"5652_10",0.993926
"4544_2",0.011823
"4987_8",0.957318
"9648_3",0.008528
"10755_4",0.065128
"4386_1",0.009020
"4619_4",0.029619
"5860_7",0.930268
"11492_1",0.006904
"2126_9",0.992809
"8355_7",0.950960
"6560_10",0.991684
"4026_9",0.990927
"4019_7",0.991716
"455_10",0.987735
"6637_1",0.961929
"7490_3",0.008856
"10533_10",0.422803
"7417_7",0.966188
"3392_2",0.008284
"460_1",0.005992
"5364_10",0.993096
"234_7",0.992093
"709_4",0.096706
"2753_9",0.945147
"9434_10",0.977088
"2835_7",0.994169
"6849_1",0.004538
"11186_3",0.010130
"10902_8",0.966474
"2617_2",0.004592
"7423_9",0.972571
"4699_1",0.006401
"12312_10",0.991732
"6185_4",0.047869
"3742_3",0.010913
"1314_8",0.995272
"7985_1",0.133754
"3669_4",0.098382
"2791_8",0.982906
"2295_8",0.993359
"12111_1",0.006890
"11827_10",0.962250
"10191_1",0.010923
"5264_2",0.036908
"11002_8",0.974435
"12423_2",0.009985
"3551_7",0.525612
"10804_3",0.070977
"3670_4",0.010121
"8408_10",0.992016
"1307_10",0.989612
"10906_10",0.986662
"4039_2",0.005843
"1010_9",0.992423
"8764_1",0.008244
"10894_10",0.993537
"1249_1",0.003915
"1844_9",0.992554
"3252_9",0.981736
"12272_1",0.061876
"5599_10",0.993624
"6265_8",0.991954
"4497_4",0.026156
"3925_2",0.016577
"7935_9",0.989572
"12146_1",0.003299
"2345_3",0.245763
"11171_10",0.988885
"6726_1",0.023509
"11129_9",0.978010
"616_10",0.971645
"11349_3",0.011255
"2485_10",0.987616
"3212_4",0.041852
"5578_10",0.993255
"2252_9",0.991668
"11643_3",0.070816
"12081_4",0.019569
"4104_10",0.991356
"4504_7",0.972882
"6354_10",0.986231
"12118_8",0.992393
"9680_10",0.987876
"7173_10",0.992753
"1965_3",0.014351
"2674_7",0.882428
"1425_1",0.011354
"4017_8",0.995381
"3835_2",0.117370
"1335_4",0.067701
"627_1",0.034750
"8330_3",0.287843
"8907_1",0.005797
"11801_10",0.994698
"3231_1",0.007135
"860_4",0.026355
"2902_8",0.974988
"11550_4",0.013849
"4944_10",0.994314
"10190_10",0.141697
"4090_3",0.002958
"3863_1",0.003370
"3904_9",0.994890
"917_4",0.021760
"5540_2",0.009975
"9183_7",0.572424
"2570_4",0.060585
"11868_1",0.011653
"7438_3",0.041462
"10484_2",0.010818
"1988_8",0.994423
"46_2",0.285248
"6624_4",0.018707
"4666_7",0.993069
"11479_4",0.046595
"308_1",0.003463
"5400_9",0.960510
"5258_1",0.016153
"432_3",0.007289
"7245_1",0.011212
"7082_1",0.005566
"9698_10",0.983565
"1085_9",0.832917
"9999_10",0.991322
"4235_7",0.988492
"11603_10",0.935110
"4457_3",0.091342
"5022_8",0.967778
"12278_3",0.364618
"12076_2",0.099426
"7239_4",0.065545
"4691_10",0.993333
"9820_2",0.016673
"5932_1",0.017094
"10265_9",0.978343
"9247_2",0.008779
"4581_3",0.768429
"11060_7",0.871037
"10349_2",0.006401
"9821_3",0.248170
"3375_7",0.988177
"5515_10",0.983198
"3921_8",0.989672
"6671_8",0.986954
"7051_7",0.988358
"743_7",0.492463
"8230_3",0.044390
"11203_2",0.011376
"11616_1",0.048858
"8033_9",0.980110
"1472_10",0.744981
"1932_3",0.052912
"6827_2",0.007877
"6912_4",0.003877
"12024_1",0.008031
"10625_1",0.040961
"9528_10",0.989430
"6663_3",0.019438
"10727_1",0.004015
"6646_10",0.992668
"7632_7",0.981221
"8518_2",0.005060
"6398_9",0.992975
"488_8",0.992988
"4133_1",0.005764
"4128_10",0.984306
"5883_10",0.984767
"10240_1",0.008389
"8791_8",0.984884
"10917_8",0.991084
"9097_10",0.984956
"8438_1",0.006824
"7536_1",0.009718
"7542_3",0.057652
"3928_7",0.992289
"12477_2",0.007621
"9157_3",0.006205
"2694_2",0.755772
"3632_3",0.035178
"7169_10",0.988712
"6931_7",0.733309
"11474_10",0.993359
"2252_1",0.005281
"1261_7",0.964018
"523_9",0.925365
"12233_2",0.003780
"4731_9",0.968679
"12376_10",0.943452
"11834_4",0.194597
"7063_9",0.964756
"5289_1",0.007261
"9632_3",0.021206
"11086_1",0.006654
"8224_10",0.982237
"8013_3",0.105487
"8003_3",0.008180
"2281_8",0.896885
"4643_7",0.958693
"7942_3",0.007778
"11067_2",0.007607
"5577_1",0.003892
"5796_1",0.006628
"11514_1",0.010520
"1867_1",0.013519
"4804_2",0.009331
"4547_1",0.006351
"6391_7",0.877214
"6260_9",0.987055
"5355_10",0.963916
"12358_4",0.075244
"860_7",0.993069
"3768_1",0.014490
"8742_3",0.641275
"10786_4",0.006015
"5337_3",0.006266
"11260_10",0.981542
"7364_1",0.007247
"4434_2",0.011497
"10604_8",0.990404
"9587_7",0.373304
"738_1",0.024215
"3757_8",0.991015
"6970_10",0.961714
"6194_1",0.011631
"4559_10",0.967410
"2334_3",0.015604
"10636_3",0.013835
"4192_1",0.013223
"1579_4",0.039975
"7168_10",0.993698
"3789_9",0.904903
"5617_7",0.983986
"5757_8",0.984351
"1431_7",0.926437
"6130_4",0.020004
"12092_3",0.069827
"7918_3",0.012858
"5386_10",0.959837
"2794_9",0.832441
"2394_2",0.006253
"10690_7",0.972882
"6406_4",0.020864
"12288_2",0.010378
"7405_4",0.223038
"6153_10",0.409324
"5577_9",0.988358
"1462_1",0.017969
"7732_9",0.990857
"9046_10",0.985398
"11086_8",0.992823
"1426_7",0.588579
"12174_10",0.967287
"5537_1",0.013782
"11746_1",0.007163
"12203_10",0.991844
"11585_7",0.992408
"9765_1",0.016689
"6295_8",0.765637
"3991_4",0.050471
"11134_10",0.986324
"12379_7",0.472653
"7316_2",0.025179
"6955_4",0.040884
"8092_7",0.959762
"9788_1",0.010111
"9494_1",0.010082
"721_10",0.985468
"1250_9",0.991812
"3204_2",0.020177
"6539_9",0.984826
"7944_1",0.010459
"8632_8",0.971483
"2787_10",0.989652
"11497_1",0.007696
"8577_9",0.990587
"2717_8",0.956227
"3251_8",0.992823
"11714_7",0.994760
"3868_7",0.984855
"7394_1",0.175220
"481_7",0.593595
"5237_2",0.014574
"11148_9",0.980894
"11946_7",0.970937
"7301_1",0.004166
"384_9",0.922343
"8535_2",0.005011
"8067_8",0.964153
"8452_2",0.014518
"7361_1",0.013033
"4017_3",0.070049
"6304_9",0.988199
"7326_10",0.995426
"399_1",0.005753
"9003_1",0.003961
"11314_8",0.954984
"4909_10",0.987544
"10463_10",0.988799
"7355_2",0.028707
"3553_2",0.007946
"4404_10",0.983455
"9304_1",0.004298
"7903_1",0.005480
"4429_3",0.072867
"6287_7",0.877582
"10461_1",0.005002
"668_10",0.990839
"7560_10",0.992947
"2785_1",0.003765
"2801_10",0.993359
"4318_9",0.983231
"244_9",0.993562
"12435_2",0.004820
"2788_9",0.987496
"2537_7",0.979215
"928_1",0.001779
"3312_7",0.978935
"12147_10",0.990910
"5414_9",0.993487
"9871_1",0.009394
"1308_8",0.991015
"7668_1",0.006513
"5571_10",0.968051
"2052_10",0.993795
"7089_9",0.995609
"6411_2",0.006654
"8514_1",0.007163
"5921_10",0.994066
"3264_1",0.008078
"319_1",0.022955
"3433_10",0.991439
"1610_8",0.994347
"8002_3",0.018779
"8099_9",0.930078
"5418_1",0.011744
"6247_3",0.111096
"5153_8",0.992364
"12201_1",0.038286
"8900_1",0.055158
"10908_2",0.011343
"598_1",0.009170
"10590_9",0.932515
"6706_10",0.978651
"12299_9",0.986828
"2159_7",0.893216
"186_1",0.049451
"3008_8",0.990892
"831_7",0.988039
"2717_3",0.012858
"5174_10",0.989771
"3088_3",0.083329
"6262_8",0.983707
"12303_1",0.023509
"9904_8",0.973820
"10097_10",0.994214
"6242_8",0.988971
"9653_10",0.994698
"12499_1",0.007816
"894_1",0.069637
"8935_7",0.955858
"3184_2",0.007673
"2226_4",0.041076
"592_10",0.992000
"2173_8",0.988492
"10967_2",0.005427
"3332_3",0.082254
"1074_2",0.012933
"2396_4",0.008172
"2627_4",0.233532
"5982_9",0.986111
"1386_1",0.006062
"7325_4",0.312239
"112_2",0.006364
"8856_10",0.994636
"1948_1",0.003643
"5791_4",0.656080
"1007_9",0.992481
"3758_3",0.007289
"6455_2",0.003700
"6464_9",0.993015
"5403_10",0.980394
"7076_10",0.987759
"6123_3",0.120594
"2832_7",0.977132
"9287_10",0.987711
"3665_10",0.992781
"4488_4",0.013969
"5861_1",0.003984
"2222_10",0.965932
"9608_1",0.013046
"6225_4",0.011631
"5643_3",0.017094
"8720_7",0.618125
"4955_7",0.989870
"6839_1",0.014602
"7396_1",0.004382
"6234_8",0.983166
"10423_1",0.013121
"2158_1",0.004556
"6929_8",0.992767
"7593_3",0.018090
"636_1",0.005448
"2747_7",0.462079
"7398_10",0.991922
"6852_4",0.021247
"9938_3",0.002912
"3989_3",0.164987
"1104_9",0.255762
"5897_3",0.009946
"5254_3",0.005555
"4824_1",0.049222
"10945_8",0.723798
"11486_8",0.991985
"2542_1",0.007953
"1824_10",0.994380
"10181_2",0.007261
"2492_9",0.993747
"8111_1",0.011586
"5844_9",0.993320
"1369_7",0.782413
"10775_4",0.013197
"9617_9",0.952131
"4709_1",0.004078
"7043_2",0.013185
"5166_10",0.984575
"1604_8",0.994112
"8576_8",0.992539
"1916_7",0.894513
"10286_10",0.989055
"10241_1",0.006266
"12441_9",0.990786
"4529_1",0.009927
"1553_3",0.019290
"3985_4",0.873215
"5542_8",0.971992
"10857_9",0.978651
"7600_1",0.005080
"12095_9",0.956472
"3134_10",0.990660
"9472_3",0.225800
"1058_10",0.995558
"7328_9",0.993307
"3865_3",0.005406
"7409_3",0.008008
"4795_1",0.006181
"11596_10",0.984708
"3758_8",0.844537
"5099_4",0.008437
"7707_10",0.908130
"1412_3",0.010229
"4720_10",0.992364
"978_7",0.966600
"6165_8",0.993698
"1307_1",0.013248
"2322_7",0.972598
"5328_10",0.987640
"11934_8",0.993914
"1940_3",0.006193
"6270_10",0.023803
"5262_8",0.988799
"4068_9",0.961714
"1208_3",0.290880
"10220_3",0.024122
"5091_1",0.022329
"2738_1",0.006798
"8909_3",0.326271
"932_2",0.154185
"863_10",0.984913
"454_1",0.006278
"10525_4",0.030387
"175_4",0.248808
"4551_1",0.008117
"5666_1",0.003377
"4324_10",0.965053
"8189_1",0.010871
"12064_10",0.976669
"8622_10",0.967039
"1115_9",0.968974
"9593_1",0.007346
"5579_10",0.992947
"3467_1",0.009277
"11409_1",0.005170
"8682_1",0.082401
"7866_1",0.004792
"6111_8",0.855791
"524_9",0.993150
"9837_7",0.990997
"2215_1",0.011564
"6840_10",0.980300
"7384_8",0.993123
"6353_7",0.958382
"8650_3",0.014406
"1890_10",0.811116
"10402_8",0.994066
"3770_4",0.009532
"3086_1",0.005230
"1487_3",0.138928
"2995_10",0.985635
"2356_7",0.921216
"5320_10",0.994089
"3235_1",0.033940
"6802_1",0.006552
"11329_9",0.959459
"1143_8",0.972099
"5768_3",0.006693
"8004_1",0.004934
"5453_3",0.053255
"11288_10",0.955068
"3278_10",0.995523
"11856_7",0.961965
"12057_10",0.986636
"1825_4",0.008332
"3319_10",0.993783
"5956_7",0.960584
"4875_10",0.993819
"562_1",0.011996
"11359_8",0.919136
"12454_10",0.976423
"10621_2",0.033812
"10407_2",0.006998
"3532_2",0.018055
"10162_4",0.382805
"7084_4",0.059428
"167_10",0.945801
"3362_1",0.009295
"6370_10",0.994247
"2281_3",0.119305
"10454_1",0.008754
"12387_8",0.981577
"8375_8",0.979215
"9656_3",0.043083
"9387_1",0.008454
"4907_1",0.006376
"4697_9",0.994488
"4217_1",0.006205
"8860_10",0.993914
"7312_3",0.020785
"9326_10",0.985704
"3785_8",0.896024
"2255_1",0.014186
"9950_3",0.068756
"558_2",0.005820
"413_8",0.947721
"7837_9",0.990980
"9192_1",0.006590
"7_1",0.004323
"9674_1",0.011721
"9771_4",0.009458
"3331_10",0.949482
"11444_8",0.858363
"3009_7",0.991859
"5584_1",0.007696
"12044_10",0.985663
"5952_9",0.992108
"4989_2",0.002310
"5722_3",0.006904
"6207_4",0.064359
"7646_1",0.005395
"1811_3",0.004774
"1197_3",0.006590
"709_9",0.987876
"8554_9",0.993163
"1706_9",0.989202
"10060_10",0.960137
"6818_1",0.009860
"7255_9",0.950503
"3790_7",0.979803
"7833_9",0.317347
"7448_4",0.028114
"3456_1",0.006109
"3881_3",0.002845
"11049_1",0.009188
"1269_1",0.007346
"7803_10",0.989751
"1413_9",0.755952
"1289_8",0.994594
"3967_9",0.990197
"7533_10",0.988062
"5372_8",0.993216
"1518_1",0.007831
"10752_3",0.109515
"4863_3",0.006931
"699_1",0.007577
"11537_3",0.016293
"9241_7",0.967930
"876_3",0.045863
"11234_4",0.012809
"5942_4",0.454623
"1778_10",0.943400
"2631_9",0.718545
"7425_9",0.991373
"3410_10",0.990962
"9155_10",0.973292
"4396_10",0.991748
"8894_7",0.986904
"6034_10",0.989889
"12105_1",0.005031
"11645_7",0.978281
"1821_4",0.753376
"9028_7",0.980876
"4670_7",0.974965
"4720_3",0.011631
"10001_1",0.004442
"8363_2",0.003854
"5681_9",0.983986
"8165_10",0.992767
"11961_2",0.009223
"406_1",0.007149
"8313_1",0.009908
"11945_7",0.880129
"9454_9",0.967869
"9523_10",0.993423
"10516_10",0.972441
"6036_3",0.019871
"5046_1",0.008959
"9019_9",0.864996
"5471_10",0.991700
"11862_7",0.142351
"651_1",0.047647
"3131_9",0.989161
"9912_1",0.006526
"6231_2",0.018142
"5523_2",0.050705
"1817_1",0.038142
"8880_7",0.968974
"6080_4",0.045353
"9940_1",0.899740
"3409_4",0.017712
"3713_4",0.018636
"3447_3",0.198958
"3460_8",0.992597
"9397_10",0.957557
"5528_8",0.937038
"7658_10",0.988580
"5893_10",0.985172
"1646_1",0.004399
"9620_7",0.868994
"66_3",0.183813
"1691_10",0.964221
"4311_7",0.931025
"12091_1",0.007651
"5391_1",0.003657
"576_4",0.016231
"4734_9",0.518577
"6008_10",0.993879
"8527_7",0.993096
"6048_10",0.953923
"5102_10",0.992408
"6794_10",0.990404
"3473_3",0.023131
"2025_9",0.990587
"9728_2",0.007461
"10704_10",0.991969
"9094_4",0.803482
"7838_9",0.989830
"5779_1",0.007831
"5342_4",0.082143
"9291_10",0.979977
"7028_2",0.053059
"1331_9",0.961822
"9913_8",0.977132
"10250_10",0.991732
"9227_8",0.851336
"6278_4",0.671067
"2302_1",0.010766
"7000_2",0.032283
"416_2",0.010622
"6846_1",0.029146
"3253_9",0.992879
"1712_1",0.008899
"9720_10",0.992879
"769_9",0.994336
"6635_10",0.993698
"1421_10",0.943034
"6803_1",0.013875
"4290_4",0.005031
"2465_7",0.934694
"70_8",0.993973
"5176_10",0.990980
"305_2",0.017763
"11094_3",0.060418
"1109_10",0.993649
"95_3",0.399094
"2378_10",0.960878
"3270_3",0.008636
"6999_4",0.982707
"7594_8",0.807802
"9549_10",0.982807
"8263_4",0.111967
"10379_9",0.987204
"11187_1",0.530054
"2278_3",0.010489
"11180_4",0.021308
"745_10",0.992199
"9794_4",0.292040
"6565_1",0.007984
"9608_8",0.969928
"12222_1",0.007823
"9330_9",0.931400
"3611_9",0.991922
"1775_4",0.021267
"3635_1",0.020391
"3893_1",0.005427
"2802_1",0.007533
"2481_10",0.975554
"1540_3",0.013862
"2205_4",0.018887
"10970_7",0.977735
"8287_2",0.007519
"484_1",0.008101
"249_2",0.853242
"12073_10",0.993938
"1443_7",0.992259
"4985_7",0.981560
"12247_1",0.023985
"3170_3",0.005302
"2900_10",0.988906
"1930_9",0.993346
"12309_10",0.994031
"10720_8",0.973241
"5260_4",0.187542
"5212_8",0.992364
"3872_10",0.994180
"9705_1",0.006944
"10367_8",0.986004
"10063_10",0.987228
"9682_1",0.010955
"7356_8",0.947769
"6045_7",0.938745
"3181_10",0.987711
"7212_9",0.945197
"8801_9",0.968827
"2910_3",0.043204
"5031_7",0.989286
"1416_1",0.007346
"8903_10",0.992304
"10620_4",0.026506
"8957_1",0.016466
"3374_1",0.036769
"9196_1",0.010121
"5167_10",0.990839
"10900_1",0.015906
"5405_2",0.005130
"1546_1",0.159217
"12331_4",0.014943
"4733_9",0.965900
"6682_10",0.978611
"1356_8",0.990839
"2301_2",0.006488
"11565_7",0.914863
"8731_7",0.812421
"1638_10",0.991135
"7280_3",0.007389
"51_4",0.231050
"355_4",0.087408
"485_10",0.991922
"554_4",0.018038
"8059_3",0.006015
"3645_4",0.085327
"7332_7",0.974988
"10877_2",0.018194
"10837_1",0.010229
"6273_10",0.904945
"11773_2",0.016387
"744_1",0.010160
"9762_8",0.987042
"831_4",0.022329
"4450_3",0.007563
"5338_4",0.011858
"6741_2",0.012206
"5962_9",0.838217
"10363_3",0.007094
"9063_10",0.994369
"2739_1",0.015410
"5920_2",0.006654
"5200_9",0.991153
"6498_10",0.992583
"591_1",0.004728
"8010_9",0.993307
"369_8",0.994445
"9971_9",0.991389
"11735_8",0.951188
"11278_10",0.994077
"1464_9",0.961461
"3787_8",0.985828
"10097_2",0.007938
"3728_8",0.993783
"9996_2",0.013703
"8676_10",0.977947
"9718_4",0.008511
"9280_7",0.958187
"8343_4",0.070113
"3505_1",0.013223
"8863_10",0.989830
"5682_10",0.988108
"4704_2",0.031085
"11106_7",0.631250
"10541_2",0.089933
"6601_9",0.984501
"11387_10",0.981076
"8864_10",0.993242
"7139_4",0.014814
"10068_8",0.991032
"2572_1",0.012710
"3819_10",0.993661
"11954_1",0.008085
"2525_4",0.011961
"12440_7",0.957358
"1489_10",0.983502
"12422_7",0.555073
"5463_10",0.876476
"5684_1",0.004166
"30_9",0.981185
"1255_8",0.990496
"3993_4",0.016184
"10386_7",0.062789
"10111_10",0.984441
"2915_9",0.904566
"4621_1",0.007039
"3671_9",0.968915
"1069_4",0.023825
"2060_10",0.984561
"3788_2",0.042882
"3_7",0.849097
"7722_1",0.008015
"9601_1",0.003892
"3294_3",0.004215
"4361_1",0.003907
"6626_7",0.973393
"5799_10",0.980543
"332_10",0.993281
"4320_4",0.038756
"4545_9",0.985977
"6029_1",0.021471
"6329_1",0.072374
"5586_1",0.006027
"9401_1",0.004000
"7087_10",0.979511
"5200_1",0.008348
"9707_7",0.987688
"5006_10",0.386445
"4702_4",0.036666
"11207_10",0.979977
"3593_1",0.071461
"3050_3",0.401908
"6036_7",0.136493
"2221_2",0.051750
"6895_1",0.010288
"5678_10",0.992539
"8395_10",0.994347
"8193_1",0.005512
"11689_4",0.005160
"10207_10",0.983723
"5028_4",0.033748
"26_3",0.198142
"11774_10",0.975390
"59_3",0.009737
"7339_4",0.016184
"2141_7",0.312737
"10647_10",0.973317
"7703_8",0.930962
"5904_10",0.972882
"11952_7",0.971375
"6355_1",0.011332
"7465_1",0.008429
"1244_9",0.963848
"5129_9",0.992934
"4015_10",0.984531
"435_1",0.022265
"8974_3",0.015952
"2294_2",0.028626
"5028_8",0.605573
"3850_1",0.014686
"3162_10",0.979156
"7690_10",0.986688
"10957_1",0.006985
"8809_10",0.937326
"8509_2",0.230573
"2314_1",0.011904
"2587_9",0.979056
"6823_8",0.989306
"9761_2",0.006351
"2699_4",0.080177
"10291_3",0.037679
"3015_7",0.992510
"10059_10",0.971886
"8018_1",0.024727
"9487_1",0.013121
"12074_4",0.014406
"2051_1",0.010023
"3997_1",0.002817
"9323_2",0.033876
"10231_9",0.991764
"10129_2",0.005200
"1491_10",0.988447
"5601_10",0.944638
"6980_9",0.992781
"8952_1",0.011321
"12021_1",0.028248
"11719_1",0.006290
"4620_8",0.724992
"9819_4",0.047250
"1682_2",0.786336
"5635_4",0.022912
"4634_10",0.979938
"8725_8",0.980692
"9919_9",0.993549
"5839_9",0.933188
"10643_1",0.028463
"4447_9",0.915847
"7614_7",0.991538
"441_4",0.138578
"1713_1",0.004737
"507_7",0.995189
"6592_1",0.010459
"6378_9",0.989791
"10206_4",0.075244
"11627_8",0.785020
"11991_4",0.082697
"5759_3",0.003765
"2655_3",0.042245
"8628_7",0.985172
"12364_2",0.005820
"11107_7",0.989511
"3166_2",0.013364
"4168_1",0.009449
"10876_7",0.944382
"5609_10",0.951188
"600_8",0.964855
"7243_2",0.032375
"7300_9",0.941922
"9144_10",0.972857
"4539_3",0.046421
"8007_10",0.990839
"8486_1",0.005031
"6213_2",0.008602
"4742_10",0.993950
"1421_1",0.006998
"4061_9",0.993069
"10451_7",0.961750
"1062_8",0.957318
"12281_1",0.010111
"5994_3",0.009927
"10055_10",0.969728
"2602_1",0.013689
"11107_4",0.017309
"4007_3",0.025012
"10444_9",0.994008
"1635_7",0.918407
"12049_8",0.992244
"3988_3",0.116111
"12414_8",0.980525
"7074_1",0.010140
"11854_7",0.993574
"2445_8",0.980636
"2187_9",0.988268
"11675_10",0.902610
"5648_1",0.005946
"1614_4",0.013428
"9395_2",0.006351
"5372_1",0.006917
"12082_10",0.988358
"12029_10",0.970826
"983_4",0.143788
"11356_3",0.012834
"4254_10",0.974604
"6017_4",0.124479
"2330_10",0.900705
"1089_1",0.111048
"8017_3",0.018905
"5248_1",0.026456
"9041_8",0.986191
"3855_1",0.004023
"10976_1",0.019419
"7926_4",0.024470
"7758_4",0.033685
"8081_7",0.927100
"9267_4",0.931711
"6381_9",0.984501
"6172_4",0.009569
"12411_8",0.935876
"5216_10",0.988971
"10999_8",0.986610
"2460_1",0.009624
"7815_7",0.988842
"8586_7",0.922343
"21_1",0.006413
"2467_1",0.003511
"7979_8",0.938745
"3744_7",0.831554
"7205_1",0.010913
"6862_7",0.973544
"12031_10",0.993096
"12458_1",0.007607
"10410_1",0.009403
"2624_10",0.985072
"12083_1",0.007726
"47_2",0.007592
"676_7",0.986853
"5425_10",0.992334
"1899_2",0.012182
"9666_1",0.005354
"3151_10",0.990874
"1745_8",0.909144
"7646_8",0.975296
"10011_9",0.990533
"10061_10",0.979096
"6792_9",0.991764
"5150_3",0.030329
"593_10",0.980148
"6170_4",0.994739
"2029_2",0.004118
"3026_4",0.048858
"1086_10",0.990441
"1594_8",0.991170
"227_1",0.008487
"5932_7",0.886174
"2681_1",0.010229
"4270_10",0.990839
"10065_1",0.007756
"6640_9",0.986017
"1160_10",0.992199
"3078_1",0.023848
"1546_7",0.945248
"12315_1",0.003222
"8699_1",0.127002
"11438_4",0.011431
"2034_7",0.992319
"7899_1",0.011835
"1006_3",0.004150
"3732_7",0.056548
"11094_7",0.582328
"1477_4",0.036016
"8912_10",0.971375
"8140_4",0.743541
"7542_9",0.980356
"2556_1",0.117117
"10075_10",0.993587
"12212_2",0.007403
"218_10",0.980710
"8385_1",0.003470
"5716_2",0.009908
"11655_10",0.993123
"6235_1",0.005865
"2823_10",0.981436
"7094_2",0.027429
"465_10",0.988536
"4968_4",0.023043
"222_10",0.992139
"464_4",0.144028
"2593_10",0.972598
"11946_3",0.012171
"6083_1",0.022436
"8158_3",0.034004
"2646_3",0.185726
"8282_4",0.050051
"12482_2",0.004877
"1020_7",0.046812
"7554_10",0.986649
"4492_2",0.007025
"4468_4",0.014842
"7365_8",0.982541
"9777_9",0.994214
"9505_3",0.006811
"10546_1",0.105717
"2179_7",0.917672
"9325_9",0.992274
"9042_10",0.994292
"7631_2",0.006050
"1583_2",0.009029
"10449_2",0.015015
"8021_9",0.932207
"9282_9",0.991954
"5261_9",0.980300
"9127_8",0.977607
"6408_2",0.004538
"7306_1",0.012206
"2955_4",0.024261
"6401_10",0.964855
"278_10",0.988492
"1954_8",0.814717
"2592_8",0.970183
"2040_10",0.969382
"4779_10",0.950686
"7274_8",0.972908
"8094_2",0.008446
"9359_9",0.988536
"10732_10",0.992274
"7824_7",0.936865
"493_7",0.956104
"2458_2",0.106180
"67_3",0.025179
"1495_1",0.019985
"2984_1",0.006526
"9979_4",0.017459
"2790_1",0.003765
"8948_1",0.018405
"4249_1",0.141222
"5994_10",0.985482
"5119_2",0.012480
"6539_2",0.004610
"12006_2",0.008942
"555_4",0.030734
"9508_9",0.980692
"2282_2",0.044390
"4119_7",0.961061
"1224_8",0.992408
"492_10",0.990140
"7062_9",0.984561
"6663_10",0.994031
"9410_8",0.986879
"6033_8",0.994531
"4704_9",0.991322
"1347_3",0.006401
"6920_7",0.986507
"7736_1",0.021844
"2884_3",0.052086
"1870_2",0.006745
"4058_3",0.013597
"3089_8",0.993855
"932_9",0.993961
"5666_10",0.979433
"5770_1",0.013210
"10982_10",0.969179
"5977_1",0.008054
"7678_2",0.584627
"7788_10",0.985977
"6328_1",0.008070
"5806_10",0.985538
"595_1",0.013480
"8235_7",0.993176
"10822_2",0.005160
"12353_7",0.904313
"5381_1",0.015380
"504_8",0.941868
"4876_10",0.994347
"5244_10",0.992123
"12010_8",0.984261
"7263_2",0.181227
"10315_10",0.976602
"9967_1",0.007121
"126_10",0.991305
"3861_1",0.004110
"10221_8",0.959611
"7844_3",0.535463
"10976_8",0.989612
"9372_8",0.980034
"5633_2",0.002878
"3833_4",0.007066
"5256_8",0.972415
"8840_1",0.005980
"2122_10",0.985186
"4607_4",0.019087
"12025_9",0.948394
"10884_9",0.978692
"2473_10",0.958148
"12330_8",0.978814
"6997_3",0.008661
"4505_9",0.994336
"1302_8",0.983101
"4382_3",0.008085
"9645_8",0.977349
"4138_2",0.010398
"2419_1",0.028114
"3059_8",0.916708
"8239_9",0.993950
"105_3",0.037292
"1129_9",0.992920
"9065_10",0.994031
"3249_1",0.003650
"4864_8",0.907476
"11748_8",0.994191
"561_10",0.990385
"1261_1",0.045310
"10944_1",0.007247
"11503_1",0.014037
"8089_9",0.990514
"3224_10",0.978570
"4550_3",0.793906
"8097_7",0.778523
"11042_1",0.043366
"4590_3",0.006004
"10838_8",0.994584
"5500_3",0.022180
"6779_10",0.977756
"7489_2",0.007563
"4145_8",0.995381
"2477_2",0.108945
"11428_7",0.132178
"5178_8",0.977693
"1604_1",0.007771
"2269_7",0.989830
"683_2",0.003700
"12373_10",0.991153
"12362_10",0.993436
"1486_9",0.960510
"4922_1",0.007816
"5689_8",0.974190
"11287_9",0.969699
"4578_4",0.047118
"361_1",0.068787
"6750_4",0.902867
"10004_9",0.994467
"3649_9",0.982856
"12485_8",0.993914
"4867_10",0.991489
"10463_2",0.017094
"8449_9",0.984738
"10573_10",0.992437
"12488_3",0.008078
"1649_2",0.005911
"12064_1",0.057546
"4892_10",0.993410
"8877_3",0.012698
"11816_9",0.987520
"10235_10",0.980337
"8204_7",0.964489
"8608_10",0.993069
"475_10",0.990624
"10150_8",0.987375
"4661_10",0.278600
"434_8",0.988558
"10121_10",0.984679
"438_9",0.979629
"2866_1",0.211539
"10667_2",0.005002
"9575_8",0.985229
"910_10",0.990997
"1631_7",0.991373
"10585_3",0.013942
"1060_8",0.993807
"8817_1",0.006050
"10511_10",0.990660
"11854_2",0.008470
"4429_7",0.983020
"7462_4",0.100260
"7668_10",0.964119
"6258_8",0.988085
"12481_1",0.015922
"3948_7",0.992809
"624_10",0.783616
"6418_8",0.991153
"4211_7",0.897695
"10606_1",0.003729
"3052_1",0.001868
"12091_8",0.993410
"5559_10",0.988335
"6462_8",0.994369
"6215_1",0.024446
"10996_1",0.044974
"1139_10",0.954900
"11400_8",0.733881
"10075_3",0.006944
"9034_4",0.081410
"8963_7",0.940517
"622_10",0.993203
"4570_3",0.025933
"12242_2",0.003118
"10595_1",0.007741
"5524_1",0.018160
"10074_3",0.158239
"10761_4",0.017493
"5215_1",0.006864
"7480_8",0.981436
"3940_4",0.015922
"375_10",0.972231
"11998_3",0.963984
"11759_10",0.990292
"12180_7",0.897606
"9000_2",0.149780
"4251_3",0.213623
"7944_10",0.985271
"12444_1",0.024054
"7400_1",0.004783
"4122_8",0.979803
"8849_10",0.994573
"5656_4",0.021927
"4091_7",0.987496
"8699_10",0.983847
"8750_9",0.992947
"3813_10",0.991938
"1836_4",0.764716
"1644_9",0.984078
"5764_10",0.984155
"1328_1",0.031262
"2332_2",0.008561
"1851_1",0.005437
"9281_2",0.008994
"9870_1",0.011343
"3201_1",0.007577
"9589_10",0.803791
"3137_1",0.006169
"10655_10",0.989286
"10722_1",0.054049
"10338_9",0.976558
"2561_4",0.914367
"8646_8",0.985718
"10077_7",0.882933
"2091_10",0.994112
"12110_7",0.791781
"8961_4",0.026380
"10497_1",0.003545
"3909_3",0.027092
"2535_3",0.017493
"8969_3",0.838878
"160_10",0.992334
"10280_4",0.017577
"5117_1",0.007748
"2371_4",0.009559
"12014_10",0.970324
"8665_8",0.994636
"5386_3",0.043366
"1284_1",0.004142
"6541_7",0.992510
"6919_4",0.025107
"7066_10",0.994347
"1189_3",0.006476
"247_8",0.993163
"4144_8",0.987853
"1788_10",0.994066
"3875_9",0.991875
"9484_2",0.010787
"6650_1",0.035411
"526_3",0.020469
"10810_8",0.977756
"3361_2",0.021677
"3721_1",0.012289
"8024_2",0.009803
"11882_10",0.898232
"6015_1",0.006850
"10950_8",0.958109
"10595_10",0.965576
"6215_8",0.376466
"7506_1",0.005364
"9448_2",0.013996
"10267_4",0.186354
"1890_4",0.199659
"11388_1",0.036631
"4033_2",0.004867
"10188_1",0.003969
"3685_10",0.988842
"2329_10",0.983738
"2672_10",0.940790
"3356_10",0.987970
"7505_9",0.990006
"8789_7",0.989652
"4655_1",0.003154
"7490_7",0.975460
"10703_9",0.868938
"2088_9",0.986929
"5114_3",0.037821
"3317_8",0.692824
"2826_2",0.153803
"8346_8",0.561455
"2036_1",0.007563
"11081_2",0.007317
"5313_7",0.912942
"266_4",0.052570
"7378_7",0.986468
"7420_2",0.004944
"9637_8",0.975414
"8788_2",0.012147
"4953_2",0.013809
"8212_9",0.924552
"10437_9",0.992739
"9397_1",0.025590
"4598_10",0.976714
"2772_10",0.944587
"83_10",0.991571
"6217_1",0.007696
"11725_10",0.993649
"4380_9",0.993002
"2974_1",0.010479
"12363_7",0.987520
"3246_1",0.017292
"6087_9",0.990551
"3419_9",0.988580
"6587_9",0.990533
"2450_1",0.010082
"2475_10",0.993771
"11551_7",0.981945
"7614_4",0.038394
"10136_10",0.994031
"5844_3",0.024261
"7473_1",0.005416
"6772_4",0.022011
"6253_1",0.006577
"4036_10",0.671174
"11948_10",0.991891
"11435_9",0.993512
"6106_9",0.987079
"12271_1",0.012206
"12030_3",0.017661
"11640_3",0.020043
"5589_10",0.897740
"6352_1",0.962321
"2523_4",0.604406
"8198_8",0.993029
"7283_4",0.017935
"4330_3",0.070400
"7882_3",0.151341
"9815_8",0.971939
"1714_1",0.006314
"3836_1",0.003736
"8618_7",0.991101
"1759_3",0.073663
"9317_2",0.006513
"6186_4",0.103930
"3779_1",0.009064
"10096_9",0.991153
"3277_7",0.970493
"6023_10",0.983470
"4863_7",0.974797
"11194_2",0.007080
"11227_2",0.009268
"11983_1",0.046465
"337_9",0.994259
"11441_3",0.028571
"6668_1",0.004521
"4333_9",0.989076
"3773_8",0.972389
"5370_9",0.988558
"4959_10",0.344926
"9431_3",0.032161
"6834_3",0.009927
"9952_3",0.012372
"9810_1",0.046206
"697_4",0.154695
"4528_3",0.005240
"5817_1",0.007778
"9052_7",0.363421
"11494_8",0.993771
"4516_1",0.005385
"2810_9",0.992047
"1105_10",0.979996
"6873_2",0.004521
"8171_10",0.994688
"9568_10",0.987154
"879_10",0.992393
"8493_8",0.993831
"9437_10",0.871639
"3841_1",0.005333
"3852_7",0.896024
"7414_9",0.988799
"6048_1",0.008925
"2921_1",0.005469
"6752_1",0.006015
"7997_1",0.820110
"640_1",0.012396
"9576_3",0.009975
"4110_4",0.173778
"11407_7",0.975923
"410_10",0.988380
"11167_10",0.976535
"8383_10",0.993807
"392_7",0.961965
"1459_4",0.063832
"11929_10",0.986494
"12362_4",0.008405
"4046_2",0.005302
"2597_10",0.973569
"11246_4",0.013875
"8692_8",0.991084
"3986_9",0.981542
"391_1",0.207054
"2504_7",0.979996
"11644_10",0.993448
"1788_1",0.014943
"5286_1",0.003664
"3486_1",0.986376
"4486_7",0.726717
"4614_3",0.924552
"11360_4",0.010101
"2315_10",0.991812
"3637_10",0.931088
"6479_3",0.154312
"10306_8",0.992319
"2225_1",0.021308
"9688_3",0.016356
"8999_2",0.011061
"6793_1",0.007741
"1785_8",0.993524
"3902_1",0.036459
"3805_1",0.007039
"6867_8",0.993735
"761_2",0.077134
"9493_4",0.126677
"4805_4",0.907476
"583_8",0.987806
"9470_9",0.994890
"9859_8",0.903975
"6633_8",0.961498
"518_10",0.645637
"10730_1",0.010209
"1855_4",0.008244
"5191_8",0.961678
"9191_1",0.006526
"1113_3",0.015739
"2973_8",0.976468
"10712_1",0.005230
"7729_1",0.003148
"2730_1",0.008594
"10170_1",0.009965
"8238_10",0.992975
"9495_10",0.991373
"11652_1",0.019438
"4911_2",0.021045
"7514_1",0.003810
"8164_2",0.013703
"10389_7",0.673004
"7557_10",0.973869
"852_4",0.017883
"1584_1",0.010358
"2387_2",0.028167
"6073_4",0.015800
"7047_10",0.988668
"6338_7",0.992753
"1741_4",0.008429
"3697_1",0.035444
"5444_2",0.006745
"10082_1",0.008762
"6135_4",0.081813
"9242_8",0.993487
"7864_8",0.992184
"3466_2",0.008008
"9852_9",0.990310
"12390_7",0.877529
"5189_9",0.976714
"6771_9",0.987664
"223_3",0.790247
"8322_4",0.009532
"4465_8",0.972152
"6597_2",0.164785
"3477_8",0.982955
"4736_8",0.989791
"4581_8",0.991844
"5898_3",0.011376
"12335_7",0.976736
"7321_7",0.956756
"128_4",0.011365
"9116_3",0.340245
"9152_8",0.988313
"3613_3",0.038720
"1095_8",0.992510
"225_10",0.982624
"12445_10",0.977586
"596_1",0.003377
"6693_1",0.009831
"7535_4",0.985855
"3135_4",0.748582
"7435_2",0.005786
"758_3",0.009541
"11838_10",0.970268
"8539_2",0.005533
"671_8",0.975367
"53_4",0.020352
"8718_10",0.984366
"10447_7",0.938067
"86_10",0.988777
"7042_1",0.014957
"5821_3",0.006217
"4604_4",0.010694
"7906_2",0.004530
"11449_2",0.026081
"6505_8",0.993855
"8160_3",0.017144
"1054_9",0.984396
"6300_7",0.988358
"10058_8",0.985677
"3990_10",0.994135
"9233_4",0.014050
"9314_2",0.013467
"4213_10",0.725308
"3407_10",0.992496
"1982_1",0.027429
"9686_1",0.009073
"11246_10",0.927626
"617_4",0.013351
"12182_1",0.016514
"5687_1",0.011609
"1559_2",0.004601
"3596_7",0.960842
"4991_10",0.993973
"3315_8",0.992920
"1192_1",0.005271
"1454_8",0.993996
"9836_3",0.336883
"8088_4",0.030186
"1651_2",0.007012
"4641_10",0.972441
"10624_1",0.011542
"2902_2",0.722967
"10435_7",0.983550
"11623_2",0.011676
"1609_1",0.009850
"2623_1",0.005469
"4444_8",0.984620
"12412_3",0.015116
"8496_1",0.005210
"4279_8",0.953449
"9053_10",0.766512
"11747_3",0.024400
"9754_4",0.580575
"1795_2",0.107531
"6017_10",0.969091
"8964_7",0.975739
"1118_7",0.990083
"11564_7",0.896659
"9897_1",0.011354
"7731_1",0.004610
"7391_2",0.012432
"6670_7",0.982624
"8347_1",0.004858
"5000_4",0.004700
"3513_1",0.008324
"9427_4",0.059976
"6840_1",0.038250
"9217_9",0.982741
"5545_8",0.992975
"9858_10",0.971375
"1909_2",0.008536
"8416_10",0.986494
"11079_3",0.008429
"4638_4",0.062274
"324_10",0.962603
"9126_10",0.992274
"9069_7",0.934215
"10555_10",0.988447
"9626_8",0.979295
"6629_10",0.992379
"8419_10",0.992169
"5437_8",0.025687
"2463_10",0.991289
"10540_1",0.007374
"10579_1",0.006327
"11517_8",0.911298
"5306_10",0.994646
"4996_9",0.986403
"8251_7",0.984170
"7382_1",0.004664
"4284_9",0.988358
"772_10",0.987735
"5394_1",0.006463
"10576_9",0.985029
"635_8",0.993624
"9315_2",0.012194
"9642_4",0.023331
"7225_10",0.979255
"1806_3",0.897471
"4484_1",0.020508
"4912_10",0.962848
"4837_10",0.969353
"11025_10",0.992739
"1419_10",0.994054
"8789_4",0.011973
"1507_1",0.022586
"6478_1",0.016403
"7774_1",0.009126
"7805_10",0.908374
"11142_10",0.992481
"3832_10",0.991652
"1830_3",0.017935
"2676_4",0.030301
"1595_1",0.007577
"8044_9",0.983311
"8476_1",0.003470
"5190_8",0.847968
"4941_2",0.015709
"10114_8",0.990292
"11931_3",0.023242
"11970_10",0.953101
"5572_1",0.007403
"32_3",0.188735
"10026_10",0.993448
"10554_2",0.016293
"6440_7",0.985990
"7636_1",0.018707
"7973_9",0.991684
"2920_10",0.992364
"9531_1",0.004191
"568_4",0.094510
"6091_3",0.241758
"5700_9",0.990422
"4934_7",0.990927
"5988_10",0.993649
"5162_1",0.008196
"1043_4",0.007577
"11574_2",0.102439
"2592_1",0.002779
"4881_3",0.333137
"447_10",0.989347
"6922_8",0.992640
"9314_10",0.976038
"10693_10",0.664091
"257_9",0.990496
"2090_10",0.895751
"7826_1",0.002091
"7851_4",0.015218
"1606_1",0.008873
"4446_1",0.004039
"10655_2",0.017661
"11116_2",0.014282
"1631_1",0.006241
"11696_10",0.991118
"2114_3",0.007066
"10728_8",0.993807
"8006_9",0.994488
"5963_10",0.927363
"2094_10",0.993203
"10113_1",0.005980
"2832_4",0.018833
"9600_1",0.005969
"7776_1",0.012124
"567_9",0.989347
"4700_10",0.939137
"1143_1",0.005364
"7853_1",0.022329
"11178_1",0.042762
"7770_3",0.005764
"11696_2",0.004953
"6077_9",0.990892
"5952_1",0.004934
"507_1",0.003383
"11888_3",0.141045
"7857_3",0.081556
"1381_7",0.749912
"5080_2",0.009587
"9831_10",0.978570
"7231_1",0.005697
"6012_3",0.009020
"6843_4",0.139514
"7120_1",0.003136
"9248_1",0.077030
"5313_4",0.561185
"8434_2",0.038107
"10224_2",0.010368
"7303_10",0.987399
"1796_8",0.941922
"9302_4",0.058239
"2232_4",0.076996
"5333_3",0.011755
"1340_3",0.005395
"5472_2",0.006376
"1768_3",0.062904
"3140_1",0.032682
"6264_3",0.043937
"6699_8",0.933854
"2085_7",0.977263
"5319_4",0.069985
"7561_4",0.309624
"992_1",0.004915
"193_4",0.011354
"19_10",0.992597
"6225_8",0.956634
"933_10",0.990273
"11245_10",0.986572
"6152_3",0.123842
"10163_7",0.986044
"9382_4",0.015439
"4655_8",0.849847
"5195_10",0.983909
"8989_4",0.007403
"5309_10",0.951323
"2183_2",0.007289
"7597_10",0.969527
"1272_8",0.978467
"10107_9",0.993783
"3067_1",0.009532
"390_10",0.929440
"5746_4",0.018160
"7145_4",0.011710
"1612_8",0.975923
"7968_4",0.892983
"3793_9",0.915583
"2719_1",0.014971
"1645_10",0.986058
"9934_2",0.023021
"9288_4",0.019928
"937_4",0.034197
"10385_1",0.005831
"3726_1",0.008873
"2700_10",0.990178
"11824_1",0.004062
"4133_10",0.989928
"9873_2",0.043204
"8769_1",0.005555
"11806_10",0.991828
"903_4",0.039048
"727_3",0.012420
"2426_2",0.009596
"8663_1",0.005523
"11163_8",0.990422
"1505_7",0.538528
"4758_10",0.989967
"2119_4",0.010632
"7351_8",0.993783
"5638_10",0.988380
"11236_10",0.964221
"9351_3",0.015499
"8732_4",0.026406
"4771_1",0.011996
"4094_10",0.992711
"8314_7",0.713756
"5273_10",0.985129
"1773_1",0.006904
"7415_1",0.004556
"677_1",0.012983
"5585_1",0.004256
"1523_10",0.977968
"6855_1",0.005150
"6634_9",0.971966
"3866_2",0.062217
"7165_3",0.012384
"7516_7",0.970937
"2239_8",0.857410
"1248_8",0.992408
"6839_8",0.993549
"2648_10",0.990714
"5246_9",0.987970
"9445_1",0.006958
"4323_4",0.036873
"4356_10",0.957715
"9447_4",0.589790
"4022_3",0.010642
"6239_3",0.007504
"447_4",0.019625
"6717_8",0.872456
"2470_9",0.994552
"4816_1",0.009223
"1682_10",0.988290
"67_10",0.974821
"724_10",0.989672
"7678_9",0.844409
"2889_4",0.725454
"7487_9",0.974580
"1411_4",0.119203
"7447_8",0.992654
"3856_1",0.011387
"4412_10",0.962883
"8939_2",0.011442
"3314_9",0.983166
"2776_1",0.126246
"7986_8",0.992597
"12084_10",0.990714
"9529_10",0.986337
"11599_7",0.813387
"11688_3",0.008994
"11559_1",0.037257
"5838_2",0.016419
"6397_4",0.735499
"3551_4",0.099514
"5646_10",0.989098
"7760_2",0.002657
"4983_7",0.988690
"3870_1",0.067608
"5621_9",0.875202
"8716_9",0.992725
"2017_10",0.980487
"579_10",0.994135
"2659_1",0.009197
"10364_2",0.038502
"837_8",0.939137
"226_4",0.013121
"4836_1",0.008308
"11389_3",0.040693
"5284_2",0.004792
"4277_4",0.053849
"3821_10",0.971211
"6593_8",0.867036
"5060_7",0.319029
"5121_8",0.969149
"3810_7",0.650301
"3941_8",0.745167
"12291_1",0.009259
"1082_1",0.004982
"931_9",0.995549
"10202_4",0.890675
"11004_9",0.992229
"5243_7",0.977968
"2861_1",0.014241
"11992_10",0.974580
"11358_9",0.988380
"3996_10",0.970521
"12434_8",0.867990
"8310_7",0.951414
"3894_9",0.990273
"3021_1",0.008925
"1652_10",0.989140
"90_2",0.050894
"283_1",0.008822
"9809_8",0.992364
"2693_2",0.068071
"5717_1",0.017628
"6051_9",0.973869
"4542_1",0.007741
"5104_8",0.947186
"10139_10",0.976513
"6129_1",0.007475
"859_8",0.984048
"3107_1",0.004619
"2595_2",0.007289
"2676_10",0.972415
"3634_2",0.013287
"6953_1",0.005664
"4430_4",0.012360
"79_8",0.974483
"7318_2",0.008925
"863_4",0.019947
"6393_3",0.041540
"6910_3",0.013493
"4438_9",0.994456
"4242_9",0.978915
"5813_4",0.007718
"203_3",0.014630
"7333_10",0.992906
"11658_8",0.982873
"11206_4",0.017392
"6208_7",0.971347
"7273_8",0.983085
"5518_10",0.990587
"7092_1",0.236560
"10508_7",0.986610
"1196_9",0.983738
"10037_7",0.971939
"6468_8",0.992259
"8502_4",0.009277
"1017_1",0.012336
"4_10",0.991571
"8439_1",0.015983
"7048_3",0.012042
"3238_1",0.005566
"11610_1",0.029958
"3468_10",0.994615
"184_3",0.006193
"12227_7",0.992961
"4872_3",0.083740
"11139_10",0.991135
"4316_7",0.957912
"3071_1",0.009064
"335_2",0.003357
"10847_1",0.006732
"4646_10",0.959649
"9382_10",0.993229
"6577_1",0.009440
"4549_1",0.007432
"2459_9",0.987711
"102_8",0.988646
"1581_1",0.005364
"2439_10",0.985158
"6988_9",0.987424
"2024_1",0.004451
"12375_1",0.004802
"6084_4",0.008062
"6617_3",0.032621
"815_3",0.007317
"1857_1",0.008487
"7428_1",0.003915
"5943_8",0.992423
"11811_10",0.993397
"10844_1",0.004512
"1275_7",0.977349
"1910_1",0.002884
"3306_8",0.976957
"4735_1",0.010808
"10819_1",0.008686
"9571_2",0.099558
"1037_10",0.987154
"7177_4",0.028409
"5066_10",0.987326
"4888_2",0.025590
"10646_2",0.007636
"7929_1",0.028871
"5181_1",0.006837
"1387_1",0.028114
"1304_8",0.993636
"2108_1",0.020313
"9875_10",0.989652
"10200_1",0.006027
"11665_9",0.991652
"6685_1",0.003795
"10234_9",0.994402
"6622_9",0.941007
"9703_7",0.977522
"7504_8",0.984381
"1267_3",0.947527
"902_3",0.011234
"10674_2",0.012564
"5237_10",0.993423
"5270_10",0.957715
"1701_7",0.859723
"3222_2",0.005070
"6116_10",0.949949
"11543_10",0.976558
"8189_7",0.662087
"8737_8",0.991187
"6856_7",0.983660
"2035_8",0.987005
"5011_10",0.992697
"6135_9",0.993961
"9172_1",0.001721
"5822_1",0.011542
"8816_3",0.008890
"1124_1",0.004664
"5422_4",0.838614
"3275_2",0.058777
"2076_2",0.007080
"5223_8",0.970854
"1814_3",0.063193
"6171_2",0.052425
"3228_1",0.011169
"3693_3",0.011354
"8891_2",0.011464
"1171_8",0.994270
"9496_1",0.008686
"8702_10",0.992851
"11287_4",0.009250
"2157_10",0.994810
"6058_8",0.982457
"4025_2",0.004637
"5097_8",0.990102
"2335_1",0.008454
"6945_1",0.008779
"2970_4",0.031829
"10473_10",0.991339
"10139_1",0.009615
"7680_10",0.993448
"10705_1",0.006771
"9883_10",0.988928
"2808_10",0.962953
"6543_2",0.008389
"3482_3",0.021990
"2547_7",0.909385
"8378_4",0.008873
"7746_10",0.994146
"5007_4",0.015983
"1623_8",0.991636
"10762_9",0.993474
"8604_1",0.008364
"868_7",0.744099
"7902_1",0.007915
"3644_1",0.006732
"330_1",0.010499
"2519_7",0.919426
"716_2",0.042962
"9908_1",0.005512
"1410_2",0.039825
"1154_4",0.027143
"589_10",0.975809
"10182_3",0.041076
"6872_8",0.973113
"7232_8",0.869160
"4339_8",0.990064
"6652_2",0.003185
"8692_1",0.069101
"4585_2",0.937211
"5846_4",0.471254
"4401_1",0.005888
"4848_10",0.991571
"1727_1",0.035712
"8038_2",0.017292
"2532_1",0.006824
"11010_9",0.989672
"4915_10",0.988536
"6047_4",0.015830
"10358_3",0.060087
"697_10",0.990329
"7648_7",0.990178
"5495_4",0.038865
"6611_2",0.008308
"12099_8",0.973944
"1109_1",0.004673
"6874_1",0.005130
"8072_4",0.015922
"11231_10",0.980053
"10871_7",0.988199
"9990_10",0.989368
"645_10",0.991522
"9345_1",0.033717
"5298_1",0.013742
"5971_10",0.942029
"5079_8",0.986739
"6022_3",0.011158
"4954_7",0.885631
"5063_8",0.994830
"843_10",0.993855
"556_7",0.801548
"1498_1",0.003191
"9374_7",0.985086
"8728_1",0.591915
"8297_10",0.795698
"5760_10",0.956796
"7403_10",0.658225
"964_3",0.044390
"8842_9",0.974386
"11552_10",0.990292
"5592_2",0.014771
"3531_9",0.970743
"9383_3",0.014050
"6576_1",0.015116
"125_3",0.025468
"8382_2",0.012834
"3786_9",0.990892
"8636_9",0.984215
"12225_10",0.715648
"8958_8",0.985677
"5981_10",0.921711
"9594_10",0.958770
"9802_3",0.017226
"4353_3",0.015233
"10567_8",0.993136
"3982_7",0.921570
"3292_7",0.292166
"1739_3",0.005140
"3356_3",0.015145
"5253_4",0.023153
"1186_10",0.976378
"12218_8",0.982674
"1361_9",0.970127
"11423_4",0.008686
"5649_1",0.007233
"11988_10",0.924891
"393_7",0.971102
"8081_2",0.015499
"10290_1",0.009358
"5548_1",0.218711
"2266_3",0.524882
"341_1",0.004399
"2081_10",0.985482
"6268_1",0.012821
"2267_9",0.989830
"82_3",0.015922
"11259_10",0.973919
"6760_7",0.966663
"6352_9",0.991422
"10733_3",0.048949
"7418_2",0.003629
"11562_8",0.980224
"8895_9",0.989870
"7911_7",0.963300
"4885_10",0.993487
"542_4",0.015321
"6099_7",0.969642
"5355_1",0.009587
"3969_1",0.004503
"11541_4",0.919859
"6413_1",0.007778
"3725_7",0.992626
"11757_1",0.019513
"7663_1",0.015000
"3161_3",0.753376
"9119_10",0.978156
"7726_3",0.120646
"1764_8",0.940298
"7211_7",0.986442
"8069_4",0.042802
"7119_2",0.006513
"1163_10",0.987253
"5836_2",0.016122
"1921_8",0.992823
"892_1",0.004039
"7629_8",0.994214
"5605_1",0.005090
"3955_10",0.992795
"5093_4",0.036597
"6366_4",0.036118
"11267_2",0.006552
"522_2",0.006917
"7659_10",0.976647
"11779_4",0.039713
"5226_1",0.007121
"8767_10",0.986954
"1315_4",0.006290
"8179_8",0.990945
"10270_10",0.990140
"8218_1",0.022159
"4363_10",0.994402
"9701_9",0.993333
"9774_10",0.991652
"8326_10",0.991439
"1529_10",0.991875
"9090_8",0.991538
"8596_7",0.960473
"3508_1",0.005080
"2272_8",0.992892
"1226_7",0.994191
"40_8",0.982955
"1159_1",0.006850
"11508_1",0.005577
"2869_8",0.975390
"4068_1",0.006050
"7510_1",0.008856
"2967_3",0.014159
"8307_10",0.416144
"9920_8",0.993189
"9102_1",0.144571
"3586_4",0.975577
"2278_10",0.993307
"9459_9",0.983940
"3080_10",0.975785
"8960_1",0.006890
"11294_8",0.218253
"5241_1",0.010934
"4515_10",0.992154
"5855_7",0.993961
"12107_2",0.006351
"6435_2",0.008180
"5813_10",0.972960
"12008_1",0.013532
"1613_10",0.991875
"9381_9",0.970268
"4467_10",0.992214
"1439_8",0.975225
"1021_2",0.007636
"2718_1",0.033685
"11439_8",0.975901
"10931_10",0.994203
"4326_10",0.988358
"6216_1",0.005809
"10369_4",0.008933
"1586_7",0.932638
"1310_2",0.005302
"293_1",0.005555
"5968_1",0.005675
"9338_10",0.989791
"418_4",0.020274
"4522_1",0.006931
"3925_8",0.993242
"9748_1",0.008031
"7142_8",0.990140
"8862_1",0.033558
"10812_2",0.017127
"3262_7",0.951863
"11540_10",0.803019
"1236_2",0.013676
"10321_10",0.983295
"5782_1",0.011996
"11765_8",0.830594
"6365_7",0.954265
"6265_2",0.018529
"5426_1",0.008686
"5312_7",0.982271
"1786_3",0.025810
"10137_2",0.009908
"9816_3",0.018021
"11925_10",0.974239
"3041_3",0.021595
"6742_1",0.012552
"10786_7",0.993499
"10687_4",0.805288
"7057_7",0.856992
"7532_9",0.993255
"4162_8",0.994112
"9911_10",0.994008
"2369_3",0.026506
"2967_9",0.981945
"9515_7",0.942612
"12035_9",0.936460
"9088_4",0.041114
"3037_8",0.989511
"1198_10",0.988358
"8186_8",0.987399
"3455_8",0.987993
"6676_3",0.037503
"4071_8",0.988992
"2244_7",0.810741
"1252_7",0.887887
"12178_3",0.006205
"5623_4",0.022180
"10938_1",0.004070
"2265_4",0.407613
"7442_7",0.558267
"7676_9",0.991187
"10666_1",0.008380
"9430_3",0.248671
"8329_2",0.011442
"11933_10",0.966188
"7868_1",0.004150
"6471_7",0.877687
"2191_1",0.010923
"3918_1",0.012444
"9767_10",0.985370
"11297_8",0.955981
"6763_8",0.990551
"2621_9",0.967899
"4056_4",0.015544
"8584_4",0.009367
"4541_9",0.950503
"1474_4",0.016045
"3748_7",0.745769
"1314_1",0.004399
"6195_10",0.991732
"3485_1",0.008070
"5448_7",0.903038
"12392_10",0.973594
"5807_10",0.971211
"11783_4",0.546708
"5693_1",0.003357
"5031_3",0.006463
"9684_1",0.015189
"924_10",0.993807
"12254_3",0.009313
"277_1",0.012516
"4384_10",0.990044
"8288_4",0.006098
"3056_3",0.009179
"4683_9",0.988624
"907_7",0.971483
"6720_7",0.952838
"12192_1",0.005251
"11090_8",0.916783
"4682_7",0.988016
"11698_10",0.957596
"1530_1",0.012089
"3017_9",0.983816
"9702_1",0.012420
"5761_3",0.008054
"9920_2",0.919931
"8250_1",0.018177
"11900_3",0.015087
"6128_10",0.908618
"8667_10",0.983391
"8304_3",0.015604
"1049_9",0.923247
"10262_4",0.030938
"7315_3",0.006463
"4935_10",0.980450
"2453_1",0.005251
"4820_10",0.872565
"3111_10",0.993320
"10351_8",0.977479
"146_1",0.008856
"6093_9",0.993294
"7215_10",0.990642
"6098_9",0.934275
"2873_10",0.986004
"2683_10",0.991684
"6886_9",0.964153
"4992_8",0.933915
"1038_1",0.054299
"988_3",0.062789
"212_7",0.976175
"6838_1",0.008421
"4865_8",0.819893
"6908_9",0.992319
"8548_10",0.884139
"2297_4",0.010683
"3455_4",0.304171
"5743_2",0.016931
"5820_1",0.015058
"4636_3",0.030358
"8184_4",0.016091
"7413_7",0.985000
"10750_7",0.993242
"10064_10",0.992697
"408_3",0.014588
"10388_10",0.989244
"8380_4",0.010987
"8904_2",0.062331
"10854_10",0.977989
"11511_10",0.993996
"259_10",0.988906
"1580_1",0.008925
"11775_1",0.007094
"8674_1",0.006864
"9540_10",0.980599
"6177_4",0.014672
"11074_8",0.990533
"7191_7",0.197987
"7496_1",0.021287
"4424_9",0.986218
"5733_9",0.975693
"2887_2",0.025933
"239_2",0.040427
"10920_1",0.007577
"10342_9",0.990478
"12321_1",0.004207
"1833_3",0.005281
"5494_7",0.988755
"8687_8",0.990329
"1076_8",0.977457
"7638_3",0.031410
"1361_3",0.088229
"1884_4",0.053206
"2056_10",0.990140
"5_4",0.158369
"1034_10",0.983198
"4008_8",0.989347
"4239_4",0.012601
"7257_4",0.511717
"9541_8",0.972415
"5869_1",0.006864
"1326_4",0.003938
"936_2",0.006463
"10473_4",0.017644
"12413_2",0.012686
"5934_9",0.984913
"2419_7",0.937153
"49_4",0.011984
"2129_9",0.988602
"12356_1",0.005675
"9268_2",0.008308
"7915_7",0.970660
"11405_3",0.758600
"7526_9",0.970992
"6639_2",0.013902
"7939_1",0.005911
"8934_1",0.022846
"2422_1",0.006327
"3885_4",0.032868
"1703_3",0.102934
"7530_9",0.990310
"5833_1",0.005120
"9858_4",0.060919
"12307_3",0.005491
"9341_10",0.981979
"4490_10",0.964389
"9292_10",0.983769
"7830_1",0.006931
"5329_1",0.012182
"5205_10",0.981927
"2172_1",0.007417
"8857_4",0.010170
"7933_1",0.004357
"12277_4",0.108614
"9853_10",0.975249
"5927_8",0.992289
"4453_4",0.005544
"3034_1",0.005200
"3469_1",0.006732
"12014_2",0.013261
"3802_3",0.009313
"10911_8",0.641120
"7519_1",0.003531
"4155_1",0.005708
"7873_1",0.004442
"7002_10",0.994314
"11597_1",0.010766
"9043_3",0.011973
"7623_3",0.009277
"6615_9",0.991828
"5982_1",0.005957
"492_1",0.003490
"7105_1",0.013274
"7072_8",0.988492
"7585_3",0.223419
"114_2",0.018743
"675_2",0.014800
"5141_1",0.010945
"11299_1",0.004830
"7008_4",0.087408
"4963_4",0.212477
"9363_8",0.965414
"12419_8",0.938913
"499_2",0.011996
"4741_1",0.010704
"3160_10",0.866133
"4605_7",0.978240
"7181_4",0.014323
"2620_3",0.009232
"7101_7",0.970042
"3358_8",0.902995
"11150_3",0.148417
"11555_3",0.076270
"11975_2",0.059757
"44_8",0.992697
"4699_10",0.993333
"6042_2",0.004417
"10368_3",0.014037
"2409_8",0.820397
"5933_1",0.020313
"7460_1",0.025155
"11653_3",0.992244
"1699_4",0.197212
"6189_4",0.009047
"12263_10",0.993176
"700_7",0.993307
"1974_9",0.981945
"4664_1",0.023532
"2083_3",0.053255
"3454_1",0.008093
"3196_4",0.984738
"7920_2",0.014023
"10257_10",0.995532
"12344_10",0.994615
"130_9",0.991668
"315_4",0.017695
"5923_10",0.989791
"1234_10",0.941601
"7402_2",0.005261
"4634_1",0.013703
"2558_10",0.987876
"11220_10",0.992108
"7652_10",0.989076
"1070_1",0.003961
"3018_1",0.016293
"6365_1",0.005230
"6081_4",0.256692
"1015_4",0.008728
"7071_10",0.872075
"4682_1",0.006302
"5242_1",0.009313
"5125_9",0.974264
"11299_7",0.993448
"7445_1",0.005946
"8206_10",0.988403
"7878_7",0.972805
"11630_4",0.013915
"9391_8",0.669866
"4755_2",0.007548
"36_8",0.994657
"617_9",0.988971
"987_7",0.965544
"1185_1",0.007360
"11135_1",0.035377
"6457_2",0.023176
"8337_7",0.969985
"9931_9",0.994488
"6932_10",0.966410
"9504_3",0.020274
"2333_2",0.044431
"10397_10",0.961207
"6200_4",0.027796
"8004_10",0.991067
"10818_10",0.992510
"164_7",0.384977
"6945_9",0.992654
"2551_10",0.993474
"10887_3",0.012504
"8942_8",0.991652
"6779_1",0.134947
"9818_10",0.992349
"11352_4",0.039158
"1035_9",0.992568
"9212_2",0.006850
"8530_3",0.013809
"7858_3",0.009012
"1777_4",0.028734
"6976_10",0.995076
"9426_2",0.040389
"2154_1",0.006998
"7037_9",0.958809
"1501_1",0.011812
"12448_2",0.007892
"1005_2",0.022393
"8031_1",0.003664
"8084_8",0.989771
"11933_3",0.016231
"3206_10",0.992016
"10197_2",0.005741
"8838_9",0.834339
"7720_1",0.007771
"9739_3",0.006732
"8312_4",0.015952
"3492_9",0.984124
"1133_8",0.985482
"3255_9",0.991969
"10625_8",0.985243
"12307_9",0.987900
"325_10",0.993524
"4393_10",0.962108
"8755_2",0.008678
"2645_4",0.021927
"10712_8",0.954478
"10358_7",0.722845
"10913_1",0.031321
"8406_7",0.966252
"12131_8",0.989511
"8306_7",0.913445
"8722_9",0.993843
"6363_3",0.004556
"6876_10",0.984694
"10802_8",0.852629
"6078_2",0.008308
"4558_8",0.989430
"643_4",0.043978
"9956_10",0.990235
"7267_8",0.965185
"10491_7",0.924891
"5105_8",0.993624
"7213_10",0.990159
"8442_2",0.013624
"11035_10",0.978156
"9961_3",0.472410
"2616_1",0.009624
"7666_4",0.082438
"548_4",0.068102
"2425_10",0.993831
"4173_1",0.003869
"3558_10",0.992781
"4117_3",0.023442
"9803_3",0.008720
"1545_1",0.028871
"6564_7",0.967070
"1306_1",0.006426
"632_1",0.003260
"3132_8",0.977820
"5755_2",0.006290
"5282_1",0.004915
"5891_10",0.993574
"3961_7",0.992597
"4107_1",0.083516
"2370_8",0.993722
"1363_1",0.012253
"5359_9",0.992626
"759_10",0.994930
"727_8",0.973011
"1875_1",0.008745
"10586_1",0.006850
"4906_1",0.019513
"11685_4",0.009268
"1632_1",0.019197
"4913_10",0.988885
"11375_1",0.026506
"423_10",0.979590
"5957_9",0.984942
"9389_1",0.007726
"10450_7",0.992062
"4205_1",0.009340
"2983_1",0.004547
"7895_1",0.005523
"2761_4",0.012662
"3359_1",0.003148
"687_9",0.978073
"8150_1",0.015145
"1647_10",0.993320
"10920_8",0.987923
"4813_8",0.897830
"4628_10",0.990803
"5738_4",0.007892
"11255_3",0.027273
"7801_10",0.993926
"3258_2",0.008204
"10513_7",0.559471
"9358_8",0.991505
"6864_2",0.012089
"3038_8",0.966124
"6928_1",0.019531
"10277_10",0.980967
"9231_1",0.005877
"8098_7",0.993499
"11550_10",0.972519
"10233_7",0.993710
"180_3",0.116011
"538_8",0.993123
"4977_9",0.978198
"11386_3",0.100437
"1045_3",0.014700
"61_1",0.053800
"6907_8",0.993599
"11368_10",0.934574
"10_3",0.012649
"7034_3",0.011858
"3051_10",0.989889
"362_9",0.934095
"8037_7",0.947672
"11408_4",0.023667
"8783_7",0.894973
"1755_10",0.993891
"3610_3",0.229794
"1376_3",0.022934
"4970_9",0.961098
"7802_9",0.988863
"4169_1",0.004298
"2063_4",0.991748
"2825_10",0.954137
"10758_10",0.994391
"10778_2",0.004521
"979_10",0.980876
"11700_4",0.690324
"7848_10",0.964321
"1294_7",0.972779
"4806_4",0.200284
"10159_4",0.065515
"3461_4",0.146453
"10312_1",0.020508
"4297_1",0.008023
"5081_2",0.005210
"2156_1",0.004062
"8417_1",0.006904
"10182_10",0.988863
"11732_2",0.013454
"10078_3",0.010777
"4772_1",0.007360
"6187_4",0.011147
"4219_10",0.991684
"5208_8",0.977735
"4935_2",0.006811
"6528_10",0.988906
"4080_1",0.006706
"6147_10",0.567397
"1352_2",0.008093
"5675_9",0.965512
"3024_4",0.006798
"6930_3",0.020944
"7005_1",0.015351
"380_9",0.993448
"5923_3",0.047558
"1246_9",0.991456
"3081_8",0.992823
"11913_3",0.219045
"4112_8",0.969469
"1440_8",0.985580
"12123_7",0.442215
"3731_1",0.010704
"420_10",0.978692
"5862_1",0.014574
"10864_7",0.985622
"3484_1",0.009803
"9438_4",0.012289
"7032_10",0.994979
"7670_2",0.028248
"5251_9",0.978935
"5296_7",0.994719
"9161_7",0.872130
"6446_4",0.015000
"11694_8",0.993686
"1674_9",0.988777
"8831_10",0.940134
"11813_10",0.994225
"3380_1",0.015589
"8653_10",0.989632
"10485_1",0.014241
"3771_9",0.973993
"5534_1",0.006985
"2_7",0.991844
"2334_9",0.991255
"8327_4",0.012100
"8552_9",0.994031
"9117_10",0.989572
"11953_10",0.990235
"7015_4",0.763219
"9649_10",0.990178
"1701_1",0.355216
"1946_3",0.044101
"1536_10",0.986752
"6419_7",0.984546
"6619_10",0.974701
"3715_10",0.992452
"6001_9",0.993123
"4555_9",0.993385
"6367_4",0.098816
"8350_10",0.917080
"8376_7",0.993831
"8231_1",0.003370
"11595_9",0.986559
"10372_4",0.006351
"2711_8",0.982574
"407_4",0.008856
"10798_10",0.974313
"5358_1",0.008968
"158_1",0.006401
"6578_7",0.977989
"217_8",0.970013
"4535_10",0.993029
"4887_10",0.958847
"5595_4",0.043691
"1837_9",0.993649
"7723_1",0.006539
"1935_7",0.928279
"7357_4",0.006654
"3293_3",0.006217
"5176_1",0.003112
"10930_7",0.916185
"4618_1",0.040999
"15_2",0.004538
"4009_1",0.008925
"3854_1",0.065605
"2889_10",0.992214
"2737_1",0.020216
"9811_3",0.015029
"12016_2",0.005251
"8470_10",0.949482
"2965_7",0.060308
"6620_1",0.012124
"7447_3",0.032806
"1197_9",0.971293
"9750_9",0.992062
"3001_1",0.007748
"8068_2",0.012042
"5660_1",0.015952
"5595_10",0.947721
"4377_4",0.083292
"7354_8",0.962036
"11858_1",0.011051
"7611_2",0.005051
"6855_7",0.981927
"11522_1",0.010023
"21_9",0.992274
"3423_9",0.993069
"2061_8",0.981577
"5594_10",0.993961
"6106_3",0.015664
"9222_1",0.204144
"2305_3",0.023894
"12493_4",0.177597
"8841_9",0.972519
"3824_8",0.994077
"703_8",0.990768
"1638_1",0.008511
"11339_4",0.011858
"10173_1",0.014771
"6481_2",0.047074
"9468_2",0.056809
"1830_9",0.990945
"9940_8",0.956268
"7768_1",0.004199
"414_2",0.005719
"9554_3",0.027350
"2894_4",0.035645
"2509_7",0.990083
"2430_2",0.253122
"10244_7",0.986879
"2874_9",0.960621
"4615_4",0.990254
"9011_10",0.983375
"8977_9",0.982168
"6709_9",0.990587
"7963_3",0.114715
"7531_10",0.993189
"5058_3",0.012958
"2875_2",0.050144
"9191_8",0.980858
"2596_10",0.981718
"9660_8",0.992364
"3682_1",0.004877
"4189_1",0.013650
"739_10",0.951594
"836_4",0.009268
"2422_7",0.105995
"4318_1",0.013121
"1443_2",0.011223
"2782_8",0.984635
"10260_1",0.173358
"10624_10",0.966252
"3288_8",0.955527
"155_2",0.008348
"4941_9",0.979996
"1449_8",0.986376
"10575_1",0.004290
"3568_4",0.674774
"261_9",0.975855
"10420_9",0.990025
"4008_1",0.013210
"4263_9",0.971293
"11924_4",0.080105
"11488_7",0.978115
"1599_1",0.017695
"11383_10",0.992988
"1800_9",0.989140
"9705_10",0.988820
"10044_8",0.989368
"471_3",0.065725
"3494_9",0.982100
"11492_10",0.927100
"257_3",0.036118
"10745_1",0.008745
"7305_1",0.008487
"6239_8",0.975155
"3068_10",0.963369
"2862_1",0.018978
"11217_4",0.060863
"10650_9",0.982014
"3588_10",0.992611
"8345_10",0.976423
"9980_2",0.006944
"8901_1",0.005566
"5438_8",0.985923
"10879_10",0.973190
"9064_3",0.013134
"193_9",0.992739
"470_4",0.027585
"5128_7",0.974532
"10542_10",0.365506
"205_10",0.985215
"8091_7",0.986559
"11383_3",0.005587
"10274_2",0.011115
"7865_7",0.960952
"7525_1",0.032344
"2168_2",0.012784
"11082_8",0.993961
"1991_2",0.003743
"10524_10",0.979938
"4628_3",0.024798
"4269_7",0.994499
"7367_2",0.007317
"1390_1",0.012277
"7158_1",0.027092
"12442_10",0.963472
"8388_1",0.004315
"7980_7",0.991489
"3054_1",0.010777
"11143_2",0.034068
"2238_1",0.024610
"949_3",0.010268
"42_4",0.005653
"4093_7",0.987876
"3657_3",0.099733
"9812_10",0.993673
"6879_3",0.033368
"2189_8",0.985691
"11804_1",0.007205
"5280_10",0.994054
"411_8",0.970854
"5673_1",0.005609
"11633_2",0.006719
"10389_1",0.005302
"9516_10",0.903337
"12169_8",0.982440
"232_7",0.977607
"6061_4",0.014037
"6755_8",0.990496
"2880_10",0.974313
"4187_7",0.971725
"4175_7",0.881717
"11674_3",0.038466
"10397_1",0.019327
"4334_10",0.989672
"7654_10",0.985086
"1657_9",0.993819
"2025_2",0.009179
"2276_4",0.018797
"1957_10",0.986310
"11627_4",0.013338
"11799_4",0.105441
"10251_10",0.983986
"1231_4",0.021451
"8302_8",0.980949
"12342_7",0.926570
"8105_3",0.502319
"3892_4",0.013236
"8473_9",0.993661
"448_8",0.972046
"7317_2",0.018833
"2074_1",0.005480
"12249_7",0.931836
"5467_2",0.004434
"12109_1",0.004538
"11511_1",0.006109
"9476_3",0.712757
"1170_10",0.990786
"8970_9",0.988290
"12308_1",0.008636
"3101_8",0.994646
"3066_1",0.006266
"11519_7",0.400896
"5314_2",0.008669
"9160_4",0.021024
"6512_3",0.077692
"7836_4",0.182717
"11429_1",0.007403
"12043_9",0.992851
"270_1",0.006971
"821_1",0.005220
"4572_10",0.993710
"11437_1",0.006693
"4899_3",0.026964
"8226_9",0.985950
"5445_9",0.989928
"2459_2",0.076477
"12192_7",0.978774
"5459_9",0.988492
"7308_7",0.982048
"11308_1",0.008117
"4122_3",0.343424
"144_9",0.968797
"12145_4",0.068506
"8511_8",0.971806
"11319_7",0.968351
"9257_10",0.991472
"6737_3",0.022977
"9327_9",0.986178
"1246_1",0.010219
"11239_10",0.979996
"2915_1",0.004391
"6019_10",0.989672
"1151_9",0.974797
"11796_2",0.010520
"10400_9",0.882630
"9599_10",0.982474
"2283_3",0.006615
"5474_3",0.009746
"2670_3",0.016947
"6_3",0.096791
"69_4",0.192919
"11234_10",0.969469
"6575_10",0.993938
"9391_1",0.008316
"12053_1",0.007389
"1387_8",0.967349
"2649_9",0.950824
"9004_4",0.013703
"8723_1",0.046378
"11609_1",0.005271
"9585_2",0.009596
"2736_1",0.003984
"6607_2",0.014885
"11939_2",0.009662
"2024_8",0.975577
"1503_8",0.967717
"10177_10",0.987496
"10266_1",0.005170
"547_7",0.933794
"5272_10",0.986623
"5204_9",0.994180
"9369_2",0.037999
"6273_1",0.005080
"10825_7",0.979215
"644_8",0.973317
"347_1",0.019438
"12309_1",0.035046
"5502_10",0.986726
"7203_1",0.026810
"8714_2",0.007475
"713_8",0.990404
"10289_1",0.005333
"7666_8",0.802594
"6753_1",0.007923
"6350_1",0.002521
"11232_8",0.994054
"10551_1",0.012229
"5967_7",0.980562
"1049_3",0.008140
"11238_10",0.898767
"8043_9",0.959837
"8751_4",0.306268
"6514_2",0.014309
"1461_3",0.010746
"12137_8",0.973443
"9884_1",0.004655
"4652_10",0.962743
"3169_4",0.017900
"4138_8",0.991422
"6125_7",0.905907
"7298_8",0.992393
"4602_8",0.759225
"3523_1",0.014254
"10990_1",0.012846
"9278_1",0.014616
"2614_3",0.067056
"4762_3",0.006351
"2557_9",0.992554
"9390_1",0.011789
"7144_10",0.987640
"6655_7",0.389249
"9806_3",0.240909
"986_10",0.985896
"9969_10",0.985963
"8915_1",0.009860
"3888_2",0.014159
"1963_1",0.015724
"10523_9",0.965576
"9995_2",0.014213
"4491_1",0.015499
"926_10",0.992668
"5679_7",0.893449
"5201_8",0.948728
"9785_3",0.033558
"337_1",0.004934
"4129_3",0.007629
"9231_8",0.987616
"2058_2",0.003034
"4801_10",0.992683
"2116_1",0.021004
"11539_10",0.944382
"200_4",0.105810
"8271_10",0.985882
"10088_8",0.957477
"10816_10",0.992016
"80_7",0.809953
"9331_7",0.956634
"3866_9",0.994467
"4534_3",0.183082
"8981_9",0.989119
"510_7",0.978426
"4980_1",0.003531
"3336_1",0.032131
"1934_7",0.250638
"2815_4",0.980506
"6606_4",0.802865
"11802_1",0.006539
"6312_9",0.992525
"1914_2",0.002463
"1970_8",0.979413
"9791_10",0.986389
"3721_10",0.984170
"7947_10",0.993203
"8009_10",0.964052
"3370_7",0.991204
"8943_3",0.026734
"5873_10",0.928018
"7379_1",0.015861
"3585_10",0.990254
"6934_10",0.986764
"5841_1",0.005620
"1354_7",0.988842
"9215_10",0.985800
"2668_4",0.024330
"8441_8",0.994347
"5255_7",0.157460
"3649_1",0.020119
"1169_10",0.991289
"2366_7",0.987399
"4229_1",0.003707
"29_3",0.023398
"6109_2",0.008703
"11174_4",0.003136
"12477_7",0.979707
"11713_1",0.005980
"2231_2",0.014213
"7598_8",0.991472
"5095_3",0.017729
"3062_10",0.959535
"11451_7",0.958538
"7100_3",0.008619
"11005_1",0.008389
"9902_8",0.987616
"8850_10",0.991844
"5542_2",0.041579
"9371_1",0.478925
"8042_7",0.990857
"1757_1",0.007303
"2256_1",0.006811
"9793_3",0.013033
"11791_2",0.180431
"4814_2",0.040807
"630_7",0.993661
"10622_10",0.989450
"5781_1",0.032775
"7422_10",0.982906
"10084_10",0.985440
"9550_9",0.849222
"11646_8",0.935993
"110_1",0.014800
"4811_1",0.023353
"9559_4",0.009467
"2755_10",0.988734
"698_1",0.003559
"8437_1",0.013261
"1470_8",0.889241
"11449_8",0.554199
"8078_8",0.922412
"238_1",0.005686
"4950_10",0.989409
"10793_7",0.971725
"8497_10",0.990696
"9160_9",0.869770
"8472_1",0.007475
"1583_8",0.992184
"2923_3",0.036118
"9770_4",0.635095
"10706_2",0.010499
"4573_2",0.015769
"11176_10",0.990514
"616_1",0.016866
"4574_8",0.985538
"8465_10",0.968530
"4049_9",0.992093
"3707_3",0.013312
"4398_10",0.990178
"11727_1",0.028409
"7244_8",0.986777
"549_3",0.029987
"9461_1",0.256599
"6748_3",0.009090
"7093_10",0.989889
"9115_10",0.978364
"8284_9",0.992481
"469_8",0.988245
"1281_9",0.993673
"2816_3",0.548008
"11001_7",0.924688
"6987_2",0.015968
"5428_3",0.020043
"5992_10",0.992423
"2315_1",0.023398
"7329_7",0.995161
"3956_1",0.015559
"11453_1",0.010581
"726_1",0.007533
"10517_1",0.006401
"4494_8",0.948298
"11980_10",0.987806
"2926_1",0.439567
"1671_2",0.022286
"8291_4",0.010489
"948_8",0.955651
"8122_1",0.015029
"9343_10",0.976423
"6011_10",0.991969
"7156_4",0.011255
"9596_2",0.006513
"10583_10",0.993961
"3190_10",0.974797
"10841_10",0.991118
"6122_8",0.708313
"1315_10",0.991764
"3667_1",0.007688
"4225_2",0.008413
"11268_8",0.988492
"412_7",0.987829
"4891_10",0.993110
"4791_10",0.976243
"4463_2",0.107063
"3173_7",0.691575
"2937_8",0.984200
"9438_10",0.253145
"9900_9",0.986284
"424_10",0.985510
"955_10",0.986675
"10060_3",0.006109
"6063_9",0.992906
"1960_1",0.003686
"1456_8",0.993867
"1859_2",0.017712
"1262_8",0.985950
"5325_4",0.010418
"5944_4",0.034424
"2805_4",0.018177
"11591_1",0.010318
"3257_1",0.030387
"11444_3",0.007953
"5446_3",0.009956
"11801_1",0.030043
"8653_2",0.008348
"10939_1",0.002969
"10079_10",0.984291
"8188_1",0.013875
"3825_3",0.030416
"6659_2",0.004442
"9779_2",0.005180
"2852_2",0.004150
"11117_7",0.984124
"4367_3",0.081703
"7538_4",0.012147
"9183_3",0.022350
"1910_8",0.931711
"4563_4",0.070049
"7743_7",0.990459
"6770_1",0.005480
"10133_4",0.021348
"6279_8",0.976558
"7907_1",0.005261
"1458_2",0.017426
"12427_1",0.484350
"3221_10",0.977132
"1614_10",0.992319
"2761_10",0.976535
"5151_4",0.007317
"8803_8",0.980129
"10726_1",0.012896
"824_8",0.987092
"12377_10",0.974459
"3401_3",0.008561
"3603_7",0.244408
"3655_4",0.649794
"9963_3",0.011387
"4266_1",0.008454
"1176_4",0.043406
"959_4",0.015336
"4494_1",0.176672
"12381_10",0.991922
"4603_8",0.922273
"625_2",0.031739
"7597_3",0.009699
"594_9",0.991985
"10998_10",0.989712
"5122_10",0.947575
"9820_10",0.979215
"2428_1",0.008421
"10928_1",0.005180
"9083_2",0.054199
"8669_1",0.009522
"9159_9",0.849847
"4171_10",0.988863
"7985_8",0.994615
"4181_1",0.004015
"4577_8",0.674506
"910_4",0.087837
"10673_4",0.093885
"1530_10",0.934155
"2436_4",0.045820
"3934_10",0.991684
"9273_1",0.010338
"3188_9",0.989712
"1826_4",0.072178
"4777_1",0.005271
"7449_10",0.984381
"490_2",0.023577
"1351_1",0.003167
"9172_7",0.984561
"6211_8",0.980562
"7114_8",0.988949
"1316_2",0.006654
"6531_10",0.993423
"4381_3",0.014602
"10347_1",0.004007
"5497_8",0.981203
"7041_10",0.988425
"4466_4",0.021287
"1690_1",0.017493
"912_1",0.004118
"10342_1",0.007332
"6323_4",0.010249
"3243_1",0.047914
"9143_1",0.013571
"7175_3",0.008389
"1962_7",0.991636
"11135_7",0.992319
"8524_1",0.009756
"10026_3",0.009879
"3031_4",0.904229
"1766_2",0.007577
"6042_10",0.531361
"3357_7",0.980281
"11065_10",0.954009
"11641_9",0.989572
"4389_2",0.011190
"10946_1",0.006266
"6385_10",0.990678
"5520_4",0.177205
"8036_8",0.993110
"4726_4",0.690115
"1510_8",0.087447
"11016_8",0.987853
"893_1",0.006004
"655_3",0.016657
"12226_7",0.128470
"3878_10",0.975012
"8589_8",0.992583
"4108_10",0.899033
"8586_3",0.015634
"2326_9",0.985773
"155_8",0.949153
"11073_7",0.904903
"1672_10",0.993926
"1715_8",0.969324
"10443_7",0.992626
"9673_1",0.014504
"10731_9",0.957952
"4427_3",0.032010
"422_3",0.112503
"7121_3",0.025859
"4415_4",0.024586
"11599_1",0.082254
"6015_9",0.976106
"3470_1",0.004728
"3951_10",0.991764
"2665_10",0.994303
"10295_10",0.990533
"3220_10",0.983359
"4748_1",0.008503
"189_9",0.993268
"3502_9",0.987664
"10561_9",0.987592
"5051_4",0.377541
"7644_7",0.989119
"559_4",0.079496
"3236_1",0.015922
"9985_9",0.994008
"3512_7",0.993487
"10318_1",0.003463
"3509_1",0.008586
"7686_10",0.988131
"8947_8",0.992975
"6783_10",0.993150
"9836_10",0.994499
"971_3",0.009403
"1127_1",0.007446
"8953_7",0.983986
"5763_10",0.988820
"9147_10",0.747662
"10688_1",0.014091
"2148_7",0.964756
"8997_10",0.990569
"3094_10",0.990121
"1152_3",0.023242
"1907_10",0.939637
"1845_10",0.994910
"6852_7",0.987829
"5573_10",0.990551
"8709_2",0.017276
"2882_10",0.990732
"11230_8",0.989347
"10124_3",0.038250
"12361_1",0.011676
"8117_4",0.008959
"1192_10",0.992481
"1657_4",0.007461
"10319_8",0.915469
"10954_1",0.010966
"2048_10",0.980839
"5763_4",0.021186
"9491_10",0.992123
"4081_3",0.032498
"4877_9",0.987853
"10981_9",0.987759
"11440_1",0.006241
"7608_2",0.004886
"194_1",0.012360
"7116_7",0.099602
"2118_10",0.993524
"9997_10",0.994281
"3880_1",0.012516
"4197_10",0.991067
"1166_10",0.948585
"3504_8",0.987424
"3170_10",0.987664
"1477_8",0.989491
"881_8",0.991084
"10229_2",0.032498
"9515_1",0.007346
"6714_7",0.902136
"8570_8",0.932145
"6892_10",0.994531
"8710_10",0.989161
"9135_10",0.994214
"10924_10",0.990292
"5252_4",0.023825
"6581_10",0.994135
"8837_10",0.863334
"3820_1",0.004718
"9914_3",0.006121
"3141_1",0.007475
"7893_1",0.020567
"306_1",0.006266
"2527_3",0.252891
"8148_2",0.076373
"9778_10",0.994423
"10438_9",0.989013
"5230_4",0.068413
"1691_1",0.007711
"6124_10",0.788420
"5256_3",0.020023
"4294_7",0.989119
"10575_10",0.994688
"9610_9",0.989870
"563_10",0.932083
"6328_10",0.976243
"6903_2",0.004655
"6899_4",0.024238
"7166_4",0.030100
"2993_4",0.014131
"10771_8",0.979531
"11298_1",0.003587
"9101_2",0.038865
"7716_3",0.009936
"2722_1",0.004982
"5227_8",0.980224
"241_1",0.006290
"192_2",0.005312
"9006_10",0.992525
"5505_7",0.948251
"10822_8",0.976513
"1046_1",0.009699
"1865_3",0.006376
"11845_7",0.940353
"6675_7",0.994860
"6240_1",0.003938
"10392_8",0.993599
"3405_10",0.985043
"11919_10",0.990839
"2294_9",0.991505
"1097_3",0.655253
"6888_10",0.986337
"12373_1",0.036804
"11785_10",0.941223
"11805_1",0.005753
"2328_9",0.985412
"2636_1",0.008454
"12359_7",0.954393
"7733_8",0.967101
"9877_1",0.446374
"12266_7",0.969843
"8274_1",0.142411
"11727_8",0.992452
"12389_8",0.988820
"2464_4",0.563978
"4930_1",0.011431
"11304_9",0.993499
"2140_1",0.010378
"11168_9",0.979393
"1772_9",0.924073
"3857_8",0.980262
"4559_3",0.006680
"6986_8",0.905155
"9647_1",0.014602
"11714_1",0.035112
"5436_2",0.070113
"2736_9",0.976061
"4499_8",0.973113
"2701_10",0.988335
"11604_8",0.991032
"6133_1",0.011387
"4151_3",0.049497
"3978_3",0.005374
"1973_9",0.988558
"11752_10",0.995291
"10192_10",0.995095
"8318_4",0.004512
"5685_1",0.006086
"8978_4",0.109753
"12289_10",0.991187
"5603_9",0.989182
"5209_10",0.988646
"8360_7",0.650093
"5690_2",0.011376
"8463_10",0.586922
"5304_10",0.994247
"720_10",0.970381
"9301_3",0.014532
"1392_1",0.017426
"10893_4",0.926170
"1299_9",0.978855
"5552_2",0.016530
"4348_4",0.062274
"12384_4",0.157008
"11947_2",0.040846
"1740_3",0.007374
"7869_10",0.991153
"5959_7",0.978529
"2301_8",0.968020
"5572_7",0.977263
"3716_1",0.758376
"8558_7",0.898053
"12210_1",0.004737
"3744_4",0.038575
"12487_2",0.024031
"5348_7",0.934813
"1065_1",0.007163
"1414_10",0.987204
"2672_4",0.031085
"1014_8",0.220552
"2248_10",0.977778
"2221_8",0.953966
"4576_1",0.011892
"10578_10",0.992975
"8525_2",0.007504
"5332_8",0.962568
"12007_2",0.010348
"1107_2",0.007066
"8295_10",0.994573
"10093_1",0.035244
"6441_1",0.010683
"10422_3",0.015218
"11034_3",0.012100
"3379_9",0.984501
"7512_1",0.001626
"12165_1",0.020666
"11634_10",0.246171
"4567_10",0.958809
"6971_8",0.956227
"2145_3",0.144089
"5639_1",0.005653
"8049_7",0.988602
"7953_1",0.009662
"12440_4",0.011609
"9134_8",0.992725
"5720_10",0.993636
"1851_10",0.990750
"3673_10",0.993735
"9037_3",0.047958
"8547_10",0.993268
"111_10",0.972908
"5279_9",0.994325
"2379_9",0.119100
"6000_10",0.979156
"990_7",0.966726
"1519_9",0.983231
"5987_7",0.985594
"2959_7",0.947769
"8898_2",0.015204
"5746_10",0.984620
"6268_8",0.947332
"5449_7",0.081155
"5561_1",0.005385
"11470_3",0.009831
"11837_1",0.012920
"6761_10",0.989098
"1590_1",0.007607
"927_10",0.993436
"1495_9",0.992364
"10529_7",0.899077
"7704_2",0.010479
"10707_3",0.040200
"3862_1",0.011732
"3612_7",0.984516
"8212_2",0.017493
"10649_10",0.991620
"9767_1",0.008397
"4054_3",0.020944
"9783_3",0.015937
"3116_2",0.004232
"4631_10",0.982048
"7228_1",0.008348
"2744_8",0.921145
"6028_10",0.989791
"10812_9",0.994123
"417_10",0.991339
"11876_10",0.982134
"946_7",0.993843
"8265_10",0.992823
"6833_10",0.990348
"4150_4",0.008520
"899_9",0.975623
"223_10",0.944125
"7369_3",0.008276
"5075_8",0.974988
"6634_1",0.004619
"3486_8",0.991652
"11473_1",0.037715
"3276_10",0.995497
"3272_2",0.035645
"2727_3",0.051272
"4134_7",0.464719
"5744_3",0.006837
"8715_1",0.008085
"4812_1",0.005070
"6841_1",0.008796
"6822_1",0.210969
"3211_4",0.024377
"5489_2",0.007519
"1168_1",0.003907
"3056_9",0.962036
"4516_10",0.988313
"9542_1",0.005406
"4400_10",0.992184
"2766_10",0.992229
"6470_8",0.966726
"5434_1",0.510405
"1406_4",0.067301
"11479_8",0.988624
"9881_10",0.784979
"10276_1",0.007861
"2875_8",0.977714
"1254_2",0.033653
"8017_10",0.993015
"9694_10",0.982031
"9522_1",0.026887
"11379_2",0.025395
"7357_10",0.971725
"6080_9",0.977088
"2039_10",0.987616
"7086_8",0.991389
"4757_10",0.986058
"2472_10",0.943086
"9442_1",0.006086
"12438_10",0.916559
"747_8",0.892750
"6786_4",0.215351
"11942_8",0.985552
"8611_9",0.980487
"9240_8",0.988268
"7411_4",0.012760
"5196_4",0.004256
"5709_3",0.029368
"6758_3",0.020924
"1933_9",0.973011
"4464_8",0.993710
"11100_9",0.993242
"3636_10",0.989531
"12328_1",0.014857
"6783_4",0.012432
"11381_10",0.991305
"4509_3",0.021186
"4775_7",0.570421
"10633_8",0.980525
"9161_1",0.011332
"2277_8",0.986324
"7402_10",0.312973
"2713_1",0.006027
"1312_1",0.008586
"3633_1",0.058025
"8943_10",0.992214
"11734_3",0.094761
"12120_7",0.955734
"6285_1",0.017866
"9296_1",0.005809
"8696_9",0.986297
"7243_10",0.985370
"10135_8",0.933491
"6094_10",0.993150
"6962_4",0.547434
"3916_1",0.004673
"3650_10",0.969469
"58_8",0.992626
"10858_1",0.005809
"11894_8",0.990910
"759_1",0.008864
"10311_1",0.052912
"1127_10",0.981293
"6723_7",0.993879
"4966_7",0.979745
"7196_4",0.613016
"6244_1",0.011564
"9510_10",0.987204
"3471_10",0.990385
"9840_2",0.074231
"11886_9",0.990159
"7880_10",0.984471
"6358_10",0.993029
"6280_2",0.014644
"2580_3",0.005190
"122_4",0.037432
"5713_2",0.017062
"7187_7",0.734072
"8601_8",0.992554
"52_10",0.992668
"2447_7",0.898678
"4828_4",0.002606
"5371_1",0.006811
"5066_1",0.004199
"12184_2",0.017476
"85_2",0.014351
"10067_7",0.979668
"3999_9",0.990874
"11623_10",0.993189
"10826_4",0.012858
"3780_1",0.016947
"10195_1",0.005031
"7875_4",0.012065
"8510_4",0.068351
"9916_2",0.006290
"10023_4",0.179135
"6870_8",0.971429
"4753_9",0.993423
"11120_7",0.983069
"2516_10",0.855851
"1719_10",0.994930
"4426_4",0.014828
"7835_7",0.580248
"5148_7",0.740737
"2997_7",0.639434
"2211_7",0.992244
"626_4",0.059537
"779_1",0.226441
"9712_10",0.971618
"1504_9",0.993855
"8903_3",0.010298
"359_7",0.977176
"7465_7",0.989928
"10966_2",0.012065
"8227_2",0.047074
"10746_2",0.012760
"10356_1",0.025736
"12286_1",0.029451
"11128_7",0.967595
"12489_3",0.077030
"1264_1",0.005764
"3871_10",0.979668
"9248_10",0.976869
"3094_4",0.784195
"7472_9",0.992739
"3537_2",0.019308
"9727_2",0.011398
"5453_8",0.925500
"2283_10",0.935700
"7533_2",0.006811
"6468_1",0.013742
"12274_9",0.975343
"10713_3",0.011310
"8518_7",0.988992
"1838_10",0.978692
"5304_1",0.006944
"4227_1",0.017127
"5342_9",0.992906
"1754_8",0.991101
"4800_1",0.036220
"10717_3",0.009699
"1919_1",0.016106
"6851_7",0.812607
"322_8",0.890770
"3028_4",0.035881
"7463_2",0.068475
"7999_1",0.006877
"3036_1",0.009197
"11154_7",0.932269
"10501_1",0.095434
"12272_8",0.990927
"1738_8",0.993474
"3242_1",0.004340
"6178_4",0.031026
"3405_4",0.713706
"4663_7",0.993123
"11348_1",0.007992
"7304_1",0.004802
"2962_1",0.012883
"11701_8",0.935228
"9354_9",0.992654
"9846_7",0.853730
"12496_10",0.615900
"5652_1",0.016137
"7371_9",0.993281
"10131_3",0.022180
"9826_4",0.031769
"6141_10",0.992214
"7472_3",0.014490
"2622_8",0.952264
"10281_9",0.990962
"8668_2",0.009286
"2348_9",0.974725
"12047_2",0.005469
"11373_10",0.979745
"4254_1",0.006526
"524_1",0.016029
"5808_1",0.012871
"515_1",0.019161
"6414_9",0.991828
"8938_8",0.988602
"12391_8",0.985370
"776_8",0.994989
"12197_7",0.991373
"4582_1",0.955940
"3638_10",0.978692
"6338_3",0.165998
"1165_2",0.027169
"5574_1",0.039379
"7319_2",0.003824
"595_10",0.987853
"6694_1",0.004408
"12209_3",0.020567
"3268_10",0.986636
"12492_4",0.050611
"4738_10",0.939858
"947_3",0.010062
"7726_10",0.993996
"94_10",0.835484
"11760_1",0.029340
"10978_10",0.973519
"10072_1",0.008156
"2346_10",0.988734
"5008_9",0.990292
"5135_2",0.006413
"7979_3",0.991272
"10863_10",0.956917
"2862_9",0.956309
"7562_9",0.991985
"8023_4",0.029958
"341_9",0.994605
"6321_4",0.029424
"9936_1",0.043650
"9581_10",0.992988
"3750_2",0.026106
"8298_2",0.021024
"5900_10",0.992289
"6308_1",0.006015
"1609_10",0.960694
"11054_1",0.014743
"7031_3",0.004521
"9507_9",0.986442
"3121_1",0.009205
"7521_1",0.007135
"4830_1",0.008569
"6686_2",0.005416
"1618_10",0.177632
"2190_10",0.986297
"6943_8",0.896704
"1385_7",0.993996
"544_8",0.960805
"3225_10",0.991472
"1044_3",0.010358
"11691_7",0.900179
"6124_3",0.070049
"7326_1",0.003743
"1471_10",0.979374
"5010_1",0.006501
"2695_9",0.983832
"1222_2",0.029788
"1012_8",0.019438
"5459_1",0.005992
"4734_1",0.004442
"3138_8",0.990292
"5674_7",0.994615
"6815_1",0.003318
"8285_10",0.989811
"5504_10",0.974821
"6800_4",0.006438
"5292_10",0.979156
"5121_1",0.022868
"9861_1",0.842151
"2645_10",0.994336
"9422_7",0.975530
"5144_1",0.007025
"3877_9",0.994214
"7822_8",0.993537
"3324_2",0.003907
"5559_3",0.009946
"9969_3",0.017712
"2296_2",0.015292
"10021_9",0.983769
"11111_1",0.003456
"1371_1",0.007177
"4321_9",0.735262
"9706_7",0.964018
"11782_1",0.010378
"141_1",0.030938
"3106_7",0.948917
"1817_10",0.989202
"4508_10",0.993686
"10922_3",0.015679
"2304_7",0.870652
"2229_4",0.022457
"4283_9",0.992668
"9087_2",0.055464
"6003_9",0.992274
"12126_8",0.990696
"6067_10",0.990310
"8714_9",0.963334
"11932_1",0.010871
"2293_8",0.984032
"6184_8",0.364836
"8448_2",0.131563
"8269_3",0.007823
"7495_7",0.988447
"8282_10",0.975390
"2351_7",0.966945
"11688_7",0.965900
"3805_8",0.980337
"5158_1",0.009860
"12476_8",0.971618
"8265_1",0.034815
"2194_10",0.994146
"3465_3",0.005416
"5234_10",0.993996
"6903_10",0.981927
"8085_1",0.030243
"869_7",0.966156
"12034_1",0.004468
"6297_10",0.981630
"3194_1",0.025834
"8725_1",0.032930
"9563_10",0.987448
"11075_1",0.009259
"5734_10",0.989672
"5357_2",0.005110
"6453_10",0.974459
"3263_3",0.076684
"12360_7",0.945045
"6477_1",0.012300
"11863_8",0.654702
"8459_3",0.061031
"10594_10",0.986071
"2237_1",0.009831
"7511_7",0.940681
"3626_3",0.035611
"6288_2",0.012444
"125_7",0.959573
"3318_7",0.946941
"5525_7",0.746740
"9695_1",0.029340
"5917_8",0.991522
"8486_7",0.931213
"6032_3",0.042962
"7759_9",0.979453
"3456_10",0.992199
"1692_3",0.016931
"2107_3",0.009927
"11215_2",0.011190
"1309_7",0.990140
"6650_8",0.991828
"5722_9",0.982658
"4479_4",0.031739
"347_7",0.991716
"9399_10",0.990786
"2475_1",0.017094
"8229_3",0.196633
"4869_2",0.011699
"9691_1",0.009126
"1227_3",0.007490
"360_3",0.045607
"10047_1",0.002511
"1607_3",0.012883
"797_1",0.012384
"9489_2",0.019587
"1742_7",0.923178
"10531_3",0.054249
"4947_1",0.013611
"10873_8",0.577466
"1429_7",0.975507
"10962_3",0.010520
"3305_4",0.025638
"12160_8",0.943243
"9236_1",0.003817
"3718_1",0.062732
"3434_8",0.961207
"10933_8",0.980525
"798_10",0.973795
"9879_9",0.471801
"6644_10",0.981524
"10978_1",0.006837
"7867_2",0.012747
"4369_2",0.009047
"1251_4",0.023242
"1500_2",0.042444
"7574_10",0.947478
"5470_1",0.013969
"2407_10",0.889721
"3451_3",0.016657
"9385_1",0.010622
"4078_8",0.955651
"3229_1",0.008101
"1786_8",0.991187
"5173_2",0.061480
"1211_8",0.919498
"4303_1",0.014064
"6011_3",0.019700
"4513_4",0.071267
"11745_9",0.977756
"9675_9",0.986598
"11981_3",0.009652
"5977_10",0.993624
"5023_4",0.012649
"8704_9",0.993176
"8644_10",0.982823
"10557_3",0.006376
"6549_7",0.973695
"5557_3",0.071591
"6402_2",0.024893
"2642_4",0.004007
"11796_10",0.775987
"7102_1",0.006958
"7968_8",0.988470
"11764_7",0.645707
"9415_9",0.988380
"4817_8",0.985923
"1007_4",0.011072
"10943_9",0.972046
"7280_10",0.991422
"6068_2",0.046899
"845_10",0.954563
"8377_3",0.007233
"8445_9",0.992809
"563_4",0.770594
"8761_9",0.976038
"1552_1",0.007696
"9630_1",0.010591
"6444_7",0.895568
"3188_1",0.004601
"2142_4",0.033780
"2045_10",0.989811
"2477_10",0.965964
"2597_1",0.015891
"3137_8",0.948010
"1345_1",0.013109
"8498_7",0.987782
"6550_4",0.551664
"9583_9",0.993807
"7506_7",0.941868
"9316_7",0.857947
"11473_10",0.993307
"3003_10",0.924279
"8532_7",0.940790
"5654_1",0.021430
"822_10",0.825449
"1312_10",0.990533
"9665_4",0.086093
"4442_10",0.993879
"11758_7",0.990366
"11185_1",0.336508
"11588_3",0.007490
"3366_10",0.988690
"7050_8",0.979156
"4778_4",0.013519
"1_3",0.018493
"2838_2",0.004530
"6910_8",0.959154
"3257_8",0.976869
"9111_7",0.989712
"6458_7",0.990102
"5622_8",0.928603
"12469_7",0.992837
"9670_10",0.993150
"8092_4",0.022824
"1683_9",0.911180
"6181_4",0.153232
"8965_8",0.982083
"5186_1",0.006463
"1250_2",0.006590
"4705_10",0.993294
"10261_8",0.987424
"350_4",0.723090
"12302_3",0.006771
"776_1",0.181046
"7424_10",0.977241
"10383_8",0.983644
"360_9",0.989161
"5798_10",0.965576
"10720_4",0.147924
"6009_8",0.994314
"2319_8",0.985677
"7053_10",0.958382
"11210_8",0.994636
"1985_10",0.979900
"6056_1",0.008260
"10315_1",0.020332
"9_4",0.067670
"6530_4",0.082180
"1367_10",0.845815
"4564_2",0.005533
"4343_10",0.972571
"654_3",0.120284
"4857_1",0.006998
"1377_10",0.988712
"8072_10",0.992851
"11433_7",0.986324
"6586_1",0.005261
"10255_1",0.216094
"350_10",0.971564
"6853_8",0.976378
"3693_10",0.981910
"2589_10",0.964722
"895_1",0.003922
"6854_7",0.985552
"1274_2",0.011789
"9179_8",0.992334
"10141_8",0.932821
"10727_9",0.989491
"1158_7",0.991015
"9949_3",0.010358
"7798_10",0.986866
"5964_7",0.928018
"11221_10",0.987104
"3053_3",0.017426
"8817_9",0.936110
"5850_2",0.007346
"9635_3",0.006050
"5000_10",0.993524
"10040_2",0.030618
"3065_1",0.015679
"2196_1",0.527651
"12428_7",0.818084
"8454_1",0.009358
"11456_10",0.986917
"5918_4",0.036084
"10687_7",0.976780
"10507_7",0.641457
"9051_8",0.888372
"6315_4",0.006015
"11266_10",0.980487
"5890_3",0.007923
"6257_8",0.963506
"2923_8",0.993855
"2952_1",0.006376
"7269_8",0.992408
"1116_1",0.004858
"11084_1",0.007900
"10287_1",0.012564
"5704_9",0.989013
"11218_8",0.980300
"12275_2",0.320343
"1414_4",0.017594
"7998_4",0.019106
"3286_1",0.004915
"2515_1",0.005946
"851_1",0.009869
"5181_10",0.992583
"5358_9",0.994214
"2677_10",0.982423
"34_8",0.986111
"9232_8",0.972650
"5835_10",0.973037
"10796_4",0.757256
"5553_8",0.991322
"666_4",0.009012
"9450_1",0.007741
"10820_8",0.990197
"7994_10",0.992851
"8948_9",0.991101
"3301_2",0.009727
"2801_1",0.004530
"4934_2",0.007748
"1539_10",0.992920
"10949_4",0.010489
"4394_10",0.992525
"4098_8",0.059428
"1617_7",0.678354
"9569_3",0.051845
"8593_1",0.094510
"3449_1",0.014077
"8372_1",0.001961
"815_7",0.910386
"348_7",0.336242
"7220_1",0.017560
"2633_1",0.019776
"1752_3",0.129678
"3347_2",0.016625
"4967_7",0.966188
"10910_8",0.994860
"3147_1",0.005100
"7791_4",0.026938
"1588_7",0.989811
"8405_2",0.006339
"3826_10",0.977799
"3178_2",0.013338
"4420_4",0.978488
"246_2",0.006376
"8462_7",0.981683
"8264_3",0.016785
"2695_3",0.008933
"7258_4",0.035046
"5787_8",0.922761
"11668_2",0.002774
"5529_4",0.943608
"8923_2",0.008754
"4784_1",0.012065
"7730_1",0.897516
"4455_4",0.086903
"6416_1",0.012662
"87_1",0.003847
"9548_8",0.989409
"1285_1",0.006501
"7695_10",0.960361
"4364_10",0.991554
"9394_8",0.929951
"1253_1",0.019550
"2481_1",0.046508
"6790_1",0.008220
"9989_10",0.993759
"1483_8",0.974092
"8772_1",0.008252
"2993_10",0.971429
"1801_1",0.058993
"9434_1",0.011332
"7938_10",0.991907
"2262_1",0.006205
"5076_1",0.003722
"10994_2",0.009170
"4749_7",0.990292
"8309_8",0.772574
"7031_10",0.980894
"2711_3",0.017426
"8655_7",0.991780
"11329_4",0.990197
"9076_3",0.128088
"11647_10",0.968560
"7934_1",0.007548
"9114_1",0.007389
"6510_7",0.919498
"11487_1",0.005160
"2348_3",0.042483
"12325_1",0.013261
"6405_10",0.965576
"357_7",0.982100
"12253_10",0.993512
"4927_10",0.990803
"8636_1",0.013364
"11184_10",0.994850
"9974_3",0.058078
"6516_1",0.330525
"2167_9",0.969353
"10794_10",0.986191
"966_4",0.019438
"10040_10",0.991780
"5940_9",0.501587
"9181_8",0.985622
"2196_8",0.984956
"6361_4",0.008942
"4243_9",0.985950
"581_9",0.992169
"7195_1",0.016609
"2986_10",0.988131
"4344_1",0.006539
"7176_10",0.983723
"7857_10",0.983550
"6487_1",0.013597
"3692_10",0.991049
"12198_10",0.965771
"10569_7",0.993961
"9850_2",0.647694
"6415_1",0.002217
"6373_10",0.987129
"5103_1",0.013809
"11048_8",0.993487
"2055_1",0.010520
"2920_1",0.007233
"8667_3",0.013261
"7059_3",0.280986
"3887_2",0.023442
"12356_10",0.517876
"5402_2",0.020745
"10274_8",0.984456
"11831_4",0.054399
"5375_7",0.977947
"7875_7",0.852997
"2733_8",0.968944
"6420_8",0.989986
"2240_10",0.777807
"10627_9",0.980858
"7319_8",0.969237
"7782_1",0.006302
"857_1",0.004425
"351_4",0.978031
"9260_10",0.987640
"6891_10",0.981927
"8205_10",0.918261
"1179_3",0.012747
"9061_4",0.283310
"3571_9",0.993042
"11352_9",0.989967
"11770_10",0.994203
"10714_2",0.045777
"5397_3",0.017094
"2360_1",0.003075
"9459_4",0.943243
"7493_1",0.040238
"6799_10",0.981560
"2313_8",0.973342
"7602_10",0.993783
"1731_10",0.977045
"8502_10",0.992229
"5632_1",0.003267
"3723_10",0.970992
"6473_3",0.087136
"3596_3",0.019909
"8583_7",0.958809
"10902_1",0.007121
"1032_1",0.670676
"2931_1",0.004811
"9930_3",0.012613
"11825_10",0.995189
"5384_10",0.819677
"2492_4",0.053403
"5008_4",0.034359
"7334_4",0.025982
"10082_8",0.790571
"1395_1",0.007317
"8140_7",0.200871
"2400_8",0.994157
"11462_2",0.003357
"6632_10",0.970268
"11499_3",0.015739
"5576_1",0.008805
"1172_7",0.990254
"3053_8",0.989244
"4119_1",0.014714
"8165_2",0.013756
"8333_8",0.900048
"2242_1",0.006641
"6132_1",0.006590
"12270_9",0.994646
"11456_4",0.019738
"6898_1",0.007219
"2512_2",0.007748
"7045_7",0.964855
"2808_4",0.011310
"6257_4",0.002487
"1971_7",0.956350
"10565_10",0.994488
"930_10",0.993996
"196_9",0.991456
"6535_1",0.007748
"5257_1",0.033149
"6759_4",0.047030
"5016_2",0.006062
"10959_1",0.010746
"4450_10",0.990892
"6678_10",0.985257
"11286_8",0.987326
"7200_8",0.980243
"6660_7",0.993229
"12481_10",0.993673
"10278_4",0.029396
"6233_8",0.948917
"579_1",0.011609
"8519_3",0.028141
"1220_10",0.990422
"2342_10",0.985814
"1860_1",0.003552
"7273_3",0.813535
"4653_2",0.085404
"6878_4",0.043366
"502_7",0.925567
"2406_2",0.009322
"2021_1",0.007930
"874_8",0.993914
"4949_2",0.043855
"5054_3",0.051225
"689_7",0.975296
"9643_7",0.987351
"6445_3",0.040579
"2377_9",0.932699
"6107_8",0.979765
"10368_8",0.990750
"10444_1",0.005251
"5498_1",0.004755
"1018_7",0.965381
"2718_9",0.286344
"2418_2",0.014050
"7412_7",0.096919
"213_10",0.924688
"9417_2",0.008487
"1194_2",0.004007
"9366_8",0.993281
"4769_1",0.005251
"6667_9",0.990064
"9361_2",0.020352
"2182_8",0.979823
"10677_4",0.857291
"3931_10",0.885384
"120_9",0.990768
"10837_10",0.988514
"10830_1",0.005753
"3679_2",0.009073
"9094_9",0.976220
"7880_2",0.116111
"4969_9",0.975809
"3418_3",0.008062
"5490_4",0.083928
"264_10",0.988646
"1602_10",0.983455
"5019_9",0.967287
"12000_9",0.992947
"10794_4",0.037999
"2504_3",0.755366
"12340_4",0.030157
"7732_2",0.025299
"2028_1",0.003650
"3986_4",0.004982
"5100_10",0.993524
"2135_1",0.007108
"10227_7",0.971156
"4413_1",0.095349
"5205_2",0.013862
"45_9",0.986403
"12151_10",0.985342
"11055_1",0.009803
"2632_9",0.991373
"7047_3",0.007135
"1915_1",0.010622
"9666_10",0.983439
"10027_1",0.027822
"11024_2",0.009126
"6482_7",0.993487
"8060_3",0.011190
"9876_8",0.964254
"3839_1",0.007801
"3682_9",0.981841
"5962_3",0.019142
"222_3",0.006229
"10460_10",0.992047
"8543_1",0.014490
"9443_1",0.005002
"10201_1",0.990422
"5046_9",0.988108
"5899_1",0.013996
"10140_1",0.011255
"5009_1",0.013782
"4626_8",0.990478
"9033_10",0.987496
"3243_9",0.989909
"6379_1",0.028008
"4949_8",0.991472
"6119_10",0.988558
"10336_7",0.973062
"7344_1",0.003477
"3294_7",0.977522
"4385_2",0.006771
"2172_9",0.992423
"8295_3",0.005448
"1031_10",0.984426
"7577_10",0.980091
"6778_4",0.008292
"3154_2",0.017193
"9585_7",0.942823
"3445_2",0.005686
"7416_3",0.576363
"9780_10",0.988222
"480_10",0.982641
"837_4",0.051510
"10166_8",0.976220
"3695_7",0.296298
"12417_9",0.787646
"3932_3",0.016387
"11790_3",0.010976
"6917_9",0.990422
"1975_4",0.161519
"11249_10",0.020725
"7366_7",0.935405
"4579_8",0.992781
"8415_10",0.986585
"2004_1",0.031649
"7599_3",0.007432
"12259_8",0.512327
"11005_7",0.980110
"11914_7",0.962250
"8498_1",0.005292
"944_2",0.004982
"7183_10",0.986350
"4422_10",0.988380
"6791_10",0.973037
"9286_1",0.006824
"3325_10",0.986125
"5599_2",0.005877
"3064_1",0.008204
"209_4",0.010934
"1904_10",0.913213
"10699_3",0.029676
"577_3",0.020844
"3157_1",0.007763
"1582_2",0.011420
"8044_2",0.010632
"11208_1",0.023825
"4708_3",0.200167
"10439_8",0.970268
"11083_7",0.746924
"8066_3",0.016514
"11327_8",0.988492
"9224_1",0.352301
"2165_8",0.677847
"9892_10",0.989306
"4402_1",0.007519
"11804_10",0.984321
"1296_8",0.989652
"10562_1",0.008031
"5003_10",0.990385
"10448_1",0.007475
"3274_7",0.986803
"6344_4",0.025982
"8129_4",0.025712
"9525_2",0.009784
"661_1",0.001890
"9398_3",0.060752
"3639_7",0.993397
"5527_7",0.858837
"7790_3",0.034359
"9550_1",0.025785
"2042_3",0.006109
"366_1",0.006931
"8446_3",0.141163
"7859_1",0.008372
"5587_3",0.022846
"10604_3",0.005719
"5245_1",0.011915
"804_8",0.799286
"9098_3",0.009134
"6240_10",0.988734
"3960_10",0.964355
"10536_8",0.988906
"8793_1",0.005653
"1586_1",0.016866
"7131_9",0.993436
"11338_9",0.978733
"1053_4",0.009888
"11170_4",0.067917
"6806_1",0.008520
"3741_4",0.032375
"1231_7",0.983878
"5499_8",0.976625
"12452_3",0.328018
"5331_9",0.994347
"3302_7",0.801781
"6214_8",0.968381
"6908_1",0.005090
"8510_8",0.942454
"10522_10",0.986992
"2844_2",0.021430
"11797_3",0.038250
"11237_10",0.957991
"6762_3",0.011530
"897_1",0.006438
"10312_9",0.849597
"10272_1",0.007360
"10814_9",0.990514
"4504_1",0.015365
"9389_9",0.980167
"9035_1",0.003847
"11306_1",0.009286
"6309_4",0.014885
"5179_10",0.986623
"6099_4",0.007846
"887_8",0.991732
"10220_10",0.989531
"286_10",0.924620
"5809_10",0.989389
"7725_3",0.009936
"9722_7",0.977629
"9104_7",0.747155
"7313_7",0.958615
"1706_1",0.006074
"11737_4",0.072900
"11203_10",0.993831
"7767_4",0.013532
"1822_1",0.004086
"5113_8",0.939192
"5456_9",0.981004
"6005_1",0.009756
"2026_2",0.004451
"1379_1",0.007317
"3048_10",0.982389
"5070_10",0.869271
"8985_1",0.095645
"1643_1",0.018851
"400_1",0.011343
"7546_10",0.949342
"3438_4",0.101902
"12136_8",0.476793
"6850_2",0.653376
"9054_8",0.947137
"1555_10",0.992626
"7103_1",0.016673
"6218_1",0.004086
"1619_3",0.011508
"5187_8",0.962532
"8575_2",0.010945
"1593_10",0.990441
"3910_1",0.007317
"5743_10",0.991587
"3061_8",0.979823
"9633_8",0.988668
"2488_9",0.986533
"11711_4",0.018177
"11282_10",0.964489
"8919_10",0.992031
"6139_10",0.993110
"8032_1",0.022651
"4287_4",0.016530
"11044_1",0.008228
"11123_8",0.991032
"1828_9",0.986017
"4232_3",0.010469
"7258_9",0.993229
"1078_4",0.014546
"9967_10",0.993042
"4975_3",0.007053
"9974_8",0.990366
"424_2",0.003900
"7181_9",0.986350
"10703_3",0.031799
"3157_10",0.989692
"11096_10",0.993938
"2185_10",0.993229
"2779_4",0.299182
"9342_1",0.008340
"3615_8",0.994203
"6777_10",0.984635
"5440_8",0.967595
"706_1",0.051942
"5909_8",0.961098
"9578_3",0.015649
"3393_4",0.006217
"428_3",0.055107
"651_9",0.992568
"12433_8",0.948106
"8643_4",0.054249
"5826_10",0.993359
"4060_1",0.008569
"3310_8",0.987326
"8941_3",0.234538
"11493_7",0.963814
"7896_8",0.985215
"541_7",0.989450
"10614_1",0.029146
"3751_1",0.006758
"7851_8",0.975739
"5940_1",0.022868
"911_1",0.006745
"1233_1",0.024122
"4995_1",0.010829
"2771_9",0.917746
"5085_8",0.960988
"6521_8",0.992169
"8106_3",0.018003
"2962_7",0.853058
"1621_9",0.989491
"4981_8",0.988447
"11884_2",0.007636
"6038_10",0.984531
"7118_10",0.983738
"10365_1",0.004728
"677_9",0.989347
"95_10",0.990997
"8211_3",0.073264
"11906_8",0.966914
"3038_2",0.010998
"10503_1",0.005110
"11260_4",0.011744
"11333_3",0.009624
"6954_10",0.981185
"143_8",0.809690
"6458_3",0.008389
"8784_2",0.009313
"2604_1",0.008478
"4374_9",0.960988
"1323_3",0.081410
"2647_2",0.062904
"363_3",0.008822
"7556_1",0.105165
"11101_4",0.069101
"8945_7",0.957557
"10630_4",0.009956
"11174_8",0.979453
"7927_3",0.012686
"8433_1",0.007748
"8814_1",0.005566
"11746_8",0.991305
"2462_10",0.989612
"10036_1",0.004830
"10628_1",0.003559
"4782_1",0.004953
"11244_8",0.794425
"4815_1",0.009965
"6974_7",0.992934
"10180_1",0.011609
"3538_1",0.009367
"9319_9",0.983581
"3542_2",0.007563
"5583_1",0.005150
"215_8",0.970070
"6949_1",0.005333
"11401_10",0.995300
"3468_4",0.021186
"9478_7",0.989327
"12368_2",0.014241
"7534_4",0.020235
"9256_2",0.388016
"2192_10",0.987302
"10617_3",0.049176
"1464_1",0.007012
"969_4",0.011212
"702_7",0.973062
"470_10",0.993083
"2575_1",0.028653
"3059_2",0.008260
"7229_3",0.009467
"7437_3",0.083740
"2560_7",0.957873
"8444_4",0.006501
"1900_4",0.988492
"9057_4",0.017526
"10101_4",0.049314
"4914_2",0.008830
"11896_4",0.113727
"10430_1",0.013782
"786_3",0.029424
"9834_1",0.189484
"2040_1",0.003751
"1435_3",0.139690
"168_8",0.987154
"6504_9",0.893867
"3677_1",0.004718
"3652_10",0.992437
"9821_10",0.994667
"8695_8",0.986841
"5728_10",0.992452
"2856_8",0.993673
"11548_3",0.021948
"9435_7",0.916072
"7910_2",0.029873
"4658_7",0.873269
"10111_1",0.009708
"12306_1",0.011823
"6380_9",0.978672
"3507_10",0.983053
"11085_7",0.987424
"4268_8",0.992123
"1702_2",0.013096
"3045_9",0.993996
"3338_2",0.020864
"9288_8",0.975036
"1580_8",0.987179
"11976_10",0.497192
"9216_1",0.008686
"2015_10",0.995076
"7665_2",0.022307
"10545_2",0.019587
"3819_4",0.177027
"8005_10",0.985963
"772_1",0.003040
"3882_3",0.012135
"9001_8",0.993867
"3000_1",0.013716
"3357_4",0.027769
"2559_4",0.077868
"2178_4",0.042802
"2249_9",0.994157
"9616_10",0.990839
"11797_9",0.992184
"9061_10",0.986546
"10994_10",0.985510
"1076_3",0.018851
"10774_2",0.012089
"10983_10",0.985412
"9271_10",0.988062
"3205_9",0.993636
"4987_4",0.838680
"10926_1",0.009170
"9150_8",0.787359
"614_2",0.012908
"12332_4",0.226527
"9100_2",0.045100
"10499_8",0.028981
"6143_9",0.975969
"4113_8",0.979334
"4705_4",0.062560
"3115_1",0.005395
"1041_2",0.008762
"11601_9",0.914482
"11045_8",0.989652
"10615_8",0.839734
"7631_7",0.888081
"11829_3",0.076718
"6941_1",0.006266
"112_10",0.993902
"4220_8",0.793986
"2812_10",0.959837
"10221_2",0.016915
"1944_9",0.345989
"5866_8",0.931525
"11615_1",0.047250
"3066_10",0.991522
"5757_3",0.007135
"10569_1",0.004610
"10633_3",0.016882
"58_3",0.012492
"1126_10",0.991305
"4357_10",0.992767
"6768_4",0.036943
"11354_10",0.987005
"6412_10",0.972985
"7547_1",0.007831
"5198_10",0.991356
"5697_3",0.084531
"9757_3",0.010913
"8034_3",0.002975
"8612_8",0.969440
"8691_7",0.680109
"6731_3",0.094887
"12190_1",0.003318
"3180_1",0.004811
"11068_10",0.984605
"3752_4",0.026658
"1995_3",0.162181
"5517_10",0.988131
"6532_9",0.991221
"4435_1",0.029507
"5527_4",0.057019
"5059_4",0.019890
"12044_4",0.028355
"3479_3",0.077448
"8399_8",0.956022
"8897_7",0.989161
"8342_9",0.635039
"7018_3",0.004737
"2497_7",0.633447
"10152_1",0.011180
"11583_4",0.044431
"3156_10",0.700306
"5259_4",0.016514
"2581_1",0.009831
"5224_7",0.825449
"9024_3",0.009277
"8026_10",0.994054
"9588_3",0.013506
"11001_1",0.006290
"6432_9",0.993831
"8524_9",0.993499
"12457_3",0.010239
"8426_8",0.992047
"11355_10",0.993189
"10337_1",0.006958
"11911_3",0.033526
"2655_10",0.992851
"4265_3",0.130064
"6542_3",0.052961
"9681_1",0.011938
"287_8",0.931587
"1864_1",0.009108
"7655_4",0.071203
"3613_7",0.952530
"11041_1",0.042882
"12070_8",0.974239
"10856_10",0.994667
"7365_4",0.012797
"10025_8",0.790328
"4693_10",0.989612
"9580_7",0.970882
"4669_2",0.009812
"274_9",0.984200
"1570_2",0.119614
"11040_8",0.979938
"2243_7",0.549943
"7043_10",0.907804
"3719_2",0.006837
"7635_7",0.020081
"2327_2",0.016834
"4229_9",0.925903
"4121_3",0.019290
"6064_1",0.037397
"364_10",0.977241
"1161_10",0.983863
"463_1",0.003273
"9291_4",0.318525
"8827_1",0.008994
"2292_1",0.003707
"6935_9",0.903465
"9226_1",0.011137
"7612_4",0.501099
"8575_7",0.032775
"3475_1",0.022737
"1880_7",0.984155
"7265_7",0.989368
"8626_1",0.005741
"733_1",0.005281
"12100_10",0.984826
"1069_10",0.992467
"11364_10",0.975036
"5496_1",0.006302
"7253_1",0.005609
"3159_1",0.039900
"9131_10",0.979938
"413_4",0.961353
"10818_1",0.006121
"479_3",0.118742
"173_7",0.954858
"9522_10",0.988949
"333_10",0.982356
"2819_1",0.007261
"5723_8",0.964288
"99_10",0.984635
"7247_4",0.111531
"4711_9",0.986111
"8555_3",0.032713
"6330_10",0.992496
"8921_1",0.004905
"803_10",0.986191
"6219_1",0.006641
"10077_3",0.022286
"1274_7",0.987688
"2307_3",0.009403
"8114_8",0.992184
"1503_1",0.004408
"2004_10",0.986468
"712_3",0.014406
"557_4",0.140690
"9651_8",0.987946
"11701_4",0.025059
"6325_9",0.957437
"1684_1",0.001923
"1435_10",0.992837
"5754_10",0.987253
"12098_10",0.969382
"3707_10",0.991456
"2521_1",0.032590
"1793_1",0.026683
"2725_3",0.009936
"5051_8",0.993320
"2691_7",0.992568
"4111_10",0.979823
"3239_3",0.006526
"8124_8",0.956145
"4990_4",0.009699
"9565_9",0.991636
"6657_3",0.023735
"5882_4",0.067454
"8571_1",0.020410
"6815_10",0.994066
"487_10",0.758153
"11567_9",0.990533
"10631_1",0.007108
"7070_2",0.004764
"8708_10",0.983581
"1889_4",0.007629
"1838_3",0.011665
"6383_3",0.008292
"4735_9",0.967472
"11430_7",0.989551
"11590_1",0.008561
"11023_3",0.024031
"10870_8",0.992879
"6734_10",0.838614
"10174_1",0.007080
"7905_10",0.983263
"9555_4",0.076064
"6303_9",0.985482
"1426_1",0.007417
"5482_8",0.983800
"7605_2",0.007275
"10249_1",0.005675
"2466_1",0.011019
"4055_1",0.004306
"9839_8",0.917340
"3953_9",0.991084
"6563_4",0.084682
"10776_4",0.093554
"7596_2",0.008164
"10490_9",0.993624
"3800_1",0.012277
"10669_1",0.026056
"6276_8",0.966945
"3110_1",0.013729
"12434_1",0.031799
"10189_1",0.009994
"10639_4",0.304946
"7734_1",0.007969
"8763_4",0.319825
"2702_1",0.046034
"10179_1",0.039416
"2317_7",0.981185
"4677_8",0.963300
"11805_7",0.967930
"1339_2",0.024353
"9919_4",0.033621
"1425_8",0.970437
"3926_7",0.848659
"12395_10",0.992753
"6284_4",0.017226
"11069_1",0.003629
"4998_10",0.992753
"8055_2",0.025323
"9179_3",0.015709
"11577_10",0.992423
"1480_1",0.009486
"4561_10",0.988928
"4698_10",0.993710
"9312_1",0.012468
"6561_4",0.220972
"8353_10",0.994325
"11580_3",0.037573
"10536_2",0.070432
"957_10",0.992640
"1768_8",0.987782
"12197_1",0.040541
"11459_10",0.991538
"2271_3",0.008308
"6973_1",0.016737
"4199_8",0.971939
"6582_8",0.739893
"5843_1",0.019087
"4140_9",0.989909
"11105_3",0.012420
"2395_3",0.006229
"10715_9",0.989652
"6611_7",0.983754
"2043_7",0.988668
"2884_9",0.979726
"4946_8",0.709346
"9642_7",0.972727
"5211_1",0.004062
"10661_9",0.988245
"4368_10",0.760428
"12086_4",0.007163
"6465_8",0.992906
"4706_1",0.007651
"4694_10",0.877319
"12150_10",0.990329
"208_3",0.016753
"2587_3",0.023465
"2804_3",0.020785
"2837_3",0.006628
"11070_1",0.010611
"11909_4",0.040163
"9945_10",0.980034
"9281_9",0.962497
"8458_2",0.019833
"9882_2",0.003877
"172_7",0.966600
"7632_2",0.010101
"12246_9",0.992739
"3889_1",0.003081
"11140_4",0.050988
"5240_9",0.994520
"7965_4",0.230963
"3387_3",0.004574
"10817_4",0.013624
"3332_10",0.991101
"1156_9",0.992214
"6585_1",0.013287
"7931_3",0.010004
"8268_4",0.011321
"6443_10",0.940353
"373_10",0.991828
"5912_4",0.010913
"11475_7",0.939192
"10738_4",0.041813
"11175_10",0.991636
"9008_2",0.285272
"2218_3",0.017883
"585_10",0.989055
"3448_2",0.019738
"3860_8",0.987302
"8335_7",0.984231
"1907_1",0.012834
"9169_9",0.903209
"10375_8",0.986455
"10432_4",0.040163
"11399_1",0.029732
"3430_7",0.983925
"2859_4",0.026836
"3899_10",0.977176
"9648_8",0.980431
"9233_8",0.993189
"10574_10",0.991587
"3489_4",0.041501
"8115_8",0.983311
"11495_8",0.938237
"6885_7",0.862236
"1534_10",0.973620
"11721_9",0.977735
"11610_10",0.979195
"2712_8",0.994112
"3140_10",0.993661
"4880_10",0.955899
"1592_10",0.960249
"425_10",0.991170
"5798_1",0.008864
"2212_8",0.987104
"2685_3",0.010418
"9625_2",0.009152
"8492_7",0.954009
"4932_3",0.899387
"1704_3",0.049681
"301_4",0.219170
"2599_10",0.116512
"2364_4",0.016609
"2323_3",0.024261
"1885_8",0.938632
"1232_1",0.004664
"12055_1",0.003587
"2894_10",0.990422
"5347_3",0.829008
"1799_4",0.016577
"7460_9",0.961244
"8798_10",0.990496
"2134_4",0.045820
"2964_2",0.082549
"345_3",0.065128
"2670_8",0.991780
"10282_10",0.984826
"5587_8",0.866472
"6115_2",0.005011
"6974_1",0.017952
"8500_10",0.990857
"5073_8",0.985677
"5291_8",0.992809
"11728_7",0.885136
"3207_4",0.016964
"2553_8",0.979648
"10896_10",0.993176
"9321_2",0.006302
"1484_4",0.017644
"2106_2",0.016215
"5487_4",0.006985
"4835_10",0.698304
"1023_3",0.076961
"11524_10",0.971591
"10672_7",0.882174
"9769_3",0.007621
"590_7",0.992319
"11530_3",0.006864
"349_2",0.024540
"2165_4",0.014857
"1574_9",0.991522
"2792_1",0.004023
"980_2",0.008822
"5745_7",0.951684
"4323_7",0.987782
"11569_7",0.944331
"3637_1",0.011586
"4511_1",0.008308
"8404_10",0.991406
"8947_4",0.468943
"12317_10",0.993950
"3927_4",0.030589
"461_8",0.990997
"11651_2",0.005469
"7697_4",0.009205
"7799_10",0.992031
"2111_8",0.975992
"9745_7",0.978073
"4419_4",0.070049
"9337_4",0.129788
"3908_10",0.989551
"9211_3",0.057865
"489_1",0.028953
"9229_8",0.247532
"381_1",0.002935
"1355_7",0.975460
"12100_1",0.075312
"6126_4",0.024822
"8315_8",0.987351
"7513_10",0.980300
"5547_1",0.271493
"8050_1",0.010808
"7332_1",0.009774
"9044_8",0.993385
"8491_1",0.057812
"1919_8",0.993879
"4076_7",0.710879
"9251_2",0.023131
"7325_10",0.982971
"177_8",0.982591
"8104_4",0.017243
"919_4",0.009458
"9417_8",0.993807
"9440_9",0.976535
"11105_9",0.977284
"7670_10",0.874721
"7404_8",0.989223
"5120_2",0.024377
"10153_1",0.007808
"1763_10",0.985271
"9316_4",0.581273
"6396_8",0.990025
"8865_10",0.989430
"4552_8",0.721572
"874_4",0.014900
"6690_2",0.007025
"11970_3",0.716268
"1202_4",0.175256
"6024_1",0.005261
"10117_9",0.989244
"9511_1",0.014241
"2314_10",0.965996
"6053_3",0.009765
"10165_2",0.011699
"8410_2",0.021308
"1457_1",0.006327
"9651_3",0.012360
"537_2",0.010052
"7191_3",0.052183
"10258_8",0.975107
"4774_8",0.894605
"3560_8",0.967287
"5960_1",0.009513
"881_4",0.058939
"2420_1",0.008703
"4959_4",0.016545
"7138_1",0.003765
"9317_10",0.946892
"5454_4",0.032528
"7450_9",0.993636
"9679_10",0.986337
"10988_3",0.006364
"2932_3",0.053502
"10110_1",0.003594
"9165_2",0.009232
"11712_2",0.005190
"8979_1",0.003396
"12426_3",0.015321
"1630_7",0.992364
"11990_10",0.920576
"5395_10",0.993487
"896_1",0.004240
"11463_9",0.972178
"7096_1",0.008669
"6198_10",0.988447
"8141_10",0.990533
"2650_10",0.992809
"12337_9",0.992988
"1995_10",0.991255
"6349_1",0.004925
"12270_2",0.004547
"12494_2",0.006877
"7081_4",0.167321
"3010_7",0.062674
"2924_2",0.006039
"3185_10",0.982100
"1377_2",0.024238
"4858_3",0.031889
"4351_3",0.098729
"6865_2",0.010787
"9527_3",0.006877
"6223_7",0.867990
"11598_4",0.129843
"10605_1",0.005620
"4609_2",0.015189
"3736_7",0.990786
"5615_1",0.008180
"11109_7",0.402161
"3924_3",0.008711
"7452_1",0.086632
"4288_8",0.260201
"8825_2",0.006463
"3168_7",0.991032
"6407_1",0.009440
"7016_3",0.109897
"129_1",0.009965
"9808_3",0.011881
"5620_10",0.990587
"6404_10",0.927757
"10781_1",0.006654
"2446_1",0.006706
"2191_10",0.987399
"10848_1",0.013008
"11201_10",0.990197
"6818_9",0.979551
"4607_7",0.650738
"2410_7",0.968679
"9656_9",0.991538
"7841_7",0.986138
"11422_7",0.420674
"7376_8",0.929248
"10804_8",0.883989
"11793_7",0.990962
"509_7",0.844665
"12459_10",0.980506
"354_10",0.991587
"2740_10",0.893402
"1469_1",0.016387
"9219_10",0.967717
"7248_7",0.517540
"5620_1",0.014943
"12160_1",0.007121
"6037_10",0.993771
"8338_1",0.144269
"1954_1",0.009295
"6996_9",0.990102
"9888_8",0.991891
"5470_7",0.955110
"11915_4",0.192577
"7057_4",0.134321
"10320_10",0.991187
"4447_3",0.007346
"9711_9",0.986623
"5077_3",0.010209
"10912_4",0.988885
"3224_3",0.015058
"9946_7",0.745352
"10650_4",0.441583
"9613_1",0.010673
"4909_3",0.003700
"5607_8",0.970324
"3315_1",0.003142
"9271_1",0.037187
"4248_4",0.062388
"5849_4",0.017177
"3944_1",0.005664
"3580_10",0.985923
"4592_1",0.004110
"6375_10",0.987759
"5955_9",0.981507
"11613_7",0.978031
"8278_10",0.972257
"11339_9",0.989948
"6813_2",0.019909
"3747_3",0.005831
"5916_1",0.008364
"3298_1",0.006401
"11303_1",0.109992
"5758_7",0.980224
"11652_9",0.991339
"8748_2",0.163245
"11092_2",0.013942
"8729_8",0.985691
"6332_4",0.016514
"3700_10",0.989830
"10507_2",0.009241
"2287_4",0.035813
"10549_10",0.993029
"3005_10",0.991356
"5657_1",0.004574
"873_8",0.992031
"2274_1",0.067362
"3208_4",0.021927
"2663_10",0.992184
"8134_7",0.166506
"7443_1",0.050005
"7507_8",0.992481
"1423_1",0.008720
"4014_1",0.013351
"9662_1",0.001828
"2512_9",0.985923
"8415_2",0.017560
"7672_3",0.014658
"5925_1",0.009680
"2654_2",0.010229
"1780_10",0.989572
"8813_9",0.989450
"9378_7",0.894789
"12120_3",0.012797
"8985_7",0.984048
"5771_3",0.005312
"7305_10",0.991187
"8681_4",0.033748
"7415_10",0.964321
"9346_8",0.963231
"9750_3",0.006217
"9083_9",0.990329
"12255_2",0.017510
"5035_1",0.005555
"12384_10",0.984927
"8381_4",0.018282
"825_1",0.009082
"2034_1",0.009793
"439_10",0.939192
"5753_10",0.987568
"10370_10",0.984381
"3395_2",0.005719
"8101_2",0.009152
"7885_1",0.065545
"3266_2",0.307371
"4623_4",0.020547
"8123_9",0.975390
"1787_1",0.009541
"4001_4",0.044101
"3530_2",0.009680
"684_1",0.013351
"744_10",0.982406
"8439_7",0.972178
"8678_9",0.961098
"11851_8",0.976736
"1237_2",0.017661
"4557_3",0.006451
"1847_10",0.993926
"4002_1",0.006693
"1620_1",0.079675
"549_10",0.990254
"4984_4",0.083516
"4673_8",0.944638
"1373_1",0.008078
"6927_1",0.834609
"9201_2",0.010170
"4293_7",0.986058
"826_3",0.030618
"6337_1",0.026156
"9978_9",0.987154
"11379_10",0.981076
"3874_1",0.012312
"9943_1",0.001972
"7236_4",0.556430
"7816_1",0.006217
"3849_8",0.994520
"1167_10",0.981858
"9667_3",0.012858
"2506_1",0.027928
"1372_10",0.986058
"6788_9",0.988016
"4792_2",0.006798
"7909_2",0.006615
"2213_2",0.014351
"434_1",0.011453
"9245_1",0.019457
"5822_10",0.995363
"5406_1",0.004673
"2011_1",0.008890
"6805_10",0.992047
"2557_2",0.007548
"4343_1",0.013676
"1493_4",0.016450
"947_8",0.879871
"9494_7",0.972727
"10228_10",0.942454
"707_10",0.987228
"2018_10",0.980487
"11093_10",0.965803
"11113_10",0.980599
"11596_1",0.005775
"7453_1",0.040389
"9045_8",0.983327
"12264_7",0.983134
"7271_9",0.951774
"4560_1",0.108142
"11223_1",0.016387
"3939_7",0.686712
"2714_2",0.026431
"1940_9",0.380323
"3640_10",0.986191
"1724_1",0.013185
"5383_3",0.008133
"7323_10",0.980506
"7345_4",0.004992
"775_9",0.990821
"11995_1",0.006413
"400_10",0.987005
"10279_4",0.073596
"673_8",0.972779
"4168_10",0.939803
"11761_7",0.918480
"491_9",0.979116
"11472_1",0.010777
"10045_7",0.959611
"9449_4",0.009671
"12496_3",0.018021
"12422_1",0.007696
"8159_4",0.013929
"8668_8",0.548311
"7572_10",0.987030
"6696_9",0.979745
"64_10",0.982271
"2715_1",0.117167
"9333_4",0.039048
"3722_10",0.985622
"5692_8",0.958809
"10074_7",0.250294
"1717_3",0.176601
"825_8",0.979056
"7796_10",0.987005
"5550_3",0.037117
"6114_10",0.976446
"4440_8",0.961929
"9616_4",0.017029
"12090_8",0.943086
"10728_1",0.034262
"4419_10",0.988380
"282_1",0.009179
"4825_9",0.988514
"91_10",0.989692
"10399_2",0.012492
"6773_4",0.362225
"1364_10",0.978529
"2806_9",0.984471
"4520_2",0.005911
"8211_9",0.973241
"3594_2",0.006339
"11353_4",0.032253
"307_1",0.008421
"10963_4",0.006241
"4023_7",0.968944
"11450_10",0.963057
"3567_4",0.628675
"4751_7",0.982423
"9798_2",0.015574
"1864_8",0.995217
"3168_2",0.018476
"6506_2",0.027928
"12484_2",0.008228
"11999_8",0.168720
"3571_3",0.021595
"147_10",0.963369
"6691_9",0.985950
"11295_8",0.985950
"9344_10",0.991322
"9513_2",0.009241
"11066_7",0.990962
"4330_8",0.987055
"5194_10",0.992795
"11676_1",0.005946
"4587_1",0.005923
"11964_4",0.065425
"12456_1",0.027796
"6054_10",0.975414
"2140_7",0.619230
"1388_1",0.003992
"10681_2",0.032713
"4614_8",0.990514
"2604_7",0.563258
"4234_1",0.004174
"4261_8",0.838084
"4907_8",0.994180
"4134_4",0.013558
"4125_8",0.972046
"3795_9",0.993783
"1356_4",0.008117
"10711_2",0.011072
"4728_7",0.746601
"8254_8",0.989491
"10769_2",0.085213
"7185_8",0.992611
"2842_9",0.991969
"4565_1",0.008454
"3030_9",0.994066
"2997_1",0.005491
"1311_9",0.926968
"12499_10",0.927822
"9830_10",0.992423
"1774_4",0.044142
"6676_10",0.989771
"6502_9",0.994089
"1521_1",0.011835
"4253_1",0.081593
"2775_2",0.014518
"7324_4",0.009965
"1207_4",0.074804
"9903_7",0.992349
"3195_2",0.005664
"9213_10",0.980015
"7751_1",0.006039
"1616_8",0.989612
"1482_10",0.963916
"6772_7",0.799560
"2008_10",0.985787
"6799_4",0.022564
"5004_9",0.993961
"3487_2",0.008788
"10892_4",0.027981
"10839_4",0.025908
"922_8",0.979996
"4163_1",0.005469
"10738_8",0.985229
"10678_7",0.988177
"5892_10",0.993268
"6202_1",0.005753
"5792_10",0.968620
"12161_4",0.010298
"1097_9",0.992108
"2930_3",0.006241
"4087_3",0.008686
"11875_3",0.004963
"11770_4",0.083778
"847_7",0.966757
"10620_9",0.979590
"1455_10",0.986559
"12294_1",0.006526
"5653_10",0.993216
"1874_9",0.923316
"10487_3",0.007548
"22_3",0.019606
"2760_1",0.007432
"9822_7",0.099121
"1068_10",0.988245
"11117_1",0.009003
"10409_2",0.979648
"1877_7",0.771757
"7347_1",0.012528
"4231_1",0.017144
"1122_1",0.005281
"933_3",0.209672
"11883_4",0.021969
"8386_10",0.978915
"12297_7",0.987351
"11847_8",0.989967
"5511_1",0.021267
"9587_2",0.007839
"10027_8",0.981347
"7210_4",0.015233
"2490_9",0.976580
"4889_10",0.991985
"8192_9",0.987253
"12133_1",0.009774
"2098_1",0.927034
"2941_9",0.982474
"5742_3",0.018352
"10645_4",0.026582
"1162_10",0.991764
"4383_10",0.975855
"5325_8",0.993996
"1324_1",0.014186
"1374_1",0.009532
"116_10",0.973190
"2898_10",0.953708
"8799_10",0.989811
"6654_10",0.977989
"8630_1",0.005240
"3452_7",0.993176
"3609_8",0.993056
"4740_1",0.009793
"8368_10",0.993069
"11960_7",0.989889
"3583_10",0.946597
"1581_8",0.888952
"1378_1",0.010160
"968_2",0.005911
"4524_1",0.006121
"5036_8",0.985732
"12287_3",0.019401
"9236_10",0.990551
"5447_3",0.045310
"11016_1",0.023757
"1935_3",0.013729
"5300_7",0.993698
"7775_2",0.009765
"4398_3",0.014406
"5692_2",0.007247
"3517_8",0.983214
"6007_1",0.017969
"10127_2",0.011158
"6614_10",0.992597
"2767_10",0.763219
"3187_2",0.006667
"6473_10",0.987154
"12263_1",0.003686
"10838_2",0.003915
"7367_9",0.992123
"8873_10",0.970381
"6016_1",0.018636
"10363_7",0.755141
"3541_2",0.008340
"6416_10",0.993410
"4538_10",0.983894
"56_3",0.010581
"7946_8",0.978010
"6003_4",0.005041
"974_4",0.114319
"11651_9",0.992214
"10283_1",0.114369
"12334_2",0.004867
"972_1",0.027350
"1513_8",0.949623
"6141_3",0.022955
"4195_7",0.992654
"10176_9",0.972336
"1918_2",0.027066
"12117_1",0.020216
"7567_1",0.008669
"2949_10",0.990642
"11937_9",0.994402
"8513_2",0.008389
"3913_8",0.125279
"1310_8",0.973469
"10461_10",0.993524
"3309_8",0.944485
"862_9",0.977778
"4040_2",0.005080
"78_8",0.973519
"3491_7",0.879302
"10862_9",0.993123
"4763_7",0.416767
"7421_1",0.012042
"5350_1",0.005831
"11491_10",0.990678
"9975_4",0.029257
"10123_10",0.983085
"11573_1",0.009331
"2337_9",0.993029
"251_8",0.984094
"1942_1",0.006811
"2940_7",0.955236
"4342_7",0.462230
"11250_2",0.099295
"4224_1",0.014077
"10106_10",0.992047
"7764_2",0.007877
"937_10",0.990102
"3112_10",0.982440
"9922_8",0.866698
"3259_7",0.988199
"7828_1",0.004273
"4031_7",0.505798
"1277_7",0.992865
"3162_2",0.026481
"7_9",0.995056
"1832_4",0.090053
"10997_1",0.012588
"10572_10",0.994191
"12194_1",0.003216
"4648_10",0.988380
"7207_9",0.258841
"11000_7",0.970576
"4943_2",0.012112
"10601_10",0.990197
"4731_1",0.018247
"9272_8",0.891575
"11551_1",0.020685
"9074_3",0.007519
"2486_3",0.030043
"618_1",0.010871
"8683_8",0.986507
"2618_10",0.952530
"8471_9",0.986929
"6394_4",0.065366
"6456_2",0.083292
"3195_8",0.986904
"4188_1",0.008140
"3985_10",0.990750
"7099_10",0.966695
"1558_2",0.006426
"2877_8",0.704643
"3928_1",0.004223
"7206_3",0.006654
"8088_10",0.994236
"8167_10",0.993397
"8590_8",0.986085
"6973_7",0.939081
"4974_7",0.994510
"10151_1",0.008308
"5268_4",0.078678
"5258_7",0.981364
"1478_8",0.991844
"5094_10",0.918480
"10126_4",0.034229
"9357_2",0.006253
"7750_3",0.014644
"11628_3",0.053700
"9124_7",0.974556
"1802_7",0.925836
"4820_4",0.051750
"10019_8",0.967380
"154_9",0.986324
"5049_4",0.025517
"4372_1",0.005512
"7807_10",0.992510
"5127_10",0.983423
"11480_2",0.027350
"10145_1",0.004512
"7090_10",0.992423
"1288_1",0.007191
"11316_2",0.008890
"8428_9",0.992467
"1843_9",0.980636
"1916_1",0.024727
"2657_2",0.018317
"10504_1",0.007726
"11621_3",0.032192
"10148_1",0.019438
"3339_4",0.019890
"8202_2",0.021927
"7796_1",0.004215
"4625_2",0.018125
"11859_4",0.114220
"8261_1",0.006253
"4670_3",0.643749
"8412_10",0.993397
"1010_1",0.030502
"436_10",0.987375
"9351_7",0.948202
"3767_8",0.939137
"4794_1",0.012007
"8447_10",0.883236
"6182_2",0.018107
"8754_3",0.016231
"2709_3",0.006339
"5882_9",0.987544
"6916_3",0.970604
"11886_1",0.013663
"123_4",0.957715
"2827_9",0.872239
"11440_8",0.989161
"4100_8",0.921428
"11645_1",0.033337
"7949_10",0.993397
"2017_1",0.011486
"3451_7",0.961786
"10986_10",0.986904
"1541_2",0.960731
"12336_7",0.984635
"9787_1",0.004820
"5282_10",0.994008
"9568_4",0.946646
"8222_1",0.005385
"5415_9",0.974337
"8485_8",0.155655
"6449_1",0.004357
"466_1",0.011542
"11997_1",0.101367
"6144_10",0.992000
"3309_4",0.010318
"8655_1",0.002834
"10141_1",0.406258
"7469_10",0.989491
"4445_10",0.994336
"6651_7",0.824744
"6711_7",0.285646
"3329_4",0.013756
"8000_10",0.993268
"2279_8",0.940735
"5012_7",0.983691
"2437_3",0.016964
"505_9",0.990803
"9070_10",0.963678
"1234_3",0.062560
"4880_1",0.011676
"3981_4",0.112308
"134_1",0.006401
"3211_10",0.991684
"2559_10",0.993624
"4512_3",0.006476
"5957_1",0.015087
"11626_9",0.992437
"915_10",0.938181
"5569_10",0.992379
"12396_9",0.991954
"6494_2",0.017392
"3262_1",0.024423
"3916_10",0.963472
"787_1",0.006229
"11092_9",0.994445
"2818_10",0.993002
"5271_2",0.011835
"4057_7",0.858896
"5042_1",0.005220
"1204_1",0.022180
"3651_2",0.005406
"11763_8",0.987853
"7766_10",0.975716
"3498_1",0.006719
"11578_10",0.989551
"3691_1",0.004973
"11947_10",0.987946
"11475_2",0.006784
"8568_9",0.979551
"8247_2",0.010881
"9544_7",0.990910
"9753_8",0.898633
"6824_7",0.623196
"2799_1",0.009241
"10459_1",0.007711
"1894_10",0.130009
"9726_7",0.961858
"10923_1",0.003504
"7946_3",0.021166
"7509_10",0.992823
"3273_9",0.968081
"2716_3",0.043244
"4622_1",0.004332
"1204_8",0.993096
"71_4",0.478285
"6508_9",0.985868
"7819_10",0.994123
"695_10",0.966883
"10844_10",0.985342
"2413_1",0.981436
"8768_1",0.007275
"4536_10",0.990064
"2576_9",0.980281
"4473_2",0.014714
"65_2",0.018317
"6114_2",0.009313
"7458_1",0.012958
"10815_2",0.007681
"8344_1",0.028898
"1975_9",0.973594
"1659_1",0.005888
"11030_10",0.982254
"5405_7",0.932944
"2539_3",0.035712
"6565_8",0.927560
"1826_10",0.992611
"2577_8",0.994020
"6032_7",0.952662
"3146_9",0.982271
"798_1",0.006501
"63_10",0.987067
"11819_10",0.977735
"2905_7",0.989286
"2716_10",0.992154
"1717_10",0.982406
"1036_3",0.099164
"11583_10",0.992879
"962_9",0.943919
"10203_2",0.036357
"12225_1",0.005775
"10322_9",0.978031
"7601_2",0.007884
"1675_4",0.920361
"8235_3",0.004425
"680_2",0.058078
"5208_3",0.022912
"10678_2",0.581630
"6072_10",0.994281
"1216_1",0.007247
"11434_1",0.030015
"12480_8",0.984767
"8844_10",0.994203
"10506_1",0.002975
"9766_3",0.979842
"7804_4",0.076684
"44_4",0.012710
"11226_1",0.008805
"11378_2",0.082180
"7805_1",0.002492
"4692_10",0.926703
"2928_9",0.588047
"8785_10",0.991538
"3083_8",0.878210
"626_10",0.991620
"9228_10",0.974988
"66_10",0.955981
"3824_3",0.517053
"7115_8",0.959345
"11893_10",0.988313
"1628_1",0.007884
"2236_4",0.006513
"2032_1",0.003318
"6613_10",0.994626
"1582_8",0.163980
"304_2",0.004934
"2441_10",0.991084
"12437_1",0.004849
"9822_1",0.006798
"10481_3",0.083890
"9193_10",0.974166
"3233_9",0.990660
"7430_8",0.981149
"10049_1",0.009831
"6384_10",0.993372
"3993_9",0.993735
"4545_2",0.009295
"11500_4",0.801742
"12127_10",0.936807
"7277_2",0.007846
"8927_3",0.009134
"5970_9",0.993268
"12115_4",0.653238
"6132_10",0.990821
"4178_9",0.979803
"11453_7",0.693421
"6569_9",0.974043
"3924_7",0.974941
"6425_1",0.007332
"1141_1",0.012613
"3366_2",0.008292
"6700_7",0.962638
"7948_8",0.964052
"2750_8",0.968974
"11326_1",0.007094
"231_8",0.934515
"8941_8",0.990839
"8304_7",0.858955
"12179_2",0.013942
"3808_1",0.009241
"2710_1",0.002901
"4833_1",0.004391
"10405_7",0.972099
"449_9",0.991289
"7259_10",0.988039
"8513_10",0.993410
"801_8",0.977841
"11322_8",0.988199
"8417_9",0.987544
"7059_8",0.872184
"681_3",0.004486
"3135_9",0.977778
"7172_3",0.027585
"11061_10",0.990980
"9555_9",0.978447
"1331_1",0.018387
"9155_3",0.026280
"8765_8",0.994292
"4714_8",0.939471
"7593_9",0.967533
"7769_1",0.006364
"5016_8",0.990292
"11917_2",0.004905
"3311_8",0.984426
"6784_4",0.040163
"6685_7",0.847842
"1232_8",0.992289
"765_2",0.016075
"6159_2",0.022564
"12037_3",0.033844
"60_8",0.993673
"6138_10",0.984869
"4759_4",0.015262
"631_10",0.992244
"5993_10",0.990962
"2751_10",0.986389
"7234_1",0.075756
"7966_3",0.006413
"296_4",0.027350
"8252_4",0.016184
"10333_1",0.009143
"5950_10",0.808483
"2735_9",0.992000
"900_1",0.018021
"2350_3",0.016075
"1457_10",0.984649
"10226_10",0.992496
"9198_7",0.988222
"1072_2",0.006985
"8332_10",0.894744
"6264_8",0.990732
"1092_9",0.993242
"11888_10",0.988580
"11702_8",0.962321
"8704_1",0.011801
"11458_10",0.978198
"8218_9",0.941708
"3739_8",0.980710
"4787_3",0.010540
"12097_10",0.905029
"7894_1",0.005374
"11601_2",0.010714
"4417_1",0.647095
"11108_10",0.994552
"5673_8",0.985649
"481_2",0.010766
"6892_2",0.004199
"5203_1",0.017426
"18_1",0.157850
"5488_8",0.965738
"750_7",0.977176
"1478_4",0.015204
"11340_2",0.004166
"8735_3",0.013637
"7404_3",0.020765
"5681_2",0.004849
"5863_10",0.981418
"602_1",0.003832
"9474_7",0.982048
"12075_3",0.024099
"1148_8",0.236869
"2192_4",0.359027
"1394_1",0.010725
"2643_3",0.010239
"8214_7",0.988016
"6728_1",0.019161
"5397_8",0.955068
"7056_7",0.967256
"2669_3",0.010601
"10713_10",0.985426
"1349_4",0.010934
"3254_1",0.074164
"9717_10",0.982741
"11358_4",0.006564
"12262_1",0.004700
"1332_1",0.006413
"6116_2",0.010560
"6324_3",0.005190
"10808_8",0.973164
"11632_4",0.715523
"2881_3",0.006680
"3524_1",0.004332
"10503_8",0.939192
"11525_1",0.003780
"9973_4",0.012054
"9804_1",0.015454
"1865_8",0.990329
"8001_9",0.990803
"5776_8",0.843380
"11848_10",0.992626
"4809_3",0.043610
"841_9",0.992139
"227_10",0.938969
"1833_9",0.982237
"9471_10",0.994456
"960_3",0.013261
"10763_1",0.009596
"1330_1",0.016785
"326_9",0.990178
"3392_10",0.985787
"5883_2",0.007786
"12168_1",0.010398
"7525_10",0.907312
"10578_1",0.035578
"9173_3",0.012821
"7214_2",0.017029
"7163_10",0.964888
"5177_8",0.959078
"3372_7",0.935700
"6041_8",0.893123
"1590_10",0.991255
"31_10",0.994169
"2533_8",0.980487
"7927_10",0.984336
"5037_2",0.023985
"6046_2",0.026531
"2099_3",0.011354
"133_1",0.039048
"205_2",0.004000
"374_9",0.990874
"8944_10",0.991554
"799_4",0.593020
"8832_9",0.994314
"3836_10",0.992739
"2940_1",0.005281
"946_1",0.012958
"9310_1",0.008994
"5853_8",0.775732
"10852_9",0.993359
"4061_4",0.133302
"10301_10",0.988799
"11104_3",0.003197
"9339_3",0.019401
"537_10",0.993029
"8661_7",0.882529
"9381_4",0.020004
"12473_3",0.020567
"5140_8",0.991505
"4624_4",0.010449
"9156_3",0.061368
"5980_2",0.007711
"5920_7",0.994870
"4013_1",0.015174
"11879_2",0.010871
"1317_10",0.987253
"4647_10",0.965544
"2550_1",0.009936
"641_8",0.959459
"10069_10",0.987253
"12215_10",0.884738
"6293_10",0.992539
"1416_7",0.525156
"8561_9",0.990216
"1981_10",0.951006
"1667_2",0.022095
"9680_1",0.007332
"888_1",0.005021
"2202_4",0.005934
"8835_2",0.009869
"9340_3",0.814127
"8742_10",0.949248
"1892_2",0.004142
"11940_10",0.611781
"5976_2",0.003594
"5430_8",0.740831
"9125_9",0.931025
"5217_8",0.978156
"5257_10",0.993831
"5487_8",0.983455
"10815_8",0.979842
"12438_1",0.044060
"11433_3",0.031470
"11570_1",0.751922
"11880_10",0.978529
"1983_3",0.008446
"2916_1",0.005200
"8119_10",0.991305
"10960_2",0.010704
"2798_2",0.018564
"2797_1",0.188623
"9931_4",0.034521
"6244_10",0.991620
"8361_2",0.010418
"7098_10",0.966976
"9107_10",0.992154
"9860_10",0.993686
"10252_1",0.009634
"12015_8",0.877844
"2696_4",0.033590
"9301_8",0.991153
"799_7",0.935700
"9411_7",0.989551
"4172_1",0.005566
"8008_10",0.993686
"11436_1",0.006169
"3464_10",0.990064
"5826_3",0.006732
"5460_4",0.031980
"8920_3",0.130064
"1465_3",0.064653
"7571_1",0.021948
"3416_10",0.989389
"11088_7",0.969208
"7007_10",0.984306
"11317_7",0.986752
"11639_7",0.971564
"1871_10",0.988906
"1551_7",0.913869
"4089_4",0.005292
"8145_9",0.994850
"1243_7",0.990496
"9082_8",0.990642
"11807_8",0.977735
"6154_10",0.975739
"2082_8",0.989076
"9142_4",0.017177
"6126_8",0.981630
"9774_1",0.003847
"5137_10",0.957437
"11085_1",0.007869
"4541_1",0.029451
"10478_10",0.990121
"8479_3",0.018960
"11220_1",0.014227
"0_10",0.992510
"5235_8",0.972934
"457_2",0.083890
"6784_7",0.931587
"11527_10",0.975923
"5935_7",0.976490
"3697_10",0.979453
"8318_10",0.993795
"6770_8",0.977088
"11760_7",0.853425
"10344_9",0.993771
"12363_4",0.128416
"2233_2",0.051797
"12184_10",0.994531
"4668_8",0.985608
"2293_4",0.040012
"5886_8",0.987277
"8403_4",0.506774
"2493_3",0.017359
"7224_2",0.026734
"7753_10",0.993599
"476_9",0.986455
"3760_7",0.481210
"8371_1",0.009029
"2541_10",0.952264
"12052_2",0.050611
"2320_1",0.006971
"5598_8",0.972072
"12342_1",0.010170
"7391_9",0.993686
"2615_1",0.010642
"11251_4",0.022977
"9946_2",0.004953
"10571_10",0.989182
"3984_1",0.007289
"4633_10",0.962743
"548_10",0.992154
"1732_1",0.003222
"3559_7",0.899652
"10212_7",0.990348
"8950_7",0.992934
"8157_10",0.993562
"5986_9",0.992214
"10263_7",0.960249
"2168_10",0.987923
"4424_4",0.371650
"6944_10",0.819026
"11467_7",0.977735
"3630_8",0.969469
"2405_1",0.008822
"7517_1",0.038647
"8116_10",0.983971
"5368_4",0.011083
"2045_1",0.005587
"11303_8",0.994247
"11077_2",0.011266
"6314_10",0.993307
"12137_4",0.010209
"12180_1",0.003810
"6403_10",0.983925
"2019_1",0.003292
"7921_7",0.989409
"3977_10",0.972362
"11277_9",0.957675
"8398_1",0.004298
"1429_3",0.018334
"9628_4",0.008779
"2472_3",0.047382
"5811_4",0.010219
"11663_3",0.020528
"3153_1",0.006376
"11881_2",0.004031
"767_7",0.980300
"12243_10",0.986004
"10969_8",0.982474
"8689_10",0.947575
"1854_10",0.990273
"12392_4",0.006526
"6627_2",0.006050
"6819_10",0.984605
"1587_9",0.928214
"6999_10",0.994314
"9128_1",0.023442
"7141_1",0.004746
"4485_8",0.991015
"7368_7",0.988335
"7698_4",0.090494
"8376_3",0.008389
"1862_1",0.011310
"11217_9",0.989830
"5179_4",0.017029
"6524_3",0.003229
"11877_10",0.989055
"6055_10",0.994369
"9372_1",0.015634
"8029_1",0.017917
"9546_10",0.963161
"5514_10",0.984649
"8869_8",0.991489
"8290_10",0.992823
"11619_9",0.991255
"5949_4",0.113727
"10146_1",0.584516
"11776_10",0.936518
"2146_9",0.986546
"6461_10",0.964589
"10480_4",0.076822
"9021_10",0.915205
"11802_10",0.992865
"9139_2",0.014800
"5590_4",0.149718
"5631_9",0.991907
"6333_3",0.105303
"10455_1",0.005797
"10394_1",0.008148
"8814_8",0.994636
"11264_3",0.009569
"2255_9",0.987876
"3915_8",0.986455
"3386_10",0.991015
"5531_2",0.021844
"1676_4",0.968709
"7711_8",0.955277
"7871_9",0.981788
"11101_8",0.994584
"11562_1",0.014037
"11609_10",0.977306
"9556_1",0.006241
"7149_3",0.985286
"11807_3",0.031529
"12106_10",0.992379
"4763_1",0.054904
"2007_3",0.006253
"8454_8",0.969149
"4656_10",0.988062
"717_8",0.971375
"3501_4",0.065425
"6562_4",0.006850
"3926_1",0.006771
"7497_1",0.022737
"4257_9",0.986841
"4111_1",0.006039
"9865_10",0.991875
"8323_4",0.006327
"2228_4",0.021186
"1180_7",0.973088
"6315_8",0.990159
"12271_10",0.953319
"4567_2",0.031980
"8745_8",0.986403
"4994_1",0.003945
"2842_4",0.023375
"674_9",0.980562
"4431_3",0.014434
"2534_4",0.037786
"378_9",0.993562
"6039_9",0.395335
"9551_7",0.988992
"1273_7",0.974166
"4222_4",0.010766
"7469_1",0.007163
"8733_3",0.031529
"9324_4",0.049268
"8888_4",0.029036
"2872_9",0.988536
"2123_8",0.993015
"4982_7",0.923868
"10668_1",0.011234
"2014_7",0.341967
"4211_3",0.012229
"1202_9",0.993902
"5450_4",0.072670
"2484_1",0.023465
"2427_8",0.986636
"405_3",0.021802
"1_10",0.993819
"4498_4",0.603008
"50_3",0.027664
"10113_9",0.993599
"8919_3",0.011299
"1338_7",0.988514
"9817_8",0.930205
"10824_7",0.951414
"12165_8",0.977045
"11975_8",0.987520
"8537_1",0.013109
"4443_9",0.993110
"207_3",0.009888
"4247_8",0.859546
"11333_9",0.991922
"6357_2",0.032775
"4477_1",0.006577
"8774_1",0.008117
"10049_8",0.919353
"9621_2",0.008908
"5428_10",0.990750
"11693_3",0.013983
"8731_4",0.016045
"11209_1",0.038647
"10581_10",0.006654
"4289_10",0.938067
"511_7",0.994203
"7832_8",0.896115
"2567_9",0.952309
"4931_1",0.017560
"8770_2",0.010449
"8999_9",0.987711
"9918_1",0.010278
"2254_7",0.992244
"4095_1",0.016199
"8601_2",0.006824
"10347_10",0.991135
"2911_4",0.138345
"12157_7",0.992554
"5154_10",0.991522
"27_9",0.992795
"2586_9",0.983660
"6344_9",0.992597
"1888_4",0.012054
"6630_1",0.012089
"3202_10",0.990025
"1517_9",0.987711
"584_10",0.992947
"2683_4",0.366246
"1721_1",0.009117
"4371_7",0.799951
"4697_3",0.062331
"2977_10",0.985841
"1835_3",0.022180
"9872_1",0.009038
"4794_9",0.925230
"5345_10",0.983613
"1230_10",0.991684
"2438_2",0.007163
"5709_9",0.975083
"8007_1",0.004530
"7236_10",0.975178
"7978_10",0.986138
"10608_1",0.016996
"10968_1",0.003403
"3650_1",0.101723
"7966_8",0.973670
"8435_9",0.991489
"6095_3",0.009259
"12457_8",0.993410
"611_10",0.992809
"7589_7",0.906363
"4378_4",0.083292
"9019_3",0.325360
"794_1",0.007808
"5112_4",0.020864
"8698_7",0.992259
"2729_1",0.011201
"9090_1",0.005741
"9641_8",0.993176
"5065_7",0.402774
"3147_10",0.985000
"3971_4",0.012809
"7000_8",0.993229
"6716_1",0.005110
"11482_7",0.756762
"9263_4",0.071203
"7901_1",0.010632
"8213_2",0.016705
"1113_8",0.968974
"1013_7",0.979687
"2195_9",0.993487
"1371_8",0.980525
"7239_7",0.936865
"11376_1",0.005491
"3506_9",0.967070
"3413_2",0.012089
"8641_1",0.013008
"11587_2",0.004774
"7639_7",0.972310
"8100_8",0.895888
"8151_2",0.005969
"10464_2",0.006513
"2043_3",0.014037
"4454_8",0.993612
"6562_8",0.993914
"8549_8",0.905615
"1209_3",0.006050
"2566_4",0.022117
"5871_10",0.951863
"6459_7",0.975320
"11006_8",0.977132
"3313_8",0.968886
"5290_2",0.007066
"9687_1",0.005865
"4165_10",0.985229
"11120_4",0.032775
"3379_2",0.026230
"5814_1",0.014145
"3414_7",0.977905
"7750_7",0.992837
"9727_7",0.957397
"3850_9",0.991049
"5954_2",0.007490
"9685_1",0.007533
"9307_3",0.005946
"8727_9",0.982339
"9746_1",0.013415
"9365_8",0.989368
"3361_10",0.988335
"4554_3",0.021024
"8952_9",0.960510
"4301_1",0.005686
"10764_4",0.034881
"2738_10",0.964489
"3554_1",0.016545
"5724_8",0.993294
"8804_4",0.916857
"468_8",0.980931
"10527_10",0.954858
"5117_7",0.978177
"3390_4",0.747155
"5875_3",0.008212
"10380_7",0.975670
"887_2",0.990064
"2707_8",0.939526
"11371_3",0.067670
"535_4",0.058777
"10700_10",0.732161
"3047_10",0.983118
"5930_3",0.023131
"6044_10",0.979511
"8679_4",0.839734
"2261_10",0.990857
"9577_10",0.989791
"1999_7",0.981489
"6010_3",0.023803
"861_4",0.016246
"4360_2",0.010540
"5373_7",0.897830
"10760_8",0.983971
"12436_10",0.981149
"5149_3",0.067179
"7091_4",0.019550
"5135_9",0.985342
"5552_8",0.939025
"1713_9",0.996062
"11445_4",0.046681
"11146_7",0.967472
"5286_9",0.993150
"10518_1",0.009643
"1122_8",0.955527
"7680_1",0.006193
"11042_8",0.970716
"6336_1",0.009624
"11784_10",0.924210
"8759_10",0.991356
"4362_10",0.984826
"4483_2",0.006145
"7501_8",0.990927
"3516_2",0.005957
"3965_10",0.942981
"4066_8",0.907804
"7802_2",0.019531
"1074_7",0.961965
"4555_3",0.064949
"11477_1",0.003700
"5712_10",0.908699
"1175_8",0.950824
"6283_4",0.027901
"11717_1",0.007289
"8029_8",0.986031
"5794_8",0.940844
"8717_2",0.008156
"10682_10",0.988928
"4610_1",0.006401
"4908_9",0.957278
"8325_2",0.033368
"11330_4",0.027822
"5717_10",0.637962
"11421_3",0.023554
"4725_2",0.552208
"2284_9",0.989034
"12433_1",0.005120
"10799_10",0.992393
"3213_10",0.970437
"10997_10",0.989430
"3482_9",0.994434
"430_4",0.035511
"6524_9",0.976243
"2270_1",0.094343
"6410_4",0.009495
"224_10",0.976129
"10915_8",0.993397
"8882_3",0.013822
"3578_3",0.012159
"7696_1",0.977284
"7307_1",0.022307
"10043_1",0.021533
"6380_4",0.056914
"3109_2",0.005120
"398_4",0.005741
"10498_1",0.006590
"3565_8",0.978156
"7844_9",0.992823
"5879_3",0.017780
"5004_1",0.018851
"9347_2",0.015454
"2213_8",0.992000
"3654_8",0.990696
"642_2",0.004365
"9412_8",0.986675
"7418_10",0.975901
"2012_1",0.010219
"308_9",0.993163
"11695_8",0.921428
"7369_10",0.987946
"7363_3",0.008212
"7834_3",0.053108
"7705_10",0.980431
"4554_8",0.981400
"4773_7",0.968944
"11944_2",0.030329
"12303_10",0.988380
"272_10",0.980300
"11678_10",0.994135
"8157_1",0.011766
"1360_7",0.968590
"1702_7",0.890103
"7409_8",0.991305
"3865_8",0.983020
"8266_10",0.992554
"3543_3",0.009532
"8542_4",0.010449
"2188_4",0.030647
"7928_10",0.979374
"8271_1",0.009812
"2667_3",0.033243
"136_9",0.984649
"2365_8",0.949949
"9516_1",0.009680
"6205_9",0.993163
"12411_1",0.007607
"10549_2",0.424725
"2114_10",0.989244
"8379_3",0.027143
"1555_2",0.010014
"7010_4",0.540166
"10425_1",0.015469
"2970_10",0.986178
"1976_8",0.982724
"4894_8",0.961893
"995_1",0.017935
"12087_10",0.984426
"5002_1",0.044183
"10204_2",0.033590
"7689_2",0.005653
"8685_4",0.471984
"4183_1",0.009624
"7719_7",0.833663
"6350_8",0.985828
"6163_8",0.978281
"11247_4",0.090414
"8962_8",0.993759
"7849_9",0.992379
"4177_9",0.883437
"4680_1",0.048182
"10965_8",0.979215
"3534_10",0.986636
"9782_4",0.077622
"9525_9",0.994434
"3743_10",0.993029
"1688_10",0.987154
"4400_4",0.085748
"1660_8",0.992781
"8241_9",0.991439
"1238_8",0.976513
"1081_3",0.024540
"6151_2",0.014574
"6025_8",0.341871
"661_9",0.840259
"5670_8",0.976602
"6122_1",0.009349
"1767_10",0.985496
"5629_10",0.980618
"8256_10",0.994180
"8572_4",0.017832
"11580_7",0.038142
"525_3",0.106180
"2128_3",0.074736
"10254_8",0.983925
"3082_2",0.007592
"7127_1",0.006327
"9927_7",0.470280
"5694_9",0.988646
"8063_10",0.994729
"10768_1",0.082107
"7375_1",0.005354
"6220_10",0.977001
"4477_10",0.990102
"1350_8",0.980375
"9354_4",0.954605
"9015_2",0.983036
"719_1",0.013071
"10544_3",0.012809
"4496_10",0.985057
"3912_1",0.060418
"10120_10",0.982168
"6958_2",0.008148
"10964_7",0.990786
"4974_1",0.006501
"5591_9",0.993216
"2295_3",0.010998
"17_8",0.905071
"10442_2",0.014476
"3043_10",0.993189
"5243_1",0.014010
"5145_8",0.963196
"5727_7",0.835080
"3406_10",0.994605
"3552_7",0.697248
"1512_1",0.004610
"9214_9",0.989430
"3060_3",0.010268
"9086_3",0.023309
"10428_1",0.035645
"11198_10",0.988039
"1743_4",0.004944
"7795_10",0.958847
"9863_10",0.966976
"182_3",0.416396
"9644_4",0.128034
"10744_2",0.008544
"3393_10",0.993771
"3657_8",0.994998
"10435_1",0.004348
"9206_10",0.995444
"4005_10",0.973241
"5901_3",0.030880
"498_10",0.991456
"9583_2",0.003671
"2336_10",0.994413
"6107_1",0.056862
"7079_7",0.993385
"2769_4",0.412930
"4787_8",0.990910
"11123_1",0.002806
"6466_10",0.984471
"6311_9",0.977132
"1236_7",0.949342
"3635_9",0.993612
"1230_2",0.014871
"8721_7",0.991187
"7878_3",0.009495
"11731_7",0.843315
"8732_8",0.915318
"8083_8",0.881207
"3146_1",0.006339
"11395_10",0.988755
"2998_2",0.007332
"3766_4",0.016931
"353_3",0.089694
"8688_7",0.978672
"6137_10",0.993938
"11950_3",0.972336
"5663_1",0.023894
"1108_3",0.007504
"10425_10",0.963127
"913_10",0.975809
"7852_8",0.975647
"14_1",0.011801
"12062_1",0.009467
"1162_1",0.005664
"8648_10",0.990366
"10605_10",0.972072
"1091_1",0.011376
"7723_8",0.978875
"5474_8",0.989055
"8308_1",0.005501
"9586_8",0.909425
"5317_4",0.011699
"11283_8",0.947088
"9575_3",0.005620
"8846_9",0.913252
"8756_1",0.030821
"7973_4",0.007389
"9845_3",0.009737
"11335_9",0.967070
"456_8",0.976979
"378_1",0.011365
"9176_1",0.017628
"6371_10",0.982271
"3152_10",0.972908
"7441_4",0.011858
"10123_4",0.029591
"6777_1",0.097864
"7479_1",0.022737
"5563_1",0.010934
"9076_7",0.888855
"11744_1",0.045564
"1040_4",0.015922
"920_1",0.005512
"3599_4",0.007854
"9629_3",0.020904
"12346_1",0.030938
"4237_8",0.973594
"6596_10",0.964656
"11576_1",0.009143
"1140_1",0.020062
"2945_8",0.774285
"7518_9",0.989712
"3435_1",0.008586
"8219_3",0.651147
"6758_10",0.993083
"484_8",0.993242
"10012_1",0.003363
"718_10",0.987782
"12293_7",0.986572
"6241_3",0.010439
"10635_10",0.993795
"2563_1",0.007666
"7682_10",0.955319
"4993_7",0.973418
"12153_4",0.262227
"8559_7",0.807650
"9700_4",0.129513
"660_2",0.022350
"11457_4",0.070945
"7146_1",0.097219
"3771_2",0.023757
"8333_3",0.018177
"11740_7",0.992364
"7035_2",0.456720
"7054_1",0.005587
"12292_4",0.006590
"8881_4",0.725989
"7264_8",0.992611
"11168_1",0.006998
"1145_9",0.990927
"781_9",0.988885
"5694_4",0.011029
"2637_10",0.992711
"5812_8",0.921074
"6335_10",0.984561
"10491_3",0.012784
"4684_2",0.006169
"3810_2",0.003743
"12264_3",0.023712
"8018_10",0.983101
"12185_10",0.984291
"3959_3",0.208501
"9829_7",0.950319
"4694_4",0.022977
"3884_1",0.013822
"8027_10",0.989389
"743_2",0.006488
"7036_1",0.029479
"3081_1",0.006667
"4606_10",0.994180
"503_2",0.025785
"6989_10",0.986481
"10059_1",0.003636
"1380_9",0.989731
"3247_1",0.010923
"6308_8",0.988154
"1592_2",0.004877
"3167_1",0.025035
"6357_10",0.987030
"7107_7",0.780537
"5335_8",0.982674
"11948_2",0.008228
"10805_4",0.094761
"638_7",0.990569
"4311_2",0.013584
"11795_8",0.988536
"8031_9",0.941708
"11930_2",0.020235
"7886_3",0.950365
"7253_10",0.989244
"10955_3",0.006904
"10680_2",0.005675
"8754_10",0.983182
"9556_8",0.976129
"3076_10",0.889048
"1544_3",0.012312
"2726_3",0.075041
"8545_3",0.040427
"3175_3",0.020528
"2864_9",0.973443
"547_4",0.053453
"2831_9",0.993599
"5321_4",0.020685
"4675_8",0.984840
"11787_4",0.013663
"2837_10",0.979957
"7730_8",0.963882
"2309_10",0.991522
"9078_7",0.991748
"8160_10",0.984231
"7824_1",0.005333
"9926_8",0.969382
"3507_1",0.021948
"5878_3",0.265666
"6708_4",0.026964
"1096_3",0.006917
"4556_8",0.970493
"3667_10",0.950824
"9565_3",0.025179
"4737_9",0.974166
"12134_1",0.018142
"9413_7",0.955858
"1002_9",0.987829
"4889_4",0.059265
"3453_1",0.010348
"2763_2",0.048451
"8248_8",0.835148
"1881_1",0.014986
"3528_10",0.981058
"3630_1",0.398399
"11390_10",0.992139
"3991_8",0.970688
"7650_8",0.973037
"4527_8",0.953319
"10307_2",0.045905
"8872_4",0.014337
"1741_10",0.974508
"12170_9",0.978570
"11196_4",0.011147
"5524_10",0.854095
"1926_3",0.014010
"1279_8",0.961893
"1444_8",0.891481
"8975_8",0.978364
"7157_10",0.988290
"11973_2",0.006641
"7022_1",0.081813
"6939_10",0.968501
"6732_9",0.911810
"3689_1",0.008553
"10228_1",0.012253
"6314_3",0.005150
"4285_8",0.992879
"10086_10",0.931150
"9899_1",0.005730
"7556_10",0.994594
"12299_3",0.022286
"11872_3",0.057546
"4257_1",0.029008
"3028_7",0.749866
"2545_10",0.989811
"8036_4",0.013287
"5948_2",0.003907
"12113_1",0.012821
"1738_4",0.015484
"9808_10",0.800458
"2629_4",0.021512
"12003_9",0.844281
"6725_8",0.982271
"5383_8",0.994358
"12097_1",0.004530
"11402_9",0.994563
"3877_3",0.012468
"3765_4",0.395484
"11431_7",0.994008
"7419_3",0.010328
"9844_8",0.983925
"9753_1",0.004434
"12377_1",0.602526
"2775_10",0.959001
"11106_1",0.006758
"10015_8",0.989119
"9473_9",0.992047
"3633_9",0.993722
"9022_8",0.985510
"608_1",0.015529
"10724_1",0.007651
"1059_10",0.975036
"8413_3",0.008873
"2013_1",0.008636
"2814_10",0.969324
"9166_4",0.055362
"6566_7",0.771241
"9352_10",0.947381
"8123_1",0.010860
"10825_3",0.013996
"3735_8",0.993136
"7595_2",0.010881
"4946_1",0.035712
"8327_9",0.992597
"5140_2",0.007846
"10986_1",0.014476
"7385_8",0.804367
"3722_1",0.015952
"9799_2",0.033748
"1288_8",0.969584
"8089_1",0.292317
"11279_4",0.075585
"4845_10",0.983375
"8354_8",0.980034
"1373_10",0.534066
"5431_7",0.986700
"1245_2",0.009908
"11429_7",0.978834
"11606_4",0.093140
"4192_10",0.138345
"3443_1",0.009458
"4957_2",0.047294
"4971_8",0.979413
"913_1",0.016387
"10311_10",0.968171
"10558_9",0.983327
"304_10",0.994402
"7499_9",0.990102
"6529_10",0.979235
"2069_10",0.978651
"1366_10",0.986979
"10303_3",0.010808
"4476_8",0.984679
"8032_10",0.987829
"8392_8",0.972805
"10158_9",0.992393
"10886_7",0.987472
"1789_2",0.022479
"3113_1",0.011881
"7713_1",0.005459
"2685_10",0.992077
"9760_10",0.992364
"12401_10",0.945651
"2489_10",0.986468
"6382_1",0.006476
"2352_2",0.004126
"9440_1",0.012933
"10695_10",0.978895
"7297_8",0.964288
"11703_4",0.195364
"4733_1",0.022977
"1769_4",0.022414
"12219_7",0.991938
"1725_1",0.019271
"1711_8",0.609299
"7466_8",0.984124
"6987_10",0.989850
"12351_1",0.002621
"4929_10",0.983166
"10281_4",0.012601
"11555_7",0.985286
"2075_9",0.993902
"755_10",0.959345
"11705_8",0.979374
"1434_10",0.989948
"6189_7",0.127490
"3645_7",0.664894
"2963_9",0.993996
"3487_9",0.957755
"6368_7",0.934991
"2240_1",0.021595
"10126_9",0.986004
"5366_1",0.004619
"8058_10",0.980967
"10746_8",0.515772
"4852_3",0.014159
"5371_7",0.989389
"303_2",0.244048
"7169_4",0.102170
"4284_3",0.011938
"7539_2",0.003976
"11410_1",0.182644
"4710_2",0.006401
"7660_1",0.016625
"10378_8",0.958924
"10580_10",0.994066
"4295_1",0.007360
"4433_1",0.009793
"6959_9",0.988268
"6769_4",0.015709
"11996_1",0.005566
"10341_7",0.669083
"2337_1",0.008140
"11119_8",0.994445
"4228_2",0.013377
"3680_1",0.002596
"11256_1",0.022265
"1884_7",0.977154
"4750_8",0.987326
"4890_3",0.921922
"7159_10",0.988777
"10622_1",0.005070
"11753_1",0.048496
"8352_10",0.986841
"2188_9",0.994146
"6913_9",0.994303
"9193_1",0.003758
"9572_4",0.191668
"5136_2",0.012444
"4799_2",0.007332
"5045_8",0.964187
"9538_1",0.005364
"1565_4",0.497681
"12134_7",0.954137
"1437_8",0.993735
"5319_9",0.993649
"3709_10",0.984094
"2642_8",0.981058
"11143_9",0.980262
"864_10",0.984971
"9283_3",0.020745
"5089_9",0.989286
"9917_10",0.935993
"3800_7",0.970688
"6074_7",0.993268
"6433_7",0.982356
"6715_1",0.004982
"594_1",0.011564
"2469_1",0.018978
"3155_1",0.034651
"7458_10",0.991389
"2020_1",0.007696
"6921_8",0.978996
"9662_7",0.990624
"9567_7",0.950457
"5187_1",0.004764
"6831_4",0.003497
"7829_4",0.029901
"3868_3",0.020626
"2224_10",0.986258
"12015_1",0.006050
"841_1",0.005653
"224_3",0.011996
"4805_9",0.986979
"7513_2",0.034717
"7065_3",0.018440
"6192_3",0.175962
"6075_10",0.993423
"10611_7",0.993255
"10471_10",0.950915
"4198_10",0.978198
"10756_7",0.985314
"11960_1",0.098947
"2885_9",0.977066
"6837_3",0.014131
"1917_2",0.024031
"7143_3",0.043123
"1762_10",0.956917
"12066_10",0.985704
"8410_7",0.645455
"10729_4",0.598774
"6967_3",0.221940
"734_7",0.985787
"1524_10",0.992016
"2479_9",0.951188
"130_4",0.009108
"201_9",0.984767
"6157_9",0.898900
"9362_2",0.010622
"3858_10",0.992184
"9895_10",0.992123
"9953_3",0.011299
"4667_7",0.251188
"1951_1",0.003148
"8724_8",0.975437
"2886_7",0.256087
"7491_10",0.971564
"10403_4",0.046077
"7362_10",0.988199
"9466_9",0.992975
"9079_7",0.980673
"10171_1",0.021512
"9511_9",0.989430
"8775_1",0.070176
"6462_2",0.012420
"3129_2",0.043978
"12461_1",0.008561
"8541_10",0.767036
"4241_7",0.970826
"6533_10",0.148788
"12131_2",0.046551
"11577_4",0.015073
"6063_3",0.015634
"1760_9",0.826922
"3396_1",0.010418
"5385_8",0.976513
"7212_2",0.004306
"3522_8",0.927363
"1397_10",0.957238
"387_8",0.967717
"4143_9",0.992879
"9483_2",0.005775
"3250_10",0.978447
"8758_4",0.011104
"7551_10",0.994636
"2068_1",0.005210
"9534_9",0.993843
"11561_8",0.984620
"3083_2",0.040579
"2973_1",0.155399
"6574_10",0.987375
"5442_2",0.005555
"6343_3",0.009477
"6723_1",0.029901
"6252_8",0.934991
"8465_1",0.003470
"1906_7",0.028061
"7492_7",0.977263
"5508_7",0.954478
"5936_8",0.989870
"5086_8",0.972545
"2134_7",0.976423
"8301_4",0.518180
"8423_2",0.016593
"6241_10",0.991844
"8550_4",0.038865
"3330_10",0.958187
"8825_8",0.909947
"8030_1",0.010520
"4884_4",0.027481
"8391_9",0.928018
"9776_1",0.092770
"1389_7",0.780244
"12224_4",0.031440
"2162_7",0.966379
"8490_10",0.993747
"12003_4",0.103794
"11043_3",0.189334
"7266_2",0.016324
"4480_10",0.990997
"11954_9",0.986429
"3280_2",0.019569
"8084_2",0.022244
"3913_4",0.043204
"7353_10",0.987616
"3161_10",0.979156
"3941_1",0.008771
"7992_9",0.993843
"10742_10",0.994020
"69_10",0.969324
"10415_3",0.024917
"4818_10",0.964756
"5563_10",0.933915
"7018_10",0.981293
"8873_4",0.017144
"10593_3",0.006229
"12251_3",0.004637
"731_4",0.010348
"1195_10",0.987544
"7337_1",0.015174
"2448_7",0.973011
"4444_2",0.061255
"9223_2",0.056914
"463_8",0.986138
"4335_4",0.020430
"9635_8",0.963092
"8738_4",0.432333
"6724_1",0.012983
"5504_1",0.006217
"10185_1",0.012468
"901_9",0.986520
"10452_8",0.993385
"8289_10",0.973770
"10112_1",0.003869
"9950_8",0.987030
"8644_4",0.026632
"11534_7",0.986376
"5708_4",0.210442
"6781_1",0.004391
"3582_10",0.989967
"4591_7",0.972934
"3327_1",0.673943
"9536_9",0.988799
"3047_2",0.016482
"2830_9",0.992934
"4300_1",0.525704
"4160_4",0.067855
"11783_10",0.978073
"6029_9",0.991204
"6907_2",0.036804
"691_2",0.043164
"585_1",0.010082
"11182_3",0.128689
"10433_2",0.008101
"11201_2",0.039343
"588_7",0.898009
"2522_10",0.992510
"7002_2",0.007332
"2059_10",0.987993
"4925_10",0.986231
"7791_9",0.985746
"6392_10",0.976647
"3305_7",0.988928
"11951_10",0.986481
"12167_1",0.005730
"5814_10",0.991389
"2590_10",0.974067
"10571_3",0.008348
"5452_4",0.023667
"6480_10",0.927495
"11050_8",0.991812
"11523_3",0.005011
"6556_8",0.971456
"597_9",0.977926
"4049_3",0.077204
"6652_8",0.986324
"5591_4",0.168857
"12295_1",0.007621
"11478_10",0.985342
"6436_1",0.005364
"2487_2",0.026380
"7520_7",0.986429
"5203_9",0.993268
"6162_10",0.989055
"3840_4",0.025982
"7471_10",0.988380
"5021_1",0.013480
"5593_10",0.989491
"7489_10",0.974653
"1208_10",0.902653
"11983_10",0.994520
"23_4",0.010170
"3622_7",0.043610
"7821_1",0.003751
"9726_3",0.021760
"2890_10",0.993649
"11695_4",0.548946
"3751_10",0.992865
"5136_8",0.993029
"8730_7",0.966505
"4341_7",0.915959
"9148_3",0.010259
"6385_3",0.186799
"8560_8",0.825308
"766_2",0.006145
"8847_10",0.992319
"7455_1",0.006062
"3187_8",0.911731
"9683_1",0.004256
"7744_10",0.991891
"11136_10",0.980091
"214_1",0.012300
"2105_9",0.986284
"1265_10",0.977306
"9122_2",0.012883
"9296_10",0.985029
"8107_2",0.010439
"8134_2",0.009690
"3788_10",0.990533
"2429_10",0.991505
"8567_1",0.005200
"7400_10",0.860545
"1789_7",0.191971
"11098_2",0.013782
"918_10",0.729231
"3389_10",0.976736
"3754_1",0.039565
"8807_9",0.988949
"7900_9",0.991522
"6541_1",0.006931
"981_1",0.007577
"2142_9",0.987204
"1639_1",0.016931
"4162_1",0.009232
"2476_10",0.981683
"9941_4",0.274181
"4020_3",0.028734
"6823_4",0.033055
"6236_2",0.006732
"7793_4",0.052961
"7431_9",0.992274
"6864_7",0.283409
"184_9",0.375789
"735_7",0.895111
"1673_8",0.988712
"6209_1",0.009532
"4167_10",0.980148
"7854_1",0.016641
"6281_7",0.968590
"3045_1",0.004102
"598_9",0.983940
"5411_10",0.988820
"3781_4",0.007992
"10627_2",0.013480
"11283_2",0.082254
"4594_8",0.987326
"12424_7",0.983182
"6705_8",0.896523
"5274_8",0.856692
"2107_7",0.933552
"10685_7",0.938969
"1992_10",0.985594
"6711_1",0.008260
"1899_10",0.979076
"6307_9",0.989202
"5702_10",0.993926
"6865_7",0.967778
"5047_10",0.983359
"2762_8",0.993242
"2830_4",0.017259
"9305_7",0.940790
"4358_1",0.013809
"7558_10",0.989223
"8607_10",0.993961
"4599_9",0.943400
"5267_4",0.017815
"5667_10",0.973164
"10108_8",0.993636
"8432_3",0.035847
"845_2",0.027769
"552_2",0.397394
"169_7",0.986284
"12311_1",0.005333
"5884_3",0.016899
"2938_4",0.989692
"11378_7",0.711832
"7337_10",0.994531
"4378_7",0.992725
"4660_10",0.984246
"2461_4",0.023962
"7011_10",0.993512
"9907_2",0.005160
"6134_2",0.012588
"1548_1",0.075312
"157_3",0.014131
"2189_2",0.014104
"9021_3",0.136436
"7699_1",0.006693
"9298_1",0.007233
"539_3",0.104798
"10243_2",0.007703
"8659_9",0.982372
"10748_8",0.898944
"6757_4",0.048092
"7196_8",0.967747
"2579_9",0.994112
"5896_10",0.993255
"2308_9",0.972257
"12318_1",0.022521
"12244_4",0.008008
"10131_7",0.994236
"3608_4",0.055823
"10891_10",0.994445
"10517_10",0.977947
"2180_8",0.990803
"2498_7",0.975225
"3382_1",0.006693
"12196_4",0.034815
"7079_3",0.019644
"562_8",0.012007
"984_3",0.009956
"7756_10",0.994135
"11553_1",0.028680
"1880_4",0.009477
"9842_7",0.917746
"795_3",0.008882
"11707_10",0.992539
"8457_9",0.994292
"2483_4",0.009322
"4903_3",0.114220
"12223_2",0.008503
"8418_2",0.008364
"6194_10",0.992934
"3214_10",0.993783
"12208_3",0.021410
"7001_10",0.984321
"8533_8",0.981149
"8236_4",0.007900
"2867_1",0.006351
"7876_9",0.988039
"9640_8",0.986085
"11866_3",0.014296
"4262_4",0.005210
"5711_4",0.125172
"214_9",0.962953
"9641_4",0.065905
"9086_9",0.992654
"12088_2",0.006985
"76_8",0.994146
"1537_10",0.989161
"10510_2",0.004682
"778_1",0.015277
"458_9",0.994225
"12472_1",0.003992
"7914_1",0.160858
"8595_10",0.987472
"7741_4",0.023264
"9056_4",0.028328
"538_4",0.062388
"12049_4",0.020043
"9613_8",0.970042
"7051_4",0.010998
"2549_7",0.980839
"12139_3",0.009223
"4006_7",0.991084
"11662_10",0.982237
"497_2",0.010987
"5556_2",0.015145
"8287_10",0.988906
"4712_9",0.987616
"8237_1",0.005469
"4466_9",0.994180
"4141_1",0.019833
"3303_10",0.908780
"5384_2",0.004915
"8494_1",0.005877
"5127_2",0.204540
"6961_9",0.987853
"10856_1",0.005427
"9421_7",0.866019
"3776_10",0.991170
"5958_1",0.003222
"6227_8",0.989389
"10991_1",0.008156
"7996_10",0.994770
"12372_9",0.991322
"1460_2",0.522689
"10183_1",0.006654
"2829_4",0.008839
"9797_4",0.038575
"2988_3",0.010308
"3974_3",0.130064
"11419_4",0.010520
"11472_7",0.580902
"8489_7",0.993902
"11938_4",0.039085
"1057_8",0.993385
"7213_1",0.014504
"2615_10",0.758958
"3101_1",0.011631
"7553_1",0.005491
"10258_1",0.025395
"8551_10",0.989076
"11233_4",0.017476
"2996_4",0.535858
"8670_3",0.048406
"10586_9",0.967410
"501_10",0.992154
"11398_9",0.983707
"9223_8",0.990551
"5432_9",0.923868
"7517_10",0.993320
"11616_7",0.979687
"5055_2",0.004460
"9285_1",0.006217
"5175_1",0.004830
"872_1",0.004240
"8890_7",0.967256
"178_2",0.011892
"10660_4",0.069038
"11461_4",0.681753
"9461_8",0.991289
"3992_3",0.047074
"1173_1",0.008188
"8261_10",0.921145
"10007_4",0.023735
"10751_10",0.984185
"5021_8",0.959078
"10553_7",0.985855
"12464_8",0.993771
"8616_8",0.989202
"9697_1",0.009812
"2800_1",0.005598
"521_1",0.026106
"7535_10",0.990945
"4352_9",0.944995
"2246_10",0.991032
"7039_4",0.020430
"10344_4",0.017326
"12195_10",0.991238
"3671_4",0.130230
"1767_2",0.013389
"6536_1",0.014490
"8951_1",0.004774
"12462_9",0.991652
"8489_2",0.037257
"11884_10",0.993268
"8602_1",0.058939
"9229_1",0.008661
"10611_3",0.020313
"6764_4",0.068475
"2612_1",0.019475
"213_3",0.004764
"1987_2",0.011676
"3082_9",0.992934
"10504_7",0.940353
"8862_9",0.994112
"5512_10",0.916222
"3198_10",0.983486
"11521_1",0.024470
"9841_8",0.961316
"1781_10",0.987253
"8389_1",0.010130
"10225_1",0.009376
"1403_4",0.010318
"3792_8",0.988380
"4361_9",0.991439
"6579_7",0.946349
"3891_2",0.027325
"10782_8",0.950411
"12290_2",0.008062
"1710_1",0.007205
"5507_7",0.950457
"10523_1",0.041696
"6722_10",0.063948
"3401_10",0.984291
"8079_1",0.010581
"5650_10",0.993042
"1843_4",0.021740
"8228_7",0.689201
"1138_8",0.967839
"7943_9",0.947817
"2219_4",0.006109
"11675_4",0.018038
"7748_9",0.989098
"3859_1",0.010499
"1497_1",0.019814
"2115_10",0.988245
"9622_4",0.004126
"9482_10",0.994358
"9084_2",0.043569
"2744_1",0.006413
"6599_3",0.014957
"10991_10",0.979315
"8444_9",0.994445
"1362_3",0.019253
"6820_10",0.990606
"10806_3",0.058078
"5509_3",0.315630
"1939_8",0.981167
"498_1",0.011609
"12238_10",0.025347
"4154_4",0.008520
"11557_1",0.006890
"6658_7",0.954052
"1183_2",0.007823
"3764_10",0.962427
"12421_3",0.018996
"8166_1",0.003693
"88_10",0.985963
"6291_7",0.980949
"4637_2",0.011858
"4194_10",0.992304
"9020_10",0.984155
"9749_8",0.983231
"3308_1",0.047338
"2569_9",0.994191
"9696_8",0.991389
"8680_1",0.007289
"10469_3",0.003456
"6208_1",0.007711
"9862_3",0.640826
"7663_10",0.946990
"811_10",0.976913
"5452_8",0.993649
"4347_10",0.993359
"10922_8",0.944074
"10466_3",0.027848
"11650_8",0.993110
"5126_4",0.025614
"3454_8",0.916222
"11021_10",0.993524
"1160_1",0.001748
"1948_10",0.987568
"8741_10",0.721253
"8996_4",0.925903
"11572_2",0.014700
"2183_7",0.943919
"1779_9",0.991135
"5466_10",0.977926
"1756_1",0.007793
"7777_3",0.006463
"429_3",0.126299
"1736_10",0.981076
"1746_10",0.991067
"7613_8",0.993961
"4315_10",0.949949
"12186_10",0.984501
"4231_8",0.969985
"659_8",0.978426
"7739_10",0.989551
"43_10",0.994969
"2960_4",0.025663
"11665_4",0.032837
"4399_9",0.990348
"6993_8",0.979900
"6523_10",0.989306
"7068_1",0.014986
"3005_1",0.066995
"10419_8",0.992199
"3160_2",0.018833
"1881_10",0.788665
"5623_10",0.983971
"2263_10",0.991732
"5736_8",0.959078
"550_3",0.023264
"368_4",0.659186
"9100_10",0.984471
"930_3",0.158695
"866_10",0.993499
"11251_7",0.991554
"10708_9",0.984231
"247_2",0.008779
"4080_10",0.971375
"2104_10",0.992611
"8_2",0.008078
"1485_3",0.008078
"3133_1",0.009241
"331_10",0.991636
"12213_1",0.004486
"2825_3",0.024964
"8316_3",0.013312
"11102_3",0.010170
"9719_1",0.009367
"1951_7",0.982339
"10577_1",0.003273
"9941_9",0.990496
"12246_1",0.006890
"7579_4",0.121842
"7111_7",0.973968
"1068_3",0.007563
"1872_4",0.342585
"834_4",0.167015
"12088_7",0.587825
"7785_3",0.299131
"7364_10",0.982987
"4441_2",0.011858
"3957_10",0.987179
"7789_1",0.011961
"3296_1",0.013071
"6656_8",0.890580
"7366_2",0.027928
"10579_10",0.987664
"1292_8",0.874346
"3172_10",0.951142
"4948_10",0.992379
"8690_3",0.016980
"3279_1",0.012007
"7221_3",0.013274
"6376_2",0.036804
"4901_4",0.015116
"1591_10",0.984200
"2905_4",0.019738
"8656_7",0.747478
"10100_3",0.105211
"6918_10",0.972046
"7105_8",0.919570
"8220_10",0.994100
"916_3",0.009385
"7831_8",0.122944
"11118_10",0.993938
"7993_10",0.992229
"2665_3",0.022053
"1680_2",0.006641
"632_8",0.979393
"5838_10",0.991472
"4039_9",0.986111
"309_3",0.018815
"6715_7",0.874131
"9130_4",0.030589
"722_10",0.985732
"9485_3",0.008847
"5421_9",0.968501
"2053_4",0.008260
"8824_4",0.022117
"906_4",0.052279
"4325_4",0.091058
"3131_1",0.023780
"4732_10",0.888952
"7628_1",0.028141
"3903_8",0.877056
"2781_7",0.977001
"2530_1",0.009727
"8740_9",0.992961
"9456_4",0.006376
"8705_10",0.973869
"9894_4",0.029563
"7573_10",0.987472
"117_1",0.004896
"1578_7",0.020884
"2822_9",0.978733
"2544_10",0.990533
"10988_10",0.990569
"9846_3",0.006278
"6242_3",0.006015
"5626_3",0.178741
"4053_9",0.993891
"10157_8",0.974483
"10582_2",0.003105
"11091_1",0.019345
"10436_8",0.992837
"3432_8",0.978611
"3007_3",0.173393
"11467_4",0.209025
"9877_8",0.056966
"4839_1",0.006837
"2766_3",0.028571
"11528_9",0.989928
"4327_1",0.010459
"8087_10",0.993562
"3394_10",0.994636
"4690_4",0.589539
"11642_8",0.174516
"2603_1",0.006302
"9578_8",0.992496
"8316_10",0.963092
"8184_9",0.964855
"9764_10",0.992379
"3248_2",0.004062
"5784_3",0.016340
"3686_1",0.003892
"10901_10",0.970688
"606_9",0.992123
"6887_1",0.005501
"4240_4",0.018317
"977_9",0.992496
"2232_7",0.949529
"4107_8",0.959724
"11897_10",0.992229
"10418_8",0.965867
"5274_1",0.036666
"5978_10",0.987592
"6781_7",0.958924
"6704_10",0.986376
"8290_4",0.038107
"9826_8",0.811228
"10066_1",0.430776
"1135_1",0.041696
"6683_9",0.987876
"9991_8",0.991844
"1710_10",0.992711
"4774_2",0.019966
"3621_2",0.013902
"9258_1",0.016689
"12244_8",0.991603
"401_1",0.003383
"11869_10",0.991456
"3092_3",0.032192
"2910_7",0.993574
"961_1",0.107063
"6927_7",0.957437
"4819_2",0.017832
"658_7",0.979668
"5477_2",0.068694
"7766_1",0.015709
"4159_3",0.012772
"5010_10",0.970324
"11093_3",0.188473
"7287_10",0.994940
"3462_9",0.992154
"1652_1",0.014323
"12077_2",0.135518
"3798_10",0.952970
"2696_10",0.992259
"2803_8",0.992879
"11941_2",0.014986
"8090_8",0.963916
"6994_4",0.032837
"1242_7",0.988085
"8828_9",0.976333
"1346_1",0.007831
"468_1",0.053010
"3665_4",0.021492
"4476_4",0.083553
"6043_9",0.965053
"5830_3",0.003900
"3159_10",0.987520
"6975_1",0.981560
"7338_1",0.013261
"1424_10",0.817356
"6487_7",0.991938
"3023_7",0.984124
"4749_3",0.052814
"4596_3",0.096323
"4681_8",0.986494
"4235_1",0.004953
"2912_8",0.968827
"6552_1",0.013889
"4329_1",0.009671
"3876_1",0.014309
"9168_9",0.964052
"8747_10",0.800419
"11842_10",0.992047
"5612_10",0.983036
"10371_8",0.977132
"4804_7",0.944944
"4914_7",0.701253
"2520_3",0.264240
"8053_3",0.006413
"11302_4",0.059265
"4766_1",0.427277
"1820_4",0.021885
"4668_1",0.008196
"3521_2",0.026106
"3467_7",0.981806
"1885_4",0.083628
"4206_1",0.032961
"2774_10",0.941007
"12060_1",0.019308
"5664_10",0.297495
"7078_10",0.960657
"4797_8",0.987448
"2735_3",0.009596
"7981_4",0.095013
"10440_7",0.978302
"11611_7",0.966600
"5553_1",0.011835
"12415_2",0.324797
"10807_3",0.023780
"5539_1",0.036118
"9489_10",0.980858
"11053_10",0.968560
"7493_10",0.991828
"10400_4",0.026131
"9856_10",0.981131
"6813_10",0.969556
"679_10",0.950824
"7502_3",0.005831
"3842_7",0.982322
"7800_10",0.994760
"4253_9",0.992334
"2103_1",0.034424
"9581_3",0.019814
"7335_10",0.986739
"3304_8",0.803328
"12276_3",0.062502
"5451_3",0.011869
"1873_3",0.022694
"5857_7",0.021595
"5423_10",0.990606
"6400_10",0.974141
"6419_3",0.010378
"3775_4",0.010581
"5165_8",0.948917
"6555_1",0.008372
"3806_4",0.037892
"8584_7",0.941815
"5390_7",0.973544
"10965_1",0.005437
"6680_9",0.985143
"5034_1",0.008951
"7718_2",0.005533
"2688_4",0.521014
"9107_2",0.008495
"5993_1",0.007432
"7456_10",0.993307
"8581_8",0.992539
"8852_3",0.014490
"4239_10",0.988403
"9012_10",0.991780
"6661_9",0.974556
"6786_10",0.744238
"12257_3",0.043937
"8700_8",0.750644
"8848_8",0.993855
"11377_4",0.019438
"4722_2",0.023803
"8546_9",0.956391
"3091_4",0.007961
"4124_7",0.677207
"10860_10",0.993176
"2684_10",0.966789
"4968_10",0.988949
"10785_4",0.007923
"4871_8",0.985014
"1064_8",0.992753
"9452_2",0.018387
"9965_1",0.005130
"1358_10",0.799599
"12094_10",0.968915
"415_10",0.987876
"8308_10",0.509612
"11112_9",0.989511
"6271_4",0.021125
"7324_8",0.984811
"7950_8",0.989140
"8880_3",0.004521
"5610_7",0.911022
"3918_8",0.983769
"7209_2",0.004086
"4916_10",0.990235
"6782_3",0.190197
"5607_3",0.004442
"5492_10",0.978010
"2824_3",0.017797
"1533_10",0.979116
"9663_9",0.978529
"11087_3",0.010249
"3360_1",0.008236
"12040_1",0.007756
"329_10",0.991636
"4819_7",0.985314
"11985_8",0.849660
"6491_4",0.107017
"7151_10",0.992214
"6807_10",0.988949
"3353_10",0.968201
"3592_10",0.992304
"928_10",0.911888
"3100_7",0.911416
"7390_3",0.019776
"8466_8",0.666999
"777_10",0.993783
"10007_10",0.988928
"7673_1",0.009082
"8255_1",0.078926
"3734_8",0.970964
"6217_10",0.316752
"2264_1",0.101233
"7637_7",0.971591
"3494_3",0.147924
"1012_1",0.009869
"9796_2",0.014064
"444_2",0.004281
"10968_8",0.993015
"8328_10",0.989712
"2417_8",0.963057
"253_3",0.011126
"3740_8",0.989928
"5904_3",0.376559
"6664_8",0.980487
"12027_1",0.006824
"8658_10",0.449453
"4505_1",0.005491
"1008_10",0.979977
"7922_3",0.010121
"655_10",0.978915
"6383_10",0.990121
"5868_1",0.021677
"7827_10",0.966474
"722_3",0.024446
"3933_4",0.019253
"1358_3",0.031321
"8939_8",0.990750
"9502_10",0.989013
"4798_9",0.994920
"7088_3",0.013338
"9904_3",0.005664
"11214_2",0.004530
"11293_8",0.974604
"11924_10",0.980636
"6168_8",0.994157
"4329_10",0.974067
"10345_3",0.014686
"5512_3",0.018996
"1291_1",0.013756
"7568_3",0.004174
"2747_4",0.021512
"7484_1",0.005577
"3915_2",0.018247
"8527_4",0.024586
"4686_10",0.988992
"6909_1",0.010902
"10587_10",0.987351
"9167_8",0.988108
"4739_4",0.838680
"6266_4",0.030618
"6155_10",0.990997
"11409_9",0.947914
"3874_7",0.388480
"7049_3",0.047825
"11158_2",0.006904
"5714_10",0.960100
"11248_1",0.008437
"8854_3",0.943086
"3191_4",0.019700
"5537_7",0.987448
"4919_7",0.925634
"8109_9",0.990678
"7476_4",0.034717
"5890_10",0.989244
"5837_10",0.990821
"2623_9",0.990514
"5033_1",0.012552
"12055_8",0.980224
"8420_4",0.016769
"5854_10",0.990083
"9631_7",0.872456
"11705_3",0.066085
"3869_7",0.993216
"10836_9",0.993950
"7027_1",0.011343
"55_4",0.005271
"11124_8",0.991620
"3533_3",0.011586
"1552_10",0.992626
"11307_1",0.020824
"11974_7",0.956063
"7246_3",0.014010
"10648_3",0.008503
"11991_10",0.876158
"10494_8",0.992334
"8109_1",0.004592
"4764_1",0.007205
"3527_1",0.006193
"4059_9",0.982151
"3729_4",0.081776
"5073_4",0.947866
"4984_9",0.993549
"2371_10",0.942188
"9597_10",0.984855
"10823_9",0.992781
"3123_10",0.994089
"2951_10",0.987079
"9800_1",0.007621
"1824_3",0.018021
"6238_2",0.015336
"8830_9",0.993163
"12355_8",0.945801
"4002_10",0.994477
"405_10",0.981040
"4314_1",0.029930
"9201_10",0.994770
"10466_8",0.984366
"3736_2",0.054349
"1641_10",0.992199
"3381_1",0.156105
"11711_9",0.981841
"4970_3",0.022672
"6958_10",0.973720
"646_9",0.990235
"3590_9",0.991204
"7218_9",0.987104
"5091_10",0.991891
"8820_2",0.214075
"3938_8",0.970826
"2616_10",0.624734
"7808_1",0.008070
"3508_10",0.985990
"8974_8",0.990533
"4383_4",0.130285
"6360_4",0.184473
"2759_8",0.990254
"7417_1",0.010459
"10880_1",0.052086
"5488_2",0.011732
"8015_9",0.799247
"6484_3",0.109325
"10117_1",0.005675
"11363_1",0.007977
"3334_7",0.945349
"3369_7",0.956553
"9609_1",0.005261
"8396_10",0.992423
"8267_10",0.959762
"10335_7",0.978115
"1973_4",0.206374
"7123_10",0.986376
"6949_9",0.994325
"10652_4",0.011564
"10256_4",0.006890
"4557_9",0.993649
"8929_1",0.013441
"2429_1",0.007094
"3994_1",0.022011
"11454_7",0.517876
"11874_4",0.240329
"4891_3",0.015830
"2216_7",0.993281
"2039_4",0.052473
"505_1",0.008000
"313_1",0.030792
"3383_2",0.010219
"9453_7",0.096834
"426_9",0.052473
"311_10",0.991859
"11291_10",0.993150
"835_8",0.992379
"2143_9",0.991322
"8200_2",0.013915
"11716_2",0.993686
"3786_2",0.013210
"3818_4",0.010358
"12106_1",0.004944
"2605_4",0.037327
"10518_7",0.839339
"3932_8",0.975901
"7515_4",0.023644
"9857_10",0.893309
"449_3",0.096663
"3573_9",0.992077
"10198_8",0.923730
"2286_9",0.990044
"6906_3",0.026481
"3807_2",0.089335
"11602_8",0.525643
"10201_7",0.943919
"8717_8",0.971966
"10411_10",0.945751
"11099_3",0.008619
"5619_10",0.895523
"9252_10",0.981095
"6097_10",0.991620
"6467_1",0.008332
"2757_2",0.013338
"1869_10",0.991985
"5192_2",0.031262
"11399_10",0.976015
"898_3",0.428338
"6820_2",0.010318
"768_2",0.006513
"1783_10",0.993359
"8102_9",0.992683
"7818_2",0.026431
"2444_10",0.969985
"3965_4",0.012735
"7086_4",0.686764
"10556_3",0.013969
"5221_1",0.009671
"4322_10",0.994499
"7371_1",0.004538
"1318_8",0.983800
"8142_3",0.026056
"3413_10",0.981701
"3845_9",0.995198
"7323_1",0.008611
"5273_3",0.009431
"11812_4",0.068600
"5737_7",0.967625
"7260_2",0.032161
"5018_3",0.022117
"7779_10",0.972857
"894_7",0.846197
"11940_3",0.011234
"2471_7",0.376781
"6605_10",0.988062
"282_10",0.879613
"12402_3",0.067301
"7974_1",0.005566
"12280_7",0.989182
"10917_2",0.009662
"12164_1",0.027118
"3181_1",0.014420
"11240_1",0.158174
"11255_9",0.988425
"2318_2",0.007121
"4976_7",0.991456
"1822_8",0.985482
"11724_7",0.690976
"3499_3",0.004007
"9439_9",0.965544
"5469_10",0.989612
"7612_9",0.991067
"3947_8",0.973113
"11269_1",0.008300
"5771_8",0.976084
"4461_8",0.913907
"5683_9",0.988885
"639_1",0.007177
"9896_3",0.619791
"5131_8",0.963678
"5961_3",0.011564
"5741_2",0.014420
"6418_4",0.449091
"5416_1",0.010278
"3114_7",0.961389
"3587_3",0.024540
"5472_10",0.988447
"9802_9",0.944022
"4313_3",0.271469
"2921_7",0.993255
"11468_8",0.906901
"12250_10",0.988755
"3481_10",0.966252
"2067_2",0.004521
"8574_4",0.053354
"861_9",0.985454
"10381_2",0.007490
"5479_1",0.013415
"1107_9",0.988425
"4475_1",0.006314
"469_2",0.006837
"605_4",0.126947
"2182_1",0.019419
"9401_7",0.992334
"2518_8",0.965609
"5329_8",0.994380
"3202_1",0.004934
"256_4",0.032961
"7235_3",0.010530
"4661_3",0.984321
"11045_1",0.020984
"1417_4",0.006062
"4186_10",0.969642
"985_4",0.022824
"6553_1",0.054651
"3118_1",0.034391
"3297_1",0.010714
"5843_10",0.910306
"7645_7",0.967533
"11958_1",0.006667
"10823_3",0.026205
"5097_4",0.020964
"4344_10",0.993229
"5442_8",0.944125
"11969_10",0.693706
"7015_10",0.977392
"1419_4",0.042364
"914_1",0.008503
"11911_8",0.971211
"5930_8",0.848345
"3853_10",0.963472
"9404_1",0.003729
"207_9",0.989967
"2018_1",0.004992
"11192_7",0.155848
"6679_4",0.280395
"1184_3",0.003148
"3291_10",0.982807
"12323_9",0.978996
"7524_1",0.009232
"443_8",0.993176
"7964_1",0.008300
"730_1",0.009477
"8969_7",0.993759
"8581_3",0.030015
"12152_4",0.022824
"4528_10",0.958187
"5984_2",0.004126
"4446_10",0.994043
"7039_8",0.964822
"591_8",0.971752
"6869_7",0.993673
"1836_7",0.988245
"4183_10",0.991538
"8590_1",0.006706
"5647_10",0.985115
"11076_10",0.986442
"11241_1",0.007808
"876_10",0.991422
"8390_1",0.003004
"1462_9",0.940079
"8362_7",0.557514
"3400_1",0.007786
"2318_8",0.984782
"5389_4",0.309493
"8617_4",0.016899
"9200_10",0.992289
"8878_10",0.986218
"12110_1",0.008031
"9101_10",0.991938
"4967_3",0.012504
"12436_1",0.002305
"8845_4",0.016980
"3420_4",0.064949
"7428_7",0.986777
"11769_10",0.979648
"7025_1",0.017111
"1561_10",0.993950
"3704_1",0.003976
"3529_8",0.966851
"12234_4",0.432663
"10600_3",0.011158
"1028_4",0.026181
"6764_10",0.992229
"1815_2",0.005620
"10953_4",0.006931
"2809_7",0.983738
"8393_10",0.993136
"2743_1",0.134378
"10711_10",0.994467
"6173_10",0.992481
"9664_7",0.781038
"6335_3",0.014672
"1665_4",0.047603
"4174_10",0.982987
"2038_1",0.004126
"3717_10",0.975554
"9361_10",0.992334
"415_1",0.014928
"1460_9",0.994380
"5915_4",0.058831
"7187_3",0.014957
"11050_1",0.005230
"8822_10",0.991221
"12407_1",0.004877
"4543_2",0.018493
"10560_9",0.991684
"9108_10",0.993771
"2999_9",0.982674
"1703_7",0.993015
"206_2",0.007977
"2095_3",0.004232
"6454_8",0.990348
"2773_1",0.008520
"6252_1",0.018334
"2848_7",0.871365
"6887_10",0.994488
"8660_1",0.005686
"1675_9",0.993722
"9842_1",0.012159
"9118_10",0.992393
"5793_4",0.089018
"941_10",0.991255
"8832_1",0.029987
"7584_3",0.054450
"9746_10",0.980636
"1965_10",0.994259
"5346_10",0.990660
"9738_4",0.402275
"5905_9",0.990839
"336_1",0.012480
"5621_1",0.004023
"5976_10",0.984486
"3000_8",0.978935
"5172_7",0.987664
"311_3",0.003869
"2035_4",0.618104
"6084_10",0.993649
"7284_9",0.989731
"6449_8",0.920718
"8671_3",0.030938
"636_9",0.656603
"11330_8",0.994636
"1300_1",0.229363
"11538_1",0.005523
"5159_3",0.005480
"3742_9",0.992753
"11281_9",0.867148
"4128_1",0.009126
"4382_7",0.735357
"862_3",0.012206
"5941_8",0.984321
"8576_3",0.081630
"10570_1",0.004118
"10682_3",0.659967
"12497_10",0.982117
"2026_7",0.966347
"9657_10",0.992108
"999_8",0.992108
"1664_2",0.058939
"1795_8",0.879043
"4280_4",0.931150
"952_10",0.980747
"4725_7",0.991652
"8162_2",0.094260
"10062_9",0.746509
"4719_10",0.995085
"10388_4",0.080285
"6183_9",0.988085
"3703_8",0.985384
"11259_4",0.147740
"8578_8",0.994488
"12040_9",0.992229
"6500_7",0.929568
"3473_10",0.973011
"11784_4",0.124852
"613_10",0.965576
"4631_1",0.014686
"2426_10",0.955569
"7088_7",0.985342
"5851_7",0.982889
"3904_2",0.005220
"1329_7",0.846895
"2160_7",0.955981
"4796_10",0.990821
"8760_1",0.015604
"7859_8",0.991764
"4251_10",0.989870
"8143_4",0.026506
"11713_9",0.987030
"5037_10",0.994008
"9621_7",0.993294
"2600_10",0.982591
"2027_1",0.008528
"8225_1",0.006513
"12463_10",0.953013
"7842_8",0.923523
"4768_2",0.133868
"2644_1",0.007135
"4193_7",0.990197
"5150_7",0.893402
"5942_7",0.971537
"8293_1",0.013364
"6046_10",0.577421
"12148_9",0.994292
"966_10",0.173113
"6428_8",0.991859
"12465_2",0.008994
"342_10",0.196363
"9246_4",0.004944
"8683_4",0.365145
"627_7",0.941547
"5614_4",0.158630
"4546_3",0.012019
"4384_1",0.008180
"3144_1",0.013046
"9530_10",0.951908
"10558_4",0.011676
"619_1",0.006798
"11594_9",0.993056
"6511_7",0.968171
"8351_7",0.967625
"9163_3",0.007718
"12078_1",0.007275
"5489_8",0.994135
"4191_1",0.004207
"2373_10",0.305671
"8664_4",0.540681
"4556_2",0.012540
"9004_8",0.989244
"1357_4",0.007177
"152_10",0.990606
"2977_1",0.004610
"8812_1",0.003456
"8544_4",0.017359
"4821_2",0.008180
"7874_8",0.803559
"1689_1",0.006169
"9654_1",0.007080
"9363_2",0.030272
"8959_1",0.007808
"6113_1",0.013584
"10702_1",0.007149
"1839_4",0.013875
"10587_1",0.112308
"11715_3",0.918334
"12252_8",0.979453
"9480_3",0.003743
"6438_1",0.049222
"3762_9",0.993307
"5350_10",0.993843
"3927_9",0.994214
"9598_2",0.094093
"3930_3",0.005343
"6647_1",0.007711
"9251_10",0.981962
"5926_2",0.017644
"11530_8",0.986191
"1625_3",0.072341
"10515_8",0.649009
"11185_10",0.975577
"8675_10",0.994531
"3701_1",0.012241
"9222_10",0.975647
"6253_10",0.977650
"4657_7",0.826011
"10013_9",0.994688
"4938_10",0.993499
"3073_10",0.987853
"9081_8",0.993346
"6928_8",0.987711
"217_3",0.007969
"2927_3",0.047206
"2379_1",0.038793
"10476_2",0.254532
"8640_10",0.995037
"2810_3",0.008686
"6433_1",0.004434
"6390_10",0.957715
"11829_8",0.977001
"7581_10",0.989811
"11836_3",0.013862
"2794_1",0.018476
"5263_1",0.001755
"1041_10",0.989672
"7296_1",0.050284
"10557_8",0.966315
"5339_9",0.992795
"4766_8",0.986662
"8126_3",0.049912
"9876_2",0.002191
"2443_4",0.009458
"10179_10",0.966410
"6211_3",0.005364
"925_10",0.993795
"5050_8",0.993795
"1891_10",0.965835
"4767_3",0.302546
"11625_10",0.991922
"3388_2",0.004442
"4908_3",0.005631
"11205_9",0.991700
"2228_10",0.976535
"11236_1",0.010014
"2367_10",0.987993
"5060_3",0.009822
"3292_1",0.011766
"11282_2",0.004521
"5307_10",0.993771
"6963_4",0.080069
"1319_10",0.993410
"9660_1",0.009495
"7254_9",0.991812
"9441_10",0.990102
"3838_4",0.690168
"6209_8",0.948010
"3049_9",0.992697
"3033_4",0.149904
"784_4",0.003046
"3921_3",0.059921
"9196_8",0.994698
"7652_3",0.976084
"11650_1",0.009179
"1548_10",0.961025
"10770_7",0.955110
"3283_9",0.983359
"1567_1",0.040922
"10405_4",0.017409
"6980_1",0.005501
"12218_4",0.021844
"5250_10",0.987129
"11977_10",0.992892
"10602_2",0.022286
"11178_10",0.990839
"9590_10",0.938294
"1260_10",0.982134
"8367_10",0.990385
"2571_7",0.957397
"7422_1",0.004256
"5486_7",0.922132
"2282_8",0.989161
"6119_2",0.161254
"1433_8",0.986284
"12365_4",0.142709
"10535_3",0.004134
"5464_1",0.008220
"9983_7",0.977926
"10209_7",0.947088
"3777_1",0.849222
"12443_10",0.989909
"1488_4",0.552419
"8670_9",0.962778
"1258_10",0.973494
"9_7",0.986879
"12175_9",0.978570
"211_10",0.980618
"6329_7",0.902867
"8866_10",0.991255
"5911_9",0.992554
"6100_1",0.006850
"6342_9",0.950595
"5455_4",0.017309
"1215_1",0.021308
"11020_3",0.005364
"7975_1",0.017543
"6720_2",0.003664
"8986_10",0.868548
"4874_9",0.968501
"7204_1",0.008023
"2612_10",0.874399
"6923_9",0.992408
"5742_10",0.933794
"5044_3",0.037644
"5013_9",0.992767
"9752_8",0.992823
"1112_8",0.981257
"10925_8",0.994445
"7012_4",0.145844
"11484_10",0.968261
"883_4",0.168788
"2398_10",0.992481
"8990_8",0.685239
"1194_10",0.987204
"2313_1",0.012007
"9584_1",0.005523
"11638_10",0.990803
"5995_3",0.060308
"4456_10",0.992423
"321_1",0.823541
"7147_1",0.014213
"10212_4",0.038683
"7960_10",0.993015
"8022_7",0.985086
"11649_9",0.982574
"8442_8",0.990696
"8976_1",0.031351
"9199_10",0.994020
"8925_10",0.992892
"3079_2",0.016075
"7727_10",0.985482
"2338_1",0.016673
"3221_2",0.013338
"288_7",0.989572
"7150_10",0.978915
"7520_1",0.018887
"11477_10",0.989306
"7765_9",0.989286
"10062_4",0.013915
"10616_10",0.994054
"10592_8",0.988403
"6745_4",0.457652
"7912_2",0.006290
"1130_8",0.910942
"11096_4",0.015365
"10081_1",0.007475
"3808_10",0.958886
"394_4",0.023398
"7080_3",0.011332
"4479_10",0.977629
"11417_7",0.856092
"8402_3",0.280715
"6669_9",0.978570
"1494_10",0.993879
"7980_3",0.006278
"11366_10",0.971074
"7566_1",0.003538
"3778_1",0.117775
"317_2",0.014351
"8475_7",0.990551
"11012_2",0.017342
"11936_4",0.016980
"145_9",0.990441
"11427_1",0.006590
"2204_1",0.009394
"3373_8",0.991505
"4640_4",0.498322
"521_7",0.493897
"2871_2",0.291661
"9823_8",0.710201
"5893_1",0.007475
"8541_2",0.019738
"3403_3",0.005100
"8660_9",0.991922
"7046_3",0.005946
"338_1",0.005406
"9541_1",0.005888
"12179_7",0.840455
"9663_3",0.030734
"6948_3",0.046378
"10308_10",0.991700
"11027_10",0.957038
"6174_3",0.003847
"10151_8",0.984048
"10665_1",0.009134
"6453_2",0.020216
"3619_2",0.007938
"3114_1",0.015262
"1309_2",0.005437
"8468_1",0.015277
"8292_10",0.991700
"1955_1",0.009985
"4498_9",0.985426
"8075_9",0.993229
"10528_8",0.951549
"253_10",0.990927
"9467_4",0.940188
"4018_10",0.990803
"2644_10",0.983816
"7240_7",0.984782
"10929_7",0.746093
"9743_10",0.989055
"4641_3",0.010766
"5711_10",0.884738
"4912_2",0.016964
"455_1",0.025347
"2749_8",0.902266
"8780_8",0.820972
"2626_10",0.990025
"11745_2",0.006229
"6952_8",0.993461
"4645_2",0.007636
"10372_10",0.993307
"4282_2",0.030215
"2195_1",0.006641
"11058_3",0.012348
"9507_4",0.020567
"389_10",0.993735
"4388_10",0.985552
"9540_1",0.010746
"6610_4",0.022868
"8796_10",0.972362
"3746_1",0.003167
"11083_1",0.005240
"9901_1",0.015968
"4165_1",0.007490
"8928_9",0.993891
"8173_10",0.990696
"5161_1",0.007332
"11458_4",0.017594
"11206_9",0.938745
"3532_7",0.993385
"5088_1",0.004925
"11699_8",0.975155
"10114_2",0.011147
"8626_9",0.972257
"6702_2",0.005797
"3504_1",0.021308
"3353_4",0.153930
"6960_10",0.989967
"5529_10",0.993255
"5510_9",0.973037
"1868_10",0.828870
"11166_10",0.983676
"8411_2",0.021553
"9561_10",0.976333
"11290_2",0.023848
"1167_4",0.009170
"9577_3",0.026683
"1496_10",0.990459
"3042_10",0.979036
"4021_4",0.013287
"6643_10",0.994520
"806_10",0.994434
"1520_2",0.003907
"11133_10",0.986507
"2783_1",0.008619
"9570_10",0.986853
"2349_3",0.004592
"2242_9",0.987993
"6113_10",0.992879
"2153_1",0.005797
"9167_3",0.015469
"156_3",0.935465
"10607_7",0.979492
"4270_4",0.004896
"4713_1",0.007303
"2895_7",0.876740
"8240_1",0.017763
"12241_2",0.013996
"2919_10",0.989531
"11110_2",0.013942
"4502_8",0.904608
"11957_1",0.005934
"12338_2",0.202798
"2474_1",0.026582
"781_4",0.014365
"7528_1",0.004547
"3252_2",0.008437
"6778_8",0.992725
"3149_10",0.984546
"436_4",0.013571
"2586_1",0.004340
"3610_8",0.769600
"4392_10",0.992496
"8914_1",0.005448
"2197_1",0.007374
"3323_10",0.988690
"975_4",0.079854
"9407_3",0.009073
"12005_7",0.954351
"1911_1",0.005060
"3956_10",0.987351
"1441_8",0.986284
"10787_3",0.014351
"4569_10",0.953966
"11685_10",0.953188
"7810_10",0.992539
"3951_3",0.009152
"6050_10",0.987055
"2758_2",0.006904
"2664_10",0.980710
"1537_2",0.005664
"7988_1",0.022393
"6090_10",0.993661
"11509_10",0.980413
"2227_3",0.010683
"865_3",0.017193
"7138_8",0.980894
"7924_8",0.508971
"10104_1",0.003802
"3917_2",0.009643
"169_4",0.015204
"8630_7",0.980913
"7895_7",0.978426
"5485_10",0.992697
"8390_8",0.947478
"11497_7",0.985200
"8964_3",0.008284
"4647_4",0.142829
"12231_7",0.973594
"9634_4",0.058132
"8582_10",0.994790
"9237_4",0.008925
"2847_8",0.975946
"10940_1",0.006798
"2990_10",0.987970
"8377_8",0.953013
"1206_3",0.307904
"11719_9",0.989889
"7003_1",0.048722
"8012_4",0.015204
"2572_10",0.989830
"4126_8",0.992795
"9190_8",0.981962
"9625_8",0.984411
"4706_10",0.993436
"8697_2",0.015529
"435_7",0.977650
"81_3",0.655198
"6713_8",0.915507
"5840_10",0.981945
"5671_8",0.987129
"5064_3",0.011431
"1149_3",0.022329
"12324_10",0.994729
"6705_1",0.011169
"243_9",0.994369
"306_10",0.992304
"7134_3",0.010725
"3227_10",0.986853
"1363_10",0.979590
"5134_9",0.780955
"5269_1",0.109753
"10915_4",0.044556
"7591_2",0.010892
"2326_2",0.009082
"688_4",0.158695
"878_10",0.991620
"10245_9",0.992016
"7388_2",0.035079
"4304_1",0.024470
"6752_10",0.980413
"6881_8",0.985787
"10230_2",0.016609
"6901_1",0.007261
"441_10",0.990624
"4743_4",0.021969
"6228_7",0.993867
"2563_7",0.986429
"6237_1",0.014490
"8619_3",0.009064
"2749_4",0.301671
"12355_3",0.010673
"4915_2",0.009532
"12234_7",0.567008
"3756_4",0.073032
"10051_8",0.952353
"5068_9",0.980618
"7767_10",0.992259
"12069_1",0.009699
"10634_3",0.007360
"2787_1",0.005980
"5281_1",0.007961
"1496_1",0.016246
"8963_4",0.036873
"983_7",0.391595
"8337_4",0.003729
"783_1",0.002482
"9939_8",0.993891
"6507_8",0.983279
"3488_4",0.021410
"9304_9",0.974845
"8664_10",0.980450
"2722_10",0.993189
"7716_10",0.971645
"8512_4",0.301002
"6002_7",0.992640
"1213_3",0.976780
"6351_7",0.988885
"3049_4",0.019663
"10897_4",0.007938
"1936_4",0.014118
"12368_9",0.969985
"10982_1",0.004434
"4116_4",0.006850
"8243_7",0.013969
"11506_2",0.088072
"291_3",0.029704
"7745_1",0.007219
"12190_9",0.990839
"7068_10",0.970771
"9649_3",0.025299
"773_1",0.002502
"1727_10",0.971618
"346_2",0.951774
"4629_9",0.993879
"2509_1",0.004495
"3664_3",0.012698
"1024_9",0.987472
"9514_1",0.006413
"3483_3",0.047294
"10053_4",0.405110
"255_10",0.973968
"1922_10",0.991505
"10416_4",0.053552
"9154_9",0.980394
"12359_3",0.018247
"4850_4",0.033400
"12398_10",0.991238
"8910_1",0.005900
"3797_8",0.872890
"2428_9",0.807878
"7062_4",0.027299
"7130_9",0.993474
"7343_1",0.002964
"7735_8",0.967717
"4104_3",0.014771
"11518_1",0.002850
"10784_4",0.491578
"3687_1",0.004728
"796_10",0.991406
"2613_1",0.005764
"3962_9",0.984605
"4637_9",0.987616
"10076_3",0.003736
"2643_9",0.994089
"3588_1",0.021430
"6788_1",0.018405
"1445_4",0.986752
"10630_7",0.956268
"9173_10",0.992423
"3998_3",0.014131
"11853_1",0.061143
"2982_1",0.006401
"2536_4",0.176494
"5912_10",0.985882
"3267_8",0.984017
"8966_4",0.111434
"7671_3",0.012480
"1962_1",0.013889
"3574_1",0.014323
"10580_1",0.009495
"10103_9",0.900092
"2101_8",0.987946
"9804_10",0.994008
"12413_9",0.960878
"9696_2",0.030015
"8988_1",0.007261
"882_9",0.994626
"8098_3",0.015439
"6072_3",0.014943
"9484_10",0.993771
"3448_10",0.990732
"12074_10",0.990962
"5880_1",0.005312
"7658_1",0.008839
"1286_8",0.992809
"7013_10",0.987711
"3590_1",0.010278
"695_4",0.021553
"8889_9",0.989347
"735_1",0.008703
"2041_7",0.699819
"12041_3",0.015679
"4918_3",0.654370
"1428_3",0.003847
"1846_4",0.040125
"11103_10",0.978302
"1026_10",0.966220
"9731_3",0.006181
"7481_1",0.009431
"10191_10",0.943867
"8262_4",0.012194
"903_10",0.853180
"4212_2",0.382477
"11611_1",0.016514
"7814_1",0.005416
"5116_10",0.983247
"150_4",0.019776
"3618_2",0.006229
"10870_1",0.191781
"8523_1",0.004811
"2193_10",0.989712
"10237_10",0.990006
"2139_10",0.991812
"7691_7",0.987277
"9374_1",0.005923
"11426_7",0.970127
"12319_1",0.005281
"6817_2",0.008196
"745_1",0.006877
"6632_1",0.006890
"7149_8",0.901575
"9558_3",0.055772
"10509_1",0.004691
"1528_2",0.259685
"3422_10",0.993110
"6112_8",0.785720
"3606_4",0.849971
"8768_7",0.961171
"2871_8",0.912045
"12404_10",0.979531
"6936_3",0.206094
"855_4",0.005160
"5703_3",0.025179
"9446_1",0.005923
"1407_7",0.972753
"8422_10",0.990235
"40_4",0.052912
"344_4",0.029451
"11019_10",0.991118
"869_1",0.005469
"2245_10",0.984109
"10002_8",0.993242
"5110_10",0.895933
"3201_9",0.988646
"10621_10",0.989652
"1213_7",0.961061
"2147_10",0.977693
"828_7",0.977088
"7600_8",0.982117
"4472_4",0.110952
"2759_2",0.015029
"10890_1",0.007915
"1637_10",0.984561
"1667_10",0.990927
"10433_8",0.981275
"11350_4",0.026330
"9437_3",0.939803
"3748_3",0.013338
"8062_10",0.989870
"11981_10",0.972831
"4214_7",0.892843
"6496_8",0.968886
"4489_4",0.014351
"5965_7",0.986828
"2785_8",0.962143
"6838_9",0.974749
"4678_9",0.993069
"8564_10",0.972545
"4375_9",0.969003
"4654_10",0.978611
"2077_10",0.961822
"12491_4",0.034881
"11483_10",0.991322
"11130_8",0.992289
"2177_2",0.180215
"1376_8",0.984381
"3557_2",0.007577
"8039_3",0.011343
"6951_1",0.012360
"3440_2",0.009313
"10192_1",0.027455
"5874_10",0.986979
"4258_10",0.983676
"8838_4",0.009358
"1090_8",0.991472
"10570_10",0.992795
"3421_7",0.899121
"1626_7",0.982168
"9887_2",0.317492
"4079_4",0.024215
"8826_8",0.373876
"8805_2",0.008405
"9121_3",0.921640
"10916_3",0.331769
"9717_3",0.015529
"8662_4",0.007461
"7393_3",0.502686
"12304_10",0.942029
"7063_3",0.306838
"7955_10",0.987664
"2266_9",0.993771
"3490_7",0.794146
"11145_3",0.010923
"1668_2",0.025908
"1011_8",0.968944
"8300_7",0.626853
"9995_8",0.993891
"1326_8",0.985828
"5232_2",0.048003
"363_10",0.991796
"11772_2",0.016293
"8771_3",0.016785
"927_3",0.871803
"2569_2",0.024330
"5558_10",0.989850
"12375_10",0.989612
"2338_10",0.994840
"5773_10",0.978672
"4664_7",0.980375
"12295_7",0.985286
"4123_8",0.993385
"1553_10",0.991603
"3770_10",0.933552
"12011_2",0.008062
"8033_1",0.009170
"1395_7",0.760873
"8614_7",0.990821
"3784_8",0.982288
"8769_8",0.960212
"888_8",0.984231
"7799_2",0.022414
"6031_3",0.131675
"11584_2",0.009082
"4570_7",0.927626
"6990_8",0.993735
"7290_1",0.005240
"1186_1",0.012065
"1329_4",0.052328
"6793_10",0.987664
"8562_10",0.985622
"8841_4",0.087447
"9234_1",0.010308
"2992_3",0.012772
"3761_4",0.504425
"1144_1",0.006680
"11737_10",0.877372
"6628_10",0.976129
"7619_4",0.125493
"5074_3",0.011789
"2056_1",0.016215
"812_7",0.972178
"615_3",0.010298
"1473_3",0.007688
"11642_1",0.013983
"2957_8",0.962988
"3223_7",0.434131
"4491_10",0.987782
"11617_8",0.985732
"2209_8",0.923247
"10250_4",0.083292
"8707_3",0.015800
"3581_2",0.007475
"3089_2",0.010913
"9367_4",0.023442
"8890_3",0.004425
"4657_3",0.008822
"8474_1",0.025227
"1542_3",0.012112
"9024_8",0.984649
"3176_1",0.032070
"11219_8",0.991587
"1086_2",0.008813
"11230_4",0.015845
"2543_3",0.009241
"3391_4",0.975507
"5876_10",0.990606
"6712_2",0.006229
"12468_1",0.004015
"1801_10",0.988558
"6727_10",0.827550
"3072_3",0.004007
"6079_7",0.985963
"1409_10",0.973795
"7709_2",0.001302
"11484_2",0.023043
"10843_2",0.003773
"3964_7",0.574992
"5691_7",0.988820
"5837_1",0.004306
"963_8",0.982065
"3530_8",0.967747
"6558_8",0.987806
"3084_4",0.080683
"3025_8",0.993867
"9396_8",0.293177
"7530_1",0.011575
"6301_4",0.020119
"2934_10",0.984927
"8286_9",0.993673
"12122_10",0.968530
"2799_8",0.990587
"3516_7",0.938237
"5715_10",0.986324
"6525_3",0.047558
"12308_10",0.961893
"1305_9",0.986700
"8190_2",0.013650
"8170_1",0.465661
"2355_7",0.858837
"9714_3",0.008544
"9667_8",0.993599
"4861_1",0.013364
"10028_10",0.975716
"3256_2",0.006513
"5974_2",0.008856
"9185_10",0.991456
"2507_10",0.981347
"8910_10",0.985342
"6791_1",0.004774
"1692_10",0.952882
"5520_10",0.898321
"10119_10",0.991032
"1226_1",0.016153
"5998_7",0.975343
"4421_1",0.028981
"7660_8",0.950686
"5532_4",0.072801
"2869_3",0.106412
"3795_2",0.008864
"3602_10",0.988690
"1453_10",0.982641
"1298_8",0.987055
"6331_1",0.011212
"7694_3",0.015102
"11568_10",0.982372
"6426_7",0.973620
"609_7",0.626524
"3352_4",0.179926
"12451_3",0.051893
"3228_7",0.989967
"945_7",0.654777
"8283_10",0.971510
"10780_7",0.992767
"2944_1",0.004182
"5697_7",0.994191
"9066_3",0.035178
"6254_7",0.978975
"384_4",0.012686
"1961_9",0.994135
"10085_2",0.014800
"1726_10",0.978240
"7937_1",0.004046
"2561_10",0.977176
"9899_9",0.991764
"8694_2",0.013929
"4217_8",0.898500
"2425_3",0.008316
"5809_1",0.006253
"3122_7",0.509856
"1522_10",0.984291
"5582_10",0.993549
"12357_2",0.008503
"3166_10",0.967839
"3176_9",0.984048
"9320_9",0.977284
"8187_1",0.044806
"5573_1",0.010829
"9078_2",0.010581
"6706_4",0.763307
"8882_8",0.847653
"2489_3",0.382412
"2768_10",0.977306
"2384_3",0.105441
"12494_8",0.987806
"10375_3",0.009994
"403_7",0.968171
"6334_3",0.059428
"9136_1",0.009532
"10698_1",0.019625
"2203_4",0.026810
"2122_1",0.013493
"2904_4",0.051272
"12367_9",0.889721
"9638_8",0.993423
"2005_1",0.005364
"4963_8",0.985990
"7575_1",0.026506
"9989_1",0.025687
"8776_4",0.039048
"10188_10",0.981648
"8238_1",0.004182
"9244_4",0.993587
"11142_2",0.010798
"4365_7",0.986165
"5877_4",0.030473
"12135_8",0.946597
"3526_3",0.189071
"5209_4",0.022053
"5991_2",0.037999
"10888_1",0.006577
"1303_3",0.006706
"5764_4",0.436772
"2933_10",0.988085
"7297_1",0.009495
"11156_10",0.949669
"1353_1",0.007053
"10017_1",0.076649
"4203_3",0.043244
"4546_9",0.976802
"6039_1",0.005957
"5804_3",0.020567
"9085_4",0.196710
"10774_10",0.989098
"2178_7",0.879665
"2958_2",0.008586
"11469_8",0.942401
"5378_2",0.513973
"4583_8",0.428831
"9539_10",0.994380
"5090_8",0.910863
"12036_4",0.096153
"1766_9",0.941708
"11536_7",0.993902
"4792_9",0.994573
"7615_1",0.010725
"9624_1",0.005609
"5230_9",0.989889
"939_4",0.448607
"2353_7",0.913445
"8760_9",0.992423
"3231_9",0.978031
"8183_7",0.972960
"2156_10",0.969208
"245_2",0.010673
"12048_1",0.009898
"6572_9",0.967717
"10848_9",0.984094
"9576_10",0.991954
"3174_1",0.018387
"9824_8",0.979609
"8199_1",0.008994
"10911_3",0.007403
"2452_1",0.114666
"7574_3",0.009587
"8363_7",0.982724
"3672_9",0.978753
"11693_10",0.993661
"9731_10",0.990006
"280_1",0.010249
"10065_8",0.915091
"10284_9",0.992093
"7990_1",0.026481
"12256_4",0.897111
"7558_1",0.013558
"9636_2",0.008236
"8632_2",0.005753
"6157_3",0.012253
"9429_7",0.849847
"1447_1",0.138229
"10948_8",0.960621
"12300_4",0.025012
"10208_1",0.011321
"5889_3",0.939137
"2376_9",0.989470
"3354_2",0.057124
"9530_1",0.654784
"2469_10",0.988290
"2229_10",0.917451
"12326_10",0.979609
"8097_2",0.017094
"6502_3",0.009394
"8877_8",0.991255
"5408_7",0.220678
"3589_4",0.028571
"5934_3",0.021823
"3653_10",0.992683
"6900_1",0.004953
"3395_9",0.990083
"10302_7",0.945045
"10527_3",0.019069
"10080_10",0.989450
"5818_10",0.982014
"3178_10",0.981221
"10636_8",0.981489
"9586_2",0.937897
"8548_2",0.007080
"2851_1",0.008503
"6874_7",0.934574
"5850_8",0.990197
"2392_10",0.985029
"7434_2",0.023487
"11879_10",0.949856
"1190_10",0.989928
"8411_10",0.993294
"4833_9",0.965835
"5853_1",0.007930
"5485_4",0.008994
"111_3",0.018212
"6376_10",0.981382
"5425_1",0.003450
"3189_2",0.006958
"5053_8",0.993150
"1171_1",0.246669
"2206_4",0.167695
"11912_4",0.102215
"9874_7",0.990102
"3439_9",0.989076
"4221_8",0.989791
"6830_3",0.008260
"960_8",0.993549
"11862_1",0.018038
"8231_7",0.858006
"11765_1",0.041501
"9849_1",0.011104
"7518_4",0.273089
"3014_1",0.040922
"2534_10",0.983832
"5197_10",0.981979
"6775_2",0.009495
"4649_1",0.162181
"10748_3",0.030015
"6943_4",0.023242
"9692_1",0.004340
"11972_7",0.019124
"7251_9",0.966505
"459_4",0.045058
"1101_8",0.976647
"358_4",0.037257
"7543_1",0.012468
"3980_3",0.054199
"1276_3",0.010560
"12111_8",0.954647
"11876_4",0.009188
"5473_8",0.988062
"1296_1",0.006798
"7224_9",0.951006
"8035_10",0.987568
"10436_1",0.010746
"8475_1",0.014434
"4293_2",0.023286
"9867_2",0.015785
"4101_1",0.019625
"6220_1",0.003191
"6246_4",0.212600
"2907_8",0.988580
"4532_2",0.011008
"10753_8",0.992626
"328_10",0.985314
"1941_1",0.017883
"7586_9",0.928668
"11294_1",0.008959
"7534_9",0.984605
"2675_3",0.006641
"3837_10",0.990892
"5349_9",0.989572
"641_1",0.006050
"9273_8",0.959001
"8120_4",0.012945
"10610_1",0.070113
"1829_1",0.020804
"6406_10",0.967595
"4029_10",0.981058
"10845_10",0.955899
"2573_4",0.888662
"2033_3",0.095476
"9633_4",0.703499
"6243_1",0.010987
"7596_10",0.985328
"4208_8",0.707733
"6984_8",0.994066
"3656_1",0.006241
"2434_1",0.008023
"10340_7",0.296400
"6130_9",0.974941
"8093_7",0.057440
"7962_1",0.008977
"12178_7",0.038286
"10931_2",0.054049
"6857_10",0.979803
"11091_8",0.991084
"4167_2",0.013558
"679_4",0.077030
"10147_1",0.006438
"6875_1",0.003112
"923_10",0.989751
"6200_8",0.712557
"7208_8",0.962321
"5363_8",0.957078
"4067_8",0.876740
"1773_7",0.975923
"1498_10",0.785884
"10497_10",0.723602
"3444_10",0.986688
"588_2",0.012809
"9678_9",0.992739
"1983_9",0.932821
"5012_3",0.019663
"12240_2",0.009003
"5071_2",0.011597
"5078_2",0.012686
"10069_3",0.006615
"7407_8",0.983069
"7207_1",0.006074
"2155_10",0.987544
"59_10",0.993096
"2531_1",0.032899
"7772_8",0.985129
"11465_10",0.986098
