"id","sentiment"
"12311_10",0.997884
"8348_2",0.005130
"5828_4",0.120698
"7186_2",0.006628
"12128_7",0.973266
"2913_8",0.994066
"4396_1",0.008389
"395_2",0.203628
"10616_1",0.001658
"9074_9",0.993359
"9252_3",0.744447
"9896_9",0.996901
"574_4",0.010601
"11182_8",0.993042
"11656_4",0.003204
"2322_4",0.088465
"8703_1",0.020626
"7483_1",0.011755
"6007_10",0.993397
"12424_4",0.001714
"4672_1",0.001758
"10841_3",0.007219
"8954_7",0.121999
"7392_1",0.003142
"10288_8",0.995735
"5343_4",0.002067
"4950_1",0.000741
"9257_4",0.078713
"8689_3",0.008348
"4480_2",0.002806
"9286_10",0.991423
"12245_10",0.998081
"7529_7",0.916110
"4_4",0.001461
"5299_2",0.007992
"12077_8",0.995954
"10701_2",0.001305
"11579_1",0.002678
"10993_1",0.001416
"8913_1",0.045905
"1350_3",0.001228
"3804_2",0.002850
"5025_3",0.339550
"5170_8",0.941922
"8225_8",0.991322
"6427_7",0.996392
"3165_3",0.006121
"7902_9",0.997770
"8208_3",0.006890
"3577_8",0.988256
"4865_1",0.000915
"9063_3",0.008109
"1106_1",0.011212
"1117_9",0.997322
"1050_4",0.033368
"10755_9",0.988458
"2729_8",0.996833
"10072_10",0.993783
"2904_7",0.995095
"4584_2",0.037679
"189_4",0.118131
"6302_4",0.112356
"8138_9",0.879354
"1262_1",0.004574
"2199_10",0.995123
"6551_7",0.972072
"8082_7",0.994959
"4897_8",0.996024
"7360_1",0.001614
"11012_10",0.994456
"12046_1",0.003363
"2331_2",0.009403
"8961_9",0.998358
"751_7",0.989602
"9884_10",0.994434
"10016_8",0.997830
"8023_10",0.993698
"2628_1",0.001226
"5832_1",0.002310
"7302_1",0.000815
"4501_3",0.085327
"1121_7",0.940134
"8334_3",0.015876
"9789_10",0.995390
"4230_10",0.989192
"824_4",0.275373
"6803_9",0.992334
"3086_7",0.996604
"1135_8",0.998028
"10136_1",0.001061
"11129_3",0.007519
"2072_8",0.069510
"9501_7",0.994626
"319_10",0.997110
"1693_7",0.994434
"10886_1",0.000933
"9406_8",0.995354
"10376_10",0.922168
"9902_1",0.000799
"9938_8",0.894421
"7080_9",0.994900
"11944_8",0.949295
"5249_1",0.000895
"9599_2",0.022350
"9620_1",0.001183
"11244_1",0.000945
"6841_10",0.995497
"10050_4",0.171061
"10512_9",0.992753
"11327_3",0.000856
"10681_8",0.995263
"808_3",0.015000
"546_7",0.998611
"10765_1",0.000900
"7189_9",0.975739
"6005_9",0.993831
"11915_9",0.997248
"5740_10",0.991668
"7097_10",0.942823
"9573_10",0.995677
"5084_4",0.022371
"12332_7",0.948490
"8154_1",0.011212
"5610_1",0.000874
"5323_9",0.997368
"11034_8",0.985732
"3977_2",0.036735
"12380_7",0.852568
"1737_8",0.986258
"6030_9",0.996537
"5918_7",0.989347
"7061_9",0.991356
"266_8",0.996517
"1375_10",0.996476
"8648_3",0.001738
"10146_10",0.997248
"4578_10",0.996790
"4685_8",0.995890
"11843_9",0.995114
"5467_10",0.997981
"10140_10",0.998168
"7721_8",0.996637
"11208_10",0.968708
"1063_10",0.993985
"8260_10",0.757391
"3182_9",0.996617
"2797_8",0.990927
"7613_2",0.006278
"11624_4",0.013875
"4847_10",0.996427
"10684_7",0.949856
"6312_1",0.002128
"4925_3",0.002704
"4125_1",0.000876
"2394_10",0.998875
"12105_10",0.998197
"7812_1",0.002178
"1061_8",0.996550
"9343_3",0.002170
"7696_10",0.997779
"9355_10",0.998469
"782_9",0.998062
"9882_10",0.998266
"10642_10",0.993083
"7410_2",0.003229
"9591_4",0.005980
"11902_3",0.132010
"3495_7",0.962813
"6733_1",0.002116
"4552_1",0.000987
"6722_1",0.118181
"188_10",0.998043
"5099_10",0.971483
"10313_1",0.002632
"6756_9",0.993891
"6622_2",0.000874
"4807_10",0.998478
"7173_3",0.004896
"11321_8",0.993855
"7909_9",0.985072
"8012_7",0.156911
"8615_4",0.001305
"8117_10",0.995635
"1892_10",0.992304
"4617_1",0.000964
"1893_8",0.994657
"5435_1",0.001145
"162_3",0.001127
"6516_10",0.995826
"11588_7",0.995858
"2006_1",0.001645
"1594_4",0.007621
"1472_1",0.000775
"3647_1",0.173044
"174_7",0.955981
"5539_7",0.321180
"3384_10",0.997787
"3811_4",0.959837
"4079_8",0.989480
"1179_7",0.400134
"3069_9",0.997048
"3769_8",0.946843
"9247_10",0.995426
"10434_1",0.000851
"1147_10",0.996759
"5344_7",0.990178
"8073_10",0.997757
"7833_3",0.000883
"8370_1",0.001149
"9007_8",0.027118
"6624_7",0.171928
"6683_3",0.001354
"12275_7",0.996623
"11927_8",0.998140
"1560_10",0.998316
"1325_9",0.029760
"3548_8",0.928959
"607_1",0.001046
"6702_7",0.809125
"5702_3",0.001435
"11345_8",0.995558
"3428_4",0.037082
"7209_9",0.997264
"8425_8",0.989265
"3087_1",0.002420
"1119_8",0.996948
"5715_3",0.008720
"8645_1",0.000933
"2149_3",0.001714
"10403_10",0.998008
"5628_1",0.001310
"5570_10",0.996364
"1613_3",0.012065
"1454_4",0.167389
"5094_3",0.008340
"7982_1",0.004015
"6894_2",0.001181
"6554_1",0.001038
"4721_3",0.083553
"6904_4",0.013223
"893_8",0.996131
"4605_4",0.141281
"11516_7",0.050658
"11718_7",0.998008
"5956_1",0.000742
"7455_9",0.993747
"6396_4",0.981022
"1223_8",0.996740
"8556_1",0.011755
"6108_8",0.888372
"11690_1",0.001069
"3778_9",0.995226
"3627_4",0.011365
"8256_4",0.089813
"533_1",0.000779
"5235_4",0.001389
"621_2",0.002536
"5365_1",0.011266
"8180_3",0.001620
"7396_7",0.710101
"9776_10",0.998266
"8175_10",0.996399
"3128_1",0.001965
"4606_1",0.003443
"6158_2",0.038394
"3281_10",0.994998
"4723_4",0.183447
"11994_3",0.053305
"7701_1",0.000964
"103_3",0.024822
"8908_10",0.997065
"8876_1",0.001287
"7519_9",0.991732
"12456_8",0.997025
"9514_8",0.994719
"8680_8",0.935582
"12402_10",0.993747
"362_2",0.026007
"9825_7",0.904398
"2913_3",0.015619
"7164_8",0.991187
"11177_7",0.976891
"5707_10",0.997144
"8103_10",0.994292
"6289_1",0.002952
"11754_1",0.027481
"11640_10",0.985158
"9933_7",0.995047
"185_10",0.996257
"242_10",0.997210
"9369_8",0.993281
"7453_10",0.985086
"7514_7",0.969295
"10860_2",0.000972
"8663_8",0.427277
"9108_1",0.000876
"7941_1",0.004774
"10116_1",0.001112
"9841_4",0.963506
"4512_9",0.996907
"4853_2",0.016122
"2664_4",0.057071
"9966_10",0.995532
"5167_2",0.008454
"3894_2",0.003093
"3929_8",0.996153
"7165_10",0.993150
"5451_8",0.993914
"2947_4",0.021328
"4611_10",0.997215
"5807_1",0.002332
"9464_8",0.996138
"3124_10",0.996000
"2705_4",0.091666
"12187_8",0.994191
"12319_10",0.998703
"9874_3",0.002895
"3406_4",0.774541
"2327_10",0.995583
"605_10",0.994900
"8080_4",0.034684
"3074_10",0.996190
"2499_3",0.063337
"1013_1",0.023264
"11535_1",0.002247
"4118_7",0.827793
"10492_8",0.996517
"2129_4",0.020587
"9814_10",0.995075
"10671_9",0.996557
"5980_10",0.997093
"2755_2",0.006758
"5461_2",0.009532
"11979_1",0.000809
"8810_1",0.000974
"852_7",0.996523
"10961_4",0.027040
"7436_4",0.024446
"11281_3",0.020043
"4208_3",0.097605
"8213_10",0.996550
"9851_2",0.234319
"4713_7",0.995523
"9528_1",0.996882
"3595_10",0.997945
"5785_3",0.007163
"10370_3",0.002790
"1980_3",0.100525
"8800_4",0.979413
"4437_3",0.006877
"28_3",0.024261
"12171_1",0.038829
"9359_3",0.001032
"3831_9",0.997722
"10962_7",0.995685
"1500_9",0.946300
"11470_10",0.993661
"11843_3",0.001279
"11200_4",0.089973
"1067_1",0.000807
"3333_1",0.002987
"4487_4",0.046681
"6428_1",0.002187
"575_7",0.847527
"10904_9",0.988503
"11821_2",0.043285
"11605_1",0.001397
"1111_7",0.986929
"10295_1",0.034326
"1146_4",0.001416
"2405_9",0.853913
"11081_10",0.875415
"2201_10",0.996663
"4844_1",0.001247
"11007_8",0.995104
"6535_7",0.973393
"2653_4",0.001875
"8245_10",0.991489
"9951_8",0.984884
"6133_8",0.992795
"10006_2",0.000781
"7350_1",0.004374
"4509_9",0.998306
"948_1",0.001419
"3987_1",0.004637
"2947_10",0.993771
"6041_3",0.011029
"2946_1",0.000991
"11967_4",0.002507
"1185_10",0.998190
"10323_2",0.019014
"11706_2",0.001036
"3663_1",0.001125
"5602_10",0.997205
"4870_10",0.992229
"1994_1",0.002987
"10807_7",0.995488
"6871_3",0.399050
"1175_2",0.002929
"10919_7",0.995685
"8127_10",0.997389
"12497_4",0.070368
"3274_1",0.778060
"2568_3",0.006539
"840_2",0.000817
"5626_10",0.996483
"7561_10",0.998830
"4600_3",0.016277
"3324_9",0.994920
"8899_7",0.973088
"5592_8",0.993202
"12483_4",0.004737
"7874_1",0.000789
"5878_10",0.995085
"4303_9",0.995226
"9421_1",0.001504
"10269_4",0.035982
"10615_2",0.010439
"2634_10",0.977371
"7522_1",0.001501
"9289_10",0.985172
"4636_10",0.990404
"1241_7",0.654818
"9458_9",0.987888
"11690_10",0.997031
"7176_4",0.618464
"6212_10",0.994820
"6319_1",0.003780
"5229_3",0.108330
"466_9",0.998361
"8693_2",0.005180
"2952_10",0.997296
"1128_1",0.001389
"3975_10",0.996846
"11365_10",0.989791
"2074_9",0.993938
"9768_10",0.994043
"4895_1",0.001181
"5726_10",0.995114
"9993_10",0.996550
"11319_2",0.005598
"10561_2",0.012995
"5455_8",0.979136
"10684_3",0.013096
"3652_3",0.007504
"7825_1",0.000940
"8806_1",0.000955
"275_10",0.982203
"2246_1",0.001092
"11968_2",0.063511
"2528_1",0.020043
"8491_8",0.992988
"13_1",0.126084
"4530_8",0.991860
"5207_3",0.000735
"11648_10",0.994989
"8260_1",0.005877
"10730_10",0.997813
"10402_3",0.062474
"8077_1",0.000739
"8598_8",0.661342
"2809_3",0.001727
"12490_10",0.994719
"1447_9",0.997884
"1605_3",0.003538
"2311_4",0.001302
"3235_9",0.942348
"5725_10",0.996864
"9025_10",0.997280
"6049_9",0.995993
"4803_10",0.997599
"191_9",0.994949
"420_3",0.024893
"5238_2",0.007039
"1280_9",0.995850
"9408_4",0.021844
"819_1",0.002103
"1656_4",0.014842
"9964_3",0.260460
"10404_4",0.033305
"12369_10",0.992583
"6423_1",0.000871
"9942_8",0.990273
"1519_1",0.001786
"100_10",0.996637
"3216_10",0.997188
"3909_10",0.992379
"5034_7",0.998024
"14_8",0.996489
"5891_3",0.002621
"8496_10",0.997717
"7429_1",0.001026
"9457_1",0.001461
"9602_8",0.991684
"4198_1",0.001510
"154_2",0.002323
"5070_2",0.008039
"4207_8",0.969928
"7758_8",0.996329
"4439_9",0.997580
"12042_1",0.000900
"7244_1",0.002067
"6854_1",0.001413
"11932_10",0.991423
"4151_10",0.996293
"7265_1",0.007205
"10272_7",0.995985
"4256_4",0.781706
"1225_7",0.994739
"956_10",0.997358
"6389_2",0.002043
"1365_4",0.001252
"4752_7",0.995785
"276_10",0.997668
"8766_9",0.994146
"11225_10",0.996882
"6920_1",0.002571
"11536_1",0.000843
"1923_9",0.996925
"11460_10",0.983785
"10054_7",0.976913
"10845_1",0.000799
"10231_4",0.211702
"9430_8",0.995566
"3226_2",0.000936
"4298_3",0.002502
"10635_4",0.002243
"10567_4",0.003216
"5460_10",0.997566
"7310_7",0.985426
"10330_2",0.002256
"5151_9",0.660891
"11_3",0.045480
"1448_8",0.980543
"10130_8",0.997280
"2199_3",0.002128
"1761_10",0.993216
"2782_1",0.000841
"7618_10",0.997580
"85_10",0.996676
"5730_3",0.006181
"3641_1",0.005374
"8190_9",0.997389
"9533_10",0.998745
"9508_1",0.001472
"237_8",0.997474
"3981_7",0.996790
"7194_9",0.995327
"10584_8",0.984048
"248_2",0.002170
"8358_4",0.000895
"1218_1",0.003810
"4191_10",0.919245
"3090_8",0.991748
"11923_2",0.001642
"1640_8",0.993879
"9972_3",0.007149
"11818_4",0.947430
"4350_10",0.994236
"877_10",0.935582
"10017_8",0.997686
"7975_10",0.998721
"8436_1",0.033274
"6024_7",0.791459
"3112_1",0.000934
"951_10",0.996329
"1622_1",0.008487
"191_3",0.114121
"5669_1",0.002099
"1891_4",0.003847
"12173_9",0.982558
"7887_7",0.957833
"3256_10",0.930679
"5419_1",0.001832
"7635_1",0.001343
"8297_2",0.100879
"7137_8",0.559531
"7562_3",0.016060
"9944_1",0.001006
"4288_1",0.001142
"8087_1",0.994043
"4771_10",0.988177
"10482_10",0.992016
"5324_10",0.997166
"3080_1",0.002458
"10923_7",0.994236
"1753_7",0.997654
"317_10",0.991522
"12474_8",0.989192
"773_8",0.994112
"388_1",0.001976
"12141_2",0.007374
"5667_1",0.093347
"1071_9",0.996055
"2897_10",0.995842
"9481_4",0.048137
"12025_1",0.001226
"8879_7",0.995037
"5683_1",0.001010
"7026_1",0.001558
"2439_1",0.001908
"3631_7",0.970521
"1650_9",0.947817
"5378_7",0.998245
"9745_1",0.001761
"11563_8",0.988668
"299_8",0.995842
"9471_2",0.107531
"1866_1",0.002247
"2639_4",0.005080
"5122_1",0.014064
"12341_7",0.844024
"2936_8",0.996153
"8647_10",0.988096
"4255_9",0.996031
"7262_8",0.628692
"8413_10",0.971591
"10080_1",0.001789
"3973_1",0.033274
"8752_9",0.996455
"4018_2",0.000960
"7669_1",0.001576
"10421_4",0.006193
"7854_8",0.995566
"162_8",0.161618
"11614_9",0.989899
"11343_8",0.995858
"1708_7",0.213951
"7115_4",0.066206
"10498_10",0.995906
"2944_8",0.997949
"10474_3",0.011620
"1263_1",0.002867
"1693_4",0.040313
"9600_9",0.850033
"11173_2",0.005544
"3961_2",0.001668
"8011_1",0.033590
"7386_8",0.993771
"8787_8",0.996176
"12349_9",0.994998
"1776_4",0.003707
"5885_4",0.915015
"220_4",0.022350
"5547_8",0.997744
"2853_1",0.001543
"2157_2",0.001824
"11667_2",0.031709
"194_7",0.768820
"1633_1",0.000747
"6897_2",0.001421
"11568_2",0.035914
"9219_1",0.001961
"477_8",0.997031
"8980_3",0.104889
"4612_10",0.996496
"8030_10",0.998073
"1846_8",0.998974
"2786_8",0.997177
"2634_1",0.003969
"3110_8",0.992452
"11587_8",0.485051
"11262_8",0.996637
"5680_7",0.615131
"4583_4",0.061255
"1451_1",0.001595
"4244_4",0.061283
"6176_4",0.001868
"8851_10",0.997248
"908_9",0.994605
"7494_9",0.938857
"8061_3",0.005809
"789_1",0.001134
"2374_7",0.984306
"11225_3",0.004601
"4467_4",0.003154
"8516_10",0.663995
"4121_10",0.993867
"10267_7",0.987508
"6040_8",0.991907
"8338_7",0.995592
"2903_7",0.997332
"6662_9",0.996943
"5333_10",0.997127
"7470_4",0.004256
"8813_1",0.005923
"4514_3",0.123524
"9584_7",0.788461
"11706_8",0.994043
"11538_8",0.955899
"4210_1",0.001364
"8984_1",0.000823
"3431_4",0.029118
"4973_10",0.995938
"12260_1",0.000700
"4267_10",0.998731
"9906_9",0.996771
"670_7",0.991587
"6270_3",0.000957
"5164_4",0.001927
"9741_2",0.006745
"3761_8",0.997337
"2651_2",0.017526
"7448_10",0.996343
"7184_9",0.992467
"1313_9",0.960584
"10654_8",0.996146
"7151_1",0.001105
"2320_10",0.996733
"12033_7",0.953362
"6429_1",0.001022
"1420_4",0.985271
"3002_7",0.974893
"1299_1",0.001642
"7897_9",0.994800
"1529_4",0.015395
"9760_2",0.002924
"11318_1",0.008062
"2217_3",0.164315
"11641_2",0.003664
"7238_10",0.997301
"7710_8",0.994880
"12011_8",0.983231
"4495_7",0.990292
"11144_4",0.003191
"5625_2",0.001595
"2926_7",0.933975
"8538_8",0.990768
"8875_10",0.996682
"10881_10",0.993163
"1662_7",0.995291
"4560_9",0.989612
"6714_4",0.001620
"9059_10",0.996954
"6631_10",0.993722
"8520_1",0.001001
"918_4",0.196865
"3102_10",0.978611
"3611_2",0.001364
"8434_10",0.997414
"681_7",0.995327
"7386_4",0.002551
"7566_9",0.768603
"10110_10",0.998475
"10486_10",0.995592
"1492_3",0.009699
"11823_1",0.005130
"2331_9",0.996530
"2200_2",0.014743
"9547_1",0.001156
"785_2",0.000841
"5101_4",0.044598
"5657_10",0.993914
"6902_7",0.989632
"1490_9",0.995189
"7148_9",0.996784
"7387_8",0.898811
"8277_9",0.995626
"6912_7",0.990197
"170_2",0.003862
"7702_10",0.997726
"4393_3",0.004700
"2608_3",0.048677
"4931_8",0.989781
"10589_10",0.994391
"8623_4",0.001934
"6057_2",0.003057
"2704_9",0.998309
"1790_2",0.387690
"12370_1",0.000866
"159_1",0.000851
"343_9",0.996016
"2128_9",0.997677
"11181_8",0.993587
"11775_10",0.990821
"3514_10",0.997804
"6993_2",0.000834
"2866_9",0.997537
"1000_9",0.996771
"11772_7",0.988403
"3355_9",0.955361
"8519_8",0.983439
"7879_3",0.005261
"4332_10",0.989055
"5403_1",0.005708
"1514_7",0.154280
"7904_1",0.000736
"10550_2",0.007711
"11442_10",0.997897
"2821_3",0.020646
"5766_1",0.000991
"8061_9",0.979215
"2166_1",0.001639
"6206_1",0.001988
"11124_2",0.005775
"7625_10",0.923178
"90_9",0.996000
"7959_10",0.997036
"7029_10",0.989368
"779_8",0.996746
"1101_4",0.002170
"11189_4",0.011973
"9790_4",0.020547
"10861_1",0.000836
"5902_2",0.004399
"9545_10",0.969149
"3730_1",0.000763
"4951_9",0.969266
"3295_1",0.007219
"9495_2",0.012432
"2876_1",0.008544
"2796_1",0.006133
"10338_3",0.012662
"10913_7",0.011442
"4685_2",0.005934
"11586_1",0.001299
"4904_7",0.955734
"7110_7",0.974941
"2086_4",0.050051
"7372_7",0.920397
"135_9",0.996055
"7038_3",0.153327
"1119_2",0.001957
"5057_8",0.995954
"3479_10",0.998508
"6489_8",0.994043
"4910_8",0.994594
"5979_10",0.995685
"11304_1",0.001094
"2102_9",0.995826
"8048_1",0.002373
"12153_7",0.959078
"4832_8",0.991339
"3079_9",0.997699
"8254_2",0.005090
"7981_7",0.992274
"611_1",0.023286
"307_10",0.992093
"8861_3",0.000955
"4635_4",0.066539
"6197_7",0.994100
"6739_3",0.003765
"8588_9",0.995618
"8461_7",0.053059
"10089_1",0.002507
"2609_7",0.746185
"1418_3",0.024917
"2661_10",0.995540
"1253_9",0.994247
"8815_9",0.994646
"9867_8",0.997269
"2155_1",0.001346
"12259_4",0.003722
"11224_3",0.002055
"4781_1",0.000858
"4354_9",0.997826
"9629_9",0.996960
"3629_9",0.997301
"6445_10",0.998368
"9526_10",0.997036
"5138_2",0.011464
"349_10",0.996695
"2099_7",0.984456
"4411_1",0.011904
"8127_3",0.000823
"5225_8",0.995254
"7970_3",0.014434
"5688_7",0.988119
"12099_3",0.112454
"6020_4",0.086362
"3892_8",0.994066
"2098_8",0.996937
"4851_7",0.996271
"10967_10",0.971074
"6230_4",0.032992
"2211_2",0.961965
"11978_10",0.995226
"8802_1",0.001744
"11010_3",0.003081
"10083_2",0.072867
"5588_10",0.897695
"958_10",0.990254
"6771_4",0.097090
"6767_9",0.995842
"7302_10",0.995954
"5324_3",0.006327
"7737_10",0.998662
"8603_10",0.386865
"3029_7",0.978915
"8640_2",0.001957
"2139_1",0.000927
"6305_10",0.996650
"6884_7",0.997779
"5534_8",0.930679
"7619_8",0.994563
"10057_8",0.980413
"972_7",0.997859
"6245_8",0.938801
"6627_7",0.994749
"3621_10",0.101100
"2290_4",0.889721
"24_4",0.212722
"5689_1",0.002663
"6497_4",0.015029
"12405_4",0.972441
"11720_7",0.993891
"10088_1",0.001046
"9258_9",0.997424
"354_4",0.956796
"4770_10",0.995027
"1035_3",0.005240
"739_1",0.001391
"6267_7",0.993698
"1562_8",0.996984
"1438_1",0.000822
"281_8",0.997343
"1818_1",0.022737
"3943_3",0.003622
"8116_4",0.018743
"6984_1",0.005323
"5330_4",0.000989
"8821_8",0.996469
"10484_10",0.997210
"1886_4",0.051225
"7943_2",0.010189
"6438_7",0.976558
"8931_10",0.957873
"10538_10",0.989967
"534_10",0.998085
"7329_2",0.002310
"6614_2",0.001322
"710_10",0.996100
"3120_4",0.009662
"9046_1",0.003559
"5638_2",0.002694
"2455_4",0.010189
"2652_3",0.001330
"11006_4",0.021927
"5065_3",0.002812
"9805_10",0.998380
"7092_8",0.995660
"1735_10",0.982708
"3609_1",0.000763
"1201_10",0.997144
"11024_9",0.997242
"3807_10",0.990533
"4483_10",0.993176
"4510_7",0.973393
"8037_1",0.001006
"1760_1",0.002895
"133_8",0.993985
"9039_8",0.995768
"8462_4",0.664781
"2468_10",0.998043
"7684_3",0.002673
"10350_9",0.998110
"1199_10",0.997311
"8560_1",0.000754
"6405_3",0.001105
"1295_1",0.000769
"6420_1",0.001088
"12183_9",0.997389
"11619_1",0.001516
"1415_9",0.993448
"9414_1",0.000883
"7640_4",0.001814
"9211_9",0.996656
"557_9",0.997917
"4501_9",0.997753
"8711_10",0.981507
"2402_1",0.015395
"4586_10",0.993950
"176_3",0.016705
"3545_1",0.003436
"8932_1",0.000881
"5829_10",0.997221
"3409_10",0.997269
"3636_3",0.026785
"12048_7",0.998361
"10468_10",0.995793
"11546_10",0.992393
"9444_10",0.996809
"6275_1",0.001245
"152_4",0.320136
"4767_9",0.994157
"6751_1",0.005374
"10245_4",0.166608
"5407_8",0.993372
"1923_1",0.000866
"515_9",0.992988
"9988_1",0.470007
"5928_8",0.995842
"10163_4",0.160233
"7969_10",0.996031
"1494_4",0.017029
"11211_10",0.996840
"1957_1",0.001118
"8484_7",0.584597
"848_2",0.001741
"5177_1",0.016466
"10667_10",0.989741
"3075_1",0.001558
"9443_10",0.995583
"1572_8",0.995390
"11285_8",0.990496
"3125_1",0.192046
"9265_9",0.996198
"4072_1",0.007946
"6390_2",0.001817
"6496_4",0.023962
"8766_2",0.001030
"7787_10",0.996469
"5897_10",0.996399
"9027_1",0.001817
"1538_2",0.000962
"1220_3",0.001549
"8600_3",0.060724
"11432_2",0.025565
"1424_4",0.703167
"7344_10",0.998701
"10842_1",0.002742
"10332_10",0.995977
"4340_4",0.012576
"4868_4",0.007831
"11216_9",0.990874
"12027_10",0.992154
"6785_7",0.862004
"8773_8",0.997199
"8119_4",0.048858
"10138_10",0.997864
"7197_2",0.002079
"1536_3",0.000918
"9981_7",0.993461
"4753_1",0.004031
"2795_7",0.005070
"6672_4",0.002606
"10805_7",0.531331
"5866_1",0.000940
"570_1",0.000764
"11965_8",0.994989
"3288_1",0.003331
"8135_1",0.002642
"10094_9",0.993474
"5845_10",0.996669
"3570_8",0.979842
"1240_1",0.077030
"231_1",0.011812
"10628_9",0.996752
"3536_1",0.000902
"1852_10",0.995874
"8202_7",0.976669
"5907_7",0.942242
"1759_10",0.979433
"4492_10",0.995104
"4844_7",0.936865
"3189_10",0.994066
"3403_10",0.997076
"5874_2",0.001441
"7809_10",0.994959
"3632_9",0.997981
"11767_2",0.920683
"9925_3",0.003869
"4218_1",0.003185
"12036_7",0.440439
"8973_2",0.001555
"2464_10",0.997884
"4094_1",0.001782
"10592_1",0.021267
"10648_9",0.994719
"3887_10",0.996643
"9092_8",0.996213
"10666_10",0.996406
"8389_10",0.997981
"5281_10",0.997253
"6946_1",0.000915
"1132_1",0.000761
"10052_4",0.033243
"768_10",0.996972
"5432_3",0.002611
"7424_3",0.029146
"2366_2",0.010520
"2865_3",0.012277
"7806_2",0.001140
"8878_3",0.081739
"6298_7",0.996329
"4517_4",0.001028
"12018_10",0.996357
"3662_1",0.001123
"11393_10",0.995618
"2071_10",0.985677
"8217_8",0.994688
"6568_2",0.004486
"3840_10",0.998711
"1666_3",0.029563
"2360_7",0.988256
"5778_4",0.005427
"5341_4",0.013008
"4044_2",0.000866
"2503_3",0.124054
"4095_10",0.993333
"2092_2",0.061312
"2707_3",0.001576
"573_10",0.998309
"6441_7",0.992169
"7565_3",0.003892
"9499_7",0.738975
"657_10",0.996996
"8840_10",0.998218
"1407_4",0.035211
"12453_2",0.020332
"8273_9",0.995372
"8366_7",0.992289
"10643_9",0.968051
"9998_1",0.004820
"1385_1",0.002031
"1354_4",0.012456
"4674_7",0.992626
"3515_4",0.072670
"10426_8",0.996047
"10226_3",0.012983
"10391_4",0.001984
"9968_1",0.001610
"2893_3",0.002373
"2546_9",0.996815
"37_1",0.000815
"1757_10",0.996455
"1569_8",0.997054
"1466_3",0.002642
"7783_1",0.000729
"9506_10",0.996371
"10835_3",0.002941
"2917_9",0.977328
"2495_7",0.995768
"1686_10",0.998421
"2414_7",0.935993
"5318_8",0.998427
"8858_8",0.996168
"8112_1",0.001908
"6532_2",0.001626
"2526_10",0.994325
"11089_7",0.996564
"4297_8",0.995435
"3179_9",0.994434
"5832_10",0.997663
"10539_8",0.947769
"9226_10",0.948394
"9878_1",0.003693
"7940_10",0.997622
"7195_10",0.988853
"2979_1",0.002621
"3597_10",0.996062
"2931_8",0.346230
"8571_10",0.302365
"12148_1",0.000934
"4047_2",0.000752
"6164_10",0.998457
"2214_8",0.996610
"5903_1",0.011398
"7931_9",0.994870
"1205_3",0.053305
"5983_10",0.998077
"10424_7",0.989306
"11032_7",0.934155
"1303_10",0.944177
"10390_1",0.000806
"8349_2",0.004718
"3605_8",0.969237
"12273_1",0.000763
"60_1",0.000839
"3879_9",0.992467
"12431_4",0.003594
"4499_2",0.001707
"5786_10",0.916185
"5521_4",0.941922
"793_8",0.991922
"7948_3",0.001492
"9022_2",0.006463
"11071_1",0.001026
"4991_3",0.477189
"8226_1",0.004792
"8762_3",0.023757
"6918_4",0.491517
"844_10",0.987338
"11503_8",0.525004
"7406_8",0.997631
"7743_1",0.126893
"514_3",0.002059
"10927_9",0.994989
"3731_7",0.998502
"8870_4",0.369941
"11099_10",0.992892
"8456_10",0.996024
"10944_7",0.936807
"7168_3",0.003504
"3378_10",0.930836
"8203_3",0.061537
"5676_1",0.001734
"5061_9",0.998168
"6238_8",0.991356
"1136_8",0.862236
"6234_3",0.004574
"9510_3",0.987055
"9632_7",0.750004
"4357_1",0.995523
"1176_9",0.997274
"10821_8",0.997997
"4143_4",0.173044
"5074_8",0.986980
"11673_1",0.001510
"11072_2",0.000849
"1816_4",0.945751
"3974_7",0.986917
"796_4",0.008172
"8540_2",0.016309
"10959_8",0.995850
"4576_10",0.992274
"7030_1",0.008429
"3340_10",0.997194
"3223_3",0.002153
"3030_1",0.168241
"4194_1",0.000848
"11322_1",0.005469
"1785_1",0.003573
"7109_2",0.001138
"4120_1",0.000804
"3024_7",0.995702
"589_2",0.001075
"2480_10",0.967132
"4878_1",0.001322
"571_1",0.002839
"12156_8",0.995583
"7547_9",0.990768
"6577_10",0.996701
"7101_3",0.123524
"1731_3",0.006302
"10424_1",0.005598
"9056_10",0.998283
"11959_3",0.005566
"6952_4",0.001092
"8709_10",0.912942
"4716_10",0.998211
"2393_10",0.997327
"4007_7",0.053949
"1196_2",0.020352
"8483_1",0.001582
"1840_3",0.011938
"6108_1",0.001803
"4621_8",0.991067
"11332_4",0.991389
"8800_10",0.982134
"886_7",0.997800
"6495_8",0.659546
"6193_10",0.995635
"10297_1",0.000918
"4233_1",0.001793
"3121_10",0.997264
"1681_10",0.996031
"5789_1",0.001495
"6446_10",0.990178
"479_9",0.996399
"6401_1",0.001775
"7602_1",0.002492
"10792_1",0.001399
"11436_9",0.993649
"6944_1",0.003210
"6275_9",0.610279
"7314_10",0.996931
"8887_9",0.995898
"1835_8",0.996078
"8403_7",0.993855
"2090_1",0.017210
"12310_1",0.006590
"9795_9",0.996564
"4260_1",0.000999
"3214_4",0.008994
"10974_8",0.993448
"3374_10",0.929120
"2251_2",0.001080
"2325_7",0.995435
"28_9",0.996420
"1758_2",0.004442
"1222_8",0.995198
"1229_4",0.003167
"9791_2",0.802478
"3433_4",0.037222
"10847_10",0.997274
"5020_2",0.000831
"9652_3",0.002027
"1739_10",0.992988
"10441_4",0.979842
"9002_7",0.963712
"4304_8",0.995291
"290_9",0.996663
"1339_8",0.988234
"10899_1",0.003403
"8723_8",0.995426
"12487_7",0.991636
"10384_7",0.085901
"4673_4",0.001257
"11679_1",0.003185
"3938_2",0.040351
"2253_10",0.997993
"198_7",0.994657
"3346_3",0.018370
"11543_3",0.001793
"8463_1",0.001024
"1297_2",0.000775
"4689_1",0.000815
"4681_1",0.001264
"961_8",0.997449
"9865_2",0.026181
"770_3",0.029817
"10495_2",0.004934
"6302_8",0.988981
"6232_4",0.003587
"10098_1",0.001942
"8905_2",0.000828
"8853_10",0.994563
"6081_10",0.997513
"12_4",0.014842
"1291_7",0.983754
"1679_1",0.006062
"996_7",0.331764
"3343_10",0.995217
"6083_10",0.998024
"98_9",0.618752
"962_4",0.002107
"4857_8",0.996278
"12394_7",0.194291
"1321_10",0.997695
"8994_10",0.997424
"7788_1",0.004682
"9708_8",0.987723
"9523_1",0.001118
"11785_4",0.007360
"5440_1",0.004332
"1091_7",0.995133
"11584_10",0.992975
"5369_3",0.120853
"3165_10",0.992961
"3686_10",0.997608
"7069_10",0.641380
"427_3",0.011530
"895_8",0.974043
"4565_8",0.835584
"5139_9",0.920576
"5027_1",0.017577
"503_9",0.993216
"7630_1",0.009652
"8552_1",0.001335
"4322_3",0.006388
"3492_3",0.603085
"5301_4",0.001330
"752_4",0.029507
"4307_2",0.000760
"4901_10",0.994112
"233_2",0.003524
"10789_8",0.998329
"270_8",0.997556
"11442_1",0.006376
"3688_7",0.989182
"9928_7",0.991652
"6563_8",0.992975
"3437_7",0.996213
"10495_8",0.997384
"8775_10",0.999227
"12172_3",0.000812
"10085_10",0.997834
"8394_9",0.889625
"2607_10",0.976869
"6645_10",0.992244
"301_10",0.995850
"2153_10",0.996343
"1967_3",0.007475
"9604_10",0.976824
"10665_10",0.995008
"5409_1",0.001094
"6707_10",0.996047
"3847_7",0.936227
"9261_10",0.996960
"3772_1",0.001226
"8950_1",0.002873
"6591_2",0.038107
"2765_9",0.910426
"4166_10",0.995123
"11418_3",0.002752
"7137_3",0.004094
"3710_2",0.003758
"1153_4",0.030272
"4155_8",0.992062
"9221_10",0.993795
"8917_10",0.996000
"6066_4",0.017594
"5366_10",0.996790
"2520_9",0.996307
"11677_2",0.001800
"4032_2",0.000968
"4041_2",0.001284
"474_4",0.001209
"6392_2",0.002355
"6545_10",0.996078
"5009_10",0.961893
"3060_10",0.995549
"11033_10",0.996385
"297_10",0.997013
"9099_1",0.000871
"10496_10",0.987472
"5619_3",0.004886
"4226_1",0.003802
"10483_8",0.997783
"1966_9",0.996271
"4024_2",0.000979
"6448_9",0.996809
"4252_1",0.004886
"250_10",0.997830
"10753_3",0.003722
"1005_7",0.493409
"4415_9",0.988188
"240_4",0.667141
"108_10",0.993069
"1393_1",0.172974
"4236_2",0.018177
"9208_2",0.083143
"7156_10",0.998493
"6490_1",0.004094
"3518_3",0.000888
"10308_1",0.000763
"8706_2",0.003241
"8674_10",0.992892
"8240_10",0.998066
"11890_10",0.996771
"976_3",0.017577
"5025_8",0.993996
"10206_8",0.994667
"11921_3",0.001218
"8344_7",0.772531
"295_8",0.250271
"2121_1",0.028141
"6978_8",0.995549
"707_3",0.010121
"751_1",0.000815
"1931_10",0.998386
"7197_10",0.995793
"11032_3",0.003016
"416_10",0.960100
"1384_2",0.014672
"4114_2",0.002364
"9450_10",0.997389
"6877_7",0.973745
"5092_9",0.996821
"3402_9",0.872890
"9517_10",0.997449
"8566_2",0.004530
"4493_1",0.000888
"842_1",0.024099
"4926_1",0.169440
"3398_9",0.995801
"8857_10",0.990624
"3696_9",0.993448
"1952_1",0.003545
"5516_3",0.001218
"3297_10",0.993879
"8396_2",0.002611
"1928_4",0.001803
"7216_10",0.996948
"1648_3",0.001824
"9312_8",0.987568
"4392_2",0.006463
"4740_9",0.977500
"2985_4",0.001223
"6407_10",0.975225
"4015_1",0.016964
"911_10",0.994214
"7898_1",0.000849
"5241_10",0.995123
"4955_4",0.132515
"4199_1",0.001218
"8319_4",0.978135
"6340_1",0.003545
"2003_1",0.000931
"11213_3",0.248945
"5109_4",0.001573
"9400_1",0.017226
"10719_7",0.996378
"6848_8",0.996517
"11398_1",0.002975
"2606_7",0.591871
"5646_1",0.004281
"4103_10",0.258069
"8906_9",0.994259
"6997_10",0.996399
"9990_1",0.003580
"6573_1",0.001034
"8530_10",0.983231
"8382_9",0.997105
"4207_2",0.536738
"8794_10",0.998058
"917_9",0.997296
"10739_9",0.999025
"4286_1",0.001558
"1763_1",0.001655
"5173_10",0.995583
"1764_1",0.002087
"3614_3",0.054299
"3880_10",0.995566
"4059_1",0.002895
"8786_8",0.977543
"9553_2",0.011801
"10599_8",0.752126
"1048_4",0.098339
"8136_7",0.569793
"8715_8",0.994054
"7667_7",0.927034
"5647_2",0.001156
"6267_1",0.000880
"12444_10",0.994900
"7390_10",0.997280
"7260_7",0.994467
"6170_10",0.998680
"2181_2",0.001927
"6196_7",0.997713
"12058_9",0.758578
"8915_7",0.918736
"6816_10",0.998143
"730_9",0.998172
"5808_10",0.997301
"6256_2",0.000785
"5157_4",0.033274
"7970_10",0.994112
"6991_7",0.996701
"7112_4",0.211132
"12136_4",0.197097
"1554_8",0.997258
"8289_4",0.118080
"12452_8",0.950824
"6181_8",0.991571
"6237_8",0.996682
"9724_10",0.995793
"7991_1",0.000830
"8185_4",0.018924
"12162_1",0.001277
"8330_9",0.995056
"84_3",0.000999
"4879_4",0.011288
"1173_7",0.944893
"11095_2",0.001980
"9934_8",0.995142
"10791_9",0.997570
"5260_10",0.996510
"3123_3",0.010298
"7500_1",0.007360
"9472_8",0.995189
"6349_9",0.997150
"8706_8",0.965218
"12385_4",0.386821
"12409_4",0.014771
"809_10",0.996888
"11380_2",0.008252
"4975_8",0.997065
"5069_3",0.017560
"8132_7",0.998319
"5628_10",0.997306
"12329_8",0.957991
"8217_3",0.004365
"251_2",0.324572
"2901_7",0.992229
"4588_1",0.001832
"2647_10",0.995444
"6020_9",0.997479
"7171_3",0.007563
"5880_10",0.997389
"4842_9",0.998711
"10657_10",0.997650
"11858_7",0.996852
"4656_4",0.043978
"9293_10",0.996858
"10702_10",0.997099
"6277_10",0.981945
"7223_10",0.893820
"11150_8",0.990892
"4768_9",0.993123
"5703_8",0.997188
"9249_9",0.997985
"12051_10",0.997161
"5740_4",0.011051
"4882_3",0.243845
"11575_10",0.990962
"385_1",0.001116
"1569_3",0.003235
"7449_1",0.001744
"1977_4",0.012723
"6134_7",0.994303
"2384_8",0.997133
"2437_10",0.978733
"643_7",0.979551
"7334_10",0.997997
"12228_9",0.991907
"8579_2",0.001546
"4093_4",0.000911
"233_8",0.994780
"11852_7",0.995318
"11027_4",0.102305
"5409_7",0.991505
"9332_10",0.994445
"6530_9",0.991796
"7815_1",0.000760
"8317_10",0.997713
"5382_9",0.997645
"3183_3",0.174375
"4997_8",0.992947
"11553_7",0.997031
"718_3",0.003953
"7128_9",0.989337
"11977_1",0.000953
"10820_3",0.003099
"3539_9",0.996016
"2386_1",0.000680
"9837_4",0.790894
"2941_1",0.001282
"6669_1",0.003063
"10927_1",0.001006
"57_10",0.998685
"12252_2",0.020984
"8926_3",0.010818
"3044_2",0.002141
"9758_10",0.997409
"4584_10",0.996286
"1467_1",0.005512
"7846_9",0.995702
"1982_8",0.988906
"5705_1",0.001044
"9754_7",0.995095
"9594_1",0.000761
"7405_10",0.997813
"8469_2",0.573469
"3713_10",0.998576
"3381_10",0.995583
"1913_10",0.954052
"9423_8",0.994077
"115_9",0.958109
"9784_10",0.990159
"1148_4",0.006904
"2911_10",0.996669
"11328_9",0.997242
"5087_1",0.004953
"3983_10",0.522385
"5216_1",0.002823
"7961_10",0.997025
"10134_7",0.975901
"9379_2",0.002116
"4715_1",0.000735
"6501_10",0.997493
"4146_4",0.090053
"12159_1",0.002047
"11661_10",0.990768
"7995_2",0.031859
"693_9",0.997031
"1411_10",0.997194
"7091_7",0.994247
"2576_1",0.001561
"8207_1",0.001114
"10877_10",0.990892
"5444_10",0.996307
"9409_1",0.002011
"10020_1",0.003892
"2349_8",0.962848
"4942_10",0.997002
"2839_1",0.001868
"9419_1",0.000871
"10661_1",0.031859
"5659_10",0.995558
"639_7",0.995694
"5946_7",0.878001
"7231_7",0.997617
"4220_4",0.218044
"3698_4",0.329725
"1060_2",0.003657
"2398_3",0.001942
"11073_3",0.001466
"8336_2",0.001084
"5975_3",0.028490
"4727_1",0.013020
"1596_8",0.994850
"5471_2",0.002035
"11204_10",0.994636
"8810_10",0.993855
"11125_3",0.002929
"9607_10",0.995170
"6517_3",0.004820
"10232_1",0.000899
"7708_10",0.993891
"1753_1",0.005697
"10946_7",0.832168
"668_4",0.037222
"3794_4",0.998214
"6867_1",0.019852
"9428_7",0.988820
"12366_9",0.997019
"12056_9",0.993123
"901_1",0.000880
"7714_8",0.993202
"6389_8",0.732855
"4148_7",0.992047
"5062_1",0.005533
"6835_1",0.010653
"2901_3",0.002747
"4724_10",0.995727
"764_2",0.004811
"6729_1",0.000741
"8284_4",0.190573
"11928_1",0.002256
"386_1",0.000880
"35_9",0.997332
"4458_4",0.011869
"9627_2",0.002710
"8112_9",0.996257
"6026_8",0.993985
"12188_3",0.054099
"3477_3",0.614683
"12242_8",0.945197
"11594_4",0.548492
"11360_10",0.995668
"10299_1",0.000836
"3829_10",0.994940
"8324_2",0.002234
"1285_9",0.996350
"11370_10",0.998077
"8051_4",0.737111
"4420_10",0.997122
"3843_7",0.995702
"10520_2",0.002694
"12146_8",0.993961
"1502_10",0.991922
"6227_4",0.001996
"3191_10",0.959687
"4569_2",0.002103
"7647_8",0.991828
"6372_9",0.994247
"2105_2",0.001391
"4180_1",0.000748
"11212_10",0.997242
"1811_9",0.994688
"2868_3",0.001120
"3773_3",0.001573
"8386_1",0.001678
"1072_8",0.976197
"10588_1",0.015410
"8858_1",0.001223
"10831_1",0.041657
"11926_8",0.996840
"11521_10",0.997127
"4037_10",0.997627
"5119_7",0.988165
"11438_9",0.997989
"8275_2",0.002694
"4879_8",0.995583
"4520_10",0.998051
"2510_7",0.991954
"510_2",0.003229
"1283_1",0.001094
"3733_8",0.994979
"7708_1",0.005642
"12219_1",0.007389
"11654_4",0.028008
"3229_7",0.918444
"3579_8",0.996597
"1534_4",0.011721
"7498_10",0.996489
"11392_10",0.989870
"2949_1",0.007275
"407_7",0.992467
"12388_3",0.001522
"7779_3",0.001875
"12409_10",0.995914
"199_8",0.993710
"9330_1",0.005741
"6196_2",0.768386
"1576_2",0.008644
"12123_4",0.026861
"871_1",0.000955
"867_9",0.974701
"12186_1",0.002969
"11357_1",0.000897
"9327_4",0.001540
"3092_8",0.991716
"6097_1",0.069007
"4170_4",0.005110
"3724_3",0.259685
"4219_1",0.114072
"12233_10",0.992767
"12050_9",0.924244
"124_10",0.992093
"9521_9",0.995601
"7991_10",0.996249
"12284_1",0.002768
"8452_10",0.997048
"986_3",0.013716
"8504_8",0.994225
"9427_7",0.990235
"2359_3",0.001458
"7026_10",0.996557
"8726_8",0.986151
"4971_1",0.003331
"2990_1",0.002191
"5285_2",0.010091
"9953_10",0.944944
"2170_8",0.994719
"10963_8",0.987604
"9176_8",0.993461
"9639_7",0.995363
"1781_1",0.001857
"1293_10",0.996790
"10225_10",0.998103
"3821_1",0.004583
"1206_10",0.997188
"5513_1",0.009152
"12475_2",0.012444
"11508_9",0.993549
"6358_4",0.719544
"9646_1",0.000892
"7957_9",0.997796
"5183_9",0.992711
"8322_10",0.982658
"4171_1",0.653141
"6498_2",0.005312
"11893_1",0.091951
"8209_10",0.997631
"4866_3",0.001016
"1077_3",0.002689
"10916_7",0.877161
"6027_4",0.019606
"9308_7",0.996420
"7130_1",0.000869
"3326_4",0.010082
"6680_3",0.070816
"1707_8",0.584004
"5106_1",0.004078
"1408_10",0.997274
"6773_8",0.997909
"940_3",0.061593
"10890_10",0.996024
"3678_10",0.997945
"6871_9",0.992583
"10196_8",0.995826
"12369_1",0.000770
"4070_10",0.997389
"11755_7",0.994008
"9095_3",0.005281
"10863_1",0.000760
"7109_7",0.993410
"1844_3",0.000778
"8228_2",0.001824
"9631_4",0.002243
"3920_4",0.728845
"19_1",0.004340
"3929_2",0.004062
"1506_2",0.004664
"6877_3",0.204342
"12154_7",0.991571
"6572_3",0.002149
"1557_2",0.001464
"11836_7",0.969208
"9380_9",0.920896
"11725_4",0.004963
"6317_9",0.995479
"5022_1",0.031144
"132_1",0.000787
"9303_8",0.843959
"4739_10",0.962568
"11228_10",0.998445
"7913_1",0.219463
"1304_3",0.006798
"2725_10",0.998032
"8484_2",0.001507
"1866_9",0.997726
"12446_9",0.994860
"11406_1",0.001364
"7056_4",0.133190
"8615_10",0.997343
"12284_10",0.992139
"3279_9",0.997399
"9243_1",0.002981
"11_8",0.952353
"427_10",0.996062
"5446_7",0.991406
"846_7",0.109135
"2545_4",0.113138
"8635_10",0.997389
"4410_8",0.997290
"875_10",0.996888
"392_2",0.000890
"8819_3",0.001531
"12202_1",0.002497
"1370_4",0.269326
"340_2",0.004417
"179_1",0.001238
"11332_8",0.995768
"10396_4",0.009985
"8321_1",0.003075
"6384_3",0.002492
"5951_9",0.995282
"8137_1",0.004565
"12009_10",0.995018
"2103_8",0.995453
"11153_2",0.003118
"4945_10",0.982641
"3193_3",0.003573
"921_9",0.996937
"10446_10",0.992169
"9961_9",0.997813
"11420_4",0.099383
"6954_2",0.001136
"8430_2",0.105073
"6749_3",0.014406
"5997_7",0.736330
"7611_7",0.929087
"6292_8",0.997859
"11314_1",0.001069
"5143_2",0.019625
"9517_2",0.000893
"8259_2",0.001684
"5114_8",0.997753
"3574_9",0.996925
"11464_3",0.053651
"11457_10",0.997389
"2496_3",0.415047
"6795_1",0.004248
"1904_2",0.003403
"11524_2",0.000760
"8223_1",0.015754
"5566_3",0.001030
"3550_7",0.956309
"6059_10",0.992525
"4580_10",0.984246
"177_1",0.004382
"8790_8",0.957158
"7784_1",0.000770
"11892_1",0.015174
"6235_10",0.959988
"6493_4",0.013822
"764_8",0.998622
"4052_7",0.072112
"1663_1",0.000985
"10437_1",0.008478
"1009_3",0.021226
"11664_4",0.005888
"8909_10",0.995801
"9200_3",0.995793
"7919_9",0.997518
"8603_1",0.002265
"6976_2",0.886519
"4261_1",0.001968
"6636_1",0.001405
"10707_9",0.996846
"1155_7",0.997513
"7050_4",0.058669
"1360_3",0.001821
"8176_7",0.994708
"3301_8",0.921287
"6684_3",0.005406
"2742_3",0.004382
"7159_4",0.006086
"8944_3",0.013862
"2077_4",0.005021
"7145_10",0.995626
"6216_7",0.987652
"8606_9",0.994979
"10608_10",0.993649
"8441_4",0.019419
"1782_8",0.995444
"10939_8",0.992077
"2702_7",0.996771
"9210_1",0.001207
"9075_8",0.998070
"3412_3",0.002120
"2859_8",0.995685
"6326_4",0.254903
"94_2",0.001727
"3691_10",0.995151
"2679_9",0.994169
"1568_4",0.001416
"3540_9",0.995488
"3710_10",0.997551
"5691_1",0.000734
"9699_10",0.992481
"9207_4",0.003235
"286_1",0.017611
"10891_1",0.000861
"6177_8",0.996846
"9817_2",0.001904
"8871_9",0.990533
"290_1",0.000902
"8388_9",0.993042
"9195_7",0.997864
"1164_9",0.998186
"2332_8",0.971966
"5406_7",0.994303
"2476_3",0.002616
"11381_3",0.049451
"6518_10",0.994949
"3474_1",0.010777
"603_8",0.996630
"5448_4",0.007808
"3624_8",0.994203
"11569_1",0.004031
"9353_8",0.995768
"3119_2",0.007219
"382_4",0.011180
"8569_8",0.956227
"2312_10",0.996108
"7531_1",0.001116
"7150_4",0.011158
"5496_8",0.997695
"1979_1",0.005730
"4158_2",0.005292
"4790_7",0.695015
"11971_1",0.000913
"197_10",0.996047
"3453_8",0.979315
"915_4",0.031173
"6991_2",0.071364
"7524_9",0.994969
"7474_4",0.175291
"284_2",0.004031
"12483_7",0.963300
"1141_10",0.994729
"7739_1",0.005302
"6488_3",0.013338
"3117_1",0.020646
"6224_8",0.961678
"9737_4",0.059784
"2399_10",0.998136
"1044_8",0.996078
"1153_8",0.996161
"11664_9",0.997731
"10015_4",0.236186
"7622_1",0.006241
"8743_10",0.996663
"356_3",0.021906
"838_7",0.731658
"4922_10",0.988073
"3623_10",0.994180
"9424_1",0.001020
"8473_4",0.449634
"9996_10",0.998522
"11242_2",0.986085
"11889_10",0.995444
"11131_10",0.997817
"386_10",0.994123
"6534_8",0.997613
"11420_7",0.359687
"3119_9",0.996937
"2708_2",0.002043
"2817_10",0.924108
"9425_7",0.997897
"11019_2",0.026632
"1747_1",0.509764
"4493_9",0.995549
"4728_1",0.091301
"6856_2",0.001174
"10273_1",0.011508
"4822_8",0.990385
"10475_10",0.994423
"2678_3",0.016593
"9979_8",0.998405
"8090_1",0.003331
"10022_4",0.014986
"5137_1",0.003063
"6787_10",0.997042
"4027_9",0.997459
"208_10",0.997969
"569_7",0.989791
"761_10",0.997434
"2603_9",0.419678
"11692_9",0.992809
"4374_2",0.002458
"5581_10",0.996434
"10601_1",0.137706
"637_3",0.008380
"10238_2",0.038466
"6717_1",0.000869
"9145_10",0.984351
"1047_4",0.132178
"6173_1",0.000869
"985_10",0.996198
"4964_1",0.001048
"7104_1",0.000734
"6293_3",0.159545
"9060_3",0.010368
"1894_4",0.029958
"4650_10",0.995354
"12475_8",0.993255
"7563_9",0.996948
"10996_9",0.997210
"8315_4",0.045692
"710_3",0.051463
"3856_7",0.995818
"10613_8",0.975083
"12141_9",0.989275
"4666_1",0.000834
"292_3",0.006278
"3316_7",0.965771
"10482_4",0.044431
"9703_1",0.006463
"6905_9",0.998819
"9138_10",0.993487
"10417_2",0.157460
"7977_1",0.001107
"9350_8",0.993423
"4514_10",0.997575
"3964_4",0.828280
"6014_4",0.187914
"10198_2",0.001671
"9059_1",0.001154
"11254_10",0.991571
"2032_7",0.996205
"6895_7",0.560373
"6921_2",0.017644
"9174_8",0.997617
"367_8",0.990083
"11410_7",0.063978
"9387_7",0.925533
"2227_10",0.994940
"334_2",0.002463
"334_9",0.997002
"10893_8",0.996895
"9414_10",0.990496
"9725_1",0.000846
"10779_9",0.996434
"8654_8",0.989732
"9032_7",0.994949
"9775_4",0.208219
"7687_1",0.010694
"12206_4",0.004062
"7720_8",0.997731
"6774_9",0.993759
"12469_1",0.000995
"7249_2",0.012883
"5146_3",0.036357
"8629_7",0.830731
"5292_3",0.739634
"8937_7",0.996882
"9221_4",0.206454
"3203_8",0.996978
"6964_2",0.262700
"6120_8",0.993902
"6962_9",0.989254
"4139_1",0.001071
"3957_4",0.001582
"9305_3",0.708326
"6863_1",0.058346
"2164_4",0.385230
"12378_7",0.003267
"10834_10",0.992892
"633_10",0.995618
"10071_8",0.987664
"8167_1",0.000904
"4232_9",0.995426
"6710_8",0.991860
"6055_1",0.014476
"8169_8",0.996796
"10291_9",0.997177
"8149_10",0.996257
"2499_10",0.989389
"4370_2",0.001179
"4031_1",0.000880
"11372_3",0.028436
"9619_1",0.146148
"8822_4",0.200753
"7096_10",0.998433
"7009_10",0.995710
"2442_10",0.997348
"442_10",0.996919
"4783_1",0.001678
"11837_9",0.940790
"5214_8",0.949576
"134_8",0.993512
"10948_1",0.003862
"3011_7",0.997796
"4339_4",0.923523
"9638_3",0.028898
"7186_7",0.996257
"7702_2",0.004877
"6586_8",0.997199
"2420_8",0.996198
"1911_8",0.846451
"4707_4",0.070176
"3954_10",0.985143
"12071_3",0.038756
"10010_9",0.998299
"8844_2",0.012625
"12312_1",0.000775
"4874_1",0.002453
"7270_7",0.989140
"3497_1",0.000886
"9928_3",0.404890
"11109_1",0.002079
"9016_8",0.992568
"1125_10",0.995180
"9695_8",0.938969
"5756_9",0.566019
"11452_2",0.006074
"8488_4",0.004530
"9825_2",0.009680
"7054_7",0.947769
"4359_10",0.994509
"11411_8",0.887009
"9618_8",0.990073
"12226_4",0.084909
"7752_10",0.996597
"9274_3",0.937840
"12069_10",0.996343
"4591_2",0.001598
"6065_8",0.992525
"2344_10",0.992781
"10299_10",0.998161
"8934_9",0.996790
"5041_8",0.996925
"3885_7",0.901401
"3994_8",0.995635
"11907_9",0.996752
"10181_10",0.995866
"2714_9",0.992865
"1571_8",0.995890
"6621_4",0.024727
"1062_2",0.008260
"379_10",0.995938
"62_8",0.988981
"1926_8",0.994910
"3428_7",0.996278
"2175_8",0.997985
"2006_10",0.995444
"8633_7",0.840881
"12158_2",0.001020
"11572_8",0.998070
"8859_10",0.998286
"10919_2",0.001405
"4131_3",0.144994
"6893_1",0.020004
"9217_1",0.000779
"1893_2",0.008268
"1719_2",0.006426
"5107_4",0.005512
"2284_3",0.003081
"1430_10",0.995777
"5207_10",0.988831
"2800_8",0.996617
"7550_1",0.000979
"9035_9",0.993320
"11548_10",0.997659
"6037_4",0.159708
"518_4",0.370809
"12237_2",0.000861
"10266_7",0.952486
"12032_1",0.000755
"2494_4",0.001262
"8062_3",0.040655
"4665_1",0.002208
"6082_8",0.996392
"7225_4",0.044473
"9080_1",0.092074
"9606_4",0.020567
"494_2",0.002531
"6274_10",0.987448
"4170_9",0.974215
"9218_10",0.949669
"10377_8",0.961135
"10597_10",0.993759
"958_4",0.003594
"9958_4",0.175397
"129_9",0.997161
"2804_9",0.995710
"8935_1",0.004007
"12229_3",0.001930
"5048_4",0.001738
"6509_4",0.004399
"1812_8",0.987005
"5695_1",0.022286
"2021_10",0.997110
"9892_2",0.000979
"9239_10",0.980949
"5398_2",0.001413
"4458_7",0.990348
"11730_8",0.997484
"9853_1",0.000744
"2258_10",0.997527
"9345_10",0.997280
"64_3",0.078961
"10423_9",0.997025
"2220_9",0.967318
"192_10",0.997796
"12143_9",0.995085
"2113_7",0.995850
"5294_10",0.997965
"7025_9",0.998393
"6300_3",0.034197
"8043_2",0.004839
"6628_1",0.030100
"12138_3",0.111773
"1333_7",0.334106
"10515_3",0.001026
"11949_9",0.996708
"2854_1",0.000989
"142_8",0.998536
"3706_1",0.001386
"6149_10",0.992683
"8429_3",0.005741
"6151_10",0.992349
"4861_8",0.988949
"8764_9",0.988188
"540_1",0.019197
"10693_1",0.005653
"2346_4",0.098555
"1532_4",0.039602
"1099_2",0.003736
"3818_10",0.909023
"2617_10",0.990478
"1709_1",0.001573
"4649_10",0.996078
"4085_10",0.996771
"4478_9",0.997071
"1032_10",0.996039
"3642_7",0.123471
"5656_8",0.995272
"11916_3",0.004521
"6672_10",0.992123
"4225_7",0.837819
"996_3",0.017078
"7421_10",0.993891
"9431_7",0.653625
"11121_9",0.997993
"5054_8",0.994959
"9187_8",0.995263
"9096_7",0.989652
"10318_8",0.989830
"5348_2",0.002801
"6666_8",0.998242
"6648_9",0.989368
"1405_10",0.995969
"8981_4",0.985384
"10248_9",0.998565
"4101_8",0.996108
"3076_4",0.036873
"1598_1",0.004408
"8430_10",0.996131
"9999_1",0.029817
"805_1",0.001120
"7821_7",0.470372
"10849_10",0.998508
"8400_7",0.705278
"4807_4",0.024076
"8353_4",0.037786
"10445_10",0.987129
"7058_2",0.123736
"9715_2",0.005923
"10934_3",0.001481
"8215_10",0.991985
"7268_10",0.994880
"5521_8",0.989761
"8565_1",0.001264
"8197_3",0.001167
"12004_9",0.992892
"10257_3",0.036908
"6260_2",0.001136
"10481_9",0.998335
"7598_2",0.001176
"8106_10",0.994509
"8049_3",0.004682
"7124_2",0.004199
"3858_1",0.001681
"1445_9",0.899298
"6346_1",0.003154
"678_7",0.985510
"10247_1",0.013058
"1287_8",0.997757
"11873_1",0.001741
"7198_1",0.003566
"3237_7",0.916596
"2029_8",0.994605
"26_10",0.997449
"9153_1",0.010520
"12004_2",0.054500
"4105_10",0.996733
"1168_10",0.996420
"5312_4",0.021512
"2907_1",0.004619
"7247_9",0.974386
"107_10",0.997110
"412_2",0.058453
"2078_4",0.952662
"7997_9",0.598459
"12397_10",0.996919
"10052_7",0.996496
"6559_7",0.988403
"12143_4",0.131619
"3496_7",0.788135
"3569_10",0.957198
"9270_10",0.985510
"2811_3",0.010673
"9673_7",0.046335
"325_1",0.009917
"11741_3",0.001796
"10562_7",0.959039
"5687_9",0.992725
"4601_4",0.006577
"5698_8",0.811527
"11257_4",0.006904
"4391_1",0.000902
"4703_10",0.996714
"12191_3",0.001247
"113_8",0.994573
"9831_1",0.001267
"7388_7",0.994281
"1661_10",0.996108
"3703_2",0.003862
"6077_2",0.013159
"935_4",0.062732
"7617_7",0.997993
"7387_3",0.004574
"7889_7",0.631438
"803_3",0.000838
"9557_9",0.996623
"4299_10",0.989712
"6785_3",0.095055
"5185_7",0.996307
"9590_1",0.642012
"10811_9",0.995435
"34_1",0.001701
"12221_2",0.008070
"6436_10",0.997551
"8299_2",0.004348
"7242_9",0.997071
"3247_10",0.977778
"8466_3",0.015351
"5784_9",0.981507
"794_7",0.994780
"4986_3",0.008156
"7786_7",0.993807
"9324_10",0.992654
"2095_9",0.998695
"10798_1",0.022934
"4193_1",0.002958
"12063_10",0.996752
"3976_7",0.993242
"8657_1",0.005480
"2850_4",0.326249
"4522_7",0.996024
"6028_1",0.196286
"6000_4",0.005992
"8712_1",0.003267
"3969_8",0.995318
"4245_4",0.113138
"3873_7",0.996406
"68_9",0.996146
"890_9",0.995056
"5922_1",0.001287
"2582_2",0.005230
"5704_4",0.004764
"9307_8",0.985014
"4114_8",0.992274
"5540_7",0.992795
"157_10",0.996357
"748_1",0.010062
"7045_1",0.002378
"9526_3",0.008520
"6519_2",0.002087
"11254_4",0.015998
"9498_1",0.002191
"7192_8",0.991049
"2388_1",0.006339
"12002_8",0.884987
"8394_1",0.000911
"10656_8",0.996343
"7261_9",0.994380
"10434_8",0.992947
"139_9",0.434461
"4538_1",0.001721
"4038_2",0.000770
"12228_4",0.070368
"3619_8",0.962321
"10411_3",0.019033
"7278_1",0.000789
"2304_3",0.002704
"5636_3",0.021636
"8833_9",0.996476
"504_1",0.031499
"12313_1",0.000736
"11161_1",0.005786
"72_4",0.009073
"4976_1",0.013650
"10018_8",0.995866
"12142_8",0.981893
"4821_8",0.921711
"9058_2",0.003601
"6347_1",0.000844
"3346_8",0.961171
"1481_10",0.989870
"10178_1",0.000962
"2851_8",0.993879
"12095_3",0.001179
"11978_3",0.238528
"7172_9",0.994626
"8450_1",0.000767
"7464_1",0.033431
"12327_1",0.202364
"5622_4",0.006327
"9170_3",0.008470
"10955_10",0.107813
"6161_2",0.035112
"11222_10",0.997409
"3844_7",0.989821
"11443_3",0.003470
"4004_7",0.929536
"11015_10",0.991538
"3860_1",0.001481
"11600_2",0.025203
"6849_8",0.992393
"1966_1",0.004348
"4828_8",0.884688
"675_8",0.966379
"9068_7",0.912787
"5924_8",0.998472
"10733_10",0.993562
"8369_7",0.986111
"5213_4",0.037152
"2558_4",0.012576
"47_10",0.997909
"2601_10",0.237598
"7360_9",0.994890
"1289_1",0.001744
"9875_4",0.051035
"2449_1",0.012100
"10020_8",0.994008
"6761_3",0.932423
"7544_10",0.997099
"4380_3",0.008594
"3946_10",0.990235
"6968_10",0.875574
"3006_2",0.012945
"11942_1",0.001211
"2715_9",0.998436
"6065_4",0.936168
"6866_1",0.003377
"6620_10",0.998252
"3177_1",0.001112
"4051_10",0.778565
"880_3",0.001824
"6504_1",0.002834
"12193_3",0.001965
"8570_3",0.001142
"8025_1",0.000951
"12316_1",0.001287
"10842_10",0.998024
"2066_10",0.996300
"4416_10",0.995752
"5327_1",0.000979
"3500_1",0.000957
"4072_7",0.997726
"5833_7",0.965996
"2989_8",0.991812
"1905_8",0.975296
"5421_1",0.001151
"1479_8",0.985869
"5092_1",0.001455
"4840_1",0.006086
"54_10",0.998081
"9203_9",0.983518
"3949_2",0.000799
"3615_1",0.000848
"8748_10",0.993710
"108_2",0.003010
"2280_4",0.425038
"6454_3",0.039490
"4071_1",0.000925
"2022_9",0.971966
"2600_1",0.001099
"2482_10",0.995066
"7347_9",0.998688
"7190_4",0.015484
"7174_7",0.473170
"5823_3",0.016309
"8051_10",0.849971
"7503_2",0.001768
"2341_1",0.025371
"516_9",0.993499
"8309_4",0.031679
"10789_4",0.226955
"11286_1",0.000915
"4770_1",0.001059
"7262_4",0.606295
"11636_9",0.942771
"2340_1",0.004256
"3407_3",0.001620
"2922_9",0.995566
"9708_2",0.008711
"2362_3",0.002632
"3729_8",0.997122
"2265_9",0.995985
"1439_1",0.000779
"8020_2",0.002817
"5581_2",0.170784
"6503_1",0.002663
"10101_9",0.994636
"7853_8",0.994749
"6229_1",0.000815
"1351_7",0.697248
"2764_10",0.994456
"4617_10",0.994605
"1265_2",0.004062
"11424_4",0.021410
"219_8",0.932852
"2241_10",0.996784
"8400_2",0.001724
"4399_1",0.000869
"9110_4",0.488893
"294_1",0.002576
"4646_4",0.014658
"8267_3",0.010560
"8829_4",0.826607
"3174_7",0.997901
"6557_4",0.004886
"8286_4",0.491578
"2611_8",0.989602
"3422_4",0.223292
"4632_4",0.075892
"6448_4",0.002964
"11485_3",0.026912
"8526_7",0.519399
"10172_9",0.989722
"5043_2",0.006169
"7865_1",0.003318
"6343_8",0.997301
"9225_9",0.997561
"2764_4",0.002907
"8446_10",0.863046
"3329_9",0.995882
"9142_8",0.997232
"9567_1",0.001044
"7933_8",0.987841
"5655_10",0.987203
"12076_10",0.998312
"6455_7",0.995922
"7202_10",0.993985
"7747_10",0.998901
"9072_10",0.995523
"11374_10",0.998047
"3032_9",0.990732
"3065_10",0.996597
"1216_10",0.996846
"732_8",0.980487
"7586_4",0.002668
"12012_10",0.994214
"5280_4",0.006253
"2687_4",0.015189
"7659_3",0.000890
"2813_4",0.219296
"6992_9",0.989440
"5468_10",0.998273
"10035_1",0.000931
"10283_10",0.992319
"5439_8",0.993255
"8930_2",0.004070
"8681_7",0.959988
"8521_1",0.001016
"4213_1",0.027533
"9751_1",0.001006
"935_10",0.997363
"5082_1",0.001259
"1802_1",0.002516
"11455_10",0.994880
"1794_9",0.990874
"3708_10",0.996972
"6174_8",0.989889
"2210_8",0.994800
"6259_7",0.822403
"12471_8",0.993926
"3260_10",0.995558
"4717_1",0.007360
"8673_2",0.000916
"6362_3",0.042325
"7986_1",0.000831
"10555_3",0.001704
"10468_2",0.003930
"5354_10",0.995291
"5760_2",0.001810
"1380_2",0.003279
"12054_9",0.993136
"3794_10",0.994930
"7842_1",0.002581
"2236_7",0.994054
"8449_1",0.000856
"9993_2",0.001351
"6947_1",0.000880
"11369_10",0.976558
"8186_4",0.005786
"7017_2",0.746670
"725_8",0.996455
"9298_8",0.993807
"1695_7",0.994325
"7762_1",0.012312
"3466_10",0.995643
"1794_4",0.002867
"3804_10",0.992123
"7642_3",0.003622
"9538_10",0.279730
"10107_2",0.001322
"4755_8",0.992823
"9679_1",0.000853
"11300_1",0.000968
"8747_3",0.018924
"4145_1",0.001338
"8066_7",0.163579
"6306_10",0.997603
"6021_10",0.995381
"4860_10",0.997713
"4608_2",0.002015
"2380_1",0.013902
"9709_8",0.998012
"8057_4",0.789883
"8624_1",0.001255
"6117_10",0.989045
"3641_9",0.995453
"8710_3",0.049635
"9158_10",0.996943
"1129_2",0.001026
"8320_4",0.004374
"10219_4",0.180829
"6625_1",0.001333
"1988_1",0.013223
"5032_1",0.002149
"1042_7",0.075551
"1895_4",0.011542
"10057_1",0.002526
"9898_10",0.998081
"3809_2",0.002003
"7994_2",0.020666
"2751_4",0.010987
"3102_1",0.001167
"12393_7",0.824038
"4521_7",0.743168
"11169_8",0.993255
"7227_4",0.992393
"4956_9",0.152600
"7592_9",0.975367
"656_7",0.990910
"11534_3",0.001235
"774_8",0.998364
"7756_1",0.000722
"2720_8",0.996650
"11227_10",0.996972
"10462_3",0.032498
"4041_10",0.996153
"7327_1",0.003566
"4056_8",0.997722
"11684_10",0.996623
"5544_8",0.998062
"3799_8",0.995300
"3593_10",0.997672
"4602_4",0.058025
"2123_2",0.001269
"9773_10",0.997779
"10956_4",0.719408
"5139_3",0.006577
"8804_10",0.994336
"1784_2",0.026683
"11022_1",0.001174
"9366_1",0.001688
"12113_7",0.987314
"2375_7",0.290377
"3911_10",0.997748
"10834_2",0.010043
"9319_1",0.001233
"3923_3",0.617585
"4630_10",0.997379
"2625_10",0.994708
"10159_7",0.993083
"2339_1",0.005969
"8577_3",0.002430
"4062_7",0.994402
"6677_2",0.000782
"7818_8",0.992725
"4939_2",0.005675
"6937_4",0.275714
"1286_1",0.003136
"878_2",0.004174
"2357_7",0.933309
"3397_3",0.894881
"11214_10",0.962918
"8045_1",0.007108
"2943_1",0.001235
"1518_10",0.995226
"2792_9",0.996420
"6437_7",0.140572
"8734_7",0.994646
"6165_2",0.003915
"11956_2",0.001250
"7021_1",0.013210
"3369_1",0.213623
"5829_2",0.006351
"11742_9",0.996213
"11370_1",0.002296
"1502_1",0.069479
"9933_1",0.000951
"4619_10",0.996846
"6842_1",0.010249
"2770_10",0.994615
"2343_4",0.004223
"3071_8",0.997864
"3046_8",0.996047
"8354_4",0.024377
"5632_10",0.997809
"3901_4",0.035112
"6950_10",0.996590
"2431_9",0.992319
"10614_9",0.997941
"41_4",0.014885
"5039_3",0.236428
"2827_1",0.002683
"2860_8",0.991356
"6868_9",0.995777
"4597_3",0.030821
"8795_10",0.990514
"11941_7",0.982955
"12442_1",0.001073
"9736_7",0.996078
"1102_9",0.989275
"4291_7",0.996752
"4523_1",0.000922
"5349_1",0.015015
"3363_7",0.942665
"11393_3",0.372805
"1647_1",0.001731
"6143_4",0.016915
"1863_1",0.001078
"10099_9",0.995532
"4163_8",0.991439
"9357_8",0.996146
"10941_10",0.995114
"6883_10",0.997290
"11090_4",0.319367
"3480_1",0.402040
"10795_1",0.905155
"5865_1",0.004628
"2484_8",0.996827
"3023_4",0.008544
"2818_2",0.003235
"719_7",0.211824
"5297_4",0.010673
"12194_10",0.995609
"2929_8",0.995583
"7911_2",0.000784
"10619_9",0.996864
"5192_9",0.997681
"2170_1",0.007303
"4659_10",0.962321
"8536_7",0.817429
"11119_1",0.001793
"7887_3",0.177454
"11742_1",0.014077
"5867_7",0.991954
"7538_7",0.906031
"1834_9",0.997659
"6499_8",0.155816
"2073_10",0.971886
"3881_10",0.996343
"802_7",0.991860
"1733_1",0.001061
"11527_1",0.015529
"4316_2",0.002415
"9812_1",0.040163
"8911_10",0.801936
"7687_10",0.995208
"4240_10",0.997353
"1778_1",0.005100
"11822_1",0.001678
"7820_1",0.000918
"235_4",0.007053
"8373_7",0.981595
"92_1",0.000721
"716_10",0.996213
"4028_7",0.996455
"5533_7",0.696152
"2605_9",0.995874
"6665_1",0.006824
"178_10",0.993487
"9886_2",0.029118
"11779_10",0.951504
"5124_4",0.026205
"1956_2",0.001012
"2933_1",0.002141
"8737_1",0.003693
"8755_9",0.997513
"5032_8",0.996833
"9246_10",0.996047
"9610_1",0.002310
"7011_2",0.736258
"1602_1",0.012408
"3367_1",0.000814
"2756_8",0.994820
"12042_9",0.996907
"2641_3",0.000810
"9202_10",0.998001
"1953_2",0.036050
"5303_1",0.000820
"975_7",0.996336
"2447_4",0.065725
"294_8",0.954605
"11643_7",0.995601
"8743_1",0.003594
"2661_4",0.039122
"8638_10",0.994910
"4793_10",0.994225
"7461_8",0.993926
"830_4",0.028114
"5770_7",0.968201
"1989_1",0.001623
"5514_3",0.001623
"5842_3",0.000897
"11813_1",0.001452
"7811_10",0.994043
"7707_4",0.048767
"1205_10",0.998125
"10326_10",0.995300
"4881_9",0.993734
"8244_10",0.998073
"7647_1",0.001190
"4376_10",0.996954
"6744_2",0.006193
"6769_7",0.993410
"494_10",0.981788
"6188_4",0.005946
"5859_1",0.000784
"6801_3",0.014296
"10990_8",0.995180
"6057_8",0.985398
"3017_1",0.038502
"7617_1",0.007247
"8340_7",0.974965
"746_7",0.858185
"9290_10",0.989967
"1525_10",0.994089
"11044_7",0.940735
"9367_10",0.994467
"5705_10",0.994434
"11375_10",0.998004
"11320_1",0.001832
"754_9",0.987806
"7040_10",0.997537
"10740_4",0.004877
"8839_10",0.996864
"11614_4",0.005797
"10867_9",0.997973
"12406_10",0.998603
"12081_10",0.997622
"8763_10",0.997969
"4103_1",0.001051
"5600_1",0.006015
"5345_2",0.001999
"10679_8",0.995217
"11709_1",0.001391
"6872_4",0.001118
"9096_3",0.962036
"3417_9",0.996803
"5154_3",0.044060
"6071_10",0.995037
"5685_9",0.996235
"7937_10",0.996771
"3628_1",0.006086
"7374_2",0.002890
"1862_8",0.278833
"6602_1",0.000981
"1401_10",0.993110
"12157_3",0.002149
"5636_8",0.996752
"2049_10",0.993015
"9402_8",0.995327
"12455_10",0.991170
"11062_2",0.002364
"9163_10",0.994770
"2879_7",0.216508
"2840_9",0.995744
"9893_8",0.998303
"11857_1",0.004915
"7776_10",0.990459
"10365_7",0.948917
"6186_7",0.982168
"7071_1",0.000801
"5132_1",0.000789
"8971_4",0.162446
"3415_1",0.000854
"3622_1",0.002296
"7446_10",0.943867
"4644_9",0.663308
"3923_10",0.996413
"3503_8",0.993771
"8685_7",0.152001
"1683_2",0.003292
"3417_4",0.021045
"10443_3",0.011823
"4620_3",0.865053
"5658_1",0.006463
"4185_1",0.000844
"3727_10",0.994959
"5334_1",0.000804
"7113_7",0.682964
"8713_1",0.001020
"2865_7",0.582372
"2956_4",0.088072
"2455_8",0.996803
"97_7",0.355677
"6789_10",0.998073
"8639_8",0.993673
"1563_8",0.996108
"3169_9",0.993961
"7627_10",0.994940
"1649_10",0.997138
"2287_10",0.997603
"9479_1",0.001980
"7705_1",0.000863
"10803_2",0.006513
"6076_9",0.991084
"4263_3",0.036804
"4726_10",0.996796
"11738_9",0.996392
"9250_9",0.997399
"2638_1",0.001289
"11357_7",0.996093
"12135_3",0.038975
"7296_10",0.996062
"10674_7",0.983971
"7674_9",0.998114
"5575_1",0.000695
"8120_7",0.991603
"1617_1",0.001116
"7090_3",0.005448
"3793_4",0.001793
"2658_10",0.981927
"9942_3",0.967869
"9520_9",0.996413
"10638_1",0.001893
"9066_10",0.998096
"3408_4",0.004306
"7526_1",0.004700
"10821_3",0.002208
"5887_10",0.993083
"12470_3",0.000895
"4033_8",0.994780
"1949_10",0.997859
"9859_4",0.004655
"11183_9",0.996441
"8533_4",0.220301
"10236_10",0.996978
"6111_3",0.005730
"5475_8",0.996108
"3342_3",0.010298
"8335_1",0.072112
"4812_9",0.996925
"2306_4",0.440860
"4596_7",0.987747
"10431_2",0.001507
"5077_9",0.995601
"1301_9",0.993549
"8979_9",0.996039
"4226_9",0.993461
"5544_3",0.005598
"7954_2",0.001069
"3935_4",0.062132
"7076_4",0.017560
"10208_10",0.997631
"3737_3",0.018370
"1689_8",0.991489
"6585_9",0.997036
"6096_3",0.002141
"11052_4",0.029817
"7783_10",0.990329
"5157_10",0.997172
"5465_10",0.996161
"11361_10",0.988766
"7560_3",0.069195
"9781_4",0.020043
"11681_10",0.996385
"6127_7",0.150216
"1799_9",0.990768
"10849_2",0.001513
"4274_7",0.991305
"15_10",0.993599
"11338_1",0.000871
"5750_2",0.002434
"9335_8",0.993879
"8359_7",0.979036
"9527_7",0.996784
"1336_1",0.001421
"9893_3",0.004486
"11229_9",0.997645
"5948_9",0.993294
"9733_4",0.098339
"6377_8",0.996496
"1427_10",0.995946
"9023_3",0.036873
"2151_2",0.001312
"1744_1",0.000940
"6367_10",0.997617
"9143_8",0.995198
"6176_8",0.995710
"11388_10",0.996530
"1493_10",0.951639
"6615_1",0.001197
"4654_2",0.013338
"599_9",0.995727
"7256_10",0.997708
"11993_1",0.001036
"992_7",0.995123
"8871_2",0.004839
"11483_1",0.000729
"3322_1",0.001455
"9827_4",0.074871
"8063_3",0.009956
"7397_3",0.005969
"3040_4",0.002071
"11682_2",0.002239
"8738_10",0.995123
"9905_4",0.006603
"6437_1",0.001051
"4319_9",0.996708
"5353_4",0.112356
"12207_9",0.992837
"6166_7",0.996455
"12243_4",0.123207
"1219_1",0.001782
"10292_10",0.997686
"10132_10",0.997640
"6898_10",0.994626
"8469_8",0.900574
"10393_1",0.237930
"7509_1",0.004764
"9468_9",0.993029
"9002_1",0.000718
"891_9",0.944740
"5156_4",0.302037
"2321_1",0.002993
"11859_8",0.994870
"12262_7",0.979823
"6198_4",0.339458
"5699_1",0.002087
"4252_10",0.977778
"10618_10",0.996183
"3226_10",0.998204
"7227_7",0.987580
"11047_7",0.986494
"9569_7",0.980876
"8933_4",0.961822
"4513_8",0.997537
"1271_9",0.997065
"6327_2",0.000960
"10012_9",0.996510
"10090_3",0.004142
"8564_1",0.007519
"10905_8",0.995523
"6828_2",0.015073
"1730_1",0.005385
"3404_3",0.001464
"12428_1",0.003022
"5180_1",0.027585
"10554_9",0.984869
"527_2",0.248671
"10296_8",0.997161
"543_4",0.002704
"10235_3",0.070720
"3743_4",0.800809
"8792_3",0.047030
"3597_1",0.006824
"12320_1",0.002487
"11672_8",0.996371
"7237_4",0.676269
"3726_7",0.615752
"6643_2",0.048858
"2743_10",0.995744
"10184_9",0.997353
"1929_1",0.020765
"666_7",0.143427
"4548_4",0.004070
"4153_4",0.001370
"7356_4",0.008276
"8843_10",0.997508
"7552_8",0.998266
"6494_8",0.997002
"3547_7",0.966028
"810_1",0.064359
"7672_9",0.989592
"4945_3",0.001255
"12427_8",0.994146
"749_7",0.997221
"10706_10",0.996637
"10969_1",0.001202
"340_9",0.997893
"2154_8",0.998348
"3715_1",0.000906
"2388_10",0.997766
"5905_2",0.007012
"3774_10",0.994860
"3070_1",0.001123
"4789_10",0.992077
"1509_2",0.001461
"2350_8",0.995592
"11137_1",0.001030
"10987_1",0.001988
"5815_1",0.015998
"7272_10",0.996888
"4651_10",0.995354
"4184_1",0.000876
"9636_10",0.989234
"8592_10",0.988777
"3068_3",0.005021
"8899_4",0.003700
"10018_1",0.000795
"5821_10",0.997322
"3232_4",0.158109
"10795_10",0.996858
"7461_3",0.000769
"10874_7",0.246987
"9672_10",0.996604
"1908_10",0.965479
"4014_9",0.881564
"10488_3",0.002752
"2501_7",0.992423
"12339_3",0.090374
"2698_10",0.995643
"1674_1",0.005555
"10366_8",0.031410
"12059_10",0.998001
"8285_4",0.006086
"4120_8",0.996153
"4238_7",0.991339
"10516_1",0.000825
"2478_9",0.990821
"7807_2",0.001430
"10704_1",0.006062
"791_4",0.007884
"2514_4",0.050752
"3095_10",0.985129
"1770_10",0.996721
"11115_2",0.048137
"10797_1",0.006552
"11347_1",0.001704
"7077_10",0.996882
"403_1",0.002067
"5852_7",0.562207
"8451_8",0.996537
"7013_1",0.001996
"10346_9",0.996039
"3055_7",0.965283
"4687_1",0.006098
"8467_10",0.994077
"11363_10",0.995566
"277_9",0.995890
"1715_2",0.305471
"9249_1",0.000785
"1895_10",0.483831
"5505_3",0.004408
"1323_9",0.998058
"4200_10",0.996882
"682_4",0.101456
"12020_4",0.060863
"5824_10",0.975036
"4475_10",0.997961
"891_1",0.006513
"2713_8",0.375148
"2084_9",0.994910
"1535_3",0.001957
"7862_8",0.994636
"8055_9",0.993879
"6604_7",0.988268
"7714_1",0.001264
"5606_7",0.946646
"7277_10",0.997830
"3197_1",0.002430
"406_7",0.009671
"6948_9",0.995727
"4196_8",0.985200
"1723_10",0.983660
"11625_4",0.032528
"1259_1",0.002430
"5283_10",0.996752
"8407_4",0.010219
"5561_8",0.995027
"7653_3",0.004408
"8646_1",0.003267
"8053_8",0.964656
"1879_7",0.793466
"1645_2",0.034684
"12222_7",0.123207
"3966_1",0.008324
"4754_1",0.001120
"8920_9",0.995189
"11920_9",0.995735
"4747_2",0.039900
"2108_8",0.906777
"9017_7",0.997232
"994_7",0.632105
"11155_10",0.992851
"6249_9",0.989480
"5926_9",0.997389
"12486_1",0.048949
"4918_8",0.987017
"1357_9",0.996960
"6051_2",0.001976
"4589_10",0.958187
"12401_4",0.044142
"4083_8",0.995462
"10373_10",0.998085
"7467_8",0.934335
"2220_1",0.003545
"6882_7",0.990750
"10551_10",0.997434
"4043_10",0.997088
"11078_8",0.991049
"4280_9",0.996264
"8594_10",0.997847
"10652_9",0.996496
"2206_10",0.996213
"9014_2",0.022977
"10215_4",0.001772
"3549_2",0.000804
"10445_1",0.000897
"10819_9",0.995479
"10691_1",0.022934
"3855_10",0.997099
"7809_2",0.083890
"3022_7",0.980129
"694_8",0.992437
"13_9",0.996249
"10972_10",0.997144
"9187_1",0.004086
"12354_3",0.312547
"4793_1",0.002946
"10696_1",0.001048
"12446_1",0.000767
"1488_10",0.997424
"904_10",0.549278
"11057_1",0.004240
"2132_8",0.993710
"1406_10",0.996972
"11366_3",0.004134
"9957_4",0.958770
"12096_1",0.001042
"3827_3",0.015233
"11686_2",0.000818
"4387_9",0.994214
"9955_9",0.987818
"12103_10",0.997399
"11506_10",0.994247
"793_1",0.001904
"8001_1",0.001247
"8823_4",0.494324
"1787_7",0.994790
"5484_10",0.996469
"3557_9",0.997172
"615_8",0.993914
"410_2",0.001658
"5800_2",0.259099
"3143_4",0.014186
"11359_2",0.015469
"7016_10",0.997822
"3711_2",0.001842
"8580_10",0.993795
"5615_9",0.996483
"9202_2",0.002439
"4776_2",0.006086
"8436_10",0.996503
"2097_8",0.354936
"6935_4",0.894605
"2656_1",0.001487
"11446_7",0.909265
"5392_4",0.049405
"6451_9",0.997872
"11054_8",0.994020
"8677_8",0.992988
"8761_3",0.118845
"9297_1",0.000864
"12480_2",0.002774
"11736_9",0.993202
"4156_8",0.991136
"1955_10",0.996278
"12350_1",0.023848
"5439_1",0.000997
"1342_10",0.992349
"7271_1",0.028328
"1868_4",0.076926
"4497_9",0.997804
"1729_10",0.991844
"4593_8",0.982840
"11296_7",0.985496
"9573_4",0.159087
"11678_2",0.001908
"6790_9",0.996656
"12298_2",0.003780
"9839_3",0.043896
"1348_1",0.005230
"7004_8",0.983150
"10414_10",0.995993
"3826_3",0.005343
"9313_4",0.227405
"10543_3",0.002170
"6909_9",0.984002
"11377_10",0.996960
"2591_9",0.991954
"11355_2",0.001269
"9274_8",0.997348
"4521_4",0.011892
"12208_9",0.997537
"4948_2",0.004486
"3732_1",0.001697
"12096_10",0.998070
"7135_3",0.341988
"10310_8",0.988335
"1959_1",0.000814
"10383_1",0.052376
"106_9",0.996752
"7085_7",0.995381
"11070_8",0.997479
"6850_10",0.998579
"12476_4",0.051415
"1917_10",0.997031
"1341_3",0.005480
"4062_1",0.007432
"5594_4",0.016834
"11963_1",0.012674
"2777_9",0.991187
"9871_7",0.942876
"949_8",0.842928
"7436_10",0.997945
"738_10",0.943919
"4893_1",0.002715
"6100_10",0.851521
"10219_9",0.994423
"4004_2",0.025203
"5945_10",0.997901
"10183_9",0.996727
"3465_10",0.998542
"4408_1",0.000899
"5810_7",0.993385
"188_3",0.017695
"7835_1",0.093388
"1648_9",0.991732
"7971_8",0.995760
"11809_1",0.006413
"5352_10",0.985828
"1476_8",0.992437
"602_10",0.995768
"9669_2",0.014686
"93_9",0.983832
"10787_10",0.993083
"10958_8",0.993710
"6608_1",0.001267
"7058_10",0.996523
"4401_10",0.992169
"9315_8",0.130507
"9670_3",0.024704
"10537_3",0.000966
"1033_2",0.003608
"12085_10",0.992093
"9373_7",0.995272
"8302_2",0.012883
"10138_2",0.008397
"6814_10",0.997071
"9778_1",0.000892
"5149_7",0.996271
"6191_3",0.173919
"7466_3",0.001181
"10051_2",0.006145
"5262_2",0.005533
"2906_1",0.001879
"8625_9",0.951594
"2118_4",0.110423
"11547_3",0.007332
"11384_7",0.996907
"123_10",0.993069
"11115_7",0.903890
"9348_10",0.998371
"568_9",0.987375
"7731_9",0.996996
"6548_8",0.996584
"9235_4",0.011631
"430_10",0.998121
"10790_1",0.002035
"10691_10",0.992016
"2324_9",0.997884
"11031_1",0.002430
"5465_4",0.010653
"5545_4",0.011409
"5546_10",0.995037
"9010_2",0.001240
"7205_10",0.996131
"7580_10",0.995470
"2052_3",0.002627
"6284_7",0.993599
"12001_3",0.001110
"3458_9",0.998132
"9013_2",0.005427
"5839_4",0.726304
"10809_10",0.997761
"3077_2",0.001090
"11373_3",0.001490
"7083_9",0.998565
"10846_10",0.994998
"11815_10",0.998427
"4730_1",0.001807
"3320_7",0.981311
"4782_10",0.996617
"3410_3",0.001464
"5142_10",0.996271
"3947_1",0.004953
"3016_8",0.410106
"12114_4",0.234210
"11039_8",0.974725
"5902_7",0.995208
"5351_8",0.997686
"1654_10",0.992274
"5731_4",0.041269
"10985_9",0.989692
"8724_1",0.004992
"9854_3",0.007108
"2054_1",0.000776
"11385_4",0.110423
"5919_4",0.005992
"9898_1",0.001817
"11874_8",0.982524
"4496_3",0.238816
"5231_1",0.002901
"10070_3",0.012896
"2345_8",0.997384
"9311_10",0.998132
"1036_10",0.996721
"6603_4",0.009624
"2138_9",0.984032
"10546_10",0.995161
"3217_10",0.992467
"12188_10",0.997469
"5986_2",0.050565
"352_10",0.998110
"8557_3",0.004460
"10453_10",0.994626
"4397_4",0.001949
"673_2",0.072867
"10305_10",0.998374
"11985_1",0.000869
"3457_1",0.024191
"500_1",0.002112
"10637_9",0.979803
"8144_10",0.996669
"8485_1",0.001455
"1632_7",0.915053
"2404_8",0.995085
"11489_10",0.995066
"7590_1",0.001513
"12460_2",0.013008
"11729_10",0.966945
"2796_7",0.746208
"8015_2",0.000899
"8258_4",0.000964
"2272_3",0.002975
"7178_10",0.996778
"8476_8",0.995363
"3411_4",0.019179
"8319_10",0.994636
"11799_10",0.998256
"8585_4",0.716913
"4640_10",0.977862
"12199_1",0.001540
"8380_7",0.982048
"8712_10",0.996695
"12482_9",0.995133
"4813_1",0.001701
"119_9",0.994667
"7850_10",0.992274
"5536_1",0.003216
"10576_1",0.001142
"2803_1",0.001197
"11788_4",0.002647
"6681_3",0.070624
"2503_10",0.997013
"88_3",0.004118
"7389_4",0.273817
"8793_9",0.996168
"4911_7",0.988188
"6495_4",0.012194
"10670_1",0.000758
"2203_10",0.997399
"7588_10",0.981507
"7095_7",0.997343
"6748_8",0.943400
"10348_1",0.006745
"2568_8",0.948823
"10292_2",0.039900
"1112_3",0.001061
"5322_7",0.917525
"4291_4",0.002884
"1212_7",0.924824
"7963_10",0.987981
"6156_1",0.001069
"713_1",0.004495
"11606_8",0.997941
"10975_10",0.995760
"4638_10",0.991700
"800_8",0.975739
"1389_3",0.012031
"10045_1",0.002149
"3529_1",0.003847
"1921_2",0.001961
"4824_8",0.983085
"10688_10",0.976015
"84_10",0.997708
"225_3",0.010850
"9756_10",0.995037
"7601_8",0.987782
"6342_3",0.016673
"7711_1",0.001004
"12133_7",0.981997
"8026_3",0.053255
"4551_10",0.998348
"545_4",0.157396
"343_1",0.004783
"10788_4",0.684257
"8711_2",0.003795
"5493_10",0.998424
"9358_1",0.234078
"2185_3",0.002663
"9720_2",0.001755
"4481_8",0.994880
"6528_2",0.001073
"11928_8",0.995760
"6591_7",0.923420
"10876_1",0.003052
"11253_10",0.990624
"2190_3",0.006944
"4281_3",0.001478
"7971_3",0.006351
"11649_2",0.001197
"5199_3",0.015649
"12258_3",0.084304
"5922_8",0.996876
"11136_1",0.000761
"7941_10",0.995874
"1412_7",0.998077
"11053_3",0.244476
"5586_10",0.994434
"5762_9",0.969642
"8328_3",0.027195
"10354_4",0.011553
"3563_8",0.992851
"8246_2",0.170266
"7740_10",0.998081
"4972_1",0.001789
"832_4",0.084003
"11386_10",0.997513
"1273_3",0.008569
"5085_2",0.036666
"11414_4",0.008348
"885_8",0.996913
"3943_10",0.960510
"898_9",0.991423
"8168_10",0.997155
"9779_10",0.994820
"830_7",0.996093
"77_10",0.997226
"648_8",0.993150
"10629_10",0.994225
"89_10",0.998211
"11955_9",0.990786
"7883_9",0.994739
"243_4",0.070272
"5148_2",0.001071
"1056_3",0.995336
"5206_10",0.996907
"8777_10",0.991406
"2969_2",0.001156
"6729_8",0.997851
"11860_1",0.006758
"6307_4",0.007816
"11589_1",0.008356
"8016_1",0.000915
"3461_8",0.997144
"8767_1",0.001138
"7692_10",0.993574
"12281_8",0.993636
"7763_1",0.841305
"5301_9",0.988199
"5112_10",0.996242
"10757_10",0.990216
"1066_8",0.994031
"5413_10",0.998782
"2733_3",0.021927
"8534_10",0.996630
"5915_8",0.995575
"10566_3",0.005150
"10900_7",0.949248
"3120_10",0.997498
"4394_1",0.001030
"3090_1",0.001755
"4379_10",0.995254
"5259_7",0.006971
"10792_8",0.996357
"2599_1",0.001519
"1912_2",0.001976
"2517_1",0.992753
"2946_8",0.993281
"3020_8",0.994499
"1850_4",0.385114
"9463_2",0.002397
"1721_10",0.997977
"7952_7",0.996227
"1806_9",0.994520
"11403_9",0.994780
"2013_7",0.991136
"5556_10",0.993242
"1746_3",0.003511
"11125_7",0.996047
"9270_4",0.008933
"7343_10",0.997929
"12465_10",0.998646
"8550_9",0.996168
"6213_8",0.983247
"10861_10",0.998633
"4109_7",0.565749
"8652_1",0.000820
"11546_1",0.001228
"9133_7",0.719248
"5964_3",0.016246
"1575_1",0.003004
"1337_4",0.033055
"7610_1",0.000792
"49_10",0.998779
"6505_2",0.002292
"7177_10",0.993436
"5947_7",0.184988
"1723_3",0.003022
"9055_7",0.994739
"7972_1",0.002673
"5340_8",0.973620
"6938_8",0.149500
"12400_8",0.993216
"552_9",0.997449
"11844_9",0.997424
"1080_1",0.001057
"3078_10",0.996510
"8713_9",0.995660
"7300_1",0.008528
"12464_1",0.019457
"3812_10",0.993294
"3313_4",0.031292
"6880_4",0.047736
"5478_9",0.994259
"10951_7",0.992364
"3327_8",0.994031
"6332_10",0.996024
"4385_8",0.987794
"2387_10",0.998293
"5756_3",0.001001
"4020_7",0.944944
"6190_8",0.997551
"517_8",0.988981
"9018_3",0.154376
"9449_10",0.998016
"10715_3",0.002196
"8195_8",0.995702
"9605_10",0.966537
"4309_9",0.995399
"1783_4",0.000974
"1658_10",0.993795
"1403_7",0.994636
"4268_1",0.000944
"4822_1",0.003185
"717_4",0.041579
"7768_10",0.996852
"7803_2",0.001601
"7190_8",0.992319
"11035_1",0.000764
"6288_10",0.360644
"10690_1",0.024680
"714_10",0.997464
"9210_10",0.997424
"12462_1",0.000885
"9325_1",0.001211
"8370_8",0.992554
"10583_1",0.010839
"4016_10",0.998186
"6465_4",0.151624
"1512_9",0.996721
"4769_8",0.996420
"11160_7",0.993474
"2175_1",0.000810
"12261_7",0.993574
"685_8",0.977066
"9208_10",0.127653
"6296_1",0.001044
"8210_4",0.019985
"11237_4",0.033431
"8139_10",0.993636
"6996_3",0.013071
"5168_1",0.003022
"5528_3",0.020765
"6635_1",0.014574
"1670_8",0.996759
"7099_4",0.122891
"2239_1",0.954732
"7313_4",0.020844
"3304_2",0.001204
"10505_1",0.000863
"9681_10",0.996336
"7569_4",0.210807
"9926_4",0.045268
"8339_8",0.996784
"8553_10",0.997116
"387_1",0.002946
"4715_9",0.995677
"11447_1",0.014159
"7425_1",0.003229
"10514_1",0.044681
"6979_10",0.997007
"3104_1",0.000944
"6833_4",0.260013
"5931_3",0.020547
"12103_2",0.001934
"9413_1",0.001193
"2730_7",0.103205
"7293_10",0.992865
"8479_9",0.996656
"9099_7",0.963712
"2061_4",0.292760
"4680_7",0.994800
"4067_1",0.074838
"4663_2",0.007025
"3069_1",0.004031
"8739_7",0.996213
"8279_2",0.011486
"11078_1",0.001320
"7917_1",0.003423
"7636_8",0.990348
"5071_8",0.947039
"1720_10",0.997274
"885_3",0.006302
"734_1",0.002785
"6309_9",0.997177
"4346_3",0.001170
"4087_10",0.995417
"678_1",0.001067
"8348_8",0.990945
"3572_2",0.001589
"10285_1",0.055107
"11126_4",0.452596
"8071_2",0.001356
"8150_10",0.996809
"4652_4",0.268222
"3674_8",0.987735
"1046_9",0.997306
"1986_8",0.996392
"2516_1",0.001992
"11758_1",0.009774
"4747_8",0.972857
"10426_4",0.245379
"4331_1",0.000953
"9146_3",0.011710
"312_10",0.991339
"4160_9",0.998085
"5277_3",0.003235
"4896_7",0.965771
"4327_9",0.906198
"4136_3",0.002145
"2324_2",0.159872
"10407_10",0.995075
"5081_10",0.998114
"2892_2",0.007233
"367_3",0.006266
"6523_3",0.001277
"9037_7",0.992349
"8790_1",0.000793
"1839_8",0.997258
"4149_3",0.001410
"7950_3",0.001849
"1686_2",0.012480
"7855_1",0.000886
"2844_10",0.997384
"4006_1",0.000945
"1077_10",0.997921
"9294_3",0.013287
"8866_1",0.001346
"8414_3",0.004223
"11736_3",0.005911
"11683_9",0.902050
"6399_10",0.979842
"4876_2",0.000897
"8818_10",0.998842
"8874_3",0.107391
"2595_7",0.971939
"9287_1",0.002350
"11446_3",0.022564
"10016_3",0.036494
"10381_8",0.996663
"2222_1",0.069542
"10875_7",0.960988
"5708_8",0.993624
"2727_9",0.988723
"823_1",0.001694
"3616_2",0.000861
"10522_1",0.006463
"5340_3",0.174340
"4218_9",0.996227
"6551_4",0.345423
"4506_7",0.994760
"487_3",0.000979
"3215_2",0.009822
"3884_10",0.997699
"8163_1",0.002083
"4878_9",0.989551
"10428_10",0.996790
"6394_10",0.996462
"5318_2",0.001487
"4829_3",0.346217
"9175_8",0.996708
"10213_7",0.572753
"1484_10",0.998590
"9646_10",0.996925
"755_1",0.004142
"4988_1",0.005697
"10640_3",0.047958
"2780_4",0.004610
"5867_2",0.002946
"9212_10",0.858244
"8554_4",0.169509
"4703_3",0.760962
"8779_8",0.995858
"953_10",0.996047
"10349_8",0.995133
"3280_10",0.996623
"3646_8",0.989712
"6054_1",0.000985
"4894_3",0.108048
"11235_10",0.948058
"513_8",0.995114
"4166_1",0.001075
"742_8",0.589569
"7671_10",0.997389
"2835_4",0.990660
"8556_10",0.997735
"4764_7",0.994850
"1626_3",0.001793
"6883_4",0.003969
"1014_4",0.589066
"9419_10",0.988547
"7918_8",0.988154
"8912_2",0.001655
"7996_3",0.007915
"5045_2",0.002444
"9612_2",0.014010
"1658_2",0.004574
"4373_2",0.001099
"11771_7",0.995399
"5458_4",0.011812
"10492_1",0.001156
"5551_8",0.989491
"811_1",0.004374
"12209_9",0.954265
"1514_1",0.001447
"6684_9",0.997264
"4604_7",0.995523
"3350_1",0.006413
"3336_7",0.991067
"9645_4",0.064535
"1664_9",0.993163
"5109_8",0.995236
"9294_8",0.909546
"7439_3",0.010358
"9098_10",0.963506
"10353_2",0.003976
"2356_4",0.043123
"884_1",0.133133
"704_2",0.001864
"9429_4",0.045863
"11563_1",0.002015
"10345_7",0.484929
"12301_4",0.014630
"1021_7",0.873485
"6353_1",0.000861
"2608_7",0.992767
"10508_1",0.141341
"263_1",0.000846
"10127_10",0.996688
"11517_4",0.816918
"4758_4",0.125708
"2210_4",0.686692
"12396_1",0.000810
"9405_7",0.875361
"5945_2",0.002055
"1931_3",0.023825
"3972_9",0.996138
"7949_3",0.021969
"1958_10",0.998421
"5834_7",0.995372
"11040_1",0.001504
"9453_1",0.001761
"5841_10",0.997172
"1144_10",0.998161
"5678_2",0.055720
"11361_3",0.001032
"5999_1",0.002387
"11810_4",0.137301
"10502_1",0.001207
"11821_10",0.996227
"8270_10",0.842086
"4627_4",0.911849
"5588_2",0.013969
"4877_1",0.004973
"2289_8",0.994434
"2582_10",0.995208
"8749_1",0.005642
"1653_1",0.001264
"7060_3",0.018212
"4299_1",0.001176
"7198_10",0.983343
"5597_9",0.996000
"11592_10",0.998125
"1516_1",0.003817
"1428_10",0.991587
"9349_7",0.994810
"4182_10",0.993636
"522_10",0.996550
"1942_9",0.998745
"2570_8",0.996721
"1188_2",0.006438
"7454_10",0.997264
"6859_8",0.996469
"4278_9",0.998161
"3538_8",0.964221
"6499_1",0.005427
"7715_1",0.001012
"5847_1",0.001919
"2109_10",0.996523
"7570_2",0.002834
"3725_1",0.000858
"8736_2",0.059702
"2007_10",0.997258
"9738_10",0.994488
"2763_7",0.993624
"9081_2",0.008332
"6647_10",0.997804
"11207_1",0.111193
"5182_3",0.000936
"2171_10",0.995075
"9091_1",0.336409
"3970_3",0.102081
"7432_9",0.997813
"2169_2",0.001380
"720_1",0.005786
"866_2",0.000725
"567_3",0.678420
"11812_8",0.979765
"11195_9",0.993649
"5877_10",0.995558
"5526_9",0.995327
"792_8",0.996656
"8673_9",0.997800
"5163_1",0.000863
"4722_8",0.991187
"11423_8",0.989066
"3239_8",0.992934
"2235_4",0.096280
"5799_3",0.001016
"8592_2",0.010418
"5229_10",0.996564
"9285_10",0.997834
"6092_1",0.104752
"8940_10",0.992031
"12220_8",0.107063
"4417_10",0.997122
"10462_10",0.997905
"3241_9",0.954690
"8744_10",0.997800
"1016_3",0.280198
"7382_10",0.995583
"8458_8",0.996544
"629_4",0.010368
"1971_3",0.004792
"4471_4",0.002174
"7890_2",0.004332
"10164_4",0.987460
"2176_8",0.986828
"2500_2",0.005934
"1155_2",0.002642
"7102_8",0.993150
"3618_10",0.997594
"4940_3",0.008324
"10263_3",0.001648
"12495_10",0.925836
"7170_9",0.998132
"7322_3",0.001069
"2938_10",0.788420
"8128_8",0.996771
"4900_1",0.006133
"5672_7",0.148263
"3387_10",0.997897
"806_1",0.001504
"7385_2",0.001328
"3043_4",0.007763
"6845_10",0.996870
"979_3",0.169578
"6853_3",0.000878
"4871_4",0.007741
"12172_8",0.992725
"4105_2",0.001758
"3171_4",0.054955
"8686_10",0.996220
"10187_1",0.000809
"5305_7",0.460653
"1728_10",0.997210
"11284_4",0.171616
"443_2",0.005934
"8542_9",0.997389
"7634_2",0.006539
"2598_1",0.006719
"124_2",0.003456
"10145_8",0.997280
"63_1",0.001006
"5522_3",0.082809
"1264_9",0.996597
"12181_10",0.996420
"6508_1",0.007984
"2146_3",0.006590
"5449_4",0.032070
"2660_9",0.997757
"6594_4",0.033305
"6285_8",0.991015
"12200_10",0.985328
"6710_1",0.016673
"10399_10",0.996371
"6703_1",0.000804
"5795_8",0.989045
"3427_4",0.003248
"11306_10",0.997409
"6641_3",0.034684
"9364_9",0.987067
"6963_8",0.184878
"6896_10",0.974893
"10154_10",0.996888
"4690_10",0.996643
"8125_8",0.993163
"4978_1",0.007233
"4999_3",0.001397
"8921_8",0.994112
"6089_3",0.001579
"12279_9",0.995592
"1209_7",0.976378
"2083_7",0.970632
"10162_10",0.997166
"1266_4",0.031499
"10892_8",0.991289
"4864_4",0.006074
"10743_7",0.687722
"6427_1",0.000764
"8633_1",0.047558
"6158_10",0.997547
"4952_3",0.001632
"7508_10",0.993268
"637_9",0.955817
"6734_2",0.051083
"10685_1",0.001908
"6269_4",0.010622
"9073_8",0.985732
"9551_2",0.012516
"5499_2",0.005946
"3573_4",0.001803
"12089_1",0.002256
"3962_1",0.002907
"2169_7",0.905948
"959_8",0.993819
"10514_9",0.922097
"4430_7",0.234516
"10802_1",0.089097
"280_10",0.997317
"8041_3",0.070144
"9040_9",0.997025
"10653_1",0.022955
"10783_7",0.995417
"4711_1",0.000822
"1523_4",0.192919
"3903_1",0.001380
"4216_8",0.986611
"10108_1",0.001269
"4098_4",0.002839
"9433_7",0.989582
"11013_10",0.994112
"3968_10",0.996406
"7916_3",0.001968
"5859_9",0.988949
"11194_7",0.861538
"9376_3",0.001585
"1808_4",0.062274
"12029_3",0.009662
"5854_4",0.024727
"6573_9",0.996557
"6747_8",0.992169
"4366_1",0.001681
"5868_7",0.992408
"7712_3",0.070945
"11617_1",0.000831
"5362_10",0.995142
"1950_1",0.001134
"9724_1",0.000830
"7537_8",0.994920
"6950_1",0.002166
"6035_8",0.997290
"11191_4",0.159381
"4759_9",0.997161
"1228_7",0.930648
"10380_1",0.022521
"271_7",0.911338
"7826_9",0.993747
"4336_2",0.001136
"4209_2",0.024031
"4898_7",0.982608
"2987_1",0.001200
"9976_4",0.017292
"7521_10",0.994830
"5680_2",0.001330
"4310_10",0.958382
"4484_10",0.996321
"5748_9",0.996771
"6798_3",0.004495
"9598_10",0.987723
"4834_2",0.001402
"2505_10",0.997221
"1984_8",0.664026
"476_1",0.001980
"11578_1",0.001356
"2223_3",0.104706
"8215_3",0.007389
"3108_1",0.008762
"4371_1",0.001022
"12399_4",0.109849
"4913_1",0.001438
"8431_8",0.990015
"3445_10",0.997172
"8268_10",0.997253
"4271_10",0.996771
"2136_3",0.001744
"2479_1",0.001996
"11798_2",0.004774
"2893_10",0.998070
"7754_3",0.004802
"7568_10",0.996455
"6221_8",0.997761
"1687_10",0.997834
"4744_1",0.001022
"3730_10",0.995938
"7543_10",0.988613
"4449_1",0.000731
"2802_8",0.996455
"2834_2",0.001389
"11243_2",0.006811
"6638_10",0.996235
"3299_1",0.001272
"1378_10",0.981185
"1867_9",0.997783
"3371_1",0.001864
"1340_10",0.984261
"1810_10",0.995245
"11773_10",0.993410
"2111_1",0.015145
"2234_4",0.042483
"4958_7",0.900442
"3514_1",0.008528
"8488_9",0.991891
"1650_4",0.003160
"6538_3",0.001378
"9930_9",0.996852
"10594_1",0.000949
"6248_8",0.986904
"1384_9",0.992408
"11526_3",0.054550
"9847_10",0.998035
"8994_1",0.001026
"11595_1",0.001170
"9840_7",0.918772
"1027_9",0.995408
"11691_2",0.001078
"1154_10",0.985608
"4599_4",0.003802
"2126_1",0.216715
"10719_3",0.001567
"11925_2",0.004728
"1938_2",0.001338
"7233_7",0.928668
"1747_8",0.995882
"4994_8",0.994100
"10696_10",0.969527
"7348_10",0.986866
"9121_8",0.997076
"902_10",0.994800
"8046_1",0.001629
"3604_7",0.992123
"4886_8",0.995151
"2821_10",0.996682
"10180_8",0.987042
"11376_10",0.996448
"11195_2",0.022672
"5625_9",0.995345
"9284_9",0.994667
"6747_1",0.022138
"3910_9",0.982406
"11412_7",0.995532
"2456_10",0.997880
"6105_10",0.994739
"5732_10",0.994499
"1960_9",0.997019
"6363_7",0.987104
"9596_10",0.985594
"8605_3",0.005343
"174_2",0.001386
"8251_1",0.001632
"8567_10",0.910863
"7007_3",0.025761
"2418_8",0.984664
"12030_8",0.989317
"7626_7",0.965349
"6070_3",0.006121
"802_1",0.003318
"10801_10",0.983215
"8559_1",0.002031
"2495_2",0.402363
"10777_9",0.998469
"2958_7",0.992393
"3701_10",0.995660
"2754_9",0.995961
"1210_1",0.003615
"7830_10",0.997876
"4523_9",0.990292
"12408_4",0.153962
"5748_1",0.001543
"3982_2",0.002616
"9658_8",0.978343
"73_10",0.995245
"3952_1",0.002536
"4064_8",0.987958
"9835_4",0.469095
"12463_1",0.000724
"905_10",0.976669
"5634_8",0.994626
"800_3",0.000925
"11576_10",0.997957
"8546_4",0.005333
"8456_1",0.057335
"163_1",0.004086
"7616_3",0.001320
"17_3",0.009898
"620_2",0.001116
"4250_4",0.054399
"4403_1",0.000909
"7107_3",0.455320
"9691_9",0.996740
"4069_8",0.996978
"3747_7",0.992481
"7930_10",0.997704
"1088_3",0.003267
"3683_1",0.002647
"11138_1",0.062103
"1825_10",0.997013
"9888_3",0.006603
"8079_10",0.946300
"1508_2",0.000892
"2471_4",0.002795
"5238_7",0.989119
"4947_9",0.994719
"1791_10",0.977947
"5824_4",0.015861
"10408_2",0.015321
"6053_8",0.997048
"6811_4",0.001871
"6398_4",0.095771
"137_7",0.494202
"3920_9",0.955486
"8179_2",0.004521
"10602_8",0.943295
"10509_8",0.992539
"7346_3",0.017276
"2663_1",0.001481
"1342_2",0.118131
"5714_4",0.003154
"9669_10",0.995226
"6038_3",0.054450
"11957_10",0.983738
"750_2",0.005210
"12386_10",0.540863
"7178_1",0.001639
"8070_8",0.994910
"8993_1",0.000904
"1178_4",0.006488
"10457_8",0.997748
"5287_1",0.002497
"3098_8",0.986429
"3505_8",0.995850
"10271_1",0.036288
"4354_3",0.002328
"4817_1",0.027350
"11313_1",0.003580
"9023_10",0.988039
"8404_1",0.005888
"11847_1",0.002747
"5374_9",0.995453
"1009_8",0.997110
"4197_1",0.000787
"10803_9",0.987017
"6609_9",0.984605
"519_1",0.001394
"7675_3",0.003148
"10204_10",0.993242
"10565_1",0.027533
"1641_1",0.008925
"11170_10",0.995906
"451_2",0.004619
"4526_7",0.909144
"5639_9",0.996990
"5642_1",0.002444
"9159_3",0.995008
"11173_10",0.978467
"10772_10",0.994236
"11172_10",0.998054
"10213_4",0.285272
"11256_9",0.995505
"5863_1",0.000859
"5125_1",0.002969
"5624_10",0.995566
"10355_10",0.057388
"6623_1",0.001642
"3674_1",0.000873
"540_8",0.865622
"5202_10",0.996000
"9644_10",0.994594
"4780_1",0.001849
"2002_9",0.114369
"7228_10",0.998132
"4036_2",0.000699
"9925_9",0.975670
"1137_10",0.994910
"5679_1",0.003650
"9162_2",0.000966
"2849_3",0.001317
"3546_4",0.004007
"7164_1",0.000913
"1749_10",0.969871
"11988_2",0.005210
"365_10",0.992259
"7340_10",0.995180
"1543_3",0.002204
"6008_2",0.004298
"2230_4",0.009340
"10105_3",0.000909
"5443_1",0.001067
"5024_1",0.014323
"5630_8",0.996062
"7603_10",0.996364
"12205_10",0.500793
"5910_7",0.995300
"7006_8",0.996577
"3287_10",0.971886
"3136_1",0.000754
"6547_4",0.146209
"9329_1",0.001629
"1679_10",0.996925
"1659_7",0.991204
"2015_1",0.000993
"5236_1",0.007374
"2201_2",0.003052
"6026_3",0.034980
"12093_8",0.982406
"11394_10",0.960547
"9512_1",0.001707
"8401_3",0.004408
"5239_8",0.998158
"5018_10",0.996913
"38_8",0.997575
"2968_7",0.477067
"5359_3",0.003650
"10419_4",0.911928
"1551_4",0.041970
"11346_1",0.001478
"809_1",0.001573
"9823_4",0.048092
"10125_8",0.990385
"8819_10",0.998620
"9038_4",0.024099
"1968_1",0.010642
"6642_2",0.001413
"9015_10",0.996336
"12198_2",0.001871
"2758_9",0.963161
"9206_3",0.004830
"4370_7",0.856752
"1985_2",0.001343
"3031_7",0.985950
"10172_1",0.002075
"4527_1",0.000804
"5458_9",0.997337
"6534_1",0.001073
"4347_1",0.001235
"11152_10",0.992169
"9238_3",0.777131
"6161_8",0.997429
"2299_1",0.001010
"1133_1",0.025059
"11774_3",0.006388
"1095_2",0.011321
"11311_10",0.971483
"1126_1",0.000826
"2385_9",0.997166
"10710_10",0.994646
"10106_1",0.001160
"3363_1",0.001934
"11480_10",0.998024
"5183_1",0.001063
"7100_7",0.962143
"752_10",0.996070
"11958_8",0.995760
"2518_1",0.013351
"4744_9",0.909224
"53_7",0.994225
"12289_1",0.079603
"9239_4",0.012171
"8758_10",0.995435
"9050_9",0.995694
"10390_7",0.996530
"11780_8",0.841011
"9518_1",0.001069
"3442_1",0.003657
"6316_9",0.998505
"2826_9",0.994940
"5908_10",0.996771
"3720_7",0.994369
"8481_1",0.000739
"1188_10",0.998355
"2784_10",0.994636
"12352_3",0.189184
"1771_10",0.986071
"5255_1",0.181010
"328_4",0.556851
"313_10",0.988788
"10530_1",0.001297
"4866_7",0.991554
"8936_1",0.000681
"10029_10",0.992452
"12383_10",0.929216
"1922_1",0.001105
"3012_7",0.551513
"11593_3",0.042127
"8661_1",0.002019
"10457_1",0.015559
"8074_4",0.996663
"11993_10",0.229924
"6_7",0.991406
"2542_9",0.996131
"11454_3",0.014077
"6776_4",0.921816
"9466_1",0.337770
"11100_4",0.005512
"6429_10",0.994870
"11218_3",0.472562
"8310_1",0.004094
"7432_4",0.042404
"10115_1",0.020081
"11127_7",0.997025
"3306_2",0.002823
"6998_7",0.909947
"12166_2",0.001531
"7792_10",0.995309
"9250_1",0.000924
"3351_7",0.990044
"3350_8",0.990569
"2393_3",0.101634
"5473_3",0.002850
"73_4",0.050005
"1504_1",0.000890
"10317_10",0.995826
"5795_1",0.002616
"1511_9",0.953966
"2537_2",0.008413
"8010_4",0.000993
"1616_3",0.009117
"4332_2",0.003443
"8499_1",0.001267
"1636_8",0.993902
"7752_3",0.012983
"5848_7",0.865792
"5370_2",0.018636
"10600_10",0.997739
"5501_3",0.003248
"9948_7",0.986559
"10683_4",0.048767
"10013_4",0.065575
"11704_2",0.009765
"431_9",0.997076
"11855_10",0.995226
"2671_7",0.834677
"5831_2",0.002453
"7920_10",0.993320
"276_1",0.007219
"6245_2",0.063193
"89_3",0.006758
"7871_1",0.000789
"1707_1",0.000863
"6640_1",0.001181
"723_10",0.996190
"11391_1",0.002497
"3534_3",0.000826
"10449_10",0.996483
"180_10",0.999030
"5128_1",0.004340
"471_10",0.998496
"2341_10",0.997735
"3204_7",0.442486
"1818_10",0.996321
"4489_10",0.993926
"12034_10",0.987387
"11264_10",0.996759
"8077_7",0.909867
"12206_10",0.397938
"11549_3",0.001965
"8993_10",0.996852
"1937_4",0.009936
"7778_3",0.143008
"9714_9",0.135004
"7219_4",0.004182
"6518_4",0.001312
"8421_10",0.996108
"10563_2",0.004078
"2527_9",0.998235
"11147_10",0.996406
"832_7",0.912124
"8972_7",0.157234
"2311_9",0.996570
"6794_1",0.002720
"1769_10",0.994880
"11130_1",0.002468
"8331_3",0.003817
"5564_10",0.927363
"2594_10",0.992975
"11037_1",0.001264
"6679_9",0.960510
"419_4",0.013046
"2635_10",0.969757
"4436_4",0.142411
"10972_1",0.001138
"708_3",0.891858
"9113_1",0.000772
"1438_9",0.995668
"2048_4",0.001112
"4488_10",0.993333
"7889_3",0.022586
"11498_9",0.997561
"8780_1",0.156749
"2036_7",0.968441
"1861_1",0.424352
"581_4",0.036050
"9253_10",0.994760
"977_4",0.914520
"5693_7",0.968974
"6515_9",0.997194
"9378_1",0.009596
"6695_2",0.002136
"8507_1",0.001714
"829_2",0.000918
"11023_8",0.996385
"70_1",0.008711
"3669_8",0.993747
"10033_8",0.993512
"9158_4",0.006217
"817_1",0.003028
"4679_1",0.000748
"8133_4",0.008653
"3531_1",0.001287
"10742_1",0.001082
"5579_3",0.009699
"9041_1",0.008188
"4938_1",0.001105
"4246_9",0.951818
"4275_9",0.984396
"6819_3",0.001230
"6327_7",0.989098
"6101_10",0.995123
"11852_2",0.001195
"10252_10",0.992626
"4348_8",0.989662
"5328_4",0.005140
"11964_9",0.996846
"8634_1",0.008796
"3702_8",0.997513
"1677_2",0.021045
"5907_1",0.003483
"8432_10",0.994998
"3570_3",0.711218
"9624_10",0.991907
"11466_4",0.015604
"9062_10",0.998043
"12336_1",0.003892
"3476_1",0.006745
"7033_2",0.002095
"2660_3",0.007748
"741_1",0.001375
"11490_1",0.006388
"6580_7",0.996688
"1807_3",0.038358
"4785_1",0.000931
"6319_10",0.994434
"4437_8",0.996469
"3533_10",0.997774
"12119_3",0.003490
"151_8",0.997575
"7829_7",0.803945
"5497_1",0.001305
"7477_10",0.996055
"5879_10",0.996984
"8068_10",0.996752
"7989_3",0.980986
"8480_10",0.996676
"10352_10",0.996840
"120_2",0.001380
"10135_3",0.012649
"8091_1",0.001065
"8505_8",0.995752
"3282_1",0.005675
"11570_10",0.991748
"11052_8",0.986138
"5549_10",0.998077
"3891_8",0.994810
"3537_9",0.994790
"8503_3",0.179028
"3995_4",0.145540
"10979_3",0.002663
"11681_1",0.048406
"536_7",0.996024
"11739_8",0.997851
"6951_10",0.997537
"6210_2",0.001001
"1449_4",0.269566
"11860_10",0.994605
"11149_8",0.997876
"4021_7",0.988503
"5104_3",0.059674
"2989_3",0.000866
"10112_10",0.999082
"6718_1",0.000861
"7654_4",0.082771
"9481_10",0.994677
"7984_2",0.001063
"1348_8",0.992031
"11079_8",0.958731
"9554_10",0.989521
"8617_8",0.997105
"315_8",0.996604
"6085_8",0.994880
"1823_9",0.991748
"3208_10",0.996489
"924_4",0.010530
"6479_10",0.997617
"7017_10",0.993042
"8595_4",0.037679
"4532_10",0.997761
"5145_4",0.069101
"2358_7",0.720319
"11151_4",0.009831
"10238_7",0.990874
"564_9",0.052863
"4054_10",0.998024
"8852_9",0.997523
"10137_10",0.998051
"7014_3",0.002128
"1533_4",0.002845
"8257_2",0.054601
"8719_8",0.992892
"5041_1",0.009624
"1469_9",0.995922
"11726_3",0.001567
"2002_1",0.001008
"12293_3",0.003069
"3672_1",0.000818
"11110_10",0.996846
"3931_1",0.011072
"6972_1",0.026380
"10186_1",0.001086
"9265_3",0.002785
"7412_3",0.034586
"5427_2",0.001127
"5006_4",0.008236
"3199_1",0.001094
"6256_8",0.726183
"418_9",0.996016
"8834_9",0.993722
"5093_10",0.997322
"3190_2",0.001092
"12360_4",0.000949
"9477_1",0.001549
"6085_1",0.000876
"7773_10",0.993950
"255_4",0.323935
"1661_1",0.000962
"1627_10",0.997627
"9204_2",0.005011
"3704_8",0.973894
"11898_9",0.998039
"1137_1",0.008754
"101_9",0.904566
"1142_1",0.003953
"5314_8",0.997384
"10932_4",0.000920
"9639_2",0.021166
"12125_7",0.996925
"10998_1",0.001125
"5186_7",0.969785
"10340_1",0.051225
"7419_8",0.921781
"6929_3",0.007432
"7238_4",0.010239
"10869_7",0.991684
"4106_1",0.001136
"6589_2",0.612136
"9619_7",0.993996
"7116_4",0.103160
"8889_1",0.001160
"3901_9",0.998125
"7052_7",0.986191
"6439_1",0.005523
"5309_1",0.001294
"4515_3",0.008805
"3029_4",0.008348
"10310_1",0.001305
"12350_10",0.994719
"532_8",0.989938
"11145_8",0.957556
"75_10",0.995768
"6137_3",0.004802
"1637_2",0.004078
"12327_10",0.998805
"2177_7",0.993819
"1879_1",0.006364
"8745_2",0.003191
"3099_8",0.994890
"7354_4",0.001782
"10103_1",0.000922
"3296_10",0.996597
"8494_9",0.997937
"3423_4",0.014104
"7609_8",0.020449
"4265_10",0.989811
"1872_7",0.830319
"10987_10",0.998051
"2849_7",0.995123
"628_1",0.003450
"1391_1",0.001691
"7456_1",0.001069
"12150_1",0.002828
"7718_9",0.997796
"5787_3",0.079854
"12162_8",0.989521
"11670_7",0.946399
"1784_8",0.988788
"7483_8",0.981382
"9564_9",0.985787
"10832_9",0.993771
"12230_1",0.000751
"2291_8",0.997306
"8416_3",0.096834
"9486_10",0.996190
"8153_10",0.995793
"5164_10",0.989129
"6347_8",0.996656
"7773_2",0.023065
"12215_1",0.000744
"10039_8",0.922308
"9803_9",0.998085
"1589_1",0.006181
"1615_9",0.996656
"119_3",0.000987
"623_8",0.994347
"10427_1",0.001114
"11697_4",0.012834
"6168_2",0.002141
"2658_3",0.033337
"1841_4",0.004792
"10572_1",0.001875
"6964_8",0.686429
"5172_1",0.006351
"989_7",0.129733
"159_10",0.998269
"5240_1",0.002383
"11777_1",0.000983
"8350_3",0.001519
"2565_1",0.001328
"7694_10",0.994509
"7759_1",0.004530
"3003_4",0.003636
"7128_2",0.000911
"8147_4",0.049912
"6595_9",0.994940
"8949_3",0.219379
"9848_4",0.019438
"7496_8",0.997399
"11857_10",0.997296
"3237_1",0.007666
"5404_1",0.001158
"10699_8",0.975249
"6138_4",0.060780
"909_4",0.129293
"11833_10",0.998620
"11817_10",0.990857
"171_2",0.069226
"2517_7",0.947039
"10307_7",0.056600
"370_2",0.020255
"5995_8",0.996399
"4612_1",0.002952
"6561_8",0.730506
"7454_1",0.000823
"2951_2",0.001397
"8860_1",0.014928
"411_3",0.001832
"664_3",0.003105
"4345_10",0.991684
"4452_1",0.015800
"2833_2",0.000801
"10374_3",0.188473
"9322_1",0.003034
"9923_3",0.006015
"8687_3",0.008686
"7567_9",0.972624
"137_3",0.002526
"7872_1",0.000851
"6968_4",0.141045
"1540_10",0.997527
"9157_10",0.990329
"4102_10",0.993083
"6645_1",0.010987
"7630_10",0.741908
"3958_9",0.986764
"11437_9",0.996329
"6982_1",0.010082
"4870_2",0.030015
"3545_7",0.994380
"204_1",0.000863
"6844_10",0.996227
"4736_1",0.000715
"9120_9",0.995123
"1608_1",0.012348
"1251_10",0.998713
"12315_10",0.990533
"11754_10",0.997668
"2399_3",0.069732
"11499_8",0.977306
"3870_10",0.988745
"5503_10",0.993423
"4045_10",0.995660
"3063_1",0.000966
"10914_7",0.511412
"8509_10",0.991571
"5872_1",0.002715
"5729_4",0.002731
"10865_2",0.001018
"10218_4",0.121269
"2096_4",0.638342
"11344_1",0.002051
"10623_2",0.026131
"11241_10",0.975367
"7254_2",0.031470
"7892_1",0.000825
"3472_8",0.989337
"11637_4",0.065425
"11853_9",0.997603
"1096_7",0.997704
"8508_3",0.198530
"9400_10",0.996913
"1128_10",0.992626
"5989_10",0.997961
"8021_1",0.000715
"7860_10",0.997537
"1131_10",0.996937
"5589_1",0.000853
"5662_8",0.989771
"2161_7",0.990874
"323_10",0.997161
"2431_1",0.005980
"10147_7",0.994890
"2956_7",0.986244
"12005_3",0.226612
"477_2",0.006603
"202_9",0.997127
"5710_10",0.997636
"2262_7",0.995085
"7103_8",0.914520
"10237_3",0.022999
"12151_1",0.000947
"7485_2",0.008703
"2438_10",0.997489
"4069_2",0.000767
"5593_2",0.000789
"11163_1",0.027981
"6754_10",0.997110
"9147_2",0.007681
"9614_10",0.963022
"4427_7",0.988874
"1382_1",0.001277
"11132_7",0.875734
"6371_3",0.094887
"11221_4",0.011464
"10071_2",0.001919
"4936_2",0.001252
"1797_3",0.818809
"6692_4",0.152442
"5816_1",0.023309
"6163_2",0.001116
"2042_8",0.993771
"856_3",0.006719
"1233_10",0.997847
"9537_10",0.997389
"9504_9",0.993042
"788_10",0.997210
"3399_8",0.996161
"7142_4",0.000881
"10371_4",0.421641
"760_7",0.991255
"3614_10",0.995198
"3314_1",0.006680
"3447_10",0.992077
"12240_10",0.917303
"10083_10",0.998004
"9936_10",0.994989
"7651_10",0.997739
"1470_1",0.004332
"2703_7",0.990732
"5637_10",0.992683
"6102_1",0.003780
"8991_8",0.987240
"9606_10",0.993867
"10568_4",0.010509
"7126_10",0.993281
"4203_10",0.995575
"4486_2",0.001325
"3408_9",0.996727
"2867_8",0.996123
"7338_8",0.995037
"8065_4",0.010860
"2510_3",0.006513
"2110_7",0.840717
"4097_4",0.002561
"7484_8",0.336774
"5789_10",0.985691
"8070_2",0.002256
"867_2",0.050799
"1364_3",0.003862
"10654_2",0.002196
"12417_4",0.182535
"10470_10",0.993346
"6544_10",0.857112
"8904_8",0.993448
"10282_2",0.058615
"497_9",0.997215
"2659_10",0.996972
"9609_7",0.988096
"3010_3",0.013083
"9134_1",0.002453
"8990_1",0.004142
"6960_4",0.110807
"9566_9",0.982889
"7923_4",0.002987
"4542_10",0.993029
"7185_3",0.001151
"1918_10",0.996759
"2316_8",0.961678
"5846_10",0.984261
"1023_10",0.995309
"7141_7",0.992199
"3724_10",0.990348
"3617_2",0.000806
"7095_1",0.000838
"12201_10",0.996759
"10309_2",0.384450
"5584_8",0.994112
"2063_10",0.995254
"10874_1",0.001114
"4084_2",0.001061
"2765_1",0.001207
"11390_3",0.005620
"4676_1",0.004374
"2130_7",0.104523
"12032_7",0.049866
"9671_3",0.001912
"816_7",0.992423
"11320_8",0.988799
"1458_8",0.997232
"1938_7",0.996085
"2861_8",0.954647
"5768_9",0.958538
"5049_9",0.996901
"8083_1",0.332057
"4825_1",0.005523
"1740_9",0.996123
"3034_10",0.960731
"9977_7",0.973266
"8459_10",0.997985
"1103_10",0.944434
"3783_10",0.991907
"754_2",0.004992
"5580_10",0.996771
"3472_2",0.000795
"2640_3",0.004992
"5400_2",0.004078
"5881_10",0.994830
"10970_4",0.786869
"8842_1",0.001092
"5336_8",0.989337
"1398_1",0.033180
"12310_10",0.998579
"6012_8",0.857231
"1508_7",0.737064
"2981_8",0.993136
"576_8",0.996740
"9683_7",0.895660
"10336_1",0.001748
"3345_3",0.175256
"7683_7",0.988863
"6366_9",0.995408
"6741_9",0.998232
"11396_2",0.003254
"4964_10",0.997419
"12285_10",0.998703
"11018_9",0.998309
"3902_9",0.995198
"4147_8",0.979823
"1748_10",0.992393
"10084_3",0.116563
"3265_7",0.951097
"6160_1",0.002337
"2984_10",0.995668
"1305_1",0.000856
"9075_4",0.948917
"11710_7",0.984170
"2443_10",0.996790
"938_10",0.990980
"1392_7",0.525673
"10406_8",0.921816
"4302_7",0.973494
"2836_8",0.994719
"2365_3",0.003235
"98_1",0.001629
"8325_10",0.995444
"300_9",0.998628
"7667_1",0.933035
"4313_10",0.994292
"12450_3",0.018440
"8582_1",0.006615
"11325_9",0.910823
"8482_1",0.000890
"7304_8",0.998553
"9439_1",0.000944
"2656_10",0.993294
"4306_3",0.001002
"10079_1",0.000812
"11172_1",0.000902
"6095_9",0.992865
"5698_1",0.002095
"35_1",0.010179
"6043_3",0.007984
"2261_1",0.011029
"4784_10",0.982254
"10936_7",0.673262
"5316_10",0.997532
"8361_8",0.942718
"10373_2",0.012229
"500_10",0.997532
"371_4",0.118181
"3434_4",0.002103
"3654_2",0.000848
"11280_2",0.007360
"6542_9",0.995834
"10313_10",0.994998
"7267_1",0.031589
"11897_3",0.010408
"7321_2",0.000909
"1516_7",0.914711
"1640_1",0.001484
"9456_10",0.992739
"2769_10",0.986777
"6280_7",0.992016
"12399_10",0.996336
"6206_7",0.976106
"8836_4",0.254092
"5254_9",0.994860
"10903_1",0.000947
"3966_10",0.995882
"4048_10",0.997893
"1528_9",0.995930
"6219_10",0.991922
"8280_4",0.043285
"7974_10",0.791257
"6956_8",0.997093
"5975_10",0.992781
"6759_10",0.996286
"963_2",0.001430
"12158_10",0.996448
"148_1",0.072210
"8831_1",0.116362
"11556_9",0.943086
"9038_10",0.995066
"4421_10",0.994077
"5236_8",0.976891
"3753_10",0.995558
"9334_3",0.055772
"2444_4",0.043650
"2890_3",0.006864
"9132_9",0.995618
"11413_10",0.995685
"3424_4",0.067240
"1258_3",0.001694
"5277_10",0.995954
"706_10",0.994292
"3527_10",0.995575
"4081_9",0.993268
"3895_2",0.003483
"11528_2",0.001849
"7285_9",0.997654
"12339_7",0.990874
"729_1",0.007053
"6291_1",0.004374
"12296_9",0.943086
"5913_10",0.995226
"7770_10",0.997965
"9546_2",0.005555
"2383_4",0.944485
"6802_7",0.994423
"5445_2",0.047074
"687_3",0.014476
"9982_8",0.997792
"11830_10",0.507690
"4271_1",0.001279
"7279_10",0.997498
"1599_7",0.025131
"10880_10",0.996016
"2838_10",0.997285
"4234_9",0.997868
"7674_2",0.011040
"6156_8",0.995592
"11657_4",0.002153
"11738_2",0.015116
"11962_8",0.970937
"10966_8",0.982938
"6421_1",0.001564
"1476_3",0.001156
"7022_8",0.996271
"11500_8",0.991922
"6263_2",0.001492
"8989_9",0.902395
"2395_9",0.996537
"9311_1",0.004094
"6386_4",0.001028
"91_4",0.103295
"3759_3",0.012698
"11766_2",0.039788
"11290_7",0.616994
"5627_3",0.004839
"3278_1",0.002051
"9682_9",0.991891
"11894_1",0.000785
"10387_9",0.994066
"884_8",0.994615
"8408_2",0.001002
"5772_2",0.124266
"11422_1",0.000899
"9709_1",0.011343
"701_8",0.996972
"2721_8",0.995114
"4875_3",0.007080
"6356_1",0.000736
"7446_3",0.007907
"2440_4",0.050098
"9732_1",0.001711
"9109_10",0.995497
"7578_2",0.070464
"11017_8",0.990660
"12498_1",0.001731
"4942_2",0.001930
"4939_10",0.994347
"8451_4",0.016689
"6274_1",0.001006
"11635_4",0.006229
"8931_1",0.000962
"109_4",0.049959
"11744_7",0.991322
"5351_4",0.246669
"1120_9",0.997822
"10494_2",0.002710
"5317_10",0.997949
"6139_2",0.004664
"12322_8",0.995760
"11239_3",0.001842
"4815_7",0.975178
"11979_10",0.873215
"254_10",0.988188
"10286_3",0.001032
"6457_10",0.996870
"4662_8",0.962638
"6298_4",0.011040
"2704_4",0.410018
"11313_10",0.995208
"187_10",0.997965
"1166_1",0.001026
"12126_3",0.000938
"1813_9",0.988745
"6282_10",0.995643
"10525_7",0.995085
"8887_1",0.005160
"11605_7",0.011869
"6533_1",0.001320
"1210_8",0.994959
"11904_8",0.993110
"10659_10",0.995768
"7004_4",0.006217
"10260_10",0.997242
"11997_7",0.170612
"7850_4",0.146514
"2085_3",0.010368
"11839_1",0.003545
"419_9",0.996984
"4157_10",0.994979
"8253_8",0.993015
"11268_2",0.001466
"12119_10",0.993512
"10259_10",0.095013
"978_1",0.002683
"6848_4",0.006351
"9368_4",0.004000
"7863_9",0.985538
"4157_3",0.001065
"4184_10",0.982971
"2888_1",0.001871
"8073_4",0.015029
"1755_1",0.004110
"7688_2",0.128799
"5966_7",0.990927
"10673_9",0.995685
"4110_7",0.885334
"699_9",0.997099
"9240_2",0.004248
"3651_10",0.997434
"3933_7",0.990551
"2960_7",0.993487
"10664_1",0.001510
"358_9",0.973569
"11200_10",0.993783
"4471_8",0.987030
"11661_2",0.006241
"12304_1",0.002632
"2442_4",0.214486
"7134_9",0.993281
"4214_2",0.009161
"4869_8",0.989612
"6372_1",0.004700
"10236_4",0.079389
"12189_1",0.015116
"9715_8",0.991505
"5751_10",0.982889
"166_7",0.995618
"11889_2",0.001438
"5098_1",0.096450
"8126_7",0.996427
"9302_7",0.985286
"10430_10",0.990385
"445_9",0.997116
"4550_10",0.995583
"10995_10",0.996227
"7154_1",0.001080
"3983_3",0.268270
"1446_9",0.995408
"865_10",0.993879
"3012_1",0.005854
"3562_3",0.038394
"2551_1",0.000955
"6440_1",0.006253
"10241_10",0.998922
"1542_7",0.293797
"1405_2",0.001289
"11835_10",0.996676
"4023_3",0.001552
"1287_1",0.000792
"11059_2",0.012686
"2583_8",0.986520
"1550_2",0.020547
"11382_3",0.000977
"5567_10",0.997561
"11033_1",0.000942
"5543_1",0.001090
"8631_10",0.994729
"10871_1",0.000787
"6955_9",0.997761
"6254_4",0.026912
"2179_4",0.043691
"7559_8",0.995272
"12431_8",0.996663
"279_10",0.992611
"2127_8",0.998814
"3803_10",0.981893
"12200_1",0.001142
"3480_9",0.994979
"5156_8",0.995685
"1718_2",0.001341
"12145_9",0.995768
"1560_4",0.903762
"11646_1",0.001531
"10378_4",0.015336
"8281_3",0.001786
"10393_9",0.984708
"1402_4",0.289836
"3958_4",0.031649
"3676_1",0.001247
"3709_1",0.000741
"10668_7",0.919208
"11972_1",0.001589
"4842_1",0.000972
"1889_8",0.985286
"3990_1",0.001051
"6467_7",0.985356
"5928_4",0.123102
"4639_10",0.992393
"4748_8",0.998024
"5417_10",0.994949
"2351_4",0.024191
"4365_1",0.002003
"3591_2",0.001040
"5914_10",0.990768
"8099_2",0.008762
"5510_1",0.000776
"314_10",0.998062
"8544_10",0.993771
"3799_1",0.004746
"5650_2",0.001389
"1646_7",0.886470
"11586_9",0.998984
"2389_9",0.997608
"908_3",0.082809
"654_9",0.997617
"6323_9",0.994810
"3014_7",0.978198
"11312_9",0.990159
"5457_3",0.001204
"6071_3",0.013197
"12459_1",0.000968
"8639_4",0.003559
"3600_8",0.993123
"9052_3",0.067948
"528_1",0.000911
"7692_1",0.038430
"6885_3",0.009812
"11395_4",0.642783
"11763_1",0.038538
"3631_1",0.000972
"4296_3",0.001430
"4810_3",0.006603
"6660_2",0.000945
"850_7",0.995381
"6731_10",0.995558
"12129_1",0.000968
"11525_7",0.994840
"5782_10",0.993189
"4613_2",0.000924
"4460_8",0.991764
"2992_10",0.994930
"570_9",0.991538
"5908_4",0.032775
"4677_4",0.009975
"5791_10",0.997570
"5718_10",0.996205
"12453_10",0.993996
"8364_8",0.954984
"7761_10",0.997215
"3459_1",0.001721
"9169_1",0.003657
"12022_2",0.155687
"10869_1",0.001016
"4997_1",0.000822
"2430_8",0.666765
"5011_4",0.012468
"3011_1",0.002337
"8425_3",0.002341
"6517_8",0.996016
"9300_9",0.991907
"840_8",0.993294
"2662_10",0.997150
"2724_1",0.004637
"5654_10",0.991170
"5574_10",0.996907
"5606_3",0.003305
"7717_8",0.989572
"11202_10",0.994402
"6889_10",0.996235
"3712_10",0.997804
"3042_3",0.005281
"7858_8",0.994281
"4902_8",0.993294
"11885_1",0.001761
"7582_1",0.000814
"8450_7",0.923592
"9368_9",0.994860
"7616_8",0.997537
"4443_3",0.401394
"2344_1",0.000798
"11861_9",0.969928
"7738_8",0.996656
"327_10",0.986178
"8175_4",0.020293
"10189_10",0.996000
"8691_1",0.000934
"12236_2",0.000818
"7341_3",0.041346
"3261_1",0.003337
"8809_4",0.004682
"3735_3",0.003884
"9339_8",0.898053
"8242_4",0.176317
"6787_4",0.196402
"4379_4",0.003456
"5967_4",0.053059
"5568_8",0.985271
"4579_4",0.066297
"7066_1",0.001992
"12323_1",0.001610
"2673_9",0.892750
"2639_7",0.989286
"8323_10",0.990910
"246_10",0.994719
"653_1",0.005854
"2407_1",0.003869
"2795_1",0.000787
"11793_4",0.767646
"2848_4",0.016246
"6040_4",0.024633
"9388_2",0.005900
"909_10",0.994281
"2567_2",0.064359
"4473_8",0.994314
"4451_3",0.015380
"10296_1",0.093058
"5111_7",0.277963
"8281_9",0.997489
"4957_8",0.951953
"8249_1",0.576363
"1572_3",0.001455
"5718_2",0.007461
"5959_3",0.005946
"3013_9",0.991136
"3544_1",0.001252
"11250_10",0.992781
"5162_9",0.986803
"8872_9",0.997822
"11122_8",0.994920
"991_4",0.019475
"6322_9",0.988788
"7065_8",0.979354
"9704_7",0.907066
"4317_9",0.991170
"11622_10",0.997327
"10725_7",0.984351
"6549_1",0.001452
"9062_3",0.064624
"10253_7",0.994531
"4035_9",0.997993
"5437_1",0.010673
"1779_1",0.000864
"8740_2",0.000823
"10175_7",0.992640
"5331_4",0.005343
"9506_3",0.005080
"11199_4",0.003714
"9948_2",0.001821
"252_9",0.987911
"1094_3",0.007461
"9145_3",0.037222
"506_8",0.993914
"7126_1",0.001123
"3317_1",0.002401
"11439_4",0.007374
"6583_1",0.001004
"2805_8",0.997617
"1841_10",0.996784
"2698_3",0.440168
"6956_4",0.038142
"7664_8",0.409162
"97_1",0.001455
"4588_9",0.460774
"5220_1",0.000823
"45_2",0.003093
"5812_4",0.118998
"6625_8",0.346597
"2816_9",0.918370
"11463_1",0.008421
"158_9",0.997627
"6633_1",0.001028
"1184_10",0.773644
"3967_1",0.052814
"6653_7",0.180757
"6093_1",0.001564
"2932_7",0.330647
"1522_1",0.000853
"2529_1",0.039085
"1475_1",0.004306
"2027_8",0.993710
"1854_1",0.003961
"6269_10",0.983231
"2184_7",0.966663
"4923_3",0.131898
"10827_9",0.998436
"10885_10",0.996590
"3281_1",0.001059
"1468_7",0.891292
"104_1",0.001097
"3898_3",0.001934
"10973_7",0.993574
"8900_7",0.995643
"10735_1",0.002019
"4992_1",0.000790
"368_8",0.996235
"6709_4",0.000927
"10453_1",0.000843
"139_4",0.209712
"12079_1",0.001086
"7001_4",0.016689
"10533_3",0.446525
"2307_8",0.993255
"7241_9",0.996441
"7717_3",0.003729
"6223_2",0.001048
"9500_2",0.000913
"669_10",0.952750
"1596_3",0.152600
"3576_7",0.968620
"8263_8",0.996925
"6832_4",0.036322
"5158_9",0.989879
"5899_10",0.997474
"5794_4",0.031949
"8854_10",0.996434
"11036_7",0.481759
"8803_3",0.155271
"5733_4",0.018618
"5268_10",0.997258
"12297_2",0.003292
"6862_1",0.074064
"5515_3",0.006253
"3382_10",0.997589
"6738_2",0.001247
"3832_1",0.002652
"10210_7",0.958809
"12080_3",0.075961
"7748_2",0.001589
"4788_1",0.995954
"182_10",0.996227
"4478_4",0.004963
"6544_1",0.001755
"2705_7",0.986803
"10334_1",0.000834
"10374_10",0.995826
"2031_1",0.001218
"4671_7",0.994636
"6231_9",0.948394
"9077_3",0.005021
"6381_1",0.004905
"216_2",0.001674
"9956_4",0.706545
"10882_9",0.178526
"6192_10",0.973670
"10442_8",0.996815
"3199_10",0.995592
"7649_3",0.006098
"1793_9",0.994770
"7987_1",0.014686
"1678_1",0.015439
"8176_4",0.016964
"4674_2",0.002946
"5751_3",0.055720
"6904_9",0.996901
"8869_1",0.000757
"6844_2",0.001063
"8744_2",0.002083
"5430_3",0.063715
"1556_9",0.990121
"10830_9",0.996803
"5642_8",0.988646
"3337_1",0.010850
"5339_1",0.001272
"9198_1",0.001595
"5759_10",0.996778
"10632_9",0.994509
"2067_9",0.996336
"3442_10",0.992123
"3341_4",0.025859
"9055_4",0.077448
"5793_8",0.972441
"896_8",0.889144
"1804_2",0.001540
"1134_8",0.993759
"5532_8",0.964389
"2453_9",0.998418
"8113_2",0.003945
"12046_10",0.997913
"11873_8",0.992199
"4525_8",0.980636
"10377_2",0.019966
"2008_1",0.002027
"10288_1",0.003594
"1083_7",0.164785
"2415_2",0.083703
"6688_9",0.997264
"4448_9",0.996093
"9407_10",0.996462
"3976_4",0.407333
"3930_8",0.993474
"3950_10",0.994369
"5645_3",0.007205
"6064_9",0.996765
"8064_1",0.001134
"3643_1",0.002128
"10321_1",0.001134
"5858_1",0.020004
"8535_9",0.985936
"3643_7",0.202680
"10041_1",0.000944
"11014_10",0.850407
"11776_4",0.003370
"8227_7",0.987363
"11445_8",0.996604
"8756_10",0.996688
"9328_10",0.992823
"11734_10",0.985896
"10118_1",0.001504
"9690_2",0.027928
"7713_8",0.998273
"545_7",0.938237
"10603_8",0.958030
"5925_9",0.993487
"3105_1",0.000851
"10134_4",0.073430
"6354_2",0.154153
"9866_2",0.081483
"7553_10",0.997419
"11324_2",0.016899
"10532_1",0.003179
"439_1",0.001549
"11265_10",0.997997
"6568_8",0.996249
"9218_3",0.008244
"1939_2",0.001438
"4215_7",0.993985
"9968_10",0.994719
"12022_10",0.677634
"897_8",0.131954
"7129_8",0.993950
"7414_4",0.002878
"8118_9",0.992108
"6179_4",0.008586
"10124_8",0.998289
"7379_7",0.988842
"1075_9",0.998408
"2594_3",0.003173
"11482_4",0.010913
"7675_10",0.989850
"3127_8",0.995426
"7440_10",0.995558
"10215_10",0.996537
"5098_10",0.998667
"10534_2",0.001051
"12364_7",0.457985
"5191_1",0.000933
"4179_9",0.980729
"1433_3",0.001546
"12177_8",0.987688
"9519_8",0.998765
"5781_7",0.378890
"10031_8",0.987532
"2631_4",0.000895
"195_4",0.961498
"11432_7",0.986790
"3952_10",0.997404
"5805_2",0.001209
"5555_10",0.992892
"7161_4",0.016246
"1399_1",0.095941
"8332_3",0.003900
"2132_2",0.024869
"12031_1",0.064300
"8480_1",0.001026
"11103_4",0.004126
"12124_3",0.004290
"12072_9",0.997748
"9371_9",0.126569
"2144_4",0.006205
"5668_10",0.995532
"11790_10",0.997048
"6933_7",0.897740
"4932_10",0.996100
"216_10",0.877687
"5862_7",0.605507
"11669_3",0.002328
"7488_4",0.074366
"6402_10",0.992244
"3244_9",0.979433
"5108_7",0.817902
"10854_1",0.003922
"3404_10",0.998151
"4282_7",0.128034
"483_10",0.988981
"2110_4",0.008594
"6199_8",0.995282
"7942_10",0.996864
"314_2",0.000931
"6395_3",0.010328
"274_1",0.001269
"3421_2",0.003992
"4100_1",0.001346
"9232_1",0.009550
"7152_10",0.997205
"10721_7",0.997311
"3565_3",0.013210
"4223_1",0.000864
"3543_10",0.997264
"1256_7",0.986258
"6567_2",0.004382
"10658_9",0.991922
"1381_1",0.001582
"2591_1",0.001075
"4775_2",0.006590
"1743_8",0.711105
"3004_1",0.145055
"11712_7",0.099383
"2966_2",0.004007
"3139_1",0.000993
"989_4",0.003040
"2141_1",0.000874
"8224_1",0.000972
"10222_8",0.992640
"6540_1",0.000654
"7427_10",0.998633
"5519_1",0.202877
"945_2",0.002828
"3996_3",0.004323
"10202_9",0.997774
"1328_9",0.992988
"11425_2",0.001789
"1252_4",0.009908
"10086_1",0.021065
"3946_3",0.003877
"11834_8",0.988062
"10710_1",0.075995
"1858_8",0.994020
"1532_10",0.998633
"7082_10",0.975155
"9813_10",0.994563
"38_1",0.000758
"271_4",0.973594
"7184_1",0.000968
"11866_10",0.996055
"5983_1",0.000757
"5026_10",0.992467
"9030_1",0.009449
"11133_1",0.000757
"10130_2",0.000927
"8357_2",0.013996
"9824_1",0.001821
"7264_4",0.010622
"12449_2",0.003765
"1735_1",0.015922
"618_7",0.995668
"6421_7",0.876211
"6294_4",0.032744
"2174_2",0.003892
"5985_2",0.001707
"7121_10",0.902867
"7912_7",0.917635
"5015_1",0.001558
"6476_2",0.005512
"9954_8",0.996350
"10122_10",0.996062
"9334_9",0.977756
"11751_3",0.010004
"11607_7",0.992697
"11310_10",0.992725
"300_1",0.001028
"6520_4",0.003463
"6735_10",0.993902
"10008_8",0.990927
"7817_7",0.951774
"3634_10",0.997876
"5927_2",0.001796
"3414_3",0.001069
"12266_1",0.006121
"11276_7",0.989161
"5478_3",0.015830
"6992_1",0.002430
"8039_8",0.993176
"11491_4",0.378962
"7823_7",0.996357
"8662_9",0.997166
"9921_2",0.002392
"2058_9",0.998716
"3321_9",0.996190
"8634_7",0.278612
"2161_4",0.311571
"3441_9",0.995826
"10096_1",0.000757
"774_4",0.033463
"12086_9",0.994930
"1968_8",0.989202
"3269_1",0.000878
"2988_10",0.986125
"853_1",0.001099
"5303_10",0.996168
"11628_10",0.995768
"7772_2",0.001684
"2712_1",0.000836
"7362_4",0.003204
"3681_2",0.001367
"2066_1",0.000843
"7089_3",0.131954
"7393_10",0.859840
"7284_1",0.002157
"12199_7",0.942454
"3512_1",0.004673
"4349_2",0.001004
"11825_1",0.001915
"8351_3",0.003305
"467_3",0.010966
"2523_10",0.996876
"12078_8",0.994380
"1418_10",0.998140
"6552_10",0.997585
"10070_10",0.992539
"10031_2",0.020255
"7179_2",0.001893
"4533_1",0.004619
"11788_10",0.995095
"833_3",0.039343
"9777_1",0.001094
"6930_7",0.017866
"2310_10",0.995809
"2924_8",0.980167
"7252_10",0.997155
"10216_10",0.989306
"104_10",0.339225
"4283_4",0.019069
"6351_4",0.001779
"1272_4",0.013782
"11226_9",0.994890
"3342_10",0.987580
"3326_9",0.988436
"3541_8",0.994054
"8142_10",0.993686
"6491_10",0.992725
"2125_10",0.997306
"7008_10",0.996966
"5347_9",0.996695
"8420_9",0.997989
"10767_3",0.017493
"12094_1",0.000795
"11904_1",0.001277
"2635_1",0.001614
"4074_10",0.996085
"2470_1",0.167832
"5888_3",0.002243
"9164_4",0.043366
"11312_1",0.007636
"2588_3",0.004315
"9177_1",0.001438
"10361_9",0.995618
"9216_10",0.992349
"5754_3",0.005323
"12314_10",0.996336
"9044_3",0.124959
"5677_2",0.004601
"6664_4",0.013147
"2308_3",0.031380
"7377_3",0.774541
"9149_8",0.993855
"5244_3",0.004134
"10656_3",0.008569
"10885_1",0.000748
"4296_9",0.942665
"1770_2",0.141815
"4940_10",0.997603
"3984_10",0.982971
"2976_10",0.992837
"2767_1",0.001558
"11848_2",0.000817
"3096_10",0.992683
"9792_3",0.029284
"9785_10",0.032775
"10264_8",0.990044
"12277_7",0.993242
"8110_8",0.975507
"10396_8",0.994719
"3233_2",0.001410
"1903_1",0.008046
"4743_10",0.996570
"1417_9",0.976513
"2662_1",0.004023
"11231_4",0.781456
"9747_10",0.996168
"27_4",0.009223
"3310_2",0.037012
"3212_10",0.998062
"5608_3",0.000778
"1241_4",0.019550
"5543_7",0.983502
"7945_9",0.997542
"3705_7",0.993587
"1598_10",0.965053
"4273_10",0.995354
"5985_9",0.980784
"531_2",0.035244
"6744_7",0.994989
"10270_1",0.001399
"11199_9",0.997215
"9755_4",0.738150
"12080_10",0.995914
"5600_10",0.996235
"12216_10",0.982524
"10783_4",0.116011
"3307_1",0.002141
"10954_7",0.983343
"9959_4",0.014644
"10223_10",0.996815
"12130_1",0.996564
"11939_7",0.948680
"12318_10",0.997264
"6204_10",0.995834
"2927_9",0.300386
"2779_10",0.993686
"3661_1",0.001167
"9068_3",0.000927
"1970_2",0.005469
"7539_10",0.995018
"9241_3",0.002571
"9350_3",0.015044
"7885_8",0.997332
"1078_9",0.977328
"6062_2",0.019985
"1215_10",0.930173
"1561_3",0.031380
"2159_1",0.002305
"8637_10",0.996220
"8375_4",0.001589
"2864_1",0.002736
"186_9",0.997042
"1669_9",0.996078
"6936_9",0.982541
"7541_3",0.004315
"1515_7",0.278122
"5039_7",0.990292
"9269_1",0.000886
"4965_10",0.995809
"10028_3",0.059839
"3547_4",0.299528
"6070_10",0.994123
"11334_7",0.993734
"4980_7",0.568595
"5063_2",0.025908
"11637_8",0.987387
"310_1",0.006451
"9847_1",0.001405
"4433_9",0.992423
"4535_1",0.003377
"11209_10",0.996476
"242_3",0.059483
"6150_7",0.941654
"7499_2",0.001546
"10073_7",0.574007
"7352_3",0.017459
"6616_2",0.001807
"2148_1",0.006771
"322_1",0.006438
"638_1",0.001140
"3236_10",0.996085
"11913_7",0.995768
"7188_4",0.009467
"3999_2",0.003552
"1397_1",0.000831
"11768_8",0.991780
"10301_2",0.083965
"7486_10",0.995133
"7915_2",0.000757
"103_10",0.997766
"2249_1",0.224778
"11559_9",0.994840
"11374_4",0.001793
"7639_3",0.018038
"11922_3",0.001065
"6068_10",0.996378
"7681_3",0.915129
"3097_1",0.000908
"10233_3",0.001893
"9111_1",0.001299
"7240_2",0.003477
"10394_9",0.692070
"792_2",0.013676
"440_1",0.000764
"11141_1",0.001513
"7488_7",0.988177
"2731_4",0.063773
"11632_10",0.285957
"7577_3",0.004619
"12047_8",0.996205
"7055_8",0.996286
"394_9",0.993795
"777_2",0.001343
"6460_8",0.994850
"10412_2",0.003046
"9910_8",0.831006
"826_8",0.997897
"7381_1",0.000764
"1700_8",0.990254
"1131_2",0.006086
"6796_10",0.986942
"7084_8",0.996220
"5735_1",0.001988
"6290_7",0.992467
"10506_8",0.995300
"2276_8",0.994739
"6221_1",0.165458
"1404_4",0.291598
"1440_1",0.001179
"8199_9",0.998496
"1145_2",0.001576
"5546_4",0.318439
"816_3",0.661062
"10535_10",0.994531
"2_3",0.001354
"6735_1",0.000885
"2684_4",0.002055
"1765_10",0.900267
"4346_7",0.806014
"1157_9",0.084758
"4216_1",0.011029
"3937_8",0.995133
"11140_10",0.990441
"1635_1",0.004728
"4457_10",0.994225
"7250_8",0.995809
"3801_7",0.036804
"7892_10",0.932821
"11022_8",0.994146
"5856_7",0.139514
"345_7",0.894835
"10809_3",0.028275
"9474_4",0.005980
"5775_10",0.992000
"2845_3",0.013889
"1383_10",0.949902
"9171_7",0.979374
"10866_9",0.994657
"12161_8",0.972675
"9118_1",0.010449
"9122_8",0.995505
"5142_1",0.000974
"2798_9",0.995993
"2260_8",0.995505
"11677_10",0.994830
"2788_1",0.000787
"8896_8",0.993242
"7685_10",0.995735
"760_1",0.001197
"7811_4",0.066873
"1964_8",0.997242
"5059_10",0.983723
"4568_1",0.001341
"7475_1",0.001110
"11400_3",0.000951
"6082_3",0.001116
"7961_4",0.341843
"7502_8",0.993512
"11351_10",0.991389
"9851_8",0.992229
"1172_1",0.003915
"1815_10",0.976714
"6218_8",0.992452
"9628_9",0.973519
"2312_3",0.017111
"5014_10",0.992988
"7845_8",0.995354
"4468_9",0.997221
"2247_10",0.997654
"4408_10",0.997622
"2957_2",0.053651
"4716_1",0.000820
"9909_1",0.001335
"8611_1",0.000825
"5055_10",0.995435
"5828_10",0.960025
"1147_1",0.001678
"11716_10",0.209753
"5289_8",0.996870
"5566_10",0.995660
"3389_2",0.001846
"6169_4",0.000741
"12019_10",0.994920
"4136_7",0.795856
"2421_3",0.001118
"607_10",0.997248
"4084_8",0.945751
"7333_1",0.001636
"8208_7",0.962848
"2971_10",0.996078
"7508_1",0.003545
"988_8",0.997726
"1124_8",0.994100
"3658_10",0.998454
"5155_7",0.991101
"11362_2",0.012846
"8776_10",0.996688
"7294_10",0.995114
"10853_8",0.995318
"871_10",0.999040
"11513_1",0.002774
"5605_10",0.400632
"1235_8",0.987520
"623_2",0.003671
"1271_2",0.043244
"7590_7",0.965053
"5075_4",0.002174
"6175_4",0.078148
"10629_1",0.000931
"1474_7",0.815049
"9077_9",0.996530
"11630_7",0.885829
"11060_2",0.000849
"664_9",0.996901
"4778_10",0.997469
"3535_1",0.001626
"1130_1",0.000886
"10718_1",0.000874
"3334_1",0.002305
"7133_2",0.001008
"12073_1",0.006205
"7877_10",0.993487
"12286_10",0.996815
"8675_4",0.008023
"8968_7",0.550064
"8118_1",0.000960
"12109_10",0.996307
"6476_8",0.997973
"12248_2",0.003004
"9444_1",0.001287
"9932_10",0.995882
"6863_9",0.997384
"7810_1",0.006157
"5463_1",0.001092
"8385_10",0.994810
"5560_3",0.008220
"12391_2",0.003490
"3644_9",0.980506
"1225_1",0.001090
"375_1",0.002360
"11515_7",0.941277
"3812_1",0.001238
"10747_1",0.006641
"8059_8",0.994800
"633_1",0.001351
"9189_10",0.997122
"11404_8",0.996919
"11871_8",0.996413
"2883_8",0.997708
"9048_4",0.042762
"1066_1",0.000868
"630_3",0.005060
"61_9",0.998316
"9264_10",0.995858
"5132_9",0.998551
"5796_9",0.992683
"11232_2",0.004728
"327_1",0.005566
"9787_8",0.993891
"7780_2",0.000861
"2533_2",0.001430
"7349_10",0.996190
"2593_1",0.451992
"4672_8",0.998638
"11191_10",0.971374
"1301_1",0.000810
"10632_4",0.001413
"10750_1",0.002261
"2621_2",0.016834
"12045_4",0.406803
"4276_10",0.998051
"9960_2",0.021969
"3307_8",0.544862
"3007_10",0.994157
"7204_9",0.995768
"3988_7",0.997110
"4129_8",0.997379
"2071_1",0.006985
"7310_3",0.170646
"855_9",0.997585
"5380_1",0.000784
"5067_2",0.006654
"6320_2",0.029619
"1019_3",0.006086
"8216_2",0.064535
"3814_7",0.187281
"7888_4",0.523908
"3419_2",0.000899
"3039_8",0.997464
"12039_4",0.070913
"1191_7",0.996108
"2361_1",0.000993
"8291_10",0.997838
"4954_3",0.047162
"12430_1",0.060502
"7634_7",0.119923
"11902_10",0.997901
"1603_10",0.989622
"9395_8",0.941169
"9384_2",0.010358
"11687_1",0.000854
"4148_3",0.040769
"171_7",0.993436
"11814_4",0.056392
"8124_3",0.750941
"11387_1",0.003470
"3249_9",0.995818
"3591_10",0.996062
"10171_8",0.881513
"1100_9",0.955610
"7144_4",0.997105
"8060_9",0.992597
"11063_10",0.998897
"3481_2",0.001558
"7413_4",0.012797
"11121_2",0.020371
"4700_2",0.001315
"1566_4",0.004070
"11731_3",0.007563
"7346_10",0.997704
"7890_10",0.880335
"11704_10",0.996264
"4635_10",0.381997
"2369_8",0.979765
"9655_10",0.997826
"2115_2",0.008101
"6408_7",0.500488
"10470_1",0.001639
"11512_8",0.998534
"11523_7",0.987676
"10379_3",0.001661
"9164_9",0.994979
"3150_1",0.020119
"2880_3",0.019928
"1608_7",0.990551
"2406_9",0.997048
"260_10",0.995719
"10658_3",0.012182
"10609_1",0.001255
"6861_7",0.195057
"10058_2",0.146942
"11618_10",0.996746
"3727_4",0.045948
"1924_10",0.989470
"7471_1",0.007149
"1856_7",0.859899
"10132_3",0.029648
"4010_2",0.003040
"11752_2",0.018142
"11122_2",0.000798
"11065_1",0.000823
"1211_1",0.007915
"8973_7",0.032010
"1888_9",0.998165
"8521_8",0.823931
"6671_4",0.192767
"4241_3",0.053601
"10925_4",0.004755
"4030_2",0.000739
"9410_1",0.001893
"10004_2",0.025859
"599_1",0.000689
"8656_1",0.001976
"10087_7",0.955527
"5118_10",0.990496
"9780_4",0.002444
"586_2",0.006615
"6464_4",0.043814
"7482_1",0.001549
"11075_8",0.996371
"11984_1",0.001158
"6808_9",0.997088
"6178_10",0.996960
"12196_7",0.307261
"7771_10",0.997031
"10801_1",0.225545
"1243_2",0.000770
"4028_2",0.001082
"700_4",0.489931
"758_10",0.997925
"5393_8",0.995272
"3552_4",0.661137
"3440_10",0.996907
"12357_7",0.826292
"10850_2",0.014337
"5083_10",0.960025
"790_10",0.981471
"302_3",0.006798
"11160_3",0.011915
"1170_1",0.004503
"6341_3",0.006426
"289_1",0.001552
"3075_7",0.996161
"12016_7",0.158728
"5998_3",0.002890
"5295_1",0.000834
"9712_2",0.006463
"9689_10",0.990404
"9441_1",0.001335
"7426_10",0.997672
"612_9",0.991439
"4331_8",0.622890
"1016_7",0.107391
"4463_7",0.991538
"9520_1",0.001297
"1557_10",0.980729
"6277_1",0.000851
"2279_3",0.002425
"11591_10",0.997093
"3503_1",0.001257
"9814_1",0.005011
"11342_4",0.156298
"5133_1",0.001147
"11189_10",0.988096
"2343_8",0.995245
"2234_7",0.981400
"926_4",0.150122
"9829_2",0.003664
"3338_7",0.989202
"4272_9",0.997306
"4826_1",0.006253
"10529_3",0.016996
"12398_1",0.013506
"6965_10",0.992304
"10737_9",0.998519
"9356_1",0.002969
"2087_3",0.001315
"5802_4",0.953492
"6514_8",0.995592
"11607_4",0.191668
"9117_4",0.017560
"2011_10",0.882479
"11952_4",0.034100
"8753_4",0.992364
"5338_8",0.997513
"10799_3",0.568685
"6388_3",0.005512
"4667_1",0.001546
"11302_9",0.998309
"6587_4",0.015336
"6822_8",0.971779
"9725_10",0.997373
"7237_10",0.959193
"7710_1",0.000782
"6090_1",0.000908
"9864_4",0.325333
"9759_1",0.002856
"8926_10",0.974532
"2454_1",0.001464
"4364_1",0.001639
"10672_1",0.000881
"7703_4",0.001028
"7289_1",0.001078
"6370_2",0.034684
"8898_7",0.985663
"245_8",0.994749
"7786_2",0.243800
"12092_8",0.996271
"12495_3",0.010368
"2762_2",0.016996
"11009_1",0.001008
"7735_1",0.075176
"5377_8",0.994780
"6074_3",0.005686
"2133_1",0.003179
"2291_1",0.000974
"767_1",0.051797
"2677_3",0.006732
"5801_2",0.000796
"11416_7",0.996796
"7083_3",0.009756
"7268_1",0.001042
"8613_1",0.003900
"446_10",0.995710
"6513_7",0.690279
"11229_4",0.007205
"11155_4",0.005041
"10298_9",0.996796
"1521_8",0.995793
"5682_1",0.105902
"11575_3",0.019106
"10144_1",0.002079
"5819_10",0.993710
"7287_4",0.001607
"11507_10",0.995488
"10458_7",0.997880
"5935_1",0.005523
"4126_1",0.000904
"3777_10",0.977500
"1720_3",0.000924
"11112_2",0.001310
"6222_9",0.997650
"8019_1",0.001639
"10067_4",0.094510
"5991_9",0.997622
"10203_10",0.997929
"2485_1",0.004574
"5910_2",0.002350
"3940_9",0.998140
"9140_10",0.992319
"9558_10",0.993902
"4582_7",0.730602
"3323_1",0.001018
"5038_4",0.006157
"12405_10",0.997804
"11620_4",0.001207
"8774_7",0.918407
"10164_9",0.996476
"4112_3",0.108095
"629_7",0.953319
"2732_7",0.978935
"4356_3",0.026305
"514_9",0.998232
"168_1",0.000812
"7157_1",0.005831
"11193_7",0.209510
"12163_1",0.000878
"259_2",0.001149
"9977_1",0.002581
"5169_10",0.995583
"7439_10",0.997917
"10261_1",0.001317
"6623_7",0.994790
"2834_9",0.993307
"2930_10",0.991652
"3232_10",0.994626
"533_10",0.996462
"6006_4",0.002015
"9029_4",0.002355
"7738_4",0.173078
"52_4",0.087798
"374_4",0.931525
"4502_1",0.171928
"10309_8",0.975131
"7541_8",0.968708
"1874_1",0.007961
"6884_1",0.000834
"7285_1",0.004774
"3385_2",0.001176
"7078_2",0.001610
"10788_10",0.996925
"6361_7",0.995226
"5761_10",0.988992
"8946_1",0.000902
"393_1",0.008308
"458_4",0.081703
"7435_10",0.997532
"10816_2",0.001289
"1606_10",0.996257
"1742_3",0.004265
"7167_8",0.928700
"1249_9",0.975901
"473_9",0.996264
"3475_9",0.989741
"2316_3",0.001871
"3739_2",0.006552
"4746_9",0.997813
"9924_8",0.980618
"2202_8",0.995727
"11531_1",0.012686
"11138_7",0.995890
"3402_1",0.019569
"4547_10",0.997177
"2786_2",0.044848
"1570_8",0.997348
"3095_3",0.010663
"4745_1",0.003292
"165_4",0.005281
"1578_4",0.011398
"495_10",0.993372
"12414_1",0.021512
"1383_1",0.085595
"10438_3",0.001312
"812_3",0.001110
"9588_9",0.990459
"7785_10",0.997082
"11169_4",0.009708
"7476_10",0.995488
"8196_1",0.000750
"6526_7",0.780788
"1695_3",0.007389
"11077_10",0.996590
"7642_7",0.992753
"7618_3",0.226784
"353_10",0.997659
"210_9",0.991032
"9455_10",0.994698
"520_2",0.001953
"7615_10",0.997774
"7475_9",0.996557
"6894_7",0.997194
"8622_2",0.001961
"11149_3",0.021948
"6154_3",0.024822
"2514_7",0.990310
"4359_1",0.198724
"8797_4",0.084003
"10023_8",0.987067
"1212_4",0.067731
"9985_1",0.001714
"4182_1",0.000812
"10662_10",0.996078
"3907_7",0.997459
"11342_10",0.998695
"1483_3",0.002611
"10510_7",0.321896
"8522_2",0.001399
"6049_4",0.005911
"2687_9",0.996070
"9766_7",0.943243
"6792_1",0.007374
"5990_10",0.997274
"11699_2",0.015218
"3446_4",0.003075
"10448_7",0.680574
"5629_1",0.002616
"2831_1",0.001589
"4351_10",0.996630
"2547_1",0.001455
"2778_2",0.003210
"7307_10",0.964656
"11148_3",0.001378
"907_3",0.001768
"2184_1",0.001176
"2030_8",0.996803
"11051_4",0.006039
"9150_4",0.014504
"12418_7",0.976401
"10724_10",0.991684
"8876_8",0.996590
"1620_7",0.992934
"12423_9",0.987923
"3642_1",0.008602
"10214_10",0.995961
"4575_3",0.098860
"2692_7",0.948442
"3919_1",0.000902
"11971_8",0.028463
"11676_10",0.905990
"8047_1",0.002546
"4009_8",0.994626
"7929_9",0.992408
"2432_10",0.997226
"8933_8",0.997622
"1375_1",0.005730
"1861_7",0.898232
"10897_10",0.995727
"2828_10",0.036425
"4568_10",0.998081
"1535_7",0.991153
"7282_8",0.996688
"12365_10",0.986777
"6682_3",0.007135
"1393_8",0.952131
"7270_1",0.001179
"1680_10",0.997348
"8207_8",0.998641
"8612_2",0.002239
"5640_9",0.995914
"96_10",0.998024
"12093_2",0.002817
"2068_9",0.996108
"9799_10",0.995760
"8730_1",0.001598
"1000_3",0.017226
"742_2",0.040922
"10432_10",0.997210
"9425_2",0.003254
"11636_3",0.003450
"6564_2",0.003312
"5706_9",0.996168
"8594_3",0.008487
"9488_9",0.991780
"12283_8",0.996544
"6579_3",0.006376
"6738_10",0.995858
"9007_2",0.009737
"2723_8",0.995898
"5115_3",0.009495
"9469_10",0.989140
"1444_1",0.002213
"5688_1",0.002043
"12390_4",0.029788
"1681_1",0.002301
"9048_7",0.904819
"10207_3",0.062674
"3817_9",0.994594
"2200_10",0.993372
"4250_8",0.977045
"12213_10",0.997859
"11602_4",0.085442
"4507_4",0.027822
"3817_1",0.001118
"9394_1",0.002482
"9129_1",0.027954
"3675_7",0.989870
"1670_4",0.966632
"1151_1",0.006098
"8818_4",0.390970
"4810_7",0.927330
"4979_1",0.000754
"80_4",0.060585
"5506_9",0.756582
"7451_10",0.992626
"4539_10",0.991015
"6914_10",0.996733
"2807_10",0.989066
"10229_10",0.997817
"10908_8",0.984109
"7709_9",0.997188
"10872_9",0.996264
"8487_1",0.000752
"1140_9",0.987981
"558_10",0.995898
"9935_8",0.994605
"1084_8",0.995660
"6185_9",0.983036
"9278_7",0.139807
"3756_7",0.996972
"4308_1",0.000881
"121_8",0.995208
"11072_8",0.993385
"9420_7",0.476214
"3955_1",0.001051
"9591_10",0.128143
"11176_1",0.001230
"11882_2",0.002576
"12458_10",0.955361
"303_10",0.998110
"3779_8",0.992920
"1805_4",0.182134
"12054_2",0.001125
"1990_4",0.009331
"7331_1",0.010509
"6243_8",0.988027
"7201_1",0.000747
"6230_7",0.967379
"11252_3",0.003961
"8379_8",0.996727
"11890_1",0.014644
"6977_1",0.004858
"5481_1",0.001092
"6013_7",0.136608
"11638_4",0.025982
"3302_1",0.008553
"4837_4",0.079282
"737_1",0.000830
"6128_3",0.013364
"3749_4",0.002019
"580_3",0.018038
"11031_10",0.997199
"6644_1",0.000886
"8517_1",0.003331
"4883_3",0.010449
"4273_4",0.003490
"404_1",0.002731
"12108_10",0.996943
"10005_8",0.234034
"7140_4",0.181989
"258_8",0.991700
"6746_7",0.996746
"7189_2",0.021430
"11626_4",0.004944
"10785_10",0.996300
"11007_1",0.009578
"8987_7",0.953144
"275_1",0.001458
"2554_10",0.996858
"2682_1",0.003267
"3797_1",0.000987
"7383_1",0.005480
"9816_9",0.996227
"11057_8",0.974092
"11901_3",0.007907
"11501_3",0.028762
"11999_2",0.003210
"740_3",0.002283
"3109_8",0.976824
"2773_8",0.996765
"5725_4",0.005911
"4423_3",0.000972
"4035_2",0.001094
"6550_7",0.428951
"711_4",0.973620
"10773_4",0.020004
"11202_1",0.007275
"1054_2",0.000936
"2207_10",0.997054
"9809_4",0.089296
"11349_10",0.997404
"5195_4",0.001731
"6881_4",0.290364
"7537_3",0.004664
"99_3",0.006133
"6589_9",0.997264
"11781_10",0.994146
"4337_3",0.002043
"4928_10",0.995180
"6310_1",0.004468
"11867_8",0.771542
"9462_2",0.010704
"12224_9",0.932791
"1195_3",0.001999
"11324_10",0.995826
"11272_4",0.005911
"2461_7",0.997945
"4034_7",0.994509
"2340_10",0.998197
"9827_9",0.994920
"4660_4",0.152064
"2448_1",0.000869
"7485_7",0.801975
"7003_10",0.996650
"6204_1",0.002531
"1920_10",0.997215
"6824_1",0.002823
"6668_10",0.994259
"7359_1",0.000908
"2753_4",0.176849
"7320_10",0.997322
"3661_10",0.998405
"1059_1",0.001380
"5067_10",0.998073
"5724_3",0.001250
"11265_2",0.001190
"11331_1",0.013109
"5398_10",0.996907
"9328_2",0.001193
"100_4",0.020043
"6118_10",0.996809
"320_3",0.006476
"4395_10",0.995114
"7256_4",0.020177
"3949_10",0.995914
"7097_1",0.921781
"6971_2",0.002511
"9855_2",0.003124
"457_8",0.995793
"9929_7",0.964822
"9574_10",0.997409
"12261_4",0.245401
"5228_9",0.994066
"11684_2",0.000849
"7913_9",0.997048
"9595_3",0.002392
"10501_10",0.982014
"10610_7",0.993410
"8573_7",0.989722
"1823_2",0.005911
"12070_4",0.018743
"6995_8",0.990235
"4929_1",0.001107
"2555_4",0.001890
"6583_7",0.996650
"2490_1",0.001567
"8203_7",0.994225
"7861_3",0.001257
"2548_2",0.022180
"12291_7",0.985800
"756_1",0.001367
"9275_7",0.946990
"9234_9",0.997439
"10598_10",0.997205
"8252_8",0.991969
"3585_2",0.001176
"11561_1",0.056809
"690_10",0.990714
"7203_10",0.995946
"11141_10",0.993914
"5583_10",0.996047
"7341_10",0.997439
"10623_8",0.997868
"868_4",0.006513
"778_9",0.997838
"4653_10",0.937383
"7450_4",0.987005
"8836_8",0.990750
"226_9",0.952750
"464_10",0.996637
"2850_9",0.998110
"10242_8",0.994790
"2403_10",0.998539
"3397_10",0.996510
"1003_4",0.254555
"10940_10",0.984396
"3349_10",0.995635
"5909_1",0.003004
"12021_8",0.996462
"5019_1",0.006603
"1809_7",0.991985
"4435_10",0.997269
"10029_1",0.002283
"8234_2",0.023353
"3760_1",0.030880
"10952_10",0.997172
"1487_9",0.996016
"46_10",0.996740
"4917_4",0.002124
"2000_9",0.996610
"10974_2",0.060975
"11275_8",0.994499
"1816_10",0.994626
"4848_3",0.199191
"11730_3",0.244995
"1903_10",0.990083
"12331_9",0.805785
"10360_9",0.996093
"9243_10",0.996682
"10115_8",0.996925
"11417_3",0.001140
"6259_4",0.104843
"316_10",0.995161
"1100_4",0.608129
"7919_2",0.237443
"1871_2",0.002075
"12488_8",0.992184
"10239_9",0.985271
"7832_2",0.000820
"8808_1",0.000825
"7241_2",0.001472
"4412_2",0.001447
"807_10",0.996371
"9728_8",0.986841
"5665_2",0.003010
"491_2",0.001145
"7938_1",0.005533
"3513_8",0.996489
"8942_1",0.001341
"11520_7",0.216425
"11478_3",0.444836
"5627_10",0.997258
"3462_2",0.002616
"5161_10",0.996943
"6545_2",0.001147
"6513_4",0.771714
"3032_1",0.001487
"7403_2",0.003016
"11878_3",0.003160
"11348_8",0.993562
"4979_7",0.985649
"7131_1",0.000856
"3972_3",0.038575
"2925_2",0.871803
"5346_3",0.001824
"10709_3",0.042206
"10999_2",0.001333
"5974_10",0.995263
"9008_10",0.997949
"1324_10",0.997690
"10454_8",0.775095
"8336_8",0.992259
"5869_10",0.994729
"9922_3",0.001570
"2081_2",0.001158
"5811_7",0.994135
"1619_10",0.991969
"5461_7",0.994358
"9152_2",0.001930
"9071_8",0.995327
"4688_10",0.996039
"8956_10",0.993372
"1883_4",0.026156
"5707_1",0.000784
"7529_3",0.180865
"83_1",0.000880
"10440_1",0.000833
"3673_1",0.000883
"6983_4",0.023398
"2546_4",0.007163
"6698_3",0.012564
"10689_3",0.014241
"9986_10",0.997007
"5614_10",0.985468
"10094_4",0.041657
"12468_10",0.995381
"3828_10",0.990714
"10524_2",0.000876
"2016_2",0.002319
"7583_4",0.003736
"4795_8",0.996623
"7564_3",0.007877
"1366_3",0.006253
"508_4",0.085978
"9509_3",0.050658
"1587_3",0.002806
"12376_4",0.918114
"2525_8",0.989140
"2877_2",0.006401
"9485_9",0.978240
"12023_8",0.993819
"11544_10",0.991067
"198_3",0.010704
"4390_1",0.000812
"993_8",0.995818
"7965_9",0.995381
"8865_1",0.001250
"6638_1",0.001534
"141_8",0.995381
"136_2",0.003900
"3004_10",0.997937
"3457_9",0.996752
"11488_1",0.004512
"644_2",0.001408
"8387_9",0.996300
"5026_3",0.002556
"8936_7",0.996550
"453_4",0.008109
"8547_3",0.004495
"10542_4",0.010829
"5231_9",0.993385
"9592_10",0.977989
"8591_7",0.996000
"6686_10",0.996637
"7246_10",0.997925
"2194_4",0.034782
"11533_9",0.997792
"6109_10",0.974941
"9092_3",0.021348
"11223_8",0.995719
"10829_9",0.997735
"9857_3",0.006603
"2223_10",0.989692
"8052_10",0.633821
"11604_3",0.033305
"4448_1",0.022781
"5394_8",0.992349
"10168_9",0.993002
"11943_4",0.002929
"7311_8",0.981753
"1362_9",0.933582
"9165_8",0.995694
"12294_10",0.997368
"6086_9",0.996688
"608_8",0.997695
"4592_10",0.988039
"708_10",0.994708
"6548_4",0.932821
"7552_4",0.192919
"9263_8",0.901791
"5393_1",0.000997
"220_10",0.902781
"10640_7",0.994270
"4086_10",0.996489
"11026_3",0.001908
"12466_10",0.997059
"905_3",0.001775
"92_8",0.995363
"11362_10",0.992865
"5030_8",0.995601
"2909_7",0.922203
"8402_7",0.997306
"4046_10",0.974313
"4065_9",0.953101
"6460_4",0.086323
"11108_1",0.001793
"1139_1",0.000766
"2457_3",0.214527
"2675_7",0.992077
"9360_1",0.001525
"5750_8",0.996570
"7125_2",0.003679
"6637_8",0.996307
"3290_7",0.994688
"3979_8",0.986244
"2100_1",0.000804
"10836_1",0.001214
"10904_3",0.015709
"5226_7",0.990696
"22_8",0.994820
"2726_10",0.994456
"11405_8",0.995085
"11204_2",0.005200
"6201_9",0.996448
"1653_10",0.993537
"9500_7",0.992554
"12104_7",0.987580
"1499_3",0.009117
"1415_1",0.000849
"11285_2",0.005480
"4481_1",0.007012
"10249_8",0.997065
"2391_9",0.996078
"2186_3",0.079961
"56_10",0.998276
"127_10",0.997822
"5509_9",0.976535
"9855_9",0.027455
"7522_10",0.996523
"11751_9",0.991764
"3330_3",0.163012
"4055_8",0.994657
"3694_3",0.007205
"6911_4",0.006121
"9677_10",0.997232
"9706_1",0.002975
"426_4",0.003751
"2995_2",0.002035
"7914_8",0.997071
"11344_9",0.994800
"680_8",0.987747
"2094_3",0.161519
"2009_9",0.996213
"7309_7",0.991049
"138_1",0.001120
"2689_9",0.998062
"6050_2",0.007346
"8987_2",0.002941
"2053_8",0.992393
"12245_4",0.013835
"12020_10",0.649306
"10364_10",0.995922
"11581_1",0.001908
"12079_10",0.995660
"6537_1",0.004332
"2739_10",0.995318
"8719_1",0.008204
"9436_1",0.001131
"5029_3",0.008180
"8321_10",0.990642
"7135_9",0.991716
"9512_10",0.987228
"6397_7",0.595375
"9457_9",0.991522
"7740_2",0.000981
"10591_2",0.001147
"9856_4",0.006917
"2456_1",0.036804
"10543_7",0.980581
"544_4",0.142351
"3679_10",0.997663
"9042_1",0.000927
"5368_8",0.994900
"8276_3",0.001200
"1984_2",0.001531
"4205_7",0.988188
"5765_7",0.997248
"5202_1",0.002964
"4127_4",0.760784
"12316_9",0.997645
"657_1",0.000735
"12205_2",0.006241
"3426_10",0.998296
"5616_10",0.991748
"11644_3",0.008324
"795_10",0.991204
"12416_2",0.003254
"115_3",0.007432
"55_10",0.997459
"11187_10",0.913830
"9072_4",0.810404
"875_4",0.023757
"4196_1",0.001348
"293_10",0.038865
"5564_1",0.000866
"6811_8",0.996350
"9135_3",0.011984
"9964_8",0.990945
"981_9",0.884838
"8506_10",0.996517
"4459_9",0.995056
"7609_1",0.002993
"6246_10",0.995453
"5989_4",0.001846
"11839_10",0.989389
"9186_2",0.003795
"3411_10",0.994270
"8677_1",0.019419
"9125_4",0.109325
"2166_8",0.985468
"11827_4",0.008830
"2574_2",0.002071
"4789_4",0.066448
"1093_4",0.008070
"8195_1",0.002952
"11011_10",0.977110
"3944_9",0.898988
"10606_10",0.992481
"5029_7",0.715970
"9496_8",0.992349
"9256_8",0.997668
"5640_3",0.001136
"8164_8",0.988569
"10413_3",0.082512
"4838_2",0.001080
"12265_9",0.997613
"6222_1",0.000957
"883_8",0.991907
"395_8",0.990496
"1182_7",0.986429
"8701_7",0.978135
"8863_4",0.002774
"10943_3",0.001200
"10692_10",0.940243
"11872_7",0.998012
"4729_9",0.992169
"920_10",0.994800
"9352_4",0.003780
"10095_9",0.998377
"8986_2",0.001160
"7061_2",0.003587
"2746_1",0.000856
"10359_8",0.990366
"6826_7",0.012883
"7075_3",0.117978
"8237_10",0.997843
"9103_10",0.989986
"6538_9",0.906942
"3085_4",0.231375
"10759_9",0.618593
"12249_2",0.001957
"6774_4",0.014785
"3564_2",0.129073
"144_2",0.000804
"12112_3",0.001912
"8166_10",0.997993
"10817_8",0.995618
"7462_10",0.998269
"7626_2",0.025227
"8221_2",0.096578
"2528_10",0.033368
"6765_3",0.001226
"1267_8",0.997953
"8257_10",0.919245
"11501_8",0.997589
"11196_10",0.997237
"10006_7",0.979707
"2104_2",0.000804
"9067_8",0.520131
"4760_4",0.012171
"4372_7",0.964321
"3441_2",0.003370
"10439_3",0.076098
"6604_1",0.005120
"10689_10",0.994020
"11289_4",0.002699
"2051_7",0.953535
"42_10",0.998214
"1567_7",0.898855
"4890_9",0.996138
"2583_1",0.001461
"5376_2",0.001868
"2539_10",0.997424
"390_4",0.005642
"11509_1",0.000920
"7481_8",0.881615
"10840_2",0.001546
"9433_1",0.928862
"7774_10",0.994563
"2654_7",0.009756
"9582_7",0.994739
"1780_3",0.005002
"4032_8",0.909867
"3130_9",0.998862
"1920_3",0.004460
"5056_7",0.956594
"4537_10",0.994677
"2505_1",0.006577
"3942_2",0.000933
"483_2",0.172241
"2771_3",0.017543
"4872_8",0.991985
"7897_1",0.000878
"12039_8",0.993843
"11008_4",0.054752
"4090_7",0.991603
"3051_4",0.055618
"5700_1",0.000979
"3498_10",0.991716
"5676_7",0.996307
"5565_1",0.001325
"9347_10",0.967132
"4178_1",0.013454
"6303_4",0.153391
"1579_7",0.886027
"5783_9",0.983909
"4001_8",0.996392
"11698_2",0.003552
"7029_3",0.002828
"268_3",0.000739
"7098_1",0.988701
"6608_9",0.996278
"1123_1",0.006680
"7523_10",0.995399
"10647_3",0.004382
"12232_8",0.992214
"8103_4",0.707821
"7336_7",0.993831
"7049_8",0.996564
"9694_3",0.002763
"5894_3",0.004811
"10981_4",0.006904
"10104_10",0.998508
"5752_7",0.964018
"2622_2",0.004886
"11529_2",0.000975
"5040_1",0.001346
"1870_8",0.995142
"7368_3",0.002726
"843_1",0.101589
"4972_8",0.707000
"4615_9",0.997622
"8191_10",0.996108
"6940_10",0.713781
"4924_4",0.725770
"10392_2",0.000927
"3339_7",0.890199
"3594_10",0.998129
"10354_7",0.579222
"6594_10",0.997617
"11311_1",0.001067
"4409_10",0.998125
"1669_4",0.524090
"7819_1",0.005041
"6704_1",0.000815
"667_10",0.964355
"6444_1",0.049727
"1223_3",0.001558
"10089_9",0.997404
"6699_1",0.000933
"814_7",0.988358
"2363_10",0.914787
"1697_2",0.001701
"6345_4",0.001617
"10109_1",0.003254
"4563_7",0.936052
"1924_1",0.004982
"11416_2",0.001537
"539_7",0.982873
"5937_9",0.997166
"1912_8",0.890675
"4135_3",0.001188
"4141_7",0.108850
"7217_2",0.002112
"5538_3",0.006917
"2657_10",0.996590
"6279_4",0.145297
"7706_1",0.006157
"10409_10",0.992823
"6780_1",0.002779
"6251_10",0.998081
"12227_1",0.000798
"1146_10",0.995505
"10977_9",0.994677
"3857_1",0.001294
"7622_8",0.210036
"2548_7",0.855610
"8602_9",0.991084
"8885_8",0.991049
"472_4",0.001598
"11700_9",0.995540
"10268_3",0.001828
"7569_10",0.994830
"475_1",0.001297
"4719_1",0.001103
"8851_3",0.003046
"6320_10",0.906073
"4290_7",0.985029
"7936_10",0.995104
"4616_1",0.001484
"3616_7",0.992108
"4849_3",0.017193
"3689_7",0.340992
"11224_7",0.991136
"8893_7",0.969498
"11126_7",0.996420
"4816_8",0.991049
"5895_3",0.003463
"9373_1",0.008078
"2445_3",0.153517
"556_1",0.000940
"11855_1",0.061480
"11346_8",0.997379
"8621_8",0.996434
"10259_3",0.013312
"2354_3",0.004886
"8477_10",0.998570
"11408_7",0.011950
"8490_1",0.036494
"175_8",0.880077
"3376_1",0.010642
"3888_7",0.996752
"11655_2",0.011858
"9630_10",0.991456
"8121_1",0.001472
"10758_4",0.002901
"1979_10",0.990083
"9702_8",0.990292
"1064_1",0.001980
"850_4",0.062703
"1624_1",0.112454
"5885_10",0.996870
"8246_8",0.996455
"4073_7",0.993307
"5116_2",0.004374
"5379_2",0.007289
"75_1",0.003922
"5895_10",0.995946
"10651_9",0.994910
"1776_7",0.985100
"8500_1",0.000807
"11026_9",0.993294
"12195_1",0.024099
"1832_7",0.999215
"11424_8",0.995643
"1744_8",0.996577
"9699_1",0.002170
"11840_10",0.986324
"8955_1",0.004248
"1571_4",0.011609
"6434_9",0.992108
"7214_10",0.994626
"153_4",0.801625
"3914_1",0.957238
"5005_8",0.994008
"8283_4",0.710992
"8846_1",0.001302
"3708_1",0.817684
"5123_10",0.996385
"2868_7",0.997748
"6395_10",0.997306
"5788_4",0.313587
"2380_8",0.996676
"462_7",0.997589
"11697_7",0.997317
"3577_3",0.004673
"5569_4",0.019513
"348_1",0.002360
"9194_10",0.996990
"1001_4",0.025614
"6869_4",0.061537
"7182_1",0.006476
"2089_4",0.002763
"3496_1",0.880335
"938_1",0.003450
"10325_9",0.992093
"786_10",0.992851
"4562_9",0.996085
"2566_9",0.998703
"10732_3",0.027143
"7621_1",0.015000
"11747_10",0.997945
"11271_4",0.283881
"9057_10",0.998745
"12374_3",0.005150
"9130_9",0.989996
"9735_3",0.008212
"4305_7",0.997532
"10477_9",0.995540
"5498_9",0.998283
"4452_8",0.997508
"7993_1",0.033086
"3245_9",0.998553
"11289_10",0.098166
"2678_10",0.996093
"6836_1",0.001444
"10936_3",0.000725
"6870_4",0.005200
"10109_10",0.995993
"9907_7",0.317512
"4801_2",0.000789
"3684_10",0.996392
"12305_9",0.997013
"530_10",0.997253
"10977_2",0.001120
"9819_10",0.996278
"5057_1",0.006488
"8703_10",0.996901
"8997_2",0.000846
"5766_7",0.953101
"9436_8",0.989034
"39_9",0.999188
"6052_4",0.009223
"9748_9",0.995922
"8395_1",0.000799
"688_7",0.037857
"4688_3",0.007541
"6287_3",0.005642
"1945_8",0.994594
"11830_2",0.040200
"4042_2",0.001018
"10160_3",0.063424
"2069_4",0.010520
"11039_1",0.005406
"6675_3",0.013689
"9189_2",0.044266
"3683_10",0.998970
"5536_10",0.995390
"11089_1",0.002758
"9064_7",0.987794
"2079_1",0.001427
"648_3",0.002601
"12300_10",0.993599
"5755_8",0.984109
"3460_1",0.000795
"151_2",0.003722
"6990_4",0.067701
"11356_10",0.995744
"3062_2",0.001519
"4310_1",0.015529
"9393_9",0.978198
"5886_1",0.036357
"7359_10",0.996350
"3210_1",0.002487
"4689_10",0.992697
"11111_10",0.994900
"1413_3",0.039602
"2502_8",0.994191
"10737_2",0.002071
"6525_10",0.946695
"4416_4",0.004953
"1705_4",0.028844
"1485_10",0.991015
"4406_9",0.996153
"3365_8",0.991748
"6825_9",0.993843
"9214_1",0.366179
"8171_1",0.089415
"12138_7",0.006027
"2421_8",0.983118
"7727_4",0.001561
"8236_8",0.985072
"4802_8",0.997127
"5429_2",0.006426
"6584_1",0.003900
"5429_8",0.994657
"2124_8",0.997965
"11670_3",0.012077
"7527_1",0.002678
"11193_3",0.008046
"3647_10",0.995898
"2084_3",0.002715
"8481_10",0.998118
"2458_8",0.997748
"8705_1",0.029591
"4919_4",0.077868
"1621_1",0.021823
"6059_1",0.001607
"4132_1",0.104798
"10953_9",0.994800
"6692_8",0.998906
"3604_3",0.001567
"6432_1",0.000958
"10932_8",0.998439
"7248_3",0.476336
"3837_4",0.001090
"8770_8",0.933096
"12067_7",0.993397
"7351_1",0.004357
"11556_1",0.138520
"8220_1",0.027273
"8008_4",0.007261
"6500_1",0.003370
"8303_4",0.089694
"6765_10",0.998016
"4701_3",0.030997
"8956_1",0.001748
"11443_8",0.986853
"7119_7",0.993902
"11761_2",0.115262
"9921_9",0.876845
"2275_9",0.998348
"8849_2",0.001626
"2791_3",0.016231
"9105_10",0.995426
"1991_7",0.996740
"41_9",0.998793
"9259_1",0.002627
"3785_3",0.180937
"12335_3",0.002812
"7020_1",0.002862
"9490_4",0.034881
"11296_1",0.001226
"7641_2",0.006039
"8163_7",0.984723
"7342_10",0.994066
"766_8",0.997957
"5399_1",0.002823
"1565_7",0.978156
"12_9",0.997659
"11574_10",0.997796
"8194_8",0.134037
"6110_10",0.985950
"8108_1",0.000897
"3852_4",0.002566
"11474_2",0.002521
"11554_10",0.997368
"1798_3",0.004512
"11814_10",0.997503
"5072_9",0.992408
"4389_10",0.997498
"8148_10",0.997409
"5840_2",0.004382
"1972_7",0.988939
"10169_3",0.004737
"8651_1",0.001107
"6399_3",0.000801
"8965_1",0.056862
"8853_1",0.002823
"2841_9",0.997264
"6658_1",0.093927
"11515_1",0.004619
"4474_1",0.016785
"8221_10",0.996790
"12204_10",0.998402
"10671_1",0.000843
"7335_3",0.008093
"4050_3",0.183740
"9465_8",0.996371
"11620_8",0.997518
"11998_8",0.997444
"11188_2",0.004521
"6656_1",0.000989
"3416_4",0.002007
"11558_9",0.994054
"2752_4",0.016915
"10330_9",0.994979
"9323_7",0.995426
"12232_4",0.424531
"5699_7",0.991875
"1020_2",0.045016
"1161_1",0.001338
"10187_10",0.997439
"4585_10",0.936460
"7570_10",0.982840
"9752_1",0.030387
"4956_1",0.001330
"1355_2",0.001430
"10456_1",0.000908
"8757_10",0.995777
"2286_3",0.001800
"1297_7",0.936168
"5326_8",0.998436
"11535_10",0.998939
"4783_10",0.992031
"4292_2",0.001310
"2856_1",0.000803
"450_10",0.991472
"9611_1",0.029146
"2403_1",0.298287
"2037_7",0.962638
"9580_1",0.003707
"1694_7",0.991922
"11385_10",0.995785
"493_1",0.002616
"9013_10",0.996108
"11235_3",0.012384
"10793_3",0.004877
"2197_10",0.997337
"1887_2",0.003331
"6617_7",0.996293
"12028_1",0.001516
"5413_1",0.002015
"1134_1",0.000801
"1290_2",0.001516
"12241_8",0.966914
"965_3",0.001934
"2044_10",0.998176
"7782_10",0.988723
"6087_4",0.760784
"3600_2",0.001498
"1588_3",0.791861
"10421_8",0.505371
"3390_10",0.985356
"6531_1",0.001343
"9792_10",0.992975
"3755_9",0.995075
"11471_7",0.436532
"10427_10",0.996523
"4011_3",0.007053
"8784_7",0.407216
"10714_9",0.998853
"6031_9",0.992611
"8130_10",0.995768
"4772_9",0.950457
"6599_7",0.981239
"11335_2",0.004646
"6412_1",0.003344
"998_7",0.990366
"9542_10",0.996517
"1490_3",0.001645
"4142_10",0.993612
"8371_10",0.994303
"5457_8",0.991136
"5001_8",0.994584
"150_9",0.995444
"8487_10",0.996676
"10024_3",0.000938
"3687_8",0.996161
"6171_10",0.998371
"5462_8",0.996307
"1372_4",0.020785
"7361_8",0.993950
"1030_9",0.991587
"3341_8",0.966883
"7677_2",0.009082
"6584_7",0.997404
"2372_10",0.046638
"5898_9",0.996176
"7370_7",0.984002
"3018_9",0.997989
"4899_9",0.990642
"2385_4",0.006145
"8433_9",0.994292
"1989_8",0.920683
"10401_7",0.938294
"5668_1",0.003953
"11516_3",0.001163
"12419_1",0.018177
"5402_7",0.985608
"10537_9",0.997317
"117_10",0.994077
"6756_4",0.075483
"4051_3",0.006181
"9687_10",0.993549
"11011_2",0.001996
"8460_8",0.994840
"5155_3",0.006944
"2473_2",0.000849
"4074_1",0.003686
"4730_10",0.996257
"5310_2",0.002637
"6630_10",0.997177
"4363_1",0.001380
"1022_3",0.033117
"8247_10",0.989480
"7437_10",0.996537
"3846_7",0.979996
"7298_1",0.000970
"11955_4",0.009927
"9448_10",0.979076
"142_1",0.000841
"2260_3",0.001059
"9012_4",0.077938
"5321_9",0.896115
"527_10",0.993649
"2898_3",0.003185
"12302_9",0.997258
"1463_4",0.213090
"5278_1",0.001209
"6450_1",0.002083
"9704_1",0.001458
"2673_2",0.003052
"10175_2",0.004792
"8006_2",0.012995
"9492_4",0.072571
"4595_3",0.630358
"9499_2",0.000778
"7869_1",0.003229
"4047_10",0.998611
"4962_7",0.902524
"4052_2",0.004556
"1423_10",0.934515
"7376_2",0.002355
"1067_9",0.950365
"3289_1",0.001772
"5780_9",0.977926
"2965_2",0.007900
"4127_10",0.998487
"10156_3",0.007938
"11164_1",0.001267
"1422_10",0.934455
"9470_4",0.023509
"7733_3",0.027040
"3814_3",0.000938
"9900_1",0.001356
"5363_3",0.000933
"2878_7",0.756605
"11647_2",0.000871
"1729_1",0.002473
"2263_1",0.003185
"11707_2",0.001250
"10722_7",0.997708
"6321_9",0.971074
"7339_10",0.999043
"8003_9",0.986649
"11009_10",0.985086
"9458_1",0.009117
"10359_1",0.000814
"5530_3",0.001901
"3377_9",0.996815
"2256_9",0.996827
"9036_1",0.001018
"7621_7",0.763307
"9992_4",0.057229
"1004_10",0.994358
"6339_3",0.091423
"5554_10",0.990768
"10128_10",0.997722
"4540_10",0.988613
"1410_7",0.994820
"7072_1",0.005459
"4324_4",0.011575
"9611_7",0.862872
"7571_10",0.997019
"11337_1",0.001055
"1169_1",0.006241
"10881_4",0.001116
"8782_4",0.027954
"5357_10",0.995399
"9318_7",0.949716
"9071_3",0.996448
"485_4",0.030015
"3164_2",0.023242
"1343_10",0.976197
"571_10",0.998880
"6749_10",0.996876
"1945_4",0.037187
"8132_3",0.005120
"12380_4",0.008544
"11183_4",0.081630
"10526_10",0.985115
"7234_10",0.996510
"3054_7",0.978426
"5217_1",0.000782
"7106_8",0.993029
"11043_10",0.994749
"8447_2",0.002213
"9744_10",0.994657
"10638_9",0.988657
"8778_10",0.990422
"3666_9",0.994066
"4223_10",0.996399
"1642_2",0.017969
"10541_8",0.972545
"8067_1",0.002668
"11116_10",0.968111
"8701_1",0.002226
"6422_8",0.997332
"9168_1",0.008125
"4130_1",0.000908
"8492_1",0.000790
"6430_3",0.005675
"9306_8",0.990732
"10487_7",0.985718
"6687_1",0.079567
"11869_1",0.001006
"9224_10",0.994281
"1625_9",0.989781
"8651_7",0.881920
"3702_4",0.017543
"4470_7",0.022716
"31_4",0.007839
"11316_10",0.997650
"5961_8",0.993410
"4428_2",0.001589
"2540_4",0.082883
"4855_2",0.186465
"9997_2",0.002153
"12214_2",0.012065
"12383_2",0.014296
"12344_4",0.018125
"8147_10",0.997796
"2019_10",0.996220
"8161_3",0.011766
"7312_10",0.919353
"9310_8",0.983971
"11966_1",0.001701
"8962_1",0.005820
"5661_4",0.005302
"5765_4",0.007066
"10934_8",0.997681
"5801_9",0.777384
"190_2",0.001272
"880_8",0.989771
"10677_10",0.995018
"10520_10",0.996286
"6697_7",0.631452
"11582_1",0.002027
"1986_1",0.001734
"6021_4",0.001307
"7220_8",0.987240
"5870_1",0.006364
"1459_7",0.981239
"1733_8",0.995056
"7060_9",0.995760
"5249_9",0.996168
"8845_9",0.997290
"10133_8",0.839734
"3041_9",0.994402
"11504_1",0.003130
"6261_8",0.995488
"2942_10",0.998736
"5522_10",0.992467
"4260_8",0.992214
"1600_2",0.012613
"1698_10",0.995842
"5823_10",0.988960
"2413_9",0.987688
"7316_9",0.993574
"5963_2",0.002095
"9960_10",0.995208
"6014_9",0.996727
"2357_4",0.001351
"9788_10",0.556761
"8100_2",0.012564
"4099_9",0.993926
"10894_2",0.001953
"7940_1",0.001782
"3605_4",0.147555
"11270_3",0.076511
"2306_8",0.995291
"3825_10",0.996564
"161_7",0.984898
"12121_9",0.986416
"7916_10",0.717086
"10598_4",0.002581
"3484_10",0.997469
"8967_1",0.011453
"4005_2",0.004340
"10355_4",0.558086
"5215_10",0.366250
"943_3",0.001284
"11786_10",0.995066
"5938_2",0.001992
"998_2",0.004839
"4333_4",0.001620
"6606_9",0.989928
"5251_2",0.034133
"4152_4",0.047558
"3148_2",0.030301
"3344_7",0.949902
"9832_3",0.035178
"2689_3",0.305697
"3400_10",0.995719
"4000_4",0.831793
"3934_3",0.066236
"9014_9",0.973869
"2339_9",0.997945
"8833_1",0.002774
"10197_8",0.997082
"8811_1",0.088505
"1805_7",0.995037
"2238_7",0.991439
"2487_9",0.980110
"1737_1",0.001145
"4085_2",0.001652
"5665_10",0.995453
"9721_4",0.011180
"10577_9",0.994790
"8892_7",0.993333
"4503_10",0.998824
"9348_3",0.002149
"10382_10",0.992467
"8339_3",0.001707
"5199_10",0.997368
"1897_1",0.005160
"3578_9",0.995300
"9192_7",0.970070
"12154_2",0.004646
"5089_2",0.000851
"8988_7",0.791176
"10170_8",0.500244
"6690_8",0.997537
"2549_2",0.001595
"6546_3",0.001807
"5283_2",0.001846
"8131_9",0.996455
"4745_8",0.995532
"7251_1",0.003377
"1829_8",0.993831
"11922_9",0.994031
"10322_1",0.002812
"3163_4",0.005708
"11849_9",0.997215
"11809_10",0.997726
"1275_3",0.008925
"11694_4",0.002895
"12112_8",0.215021
"11212_4",0.383872
"5124_10",0.995702
"5362_2",0.003693
"2680_9",0.997166
"11181_4",0.012552
"4345_1",0.047558
"8916_7",0.981666
"10042_8",0.975530
"10324_8",0.995874
"4425_3",0.949669
"9133_3",0.095097
"11028_10",0.998882
"1941_7",0.984723
"10142_3",0.097950
"4572_1",0.001297
"10512_1",0.000722
"7180_7",0.991985
"3948_1",0.002183
"1238_4",0.004290
"5269_9",0.074534
"12346_8",0.674505
"11481_4",0.286568
"1943_3",0.001758
"4742_1",0.001028
"2433_1",0.001642
"4422_3",0.003279
"342_1",0.000822
"736_8",0.978405
"3036_10",0.014023
"9336_7",0.848659
"9205_1",0.001059
"9923_8",0.990768
"8875_2",0.006217
"2023_7",0.972046
"4102_1",0.018493
"11345_1",0.001294
"6736_9",0.998755
"7839_8",0.995245
"8572_10",0.973418
"7211_1",0.002196
"6666_2",0.000920
"1978_7",0.995497
"3156_1",0.009117
"3333_7",0.989223
"3720_4",0.232267
"1450_3",0.148479
"8563_10",0.977371
"9087_9",0.996062
"6843_10",0.996746
"3485_7",0.993747
"4259_10",0.997672
"10186_10",0.995123
"3312_3",0.006850
"7624_4",0.015351
"7930_3",0.002191
"8407_10",0.992892
"1771_4",0.428592
"11919_4",0.002828
"425_2",0.001151
"11795_2",0.002292
"6767_1",0.004134
"2996_9",0.996293
"990_1",0.004992
"3757_3",0.633679
"2981_2",0.010229
"10277_2",0.006998
"662_9",0.940189
"5311_3",0.005110
"3796_10",0.993926
"3846_1",0.014145
"5651_2",0.000920
"6649_3",0.004102
"10779_2",0.014145
"4548_10",0.990857
"7275_10",0.994043
"1605_9",0.963092
"3580_4",0.009055
"5712_2",0.002526
"5287_10",0.991136
"3230_9",0.961025
"7936_1",0.001129
"9983_3",0.001768
"9959_7",0.989358
"5739_4",0.010725
"4308_10",0.905197
"4854_8",0.989327
"8620_7",0.994191
"7923_9",0.994949
"11686_10",0.994225
"8253_1",0.019681
"11030_4",0.578597
"3995_9",0.996803
"10763_9",0.998039
"6780_8",0.996031
"10895_1",0.000792
"11778_1",0.841500
"8512_10",0.972415
"1061_1",0.003034
"10584_3",0.001832
"212_4",0.004134
"1908_2",0.001821
"10958_1",0.001598
"980_7",0.988712
"2686_10",0.997681
"2088_1",0.032498
"6075_1",0.003497
"9782_10",0.993123
"9180_3",0.011676
"2478_3",0.000968
"1634_2",0.000826
"6810_8",0.990366
"2562_10",0.996016
"3841_7",0.962743
"5387_1",0.001092
"9047_7",0.995969
"4962_4",0.033590
"8597_8",0.984017
"1515_1",0.000822
"1974_1",0.257999
"9935_3",0.944944
"2404_4",0.018229
"8638_1",0.000815
"8720_1",0.002601
"11411_2",0.025883
"7676_3",0.230422
"11756_9",0.996784
"4195_1",0.000728
"11787_10",0.994043
"11838_1",0.000869
"11748_1",0.000918
"7309_3",0.013956
"502_4",0.207576
"1239_10",0.995085
"8925_4",0.005251
"4242_1",0.002895
"2112_2",0.000886
"6359_8",0.993624
"8034_9",0.995066
"807_3",0.079139
"7852_4",0.007793
"8014_10",0.985000
"4823_8",0.996990
"8448_10",0.994552
"3564_8",0.824002
"858_4",0.532486
"8529_7",0.349456
"6515_3",0.002817
"2646_10",0.994949
"4278_1",0.019033
"5641_7",0.988863
"5382_4",0.007317
"3300_8",0.888904
"4849_9",0.997332
"12013_1",0.123683
"107_4",0.532851
"10046_10",0.991700
"9141_10",0.994910
"10297_10",0.998355
"634_10",0.993487
"438_2",0.001071
"11794_8",0.997301
"3937_4",0.013096
"3602_4",0.031679
"11851_1",0.001598
"8690_7",0.928051
"2697_2",0.016769
"805_10",0.997796
"7572_1",0.001835
"10553_1",0.000856
"5246_2",0.006074
"2064_8",0.969062
"11856_1",0.005190
"9026_7",0.932576
"4449_7",0.980803
"8579_10",0.996198
"8503_7",0.330174
"5734_1",0.173813
"11507_1",0.004332
"7956_10",0.988436
"11245_2",0.000799
"6142_2",0.005911
"10657_1",0.000810
"7992_1",0.001294
"11347_9",0.934872
"5278_8",0.997269
"6362_10",0.494202
"10214_2",0.002657
"9184_7",0.970743
"2666_10",0.995914
"7527_7",0.964489
"2001_1",0.001140
"12000_4",0.063686
"10302_3",0.038142
"7160_10",0.997048
"2757_10",0.993029
"3792_3",0.104706
"6199_1",0.000846
"10467_3",0.000979
"531_10",0.995345
"8193_9",0.998204
"248_7",0.997379
"187_1",0.012834
"5193_8",0.988525
"5138_8",0.997155
"8467_1",0.066478
"11029_8",0.988347
"667_4",0.047338
"3714_1",0.008644
"8102_4",0.989108
"9195_4",0.006539
"1432_3",0.001351
"9095_10",0.912358
"11510_2",0.059949
"5644_1",0.049451
"2556_8",0.995785
"11887_2",0.002975
"5374_1",0.001592
"5356_3",0.001984
"10209_1",0.006463
"2001_8",0.926103
"6088_1",0.011180
"6140_4",0.973393
"11494_4",0.016168
"11631_7",0.926603
"4818_1",0.001744
"10914_1",0.000792
"4472_8",0.995601
"8735_9",0.997513
"11190_1",0.005200
"462_4",0.014365
"6566_4",0.005911
"4598_4",0.937669
"11566_1",0.002128
"2560_3",0.003179
"11969_4",0.006706
"8765_1",0.002601
"9957_10",0.239549
"5210_10",0.992016
"5007_10",0.997613
"10290_10",0.996688
"10319_1",0.002208
"1848_2",0.003099
"1319_3",0.005664
"11248_10",0.996864
"379_1",0.048271
"3469_10",0.996577
"437_2",0.001438
"3648_1",0.013650
"8834_1",0.001116
"3316_1",0.001636
"9563_2",0.063570
"4500_9",0.998062
"6226_3",0.019401
"5653_3",0.007346
"5415_2",0.001519
"6725_4",0.018038
"9462_10",0.998004
"3471_3",0.020352
"7259_2",0.010945
"8181_3",0.001678
"10749_1",0.018725
"12283_1",0.001589
"402_1",0.001165
"8024_10",0.998032
"11114_1",0.001946
"461_1",0.003751
"10025_2",0.000947
"3358_4",0.058669
"2022_1",0.000839
"12493_7",0.993385
"4131_9",0.994657
"9852_4",0.006098
"7122_1",0.000968
"1994_10",0.995977
"10723_9",0.390127
"3900_8",0.994930
"7741_10",0.996870
"4287_9",0.996448
"10195_10",0.983894
"10941_3",0.001245
"1615_1",0.000781
"12337_3",0.007741
"2259_2",0.009170
"6179_10",0.997901
"138_8",0.996031
"6482_3",0.010469
"10362_4",0.000822
"1341_10",0.991828
"8299_8",0.959875
"7839_2",0.001274
"6659_7",0.994270
"7143_10",0.998636
"12445_1",0.000869
"3796_3",0.003124
"4180_10",0.989928
"7775_10",0.995151
"8946_9",0.996385
"1936_7",0.791741
"8387_1",0.000814
"10092_8",0.902481
"5729_10",0.995208
"1399_7",0.995898
"4011_8",0.994347
"7868_8",0.996039
"3546_8",0.970381
"8643_9",0.995336
"6033_1",0.002536
"428_10",0.990514
"3385_10",0.995345
"3073_2",0.000822
"4169_8",0.990533
"8191_3",0.021615
"211_3",0.002742
"297_2",0.019345
"4286_8",0.986297
"535_10",0.992640
"4851_4",0.030416
"9707_1",0.000934
"9740_10",0.352306
"5410_1",0.001786
"1436_1",0.001170
"3766_10",0.993372
"2483_9",0.995961
"1937_10",0.998197
"2939_3",0.004434
"3372_1",0.001576
"7825_10",0.997242
"7780_10",0.997957
"7656_10",0.997796
"4850_7",0.991860
"5083_4",0.007346
"10429_1",0.001140
"8009_2",0.003810
"10879_4",0.119768
"7328_1",0.006193
"10055_1",0.007012
"11715_7",0.906818
"1547_1",0.005416
"7665_9",0.991700
"6061_10",0.987759
"10800_1",0.001968
"10234_3",0.058885
"11334_2",0.738198
"3106_1",0.004512
"12173_3",0.002274
"2076_10",0.995809
"4414_7",0.945851
"7679_9",0.991636
"2010_1",0.000953
"9460_9",0.994135
"11261_4",0.006145
"7500_10",0.965349
"9503_4",0.029788
"5937_4",0.022032
"87_10",0.993819
"2968_1",0.000868
"6728_9",0.991373
"9954_4",0.027769
"5875_8",0.923902
"12429_10",0.994180
"11247_10",0.989761
"8879_4",0.881971
"2999_1",0.001134
"11448_8",0.990496
"3629_1",0.001289
"1302_1",0.010892
"10851_1",0.002047
"9533_4",0.002283
"4078_2",0.000897
"7813_3",0.000754
"11284_10",0.994698
"3509_8",0.998066
"11198_3",0.002924
"9197_9",0.997215
"3603_3",0.754553
"6472_7",0.995318
"2410_2",0.002823
"10240_10",0.990839
"6507_4",0.011332
"1511_2",0.033780
"5475_2",0.001908
"5728_1",0.001167
"5294_1",0.003622
"12024_10",0.987005
"2355_1",0.007025
"4088_9",0.997493
"2580_10",0.995744
"9423_1",0.005491
"6836_7",0.995914
"11806_1",0.001008
"8412_1",0.003173
"770_10",0.986494
"1029_10",0.995906
"11288_4",0.505920
"690_3",0.010871
"1925_9",0.996146
"2116_10",0.997699
"8597_2",0.055669
"8734_4",0.033621
"5549_3",0.002785
"5447_7",0.040087
"2519_4",0.161221
"11323_7",0.966220
"9338_1",0.001010
"3299_10",0.996235
"10585_8",0.831177
"3945_7",0.940463
"813_1",0.001034
"1300_9",0.996610
"5849_7",0.970632
"5535_8",0.982271
"3612_2",0.001299
"11064_2",0.001154
"376_10",0.993891
"8504_2",0.000869
"8198_1",0.010043
"6485_1",0.000861
"9011_3",0.150403
"6766_1",0.000787
"7282_3",0.038071
"1450_10",0.855610
"10644_8",0.994646
"5424_2",0.853364
"86_3",0.051368
"1221_1",0.000820
"2309_3",0.064036
"5190_4",0.004223
"11498_1",0.025035
"11959_10",0.997761
"10465_10",0.998339
"3922_4",0.098079
"9710_9",0.992611
"2014_1",0.001075
"3791_9",0.989450
"3548_4",0.004265
"6001_3",0.002397
"11920_4",0.025957
"10152_9",0.997909
"10305_1",0.028301
"10626_1",0.003559
"3057_3",0.254185
"5387_8",0.014337
"8138_2",0.002731
"11134_1",0.000846
"8341_2",0.000989
"6687_9",0.996827
"671_3",0.027481
"1156_2",0.001116
"11841_9",0.996840
"7193_9",0.996778
"2257_10",0.997925
"5261_3",0.056914
"10475_2",0.009012
"11175_2",0.124054
"8122_9",0.997864
"6266_7",0.997368
"4340_9",0.996476
"331_4",0.009879
"854_7",0.997650
"6800_10",0.998107
"982_8",0.992169
"5916_7",0.996765
"5871_2",0.004399
"4106_9",0.994760
"8506_1",0.015321
"4610_9",0.995381
"5086_4",0.002668
"453_9",0.926835
"4611_3",0.021719
"3764_4",0.007854
"7644_4",0.002531
"4037_2",0.000781
"1595_10",0.992920
"7792_3",0.001807
"10068_3",0.001490
"7199_10",0.997099
"2050_3",0.001629
"2460_7",0.997941
"9299_1",0.000844
"6297_4",0.024964
"7797_10",0.994043
"11272_8",0.981203
"7808_9",0.992334
"5806_3",0.001552
"4573_10",0.991118
"3935_7",0.906281
"3502_1",0.001174
"5744_10",0.306371
"10548_10",0.998620
"3746_7",0.915280
"3851_10",0.997969
"2648_2",0.000938
"11397_3",0.013480
"1024_4",0.022651
"4034_2",0.000764
"7010_10",0.994708
"10429_9",0.995818
"8086_1",0.000864
"6463_4",0.028355
"3540_3",0.011212
"7608_8",0.992437
"5123_4",0.114023
"8139_4",0.098469
"2535_10",0.989399
"4187_1",0.001744
"1711_4",0.004332
"6197_4",0.003862
"4953_7",0.988734
"578_9",0.983738
"4244_10",0.987104
"3893_8",0.987240
"4903_7",0.990404
"9850_8",0.997464
"11450_3",0.003052
"4926_8",0.996888
"804_1",0.018779
"5933_7",0.964489
"4407_1",0.003707
"7951_7",0.933794
"9759_10",0.997138
"3936_8",0.993961
"6998_1",0.035578
"8967_7",0.992947
"5061_4",0.017543
"7787_3",0.002287
"8320_10",0.998667
"967_7",0.953622
"11996_7",0.656366
"4233_8",0.996062
"2494_8",0.985356
"6804_8",0.996489
"1452_3",0.007621
"10327_7",0.987067
"1510_1",0.003504
"7223_4",0.003773
"2280_10",0.930458
"4092_9",0.996740
"11305_1",0.001325
"10599_1",0.000790
"9545_4",0.010581
"6423_8",0.996286
"12314_1",0.001149
"8470_1",0.028816
"8957_8",0.996796
"1725_9",0.992753
"11127_1",0.002434
"6570_8",0.993461
"10477_1",0.004811
"5503_4",0.012159
"12251_8",0.994949
"3474_10",0.998364
"7269_1",0.000900
"997_3",0.037609
"10781_10",0.996357
"6598_10",0.997031
"9225_1",0.002007
"20_9",0.995558
"9671_9",0.994123
"8627_3",0.003545
"12404_4",0.953923
"1110_7",0.997215
"6979_1",0.001012
"9082_1",0.003751
"3626_7",0.804675
"4856_4",0.996434
"11510_9",0.997264
"7024_10",0.998559
"1501_9",0.966315
"4185_9",0.966914
"8671_9",0.997566
"2225_10",0.997054
"199_4",0.486941
"6027_9",0.995850
"359_4",0.005427
"4065_3",0.006278
"12333_7",0.992184
"1963_10",0.997296
"9106_1",0.001094
"10478_1",0.005180
"10859_9",0.997766
"357_1",0.002935
"6982_10",0.995399
"460_8",0.997258
"9266_2",0.002678
"351_10",0.994646
"9562_10",0.918224
"9784_3",0.002166
"5949_7",0.996483
"6489_1",0.136206
"1607_9",0.995198
"4482_10",0.993189
"8816_8",0.902910
"2427_1",0.009376
"4838_9",0.996489
"10961_9",0.988896
"6708_10",0.997897
"1045_9",0.979900
"3607_3",0.004315
"4325_9",0.996016
"4779_1",0.002283
"4624_9",0.997699
"4564_10",0.992554
"7132_9",0.996016
"506_2",0.008959
"5939_1",0.003643
"3219_10",0.996000
"8620_4",0.065905
"2049_1",0.000812
"3367_9",0.952397
"7408_9",0.996220
"8850_2",0.003629
"870_4",0.001519
"8056_8",0.949248
"11367_10",0.994760
"6160_10",0.996278
"6712_8",0.235460
"5267_8",0.995417
"1191_1",0.001312
"1513_3",0.044473
"4741_10",0.931400
"9807_2",0.003490
"6926_10",0.995514
"6382_10",0.997847
"6636_8",0.991538
"6592_10",0.997917
"11308_10",0.990348
"10853_3",0.010368
"1774_7",0.721743
"8259_10",0.997306
"8649_8",0.995488
"10739_2",0.001294
"9843_7",0.991748
"5984_10",0.996937
"8658_1",0.001289
"10386_1",0.008544
"3271_4",0.038250
"6167_1",0.000809
"529_1",0.002867
"5696_2",0.003216
"1601_10",0.976957
"10744_8",0.990422
"6121_9",0.942560
"2598_10",0.998062
"9209_10",0.993587
"3831_1",0.001259
"7171_9",0.997025
"1850_10",0.997065
"8728_7",0.994719
"7698_7",0.994998
"5954_10",0.998299
"7104_7",0.011801
"5617_2",0.008553
"3896_1",0.045226
"4355_1",0.014928
"4212_7",0.988301
"622_1",0.006539
"3368_8",0.996815
"2870_1",0.022350
"12107_9",0.997444
"8016_8",0.993902
"8752_4",0.915432
"10653_10",0.995291
"7245_10",0.998774
"9742_9",0.995635
"7637_4",0.688148
"11903_10",0.998457
"9818_3",0.014928
"373_2",0.012883
"110_10",0.997859
"2450_10",0.995660
"9009_3",0.001601
"9132_2",0.001519
"11076_1",0.000831
"4285_4",0.012019
"109_8",0.032161
"2585_8",0.996978
"7781_1",0.000812
"1359_10",0.993914
"9773_3",0.001748
"10328_10",0.996784
"12063_1",0.001857
"12061_1",0.007163
"555_7",0.993002
"2288_4",0.001214
"1259_10",0.861771
"12098_1",0.003552
"6493_9",0.989460
"324_3",0.007403
"7834_8",0.405449
"8918_7",0.919570
"10736_9",0.997973
"5272_3",0.017797
"4302_1",0.001807
"646_1",0.007149
"10868_9",0.997264
"9654_8",0.991423
"10790_10",0.997489
"10589_3",0.002969
"6364_10",0.995198
"8477_1",0.000979
"6938_2",0.032590
"9420_3",0.003210
"1527_10",0.996392
"5769_1",0.001181
"1655_9",0.997731
"3917_10",0.996123
"8666_4",0.012265
"11820_2",0.012077
"11633_8",0.985936
"6136_4",0.003130
"10293_1",0.000953
"1084_1",0.001105
"12287_9",0.998364
"11297_1",0.001348
"6913_1",0.003105
"11371_10",0.977883
"9937_4",0.219505
"11341_10",0.996978
"5233_9",0.996746
"4358_10",0.997965
"10735_10",0.997884
"5234_1",0.003254
"7523_1",0.001842
"5758_3",0.001961
"11916_10",0.998439
"10276_8",0.994860
"5950_4",0.219254
"10329_10",0.995643
"8419_1",0.001868
"3343_4",0.001158
"3640_3",0.014971
"10160_7",0.979235
"1181_10",0.996954
"9181_1",0.018299
"5778_7",0.212845
"3659_9",0.803212
"4695_10",0.996827
"25_10",0.997726
"6127_2",0.023153
"1343_2",0.007541
"1110_4",0.001080
"12166_10",0.994347
"1853_8",0.994391
"6651_1",0.003423
"4927_1",0.000927
"10933_3",0.604866
"6911_9",0.995435
"467_9",0.975969
"2267_4",0.003671
"9005_3",0.043325
"10493_1",0.002360
"8159_7",0.912864
"10039_1",0.001302
"5147_1",0.168994
"12176_10",0.994314
"9299_9",0.996882
"2824_10",0.992725
"7695_1",0.001525
"8870_9",0.994940
"4063_8",0.970268
"396_2",0.001310
"9016_3",0.070208
"10148_10",0.997937
"2028_8",0.994203
"3738_7",0.321633
"11365_1",0.787890
"9987_9",0.996138
"4050_10",0.997699
"8028_9",0.974117
"10161_7",0.991204
"5997_3",0.004425
"7771_1",0.035478
"765_9",0.997155
"6558_1",0.005180
"9148_9",0.962497
"10100_10",0.997748
"11870_3",0.003377
"143_4",0.005437
"5865_10",0.992481
"2364_10",0.994708
"4695_2",0.000915
"3150_10",0.996790
"4181_10",0.995479
"8121_8",0.994391
"3263_10",0.997585
"9178_8",0.998592
"11323_2",0.001564
"8922_10",0.995930
"7884_3",0.087252
"6474_1",0.004886
"9697_8",0.997013
"9184_1",0.018317
"9483_9",0.991716
"5353_10",0.992184
"5978_2",0.001032
"7162_4",0.212191
"12175_3",0.001772
"8229_8",0.994325
"8618_2",0.001134
"854_1",0.003601
"1379_10",0.953837
"10833_9",0.993281
"2244_4",0.006784
"8145_3",0.005031
"9069_3",0.002191
"691_7",0.985426
"421_1",0.008561
"951_1",0.056652
"4966_4",0.002425
"9116_10",0.997210
"7903_10",0.997523
"3684_3",0.003877
"9435_1",0.001136
"4998_1",0.000999
"9698_1",0.005609
"209_10",0.973241
"10314_9",0.992568
"6677_8",0.993926
"3044_7",0.996047
"1322_1",0.002918
"3185_1",0.009975
"6619_1",0.014172
"3765_7",0.815196
"3348_9",0.984752
"11833_4",0.004425
"2250_1",0.000814
"7760_10",0.991764
"8619_8",0.996364
"5790_9",0.996688
"9197_1",0.001123
"4350_2",0.004682
"11545_10",0.989692
"12448_10",0.968944
"7160_2",0.002153
"5966_4",0.968020
"5284_10",0.994998
"5276_8",0.297279
"7498_1",0.001362
"10729_9",0.994180
"1827_3",0.002124
"3111_1",0.000785
"8298_8",0.846958
"12447_7",0.945197
"8035_3",0.003483
"1203_7",0.996669
"7620_1",0.004150
"2375_4",0.002383
"4026_2",0.001145
"1925_1",0.001057
"3658_1",0.000807
"114_10",0.996517
"3386_2",0.001084
"377_9",0.987794
"8855_10",0.991652
"10476_10",0.997690
"9073_4",0.071526
"3255_2",0.001908
"2918_9",0.940134
"5221_7",0.991860
"7546_1",0.001034
"8080_7",0.948537
"7434_10",0.993015
"1772_1",0.001617
"2690_9",0.993673
"7133_9",0.997570
"9947_9",0.991170
"11865_1",0.007039
"6346_10",0.998140
"2945_3",0.002023
"3625_8",0.917303
"694_4",0.032070
"6795_10",0.990696
"9353_4",0.905406
"12345_10",0.985200
"5316_2",0.003707
"12204_2",0.155015
"2186_10",0.996617
"5568_1",0.004281
"11080_1",0.001044
"228_1",0.007877
"7795_1",0.001871
"4886_3",0.093347
"11547_9",0.989948
"7494_2",0.005448
"5466_2",0.009313
"3655_8",0.997150
"4790_1",0.003396
"12370_10",0.992408
"546_3",0.014064
"11818_8",0.997110
"9426_7",0.984306
"1524_3",0.002059
"6486_3",0.004673
"5288_3",0.014842
"6797_3",0.004273
"8130_4",0.140808
"4064_1",0.001915
"4832_1",0.000958
"7232_1",0.001067
"7279_3",0.034554
"8356_3",0.038358
"3556_4",0.214691
"4097_7",0.995858
"7801_1",0.035611
"8393_1",0.009756
"5847_7",0.995826
"4470_4",0.010902
"6922_3",0.001006
"1094_7",0.877896
"10740_10",0.997150
"4933_8",0.996523
"7794_10",0.997830
"7218_1",0.004610
"12470_7",0.786541
"2980_7",0.998399
"10896_4",0.047294
"8652_8",0.986244
"3638_4",0.005150
"9497_3",0.755637
"9266_8",0.997787
"7392_9",0.996198
"10_7",0.966188
"2466_7",0.986611
"1612_2",0.019179
"10262_7",0.987253
"2193_4",0.004215
"179_10",0.996765
"6025_4",0.095013
"7633_7",0.788909
"9716_1",0.000773
"9487_10",0.994358
"9800_9",0.996937
"6424_8",0.989561
"835_4",0.004166
"11351_4",0.004839
"5508_2",0.008236
"12395_1",0.006667
"11986_7",0.979629
"9947_3",0.123630
"11529_8",0.996024
"93_1",0.003736
"9914_8",0.982691
"7953_9",0.997561
"9418_2",0.006205
"9089_8",0.996919
"10337_10",0.996321
"4440_1",0.008133
"890_1",0.001307
"6965_3",0.004700
"6540_7",0.995882
"7693_10",0.969985
"6470_2",0.004973
"9262_3",0.012871
"1901_10",0.185836
"5107_10",0.995993
"6013_3",0.015830
"9295_3",0.016482
"3450_9",0.997177
"820_9",0.980967
"3207_10",0.997409
"2620_9",0.800497
"9175_1",0.001018
"3058_3",0.009214
"4648_2",0.072440
"2012_9",0.996264
"8131_1",0.000913
"4808_4",0.180829
"9182_7",0.995085
"6829_3",0.009349
"10736_3",0.002323
"12347_10",0.988777
"9973_9",0.996790
"5320_4",0.008156
"4462_2",0.002801
"2573_10",0.996286
"5580_1",0.002051
"11771_1",0.002958
"10782_2",0.032651
"7719_3",0.017359
"1897_10",0.910903
"8797_8",0.995488
"5464_10",0.997414
"6480_1",0.002107
"10346_4",0.000981
"9386_7",0.908334
"1027_4",0.171373
"11905_10",0.998478
"7804_10",0.988569
"1491_1",0.008204
"6521_1",0.001012
"11835_1",0.000818
"9661_3",0.000876
"9476_7",0.882327
"1398_8",0.968797
"7373_2",0.004298
"10278_7",0.993612
"1422_4",0.020216
"2823_1",0.009841
"2691_3",0.001487
"5825_4",0.071041
"4113_1",0.005385
"10081_10",0.932269
"6700_1",0.001330
"4482_3",0.027455
"652_8",0.964187
"5364_3",0.002720
"2853_7",0.939248
"4328_10",0.989662
"2636_7",0.882681
"10850_10",0.997774
"12059_1",0.000911
"4135_8",0.995470
"6311_2",0.001259
"12379_3",0.006577
"7288_4",0.029676
"1463_9",0.995685
"2112_7",0.993867
"3942_8",0.960398
"7693_1",0.001481
"2451_10",0.995727
"11441_10",0.975367
"11331_8",0.992047
"7233_2",0.002350
"649_2",0.074332
"6388_10",0.997566
"3861_10",0.928279
"4188_10",0.997071
"10556_10",0.998028
"5855_4",0.057229
"7153_2",0.003197
"9710_2",0.003722
"7607_10",0.997105
"4534_7",0.205137
"11074_1",0.000886
"9650_7",0.994314
"10921_4",0.030473
"6121_1",0.004046
"10458_1",0.000833
"9602_1",0.003344
"9693_3",0.033780
"9188_3",0.422654
"6333_9",0.995462
"8905_10",0.997613
"1335_7",0.996564
"11513_10",0.996123
"6925_10",0.993612
"10928_10",0.996656
"12454_1",0.001176
"6286_10",0.985200
"5163_10",0.995027
"10200_7",0.987958
"3501_10",0.996919
"6574_3",0.023198
"5169_1",0.003154
"2640_8",0.996190
"7117_10",0.996864
"3569_3",0.018779
"9810_10",0.922378
"2080_2",0.001525
"3437_2",0.006890
"7503_8",0.997997
"3753_3",0.004399
"10868_1",0.001240
"12385_10",0.081009
"11870_8",0.996420
"6694_9",0.995793
"11824_10",0.997770
"1750_4",0.175361
"572_10",0.860193
"970_4",0.036118
"12211_10",0.470919
"6972_7",0.996972
"1554_1",0.072145
"8868_7",0.982271
"501_1",0.003892
"2023_1",0.000742
"4272_3",0.001269
"2536_10",0.983847
"2819_7",0.523055
"1810_1",0.001044
"11364_3",0.044681
"6086_1",0.000904
"1901_3",0.001067
"2847_3",0.001999
"6224_1",0.000792
"4305_1",0.001487
"3685_3",0.000828
"6292_2",0.002536
"10626_8",0.996676
"10721_4",0.008308
"8086_9",0.993320
"7886_8",0.993867
"6601_2",0.002087
"3806_8",0.991084
"2611_1",0.001086
"1696_10",0.702517
"3823_10",0.756560
"6917_4",0.068009
"9469_4",0.043732
"9498_9",0.994790
"11046_1",0.000785
"6519_9",0.991373
"10676_8",0.985649
"3139_9",0.991322
"1098_9",0.997269
"2588_8",0.934932
"9924_1",0.001174
"2131_3",0.029930
"236_3",0.009099
"5390_2",0.009143
"11292_10",0.994594
"4149_8",0.994969
"610_1",0.037397
"10184_1",0.004023
"9123_3",0.050799
"3220_3",0.025012
"9124_2",0.005427
"9103_1",0.023109
"2896_10",0.997527
"8478_1",0.000861
"11845_2",0.005302
"3646_1",0.288494
"12254_7",0.997285
"857_7",0.995047
"592_3",0.162181
"1276_9",0.997155
"5096_10",0.997796
"10725_1",0.001012
"8426_4",0.159414
"10244_2",0.001167
"4786_9",0.981683
"8358_7",0.420302
"5266_7",0.991322
"3581_10",0.989480
"12349_1",0.143308
"3429_4",0.010004
"9807_9",0.989561
"6631_2",0.002274
"4981_1",0.001048
"273_1",0.003160
"733_7",0.934395
"4982_3",0.012420
"2347_10",0.996682
"6263_10",0.995514
"3699_9",0.978198
"2270_8",0.995826
"8095_10",0.993612
"3347_8",0.987876
"4161_4",0.005697
"3331_3",0.030909
"6845_3",0.001230
"9272_4",0.299246
"997_7",0.993346
"1798_10",0.995938
"4262_10",0.996858
"4868_7",0.993474
"7487_1",0.001305
"8262_10",0.993879
"12397_1",0.001250
"4786_4",0.009643
"3240_9",0.994749
"10992_10",0.998245
"8209_1",0.002174
"6089_10",0.998012
"9735_7",0.994123
"2554_4",0.033748
"8995_10",0.998214
"5732_4",0.030851
"1088_8",0.995930
"12345_4",0.011061
"9364_4",0.488649
"12348_1",0.003707
"3311_2",0.000995
"6707_4",0.004592
"7048_7",0.984664
"9736_4",0.087486
"2975_10",0.996078
"982_4",0.061087
"3227_4",0.045016
"5185_1",0.001871
"2131_8",0.996321
"6941_8",0.989409
"11936_8",0.934155
"2383_8",0.338849
"3057_9",0.997248
"8058_1",0.000858
"4622_8",0.983801
"2208_10",0.270480
"12144_8",0.926935
"2737_10",0.996300
"3550_3",0.090173
"2789_8",0.997613
"11757_9",0.995954
"10676_4",0.024798
"2855_2",0.001071
"2740_3",0.003915
"8609_7",0.995618
"2147_4",0.021328
"8093_2",0.003566
"10335_1",0.001665
"1098_4",0.002011
"6255_10",0.908456
"7276_1",0.000853
"11301_10",0.998232
"1334_3",0.003915
"8983_9",0.996833
"1694_1",0.020216
"9658_1",0.001020
"8438_8",0.993307
"536_3",0.001292
"7074_10",0.993902
"1992_2",0.015306
"5040_8",0.996213
"753_2",0.002112
"7967_4",0.038322
"3763_2",0.028275
"3953_2",0.002566
"3351_4",0.145965
"1704_8",0.995180
"6817_10",0.996937
"11914_4",0.230183
"12071_10",0.994146
"6969_4",0.056236
"11992_1",0.001008
"11532_4",0.109040
"5253_9",0.997527
"5596_9",0.998882
"6560_1",0.003450
"8082_1",0.001186
"864_2",0.029760
"5929_8",0.169922
"10217_4",0.001455
"11277_4",0.079710
"10701_10",0.980747
"1245_8",0.992753
"10024_9",0.964389
"3344_1",0.192046
"12006_10",0.996138
"1031_1",0.014914
"665_10",0.991032
"10460_1",0.125708
"7038_9",0.885235
"7843_8",0.995922
"5095_9",0.993397
"11426_3",0.002964
"265_9",0.995626
"7163_4",0.004925
"77_2",0.002502
"4709_10",0.996708
"11151_9",0.267815
"2269_1",0.006302
"820_1",0.003204
"1451_7",0.029732
"281_1",0.004365
"6598_1",0.000787
"4341_1",0.005820
"9560_3",0.004248
"4698_1",0.011915
"7408_3",0.002839
"11729_4",0.001475
"11489_3",0.012698
"9711_1",0.002715
"9994_10",0.998326
"586_8",0.996943
"8047_10",0.995505
"4531_7",0.942876
"1293_1",0.001908
"7581_3",0.002059
"5129_4",0.929856
"1748_1",0.011126
"8155_1",0.001149
"8827_7",0.892187
"6616_8",0.997144
"1040_9",0.988613
"10942_1",0.003839
"5306_1",0.000839
"8168_1",0.060947
"291_9",0.996523
"383_9",0.994605
"11908_9",0.989213
"7898_10",0.985704
"4043_2",0.001125
"3376_8",0.111725
"3067_7",0.013338
"11496_8",0.996070
"9885_2",0.083628
"3554_10",0.994445
"2986_3",0.022393
"1332_7",0.944074
"5585_8",0.987326
"5981_3",0.001006
"1556_1",0.001099
"8523_10",0.994281
"11792_1",0.000925
"7610_10",0.995735
"12114_9",0.995694
"8589_1",0.000799
"3898_8",0.997007
"5101_10",0.998548
"9607_1",0.017661
"6673_8",0.997796
"7662_1",0.005566
"2241_1",0.001040
"6674_2",0.001727
"7797_1",0.007877
"6400_2",0.001658
"628_8",0.976625
"4898_4",0.220972
"11592_2",0.076718
"1311_2",0.001416
"5494_3",0.056392
"7067_10",0.994112
"11267_10",0.994949
"6797_10",0.996364
"9987_1",0.001170
"9740_3",0.236759
"6743_1",0.001904
"5302_1",0.001240
"8464_8",0.979531
"7846_4",0.029845
"5990_1",0.000851
"10889_2",0.002551
"11406_8",0.997744
"9093_4",0.010766
"8501_1",0.000890
"8431_4",0.020785
"8076_1",0.005753
"6831_8",0.960621
"984_8",0.992319
"369_1",0.012983
"9668_10",0.997065
"2972_10",0.993759
"5611_1",0.002453
"659_1",0.000911
"6360_7",0.732855
"7628_7",0.562837
"5311_9",0.992229
"2005_10",0.996623
"5396_1",0.001531
"1308_3",0.003022
"4737_3",0.134548
"8042_1",0.001289
"11585_3",0.036804
"1182_2",0.001629
"2581_9",0.995906
"10496_1",0.001034
"3561_7",0.966569
"8272_1",0.001570
"6571_4",0.061621
"3125_7",0.995309
"9120_3",0.002274
"12220_1",0.000940
"5783_3",0.010499
"105_8",0.994850
"11885_9",0.996809
"11317_1",0.003743
"7999_7",0.993346
"5800_7",0.994739
"2811_8",0.233750
"7381_9",0.919353
"9828_7",0.931181
"7849_4",0.326646
"8174_4",0.007247
"9320_1",0.001160
"5747_7",0.986284
"11097_3",0.002226
"6472_2",0.009313
"1200_10",0.994820
"10125_4",0.001768
"5422_10",0.994749
"9889_9",0.998475
"7370_2",0.002747
"696_4",0.084758
"8609_4",0.187430
"11850_7",0.934932
"889_7",0.216012
"8695_2",0.001372
"4944_1",0.001391
"6899_8",0.995180
"3388_10",0.997744
"1051_1",0.020705
"431_2",0.002401
"2353_1",0.191592
"5131_3",0.000893
"482_9",0.988268
"1283_10",0.995435
"10884_1",0.000718
"221_9",0.993281
"8688_3",0.001842
"9891_10",0.997384
"705_10",0.994358
"5604_1",0.000944
"4960_3",0.001507
"12439_1",0.002319
"8897_1",0.000876
"3549_8",0.960473
"7301_7",0.990606
"8183_3",0.235196
"7751_10",0.997503
"9084_9",0.388154
"3048_1",0.002305
"8443_1",0.001204
"3373_3",0.018529
"3867_4",0.118793
"604_3",0.002969
"2162_1",0.002243
"4367_9",0.987290
"10255_10",0.997547
"1909_9",0.989234
"1446_3",0.001082
"1247_1",0.000995
"2703_1",0.026355
"921_1",0.000766
"156_9",0.996293
"7516_4",0.629034
"6155_4",0.021186
"8991_3",0.014420
"3813_3",0.006314
"551_4",0.001472
"12326_1",0.000871
"5102_3",0.993512
"10901_3",0.001492
"1517_1",0.001034
"8762_10",0.995426
"1282_10",0.997025
"2531_9",0.993574
"7764_8",0.993612
"2906_8",0.997348
"6730_7",0.082846
"7749_9",0.998172
"7765_3",0.006253
"12412_7",0.983691
"582_4",0.015292
"5792_1",0.007839
"2174_7",0.950041
"7605_10",0.997726
"2721_1",0.003040
"2151_10",0.996771
"8152_1",0.003587
"6488_7",0.990750
"9446_8",0.977820
"10617_8",0.995027
"12455_2",0.147740
"7377_10",0.998964
"11891_2",0.121842
"4319_4",0.177134
"1050_9",0.990441
"9109_2",0.001242
"10500_1",0.000799
"11749_7",0.990131
"12250_2",0.003693
"1193_2",0.007163
"8313_8",0.994605
"8918_4",0.009322
"7122_10",0.996746
"6210_8",0.994910
"10050_8",0.987700
"4921_10",0.994940
"1857_7",0.887595
"9718_10",0.998606
"2482_1",0.002278
"2624_1",0.002621
"3284_2",0.000878
"11435_3",0.006086
"10971_7",0.990083
"2606_4",0.097476
"7540_9",0.996420
"10929_4",0.868046
"8566_8",0.816370
"4693_1",0.000809
"1281_2",0.001354
"267_1",0.000938
"2133_10",0.992611
"6762_8",0.994698
"1043_9",0.997248
"2812_4",0.001546
"6981_4",0.001071
"4038_9",0.993587
"4256_10",0.996846
"8206_1",0.000920
"2060_2",0.014365
"7372_1",0.000934
"732_3",0.001433
"5367_7",0.936692
"9765_10",0.994043
"8843_4",0.011665
"9723_10",0.994541
"11966_8",0.978281
"5087_8",0.973393
"9379_9",0.993938
"9615_2",0.006564
"991_7",0.994708
"4461_4",0.153867
"5857_1",0.001755
"2358_3",0.003824
"5247_10",0.981346
"12430_8",0.920683
"5943_4",0.012420
"11917_10",0.995993
"4144_4",0.152852
"3128_7",0.990587
"5152_10",0.997508
"8028_1",0.001216
"788_1",0.001430
"9552_2",0.446314
"12051_4",0.006302
"701_4",0.045905
"5738_7",0.744099
"5953_1",0.001200
"3694_10",0.984185
"12371_10",0.995189
"650_10",0.998332
"3772_8",0.994688
"3919_9",0.993448
"12420_10",0.980839
"6164_1",0.001279
"12202_10",0.996085
"4142_3",0.001452
"285_4",0.006050
"9190_4",0.021166
"9297_10",0.995710
"2857_1",0.001163
"5576_10",0.996413
"7603_1",0.000738
"1987_10",0.986713
"6978_1",0.001134
"2390_3",0.003862
"662_4",0.003331
"7957_1",0.034619
"3009_2",0.004521
"9574_1",0.000843
"703_2",0.030531
"11871_4",0.006463
"8056_2",0.001546
"11468_2",0.004503
"7549_10",0.996943
"4506_1",0.011904
"160_1",0.001018
"2400_1",0.058453
"146_8",0.993410
"1174_7",0.990197
"1623_2",0.010746
"2909_1",0.001114
"9284_3",0.009090
"753_7",0.941277
"456_1",0.057282
"329_1",0.001120
"1996_10",0.996517
"7468_10",0.997194
"11219_3",0.540378
"5749_8",0.993996
"1563_2",0.006577
"9713_8",0.959573
"12467_2",0.001078
"5686_2",0.001684
"6424_2",0.001755
"11137_10",0.994605
"5613_7",0.996708
"2113_2",0.002492
"8623_8",0.938520
"2086_10",0.996771
"6846_8",0.995217
"3230_2",0.001953
"4973_4",0.003700
"2935_2",0.001156
"12176_1",0.003984
"6272_9",0.153486
"728_10",0.996314
"9843_2",0.002502
"4897_2",0.089654
"12121_3",0.007778
"11934_4",0.014159
"1453_2",0.003594
"9676_9",0.987228
"3072_10",0.994657
"6667_2",0.991828
"8932_9",0.998844
"9452_10",0.994920
"953_2",0.006931
"3268_3",0.092647
"6276_1",0.001946
"2522_3",0.025565
"2630_10",0.992781
"2031_10",0.998502
"3754_10",0.698047
"10791_1",0.029257
"7755_3",0.035013
"11180_10",0.994314
"8020_9",0.991255
"3767_4",0.994347
"3519_10",0.996778
"8180_9",0.995890
"11639_4",0.198025
"7540_2",0.002261
"4746_1",0.002063
"4027_1",0.001610
"952_1",0.009569
"4070_1",0.707708
"8346_1",0.126515
"1499_9",0.958421
"1601_4",0.002095
"1698_1",0.005271
"3055_3",0.012396
"7744_1",0.001328
"3183_8",0.998475
"9482_1",0.001405
"3712_4",0.455380
"9260_4",0.975083
"10042_1",0.001389
"3873_3",0.003657
"11273_10",0.985342
"2918_1",0.221856
"1292_3",0.004925
"1837_2",0.002652
"4650_4",0.065038
"8686_4",0.031292
"11307_8",0.978031
"10044_2",0.000972
"12035_1",0.000947
"2259_9",0.996564
"6582_1",0.058239
"10194_1",0.001927
"7932_10",0.987640
"8064_8",0.989682
"5017_4",0.245130
"6456_9",0.993831
"10768_8",0.993807
"9479_10",0.995291
"9734_4",0.038466
"2245_1",0.073696
"7275_3",0.012360
"1193_10",0.988222
"3883_4",0.003357
"5456_3",0.129073
"10014_2",0.000789
"8045_9",0.994270
"9093_7",0.994541
"9971_1",0.002463
"1052_3",0.007816
"10952_1",0.000804
"3449_7",0.090977
"2488_1",0.014406
"8422_3",0.018761
"1541_10",0.997242
"11863_1",0.000820
"10102_2",0.014172
"3838_9",0.991668
"8538_3",0.018177
"12432_1",0.001151
"6339_10",0.995906
"1860_10",0.997343
"11402_1",0.001402
"10770_2",0.003758
"8046_8",0.989202
"2748_3",0.144450
"361_9",0.990750
"8427_10",0.997726
"11792_10",0.993461
"10331_9",0.997002
"3506_1",0.000922
"7374_7",0.997454
"5658_9",0.993698
"7170_2",0.049497
"6144_1",0.003700
"5035_7",0.997306
"4566_3",0.004905
"9544_1",0.000888
"1959_9",0.995727
"2390_9",0.995408
"4960_9",0.997941
"3425_2",0.001370
"4000_10",0.996984
"12418_3",0.008611
"9771_10",0.996537
"621_7",0.993549
"3510_1",0.002704
"6893_7",0.281677
"3680_9",0.997864
"3118_9",0.994358
"5433_7",0.959649
"8381_9",0.996116
"10205_10",0.995470
"1437_1",0.002758
"5675_2",0.004365
"1597_7",0.993110
"1549_1",0.002873
"11391_10",0.996108
"12101_8",0.997414
"9356_8",0.995453
"10128_1",0.002023
"11249_4",0.083928
"12441_2",0.000706
"7486_2",0.020391
"4905_9",0.994347
"5441_1",0.003700
"2613_10",0.991118
"10351_3",0.095518
"10459_10",0.993914
"2565_8",0.997901
"1338_1",0.002191
"823_7",0.870101
"8924_7",0.995470
"1382_10",0.991875
"4150_7",0.487490
"6004_8",0.960952
"2508_10",0.990235
"10935_8",0.996701
"692_7",0.950595
"7778_10",0.995677
"2016_10",0.995390
"1042_3",0.002726
"7823_1",0.002116
"149_1",0.003167
"5551_3",0.010179
"366_8",0.997368
"3483_10",0.997843
"278_1",0.001416
"9951_4",0.206854
"2731_10",0.996564
"4403_10",0.998342
"5307_1",0.000922
"8185_9",0.996643
"11059_8",0.995161
"10273_10",0.996100
"5336_4",0.003773
"5147_7",0.912903
"1525_1",0.005210
"8507_7",0.973869
"8501_10",0.998695
"2424_2",0.017986
"8959_9",0.998688
"11318_8",0.996483
"1270_8",0.995660
"1655_1",0.001042
"10161_1",0.001832
"8531_10",0.826292
"9144_4",0.005491
"1201_2",0.059976
"11822_10",0.997071
"11486_3",0.003608
"8038_10",0.995993
"1981_2",0.007541
"11901_10",0.997838
"5441_9",0.998114
"11709_9",0.997551
"9333_8",0.995566
"7881_3",0.009188
"2815_9",0.978177
"3251_3",0.001262
"1792_3",0.004031
"8625_2",0.004007
"4221_3",0.112356
"2742_10",0.996271
"11118_4",0.182098
"11613_3",0.015739
"6104_1",0.002668
"3046_1",0.000846
"8729_4",0.018090
"1827_10",0.994281
"762_7",0.874399
"8855_2",0.001134
"7573_3",0.015131
"8616_4",0.005969
"4830_7",0.995540
"6646_1",0.002924
"8746_4",0.051702
"1875_7",0.988960
"1221_10",0.998179
"11842_2",0.000899
"3002_1",0.002862
"5776_1",0.001067
"5479_10",0.997796
"6034_4",0.014616
"10984_1",0.053700
"12043_2",0.011984
"4961_8",0.993747
"9601_10",0.212028
"2216_4",0.022457
"1189_10",0.997459
"8461_4",0.005323
"2575_10",0.998721
"3782_1",0.001934
"8927_8",0.992781
"7006_4",0.004442
"6103_7",0.987005
"3218_10",0.998329
"797_10",0.993423
"76_4",0.378531
"9497_7",0.937669
"9637_1",0.005051
"1070_10",0.996371
"9732_10",0.002420
"8144_3",0.004118
"6247_10",0.976625
"10230_7",0.996235
"10731_3",0.004718
"740_8",0.995408
"2145_8",0.995309
"834_8",0.979255
"6621_10",0.998103
"1749_4",0.081082
"5730_10",0.992077
"11167_4",0.004858
"1106_9",0.991221
"8152_10",0.995245
"11968_8",0.882377
"7728_9",0.991716
"237_1",0.001658
"10754_1",0.002929
"1055_10",0.997744
"65_7",0.992739
"4092_3",0.014871
"3337_7",0.991489
"3163_8",0.903890
"7645_1",0.000796
"10883_1",0.002901
"4597_7",0.995618
"11850_1",0.002924
"1025_10",0.997464
"11908_2",0.003773
"7838_4",0.127979
"7725_7",0.992753
"8146_9",0.997493
"3741_8",0.997961
"323_2",0.015000
"8244_3",0.000885
"4593_1",0.001307
"6902_1",0.000985
"1791_1",0.001796
"11490_10",0.992031
"4200_1",0.000953
"1611_2",0.026607
"3215_10",0.997093
"5864_10",0.005577
"3776_1",0.006706
"6356_9",0.997258
"9139_10",0.996024
"5115_10",0.997627
"3064_10",0.996062
"149_9",0.995263
"2873_3",0.002720
"3790_1",0.001193
"3136_9",0.994191
"1696_3",0.018021
"4961_2",0.026683
"11918_10",0.994910
"3663_10",0.998092
"8115_3",0.019531
"3690_8",0.764892
"11431_1",0.007205
"3830_10",0.991084
"11896_10",0.996960
"8753_10",0.988436
"10121_1",0.004755
"1142_7",0.987888
"7188_7",0.792464
"7044_1",0.006719
"11750_4",0.001490
"7688_10",0.993879
"12292_10",0.997253
"5533_1",0.090856
"4147_4",0.003350
"8515_2",0.003580
"10756_3",0.054049
"11899_10",0.991406
"11867_2",0.002845
"7814_8",0.996840
"1855_10",0.998418
"10357_2",0.008125
"5218_1",0.039306
"6641_9",0.995354
"5777_10",0.989337
"11982_1",0.000836
"10980_10",0.993855
"8585_8",0.972882
"941_2",0.001242
"1697_7",0.990839
"9872_8",0.994380
"2377_4",0.004709
"2033_8",0.996293
"5864_1",0.005809
"4295_7",0.998179
"2610_1",0.000964
"1730_10",0.987179
"11095_8",0.904186
"1699_8",0.962532
"344_9",0.996264
"7136_3",0.001714
"2402_10",0.981293
"472_10",0.995744
"170_7",0.958187
"7019_1",0.005820
"11798_10",0.998348
"7549_2",0.000885
"8414_10",0.977328
"573_3",0.042483
"6678_1",0.013197
"10002_3",0.006890
"3905_3",0.111773
"1849_4",0.207857
"7959_2",0.007025
"597_4",0.083628
"2719_8",0.991985
"10519_1",0.000974
"6112_1",0.003124
"1322_9",0.993649
"12415_8",0.996278
"6727_1",0.002487
"12393_1",0.000915
"8545_9",0.996235
"528_7",0.995710
"12267_8",0.994146
"5842_10",0.965316
"8471_2",0.002699
"3912_9",0.993307
"4831_8",0.994584
"5767_3",0.001092
"10631_9",0.992349
"8069_8",0.995969
"190_9",0.996062
"12343_7",0.989612
"645_1",0.002234
"10326_1",0.000916
"11271_9",0.774328
"11808_8",0.994920
"3200_2",0.001930
"4518_2",0.000801
"8307_2",0.004340
"2057_10",0.996427
"3705_1",0.002332
"11581_7",0.994169
"11777_9",0.992851
"1367_3",0.023442
"12248_9",0.996496
"2994_8",0.982406
"5170_1",0.001629
"8781_7",0.742538
"9137_1",0.004737
"9970_4",0.018618
"3412_7",0.277718
"9399_1",0.005354
"7917_8",0.850965
"1157_1",0.001048
"12489_10",0.995453
"5365_8",0.997800
"9295_10",0.948965
"11505_1",0.000989
"8647_4",0.013571
"6609_2",0.001269
"6859_1",0.031114
"2436_10",0.993926
"4255_4",0.385114
"12347_1",0.013223
"4237_4",0.001370
"11687_10",0.995104
"2964_7",0.536616
"2836_4",0.005070
"1944_4",0.205495
"3218_1",0.004728
"2752_10",0.995660
"9994_3",0.004460
"11566_8",0.994688
"5741_10",0.997489
"7127_10",0.995123
"11864_2",0.000844
"5159_9",0.995189
"658_3",0.006290
"10177_3",0.002239
"4843_1",0.000873
"1441_1",0.071203
"2741_2",0.001525
"6045_3",0.001772
"7020_8",0.998039
"2120_1",0.012588
"2336_1",0.001857
"10167_9",0.995575
"10251_3",0.001094
"9335_4",0.011158
"6670_3",0.101723
"9937_7",0.327736
"3258_7",0.973469
"3234_7",0.991136
"3601_1",0.000933
"5635_9",0.953579
"11427_7",0.991554
"3349_4",0.002473
"1334_10",0.992364
"10474_10",0.998140
"2361_10",0.993636
"1471_2",0.005271
"10705_10",0.995954
"10559_7",0.988004
"3070_10",0.990997
"10087_1",0.001335
"1952_7",0.966060
"682_9",0.948680
"6576_10",0.994870
"956_3",0.006145
"3960_1",0.001782
"62_2",0.002657
"3200_8",0.996996
"2127_1",0.158370
"6878_9",0.997800
"1600_10",0.996176
"11995_7",0.784691
"5239_2",0.001359
"6018_7",0.996078
"9185_1",0.004477
"4707_7",0.943348
"12407_10",0.997640
"5831_10",0.997897
"2264_7",0.992640
"7226_8",0.997589
"6337_7",0.980931
"5047_3",0.902093
"228_10",0.995470
"4230_1",0.001957
"4058_8",0.995882
"5634_4",0.003377
"11680_1",0.016137
"1320_9",0.996564
"12461_8",0.996278
"10076_10",0.996809
"9170_8",0.997210
"4519_10",0.998408
"5906_2",0.002015
"2065_8",0.971886
"8453_10",0.997127
"262_1",0.000782
"454_10",0.995744
"11532_8",0.997556
"8169_2",0.083928
"6873_8",0.989821
"10061_4",0.028816
"11565_4",0.142411
"258_1",0.017276
"5896_1",0.001024
"4395_1",0.001053
"3774_1",0.001310
"12340_8",0.988874
"7497_8",0.998043
"4321_2",0.003273
"6258_2",0.001245
"3950_1",0.000899
"9998_8",0.998252
"3524_8",0.995685
"2003_10",0.997363
"10366_3",0.001259
"2602_10",0.991505
"8684_8",0.992851
"12268_9",0.998125
"4846_8",0.996727
"5969_1",0.015262
"173_4",0.002420
"2790_10",0.998448
"2637_1",0.001277
"10239_1",0.001814
"5120_9",0.997787
"3802_10",0.971019
"6897_7",0.097005
"8478_9",0.996966
"2441_4",0.272750
"4827_1",0.049727
"4326_1",0.003052
"252_3",0.017986
"7201_8",0.944331
"801_2",0.015248
"10008_4",0.061989
"6740_10",0.997343
"674_3",0.116563
"6341_9",0.997469
"1882_7",0.995263
"10843_10",0.997161
"1593_4",0.096834
"3592_1",0.052765
"4658_4",0.036220
"2564_2",0.004673
"7229_9",0.993661
"4186_1",0.001075
"10227_3",0.001860
"4580_3",0.001984
"10367_3",0.018996
"10034_9",0.991406
"6834_10",0.997332
"11326_9",0.996550
"4683_1",0.003004
"5596_1",0.001707
"4238_3",0.003229
"11881_10",0.993110
"11910_2",0.044514
"934_1",0.001038
"3660_8",0.998361
"365_1",0.000801
"3677_9",0.995291
"6522_10",0.740198
"3167_10",0.997099
"6104_10",0.994259
"2584_2",0.018160
"4264_8",0.995954
"5648_9",0.996448
"1863_9",0.997949
"7464_10",0.997708
"7643_8",0.996765
"7030_10",0.998103
"2768_2",0.000929
"3845_1",0.000751
"11590_10",0.995930
"8578_3",0.056966
"8733_9",0.997537
"4099_1",0.002516
"5810_1",0.004877
"442_3",0.045353
"1374_9",0.994336
"7704_10",0.183191
"4526_1",0.000953
"2978_8",0.990178
"3096_1",0.001202
"1589_9",0.997019
"11197_7",0.997019
"6751_8",0.996123
"10043_10",0.998675
"4045_2",0.000798
"7706_8",0.993807
"1876_10",0.987911
"4224_9",0.996168
"10833_1",0.000958
"11549_10",0.997226
"7081_8",0.997199
"6410_8",0.989419
"10609_9",0.996876
"9910_1",0.001252
"4474_7",0.991067
"9775_9",0.993636
"9245_10",0.996727
"11514_8",0.998478
"3182_4",0.083217
"3127_3",0.018370
"7311_1",0.002912
"4266_10",0.996205
"12410_10",0.995008
"7548_1",0.001786
"10446_2",0.009126
"4854_2",0.002274
"1152_8",0.992408
"11660_4",0.172555
"3452_2",0.000979
"2401_7",0.993359
"11703_7",0.994626
"4053_2",0.001200
"4882_9",0.993042
"8050_7",0.798737
"9053_4",0.445499
"12313_10",0.999164
"12085_1",0.001200
"2130_2",0.002541
"8499_10",0.995898
"9230_3",0.023375
"2697_10",0.997613
"7682_3",0.011072
"1473_7",0.353805
"3124_4",0.001158
"10694_10",0.991118
"11541_9",0.992496
"7033_10",0.994605
"305_10",0.994445
"12164_8",0.986752
"7594_2",0.046987
"2101_3",0.022350
"9579_2",0.002305
"1482_4",0.788461
"4362_1",0.002055
"1263_9",0.994830
"2543_9",0.998070
"8642_1",0.002341
"229_1",0.025035
"12045_10",0.998043
"810_9",0.997981
"5188_7",0.988679
"2690_1",0.001057
"922_3",0.001786
"10957_10",0.998675
"9275_3",0.032040
"7289_10",0.995236
"1809_2",0.000895
"11846_1",0.612237
"5888_10",0.997537
"1506_7",0.988755
"6255_1",0.000970
"4995_7",0.966028
"2423_1",0.001151
"4030_8",0.995180
"4839_7",0.990216
"364_1",0.001317
"3510_9",0.997439
"2092_10",0.996570
"600_1",0.000892
"5490_9",0.997722
"9442_8",0.989460
"5330_8",0.995866
"10858_10",0.994890
"2746_8",0.990768
"848_9",0.818592
"6713_1",0.167559
"8274_10",0.989632
"2507_1",0.000924
"4558_1",0.000960
"957_2",0.001980
"11667_8",0.985086
"2374_2",0.002178
"8156_1",0.075075
"1080_8",0.987723
"11274_8",0.471527
"12467_10",0.996858
"5941_1",0.921922
"6205_1",0.001632
"4517_9",0.995075
"102_4",0.004290
"6022_8",0.983295
"10054_3",0.003531
"3907_3",0.004886
"5232_8",0.977968
"10064_2",0.222109
"6529_1",0.000958
"11003_1",0.000790
"9151_7",0.990441
"6612_8",0.995085
"12189_10",0.993771
"6510_2",0.009232
"3129_7",0.995245
"7864_2",0.010860
"11603_3",0.532486
"10741_9",0.997834
"2235_7",0.925162
"2125_2",0.075619
"2050_10",0.997654
"8397_1",0.001957
"5275_1",0.043855
"7755_10",0.992583
"12065_4",0.967533
"269_8",0.996746
"1933_2",0.037644
"9182_3",0.108236
"3153_10",0.997343
"3922_7",0.960473
"2674_3",0.005609
"7407_4",0.001097
"737_7",0.976468
"5223_1",0.005416
"10937_1",0.018905
"9026_4",0.119974
"1564_8",0.996746
"1724_10",0.995898
"1224_3",0.051654
"8536_4",0.004425
"11215_8",0.969785
"3063_10",0.992753
"9559_9",0.716715
"5165_2",0.001549
"9396_1",0.002606
"6404_1",0.000885
"6019_1",0.189409
"7249_8",0.957238
"1765_1",0.000916
"7685_4",0.806700
"8196_10",0.997809
"11749_1",0.005120
"1257_10",0.975924
"3488_8",0.994708
"8605_8",0.995643
"6697_4",0.021719
"11540_1",0.002576
"6262_4",0.041191
"1998_8",0.852199
"3019_1",0.002477
"1087_2",0.003629
"8356_8",0.839109
"10036_10",0.996055
"10547_10",0.994020
"2562_1",0.001724
"5096_3",0.009073
"12128_1",0.005110
"2574_10",0.984708
"10144_8",0.997989
"3678_1",0.000861
"2579_2",0.020725
"6695_7",0.370937
"1465_7",0.996496
"11846_9",0.993961
"1219_9",0.998390
"4936_9",0.998947
"12382_4",0.761538
"8807_1",0.000766
"7700_1",0.001528
"4209_8",0.997161
"10178_10",0.991101
"9835_8",0.985300
"161_3",0.004886
"670_3",0.006798
"7158_10",0.994445
"9502_4",0.002720
"9880_1",0.004039
"39_3",0.144511
"11161_9",0.988211
"12026_9",0.998256
"4439_3",0.003248
"8303_10",0.979433
"408_7",0.991305
"1065_9",0.992753
"5188_2",0.000885
"929_10",0.995540
"4765_7",0.994770
"2117_4",0.060197
"6653_4",0.003545
"2342_1",0.001247
"8445_1",0.000911
"1708_1",0.001235
"7995_10",0.996708
"1104_4",0.001875
"3847_1",0.012797
"7276_10",0.996630
"11269_7",0.174868
"3158_1",0.015649
"11061_1",0.001484
"851_7",0.564639
"8214_2",0.013274
"9174_1",0.002247
"7040_3",0.008882
"4082_4",0.020081
"3553_8",0.818265
"6733_10",0.994203
"4910_3",0.163279
"10149_1",0.000945
"5609_4",0.001259
"4174_3",0.017543
"9213_1",0.010308
"2881_9",0.994270
"1408_3",0.046292
"10832_1",0.001519
"7216_3",0.009784
"9905_10",0.998352
"9050_3",0.028517
"3789_4",0.133924
"6490_8",0.994413
"7649_7",0.996314
"6901_8",0.989909
"11597_9",0.997133
"3259_1",0.002162
"5936_3",0.004332
"1214_2",0.088583
"2840_1",0.000989
"1956_10",0.995809
"2392_2",0.008244
"239_9",0.996205
"6860_8",0.978570
"1716_9",0.996264
"9595_10",0.911535
"1630_1",0.021105
"11293_3",0.004934
"8288_10",0.993216
"6618_7",0.973544
"12378_1",0.060032
"11560_1",0.001674
"12124_8",0.998646
"486_10",0.936692
"6654_3",0.007094
"6915_10",0.981058
"8773_1",0.091666
"10211_4",0.071106
"5769_9",0.996364
"10038_4",0.001302
"3737_9",0.997722
"11512_1",0.022011
"8025_7",0.943086
"397_7",0.910107
"10670_9",0.989034
"11648_4",0.016387
"10361_1",0.001048
"12439_8",0.996123
"9958_8",0.991828
"8659_1",0.000966
"12400_1",0.002747
"10680_7",0.582313
"2435_10",0.921887
"5506_4",0.011464
"9025_3",0.021267
"5749_4",0.005002
"5090_1",0.000782
"2688_9",0.995850
"8397_10",0.966663
"8610_8",0.927330
"9398_10",0.993163
"5144_10",0.995930
"10797_10",0.994890
"9623_2",0.003312
"3269_8",0.960805
"5480_7",0.991860
"43_1",0.002492
"4156_1",0.007688
"1629_1",0.001592
"6536_10",0.996510
"8384_1",0.003594
"2820_10",0.998092
"7976_3",0.001751
"3745_10",0.181953
"11258_8",0.997379
"7908_7",0.990714
"9166_7",0.994225
"8976_8",0.994920
"3692_1",0.000900
"4937_4",0.111096
"11935_9",0.933915
"7722_7",0.951818
"8757_4",0.001579
"1218_10",0.994615
"3620_8",0.287630
"9017_4",0.003802
"8300_3",0.020884
"11325_4",0.090735
"1093_8",0.998081
"166_4",0.018761
"6088_10",0.997389
"2149_10",0.998864
"4884_9",0.995435
"9786_1",0.001972
"4258_3",0.001800
"9890_1",0.015365
"8911_1",0.031499
"11618_3",0.040617
"4510_1",0.002103
"3173_4",0.088033
"10418_1",0.001362
"8954_1",0.002720
"723_2",0.005261
"1164_1",0.000750
"11404_4",0.001835
"5737_3",0.002075
"10073_3",0.003984
"1900_8",0.820721
"9532_10",0.993015
"839_4",0.034815
"4562_1",0.036494
"3963_3",0.002415
"5220_10",0.895111
"663_9",0.996996
"10156_8",0.997317
"3759_7",0.752126
"5153_4",0.040427
"7580_3",0.001576
"12403_10",0.998070
"4893_8",0.991489
"892_8",0.994626
"79_2",0.000810
"10716_8",0.997726
"11452_7",0.853913
"1214_7",0.943452
"8901_10",0.993461
"12221_10",0.997608
"2055_9",0.986284
"5911_3",0.001828
"10866_3",0.003396
"10063_1",0.000970
"10563_9",0.994434
"11931_8",0.891999
"1180_1",0.001193
"8194_1",0.000782
"7837_4",0.988085
"1876_1",0.001796
"9203_1",0.004007
"10091_1",0.001022
"2434_9",0.990892
"7908_1",0.000839
"8591_4",0.068850
"4222_7",0.542409
"11430_4",0.973770
"757_1",0.005416
"6442_8",0.976311
"10056_8",0.986546
"3179_2",0.010987
"3130_3",0.050471
"11921_7",0.993747
"4139_9",0.998466
"195_10",0.995170
"6286_1",0.048316
"5701_2",0.006513
"7470_8",0.993549
"9205_9",0.994434
"10683_8",0.994270
"672_4",0.492188
"604_10",0.998380
"7757_10",0.997110
"5228_4",0.964489
"3998_10",0.996441
"7444_4",0.896885
"9684_10",0.995488
"8455_7",0.997258
"3989_8",0.997088
"1115_3",0.004556
"6469_4",0.009385
"4524_8",0.590100
"3103_7",0.991272
"3108_8",0.997498
"2219_10",0.997713
"10269_8",0.299547
"838_4",0.020745
"5367_1",0.001351
"9110_10",0.995818
"5736_1",0.013389
"5100_4",0.110327
"3399_4",0.121581
"7575_9",0.996966
"7954_9",0.994488
"870_7",0.996300
"3811_9",0.843573
"8011_9",0.993891
"8172_10",0.997527
"3209_4",0.004468
"7380_10",0.992906
"10210_3",0.015454
"8162_9",0.998332
"10784_9",0.997031
"482_1",0.002458
"1452_9",0.995575
"2686_4",0.025131
"543_8",0.991652
"495_2",0.001020
"2887_9",0.994112
"11780_1",0.000886
"9742_2",0.001125
"1762_1",0.002067
"5264_9",0.994760
"7958_4",0.107954
"6010_10",0.997663
"1284_9",0.961965
"10420_3",0.003961
"7736_7",0.990441
"1178_10",0.994860
"529_10",0.997258
"4063_4",0.007374
"10480_8",0.993255
"2412_2",0.003587
"5206_3",0.130895
"11963_9",0.991603
"663_1",0.004391
"352_4",0.092278
"7504_3",0.008951
"8678_1",0.001235
"2330_2",0.821868
"12282_1",0.001949
"6485_10",0.891764
"9306_1",0.000968
"7468_4",0.004062
"12207_1",0.003945
"6701_7",0.746139
"9861_7",0.960138
"6318_7",0.987484
"11612_1",0.000995
"4800_10",0.927724
"5360_3",0.115162
"4977_4",0.047162
"1678_9",0.986031
"5017_8",0.993599
"3087_9",0.048406
"1915_8",0.669521
"574_10",0.991136
"6062_8",0.997479
"2860_4",0.992739
"1800_4",0.053949
"1928_9",0.997221
"9890_10",0.997071
"12159_8",0.978935
"649_7",0.988635
"8708_1",0.004655
"8181_10",0.996462
"3495_1",0.003267
"11612_10",0.995635
"6919_10",0.996925
"12217_9",0.852629
"9276_4",0.020844
"3520_9",0.997327
"6492_4",0.163179
"3900_2",0.131954
"12298_9",0.994054
"12394_1",0.003344
"4873_8",0.792022
"4797_1",0.003922
"3197_9",0.996882
"2474_10",0.986058
"4042_10",0.997513
"10641_1",0.002230
"10882_2",0.007696
"4803_4",0.039676
"7459_10",0.995027
"1828_1",0.002952
"1718_10",0.995618
"9603_1",0.002430
"940_7",0.443872
"3074_4",0.013134
"8802_10",0.995961
"7180_4",0.001857
"5250_1",0.016435
"2734_7",0.996557
"2354_8",0.984664
"6805_1",0.002217
"11156_4",0.008380
"2734_3",0.112405
"12216_1",0.000947
"660_8",0.996031
"8978_10",0.996496
"6272_1",0.010777
"8294_4",0.001704
"11956_8",0.996550
"3265_1",0.000844
"705_2",0.236406
"9058_9",0.998118
"3582_3",0.003046
"6985_1",0.001364
"5611_9",0.993385
"9491_3",0.049176
"9945_3",0.001163
"1840_10",0.996564
"12280_3",0.005653
"1932_10",0.997317
"8682_10",0.994880
"5418_9",0.996469
"3354_9",0.993189
"8078_3",0.004290
"7747_1",0.008495
"2669_7",0.958924
"9180_7",0.993722
"1320_1",0.000972
"7742_8",0.997469
"6232_9",0.996264
"3459_9",0.998570
"1008_2",0.045522
"7987_8",0.884888
"5078_7",0.948107
"10660_10",0.989119
"10325_2",0.002239
"4951_3",0.001927
"10502_7",0.107907
"7548_9",0.171998
"2870_10",0.966945
"8136_4",0.473718
"9870_8",0.009385
"7588_4",0.056185
"7845_2",0.002430
"10334_7",0.989511
"4860_1",0.007992
"4855_9",0.995938
"1337_10",0.961061
"6403_3",0.005491
"9447_10",0.997188
"4724_3",0.219756
"10895_10",0.995898
"2171_4",0.072308
"5361_9",0.996669
"11056_2",0.000944
"9772_10",0.996815
"5719_8",0.997570
"3050_7",0.632574
"4406_1",0.022117
"9833_4",0.145661
"1217_2",0.000779
"2632_1",0.001923
"3250_1",0.253376
"5130_9",0.997253
"3526_7",0.976580
"2793_3",0.004150
"10708_3",0.132178
"6415_8",0.995170
"11258_2",0.003099
"11451_1",0.009746
"7724_2",0.009822
"4276_4",0.001105
"6058_1",0.001114
"4086_1",0.035511
"3670_8",0.997116
"7125_8",0.996663
"9377_8",0.976106
"763_2",0.054904
"7882_8",0.995652
"757_9",0.992583
"389_1",0.001957
"9102_10",0.994169
"9384_7",0.737725
"5684_8",0.995842
"12090_4",0.014050
"12002_4",0.001444
"5443_7",0.996469
"8782_9",0.989702
"9878_9",0.992683
"9640_1",0.011040
"999_3",0.018761
"6249_3",0.065247
"1656_7",0.998421
"6649_10",0.677907
"4630_1",0.078219
"11300_8",0.981736
"5894_10",0.982271
"3198_1",0.000944
"7924_2",0.198491
"6318_1",0.002217
"8075_2",0.089654
"10005_2",0.222025
"6431_8",0.996406
"635_2",0.008212
"1803_3",0.009812
"5721_4",0.001886
"1116_7",0.997627
"1456_4",0.022521
"51_10",0.998858
"7155_9",0.997343
"929_2",0.002217
"12269_1",0.001359
"10597_1",0.002079
"9005_7",0.933582
"10467_9",0.997469
"2251_9",0.996701
"1977_9",0.995104
"8539_8",0.973869
"2416_1",0.000810
"8508_9",0.938350
"10401_1",0.040313
"12217_2",0.003915
"5484_1",0.015589
"3833_10",0.997105
"465_4",0.021948
"7591_7",0.979453
"11485_9",0.989712
"3728_1",0.001595
"5538_8",0.997327
"10751_4",0.011597
"8883_8",0.995372
"6581_1",0.014351
"5476_1",0.003069
"4338_9",0.997399
"10343_1",0.002128
"2914_10",0.992879
"6103_1",0.702887
"7691_1",0.002715
"3444_3",0.010499
"2397_8",0.998147
"8255_8",0.993612
"1660_1",0.001492
"10154_2",0.989430
"2138_3",0.005900
"9614_3",0.008813
"2682_10",0.996350
"1813_3",0.001211
"10581_3",0.002632
"3733_4",0.002492
"5210_4",0.000796
"11961_8",0.991969
"7928_4",0.002087
"12156_4",0.003615
"11025_4",0.005730
"11233_10",0.998364
"473_1",0.001057
"6648_2",0.004199
"2451_1",0.001294
"7679_2",0.001071
"2954_9",0.995399
"9652_10",0.998525
"724_3",0.353456
"7592_4",0.006109
"7669_9",0.996364
"3816_1",0.000836
"1401_4",0.003299
"8551_2",0.003279
"7901_8",0.995354
"10552_4",0.011835
"330_10",0.995626
"232_4",0.001183
"12351_8",0.993216
"12451_10",0.995390
"5884_9",0.990025
"603_4",0.008788
"3415_7",0.172939
"8727_1",0.009850
"10099_4",0.103386
"7989_10",0.996161
"2329_2",0.024008
"5774_1",0.001315
"8201_3",0.133585
"3491_1",0.008745
"12210_10",0.326749
"7604_8",0.986533
"1676_10",0.996846
"6477_9",0.988863
"2521_10",0.996024
"9140_2",0.002981
"2463_4",0.001020
"587_8",0.995801
"7120_10",0.847653
"7734_10",0.997532
"7322_10",0.975507
"3803_2",0.001131
"2417_4",0.011180
"7757_4",0.001252
"478_9",0.992539
"12269_9",0.998176
"10472_3",0.008389
"2858_9",0.994413
"414_9",0.015724
"2552_4",0.002337
"11615_8",0.992108
"201_2",0.000874
"5624_3",0.004102
"5080_8",0.991406
"4507_10",0.983534
"1527_3",0.031980
"6282_1",0.001782
"3911_1",0.001697
"4616_9",0.994247
"9562_4",0.984139
"9975_8",0.995694
"7584_10",0.995066
"1121_1",0.001125
"382_10",0.991907
"11309_1",0.001516
"5424_10",0.995826
"8697_8",0.995660
"12420_2",0.016609
"5052_10",0.995363
"1037_1",0.007884
"346_7",0.356867
"2285_8",0.995254
"10867_1",0.000858
"4335_9",0.993807
"9088_7",0.426620
"11037_8",0.927560
"1993_4",0.043610
"11469_3",0.001084
"1834_2",0.000909
"10723_4",0.007080
"5377_3",0.051510
"1812_1",0.005697
"2760_8",0.996876
"12062_10",0.081447
"1847_1",0.000997
"1280_3",0.022117
"2106_8",0.979156
"5414_1",0.004174
"4930_10",0.996656
"5024_9",0.997532
"5295_9",0.334820
"5427_10",0.996190
"10526_2",0.001084
"5517_2",0.022977
"3971_8",0.986841
"12260_7",0.990329
"3676_10",0.997731
"4132_7",0.995462
"6721_8",0.974701
"2381_7",0.996530
"818_1",0.001607
"6503_7",0.901531
"12068_7",0.989491
"8847_1",0.000804
"10698_8",0.918881
"2347_3",0.001620
"9337_10",0.978385
"9070_4",0.291321
"7962_10",0.998371
"12183_4",0.100260
"12410_3",0.007403
"7988_9",0.994314
"8980_8",0.995426
"8568_4",0.003490
"8374_7",0.993961
"3561_4",0.008062
"692_4",0.382430
"4259_1",0.007432
"1627_1",0.007066
"7064_9",0.998335
"5410_7",0.993150
"10003_3",0.006438
"12068_3",0.003490
"8048_7",0.531088
"2590_1",0.001402
"3464_2",0.993255
"8423_10",0.055772
"5036_4",0.184070
"10030_3",0.072276
"5500_9",0.997489
"10129_10",0.997348
"1549_10",0.993083
"6463_10",0.999127
"1026_2",0.037082
"6681_10",0.998054
"11004_1",0.001163
"6191_10",0.995066
"9253_4",0.987042
"3193_10",0.997977
"7563_1",0.000799
"3104_7",0.989002
"6369_9",0.997042
"606_1",0.001341
"6069_10",0.997337
"6966_7",0.905907
"8945_4",0.007816
"4920_1",0.000809
"7358_10",0.993985
"9665_10",0.996752
"5005_1",0.004315
"12324_2",0.000899
"1878_1",0.000874
"5917_2",0.003765
"11912_7",0.996557
"11692_1",0.002075
"11505_10",0.997532
"5416_8",0.994573
"12072_1",0.002502
"4436_10",0.990216
"11762_1",0.006426
"5805_10",0.997285
"9464_1",0.001044
"9412_2",0.000975
"11262_4",0.087525
"853_7",0.976423
"7087_4",0.007025
"1896_10",0.993938
"9749_4",0.881564
"7431_2",0.010570
"10253_3",0.003869
"10675_4",0.607620
"4275_4",0.019909
"5399_8",0.997787
"9388_10",0.933582
"7019_10",0.997686
"10223_2",0.000851
"10216_1",0.002551
"2097_3",0.008594
"4243_3",0.010179
"8672_1",0.001118
"1260_3",0.009449
"1734_10",0.984366
"2955_9",0.997774
"12033_1",0.001069
"8243_3",0.004655
"8741_2",0.021574
"6481_7",0.996858
"7053_1",0.001614
"1624_8",0.989077
"2900_1",0.032222
"4328_1",0.000934
"11732_7",0.996852
"746_1",0.005210
"6004_3",0.001534
"6162_2",0.001481
"9375_4",0.023043
"10924_4",0.077343
"6304_4",0.019757
"10035_10",0.996161
"8867_2",0.000854
"9781_10",0.995133
"8902_8",0.927297
"1006_8",0.171130
"7230_1",0.000942
"8788_9",0.989306
"2079_10",0.996190
"11987_3",0.002449
"2724_7",0.911338
"8534_2",0.000902
"7052_1",0.001671
"4390_8",0.997099
"520_10",0.989450
"3936_3",0.004802
"5160_3",0.000955
"10519_8",0.987900
"8906_1",0.000949
"8750_4",0.007121
"8606_3",0.019382
"12038_2",0.611991
"2939_8",0.994688
"5721_10",0.995399
"6798_8",0.994626
"11820_10",0.997518
"6435_10",0.093347
"404_8",0.995189
"6066_9",0.996378
"7921_3",0.005271
"5468_3",0.010550
"7034_10",0.998329
"4309_3",0.054550
"8201_7",0.995930
"3656_10",0.997513
"8786_4",0.112259
"10564_3",0.000897
"7401_4",0.001957
"1163_1",0.002079
"9915_10",0.997838
"11080_10",0.202404
"4710_10",0.997636
"131_1",0.084493
"6387_3",0.007748
"3906_1",0.000804
"2075_1",0.001163
"11663_10",0.995095
"6149_3",0.006074
"6703_8",0.989501
"2440_8",0.996469
"10500_7",0.197290
"7349_1",0.001138
"10695_1",0.009340
"6905_1",0.001165
"4902_4",0.436052
"5298_9",0.991153
"6701_4",0.098555
"1344_10",0.989265
"284_10",0.991272
"9114_10",0.996864
"12102_10",0.997913
"11448_2",0.005416
"1053_10",0.995208
"8341_10",0.995826
"433_1",0.001230
"9534_4",0.001721
"6471_2",0.010673
"8971_10",0.997332
"433_8",0.995719
"298_10",0.991891
"5965_1",0.000798
"10408_10",0.996937
"9112_3",0.007205
"6726_9",0.997434
"1048_8",0.989244
"11046_9",0.993002
"4808_7",0.990997
"7027_9",0.997783
"12435_8",0.997042
"5480_1",0.027429
"8823_8",0.997161
"554_9",0.995282
"7167_2",0.001172
"10762_3",0.031499
"9036_8",0.995993
"12185_4",0.239372
"7763_10",0.998322
"10271_8",0.904440
"1159_8",0.991187
"11063_1",0.000960
"12479_4",0.016168
"11179_4",0.041076
"1736_1",0.000812
"4840_7",0.992000
"8233_2",0.084795
"1082_9",0.991118
"8378_7",0.994760
"7777_9",0.998193
"1883_9",0.989450
"7350_10",0.995685
"704_8",0.975507
"6554_8",0.996350
"1750_10",0.980803
"4969_2",0.000895
"10339_8",0.996778
"1902_4",0.261213
"5578_1",0.001140
"5502_1",0.006401
"7250_2",0.001228
"8856_4",0.001410
"10840_9",0.993562
"9730_10",0.990606
"11146_2",0.002812
"5988_3",0.000776
"9734_8",0.992865
"12338_8",0.788461
"9813_1",0.024680
"8928_2",0.144390
"5431_2",0.010033
"9467_9",0.995245
"4933_4",0.056288
"11280_10",0.980729
"10279_9",0.996557
"7024_1",0.001343
"9115_3",0.003722
"5701_10",0.997353
"9539_1",0.000955
"7655_7",0.995180
"4518_10",0.997489
"3039_4",0.007289
"8654_3",0.070848
"8893_4",0.956350
"3598_9",0.994989
"6443_1",0.007066
"3843_1",0.001063
"3848_9",0.997177
"3149_1",0.031859
"2152_1",0.001632
"11564_1",0.002196
"4391_8",0.994169
"950_10",0.994780
"10531_10",0.995969
"904_3",0.003463
"5293_9",0.997048
"2173_1",0.001481
"5992_2",0.001051
"782_3",0.029424
"1295_8",0.990768
"9659_1",0.001036
"2214_3",0.001901
"10772_3",0.004820
"7515_9",0.992975
"7294_2",0.002239
"7761_1",0.038865
"9027_9",0.996604
"6595_1",0.000977
"11003_8",0.992184
"601_10",0.992108
"2991_8",0.938688
"10937_8",0.970268
"7545_1",0.003817
"9747_1",0.001018
"7653_7",0.990064
"6886_1",0.000974
"8054_8",0.987900
"7299_9",0.989652
"2289_3",0.852322
"6569_1",0.001193
"10909_2",0.008078
"4022_7",0.892843
"5407_1",0.002873
"10211_8",0.948107
"9194_1",0.005427
"8113_8",0.985800
"12010_1",0.002087
"7373_7",0.991587
"3535_10",0.995479
"5265_10",0.990714
"7032_1",0.004486
"3391_10",0.995768
"969_9",0.995444
"450_2",0.019606
"12296_3",0.021533
"10855_10",0.997144
"2741_10",0.995777
"12403_1",0.002166
"6118_4",0.050518
"9001_1",0.001174
"172_4",0.001923
"4405_7",0.829699
"8923_8",0.995643
"5396_10",0.998256
"7183_1",0.002566
"3261_7",0.997409
"7445_10",0.996047
"11412_2",0.006351
"4765_3",0.052814
"5248_9",0.990083
"3172_2",0.002596
"10813_4",0.085061
"8054_1",0.001156
"5535_1",0.000981
"1306_8",0.997532
"135_3",0.020274
"10646_10",0.996235
"9906_1",0.004182
"8156_10",0.997617
"2806_1",0.002217
"9501_4",0.001610
"1882_3",0.062188
"11895_4",0.005753
"5420_10",0.995752
"11791_10",0.997704
"3798_2",0.001200
"3282_8",0.993938
"1278_1",0.000770
"1011_4",0.035712
"5263_9",0.849347
"11301_1",0.001435
"1946_7",0.995479
"3246_10",0.996146
"4130_8",0.968915
"4172_10",0.994920
"2619_2",0.000836
"5197_4",0.184731
"6060_9",0.994135
"7430_1",0.001399
"3511_10",0.997280
"6970_1",0.079175
"931_4",0.005544
"12374_10",0.995236
"10217_7",0.827480
"964_7",0.981076
"4859_1",0.003248
"5525_1",0.003204
"11471_1",0.005686
"5030_4",0.001302
"12177_2",0.008577
"8892_2",0.001364
"1073_4",0.015544
"7406_1",0.000815
"6345_9",0.989275
"7395_7",0.003267
"9952_7",0.991700
"5851_4",0.101768
"6880_7",0.992781
"642_9",0.995961
"6271_9",0.993771
"10983_1",0.002075
"5602_1",0.001075
"3834_1",0.008023
"6961_3",0.083628
"10102_8",0.993487
"6988_1",0.000696
"5803_9",0.995142
"6009_1",0.001292
"10294_2",0.002850
"9811_10",0.996078
"11298_8",0.973620
"4625_10",0.998598
"11263_3",0.002265
"11502_3",0.021657
"9690_10",0.964623
"4453_10",0.996809
"9741_10",0.987448
"12191_9",0.993423
"8019_8",0.998266
"2298_4",0.014644
"1489_4",0.021533
"4228_7",0.971047
"10905_1",0.001279
"5103_10",0.995336
"5641_1",0.000938
"11567_1",0.001252
"4040_10",0.998609
"4777_10",0.998457
"9612_10",0.998088
"3830_1",0.002157
"8781_2",0.001107
"9415_3",0.367597
"9171_3",0.001455
"478_3",0.005797
"10979_8",0.995961
"7073_4",0.024008
"5419_10",0.992753
"8505_3",0.002823
"7559_1",0.378402
"3827_9",0.950088
"9242_1",0.003601
"3133_10",0.995914
"9051_4",0.042762
"8604_10",0.995735
"4811_8",0.997025
"10697_10",0.994605
"6142_10",0.996765
"6740_1",0.020567
"7806_8",0.974677
"8326_4",0.890342
"12425_3",0.004451
"11113_1",0.001207
"8096_1",0.001030
"512_8",0.997459
"11144_7",0.868548
"2073_4",0.001160
"6966_4",0.054904
"12122_3",0.971672
"429_10",0.996557
"10294_9",0.992139
"9955_3",0.011553
"10878_10",0.995842
"9365_1",0.001481
"7317_8",0.993855
"2863_8",0.774626
"11935_3",0.540560
"2180_2",0.015131
"267_10",0.996984
"72_8",0.948203
"936_9",0.997627
"2363_4",0.039343
"11722_9",0.994281
"1353_7",0.363986
"3883_7",0.970688
"9475_8",0.992123
"2328_2",0.004963
"11982_9",0.997603
"10413_8",0.985014
"1277_2",0.002621
"6299_4",0.001832
"7536_9",0.992393
"8368_2",0.007977
"634_1",0.002015
"10095_3",0.011332
"8821_4",0.001800
"5669_10",0.997311
"4600_8",0.966092
"10859_1",0.001154
"140_9",0.994325
"153_8",0.993029
"8013_9",0.843122
"12389_1",0.069007
"8443_7",0.990750
"12290_10",0.990310
"12152_10",0.988414
"6442_3",0.099996
"7557_4",0.600833
"3699_4",0.510558
"6461_2",0.884987
"8641_10",0.995626
"10771_1",0.001223
"10539_2",0.006015
"10406_1",0.021410
"9617_4",0.029368
"9403_10",0.994123
"3015_1",0.024893
"181_10",0.996827
"2879_4",0.008653
"1758_8",0.995946
"9992_10",0.994423
"10769_7",0.942823
"5616_3",0.006364
"721_4",0.083255
"3035_1",0.002434
"7877_4",0.001965
"5554_4",0.001226
"1475_7",0.972934
"1538_7",0.992865
"3499_10",0.989860
"8815_4",0.033274
"5817_8",0.834306
"4179_1",0.001490
"3719_10",0.987412
"2538_2",0.005251
"4873_3",0.053403
"7283_9",0.997194
"1997_4",0.015830
"11036_4",0.016482
"4123_4",0.497986
"3520_3",0.003892
"10320_1",0.001642
"10185_10",0.997327
"10193_1",0.010998
"2506_7",0.994729
"9868_10",0.995601
"5603_2",0.006253
"8392_3",0.005609
"5322_4",0.005343
"12117_10",0.996650
"2411_8",0.987700
"9393_4",0.002332
"5968_8",0.996264
"6860_1",0.031470
"12144_4",0.720712
"2706_10",0.994008
"5655_1",0.006463
"2555_8",0.991489
"6091_9",0.996978
"712_9",0.996752
"9445_10",0.998225
"1777_10",0.978713
"490_8",0.971779
"318_10",0.994247
"10143_9",0.994698
"3608_8",0.996242
"686_4",0.855731
"12147_1",0.000766
"6782_10",0.996815
"5560_10",0.997280
"11621_8",0.996314
"11909_10",0.993333
"11938_9",0.997580
"1877_1",0.001307
"1298_1",0.003312
"11154_3",0.002011
"10898_7",0.975343
"9980_8",0.997631
"9719_10",0.994688
"516_1",0.001658
"2541_1",0.005587
"23_10",0.996300
"3517_1",0.003154
"10839_9",0.994467
"11461_9",0.979687
"10150_2",0.001264
"10664_9",0.996517
"6750_10",0.955527
"11165_4",0.940079
"3463_4",0.000915
"287_1",0.001789
"5582_1",0.009179
"1136_1",0.002752
"10316_1",0.001343
"1684_8",0.994402
"3556_9",0.984826
"11680_9",0.995752
"10775_10",0.991356
"5558_2",0.001274
"6203_10",0.997065
"4057_4",0.059401
"9010_8",0.998043
"1033_9",0.996688
"12116_9",0.996643
"8401_10",0.996584
"9863_4",0.028194
"2777_1",0.002415
"5797_3",0.001842
"9929_3",0.002247
"4177_1",0.001018
"2205_8",0.997766
"2839_8",0.996617
"7161_10",0.997459
"11724_4",0.124692
"10369_9",0.997054
"8702_2",0.004802
"1028_10",0.992583
"7226_4",0.163679
"8799_3",0.022117
"1573_8",0.997007
"12041_7",0.948010
"6207_7",0.958847
"399_8",0.996055
"1034_2",0.006181
"1610_4",0.458409
"596_10",0.996264
"6474_7",0.997880
"4464_3",0.008008
"10637_2",0.048451
"3272_10",0.998306
"10194_7",0.189034
"11906_3",0.010229
"3666_3",0.166608
"6148_4",0.003004
"4595_8",0.769557
"6146_1",0.001860
"7512_10",0.997088
"12333_1",0.000975
"3490_4",0.056914
"8495_1",0.001040
"955_4",0.023780
"10582_10",0.986191
"9477_8",0.996937
"7132_3",0.003403
"5214_1",0.001938
"8258_10",0.968051
"10387_1",0.001147
"268_10",0.995643
"8153_2",0.000883
"7353_3",0.016705
"7847_10",0.996740
"12028_10",0.997399
"2998_8",0.993996
"2641_8",0.995727
"11923_8",0.986942
"12322_1",0.001140
"11816_3",0.014518
"7111_3",0.001289
"8107_10",0.983231
"8835_8",0.928441
"10142_10",0.997493
"4445_3",0.006376
"976_8",0.977110
"1996_4",0.642853
"11496_3",0.005957
"1644_4",0.012674
"8573_3",0.003216
"10835_9",0.945550
"11531_8",0.996427
"5802_8",0.994729
"2501_3",0.004425
"530_2",0.002952
"1051_10",0.997735
"6629_1",0.014323
"10350_1",0.054099
"2943_10",0.998858
"7661_1",0.005730
"8359_3",0.012858
"10218_7",0.990892
"10548_1",0.000838
"906_7",0.969324
"2708_9",0.714018
"12478_4",0.003210
"10222_1",0.005620
"3560_2",0.000958
"3371_9",0.957437
"10009_3",0.003279
"3142_3",0.005354
"3876_9",0.962285
"6662_2",0.001507
"4691_1",0.017426
"2491_4",0.875893
"12485_4",0.316409
"1716_3",0.596316
"10767_10",0.989013
"4083_2",0.002043
"7656_3",0.004849
"2532_8",0.994840
"11243_8",0.994890
"11878_9",0.997358
"3627_8",0.365315
"9049_10",0.753172
"2950_4",0.099558
"4553_8",0.994959
"10414_1",0.002541
"4281_7",0.994488
"7905_4",0.860955
"10800_8",0.960584
"1562_4",0.010378
"7604_4",0.026989
"5752_2",0.002726
"9465_1",0.004925
"2701_4",0.114369
"12432_7",0.859605
"7583_9",0.997373
"4003_10",0.997188
"11082_2",0.001264
"7650_3",0.000966
"2215_7",0.995760
"6597_9",0.996688
"12268_1",0.001828
"8650_7",0.951414
"8311_2",0.194291
"10764_10",0.995300
"5462_2",0.001160
"10303_9",0.997672
"12132_4",0.045905
"11786_2",0.010570
"6248_2",0.112600
"5570_2",0.001071
"8367_4",0.220259
"2416_7",0.993537
"4073_1",0.000904
"4642_2",0.001163
"580_10",0.994998
"3328_4",0.061904
"9524_9",0.996000
"11980_2",0.009812
"7812_9",0.991439
"3567_7",0.981507
"9592_2",0.001252
"8421_1",0.001399
"2618_1",0.003608
"2367_3",0.044390
"10613_1",0.001197
"7657_2",0.006413
"10992_4",0.025517
"10663_4",0.223419
"9589_4",0.090897
"5184_8",0.996590
"7352_7",0.996364
"6483_4",0.084795
"914_10",0.996530
"1239_4",0.014971
"4465_4",0.029257
"82_10",0.985649
"3696_4",0.610802
"1507_8",0.962108
"12211_3",0.026156
"4003_3",0.002292
"3738_3",0.009403
"12089_10",0.997264
"593_1",0.000814
"7555_3",0.039825
"9897_9",0.998882
"299_1",0.004746
"2774_3",0.010663
"4723_8",0.995018
"1636_2",0.049085
"3383_8",0.995801
"5360_10",0.997532
"11542_10",0.996790
"1964_1",0.001576
"10323_10",0.994760
"5166_1",0.002637
"12371_1",0.000761
"7426_1",0.007861
"11832_4",0.041931
"684_9",0.995930
"519_7",0.838515
"1712_8",0.973695
"5973_9",0.998020
"2820_3",0.001961
"5023_7",0.989582
"2625_1",0.000970
"2699_9",0.995254
"7123_1",0.001174
"7327_10",0.995930
"944_8",0.994347
"9757_10",0.998077
"12491_9",0.998039
"12301_10",0.990404
"421_9",0.992423
"6655_2",0.009624
"610_9",0.990178
"3020_1",0.001183
"1797_10",0.998466
"1248_3",0.001389
"2524_10",0.998649
"10596_3",0.022500
"9326_3",0.000844
"9346_2",0.001875
"3890_8",0.998562
"7836_9",0.993487
"12388_7",0.993397
"3205_2",0.003504
"1547_9",0.996517
"2706_1",0.003087
"391_10",0.997013
"1544_10",0.994477
"7861_8",0.957358
"1448_2",0.001123
"6451_3",0.007461
"12187_3",0.008678
"11702_4",0.041230
"5947_1",0.007877
"1282_3",0.001875
"7492_2",0.000718
"7724_7",0.955817
"1564_1",0.009073
"4425_9",0.992047
"9416_9",0.992934
"10826_10",0.997454
"4402_10",0.997796
"9332_3",0.002453
"5856_1",0.001183
"2784_2",0.001405
"3216_1",0.003594
"8057_9",0.995890
"526_10",0.993255
"4376_1",0.002839
"9513_9",0.975809
"9972_9",0.993710
"339_1",0.005374
"11898_1",0.000979
"9282_4",0.025908
"2303_4",0.012089
"10199_1",0.000778
"11660_10",0.994180
"714_4",0.048812
"9283_9",0.964689
"2972_2",0.025663
"9060_7",0.998001
"3562_8",0.976558
"11064_8",0.992319
"4190_10",0.994325
"12472_10",0.996000
"2942_1",0.019271
"9560_9",0.995390
"2692_4",0.005110
"12057_1",0.000885
"11197_2",0.076788
"5827_4",0.995643
"4752_1",0.001711
"8114_3",0.003664
"5643_7",0.989470
"9127_2",0.005448
"10540_10",0.987865
"7342_2",0.000775
"4651_4",0.494934
"8798_1",0.004992
"5973_3",0.005448
"8314_2",0.000775
"7856_1",0.000781
"1255_4",0.006004
"9615_8",0.949902
"7261_4",0.063077
"9700_9",0.535159
"5938_10",0.997953
"970_7",0.980581
"7715_8",0.994790
"4643_2",0.002107
"7069_1",0.011676
"8600_10",0.992597
"10275_3",0.008779
"9519_1",0.000886
"8861_10",0.995858
"8558_4",0.000906
"7495_4",0.038793
"4727_10",0.321586
"9647_8",0.991505
"7192_3",0.033495
"8772_8",0.998262
"1198_4",0.029257
"4249_7",0.993096
"6816_2",0.027507
"10243_9",0.994880
"8365_1",0.000864
"2529_10",0.985328
"2538_10",0.993487
"5946_1",0.002862
"6716_8",0.979413
"2633_7",0.916222
"10513_1",0.002596
"4847_1",0.022095
"2552_10",0.993950
"7166_9",0.993474
"398_8",0.992739
"6925_4",0.002731
"9873_9",0.988853
"3598_4",0.002606
"5996_3",0.013611
"4024_10",0.998312
"3184_10",0.997379
"3801_2",0.011169
"1722_10",0.997099
"9344_1",0.008268
"2874_2",0.000806
"2914_4",0.006098
"9643_3",0.004905
"1756_10",0.995946
"2781_1",0.001080
"3559_1",0.000841
"6250_1",0.002521
"10960_9",0.998168
"565_8",0.995488
"8749_9",0.994719
"11273_4",0.025012
"6933_4",0.033495
"7295_1",0.001207
"12267_1",0.000929
"9844_4",0.030821
"1949_3",0.001131
"10048_1",0.001691
"7242_2",0.002895
"1722_2",0.000828
"9869_1",0.019890
"609_1",0.001317
"9383_7",0.724919
"6593_4",0.058292
"3284_10",0.997434
"6190_1",0.043204
"8305_10",0.977110
"20_1",0.008046
"10037_1",0.002166
"1751_10",0.996523
"6821_7",0.993242
"4780_10",0.992319
"1290_10",0.996168
"10777_2",0.000764
"3450_1",0.001490
"747_3",0.002668
"9262_10",0.993056
"7206_10",0.997717
"3700_4",0.012540
"2953_4",0.005719
"6828_8",0.995037
"10831_7",0.995095
"5014_1",0.000785
"11679_10",0.996190
"3476_9",0.484014
"12052_8",0.991067
"8635_3",0.018689
"6475_10",0.995226
"8531_2",0.002873
"9018_7",0.978488
"1492_9",0.989551
"10993_10",0.992510
"1896_2",0.003780
"8241_1",0.003847
"3568_8",0.784071
"9424_9",0.993783
"3791_1",0.000933
"2117_10",0.997419
"4679_8",0.994820
"1217_7",0.993562
"7969_3",0.000999
"2271_10",0.991844
"5772_9",0.993973
"1347_8",0.998762
"11800_1",0.000839
"8820_10",0.997672
"10014_7",0.176601
"9864_8",0.960842
"6926_4",0.031321
"1842_10",0.998531
"756_7",0.843444
"7657_10",0.997248
"12416_7",0.951729
"833_7",0.735214
"8746_10",0.997608
"6374_10",0.949295
"24_10",0.979116
"5133_10",0.993333
"2937_1",0.044890
"9845_8",0.990478
"6236_7",0.041076
"8525_7",0.984985
"10398_10",0.990514
"6555_7",0.981203
"5873_3",0.693019
"12235_8",0.995479
"8972_2",0.013809
"6313_1",0.001413
"3277_1",0.035746
"9661_10",0.989234
"11759_4",0.002929
"7960_2",0.011961
"2710_7",0.992767
"3152_1",0.003450
"3186_8",0.994157
"6180_2",0.001131
"3303_1",0.006241
"250_1",0.003907
"8902_1",0.001598
"7964_9",0.997556
"78_1",0.003559
"9162_9",0.993176
"11868_8",0.994358
"8522_8",0.409044
"8517_8",0.932423
"12341_4",0.010082
"3300_1",0.001193
"2961_10",0.997242
"11309_10",0.994203
"381_10",0.994940
"6537_10",0.995898
"4623_10",0.996357
"12425_10",0.997508
"817_7",0.993938
"1853_3",0.001125
"3586_10",0.997439
"6148_9",0.998472
"5020_10",0.996972
"6486_10",0.993649
"560_8",0.996790
"11210_3",0.804444
"4714_1",0.000801
"7175_7",0.994054
"10289_9",0.994336
"2497_2",0.185504
"6359_3",0.199581
"4905_3",0.001540
"4701_10",0.995027
"292_10",0.995719
"4010_9",0.989066
"1591_2",0.994236
"619_10",0.992031
"8563_1",0.000717
"488_4",0.047514
"3148_10",0.997933
"2046_4",0.022159
"11560_8",0.989732
"8694_7",0.992611
"11041_10",0.996564
"6159_8",0.997663
"10205_1",0.001775
"7840_9",0.984956
"3298_10",0.996858
"2854_7",0.991423
"3521_8",0.996907
"8317_2",0.000902
"10564_7",0.989511
"7951_3",0.050098
"9834_8",0.994089
"4809_9",0.995575
"4675_1",0.033812
"9493_10",0.894513
"7841_4",0.946151
"8076_10",0.440048
"3242_8",0.997454
"11666_3",0.152032
"9341_2",0.009879
"10384_1",0.002621
"1558_9",0.998484
"9790_10",0.995626
"12149_2",0.001086
"11533_4",0.001145
"4438_3",0.031949
"11177_4",0.002694
"8657_7",0.988358
"4485_4",0.088544
"1313_3",0.001307
"7383_10",0.996919
"11875_8",0.987005
"9838_7",0.996093
"33_3",0.001200
"5747_1",0.001738
"1420_8",0.996852
"7292_9",0.995727
"5218_7",0.834035
"3359_9",0.943295
"10947_8",0.991571
"219_1",0.002678
"6374_3",0.005753
"9686_10",0.997479
"6757_10",0.991620
"1003_8",0.995727
"9313_9",0.991339
"6175_10",0.996827
"5391_7",0.986546
"1085_1",0.001684
"9054_1",0.003363
"8543_10",0.996078
"686_8",0.990044
"6959_3",0.041813
"11014_4",0.024423
"9204_8",0.997054
"9029_7",0.995444
"10441_9",0.997542
"5245_10",0.996116
"1480_7",0.884688
"6426_3",0.123366
"1700_1",0.023131
"2783_10",0.991389
"6152_8",0.983053
"12282_10",0.998103
"2948_4",0.005385
"11974_2",0.003707
"5944_7",0.060641
"9370_8",0.963265
"711_10",0.967899
"6169_8",0.997537
"12329_1",0.000920
"4904_1",0.002043
"2070_3",0.000940
"25_3",0.027015
"1819_4",0.001086
"8642_10",0.995635
"11504_10",0.994531
"10193_7",0.993562
"8917_4",0.001490
"9380_2",0.004700
"10048_8",0.996168
"7288_9",0.993123
"8128_4",0.004973
"7800_3",0.006438
"5852_1",0.000945
"8027_1",0.001469
"10317_1",0.001817
"10280_8",0.942454
"3959_10",0.997348
"6115_10",0.995318
"6078_8",0.991456
"12273_9",0.997317
"1497_10",0.976824
"2969_9",0.996688
"2577_1",0.006917
"4519_1",0.001839
"8596_4",0.129293
"254_3",0.147248
"7005_8",0.996882
"5426_10",0.993985
"965_9",0.468183
"2044_4",0.010229
"9006_3",0.002091
"11462_10",0.995969
"4990_7",0.004783
"163_7",0.971859
"3134_3",0.011288
"2922_4",0.910585
"5777_1",0.002170
"6340_7",0.983628
"7896_1",0.001044
"2321_8",0.992467
"2187_1",0.264952
"1831_9",0.994077
"9321_10",0.995488
"9970_10",0.997036
"2978_4",0.008332
"7491_3",0.001704
"2491_10",0.993973
"749_1",0.001528
"4751_2",0.002657
"3276_1",0.001642
"10889_9",0.996919
"5887_1",0.001814
"8806_9",0.998190
"8569_2",0.001919
"3209_10",0.997242
"7139_10",0.990732
"5052_3",0.010209
"5773_3",0.007607
"1663_9",0.995890
"3575_7",0.068164
"12017_1",0.001466
"12460_8",0.993385
"7925_2",0.000787
"1643_10",0.998457
"4537_1",0.002632
"10651_3",0.006615
"12075_10",0.995826
"4823_1",0.001048
"5392_7",0.991170
"5436_9",0.997258
"3088_8",0.996796
"6607_9",0.996888
"7648_1",0.001024
"1073_8",0.992244
"4587_8",0.986942
"9463_10",0.995618
"11962_1",0.000908
"8718_4",0.005753
"7781_10",0.997659
"11495_2",0.025420
"2772_4",0.836588
"4029_1",0.001279
"2080_10",0.996235
"6250_9",0.997248
"2985_9",0.874560
"2935_7",0.142590
"7900_1",0.000815
"2433_8",0.998617
"12366_1",0.001734
"10910_2",0.011665
"5265_3",0.001204
"9603_10",0.624351
"11989_3",0.006488
"2929_4",0.918077
"1796_1",0.001684
"10659_2",0.003679
"4978_9",0.995390
"11823_8",0.996406
"1732_8",0.995479
"1103_4",0.002795
"8958_1",0.077308
"8607_4",0.149625
"5820_9",0.997704
"8885_3",0.007831
"3718_10",0.989182
"3822_1",0.006145
"9886_10",0.998012
"9806_10",0.443781
"10009_10",0.997594
"5979_2",0.001088
"11937_3",0.011019
"4776_8",0.988177
"9009_7",0.959950
"8094_7",0.995226
"828_3",0.003154
"3318_1",0.000801
"3558_4",0.026007
"7967_8",0.995914
"5275_7",0.986623
"5130_1",0.000844
"1327_9",0.996503
"11526_8",0.994800
"32_10",0.996870
"10697_1",0.000880
"9966_1",0.000799
"3132_1",0.029648
"967_2",0.000938
"6483_10",0.996901
"698_10",0.990678
"7848_2",0.040313
"9349_1",0.001540
"10532_9",0.996610
"11819_2",0.013109
"6812_1",0.000809
"5401_1",0.001487
"3528_1",0.001475
"12239_1",0.000732
"1479_4",0.001487
"2732_4",0.023848
"6806_10",0.996420
"2119_9",0.997484
"8565_9",0.029229
"1914_8",0.934991
"4835_1",0.000909
"1029_2",0.000942
"9228_4",0.012540
"2391_2",0.006004
"9674_9",0.994402
"9404_9",0.995914
"5987_1",0.008495
"9237_8",0.996496
"9879_2",0.002492
"1370_10",0.573858
"10662_1",0.001419
"6937_7",0.926868
"6355_9",0.991636
"3784_4",0.009090
"9136_10",0.944740
"9557_4",0.080357
"12013_7",0.997708
"1114_4",0.022222
"6890_10",0.993042
"3238_8",0.997332
"1790_10",0.991954
"4277_8",0.997770
"2257_4",0.124959
"7677_10",0.994123
"1618_4",0.162247
"7314_1",0.002157
"10332_1",0.001338
"7746_2",0.980618
"9303_3",0.001051
"12321_9",0.994358
"10341_2",0.000812
"7745_9",0.997221
"11104_7",0.991652
"10855_1",0.001116
"10300_1",0.002047
"2037_2",0.002541
"7754_9",0.994054
"9503_10",0.998066
"396_7",0.996948
"583_2",0.003344
"4469_3",0.013929
"11038_1",0.006181
"2285_4",0.063657
"5069_8",0.223801
"8736_8",0.996656
"9486_3",0.024893
"11669_10",0.994391
"8598_1",0.003216
"1344_3",0.001356
"11789_3",0.012324
"9605_2",0.003416
"10122_2",0.011387
"3752_10",0.991136
"3864_4",0.002145
"10505_7",0.981997
"3822_8",0.996604
"8146_4",0.067117
"11114_8",0.995008
"7847_2",0.052328
"10300_10",0.995381
"7021_10",0.996695
"8_9",0.959573
"7199_2",0.053305
"9392_9",0.995037
"8234_7",0.568595
"12328_7",0.980262
"9918_9",0.996503
"10066_7",0.206254
"5482_2",0.001247
"6914_4",0.005797
"4665_7",0.755412
"613_4",0.051272
"577_8",0.992611
"12490_4",0.616344
"8637_3",0.069321
"11815_4",0.005598
"9490_10",0.996116
"4388_3",0.000823
"11778_10",0.950041
"4988_10",0.997872
"6590_3",0.996131
"4761_7",0.987969
"8828_4",0.013597
"10382_3",0.001714
"3321_1",0.045564
"2550_10",0.997042
"12104_1",0.006157
"6431_1",0.001197
"8829_8",0.792625
"858_7",0.937038
"197_1",0.011609
"3599_7",0.987818
"10808_2",0.056705
"12050_4",0.020844
"6348_1",0.001897
"11051_8",0.973819
"11216_4",0.130451
"8360_3",0.007275
"9570_2",0.005011
"8040_4",0.098252
"3664_8",0.997306
"10003_8",0.998193
"3763_7",0.982938
"9692_9",0.966976
"4503_1",0.000793
"10985_2",0.009458
"121_4",0.026759
"5651_10",0.996123
"9416_3",0.003022
"9128_8",0.994860
"8955_8",0.994880
"8787_4",0.006488
"1622_9",0.995826
"762_3",0.047958
"6915_2",0.001080
"8998_4",0.001617
"8200_10",0.996809
"1878_8",0.990839
"5969_10",0.996960
"8000_3",0.012809
"8161_10",0.998377
"9805_4",0.018458
"3815_10",0.994499
"3783_3",0.257298
"4924_10",0.996669
"7952_1",0.005354
"4060_8",0.926935
"775_1",0.015087
"696_10",0.997205
"8751_10",0.987544
"6073_10",0.997127
"9982_1",0.007233
"3706_10",0.965349
"5996_8",0.986455
"3107_10",0.995961
"8913_8",0.992865
"8982_9",0.998235
"8938_3",0.111145
"3008_3",0.001116
"3787_2",0.001691
"6146_9",0.985286
"5664_1",0.002546
"2408_3",0.000934
"6153_2",0.005786
"7023_7",0.992837
"2571_3",0.001478
"6808_4",0.005150
"6425_9",0.998469
"11139_4",0.023487
"320_7",0.163445
"3098_1",0.002817
"5369_10",0.992975
"480_3",0.010955
"7884_9",0.996307
"5247_1",0.001223
"3192_2",0.001498
"12127_1",0.005230
"1237_7",0.997133
"612_3",0.487124
"6016_7",0.983676
"10490_1",0.001167
"5180_8",0.994225
"3122_4",0.025859
"2845_8",0.996357
"9000_8",0.992077
"448_2",0.009440
"1207_10",0.996039
"11989_8",0.992711
"11102_9",0.996257
"1761_1",0.006824
"9815_3",0.034133
"12023_1",0.042762
"9901_10",0.998110
"11740_2",0.002516
"4702_10",0.995946
"4885_3",0.077169
"0_2",0.001623
"2273_2",0.003324
"11340_8",0.713843
"12012_4",0.029788
"10534_10",0.979842
"8424_2",0.009431
"8716_3",0.011846
"7154_10",0.996550
"5001_1",0.003900
"6511_3",0.001419
"3308_7",0.964321
"2720_2",0.002726
"1183_10",0.997389
"12387_2",0.001024
"6580_2",0.002265
"4431_9",0.997925
"11828_7",0.927034
"6737_10",0.997537
"7505_4",0.091342
"4798_2",0.004094
"4773_1",0.000784
"6719_3",0.005080
"6475_3",0.047514
"11733_3",0.001972
"9360_7",0.987993
"5571_1",0.000909
"10316_10",0.994520
"5068_3",0.009020
"11188_8",0.709321
"7291_3",0.003884
"6233_3",0.002178
"11710_1",0.004646
"3780_7",0.989286
"3210_10",0.997221
"2885_3",0.001567
"2912_4",0.016882
"3320_4",0.002132
"11275_4",0.173463
"8406_1",0.001592
"8275_10",0.964355
"4862_9",0.997296
"11817_2",0.029201
"302_10",0.993110
"11341_1",0.133641
"4626_1",0.001188
"1030_2",0.003022
"4799_8",0.993710
"4845_1",0.000883
"3458_1",0.000849
"9535_9",0.996078
"6553_10",0.997133
"486_4",0.005598
"11162_7",0.995245
"7689_7",0.987387
"12058_1",0.000970
"3740_1",0.003210
"11656_8",0.990821
"9795_1",0.000853
"1947_1",0.001167
"1468_1",0.004086
"4158_10",0.996714
"5876_1",0.002015
"12084_4",0.024869
"5434_7",0.986520
"7984_9",0.417776
"2217_8",0.991620
"2300_4",0.021085
"8707_7",0.765506
"3345_10",0.990514
"7375_8",0.975296
"1150_2",0.001564
"8557_10",0.996695
"5590_8",0.992349
"5270_1",0.005200
"10339_4",0.013782
"6789_3",0.219379
"4289_1",0.032010
"693_4",0.029229
"326_1",0.965511
"9786_8",0.995922
"6610_10",0.996264
"11350_9",0.995540
"10907_1",0.000851
"3285_8",0.992597
"10964_4",0.098990
"5411_1",0.002453
"6188_10",0.986942
"7110_3",0.001042
"7355_8",0.655649
"12116_1",0.117623
"1187_1",0.000947
"12167_7",0.989948
"5530_9",0.992393
"2829_10",0.446555
"9549_4",0.001786
"8805_10",0.991554
"10265_3",0.017226
"5227_3",0.004610
"8693_10",0.997876
"6331_10",0.998077
"9079_4",0.052814
"7200_1",0.002482
"9322_10",0.997237
"2899_4",0.003216
"6478_10",0.996031
"4659_1",0.002817
"6755_1",0.000818
"10385_10",0.995938
"11861_1",0.000929
"5483_10",0.996895
"4012_10",0.992393
"7146_9",0.998211
"3782_9",0.989672
"12181_4",0.010663
"10663_10",0.992961
"4712_1",0.001402
"11071_10",0.989511
"11171_3",0.001402
"9043_10",0.997327
"9912_10",0.987652
"7306_9",0.998368
"12382_9",0.996901
"11654_9",0.998713
"8848_1",0.000820
"4076_3",0.001897
"8248_3",0.050611
"10011_1",0.004556
"11769_1",0.012983
"4164_9",0.997048
"1831_1",0.001817
"4164_1",0.001570
"318_3",0.043732
"7221_10",0.982356
"10912_8",0.996778
"1321_4",0.965964
"7712_7",0.989501
"2680_4",0.015058
"8374_1",0.000929
"995_7",0.997414
"2009_1",0.006784
"3905_9",0.979492
"3348_3",0.006501
"6466_1",0.001934
"11900_10",0.998454
"1634_7",0.757906
"8245_4",0.531513
"8561_1",0.002230
"2072_2",0.001378
"12060_10",0.991456
"8178_3",0.061565
"8778_1",0.004166
"10489_8",0.992000
"10118_8",0.995479
"3470_8",0.997913
"8014_4",0.940298
"582_10",0.994729
"8984_8",0.996954
"9085_8",0.992481
"8894_2",0.001738
"3762_2",0.001886
"3815_2",0.001160
"5903_9",0.996300
"8907_10",0.994830
"6140_7",0.915394
"9279_4",0.042682
"2948_9",0.998125
"10588_10",0.997384
"8239_1",0.005512
"6986_2",0.001421
"5308_3",0.003443
"11984_8",0.987876
"9984_4",0.204620
"11803_8",0.997617
"2925_10",0.994456
"11396_10",0.995008
"8998_7",0.936518
"4511_7",0.998032
"5780_2",0.003817
"9838_4",0.048541
"422_10",0.871092
"11389_10",0.992725
"8511_3",0.179028
"2089_10",0.997122
"5818_3",0.001573
"566_9",0.892983
"452_10",0.997503
"4451_9",0.995363
"6105_1",0.002256
"2158_10",0.013364
"10395_2",0.003136
"11291_3",0.002779
"2408_8",0.995488
"3698_9",0.982987
"6060_2",0.001522
"9509_10",0.997748
"7136_10",0.995874
"5557_10",0.995291
"7155_2",0.003430
"11421_10",0.989440
"3620_4",0.024353
"2176_4",0.055669
"8970_1",0.044266
"11186_10",0.997695
"9604_3",0.164751
"6047_10",0.992139
"4487_9",0.992767
"11880_3",0.013650
"2650_2",0.002596
"5279_1",0.001461
"9289_1",0.001061
"11673_10",0.996577
"6890_2",0.001226
"2668_10",0.991538
"942_1",0.000929
"264_1",0.003267
"10157_1",0.051510
"791_10",0.994135
"11434_9",0.996570
"5630_2",0.002581
"9392_1",0.001585
"12471_3",0.006169
"8593_9",0.965771
"10333_10",0.996630
"9146_8",0.949059
"5404_7",0.990514
"7662_9",0.993397
"11068_1",0.000779
"4460_2",0.033431
"5002_10",0.993320
"9269_9",0.997717
"1639_10",0.996688
"9045_1",0.006931
"9944_8",0.951459
"4091_4",0.002007
"6889_4",0.011721
"71_9",0.996371
"10173_8",0.989108
"2513_8",0.965414
"7507_1",0.001181
"1235_2",0.007793
"3325_1",0.008348
"4146_7",0.785309
"7286_8",0.995123
"4096_1",0.000938
"3897_7",0.997122
"11240_10",0.991153
"4109_1",0.001048
"9566_4",0.004764
"2038_8",0.996523
"6985_7",0.992364
"6967_9",0.996257
"11020_10",0.996530
"3291_1",0.000742
"9763_3",0.037609
"1943_7",0.991636
"7599_7",0.413625
"8158_8",0.997444
"4140_3",0.000925
"11840_2",0.001582
"9675_1",0.001302
"10878_1",0.000754
"10760_1",0.003854
"260_1",0.002806
"8188_10",0.997322
"3260_1",0.001274
"6172_9",0.994303
"10021_3",0.006027
"7784_10",0.995890
"4066_1",0.016450
"12325_10",0.988131
"9894_8",0.996676
"1242_1",0.002758
"2059_1",0.002301
"10686_7",0.995345
"8110_2",0.001156
"8398_7",0.989662
"6096_9",0.840586
"9422_3",0.172520
"2919_4",0.989622
"10248_1",0.420719
"7480_1",0.006603
"3248_8",0.994112
"10264_2",0.001717
"7401_10",0.991875
"10528_1",0.133754
"7623_8",0.211376
"3968_2",0.012372
"10918_4",0.006904
"5146_7",0.997537
"12466_4",0.003087
"10395_10",0.992539
"3862_8",0.996623
"2247_1",0.002003
"2979_9",0.996688
"3271_9",0.997713
"5225_1",0.000801
"5662_1",0.025227
"12087_3",0.949342
"10765_10",0.998136
"1256_4",0.030416
"2057_1",0.000900
"2610_7",0.981910
"2065_2",0.000839
"4410_3",0.186984
"6847_10",0.998259
"1927_1",0.001204
"4201_9",0.995694
"2578_8",0.996570
"74_10",0.997373
"8324_10",0.993423
"4762_8",0.742888
"10612_3",0.001147
"11353_10",0.988820
"10709_8",0.994100
"3978_7",0.993562
"954_4",0.059592
"2493_10",0.989751
"8293_7",0.990514
"9454_1",0.000953
"8982_1",0.001639
"5201_3",0.213705
"9758_1",0.000864
"5999_8",0.994467
"11000_1",0.001012
"647_1",0.003273
"7345_9",0.998481
"5105_3",0.032070
"9488_4",0.023375
"11810_10",0.997093
"5343_8",0.994770
"1671_7",0.993487
"6414_2",0.001207
"3749_8",0.993189
"2310_2",0.000861
"8460_2",0.001645
"12305_1",0.001151
"11672_1",0.001042
"11726_10",0.992154
"11659_2",0.035178
"8684_2",0.001849
"6546_10",0.987676
"1980_8",0.993783
"3113_10",0.995809
"8440_1",0.000908
"7473_7",0.995272
"726_7",0.977607
"11165_10",0.997327
"9830_2",0.006615
"6409_10",0.992408
"11455_3",0.025179
"993_3",0.003040
"3186_1",0.009975
"11631_4",0.003383
"3225_1",0.001242
"4442_1",0.001552
"6775_9",0.997770
"230_7",0.802942
"5971_4",0.201499
"763_10",0.998293
"9943_10",0.997007
"10098_9",0.995514
"7219_10",0.993891
"6348_8",0.994698
"5774_10",0.966252
"1842_4",0.002946
"3544_8",0.946151
"5661_10",0.995114
"8698_1",0.001623
"7576_1",0.001684
"584_3",0.034651
"9963_8",0.993807
"11653_8",0.998158
"4269_1",0.000972
"728_1",0.005544
"7118_2",0.000744
"6305_4",0.991456
"5970_4",0.015044
"4729_1",0.000807
"7638_10",0.770422
"2709_10",0.990803
"1461_7",0.927166
"5302_10",0.997677
"3589_10",0.997379
"3897_4",0.024261
"9883_1",0.001394
"9903_4",0.013364
"9789_1",0.001449
"2971_4",0.007432
"5015_7",0.997589
"9215_1",0.010976
"8553_2",0.051035
"5671_3",0.003416
"748_7",0.942454
"8222_10",0.994314
"9336_3",0.012747
"1585_1",0.004963
"10634_8",0.994380
"4549_8",0.996943
"7014_10",0.994434
"2412_10",0.994790
"5779_10",0.995272
"11949_4",0.154312
"6879_8",0.961171
"4432_2",0.001190
"5825_10",0.983085
"10422_9",0.526099
"4575_10",0.997019
"11520_1",0.007461
"6612_1",0.001063
"4206_7",0.995363
"1611_10",0.994303
"8170_10",0.998107
"96_1",0.000848
"715_10",0.996227
"10032_8",0.931867
"2585_1",0.003517
"7477_3",0.199893
"2778_10",0.996469
"6807_1",0.895705
"6378_1",0.099077
"1752_10",0.997199
"2305_8",0.994850
"7423_3",0.001694
"496_9",0.991204
"10829_1",0.001402
"7012_9",0.935759
"7701_7",0.987592
"6858_8",0.998472
"2723_4",0.207656
"5720_1",0.010756
"1531_9",0.997025
"3052_8",0.995818
"2728_7",0.995309
"2275_4",0.004240
"11211_1",0.065306
"4603_3",0.033117
"2273_9",0.998335
"11662_2",0.003992
"4887_3",0.011201
"8155_9",0.992879
"2373_4",0.051320
"1754_1",0.003615
"12247_9",0.998335
"10327_1",0.000970
"8968_3",0.004382
"370_8",0.996329
"559_10",0.995549
"8273_3",0.007621
"8125_2",0.001793
"8666_9",0.865167
"4827_7",0.949809
"9737_10",0.994930
"5604_8",0.972467
"8331_10",0.993397
"886_2",0.002083
"4413_7",0.634642
"4116_7",0.997925
"3675_1",0.015559
"496_3",0.058507
"8837_4",0.020139
"3099_2",0.000968
"5518_4",0.714055
"6953_9",0.997617
"1240_9",0.991489
"8614_1",0.012601
"1628_8",0.571408
"1673_3",0.009765
"10806_8",0.994780
"780_9",0.993359
"6957_8",0.996523
"10903_8",0.993771
"9908_7",0.976423
"4696_9",0.996062
"3816_7",0.991221
"489_9",0.994900
"2254_1",0.012846
"122_8",0.377168
"3171_8",0.424203
"54_3",0.233794
"8826_4",0.129623
"7686_1",0.000725
"10875_3",0.003081
"4858_10",0.987818
"1268_8",0.514461
"3497_10",0.906942
"6527_1",0.000890
"1345_9",0.991587
"10092_4",0.003601
"11571_9",0.989986
"2899_10",0.996852
"5381_10",0.996888
"8722_1",0.001458
"10521_10",0.996371
"296_9",0.996948
"6184_1",0.018387
"6657_10",0.997194
"5972_9",0.995914
"8599_7",0.082883
"6125_1",0.004521
"5834_2",0.007303
"12479_9",0.988701
"3253_2",0.013769
"4986_9",0.996321
"6439_7",0.944842
"9659_8",0.997897
"3375_3",0.007475
"3155_10",0.995435
"3478_9",0.962988
"6251_1",0.001075
"6281_1",0.000732
"4669_8",0.983691
"2843_2",0.001032
"8137_8",0.997594
"9390_10",0.995272
"11401_3",0.001495
"1455_4",0.193147
"8418_9",0.998132
"7064_4",0.085978
"7467_4",0.093554
"12492_10",0.997708
"1969_4",0.030072
"5388_8",0.987520
"3287_2",0.004646
"3493_1",0.002355
"11682_8",0.993385
"7860_3",0.097864
"5507_4",0.010725
"11741_10",0.996870
"8041_8",0.995047
"3525_7",0.964489
"12256_9",0.997953
"1559_10",0.998718
"5477_9",0.998062
"736_2",0.004031
"29_10",0.996062
"12257_7",0.995592
"11184_3",0.032192
"5323_4",0.004265
"11315_3",0.231006
"1400_4",0.073430
"7978_3",0.001782
"6543_10",0.687112
"2120_10",0.998043
"3033_10",0.996406
"4096_7",0.996190
"10945_1",0.001793
"10726_7",0.996901
"10568_10",0.997726
"8966_8",0.982790
"12274_4",0.004867
"10560_4",0.021369
"12352_8",0.305160
"5860_1",0.004031
"11828_1",0.001828
"10752_7",0.954393
"6501_4",0.007984
"561_1",0.006062
"6796_1",0.001748
"2626_4",0.059428
"9089_3",0.001817
"10921_10",0.996590
"6969_10",0.880643
"1039_1",0.005271
"9561_2",0.003099
"2651_10",0.995938
"8929_7",0.978976
"6434_2",0.023309
"3954_1",0.001040
"12408_10",0.995818
"9230_8",0.993436
"6626_1",0.087525
"1913_2",0.008951
"9277_10",0.995282
"8177_8",0.994989
"7174_2",0.018264
"10000_7",0.981040
"849_1",0.002823
"9768_1",0.001768
"2852_7",0.179674
"7872_10",0.990348
"7331_7",0.996406
"9716_8",0.996055
"5672_1",0.035847
"11305_7",0.989286
"4750_2",0.001589
"3606_7",0.993150
"10329_1",0.000890
"4407_8",0.994800
"4298_8",0.996537
"1526_3",0.027954
"1177_8",0.994236
"8366_3",0.022824
"1848_9",0.997547
"9689_1",0.002556
"4883_7",0.959421
"10485_10",0.995336
"10851_9",0.149873
"1550_7",0.970964
"5088_7",0.987771
"7420_7",0.993346
"8306_4",0.060225
"7474_9",0.996070
"5297_10",0.998183
"9105_1",0.000942
"4806_8",0.996919
"11659_10",0.997199
"5491_4",0.349706
"4175_1",0.002699
"8726_1",0.000770
"9049_4",0.003279
"3266_10",0.994203
"1396_1",0.004248
"8364_4",0.077832
"3945_2",0.001053
"196_4",0.002790
"279_1",0.000822
"12203_2",0.001835
"8613_8",0.995363
"3839_10",0.998430
"2780_7",0.164181
"10493_10",0.993512
"6866_9",0.997484
"4044_10",0.997905
"2435_1",0.000851
"1976_4",0.662571
"8649_3",0.004934
"7299_1",0.001040
"6018_2",0.000972
"9729_8",0.997155
"3154_10",0.973469
"950_1",0.001351
"1409_4",0.007149
"5175_10",0.995123
"9722_4",0.008260
"4077_2",0.001648
"7067_1",0.001147
"10984_10",0.997205
"7117_1",0.001131
"2121_10",0.997110
"1386_10",0.995660
"12236_10",0.994214
"11844_1",0.001674
"8085_9",0.992184
"333_3",0.101189
"6522_3",0.009304
"249_7",0.994413
"1199_1",0.001069
"499_8",0.995922
"10033_1",0.000796
"7699_9",0.992031
"4829_7",0.915809
"665_1",0.000718
"6743_8",0.735119
"10153_10",0.962285
"4757_2",0.385086
"6942_10",0.997603
"3895_7",0.995180
"11128_1",0.002551
"4404_3",0.003292
"10811_1",0.000739
"1165_7",0.690089
"10907_8",0.996676
"1859_10",0.997864
"5836_10",0.992947
"10158_2",0.443691
"899_3",0.019401
"8631_1",0.006526
"7153_8",0.995047
"847_2",0.001202
"4418_10",0.997122
"12320_10",0.993819
"11242_8",0.916783
"7046_7",0.996821
"1819_10",0.996168
"1651_10",0.997269
"8280_10",0.995505
"2062_9",0.998245
"4781_8",0.995345
"10314_1",0.002383
"1934_1",0.001908
"12230_7",0.942876
"6689_9",0.998620
"987_4",0.006641
"9881_2",0.018779
"4571_7",0.996821
"569_4",0.032131
"11392_3",0.054399
"10716_2",0.001427
"7643_3",0.624709
"7429_8",0.991439
"11315_7",0.991891
"3097_9",0.941761
"10398_1",0.001294
"6299_8",0.959875
"5951_2",0.007504
"8930_8",0.994236
"1852_4",0.001061
"2857_7",0.971374
"4544_9",0.658211
"9492_10",0.949902
"1947_8",0.985328
"9178_2",0.041696
"6290_3",0.001949
"6313_8",0.997384
"6975_8",0.997608
"12258_10",0.996765
"3970_10",0.996833
"8096_7",0.991554
"10872_3",0.000945
"3660_1",0.003118
"7958_10",0.995801
"652_1",0.001639
"10331_1",0.001040
"2368_4",0.002047
"12367_1",0.000911
"12125_3",0.002265
"5785_8",0.400837
"5213_10",0.788827
"6334_8",0.968141
"8005_4",0.057652
"8405_7",0.976175
"4629_2",0.005080
"9342_8",0.990385
"11634_3",0.017342
"2878_2",0.003729
"6195_1",0.001156
"6994_8",0.997088
"12170_3",0.068226
"7384_1",0.000881
"1047_8",0.991339
"669_2",0.002051
"2976_1",0.008478
"4718_1",0.000955
"1203_1",0.001092
"9113_10",0.992319
"2928_1",0.008856
"10734_8",0.959459
"6469_7",0.996220
"2896_3",0.001469
"12061_8",0.997589
"240_9",0.996630
"8580_1",0.533519
"1961_1",0.213623
"6145_1",0.001116
"11028_4",0.160036
"7664_1",0.003869
"3022_1",0.060391
"7893_8",0.987460
"1149_8",0.993537
"8301_8",0.875095
"8210_10",0.990997
"9949_8",0.921110
"2961_4",0.026255
"9796_10",0.996198
"4397_7",0.996039
"2936_3",0.039343
"11382_10",0.997551
"11671_1",0.002663
"10864_1",0.000885
"11253_4",0.002678
"4692_3",0.054299
"11905_2",0.068133
"12066_1",0.025395
"789_8",0.993867
"7700_8",0.991891
"7697_7",0.204263
"8628_4",0.001828
"5719_2",0.023757
"4761_2",0.001570
"8777_1",0.015529
"3525_1",0.001216
"11990_4",0.005002
"432_10",0.998081
"4115_3",0.006004
"10888_10",0.979394
"6995_2",0.115461
"11910_10",0.929280
"8895_1",0.002099
"12149_10",0.996336
"11782_8",0.944689
"12139_7",0.261166
"380_2",0.007066
"5242_10",0.994667
"3542_9",0.996796
"6821_1",0.123207
"6931_1",0.003552
"5958_9",0.989909
"5332_2",0.001242
"2630_2",0.000699
"6387_7",0.993242
"7899_8",0.966883
"11017_3",0.004973
"11800_10",0.998214
"10926_10",0.994520
"9866_10",0.951459
"3203_2",0.002063
"11276_4",0.033400
"8342_2",0.015336
"6167_10",0.980562
"36_3",0.001245
"3340_1",0.004142
"3997_9",0.997973
"2627_10",0.996577
"4204_1",0.001768
"1018_4",0.462170
"10951_1",0.000944
"5315_4",0.977045
"6301_7",0.995114
"12038_10",0.998539
"3164_10",0.993229
"10989_8",0.996925
"2449_9",0.998573
"4375_1",0.001338
"7037_3",0.005230
"33_7",0.996448
"7457_10",0.991118
"2082_3",0.009012
"1316_10",0.998293
"9097_3",0.227534
"5804_10",0.995777
"9411_1",0.001174
"118_10",0.998172
"560_3",0.013597
"8914_9",0.476945
"2745_4",0.010798
"2607_1",0.002035
"4405_4",0.023894
"10451_1",0.000838
"1887_7",0.943660
"725_2",0.004867
"5118_4",0.002043
"9536_1",0.000766
"127_3",0.001315
"2833_8",0.994077
"131_7",0.994358
"7789_10",0.991938
"6294_7",0.990533
"3872_4",0.018942
"5454_7",0.955981
"11162_1",0.002774
"1685_1",0.002011
"8352_2",0.055669
"5003_1",0.002328
"262_9",0.997253
"8233_8",0.996116
"1814_10",0.989511
"1967_10",0.986520
"7545_10",0.991204
"12386_2",0.007930
"9531_9",0.996517
"3013_1",0.001078
"6835_10",0.995744
"1279_3",0.007526
"2411_1",0.006109
"9537_1",0.000795
"3446_10",0.992289
"656_4",0.513851
"7085_1",0.000958
"8355_1",0.008771
"1869_3",0.016850
"2317_2",0.009652
"11228_4",0.009793
"3987_8",0.998289
"509_3",0.009268
"5168_8",0.994203
"9267_10",0.998478
"912_10",0.995282
"10275_9",0.993150
"2855_10",0.993110
"6079_4",0.015248
"2728_1",0.001469
"9895_4",0.202128
"8230_7",0.880541
"5152_4",0.059210
"4137_8",0.990839
"919_10",0.997434
"1481_1",0.031292
"2468_1",0.000938
"383_1",0.003773
"11552_4",0.009850
"856_7",0.996371
"9047_1",0.000888
"2300_9",0.995245
"1346_7",0.982624
"6316_4",0.264548
"7983_10",0.997603
"9685_10",0.988853
"2745_10",0.737867
"8149_1",0.000869
"9478_1",0.001915
"3126_3",0.175256
"11629_10",0.983295
"5858_8",0.995969
"200_8",0.996198
"7721_4",0.006463
"12334_8",0.996055
"9582_4",0.002392
"5696_9",0.824639
"3823_3",0.010219
"11571_4",0.075858
"1349_9",0.992795
"4306_7",0.994020
"6924_1",0.005480
"10639_10",0.787482
"5674_1",0.000906
"11321_1",0.000864
"771_4",0.833494
"3519_1",0.009936
"2378_2",0.001525
"5677_10",0.998490
"2807_4",0.013033
"10165_9",0.996213
"6940_1",0.000920
"11015_3",0.016014
"1055_3",0.007053
"11055_9",0.994698
"8173_1",0.147617
"10743_1",0.001028
"11927_3",0.201224
"8785_4",0.053700
"10995_1",0.005002
"11899_1",0.000820
"10078_10",0.998012
"11831_8",0.969382
"8182_1",0.011029
"9664_2",0.001552
"12229_9",0.996550
"6076_2",0.001228
"8529_2",0.004102
"4686_1",0.001262
"8174_9",0.998058
"7395_4",0.453141
"1803_10",0.993636
"2508_1",0.000981
"452_2",0.039490
"8830_4",0.643399
"3240_4",0.849971
"578_2",0.116412
"3093_2",0.011642
"9543_1",0.001598
"9065_4",0.059428
"534_4",0.091301
"9762_2",0.013159
"3037_1",0.005459
"4632_7",0.952750
"5064_8",0.438966
"9962_10",0.998525
"9340_10",0.994552
"5881_1",0.001744
"4642_10",0.995809
"5293_4",0.008686
"6721_1",0.003081
"9869_7",0.996070
"7070_10",0.997226
"12486_9",0.995426
"4943_9",0.994830
"7939_10",0.171616
"5786_3",0.004953
"10357_7",0.879974
"7147_10",0.996024
"8627_10",0.996293
"3370_1",0.005281
"4117_10",0.997753
"8178_7",0.992683
"968_8",0.996803
"5931_8",0.948537
"6459_2",0.000863
"2480_3",0.010378
"5511_10",0.825836
"7554_2",0.003795
"9276_8",0.996803
"140_2",0.041037
"2776_10",0.998110
"3690_1",0.084342
"6369_2",0.184253
"7438_10",0.996434
"872_9",0.805556
"2389_2",0.030531
"2882_3",0.033274
"10404_9",0.997695
"5790_4",0.051845
"2382_7",0.997744
"7798_1",0.001681
"272_1",0.005041
"298_1",0.002043
"11414_7",0.902136
"9255_4",0.640235
"5914_4",0.002170
"2974_7",0.996503
"6739_7",0.991221
"1229_7",0.989296
"2268_10",0.992851
"2352_7",0.349006
"9329_10",0.984276
"11380_10",0.995198
"215_4",0.001464
"9915_2",0.001871
"541_1",0.001890
"10975_2",0.001927
"6946_9",0.966976
"3286_7",0.992379
"7482_10",0.997645
"48_4",0.021226
"10046_4",0.011266
"6295_1",0.004408
"6417_4",0.000977
"2401_4",0.057388
"8608_1",0.003938
"3500_8",0.988347
"11903_3",0.004737
"4012_2",0.007080
"11415_4",0.024031
"5835_4",0.024446
"9039_4",0.069668
"6526_1",0.002208
"6379_8",0.993819
"6136_10",0.995601
"6094_4",0.016122
"11608_9",0.986297
"3745_3",0.012253
"10694_1",0.009936
"3222_10",0.997659
"3394_4",0.002039
"7790_10",0.994541
"2982_10",0.996901
"12253_3",0.987166
"5900_1",0.163780
"3398_4",0.289271
"10038_7",0.940189
"1520_8",0.983053
"11756_2",0.096068
"6228_1",0.001022
"6226_7",0.995226
"4377_10",0.992199
"9730_1",0.000818
"11088_4",0.074534
"7867_10",0.995898
"5072_1",0.027928
"7935_3",0.013377
"4536_3",0.002790
"6989_2",0.002039
"8101_8",0.995549
"3364_7",0.526465
"7862_1",0.001904
"8562_2",0.029732
"9783_9",0.993216
"7272_1",0.014131
"1025_3",0.008070
"9432_7",0.995532
"4153_8",0.998439
"8528_1",0.000843
"8427_4",0.018090
"5417_1",0.000895
"6575_1",0.012995
"10041_8",0.960694
"7589_4",0.117724
"10391_9",0.992169
"1400_7",0.920218
"9428_2",0.006426
"7106_3",0.001099
"5695_10",0.997589
"6430_10",0.994281
"11722_4",0.013493
"11328_1",0.000878
"9020_3",0.077692
"183_10",0.995417
"6674_10",0.999144
"5495_10",0.994870
"2237_7",0.895888
"11943_7",0.982423
"5872_10",0.997280
"5043_9",0.976647
"3869_1",0.002862
"5113_4",0.080213
"4671_3",0.001193
"9220_4",0.982254
"7330_1",0.000940
"5344_3",0.003087
"11965_1",0.000991
"7620_9",0.998345
"7044_10",0.996024
"6296_10",0.985800
"8204_1",0.001200
"7661_9",0.960768
"11708_2",0.014145
"2415_7",0.990821
"7840_4",0.004925
"2628_10",0.997704
"4633_3",0.006917
"7320_2",0.000885
"11755_1",0.002157
"2589_2",0.040163
"5044_10",0.998579
"5189_1",0.000745
"7926_7",0.985663
"2454_10",0.996378
"3368_1",0.000964
"12223_7",0.963334
"7348_1",0.005271
"12007_8",0.887058
"5501_7",0.980986
"4025_8",0.998136
"6447_10",0.994940
"5438_3",0.003423
"7910_10",0.994698
"377_1",0.001259
"409_8",0.996476
"2150_9",0.995752
"11986_2",0.000915
"2544_2",0.006719
"5141_10",0.997722
"8305_3",0.927790
"8329_10",0.996153
"2333_8",0.993487
"5171_4",0.001860
"5412_10",0.998179
"1081_10",0.996364
"10773_7",0.994456
"1969_10",0.995540
"8276_10",0.990083
"1244_1",0.001223
"7113_2",0.004062
"9535_2",0.001028
"4627_7",0.997580
"10757_4",0.030129
"10091_10",0.997713
"5211_10",0.995217
"7510_7",0.824497
"11674_10",0.996623
"5299_8",0.995930
"3515_8",0.993333
"10143_3",0.010509
"2274_10",0.998551
"2372_3",0.963882
"3116_8",0.993587
"7340_3",0.005664
"1394_9",0.996931
"2047_9",0.996378
"8587_2",0.336866
"11579_10",0.991406
"942_10",0.998463
"9355_4",0.447883
"8812_10",0.994790
"4732_2",0.001923
"3180_10",0.996031
"310_9",0.992108
"3980_8",0.997301
"6923_2",0.002364
"2424_9",0.994531
"1092_4",0.005957
"9238_7",0.880026
"2382_2",0.000767
"3579_1",0.009170
"6801_8",0.996948
"3768_8",0.987375
"11717_10",0.995408
"10001_9",0.997116
"355_10",0.994820
"8896_1",0.104432
"9772_1",0.000863
"7624_10",0.672291
"1102_3",0.000779
"10949_9",0.997065
"1269_10",0.996530
"11768_4",0.003318
"5555_4",0.061227
"2233_9",0.991668
"6567_8",0.995801
"12130_8",0.992711
"8587_7",0.999185
"10973_1",0.008364
"3863_10",0.996604
"9220_8",0.079567
"7579_10",0.998508
"4411_10",0.993562
"2093_8",0.992753
"10883_10",0.996483
"3583_3",0.000763
"1396_8",0.995566
"1930_3",0.001688
"8779_1",0.022955
"12478_9",0.995435
"176_9",0.993163
"11733_10",0.993042
"11368_1",0.000844
"4077_8",0.994488
"11056_7",0.993436
"5567_3",0.010808
"8549_3",0.011147
"9743_1",0.010023
"6916_9",0.995702
"6147_1",0.992611
"7820_7",0.996544
"1352_7",0.989821
"5337_10",0.997650
"12285_3",0.001585
"8992_2",0.006784
"4644_2",0.001786
"9793_10",0.995245
"2359_10",0.994729
"2137_9",0.994900
"10559_3",0.001452
"2679_3",0.002839
"10010_2",0.006266
"11987_10",0.990254
"8824_10",0.998309
"11418_7",0.989582
"2423_9",0.991620
"1576_7",0.887984
"7947_4",0.012516
"1714_10",0.997373
"6006_8",0.996153
"939_8",0.996901
"3755_4",0.017111
"3213_3",0.026205
"164_2",0.002128
"1123_10",0.996078
"7397_7",0.852568
"822_1",0.000785
"5631_2",0.008454
"10464_10",0.995263
"11397_10",0.997311
"10679_3",0.000856
"8205_1",0.000750
"6947_10",0.840423
"2000_1",0.000775
"4075_7",0.994729
"1388_8",0.896342
"446_1",0.002541
"1063_2",0.000782
"6030_3",0.061621
"5613_2",0.001552
"8759_3",0.604516
"12169_1",0.074097
"5111_4",0.014309
"2891_4",0.059620
"827_1",0.011104
"6229_8",0.935169
"2212_4",0.759605
"4788_9",0.983707
"8859_1",0.001197
"9798_10",0.995946
"9763_9",0.992199
"3889_7",0.986389
"3275_8",0.992169
"5106_10",0.995558
"7576_10",0.995618
"9405_3",0.006145
"7108_1",0.013338
"9794_10",0.983628
"2653_10",0.958226
"10545_10",0.995008
"12306_10",0.995133
"4696_2",0.001796
"7982_10",0.997348
"11066_3",0.028382
"10034_1",0.001782
"6035_3",0.002699
"9518_9",0.995300
"1266_8",0.996656
"11336_9",0.991136
"4159_10",0.995977
"9375_8",0.996752
"5204_1",0.000987
"3360_10",0.995336
"5659_1",0.061734
"8839_4",0.194444
"4529_7",0.991603
"3283_2",0.071494
"5376_7",0.995123
"5379_8",0.998418
"5266_4",0.001711
"7463_9",0.986071
"3595_1",0.005090
"3141_10",0.993734
"9986_2",0.179459
"4279_1",0.003976
"1427_4",0.031173
"8357_10",0.847653
"715_4",0.026607
"8482_9",0.996544
"3091_10",0.994959
"5735_7",0.749408
"3100_4",0.006004
"11447_8",0.965932
"4577_1",0.002969
"10287_10",0.995532
"3384_3",0.005566
"3820_9",0.996205
"8883_3",0.004963
"11279_10",0.957318
"3093_8",0.993587
"10465_3",0.001218
"4423_10",0.995685
"601_3",0.002912
"1902_10",0.993698
"1509_8",0.984155
"3019_9",0.995226
"11994_9",0.997937
"4246_2",0.002406
"842_10",0.994456
"4917_8",0.995056
"68_1",0.069985
"6613_2",0.003511
"7230_10",0.994739
"6183_4",0.048722
"338_10",0.995170
"6182_8",0.994325
"2409_1",0.005395
"9965_8",0.997317
"1336_10",0.382978
"4456_2",0.001069
"12437_8",0.995532
"8437_10",0.995922
"409_4",0.007303
"2303_10",0.991255
"2144_9",0.988324
"2302_8",0.996434
"385_9",0.991796
"3617_8",0.991339
"5450_7",0.182098
"6882_4",0.001564
"2980_4",0.101857
"9828_4",0.011190
"10745_8",0.993136
"3478_1",0.034914
"2167_2",0.000981
"5562_2",0.001274
"8771_7",0.121061
"8372_10",0.997194
"10749_8",0.989791
"7394_10",0.926703
"3711_7",0.990273
"5375_1",0.002975
"7881_7",0.773259
"7023_2",0.004340
"206_10",0.997459
"4760_9",0.994467
"12026_1",0.001012
"12182_10",0.979881
"1821_8",0.996584
"10828_1",0.001433
"2446_10",0.918114
"5327_10",0.997071
"5727_3",0.001097
"11460_4",0.053157
"6484_10",0.996108
"3555_4",0.085748
"10641_8",0.997221
"650_3",0.029008
"1467_10",0.998427
"7651_3",0.006590
"11459_4",0.082402
"9255_10",0.990197
"7888_10",0.997608
"4118_2",0.001882
"2540_9",0.995954
"2152_7",0.990569
"2614_10",0.995842
"2892_10",0.937498
"3878_1",0.001592
"273_10",0.987496
"5565_10",0.994281
"444_10",0.994477
"11062_10",0.996931
"5184_1",0.000807
"12140_3",0.001167
"3254_8",0.800926
"11537_7",0.078819
"7606_10",0.996476
"6120_2",0.016356
"7416_10",0.993255
"10759_3",0.185062
"12255_9",0.997613
"1114_10",0.996434
"6827_8",0.988470
"10246_2",0.008788
"204_9",0.996682
"5816_10",0.992139
"2693_9",0.996183
"2578_2",0.003173
"4958_3",0.007332
"7873_10",0.988679
"8795_2",0.003046
"1431_3",0.001671
"11635_7",0.971483
"1327_3",0.002112
"10813_7",0.957477
"9764_4",0.087330
"5861_8",0.935935
"8995_3",0.005911
"2243_1",0.001160
"11708_7",0.990006
"1998_2",0.005374
"11887_8",0.996966
"4836_10",0.892140
"1603_4",0.153803
"9860_4",0.008762
"1728_1",0.001279
"12108_1",0.004619
"9756_4",0.334392
"1325_3",0.024215
"5174_1",0.001223
"9917_2",0.002243
"6101_1",0.002526
"2010_10",0.996434
"1132_8",0.996937
"8516_1",0.004886
"3563_1",0.001558
"2362_10",0.989582
"10971_1",0.008553
"8672_9",0.996286
"2863_2",0.001362
"2750_1",0.012637
"8599_4",0.001642
"12115_7",0.315261
"4921_2",0.001156
"2975_2",0.000871
"4245_8",0.992583
"10778_10",0.997925
"7816_7",0.990857
"9131_1",0.010014
"5541_3",0.001842
"7956_1",0.018942
"780_3",0.005865
"1052_10",0.990803
"6842_8",0.997822
"8279_10",0.996286
"9653_3",0.007497
"3025_1",0.000792
"1174_1",0.002149
"1039_10",0.996931
"4609_10",0.995532
"2150_1",0.000844
"6289_7",0.332196
"2963_2",0.002239
"8801_1",0.153105
"5196_7",0.982708
"5723_2",0.001968
"10530_10",0.997796
"9473_1",0.002596
"3355_3",0.002862
"5388_3",0.166404
"12102_2",0.044598
"11038_10",0.973190
"9672_1",0.000931
"6875_8",0.995217
"4754_8",0.989491
"6814_3",0.006811
"8937_3",0.006376
"7077_4",0.450722
"1782_1",0.000864
"631_4",0.183777
"7876_1",0.001032
"74_4",0.048949
"2846_9",0.986297
"4190_1",0.004425
"7843_4",0.047206
"7528_7",0.498535
"2396_8",0.997110
"790_1",0.000985
"2020_7",0.994031
"2526_1",0.000869
"8104_8",0.994020
"12372_2",0.022286
"417_1",0.005675
"1318_2",0.001297
"4530_1",0.000880
"2370_4",0.990366
"1886_10",0.997617
"9386_1",0.001727
"7863_1",0.000721
"3864_10",0.994810
"6559_2",0.002369
"7855_7",0.982271
"1672_1",0.001142
"8453_2",0.010725
"8373_3",0.000972
"9770_10",0.997993
"12009_1",0.006241
"2770_3",0.031649
"4618_7",0.996085
"9797_10",0.994203
"6605_1",0.003824
"10176_1",0.003248
"8949_10",0.996630
"5401_7",0.990140
"3295_7",0.997358
"4791_1",0.000883
"4016_1",0.001259
"4314_10",0.986403
"2903_1",0.000779
"3835_9",0.991938
"7532_1",0.001789
"729_10",0.995626
"5753_1",0.006451
"11976_2",0.007570
"3027_1",0.054853
"9721_9",0.995938
"11295_3",0.007748
"3241_1",0.006798
"5389_9",0.997368
"9889_1",0.008771
"3522_4",0.001110
"10865_8",0.997232
"1015_8",0.992259
"5048_10",0.997945
"2671_2",0.063251
"2841_4",0.009358
"4928_1",0.002003
"10499_1",0.140101
"9409_10",0.995961
"974_10",0.904987
"11582_7",0.964355
"9988_10",0.995245
"3463_8",0.959345
"5194_1",0.146270
"3377_4",0.030072
"4352_1",0.012528
"10862_1",0.000925
"1545_7",0.917746
"9801_10",0.997817
"1905_2",0.005060
"12276_9",0.995426
"7544_1",0.000822
"10056_1",0.002758
"3623_1",0.001188
"4013_7",0.969900
"1294_4",0.005797
"10285_9",0.996610
"7793_10",0.998140
"3809_9",0.994369
"4586_3",0.006015
"7511_1",0.021430
"10873_4",0.001731
"4888_8",0.909184
"4349_10",0.943243
"1531_3",0.000918
"8884_3",0.001741
"7336_3",0.025810
"9688_10",0.994594
"7208_1",0.000755
"4355_8",0.995993
"6098_2",0.004126
"9106_10",0.984708
"6422_1",0.000888
"2054_9",0.994369
"550_8",0.838614
"402_8",0.990874
"11832_10",0.998273
"10256_10",0.997414
"6131_1",0.000823
"11907_4",0.022159
"4459_4",0.179423
"8555_7",0.996000
"5079_2",0.000864
"10304_2",0.010140
"10489_1",0.005100
"566_3",0.067639
"1999_1",0.002149
"590_1",0.009082
"11159_1",0.001367
"10612_9",0.993562
"10810_2",0.086054
"11658_4",0.002153
"1950_9",0.776029
"8977_4",0.152694
"9040_1",0.001257
"2891_10",0.990624
"2966_10",0.994770
"8665_4",0.014871
"6600_1",0.001127
"9308_1",0.002063
"7870_10",0.993056
"10511_1",0.001240
"7235_8",0.578627
"132_9",0.995954
"1575_8",0.990624
"3328_8",0.418608
"3273_1",0.001129
"9475_4",0.358816
"10938_7",0.653618
"8143_7",0.991423
"9003_10",0.996123
"9854_10",0.998625
"9932_2",0.065157
"1017_7",0.818483
"4386_9",0.998204
"1105_3",0.001875
"7315_7",0.188212
"37_9",0.999120
"8409_10",0.996293
"12118_1",0.014037
"1665_8",0.996455
"10284_1",0.002230
"8922_3",0.001707
"2524_2",0.005946
"11205_2",0.001968
"4676_8",0.996676
"10479_4",0.043896
"9849_8",0.977066
"4841_3",0.661957
"9153_9",0.997503
"9279_8",0.995601
"11008_10",0.996213
"614_10",0.995372
"167_2",0.001101
"2041_1",0.002003
"6509_8",0.997353
"9832_7",0.992654
"5939_7",0.723187
"3267_3",0.003545
"3555_9",0.907722
"1668_7",0.079961
"11048_1",0.001202
"1856_3",0.010408
"4426_10",0.997311
"8457_3",0.036804
"6603_10",0.996455
"4738_1",0.098252
"11762_8",0.993069
"2078_10",0.989850
"6754_1",0.015484
"11721_2",0.004718
"11558_3",0.111870
"973_10",0.923109
"814_4",0.002252
"2102_3",0.001299
"11394_4",0.059510
"312_4",0.005911
"2994_1",0.000755
"5649_7",0.996925
"7281_8",0.997708
"2756_4",0.009831
"2137_1",0.005642
"8696_2",0.001461
"1158_3",0.253676
"4531_1",0.008244
"10047_10",0.998371
"683_7",0.621010
"8645_10",0.993661
"889_3",0.001335
"4202_2",0.004046
"3859_10",0.994531
"5038_8",0.997997
"6906_9",0.996496
"4154_8",0.993448
"9548_1",0.001051
"4434_9",0.978488
"9235_9",0.993795
"2368_8",0.952794
"8391_2",0.001202
"1391_7",0.924073
"4317_1",0.002526
"8345_4",0.013083
"8610_1",0.000754
"2888_10",0.997399
"5597_3",0.024893
"4900_7",0.672827
"3016_2",0.006413
"1057_2",0.006706
"5143_8",0.991938
"6932_2",0.005385
"7879_10",0.973544
"9300_3",0.007461
"12142_2",0.002221
"3426_3",0.018905
"7977_7",0.997048
"1573_3",0.023577
"336_10",0.996907
"4248_10",0.996972
"9693_7",0.205018
"7753_4",0.129018
"2290_10",0.997059
"9156_8",0.991015
"5526_4",0.001528
"3896_8",0.994605
"8520_7",0.973894
"3566_4",0.056600
"6386_7",0.995558
"4201_1",0.993624
"372_9",0.996784
"6768_8",0.992683
"9177_8",0.977154
"1079_1",0.001620
"934_10",0.997876
"11918_2",0.037117
"4867_4",0.006798
"12449_8",0.996530
"7907_10",0.997537
"4508_3",0.015983
"1075_2",0.004199
"11466_8",0.994135
"10935_2",0.002862
"4826_9",0.970549
"4814_7",0.995399
"8676_4",0.024610
"1058_1",0.001648
"7831_2",0.000841
"1150_9",0.998584
"5395_1",0.000782
"5435_7",0.988085
"1745_1",0.000987
"11278_4",0.003124
"8629_1",0.096408
"3145_9",0.996264
"8108_10",0.996100
"6377_1",0.020255
"10298_1",0.001522
"12265_1",0.013663
"11930_8",0.885879
"2511_10",0.995372
"7955_1",0.000873
"2335_9",0.997183
"3194_10",0.997188
"6724_10",0.977479
"9406_1",0.165931
"11369_1",0.001279
"1972_4",0.028571
"6900_8",0.997177
"7813_7",0.994402
"785_7",0.907886
"6368_3",0.027195
"2163_1",0.000977
"11487_8",0.996882
"4292_7",0.993549
"7451_4",0.008446
"11465_2",0.001383
"7641_8",0.996190
"8250_8",0.996399
"4490_1",0.003787
"10452_1",0.006376
"7442_3",0.004468
"3027_9",0.998096
"235_7",0.996550
"3750_7",0.995226
"8700_1",0.001305
"3584_10",0.991339
"7217_7",0.968471
"7769_10",0.999441
"10149_9",0.993307
"7607_2",0.000908
"7749_1",0.001498
"12067_1",0.001179
"388_10",0.996000
"6596_1",0.001484
"10242_2",0.053108
"3853_1",0.001501
"5726_4",0.004374
"9031_9",0.423339
"1543_7",0.916969
"1442_8",0.997317
"6336_10",0.996870
"5929_4",0.191441
"3378_3",0.024845
"183_4",0.117218
"3518_9",0.996954
"5870_8",0.998024
"5053_4",0.003953
"7330_7",0.953794
"9553_9",0.990660
"9552_10",0.995882
"8515_10",0.104752
"1666_9",0.995575
"6661_3",0.009477
"8721_1",0.002256
"1368_1",0.001317
"5076_9",0.950732
"12353_2",0.020765
"1099_7",0.998147
"8669_9",0.988199
"2564_8",0.996663
"4369_10",0.995793
"11951_4",0.008644
"11384_3",0.012360
"7459_3",0.005775
"6776_9",0.996123
"6673_3",0.001112
"2500_8",0.997093
"8739_3",0.001397
"3828_1",0.002935
"7945_2",0.222236
"7934_10",0.994719
"4571_1",0.002292
"11689_7",0.992214
"3681_10",0.997025
"5110_4",0.010328
"5953_8",0.938576
"10906_4",0.002145
"3424_8",0.997301
"6492_7",0.965414
"10450_1",0.000729
"4856_8",0.943712
"12019_1",0.006564
"1390_8",0.993333
"6452_4",0.014010
"4916_4",0.002378
"3979_3",0.006086
"6023_3",0.001154
"5762_1",0.000799
"4176_9",0.996864
"7194_2",0.011072
"3143_7",0.950041
"954_8",0.996610
"5291_1",0.004877
"2258_1",0.027533
"5412_1",0.001200
"4088_3",0.002715
"4312_1",0.002234
"517_1",0.001632
"5601_1",0.000799
"288_1",0.002256
"234_3",0.003953
"6665_8",0.998475
"6957_3",0.001614
"4454_2",0.010121
"3270_8",0.995583
"4500_3",0.015876
"7551_1",0.000853
"9033_4",0.312891
"2619_10",0.606382
"10093_10",0.996357
"5483_2",0.059456
"8383_1",0.000810
"11683_1",0.001147
"10649_1",0.214198
"181_3",0.266286
"3668_2",0.004628
"3769_1",0.001678
"11519_3",0.059265
"5716_10",0.994930
"10918_8",0.982339
"3103_1",0.000803
"7210_10",0.995626
"2515_8",0.946597
"8424_9",0.974845
"1404_10",0.994830
"3158_10",0.997076
"4996_2",0.001252
"5493_3",0.023131
"8540_9",0.994434
"8960_8",0.996168
"11274_3",0.003318
"11067_10",0.996455
"3335_2",0.009179
"6578_4",0.002683
"916_10",0.997054
"3844_1",0.000782
"7108_8",0.991522
"565_2",0.698304
"11622_3",0.017160
"10700_1",0.001567
"10483_1",0.008720
"8951_9",0.991289
"6326_8",0.993843
"3035_8",0.996570
"2292_10",0.993320
"11013_4",0.006564
"10618_1",0.001088
"11544_1",0.000864
"7550_10",0.218003
"289_8",0.991505
"6571_10",0.997580
"6056_10",0.973519
"10814_1",0.001610
"9377_1",0.004451
"1577_8",0.708566
"9268_9",0.998396
"10116_10",0.995291
"7411_10",0.998654
"12279_4",0.342266
"3575_1",0.002269
"8105_8",0.865338
"6092_10",0.998228
"12406_1",0.000856
"1117_2",0.000893
"12358_7",0.944893
"4469_9",0.997127
"7055_2",0.006476
"10412_8",0.997414
"12155_10",0.994214
"11222_3",0.001772
"9622_9",0.995540
"8992_8",0.786172
"5305_3",0.010987
"8111_10",0.995198
"3436_1",0.055926
"2748_8",0.997210
"6527_10",0.997311
"672_8",0.995027
"8172_4",0.943712
"5513_10",0.996462
"741_7",0.963678
"8886_7",0.992809
"6939_1",0.005786
"12235_1",0.001051
"10607_1",0.001289
"4708_10",0.993649
"9034_10",0.996441
"6600_10",0.995643
"2934_1",0.002752
"12168_10",0.995381
"9362_9",0.996721
"9627_8",0.993524
"9547_8",0.871584
"4108_2",0.002162
"10293_9",0.988602
"10105_8",0.995047
"11864_7",0.991620
"2843_7",0.114567
"836_9",0.993320
"6201_1",0.000775
"8192_4",0.083255
"2596_1",0.003832
"6847_3",0.017442
"8794_1",0.002346
"7281_4",0.002083
"9678_2",0.012613
"10950_3",0.023825
"5845_4",0.014771
"6187_10",0.995300
"4684_9",0.928700
"10852_1",0.085978
"11542_3",0.001061
"5385_1",0.004783
"9597_3",0.017045
"8975_3",0.248557
"10766_3",0.037012
"4236_8",0.995898
"118_1",0.000773
"7278_7",0.994749
"11069_7",0.988085
"1002_3",0.014309
"4210_7",0.994850
"8514_10",0.991891
"9676_1",0.002458
"11826_10",0.996701
"8216_8",0.995866
"575_4",0.005100
"3867_8",0.970964
"321_10",0.993255
"1654_1",0.002145
"973_4",0.256110
"8796_3",0.004348
"145_1",0.000711
"2649_2",0.015277
"2432_2",0.004682
"5713_10",0.993661
"6851_1",0.190875
"3523_7",0.990006
"9862_9",0.989761
"8888_9",0.959988
"12343_1",0.001738
"2298_9",0.997065
"7129_1",0.000767
"12163_7",0.988004
"1090_1",0.003267
"8249_7",0.994434
"3716_7",0.988324
"8095_4",0.003736
"9739_8",0.993123
"7041_1",0.004256
"7673_10",0.996161
"210_4",0.008101
"283_8",0.791418
"12361_9",0.997232
"9254_10",0.995850
"5598_1",0.001001
"128_10",0.998493
"11557_7",0.990624
"10232_10",0.966442
"10747_7",0.992496
"9984_9",0.998286
"9618_1",0.006513
"7976_10",0.992795
"5788_10",0.982971
"7378_4",0.013172
"2047_3",0.003403
"10053_10",0.996000
"8399_4",0.003430
"7925_10",0.996055
"6830_9",0.989541
"2530_9",0.993686
"9521_1",0.002221
"784_10",0.998147
"10417_7",0.996688
"2198_9",0.994900
"8219_8",0.987876
"6896_4",0.116966
"5341_7",0.998204
"2386_9",0.995075
"2323_8",0.991136
"9028_2",0.003069
"6983_7",0.936343
"9885_7",0.956836
"11720_1",0.001142
"8409_3",0.007303
"5797_7",0.994303
"7729_9",0.997981
"10591_10",0.995566
"9593_9",0.994930
"6364_4",0.002031
"7215_3",0.001531
"3653_2",0.001765
"4533_8",0.994236
"10899_8",0.993524
"8312_10",0.984546
"9543_10",0.998058
"5608_8",0.895523
"1432_10",0.988470
"5562_9",0.995217
"12171_9",0.992437
"4428_10",0.996617
"2062_2",0.017746
"8468_8",0.847463
"827_8",0.993759
"11539_3",0.007403
"4215_3",0.001059
"11310_3",0.008653
"4525_1",0.000886
"2093_1",0.000766
"11238_4",0.108048
"5523_8",0.982807
"9848_9",0.997561
"10000_4",0.002217
"10304_7",0.990533
"511_3",0.005753
"1807_7",0.994563
"9080_7",0.941115
"1808_9",0.990514
"6283_8",0.970771
"5913_1",0.002596
"685_1",0.005041
"9505_8",0.988863
"7152_1",0.001507
"11292_1",0.001046
"8334_10",0.991620
"11476_1",0.000906
"3431_10",0.992975
"4019_1",0.004365
"7292_3",0.011676
"1990_7",0.986324
"1574_1",0.018996
"5516_8",0.990750
"4687_10",0.996630
"11493_2",0.000886
"771_9",0.995930
"8864_1",0.001010
"3001_7",0.766774
"423_2",0.005110
"5062_7",0.875202
"5198_1",0.004982
"7303_1",0.008180
"7433_2",0.002571
"3085_7",0.997566
"3293_9",0.995198
"12426_7",0.946892
"5775_3",0.001140
"7358_1",0.001245
"3851_2",0.001738
"4785_10",0.804521
"9650_4",0.000822
"553_9",0.997065
"401_10",0.996714
"11522_8",0.992184
"5222_7",0.996966
"5042_7",0.989358
"2638_7",0.651348
"11883_10",0.995470
"11476_10",0.995208
"4999_10",0.996858
"10360_1",0.006603
"3443_9",0.996604
"1138_1",0.007205
"1898_10",0.990768
"6069_3",0.003204
"12101_2",0.000922
"1953_10",0.992016
"8679_10",0.997082
"10348_10",0.988712
"2208_3",0.030734
"3886_8",0.997414
"3734_2",0.057335
"1330_10",0.952530
"4639_3",0.013338
"6837_7",0.940079
"6520_8",0.997757
"653_10",0.995008
"5373_1",0.014172
"8074_10",0.996235
"3906_8",0.976847
"9264_1",0.001320
"2160_2",0.017729
"624_3",0.974067
"3899_1",0.001305
"2181_7",0.086054
"7932_4",0.029930
"8278_1",0.191328
"7162_9",0.996146
"185_4",0.002742
"1997_8",0.995719
"7295_9",0.777680
"1083_3",0.007741
"4678_2",0.001821
"4859_10",0.991587
"9091_8",0.998070
"397_3",0.000866
"11157_9",0.894144
"11261_10",0.973795
"10828_9",0.998570
"2452_7",0.994203
"10268_7",0.992093
"10306_1",0.001707
"18_8",0.994146
"7998_10",0.998179
"8574_10",0.996235
"2953_10",0.996441
"8996_9",0.996752
"7389_9",0.996441
"202_4",0.003795
"5612_4",0.018942
"9916_8",0.996093
"7606_1",0.003022
"1585_8",0.954052
"11803_2",0.020023
"236_10",0.992640
"7827_4",0.012444
"5423_2",0.018055
"3625_1",0.011938
"9887_9",0.998858
"3429_8",0.993397
"372_2",0.000920
"1228_4",0.015968
"7891_10",0.985635
"4387_1",0.000742
"6067_1",0.020924
"7822_1",0.001824
"10898_2",0.001075
"512_2",0.000972
"647_9",0.114418
"5361_4",0.001942
"8583_4",0.005642
"2858_2",0.007577
"4920_10",0.996617
"6857_2",0.001156
"925_2",0.000886
"2959_3",0.007303
"11481_10",0.562867
"10824_1",0.911456
"1577_4",0.051893
"2231_7",0.965119
"11545_3",0.034717
"1539_2",0.001908
"9657_4",0.018851
"10362_7",0.990962
"11131_2",0.002183
"9833_7",0.997547
"8495_10",0.997389
"11781_2",0.079210
"1056_8",0.994646
"9402_1",0.000843
"6212_1",0.000940
"3151_1",0.001632
"5921_3",0.003142
"2198_4",0.012159
"269_2",0.146087
"11464_8",0.961135
"30_4",0.016625
"5300_1",0.003260
"2277_3",0.001317
"10410_10",0.982406
"5233_1",0.027195
"4336_10",0.700178
"3084_10",0.994626
"2908_8",0.997484
"2814_4",0.229104
"8347_10",0.997977
"2319_1",0.004820
"16_1",0.000966
"821_10",0.992554
"2793_10",0.994840
"9909_9",0.994626
"6934_3",0.109992
"9138_1",0.000836
"702_1",0.008771
"3886_3",0.010520
"8311_8",0.965609
"9199_1",0.002039
"1254_10",0.989860
"6590_7",0.996455
"3040_8",0.996016
"849_7",0.912436
"7555_10",0.997864
"9668_3",0.108803
"10942_7",0.815306
"11343_2",0.034262
"7906_10",0.993499
"11671_10",0.991305
"126_4",0.751603
"9623_8",0.997699
"2872_3",0.001082
"11895_10",0.997459
"3245_1",0.002387
"6145_8",0.996882
"1022_10",0.994380
"6261_1",0.003337
"6888_3",0.033908
"12443_1",0.000874
"7433_10",0.990927
"6512_7",0.980581
"4161_9",0.992640
"6745_7",0.966124
"1993_10",0.996870
"6325_3",0.012945
"12484_9",0.993537
"2204_10",0.998342
"8065_7",0.989254
"1705_7",0.974988
"9370_1",0.005002
"6150_1",0.005041
"3587_10",0.997631
"1906_1",0.001176
"5706_4",0.879665
"3854_9",0.995540
"9655_3",0.003191
"6736_2",0.001492
"2096_9",0.995801
"2846_2",0.058642
"11849_1",0.001782
"5224_1",0.004451
"2987_8",0.989286
"11058_8",0.996131
"2917_3",0.003057
"459_9",0.967778
"9418_7",0.959800
"5803_2",0.001317
"6742_10",0.997199
"2268_4",0.003299
"6832_7",0.997622
"4834_7",0.968856
"9532_1",0.043773
"8197_8",0.997237
"7728_1",0.001364
"1958_2",0.001501
"5380_8",0.993150
"4896_2",0.003795
"9529_2",0.003197
"3322_7",0.934694
"7629_4",0.087408
"9962_4",0.099164
"9277_4",0.005395
"1071_2",0.001151
"8266_2",0.003664
"6812_8",0.993359
"3196_7",0.075927
"3430_2",0.006864
"6052_10",0.993461
"221_3",0.000817
"3244_1",0.002035
"4846_1",0.001786
"2876_7",0.582046
"4247_4",0.001438
"11608_1",0.002521
"564_4",0.108378
"1978_2",0.019947
"4089_10",0.075995
"1633_8",0.988777
"8983_4",0.182244
"10909_7",0.994552
"8135_8",0.431884
"12238_1",0.000844
"9564_3",0.001435
"10174_9",0.988939
"1690_9",0.981203
"4756_8",0.995027
"10718_10",0.998782
"3489_7",0.986533
"2124_1",0.000918
"3842_3",0.000815
"2700_4",0.011710
"5960_8",0.997876
"6193_1",0.005160
"6719_7",0.652061
"7922_8",0.946892
"12132_8",0.930836
"10169_8",0.987166
"1486_4",0.077832
"8455_1",0.005261
"10019_1",0.000911
"7028_10",0.995245
"787_9",0.996701
"2414_4",0.008039
"7182_7",0.803212
"5548_9",0.994790
"3963_7",0.995652
"1584_7",0.991456
"6825_3",0.001567
"6588_3",0.006577
"10573_3",0.003383
"6693_10",0.982674
"5541_7",0.773430
"12053_9",0.997082
"3662_9",0.998121
"6829_10",0.997631
"285_10",0.996314
"1270_4",0.016753
"4320_10",0.924790
"1333_3",0.000934
"6618_1",0.983343
"10119_1",0.000985
"2886_1",0.001386
"8811_7",0.991255
"11087_9",0.992077
"3436_8",0.978115
"10479_10",0.990533
"8365_9",0.996413
"12140_8",0.995282
"6981_7",0.351144
"10447_2",0.001053
"10352_1",0.001193
"943_8",0.995566
"513_1",0.001904
"11192_1",0.017392
"587_3",0.031919
"3420_10",0.977284
"10030_7",0.937726
"3026_10",0.995417
"3145_1",0.034947
"2230_9",0.968321
"5193_1",0.001351
"11337_8",0.996688
"3601_9",0.997645
"3628_10",0.995151
"4952_10",0.991764
"1775_10",0.996406
"8141_4",0.015395
"572_3",0.002434
"6732_3",0.001915
"4274_4",0.027195
"5892_3",0.026380
"7035_10",0.996858
"5354_4",0.073830
"4264_4",0.007877
"8151_9",0.997363
"376_2",0.006145
"5352_1",0.003671
"1365_8",0.968560
"8272_10",0.997274
"6942_4",0.061115
"9067_4",0.074064
"11428_1",0.014588
"7308_3",0.860662
"8349_10",0.996870
"11336_4",0.138229
"551_9",0.997464
"4721_10",0.997880
"4862_1",0.001343
"5469_4",0.048316
"3834_10",0.998335
"4717_10",0.997744
"4202_9",0.994870
"5335_4",0.296743
"7587_8",0.993512
"10827_4",0.245990
"3432_1",0.001211
"6110_4",0.143188
"5618_7",0.756290
"11808_1",0.001279
"9293_4",0.039900
"2163_8",0.976220
"4802_1",0.004486
"5476_7",0.996024
"9991_1",0.000858
"2681_10",0.991067
"11728_2",0.974532
"1466_8",0.996024
"4853_7",0.992496
"3668_9",0.992767
"5334_7",0.991875
"12017_8",0.997449
"2046_9",0.996996
"2652_7",0.991255
"2250_8",0.993843
"2253_1",0.000804
"9733_10",0.834474
"3_4",0.067026
"6129_8",0.949669
"6858_3",0.005512
"371_8",0.986828
"1111_3",0.004849
"12330_1",0.003693
"3219_1",0.001188
"11372_9",0.996123
"1434_4",0.082475
"8232_7",0.939471
"7883_1",0.001149
"9151_2",0.307995
"10574_3",0.003524
"9376_8",0.998092
"7737_1",0.090615
"7410_8",0.997002
"10488_7",0.987853
"5906_10",0.996752
"5308_10",0.997909
"11266_2",0.001190
"7627_1",0.001490
"218_3",0.000945
"9031_2",0.010072
"3427_10",0.998103
"8532_3",0.000966
"6588_9",0.997414
"9744_1",0.005697
"3061_1",0.007801
"11668_9",0.997332
"9331_1",0.005888
"238_9",0.996336
"10593_8",0.988591
"4441_9",0.990140
"3717_3",0.001751
"5618_4",0.044848
"4353_10",0.997133
"1268_2",0.052716
"5178_3",0.010239
"2991_1",0.001786
"9976_9",0.997076
"7891_1",0.001464
"445_3",0.001927
"11158_7",0.965964
"10328_1",0.009541
"9137_9",0.996329
"7399_2",0.004886
"1187_7",0.631168
"10642_1",0.001322
"3939_3",0.002912
"5310_9",0.992975
"2087_9",0.998345
"57_4",0.004365
"4645_10",0.988177
"1734_4",0.035779
"8924_1",0.000991
"4418_3",0.002715
"9403_1",0.002364
"12065_10",0.996307
"6763_3",0.112113
"3882_8",0.995123
"7286_3",0.001341
"9259_9",0.993242
"5134_3",0.016435
"10166_4",0.654122
"8362_3",0.106272
"9701_4",0.014560
"4227_7",0.991049
"8483_10",0.995818
"6002_3",0.001793
"5815_9",0.995408
"9385_10",0.982724
"11047_1",0.001221
"6306_1",0.008968
"9141_2",0.001193
"4594_1",0.005060
"10471_4",0.178454
"48_9",0.998352
"8133_8",0.996016
"8493_1",0.007816
"3425_8",0.995363
"5731_9",0.995189
"4373_10",0.994810
"4366_10",0.997122
"6123_10",0.977154
"1430_3",0.001678
"508_7",0.987853
"11600_10",0.995668
"11767_8",0.991780
"1597_1",0.000830
"7257_8",0.997025
"244_2",0.001151
"116_4",0.788746
"7856_10",0.994900
"7640_9",0.994247
"10956_8",0.996455
"11002_3",0.007432
"11666_10",0.995309
"7683_4",0.028571
"10846_4",0.001325
"1317_2",0.001359
"5_7",0.053750
"8526_2",0.018779
"1526_7",0.907722
"3144_9",0.996469
"241_7",0.998204
"8953_1",0.007778
"5919_8",0.996483
"7983_4",0.010601
"5222_2",0.001317
"1662_1",0.000731
"5830_10",0.995874
"859_1",0.001882
"10761_8",0.023577
"12037_7",0.986350
"2629_10",0.997394
"1019_10",0.997532
"11270_10",0.706760
"620_8",0.994089
"6718_10",0.896976
"1402_8",0.825625
"6804_1",0.001639
"11743_1",0.002878
"3117_10",0.995381
"7441_9",0.993372
"4553_2",0.001475
"5182_10",0.996882
"81_9",0.980618
"8343_10",0.990606
"2030_1",0.000947
"7866_7",0.995922
"11132_1",0.003197
"879_3",0.002196
"6547_10",0.996972
"11166_4",0.001632
"7427_1",0.002473
"5848_4",0.043937
"10734_2",0.002907
"11263_10",0.988177
"9761_7",0.132908
"7582_10",0.995514
"3849_1",0.000861
"8242_10",0.994790
"309_10",0.997088
"5492_1",0.076270
"4294_2",0.086208
"7222_7",0.993150
"3365_1",0.001118
"11084_7",0.985057
"50_10",0.998070
"3234_1",0.060668
"10155_7",0.981962
"1181_1",0.000881
"1505_3",0.001110
"11926_1",0.000803
"12174_3",0.006917
"4589_4",0.002742
"12421_8",0.996183
"1079_8",0.996827
"4852_8",0.996695
"11753_8",0.996925
"11257_10",0.997054
"8270_1",0.001461
"7690_3",0.002247
"12354_8",0.990478
"11419_8",0.995479
"7587_4",0.039527
"818_9",0.959913
"10431_10",0.995938
"12056_4",0.948155
"7595_10",0.996220
"2601_1",0.004191
"10022_10",0.998355
"4124_1",0.001724
"11573_10",0.997518
"9868_1",0.001181
"7093_1",0.012933
"4993_3",0.001118
"3192_8",0.996489
"8269_10",0.995961
"5767_10",0.994303
"8440_7",0.924449
"1038_10",0.977671
"525_9",0.998405
"689_3",0.002521
"10989_1",0.000909
"6166_4",0.002075
"6452_10",0.996024
"3217_1",0.002350
"11629_4",0.024610
"4338_1",0.001761
"2822_1",0.003802
"11252_7",0.285721
"11097_9",0.993255
"7124_10",0.997523
"261_3",0.001839
"7828_10",0.995345
"9030_7",0.054702
"9723_2",0.000776
"6924_9",0.997031
"11945_4",0.048226
"11811_2",0.001156
"3115_8",0.996584
"4381_9",0.995914
"676_1",0.021125
"8002_9",0.992837
"9209_3",0.024330
"1677_10",0.997622
"7094_7",0.996721
"12193_8",0.799051
"1227_7",0.991406
"9186_10",0.998576
"6117_1",0.001252
"8621_2",0.527803
"9729_1",0.000770
"12239_7",0.704058
"2465_2",0.003299
"4360_10",0.994657
"10538_1",0.000958
"3439_4",0.143487
"256_10",0.996503
"7114_1",0.011223
"3206_3",0.077169
"229_10",0.967686
"7501_3",0.007108
"3639_1",0.005271
"9751_9",0.998262
"8277_3",0.001927
"5276_4",0.003248
"1804_8",0.994135
"8497_1",0.001097
"7742_1",0.001282
"9755_7",0.904861
"8429_8",0.988853
"769_3",0.083628
"7452_10",0.995170
"1004_4",0.017849
"6393_10",0.993831
"7457_1",0.035178
"8182_10",0.994488
"11589_9",0.995801
"4718_8",0.994203
"5315_10",0.997409
"9927_3",0.012360
"6391_1",0.005512
"532_3",0.061509
"10544_10",0.997274
"3576_4",0.012420
"5420_4",0.023153
"7140_10",0.997048
"11018_4",0.001092
"7443_8",0.996630
"7399_9",0.996901
"12129_10",0.994157
"6876_3",0.001149
"9227_1",0.481027
"4983_1",0.000776
"2502_1",0.001492
"2584_9",0.998758
"5637_2",0.000975
"6497_10",0.997122
"8464_2",0.002055
"2070_10",0.285758
"4574_3",0.005150
"1642_10",0.991668
"356_9",0.996852
"8052_4",0.973037
"2457_10",0.998066
"6322_4",0.008054
"2218_10",0.996047
"10669_7",0.983785
"5296_2",0.002873
"1118_1",0.000858
"8588_1",0.001579
"12348_10",0.996643
"7990_9",0.990044
"819_7",0.343665
"10552_7",0.081191
"9126_4",0.002663
"11190_9",0.993867
"6696_2",0.010642
"4906_10",0.992304
"6809_4",0.469459
"10032_1",0.004158
"2694_10",0.997127
"6411_8",0.995618
"11967_9",0.891717
"10190_1",0.001519
"316_1",0.001567
"5644_9",0.994413
"12083_10",0.995095
"9280_3",0.006413
"11735_2",0.134776
"5219_1",0.001055
"6810_3",0.000873
"7817_2",0.001242
"6753_9",0.072178
"16_8",0.996978
"3908_1",0.002586
"11502_10",0.997449
"523_1",0.001399
"11213_10",0.995583
"5058_8",0.996882
"3290_1",0.005697
"2954_4",0.008252
"7148_1",0.325649
"4455_7",0.979136
"1873_7",0.967008
"4796_2",0.002035
"6317_3",0.068819
"11153_10",0.991780
"3319_1",0.002323
"1247_9",0.999272
"9119_1",0.000955
"7904_10",0.994820
"4892_1",0.002823
"4608_8",0.956675
"4756_4",0.002850
"230_1",0.042642
"6730_1",0.010388
"6639_8",0.940953
"1726_1",0.000838
"4540_2",0.005374
"1898_1",0.002208
"877_1",0.002208
"10416_9",0.997686
"1359_2",0.018073
"8886_1",0.007636
"553_1",0.003566
"5252_10",0.997735
"8808_9",0.994940
"8792_10",0.997686
"11723_10",0.995566
"6977_9",0.976288
"5050_2",0.001424
"6413_8",0.997713
"9880_8",0.991891
"5827_10",0.998193
"5271_10",0.995008
"12231_2",0.001223
"9913_1",0.001158
"3058_10",0.995890
"1278_10",0.996198
"4923_9",0.996888
"4662_1",0.001796
"10857_2",0.008899
"5033_7",0.973819
"7681_10",0.993499
"8916_3",0.016356
"10603_3",0.013983
"8940_3",0.308600
"2381_1",0.051654
"9188_8",0.997690
"5290_8",0.982305
"6746_1",0.041657
"1001_10",0.997589
"1190_1",0.000993
"1858_1",0.001279
"5645_10",0.996242
"3021_9",0.996663
"9801_2",0.098512
"2498_4",0.000977
"7972_10",0.997469
"1200_1",0.003780
"9626_4",0.091504
"11750_10",0.994900
"9571_10",0.996557
"11593_10",0.998225
"4432_10",0.995435
"10324_1",0.001105
"9123_10",0.988635
"10155_1",0.002439
"12237_10",0.997065
"2828_2",0.025203
"6375_4",0.005631
"8264_10",0.997317
"6131_7",0.974556
"2950_10",0.997945
"3584_1",0.000991
"3077_9",0.994112
"8867_10",0.996168
"4189_9",0.994031
"2297_9",0.996357
"3607_8",0.996597
"339_10",0.997668
"6450_10",0.994191
"8537_9",0.990478
"5663_10",0.995660
"7179_10",0.994920
"1929_10",0.258420
"7363_10",0.991922
"7073_10",0.987460
"8472_10",0.997580
"2397_4",0.028981
"5710_3",0.010839
"12429_1",0.000859
"4841_9",0.941868
"5819_2",0.044183
"7112_8",0.932484
"1087_10",0.998309
"10766_8",0.996746
"10675_8",0.054149
"11953_3",0.108189
"1927_9",0.993973
"10455_9",0.990551
"451_8",0.976106
"10796_8",0.970465
"5288_7",0.990310
"4368_2",0.001343
"10456_10",0.996557
"9981_1",0.001684
"11403_1",0.001424
"5219_7",0.990786
"11929_4",0.051750
"5481_10",0.997221
"3829_4",0.020725
"11367_4",0.075109
"8154_10",0.998066
"2754_2",0.001853
"2299_10",0.997859
"8868_1",0.001901
"4566_10",0.996093
"6688_1",0.002107
"2666_4",0.002850
"11892_10",0.997547
"2667_10",0.981542
"9244_9",0.996821
"12498_7",0.892516
"3493_9",0.972389
"7565_10",0.989957
"2916_7",0.989182
"12473_8",0.995189
"3142_9",0.995969
"3289_10",0.998386
"11159_10",0.996663
"8428_2",0.001310
"4152_8",0.987448
"10754_8",0.996840
"11718_1",0.001118
"5408_1",0.001216
"5686_8",0.997253
"7479_8",0.993524
"5160_10",0.981683
"3138_1",0.000916
"10343_9",0.995575
"9524_3",0.082107
"7794_1",0.001112
"5433_1",0.005957
"3380_8",0.993996
"7222_3",0.003093
"1751_4",0.987592
"3914_10",0.939471
"8022_3",0.011530
"3975_4",0.016818
"8177_1",0.001294
"5670_1",0.000801
"203_10",0.996790
"4315_2",0.004477
"8296_8",0.991954
"971_10",0.996840
"12018_1",0.003154
"3714_9",0.996557
"4342_2",0.055515
"4965_3",0.002642
"5126_8",0.996329
"10686_3",0.101768
"7290_10",0.999047
"8474_8",0.997977
"7633_2",0.011201
"2226_10",0.986085
"1436_9",0.988580
"813_10",0.992334
"11865_7",0.993346
"4937_9",0.998099
"4613_9",0.108472
"8129_9",0.987935
"2376_4",0.132795
"6861_1",0.002834
"9104_2",0.065276
"10590_3",0.002099
"11021_4",0.000949
"9480_10",0.992767
"12212_10",0.972805
"11766_7",0.994423
"5356_7",0.985909
"9572_7",0.998154
"3264_8",0.998200
"11794_1",0.000885
"11739_2",0.039158
"731_8",0.994043
"6278_9",0.871420
"625_10",0.995752
"7252_2",0.002332
"5171_10",0.998860
"9149_3",0.001678
"10780_3",0.012920
"1568_9",0.996441
"7291_9",0.998165
"2288_8",0.989275
"3126_9",0.992199
"3352_7",0.948537
"9455_1",0.000859
"1709_7",0.453988
"9309_2",0.001272
"994_3",0.001424
"4173_10",0.941277
"113_3",0.004290
"10472_10",0.985271
"7193_1",0.001741
"9978_3",0.003087
"783_8",0.995354
"7585_10",0.996570
"2135_9",0.988142
"10887_10",0.996496
"4075_2",0.001257
"10521_2",0.001927
"844_1",0.023353
"6691_3",0.008015
"3879_4",0.003945
"3511_1",0.001504
"332_1",0.004158
"7398_4",0.013742
"1845_1",0.001386
"3890_3",0.098079
"3781_9",0.994247
"3723_1",0.001190
"2908_1",0.000834
"7625_3",0.001957
"6310_10",0.998475
"9432_4",0.924824
"1820_10",0.996623
"6809_8",0.992510
"9911_1",0.010052
"12001_8",0.994870
"7266_7",0.990927
"263_10",0.991118
"2109_3",0.037047
"7293_4",0.223377
"8874_8",0.996557
"2143_4",0.311839
"4307_9",0.996590
"4176_1",0.000836
"8369_3",0.421790
"12317_1",0.000968
"1687_4",0.003483
"12082_1",0.001552
"3396_10",0.997232
"9129_9",0.989327
"10090_10",0.997019
"11841_1",0.004619
"12447_4",0.001030
"11624_10",0.998235
"8624_10",0.742118
"9290_1",0.009578
"1108_8",0.865565
"4300_10",0.997981
"2553_4",0.317125
"10550_8",0.824850
"8884_10",0.991748
"6760_2",0.012540
"1177_3",0.011486
"9939_2",0.963369
"2100_7",0.992865
"9677_1",0.001282
"2511_4",0.002095
"4115_8",0.996809
"437_9",0.985200
"6698_10",0.987203
"11049_9",0.989918
"10168_4",0.010140
"8071_8",0.979707
"12474_4",0.991668
"3775_10",0.997699
"7478_10",0.997868
"4312_8",0.981040
"3105_7",0.988788
"640_9",0.995263
"6891_1",0.001097
"1849_10",0.998204
"8528_7",0.964756
"9032_4",0.716777
"11743_9",0.998606
"2813_10",0.993189
"846_2",0.002124
"3695_4",0.800263
"5972_3",0.002031
"4831_1",0.000817
"11826_1",0.006917
"7684_10",0.979374
"7042_8",0.995037
"10247_10",0.997384
"6766_8",0.995479
"2091_2",0.012846
"5108_2",0.001028
"10644_1",0.005969
"5955_2",0.004110
"9451_10",0.994940
"11518_10",0.924415
"3871_1",0.001299
"5013_1",0.000878
"5056_4",0.009643
"3688_1",0.001069
"2325_2",0.004007
"6330_4",0.039158
"8783_1",0.004434
"3848_3",0.006931
"5901_10",0.994989
"10947_3",0.002350
"4590_10",0.998193
"4337_10",0.544620
"11029_3",0.010358
"10980_3",0.079961
"165_7",0.973317
"474_8",0.995327
"3175_8",0.996314
"11764_1",0.001561
"2164_7",0.956634
"8891_8",0.996740
"8294_9",0.996990
"6602_7",0.188623
"8187_8",0.886617
"2609_2",0.157882
"6506_8",0.996931
"2207_1",0.000724
"2467_9",0.996888
"7440_1",0.000953
"6417_8",0.988096
"12278_7",0.990044
"4495_3",0.039602
"8223_10",0.996093
"3659_4",0.955734
"1120_3",0.001552
"9713_3",0.002027
"808_10",0.995677
"11164_10",0.997640
"3536_10",0.994434
"10930_1",0.000922
"6868_4",0.002637
"2248_1",0.002444
"3624_4",0.045564
"1442_1",0.000798
"10167_4",0.004223
"10645_10",0.993914
"4414_1",0.092442
"6409_2",0.001444
"10486_1",0.004495
"2983_7",0.993950
"4985_4",0.011801
"3566_9",0.992865
"8340_4",0.050941
"10246_9",0.990366
"7380_1",0.174762
"12381_3",0.023916
"11723_4",0.007261
"7478_1",0.004655
"900_9",0.995142
"3364_2",0.001012
"6570_1",0.023487
"9309_8",0.997199
"6044_1",0.001262
"9261_2",0.001082
"5690_8",0.996039
"5326_2",0.002230
"11179_10",0.995151
"8908_1",0.000909
"10224_9",0.995254
"7318_10",0.995345
"11098_8",0.709208
"10120_1",0.001214
"4561_2",0.292418
"4409_3",0.016403
"4301_9",0.007877
"9254_3",0.000968
"10717_9",0.993710
"10619_2",0.036943
"5924_1",0.058777
"11657_10",0.994259
"6373_4",0.007039
"10469_10",0.997138
"5531_9",0.944228
"1089_10",0.995954
"5082_10",0.997474
"4267_1",0.001786
"3006_10",0.985000
"9318_3",0.002274
"11877_1",0.000848
"7274_1",0.006824
"12450_7",0.918334
"148_9",0.916222
"10353_10",0.852997
"1368_8",0.663897
"9408_7",0.756987
"5739_7",0.992823
"7036_10",0.997640
"11554_2",0.008627
"4601_9",0.994325
"10376_3",0.031829
"2486_8",0.991423
"5745_4",0.018529
"873_3",0.001949
"7009_1",0.006266
"542_7",0.849535
"12008_8",0.996784
"8040_8",0.997868
"4048_2",0.001399
"4895_10",0.973594
"11789_9",0.996385
"5084_7",0.987747
"9207_10",0.996778
"923_4",0.007984
"106_3",0.091099
"1125_1",0.002204
"839_10",0.996852
"5285_10",0.991796
"7444_7",0.783575
"1566_8",0.996919
"3285_1",0.001531
"6203_2",0.002234
"11147_3",0.005041
"11152_3",0.001279
"3335_9",0.995710
"6689_1",0.000841
"6557_7",0.991620
"3362_10",0.995336
"101_3",0.002497
"10692_4",0.004142
"4462_7",0.991554
"265_1",0.004737
"1369_3",0.085824
"9112_10",0.997215
"7870_1",0.001325
"6102_10",0.996286
"3973_10",0.996000
"8232_1",0.003229
"3177_10",0.995685
"11598_10",0.017866
"882_2",0.727830
"5660_10",0.996907
"1685_10",0.997957
"2064_1",0.001472
"2296_9",0.997668
"3648_10",0.990786
"5486_4",0.017013
"2496_8",0.993189
"9579_10",0.995381
"10776_10",0.994292
"5889_10",0.989013
"8292_1",0.000993
"10547_3",0.001984
"10415_7",0.845177
"10741_1",0.002314
"10196_1",0.000869
"12155_2",0.002239
"2224_3",0.014309
"10356_7",0.732424
"7202_1",0.000744
"11973_10",0.874185
"1792_8",0.992408
"7894_9",0.997048
"11413_1",0.027481
"10596_10",0.996765
"2462_2",0.008737
"9451_1",0.000798
"2895_1",0.001946
"2513_4",0.043285
"11950_7",0.891905
"10566_9",0.996669
"2209_4",0.901704
"9292_4",0.089853
"5575_8",0.996357
"1688_4",0.001558
"440_8",0.996176
"6324_10",0.998062
"8296_2",0.017644
"9460_1",0.023021
"3992_8",0.996153
"11425_10",0.990178
"147_4",0.140690
"2897_4",0.145844
"6214_4",0.010560
"11157_4",0.014337
"4204_8",0.989213
"7255_2",0.025614
"8435_1",0.001949
"11354_2",0.000900
"2136_9",0.989254
"295_1",0.031380
"335_10",0.997654
"8791_4",0.008745
"2817_1",0.001455
"1629_8",0.993807
"6826_3",0.006121
"5550_8",0.996676
"3572_10",0.996650
"4543_10",0.996227
"2789_1",0.000909
"12288_7",0.935406
"9769_9",0.994870
"1257_1",0.003344
"6180_10",0.996131
"8881_8",0.970493
"7075_10",0.993083
"10254_1",0.002768
"12214_10",0.982774
"829_10",0.980858
"5633_8",0.913830
"6202_7",0.156491
"4843_10",0.993747
"7564_8",0.995272
"3539_4",0.090173
"9634_9",0.990569
"7578_9",0.998374
"6642_9",0.997783
"3438_8",0.979590
"11407_4",0.001711
"9891_1",0.001598
"3875_4",0.036700
"6447_2",0.001469
"5027_8",0.994979
"11415_7",0.988960
"7762_9",0.954009
"7263_10",0.995946
"6556_1",0.015679
"5491_10",0.998062
"3418_8",0.992892
"4137_1",0.069007
"5519_7",0.996821
"3435_9",0.993410
"10199_10",0.990803
"5212_4",0.007644
"11891_10",0.997327
"4989_7",0.046378
"2883_3",0.038538
"9154_2",0.180720
"8384_10",0.991844
"4082_10",0.996085
"4334_2",0.007374
"5652_10",0.994770
"4544_2",0.004281
"4987_8",0.987216
"9648_3",0.000975
"10755_4",0.056705
"4386_1",0.002170
"4619_4",0.037222
"5860_7",0.961098
"11492_1",0.000938
"2126_9",0.996771
"8355_7",0.991764
"6560_10",0.997172
"4026_9",0.997322
"4019_7",0.984336
"455_10",0.997042
"6637_1",0.987375
"7490_3",0.003279
"10533_10",0.291598
"7417_7",0.973919
"3392_2",0.002439
"460_1",0.002834
"5364_10",0.998088
"234_7",0.992481
"709_4",0.104295
"2753_9",0.976602
"9434_10",0.924039
"2835_7",0.994203
"6849_1",0.001738
"11186_3",0.001383
"10902_8",0.994749
"2617_2",0.001048
"7423_9",0.941547
"4699_1",0.003057
"12312_10",0.997215
"6185_4",0.013835
"3742_3",0.001372
"1314_8",0.994020
"7985_1",0.142888
"3669_4",0.063135
"2791_8",0.995462
"2295_8",0.995417
"12111_1",0.000938
"11827_10",0.993612
"10191_1",0.001372
"5264_2",0.044266
"11002_8",0.993950
"12423_2",0.006401
"3551_7",0.826397
"10804_3",0.038214
"3670_4",0.003714
"8408_10",0.995727
"1307_10",0.997800
"10906_10",0.995727
"4039_2",0.000778
"1010_9",0.997838
"8764_1",0.002378
"10894_10",0.996343
"1249_1",0.001101
"1844_9",0.996427
"3252_9",0.996000
"12272_1",0.009495
"5599_10",0.995993
"6265_8",0.996972
"4497_4",0.036735
"3925_2",0.001839
"7935_9",0.964018
"12146_1",0.000826
"2345_3",0.068257
"11171_10",0.995635
"6726_1",0.002758
"11129_9",0.990892
"616_10",0.995643
"11349_3",0.002019
"2485_10",0.996205
"3212_4",0.022074
"5578_10",0.997753
"2252_9",0.997617
"11643_3",0.041269
"12081_4",0.030560
"4104_10",0.994112
"4504_7",0.975878
"6354_10",0.992795
"12118_8",0.996746
"9680_10",0.993867
"7173_10",0.997717
"1965_3",0.018529
"2674_7",0.722747
"1425_1",0.001367
"4017_8",0.997690
"3835_2",0.115561
"1335_4",0.029704
"627_1",0.013716
"8330_3",0.557725
"8907_1",0.000851
"11801_10",0.997444
"3231_1",0.001540
"860_4",0.010913
"2902_8",0.994325
"11550_4",0.005555
"4944_10",0.996752
"10190_10",0.164483
"4090_3",0.001333
"3863_1",0.001006
"3904_9",0.997493
"917_4",0.008856
"5540_2",0.002726
"9183_7",0.349554
"2570_4",0.015968
"11868_1",0.001147
"7438_3",0.038071
"10484_2",0.001103
"1988_8",0.996990
"46_2",0.253584
"6624_4",0.021492
"4666_7",0.988777
"11479_4",0.020904
"308_1",0.000679
"5400_9",0.994890
"5258_1",0.001704
"432_3",0.001140
"7245_1",0.001193
"7082_1",0.001976
"9698_10",0.994979
"1085_9",0.987448
"9999_10",0.997093
"4235_7",0.991289
"11603_10",0.994708
"4457_3",0.083703
"5022_8",0.992947
"12278_3",0.118538
"12076_2",0.037821
"7239_4",0.051320
"4691_10",0.996448
"9820_2",0.005150
"5932_1",0.033117
"10265_9",0.995161
"9247_2",0.004915
"4581_3",0.530541
"11060_7",0.410549
"10349_2",0.001522
"9821_3",0.095139
"3375_7",0.966695
"5515_10",0.997444
"3921_8",0.967194
"6671_8",0.997717
"7051_7",0.994979
"743_7",0.504394
"8230_3",0.094052
"11203_2",0.008577
"11616_1",0.011083
"8033_9",0.996550
"1472_10",0.798069
"1932_3",0.007389
"6827_2",0.002099
"6912_4",0.002420
"12024_1",0.000745
"10625_1",0.022393
"9528_10",0.996448
"6663_3",0.015845
"10727_1",0.001299
"6646_10",0.997690
"7632_7",0.996242
"8518_2",0.001734
"6398_9",0.997796
"488_8",0.996864
"4133_1",0.001564
"4128_10",0.994180
"5883_10",0.996656
"10240_1",0.000985
"8791_8",0.994563
"10917_8",0.997210
"9097_10",0.997686
"8438_1",0.000899
"7536_1",0.003810
"7542_3",0.044473
"3928_7",0.964589
"12477_2",0.008015
"9157_3",0.001620
"2694_2",0.333184
"3632_3",0.075176
"7169_10",0.996907
"6931_7",0.404213
"11474_10",0.998239
"2252_1",0.001250
"1261_7",0.921957
"523_9",0.936110
"12233_2",0.000745
"4731_9",0.966505
"12376_10",0.859840
"11834_4",0.122891
"7063_9",0.992539
"5289_1",0.001793
"9632_3",0.014490
"11086_1",0.000866
"8224_10",0.994203
"8013_3",0.109992
"8003_3",0.000881
"2281_8",0.964288
"4643_7",0.997093
"7942_3",0.000987
"11067_2",0.004628
"5577_1",0.000979
"5796_1",0.000883
"11514_1",0.003743
"1867_1",0.007094
"4804_2",0.002120
"4547_1",0.000741
"6391_7",0.960361
"6260_9",0.995018
"5355_10",0.970409
"12358_4",0.177989
"860_7",0.997813
"3768_1",0.020119
"8742_3",0.723920
"10786_4",0.003331
"5337_3",0.001890
"11260_10",0.995549
"7364_1",0.003357
"4434_2",0.002059
"10604_8",0.994191
"9587_7",0.465934
"738_1",0.011519
"3757_8",0.997809
"6970_10",0.993819
"6194_1",0.002132
"4559_10",0.992379
"2334_3",0.002958
"10636_3",0.003216
"4192_1",0.000752
"1579_4",0.031351
"7168_10",0.997566
"3789_9",0.979707
"5617_7",0.995047
"5757_8",0.995037
"1431_7",0.959459
"6130_4",0.019833
"12092_3",0.064271
"7918_3",0.003267
"5386_10",0.923627
"2794_9",0.878314
"2394_2",0.003173
"10690_7",0.985314
"6406_4",0.004495
"12288_2",0.001864
"7405_4",0.173358
"6153_10",0.083404
"5577_9",0.996100
"1462_1",0.002196
"7732_9",0.997296
"9046_10",0.993996
"11086_8",0.994969
"1426_7",0.978364
"12174_10",0.989928
"5537_1",0.001549
"11746_1",0.001629
"12203_10",0.997434
"11585_7",0.984215
"9765_1",0.001380
"6295_8",0.954095
"3991_4",0.024377
"11134_10",0.994236
"12379_7",0.710101
"7316_2",0.019719
"6955_4",0.019290
"8092_7",0.984306
"9788_1",0.000839
"9494_1",0.001507
"721_10",0.995938
"1250_9",0.996610
"3204_2",0.015619
"6539_9",0.989317
"7944_1",0.002561
"8632_8",0.994626
"2787_10",0.994157
"11497_1",0.001307
"8577_9",0.995985
"2717_8",0.974797
"3251_8",0.996024
"11714_7",0.988635
"3868_7",0.997007
"7394_1",0.138753
"481_7",0.769946
"5237_2",0.001748
"11148_9",0.994456
"11946_7",0.995583
"7301_1",0.001259
"384_9",0.991406
"8535_2",0.000893
"8067_8",0.995318
"8452_2",0.007711
"7361_1",0.001221
"4017_3",0.017510
"6304_9",0.995309
"7326_10",0.997708
"399_1",0.001793
"9003_1",0.001012
"11314_8",0.984291
"4909_10",0.995652
"10463_10",0.996455
"7355_2",0.011104
"3553_2",0.002862
"4404_10",0.997013
"9304_1",0.001824
"7903_1",0.000825
"4429_3",0.036050
"6287_7",0.977586
"10461_1",0.000964
"668_10",0.986866
"7560_10",0.997322
"2785_1",0.000752
"2801_10",0.994880
"4318_9",0.996966
"244_9",0.995056
"12435_2",0.001413
"2788_9",0.995318
"2537_7",0.983343
"928_1",0.000755
"3312_7",0.995282
"12147_10",0.997404
"5414_9",0.997551
"9871_1",0.001042
"1308_8",0.986403
"7668_1",0.001419
"5571_10",0.991505
"2052_10",0.998411
"7089_9",0.998228
"6411_2",0.002611
"8514_1",0.000822
"5921_10",0.997133
"3264_1",0.000844
"319_1",0.010945
"3433_10",0.997695
"1610_8",0.996413
"8002_3",0.002292
"8099_9",0.991322
"5418_1",0.003004
"6247_3",0.059428
"5153_8",0.992452
"12201_1",0.003566
"8900_1",0.017476
"10908_2",0.017326
"598_1",0.001665
"10590_9",0.989470
"6706_10",0.996584
"12299_9",0.996399
"2159_7",0.951684
"186_1",0.004273
"3008_8",0.976084
"831_7",0.995217
"2717_3",0.003010
"5174_10",0.995047
"3088_3",0.009756
"6262_8",0.994157
"12303_1",0.001149
"9904_8",0.997373
"10097_10",0.997537
"6242_8",0.993110
"9653_10",0.997389
"12499_1",0.002576
"894_1",0.092565
"8935_7",0.994800
"3184_2",0.003900
"2226_4",0.077622
"592_10",0.998221
"2173_8",0.995601
"10967_2",0.001338
"3332_3",0.086016
"1074_2",0.005437
"2396_4",0.001257
"2627_4",0.226249
"5982_9",0.997498
"1386_1",0.000924
"7325_4",0.336789
"112_2",0.001864
"8856_10",0.996623
"1948_1",0.001073
"5791_4",0.618939
"1007_9",0.998463
"3758_3",0.007191
"6455_2",0.001086
"6464_9",0.997925
"5403_10",0.996790
"7076_10",0.996371
"6123_3",0.007563
"2832_7",0.992668
"9287_10",0.998012
"3665_10",0.993524
"4488_4",0.006266
"5861_1",0.000779
"2222_10",0.995133
"9608_1",0.002987
"6225_4",0.005631
"5643_3",0.002473
"8720_7",0.836354
"4955_7",0.994423
"6839_1",0.001088
"7396_1",0.007877
"6234_8",0.996503
"10423_1",0.001255
"2158_1",0.000906
"6929_8",0.995399
"7593_3",0.007066
"636_1",0.001048
"2747_7",0.588121
"7398_10",0.992244
"6852_4",0.001558
"9938_3",0.000849
"3989_3",0.257532
"1104_9",0.177312
"5897_3",0.003839
"5254_3",0.001346
"4824_1",0.051225
"10945_8",0.588209
"11486_8",0.997194
"2542_1",0.001626
"1824_10",0.996937
"10181_2",0.000979
"2492_9",0.994870
"8111_1",0.003028
"5844_9",0.996858
"1369_7",0.839734
"10775_4",0.006552
"9617_9",0.989996
"4709_1",0.001272
"7043_2",0.002149
"5166_10",0.995066
"1604_8",0.996557
"8576_8",0.997603
"1916_7",0.774029
"10286_10",0.994959
"10241_1",0.003299
"12441_9",0.997699
"4529_1",0.001999
"1553_3",0.014943
"3985_4",0.808181
"5542_8",0.993722
"10857_9",0.994369
"7600_1",0.002801
"12095_9",0.994314
"3134_10",0.996733
"9472_3",0.364862
"1058_10",0.997933
"7328_9",0.998020
"3865_3",0.001755
"7409_3",0.001359
"4795_1",0.000927
"11596_10",0.996701
"3758_8",0.635972
"5099_4",0.014743
"7707_10",0.990839
"1412_3",0.002406
"4720_10",0.997961
"978_7",0.993268
"6165_8",0.998016
"1307_1",0.001495
"2322_7",0.992437
"5328_10",0.989830
"11934_8",0.996978
"1940_3",0.019197
"6270_10",0.071429
"5262_8",0.997570
"4068_9",0.994112
"1208_3",0.210848
"10220_3",0.009708
"5091_1",0.003357
"2738_1",0.000849
"8909_3",0.096280
"932_2",0.022912
"863_10",0.991272
"454_1",0.001242
"10525_4",0.006798
"175_4",0.141934
"4551_1",0.002768
"5666_1",0.000892
"4324_10",0.992481
"8189_1",0.002239
"12064_10",0.994054
"8622_10",0.965053
"1115_9",0.984471
"9593_1",0.001507
"5579_10",0.996907
"3467_1",0.005292
"11409_1",0.000754
"8682_1",0.009126
"7866_1",0.000844
"6111_8",0.917080
"524_9",0.996008
"9837_7",0.988313
"2215_1",0.001701
"6840_10",0.994949
"7384_8",0.998283
"6353_7",0.991732
"8650_3",0.016403
"1890_10",0.892375
"10402_8",0.995882
"3770_4",0.002907
"3086_1",0.000858
"1487_3",0.033780
"2995_10",0.997144
"2356_7",0.929472
"5320_10",0.992892
"3235_1",0.001307
"6802_1",0.000803
"11329_9",0.949995
"1143_8",0.969003
"5768_3",0.003443
"8004_1",0.000851
"5453_3",0.043285
"11288_10",0.953579
"3278_10",0.997744
"11856_7",0.630173
"12057_10",0.995354
"1825_4",0.002047
"3319_10",0.991084
"5956_7",0.994413
"4875_10",0.992304
"562_1",0.001824
"11359_8",0.920182
"12454_10",0.993996
"10621_2",0.015998
"10407_2",0.002993
"3532_2",0.011699
"10162_4",0.408749
"7084_4",0.046856
"167_10",0.993474
"3362_1",0.002079
"6370_10",0.997269
"2281_3",0.045948
"10454_1",0.001090
"12387_8",0.991439
"8375_8",0.994910
"9656_3",0.020528
"9387_1",0.002383
"4907_1",0.001099
"4697_9",0.996510
"4217_1",0.001354
"8860_10",0.994203
"7312_3",0.005831
"9326_10",0.996336
"3785_8",0.955775
"2255_1",0.008117
"9950_3",0.011387
"558_2",0.000754
"413_8",0.988165
"7837_9",0.997166
"9192_1",0.001779
"7_1",0.001534
"9674_1",0.001172
"9771_4",0.001154
"3331_10",0.977883
"11444_8",0.890008
"3009_7",0.997888
"5584_1",0.002981
"12044_10",0.995085
"5952_9",0.984321
"4989_2",0.000724
"5722_3",0.027481
"6207_4",0.037999
"7646_1",0.000782
"1811_3",0.003229
"1197_3",0.000997
"709_9",0.997813
"8554_9",0.990404
"1706_9",0.992837
"10060_10",0.992906
"6818_1",0.001444
"7255_9",0.983894
"3790_7",0.990459
"7833_9",0.165492
"7448_4",0.004811
"3456_1",0.001461
"3881_3",0.000784
"11049_1",0.003229
"1269_1",0.003587
"7803_10",0.991907
"1413_9",0.814570
"1289_8",0.997699
"3967_9",0.989368
"7533_10",0.998228
"5372_8",0.993926
"1518_1",0.007475
"10752_3",0.075244
"4863_3",0.001380
"699_1",0.001294
"11537_3",0.010570
"9241_7",0.994169
"876_3",0.096195
"11234_4",0.026734
"5942_4",0.757906
"1778_10",0.988470
"2631_9",0.217005
"7425_9",0.997953
"3410_10",0.998262
"9155_10",0.993042
"4396_10",0.997594
"8894_7",0.986866
"6034_10",0.990366
"12105_1",0.001051
"11645_7",0.996371
"1821_4",0.601067
"9028_7",0.988290
"4670_7",0.988142
"4720_3",0.001930
"10001_1",0.001507
"8363_2",0.001328
"5681_9",0.996286
"8165_10",0.997205
"11961_2",0.000960
"406_1",0.000830
"8313_1",0.000738
"11945_7",0.865963
"9454_9",0.992229
"9523_10",0.996584
"10516_10",0.992319
"6036_3",0.010540
"5046_1",0.001992
"9019_9",0.825730
"5471_10",0.997296
"11862_7",0.241556
"651_1",0.037082
"3131_9",0.996907
"9912_1",0.001131
"6231_2",0.003483
"5523_2",0.010642
"1817_1",0.022244
"8880_7",0.995381
"6080_4",0.167151
"9940_1",0.713494
"3409_4",0.012564
"3713_4",0.035178
"3447_3",0.127002
"3460_8",0.998110
"9397_10",0.993229
"5528_8",0.992093
"7658_10",0.995668
"5893_10",0.996682
"1646_1",0.001655
"9620_7",0.467696
"66_3",0.142649
"1691_10",0.993926
"4311_7",0.985412
"12091_1",0.003657
"5391_1",0.000955
"576_4",0.001661
"4734_9",0.244995
"6008_10",0.994402
"8527_7",0.987166
"6048_10",0.973266
"5102_10",0.998335
"6794_10",0.994850
"3473_3",0.030473
"2025_9",0.996146
"9728_2",0.003877
"10704_10",0.997389
"9094_4",0.986494
"7838_9",0.998140
"5779_1",0.000890
"5342_4",0.094343
"9291_10",0.994594
"7028_2",0.031709
"1331_9",0.992640
"9913_8",0.996138
"10250_10",0.995426
"9227_8",0.914367
"6278_4",0.567367
"2302_1",0.017986
"7000_2",0.002497
"416_2",0.003430
"6846_1",0.013274
"3253_9",0.997822
"1712_1",0.000947
"9720_10",0.989161
"769_9",0.994467
"6635_10",0.996008
"1421_10",0.905698
"6803_1",0.002247
"4290_4",0.004709
"2465_7",0.994203
"70_8",0.997753
"5176_10",0.996364
"305_2",0.004182
"11094_3",0.004718
"1109_10",0.997002
"95_3",0.327825
"2378_10",0.993029
"3270_3",0.002350
"6999_4",0.978323
"7594_8",0.831656
"9549_10",0.996078
"8263_4",0.071559
"10379_9",0.996235
"11187_1",0.629661
"2278_3",0.005021
"11180_4",0.027507
"745_10",0.988928
"9794_4",0.175856
"6565_1",0.001824
"9608_8",0.992879
"12222_1",0.001036
"9330_9",0.986764
"3611_9",0.997822
"1775_4",0.023109
"3635_1",0.013338
"3893_1",0.001078
"2802_1",0.000997
"2481_10",0.987604
"1540_3",0.031499
"2205_4",0.014406
"10970_7",0.987616
"8287_2",0.001394
"484_1",0.001800
"249_2",0.804751
"12073_10",0.997036
"1443_7",0.995085
"4985_7",0.979590
"12247_1",0.043244
"3170_3",0.000975
"2900_10",0.996584
"1930_9",0.997838
"12309_10",0.996307
"10720_8",0.996469
"5260_4",0.352919
"5212_8",0.997608
"3872_10",0.993242
"9705_1",0.001016
"10367_8",0.996138
"10063_10",0.995226
"9682_1",0.001607
"7356_8",0.981436
"6045_7",0.991538
"3181_10",0.995842
"7212_9",0.932515
"8801_9",0.994369
"2910_3",0.084078
"5031_7",0.997384
"1416_1",0.001099
"8903_10",0.996790
"10620_4",0.005150
"8957_1",0.030157
"3374_1",0.004348
"9196_1",0.006998
"5167_10",0.996392
"10900_1",0.004240
"5405_2",0.001297
"1546_1",0.185947
"12331_4",0.009286
"4733_9",0.990980
"6682_10",0.996564
"1356_8",0.996650
"2301_2",0.000848
"11565_7",0.970240
"8731_7",0.914022
"1638_10",0.996708
"7280_3",0.001775
"51_4",0.098947
"355_4",0.056914
"485_10",0.997454
"554_4",0.008511
"8059_3",0.002075
"3645_4",0.085518
"7332_7",0.996183
"10877_2",0.005969
"10837_1",0.000784
"6273_10",0.944536
"11773_2",0.020430
"744_1",0.002392
"9762_8",0.996300
"831_4",0.005080
"4450_3",0.001751
"5338_4",0.002003
"6741_2",0.009975
"5962_9",0.925027
"10363_3",0.001118
"9063_10",0.996907
"2739_1",0.001595
"5920_2",0.001744
"5200_9",0.996688
"6498_10",0.997122
"591_1",0.000815
"8010_9",0.997965
"369_8",0.994930
"9971_9",0.997474
"11735_8",0.987829
"11278_10",0.994760
"1464_9",0.968708
"3787_8",0.995085
"10097_2",0.015891
"3728_8",0.997221
"9996_2",0.001292
"8676_10",0.995085
"9718_4",0.001160
"9280_7",0.878887
"8343_4",0.216136
"3505_1",0.009927
"8863_10",0.997358
"5682_10",0.987580
"4704_2",0.004182
"11106_7",0.605478
"10541_2",0.037327
"6601_9",0.995826
"11387_10",0.986803
"8864_10",0.996062
"7139_4",0.003743
"10068_8",0.993661
"2572_1",0.004015
"3819_10",0.997542
"11954_1",0.001032
"2525_4",0.033685
"12440_7",0.966600
"1489_10",0.994890
"12422_7",0.774967
"5463_10",0.902395
"5684_1",0.000807
"30_9",0.996220
"1255_8",0.997774
"3993_4",0.002763
"10386_7",0.026912
"10111_10",0.996131
"2915_9",0.787931
"4621_1",0.001531
"3671_9",0.991554
"1069_4",0.026205
"2060_10",0.980469
"3788_2",0.005686
"3_7",0.741065
"7722_1",0.000770
"9601_1",0.000826
"3294_3",0.002350
"4361_1",0.000820
"6626_7",0.992334
"5799_10",0.974845
"332_10",0.998306
"4320_4",0.021760
"4545_9",0.995685
"6029_1",0.018511
"6329_1",0.053305
"5586_1",0.001020
"9401_1",0.002103
"7087_10",0.995842
"5200_1",0.005180
"9707_7",0.913136
"5006_10",0.276141
"4702_4",0.045820
"11207_10",0.995514
"3593_1",0.016705
"3050_3",0.372248
"6036_7",0.183557
"2221_2",0.015891
"6895_1",0.004547
"5678_10",0.997561
"8395_10",0.997306
"8193_1",0.000944
"11689_4",0.001200
"10207_10",0.996870
"5028_4",0.003350
"26_3",0.141341
"11774_10",0.977457
"59_3",0.001284
"7339_4",0.007854
"2141_7",0.182936
"10647_10",0.996385
"7703_8",0.985454
"5904_10",0.995549
"11952_7",0.993163
"6355_1",0.005251
"7465_1",0.004062
"1244_9",0.994541
"5129_9",0.997753
"4015_10",0.996752
"435_1",0.002132
"8974_3",0.036563
"2294_2",0.003046
"5028_8",0.682230
"3850_1",0.001202
"3162_10",0.993891
"7690_10",0.995702
"10957_1",0.001957
"8809_10",0.980186
"8509_2",0.122366
"2314_1",0.002473
"2587_9",0.996913
"6823_8",0.996990
"9761_2",0.001209
"2699_4",0.067148
"10291_3",0.022586
"3015_7",0.998478
"10059_10",0.989791
"8018_1",0.005120
"9487_1",0.045607
"12074_4",0.003824
"2051_1",0.002556
"3997_1",0.000766
"9323_2",0.039788
"10231_9",0.998364
"10129_2",0.001775
"1491_10",0.994959
"5601_10",0.991636
"6980_9",0.997464
"8952_1",0.007374
"12021_1",0.013676
"11719_1",0.000883
"4620_8",0.903507
"9819_4",0.046812
"1682_2",0.617311
"5635_4",0.008470
"4634_10",0.995217
"8725_8",0.987203
"9919_9",0.994402
"5839_9",0.967287
"10643_1",0.026607
"4447_9",0.951051
"7614_7",0.989129
"441_4",0.028762
"1713_1",0.000900
"507_7",0.995694
"6592_1",0.005775
"6378_9",0.997561
"10206_4",0.164751
"11627_8",0.523420
"11991_4",0.084531
"5759_3",0.001247
"2655_3",0.008292
"8628_7",0.996796
"12364_2",0.001240
"11107_7",0.989234
"3166_2",0.005934
"4168_1",0.001992
"10876_7",0.989761
"5609_10",0.979235
"600_8",0.971074
"7243_2",0.005354
"7300_9",0.981823
"9144_10",0.991891
"4539_3",0.016498
"8007_10",0.994979
"8486_1",0.000764
"6213_2",0.002850
"4742_10",0.992583
"1421_1",0.001167
"4061_9",0.993002
"10451_7",0.950134
"1062_8",0.978733
"12281_1",0.000938
"5994_3",0.001507
"10055_10",0.993268
"2602_1",0.020765
"11107_4",0.071786
"4007_3",0.014254
"10444_9",0.997817
"1635_7",0.941331
"12049_8",0.982708
"3988_3",0.044681
"12414_8",0.983660
"7074_1",0.001030
"11854_7",0.993891
"2445_8",0.995694
"2187_9",0.990073
"11675_10",0.905990
"5648_1",0.001172
"1614_4",0.016168
"9395_2",0.001170
"5372_1",0.002726
"12082_10",0.997110
"12029_10",0.993537
"983_4",0.181010
"11356_3",0.002477
"4254_10",0.992169
"6017_4",0.035377
"2330_10",0.932269
"1089_1",0.046249
"8017_3",0.004323
"5248_1",0.058858
"9041_8",0.996643
"3855_1",0.000981
"10976_1",0.003714
"7926_4",0.007961
"7758_4",0.018851
"8081_7",0.927166
"9267_4",0.942665
"6381_9",0.996503
"6172_4",0.044681
"12411_8",0.992184
"5216_10",0.996031
"10999_8",0.985072
"2460_1",0.004718
"7815_7",0.996427
"8586_7",0.968411
"21_1",0.003657
"2467_1",0.001694
"7979_8",0.974532
"3744_7",0.907640
"7205_1",0.000918
"6862_7",0.987117
"12031_10",0.995142
"12458_1",0.001051
"10410_1",0.001623
"2624_10",0.994434
"12083_1",0.001405
"47_2",0.001734
"676_7",0.989358
"5425_10",0.996093
"1899_2",0.002444
"9666_1",0.000975
"3151_10",0.997327
"1745_8",0.923385
"7646_8",0.991875
"10011_9",0.998121
"10061_10",0.994008
"6792_9",0.997766
"5150_3",0.011299
"593_10",0.995660
"6170_4",0.992510
"2029_2",0.000741
"3026_4",0.016277
"1086_10",0.997082
"1594_8",0.995969
"227_1",0.000983
"5932_7",0.707165
"2681_1",0.003046
"4270_10",0.996913
"10065_1",0.000960
"6640_9",0.997343
"1160_10",0.996919
"3078_1",0.012420
"1546_7",0.913869
"12315_1",0.000972
"8699_1",0.022672
"11438_4",0.010072
"2034_7",0.983581
"7899_1",0.001107
"1006_3",0.001080
"3732_7",0.035712
"11094_7",0.549671
"1477_4",0.057335
"8912_10",0.990006
"8140_4",0.911495
"7542_9",0.996530
"2556_1",0.016045
"10075_10",0.998399
"12212_2",0.007303
"218_10",0.963369
"8385_1",0.000861
"5716_2",0.002051
"11655_10",0.997503
"6235_1",0.000892
"2823_10",0.992408
"7094_2",0.009082
"465_10",0.998001
"4968_4",0.004265
"222_10",0.992539
"464_4",0.060641
"2593_10",0.994402
"11946_3",0.005469
"6083_1",0.004031
"8158_3",0.012277
"2646_3",0.179674
"8282_4",0.026938
"12482_2",0.000979
"1020_7",0.036425
"7554_10",0.994870
"4492_2",0.001694
"4468_4",0.001980
"7365_8",0.997093
"9777_9",0.996286
"9505_3",0.004290
"10546_1",0.028789
"2179_7",0.972753
"9325_9",0.989327
"9042_10",0.993996
"7631_2",0.001016
"1583_2",0.004468
"10449_2",0.014504
"8021_9",0.989327
"9282_9",0.999096
"5261_9",0.993795
"9127_8",0.996752
"6408_2",0.001001
"7306_1",0.001570
"2955_4",0.016802
"6401_10",0.982938
"278_10",0.996570
"1954_8",0.896750
"2592_8",0.987363
"2040_10",0.994214
"4779_10",0.992244
"7274_8",0.996116
"8094_2",0.001028
"9359_9",0.994336
"10732_10",0.996544
"7824_7",0.857947
"493_7",0.989265
"2458_2",0.035847
"67_3",0.016514
"1495_1",0.002136
"2984_1",0.001325
"9979_4",0.006039
"2790_1",0.001218
"8948_1",0.036804
"4249_1",0.355691
"5994_10",0.995866
"5119_2",0.005900
"6539_2",0.000915
"12006_2",0.003657
"555_4",0.005100
"9508_9",0.991684
"2282_2",0.002149
"4119_7",0.994434
"1224_8",0.997645
"492_10",0.990857
"7062_9",0.996656
"6663_10",0.998636
"9410_8",0.995085
"6033_8",0.996278
"4704_9",0.998193
"1347_3",0.001264
"6920_7",0.998245
"7736_1",0.019757
"2884_3",0.023442
"1870_2",0.004700
"4058_3",0.005697
"3089_8",0.992452
"932_9",0.996070
"5666_10",0.992851
"5770_1",0.017797
"10982_10",0.994292
"5977_1",0.004290
"7678_2",0.131396
"7788_10",0.996858
"6328_1",0.001949
"5806_10",0.997076
"595_1",0.028544
"8235_7",0.992975
"10822_2",0.001516
"12353_7",0.762402
"5381_1",0.001923
"504_8",0.988131
"4876_10",0.996213
"5244_10",0.995523
"12010_8",0.997301
"7263_2",0.178526
"10315_10",0.996972
"9967_1",0.000843
"126_10",0.991423
"3861_1",0.000866
"10221_8",0.993385
"7844_3",0.918918
"10976_8",0.994314
"9372_8",0.980710
"5633_2",0.001086
"3833_4",0.001782
"5256_8",0.994477
"8840_1",0.001165
"2122_10",0.996406
"4607_4",0.006253
"12025_9",0.980618
"10884_9",0.994930
"2473_10",0.992184
"12330_8",0.966252
"6997_3",0.006027
"4505_9",0.997566
"1302_8",0.992767
"4382_3",0.004199
"9645_8",0.964119
"4138_2",0.004126
"2419_1",0.011040
"3059_8",0.977392
"8239_9",0.998172
"105_3",0.039751
"1129_9",0.966632
"9065_10",0.998463
"3249_1",0.001504
"4864_8",0.965738
"11748_8",0.997389
"561_10",0.996740
"1261_1",0.004700
"10944_1",0.000995
"11503_1",0.015131
"8089_9",0.997783
"3224_10",0.995575
"4550_3",0.873215
"8097_7",0.965641
"11042_1",0.016482
"4590_3",0.004728
"10838_8",0.995609
"5500_3",0.011927
"6779_10",0.992093
"7489_2",0.001082
"4145_8",0.997116
"2477_2",0.026887
"11428_7",0.127164
"5178_8",0.992349
"1604_1",0.003961
"2269_7",0.987818
"683_2",0.001120
"12373_10",0.997523
"12362_10",0.994626
"1486_9",0.954900
"4922_1",0.000863
"5689_8",0.992437
"11287_9",0.970099
"4578_4",0.006971
"361_1",0.013558
"6750_4",0.254996
"10004_9",0.996016
"3649_9",0.995245
"12485_8",0.994770
"4867_10",0.996907
"10463_2",0.003423
"8449_9",0.997337
"10573_10",0.997551
"12488_3",0.001868
"1649_2",0.001642
"12064_1",0.015145
"4892_10",0.995922
"8877_3",0.002981
"11816_9",0.998463
"10235_10",0.995866
"8204_7",0.991118
"8608_10",0.993783
"475_10",0.998576
"10150_8",0.992539
"4661_10",0.116011
"434_8",0.995462
"10121_10",0.995336
"438_9",0.991356
"2866_1",0.012171
"10667_2",0.002742
"9575_8",0.996984
"910_10",0.997897
"1631_7",0.997054
"10585_3",0.003984
"1060_8",0.996765
"8817_1",0.001835
"10511_10",0.994860
"11854_2",0.001075
"4429_7",0.993950
"7462_4",0.016137
"7668_10",0.989948
"6258_8",0.995601
"12481_1",0.003004
"3948_7",0.989801
"624_10",0.986363
"6418_8",0.997957
"4211_7",0.971429
"10606_1",0.000864
"3052_1",0.000828
"12091_8",0.997650
"5559_10",0.993069
"6462_8",0.994969
"6215_1",0.013172
"10996_1",0.031889
"1139_10",0.994325
"11400_8",0.876052
"10075_3",0.009020
"9034_4",0.091544
"8963_7",0.994336
"622_10",0.997640
"4570_3",0.009927
"12242_2",0.000831
"10595_1",0.002145
"5524_1",0.008308
"10074_3",0.123207
"10761_4",0.083329
"5215_1",0.001075
"7480_8",0.988701
"3940_4",0.021719
"375_10",0.983020
"11998_3",0.554953
"11759_10",0.998358
"12180_7",0.991187
"9000_2",0.162646
"4251_3",0.127870
"7944_10",0.996727
"12444_1",0.011766
"7400_1",0.001901
"4122_8",0.995609
"8849_10",0.998221
"5656_4",0.062474
"4091_7",0.995497
"8699_10",0.995426
"8750_9",0.996537
"3813_10",0.997002
"1836_4",0.877267
"1644_9",0.995399
"5764_10",0.996530
"1328_1",0.026330
"2332_2",0.010509
"1851_1",0.000854
"9281_2",0.001617
"9870_1",0.008125
"3201_1",0.000859
"9589_10",0.587440
"3137_1",0.001142
"10655_10",0.996146
"10722_1",0.078607
"10338_9",0.993423
"2561_4",0.939304
"8646_8",0.972019
"10077_7",0.988380
"2091_10",0.996564
"12110_7",0.870762
"8961_4",0.003148
"10497_1",0.001380
"3909_3",0.052716
"2535_3",0.010189
"8969_3",0.660964
"160_10",0.997290
"10280_4",0.005675
"5117_1",0.003357
"2371_4",0.010328
"12014_10",0.993612
"8665_8",0.996000
"5386_3",0.001860
"1284_1",0.000722
"6541_7",0.987993
"6919_4",0.018440
"7066_10",0.997210
"1189_3",0.003693
"247_8",0.988949
"4144_8",0.995075
"1788_10",0.986468
"3875_9",0.997296
"9484_2",0.003173
"6650_1",0.003707
"526_3",0.006388
"10810_8",0.953880
"3361_2",0.036050
"3721_1",0.009385
"8024_2",0.000789
"11882_10",0.899916
"6015_1",0.002406
"10950_8",0.981167
"10595_10",0.992975
"6215_8",0.154408
"7506_1",0.000767
"9448_2",0.001558
"10267_4",0.069954
"1890_4",0.101812
"11388_1",0.002124
"4033_2",0.001036
"10188_1",0.000920
"3685_10",0.995710
"2329_10",0.992725
"2672_10",0.976265
"3356_10",0.986585
"7505_9",0.996790
"8789_7",0.989244
"4655_1",0.000960
"7490_7",0.982372
"10703_9",0.881309
"2088_9",0.996321
"5114_3",0.003657
"3317_8",0.485051
"2826_2",0.145418
"8346_8",0.492737
"2036_1",0.001449
"11081_2",0.002704
"5313_7",0.943452
"266_4",0.016785
"7378_7",0.992169
"7420_2",0.001207
"9637_8",0.993549
"8788_2",0.004646
"4953_2",0.001250
"8212_9",0.989652
"10437_9",0.997834
"9397_1",0.000853
"4598_10",0.992467
"2772_10",0.921746
"83_10",0.995583
"6217_1",0.001020
"11725_10",0.997830
"4380_9",0.997717
"2974_1",0.001269
"12363_7",0.997893
"3246_1",0.001775
"6087_9",0.997188
"3419_9",0.995768
"6587_9",0.985855
"2450_1",0.003235
"2475_10",0.994552
"11551_7",0.985759
"7614_4",0.025517
"10136_10",0.997893
"5844_3",0.081666
"7473_1",0.001235
"6772_4",0.013338
"6253_1",0.001207
"4036_10",0.904945
"11948_10",0.997099
"11435_9",0.997493
"6106_9",0.995435
"12271_1",0.002477
"12030_3",0.006877
"11640_3",0.004273
"5589_10",0.356125
"6352_1",0.977263
"2523_4",0.903379
"8198_8",0.991620
"7283_4",0.083292
"4330_3",0.068009
"7882_3",0.098512
"9815_8",0.994880
"1714_1",0.000787
"3836_1",0.000899
"8618_7",0.990035
"1759_3",0.127381
"9317_2",0.001274
"6186_4",0.097005
"3779_1",0.004232
"10096_9",0.998129
"3277_7",0.996257
"6023_10",0.997876
"4863_7",0.951369
"11194_2",0.001655
"11227_2",0.001444
"11983_1",0.010199
"337_9",0.996721
"11441_3",0.001748
"6668_1",0.001354
"4333_9",0.997296
"3773_8",0.994225
"5370_9",0.998306
"4959_10",0.236428
"9431_3",0.021308
"6834_3",0.002895
"9952_3",0.003907
"9810_1",0.016356
"697_4",0.035211
"4528_3",0.001028
"5817_1",0.001030
"9052_7",0.363880
"11494_8",0.996062
"4516_1",0.001399
"2810_9",0.994657
"1105_10",0.993333
"6873_2",0.001915
"8171_10",0.996948
"9568_10",0.996168
"879_10",0.997019
"8493_8",0.993902
"9437_10",0.740620
"3841_1",0.000815
"3852_7",0.916671
"7414_9",0.997542
"6048_1",0.000858
"2921_1",0.000831
"6752_1",0.001333
"7997_1",0.774285
"640_1",0.003154
"9576_3",0.009908
"4110_4",0.075278
"11407_7",0.994688
"410_10",0.997322
"11167_10",0.996796
"8383_10",0.994563
"392_7",0.990006
"1459_4",0.050518
"11929_10",0.997774
"12362_4",0.006133
"4046_2",0.000846
"2597_10",0.995381
"11246_4",0.003817
"8692_8",0.996008
"3986_9",0.993110
"391_1",0.090574
"2504_7",0.996462
"11644_10",0.998499
"1788_1",0.004718
"5286_1",0.000866
"3486_1",0.994930
"4486_7",0.861013
"4614_3",0.975878
"11360_4",0.001183
"2315_10",0.996557
"3637_10",0.942454
"6479_3",0.058993
"10306_8",0.998085
"2225_1",0.011376
"9688_3",0.001961
"8999_2",0.001183
"6793_1",0.007778
"1785_8",0.991505
"3902_1",0.036563
"3805_1",0.001528
"6867_8",0.993372
"761_2",0.042642
"9493_4",0.021105
"4805_4",0.992697
"583_8",0.996972
"9470_9",0.997739
"9859_8",0.922587
"6633_8",0.961171
"518_10",0.660419
"10730_1",0.006388
"1855_4",0.005797
"5191_8",0.973869
"9191_1",0.001652
"1113_3",0.015952
"2973_8",0.992349
"10712_1",0.000922
"7729_1",0.001223
"2730_1",0.004306
"10170_1",0.001731
"8238_10",0.998342
"9495_10",0.995566
"11652_1",0.014928
"4911_2",0.001487
"7514_1",0.000936
"8164_2",0.001092
"10389_7",0.315963
"7557_10",0.992654
"852_4",0.012896
"1584_1",0.010632
"2387_2",0.010288
"6073_4",0.008830
"7047_10",0.996448
"6338_7",0.989254
"1741_4",0.001032
"3697_1",0.054904
"5444_2",0.001661
"10082_1",0.002027
"6135_4",0.057335
"9242_8",0.997210
"7864_8",0.996357
"3466_2",0.002178
"9852_9",0.997454
"12390_7",0.718693
"5189_9",0.995075
"6771_9",0.996978
"223_3",0.507934
"8322_4",0.012031
"4465_8",0.978219
"6597_2",0.029591
"3477_8",0.997002
"4736_8",0.941922
"4581_8",0.997429
"5898_3",0.002269
"12335_7",0.985014
"7321_7",0.992259
"128_4",0.009413
"9116_3",0.097433
"9152_8",0.996584
"3613_3",0.028544
"1095_8",0.997561
"225_10",0.992906
"12445_10",0.993562
"596_1",0.001452
"6693_1",0.003884
"7535_4",0.990962
"3135_4",0.692382
"7435_2",0.001469
"758_3",0.002591
"11838_10",0.996688
"8539_2",0.000913
"671_8",0.995626
"53_4",0.042642
"8718_10",0.997681
"10447_7",0.978529
"86_10",0.994708
"7042_1",0.000799
"5821_3",0.002507
"4604_4",0.002850
"7906_2",0.000717
"11449_2",0.012444
"6505_8",0.995793
"8160_3",0.004565
"1054_9",0.995027
"6300_7",0.995660
"10058_8",0.996183
"3990_10",0.998937
"9233_4",0.016996
"9314_2",0.001160
"4213_10",0.800263
"3407_10",0.997322
"1982_1",0.052961
"9686_1",0.001048
"11246_10",0.909586
"617_4",0.020964
"12182_1",0.000906
"5687_1",0.008070
"1559_2",0.000938
"3596_7",0.996503
"4991_10",0.998168
"3315_8",0.994940
"1192_1",0.000953
"1454_8",0.996530
"9836_3",0.481454
"8088_4",0.033940
"1651_2",0.001399
"4641_10",0.995668
"10624_1",0.010328
"2902_2",0.467028
"10435_7",0.990660
"11623_2",0.005708
"1609_1",0.000876
"2623_1",0.000991
"4444_8",0.995336
"12412_3",0.031380
"8496_1",0.000869
"4279_8",0.996190
"9053_10",0.514522
"11747_3",0.013172
"9754_4",0.809201
"1795_2",0.095771
"6017_10",0.996913
"8964_7",0.996357
"1118_7",0.997082
"11564_7",0.941815
"9897_1",0.001585
"7731_1",0.001078
"7391_2",0.000807
"6670_7",0.993710
"8347_1",0.000869
"5000_4",0.000880
"3513_1",0.000983
"9427_4",0.083628
"6840_1",0.009313
"9217_9",0.992961
"5545_8",0.993423
"9858_10",0.994594
"1909_2",0.001240
"8416_10",0.994391
"11079_3",0.008062
"4638_4",0.050752
"324_10",0.995985
"9126_10",0.993294
"9069_7",0.993042
"10555_10",0.997424
"9626_8",0.994043
"6629_10",0.997498
"8419_10",0.997622
"5437_8",0.006364
"2463_10",0.998374
"10540_1",0.002812
"10579_1",0.001120
"11517_8",0.834474
"5306_10",0.995318
"4996_9",0.995874
"8251_7",0.995938
"7382_1",0.000831
"4284_9",0.996821
"772_10",0.995826
"5394_1",0.001059
"10576_9",0.996153
"635_8",0.996708
"9315_2",0.003832
"9642_4",0.002011
"7225_10",0.994488
"1806_3",0.716479
"4484_1",0.003229
"4912_10",0.994870
"4837_10",0.987688
"11025_10",0.997631
"1419_10",0.991844
"8789_4",0.002742
"1507_1",0.029036
"6478_1",0.001410
"7774_1",0.001012
"7805_10",0.987203
"11142_10",0.991032
"3832_10",0.995104
"1830_3",0.001768
"2676_4",0.009831
"1595_1",0.000851
"8044_9",0.995363
"8476_1",0.000784
"5190_8",0.983894
"4941_2",0.001665
"10114_8",0.996803
"11931_3",0.005598
"11970_10",0.991891
"5572_1",0.000925
"32_3",0.462230
"10026_10",0.994509
"10554_2",0.019757
"6440_7",0.996925
"7636_1",0.002704
"7973_9",0.998402
"2920_10",0.995272
"9531_1",0.001240
"568_4",0.042364
"6091_3",0.144994
"5700_9",0.997779
"4934_7",0.997025
"5988_10",0.998383
"5162_1",0.002856
"1043_4",0.001430
"11574_2",0.057282
"2592_1",0.000815
"4881_3",0.136091
"447_10",0.996220
"6922_8",0.996870
"9314_10",0.991891
"10693_10",0.877372
"257_9",0.996476
"2090_10",0.962918
"7826_1",0.000830
"7851_4",0.035178
"1606_1",0.001416
"4446_1",0.000899
"10655_2",0.003810
"11116_2",0.001315
"1631_1",0.002497
"11696_10",0.995558
"2114_3",0.003707
"10728_8",0.998332
"8006_9",0.994850
"5963_10",0.965152
"2094_10",0.997048
"10113_1",0.001310
"2832_4",0.003824
"9600_1",0.001397
"7776_1",0.005577
"567_9",0.947381
"4700_10",0.964119
"1143_1",0.001942
"7853_1",0.003707
"11178_1",0.014434
"7770_3",0.003636
"11696_2",0.001008
"6077_9",0.997210
"5952_1",0.000722
"507_1",0.006798
"11888_3",0.154058
"7857_3",0.041852
"1381_7",0.846895
"5080_2",0.000798
"9831_10",0.991603
"7231_1",0.001449
"6012_3",0.007984
"6843_4",0.067547
"7120_1",0.000830
"9248_1",0.491639
"5313_4",0.259567
"8434_2",0.020944
"10224_2",0.001714
"7303_10",0.996765
"1796_8",0.538862
"9302_4",0.015619
"2232_4",0.011846
"5333_3",0.001607
"1340_3",0.001391
"5472_2",0.000900
"1768_3",0.012019
"3140_1",0.011744
"6264_3",0.027769
"6699_8",0.982757
"2085_7",0.984381
"5319_4",0.020844
"7561_4",0.231788
"992_1",0.001458
"193_4",0.002350
"19_10",0.997717
"6225_8",0.992467
"933_10",0.997813
"11245_10",0.995874
"6152_3",0.050191
"10163_7",0.991032
"9382_4",0.002752
"4655_8",0.938969
"5195_10",0.997523
"8989_4",0.006667
"5309_10",0.994657
"2183_2",0.001120
"7597_10",0.991907
"1272_8",0.995114
"10107_9",0.998821
"3067_1",0.001207
"390_10",0.991118
"5746_4",0.005523
"7145_4",0.005934
"1612_8",0.990083
"7968_4",0.841109
"3793_9",0.956997
"2719_1",0.129073
"1645_10",0.996840
"9934_2",0.005911
"9288_4",0.013377
"937_4",0.015800
"10385_1",0.000853
"3726_1",0.001186
"2700_10",0.996752
"11824_1",0.001084
"4133_10",0.992393
"9873_2",0.002332
"8769_1",0.001149
"11806_10",0.996249
"903_4",0.013663
"727_3",0.010520
"2426_2",0.002683
"8663_1",0.003191
"11163_8",0.996919
"1505_7",0.690696
"4758_10",0.996476
"2119_4",0.004944
"7351_8",0.992139
"5638_10",0.996663
"11236_10",0.964489
"9351_3",0.016785
"8732_4",0.021595
"4771_1",0.002673
"4094_10",0.993320
"8314_7",0.932423
"5273_10",0.993771
"1773_1",0.000871
"7415_1",0.001810
"677_1",0.001335
"5585_1",0.000764
"1523_10",0.994719
"6855_1",0.000858
"6634_9",0.996350
"3866_2",0.024751
"7165_3",0.001717
"7516_7",0.995095
"2239_8",0.856452
"1248_8",0.999101
"6839_8",0.995217
"2648_10",0.997389
"5246_9",0.992123
"9445_1",0.001127
"4323_4",0.025810
"4356_10",0.995946
"9447_4",0.255483
"4022_3",0.005080
"6239_3",0.002035
"447_4",0.005934
"6717_8",0.935347
"2470_9",0.997122
"4816_1",0.002611
"1682_10",0.997161
"67_10",0.995142
"724_10",0.996577
"7678_9",0.949623
"2889_4",0.229708
"7487_9",0.994247
"1411_4",0.062502
"7447_8",0.996399
"3856_1",0.000927
"4412_10",0.962036
"8939_2",0.001614
"3314_9",0.993499
"2776_1",0.091220
"7986_8",0.997599
"12084_10",0.997122
"9529_10",0.995381
"11599_7",0.758622
"11688_3",0.000915
"11559_1",0.009467
"5838_2",0.005140
"6397_4",0.340533
"3551_4",0.087681
"5646_10",0.990945
"7760_2",0.001136
"4983_7",0.996972
"3870_1",0.034521
"5621_9",0.878835
"8716_9",0.994940
"2017_10",0.993294
"579_10",0.996420
"2659_1",0.001259
"10364_2",0.007275
"837_8",0.717482
"226_4",0.003657
"4836_1",0.000995
"11389_3",0.021451
"5284_2",0.000804
"4277_4",0.071235
"3821_10",0.996727
"6593_8",0.919136
"5060_7",0.145176
"5121_8",0.929055
"3810_7",0.509398
"3941_8",0.644092
"12291_1",0.000964
"1082_1",0.002683
"931_9",0.997663
"10202_4",0.833019
"11004_9",0.997025
"5243_7",0.971564
"2861_1",0.002261
"11992_10",0.992583
"11358_9",0.996483
"3996_10",0.992452
"12434_8",0.940681
"8310_7",0.941975
"3894_9",0.995898
"3021_1",0.004039
"1652_10",0.996085
"90_2",0.092976
"283_1",0.016721
"9809_8",0.996623
"2693_2",0.016277
"5717_1",0.015044
"6051_9",0.994247
"4542_1",0.001789
"5104_8",0.995735
"10139_10",0.983909
"6129_1",0.001419
"859_8",0.997474
"3107_1",0.000745
"2595_2",0.002157
"2676_10",0.989652
"3634_2",0.001751
"6953_1",0.000913
"4430_4",0.002332
"79_8",0.995047
"7318_2",0.001057
"863_4",0.005100
"6393_3",0.439417
"6910_3",0.005395
"4438_9",0.996630
"4242_9",0.963369
"5813_4",0.003700
"203_3",0.002526
"7333_10",0.998882
"11658_8",0.995189
"11206_4",0.005333
"6208_7",0.992767
"7273_8",0.995462
"5518_10",0.996496
"7092_1",0.217462
"10508_7",0.995056
"1196_9",0.996733
"10037_7",0.957318
"6468_8",0.997409
"8502_4",0.007135
"1017_1",0.007080
"4_10",0.997444
"8439_1",0.002103
"7048_3",0.001821
"3238_1",0.000981
"11610_1",0.029845
"3468_10",0.999246
"184_3",0.002546
"12227_7",0.994043
"4872_3",0.065755
"11139_10",0.995694
"4316_7",0.973266
"3071_1",0.003216
"335_2",0.000975
"10847_1",0.000871
"4646_10",0.972675
"9382_10",0.994123
"6577_1",0.008882
"4549_1",0.001061
"2459_9",0.997663
"102_8",0.993973
"1581_1",0.002998
"2439_10",0.993002
"6988_9",0.990310
"2024_1",0.000859
"12375_1",0.004811
"6084_4",0.004973
"6617_3",0.003185
"815_3",0.001364
"1857_1",0.005120
"7428_1",0.000861
"5943_8",0.994820
"11811_10",0.998548
"10844_1",0.000785
"1275_7",0.995592
"1910_1",0.001136
"3306_8",0.988369
"4735_1",0.001519
"10819_1",0.001513
"9571_2",0.009927
"1037_10",0.995479
"7177_4",0.059647
"5066_10",0.997210
"4888_2",0.006015
"10646_2",0.003854
"7929_1",0.005395
"5181_1",0.000773
"1387_1",0.005555
"1304_8",0.995677
"2108_1",0.018815
"9875_10",0.998469
"10200_1",0.001240
"11665_9",0.997677
"6685_1",0.001065
"10234_9",0.995985
"6622_9",0.967747
"9703_7",0.993722
"7504_8",0.993795
"1267_3",0.867710
"902_3",0.001807
"10674_2",0.015906
"5237_10",0.994236
"5270_10",0.986111
"1701_7",0.899652
"3222_2",0.001540
"6116_10",0.982014
"11543_10",0.987067
"8189_7",0.801004
"8737_8",0.996676
"6856_7",0.995336
"2035_8",0.996907
"5011_10",0.996314
"6135_9",0.997704
"9172_1",0.000696
"5822_1",0.004365
"8816_3",0.016091
"1124_1",0.001614
"5422_4",0.843831
"3275_2",0.037432
"2076_2",0.000953
"5223_8",0.990366
"1814_3",0.061171
"6171_2",0.023176
"3228_1",0.001567
"3693_3",0.001289
"8891_2",0.001282
"1171_8",0.995291
"9496_1",0.004442
"8702_10",0.990642
"11287_4",0.002269
"2157_10",0.997677
"6058_8",0.995390
"4025_2",0.000782
"5097_8",0.997708
"2335_1",0.001172
"6945_1",0.000859
"2970_4",0.012846
"10473_10",0.997007
"10139_1",0.002458
"7680_10",0.997513
"10705_1",0.000885
"9883_10",0.998225
"2808_10",0.992467
"6543_2",0.004374
"3482_3",0.122209
"2547_7",0.887546
"8378_4",0.001118
"7746_10",0.999491
"5007_4",0.006004
"1623_8",0.995272
"10762_9",0.998239
"8604_1",0.001110
"868_7",0.892890
"7902_1",0.000854
"3644_1",0.002420
"330_1",0.004963
"2519_7",0.926503
"716_2",0.054299
"9908_1",0.001163
"1410_2",0.023242
"1154_4",0.040050
"589_10",0.994615
"10182_3",0.005080
"6872_8",0.996024
"7232_8",0.932484
"4339_8",0.992139
"6652_2",0.001179
"8692_1",0.004530
"4585_2",0.665348
"5846_4",0.507080
"4401_1",0.001338
"4848_10",0.998252
"1727_1",0.001416
"8038_2",0.004240
"2532_1",0.001857
"11010_9",0.994259
"4915_10",0.996637
"6047_4",0.037892
"10358_3",0.033086
"697_10",0.995785
"7648_7",0.998147
"5495_4",0.008156
"6611_2",0.003052
"12099_8",0.995236
"1109_1",0.000895
"6874_1",0.001075
"8072_4",0.029063
"11231_10",0.996537
"10871_7",0.993029
"9990_10",0.993973
"645_10",0.995914
"9345_1",0.007303
"5298_1",0.003707
"5971_10",0.974701
"5079_8",0.994810
"6022_3",0.000856
"4954_7",0.983925
"5063_8",0.995643
"843_10",0.994657
"556_7",0.982774
"1498_1",0.001292
"9374_7",0.987338
"8728_1",0.221435
"8297_10",0.689129
"5760_10",0.976356
"7403_10",0.540863
"964_3",0.079424
"8842_9",0.997830
"11552_10",0.997253
"5592_2",0.003191
"3531_9",0.966442
"9383_3",0.002087
"6576_1",0.005374
"125_3",0.010520
"8382_2",0.005544
"3786_9",0.997019
"8636_9",0.995969
"12225_10",0.716169
"8958_8",0.997459
"5981_10",0.970324
"9594_10",0.989275
"9802_3",0.006133
"4353_3",0.021948
"10567_8",0.997897
"3982_7",0.986954
"3292_7",0.063628
"1739_3",0.001022
"3356_3",0.041618
"5253_4",0.005051
"1186_10",0.994930
"12218_8",0.996937
"1361_9",0.995818
"11423_4",0.003046
"5649_1",0.000803
"11988_10",0.966442
"393_7",0.994077
"8081_2",0.008356
"10290_1",0.000945
"5548_1",0.042563
"2266_3",0.112356
"341_1",0.000851
"2081_10",0.997965
"6268_1",0.003099
"2267_9",0.998675
"82_3",0.003410
"11259_10",0.995217
"6760_7",0.985800
"6352_9",0.996809
"10733_3",0.041153
"7418_2",0.000770
"11562_8",0.995583
"8895_9",0.996093
"7911_7",0.991032
"4885_10",0.997575
"542_4",0.007504
"6099_7",0.994146
"5355_1",0.014282
"3969_1",0.001410
"11541_4",0.985663
"6413_1",0.001138
"3725_7",0.989234
"11757_1",0.014546
"7663_1",0.007317
"3161_3",0.312577
"9119_10",0.997603
"7726_3",0.113629
"1764_8",0.981875
"7211_7",0.986244
"8069_4",0.005271
"7119_2",0.007219
"1163_10",0.997834
"5836_2",0.001351
"1921_8",0.996448
"892_1",0.001652
"7629_8",0.992892
"5605_1",0.001006
"3955_10",0.997847
"5093_4",0.005323
"6366_4",0.055926
"11267_2",0.001190
"522_2",0.001984
"7659_10",0.995180
"11779_4",0.028926
"5226_1",0.006732
"8767_10",0.964422
"1315_4",0.002287
"8179_8",0.997813
"10270_10",0.997343
"8218_1",0.012124
"4363_10",0.995922
"9701_9",0.994760
"9774_10",0.995826
"8326_10",0.992000
"1529_10",0.997127
"9090_8",0.998448
"8596_7",0.971293
"3508_1",0.001245
"2272_8",0.997444
"1226_7",0.994157
"40_8",0.994077
"1159_1",0.000881
"11508_1",0.000721
"2869_8",0.994135
"4068_1",0.000922
"7510_1",0.001179
"2967_3",0.004150
"8307_10",0.313029
"9920_8",0.995142
"9102_1",0.088229
"3586_4",0.928214
"2278_10",0.998165
"9459_9",0.997127
"3080_10",0.994146
"8960_1",0.001817
"11294_8",0.182644
"5241_1",0.001821
"4515_10",0.998239
"5855_7",0.994445
"12107_2",0.001053
"6435_2",0.006615
"5813_10",0.994445
"12008_1",0.001046
"1613_10",0.994605
"9381_9",0.995056
"4467_10",0.997594
"1439_8",0.990660
"1021_2",0.001204
"2718_1",0.013083
"11439_8",0.994488
"10931_10",0.997394
"4326_10",0.995558
"6216_1",0.001032
"10369_4",0.004281
"1586_7",0.962603
"1310_2",0.001697
"293_1",0.001067
"5968_1",0.001040
"9338_10",0.995626
"418_4",0.014172
"4522_1",0.000782
"3925_8",0.994180
"9748_1",0.001082
"7142_8",0.997071
"8862_1",0.001510
"10812_2",0.001857
"3262_7",0.990006
"11540_10",0.816406
"1236_2",0.001610
"10321_10",0.996931
"5782_1",0.001172
"11765_8",0.979881
"6365_7",0.986866
"6265_2",0.004174
"5426_1",0.006376
"5312_7",0.976758
"1786_3",0.013364
"10137_2",0.024586
"9816_3",0.017678
"11925_10",0.967379
"3041_3",0.006476
"6742_1",0.001287
"10786_7",0.995842
"10687_4",0.295192
"7057_7",0.733428
"7532_9",0.994949
"4162_8",0.996176
"9911_10",0.996990
"2369_3",0.016106
"2967_9",0.986017
"9515_7",0.924073
"12035_9",0.984561
"9088_4",0.024988
"3037_8",0.995922
"1198_10",0.997508
"8186_8",0.995930
"3455_8",0.997695
"6676_3",0.043937
"4071_8",0.980015
"2244_7",0.417895
"1252_7",0.919063
"12178_3",0.000836
"5623_4",0.003363
"10938_1",0.000878
"2265_4",0.218336
"7442_7",0.580620
"7676_9",0.996821
"10666_1",0.001200
"9430_3",0.153994
"8329_2",0.001230
"11933_10",0.994594
"7868_1",0.001558
"6471_7",0.992289
"2191_1",0.001444
"3918_1",0.001601
"9767_10",0.995906
"11297_8",0.964623
"6763_8",0.996235
"2621_9",0.987544
"4056_4",0.004755
"8584_4",0.000833
"4541_9",0.988188
"1474_4",0.024470
"3748_7",0.870927
"1314_1",0.000831
"6195_10",0.997048
"3485_1",0.001516
"5448_7",0.799442
"12392_10",0.985869
"5807_10",0.997248
"11783_4",0.862178
"5693_1",0.001032
"5031_3",0.002087
"9684_1",0.002301
"924_10",0.989480
"12254_3",0.033558
"277_1",0.027901
"4384_10",0.997498
"8288_4",0.001658
"3056_3",0.001549
"4683_9",0.997570
"907_7",0.992654
"6720_7",0.892656
"12192_1",0.006998
"11090_8",0.852199
"4682_7",0.994989
"11698_10",0.990606
"1530_1",0.012809
"3017_9",0.997735
"9702_1",0.001461
"5761_3",0.001140
"9920_2",0.927692
"8250_1",0.049131
"11900_3",0.008054
"6128_10",0.966315
"8667_10",0.993996
"8304_3",0.005160
"1049_9",0.980858
"10262_4",0.003299
"7315_3",0.001817
"4935_10",0.994563
"2453_1",0.000863
"4820_10",0.885086
"3111_10",0.997739
"10351_8",0.995505
"146_1",0.001882
"6093_9",0.996455
"7215_10",0.994089
"6098_9",0.989712
"2873_10",0.998179
"2683_10",0.994719
"6886_9",0.989771
"4992_8",0.927265
"1038_1",0.009784
"988_3",0.004764
"212_7",0.928959
"6838_1",0.007374
"4865_8",0.886420
"6908_9",0.997122
"8548_10",0.946498
"2297_4",0.002162
"3455_4",0.042048
"5743_2",0.024845
"5820_1",0.011676
"4636_3",0.019179
"8184_4",0.008348
"7413_7",0.996840
"10750_7",0.996364
"10064_10",0.995180
"408_3",0.003758
"10388_10",0.994112
"8380_4",0.007346
"8904_2",0.015321
"10854_10",0.994900
"11511_10",0.995309
"259_10",0.997608
"1580_1",0.001274
"11775_1",0.000933
"8674_1",0.001452
"9540_10",0.998708
"6177_4",0.002027
"11074_8",0.997640
"7191_7",0.133585
"7496_1",0.001592
"4424_9",0.995085
"5733_9",0.993747
"2887_2",0.006564
"239_2",0.160924
"10920_1",0.002392
"10342_9",0.994830
"12321_1",0.000886
"1833_3",0.001289
"5494_7",0.988536
"8687_8",0.996765
"1076_8",0.996047
"7638_3",0.064713
"1361_3",0.143608
"1884_4",0.025395
"2056_10",0.995914
"5_4",0.050988
"1034_10",0.995075
"4008_8",0.997036
"4239_4",0.007519
"7257_4",0.662955
"9541_8",0.995444
"5869_1",0.000828
"1326_4",0.000945
"936_2",0.005190
"10473_4",0.016168
"12413_2",0.006745
"5934_9",0.968231
"2419_7",0.922168
"49_4",0.006998
"2129_9",0.994940
"12356_1",0.000834
"9268_2",0.003136
"7915_7",0.992920
"11405_3",0.681372
"7526_9",0.994930
"6639_2",0.001405
"7939_1",0.000814
"8934_1",0.015189
"2422_1",0.000782
"3885_4",0.047426
"1703_3",0.231875
"7530_9",0.997834
"5833_1",0.000826
"9858_4",0.019531
"12307_3",0.002332
"9341_10",0.995272
"4490_10",0.996235
"9292_10",0.994870
"7830_1",0.001018
"5329_1",0.000858
"5205_10",0.992851
"2172_1",0.001145
"8857_4",0.004315
"7933_1",0.000944
"12277_4",0.122733
"9853_10",0.983150
"5927_8",0.997274
"4453_4",0.001549
"3034_1",0.000699
"3469_1",0.003969
"12014_2",0.024798
"3802_3",0.009205
"10911_8",0.621153
"7519_1",0.001118
"4155_1",0.002075
"7873_1",0.000769
"7002_10",0.996131
"11597_1",0.001688
"9043_3",0.009143
"7623_3",0.001655
"6615_9",0.997551
"5982_1",0.001510
"492_1",0.000731
"7105_1",0.000790
"7072_8",0.994860
"7585_3",0.071138
"114_2",0.005544
"675_2",0.004628
"5141_1",0.013611
"11299_1",0.000977
"7008_4",0.049543
"4963_4",0.089694
"9363_8",0.965867
"12419_8",0.949576
"499_2",0.009662
"4741_1",0.001302
"3160_10",0.903890
"4605_7",0.993879
"7181_4",0.034651
"2620_3",0.003877
"7101_7",0.962143
"3358_8",0.908374
"11150_3",0.064506
"11555_3",0.072341
"11975_2",0.047338
"44_8",0.997414
"4699_10",0.996448
"6042_2",0.001704
"10368_3",0.005041
"2409_8",0.851274
"5933_1",0.034521
"7460_1",0.023353
"11653_3",0.985314
"1699_4",0.065935
"6189_4",0.007599
"12263_10",0.998386
"700_7",0.989986
"1974_9",0.996809
"4664_1",0.012625
"2083_3",0.034100
"3454_1",0.009205
"3196_4",0.955734
"7920_2",0.004673
"10257_10",0.997766
"12344_10",0.998039
"130_9",0.996406
"315_4",0.011376
"5923_10",0.995882
"1234_10",0.961929
"7402_2",0.000899
"4634_1",0.001549
"2558_10",0.997133
"11220_10",0.994180
"7652_10",0.996300
"1070_1",0.001341
"3018_1",0.019606
"6365_1",0.000985
"6081_4",0.139983
"1015_4",0.014943
"7071_10",0.872347
"4682_1",0.005031
"5242_1",0.008236
"5125_9",0.993624
"11299_7",0.991652
"7445_1",0.001741
"8206_10",0.986598
"7878_7",0.993150
"11630_4",0.005598
"9391_8",0.875361
"4755_2",0.000947
"36_8",0.997594
"617_9",0.997498
"987_7",0.983198
"1185_1",0.000890
"11135_1",0.004191
"6457_2",0.005865
"8337_7",0.995914
"9931_9",0.996740
"6932_10",0.948917
"9504_3",0.003810
"2333_2",0.113973
"10397_10",0.958226
"6200_4",0.007149
"8004_10",0.996752
"10818_10",0.997580
"164_7",0.667417
"6945_9",0.991406
"2551_10",0.995198
"10887_3",0.001061
"8942_8",0.997677
"6779_1",0.097519
"9818_10",0.998364
"11352_4",0.002720
"1035_9",0.997575
"9212_2",0.001257
"8530_3",0.009268
"7858_3",0.005374
"1777_4",0.005764
"6976_10",0.997002
"9426_2",0.005343
"2154_1",0.001484
"7037_9",0.965738
"1501_1",0.002341
"12448_2",0.001024
"1005_2",0.002031
"8031_1",0.001598
"8084_8",0.995777
"11933_3",0.001582
"3206_10",0.996617
"10197_2",0.001592
"8838_9",0.840259
"7720_1",0.000934
"9739_3",0.007108
"8312_4",0.002468
"3492_9",0.995685
"1133_8",0.997194
"3255_9",0.997188
"10625_8",0.988602
"12307_9",0.997343
"325_10",0.998200
"4393_10",0.993985
"8755_2",0.000902
"2645_4",0.009064
"10712_8",0.929440
"10358_7",0.269878
"10913_1",0.052668
"8406_7",0.990732
"12131_8",0.992199
"8306_7",0.921605
"8722_9",0.998433
"6363_3",0.001240
"6876_10",0.997901
"10802_8",0.908820
"6078_2",0.001447
"4558_8",0.994594
"643_4",0.061621
"9956_10",0.990786
"7267_8",0.996688
"10491_7",0.993902
"5105_8",0.995399
"7213_10",0.990569
"8442_2",0.003004
"11035_10",0.995882
"9961_3",0.107860
"2616_1",0.000904
"7666_4",0.026963
"548_4",0.061706
"2425_10",0.997753
"4173_1",0.000831
"3558_10",0.988799
"4117_3",0.021226
"9803_3",0.002261
"1545_1",0.004142
"6564_7",0.987592
"1306_1",0.001287
"632_1",0.000880
"3132_8",0.996257
"5755_2",0.002187
"5282_1",0.000752
"5891_10",0.998862
"3961_7",0.996413
"4107_1",0.036978
"2370_8",0.992851
"1363_1",0.001980
"5359_9",0.997699
"759_10",0.998670
"727_8",0.986191
"1875_1",0.003016
"10586_1",0.001927
"4906_1",0.002929
"11685_4",0.003081
"1632_1",0.006062
"4913_10",0.998193
"11375_1",0.010777
"423_10",0.996385
"5957_9",0.996637
"9389_1",0.001255
"10450_7",0.977414
"4205_1",0.003671
"2983_1",0.000763
"7895_1",0.000748
"2761_4",0.002856
"3359_1",0.000826
"687_9",0.991356
"8150_1",0.003052
"1647_10",0.993624
"10920_8",0.997690
"4813_8",0.972336
"4628_10",0.997002
"5738_4",0.001636
"11255_3",0.013223
"7801_10",0.995993
"3258_2",0.001211
"10513_7",0.447521
"9358_8",0.997301
"6864_2",0.001953
"3038_8",0.979687
"6928_1",0.007778
"10277_10",0.994719
"9231_1",0.000962
"8098_7",0.994780
"11550_10",0.990310
"10233_7",0.995558
"180_3",0.024446
"538_8",0.997311
"4977_9",0.995462
"11386_3",0.016293
"1045_3",0.017276
"61_1",0.015277
"6907_8",0.995151
"11368_10",0.985510
"10_3",0.003260
"7034_3",0.004126
"3051_10",0.996131
"362_9",0.992437
"8037_7",0.992668
"11408_4",0.002704
"8783_7",0.989171
"1755_10",0.997997
"3610_3",0.093802
"1376_3",0.011620
"4970_9",0.960584
"7802_9",0.995354
"4169_1",0.000785
"2063_4",0.991272
"2825_10",0.992496
"10758_10",0.998186
"10778_2",0.000849
"979_10",0.993747
"11700_4",0.384695
"7848_10",0.984441
"1294_7",0.993294
"4806_4",0.060252
"10159_4",0.075892
"3461_4",0.123630
"10312_1",0.003423
"4297_1",0.000995
"5081_2",0.002694
"2156_1",0.000809
"8417_1",0.001701
"10182_10",0.997177
"11732_2",0.001167
"10078_3",0.002153
"4772_1",0.001665
"6187_4",0.004982
"4219_10",0.996590
"5208_8",0.996708
"4935_2",0.002178
"6528_10",0.997327
"4080_1",0.001112
"6147_10",0.632680
"1352_2",0.001632
"5675_9",0.995345
"3024_4",0.000957
"6930_3",0.021885
"7005_1",0.001430
"380_9",0.991985
"5923_3",0.023465
"1246_9",0.995426
"3081_8",0.997474
"11913_3",0.056392
"4112_8",0.984441
"1440_8",0.994423
"12123_7",0.523664
"3731_1",0.002328
"420_10",0.990441
"5862_1",0.000839
"10864_7",0.997677
"3484_1",0.001484
"9438_4",0.008695
"7032_10",0.998493
"7670_2",0.055566
"5251_9",0.993771
"5296_7",0.993938
"9161_7",0.856812
"6446_4",0.014241
"11694_8",0.996510
"1674_9",0.997699
"8831_10",0.984708
"11813_10",0.998326
"3380_1",0.002124
"8653_10",0.995985
"10485_1",0.006931
"3771_9",0.990025
"5534_1",0.001028
"2_7",0.983691
"2334_9",0.997826
"8327_4",0.004556
"8552_9",0.997757
"9117_10",0.997363
"11953_10",0.996176
"7015_4",0.465934
"9649_10",0.996688
"1701_1",0.326693
"1946_3",0.066327
"1536_10",0.997493
"6419_7",0.996392
"6619_10",0.995345
"3715_10",0.998559
"6001_9",0.994770
"4555_9",0.994347
"6367_4",0.077169
"8350_10",0.991684
"8376_7",0.994423
"8231_1",0.000892
"11595_9",0.997937
"10372_4",0.006133
"2711_8",0.941439
"407_4",0.003016
"10798_10",0.996895
"5358_1",0.002067
"158_1",0.001348
"6578_7",0.983182
"217_8",0.993819
"4535_10",0.996996
"4887_10",0.992467
"5595_4",0.020352
"1837_9",0.993734
"7723_1",0.001116
"1935_7",0.916072
"7357_4",0.001057
"3293_3",0.001775
"5176_1",0.000970
"10930_7",0.808937
"4618_1",0.013325
"15_2",0.002332
"4009_1",0.011158
"3854_1",0.007289
"2889_10",0.996643
"2737_1",0.074399
"9811_3",0.007839
"12016_2",0.004191
"8470_10",0.889000
"2965_7",0.015952
"6620_1",0.001976
"7447_3",0.071656
"1197_9",0.995444
"9750_9",0.997048
"3001_1",0.001165
"8068_2",0.012945
"5660_1",0.006539
"5595_10",0.907763
"4377_4",0.057546
"7354_8",0.971266
"11858_1",0.000899
"7611_2",0.003945
"6855_7",0.992154
"11522_1",0.001490
"21_9",0.997054
"3423_9",0.998536
"2061_8",0.996765
"5594_10",0.996590
"6106_3",0.027015
"9222_1",0.141519
"2305_3",0.009029
"12493_4",0.063744
"8841_9",0.996336
"3824_8",0.996198
"703_8",0.996966
"1638_1",0.000868
"11339_4",0.001972
"10173_1",0.001055
"6481_2",0.069069
"9468_2",0.030387
"1830_9",0.997469
"9940_8",0.969642
"7768_1",0.000858
"414_2",0.005708
"9554_3",0.007108
"2894_4",0.013902
"2509_7",0.995189
"2430_2",0.070113
"10244_7",0.982641
"2874_9",0.932176
"4615_4",0.990980
"9011_10",0.991153
"8977_9",0.996220
"6709_9",0.974556
"7963_3",0.054500
"7531_10",0.998693
"5058_3",0.009532
"2875_2",0.070336
"9191_8",0.993333
"2596_10",0.995850
"9660_8",0.997957
"3682_1",0.000724
"4189_1",0.000853
"739_10",0.994820
"836_4",0.010798
"2422_7",0.047382
"4318_1",0.002975
"1443_2",0.005385
"2782_8",0.996864
"10260_1",0.447068
"10624_10",0.959269
"3288_8",0.985841
"155_2",0.001165
"4941_9",0.995372
"1449_8",0.998303
"10575_1",0.001051
"3568_4",0.276019
"261_9",0.994358
"10420_9",0.997686
"4008_1",0.007577
"4263_9",0.994020
"11924_4",0.043814
"11488_7",0.989409
"1599_1",0.004015
"11383_10",0.994719
"1800_9",0.995874
"9705_10",0.993950
"10044_8",0.989986
"471_3",0.024940
"3494_9",0.997429
"11492_10",0.978135
"257_3",0.057758
"10745_1",0.004664
"7305_1",0.005609
"6239_8",0.994303
"3068_10",0.987338
"2862_1",0.001245
"11217_4",0.084909
"10650_9",0.994910
"3588_10",0.998028
"8345_10",0.959724
"9980_2",0.005427
"8901_1",0.001292
"5438_8",0.996031
"10879_10",0.994369
"9064_3",0.013835
"193_9",0.987277
"470_4",0.009652
"5128_7",0.995123
"10542_10",0.433082
"205_10",0.997025
"8091_7",0.996803
"11383_3",0.001961
"10274_2",0.003743
"7865_7",0.996462
"7525_1",0.051558
"2168_2",0.002768
"11082_8",0.991187
"1991_2",0.001427
"10524_10",0.997363
"4628_3",0.039122
"4269_7",0.995488
"7367_2",0.002935
"1390_1",0.005312
"7158_1",0.009367
"12442_10",0.988863
"8388_1",0.001084
"7980_7",0.990348
"3054_1",0.002747
"11143_2",0.094218
"2238_1",0.004973
"949_3",0.002162
"42_4",0.003615
"4093_7",0.993879
"3657_3",0.035244
"9812_10",0.998062
"6879_3",0.008586
"2189_8",0.992626
"11804_1",0.000876
"5280_10",0.997332
"411_8",0.984956
"5673_1",0.001001
"11633_2",0.001075
"10389_1",0.001364
"9516_10",0.981979
"12169_8",0.996286
"232_7",0.993487
"6061_4",0.002878
"6755_8",0.994380
"2880_10",0.990404
"4187_7",0.960805
"4175_7",0.819388
"11674_3",0.028382
"10397_1",0.016721
"4334_10",0.997429
"7654_10",0.995282
"1657_9",0.996650
"2025_2",0.001469
"2276_4",0.007135
"1957_10",0.996085
"11627_4",0.005501
"11799_4",0.047206
"10251_10",0.995549
"1231_4",0.031739
"8302_8",0.990945
"12342_7",0.804905
"8105_3",0.786910
"3892_4",0.001287
"8473_9",0.991620
"448_8",0.996913
"7317_2",0.002473
"2074_1",0.000951
"12249_7",0.989347
"5467_2",0.004054
"12109_1",0.000761
"11511_1",0.002112
"9476_3",0.767864
"1170_10",0.991356
"8970_9",0.995363
"12308_1",0.001250
"3101_8",0.991049
"3066_1",0.000790
"11519_7",0.146759
"5314_2",0.004273
"9160_4",0.014546
"6512_3",0.087759
"7836_4",0.160266
"11429_1",0.001546
"12043_9",0.997953
"270_1",0.000799
"821_1",0.002801
"4572_10",0.997594
"11437_1",0.000773
"4899_3",0.003976
"8226_9",0.992975
"5445_9",0.997961
"2459_2",0.097390
"12192_7",0.996031
"5459_9",0.996413
"7308_7",0.983470
"11308_1",0.001269
"4122_3",0.136206
"144_9",0.996000
"12145_4",0.016060
"8511_8",0.994402
"11319_7",0.992031
"9257_10",0.996300
"6737_3",0.002606
"9327_9",0.996176
"1246_1",0.001195
"11239_10",0.995095
"2915_1",0.000922
"6019_10",0.996746
"1151_9",0.992934
"11796_2",0.005533
"10400_9",0.924244
"9599_10",0.989077
"2283_3",0.001466
"5474_3",0.004232
"2670_3",0.003580
"6_3",0.038902
"69_4",0.297502
"11234_10",0.988613
"6575_10",0.997363
"9391_1",0.001218
"12053_1",0.000806
"1387_8",0.978281
"2649_9",0.948870
"9004_4",0.005180
"8723_1",0.001927
"11609_1",0.000815
"9585_2",0.001362
"2736_1",0.000758
"6607_2",0.014104
"11939_2",0.000814
"2024_8",0.993985
"1503_8",0.948346
"10177_10",0.994477
"10266_1",0.001846
"547_7",0.987865
"5272_10",0.985677
"5204_9",0.994770
"9369_2",0.052376
"6273_1",0.000810
"10825_7",0.993961
"644_8",0.990385
"347_1",0.007884
"12309_1",0.067516
"5502_10",0.994336
"7203_1",0.004166
"8714_2",0.007651
"713_8",0.994615
"10289_1",0.002453
"7666_8",0.935051
"6753_1",0.002162
"6350_1",0.000748
"11232_8",0.986929
"10551_1",0.004915
"5967_7",0.990385
"1049_3",0.001632
"11238_10",0.943764
"8043_9",0.994413
"8751_4",0.060280
"6514_2",0.010632
"1461_3",0.003671
"12137_8",0.994969
"9884_1",0.001226
"4652_10",0.995354
"3169_4",0.002482
"4138_8",0.997389
"6125_7",0.857589
"7298_8",0.995018
"4602_8",0.924891
"3523_1",0.049451
"10990_1",0.017029
"9278_1",0.000913
"2614_3",0.013676
"4762_3",0.001292
"2557_9",0.995372
"9390_1",0.001067
"7144_10",0.996357
"6655_7",0.406567
"9806_3",0.058132
"986_10",0.992154
"9969_10",0.995532
"8915_1",0.002546
"3888_2",0.009143
"1963_1",0.001864
"10523_9",0.995566
"9995_2",0.012372
"4491_1",0.004199
"926_10",0.997594
"5679_7",0.867429
"5201_8",0.985143
"9785_3",0.003615
"337_1",0.000822
"4129_3",0.001579
"9231_8",0.973695
"2058_2",0.000775
"4801_10",0.996815
"2116_1",0.005865
"11539_10",0.993083
"200_4",0.078961
"8271_10",0.993649
"10088_8",0.991907
"10816_10",0.997373
"80_7",0.862236
"9331_7",0.964921
"3866_9",0.998197
"4534_3",0.037964
"8981_9",0.991554
"510_7",0.993914
"4980_1",0.000815
"3336_1",0.020646
"1934_7",0.141519
"2815_4",0.992739
"6606_4",0.476092
"11802_1",0.002924
"6312_9",0.990678
"1914_2",0.001455
"1970_8",0.995345
"9791_10",0.991891
"3721_10",0.996055
"7947_10",0.995727
"8009_10",0.995085
"3370_7",0.911298
"8943_3",0.012674
"5873_10",0.909787
"7379_1",0.001354
"3585_10",0.998259
"6934_10",0.993242
"5841_1",0.001140
"1354_7",0.995858
"9215_10",0.990292
"2668_4",0.001582
"8441_8",0.994760
"5255_7",0.434161
"3649_1",0.004619
"1169_10",0.998235
"2366_7",0.996153
"4229_1",0.000754
"29_3",0.019871
"6109_2",0.001607
"11174_4",0.000985
"12477_7",0.942135
"11713_1",0.000851
"2231_2",0.002823
"7598_8",0.996385
"5095_3",0.003483
"3062_10",0.990478
"11451_7",0.993216
"7100_3",0.002801
"11005_1",0.000817
"9902_8",0.997434
"8850_10",0.994749
"5542_2",0.023465
"9371_1",0.438124
"8042_7",0.996329
"1757_1",0.000957
"2256_1",0.002296
"9793_3",0.012588
"11791_2",0.180576
"4814_2",0.036425
"630_7",0.995969
"10622_10",0.996406
"5781_1",0.006121
"7422_10",0.996590
"10084_10",0.996901
"9550_9",0.979156
"11646_8",0.921675
"110_1",0.005031
"4811_1",0.002546
"9559_4",0.034424
"2755_10",0.996227
"698_1",0.001272
"8437_1",0.001949
"1470_8",0.919787
"11449_8",0.196981
"8078_8",0.990310
"238_1",0.001223
"4950_10",0.998949
"10793_7",0.994135
"8497_10",0.999034
"9160_9",0.868604
"8472_1",0.001592
"1583_8",0.995898
"2923_3",0.024610
"9770_4",0.387632
"10706_2",0.008284
"4573_2",0.001988
"11176_10",0.996570
"616_1",0.001923
"4574_8",0.997717
"8465_10",0.982203
"4049_9",0.997659
"3707_3",0.001513
"4398_10",0.998062
"11727_1",0.003650
"7244_8",0.996996
"549_3",0.016996
"9461_1",0.175927
"6748_3",0.008324
"7093_10",0.996406
"9115_10",0.997116
"8284_9",0.998611
"469_8",0.996070
"1281_9",0.997013
"2816_3",0.265666
"11001_7",0.950457
"6987_2",0.001665
"5428_3",0.011620
"5992_10",0.997348
"2315_1",0.005190
"7329_7",0.996496
"3956_1",0.034651
"11453_1",0.010714
"726_1",0.000789
"10517_1",0.004592
"4494_8",0.969295
"11980_10",0.997917
"2926_1",0.304061
"1671_2",0.025395
"8291_4",0.005271
"948_8",0.980986
"8122_1",0.022032
"9343_10",0.990678
"6011_10",0.986151
"7156_4",0.004877
"9596_2",0.002112
"10583_10",0.998262
"3190_10",0.994860
"10841_10",0.994998
"6122_8",0.754373
"1315_10",0.997150
"3667_1",0.002463
"4225_2",0.001118
"11268_8",0.994077
"412_7",0.994520
"4891_10",0.996078
"4791_10",0.998176
"4463_2",0.051177
"3173_7",0.498474
"2937_8",0.960657
"9438_10",0.208340
"9900_9",0.995735
"424_10",0.994563
"955_10",0.997226
"10060_3",0.005110
"6063_9",0.998207
"1960_1",0.000964
"1456_8",0.994840
"1859_2",0.002571
"1262_8",0.996343
"5325_4",0.018352
"5944_4",0.022479
"2805_4",0.018905
"11591_1",0.001034
"3257_1",0.015815
"11444_3",0.001101
"5446_3",0.002007
"11801_1",0.027611
"8653_2",0.000866
"10939_1",0.000888
"10079_10",0.986649
"8188_1",0.009596
"3825_3",0.040731
"6659_2",0.002124
"9779_2",0.001233
"2852_2",0.001140
"11117_7",0.993359
"4367_3",0.134833
"7538_4",0.004646
"9183_3",0.027585
"1910_8",0.985963
"4563_4",0.045353
"7743_7",0.993722
"6770_1",0.001197
"10133_4",0.018142
"6279_8",0.979196
"7907_1",0.000799
"1458_2",0.003204
"12427_1",0.147003
"3221_10",0.995609
"1614_10",0.996213
"2761_10",0.995702
"5151_4",0.005406
"8803_8",0.995263
"10726_1",0.001853
"824_8",0.995801
"12377_10",0.926703
"3401_3",0.012846
"3603_7",0.305425
"3655_4",0.140160
"9963_3",0.010348
"4266_1",0.000834
"1176_4",0.006205
"959_4",0.011190
"4494_1",0.032713
"12381_10",0.992244
"4603_8",0.620938
"625_2",0.035779
"7597_3",0.000977
"594_9",0.989108
"10998_10",0.996695
"5122_10",0.996123
"9820_10",0.994959
"2428_1",0.000823
"10928_1",0.001183
"9083_2",0.033086
"8669_1",0.001674
"9159_9",0.989066
"4171_10",0.967008
"7985_8",0.994541
"4181_1",0.001645
"4577_8",0.618896
"910_4",0.056966
"10673_4",0.090253
"1530_10",0.991780
"2436_4",0.023398
"3934_10",0.995685
"9273_1",0.001250
"3188_9",0.994646
"1826_4",0.067087
"4777_1",0.001073
"7449_10",0.997379
"490_2",0.008788
"1351_1",0.000722
"9172_7",0.988960
"6211_8",0.995236
"7114_8",0.989129
"1316_2",0.001269
"6531_10",0.997770
"4381_3",0.004953
"10347_1",0.000853
"5497_8",0.996235
"7041_10",0.997036
"4466_4",0.001561
"1690_1",0.001717
"912_1",0.001116
"10342_1",0.000931
"6323_4",0.013545
"3243_1",0.038214
"9143_1",0.004451
"7175_3",0.002196
"1962_7",0.992725
"11135_7",0.991907
"8524_1",0.002213
"10026_3",0.021166
"3031_4",0.942771
"1766_2",0.003093
"6042_10",0.506164
"3357_7",0.994314
"11065_10",0.977926
"11641_9",0.996870
"4389_2",0.001302
"10946_1",0.001099
"6385_10",0.998442
"5520_4",0.202956
"8036_8",0.997508
"4726_4",0.441944
"1510_8",0.097519
"11016_8",0.994477
"893_1",0.000853
"655_3",0.003969
"12226_7",0.452536
"3878_10",0.984486
"8589_8",0.991860
"4108_10",0.929951
"8586_3",0.001214
"2326_9",0.996864
"155_8",0.613135
"11073_7",0.463687
"1672_10",0.994584
"1715_8",0.979196
"10443_7",0.992062
"9673_1",0.002551
"10731_9",0.992725
"4427_3",0.050331
"422_3",0.055362
"7121_3",0.005100
"4415_4",0.122052
"11599_1",0.024099
"6015_9",0.894005
"3470_1",0.000815
"3951_10",0.997735
"2665_10",0.996954
"10295_10",0.996235
"3220_10",0.997317
"4748_1",0.000958
"189_9",0.999191
"3502_9",0.996399
"10561_9",0.996550
"5051_4",0.145601
"7644_7",0.995114
"559_4",0.155335
"3236_1",0.002323
"9985_9",0.997332
"3512_7",0.993961
"10318_1",0.000886
"3509_1",0.013441
"7686_10",0.996821
"8947_8",0.997348
"6783_10",0.998004
"9836_10",0.997551
"971_3",0.001022
"1127_1",0.000999
"8953_7",0.991272
"5763_10",0.993973
"9147_10",0.960657
"10688_1",0.001623
"2148_7",0.991067
"8997_10",0.997177
"3094_10",0.997977
"1152_3",0.028087
"1907_10",0.984869
"1845_10",0.997384
"6852_7",0.997166
"5573_10",0.995777
"8709_2",0.007094
"2882_10",0.997735
"11230_8",0.984826
"10124_3",0.015754
"12361_1",0.009559
"8117_4",0.006388
"1192_10",0.995668
"1657_4",0.007636
"10319_8",0.987203
"10954_1",0.001531
"2048_10",0.993487
"5763_4",0.009090
"9491_10",0.997518
"4081_3",0.020255
"4877_9",0.973968
"10981_9",0.998358
"11440_1",0.001069
"7608_2",0.004191
"194_1",0.015968
"7116_7",0.028871
"2118_10",0.997822
"9997_10",0.997469
"3880_1",0.001125
"4197_10",0.996948
"1166_10",0.989918
"3504_8",0.995540
"3170_10",0.997989
"1477_8",0.997042
"881_8",0.996503
"10229_2",0.011915
"9515_1",0.001287
"6714_7",0.905280
"8570_8",0.816004
"6892_10",0.997937
"8710_10",0.995826
"9135_10",0.995866
"10924_10",0.996643
"5252_4",0.034197
"6581_10",0.998630
"8837_10",0.987363
"3820_1",0.001207
"9914_3",0.001335
"3141_1",0.001063
"7893_1",0.001438
"306_1",0.000904
"2527_3",0.131062
"8148_2",0.034391
"9778_10",0.995263
"10438_9",0.998232
"5230_4",0.011766
"1691_1",0.001678
"6124_10",0.286431
"5256_3",0.017849
"4294_7",0.989899
"10575_10",0.998099
"9610_9",0.995558
"563_10",0.937096
"6328_10",0.991322
"6903_2",0.000841
"6899_4",0.001849
"7166_4",0.017695
"2993_4",0.007275
"10771_8",0.993771
"11298_1",0.000991
"9101_2",0.001090
"7716_3",0.002191
"2722_1",0.002850
"5227_8",0.997542
"241_1",0.000863
"192_2",0.000993
"9006_10",0.998020
"5505_7",0.983707
"10822_8",0.997503
"1046_1",0.004682
"1865_3",0.002823
"11845_7",0.993268
"6675_7",0.995890
"6240_1",0.000861
"10392_8",0.997627
"3405_10",0.997242
"11919_10",0.996264
"2294_9",0.997753
"1097_3",0.239372
"6888_10",0.996809
"12373_1",0.055413
"11785_10",0.970854
"11805_1",0.001228
"2328_9",0.991603
"2636_1",0.002162
"12359_7",0.979629
"7733_8",0.937153
"9877_1",0.147463
"12266_7",0.992000
"8274_1",0.093388
"11727_8",0.994369
"12389_8",0.995217
"2464_4",0.678317
"4930_1",0.001868
"11304_9",0.998140
"2140_1",0.002043
"11168_9",0.990366
"1772_9",0.993242
"3857_8",0.997830
"4559_3",0.002918
"6986_8",0.891386
"9647_1",0.001099
"11714_1",0.001681
"5436_2",0.040313
"2736_9",0.996198
"4499_8",0.986044
"2701_10",0.994860
"11604_8",0.997608
"6133_1",0.004039
"4151_3",0.072571
"3978_3",0.000979
"1973_9",0.997419
"11752_10",0.997523
"10192_10",0.996846
"8318_4",0.001435
"5685_1",0.000755
"8978_4",0.091951
"12289_10",0.997226
"5603_9",0.993783
"5209_10",0.997199
"8360_7",0.224969
"5690_2",0.024680
"8463_10",0.528655
"5304_10",0.995291
"720_10",0.995858
"9301_3",0.009869
"1392_1",0.010004
"10893_4",0.640172
"1299_9",0.988701
"5552_2",0.025131
"4348_4",0.059894
"12384_4",0.253861
"11947_2",0.015861
"1740_3",0.001727
"7869_10",0.992554
"5959_7",0.990235
"2301_8",0.995142
"5572_7",0.986031
"3716_1",0.559531
"8558_7",0.985384
"12210_1",0.002323
"3744_4",0.020100
"12487_2",0.009690
"5348_7",0.993069
"1065_1",0.001059
"1414_10",0.996242
"2672_4",0.044142
"1014_8",0.195748
"2248_10",0.984575
"2221_8",0.984635
"4576_1",0.001639
"10578_10",0.997997
"8525_2",0.001160
"5332_8",0.991652
"12007_2",0.001367
"1107_2",0.002406
"8295_10",0.998723
"10093_1",0.002895
"6441_1",0.003524
"10422_3",0.001305
"11034_3",0.001204
"3379_9",0.997570
"7512_1",0.000751
"12165_1",0.003052
"11634_10",0.163012
"4567_10",0.972779
"6971_8",0.994509
"2145_3",0.120853
"5639_1",0.000761
"8049_7",0.989002
"7953_1",0.001846
"12440_4",0.001351
"9134_8",0.994880
"5720_10",0.997973
"1851_10",0.994749
"3673_10",0.998636
"9037_3",0.040617
"8547_10",0.997242
"111_10",0.988939
"5279_9",0.996392
"2379_9",0.178597
"6000_10",0.995226
"990_7",0.907926
"1519_9",0.997753
"5987_7",0.993819
"2959_7",0.984109
"8898_2",0.001598
"5746_10",0.995785
"6268_8",0.990025
"5449_7",0.029873
"5561_1",0.000885
"11470_3",0.001302
"11837_1",0.007432
"6761_10",0.996047
"1590_1",0.001197
"927_10",0.993938
"1495_9",0.993795
"10529_7",0.967778
"7704_2",0.003148
"10707_3",0.004023
"3862_1",0.001410
"3612_7",0.990441
"8212_2",0.001380
"10649_10",0.995444
"9767_1",0.002157
"4054_3",0.003456
"9783_3",0.004886
"3116_2",0.009179
"4631_10",0.996954
"7228_1",0.005180
"2744_8",0.960510
"6028_10",0.997290
"10812_9",0.991356
"417_10",0.997253
"11876_10",0.996392
"946_7",0.994850
"8265_10",0.996752
"6833_10",0.995898
"4150_4",0.002261
"899_9",0.951953
"223_10",0.985286
"7369_3",0.003267
"5075_8",0.987326
"6634_1",0.000873
"3486_8",0.992539
"11473_1",0.034294
"3276_10",0.997717
"3272_2",0.173989
"2727_3",0.019457
"4134_7",0.514400
"5744_3",0.002689
"8715_1",0.003034
"4812_1",0.000809
"6841_1",0.000858
"6822_1",0.147740
"3211_4",0.005664
"5489_2",0.002243
"1168_1",0.000828
"3056_9",0.955319
"4516_10",0.997394
"9542_1",0.001116
"4400_10",0.996943
"2766_10",0.997205
"6470_8",0.993612
"5434_1",0.260248
"1406_4",0.026912
"11479_8",0.997399
"9881_10",0.905406
"10276_1",0.001082
"2875_8",0.990006
"1254_2",0.017952
"8017_10",0.995532
"9694_10",0.990786
"9522_1",0.014241
"11379_2",0.040125
"7357_10",0.993867
"6080_9",0.995842
"2039_10",0.997608
"7086_8",0.996235
"4757_10",0.998008
"2472_10",0.988062
"9442_1",0.000752
"12438_10",0.988896
"747_8",0.983723
"6786_4",0.081374
"11942_8",0.993002
"8611_9",0.996116
"9240_8",0.994077
"7411_4",0.000964
"5196_4",0.001105
"5709_3",0.003363
"6758_3",0.003945
"1933_9",0.994477
"4464_8",0.996031
"11100_9",0.995497
"3636_10",0.993499
"12328_1",0.008316
"6783_4",0.004915
"11381_10",0.996489
"4509_3",0.012649
"4775_7",0.616099
"10633_8",0.979315
"9161_1",0.001294
"2277_8",0.997753
"7402_10",0.081009
"2713_1",0.000828
"1312_1",0.000977
"3633_1",0.078713
"8943_10",0.997933
"11734_3",0.090173
"12120_7",0.988536
"6285_1",0.009888
"9296_1",0.000820
"8696_9",0.997608
"7243_10",0.996286
"10135_8",0.963609
"6094_10",0.991136
"6962_4",0.689815
"3916_1",0.001421
"3650_10",0.942029
"58_8",0.997884
"10858_1",0.001069
"11894_8",0.995462
"759_1",0.004896
"10311_1",0.043285
"1127_10",0.993973
"6723_7",0.997127
"4966_7",0.995254
"7196_4",0.523238
"6244_1",0.001949
"9510_10",0.997809
"3471_10",0.997269
"9840_2",0.026330
"11886_9",0.991406
"7880_10",0.993698
"6358_10",0.997556
"6280_2",0.008454
"2580_3",0.001516
"122_4",0.017969
"5713_2",0.001383
"7187_7",0.883939
"8601_8",0.996385
"52_10",0.998581
"2447_7",0.952530
"4828_4",0.001364
"5371_1",0.001472
"5066_1",0.001751
"12184_2",0.002834
"85_2",0.006824
"10067_7",0.995075
"3999_9",0.996721
"11623_10",0.994969
"10826_4",0.001871
"3780_1",0.002710
"10195_1",0.001901
"7875_4",0.006811
"8510_4",0.059319
"9916_2",0.001221
"10023_4",0.132683
"6870_8",0.993056
"4753_9",0.995938
"11120_7",0.974410
"2516_10",0.722086
"1719_10",0.995254
"4426_4",0.014064
"7835_7",0.824002
"5148_7",0.681256
"2997_7",0.255344
"2211_7",0.992481
"626_4",0.051225
"779_1",0.142829
"9712_10",0.988668
"1504_9",0.995435
"8903_3",0.013402
"359_7",0.933734
"7465_7",0.996990
"10966_2",0.002369
"8227_2",0.037503
"10746_2",0.012300
"10356_1",0.037715
"12286_1",0.001701
"11128_7",0.980803
"12489_3",0.098123
"1264_1",0.000785
"3871_10",0.996931
"9248_10",0.966188
"3094_4",0.739658
"7472_9",0.994719
"3537_2",0.010111
"9727_2",0.002095
"5453_8",0.991238
"2283_10",0.989296
"7533_2",0.001835
"6468_1",0.001501
"12274_9",0.993831
"10713_3",0.004858
"8518_7",0.994008
"1838_10",0.994626
"5304_1",0.001522
"4227_1",0.007389
"5342_9",0.997532
"1754_8",0.984516
"4800_1",0.012456
"10717_3",0.003594
"1919_1",0.000880
"6851_7",0.960138
"322_8",0.856152
"3028_4",0.051225
"7463_2",0.026081
"7999_1",0.001372
"3036_1",0.002468
"11154_7",0.885037
"10501_1",0.099426
"12272_8",0.995151
"1738_8",0.995417
"3242_1",0.001099
"6178_4",0.015469
"3405_4",0.273308
"4663_7",0.991860
"11348_1",0.002924
"7304_1",0.001629
"2962_1",0.002673
"11701_8",0.986017
"9354_9",0.997332
"9846_7",0.988863
"12496_10",0.869659
"5652_1",0.006463
"7371_9",0.990478
"10131_3",0.015277
"9826_4",0.010714
"6141_10",0.997116
"7472_3",0.002401
"2622_8",0.703231
"10281_9",0.997138
"8668_2",0.000966
"2348_9",0.994636
"12047_2",0.002652
"11373_10",0.993587
"4254_1",0.001247
"524_1",0.005786
"5808_1",0.002817
"515_1",0.004915
"6414_9",0.993902
"8938_8",0.996235
"12391_8",0.997389
"776_8",0.997306
"12197_7",0.986866
"4582_1",0.736543
"3638_10",0.997042
"6338_3",0.209753
"1165_2",0.003167
"5574_1",0.073663
"7319_2",0.000851
"595_10",0.992711
"6694_1",0.001490
"12209_3",0.016882
"3268_10",0.980543
"12492_4",0.020725
"4738_10",0.987935
"947_3",0.001118
"7726_10",0.993255
"94_10",0.929344
"11760_1",0.028087
"10978_10",0.995575
"10072_1",0.000953
"2346_10",0.996978
"5008_9",0.996966
"5135_2",0.001067
"7979_3",0.986363
"10863_10",0.984635
"2862_9",0.962321
"7562_9",0.998380
"8023_4",0.010530
"341_9",0.994790
"6321_4",0.015087
"9936_1",0.060780
"9581_10",0.997348
"3750_2",0.009232
"8298_2",0.007793
"5900_10",0.997138
"6308_1",0.001080
"1609_10",0.995523
"11054_1",0.001546
"7031_3",0.001026
"9507_9",0.996190
"3121_1",0.004142
"7521_1",0.001620
"4830_1",0.002828
"6686_2",0.001351
"1618_10",0.132346
"2190_10",0.996146
"6943_8",0.991339
"1385_7",0.993372
"544_8",0.951997
"3225_10",0.996047
"1044_3",0.001179
"11691_7",0.765177
"6124_3",0.073596
"7326_1",0.000957
"1471_10",0.995882
"5010_1",0.001595
"2695_9",0.991636
"1222_2",0.015087
"1012_8",0.044806
"5459_1",0.001464
"4734_1",0.000868
"3138_8",0.996093
"5674_7",0.994584
"6815_1",0.002704
"8285_10",0.998004
"5504_10",0.994380
"6800_4",0.004574
"5292_10",0.995643
"5121_1",0.011072
"9861_1",0.317415
"2645_10",0.997659
"9422_7",0.975946
"5144_1",0.000748
"3877_9",0.994077
"7822_8",0.998522
"3324_2",0.001564
"5559_3",0.007177
"9969_3",0.011869
"2296_2",0.021369
"10021_9",0.995809
"11111_1",0.000766
"1371_1",0.001478
"4321_9",0.955527
"9706_7",0.993268
"11782_1",0.001636
"141_1",0.042325
"3106_7",0.982100
"1817_10",0.997717
"4508_10",0.996778
"10922_3",0.003961
"2304_7",0.975202
"2229_4",0.012983
"4283_9",0.994031
"9087_2",0.046206
"6003_9",0.994615
"12126_8",0.997419
"6067_10",0.996870
"8714_9",0.993255
"11932_1",0.002420
"2293_8",0.995309
"6184_8",0.215433
"8448_2",0.099426
"8269_3",0.001711
"7495_7",0.985482
"8282_10",0.993410
"2351_7",0.871748
"11688_7",0.991221
"3805_8",0.903890
"5158_1",0.000883
"12476_8",0.992640
"8265_1",0.050518
"2194_10",0.996530
"3465_3",0.001968
"5234_10",0.995710
"6903_10",0.945248
"8085_1",0.017883
"869_7",0.984723
"12034_1",0.000775
"6297_10",0.996604
"3194_1",0.001367
"8725_1",0.057019
"9563_10",0.993096
"11075_1",0.000826
"5734_10",0.996242
"5357_2",0.000920
"6453_10",0.995652
"3263_3",0.028898
"12360_7",0.977756
"6477_1",0.005090
"11863_8",0.934275
"8459_3",0.060114
"10594_10",0.993624
"2237_1",0.008779
"7511_7",0.970660
"3626_3",0.045310
"6288_2",0.001555
"125_7",0.962285
"3318_7",0.522629
"5525_7",0.946646
"9695_1",0.002023
"5917_8",0.992289
"8486_7",0.713232
"6032_3",0.025933
"7759_9",0.994467
"3456_10",0.998542
"1692_3",0.005170
"2107_3",0.002642
"11215_2",0.007461
"1309_7",0.994810
"6650_8",0.997215
"5722_9",0.993294
"4479_4",0.022117
"347_7",0.979803
"9399_10",0.996321
"2475_1",0.054955
"8229_3",0.156685
"4869_2",0.002715
"9691_1",0.001604
"1227_3",0.003824
"360_3",0.023848
"10047_1",0.000775
"1607_3",0.009047
"797_1",0.002256
"9489_2",0.003758
"1742_7",0.976129
"10531_3",0.115911
"4947_1",0.006413
"10873_8",0.961642
"1429_7",0.992597
"10962_3",0.001744
"3305_4",0.025420
"12160_8",0.974483
"9236_1",0.002502
"3718_1",0.021574
"3434_8",0.994499
"10933_8",0.995151
"798_10",0.994020
"9879_9",0.509764
"6644_10",0.994584
"10978_1",0.001176
"7867_2",0.008487
"4369_2",0.001356
"1251_4",0.012135
"1500_2",0.004134
"7574_10",0.993891
"5470_1",0.001269
"2407_10",0.759538
"3451_3",0.006327
"9385_1",0.001800
"4078_8",0.944280
"3229_1",0.001984
"1786_8",0.988745
"5173_2",0.057493
"1211_8",0.834609
"4303_1",0.007461
"6011_3",0.033180
"4513_4",0.029063
"11745_9",0.996510
"9675_9",0.989592
"11981_3",0.001513
"5977_10",0.991636
"5023_4",0.019644
"8704_9",0.996420
"8644_10",0.986017
"10557_3",0.000876
"6549_7",0.996249
"5557_3",0.004574
"6402_2",0.014186
"2642_4",0.001114
"11796_10",0.917043
"7102_1",0.001069
"7968_8",0.994860
"11764_7",0.837021
"9415_9",0.997627
"4817_8",0.997183
"1007_4",0.004070
"10943_9",0.975367
"7280_10",0.997993
"6068_2",0.008661
"845_10",0.902738
"8377_3",0.001014
"8445_9",0.997464
"563_4",0.921428
"8761_9",0.995170
"1552_1",0.000874
"9630_1",0.001221
"6444_7",0.915771
"3188_1",0.001030
"2142_4",0.061706
"2045_10",0.993636
"2477_10",0.987664
"2597_1",0.001160
"3137_8",0.993242
"1345_1",0.027901
"8498_7",0.994531
"6550_4",0.641128
"9583_9",0.994840
"7506_7",0.991136
"9316_7",0.934215
"11473_10",0.997474
"3003_10",0.987911
"8532_7",0.875574
"5654_1",0.008711
"822_10",0.256762
"1312_10",0.998534
"9665_4",0.094093
"4442_10",0.995479
"11758_7",0.991322
"11185_1",0.072604
"11588_3",0.000920
"3366_10",0.997551
"7050_8",0.939803
"4778_4",0.001510
"1_3",0.008805
"2838_2",0.003273
"6910_8",0.932145
"3257_8",0.994667
"9111_7",0.996462
"6458_7",0.978156
"5622_8",0.979609
"12469_7",0.988657
"9670_10",0.996870
"8092_4",0.005775
"1683_9",0.880026
"6181_4",0.086980
"8965_8",0.982490
"5186_1",0.000801
"1250_2",0.000820
"4705_10",0.997981
"10261_8",0.994203
"350_4",0.641429
"12302_3",0.000933
"776_1",0.182826
"7424_10",0.995408
"10383_8",0.992947
"360_9",0.995618
"5798_10",0.995318
"10720_4",0.100525
"6009_8",0.995114
"2319_8",0.995882
"7053_10",0.995592
"11210_8",0.997116
"1985_10",0.993029
"6056_1",0.001449
"10315_1",0.007317
"9_4",0.063832
"6530_4",0.039565
"1367_10",0.695597
"4564_2",0.000981
"4343_10",0.956715
"654_3",0.042762
"4857_1",0.001051
"1377_10",0.989722
"8072_10",0.997093
"11433_7",0.994456
"6586_1",0.001558
"10255_1",0.056914
"350_10",0.984942
"6853_8",0.995850
"3693_10",0.996978
"2589_10",0.993229
"895_1",0.000945
"6854_7",0.996733
"1274_2",0.001461
"9179_8",0.997965
"10141_8",0.762247
"10727_9",0.998636
"1158_7",0.989347
"9949_3",0.001522
"7798_10",0.995652
"5964_7",0.980413
"11221_10",0.998786
"3053_3",0.009624
"8817_9",0.962532
"5850_2",0.000712
"9635_3",0.007121
"5000_10",0.993855
"10040_2",0.017078
"3065_1",0.026181
"2196_1",0.023939
"12428_7",0.905948
"8454_1",0.011519
"11456_10",0.994605
"5918_4",0.007681
"10687_7",0.994100
"10507_7",0.448245
"9051_8",0.955610
"6315_4",0.011755
"11266_10",0.995426
"5890_3",0.007432
"6257_8",0.987794
"2923_8",0.994959
"2952_1",0.001006
"7269_8",0.997290
"1116_1",0.001158
"11084_1",0.000902
"10287_1",0.001078
"5704_9",0.990254
"11218_8",0.996161
"12275_2",0.073763
"1414_4",0.005480
"7998_4",0.039862
"3286_1",0.001328
"2515_1",0.003197
"851_1",0.005764
"5181_10",0.998791
"5358_9",0.995085
"2677_10",0.993661
"34_8",0.996996
"9232_8",0.954816
"5835_10",0.995549
"10796_4",0.815085
"5553_8",0.997150
"666_4",0.006169
"9450_1",0.001129
"10820_8",0.996623
"7994_10",0.993176
"8948_9",0.997161
"3301_2",0.003869
"2801_1",0.000985
"4934_2",0.000758
"1539_10",0.997551
"10949_4",0.002011
"4394_10",0.997368
"4098_8",0.071429
"1617_7",0.709636
"9569_3",0.059921
"8593_1",0.028871
"3449_1",0.001086
"8372_1",0.000769
"815_7",0.894098
"348_7",0.401248
"7220_1",0.002521
"2633_1",0.002867
"1752_3",0.185393
"3347_2",0.006253
"4967_7",0.991032
"10910_8",0.996790
"3147_1",0.008220
"7791_4",0.029563
"1588_7",0.987544
"8405_2",0.001707
"3826_10",0.993807
"3178_2",0.002993
"4420_4",0.920576
"246_2",0.002071
"8462_7",0.996489
"8264_3",0.008813
"2695_3",0.008728
"7258_4",0.141994
"5787_8",0.991652
"11668_2",0.001086
"5529_4",0.994402
"8923_2",0.001879
"4784_1",0.001555
"7730_1",0.796886
"4455_4",0.022053
"6416_1",0.002845
"87_1",0.001176
"9548_8",0.997434
"1285_1",0.000853
"7695_10",0.994790
"4364_10",0.997876
"9394_8",0.898232
"1253_1",0.002341
"2481_1",0.055515
"6790_1",0.002873
"9989_10",0.997199
"1483_8",0.994989
"8772_1",0.001226
"2993_10",0.992047
"1801_1",0.047603
"9434_1",0.002627
"7938_10",0.997429
"2262_1",0.001354
"5076_1",0.000820
"10994_2",0.001433
"4749_7",0.994820
"8309_8",0.790894
"7031_10",0.997290
"2711_3",0.004628
"8655_7",0.994270
"11329_4",0.996039
"9076_3",0.075961
"11647_10",0.991305
"7934_1",0.003154
"9114_1",0.001279
"6510_7",0.965738
"11487_1",0.000853
"2348_3",0.026406
"12325_1",0.002332
"6405_10",0.981771
"357_7",0.997722
"12253_10",0.990459
"4927_10",0.990273
"8636_1",0.001310
"11184_10",0.996597
"9974_3",0.033876
"6516_1",0.290100
"2167_9",0.982741
"10794_10",0.997474
"966_4",0.013121
"10040_10",0.994830
"5940_9",0.210401
"9181_8",0.995514
"2196_8",0.996597
"6361_4",0.004737
"4243_9",0.986191
"581_9",0.997622
"7195_1",0.002790
"2986_10",0.995826
"4344_1",0.000911
"7176_10",0.995217
"7857_10",0.996093
"6487_1",0.001576
"3692_10",0.996778
"12198_10",0.991153
"10569_7",0.996343
"9850_2",0.496277
"6415_1",0.001059
"6373_10",0.995558
"5103_1",0.029760
"11048_8",0.997144
"2055_1",0.001871
"2920_1",0.001510
"8667_3",0.007163
"7059_3",0.185652
"3887_2",0.014644
"12356_10",0.516900
"5402_2",0.049543
"10274_8",0.979707
"11831_4",0.021145
"5375_7",0.990786
"7875_7",0.895796
"2733_8",0.982203
"6420_8",0.993096
"2240_10",0.683426
"10627_9",0.984679
"7319_8",0.993649
"7782_1",0.001170
"857_1",0.000940
"351_4",0.994969
"9260_10",0.957517
"6891_10",0.996882
"8205_10",0.859074
"1179_3",0.006278
"9061_4",0.060418
"3571_9",0.996784
"11352_9",0.997753
"11770_10",0.998329
"10714_2",0.064831
"5397_3",0.014172
"2360_1",0.000838
"9459_4",0.976891
"7493_1",0.030015
"6799_10",0.998405
"2313_8",0.982608
"7602_10",0.996846
"1731_10",0.990178
"8502_10",0.989501
"5632_1",0.000810
"3723_10",0.995549
"6473_3",0.079389
"3596_3",0.000981
"8583_7",0.988668
"10902_1",0.003350
"1032_1",0.167695
"2931_1",0.001595
"9930_3",0.002621
"11825_10",0.996496
"5384_10",0.938857
"2492_4",0.021166
"5008_4",0.024168
"7334_4",0.005120
"10082_8",0.636918
"1395_1",0.001158
"8140_7",0.165661
"2400_8",0.998448
"11462_2",0.001287
"6632_10",0.996307
"11499_3",0.006745
"5576_1",0.006706
"1172_7",0.996146
"3053_8",0.996271
"4119_1",0.001761
"8165_2",0.004746
"8333_8",0.988558
"2242_1",0.000849
"6132_1",0.001028
"12270_9",0.997893
"11456_4",0.006451
"6898_1",0.001540
"2512_2",0.002075
"7045_7",0.992437
"2808_4",0.003222
"6257_4",0.000893
"1971_7",0.995189
"10565_10",0.997394
"930_10",0.995027
"196_9",0.994236
"6535_1",0.001123
"5257_1",0.001320
"6759_4",0.035278
"5016_2",0.000804
"10959_1",0.008925
"4450_10",0.996413
"6678_10",0.997668
"11286_8",0.996990
"7200_8",0.997537
"6660_7",0.993423
"12481_10",0.998259
"10278_4",0.009784
"6233_8",0.993661
"579_1",0.006074
"8519_3",0.011442
"1220_10",0.996577
"2342_10",0.997327
"1860_1",0.003707
"7273_3",0.281937
"4653_2",0.031589
"6878_4",0.012528
"502_7",0.984032
"2406_2",0.001537
"2021_1",0.000779
"874_8",0.992154
"4949_2",0.043406
"5054_3",0.018177
"689_7",0.993216
"9643_7",0.996907
"6445_3",0.022803
"2377_9",0.960878
"6107_8",0.974725
"10368_8",0.998073
"10444_1",0.001302
"5498_1",0.004323
"1018_7",0.995938
"2718_9",0.173323
"2418_2",0.024563
"7412_7",0.144269
"213_10",0.963334
"9417_2",0.001694
"1194_2",0.000873
"9366_8",0.996138
"4769_1",0.000763
"6667_9",0.996858
"9361_2",0.009756
"2182_8",0.994292
"10677_4",0.923627
"3931_10",0.818047
"120_9",0.996483
"10837_10",0.996271
"10830_1",0.001138
"3679_2",0.008421
"9094_9",0.987302
"7880_2",0.026330
"4969_9",0.996682
"3418_3",0.001394
"5490_4",0.045863
"264_10",0.997150
"1602_10",0.996329
"5019_9",0.954478
"12000_9",0.996350
"10794_4",0.011158
"2504_3",0.651327
"12340_4",0.011486
"7732_2",0.017695
"2028_1",0.001020
"3986_4",0.001010
"5100_10",0.997122
"2135_1",0.001908
"10227_7",0.991716
"4413_1",0.061876
"5205_2",0.001127
"45_9",0.995254
"12151_10",0.996108
"11055_1",0.006217
"2632_9",0.995858
"7047_3",0.003622
"1915_1",0.001549
"9666_10",0.996708
"10027_1",0.001761
"11024_2",0.001835
"6482_7",0.993891
"8060_3",0.004417
"9876_8",0.975060
"3839_1",0.000858
"3682_9",0.996434
"5962_3",0.014957
"222_3",0.000947
"10460_10",0.996907
"8543_1",0.004691
"9443_1",0.000807
"10201_1",0.994830
"5046_9",0.996161
"5899_1",0.018547
"10140_1",0.002035
"5009_1",0.010428
"4626_8",0.997327
"9033_10",0.997817
"3243_9",0.996205
"6379_1",0.013338
"4949_8",0.997424
"6119_10",0.996695
"10336_7",0.996669
"7344_1",0.001519
"3294_7",0.995309
"4385_2",0.001671
"2172_9",0.996721
"8295_3",0.000893
"1031_10",0.995635
"7577_10",0.996321
"6778_4",0.006169
"3154_2",0.004755
"9585_7",0.992408
"3445_2",0.002616
"7416_3",0.632503
"9780_10",0.997921
"480_10",0.997373
"837_4",0.024822
"10166_8",0.996242
"3695_7",0.368377
"12417_9",0.679760
"3932_3",0.015380
"11790_3",0.004839
"6917_9",0.996307
"1975_4",0.145965
"11249_10",0.019179
"7366_7",0.990348
"4579_8",0.996895
"8415_10",0.997981
"2004_1",0.015189
"7599_3",0.001758
"12259_8",0.283409
"11005_7",0.992683
"11914_7",0.963472
"8498_1",0.000999
"944_2",0.000972
"7183_10",0.997993
"4422_10",0.997110
"6791_10",0.992668
"9286_1",0.001364
"3325_10",0.996469
"5599_2",0.001172
"3064_1",0.005070
"209_4",0.002019
"1904_10",0.940079
"10699_3",0.025492
"577_3",0.003160
"3157_1",0.025712
"1582_2",0.003173
"8044_2",0.009737
"11208_1",0.023420
"4708_3",0.084758
"10439_8",0.993795
"11083_7",0.847968
"8066_3",0.001131
"11327_8",0.996070
"9224_1",0.177989
"2165_8",0.887497
"9892_10",0.997253
"4402_1",0.000868
"11804_10",0.994890
"1296_8",0.995066
"10562_1",0.002867
"5003_10",0.988755
"10448_1",0.000933
"3274_7",0.990821
"6344_4",0.036735
"8129_4",0.026456
"9525_2",0.001245
"661_1",0.000822
"9398_3",0.013703
"3639_7",0.997695
"5527_7",0.979570
"7790_3",0.024423
"9550_1",0.014771
"2042_3",0.001927
"366_1",0.001957
"8446_3",0.149500
"7859_1",0.002337
"5587_3",0.019757
"10604_3",0.001507
"5245_1",0.002256
"804_8",0.951774
"9098_3",0.005160
"6240_10",0.998427
"3960_10",0.979861
"10536_8",0.997659
"8793_1",0.001768
"1586_1",0.001299
"7131_9",0.990404
"11338_9",0.989551
"1053_4",0.009349
"11170_4",0.084568
"6806_1",0.004031
"3741_4",0.057865
"1231_7",0.993448
"5499_8",0.996469
"12452_3",0.135690
"5331_9",0.996721
"3302_7",0.533944
"6214_8",0.993512
"6908_1",0.001136
"8510_8",0.954223
"10522_10",0.997082
"2844_2",0.024215
"11797_3",0.013236
"11237_10",0.992199
"6762_3",0.002341
"897_1",0.000944
"10312_9",0.985314
"10272_1",0.001919
"10814_9",0.990121
"4504_1",0.006771
"9389_9",0.987759
"9035_1",0.000892
"11306_1",0.000904
"6309_4",0.036873
"5179_10",0.993410
"6099_4",0.002187
"887_8",0.996307
"10220_10",0.997110
"286_10",0.945801
"5809_10",0.995354
"7725_3",0.002862
"9722_7",0.992795
"9104_7",0.341267
"7313_7",0.994860
"1706_1",0.001464
"11737_4",0.053059
"11203_10",0.993961
"7767_4",0.004646
"1822_1",0.000792
"5113_8",0.985215
"5456_9",0.990422
"6005_1",0.013663
"2026_2",0.000801
"1379_1",0.005271
"3048_10",0.997082
"5070_10",0.790692
"8985_1",0.000957
"1643_1",0.031499
"400_1",0.000719
"7546_10",0.984139
"3438_4",0.024400
"12136_8",0.479626
"6850_2",0.322886
"9054_8",0.872184
"1555_10",0.997603
"7103_1",0.002091
"6218_1",0.001498
"1619_3",0.001490
"5187_8",0.994708
"8575_2",0.002269
"1593_10",0.997343
"3910_1",0.002383
"5743_10",0.997636
"3061_8",0.963780
"9633_8",0.997774
"2488_9",0.985086
"11711_4",0.001648
"11282_10",0.990892
"8919_10",0.998319
"6139_10",0.995345
"8032_1",0.003552
"4287_4",0.002458
"11044_1",0.004915
"11123_8",0.994563
"1828_9",0.996714
"4232_3",0.001629
"7258_9",0.998606
"1078_4",0.014800
"9967_10",0.989957
"4975_3",0.001134
"9974_8",0.979136
"424_2",0.000975
"7181_9",0.980337
"10703_3",0.014814
"3157_10",0.998161
"11096_10",0.995601
"2185_10",0.997589
"2779_4",0.107437
"9342_1",0.000789
"3615_8",0.996476
"6777_10",0.997002
"5440_8",0.993636
"706_1",0.018387
"5909_8",0.994434
"9578_3",0.013287
"3393_4",0.003063
"428_3",0.070081
"651_9",0.996778
"12433_8",0.984811
"8643_4",0.059210
"5826_10",0.997753
"4060_1",0.001857
"3310_8",0.956836
"8941_3",0.153708
"11493_7",0.991406
"7896_8",0.993636
"541_7",0.994247
"10614_1",0.037999
"3751_1",0.004182
"7851_8",0.992274
"5940_1",0.026658
"911_1",0.001012
"1233_1",0.003566
"4995_1",0.002387
"2771_9",0.992525
"5085_8",0.935582
"6521_8",0.988447
"8106_3",0.006850
"2962_7",0.476762
"1621_9",0.996727
"4981_8",0.987351
"11884_2",0.000964
"6038_10",0.994594
"7118_10",0.996577
"10365_1",0.001325
"677_9",0.994780
"95_10",0.998502
"8211_3",0.124639
"11906_8",0.992510
"3038_2",0.001923
"10503_1",0.000987
"11260_4",0.005374
"11333_3",0.001002
"6954_10",0.996727
"143_8",0.734429
"6458_3",0.006476
"8784_2",0.001165
"2604_1",0.008839
"4374_9",0.995435
"1323_3",0.039900
"2647_2",0.056340
"363_3",0.009403
"7556_1",0.103295
"11101_4",0.037362
"8945_7",0.990839
"10630_4",0.001240
"11174_8",0.996257
"7927_3",0.001648
"8433_1",0.000918
"8814_1",0.001495
"11746_8",0.997404
"2462_10",0.996740
"10036_1",0.000785
"10628_1",0.003370
"4782_1",0.001176
"11244_8",0.909305
"4815_1",0.002314
"6974_7",0.996656
"10180_1",0.001127
"3538_1",0.001731
"9319_9",0.994520
"3542_2",0.001402
"5583_1",0.000947
"215_8",0.982440
"6949_1",0.000833
"11401_10",0.995345
"3468_4",0.010121
"9478_7",0.990910
"12368_2",0.005934
"7534_4",0.029845
"9256_2",0.121113
"2192_10",0.996249
"10617_3",0.014365
"1464_1",0.001008
"969_4",0.002806
"702_7",0.990892
"470_10",0.998522
"2575_1",0.003643
"3059_2",0.002296
"7229_3",0.012194
"7437_3",0.040999
"2560_7",0.978343
"8444_4",0.004839
"1900_4",0.892890
"9057_4",0.042048
"10101_4",0.002742
"4914_2",0.001042
"11896_4",0.073297
"10430_1",0.002704
"786_3",0.004408
"9834_1",0.153074
"2040_1",0.000945
"1435_3",0.023021
"168_8",0.951278
"6504_9",0.994225
"3677_1",0.000722
"3652_10",0.998211
"9821_10",0.997373
"8695_8",0.991985
"5728_10",0.995752
"2856_8",0.994358
"11548_3",0.022329
"9435_7",0.936576
"7910_2",0.015679
"4658_7",0.954436
"10111_1",0.001118
"12306_1",0.001665
"6380_9",0.993926
"3507_10",0.995497
"11085_7",0.997368
"4268_8",0.996242
"1702_2",0.004118
"3045_9",0.997905
"3338_2",0.007205
"9288_8",0.994870
"1580_8",0.996070
"11976_10",0.860545
"9216_1",0.001065
"2015_10",0.998358
"7665_2",0.009047
"10545_2",0.007121
"3819_4",0.254439
"8005_10",0.988234
"772_1",0.000841
"3882_3",0.002383
"9001_8",0.997221
"3000_1",0.001697
"3357_4",0.014686
"2559_4",0.074366
"2178_4",0.026181
"2249_9",0.996307
"9616_10",0.997917
"11797_9",0.997859
"9061_10",0.996656
"10994_10",0.994402
"1076_3",0.003099
"10774_2",0.004357
"10983_10",0.995075
"9271_10",0.996663
"3205_9",0.998070
"4987_4",0.119819
"10926_1",0.006205
"9150_8",0.452052
"614_2",0.001968
"12332_4",0.207375
"9100_2",0.005653
"10499_8",0.010766
"6143_9",0.991764
"4113_8",0.981221
"4705_4",0.019142
"3115_1",0.002305
"1041_2",0.001391
"11601_9",0.968081
"11045_8",0.995399
"10615_8",0.656827
"7631_7",0.985356
"11829_3",0.004619
"6941_1",0.001424
"112_10",0.987179
"4220_8",0.473109
"2812_10",0.993268
"10221_2",0.004905
"1944_9",0.261449
"5866_8",0.992668
"11615_1",0.003824
"3066_10",0.995133
"5757_3",0.001957
"10569_1",0.000724
"10633_3",0.002541
"58_3",0.004015
"1126_10",0.996406
"4357_10",0.997813
"6768_4",0.057758
"11354_10",0.997464
"6412_10",0.996024
"7547_1",0.007475
"5198_10",0.997949
"5697_3",0.096962
"9757_3",0.001821
"8034_3",0.001158
"8612_8",0.992851
"8691_7",0.853241
"6731_3",0.025982
"12190_1",0.001044
"3180_1",0.000760
"11068_10",0.995906
"3752_4",0.017780
"1995_3",0.163746
"5517_10",0.996503
"6532_9",0.996024
"4435_1",0.016466
"5527_4",0.031529
"5059_4",0.003643
"12044_4",0.058346
"3479_3",0.058453
"8399_8",0.945298
"8897_7",0.996771
"8342_9",0.507446
"7018_3",0.001092
"2497_7",0.838084
"10152_1",0.005170
"11583_4",0.074265
"3156_10",0.833426
"5259_4",0.004126
"2581_1",0.011699
"5224_7",0.878419
"9024_3",0.009349
"8026_10",0.995735
"9588_3",0.012552
"11001_1",0.001154
"6432_9",0.996584
"8524_9",0.997876
"12457_3",0.001110
"8426_8",0.996948
"11355_10",0.995198
"10337_1",0.001020
"11911_3",0.019033
"2655_10",0.993843
"4265_3",0.026582
"6542_3",0.050565
"9681_1",0.006615
"287_8",0.966883
"1864_1",0.001860
"7655_4",0.189296
"3613_7",0.992865
"11041_1",0.046077
"12070_8",0.977735
"10856_10",0.998844
"7365_4",0.002541
"10025_8",0.659167
"4693_10",0.997537
"9580_7",0.994541
"4669_2",0.007247
"274_9",0.996984
"1570_2",0.030647
"11040_8",0.993123
"2243_7",0.247078
"7043_10",0.980747
"3719_2",0.000839
"7635_7",0.046378
"2327_2",0.025883
"4229_9",0.988668
"4121_3",0.003580
"6064_1",0.002637
"364_10",0.995946
"1161_10",0.997363
"463_1",0.000767
"9291_4",0.155046
"8827_1",0.002166
"2292_1",0.001042
"6935_9",0.781706
"9226_1",0.002019
"7612_4",0.351568
"8575_7",0.025517
"3475_1",0.003022
"1880_7",0.933309
"7265_7",0.997542
"8626_1",0.000909
"733_1",0.001086
"12100_10",0.995752
"1069_10",0.998858
"11364_10",0.993722
"5496_1",0.000804
"7253_1",0.001519
"3159_1",0.106226
"9131_10",0.996650
"413_4",0.951639
"10818_1",0.000902
"479_3",0.172764
"173_7",0.991780
"9522_10",0.996925
"333_10",0.997547
"2819_1",0.000807
"5723_8",0.958770
"99_10",0.998249
"7247_4",0.069321
"4711_9",0.995660
"8555_3",0.010033
"6330_10",0.997917
"8921_1",0.002627
"803_10",0.991860
"6219_1",0.001498
"10077_3",0.006413
"1274_7",0.995123
"2307_3",0.005719
"8114_8",0.996597
"1503_1",0.000831
"2004_10",0.984752
"712_3",0.008015
"557_4",0.079854
"9651_8",0.997059
"11701_4",0.032868
"6325_9",0.992947
"1684_1",0.000789
"1435_10",0.998073
"5754_10",0.988624
"12098_10",0.994749
"3707_10",0.997389
"2521_1",0.034848
"1793_1",0.003028
"2725_3",0.002581
"5051_8",0.996815
"2691_7",0.989771
"4111_10",0.993819
"3239_3",0.001160
"8124_8",0.993163
"4990_4",0.004223
"9565_9",0.996523
"6657_3",0.018600
"5882_4",0.008968
"8571_1",0.010348
"6815_10",0.998273
"487_10",0.198103
"11567_9",0.997937
"10631_1",0.001519
"7070_2",0.001097
"8708_10",0.996123
"1889_4",0.008000
"1838_3",0.001727
"6383_3",0.005900
"4735_9",0.990786
"11430_7",0.948823
"11590_1",0.001090
"11023_3",0.010704
"10870_8",0.991587
"6734_10",0.570002
"10174_1",0.001040
"7905_10",0.996610
"9555_4",0.019364
"6303_9",0.996925
"1426_1",0.001984
"5482_8",0.988874
"7605_2",0.001158
"10249_1",0.001449
"2466_1",0.007346
"4055_1",0.001267
"9839_8",0.789842
"3953_9",0.998405
"6563_4",0.075312
"10776_4",0.051797
"7596_2",0.001893
"10490_9",0.998519
"3800_1",0.001724
"10669_1",0.006603
"6276_8",0.971913
"3110_1",0.007475
"12434_1",0.003112
"10189_1",0.000789
"10639_4",0.069732
"7734_1",0.014757
"8763_4",0.112454
"2702_1",0.018942
"10179_1",0.026938
"2317_7",0.985271
"4677_8",0.994100
"11805_7",0.978508
"1339_2",0.005831
"9919_4",0.021471
"1425_8",0.987142
"3926_7",0.853425
"12395_10",0.996803
"6284_4",0.001864
"11069_1",0.001328
"4998_10",0.997722
"8055_2",0.007718
"9179_3",0.005523
"11577_10",0.988436
"1480_1",0.003057
"4561_10",0.995777
"4698_10",0.995969
"9312_1",0.000801
"6561_4",0.080141
"8353_10",0.998562
"11580_3",0.048541
"10536_2",0.018851
"957_10",0.996714
"1768_8",0.988842
"12197_1",0.003456
"11459_10",0.926237
"2271_3",0.002434
"6973_1",0.008140
"4199_8",0.985800
"6582_8",0.880848
"5843_1",0.004700
"4140_9",0.997722
"11105_3",0.001810
"2395_3",0.002387
"10715_9",0.997404
"6611_7",0.998368
"2043_7",0.995874
"2884_9",0.992510
"4946_8",0.814938
"9642_7",0.978915
"5211_1",0.001123
"10661_9",0.995601
"4368_10",0.843831
"12086_4",0.007778
"6465_8",0.992739
"4706_1",0.001886
"4694_10",0.783906
"12150_10",0.996752
"208_3",0.005051
"2587_3",0.006526
"2804_3",0.047736
"2837_3",0.001259
"11070_1",0.000866
"11909_4",0.017560
"9945_10",0.993333
"9281_9",0.992047
"8458_2",0.018869
"9882_2",0.000839
"172_7",0.992767
"7632_2",0.001197
"12246_9",0.994890
"3889_1",0.000854
"11140_4",0.127544
"5240_9",0.996752
"7965_4",0.065247
"3387_3",0.000760
"10817_4",0.004408
"3332_10",0.988131
"1156_9",0.994499
"6585_1",0.005809
"7931_3",0.002720
"8268_4",0.142113
"6443_10",0.946597
"373_10",0.994780
"5912_4",0.028789
"11475_7",0.915469
"10738_4",0.036016
"11175_10",0.997133
"9008_2",0.106458
"2218_3",0.031440
"585_10",0.998252
"3448_2",0.007511
"3860_8",0.958886
"8335_7",0.988960
"1907_1",0.002941
"9169_9",0.906860
"10375_8",0.996024
"10432_4",0.043204
"11399_1",0.004963
"3430_7",0.992093
"2859_4",0.085442
"3899_10",0.996300
"9648_8",0.995497
"9233_8",0.992319
"10574_10",0.997414
"3489_4",0.040503
"8115_8",0.998129
"11495_8",0.973266
"6885_7",0.612585
"1534_10",0.994169
"11721_9",0.996078
"11610_10",0.994434
"2712_8",0.990329
"3140_10",0.991875
"4880_10",0.966789
"1592_10",0.991969
"425_10",0.996307
"5798_1",0.000909
"2212_8",0.996093
"2685_3",0.003142
"9625_2",0.002425
"8492_7",0.972727
"4932_3",0.797675
"1704_3",0.039975
"301_4",0.072867
"2599_10",0.099558
"2364_4",0.007644
"2323_3",0.066116
"1885_8",0.898232
"1232_1",0.000874
"12055_1",0.000909
"2894_10",0.997739
"5347_3",0.896342
"1799_4",0.016293
"7460_9",0.920074
"8798_10",0.997188
"2134_4",0.076857
"2964_2",0.033780
"345_3",0.056548
"2670_8",0.995938
"10282_10",0.992823
"5587_8",0.790328
"6115_2",0.003357
"6974_1",0.009662
"8500_10",0.996469
"5073_8",0.920504
"5291_8",0.994820
"11728_7",0.849222
"3207_4",0.005220
"2553_8",0.997226
"10896_10",0.997007
"9321_2",0.005281
"1484_4",0.006732
"2106_2",0.006229
"5487_4",0.002071
"4835_10",0.544499
"1023_3",0.037786
"11524_10",0.996682
"10672_7",0.860896
"9769_3",0.004023
"590_7",0.993002
"11530_3",0.001228
"349_2",0.012100
"2165_4",0.043244
"1574_9",0.989692
"2792_1",0.000853
"980_2",0.001223
"5745_7",0.968886
"4323_7",0.968768
"11569_7",0.967287
"3637_1",0.004158
"4511_1",0.003751
"8404_10",0.996350
"8947_4",0.260625
"12317_10",0.997523
"3927_4",0.012372
"461_8",0.996840
"11651_2",0.000933
"7697_4",0.006758
"7799_10",0.995180
"2111_8",0.995047
"9745_7",0.995635
"4419_4",0.022868
"9337_4",0.126785
"3908_10",0.994708
"9211_3",0.019234
"489_1",0.105303
"9229_8",0.208501
"381_1",0.000925
"1355_7",0.982724
"12100_1",0.011575
"6126_4",0.008156
"8315_8",0.995272
"7513_10",0.987747
"5547_1",0.163546
"8050_1",0.001430
"7332_1",0.005631
"9044_8",0.997617
"8491_1",0.053502
"1919_8",0.997409
"4076_7",0.962568
"9251_2",0.042009
"7325_10",0.994314
"177_8",0.982083
"8104_4",0.009090
"919_4",0.002071
"9417_8",0.995930
"9440_9",0.995626
"11105_9",0.996852
"7670_10",0.975878
"7404_8",0.989409
"5120_2",0.006564
"10153_1",0.001158
"1763_10",0.995189
"9316_4",0.748421
"6396_8",0.988154
"8865_10",0.998396
"4552_8",0.469581
"874_4",0.008695
"6690_2",0.000866
"11970_3",0.169063
"1202_4",0.305160
"6024_1",0.001782
"10117_9",0.995142
"9511_1",0.006278
"2314_10",0.992319
"6053_3",0.001207
"10165_2",0.020725
"8410_2",0.011755
"1457_1",0.005544
"9651_3",0.005406
"537_2",0.001534
"7191_3",0.082586
"10258_8",0.993562
"4774_8",0.950273
"3560_8",0.990197
"5960_1",0.001131
"881_4",0.118283
"2420_1",0.000979
"4959_4",0.004709
"7138_1",0.000866
"9317_10",0.992062
"5454_4",0.002806
"7450_9",0.995985
"9679_10",0.994989
"10988_3",0.005200
"2932_3",0.081923
"10110_1",0.001501
"9165_2",0.001238
"11712_2",0.001853
"8979_1",0.000918
"12426_3",0.010479
"1630_7",0.984796
"11990_10",0.903337
"5395_10",0.998235
"896_1",0.000849
"11463_9",0.995161
"7096_1",0.000989
"6198_10",0.997575
"8141_10",0.997306
"2650_10",0.992334
"12337_9",0.995497
"1995_10",0.988820
"6349_1",0.000977
"12270_2",0.000775
"12494_2",0.004232
"7081_4",0.322428
"3010_7",0.135518
"2924_2",0.006364
"3185_10",0.996100
"1377_2",0.035112
"4858_3",0.025565
"4351_3",0.007808
"6865_2",0.001475
"9527_3",0.001264
"6223_7",0.951142
"11598_4",0.188847
"10605_1",0.001024
"4609_2",0.000962
"3736_7",0.997603
"5615_1",0.003722
"11109_7",0.439417
"3924_3",0.013742
"7452_1",0.229967
"4288_8",0.808294
"8825_2",0.011823
"3168_7",0.998235
"6407_1",0.002079
"7016_3",0.028141
"129_1",0.000854
"9808_3",0.002434
"5620_10",0.975484
"6404_10",0.986494
"10781_1",0.003686
"2446_1",0.006426
"2191_10",0.994347
"10848_1",0.000779
"11201_10",0.994646
"6818_9",0.997226
"4607_7",0.283013
"2410_7",0.996637
"9656_9",0.998245
"7841_7",0.987981
"11422_7",0.464173
"7376_8",0.963950
"10804_8",0.972597
"11793_7",0.996978
"509_7",0.922238
"12459_10",0.992683
"354_10",0.992047
"2740_10",0.963403
"1469_1",0.004332
"9219_10",0.970799
"7248_7",0.640720
"5620_1",0.001882
"12160_1",0.001980
"6037_10",0.993320
"8338_1",0.009241
"1954_1",0.002079
"6996_9",0.997332
"9888_8",0.996643
"5470_7",0.994445
"11915_4",0.136724
"7057_4",0.159905
"10320_10",0.988701
"4447_3",0.002075
"9711_9",0.997570
"5077_3",0.001919
"10912_4",0.930078
"3224_3",0.006877
"9946_7",0.860310
"10650_4",0.289384
"9613_1",0.002243
"4909_3",0.001221
"5607_8",0.993807
"3315_1",0.000766
"9271_1",0.004858
"4248_4",0.039975
"5849_4",0.003877
"3944_1",0.000784
"3580_10",0.997424
"4592_1",0.000873
"6375_10",0.997613
"5955_9",0.996116
"11613_7",0.994281
"8278_10",0.992975
"11339_9",0.998487
"6813_2",0.004382
"3747_3",0.001704
"5916_1",0.001200
"3298_1",0.004340
"11303_1",0.012241
"5758_7",0.995652
"11652_9",0.997774
"8748_2",0.096962
"11092_2",0.002063
"8729_8",0.997726
"6332_4",0.003869
"3700_10",0.996984
"10507_2",0.005170
"2287_4",0.006039
"10549_10",0.993624
"3005_10",0.996759
"5657_1",0.001478
"873_8",0.991554
"2274_1",0.026330
"3208_4",0.026230
"2663_10",0.995954
"8134_7",0.186762
"7443_1",0.149035
"7507_8",0.996954
"1423_1",0.001277
"4014_1",0.004182
"9662_1",0.000799
"2512_9",0.998352
"8415_2",0.002993
"7672_3",0.005934
"5925_1",0.002003
"2654_2",0.001383
"1780_10",0.989409
"8813_9",0.996183
"9378_7",0.986004
"12120_3",0.010170
"8985_7",0.996701
"5771_3",0.001028
"7305_10",0.997105
"8681_4",0.021802
"7415_10",0.994020
"9346_8",0.994708
"9750_3",0.001038
"9083_9",0.997337
"12255_2",0.009869
"5035_1",0.000820
"12384_10",0.991875
"8381_4",0.003324
"825_1",0.001965
"2034_1",0.002901
"439_10",0.991272
"5753_10",0.992496
"10370_10",0.995890
"3395_2",0.003075
"8101_2",0.006109
"7885_1",0.028544
"3266_2",0.470554
"4623_4",0.002958
"8123_9",0.993056
"1787_1",0.001053
"4001_4",0.005512
"3530_2",0.000953
"684_1",0.003657
"744_10",0.994157
"8439_7",0.993229
"8678_9",0.995719
"11851_8",0.993973
"1237_2",0.016168
"4557_3",0.000859
"1847_10",0.998718
"4002_1",0.000890
"1620_1",0.013689
"549_10",0.997663
"4984_4",0.173113
"4673_8",0.989948
"1373_1",0.003817
"6927_1",0.180720
"9201_2",0.017094
"4293_7",0.997585
"826_3",0.006157
"6337_1",0.022716
"9978_9",0.997748
"11379_10",0.994646
"3874_1",0.005480
"9943_1",0.000778
"7236_4",0.725357
"7816_1",0.001044
"3849_8",0.998760
"1167_10",0.991620
"9667_3",0.018905
"2506_1",0.002283
"1372_10",0.996131
"6788_9",0.997226
"4792_2",0.001221
"7909_2",0.001059
"2213_2",0.005011
"434_1",0.002083
"9245_1",0.002075
"5822_10",0.998581
"5406_1",0.001636
"2011_1",0.000993
"6805_10",0.997138
"2557_2",0.000957
"4343_1",0.016561
"1493_4",0.016980
"947_8",0.036050
"9494_7",0.975131
"10228_10",0.968738
"707_10",0.996695
"2018_10",0.993294
"11093_10",0.994959
"11113_10",0.998161
"11596_1",0.001464
"7453_1",0.024775
"9045_8",0.995462
"12264_7",0.997280
"7271_9",0.993448
"4560_1",0.109372
"11223_1",0.001127
"3939_7",0.312770
"2714_2",0.026456
"1940_9",0.124054
"3640_10",0.997717
"1724_1",0.006758
"5383_3",0.004849
"7323_10",0.989840
"7345_4",0.001567
"775_9",0.998165
"11995_1",0.000897
"400_10",0.995390
"10279_4",0.029704
"673_8",0.956756
"4168_10",0.975901
"11761_7",0.928765
"491_9",0.996406
"11472_1",0.001610
"10045_7",0.948823
"9449_4",0.001789
"12496_3",0.002663
"12422_1",0.003118
"8159_4",0.013729
"8668_8",0.819893
"7572_10",0.996821
"6696_9",0.995777
"64_10",0.996343
"2715_1",0.109230
"9333_4",0.039269
"3722_10",0.998487
"5692_8",0.994413
"10074_7",0.379508
"1717_3",0.156620
"825_8",0.993549
"7796_10",0.991322
"5550_3",0.048182
"6114_10",0.989223
"4440_8",0.990178
"9616_4",0.004031
"12090_8",0.989652
"10728_1",0.005820
"4419_10",0.997122
"282_1",0.003566
"4825_9",0.997317
"91_10",0.996597
"10399_2",0.003953
"6773_4",0.419351
"1364_10",0.994584
"2806_9",0.994358
"4520_2",0.003057
"8211_9",0.992568
"3594_2",0.001519
"11353_4",0.031085
"307_1",0.001464
"10963_4",0.004530
"4023_7",0.931400
"11450_10",0.994770
"3567_4",0.358353
"4751_7",0.994456
"9798_2",0.009765
"1864_8",0.998508
"3168_2",0.005992
"6506_2",0.031144
"12484_2",0.002305
"11999_8",0.185615
"3571_3",0.005980
"147_10",0.995777
"6691_9",0.997783
"11295_8",0.995114
"9344_10",0.996708
"9513_2",0.001868
"11066_7",0.992753
"4330_8",0.989781
"5194_10",0.992988
"11676_1",0.002200
"4587_1",0.000798
"11964_4",0.096834
"12456_1",0.001555
"6054_10",0.993795
"2140_7",0.235988
"1388_1",0.002823
"10681_2",0.008864
"4614_8",0.997575
"2604_7",0.755186
"4234_1",0.001012
"4261_8",0.985172
"4907_8",0.991907
"4134_4",0.016122
"4125_8",0.985370
"3795_9",0.995866
"1356_4",0.001984
"10711_2",0.001582
"4728_7",0.922726
"8254_8",0.990551
"10769_2",0.011519
"7185_8",0.996278
"2842_9",0.995626
"4565_1",0.005395
"3030_9",0.983832
"2997_1",0.000899
"1311_9",0.966632
"12499_10",0.984426
"9830_10",0.997556
"1774_4",0.067056
"6676_10",0.996846
"6502_9",0.994499
"1521_1",0.000979
"4253_1",0.011464
"2775_2",0.012324
"7324_4",0.001992
"1207_4",0.332529
"9903_7",0.997454
"3195_2",0.001814
"9213_10",0.994770
"7751_1",0.004199
"1616_8",0.996833
"1482_10",0.988268
"6772_7",0.618881
"2008_10",0.996271
"6799_4",0.018160
"5004_9",0.997622
"3487_2",0.006039
"10892_4",0.047030
"10839_4",0.003802
"922_8",0.996321
"4163_1",0.001333
"10738_8",0.996427
"10678_7",0.995345
"5892_10",0.992961
"6202_1",0.000745
"5792_10",0.994636
"12161_4",0.001595
"1097_9",0.997636
"2930_3",0.002856
"4087_3",0.007808
"11875_3",0.003087
"11770_4",0.050799
"847_7",0.993759
"10620_9",0.996907
"1455_10",0.997322
"12294_1",0.000739
"5653_10",0.997379
"1874_9",0.932974
"10487_3",0.029424
"22_3",0.002283
"2760_1",0.002252
"9822_7",0.183777
"1068_10",0.995114
"11117_1",0.000848
"10409_2",0.993423
"1877_7",0.624565
"7347_1",0.008686
"4231_1",0.003504
"1122_1",0.001868
"933_3",0.098166
"11883_4",0.005969
"8386_10",0.996047
"12297_7",0.990624
"11847_8",0.997726
"5511_1",0.004565
"9587_2",0.024215
"10027_8",0.985440
"7210_4",0.013172
"2490_9",0.945349
"4889_10",0.997580
"8192_9",0.997838
"12133_1",0.008653
"2098_1",0.950457
"2941_9",0.995882
"5742_3",0.005281
"10645_4",0.009662
"1162_10",0.996455
"4383_10",0.994677
"5325_8",0.994657
"1324_1",0.003248
"1374_1",0.005820
"116_10",0.992597
"2898_10",0.985257
"8799_10",0.996357
"6654_10",0.997668
"8630_1",0.002981
"3452_7",0.995075
"3609_8",0.994998
"4740_1",0.000947
"8368_10",0.997110
"11960_7",0.987604
"3583_10",0.980243
"1581_8",0.932269
"1378_1",0.007726
"968_2",0.001078
"4524_1",0.000849
"5036_8",0.996972
"12287_3",0.003160
"9236_10",0.993819
"5447_3",0.027092
"11016_1",0.000974
"1935_3",0.004700
"5300_7",0.993281
"7775_2",0.002611
"4398_3",0.003463
"5692_2",0.001375
"3517_8",0.996682
"6007_1",0.002958
"10127_2",0.003945
"6614_10",0.995809
"2767_10",0.853486
"3187_2",0.001671
"6473_10",0.959724
"12263_1",0.000739
"10838_2",0.000934
"7367_9",0.993771
"8873_10",0.996399
"6016_1",0.007135
"10363_7",0.842928
"3541_2",0.000897
"6416_10",0.995488
"4538_10",0.993512
"56_3",0.003636
"7946_8",0.995938
"6003_4",0.001800
"974_4",0.012031
"11651_9",0.997071
"10283_1",0.052814
"12334_2",0.001269
"972_1",0.004062
"1513_8",0.970937
"6141_3",0.033211
"4195_7",0.994270
"10176_9",0.993487
"1918_2",0.002337
"12117_1",0.028544
"7567_1",0.000781
"2949_10",0.997997
"11937_9",0.999161
"8513_2",0.003463
"3913_8",0.539165
"1310_8",0.991522
"10461_10",0.997527
"3309_8",0.985677
"862_9",0.995643
"4040_2",0.000871
"78_8",0.995558
"3491_7",0.625938
"10862_9",0.997929
"4763_7",0.772531
"7421_1",0.001410
"5350_1",0.021906
"11491_10",0.997226
"9975_4",0.016947
"10123_10",0.997353
"11573_1",0.000897
"2337_9",0.998004
"251_8",0.996557
"1942_1",0.002606
"2940_7",0.979215
"4342_7",0.685515
"11250_2",0.021802
"4224_1",0.004007
"10106_10",0.994860
"7764_2",0.004610
"937_10",0.997071
"3112_10",0.996047
"9922_8",0.858600
"3259_7",0.995961
"7828_1",0.000848
"4031_7",0.586552
"1277_7",0.991305
"3162_2",0.002141
"7_9",0.997188
"1832_4",0.050331
"10997_1",0.007289
"10572_10",0.998225
"12194_1",0.000938
"4648_10",0.989098
"7207_9",0.145479
"11000_7",0.988165
"4943_2",0.000985
"10601_10",0.997518
"4731_1",0.008236
"9272_8",0.960842
"11551_1",0.002059
"9074_3",0.002095
"2486_3",0.012444
"618_1",0.001901
"8683_8",0.995744
"2618_10",0.993123
"8471_9",0.996833
"6394_4",0.048271
"6456_2",0.042245
"3195_8",0.991373
"4188_1",0.001629
"3985_10",0.992837
"7099_10",0.994434
"1558_2",0.000843
"2877_8",0.813461
"3928_1",0.001151
"7206_3",0.001639
"8088_10",0.997253
"8167_10",0.998197
"8590_8",0.995363
"6973_7",0.653963
"4974_7",0.995801
"10151_1",0.000958
"5268_4",0.019253
"5258_7",0.997221
"1478_8",0.997493
"5094_10",0.990910
"10126_4",0.060585
"9357_2",0.004142
"7750_3",0.009831
"11628_3",0.084871
"9124_7",0.994584
"1802_7",0.987806
"4820_4",0.037047
"10019_8",0.983166
"154_9",0.997713
"5049_4",0.003410
"4372_1",0.000841
"7807_10",0.997953
"5127_10",0.996721
"11480_2",0.013624
"10145_1",0.001322
"7090_10",0.996901
"1288_1",0.001507
"11316_2",0.000934
"8428_9",0.977905
"1843_9",0.996913
"1916_1",0.003615
"2657_2",0.003483
"10504_1",0.001016
"11621_3",0.038538
"10148_1",0.001507
"3339_4",0.009662
"8202_2",0.008890
"7796_1",0.001380
"4625_2",0.008711
"11859_4",0.109658
"8261_1",0.000958
"4670_3",0.351715
"8412_10",0.994314
"1010_1",0.014957
"436_10",0.996530
"9351_7",0.735547
"3767_8",0.974629
"4794_1",0.000981
"8447_10",0.704872
"6182_2",0.017695
"8754_3",0.014448
"2709_3",0.000957
"5882_9",0.994413
"6916_3",0.717210
"11886_1",0.009888
"123_4",0.989986
"2827_9",0.959800
"11440_8",0.996888
"4100_8",0.950088
"11645_1",0.016609
"7949_10",0.997753
"2017_1",0.004637
"3451_7",0.991221
"10986_10",0.990678
"1541_2",0.948917
"12336_7",0.992837
"9787_1",0.001484
"5282_10",0.997880
"9568_4",0.879665
"8222_1",0.000848
"5415_9",0.996093
"8485_8",0.039676
"6449_1",0.001024
"466_1",0.002162
"11997_1",0.134151
"6144_10",0.996300
"3309_4",0.007607
"8655_1",0.001082
"10141_1",0.302282
"7469_10",0.996108
"4445_10",0.998211
"6651_7",0.855911
"6711_7",0.795380
"3329_4",0.023220
"8000_10",0.993686
"2279_8",0.990945
"5012_7",0.945147
"2437_3",0.005843
"505_9",0.997253
"9070_10",0.994749
"1234_3",0.024516
"4880_1",0.002274
"3981_4",0.110759
"134_1",0.001595
"3211_10",0.996489
"2559_10",0.996496
"4512_3",0.001980
"5957_1",0.002023
"11626_9",0.997739
"915_10",0.978774
"5569_10",0.988165
"12396_9",0.994729
"6494_2",0.006501
"3262_1",0.010479
"3916_10",0.986455
"787_1",0.003363
"11092_9",0.996907
"2818_10",0.997654
"5271_2",0.002170
"4057_7",0.949342
"5042_1",0.001188
"1204_1",0.017045
"3651_2",0.001014
"11763_8",0.993499
"7766_10",0.994563
"3498_1",0.000874
"11578_10",0.997884
"3691_1",0.000755
"11947_10",0.995408
"11475_2",0.001008
"8568_9",0.995363
"8247_2",0.001061
"9544_7",0.992892
"9753_8",0.985172
"6824_7",0.177704
"2799_1",0.001447
"10459_1",0.001228
"1894_10",0.091018
"9726_7",0.994531
"10923_1",0.001053
"7946_3",0.002027
"7509_10",0.997726
"3273_9",0.984336
"2716_3",0.060087
"4622_1",0.001824
"1204_8",0.994880
"71_4",0.126246
"6508_9",0.992393
"7819_10",0.997469
"695_10",0.986244
"10844_10",0.997753
"2413_1",0.919136
"8768_1",0.000822
"4536_10",0.995479
"2576_9",0.998256
"4473_2",0.041774
"65_2",0.011553
"6114_2",0.008292
"7458_1",0.001492
"10815_2",0.001525
"8344_1",0.006641
"1975_9",0.997464
"1659_1",0.001370
"11030_10",0.998008
"5405_7",0.965674
"2539_3",0.016980
"6565_8",0.966060
"1826_10",0.994910
"2577_8",0.995372
"6032_7",0.929248
"3146_9",0.996943
"798_1",0.002047
"63_10",0.994477
"11819_10",0.996131
"2905_7",0.985215
"2716_10",0.996895
"1717_10",0.994636
"1036_3",0.076030
"11583_10",0.992975
"962_9",0.983613
"10203_2",0.004374
"12225_1",0.000809
"10322_9",0.994688
"7601_2",0.005923
"1675_4",0.911613
"8235_3",0.001209
"680_2",0.011766
"5208_3",0.002817
"10678_2",0.155591
"6072_10",0.997358
"1216_1",0.000892
"11434_1",0.016980
"12480_8",0.994563
"8844_10",0.997444
"10506_1",0.000790
"9766_3",0.992093
"7804_4",0.044974
"44_4",0.003636
"11226_1",0.001481
"11378_2",0.033621
"7805_1",0.000810
"4692_10",0.944791
"2928_9",0.961534
"8785_10",0.998812
"3083_8",0.981840
"626_10",0.996489
"9228_10",0.982906
"66_10",0.993574
"3824_3",0.576542
"7115_8",0.993150
"11893_10",0.998445
"1628_1",0.001223
"2236_4",0.002790
"2032_1",0.000804
"6613_10",0.996537
"1582_8",0.144390
"304_2",0.000804
"2441_10",0.997868
"12437_1",0.001094
"9822_1",0.000799
"10481_3",0.084795
"9193_10",0.993397
"3233_9",0.996510
"7430_8",0.996227
"10049_1",0.000911
"6384_10",0.997537
"3993_9",0.996530
"4545_2",0.002468
"11500_4",0.849097
"12127_10",0.989182
"7277_2",0.003877
"8927_3",0.007930
"5970_9",0.993537
"12115_4",0.680690
"6132_10",0.997589
"4178_9",0.988569
"11453_7",0.773730
"6569_9",0.996570
"3924_7",0.930868
"6425_1",0.000938
"1141_1",0.001957
"3366_2",0.001501
"6700_7",0.994584
"7948_8",0.970604
"2750_8",0.996138
"11326_1",0.000977
"231_8",0.966600
"8941_8",0.997893
"8304_7",0.556972
"12179_2",0.004737
"3808_1",0.002116
"2710_1",0.000810
"4833_1",0.001002
"10405_7",0.998508
"449_9",0.997570
"7259_10",0.997399
"8513_10",0.994646
"801_8",0.980281
"11322_8",0.996740
"8417_9",0.997726
"7059_8",0.919787
"681_3",0.002296
"3135_9",0.997013
"7172_3",0.003377
"11061_10",0.997681
"9555_9",0.987911
"1331_1",0.001623
"9155_3",0.001264
"8765_8",0.993281
"4714_8",0.993807
"7593_9",0.994657
"7769_1",0.006552
"5016_8",0.956227
"11917_2",0.000830
"3311_8",0.983391
"6784_4",0.023848
"6685_7",0.841956
"1232_8",0.997221
"765_2",0.003046
"6159_2",0.016530
"12037_3",0.011973
"60_8",0.995161
"6138_10",0.994657
"4759_4",0.006229
"631_10",0.997161
"5993_10",0.997713
"2751_10",0.994584
"7234_1",0.144209
"7966_3",0.003423
"296_4",0.083628
"8252_4",0.005160
"10333_1",0.001057
"5950_10",0.693726
"2735_9",0.994563
"900_1",0.002157
"2350_3",0.011519
"1457_10",0.989440
"10226_10",0.996343
"9198_7",0.991969
"1072_2",0.004332
"8332_10",0.984782
"6264_8",0.996590
"1092_9",0.996321
"11888_10",0.987314
"11702_8",0.987711
"8704_1",0.006157
"11458_10",0.994347
"8218_9",0.995161
"3739_8",0.973062
"4787_3",0.010540
"12097_10",0.929440
"7894_1",0.000779
"11601_2",0.004849
"4417_1",0.100790
"11108_10",0.997258
"5673_8",0.997613
"481_2",0.005697
"6892_2",0.001252
"5203_1",0.006451
"18_1",0.041346
"5488_8",0.992767
"750_7",0.941600
"1478_4",0.009690
"11340_2",0.002581
"8735_3",0.009936
"7404_3",0.024586
"5681_2",0.001073
"5863_10",0.991652
"602_1",0.001073
"9474_7",0.988222
"12075_3",0.036288
"1148_8",0.155784
"2192_4",0.133246
"1394_1",0.001375
"2643_3",0.001537
"8214_7",0.976558
"6728_1",0.002862
"5397_8",0.987104
"7056_7",0.996809
"2669_3",0.001394
"10713_10",0.997735
"1349_4",0.005888
"3254_1",0.008720
"9717_10",0.996385
"11358_4",0.001370
"12262_1",0.001328
"1332_1",0.000833
"6116_2",0.007831
"6324_3",0.000951
"10808_8",0.941815
"11632_4",0.363372
"2881_3",0.005512
"3524_1",0.000726
"10503_8",0.543711
"11525_1",0.000881
"9973_4",0.002149
"9804_1",0.001934
"1865_8",0.993636
"8001_9",0.997880
"5776_8",0.707177
"11848_10",0.997007
"4809_3",0.034294
"841_9",0.997248
"227_10",0.985342
"1833_9",0.994281
"9471_10",0.998016
"960_3",0.005364
"10763_1",0.015499
"1330_1",0.002055
"326_9",0.997493
"3392_10",0.995566
"5883_2",0.001097
"12168_1",0.001075
"7525_10",0.990660
"10578_1",0.003751
"9173_3",0.001516
"7214_2",0.006015
"7163_10",0.989870
"5177_8",0.969957
"3372_7",0.990197
"6041_8",0.988177
"1590_10",0.997019
"31_10",0.995760
"2533_8",0.996183
"7927_10",0.994031
"5037_2",0.017062
"6046_2",0.011789
"2099_3",0.002642
"133_1",0.039565
"205_2",0.001322
"374_9",0.996990
"8944_10",0.997373
"799_4",0.099821
"8832_9",0.995372
"3836_10",0.997843
"2940_1",0.000890
"946_1",0.010756
"9310_1",0.001546
"5853_8",0.916857
"10852_9",0.998232
"4061_4",0.041423
"10301_10",0.997155
"11104_3",0.001661
"9339_3",0.006654
"537_10",0.997726
"8661_7",0.980091
"9381_4",0.025785
"12473_3",0.011442
"5140_8",0.996496
"4624_4",0.002591
"9156_3",0.034165
"5980_2",0.001988
"5920_7",0.994573
"4013_1",0.007563
"11879_2",0.002252
"1317_10",0.997469
"4647_10",0.987191
"2550_1",0.004340
"641_8",0.931618
"10069_10",0.989781
"12215_10",0.649433
"6293_10",0.996307
"1416_7",0.310734
"8561_9",0.995336
"1981_10",0.986546
"1667_2",0.015544
"9680_1",0.001665
"888_1",0.000979
"2202_4",0.002884
"8835_2",0.003099
"9340_3",0.657820
"8742_10",0.979315
"1892_2",0.000798
"11940_10",0.842863
"5976_2",0.000968
"5430_8",0.919136
"9125_9",0.989850
"5217_8",0.996759
"5257_10",0.989909
"5487_8",0.986284
"10815_8",0.996116
"12438_1",0.006944
"11433_3",0.016947
"11570_1",0.841500
"11880_10",0.995417
"1983_3",0.017510
"2916_1",0.000801
"8119_10",0.997280
"10960_2",0.002162
"2798_2",0.005533
"2797_1",0.122418
"9931_4",0.046595
"6244_10",0.993202
"8361_2",0.002415
"7098_10",0.984411
"9107_10",0.997144
"9860_10",0.993783
"10252_1",0.000729
"12015_8",0.868437
"2696_4",0.085939
"9301_8",0.994760
"799_7",0.990803
"9411_7",0.997161
"4172_1",0.000809
"8008_10",0.998235
"11436_1",0.000772
"3464_10",0.998066
"5826_3",0.002112
"5460_4",0.009822
"8920_3",0.040389
"1465_3",0.016231
"7571_1",0.000993
"3416_10",0.995354
"11088_7",0.990587
"7007_10",0.997933
"11317_7",0.996523
"11639_7",0.968856
"1871_10",0.996790
"1551_7",0.971374
"4089_4",0.001346
"8145_9",0.997953
"1243_7",0.993448
"9082_8",0.997099
"11807_8",0.995444
"6154_10",0.997556
"2082_8",0.995198
"9142_4",0.047914
"6126_8",0.985936
"9774_1",0.003795
"5137_10",0.994347
"11085_1",0.001040
"4541_1",0.002812
"10478_10",0.997580
"8479_3",0.003538
"11220_1",0.009197
"0_10",0.997474
"5235_8",0.982474
"457_2",0.026181
"6784_7",0.957278
"11527_10",0.997527
"5935_7",0.982840
"3697_10",0.989791
"8318_10",0.998001
"6770_8",0.987005
"11760_7",0.983832
"10344_9",0.998085
"12363_4",0.106644
"2233_2",0.017526
"12184_10",0.998646
"4668_8",0.984501
"2293_4",0.022846
"5886_8",0.997479
"8403_4",0.732592
"2493_3",0.006667
"7224_2",0.005051
"7753_10",0.994998
"476_9",0.978590
"3760_7",0.865565
"8371_1",0.002269
"2541_10",0.986752
"12052_2",0.016045
"2320_1",0.000993
"5598_8",0.989840
"12342_1",0.000934
"7391_9",0.996357
"2615_1",0.002124
"11251_4",0.012420
"9946_2",0.001245
"10571_10",0.996249
"3984_1",0.001724
"4633_10",0.995354
"548_10",0.997570
"1732_1",0.000974
"3559_7",0.984291
"10212_7",0.990803
"8950_7",0.996966
"8157_10",0.998161
"5986_9",0.998107
"10263_7",0.852997
"2168_10",0.996714
"4424_4",0.309284
"6944_10",0.355160
"11467_7",0.993819
"3630_8",0.994949
"2405_1",0.000793
"7517_1",0.006931
"8116_10",0.997464
"5368_4",0.002742
"2045_1",0.000781
"11303_8",0.998306
"11077_2",0.003063
"6314_10",0.997884
"12137_4",0.000962
"12180_1",0.000869
"6403_10",0.990892
"2019_1",0.000697
"7921_7",0.989692
"3977_10",0.995850
"11277_9",0.959497
"8398_1",0.001540
"1429_3",0.001857
"9628_4",0.002715
"2472_3",0.029619
"5811_4",0.002487
"11663_3",0.000878
"3153_1",0.001447
"11881_2",0.001172
"767_7",0.971402
"12243_10",0.995677
"10969_8",0.995263
"8689_10",0.818265
"1854_10",0.997226
"12392_4",0.001807
"6627_2",0.000757
"6819_10",0.997556
"1587_9",0.958886
"6999_10",0.994860
"9128_1",0.019161
"7141_1",0.000881
"4485_8",0.996183
"7368_7",0.962143
"7698_4",0.161353
"8376_3",0.007816
"1862_1",0.000836
"11217_9",0.994380
"5179_4",0.004877
"6524_3",0.000876
"11877_10",0.996623
"6055_10",0.998402
"9372_1",0.002003
"8029_1",0.011245
"9546_10",0.949248
"5514_10",0.995245
"8869_8",0.990131
"8290_10",0.983863
"11619_9",0.991571
"5949_4",0.095476
"10146_1",0.187765
"11776_10",0.955651
"2146_9",0.988234
"6461_10",0.991472
"10480_4",0.021308
"9021_10",0.985649
"11802_10",0.998012
"9139_2",0.009793
"5590_4",0.159971
"5631_9",0.995858
"6333_3",0.053206
"10455_1",0.001038
"10394_1",0.000846
"8814_8",0.997138
"11264_3",0.001107
"2255_9",0.998016
"3915_8",0.948775
"3386_10",0.996708
"5531_2",0.003377
"1676_4",0.914482
"7711_8",0.994358
"7871_9",0.996550
"11101_8",0.994292
"11562_1",0.001570
"11609_10",0.996714
"9556_1",0.001195
"7149_3",0.995685
"11807_3",0.041540
"12106_10",0.998484
"4763_1",0.031232
"2007_3",0.004944
"8454_8",0.996496
"4656_10",0.992437
"717_8",0.985732
"3501_4",0.060919
"6562_4",0.003862
"3926_1",0.001090
"7497_1",0.002521
"4257_9",0.996220
"4111_1",0.000803
"9865_10",0.992668
"8323_4",0.005240
"2228_4",0.028517
"1180_7",0.992934
"6315_8",0.998035
"12271_10",0.966569
"4567_2",0.012089
"8745_8",0.989244
"4994_1",0.000911
"2842_4",0.008062
"674_9",0.997290
"4431_3",0.002415
"2534_4",0.005533
"378_9",0.995245
"6039_9",0.244498
"9551_7",0.996293
"1273_7",0.968051
"4222_4",0.003671
"7469_1",0.000925
"8733_3",0.022912
"9324_4",0.050894
"8888_4",0.014986
"2872_9",0.996357
"2123_8",0.997965
"4982_7",0.989986
"10668_1",0.020081
"2014_7",0.433112
"4211_3",0.005653
"1202_9",0.995390
"5450_4",0.017493
"2484_1",0.053949
"2427_8",0.995123
"405_3",0.002856
"1_10",0.997993
"4498_4",0.527195
"50_3",0.024869
"10113_9",0.998312
"8919_3",0.003040
"1338_7",0.950319
"9817_8",0.988142
"10824_7",0.979726
"12165_8",0.983359
"11975_8",0.986297
"8537_1",0.003216
"4443_9",0.994969
"207_3",0.002817
"4247_8",0.936401
"11333_9",0.996752
"6357_2",0.004905
"4477_1",0.002364
"8774_1",0.002075
"10049_8",0.882833
"9621_2",0.002265
"5428_10",0.997025
"11693_3",0.006205
"8731_4",0.013428
"11209_1",0.088426
"10581_10",0.001472
"4289_10",0.993216
"511_7",0.986337
"7832_8",0.939637
"2567_9",0.991620
"4931_1",0.005577
"8770_2",0.000803
"8999_9",0.997002
"9918_1",0.003292
"2254_7",0.993423
"4095_1",0.010239
"8601_2",0.002586
"10347_10",0.997464
"2911_4",0.129403
"12157_7",0.990441
"5154_10",0.998614
"27_9",0.997681
"2586_9",0.995497
"6344_9",0.997566
"1888_4",0.006811
"6630_1",0.001513
"3202_10",0.997613
"1517_9",0.996564
"584_10",0.997498
"2683_4",0.162746
"1721_1",0.000804
"4371_7",0.547041
"4697_3",0.047958
"2977_10",0.933279
"1835_3",0.018869
"9872_1",0.001006
"4794_9",0.959307
"5345_10",0.995977
"1230_10",0.997859
"2438_2",0.001617
"5709_9",0.994369
"8007_1",0.000848
"7236_10",0.996183
"7978_10",0.948632
"10608_1",0.003112
"10968_1",0.000915
"3650_1",0.020255
"7966_8",0.989317
"8435_9",0.997311
"6095_3",0.001188
"12457_8",0.993710
"611_10",0.981131
"7589_7",0.982507
"4378_4",0.057652
"9019_3",0.137185
"794_1",0.001992
"5112_4",0.034881
"8698_7",0.994157
"2729_1",0.001226
"9090_1",0.001209
"9641_8",0.997640
"5065_7",0.716888
"3147_10",0.996031
"3971_4",0.005934
"7000_8",0.995532
"6716_1",0.000787
"11482_7",0.928636
"9263_4",0.068944
"7901_1",0.001413
"8213_2",0.016689
"1113_8",0.997133
"1013_7",0.994541
"2195_9",0.994979
"1371_8",0.956917
"7239_7",0.938969
"11376_1",0.001416
"3506_9",0.992274
"3413_2",0.005957
"8641_1",0.001120
"11587_2",0.000763
"7639_7",0.994979
"8100_8",0.987179
"8151_2",0.000977
"10464_2",0.008000
"2043_3",0.007915
"4454_8",0.994157
"6562_8",0.998214
"8549_8",0.944587
"1209_3",0.002261
"2566_4",0.004637
"5871_10",0.984048
"6459_7",0.995318
"11006_8",0.995444
"3313_8",0.928018
"5290_2",0.001849
"9687_1",0.006615
"4165_10",0.993973
"11120_4",0.338012
"3379_2",0.012456
"5814_1",0.004610
"3414_7",0.995104
"7750_7",0.992481
"9727_7",0.971347
"3850_9",0.996771
"5954_2",0.007039
"9685_1",0.001145
"9307_3",0.001018
"8727_9",0.997296
"9746_1",0.001394
"9365_8",0.997105
"3361_10",0.991860
"4554_3",0.001328
"8952_9",0.990714
"4301_1",0.000725
"10764_4",0.076511
"2738_10",0.980673
"3554_1",0.001036
"5724_8",0.990273
"8804_4",0.521167
"468_8",0.997332
"10527_10",0.994979
"5117_7",0.993163
"3390_4",0.637652
"5875_3",0.005070
"10380_7",0.994135
"887_2",0.994499
"2707_8",0.958809
"11371_3",0.018177
"535_4",0.017442
"10700_10",0.399343
"3047_10",0.996220
"5930_3",0.011789
"6044_10",0.988131
"8679_4",0.825132
"2261_10",0.996966
"9577_10",0.997322
"1999_7",0.992892
"6010_3",0.005946
"861_4",0.005427
"4360_2",0.002397
"5373_7",0.891008
"10760_8",0.989182
"12436_10",0.995719
"5149_3",0.083143
"7091_4",0.014392
"5135_9",0.991554
"5552_8",0.992496
"1713_9",0.997770
"11445_4",0.060252
"11146_7",0.971456
"5286_9",0.997205
"10518_1",0.006641
"1122_8",0.955444
"7680_1",0.003052
"11042_8",0.942401
"6336_1",0.002157
"11784_10",0.908171
"8759_10",0.996108
"4362_10",0.995272
"4483_2",0.002731
"7501_8",0.995760
"3516_2",0.001810
"3965_10",0.993150
"4066_8",0.941115
"7802_2",0.022307
"1074_7",0.995066
"4555_3",0.018142
"11477_1",0.001097
"5712_10",0.987700
"1175_8",0.990874
"6283_4",0.097993
"11717_1",0.000841
"8029_8",0.997048
"5794_8",0.952750
"8717_2",0.004728
"10682_10",0.991406
"4610_1",0.001832
"4908_9",0.991969
"8325_2",0.011620
"11330_4",0.035311
"5717_10",0.537982
"11421_3",0.036220
"4725_2",0.423369
"2284_9",0.995575
"12433_1",0.000908
"10799_10",0.991652
"3213_10",0.995719
"10997_10",0.994169
"3482_9",0.999201
"430_4",0.010540
"6524_9",0.996227
"2270_1",0.009467
"6410_4",0.001598
"224_10",0.993136
"10915_8",0.997253
"8882_3",0.003305
"3578_3",0.005292
"7696_1",0.974362
"7307_1",0.005210
"10043_1",0.009927
"6380_4",0.064594
"3109_2",0.001125
"398_4",0.002378
"10498_1",0.000799
"3565_8",0.994657
"7844_9",0.998760
"5879_3",0.017160
"5004_1",0.001755
"9347_2",0.005120
"2213_8",0.997796
"3654_8",0.993902
"642_2",0.000739
"9412_8",0.992879
"7418_10",0.992000
"2012_1",0.001179
"308_9",0.996329
"11695_8",0.838448
"7369_10",0.996161
"7363_3",0.015952
"7834_3",0.012159
"7705_10",0.996131
"4554_8",0.992379
"4773_7",0.992961
"11944_2",0.010714
"12303_10",0.994810
"272_10",0.995793
"11678_10",0.995777
"8157_1",0.003197
"1360_7",0.985882
"1702_7",0.908415
"7409_8",0.997054
"3865_8",0.994445
"8266_10",0.998828
"3543_3",0.004521
"8542_4",0.009090
"2188_4",0.009662
"7928_10",0.954605
"8271_1",0.001570
"2667_3",0.014588
"136_9",0.996778
"2365_8",0.975036
"9516_1",0.001481
"6205_9",0.998675
"12411_1",0.000895
"10549_2",0.323557
"2114_10",0.996523
"8379_3",0.003608
"1555_2",0.003450
"7010_4",0.118385
"10425_1",0.002256
"2970_10",0.992568
"1976_8",0.995922
"4894_8",0.921852
"995_1",0.001507
"12087_10",0.993123
"5002_1",0.002444
"10204_2",0.006758
"7689_2",0.001186
"8685_4",0.691074
"4183_1",0.000902
"7719_7",0.959039
"6350_8",0.997199
"6163_8",0.995198
"11247_4",0.107204
"8962_8",0.995399
"7849_9",0.997301
"4177_9",0.910982
"4680_1",0.018779
"10965_8",0.997110
"3534_10",0.997686
"9782_4",0.030015
"9525_9",0.995381
"3743_10",0.992837
"1688_10",0.998039
"4400_4",0.037082
"1660_8",0.993423
"8241_9",0.996701
"1238_8",0.995114
"1081_3",0.003729
"6151_2",0.001131
"6025_8",0.296578
"661_9",0.750644
"5670_8",0.995914
"6122_1",0.001120
"1767_10",0.997977
"5629_10",0.993819
"8256_10",0.994112
"8572_4",0.002742
"11580_7",0.185209
"525_3",0.044932
"2128_3",0.014957
"10254_8",0.996062
"3082_2",0.002383
"7127_1",0.001105
"9927_7",0.635279
"5694_9",0.995435
"8063_10",0.996047
"10768_1",0.013415
"7375_1",0.001188
"6220_10",0.995066
"4477_10",0.996008
"1350_8",0.985115
"9354_4",0.966695
"9015_2",0.993385
"719_1",0.001356
"10544_3",0.008070
"4496_10",0.998427
"3912_1",0.007533
"10120_10",0.995104
"6958_2",0.000776
"10964_7",0.987935
"4974_1",0.000878
"5591_9",0.997663
"2295_3",0.007360
"17_8",0.978529
"10442_2",0.007360
"3043_10",0.994615
"5243_1",0.000989
"5145_8",0.996190
"5727_7",0.765067
"3406_10",0.997744
"3552_7",0.903592
"1512_1",0.001413
"9214_9",0.995777
"3060_3",0.009134
"9086_3",0.049451
"10428_1",0.009956
"11198_10",0.995592
"1743_4",0.001413
"7795_10",0.991289
"9863_10",0.951818
"182_3",0.609669
"9644_4",0.098729
"10744_2",0.000836
"3393_10",0.997429
"3657_8",0.997379
"10435_1",0.000834
"9206_10",0.996937
"4005_10",0.995583
"5901_3",0.034004
"498_10",0.996650
"9583_2",0.000995
"2336_10",0.998901
"6107_1",0.025638
"7079_7",0.997989
"2769_4",0.417153
"4787_8",0.996590
"11123_1",0.000744
"6466_10",0.996085
"6311_9",0.995372
"1236_7",0.805096
"3635_9",0.997783
"1230_2",0.002252
"8721_7",0.991796
"7878_3",0.005620
"11731_7",0.777258
"8732_8",0.993397
"8083_8",0.936576
"3146_1",0.008101
"11395_10",0.997699
"2998_2",0.001008
"3766_4",0.014365
"353_3",0.036084
"8688_7",0.993499
"6137_10",0.998531
"11950_3",0.919859
"5663_1",0.059129
"1108_3",0.002310
"10425_10",0.990606
"913_10",0.994423
"7852_8",0.992467
"14_1",0.001864
"12062_1",0.000951
"1162_1",0.000778
"8648_10",0.987129
"10605_10",0.993783
"1091_1",0.002132
"7723_8",0.992496
"5474_8",0.993448
"8308_1",0.000883
"9586_8",0.950457
"5317_4",0.001138
"11283_8",0.989460
"9575_3",0.001197
"8846_9",0.899121
"8756_1",0.022586
"7973_4",0.001714
"9845_3",0.000981
"11335_9",0.994157
"456_8",0.992123
"378_1",0.002287
"9176_1",0.003191
"6371_10",0.937954
"3152_10",0.996271
"7441_4",0.001731
"10123_4",0.005786
"6777_1",0.026531
"7479_1",0.014871
"5563_1",0.000995
"9076_7",0.933279
"11744_1",0.004191
"1040_4",0.011126
"920_1",0.000888
"3599_4",0.001707
"9629_3",0.041735
"12346_1",0.013223
"4237_8",0.988514
"6596_10",0.974605
"11576_1",0.000799
"1140_1",0.001322
"2945_8",0.723236
"7518_9",0.985043
"3435_1",0.001160
"8219_3",0.385172
"6758_10",0.996264
"484_8",0.991954
"10012_1",0.001110
"718_10",0.997489
"12293_7",0.997031
"6241_3",0.006193
"10635_10",0.994214
"2563_1",0.000934
"7682_10",0.988199
"4993_7",0.968261
"12153_4",0.207135
"8559_7",0.914444
"9700_4",0.122681
"660_2",0.002531
"11457_4",0.042802
"7146_1",0.088978
"3771_2",0.008470
"8333_3",0.026255
"11740_7",0.990385
"7035_2",0.237753
"7054_1",0.001216
"12292_4",0.002091
"8881_4",0.112698
"7264_8",0.998368
"11168_1",0.002007
"1145_9",0.997399
"781_9",0.998004
"5694_4",0.000981
"2637_10",0.996420
"5812_8",0.932176
"6335_10",0.996123
"10491_3",0.001510
"4684_2",0.001438
"3810_2",0.001879
"12264_3",0.009662
"8018_10",0.997394
"12185_10",0.997122
"3959_3",0.304319
"9829_7",0.996489
"4694_4",0.017013
"3884_1",0.001779
"8027_10",0.997296
"743_2",0.001140
"7036_1",0.025957
"3081_1",0.001761
"4606_10",0.993029
"503_2",0.008332
"6989_10",0.995047
"10059_1",0.001665
"1380_9",0.980729
"3247_1",0.002003
"6308_8",0.998043
"1592_2",0.000849
"3167_1",0.001466
"6357_10",0.996062
"7107_7",0.919317
"5335_8",0.996190
"11948_2",0.001082
"10805_4",0.064713
"638_7",0.991860
"4311_2",0.001849
"11795_8",0.967717
"8031_9",0.994112
"11930_2",0.009956
"7886_3",0.829492
"7253_10",0.998051
"10955_3",0.001972
"10680_2",0.001105
"8754_10",0.991305
"9556_8",0.993879
"3076_10",0.909224
"1544_3",0.002031
"2726_3",0.060836
"8545_3",0.007135
"3175_3",0.007461
"2864_9",0.938745
"547_4",0.094720
"2831_9",0.994477
"5321_4",0.030851
"4675_8",0.994203
"11787_4",0.029676
"2837_10",0.997264
"7730_8",0.989722
"2309_10",0.995898
"9078_7",0.996630
"8160_10",0.997650
"7824_1",0.001118
"9926_8",0.994467
"3507_1",0.009152
"5878_3",0.223801
"6708_4",0.033274
"1096_3",0.002208
"4556_8",0.994135
"3667_10",0.995801
"9565_3",0.005555
"4737_9",0.995133
"12134_1",0.002763
"9413_7",0.968501
"1002_9",0.996771
"4889_4",0.144752
"3453_1",0.006850
"2763_2",0.004637
"8248_8",0.951278
"1881_1",0.013742
"3528_10",0.994089
"3630_1",0.374819
"11390_10",0.998197
"3991_8",0.959421
"7650_8",0.994646
"4527_8",0.995914
"10307_2",0.007247
"8872_4",0.005544
"1741_10",0.982624
"12170_9",0.993574
"11196_4",0.001055
"5524_10",0.695441
"1926_3",0.002742
"1279_8",0.962883
"1444_8",0.925095
"8975_8",0.994870
"7157_10",0.997921
"11973_2",0.002747
"7022_1",0.022694
"6939_10",0.971510
"6732_9",0.968231
"3689_1",0.001038
"10228_1",0.001531
"6314_3",0.005210
"4285_8",0.994646
"10086_10",0.947430
"9899_1",0.000936
"7556_10",0.994541
"12299_3",0.005041
"11872_3",0.031085
"4257_1",0.010043
"3028_7",0.765243
"2545_10",0.998070
"8036_4",0.010239
"5948_2",0.001734
"12113_1",0.004973
"1738_4",0.004086
"9808_10",0.883839
"2629_4",0.007907
"12003_9",0.911456
"6725_8",0.783077
"5383_8",0.995558
"12097_1",0.001421
"11402_9",0.996650
"3877_3",0.008164
"3765_4",0.248557
"11431_7",0.994531
"7419_3",0.002627
"9844_8",0.940189
"9753_1",0.001032
"12377_1",0.273138
"2775_10",0.973266
"11106_1",0.002047
"10015_8",0.988580
"9473_9",0.996669
"3633_9",0.998641
"9022_8",0.994203
"608_1",0.005160
"10724_1",0.000974
"1059_10",0.996235
"8413_3",0.009477
"2013_1",0.001528
"2814_10",0.991969
"9166_4",0.022672
"6566_7",0.509093
"9352_10",0.974797
"8123_1",0.004223
"10825_3",0.001853
"3735_8",0.996198
"7595_2",0.001814
"4946_1",0.009467
"8327_9",0.998054
"5140_2",0.006890
"10986_1",0.002566
"7385_8",0.853608
"3722_1",0.001697
"9799_2",0.009495
"1288_8",0.992093
"8089_1",0.119305
"11279_4",0.080683
"4845_10",0.985384
"8354_8",0.994800
"1373_10",0.568715
"5431_7",0.986205
"1245_2",0.004953
"11429_7",0.995198
"11606_4",0.067424
"4192_10",0.138171
"3443_1",0.011083
"4957_2",0.098903
"4971_8",0.992016
"913_1",0.014462
"10311_10",0.994739
"10558_9",0.995922
"304_10",0.993069
"7499_9",0.997444
"6529_10",0.995752
"2069_10",0.996249
"1366_10",0.990910
"10303_3",0.005160
"4476_8",0.994146
"8032_10",0.998221
"8392_8",0.994890
"10158_9",0.998077
"10886_7",0.992961
"1789_2",0.010570
"3113_1",0.005011
"7713_1",0.001782
"2685_10",0.997226
"9760_10",0.996676
"12401_10",0.986244
"2489_10",0.996434
"6382_1",0.000830
"2352_2",0.007247
"9440_1",0.000888
"10695_10",0.964722
"7297_8",0.868437
"11703_4",0.352439
"4733_1",0.001112
"1769_4",0.004340
"12219_7",0.997199
"1725_1",0.001427
"1711_8",0.643182
"7466_8",0.956675
"6987_10",0.996577
"12351_1",0.000795
"4929_10",0.997699
"10281_4",0.001595
"11555_7",0.995558
"2075_9",0.990750
"755_10",0.993359
"11705_8",0.993123
"1434_10",0.993229
"6189_7",0.115013
"3645_7",0.939304
"2963_9",0.996688
"3487_9",0.995085
"6368_7",0.991636
"2240_1",0.009241
"10126_9",0.996858
"5366_1",0.000818
"8058_10",0.994615
"10746_8",0.812458
"4852_3",0.009708
"5371_7",0.996062
"303_2",0.140336
"7169_4",0.107017
"4284_3",0.002434
"7539_2",0.001176
"11410_1",0.314531
"4710_2",0.001504
"7660_1",0.013134
"10378_8",0.993150
"10580_10",0.997608
"4295_1",0.008627
"4433_1",0.000991
"6959_9",0.996676
"6769_4",0.007711
"11996_1",0.000868
"10341_7",0.936634
"2337_1",0.002657
"11119_8",0.995254
"4228_2",0.003105
"3680_1",0.000750
"11256_1",0.001543
"1884_7",0.995047
"4750_8",0.997527
"4890_3",0.855066
"7159_10",0.998662
"10622_1",0.001307
"11753_1",0.016029
"8352_10",0.996517
"2188_9",0.997454
"6913_9",0.994169
"9193_1",0.000874
"9572_4",0.169406
"5136_2",0.002924
"4799_2",0.001817
"5045_8",0.992349
"9538_1",0.001134
"1565_4",0.247260
"12134_7",0.987067
"1437_8",0.993843
"5319_9",0.998828
"3709_10",0.996746
"2642_8",0.996146
"11143_9",0.989811
"864_10",0.995601
"9283_3",0.004673
"5089_9",0.997210
"9917_10",0.938407
"3800_7",0.990348
"6074_7",0.997322
"6433_7",0.996907
"6715_1",0.002023
"594_1",0.000758
"2469_1",0.002337
"3155_1",0.075619
"7458_10",0.987496
"2020_1",0.001294
"6921_8",0.995938
"9662_7",0.997363
"9567_7",0.991796
"5187_1",0.000782
"6831_4",0.001430
"7829_4",0.010881
"3868_3",0.015815
"2224_10",0.993123
"12015_1",0.001292
"841_1",0.004374
"224_3",0.002208
"4805_9",0.997792
"7513_2",0.023487
"7065_3",0.001846
"6192_3",0.123155
"6075_10",0.997608
"10611_7",0.994594
"10471_10",0.994203
"4198_10",0.976780
"10756_7",0.979315
"11960_1",0.095814
"2885_9",0.995217
"6837_3",0.042245
"1917_2",0.003517
"7143_3",0.005292
"1762_10",0.992031
"12066_10",0.997695
"8410_7",0.108189
"10729_4",0.154663
"6967_3",0.177775
"734_7",0.996093
"1524_10",0.998283
"2479_9",0.960063
"130_4",0.001305
"201_9",0.997498
"6157_9",0.989771
"9362_2",0.001183
"3858_10",0.994358
"9895_10",0.998553
"9953_3",0.005587
"4667_7",0.303158
"1951_1",0.000826
"8724_8",0.993397
"2886_7",0.142948
"7491_10",0.993176
"10403_4",0.036288
"7362_10",0.989317
"9466_9",0.996557
"9079_7",0.997503
"10171_1",0.009812
"9511_9",0.996517
"8775_1",0.032406
"6462_2",0.018833
"3129_2",0.024099
"12461_1",0.001957
"8541_10",0.863276
"4241_7",0.983036
"6533_10",0.208622
"12131_2",0.017729
"11577_4",0.004399
"6063_3",0.009671
"1760_9",0.911771
"3396_1",0.011115
"5385_8",0.994800
"7212_2",0.001123
"3522_8",0.990159
"1397_10",0.943348
"387_8",0.996392
"4143_9",0.993902
"9483_2",0.002401
"3250_10",0.994959
"8758_4",0.004298
"7551_10",0.998204
"2068_1",0.000826
"9534_9",0.996168
"11561_8",0.984351
"3083_2",0.008308
"2973_1",0.125762
"6574_10",0.996978
"5442_2",0.001116
"6343_3",0.011732
"6723_1",0.001595
"6252_8",0.943138
"8465_1",0.002200
"1906_7",0.060197
"7492_7",0.994760
"5508_7",0.986713
"5936_8",0.979076
"5086_8",0.984124
"2134_7",0.994840
"8301_4",0.749271
"8423_2",0.008822
"6241_10",0.997575
"8550_4",0.054702
"3330_10",0.992934
"8825_8",0.729110
"8030_1",0.001186
"4884_4",0.017376
"8391_9",0.957715
"9776_1",0.079675
"1389_7",0.788990
"12224_4",0.042325
"2162_7",0.995752
"8490_10",0.997792
"12003_4",0.048226
"11043_3",0.096621
"7266_2",0.006628
"4480_10",0.961786
"11954_9",0.994636
"3280_2",0.027559
"8084_2",0.001879
"3913_4",0.029451
"7353_10",0.994930
"3161_10",0.993891
"3941_1",0.001478
"7992_9",0.997019
"10742_10",0.997036
"69_10",0.991969
"10415_3",0.051558
"4818_10",0.995532
"5563_10",0.984321
"7018_10",0.994292
"8873_4",0.013756
"10593_3",0.001424
"12251_3",0.002301
"731_4",0.016834
"1195_10",0.997872
"7337_1",0.005631
"2448_7",0.997105
"4444_2",0.028544
"9223_2",0.026056
"463_8",0.996597
"4335_4",0.009927
"9635_8",0.985215
"8738_4",0.112942
"6724_1",0.003976
"5504_1",0.001230
"10185_1",0.005130
"901_9",0.994890
"10452_8",0.997663
"8289_10",0.995426
"10112_1",0.000644
"9950_8",0.996249
"8644_4",0.010829
"11534_7",0.996966
"5708_4",0.191139
"6781_1",0.001315
"3582_10",0.997183
"4591_7",0.978343
"3327_1",0.143248
"9536_9",0.992739
"3047_2",0.003945
"2830_9",0.996714
"4300_1",0.064007
"4160_4",0.032899
"11783_10",0.992739
"6029_9",0.993759
"6907_2",0.031889
"691_2",0.010368
"585_1",0.003900
"11182_3",0.079353
"10433_2",0.001433
"11201_2",0.030938
"588_7",0.951997
"2522_10",0.996220
"7002_2",0.000853
"2059_10",0.996695
"4925_10",0.993487
"7791_9",0.997065
"6392_10",0.995938
"3305_7",0.996198
"11951_10",0.996462
"12167_1",0.001204
"5814_10",0.997917
"2590_10",0.988358
"10571_3",0.004574
"5452_4",0.008856
"6480_10",0.988391
"11050_8",0.994615
"11523_3",0.001002
"6556_8",0.981436
"597_9",0.988971
"4049_3",0.050377
"6652_8",0.998945
"5591_4",0.135004
"12295_1",0.000913
"11478_10",0.997880
"6436_1",0.003191
"2487_2",0.006615
"7520_7",0.998032
"5203_9",0.998121
"6162_10",0.995609
"3840_4",0.051368
"7471_10",0.997636
"5021_1",0.001354
"5593_10",0.986297
"7489_10",0.994157
"1208_10",0.988820
"11983_10",0.996882
"23_4",0.004877
"3622_7",0.145844
"7821_1",0.002091
"9726_3",0.007108
"2890_10",0.997172
"11695_4",0.754666
"3751_10",0.997925
"5136_8",0.997059
"8730_7",0.992975
"4341_7",0.316297
"9148_3",0.001209
"6385_3",0.069038
"8560_8",0.796688
"766_2",0.003396
"8847_10",0.993096
"7455_1",0.000796
"3187_8",0.944485
"9683_1",0.000977
"7744_10",0.995566
"11136_10",0.993891
"214_1",0.001310
"2105_9",0.996617
"1265_10",0.995363
"9122_2",0.007526
"9296_10",0.996024
"8107_2",0.002265
"8134_2",0.027092
"3788_10",0.997048
"2429_10",0.996343
"8567_1",0.000792
"7400_10",0.929216
"1789_7",0.321357
"11098_2",0.002884
"918_10",0.813831
"3389_10",0.987154
"3754_1",0.039490
"8807_9",0.990786
"7900_9",0.998081
"6541_1",0.004495
"981_1",0.005533
"2142_9",0.996503
"1639_1",0.010418
"4162_1",0.000868
"2476_10",0.995161
"9941_4",0.123524
"4020_3",0.030589
"6823_4",0.011881
"6236_2",0.000836
"7793_4",0.130784
"7431_9",0.998448
"6864_7",0.296769
"184_9",0.196363
"735_7",0.952397
"1673_8",0.998103
"6209_1",0.001112
"4167_10",0.996039
"7854_1",0.013795
"6281_7",0.984411
"3045_1",0.001207
"598_9",0.995514
"5411_10",0.998693
"3781_4",0.023667
"10627_2",0.004265
"11283_2",0.110231
"4594_8",0.930268
"12424_7",0.985635
"6705_8",0.979707
"5274_8",0.950824
"2107_7",0.970826
"10685_7",0.941331
"1992_10",0.990197
"6711_1",0.001504
"1899_10",0.970409
"6307_9",0.996116
"5702_10",0.995874
"6865_7",0.996039
"5047_10",0.994281
"2762_8",0.991985
"2830_4",0.006654
"9305_7",0.964556
"4358_1",0.001614
"7558_10",0.996852
"8607_10",0.996570
"4599_9",0.983263
"5267_4",0.009495
"5667_10",0.990496
"10108_8",0.997317
"8432_3",0.008908
"845_2",0.015845
"552_2",0.216757
"169_7",0.994667
"12311_1",0.001585
"5884_3",0.005080
"2938_4",0.989192
"11378_7",0.713045
"7337_10",0.996597
"4378_7",0.992626
"4660_10",0.994870
"2461_4",0.021657
"7011_10",0.998043
"9907_2",0.000924
"6134_2",0.003832
"1548_1",0.060836
"157_3",0.009458
"2189_2",0.001614
"9021_3",0.077938
"7699_1",0.001904
"9298_1",0.001110
"539_3",0.099121
"10243_2",0.001927
"8659_9",0.990292
"10748_8",0.983581
"6757_4",0.012528
"7196_8",0.993474
"2579_9",0.995601
"5896_10",0.994499
"2308_9",0.992304
"12318_1",0.004486
"12244_4",0.002862
"10131_7",0.994698
"3608_4",0.009241
"10891_10",0.996503
"10517_10",0.993996
"2180_8",0.975901
"2498_7",0.990310
"3382_1",0.001860
"12196_4",0.031919
"7079_3",0.009831
"562_8",0.018761
"984_3",0.006039
"7756_10",0.995914
"11553_1",0.001484
"1880_4",0.007823
"9842_7",0.972650
"795_3",0.001197
"11707_10",0.992640
"8457_9",0.996721
"2483_4",0.003105
"4903_3",0.187058
"12223_2",0.001789
"8418_2",0.001359
"6194_10",0.998562
"3214_10",0.997650
"12208_3",0.002170
"7001_10",0.996765
"8533_8",0.990422
"8236_4",0.007417
"2867_1",0.001893
"7876_9",0.997327
"9640_8",0.995408
"11866_3",0.006181
"4262_4",0.009522
"5711_4",0.054349
"214_9",0.990857
"9641_4",0.018689
"9086_9",0.998339
"12088_2",0.001197
"76_8",0.994830
"1537_10",0.995652
"10510_2",0.001048
"778_1",0.014928
"458_9",0.990292
"12472_1",0.000754
"7914_1",0.219463
"8595_10",0.998136
"7741_4",0.027350
"9056_4",0.011597
"538_4",0.017160
"12049_4",0.027066
"9613_8",0.990121
"7051_4",0.013558
"2549_7",0.995890
"12139_3",0.005150
"4006_7",0.985828
"11662_10",0.996752
"497_2",0.002975
"5556_2",0.004332
"8287_10",0.994998
"4712_9",0.996833
"8237_1",0.001097
"4466_9",0.996462
"4141_1",0.005786
"3303_10",0.986866
"5384_2",0.001123
"8494_1",0.000772
"5127_2",0.236076
"6961_9",0.996329
"10856_1",0.001782
"9421_7",0.959800
"3776_10",0.995922
"5958_1",0.001953
"6227_8",0.996821
"10991_1",0.002055
"7996_10",0.996329
"12372_9",0.991204
"1460_2",0.734691
"10183_1",0.001330
"2829_4",0.001188
"9797_4",0.006027
"2988_3",0.001674
"3974_3",0.107017
"11419_4",0.001156
"11472_7",0.877634
"8489_7",0.992393
"11938_4",0.014943
"1057_8",0.992865
"7213_1",0.001755
"2615_10",0.762512
"3101_1",0.002213
"7553_1",0.001714
"10258_1",0.011530
"8551_10",0.997285
"11233_4",0.007461
"2996_4",0.172520
"8670_3",0.042802
"10586_9",0.915205
"501_10",0.997663
"11398_9",0.997855
"9223_8",0.997269
"5432_9",0.941493
"7517_10",0.997210
"11616_7",0.962285
"5055_2",0.001167
"9285_1",0.002668
"5175_1",0.001151
"872_1",0.000776
"8890_7",0.995309
"178_2",0.001949
"10660_4",0.035847
"11461_4",0.515986
"9461_8",0.988470
"3992_3",0.004248
"1173_1",0.004110
"8261_10",0.988657
"10007_4",0.002132
"10751_10",0.994880
"5021_8",0.995592
"10553_7",0.983311
"12464_8",0.995906
"8616_8",0.997036
"9697_1",0.011676
"2800_1",0.000708
"521_1",0.004118
"7535_10",0.997337
"4352_9",0.934634
"2246_10",0.996948
"7039_4",0.008619
"10344_4",0.001923
"12195_10",0.994499
"3671_4",0.042483
"1767_2",0.001510
"6536_1",0.003390
"8951_1",0.005251
"12462_9",0.996517
"8489_2",0.058696
"11884_10",0.997880
"8602_1",0.042603
"9229_1",0.002699
"10611_3",0.006438
"6764_4",0.144813
"2612_1",0.005512
"213_3",0.003524
"1987_2",0.001297
"3082_9",0.994541
"10504_7",0.979096
"8862_9",0.993537
"5512_10",0.912202
"3198_10",0.996765
"11521_1",0.001652
"9841_8",0.901010
"1781_10",0.997258
"8389_1",0.002591
"10225_1",0.000951
"1403_4",0.002458
"3792_8",0.989470
"4361_9",0.997363
"6579_7",0.969091
"3891_2",0.018387
"10782_8",0.991456
"12290_2",0.002576
"1710_1",0.002247
"5507_7",0.984215
"10523_1",0.005374
"6722_10",0.017062
"3401_10",0.996116
"8079_1",0.001525
"5650_10",0.994314
"1843_4",0.008520
"8228_7",0.807537
"1138_8",0.992865
"7943_9",0.991238
"2219_4",0.001507
"11675_4",0.013210
"7748_9",0.997622
"3859_1",0.001073
"1497_1",0.002337
"2115_10",0.996833
"9622_4",0.001065
"9482_10",0.994214
"9084_2",0.021781
"2744_1",0.000993
"6599_3",0.004610
"10991_10",0.992906
"8444_9",0.996650
"1362_3",0.013467
"6820_10",0.996972
"10806_3",0.207938
"5509_3",0.652560
"1939_8",0.981095
"498_1",0.002952
"12238_10",0.068475
"4154_4",0.002261
"11557_1",0.001413
"6658_7",0.994477
"1183_2",0.001328
"3764_10",0.945248
"12421_3",0.011321
"8166_1",0.004925
"88_10",0.994790
"6291_7",0.991305
"4637_2",0.003869
"4194_10",0.993574
"9020_10",0.995345
"9749_8",0.986111
"3308_1",0.003185
"2569_9",0.997933
"9696_8",0.992975
"8680_1",0.004086
"10469_3",0.000831
"6208_1",0.000964
"9862_3",0.168549
"7663_10",0.994031
"811_10",0.997237
"5452_8",0.996483
"4347_10",0.991187
"10922_8",0.992975
"10466_3",0.007247
"11650_8",0.998193
"5126_4",0.037857
"3454_8",0.986688
"11021_10",0.997876
"1160_1",0.000742
"1948_10",0.997188
"8741_10",0.448487
"8996_4",0.612324
"11572_2",0.005730
"2183_7",0.983423
"1779_9",0.989347
"5466_10",0.994998
"1756_1",0.001573
"7777_3",0.002576
"429_3",0.068475
"1736_10",0.996235
"1746_10",0.996093
"7613_8",0.992947
"4315_10",0.993202
"12186_10",0.995327
"4231_8",0.994467
"659_8",0.996840
"7739_10",0.997830
"43_10",0.999011
"2960_4",0.001564
"11665_4",0.005501
"4399_9",0.998445
"6993_8",0.993783
"6523_10",0.996778
"7068_1",0.001636
"3005_1",0.188735
"10419_8",0.997864
"3160_2",0.014532
"1881_10",0.909626
"5623_10",0.963882
"2263_10",0.997717
"5736_8",0.995685
"550_3",0.007614
"368_4",0.684818
"9100_10",0.995777
"930_3",0.139455
"866_10",0.995719
"11251_7",0.997993
"10708_9",0.967225
"247_2",0.008873
"4080_10",0.988335
"2104_10",0.998329
"8_2",0.003884
"1485_3",0.001441
"3133_1",0.006364
"331_10",0.998451
"12213_1",0.001335
"2825_3",0.008899
"8316_3",0.007080
"11102_3",0.001134
"9719_1",0.002341
"1951_7",0.991505
"10577_1",0.000742
"9941_9",0.995930
"12246_1",0.000826
"7579_4",0.026989
"7111_7",0.986713
"1068_3",0.001277
"1872_4",0.319473
"834_4",0.184070
"12088_7",0.479686
"7785_3",0.481271
"7364_10",0.992640
"4441_2",0.005080
"3957_10",0.998396
"7789_1",0.007066
"3296_1",0.005480
"6656_8",0.789761
"7366_2",0.001399
"10579_10",0.994969
"1292_8",0.986481
"3172_10",0.990642
"4948_10",0.998539
"8690_3",0.003046
"3279_1",0.002556
"7221_3",0.007570
"6376_2",0.124692
"4901_4",0.006145
"1591_10",0.995744
"2905_4",0.006157
"8656_7",0.906653
"10100_3",0.061115
"6918_10",0.967778
"7105_8",0.992683
"8220_10",0.992975
"916_3",0.003063
"7831_8",0.170923
"11118_10",0.997796
"7993_10",0.994066
"2665_3",0.041774
"1680_2",0.004877
"632_8",0.997358
"5838_10",0.996966
"4039_9",0.997603
"309_3",0.025541
"6715_7",0.911928
"9130_4",0.009064
"722_10",0.996925
"9485_3",0.001949
"5421_9",0.985896
"2053_4",0.002187
"8824_4",0.008933
"906_4",0.046335
"4325_4",0.088229
"3131_1",0.110279
"4732_10",0.933703
"7628_1",0.008062
"3903_8",0.981718
"2781_7",0.987935
"2530_1",0.001158
"8740_9",0.990945
"9456_4",0.000977
"8705_10",0.992837
"9894_4",0.038250
"7573_10",0.998062
"117_1",0.000874
"1578_7",0.021553
"2822_9",0.995523
"2544_10",0.997183
"10988_10",0.996307
"9846_3",0.001080
"6242_3",0.002632
"5626_3",0.208139
"4053_9",0.991938
"10157_8",0.995345
"10582_2",0.000763
"11091_1",0.004992
"10436_8",0.998636
"3432_8",0.994191
"3007_3",0.175644
"11467_4",0.121999
"9877_8",0.091870
"4839_1",0.001065
"2766_3",0.021105
"11528_9",0.996008
"4327_1",0.000814
"8087_10",0.993926
"3394_10",0.998796
"4690_4",0.513729
"11642_8",0.103749
"2603_1",0.004054
"9578_8",0.991828
"8316_10",0.992767
"8184_9",0.992525
"9764_10",0.998107
"3248_2",0.000899
"5784_3",0.007247
"3686_1",0.000796
"10901_10",0.966379
"606_9",0.994380
"6887_1",0.001495
"4240_4",0.031292
"977_9",0.997518
"2232_7",0.993879
"4107_8",0.991505
"11897_10",0.998798
"10418_8",0.993914
"5274_1",0.034881
"5978_10",0.995793
"6781_7",0.988831
"6704_10",0.992767
"8290_4",0.011564
"9826_8",0.915129
"10066_1",0.198142
"1135_1",0.003403
"6683_9",0.997722
"9991_8",0.992683
"1710_10",0.992244
"4774_2",0.002683
"3621_2",0.063919
"9258_1",0.005664
"12244_8",0.998016
"401_1",0.000975
"11869_10",0.996343
"3092_3",0.002208
"2910_7",0.995694
"961_1",0.114814
"6927_7",0.987841
"4819_2",0.001167
"658_7",0.960324
"5477_2",0.035746
"7766_1",0.001042
"4159_3",0.007771
"5010_10",0.991587
"11093_3",0.066387
"7287_10",0.999164
"3462_9",0.995123
"1652_1",0.005312
"12077_2",0.035079
"3798_10",0.960694
"2696_10",0.996943
"2803_8",0.995497
"11941_2",0.001101
"8090_8",0.992423
"6994_4",0.018247
"1242_7",0.996350
"8828_9",0.994790
"1346_1",0.001038
"468_1",0.004764
"3665_4",0.007233
"4476_4",0.118334
"6043_9",0.991439
"5830_3",0.001008
"3159_10",0.997188
"6975_1",0.899431
"7338_1",0.001042
"1424_10",0.934455
"6487_7",0.992093
"3023_7",0.985072
"4749_3",0.007317
"4596_3",0.061734
"4681_8",0.997449
"4235_1",0.003938
"2912_8",0.903465
"6552_1",0.001399
"4329_1",0.003615
"3876_1",0.004078
"9168_9",0.987723
"8747_10",0.963403
"11842_10",0.997650
"5612_10",0.996286
"10371_8",0.994646
"4804_7",0.991684
"4914_7",0.599133
"2520_3",0.175821
"8053_3",0.001176
"11302_4",0.029788
"4766_1",0.533276
"1820_4",0.089574
"4668_1",0.001786
"3521_2",0.004102
"3467_7",0.996550
"1885_4",0.032131
"4206_1",0.006217
"2774_10",0.990385
"12060_1",0.001984
"5664_10",0.451720
"7078_10",0.995834
"4797_8",0.996637
"2735_3",0.000987
"7981_4",0.053502
"10440_7",0.986165
"11611_7",0.995291
"5553_1",0.013611
"12415_2",0.378244
"10807_3",0.052473
"5539_1",0.004340
"9489_10",0.995858
"11053_10",0.993307
"7493_10",0.996870
"10400_4",0.013782
"9856_10",0.994830
"6813_10",0.993747
"679_10",0.995282
"7502_3",0.001919
"3842_7",0.975414
"7800_10",0.997479
"4253_9",0.993698
"2103_1",0.006027
"9581_3",0.042364
"7335_10",0.994770
"3304_8",0.726692
"12276_3",0.044225
"5451_3",0.003260
"1873_3",0.020528
"5857_7",0.011984
"5423_10",0.996476
"6400_10",0.994959
"6419_3",0.001555
"3775_4",0.003780
"5165_8",0.935287
"6555_1",0.007149
"3806_4",0.006680
"8584_7",0.994020
"5390_7",0.994413
"10965_1",0.002035
"6680_9",0.998335
"5034_1",0.002283
"7718_2",0.001059
"2688_4",0.237952
"9107_2",0.001405
"5993_1",0.001399
"7456_10",0.995985
"8581_8",0.997603
"8852_3",0.001513
"4239_10",0.994270
"9012_10",0.995898
"6661_9",0.995898
"6786_10",0.927133
"12257_3",0.027690
"8700_8",0.822189
"8848_8",0.993926
"11377_4",0.003780
"4722_2",0.015439
"8546_9",0.991373
"3091_4",0.001846
"4124_7",0.069007
"10860_10",0.998954
"2684_10",0.988657
"4968_10",0.997859
"10785_4",0.002043
"4871_8",0.995677
"1064_8",0.997110
"9452_2",0.003167
"9965_1",0.000787
"1358_10",0.926003
"12094_10",0.995282
"415_10",0.993029
"8308_10",0.545044
"11112_9",0.994760
"6271_4",0.017611
"7324_8",0.995523
"7950_8",0.996901
"8880_3",0.001088
"5610_7",0.985300
"3918_8",0.997105
"7209_2",0.000989
"4916_10",0.997937
"6782_3",0.161221
"5607_3",0.001793
"5492_10",0.998584
"2824_3",0.001901
"1533_10",0.995660
"9663_9",0.991389
"11087_3",0.001282
"3360_1",0.003552
"12040_1",0.000820
"329_10",0.998496
"4819_7",0.992961
"11985_8",0.891197
"6491_4",0.036563
"7151_10",0.996901
"6807_10",0.997337
"3353_10",0.981962
"3592_10",0.997327
"928_10",0.974941
"3100_7",0.956594
"7390_3",0.003099
"8466_8",0.799364
"777_10",0.998147
"10007_10",0.997414
"7673_1",0.003292
"8255_1",0.081996
"3734_8",0.993307
"6217_10",0.129128
"2264_1",0.114072
"7637_7",0.987700
"3494_3",0.012970
"1012_1",0.003034
"9796_2",0.049040
"444_2",0.001193
"10968_8",0.992393
"8328_10",0.997888
"2417_8",0.996476
"253_3",0.001796
"3740_8",0.984048
"5904_3",0.344926
"6664_8",0.989275
"12027_1",0.000750
"8658_10",0.226014
"4505_1",0.000854
"1008_10",0.997071
"7922_3",0.012858
"655_10",0.992781
"6383_10",0.997708
"5868_1",0.013134
"7827_10",0.994880
"722_3",0.028981
"3933_4",0.001507
"1358_3",0.003930
"8939_8",0.996610
"9502_10",0.990235
"4798_9",0.997215
"7088_3",0.048361
"9904_3",0.002591
"11214_2",0.003773
"11293_8",0.915015
"11924_10",0.993673
"6168_8",0.995075
"4329_10",0.994020
"10345_3",0.003657
"5512_3",0.007247
"1291_1",0.001383
"7568_3",0.000888
"2747_4",0.012933
"7484_1",0.000822
"3915_2",0.000806
"8527_4",0.003370
"4686_10",0.988766
"6909_1",0.005041
"10587_10",0.989182
"9167_8",0.996213
"4739_4",0.796094
"6266_4",0.016356
"6155_10",0.997888
"11409_9",0.911259
"3874_7",0.728821
"7049_3",0.042404
"11158_2",0.009277
"5714_10",0.995372
"11248_1",0.001006
"8854_3",0.847463
"3191_4",0.027481
"5537_7",0.972624
"4919_7",0.972178
"8109_9",0.997290
"7476_4",0.008916
"5890_10",0.996663
"5837_10",0.997905
"2623_9",0.997065
"5033_1",0.002278
"12055_8",0.995626
"8420_4",0.007475
"5854_10",0.997183
"9631_7",0.956309
"11705_3",0.035982
"3869_7",0.994677
"10836_9",0.997188
"7027_1",0.001287
"55_4",0.002319
"11124_8",0.996399
"3533_3",0.002145
"1552_10",0.998289
"11307_1",0.001179
"11974_7",0.892937
"7246_3",0.010976
"10648_3",0.001576
"11991_10",0.963950
"10494_8",0.996676
"8109_1",0.000856
"4764_1",0.001504
"3527_1",0.000983
"4059_9",0.997537
"3729_4",0.005697
"5073_4",0.822546
"4984_9",0.997672
"2371_10",0.982490
"9597_10",0.994456
"10823_9",0.997717
"3123_10",0.995075
"2951_10",0.994043
"9800_1",0.001020
"1824_3",0.023286
"6238_2",0.007219
"8830_9",0.988788
"12355_8",0.991489
"4002_10",0.996336
"405_10",0.989161
"4314_1",0.012576
"9201_10",0.997884
"10466_8",0.997532
"3736_2",0.002964
"1641_10",0.997838
"3381_1",0.037503
"11711_9",0.996271
"4970_3",0.030072
"6958_10",0.994920
"646_9",0.997884
"3590_9",0.997627
"7218_9",0.996752
"5091_10",0.997269
"8820_2",0.337060
"3938_8",0.994347
"2616_10",0.394667
"7808_1",0.001292
"3508_10",0.996990
"8974_8",0.996746
"4383_4",0.446223
"6360_4",0.084078
"2759_8",0.994573
"7417_1",0.000776
"10880_1",0.001200
"5488_2",0.003436
"8015_9",0.964921
"6484_3",0.020081
"10117_1",0.001038
"11363_1",0.001504
"3334_7",0.971537
"3369_7",0.871092
"9609_1",0.001674
"8396_10",0.990273
"8267_10",0.990768
"10335_7",0.995601
"1973_4",0.048722
"7123_10",0.995514
"6949_9",0.997985
"10652_4",0.010150
"10256_4",0.001573
"4557_9",0.997997
"8929_1",0.005797
"2429_1",0.004673
"3994_1",0.048812
"11454_7",0.157655
"11874_4",0.118487
"4891_3",0.033180
"2216_7",0.997093
"2039_4",0.014159
"505_1",0.007786
"313_1",0.001362
"3383_2",0.002862
"9453_7",0.118845
"426_9",0.040846
"311_10",0.996931
"11291_10",0.994314
"835_8",0.990366
"2143_9",0.990587
"8200_2",0.008405
"11716_2",0.995938
"3786_2",0.016593
"3818_4",0.004007
"12106_1",0.001030
"2605_4",0.104067
"10518_7",0.983311
"3932_8",0.963984
"7515_4",0.006133
"9857_10",0.936343
"449_3",0.128525
"3573_9",0.998121
"10198_8",0.973645
"2286_9",0.998454
"6906_3",0.005797
"3807_2",0.027195
"11602_8",0.322006
"10201_7",0.992851
"8717_8",0.994423
"10411_10",0.995540
"11099_3",0.001681
"5619_10",0.834272
"9252_10",0.990945
"6097_10",0.997913
"6467_1",0.000970
"2757_2",0.004382
"1869_10",0.997343
"5192_2",0.006513
"11399_10",0.995818
"898_3",0.128908
"6820_2",0.002051
"768_2",0.004223
"1783_10",0.993961
"8102_9",0.991603
"7818_2",0.012674
"2444_10",0.995180
"3965_4",0.001416
"7086_4",0.640478
"10556_3",0.034424
"5221_1",0.004700
"4322_10",0.997019
"7371_1",0.000897
"1318_8",0.983295
"8142_3",0.009223
"3413_10",0.906073
"3845_9",0.996882
"7323_1",0.002627
"5273_3",0.003922
"11812_4",0.056496
"5737_7",0.976935
"7260_2",0.041970
"5018_3",0.014842
"7779_10",0.994225
"894_7",0.826607
"11940_3",0.001458
"2471_7",0.634572
"6605_10",0.965867
"282_10",0.923109
"12402_3",0.102394
"7974_1",0.000785
"12280_7",0.992229
"10917_2",0.002616
"12164_1",0.002969
"3181_1",0.004565
"11240_1",0.212640
"11255_9",0.989801
"2318_2",0.001255
"4976_7",0.993624
"1822_8",0.997076
"11724_7",0.740901
"3499_3",0.001310
"9439_9",0.927133
"5469_10",0.995123
"7612_9",0.998886
"3947_8",0.994910
"11269_1",0.001092
"5771_8",0.993474
"4461_8",0.993229
"5683_9",0.997880
"639_1",0.000938
"9896_3",0.731706
"5131_8",0.969699
"5961_3",0.001927
"5741_2",0.003087
"6418_4",0.553294
"5416_1",0.000940
"3114_7",0.992781
"3587_3",0.013441
"5472_10",0.996864
"9802_9",0.991571
"4313_3",0.096068
"2921_7",0.993123
"11468_8",0.962848
"12250_10",0.997859
"3481_10",0.993734
"2067_2",0.001204
"8574_4",0.037715
"861_9",0.996350
"10381_2",0.001165
"5479_1",0.077797
"1107_9",0.992274
"4475_1",0.000981
"469_2",0.005364
"605_4",0.069415
"2182_1",0.003714
"9401_7",0.994563
"2518_8",0.994123
"5329_8",0.994688
"3202_1",0.001197
"256_4",0.048496
"7235_3",0.007823
"4661_3",0.975012
"11045_1",0.003615
"1417_4",0.005888
"4186_10",0.965835
"985_4",0.007846
"6553_1",0.010766
"3118_1",0.010850
"3297_1",0.002736
"5843_10",0.937612
"7645_7",0.993587
"11958_1",0.000936
"10823_3",0.004256
"5097_4",0.062474
"4344_10",0.998085
"5442_8",0.963575
"11969_10",0.727250
"7015_10",0.994959
"1419_4",0.062245
"914_1",0.001504
"11911_8",0.926968
"5930_8",0.561575
"3853_10",0.994391
"9404_1",0.000804
"207_9",0.996385
"2018_1",0.000929
"11192_7",0.164751
"6679_4",0.172102
"1184_3",0.001183
"3291_10",0.993661
"12323_9",0.996455
"7524_1",0.001408
"443_8",0.997909
"7964_1",0.002103
"730_1",0.001264
"8969_7",0.993359
"8581_3",0.019776
"12152_4",0.006027
"4528_10",0.939304
"5984_2",0.000790
"4446_10",0.996213
"7039_8",0.981113
"591_8",0.995668
"6869_7",0.993069
"1836_7",0.994820
"4183_10",0.996055
"8590_1",0.001190
"5647_10",0.988799
"11076_10",0.995354
"11241_1",0.002401
"876_10",0.997804
"8390_1",0.001240
"1462_9",0.957318
"8362_7",0.277534
"3400_1",0.001810
"2318_8",0.997363
"5389_4",0.189821
"8617_4",0.004007
"9200_10",0.992184
"8878_10",0.997589
"12110_1",0.146331
"9101_10",0.996462
"4967_3",0.014602
"12436_1",0.000851
"8845_4",0.014077
"3420_4",0.048722
"7428_7",0.944280
"11769_10",0.997640
"7025_1",0.017780
"1561_10",0.996708
"3704_1",0.001620
"3529_8",0.992199
"12234_4",0.267456
"10600_3",0.006771
"1028_4",0.034717
"6764_10",0.998249
"1815_2",0.013835
"10953_4",0.002136
"2809_7",0.993002
"8393_10",0.997373
"2743_1",0.059702
"10711_10",0.998348
"6173_10",0.997779
"9664_7",0.695790
"6335_3",0.002015
"1665_4",0.010418
"4174_10",0.996695
"2038_1",0.000772
"3717_10",0.992334
"9361_10",0.992906
"415_1",0.003587
"1460_9",0.997269
"5915_4",0.053750
"7187_3",0.002981
"11050_1",0.001449
"8822_10",0.996827
"12407_1",0.001174
"4543_2",0.001561
"10560_9",0.997337
"9108_10",0.997681
"2999_9",0.994314
"1703_7",0.996000
"206_2",0.000995
"2095_3",0.001912
"6454_8",0.993973
"2773_1",0.000812
"6252_1",0.002314
"2848_7",0.577912
"6887_10",0.998118
"8660_1",0.001688
"1675_9",0.991812
"9842_1",0.001430
"9118_10",0.986520
"5793_4",0.058750
"941_10",0.995866
"8832_1",0.015365
"7584_3",0.011310
"9746_10",0.996000
"1965_10",0.997363
"5346_10",0.997753
"9738_4",0.170888
"5905_9",0.997993
"336_1",0.002823
"5621_1",0.000886
"5976_10",0.996972
"3000_8",0.994314
"5172_7",0.994998
"311_3",0.000873
"2035_4",0.752581
"6084_10",0.995809
"7284_9",0.996016
"6449_8",0.959724
"8671_3",0.019457
"636_9",0.620018
"11330_8",0.997258
"1300_1",0.122523
"11538_1",0.002310
"5159_3",0.038071
"3742_9",0.998695
"11281_9",0.821223
"4128_1",0.011180
"4382_7",0.892516
"862_3",0.008389
"5941_8",0.994413
"8576_3",0.031144
"10570_1",0.000803
"10682_3",0.474022
"12497_10",0.995660
"2026_7",0.983391
"9657_10",0.996784
"999_8",0.994708
"1664_2",0.116613
"1795_8",0.752422
"4280_4",0.905948
"952_10",0.997013
"4725_7",0.998312
"8162_2",0.002596
"10062_9",0.260766
"4719_10",0.996960
"10388_4",0.156717
"6183_9",0.995744
"3703_8",0.992654
"11259_4",0.080755
"8578_8",0.998505
"12040_9",0.996913
"6500_7",0.993487
"3473_10",0.996925
"11784_4",0.095392
"613_10",0.997317
"4631_1",0.011019
"2426_10",0.960768
"7088_7",0.994225
"5851_7",0.991289
"3904_2",0.000741
"1329_7",0.085671
"2160_7",0.972519
"4796_10",0.993333
"8760_1",0.016673
"7859_8",0.989161
"4251_10",0.996413
"8143_4",0.018458
"11713_9",0.997888
"5037_10",0.997532
"9621_7",0.995961
"2600_10",0.994499
"2027_1",0.000904
"8225_1",0.006552
"12463_10",0.954478
"7842_8",0.959345
"4768_2",0.042802
"2644_1",0.001030
"4193_7",0.962321
"5150_7",0.965867
"5942_7",0.995668
"8293_1",0.002178
"6046_10",0.165088
"12148_9",0.995842
"966_10",0.043083
"6428_8",0.996544
"12465_2",0.003907
"342_10",0.241691
"9246_4",0.000890
"8683_4",0.130451
"627_7",0.930173
"5614_4",0.032930
"4546_3",0.007461
"4384_1",0.002812
"3144_1",0.015529
"9530_10",0.990064
"10558_4",0.002591
"619_1",0.000772
"11594_9",0.994910
"6511_7",0.984366
"8351_7",0.897919
"9163_3",0.001846
"12078_1",0.001890
"5489_8",0.992349
"4191_1",0.000966
"2373_10",0.149625
"8664_4",0.327018
"4556_2",0.015664
"9004_8",0.998364
"1357_4",0.002867
"152_10",0.997917
"2977_1",0.000859
"8812_1",0.001475
"8544_4",0.009936
"4821_2",0.006615
"7874_8",0.942771
"1689_1",0.001671
"9654_1",0.001513
"9363_2",0.004709
"8959_1",0.001341
"6113_1",0.035444
"10702_1",0.002828
"1839_4",0.023131
"10587_1",0.064506
"11715_3",0.968321
"12252_8",0.996070
"9480_3",0.000838
"6438_1",0.051225
"3762_9",0.996550
"5350_10",0.993587
"3927_9",0.994008
"9598_2",0.040541
"3930_3",0.001531
"6647_1",0.001131
"9251_10",0.996406
"5926_2",0.004273
"11530_8",0.987771
"1625_3",0.046812
"10515_8",0.780412
"11185_10",0.994770
"8675_10",0.998595
"3701_1",0.033876
"9222_10",0.994940
"6253_10",0.997690
"4657_7",0.704160
"10013_9",0.995540
"4938_10",0.998427
"3073_10",0.994979
"9081_8",0.998200
"6928_8",0.996752
"217_3",0.001138
"2927_3",0.008779
"2379_1",0.015439
"10476_2",0.119100
"8640_10",0.996796
"2810_3",0.002873
"6433_1",0.001154
"6390_10",0.977650
"11829_8",0.983769
"7581_10",0.995104
"11836_3",0.020313
"2794_1",0.016689
"5263_1",0.000868
"1041_10",0.996821
"7296_1",0.071591
"10557_8",0.994810
"5339_9",0.992349
"4766_8",0.997082
"8126_3",0.042127
"9876_2",0.000839
"2443_4",0.001626
"10179_10",0.992259
"6211_3",0.001088
"925_10",0.995123
"5050_8",0.998657
"1891_10",0.991505
"4767_3",0.272170
"11625_10",0.997082
"3388_2",0.000781
"4908_3",0.001269
"11205_9",0.900048
"2228_10",0.993831
"11236_1",0.009888
"2367_10",0.997076
"5060_3",0.001147
"3292_1",0.005374
"11282_2",0.000949
"5307_10",0.997617
"6963_4",0.113138
"1319_10",0.995677
"9660_1",0.005070
"7254_9",0.997226
"9441_10",0.996557
"3838_4",0.350276
"6209_8",0.958499
"3049_9",0.997379
"3033_4",0.068975
"784_4",0.000836
"3921_3",0.002606
"9196_8",0.995488
"7652_3",0.994270
"11650_1",0.003945
"1548_10",0.995236
"10770_7",0.969003
"3283_9",0.995104
"1567_1",0.010560
"10405_4",0.002556
"6980_1",0.000892
"12218_4",0.051702
"5250_10",0.994303
"11977_10",0.997498
"10602_2",0.003483
"11178_10",0.993879
"9590_10",0.966156
"1260_10",0.995426
"8367_10",0.998186
"2571_7",0.986879
"7422_1",0.000876
"5486_7",0.964422
"2282_8",0.997110
"6119_2",0.065695
"1433_8",0.996550
"12365_4",0.132290
"10535_3",0.000873
"5464_1",0.002314
"9983_7",0.992408
"10209_7",0.995056
"3777_1",0.724237
"12443_10",0.996462
"1488_4",0.478894
"8670_9",0.991084
"1258_10",0.996146
"9_7",0.993385
"12175_9",0.995075
"211_10",0.989358
"6329_7",0.951369
"8866_10",0.990714
"5911_9",0.997459
"6100_1",0.011190
"6342_9",0.886076
"5455_4",0.010839
"1215_1",0.001601
"11020_3",0.001020
"7975_1",0.001430
"6720_2",0.001044
"8986_10",0.993612
"4874_9",0.995488
"7204_1",0.002392
"2612_10",0.907476
"6923_9",0.996406
"5742_10",0.990927
"5044_3",0.014714
"5013_9",0.992349
"9752_8",0.998183
"1112_8",0.997708
"10925_8",0.998472
"7012_4",0.211132
"11484_10",0.994236
"883_4",0.036288
"2398_10",0.998077
"8990_8",0.653790
"1194_10",0.996537
"2313_1",0.005555
"9584_1",0.000934
"11638_10",0.997183
"5995_3",0.029479
"4456_10",0.998908
"321_1",0.482246
"7147_1",0.013624
"10212_4",0.025371
"7960_10",0.992654
"8022_7",0.953144
"11649_9",0.992481
"8442_8",0.991954
"8976_1",0.024563
"9199_10",0.997459
"8925_10",0.994520
"3079_2",0.002039
"7727_10",0.997429
"2338_1",0.007135
"3221_2",0.001151
"288_7",0.988558
"7150_10",0.995652
"7520_1",0.001652
"11477_10",0.997002
"7765_9",0.997518
"10062_4",0.002884
"10616_10",0.993771
"10592_8",0.991780
"6745_4",0.807499
"7912_2",0.004637
"1130_8",0.910903
"11096_4",0.009652
"10081_1",0.001216
"3808_10",0.983391
"394_4",0.009671
"7080_3",0.005577
"4479_10",0.994347
"11417_7",0.823399
"8402_3",0.202167
"6669_9",0.997215
"1494_10",0.995208
"7980_3",0.001140
"11366_10",0.990660
"7566_1",0.001067
"3778_1",0.039825
"317_2",0.003736
"8475_7",0.986284
"11012_2",0.029760
"11936_4",0.043003
"145_9",0.991716
"11427_1",0.003538
"2204_1",0.002694
"3373_8",0.990083
"4640_4",0.360968
"521_7",0.218962
"2871_2",0.291119
"9823_8",0.200989
"5893_1",0.004718
"8541_2",0.009003
"3403_3",0.001348
"8660_9",0.997739
"7046_3",0.001501
"338_1",0.001370
"9541_1",0.000754
"12179_7",0.964722
"9663_3",0.025638
"6948_3",0.011846
"10308_10",0.996271
"11027_10",0.992988
"6174_3",0.001200
"10151_8",0.995842
"10665_1",0.009559
"6453_2",0.002571
"3619_2",0.002941
"3114_1",0.002987
"1309_2",0.003671
"8468_1",0.003992
"8292_10",0.998279
"1955_1",0.001934
"4498_9",0.998024
"8075_9",0.993783
"10528_8",0.921251
"253_10",0.995217
"9467_4",0.727758
"4018_10",0.995744
"2644_10",0.992583
"7240_7",0.994054
"10929_7",0.851336
"9743_10",0.986429
"4641_3",0.004207
"5711_10",0.990254
"4912_2",0.003363
"455_1",0.022521
"2749_8",0.977132
"8780_8",0.284999
"2626_10",0.996840
"11745_2",0.004737
"6952_8",0.997059
"4645_2",0.003615
"10372_10",0.996039
"4282_2",0.015145
"2195_1",0.001338
"11058_3",0.004046
"9507_4",0.005587
"389_10",0.993069
"4388_10",0.993242
"9540_1",0.000989
"6610_4",0.006944
"8796_10",0.995549
"3746_1",0.000799
"11083_1",0.001163
"9901_1",0.002112
"4165_1",0.001252
"8928_9",0.997817
"8173_10",0.998408
"5161_1",0.001351
"11458_4",0.006526
"11206_9",0.975878
"3532_7",0.994615
"5088_1",0.003559
"11699_8",0.969671
"10114_2",0.001193
"8626_9",0.917783
"6702_2",0.002801
"3504_1",0.022117
"3353_4",0.135346
"6960_10",0.996378
"5529_10",0.994820
"5510_9",0.994940
"1868_10",0.767516
"11166_10",0.990786
"8411_2",0.005021
"9561_10",0.994930
"11290_2",0.002350
"1167_4",0.008762
"9577_3",0.020352
"1496_10",0.997570
"3042_10",0.996496
"4021_4",0.012576
"6643_10",0.993819
"806_10",0.997953
"1520_2",0.000885
"11133_10",0.997479
"2783_1",0.003538
"9570_10",0.987735
"2349_3",0.002234
"2242_9",0.993649
"6113_10",0.995652
"2153_1",0.001257
"9167_3",0.003216
"156_3",0.967960
"10607_7",0.984752
"4270_4",0.001252
"4713_1",0.001046
"2895_7",0.782164
"8240_1",0.012312
"12241_2",0.001014
"2919_10",0.996663
"11110_2",0.003679
"4502_8",0.969728
"11957_1",0.001302
"12338_2",0.100967
"2474_1",0.021885
"781_4",0.012100
"7528_1",0.001297
"3252_2",0.001214
"6778_8",0.991373
"3149_10",0.996943
"436_4",0.002477
"2586_1",0.000918
"3610_8",0.930585
"4392_10",0.996469
"8914_1",0.000931
"2197_1",0.001051
"3323_10",0.996827
"975_4",0.029063
"9407_3",0.003714
"12005_7",0.930142
"1911_1",0.000854
"3956_10",0.998439
"1441_8",0.996550
"10787_3",0.046768
"4569_10",0.994314
"11685_10",0.994552
"7810_10",0.996864
"3951_3",0.001835
"6050_10",0.935993
"2758_2",0.006985
"2664_10",0.996123
"1537_2",0.001537
"7988_1",0.009532
"6090_10",0.998539
"11509_10",0.993410
"2227_3",0.005501
"865_3",0.013236
"7138_8",0.996746
"7924_8",0.585190
"10104_1",0.000785
"3917_2",0.001775
"169_4",0.003938
"8630_7",0.994380
"7895_7",0.994089
"5485_10",0.997237
"8390_8",0.973745
"11497_7",0.994636
"8964_3",0.001252
"4647_4",0.048496
"12231_7",0.989928
"9634_4",0.118691
"8582_10",0.997429
"9237_4",0.011710
"2847_8",0.940408
"10940_1",0.001036
"2990_10",0.996420
"8377_8",0.970268
"1206_3",0.227019
"11719_9",0.998262
"7003_1",0.004477
"8012_4",0.024727
"2572_10",0.997007
"4126_8",0.991891
"9190_8",0.995694
"9625_8",0.993819
"4706_10",0.976736
"8697_2",0.004110
"435_7",0.995408
"81_3",0.822866
"6713_8",0.808823
"5840_10",0.997285
"5671_8",0.997695
"5064_3",0.010378
"1149_3",0.001402
"12324_10",0.998595
"6705_1",0.005923
"243_9",0.996972
"306_10",0.992496
"7134_3",0.002477
"3227_10",0.996695
"1363_10",0.993136
"5134_9",0.884888
"5269_1",0.212191
"10915_4",0.139455
"7591_2",0.001741
"2326_2",0.004664
"688_4",0.069289
"878_10",0.995618
"10245_9",0.995263
"7388_2",0.013822
"4304_1",0.001652
"6752_10",0.996198
"6881_8",0.996630
"10230_2",0.006438
"6901_1",0.001441
"441_10",0.997851
"4743_4",0.004039
"6228_7",0.993385
"2563_7",0.916521
"6237_1",0.001934
"8619_3",0.003650
"2749_4",0.111000
"12355_3",0.004737
"4915_2",0.001359
"12234_7",0.668124
"3756_4",0.082328
"10051_8",0.947088
"5068_9",0.996695
"7767_10",0.997949
"12069_1",0.001828
"10634_3",0.004700
"2787_1",0.007025
"5281_1",0.001193
"1496_1",0.001537
"8963_4",0.023780
"983_7",0.429758
"8337_4",0.001738
"783_1",0.001447
"9939_8",0.996357
"6507_8",0.997617
"3488_4",0.012710
"9304_9",0.979413
"8664_10",0.995898
"2722_10",0.996213
"7716_10",0.974893
"8512_4",0.273526
"6002_7",0.997868
"1213_3",0.991684
"6351_7",0.995890
"3049_4",0.053700
"10897_4",0.009394
"1936_4",0.003945
"12368_9",0.992304
"10982_1",0.000936
"4116_4",0.002901
"8243_7",0.035779
"11506_2",0.020043
"291_3",0.055566
"7745_1",0.002059
"12190_9",0.995566
"7068_10",0.991084
"9649_3",0.006193
"773_1",0.000849
"1727_10",0.996623
"346_2",0.961098
"4629_9",0.994688
"2509_1",0.000717
"3664_3",0.008324
"1024_9",0.997332
"9514_1",0.001131
"3483_3",0.009860
"10053_4",0.145176
"255_10",0.994790
"1922_10",0.992062
"10416_4",0.016866
"9154_9",0.996078
"12359_3",0.003714
"4850_4",0.020043
"12398_10",0.997872
"8910_1",0.000871
"3797_8",0.974845
"2428_9",0.782496
"7062_4",0.042285
"7130_9",0.995408
"7343_1",0.001492
"7735_8",0.996510
"4104_3",0.024845
"11518_1",0.000812
"10784_4",0.219881
"3687_1",0.000831
"796_10",0.991716
"2613_1",0.008364
"3962_9",0.995583
"4637_9",0.994790
"10076_3",0.002071
"2643_9",0.997444
"3588_1",0.081228
"6788_1",0.036804
"1445_4",0.968649
"10630_7",0.885780
"9173_10",0.994423
"3998_3",0.002401
"11853_1",0.058912
"2982_1",0.000924
"2536_4",0.033972
"5912_10",0.997269
"3267_8",0.994347
"8966_4",0.061143
"7671_3",0.005416
"1962_1",0.005281
"3574_1",0.005523
"10580_1",0.001107
"10103_9",0.864024
"2101_8",0.997368
"9804_10",0.994191
"12413_9",0.990329
"9696_2",0.004070
"8988_1",0.001075
"882_9",0.990927
"8098_3",0.003765
"6072_3",0.005753
"9484_10",0.997925
"3448_10",0.996300
"12074_10",0.998553
"5880_1",0.000810
"7658_1",0.001088
"1286_8",0.995760
"7013_10",0.995618
"3590_1",0.001351
"695_4",0.007621
"8889_9",0.977088
"735_1",0.001026
"2041_7",0.265190
"12041_3",0.037821
"4918_3",0.384074
"1428_3",0.001014
"1846_4",0.020410
"11103_10",0.995381
"1026_10",0.995282
"9731_3",0.001240
"7481_1",0.001147
"10191_10",0.930173
"8262_4",0.003622
"903_10",0.868715
"4212_2",0.291623
"11611_1",0.005620
"7814_1",0.000798
"5116_10",0.996537
"150_4",0.014448
"3618_2",0.000828
"10870_1",0.116714
"8523_1",0.000920
"2193_10",0.995170
"10237_10",0.996840
"2139_10",0.998085
"7691_7",0.992753
"9374_1",0.001546
"11426_7",0.993474
"12319_1",0.000900
"6817_2",0.002287
"745_1",0.001427
"6632_1",0.000772
"7149_8",0.889241
"9558_3",0.025810
"10509_1",0.000902
"1528_2",0.183887
"3422_10",0.998193
"6112_8",0.797793
"3606_4",0.940463
"8768_7",0.993281
"2871_8",0.850655
"12404_10",0.995874
"6936_3",0.088741
"855_4",0.001671
"5703_3",0.005587
"9446_1",0.001223
"1407_7",0.934215
"8422_10",0.998001
"40_4",0.038286
"344_4",0.024727
"11019_10",0.998445
"869_1",0.001257
"2245_10",0.996100
"10002_8",0.998659
"5110_10",0.961786
"3201_9",0.997439
"10621_10",0.995291
"1213_7",0.657322
"2147_10",0.987314
"828_7",0.971510
"7600_8",0.994043
"4472_4",0.008951
"2759_2",0.016029
"10890_1",0.004031
"1637_10",0.996153
"1667_10",0.997851
"10433_8",0.997285
"11350_4",0.015891
"9437_3",0.840717
"3748_3",0.005577
"8062_10",0.997007
"11981_10",0.995890
"4214_7",0.955068
"6496_8",0.989732
"4489_4",0.006241
"5965_7",0.986324
"2785_8",0.992289
"6838_9",0.996093
"4678_9",0.988971
"8564_10",0.989551
"4375_9",0.993083
"4654_10",0.996293
"2077_10",0.993661
"12491_4",0.017510
"11483_10",0.996960
"11130_8",0.991305
"2177_2",0.146392
"1376_8",0.975320
"3557_2",0.001065
"8039_3",0.010509
"6951_1",0.004023
"3440_2",0.008292
"10192_1",0.011008
"5874_10",0.996286
"4258_10",0.995643
"8838_4",0.010052
"1090_8",0.996462
"10570_10",0.997155
"3421_7",0.971752
"1626_7",0.996314
"9887_2",0.201735
"4079_4",0.005302
"8826_8",0.373762
"8805_2",0.000796
"9121_3",0.344285
"10916_3",0.091463
"9717_3",0.002801
"8662_4",0.009765
"7393_3",0.479016
"12304_10",0.990216
"7063_3",0.188361
"7955_10",0.994749
"2266_9",0.994358
"3490_7",0.939582
"11145_3",0.002453
"1668_2",0.002178
"1011_8",0.992259
"8300_7",0.717260
"9995_8",0.986481
"1326_8",0.996039
"5232_2",0.026181
"363_10",0.997905
"11772_2",0.004811
"8771_3",0.001421
"927_3",0.585279
"2569_2",0.009449
"5558_10",0.996153
"12375_10",0.997019
"2338_10",0.996708
"5773_10",0.993512
"4664_7",0.993242
"12295_7",0.995558
"4123_8",0.990329
"1553_10",0.997961
"3770_10",0.986803
"12011_2",0.006971
"8033_1",0.001697
"1395_7",0.589834
"8614_7",0.987532
"3784_8",0.994605
"8769_8",0.991322
"888_8",0.978774
"7799_2",0.024423
"6031_3",0.106970
"11584_2",0.008762
"4570_7",0.990569
"6990_8",0.996016
"7290_1",0.000895
"1186_1",0.001731
"1329_4",0.018090
"6793_10",0.996108
"8562_10",0.993499
"8841_4",0.072538
"9234_1",0.003318
"2992_3",0.002907
"3761_4",0.163512
"1144_1",0.000957
"11737_10",0.947527
"6628_10",0.992364
"7619_4",0.278355
"5074_3",0.001561
"2056_1",0.001694
"812_7",0.994020
"615_3",0.033748
"1473_3",0.006376
"11642_1",0.009898
"2957_8",0.894144
"3223_7",0.451810
"4491_10",0.997489
"11617_8",0.971806
"2209_8",0.932207
"10250_4",0.009376
"8707_3",0.005764
"3581_2",0.001389
"3089_2",0.009038
"9367_4",0.054955
"8890_3",0.001048
"4657_3",0.002632
"8474_1",0.009331
"1542_3",0.007577
"9024_8",0.994008
"3176_1",0.010530
"11219_8",0.997093
"1086_2",0.001269
"11230_4",0.013287
"2543_3",0.010209
"3391_4",0.991969
"5876_10",0.988820
"6712_2",0.002652
"12468_1",0.001167
"1801_10",0.996343
"6727_10",0.980148
"3072_3",0.000876
"6079_7",0.949153
"1409_10",0.992554
"7709_2",0.000856
"11484_2",0.008611
"10843_2",0.001034
"3964_7",0.864768
"5691_7",0.996663
"5837_1",0.000769
"963_8",0.993056
"3530_8",0.982757
"6558_8",0.995866
"3084_4",0.011653
"3025_8",0.995417
"9396_8",0.234516
"7530_1",0.004023
"6301_4",0.012747
"2934_10",0.996427
"8286_9",0.995272
"12122_10",0.992154
"2799_8",0.995744
"3516_7",0.988745
"5715_10",0.995609
"6525_3",0.023465
"12308_10",0.963506
"1305_9",0.993612
"8190_2",0.009268
"8170_1",0.131229
"2355_7",0.784855
"9714_3",0.001561
"9667_8",0.996153
"4861_1",0.002663
"10028_10",0.996765
"3256_2",0.019776
"5974_2",0.001817
"9185_10",0.998611
"2507_10",0.993110
"8910_10",0.997099
"6791_1",0.005251
"1692_10",0.986546
"5520_10",0.821438
"10119_10",0.995914
"1226_1",0.002269
"5998_7",0.994336
"4421_1",0.010318
"7660_8",0.976356
"5532_4",0.146453
"2869_3",0.081374
"3795_2",0.001105
"3602_10",0.994688
"1453_10",0.996198
"1298_8",0.995727
"6331_1",0.001655
"7694_3",0.001814
"11568_10",0.980224
"6426_7",0.993574
"609_7",0.688619
"3352_4",0.102305
"12451_3",0.014200
"3228_7",0.996803
"945_7",0.569045
"8283_10",0.993783
"10780_7",0.981875
"2944_1",0.000726
"5697_7",0.992199
"9066_3",0.049959
"6254_7",0.970013
"384_4",0.007374
"1961_9",0.997290
"10085_2",0.004628
"1726_10",0.995217
"7937_1",0.000793
"2561_10",0.996329
"9899_9",0.997804
"8694_2",0.008117
"4217_8",0.929344
"2425_3",0.004046
"5809_1",0.001498
"3122_7",0.184070
"1522_10",0.994850
"5582_10",0.995066
"12357_2",0.001375
"3166_10",0.986297
"3176_9",0.996205
"9320_9",0.995643
"8187_1",0.001824
"5573_1",0.000981
"9078_2",0.004340
"6706_4",0.779951
"8882_8",0.949902
"2489_3",0.142470
"2768_10",0.996714
"2384_3",0.078997
"12494_8",0.995906
"10375_3",0.001824
"403_7",0.988492
"6334_3",0.205775
"9136_1",0.002265
"10698_1",0.002790
"2203_4",0.008864
"2122_1",0.002998
"2904_4",0.071559
"12367_9",0.778228
"9638_8",0.996016
"2005_1",0.000700
"4963_8",0.972985
"7575_1",0.010934
"9989_1",0.030243
"8776_4",0.059811
"10188_10",0.995954
"8238_1",0.000920
"9244_4",0.993524
"11142_2",0.001174
"4365_7",0.983613
"5877_4",0.120750
"12135_8",0.929632
"3526_3",0.023554
"5209_4",0.011201
"5991_2",0.003383
"10888_1",0.004425
"1303_3",0.003087
"5764_4",0.158467
"2933_10",0.995549
"7297_1",0.003847
"11156_10",0.958577
"1353_1",0.002136
"10017_1",0.024586
"4203_3",0.077343
"4546_9",0.994146
"6039_1",0.001704
"5804_3",0.015830
"9085_4",0.072801
"10774_10",0.995479
"2178_7",0.911613
"2958_2",0.002715
"11469_8",0.974725
"5378_2",0.498413
"4583_8",0.210523
"9539_10",0.997290
"5090_8",0.979453
"12036_4",0.056914
"1766_9",0.996242
"11536_7",0.991472
"4792_9",0.998335
"7615_1",0.001582
"9624_1",0.001057
"5230_9",0.996919
"939_4",0.230270
"2353_7",0.991472
"8760_9",0.995318
"3231_9",0.992481
"8183_7",0.994180
"2156_10",0.986468
"245_2",0.004820
"12048_1",0.002301
"6572_9",0.991456
"10848_9",0.997957
"9576_10",0.994989
"3174_1",0.003124
"9824_8",0.981736
"8199_1",0.002616
"10911_3",0.001002
"2452_1",0.042563
"7574_3",0.009841
"8363_7",0.909466
"3672_9",0.992539
"11693_10",0.998888
"9731_10",0.994112
"280_1",0.000863
"10065_8",0.921145
"10284_9",0.997627
"7990_1",0.016753
"12256_4",0.499023
"7558_1",0.003099
"9636_2",0.000970
"8632_2",0.001053
"6157_3",0.024869
"9429_7",0.812607
"1447_1",0.076442
"10948_8",0.992062
"12300_4",0.015277
"10208_1",0.002576
"5889_3",0.905657
"2376_9",0.988142
"3354_2",0.004538
"9530_1",0.878835
"2469_10",0.998606
"2229_10",0.981666
"12326_10",0.995363
"8097_2",0.005031
"6502_3",0.001796
"8877_8",0.997739
"5408_7",0.161750
"3589_4",0.020804
"5934_3",0.006109
"3653_10",0.997739
"6900_1",0.000902
"3395_9",0.996913
"10302_7",0.968620
"10527_3",0.005271
"10080_10",0.993524
"5818_10",0.994830
"3178_10",0.995685
"10636_8",0.997419
"9586_2",0.960398
"8548_2",0.007247
"2851_1",0.000814
"6874_7",0.990159
"5850_8",0.996708
"2392_10",0.996937
"7434_2",0.006513
"11879_10",0.966663
"1190_10",0.995660
"8411_10",0.993673
"4833_9",0.842475
"5853_1",0.000892
"5485_4",0.001016
"111_3",0.013325
"6376_10",0.993973
"5425_1",0.000844
"3189_2",0.001147
"5053_8",0.995417
"1171_1",0.045820
"2206_4",0.098860
"11912_4",0.038865
"9874_7",0.986017
"3439_9",0.998032
"4221_8",0.993747
"6830_3",0.001555
"960_8",0.993612
"11862_1",0.036735
"8231_7",0.934215
"11765_1",0.026683
"9849_1",0.005577
"7518_4",0.043043
"3014_1",0.010818
"2534_10",0.997672
"5197_10",0.991668
"6775_2",0.002801
"4649_1",0.086054
"10748_3",0.008864
"6943_4",0.031085
"9692_1",0.001014
"11972_7",0.069510
"7251_9",0.991153
"459_4",0.032253
"1101_8",0.979492
"358_4",0.006488
"7543_1",0.001447
"3980_3",0.089654
"1276_3",0.000989
"12111_8",0.994920
"11876_4",0.017510
"5473_8",0.996727
"1296_1",0.001582
"7224_9",0.934215
"8035_10",0.997945
"10436_1",0.001576
"8475_1",0.004755
"4293_2",0.018038
"9867_2",0.000856
"4101_1",0.008627
"6220_1",0.000826
"6246_4",0.447460
"2907_8",0.987142
"4532_2",0.005598
"10753_8",0.988613
"328_10",0.993624
"1941_1",0.009047
"7586_9",0.975785
"11294_1",0.002502
"7534_9",0.997332
"2675_3",0.000918
"3837_10",0.995938
"5349_9",0.997301
"641_1",0.001158
"9273_8",0.991875
"8120_4",0.002856
"10610_1",0.010632
"1829_1",0.002274
"6406_10",0.994790
"4029_10",0.995801
"10845_10",0.925869
"2573_4",0.964389
"2033_3",0.047691
"9633_4",0.933854
"6243_1",0.001842
"7596_10",0.992379
"4208_8",0.961786
"6984_8",0.992767
"3656_1",0.000806
"2434_1",0.001310
"10340_7",0.064329
"6130_9",0.996483
"8093_7",0.127056
"7962_1",0.005230
"12178_7",0.026938
"10931_2",0.012124
"6857_10",0.996385
"11091_8",0.996610
"4167_2",0.002007
"679_4",0.031232
"10147_1",0.000880
"6875_1",0.000810
"923_10",0.998058
"6200_8",0.825308
"7208_8",0.991844
"5363_8",0.993734
"4067_8",0.988436
"1773_7",0.989244
"1498_10",0.901618
"10497_10",0.553566
"3444_10",0.996815
"588_2",0.013325
"9678_9",0.995417
"1983_9",0.930711
"5012_3",0.011431
"12240_2",0.001145
"5071_2",0.017029
"5078_2",0.003248
"10069_3",0.002742
"7407_8",0.996085
"7207_1",0.001105
"2155_10",0.996176
"59_10",0.997503
"2531_1",0.002964
"7772_8",0.997933
"11465_10",0.994214
