"id","sentiment"
"12311_10",0.999350
"8348_2",0.006494
"5828_4",0.652820
"7186_2",0.040810
"12128_7",0.787086
"2913_8",0.634071
"4396_1",0.068489
"395_2",0.442351
"10616_1",0.000323
"9074_9",0.611316
"9252_3",0.107708
"9896_9",0.526706
"574_4",0.010081
"11182_8",0.575692
"11656_4",0.022462
"2322_4",0.672191
"8703_1",0.025480
"7483_1",0.228296
"6007_10",0.991029
"12424_4",0.017591
"4672_1",0.014883
"10841_3",0.046624
"8954_7",0.244053
"7392_1",0.016278
"10288_8",0.981360
"5343_4",0.005871
"4950_1",0.001338
"9257_4",0.281767
"8689_3",0.095935
"4480_2",0.091180
"9286_10",0.909165
"12245_10",0.999541
"7529_7",0.921089
"4_4",0.136824
"5299_2",0.082718
"12077_8",0.949622
"10701_2",0.012606
"11579_1",0.029745
"10993_1",0.004839
"8913_1",0.401957
"1350_3",0.020634
"3804_2",0.028268
"5025_3",0.256739
"5170_8",0.879606
"8225_8",0.978041
"6427_7",0.997034
"3165_3",0.191335
"7902_9",0.997294
"8208_3",0.004376
"3577_8",0.985661
"4865_1",0.021610
"9063_3",0.174322
"1106_1",0.014840
"1117_9",0.994802
"1050_4",0.418000
"10755_9",0.218513
"2729_8",0.972234
"10072_10",0.993225
"2904_7",0.925768
"4584_2",0.423109
"189_4",0.226298
"6302_4",0.054566
"8138_9",0.427075
"1262_1",0.011833
"2199_10",0.990134
"6551_7",0.978524
"8082_7",0.957468
"4897_8",0.958132
"7360_1",0.006217
"11012_10",0.983841
"12046_1",0.927333
"2331_2",0.034036
"8961_9",0.991517
"751_7",0.954665
"9884_10",0.380355
"10016_8",0.986593
"8023_10",0.918048
"2628_1",0.020691
"5832_1",0.073456
"7302_1",0.097661
"4501_3",0.330487
"1121_7",0.781258
"8334_3",0.367129
"9789_10",0.194288
"4230_10",0.952357
"824_4",0.071586
"6803_9",0.962035
"3086_7",0.989061
"1135_8",0.998063
"10136_1",0.005556
"11129_3",0.001308
"2072_8",0.524470
"9501_7",0.973102
"319_10",0.610416
"1693_7",0.996273
"10886_1",0.008429
"9406_8",0.970987
"10376_10",0.250917
"9902_1",0.005466
"9938_8",0.335705
"7080_9",0.976414
"11944_8",0.375191
"5249_1",0.001728
"9599_2",0.076579
"9620_1",0.083000
"11244_1",0.097515
"6841_10",0.999150
"10050_4",0.851742
"10512_9",0.995387
"11327_3",0.018752
"10681_8",0.910773
"808_3",0.073359
"546_7",0.993968
"10765_1",0.001043
"7189_9",0.904632
"6005_9",0.955863
"11915_9",0.995890
"5740_10",0.995646
"7097_10",0.690705
"9573_10",0.829427
"5084_4",0.173007
"12332_7",0.267066
"8154_1",0.008376
"5610_1",0.003395
"5323_9",0.977028
"11034_8",0.820352
"3977_2",0.545173
"12380_7",0.240936
"1737_8",0.964998
"6030_9",0.473243
"5918_7",0.882477
"7061_9",0.877433
"266_8",0.995897
"1375_10",0.983819
"8648_3",0.020939
"10146_10",0.979133
"4578_10",0.961297
"4685_8",0.998170
"11843_9",0.885005
"5467_10",0.999360
"10140_10",0.996198
"7721_8",0.990146
"11208_10",0.161600
"1063_10",0.942566
"8260_10",0.865570
"3182_9",0.990267
"2797_8",0.968408
"7613_2",0.339919
"11624_4",0.021702
"4847_10",0.998740
"10684_7",0.972909
"6312_1",0.021748
"4925_3",0.000232
"4125_1",0.000566
"2394_10",0.999226
"12105_10",0.997040
"7812_1",0.004422
"1061_8",0.996316
"9343_3",0.209692
"7696_10",0.995102
"9355_10",0.999002
"782_9",0.857873
"9882_10",0.996558
"10642_10",0.997127
"7410_2",0.012422
"9591_4",0.019538
"11902_3",0.018641
"3495_7",0.031693
"6733_1",0.001653
"4552_1",0.007899
"6722_1",0.034041
"188_10",0.984338
"5099_10",0.919818
"10313_1",0.145050
"6756_9",0.236589
"6622_2",0.067102
"4807_10",0.997930
"7173_3",0.024038
"11321_8",0.569056
"7909_9",0.828297
"8012_7",0.080824
"8615_4",0.320879
"8117_10",0.982516
"1892_10",0.927546
"4617_1",0.285177
"1893_8",0.781911
"5435_1",0.010789
"162_3",0.019126
"6516_10",0.999025
"11588_7",0.984608
"2006_1",0.030847
"1594_4",0.008963
"1472_1",0.009764
"3647_1",0.327934
"174_7",0.875699
"5539_7",0.041864
"3384_10",0.996875
"3811_4",0.367763
"4079_8",0.958083
"1179_7",0.575624
"3069_9",0.997195
"3769_8",0.973658
"9247_10",0.991852
"10434_1",0.002704
"1147_10",0.969082
"5344_7",0.963909
"8073_10",0.998186
"7833_3",0.003949
"8370_1",0.230034
"9007_8",0.123554
"6624_7",0.455414
"6683_3",0.116027
"12275_7",0.833262
"11927_8",0.996871
"1560_10",0.997701
"1325_9",0.250584
"3548_8",0.504560
"607_1",0.002512
"6702_7",0.776244
"5702_3",0.027572
"11345_8",0.990864
"3428_4",0.685505
"7209_9",0.939191
"8425_8",0.755379
"3087_1",0.447266
"1119_8",0.848465
"5715_3",0.079237
"8645_1",0.010755
"2149_3",0.010305
"10403_10",0.968076
"5628_1",0.013839
"5570_10",0.997568
"1613_3",0.019293
"1454_4",0.541765
"5094_3",0.013562
"7982_1",0.003290
"6894_2",0.419251
"6554_1",0.004189
"4721_3",0.529880
"6904_4",0.024025
"893_8",0.990172
"4605_4",0.213469
"11516_7",0.025639
"11718_7",0.998511
"5956_1",0.004860
"7455_9",0.984270
"6396_4",0.897511
"1223_8",0.994054
"8556_1",0.008365
"6108_8",0.824258
"11690_1",0.002127
"3778_9",0.974799
"3627_4",0.426667
"8256_4",0.027436
"533_1",0.000466
"5235_4",0.045060
"621_2",0.036524
"5365_1",0.225112
"8180_3",0.056718
"7396_7",0.267051
"9776_10",0.985024
"8175_10",0.998851
"3128_1",0.006247
"4606_1",0.003671
"6158_2",0.018912
"3281_10",0.992543
"4723_4",0.115310
"11994_3",0.072344
"7701_1",0.002829
"103_3",0.120403
"8908_10",0.974930
"8876_1",0.001949
"7519_9",0.990328
"12456_8",0.949744
"9514_8",0.985956
"8680_8",0.204551
"12402_10",0.907255
"362_2",0.024377
"9825_7",0.909806
"2913_3",0.861452
"7164_8",0.976367
"11177_7",0.986169
"5707_10",0.987611
"8103_10",0.977945
"6289_1",0.024730
"11754_1",0.308049
"11640_10",0.647607
"9933_7",0.904933
"185_10",0.988967
"242_10",0.994693
"9369_8",0.993798
"7453_10",0.946520
"7514_7",0.400710
"10860_2",0.047409
"8663_8",0.448904
"9108_1",0.001918
"7941_1",0.009345
"10116_1",0.005448
"9841_4",0.024938
"4512_9",0.994093
"4853_2",0.199208
"2664_4",0.067184
"9966_10",0.990928
"5167_2",0.022624
"3894_2",0.021691
"3929_8",0.994849
"7165_10",0.962809
"5451_8",0.900477
"2947_4",0.067891
"4611_10",0.967014
"5807_1",0.025316
"9464_8",0.907392
"3124_10",0.888864
"2705_4",0.722407
"12187_8",0.992305
"12319_10",0.988492
"9874_3",0.548094
"3406_4",0.344737
"2327_10",0.966687
"605_10",0.982296
"8080_4",0.411220
"3074_10",0.991855
"2499_3",0.056929
"1013_1",0.577435
"11535_1",0.033022
"4118_7",0.963849
"10492_8",0.996680
"2129_4",0.092755
"9814_10",0.864321
"10671_9",0.389819
"5980_10",0.989942
"2755_2",0.333910
"5461_2",0.940991
"11979_1",0.022550
"8810_1",0.001465
"852_7",0.965484
"10961_4",0.023889
"7436_4",0.741032
"11281_3",0.601536
"4208_3",0.029278
"8213_10",0.157647
"9851_2",0.145174
"4713_7",0.861395
"9528_1",0.993764
"3595_10",0.993679
"5785_3",0.627527
"10370_3",0.189604
"1980_3",0.170377
"8800_4",0.407340
"4437_3",0.090792
"28_3",0.006238
"12171_1",0.818920
"9359_3",0.193983
"3831_9",0.996158
"10962_7",0.975914
"1500_9",0.278088
"11470_10",0.969852
"11843_3",0.166614
"11200_4",0.782999
"1067_1",0.012281
"3333_1",0.003645
"4487_4",0.844746
"6428_1",0.010328
"575_7",0.069862
"10904_9",0.971878
"11821_2",0.237188
"11605_1",0.010742
"1111_7",0.575469
"10295_1",0.675202
"1146_4",0.008699
"2405_9",0.468444
"11081_10",0.895874
"2201_10",0.997447
"4844_1",0.015980
"11007_8",0.995773
"6535_7",0.978080
"2653_4",0.009210
"8245_10",0.982248
"9951_8",0.707195
"6133_8",0.347575
"10006_2",0.001893
"7350_1",0.012851
"4509_9",0.998107
"948_1",0.006627
"3987_1",0.009047
"2947_10",0.911407
"6041_3",0.015181
"2946_1",0.032755
"11967_4",0.004204
"1185_10",0.999509
"10323_2",0.510658
"11706_2",0.002317
"3663_1",0.022016
"5602_10",0.993497
"4870_10",0.863087
"1994_1",0.046483
"10807_7",0.991005
"6871_3",0.860137
"1175_2",0.005209
"10919_7",0.982208
"8127_10",0.964494
"12497_4",0.079380
"3274_1",0.731994
"2568_3",0.063851
"840_2",0.124995
"5626_10",0.993540
"7561_10",0.994672
"4600_3",0.092044
"3324_9",0.677599
"8899_7",0.929741
"5592_8",0.734735
"12483_4",0.012143
"7874_1",0.003416
"5878_10",0.801245
"4303_9",0.983758
"9421_1",0.001532
"10269_4",0.078310
"10615_2",0.179439
"2634_10",0.988605
"7522_1",0.011593
"9289_10",0.873288
"4636_10",0.996439
"1241_7",0.166074
"9458_9",0.278722
"11690_10",0.998724
"7176_4",0.195575
"6212_10",0.986747
"6319_1",0.013969
"5229_3",0.016753
"466_9",0.994846
"8693_2",0.060672
"2952_10",0.978618
"1128_1",0.019030
"3975_10",0.996174
"11365_10",0.653601
"2074_9",0.965447
"9768_10",0.994949
"4895_1",0.004570
"5726_10",0.994134
"9993_10",0.962679
"11319_2",0.207959
"10561_2",0.164749
"5455_8",0.948097
"10684_3",0.031219
"3652_3",0.009497
"7825_1",0.022065
"8806_1",0.002791
"275_10",0.778827
"2246_1",0.004834
"11968_2",0.004818
"2528_1",0.414605
"8491_8",0.283654
"13_1",0.663705
"4530_8",0.929434
"5207_3",0.042195
"11648_10",0.648055
"8260_1",0.016950
"10730_10",0.861625
"10402_3",0.035259
"8077_1",0.000494
"8598_8",0.973349
"2809_3",0.007471
"12490_10",0.917711
"1447_9",0.939779
"1605_3",0.110210
"2311_4",0.030420
"3235_9",0.600303
"5725_10",0.903962
"9025_10",0.478088
"6049_9",0.885252
"4803_10",0.953767
"191_9",0.949433
"420_3",0.563577
"5238_2",0.005044
"1280_9",0.975219
"9408_4",0.169799
"819_1",0.000554
"1656_4",0.228707
"9964_3",0.023380
"10404_4",0.027519
"12369_10",0.978606
"6423_1",0.003088
"9942_8",0.937509
"1519_1",0.015047
"100_10",0.980067
"3216_10",0.985445
"3909_10",0.683645
"5034_7",0.995923
"14_8",0.998145
"5891_3",0.010697
"8496_10",0.999489
"7429_1",0.008546
"9457_1",0.008323
"9602_8",0.923116
"4198_1",0.013338
"154_2",0.044601
"5070_2",0.084192
"4207_8",0.799405
"7758_8",0.886004
"4439_9",0.989410
"12042_1",0.033541
"7244_1",0.017647
"6854_1",0.015709
"11932_10",0.752805
"4151_10",0.801892
"7265_1",0.031330
"10272_7",0.996476
"4256_4",0.748737
"1225_7",0.982226
"956_10",0.996782
"6389_2",0.007803
"1365_4",0.225622
"4752_7",0.895246
"276_10",0.998034
"8766_9",0.978346
"11225_10",0.922534
"6920_1",0.019017
"11536_1",0.002146
"1923_9",0.905084
"11460_10",0.761840
"10054_7",0.722426
"10845_1",0.008045
"10231_4",0.117993
"9430_8",0.995905
"3226_2",0.065242
"4298_3",0.178593
"10635_4",0.097378
"10567_4",0.008536
"5460_10",0.999099
"7310_7",0.931463
"10330_2",0.000829
"5151_9",0.994724
"11_3",0.043052
"1448_8",0.251187
"10130_8",0.974198
"2199_3",0.007153
"1761_10",0.983928
"2782_1",0.002414
"7618_10",0.999169
"85_10",0.996558
"5730_3",0.011396
"3641_1",0.214502
"8190_9",0.988217
"9533_10",0.997765
"9508_1",0.002192
"237_8",0.996653
"3981_7",0.915614
"7194_9",0.997253
"10584_8",0.281914
"248_2",0.004155
"8358_4",0.013376
"1218_1",0.001359
"4191_10",0.023080
"3090_8",0.883249
"11923_2",0.192596
"1640_8",0.973894
"9972_3",0.015914
"11818_4",0.027911
"4350_10",0.920426
"877_10",0.181519
"10017_8",0.996592
"7975_10",0.999742
"8436_1",0.107407
"6024_7",0.410359
"3112_1",0.004636
"951_10",0.993782
"1622_1",0.070030
"191_3",0.419203
"5669_1",0.006099
"1891_4",0.097372
"12173_9",0.878891
"7887_7",0.670303
"3256_10",0.292944
"5419_1",0.000655
"7635_1",0.026726
"8297_2",0.022757
"7137_8",0.489222
"7562_3",0.310978
"9944_1",0.000359
"4288_1",0.004079
"8087_1",0.328679
"4771_10",0.986998
"10482_10",0.995768
"5324_10",0.993564
"3080_1",0.128429
"10923_7",0.739516
"1753_7",0.993022
"317_10",0.853354
"12474_8",0.932920
"773_8",0.999568
"388_1",0.005850
"12141_2",0.429269
"5667_1",0.388090
"1071_9",0.852734
"2897_10",0.995234
"9481_4",0.361915
"12025_1",0.003727
"8879_7",0.614124
"5683_1",0.037404
"7026_1",0.000579
"2439_1",0.020892
"3631_7",0.989947
"1650_9",0.785690
"5378_7",0.998852
"9745_1",0.001458
"11563_8",0.949917
"299_8",0.959428
"9471_2",0.840530
"1866_1",0.043312
"2639_4",0.099095
"5122_1",0.119466
"12341_7",0.867613
"2936_8",0.994475
"8647_10",0.940874
"4255_9",0.816997
"7262_8",0.334733
"8413_10",0.612355
"10080_1",0.230960
"3973_1",0.684655
"8752_9",0.999656
"4018_2",0.034704
"7669_1",0.027467
"10421_4",0.291152
"7854_8",0.982293
"162_8",0.323987
"11614_9",0.970020
"11343_8",0.997077
"1708_7",0.211280
"7115_4",0.825296
"10498_10",0.582746
"2944_8",0.986888
"10474_3",0.384542
"1263_1",0.096840
"1693_4",0.268153
"9600_9",0.224325
"11173_2",0.119490
"3961_2",0.111265
"8011_1",0.307454
"7386_8",0.982573
"8787_8",0.976552
"12349_9",0.900278
"1776_4",0.016493
"5885_4",0.983338
"220_4",0.592581
"5547_8",0.848620
"2853_1",0.192691
"2157_2",0.911223
"11667_2",0.009959
"194_7",0.982277
"1633_1",0.013079
"6897_2",0.005155
"11568_2",0.074954
"9219_1",0.064538
"477_8",0.992054
"8980_3",0.358717
"4612_10",0.894615
"8030_10",0.993952
"1846_8",0.999396
"2786_8",0.975909
"2634_1",0.010238
"3110_8",0.985502
"11587_8",0.798573
"11262_8",0.965549
"5680_7",0.360249
"4583_4",0.281740
"1451_1",0.044944
"4244_4",0.230328
"6176_4",0.035411
"8851_10",0.999019
"908_9",0.991976
"7494_9",0.121996
"8061_3",0.000396
"789_1",0.209013
"2374_7",0.286209
"11225_3",0.045294
"4467_4",0.014741
"8516_10",0.323226
"4121_10",0.955838
"10267_7",0.921606
"6040_8",0.712366
"8338_7",0.981226
"2903_7",0.987389
"6662_9",0.984616
"5333_10",0.978220
"7470_4",0.003718
"8813_1",0.044921
"4514_3",0.955786
"9584_7",0.371003
"11706_8",0.966399
"11538_8",0.604369
"4210_1",0.005986
"8984_1",0.006197
"3431_4",0.091831
"4973_10",0.996381
"12260_1",0.003528
"4267_10",0.998273
"9906_9",0.999467
"670_7",0.995892
"6270_3",0.004257
"5164_4",0.019100
"9741_2",0.006390
"3761_8",0.937824
"2651_2",0.118901
"7448_10",0.998065
"7184_9",0.992241
"1313_9",0.996301
"10654_8",0.995896
"7151_1",0.014768
"2320_10",0.394914
"12033_7",0.633775
"6429_1",0.004943
"1420_4",0.948299
"3002_7",0.990891
"1299_1",0.006944
"7897_9",0.971920
"1529_4",0.014858
"9760_2",0.037997
"11318_1",0.000818
"2217_3",0.060892
"11641_2",0.004299
"7238_10",0.999047
"7710_8",0.996771
"12011_8",0.799337
"4495_7",0.923271
"11144_4",0.533258
"5625_2",0.066577
"2926_7",0.378833
"8538_8",0.984376
"8875_10",0.997889
"10881_10",0.963136
"1662_7",0.990654
"4560_9",0.970278
"6714_4",0.000909
"9059_10",0.992645
"6631_10",0.917687
"8520_1",0.001377
"918_4",0.271528
"3102_10",0.895854
"3611_2",0.014666
"8434_10",0.985659
"681_7",0.956528
"7386_4",0.005346
"7566_9",0.814158
"10110_10",0.998828
"10486_10",0.893559
"1492_3",0.140682
"11823_1",0.009291
"2331_9",0.986717
"2200_2",0.014949
"9547_1",0.042611
"785_2",0.005694
"5101_4",0.252283
"5657_10",0.864973
"6902_7",0.948595
"1490_9",0.976078
"7148_9",0.996401
"7387_8",0.535428
"8277_9",0.959494
"6912_7",0.944157
"170_2",0.715862
"7702_10",0.999400
"4393_3",0.040088
"2608_3",0.725283
"4931_8",0.941707
"10589_10",0.937475
"8623_4",0.007143
"6057_2",0.000709
"2704_9",0.992574
"1790_2",0.860210
"12370_1",0.001616
"159_1",0.001440
"343_9",0.996080
"2128_9",0.980774
"11181_8",0.886688
"11775_10",0.993610
"3514_10",0.996320
"6993_2",0.004990
"2866_9",0.903151
"1000_9",0.995839
"11772_7",0.669705
"3355_9",0.645711
"8519_8",0.604423
"7879_3",0.087313
"4332_10",0.902517
"5403_1",0.001749
"1514_7",0.065737
"7904_1",0.003203
"10550_2",0.266591
"11442_10",0.998885
"2821_3",0.009406
"5766_1",0.002786
"8061_9",0.992445
"2166_1",0.019708
"6206_1",0.018957
"11124_2",0.007422
"7625_10",0.632728
"90_9",0.985745
"7959_10",0.989043
"7029_10",0.933547
"779_8",0.995157
"1101_4",0.005359
"11189_4",0.091214
"9790_4",0.003582
"10861_1",0.005090
"5902_2",0.017057
"9545_10",0.343891
"3730_1",0.003492
"4951_9",0.461319
"3295_1",0.019222
"9495_2",0.014955
"2876_1",0.040362
"2796_1",0.091272
"10338_3",0.012930
"10913_7",0.696161
"4685_2",0.001656
"11586_1",0.015530
"4904_7",0.860638
"7110_7",0.904519
"2086_4",0.183164
"7372_7",0.476666
"135_9",0.979721
"7038_3",0.457559
"1119_2",0.006528
"5057_8",0.966622
"3479_10",0.999220
"6489_8",0.995074
"4910_8",0.998513
"5979_10",0.900117
"11304_1",0.003044
"2102_9",0.998401
"8048_1",0.009556
"12153_7",0.858528
"4832_8",0.956720
"3079_9",0.997445
"8254_2",0.010510
"7981_7",0.982674
"611_1",0.667007
"307_10",0.255341
"8861_3",0.073517
"4635_4",0.508021
"6197_7",0.951619
"6739_3",0.294511
"8588_9",0.994417
"8461_7",0.023172
"10089_1",0.087940
"2609_7",0.901227
"1418_3",0.259843
"2661_10",0.963727
"1253_9",0.825244
"8815_9",0.973177
"9867_8",0.850359
"2155_1",0.024962
"12259_4",0.001312
"11224_3",0.033860
"4781_1",0.003071
"4354_9",0.997070
"9629_9",0.983497
"3629_9",0.992821
"6445_10",0.992458
"9526_10",0.988225
"5138_2",0.016256
"349_10",0.992404
"2099_7",0.150778
"4411_1",0.229934
"8127_3",0.188138
"5225_8",0.929896
"7970_3",0.003311
"5688_7",0.713289
"12099_3",0.064990
"6020_4",0.092893
"3892_8",0.913633
"2098_8",0.998000
"4851_7",0.992410
"10967_10",0.912489
"6230_4",0.067786
"2211_2",0.005395
"11978_10",0.872017
"8802_1",0.014119
"11010_3",0.090371
"10083_2",0.302780
"5588_10",0.247957
"958_10",0.972222
"6771_4",0.437101
"6767_9",0.915812
"7302_10",0.998530
"5324_3",0.010632
"7737_10",0.996389
"8603_10",0.951790
"3029_7",0.978540
"8640_2",0.009395
"2139_1",0.002485
"6305_10",0.996759
"6884_7",0.990786
"5534_8",0.420997
"7619_8",0.994541
"10057_8",0.479196
"972_7",0.994942
"6245_8",0.907629
"6627_7",0.969549
"3621_10",0.153125
"2290_4",0.993086
"24_4",0.052601
"5689_1",0.002982
"6497_4",0.054055
"12405_4",0.978462
"11720_7",0.996482
"10088_1",0.001552
"9258_9",0.997739
"354_4",0.984842
"4770_10",0.927503
"1035_3",0.036015
"739_1",0.001319
"6267_7",0.998919
"1562_8",0.974312
"1438_1",0.037378
"281_8",0.997982
"1818_1",0.634875
"3943_3",0.009901
"8116_4",0.558633
"6984_1",0.003500
"5330_4",0.002290
"8821_8",0.993605
"10484_10",0.995587
"1886_4",0.008094
"7943_2",0.092308
"6438_7",0.973855
"8931_10",0.925031
"10538_10",0.931421
"534_10",0.997872
"7329_2",0.011363
"6614_2",0.852699
"710_10",0.989232
"3120_4",0.013798
"9046_1",0.005956
"5638_2",0.007241
"2455_4",0.048276
"2652_3",0.066479
"11006_4",0.068693
"5065_3",0.011531
"9805_10",0.995952
"7092_8",0.995006
"1735_10",0.890169
"3609_1",0.026617
"1201_10",0.974264
"11024_9",0.999075
"3807_10",0.975069
"4483_10",0.070342
"4510_7",0.984611
"8037_1",0.043630
"1760_1",0.139696
"133_8",0.905267
"9039_8",0.876277
"8462_4",0.530301
"2468_10",0.895432
"7684_3",0.002708
"10350_9",0.989014
"1199_10",0.994309
"8560_1",0.004120
"6405_3",0.002416
"1295_1",0.006776
"6420_1",0.032010
"12183_9",0.964744
"11619_1",0.004179
"1415_9",0.789913
"9414_1",0.001262
"7640_4",0.048115
"9211_9",0.992004
"557_9",0.963992
"4501_9",0.992738
"8711_10",0.509167
"2402_1",0.384661
"4586_10",0.763086
"176_3",0.162210
"3545_1",0.018566
"8932_1",0.001118
"5829_10",0.943106
"3409_10",0.996325
"3636_3",0.810498
"12048_7",0.998836
"10468_10",0.937838
"11546_10",0.991724
"9444_10",0.880040
"6275_1",0.066496
"152_4",0.637141
"4767_9",0.530630
"6751_1",0.003761
"10245_4",0.017614
"5407_8",0.802956
"1923_1",0.014730
"515_9",0.724064
"9988_1",0.828095
"5928_8",0.991116
"10163_4",0.144641
"7969_10",0.983349
"1494_4",0.189952
"11211_10",0.981978
"1957_1",0.000519
"8484_7",0.563053
"848_2",0.006276
"5177_1",0.065528
"10667_10",0.767508
"3075_1",0.006897
"9443_10",0.795868
"1572_8",0.974204
"11285_8",0.230801
"3125_1",0.039973
"9265_9",0.977202
"4072_1",0.180083
"6390_2",0.030649
"6496_4",0.854037
"8766_2",0.001955
"7787_10",0.998419
"5897_10",0.999311
"9027_1",0.021002
"1538_2",0.008238
"1220_3",0.003119
"8600_3",0.144395
"11432_2",0.181252
"1424_4",0.198967
"7344_10",0.995989
"10842_1",0.070261
"10332_10",0.981383
"4340_4",0.160120
"4868_4",0.017230
"11216_9",0.898564
"12027_10",0.861808
"6785_7",0.933833
"8773_8",0.982572
"8119_4",0.033774
"10138_10",0.890518
"7197_2",0.005030
"1536_3",0.050588
"9981_7",0.776818
"4753_1",0.076550
"2795_7",0.007095
"6672_4",0.007240
"10805_7",0.946885
"5866_1",0.011497
"570_1",0.001255
"11965_8",0.854584
"3288_1",0.055388
"8135_1",0.090790
"10094_9",0.966184
"5845_10",0.998005
"3570_8",0.814637
"1240_1",0.096773
"231_1",0.012849
"10628_9",0.952816
"3536_1",0.023037
"1852_10",0.789001
"8202_7",0.474749
"5907_7",0.165890
"1759_10",0.996309
"4492_10",0.949064
"4844_7",0.641375
"3189_10",0.995283
"3403_10",0.998158
"5874_2",0.000915
"7809_10",0.997065
"3632_9",0.998476
"11767_2",0.791755
"9925_3",0.778567
"4218_1",0.429812
"12036_7",0.910879
"8973_2",0.003683
"2464_10",0.956704
"4094_1",0.116131
"10592_1",0.080494
"10648_9",0.924183
"3887_10",0.978159
"9092_8",0.874666
"10666_10",0.942076
"8389_10",0.884402
"5281_10",0.995476
"6946_1",0.037634
"1132_1",0.008087
"10052_4",0.109332
"768_10",0.999079
"5432_3",0.024740
"7424_3",0.009602
"2366_2",0.071137
"2865_3",0.286688
"7806_2",0.142005
"8878_3",0.082836
"6298_7",0.993963
"4517_4",0.246494
"12018_10",0.996553
"3662_1",0.014971
"11393_10",0.651178
"2071_10",0.915219
"8217_8",0.995046
"6568_2",0.016562
"3840_10",0.998368
"1666_3",0.123340
"2360_7",0.970190
"5778_4",0.039902
"5341_4",0.833373
"4044_2",0.008014
"2503_3",0.512956
"4095_10",0.308027
"2092_2",0.022495
"2707_3",0.001212
"573_10",0.990914
"6441_7",0.964461
"7565_3",0.005599
"9499_7",0.636929
"657_10",0.988547
"8840_10",0.991043
"1407_4",0.168818
"12453_2",0.262544
"8273_9",0.995752
"8366_7",0.996868
"10643_9",0.078833
"9998_1",0.009192
"1385_1",0.028547
"1354_4",0.539196
"4674_7",0.719319
"3515_4",0.313473
"10426_8",0.995839
"10226_3",0.256694
"10391_4",0.001913
"9968_1",0.001960
"2893_3",0.027575
"2546_9",0.438695
"37_1",0.000809
"1757_10",0.993403
"1569_8",0.989947
"1466_3",0.002775
"7783_1",0.006507
"9506_10",0.982128
"10835_3",0.004406
"2917_9",0.959305
"2495_7",0.992752
"1686_10",0.993875
"2414_7",0.666619
"5318_8",0.998649
"8858_8",0.989865
"8112_1",0.006107
"6532_2",0.199860
"2526_10",0.843078
"11089_7",0.875720
"4297_8",0.983908
"3179_9",0.989539
"5832_10",0.998705
"10539_8",0.542030
"9226_10",0.691821
"9878_1",0.232292
"7940_10",0.999415
"7195_10",0.982669
"2979_1",0.220932
"3597_10",0.997445
"2931_8",0.377089
"8571_10",0.956205
"12148_1",0.002048
"4047_2",0.002121
"6164_10",0.998406
"2214_8",0.994468
"5903_1",0.011073
"7931_9",0.369582
"1205_3",0.558044
"5983_10",0.996100
"10424_7",0.978352
"11032_7",0.878048
"1303_10",0.996266
"10390_1",0.002880
"8349_2",0.012518
"3605_8",0.953052
"12273_1",0.049097
"60_1",0.566157
"3879_9",0.978844
"12431_4",0.100567
"4499_2",0.017059
"5786_10",0.858802
"5521_4",0.388788
"793_8",0.976738
"7948_3",0.059917
"9022_2",0.007149
"11071_1",0.002020
"4991_3",0.960016
"8226_1",0.024048
"8762_3",0.066154
"6918_4",0.329188
"844_10",0.886459
"11503_8",0.218094
"7406_8",0.954055
"7743_1",0.062264
"514_3",0.020789
"10927_9",0.841783
"3731_7",0.997947
"8870_4",0.275561
"11099_10",0.993109
"8456_10",0.985366
"10944_7",0.116527
"7168_3",0.066158
"3378_10",0.919584
"8203_3",0.379749
"5676_1",0.012618
"5061_9",0.991738
"6238_8",0.513265
"1136_8",0.345438
"6234_3",0.021995
"9510_3",0.993483
"9632_7",0.364419
"4357_1",0.210798
"1176_9",0.999308
"10821_8",0.997898
"4143_4",0.084259
"5074_8",0.913205
"11673_1",0.007886
"11072_2",0.003157
"1816_4",0.817755
"3974_7",0.306183
"796_4",0.072747
"8540_2",0.039577
"10959_8",0.990316
"4576_10",0.978244
"7030_1",0.169929
"3340_10",0.985284
"3223_3",0.008465
"3030_1",0.076642
"4194_1",0.050504
"11322_1",0.003106
"1785_1",0.004887
"7109_2",0.000931
"4120_1",0.033110
"3024_7",0.826199
"589_2",0.003558
"2480_10",0.416165
"4878_1",0.007854
"571_1",0.175986
"12156_8",0.821772
"7547_9",0.983678
"6577_10",0.992398
"7101_3",0.274039
"1731_3",0.056562
"10424_1",0.103292
"9056_10",0.998357
"11959_3",0.016163
"6952_4",0.047356
"8709_10",0.984495
"4716_10",0.917131
"2393_10",0.993092
"4007_7",0.583695
"1196_2",0.123116
"8483_1",0.124948
"1840_3",0.231364
"6108_1",0.001202
"4621_8",0.956976
"11332_4",0.827854
"8800_10",0.994379
"886_7",0.998661
"6495_8",0.278286
"6193_10",0.481291
"10297_1",0.003484
"4233_1",0.002273
"3121_10",0.988890
"1681_10",0.974882
"5789_1",0.022269
"6446_10",0.991494
"479_9",0.993228
"6401_1",0.001055
"7602_1",0.004495
"10792_1",0.017601
"11436_9",0.997612
"6944_1",0.002983
"6275_9",0.013505
"7314_10",0.998693
"8887_9",0.325650
"1835_8",0.997269
"8403_7",0.910323
"2090_1",0.019676
"12310_1",0.513249
"9795_9",0.795510
"4260_1",0.006887
"3214_4",0.108988
"10974_8",0.922259
"3374_10",0.642277
"2251_2",0.230524
"2325_7",0.821004
"28_9",0.984297
"1758_2",0.200473
"1222_8",0.974979
"1229_4",0.496061
"9791_2",0.637293
"3433_4",0.051784
"10847_10",0.998714
"5020_2",0.001152
"9652_3",0.009195
"1739_10",0.987389
"10441_4",0.251299
"9002_7",0.970221
"4304_8",0.987576
"290_9",0.999214
"1339_8",0.840715
"10899_1",0.006399
"8723_8",0.372581
"12487_7",0.971831
"10384_7",0.937216
"4673_4",0.007516
"11679_1",0.017326
"3938_2",0.224826
"2253_10",0.996257
"198_7",0.978453
"3346_3",0.004454
"11543_3",0.005839
"8463_1",0.041279
"1297_2",0.001754
"4689_1",0.001452
"4681_1",0.002215
"961_8",0.996475
"9865_2",0.591991
"770_3",0.160024
"10495_2",0.127296
"6302_8",0.932773
"6232_4",0.070311
"10098_1",0.198714
"8905_2",0.006231
"8853_10",0.991824
"6081_10",0.988051
"12_4",0.097335
"1291_7",0.878367
"1679_1",0.084191
"996_7",0.869735
"3343_10",0.976385
"6083_10",0.997351
"98_9",0.481605
"962_4",0.013038
"4857_8",0.897585
"12394_7",0.123439
"1321_10",0.998433
"8994_10",0.981361
"7788_1",0.003386
"9708_8",0.425116
"9523_1",0.004895
"11785_4",0.080869
"5440_1",0.083144
"1091_7",0.625436
"11584_10",0.989539
"5369_3",0.687899
"3165_10",0.976040
"3686_10",0.983759
"7069_10",0.907313
"427_3",0.012586
"895_8",0.848971
"4565_8",0.518021
"5139_9",0.982873
"5027_1",0.077472
"503_9",0.993846
"7630_1",0.004200
"8552_1",0.121992
"4322_3",0.007192
"3492_3",0.987160
"5301_4",0.017004
"752_4",0.016304
"4307_2",0.023023
"4901_10",0.917388
"233_2",0.428652
"10789_8",0.977874
"270_8",0.989436
"11442_1",0.218875
"3688_7",0.891098
"9928_7",0.190928
"6563_8",0.896234
"3437_7",0.891238
"10495_8",0.997819
"8775_10",0.999342
"12172_3",0.407111
"10085_10",0.994628
"8394_9",0.790092
"2607_10",0.907869
"6645_10",0.934294
"301_10",0.995954
"2153_10",0.975772
"1967_3",0.874141
"9604_10",0.970300
"10665_10",0.789652
"5409_1",0.008886
"6707_10",0.998239
"3847_7",0.870499
"9261_10",0.973647
"3772_1",0.000754
"8950_1",0.001274
"6591_2",0.097074
"2765_9",0.623050
"4166_10",0.839997
"11418_3",0.413359
"7137_3",0.003149
"3710_2",0.004778
"1153_4",0.035461
"4155_8",0.916278
"9221_10",0.922069
"8917_10",0.990501
"6066_4",0.630482
"5366_10",0.998704
"2520_9",0.978445
"11677_2",0.007481
"4032_2",0.001481
"4041_2",0.003764
"474_4",0.409235
"6392_2",0.076096
"6545_10",0.956041
"5009_10",0.884927
"3060_10",0.809132
"11033_10",0.998087
"297_10",0.995681
"9099_1",0.002299
"10496_10",0.996095
"5619_3",0.258230
"4226_1",0.011492
"10483_8",0.995120
"1966_9",0.996704
"4024_2",0.005261
"6448_9",0.988599
"4252_1",0.006061
"250_10",0.986383
"10753_3",0.008614
"1005_7",0.638464
"4415_9",0.818263
"240_4",0.407560
"108_10",0.929354
"1393_1",0.915950
"4236_2",0.120451
"9208_2",0.223585
"7156_10",0.985216
"6490_1",0.000686
"3518_3",0.003201
"10308_1",0.003542
"8706_2",0.018044
"8674_10",0.989111
"8240_10",0.972012
"11890_10",0.964682
"976_3",0.101320
"5025_8",0.988856
"10206_8",0.888270
"11921_3",0.018542
"8344_7",0.038956
"295_8",0.519425
"2121_1",0.178546
"6978_8",0.918554
"707_3",0.107366
"751_1",0.003614
"1931_10",0.998303
"7197_10",0.993829
"11032_3",0.012234
"416_10",0.041181
"1384_2",0.071315
"4114_2",0.004094
"9450_10",0.997474
"6877_7",0.974958
"5092_9",0.998287
"3402_9",0.979799
"9517_10",0.991612
"8566_2",0.005913
"4493_1",0.052146
"842_1",0.076976
"4926_1",0.273942
"3398_9",0.977372
"8857_10",0.460668
"3696_9",0.856919
"1952_1",0.025326
"5516_3",0.031595
"3297_10",0.593564
"8396_2",0.019841
"1928_4",0.621029
"7216_10",0.999773
"1648_3",0.069873
"9312_8",0.953677
"4392_2",0.014920
"4740_9",0.318669
"2985_4",0.000525
"6407_10",0.452175
"4015_1",0.114130
"911_10",0.996226
"7898_1",0.014128
"5241_10",0.798746
"4955_4",0.084982
"4199_1",0.170048
"8319_4",0.978539
"6340_1",0.015794
"2003_1",0.038440
"11213_3",0.505620
"5109_4",0.011533
"9400_1",0.018746
"10719_7",0.965442
"6848_8",0.994532
"11398_1",0.200025
"2606_7",0.879452
"5646_1",0.246387
"4103_10",0.662921
"8906_9",0.973936
"6997_10",0.985707
"9990_1",0.060608
"6573_1",0.011822
"8530_10",0.702064
"8382_9",0.986976
"4207_2",0.713529
"8794_10",0.994242
"917_9",0.991312
"10739_9",0.997389
"4286_1",0.003586
"1763_1",0.001082
"5173_10",0.973909
"1764_1",0.012225
"3614_3",0.078069
"3880_10",0.989543
"4059_1",0.021472
"8786_8",0.947727
"9553_2",0.006058
"10599_8",0.054427
"1048_4",0.053167
"8136_7",0.519254
"8715_8",0.987107
"7667_7",0.763276
"5647_2",0.002806
"6267_1",0.001707
"12444_10",0.819314
"7390_10",0.774394
"7260_7",0.973695
"6170_10",0.984110
"2181_2",0.058101
"6196_7",0.997910
"12058_9",0.436557
"8915_7",0.745083
"6816_10",0.939380
"730_9",0.994585
"5808_10",0.997681
"6256_2",0.016567
"5157_4",0.031454
"7970_10",0.915847
"6991_7",0.926720
"7112_4",0.129118
"12136_4",0.685119
"1554_8",0.893603
"8289_4",0.040733
"12452_8",0.944329
"6181_8",0.923380
"6237_8",0.944292
"9724_10",0.986817
"7991_1",0.009215
"8185_4",0.534799
"12162_1",0.146995
"8330_9",0.987541
"84_3",0.003995
"4879_4",0.005300
"1173_7",0.911321
"11095_2",0.360312
"9934_8",0.995243
"10791_9",0.729651
"5260_10",0.957647
"3123_3",0.055242
"7500_1",0.021728
"9472_8",0.995624
"6349_9",0.956368
"8706_8",0.896880
"12385_4",0.019756
"12409_4",0.055888
"809_10",0.992244
"11380_2",0.134329
"4975_8",0.993786
"5069_3",0.638758
"8132_7",0.995439
"5628_10",0.994585
"12329_8",0.526916
"8217_3",0.030155
"251_2",0.795791
"2901_7",0.113945
"4588_1",0.028727
"2647_10",0.995440
"6020_9",0.995066
"7171_3",0.006075
"5880_10",0.998779
"4842_9",0.807562
"10657_10",0.960051
"11858_7",0.959040
"4656_4",0.720862
"9293_10",0.953637
"10702_10",0.999273
"6277_10",0.943833
"7223_10",0.498363
"11150_8",0.874804
"4768_9",0.964107
"5703_8",0.962147
"9249_9",0.991558
"12051_10",0.993423
"5740_4",0.013839
"4882_3",0.270043
"11575_10",0.551403
"385_1",0.046195
"1569_3",0.063152
"7449_1",0.210776
"1977_4",0.028858
"6134_7",0.785033
"2384_8",0.998724
"2437_10",0.988175
"643_7",0.943365
"7334_10",0.997010
"12228_9",0.994089
"8579_2",0.002504
"4093_4",0.004003
"233_8",0.993776
"11852_7",0.142238
"11027_4",0.580647
"5409_7",0.973166
"9332_10",0.990429
"6530_9",0.847958
"7815_1",0.009589
"8317_10",0.996217
"5382_9",0.992671
"3183_3",0.462932
"4997_8",0.833506
"11553_7",0.956420
"718_3",0.015010
"7128_9",0.995142
"11977_1",0.095698
"10820_3",0.056614
"3539_9",0.959915
"2386_1",0.003596
"9837_4",0.546280
"2941_1",0.037823
"6669_1",0.003084
"10927_1",0.010663
"57_10",0.991828
"12252_2",0.432158
"8926_3",0.037986
"3044_2",0.055712
"9758_10",0.994344
"4584_10",0.826169
"1467_1",0.002618
"7846_9",0.964953
"1982_8",0.995256
"5705_1",0.003424
"9754_7",0.949321
"9594_1",0.018684
"7405_10",0.998866
"8469_2",0.841071
"3713_10",0.999562
"3381_10",0.906243
"1913_10",0.278268
"9423_8",0.952594
"115_9",0.856228
"9784_10",0.305310
"1148_4",0.211739
"2911_10",0.979462
"11328_9",0.764388
"5087_1",0.649159
"3983_10",0.718534
"5216_1",0.110274
"7961_10",0.945914
"10134_7",0.887620
"9379_2",0.054084
"4715_1",0.001345
"6501_10",0.997423
"4146_4",0.010963
"12159_1",0.009684
"11661_10",0.987135
"7995_2",0.022718
"693_9",0.868077
"1411_10",0.996600
"7091_7",0.943630
"2576_1",0.010035
"8207_1",0.007772
"10877_10",0.991357
"5444_10",0.977646
"9409_1",0.004152
"10020_1",0.016175
"2349_8",0.996869
"4942_10",0.996271
"2839_1",0.001672
"9419_1",0.073528
"10661_1",0.369724
"5659_10",0.993050
"639_7",0.964040
"5946_7",0.108192
"7231_7",0.997314
"4220_4",0.382514
"3698_4",0.489431
"1060_2",0.024116
"2398_3",0.046708
"11073_3",0.031244
"8336_2",0.005689
"5975_3",0.086723
"4727_1",0.003106
"1596_8",0.990694
"5471_2",0.015639
"11204_10",0.802427
"8810_10",0.975036
"11125_3",0.018165
"9607_10",0.985952
"6517_3",0.003170
"10232_1",0.024318
"7708_10",0.998772
"1753_1",0.008672
"10946_7",0.404517
"668_4",0.250231
"3794_4",0.999231
"6867_1",0.345778
"9428_7",0.926072
"12366_9",0.995617
"12056_9",0.975670
"901_1",0.000937
"7714_8",0.988508
"6389_8",0.373348
"4148_7",0.943834
"5062_1",0.033727
"6835_1",0.457785
"2901_3",0.301974
"4724_10",0.993504
"764_2",0.082034
"6729_1",0.006742
"8284_4",0.049177
"11928_1",0.033022
"386_1",0.000820
"35_9",0.987901
"4458_4",0.375461
"9627_2",0.041613
"8112_9",0.972912
"6026_8",0.997227
"12188_3",0.154488
"3477_3",0.173373
"12242_8",0.752770
"11594_4",0.110589
"11360_10",0.997697
"10299_1",0.001424
"3829_10",0.995101
"8324_2",0.006515
"1285_9",0.990233
"11370_10",0.995444
"8051_4",0.512260
"4420_10",0.991184
"3843_7",0.987979
"10520_2",0.201953
"12146_8",0.901070
"1502_10",0.349746
"6227_4",0.002905
"3191_10",0.977869
"4569_2",0.002784
"7647_8",0.043229
"6372_9",0.994787
"2105_2",0.074632
"4180_1",0.069452
"11212_10",0.998555
"1811_9",0.995080
"2868_3",0.015727
"3773_3",0.010292
"8386_1",0.024032
"1072_8",0.720290
"10588_1",0.842827
"8858_1",0.001440
"10831_1",0.073950
"11926_8",0.356950
"11521_10",0.982235
"4037_10",0.984957
"5119_7",0.777688
"11438_9",0.997656
"8275_2",0.002357
"4879_8",0.996366
"4520_10",0.997186
"2510_7",0.999312
"510_2",0.014315
"1283_1",0.022399
"3733_8",0.926310
"7708_1",0.004961
"12219_1",0.007670
"11654_4",0.018027
"3229_7",0.867941
"3579_8",0.316921
"1534_4",0.017085
"7498_10",0.991569
"11392_10",0.043456
"2949_1",0.003146
"407_7",0.993107
"12388_3",0.070984
"7779_3",0.005136
"12409_10",0.990017
"199_8",0.740482
"9330_1",0.002084
"6196_2",0.222694
"1576_2",0.207587
"12123_4",0.032814
"871_1",0.034165
"867_9",0.991009
"12186_1",0.023808
"11357_1",0.016677
"9327_4",0.005814
"3092_8",0.964182
"6097_1",0.811222
"4170_4",0.027913
"3724_3",0.947900
"4219_1",0.209874
"12233_10",0.986648
"12050_9",0.913524
"124_10",0.967675
"9521_9",0.966631
"7991_10",0.998498
"12284_1",0.046821
"8452_10",0.993654
"986_3",0.088106
"8504_8",0.951794
"9427_7",0.991987
"2359_3",0.256410
"7026_10",0.985416
"8726_8",0.908276
"4971_1",0.013969
"2990_1",0.040505
"5285_2",0.094914
"9953_10",0.596925
"2170_8",0.984316
"10963_8",0.969644
"9176_8",0.984306
"9639_7",0.998668
"1781_1",0.009852
"1293_10",0.998374
"10225_10",0.507310
"3821_1",0.220039
"1206_10",0.996362
"5513_1",0.100534
"12475_2",0.043008
"11508_9",0.960287
"6358_4",0.563244
"9646_1",0.009491
"7957_9",0.799527
"5183_9",0.909460
"8322_10",0.793103
"4171_1",0.585638
"6498_2",0.030595
"11893_1",0.378310
"8209_10",0.984824
"4866_3",0.024845
"1077_3",0.008048
"10916_7",0.806104
"6027_4",0.145909
"9308_7",0.986689
"7130_1",0.000482
"3326_4",0.022214
"6680_3",0.308623
"1707_8",0.853504
"5106_1",0.096790
"1408_10",0.899213
"6773_8",0.980256
"940_3",0.002897
"10890_10",0.995870
"3678_10",0.956679
"6871_9",0.798548
"10196_8",0.968486
"12369_1",0.023960
"4070_10",0.998874
"11755_7",0.996705
"9095_3",0.015529
"10863_1",0.030789
"7109_7",0.897368
"1844_3",0.011707
"8228_2",0.021401
"9631_4",0.254764
"3920_4",0.283119
"19_1",0.001059
"3929_2",0.073532
"1506_2",0.004235
"6877_3",0.026198
"12154_7",0.213716
"6572_3",0.152818
"1557_2",0.001461
"11836_7",0.551408
"9380_9",0.636075
"11725_4",0.088667
"6317_9",0.981826
"5022_1",0.001331
"132_1",0.002089
"9303_8",0.887098
"4739_10",0.872847
"11228_10",0.998199
"7913_1",0.760842
"1304_3",0.105387
"2725_10",0.997569
"8484_2",0.045673
"1866_9",0.998648
"12446_9",0.984649
"11406_1",0.005948
"7056_4",0.592677
"8615_10",0.997598
"12284_10",0.739025
"3279_9",0.998158
"9243_1",0.700794
"11_8",0.957748
"427_10",0.918874
"5446_7",0.227750
"846_7",0.552460
"2545_4",0.435393
"8635_10",0.998150
"4410_8",0.971862
"875_10",0.997239
"392_2",0.039908
"8819_3",0.000735
"12202_1",0.005776
"1370_4",0.828896
"340_2",0.065903
"179_1",0.086395
"11332_8",0.951588
"10396_4",0.288640
"8321_1",0.024359
"6384_3",0.028355
"5951_9",0.910229
"8137_1",0.016923
"12009_10",0.847089
"2103_8",0.992406
"11153_2",0.001271
"4945_10",0.840658
"3193_3",0.004315
"921_9",0.997666
"10446_10",0.851835
"9961_9",0.997328
"11420_4",0.096022
"6954_2",0.004595
"8430_2",0.716818
"6749_3",0.012276
"5997_7",0.654129
"7611_7",0.276880
"6292_8",0.995949
"11314_1",0.000501
"5143_2",0.106504
"9517_2",0.003624
"8259_2",0.027852
"5114_8",0.998640
"3574_9",0.993068
"11464_3",0.149938
"11457_10",0.725320
"2496_3",0.110493
"6795_1",0.015742
"1904_2",0.009176
"11524_2",0.023023
"8223_1",0.046656
"5566_3",0.004263
"3550_7",0.544239
"6059_10",0.939075
"4580_10",0.866785
"177_1",0.024695
"8790_8",0.985495
"7784_1",0.007505
"11892_1",0.066124
"6235_10",0.977956
"6493_4",0.001580
"764_8",0.998976
"4052_7",0.474924
"1663_1",0.005957
"10437_1",0.403502
"1009_3",0.132478
"11664_4",0.086130
"8909_10",0.879247
"9200_3",0.950315
"7919_9",0.971809
"8603_1",0.006932
"6976_2",0.058755
"4261_1",0.002571
"6636_1",0.016911
"10707_9",0.996705
"1155_7",0.998670
"7050_4",0.577127
"1360_3",0.077722
"8176_7",0.972307
"3301_8",0.958498
"6684_3",0.130923
"2742_3",0.065514
"7159_4",0.021966
"8944_3",0.030172
"2077_4",0.019886
"7145_10",0.989707
"6216_7",0.938173
"8606_9",0.946441
"10608_10",0.990606
"8441_4",0.162894
"1782_8",0.959658
"10939_8",0.971022
"2702_7",0.995578
"9210_1",0.003346
"9075_8",0.991822
"3412_3",0.084497
"2859_8",0.994098
"6326_4",0.389864
"94_2",0.088547
"3691_10",0.821435
"2679_9",0.995006
"1568_4",0.006951
"3540_9",0.888747
"3710_10",0.999519
"5691_1",0.071701
"9699_10",0.067726
"9207_4",0.211287
"286_1",0.428750
"10891_1",0.001521
"6177_8",0.994321
"9817_2",0.000936
"8871_9",0.837560
"290_1",0.006180
"8388_9",0.850135
"9195_7",0.998159
"1164_9",0.987445
"2332_8",0.879723
"5406_7",0.851044
"2476_3",0.268501
"11381_3",0.064008
"6518_10",0.993405
"3474_1",0.052420
"603_8",0.995261
"5448_4",0.033991
"3624_8",0.916861
"11569_1",0.245190
"9353_8",0.927659
"3119_2",0.165707
"382_4",0.073938
"8569_8",0.541989
"2312_10",0.995847
"7531_1",0.011528
"7150_4",0.523513
"5496_8",0.999104
"1979_1",0.031128
"4158_2",0.027183
"4790_7",0.630621
"11971_1",0.007454
"197_10",0.996594
"3453_8",0.965941
"915_4",0.423458
"6991_2",0.126714
"7524_9",0.989862
"7474_4",0.317133
"284_2",0.036475
"12483_7",0.966951
"1141_10",0.881159
"7739_1",0.068993
"6488_3",0.074134
"3117_1",0.415228
"6224_8",0.913638
"9737_4",0.418039
"2399_10",0.998181
"1044_8",0.996282
"1153_8",0.572446
"11664_9",0.994765
"10015_4",0.800730
"7622_1",0.027240
"8743_10",0.999431
"356_3",0.135886
"838_7",0.885656
"4922_10",0.995137
"3623_10",0.984961
"9424_1",0.037181
"8473_4",0.933555
"9996_10",0.993876
"11242_2",0.973397
"11889_10",0.997650
"11131_10",0.900673
"386_10",0.969131
"6534_8",0.997332
"11420_7",0.197103
"3119_9",0.988622
"2708_2",0.016537
"2817_10",0.749804
"9425_7",0.998837
"11019_2",0.207217
"1747_1",0.297772
"4493_9",0.993771
"4728_1",0.069218
"6856_2",0.000537
"10273_1",0.113622
"4822_8",0.756605
"10475_10",0.886715
"2678_3",0.022259
"9979_8",0.988422
"8090_1",0.004212
"10022_4",0.003660
"5137_1",0.001510
"6787_10",0.971428
"4027_9",0.998563
"208_10",0.639781
"569_7",0.935193
"761_10",0.995498
"2603_9",0.394618
"11692_9",0.902181
"4374_2",0.006465
"5581_10",0.584180
"10601_1",0.052304
"637_3",0.007745
"10238_2",0.757253
"6717_1",0.004558
"9145_10",0.958181
"1047_4",0.880172
"6173_1",0.000639
"985_10",0.979538
"4964_1",0.003842
"7104_1",0.005048
"6293_3",0.184274
"9060_3",0.012344
"1894_4",0.177748
"4650_10",0.988909
"12475_8",0.934237
"7563_9",0.997335
"10996_9",0.958670
"8315_4",0.083937
"710_3",0.008556
"3856_7",0.993564
"10613_8",0.950112
"12141_9",0.779155
"4666_1",0.000872
"292_3",0.042471
"3316_7",0.966335
"10482_4",0.101038
"9703_1",0.359108
"6905_9",0.999060
"9138_10",0.996798
"10417_2",0.079162
"7977_1",0.009854
"9350_8",0.589857
"4514_10",0.998352
"3964_4",0.872798
"6014_4",0.290935
"10198_2",0.197506
"9059_1",0.058542
"11254_10",0.979916
"2032_7",0.578729
"6895_7",0.059011
"6921_2",0.004935
"9174_8",0.999358
"367_8",0.857063
"11410_7",0.040523
"9387_7",0.062315
"2227_10",0.957225
"334_2",0.003787
"334_9",0.886906
"10893_8",0.998433
"9414_10",0.967630
"9725_1",0.014487
"10779_9",0.828516
"8654_8",0.959333
"9032_7",0.985838
"9775_4",0.212118
"7687_1",0.042236
"12206_4",0.099183
"7720_8",0.994760
"6774_9",0.993550
"12469_1",0.010089
"7249_2",0.006810
"5146_3",0.764693
"8629_7",0.720815
"5292_3",0.990252
"8937_7",0.999889
"9221_4",0.964875
"3203_8",0.983230
"6964_2",0.307338
"6120_8",0.854540
"6962_9",0.991844
"4139_1",0.002257
"3957_4",0.003984
"9305_3",0.062962
"6863_1",0.794735
"2164_4",0.492613
"12378_7",0.332108
"10834_10",0.990314
"633_10",0.866177
"10071_8",0.976165
"8167_1",0.013037
"4232_9",0.330762
"6710_8",0.958741
"6055_1",0.013948
"8169_8",0.918785
"10291_9",0.987935
"8149_10",0.990254
"2499_10",0.991695
"4370_2",0.031200
"4031_1",0.001360
"11372_3",0.166416
"9619_1",0.271771
"8822_4",0.051456
"7096_10",0.995360
"7009_10",0.961096
"2442_10",0.996661
"442_10",0.995660
"4783_1",0.059554
"11837_9",0.772490
"5214_8",0.990024
"134_8",0.996340
"10948_1",0.002221
"3011_7",0.998949
"4339_4",0.515453
"9638_3",0.820106
"7186_7",0.955508
"7702_2",0.004401
"6586_8",0.992838
"2420_8",0.997161
"1911_8",0.413024
"4707_4",0.483471
"3954_10",0.995729
"12071_3",0.949788
"10010_9",0.989343
"8844_2",0.167612
"12312_1",0.068102
"4874_1",0.046817
"7270_7",0.836686
"3497_1",0.005484
"9928_3",0.828366
"11109_1",0.012909
"9016_8",0.335560
"1125_10",0.990862
"9695_8",0.634621
"5756_9",0.012753
"11452_2",0.008433
"8488_4",0.026258
"9825_2",0.116715
"7054_7",0.873042
"4359_10",0.911239
"11411_8",0.938310
"9618_8",0.989713
"12226_4",0.887488
"7752_10",0.967490
"9274_3",0.519243
"12069_10",0.986394
"4591_2",0.111262
"6065_8",0.983382
"2344_10",0.868708
"10299_10",0.997637
"8934_9",0.926684
"5041_8",0.993196
"3885_7",0.601990
"3994_8",0.990212
"11907_9",0.998137
"10181_10",0.888183
"2714_9",0.954260
"1571_8",0.846324
"6621_4",0.026578
"1062_2",0.482741
"379_10",0.998093
"62_8",0.966970
"1926_8",0.938771
"3428_7",0.860098
"2175_8",0.993129
"2006_10",0.998194
"8633_7",0.692231
"12158_2",0.001417
"11572_8",0.992248
"8859_10",0.992609
"10919_2",0.037143
"4131_3",0.440533
"6893_1",0.449018
"9217_1",0.000413
"1893_2",0.197809
"1719_2",0.001090
"5107_4",0.075575
"2284_3",0.243354
"1430_10",0.995259
"5207_10",0.808658
"2800_8",0.989910
"7550_1",0.889872
"9035_9",0.988447
"11548_10",0.996002
"6037_4",0.012835
"518_4",0.038024
"12237_2",0.033080
"10266_7",0.872320
"12032_1",0.002526
"2494_4",0.003415
"8062_3",0.219639
"4665_1",0.010297
"6082_8",0.998997
"7225_4",0.014755
"9080_1",0.131499
"9606_4",0.523708
"494_2",0.009170
"6274_10",0.994595
"4170_9",0.936876
"9218_10",0.965264
"10377_8",0.253172
"10597_10",0.995186
"958_4",0.057929
"9958_4",0.061378
"129_9",0.996335
"2804_9",0.998092
"8935_1",0.012825
"12229_3",0.152326
"5048_4",0.046767
"6509_4",0.191622
"1812_8",0.611186
"5695_1",0.045148
"2021_10",0.972828
"9892_2",0.021711
"9239_10",0.891362
"5398_2",0.095926
"4458_7",0.934329
"11730_8",0.980419
"9853_1",0.001124
"2258_10",0.997399
"9345_10",0.998646
"64_3",0.805997
"10423_9",0.994911
"2220_9",0.523096
"192_10",0.998596
"12143_9",0.885534
"2113_7",0.998166
"5294_10",0.998940
"7025_9",0.998425
"6300_3",0.042168
"8043_2",0.010292
"6628_1",0.291401
"12138_3",0.584068
"1333_7",0.578449
"10515_3",0.008475
"11949_9",0.988145
"2854_1",0.001083
"142_8",0.996000
"3706_1",0.000351
"6149_10",0.682702
"8429_3",0.451439
"6151_10",0.999464
"4861_8",0.967507
"8764_9",0.390777
"540_1",0.161474
"10693_1",0.058726
"2346_4",0.246333
"1532_4",0.044593
"1099_2",0.061319
"3818_10",0.868621
"2617_10",0.998821
"1709_1",0.002050
"4649_10",0.996987
"4085_10",0.977385
"4478_9",0.998677
"1032_10",0.995813
"3642_7",0.038251
"5656_8",0.864323
"11916_3",0.185511
"6672_10",0.716435
"4225_7",0.926284
"996_3",0.043157
"7421_10",0.987208
"9431_7",0.924913
"11121_9",0.986571
"5054_8",0.993820
"9187_8",0.431322
"9096_7",0.829373
"10318_8",0.957218
"5348_2",0.478816
"6666_8",0.996296
"6648_9",0.073613
"1405_10",0.990935
"8981_4",0.980348
"10248_9",0.903315
"4101_8",0.985928
"3076_4",0.019002
"1598_1",0.007284
"8430_10",0.678068
"9999_1",0.191609
"805_1",0.000756
"7821_7",0.940324
"10849_10",0.995120
"8400_7",0.618501
"4807_4",0.145356
"8353_4",0.607602
"10445_10",0.720221
"7058_2",0.091257
"9715_2",0.123997
"10934_3",0.002869
"8215_10",0.794556
"7268_10",0.997398
"5521_8",0.298777
"8565_1",0.015166
"8197_3",0.007404
"12004_9",0.910449
"10257_3",0.039082
"6260_2",0.013100
"10481_9",0.997019
"7598_2",0.001404
"8106_10",0.254027
"8049_3",0.115345
"7124_2",0.012807
"3858_1",0.006316
"1445_9",0.484902
"6346_1",0.023013
"678_7",0.969855
"10247_1",0.124858
"1287_8",0.992883
"11873_1",0.024079
"7198_1",0.004636
"3237_7",0.613802
"2029_8",0.596786
"26_10",0.990772
"9153_1",0.005642
"12004_2",0.179275
"4105_10",0.997574
"1168_10",0.996833
"5312_4",0.045101
"2907_1",0.007480
"7247_9",0.873092
"107_10",0.931717
"412_2",0.583294
"2078_4",0.562339
"7997_9",0.937441
"12397_10",0.899292
"10052_7",0.982994
"6559_7",0.897064
"12143_4",0.073951
"3496_7",0.915011
"3569_10",0.990565
"9270_10",0.433779
"2811_3",0.446855
"9673_7",0.194908
"325_1",0.076652
"11741_3",0.002676
"10562_7",0.841042
"5687_9",0.962794
"4601_4",0.034359
"5698_8",0.202540
"11257_4",0.085941
"4391_1",0.073085
"4703_10",0.977855
"12191_3",0.007142
"113_8",0.350435
"9831_1",0.003597
"7388_7",0.998872
"1661_10",0.614348
"3703_2",0.003831
"6077_2",0.293591
"935_4",0.346838
"7617_7",0.997925
"7387_3",0.397661
"7889_7",0.976710
"803_3",0.010008
"9557_9",0.995427
"4299_10",0.990672
"6785_3",0.626901
"5185_7",0.956192
"9590_1",0.675391
"10811_9",0.997552
"34_1",0.010405
"12221_2",0.011779
"6436_10",0.993384
"8299_2",0.019580
"7242_9",0.998934
"3247_10",0.546227
"8466_3",0.386888
"5784_9",0.967904
"794_7",0.994362
"4986_3",0.007453
"7786_7",0.993733
"9324_10",0.935039
"2095_9",0.976579
"10798_1",0.001578
"4193_1",0.025316
"12063_10",0.997070
"3976_7",0.912098
"8657_1",0.003233
"2850_4",0.234899
"4522_7",0.996488
"6028_1",0.157855
"6000_4",0.019175
"8712_1",0.005360
"3969_8",0.953930
"4245_4",0.018196
"3873_7",0.905078
"68_9",0.998864
"890_9",0.819139
"5922_1",0.006110
"2582_2",0.170857
"5704_4",0.002261
"9307_8",0.835595
"4114_8",0.894278
"5540_7",0.427439
"157_10",0.997267
"748_1",0.005543
"7045_1",0.005666
"9526_3",0.499593
"6519_2",0.023152
"11254_4",0.172465
"9498_1",0.004935
"7192_8",0.974773
"2388_1",0.032070
"12002_8",0.993882
"8394_1",0.003770
"10656_8",0.630352
"7261_9",0.993725
"10434_8",0.998457
"139_9",0.944713
"4538_1",0.003647
"4038_2",0.001597
"12228_4",0.179997
"3619_8",0.963337
"10411_3",0.037163
"7278_1",0.004040
"2304_3",0.003582
"5636_3",0.162871
"8833_9",0.975118
"504_1",0.009143
"12313_1",0.004327
"11161_1",0.006231
"72_4",0.710091
"4976_1",0.047410
"10018_8",0.968890
"12142_8",0.996290
"4821_8",0.981522
"9058_2",0.015722
"6347_1",0.007104
"3346_8",0.988870
"1481_10",0.992916
"10178_1",0.045490
"2851_8",0.824087
"12095_3",0.002688
"11978_3",0.266221
"7172_9",0.990986
"8450_1",0.005267
"7464_1",0.293041
"12327_1",0.671170
"5622_4",0.026325
"9170_3",0.012559
"10955_10",0.727014
"6161_2",0.444485
"11222_10",0.997675
"3844_7",0.966721
"11443_3",0.029804
"4004_7",0.957847
"11015_10",0.992665
"3860_1",0.177732
"11600_2",0.942852
"6849_8",0.711134
"1966_1",0.010264
"4828_8",0.416351
"675_8",0.519084
"9068_7",0.030776
"5924_8",0.986249
"10733_10",0.966868
"8369_7",0.997762
"5213_4",0.039257
"2558_4",0.018038
"47_10",0.999524
"2601_10",0.050994
"7360_9",0.857251
"1289_1",0.248866
"9875_4",0.017976
"2449_1",0.062472
"10020_8",0.984209
"6761_3",0.273014
"7544_10",0.988865
"4380_3",0.016685
"3946_10",0.680414
"6968_10",0.583195
"3006_2",0.049232
"11942_1",0.001996
"2715_9",0.873720
"6065_4",0.838082
"6866_1",0.982136
"6620_10",0.982436
"3177_1",0.002349
"4051_10",0.703437
"880_3",0.016732
"6504_1",0.034668
"12193_3",0.003438
"8570_3",0.006994
"8025_1",0.002169
"12316_1",0.137939
"10842_10",0.999573
"2066_10",0.942463
"4416_10",0.976310
"5327_1",0.003296
"3500_1",0.006471
"4072_7",0.975259
"5833_7",0.609728
"2989_8",0.713642
"1905_8",0.408770
"5421_1",0.010670
"1479_8",0.354501
"5092_1",0.001611
"4840_1",0.011932
"54_10",0.991569
"9203_9",0.519319
"3949_2",0.001313
"3615_1",0.001662
"8748_10",0.975240
"108_2",0.181788
"2280_4",0.973505
"6454_3",0.355832
"4071_1",0.003510
"2022_9",0.736216
"2600_1",0.002612
"2482_10",0.996418
"7347_9",0.998492
"7190_4",0.437971
"7174_7",0.732997
"5823_3",0.084284
"8051_10",0.406089
"7503_2",0.002432
"2341_1",0.068310
"516_9",0.829480
"8309_4",0.018485
"10789_4",0.050693
"11286_1",0.011761
"4770_1",0.010962
"7262_4",0.952108
"11636_9",0.597914
"2340_1",0.038419
"3407_3",0.002613
"2922_9",0.970384
"9708_2",0.039371
"2362_3",0.060455
"3729_8",0.904762
"2265_9",0.997800
"1439_1",0.001915
"8020_2",0.022711
"5581_2",0.035501
"6503_1",0.288176
"10101_9",0.950649
"7853_8",0.983022
"6229_1",0.001294
"1351_7",0.941822
"2764_10",0.948553
"4617_10",0.850234
"1265_2",0.008568
"11424_4",0.912223
"219_8",0.759938
"2241_10",0.996480
"8400_2",0.009112
"4399_1",0.003383
"9110_4",0.474284
"294_1",0.288648
"4646_4",0.066617
"8267_3",0.036537
"8829_4",0.618945
"3174_7",0.962797
"6557_4",0.036550
"8286_4",0.327851
"2611_8",0.852366
"3422_4",0.241312
"4632_4",0.395052
"6448_4",0.277102
"11485_3",0.462617
"8526_7",0.463447
"10172_9",0.961040
"5043_2",0.007877
"7865_1",0.013920
"6343_8",0.981228
"9225_9",0.999210
"2764_4",0.069688
"8446_10",0.122451
"3329_9",0.966327
"9142_8",0.911208
"9567_1",0.003424
"7933_8",0.895769
"5655_10",0.085084
"12076_10",0.999623
"6455_7",0.936749
"7202_10",0.997670
"7747_10",0.996199
"9072_10",0.959353
"11374_10",0.989498
"3032_9",0.952975
"3065_10",0.974832
"1216_10",0.875374
"732_8",0.497466
"7586_4",0.010077
"12012_10",0.971368
"5280_4",0.179866
"2687_4",0.739606
"7659_3",0.028115
"2813_4",0.310666
"6992_9",0.804716
"5468_10",0.974687
"10035_1",0.004686
"10283_10",0.924594
"5439_8",0.821242
"8930_2",0.017725
"8681_7",0.858459
"8521_1",0.000293
"4213_1",0.170285
"9751_1",0.006089
"935_10",0.996730
"5082_1",0.004038
"1802_1",0.001636
"11455_10",0.966392
"1794_9",0.952158
"3708_10",0.990959
"6174_8",0.829245
"2210_8",0.888850
"6259_7",0.584000
"12471_8",0.996233
"3260_10",0.995095
"4717_1",0.023960
"8673_2",0.062468
"6362_3",0.135608
"7986_1",0.001184
"10555_3",0.696427
"10468_2",0.022755
"5354_10",0.983352
"5760_2",0.029785
"1380_2",0.020168
"12054_9",0.989613
"3794_10",0.971941
"7842_1",0.161955
"2236_7",0.994054
"8449_1",0.008672
"9993_2",0.038452
"6947_1",0.002166
"11369_10",0.889052
"8186_4",0.645931
"7017_2",0.324496
"725_8",0.787724
"9298_8",0.515280
"1695_7",0.996145
"7762_1",0.002745
"3466_10",0.990013
"1794_4",0.028811
"3804_10",0.881279
"7642_3",0.008662
"9538_10",0.259565
"10107_2",0.005253
"4755_8",0.994978
"9679_1",0.018016
"11300_1",0.018255
"8747_3",0.073437
"4145_1",0.003909
"8066_7",0.883890
"6306_10",0.888500
"6021_10",0.993439
"4860_10",0.995453
"4608_2",0.009972
"2380_1",0.018718
"9709_8",0.733596
"8057_4",0.925121
"8624_1",0.002381
"6117_10",0.998286
"3641_9",0.479955
"8710_3",0.414668
"9158_10",0.991495
"1129_2",0.006638
"8320_4",0.062200
"10219_4",0.033678
"6625_1",0.076776
"1988_1",0.170292
"5032_1",0.043023
"1042_7",0.770749
"1895_4",0.003834
"10057_1",0.004187
"9898_10",0.998506
"3809_2",0.005348
"7994_2",0.030783
"2751_4",0.319962
"3102_1",0.019290
"12393_7",0.586084
"4521_7",0.158657
"11169_8",0.998333
"7227_4",0.839530
"4956_9",0.101788
"7592_9",0.994810
"656_7",0.973860
"11534_3",0.033528
"774_8",0.999847
"7756_1",0.003303
"2720_8",0.987631
"11227_10",0.998953
"10462_3",0.016169
"4041_10",0.532215
"7327_1",0.016647
"4056_8",0.999079
"11684_10",0.978959
"5544_8",0.987835
"3799_8",0.985275
"3593_10",0.995409
"4602_4",0.722640
"2123_2",0.003301
"9773_10",0.999298
"10956_4",0.079993
"5139_3",0.100038
"8804_10",0.993470
"1784_2",0.112280
"11022_1",0.000727
"9366_1",0.001261
"12113_7",0.936576
"2375_7",0.176436
"3911_10",0.999010
"10834_2",0.002893
"9319_1",0.018902
"3923_3",0.133533
"4630_10",0.997042
"2625_10",0.987365
"10159_7",0.963003
"2339_1",0.012455
"8577_3",0.032229
"4062_7",0.998976
"6677_2",0.014496
"7818_8",0.981806
"4939_2",0.013909
"6937_4",0.079056
"1286_1",0.017058
"878_2",0.034459
"2357_7",0.779584
"3397_3",0.740669
"11214_10",0.947995
"8045_1",0.041751
"2943_1",0.097811
"1518_10",0.957903
"2792_9",0.988741
"6437_7",0.834680
"8734_7",0.952148
"6165_2",0.061198
"11956_2",0.045667
"7021_1",0.703414
"3369_1",0.723492
"5829_2",0.011378
"11742_9",0.995551
"11370_1",0.007042
"1502_1",0.120236
"9933_1",0.028676
"4619_10",0.989073
"6842_1",0.738424
"2770_10",0.452450
"2343_4",0.023020
"3071_8",0.989945
"3046_8",0.903634
"8354_4",0.101082
"5632_10",0.976244
"3901_4",0.071565
"6950_10",0.999186
"2431_9",0.917824
"10614_9",0.992486
"41_4",0.012842
"5039_3",0.017198
"2827_1",0.158906
"2860_8",0.923878
"6868_9",0.928771
"4597_3",0.923239
"8795_10",0.986939
"11941_7",0.848608
"12442_1",0.001831
"9736_7",0.871216
"1102_9",0.175007
"4291_7",0.971640
"4523_1",0.097290
"5349_1",0.012502
"3363_7",0.658353
"11393_3",0.092014
"1647_1",0.157389
"6143_4",0.125572
"1863_1",0.001473
"10099_9",0.282239
"4163_8",0.677024
"9357_8",0.994336
"10941_10",0.798299
"6883_10",0.799319
"11090_4",0.370308
"3480_1",0.066379
"10795_1",0.526098
"5865_1",0.064646
"2484_8",0.497577
"3023_4",0.004507
"2818_2",0.012489
"719_7",0.290479
"5297_4",0.030187
"12194_10",0.987274
"2929_8",0.981018
"7911_2",0.027514
"10619_9",0.985469
"5192_9",0.972412
"2170_1",0.293660
"4659_10",0.167452
"8536_7",0.997407
"11119_1",0.127984
"7887_3",0.815805
"11742_1",0.441936
"5867_7",0.685104
"7538_7",0.640307
"1834_9",0.997615
"6499_8",0.132745
"2073_10",0.909999
"3881_10",0.996777
"802_7",0.520614
"1733_1",0.002837
"11527_1",0.050785
"4316_2",0.004515
"9812_1",0.014000
"8911_10",0.855195
"7687_10",0.994401
"4240_10",0.998432
"1778_1",0.005982
"11822_1",0.012069
"7820_1",0.001039
"235_4",0.338837
"8373_7",0.971482
"92_1",0.010439
"716_10",0.857757
"4028_7",0.997084
"5533_7",0.729521
"2605_9",0.994261
"6665_1",0.008881
"178_10",0.997514
"9886_2",0.715470
"11779_10",0.673531
"5124_4",0.908257
"1956_2",0.050549
"2933_1",0.161738
"8737_1",0.013179
"8755_9",0.981292
"5032_8",0.994690
"9246_10",0.998965
"9610_1",0.009188
"7011_2",0.155908
"1602_1",0.205771
"3367_1",0.000294
"2756_8",0.987993
"12042_9",0.998426
"2641_3",0.001141
"9202_10",0.981855
"1953_2",0.040465
"5303_1",0.006614
"975_7",0.721521
"2447_4",0.135391
"294_8",0.824986
"11643_7",0.706930
"8743_1",0.000924
"2661_4",0.272962
"8638_10",0.931807
"4793_10",0.970994
"7461_8",0.823117
"830_4",0.047246
"5770_7",0.293331
"1989_1",0.002293
"5514_3",0.008763
"5842_3",0.000811
"11813_1",0.012419
"7811_10",0.956185
"7707_4",0.565689
"1205_10",0.997918
"10326_10",0.693852
"4881_9",0.861040
"8244_10",0.984815
"7647_1",0.002371
"4376_10",0.975602
"6744_2",0.534722
"6769_7",0.962586
"494_10",0.847794
"6188_4",0.032032
"5859_1",0.003972
"6801_3",0.126412
"10990_8",0.994491
"6057_8",0.379893
"3017_1",0.077441
"7617_1",0.498942
"8340_7",0.983203
"746_7",0.070382
"9290_10",0.073336
"1525_10",0.862341
"11044_7",0.474818
"9367_10",0.964871
"5705_10",0.996552
"11375_10",0.998569
"11320_1",0.004493
"754_9",0.303908
"7040_10",0.989617
"10740_4",0.032352
"8839_10",0.993975
"11614_4",0.019374
"10867_9",0.992935
"12406_10",0.997809
"12081_10",0.959310
"8763_10",0.995902
"4103_1",0.053610
"5600_1",0.010674
"5345_2",0.001114
"10679_8",0.946060
"11709_1",0.018753
"6872_4",0.003970
"9096_3",0.913853
"3417_9",0.975881
"5154_3",0.679367
"6071_10",0.982151
"5685_9",0.984168
"7937_10",0.988184
"3628_1",0.002262
"7374_2",0.004903
"1862_8",0.168542
"6602_1",0.046352
"1401_10",0.993611
"12157_3",0.100632
"5636_8",0.996440
"2049_10",0.989768
"9402_8",0.855832
"12455_10",0.956216
"11062_2",0.005572
"9163_10",0.992105
"2879_7",0.121667
"2840_9",0.868052
"9893_8",0.977034
"11857_1",0.086980
"7776_10",0.989574
"10365_7",0.982104
"6186_7",0.994869
"7071_1",0.001673
"5132_1",0.015654
"8971_4",0.008993
"3415_1",0.002952
"3622_1",0.000323
"7446_10",0.911695
"4644_9",0.155819
"3923_10",0.981953
"3503_8",0.954233
"8685_7",0.495009
"1683_2",0.067132
"3417_4",0.536869
"10443_3",0.300913
"4620_3",0.400452
"5658_1",0.572328
"4185_1",0.006332
"3727_10",0.968591
"5334_1",0.054559
"7113_7",0.667868
"8713_1",0.004883
"2865_7",0.341702
"2956_4",0.011822
"2455_8",0.991162
"97_7",0.976559
"6789_10",0.998995
"8639_8",0.969059
"1563_8",0.972552
"3169_9",0.986104
"7627_10",0.933460
"1649_10",0.922889
"2287_10",0.999141
"9479_1",0.014813
"7705_1",0.008733
"10803_2",0.940160
"6076_9",0.996737
"4263_3",0.275263
"4726_10",0.994550
"11738_9",0.990394
"9250_9",0.945054
"2638_1",0.016577
"11357_7",0.377948
"12135_3",0.134671
"7296_10",0.986441
"10674_7",0.995262
"7674_9",0.997573
"5575_1",0.002025
"8120_7",0.993027
"1617_1",0.014055
"7090_3",0.015576
"3793_4",0.109141
"2658_10",0.421483
"9942_3",0.859767
"9520_9",0.982699
"10638_1",0.020819
"9066_10",0.999025
"3408_4",0.010930
"7526_1",0.087806
"10821_3",0.011616
"5887_10",0.946346
"12470_3",0.030944
"4033_8",0.950108
"1949_10",0.993509
"9859_4",0.013088
"11183_9",0.998812
"8533_4",0.088424
"10236_10",0.253517
"6111_3",0.136458
"5475_8",0.964856
"3342_3",0.055242
"8335_1",0.716718
"4812_9",0.985534
"2306_4",0.329621
"4596_7",0.123395
"10431_2",0.109097
"5077_9",0.981901
"1301_9",0.929527
"8979_9",0.998321
"4226_9",0.997978
"5544_3",0.011249
"7954_2",0.004205
"3935_4",0.209336
"7076_4",0.039845
"10208_10",0.990654
"3737_3",0.271093
"1689_8",0.753414
"6585_9",0.989785
"6096_3",0.240158
"11052_4",0.315255
"7783_10",0.982848
"5157_10",0.929153
"5465_10",0.899916
"11361_10",0.926633
"7560_3",0.288413
"9781_4",0.050776
"11681_10",0.983537
"6127_7",0.126063
"1799_9",0.925274
"10849_2",0.004331
"4274_7",0.997931
"15_10",0.987512
"11338_1",0.022639
"5750_2",0.268384
"9335_8",0.989853
"8359_7",0.335687
"9527_7",0.988313
"1336_1",0.005099
"9893_3",0.324965
"11229_9",0.997843
"5948_9",0.812824
"9733_4",0.045623
"6377_8",0.992885
"1427_10",0.984767
"9023_3",0.016788
"2151_2",0.007451
"1744_1",0.020895
"6367_10",0.998326
"9143_8",0.968660
"6176_8",0.991598
"11388_10",0.953744
"1493_10",0.987649
"6615_1",0.001782
"4654_2",0.049165
"599_9",0.997529
"7256_10",0.998526
"11993_1",0.087238
"992_7",0.989829
"8871_2",0.001673
"11483_1",0.008793
"3322_1",0.047436
"9827_4",0.323668
"8063_3",0.120004
"7397_3",0.808747
"3040_4",0.034057
"11682_2",0.273833
"8738_10",0.988828
"9905_4",0.021397
"6437_1",0.730319
"4319_9",0.997833
"5353_4",0.123584
"12207_9",0.980671
"6166_7",0.986634
"12243_4",0.363563
"1219_1",0.018049
"10292_10",0.757392
"10132_10",0.693462
"6898_10",0.967808
"8469_8",0.906757
"10393_1",0.327822
"7509_1",0.122508
"9468_9",0.822421
"9002_1",0.007441
"891_9",0.780949
"5156_4",0.470290
"2321_1",0.002200
"11859_8",0.693208
"12262_7",0.661254
"6198_4",0.379421
"5699_1",0.010588
"4252_10",0.655934
"10618_10",0.995613
"3226_10",0.999773
"7227_7",0.461529
"11047_7",0.969781
"9569_7",0.972400
"8933_4",0.263492
"4513_8",0.801254
"1271_9",0.997250
"6327_2",0.142896
"10012_9",0.656855
"10090_3",0.168932
"8564_1",0.009561
"10905_8",0.999080
"6828_2",0.019936
"1730_1",0.012242
"3404_3",0.029029
"12428_1",0.046354
"5180_1",0.025238
"10554_9",0.985164
"527_2",0.557335
"10296_8",0.998554
"543_4",0.868354
"10235_3",0.103146
"3743_4",0.134293
"8792_3",0.452322
"3597_1",0.037152
"12320_1",0.030183
"11672_8",0.997491
"7237_4",0.023446
"3726_7",0.190467
"6643_2",0.252921
"2743_10",0.998045
"10184_9",0.978181
"1929_1",0.060834
"666_7",0.164588
"4548_4",0.010498
"4153_4",0.009011
"7356_4",0.038856
"8843_10",0.996641
"7552_8",0.998678
"6494_8",0.968367
"3547_7",0.838112
"810_1",0.778291
"7672_9",0.436166
"4945_3",0.191338
"12427_8",0.954852
"749_7",0.989456
"10706_10",0.996750
"10969_1",0.008162
"340_9",0.989463
"2154_8",0.999318
"3715_1",0.003377
"2388_10",0.999447
"5905_2",0.035322
"3774_10",0.991288
"3070_1",0.084824
"4789_10",0.992242
"1509_2",0.006095
"2350_8",0.941822
"11137_1",0.000379
"10987_1",0.003270
"5815_1",0.132608
"7272_10",0.998825
"4651_10",0.988909
"4184_1",0.005312
"9636_10",0.994479
"8592_10",0.994591
"3068_3",0.067476
"8899_4",0.017204
"10018_1",0.007988
"5821_10",0.994675
"3232_4",0.002137
"10795_10",0.962133
"7461_3",0.007143
"10874_7",0.547324
"9672_10",0.998038
"1908_10",0.961345
"4014_9",0.751392
"10488_3",0.002583
"2501_7",0.982557
"12339_3",0.802883
"2698_10",0.975139
"1674_1",0.081150
"10366_8",0.171245
"12059_10",0.994616
"8285_4",0.004704
"4120_8",0.938467
"4238_7",0.964578
"10516_1",0.039847
"2478_9",0.701815
"7807_2",0.003956
"10704_1",0.051052
"791_4",0.136196
"2514_4",0.422283
"3095_10",0.854690
"1770_10",0.995860
"11115_2",0.040442
"10797_1",0.239612
"11347_1",0.004524
"7077_10",0.997919
"403_1",0.116650
"5852_7",0.046189
"8451_8",0.795502
"7013_1",0.004236
"10346_9",0.994577
"3055_7",0.985064
"4687_1",0.016567
"8467_10",0.997116
"11363_10",0.834434
"277_9",0.993107
"1715_2",0.921458
"9249_1",0.003926
"1895_10",0.138972
"5505_3",0.016243
"1323_9",0.999699
"4200_10",0.641715
"682_4",0.426028
"12020_4",0.279983
"5824_10",0.809282
"4475_10",0.996764
"891_1",0.687763
"2713_8",0.954001
"2084_9",0.503266
"1535_3",0.515905
"7862_8",0.993998
"8055_9",0.984980
"6604_7",0.997868
"7714_1",0.187301
"5606_7",0.077890
"7277_10",0.988945
"3197_1",0.003722
"406_7",0.051605
"6948_9",0.980644
"4196_8",0.112793
"1723_10",0.999060
"11625_4",0.783021
"1259_1",0.003608
"5283_10",0.998354
"8407_4",0.033490
"5561_8",0.991803
"7653_3",0.865444
"8646_1",0.006566
"8053_8",0.861238
"1879_7",0.612239
"1645_2",0.041722
"12222_7",0.064633
"3966_1",0.011370
"4754_1",0.005691
"8920_9",0.978609
"11920_9",0.997039
"4747_2",0.011193
"2108_8",0.182614
"9017_7",0.992244
"994_7",0.596714
"11155_10",0.939785
"6249_9",0.998782
"5926_9",0.995043
"12486_1",0.954361
"4918_8",0.618598
"1357_9",0.966222
"6051_2",0.031151
"4589_10",0.622808
"12401_4",0.424983
"4083_8",0.998349
"10373_10",0.991396
"7467_8",0.616504
"2220_1",0.001477
"6882_7",0.579553
"10551_10",0.998383
"4043_10",0.992531
"11078_8",0.973759
"4280_9",0.994313
"8594_10",0.998109
"10652_9",0.955088
"2206_10",0.996522
"9014_2",0.012295
"10215_4",0.362589
"3549_2",0.006293
"10445_1",0.001259
"10819_9",0.982099
"10691_1",0.052740
"3855_10",0.994266
"7809_2",0.094008
"3022_7",0.313612
"694_8",0.993572
"13_9",0.993071
"10972_10",0.967908
"9187_1",0.002793
"12354_3",0.197250
"4793_1",0.004430
"10696_1",0.166321
"12446_1",0.000279
"1488_10",0.848324
"904_10",0.048599
"11057_1",0.006713
"2132_8",0.883836
"1406_10",0.984991
"11366_3",0.087800
"9957_4",0.032379
"12096_1",0.000920
"3827_3",0.013569
"11686_2",0.002249
"4387_9",0.998777
"9955_9",0.984855
"12103_10",0.999299
"11506_10",0.987166
"793_1",0.295657
"8001_1",0.001973
"8823_4",0.109863
"1787_7",0.990415
"5484_10",0.949299
"3557_9",0.975197
"615_8",0.917539
"410_2",0.053617
"5800_2",0.120560
"3143_4",0.160538
"11359_2",0.017881
"7016_10",0.988286
"3711_2",0.008210
"8580_10",0.967254
"5615_9",0.998869
"9202_2",0.000885
"4776_2",0.190720
"8436_10",0.996599
"2097_8",0.962570
"6935_4",0.059704
"2656_1",0.011538
"11446_7",0.818088
"5392_4",0.569062
"6451_9",0.981214
"11054_8",0.994758
"8677_8",0.962745
"8761_3",0.457963
"9297_1",0.000840
"12480_2",0.020805
"11736_9",0.412105
"4156_8",0.985374
"1955_10",0.998926
"12350_1",0.238710
"5439_1",0.011000
"1342_10",0.955050
"7271_1",0.028553
"1868_4",0.022340
"4497_9",0.970345
"1729_10",0.745255
"4593_8",0.961310
"11296_7",0.736537
"9573_4",0.921358
"11678_2",0.014461
"6790_9",0.957941
"12298_2",0.001336
"9839_3",0.115368
"1348_1",0.074069
"7004_8",0.915644
"10414_10",0.985215
"3826_3",0.024765
"9313_4",0.771561
"10543_3",0.027580
"6909_9",0.990305
"11377_10",0.992687
"2591_9",0.979643
"11355_2",0.002415
"9274_8",0.903602
"4521_4",0.073008
"12208_9",0.989897
"4948_2",0.001284
"3732_1",0.196923
"12096_10",0.996638
"7135_3",0.417553
"10310_8",0.646333
"1959_1",0.000294
"10383_1",0.006816
"106_9",0.907750
"7085_7",0.917404
"11070_8",0.995596
"6850_10",0.998894
"12476_4",0.085838
"1917_10",0.994445
"1341_3",0.281586
"4062_1",0.011638
"5594_4",0.282284
"11963_1",0.065556
"2777_9",0.981019
"9871_7",0.528688
"949_8",0.722502
"7436_10",0.966211
"738_10",0.270924
"4893_1",0.035361
"6100_10",0.806885
"10219_9",0.820799
"4004_2",0.001101
"5945_10",0.996833
"10183_9",0.997603
"3465_10",0.999424
"4408_1",0.001833
"5810_7",0.959652
"188_3",0.179219
"7835_1",0.279172
"1648_9",0.888335
"7971_8",0.934417
"11809_1",0.001111
"5352_10",0.384429
"1476_8",0.840697
"602_10",0.989999
"9669_2",0.145974
"93_9",0.989631
"10787_10",0.891110
"10958_8",0.974113
"6608_1",0.056684
"7058_10",0.992033
"4401_10",0.746892
"9315_8",0.512942
"9670_3",0.121500
"10537_3",0.010463
"1033_2",0.134437
"12085_10",0.508666
"9373_7",0.986556
"8302_2",0.001745
"10138_2",0.120956
"6814_10",0.996555
"9778_1",0.004447
"5149_7",0.986463
"6191_3",0.127587
"7466_3",0.061534
"10051_2",0.025998
"5262_2",0.131295
"2906_1",0.003703
"8625_9",0.927530
"2118_4",0.139189
"11547_3",0.012007
"11384_7",0.988944
"123_10",0.992110
"11115_7",0.718028
"9348_10",0.995317
"568_9",0.381660
"7731_9",0.999066
"6548_8",0.783245
"9235_4",0.052962
"430_10",0.995259
"10790_1",0.007060
"10691_10",0.989248
"2324_9",0.996273
"11031_1",0.057958
"5465_4",0.371237
"5545_4",0.028168
"5546_10",0.973531
"9010_2",0.182928
"7205_10",0.984970
"7580_10",0.767898
"2052_3",0.032563
"6284_7",0.993555
"12001_3",0.007010
"3458_9",0.999098
"9013_2",0.309775
"5839_4",0.039208
"10809_10",0.992436
"3077_2",0.002795
"11373_3",0.020983
"7083_9",0.997055
"10846_10",0.957801
"11815_10",0.944514
"4730_1",0.054521
"3320_7",0.970389
"4782_10",0.861075
"3410_3",0.026230
"5142_10",0.989170
"3947_1",0.596337
"3016_8",0.216714
"12114_4",0.052062
"11039_8",0.986675
"5902_7",0.927980
"5351_8",0.985740
"1654_10",0.977427
"5731_4",0.026119
"10985_9",0.975606
"8724_1",0.045526
"9854_3",0.117936
"2054_1",0.002445
"11385_4",0.782486
"5919_4",0.008549
"9898_1",0.013428
"11874_8",0.803221
"4496_3",0.034747
"5231_1",0.026457
"10070_3",0.054713
"2345_8",0.996502
"9311_10",0.999311
"1036_10",0.975883
"6603_4",0.183380
"2138_9",0.995594
"10546_10",0.991958
"3217_10",0.987084
"12188_10",0.995749
"5986_2",0.107822
"352_10",0.988017
"8557_3",0.072173
"10453_10",0.964379
"4397_4",0.003707
"673_2",0.302780
"10305_10",0.998304
"11985_1",0.008241
"3457_1",0.192381
"500_1",0.003651
"10637_9",0.926143
"8144_10",0.999639
"8485_1",0.009040
"1632_7",0.950441
"2404_8",0.983816
"11489_10",0.999473
"7590_1",0.109848
"12460_2",0.221781
"11729_10",0.873953
"2796_7",0.880552
"8015_2",0.021565
"8258_4",0.004300
"2272_3",0.153741
"7178_10",0.991849
"8476_8",0.998785
"3411_4",0.234338
"8319_10",0.935715
"11799_10",0.972274
"8585_4",0.897189
"4640_10",0.958479
"12199_1",0.014397
"8380_7",0.399564
"8712_10",0.971029
"12482_9",0.995192
"4813_1",0.010484
"119_9",0.979689
"7850_10",0.935754
"5536_1",0.041940
"10576_1",0.002734
"2803_1",0.018605
"11788_4",0.008032
"6681_3",0.308623
"2503_10",0.995524
"88_3",0.286673
"7389_4",0.800671
"8793_9",0.997075
"4911_7",0.988491
"6495_4",0.171632
"10670_1",0.128881
"2203_10",0.990498
"7588_10",0.990550
"7095_7",0.981908
"6748_8",0.724750
"10348_1",0.045583
"2568_8",0.694725
"10292_2",0.183910
"1112_3",0.034588
"5322_7",0.707558
"4291_4",0.012611
"1212_7",0.872735
"7963_10",0.984412
"6156_1",0.006105
"713_1",0.030596
"11606_8",0.988568
"10975_10",0.989654
"4638_10",0.946221
"800_8",0.891753
"1389_3",0.099540
"10045_1",0.005497
"3529_1",0.344010
"1921_2",0.007277
"4824_8",0.755158
"10688_10",0.988486
"84_10",0.998690
"225_3",0.138981
"9756_10",0.980186
"7601_8",0.889054
"6342_3",0.187487
"7711_1",0.004566
"12133_7",0.959808
"8026_3",0.037117
"4551_10",0.981934
"545_4",0.076798
"343_1",0.638007
"10788_4",0.992325
"8711_2",0.253032
"5493_10",0.999723
"9358_1",0.698436
"2185_3",0.007231
"9720_2",0.006939
"4481_8",0.876634
"6528_2",0.031634
"11928_8",0.990914
"6591_7",0.950933
"10876_1",0.014937
"11253_10",0.982608
"2190_3",0.315527
"4281_3",0.001624
"7971_3",0.050305
"11649_2",0.006808
"5199_3",0.827739
"12258_3",0.717168
"5922_8",0.992470
"11136_1",0.001419
"7941_10",0.966359
"1412_7",0.990039
"11053_3",0.267522
"5586_10",0.990346
"5762_9",0.306848
"8328_3",0.452695
"10354_4",0.447674
"3563_8",0.968313
"8246_2",0.146433
"7740_10",0.990529
"4972_1",0.014355
"832_4",0.273126
"11386_10",0.956058
"1273_3",0.019189
"5085_2",0.390300
"11414_4",0.655538
"885_8",0.957535
"3943_10",0.878175
"898_9",0.974762
"8168_10",0.985539
"9779_10",0.333716
"830_7",0.960987
"77_10",0.991872
"648_8",0.980819
"10629_10",0.740169
"89_10",0.985861
"11955_9",0.990030
"7883_9",0.986878
"243_4",0.281228
"5148_2",0.003249
"1056_3",0.815182
"5206_10",0.957701
"8777_10",0.641959
"2969_2",0.001923
"6729_8",0.988778
"11860_1",0.077799
"6307_4",0.628582
"11589_1",0.003156
"8016_1",0.000773
"3461_8",0.900481
"8767_1",0.002307
"7692_10",0.924503
"12281_8",0.825632
"7763_1",0.909615
"5301_9",0.979768
"5112_10",0.998071
"10757_10",0.872881
"1066_8",0.922156
"5413_10",0.992763
"2733_3",0.099008
"8534_10",0.910421
"5915_8",0.892024
"10566_3",0.005228
"10900_7",0.940039
"3120_10",0.821817
"4394_1",0.163688
"3090_1",0.002477
"4379_10",0.998986
"5259_7",0.077586
"10792_8",0.975950
"2599_1",0.000849
"1912_2",0.008233
"2517_1",0.924036
"2946_8",0.992539
"3020_8",0.706349
"1850_4",0.752834
"9463_2",0.001495
"1721_10",0.976066
"7952_7",0.992045
"1806_9",0.991260
"11403_9",0.855947
"2013_7",0.727783
"5556_10",0.996702
"1746_3",0.073451
"11125_7",0.971594
"9270_4",0.453998
"7343_10",0.993369
"12465_10",0.996443
"8550_9",0.998067
"6213_8",0.443019
"10861_10",0.990069
"4109_7",0.816530
"8652_1",0.000866
"11546_1",0.072586
"9133_7",0.975365
"5964_3",0.002362
"1575_1",0.251886
"1337_4",0.191985
"7610_1",0.001276
"49_10",0.999456
"6505_2",0.041017
"7177_10",0.274064
"5947_7",0.683252
"1723_3",0.038119
"9055_7",0.918264
"7972_1",0.006958
"5340_8",0.570457
"6938_8",0.006156
"12400_8",0.952681
"552_9",0.673687
"11844_9",0.994535
"1080_1",0.005234
"3078_10",0.997235
"8713_9",0.938975
"7300_1",0.005549
"12464_1",0.006647
"3812_10",0.840867
"3313_4",0.570531
"6880_4",0.185253
"5478_9",0.989132
"10951_7",0.979192
"3327_8",0.939654
"6332_10",0.549190
"4385_8",0.549892
"2387_10",0.993229
"5756_3",0.062136
"4020_7",0.852098
"6190_8",0.955717
"517_8",0.904064
"9018_3",0.165468
"9449_10",0.994669
"10715_3",0.005711
"8195_8",0.999110
"9605_10",0.911675
"4309_9",0.984447
"1783_4",0.118047
"1658_10",0.981750
"1403_7",0.620633
"4268_1",0.000681
"4822_1",0.007740
"717_4",0.022097
"7768_10",0.978297
"7803_2",0.000753
"7190_8",0.946776
"11035_1",0.003451
"6288_10",0.947882
"10690_1",0.003322
"714_10",0.996496
"9210_10",0.992687
"12462_1",0.001829
"9325_1",0.002800
"8370_8",0.990660
"10583_1",0.013656
"4016_10",0.999400
"6465_4",0.112474
"1512_9",0.998252
"4769_8",0.904155
"11160_7",0.945955
"2175_1",0.000168
"12261_7",0.998786
"685_8",0.605877
"9208_10",0.987532
"6296_1",0.011994
"8210_4",0.212021
"11237_4",0.062311
"8139_10",0.995181
"6996_3",0.370836
"5168_1",0.007641
"5528_3",0.853177
"6635_1",0.190694
"1670_8",0.987867
"7099_4",0.806002
"2239_1",0.693954
"7313_4",0.351984
"3304_2",0.005777
"10505_1",0.006188
"9681_10",0.998248
"7569_4",0.935037
"9926_4",0.269005
"8339_8",0.985469
"8553_10",0.990548
"387_1",0.010148
"4715_9",0.985434
"11447_1",0.043594
"7425_1",0.379275
"10514_1",0.316901
"6979_10",0.991517
"3104_1",0.017695
"6833_4",0.554781
"5931_3",0.034704
"12103_2",0.178959
"9413_1",0.003359
"2730_7",0.947042
"7293_10",0.985945
"8479_9",0.997858
"9099_7",0.992729
"2061_4",0.387094
"4680_7",0.998794
"4067_1",0.204796
"4663_2",0.004378
"3069_1",0.076466
"8739_7",0.966225
"8279_2",0.650826
"11078_1",0.157209
"7917_1",0.015075
"7636_8",0.938283
"5071_8",0.558756
"1720_10",0.899901
"885_3",0.006745
"734_1",0.001884
"6309_9",0.970359
"4346_3",0.012707
"4087_10",0.981829
"678_1",0.001056
"8348_8",0.893072
"3572_2",0.168369
"10285_1",0.380930
"11126_4",0.880228
"8071_2",0.137647
"8150_10",0.959875
"4652_4",0.043407
"3674_8",0.889572
"1046_9",0.986686
"1986_8",0.962501
"2516_1",0.850255
"11758_1",0.008334
"4747_8",0.930902
"10426_4",0.335403
"4331_1",0.001892
"9146_3",0.011472
"312_10",0.983991
"4160_9",0.992233
"5277_3",0.008334
"4896_7",0.949967
"4327_9",0.682059
"4136_3",0.240158
"2324_2",0.264662
"10407_10",0.980006
"5081_10",0.998314
"2892_2",0.103072
"367_3",0.008795
"6523_3",0.010267
"9037_7",0.176230
"8790_1",0.001370
"1839_8",0.984986
"4149_3",0.007079
"7950_3",0.011547
"1686_2",0.644186
"7855_1",0.034463
"2844_10",0.981552
"4006_1",0.185284
"1077_10",0.982732
"9294_3",0.720562
"8866_1",0.014532
"8414_3",0.232845
"11736_3",0.129295
"11683_9",0.650788
"6399_10",0.699364
"4876_2",0.007770
"8818_10",0.992276
"8874_3",0.041012
"2595_7",0.224666
"9287_1",0.372231
"11446_3",0.097724
"10016_3",0.070560
"10381_8",0.894387
"2222_1",0.782337
"10875_7",0.980890
"5708_8",0.943401
"2727_9",0.987964
"823_1",0.030153
"3616_2",0.009559
"10522_1",0.043494
"5340_3",0.010917
"4218_9",0.991496
"6551_4",0.122411
"4506_7",0.973962
"487_3",0.009112
"3215_2",0.006660
"3884_10",0.992923
"8163_1",0.006050
"4878_9",0.715782
"10428_10",0.982767
"6394_10",0.996013
"5318_2",0.006631
"4829_3",0.237227
"9175_8",0.954255
"10213_7",0.689646
"1484_10",0.999113
"9646_10",0.992159
"755_1",0.009271
"4988_1",0.014327
"10640_3",0.130925
"2780_4",0.002633
"5867_2",0.007623
"9212_10",0.978788
"8554_4",0.138131
"4703_3",0.065141
"8779_8",0.995335
"953_10",0.975613
"10349_8",0.959383
"3280_10",0.996163
"3646_8",0.976706
"6054_1",0.002561
"4894_3",0.641606
"11235_10",0.954130
"513_8",0.944653
"4166_1",0.078979
"742_8",0.029081
"7671_10",0.991217
"2835_4",0.826641
"8556_10",0.989383
"4764_7",0.970261
"1626_3",0.003424
"6883_4",0.068921
"1014_4",0.512845
"9419_10",0.967283
"7918_8",0.540077
"8912_2",0.313616
"7996_3",0.630436
"5045_2",0.129755
"9612_2",0.126901
"1658_2",0.073810
"4373_2",0.020492
"11771_7",0.497596
"5458_4",0.116164
"10492_1",0.003570
"5551_8",0.888196
"811_1",0.012977
"12209_9",0.969761
"1514_1",0.177642
"6684_9",0.998727
"4604_7",0.987632
"3350_1",0.009358
"3336_7",0.880963
"9645_4",0.003040
"1664_9",0.993072
"5109_8",0.992778
"9294_8",0.711299
"7439_3",0.045491
"9098_10",0.982813
"10353_2",0.029261
"2356_4",0.941185
"884_1",0.146138
"704_2",0.001918
"9429_4",0.190494
"11563_1",0.003266
"10345_7",0.996210
"12301_4",0.156596
"1021_7",0.877002
"6353_1",0.047243
"2608_7",0.997465
"10508_1",0.213270
"263_1",0.011527
"10127_10",0.953411
"11517_4",0.061024
"4758_4",0.130656
"2210_4",0.213236
"12396_1",0.003927
"9405_7",0.703969
"5945_2",0.022940
"1931_3",0.002574
"3972_9",0.974755
"7949_3",0.113654
"1958_10",0.998333
"5834_7",0.929990
"11040_1",0.053125
"9453_1",0.008208
"5841_10",0.981846
"1144_10",0.996617
"5678_2",0.170585
"11361_3",0.003034
"5999_1",0.005308
"11810_4",0.045585
"10502_1",0.018980
"11821_10",0.992475
"8270_10",0.953651
"4627_4",0.319937
"5588_2",0.065335
"4877_1",0.005581
"2289_8",0.997977
"2582_10",0.994543
"8749_1",0.233460
"1653_1",0.007027
"7060_3",0.033764
"4299_1",0.018479
"7198_10",0.900784
"5597_9",0.337869
"11592_10",0.988507
"1516_1",0.016587
"1428_10",0.955864
"9349_7",0.266186
"4182_10",0.932062
"522_10",0.996749
"1942_9",0.991875
"2570_8",0.984540
"1188_2",0.003917
"7454_10",0.999112
"6859_8",0.983448
"4278_9",0.899411
"3538_8",0.450917
"6499_1",0.009819
"7715_1",0.005802
"5847_1",0.002782
"2109_10",0.989089
"7570_2",0.107166
"3725_1",0.003471
"8736_2",0.014671
"2007_10",0.998389
"9738_10",0.951877
"2763_7",0.987399
"9081_2",0.092418
"6647_10",0.994373
"11207_1",0.080370
"5182_3",0.005031
"2171_10",0.653298
"9091_1",0.593157
"3970_3",0.013830
"7432_9",0.915113
"2169_2",0.015507
"720_1",0.012443
"866_2",0.001126
"567_3",0.927186
"11812_8",0.995869
"11195_9",0.239254
"5877_10",0.997349
"5526_9",0.985162
"792_8",0.464911
"8673_9",0.991952
"5163_1",0.089901
"4722_8",0.884070
"11423_8",0.895864
"3239_8",0.741395
"2235_4",0.576078
"5799_3",0.002221
"8592_2",0.749972
"5229_10",0.218417
"9285_10",0.989916
"6092_1",0.816164
"8940_10",0.876208
"12220_8",0.320070
"4417_10",0.991184
"10462_10",0.998306
"3241_9",0.732391
"8744_10",0.996943
"1016_3",0.349648
"7382_10",0.995039
"8458_8",0.239463
"629_4",0.037665
"1971_3",0.036545
"4471_4",0.112013
"7890_2",0.001919
"10164_4",0.502592
"2176_8",0.961687
"2500_2",0.453189
"1155_2",0.009386
"7102_8",0.655946
"3618_10",0.950874
"4940_3",0.006790
"10263_3",0.045732
"12495_10",0.256121
"7170_9",0.993576
"7322_3",0.853720
"2938_10",0.604493
"8128_8",0.989905
"4900_1",0.079157
"5672_7",0.113395
"3387_10",0.992643
"806_1",0.049638
"7385_2",0.002560
"3043_4",0.027676
"6845_10",0.954064
"979_3",0.709163
"6853_3",0.195766
"4871_4",0.002909
"12172_8",0.753167
"4105_2",0.020117
"3171_4",0.117958
"8686_10",0.978815
"10187_1",0.000630
"5305_7",0.932661
"1728_10",0.958278
"11284_4",0.189852
"443_2",0.106490
"8542_9",0.994044
"7634_2",0.054145
"2598_1",0.152772
"124_2",0.004778
"10145_8",0.999514
"63_1",0.000428
"5522_3",0.918499
"1264_9",0.922691
"12181_10",0.997104
"6508_1",0.015001
"2146_3",0.006106
"5449_4",0.277029
"2660_9",0.995896
"6594_4",0.099542
"6285_8",0.535550
"12200_10",0.884576
"6710_1",0.063123
"10399_10",0.991639
"6703_1",0.044668
"5795_8",0.985262
"3427_4",0.003662
"11306_10",0.999268
"6641_3",0.033851
"9364_9",0.906390
"6963_8",0.028490
"6896_10",0.958094
"10154_10",0.979411
"4690_10",0.997893
"8125_8",0.933017
"4978_1",0.121354
"4999_3",0.002903
"8921_8",0.814743
"6089_3",0.031504
"12279_9",0.817358
"1209_7",0.994189
"2083_7",0.966997
"10162_10",0.992219
"1266_4",0.596303
"10892_8",0.977594
"4864_4",0.021877
"10743_7",0.728574
"6427_1",0.010433
"8633_1",0.212795
"6158_10",0.991773
"4952_3",0.005768
"7508_10",0.951490
"637_9",0.991582
"6734_2",0.757478
"10685_1",0.002848
"6269_4",0.359590
"9073_8",0.878349
"9551_2",0.003907
"5499_2",0.002926
"3573_4",0.042008
"12089_1",0.266628
"3962_1",0.042914
"2169_7",0.753121
"959_8",0.793473
"10514_9",0.056013
"4430_7",0.917309
"10802_1",0.958268
"280_10",0.985507
"8041_3",0.148785
"9040_9",0.995153
"10653_1",0.634149
"10783_7",0.946710
"4711_1",0.000487
"1523_4",0.363391
"3903_1",0.002783
"4216_8",0.947939
"10108_1",0.011364
"4098_4",0.009989
"9433_7",0.997363
"11013_10",0.995811
"3968_10",0.873820
"7916_3",0.001708
"5859_9",0.657178
"11194_7",0.433553
"9376_3",0.016608
"1808_4",0.032171
"12029_3",0.027216
"5854_4",0.366017
"6573_9",0.967347
"6747_8",0.986889
"4366_1",0.102564
"5868_7",0.752972
"7712_3",0.447944
"11617_1",0.010445
"5362_10",0.938541
"1950_1",0.015368
"9724_1",0.028523
"7537_8",0.909767
"6950_1",0.011630
"6035_8",0.996426
"11191_4",0.090558
"4759_9",0.997651
"1228_7",0.456123
"10380_1",0.267081
"271_7",0.968060
"7826_9",0.908085
"4336_2",0.231652
"4209_2",0.177749
"4898_7",0.198887
"2987_1",0.001665
"9976_4",0.253318
"7521_10",0.991891
"5680_2",0.001244
"4310_10",0.974275
"4484_10",0.975672
"5748_9",0.934068
"6798_3",0.092550
"9598_10",0.995291
"4834_2",0.049742
"2505_10",0.998428
"1984_8",0.958935
"476_1",0.052261
"11578_1",0.068024
"2223_3",0.873732
"8215_3",0.621434
"3108_1",0.010017
"4371_1",0.007608
"12399_4",0.012799
"4913_1",0.003083
"8431_8",0.150704
"3445_10",0.998160
"8268_10",0.987055
"4271_10",0.995421
"2136_3",0.005140
"2479_1",0.047474
"11798_2",0.027275
"2893_10",0.990214
"7754_3",0.019882
"7568_10",0.995028
"6221_8",0.992216
"1687_10",0.998997
"4744_1",0.001335
"3730_10",0.862404
"7543_10",0.834967
"4449_1",0.003208
"2802_8",0.867238
"2834_2",0.001958
"11243_2",0.342323
"6638_10",0.897835
"3299_1",0.001102
"1378_10",0.785120
"1867_9",0.985368
"3371_1",0.005366
"1340_10",0.974100
"1810_10",0.977198
"11773_10",0.953764
"2111_1",0.007774
"2234_4",0.626028
"4958_7",0.873609
"3514_1",0.078463
"8488_9",0.944701
"1650_4",0.021071
"6538_3",0.009455
"9930_9",0.999619
"10594_1",0.010562
"6248_8",0.988760
"1384_9",0.991816
"11526_3",0.194642
"9847_10",0.997769
"8994_1",0.009455
"11595_1",0.025940
"9840_7",0.273970
"1027_9",0.951418
"11691_2",0.144283
"1154_10",0.921511
"4599_4",0.004344
"2126_1",0.004023
"10719_3",0.001255
"11925_2",0.031200
"1938_2",0.030614
"7233_7",0.336761
"1747_8",0.986530
"4994_8",0.845594
"10696_10",0.914352
"7348_10",0.991898
"9121_8",0.905084
"902_10",0.760347
"8046_1",0.001300
"3604_7",0.791748
"4886_8",0.996228
"2821_10",0.996011
"10180_8",0.525092
"11376_10",0.996555
"11195_2",0.013848
"5625_9",0.998233
"9284_9",0.988616
"6747_1",0.188870
"3910_9",0.244265
"11412_7",0.934490
"2456_10",0.997754
"6105_10",0.993076
"5732_10",0.679730
"1960_9",0.975918
"6363_7",0.767841
"9596_10",0.974299
"8605_3",0.024460
"174_2",0.004175
"8251_1",0.035150
"8567_10",0.845635
"7007_3",0.020828
"2418_8",0.977612
"12030_8",0.803399
"7626_7",0.938863
"6070_3",0.036672
"802_1",0.008757
"10801_10",0.809388
"8559_1",0.010729
"2495_2",0.005539
"10777_9",0.998066
"2958_7",0.942381
"3701_10",0.984770
"2754_9",0.878580
"1210_1",0.017591
"7830_10",0.998801
"4523_9",0.949653
"12408_4",0.128881
"5748_1",0.025026
"3982_2",0.009082
"9658_8",0.994965
"73_10",0.980489
"3952_1",0.327689
"4064_8",0.991875
"9835_4",0.020849
"12463_1",0.066465
"905_10",0.964569
"5634_8",0.993702
"800_3",0.003591
"11576_10",0.996640
"8546_4",0.001489
"8456_1",0.145185
"163_1",0.226910
"7616_3",0.029752
"17_3",0.663824
"620_2",0.010077
"4250_4",0.178941
"4403_1",0.001679
"7107_3",0.388734
"9691_9",0.842805
"4069_8",0.989140
"3747_7",0.992211
"7930_10",0.996251
"1088_3",0.222936
"3683_1",0.180270
"11138_1",0.006049
"1825_10",0.998603
"9888_3",0.025699
"8079_10",0.908524
"1508_2",0.001664
"2471_4",0.024890
"5238_7",0.728268
"4947_9",0.902589
"1791_10",0.289521
"5824_4",0.668099
"10408_2",0.063818
"6053_8",0.944149
"6811_4",0.009862
"6398_4",0.220289
"137_7",0.953811
"3920_9",0.960201
"8179_2",0.241634
"10602_8",0.062940
"10509_8",0.981282
"7346_3",0.020032
"2663_1",0.358429
"1342_2",0.074438
"5714_4",0.003957
"9669_10",0.983665
"6038_3",0.011523
"11957_10",0.286514
"750_2",0.069816
"12386_10",0.051095
"7178_1",0.005259
"8070_8",0.404571
"8993_1",0.004575
"1178_4",0.158185
"10457_8",0.995808
"5287_1",0.026610
"3098_8",0.644628
"3505_8",0.993740
"10271_1",0.184188
"4354_3",0.006388
"4817_1",0.004743
"11313_1",0.003914
"9023_10",0.992229
"8404_1",0.013433
"11847_1",0.003435
"5374_9",0.990759
"1009_8",0.988325
"4197_1",0.002083
"10803_9",0.931240
"6609_9",0.753445
"519_1",0.003041
"7675_3",0.013597
"10204_10",0.967322
"10565_1",0.004133
"1641_1",0.012278
"11170_10",0.993427
"451_2",0.087577
"4526_7",0.650734
"5639_9",0.975854
"5642_1",0.013996
"9159_3",0.638210
"11173_10",0.445000
"10772_10",0.892061
"11172_10",0.997428
"10213_4",0.682346
"11256_9",0.982556
"5863_1",0.002547
"5125_1",0.207311
"5624_10",0.976503
"10355_10",0.876336
"6623_1",0.042913
"3674_1",0.004246
"540_8",0.580559
"5202_10",0.753376
"9644_10",0.999530
"4780_1",0.145682
"2002_9",0.166294
"7228_10",0.998809
"4036_2",0.005474
"9925_9",0.942458
"1137_10",0.996730
"5679_1",0.022824
"9162_2",0.000954
"2849_3",0.000421
"3546_4",0.001918
"7164_1",0.000642
"1749_10",0.421186
"11988_2",0.069711
"365_10",0.962548
"7340_10",0.964907
"1543_3",0.019736
"6008_2",0.017929
"2230_4",0.006574
"10105_3",0.098986
"5443_1",0.002548
"5024_1",0.048471
"5630_8",0.992203
"7603_10",0.974477
"12205_10",0.200372
"5910_7",0.796947
"7006_8",0.972422
"3287_10",0.836371
"3136_1",0.010871
"6547_4",0.584052
"9329_1",0.008062
"1679_10",0.998106
"1659_7",0.909100
"2015_1",0.005139
"5236_1",0.213166
"2201_2",0.003706
"6026_3",0.217079
"12093_8",0.953018
"11394_10",0.249328
"9512_1",0.017462
"8401_3",0.027326
"5239_8",0.989825
"5018_10",0.865454
"38_8",0.999435
"2968_7",0.739161
"5359_3",0.010110
"10419_4",0.954282
"1551_4",0.305011
"11346_1",0.117133
"809_1",0.485429
"9823_4",0.116202
"10125_8",0.997145
"8819_10",0.998957
"9038_4",0.013835
"1968_1",0.006321
"6642_2",0.007219
"9015_10",0.998500
"12198_2",0.055187
"2758_9",0.991192
"9206_3",0.376788
"4370_7",0.689393
"1985_2",0.230717
"3031_7",0.997176
"10172_1",0.005790
"4527_1",0.003589
"5458_9",0.997934
"6534_1",0.016753
"4347_1",0.004954
"11152_10",0.970468
"9238_3",0.753509
"6161_8",0.999282
"2299_1",0.027169
"1133_1",0.203524
"11774_3",0.021669
"1095_2",0.006147
"11311_10",0.865719
"1126_1",0.002841
"2385_9",0.993410
"10710_10",0.997182
"10106_1",0.000388
"3363_1",0.021026
"11480_10",0.995823
"5183_1",0.000158
"7100_7",0.981321
"752_10",0.997125
"11958_8",0.364495
"2518_1",0.132629
"4744_9",0.773957
"53_7",0.704164
"12289_1",0.825615
"9239_4",0.083606
"8758_10",0.991343
"9050_9",0.956524
"10390_7",0.997632
"11780_8",0.842497
"9518_1",0.043099
"3442_1",0.055171
"6316_9",0.977079
"2826_9",0.977385
"5908_10",0.998963
"3720_7",0.983414
"8481_1",0.001486
"1188_10",0.994922
"2784_10",0.879717
"12352_3",0.971699
"1771_10",0.961255
"5255_1",0.851139
"328_4",0.325710
"313_10",0.950615
"10530_1",0.000865
"4866_7",0.969271
"8936_1",0.010153
"10029_10",0.977555
"12383_10",0.671068
"1922_1",0.011448
"3012_7",0.855463
"11593_3",0.432502
"8661_1",0.255536
"10457_1",0.121119
"8074_4",0.590297
"11993_10",0.762858
"6_7",0.944433
"2542_9",0.904504
"11454_3",0.014300
"6776_4",0.789186
"9466_1",0.969195
"11100_4",0.002149
"6429_10",0.962446
"11218_3",0.746358
"8310_1",0.009078
"7432_4",0.031774
"10115_1",0.041581
"11127_7",0.997290
"3306_2",0.048540
"6998_7",0.978906
"12166_2",0.015615
"7792_10",0.991940
"9250_1",0.000759
"3351_7",0.953443
"3350_8",0.924152
"2393_3",0.295478
"5473_3",0.256630
"73_4",0.015526
"1504_1",0.004538
"10317_10",0.954394
"5795_1",0.044437
"1511_9",0.226606
"2537_2",0.097190
"8010_4",0.018536
"1616_3",0.129945
"4332_2",0.003737
"8499_1",0.213850
"1636_8",0.981463
"7752_3",0.039655
"5848_7",0.948833
"5370_2",0.206495
"10600_10",0.761585
"5501_3",0.190761
"9948_7",0.879534
"10683_4",0.022135
"10013_4",0.037052
"11704_2",0.003264
"431_9",0.918927
"11855_10",0.947791
"2671_7",0.822560
"5831_2",0.104952
"7920_10",0.998061
"276_1",0.313932
"6245_2",0.563993
"89_3",0.001760
"7871_1",0.011565
"1707_1",0.013998
"6640_1",0.002208
"723_10",0.976298
"11391_1",0.027776
"3534_3",0.000891
"10449_10",0.980189
"180_10",0.999434
"5128_1",0.016454
"471_10",0.993867
"2341_10",0.980752
"3204_7",0.809894
"1818_10",0.982875
"4489_10",0.808614
"12034_10",0.237233
"11264_10",0.993461
"8077_7",0.052694
"12206_10",0.624257
"11549_3",0.010761
"8993_10",0.990051
"1937_4",0.109840
"7778_3",0.028580
"9714_9",0.729172
"7219_4",0.011356
"6518_4",0.006543
"8421_10",0.988160
"10563_2",0.003482
"2527_9",0.805575
"11147_10",0.997079
"832_7",0.813179
"8972_7",0.410013
"2311_9",0.996536
"6794_1",0.003293
"1769_10",0.998991
"11130_1",0.000888
"8331_3",0.005179
"5564_10",0.781639
"2594_10",0.669283
"11037_1",0.026844
"6679_9",0.705386
"419_4",0.300218
"2635_10",0.117196
"4436_4",0.292014
"10972_1",0.001084
"708_3",0.407251
"9113_1",0.209373
"1438_9",0.997514
"2048_4",0.002006
"4488_10",0.828797
"7889_3",0.179393
"11498_9",0.998148
"8780_1",0.123461
"2036_7",0.993462
"1861_1",0.055201
"581_4",0.228247
"9253_10",0.985282
"977_4",0.099176
"5693_7",0.939243
"6515_9",0.991063
"9378_1",0.018852
"6695_2",0.025468
"8507_1",0.026476
"829_2",0.083680
"11023_8",0.997631
"70_1",0.041808
"3669_8",0.314227
"10033_8",0.844209
"9158_4",0.192140
"817_1",0.001473
"4679_1",0.002665
"8133_4",0.043683
"3531_1",0.001622
"10742_1",0.016788
"5579_3",0.062568
"9041_1",0.062963
"4938_1",0.001562
"4246_9",0.691404
"4275_9",0.866749
"6819_3",0.034080
"6327_7",0.865371
"6101_10",0.997883
"11852_2",0.005576
"10252_10",0.859492
"4348_8",0.497053
"5328_4",0.098787
"11964_9",0.973742
"8634_1",0.013761
"3702_8",0.964728
"1677_2",0.318072
"5907_1",0.008220
"8432_10",0.983732
"3570_3",0.564514
"9624_10",0.899078
"11466_4",0.436799
"9062_10",0.996842
"12336_1",0.001289
"3476_1",0.095164
"7033_2",0.000564
"2660_3",0.890446
"741_1",0.005716
"11490_1",0.008624
"6580_7",0.981680
"1807_3",0.015565
"4785_1",0.005562
"6319_10",0.392204
"4437_8",0.994837
"3533_10",0.974163
"12119_3",0.788866
"151_8",0.975566
"7829_7",0.429753
"5497_1",0.009499
"7477_10",0.994917
"5879_10",0.999002
"8068_10",0.975895
"7989_3",0.223683
"8480_10",0.988119
"10352_10",0.847819
"120_2",0.010395
"10135_3",0.002064
"8091_1",0.014226
"8505_8",0.683919
"3282_1",0.061026
"11570_10",0.997212
"11052_8",0.949449
"5549_10",0.989920
"3891_8",0.998323
"3537_9",0.936970
"8503_3",0.557087
"3995_4",0.431379
"10979_3",0.007231
"11681_1",0.008105
"536_7",0.496952
"11739_8",0.997693
"6951_10",0.956402
"6210_2",0.046992
"1449_4",0.135847
"11860_10",0.986710
"11149_8",0.999247
"4021_7",0.993769
"5104_3",0.154980
"2989_3",0.032249
"10112_10",0.999398
"6718_1",0.002822
"7654_4",0.396376
"9481_10",0.964661
"7984_2",0.003834
"1348_8",0.926303
"11079_8",0.391468
"9554_10",0.959747
"8617_8",0.995194
"315_8",0.996802
"6085_8",0.996944
"1823_9",0.996500
"3208_10",0.994452
"924_4",0.198479
"6479_10",0.988121
"7017_10",0.265588
"8595_4",0.263394
"4532_10",0.977285
"5145_4",0.895675
"2358_7",0.835360
"11151_4",0.019286
"10238_7",0.992187
"564_9",0.169051
"4054_10",0.998931
"8852_9",0.997606
"10137_10",0.896223
"7014_3",0.009950
"1533_4",0.001824
"8257_2",0.279647
"8719_8",0.838451
"5041_1",0.008789
"1469_9",0.949327
"11726_3",0.066786
"2002_1",0.010093
"12293_3",0.018761
"3672_1",0.002827
"11110_10",0.995746
"3931_1",0.761506
"6972_1",0.078580
"10186_1",0.003870
"9265_3",0.118103
"7412_3",0.068666
"5427_2",0.000931
"5006_4",0.243655
"3199_1",0.001569
"6256_8",0.135123
"418_9",0.987952
"8834_9",0.940333
"5093_10",0.998528
"3190_2",0.003625
"12360_4",0.002716
"9477_1",0.006192
"6085_1",0.000566
"7773_10",0.975976
"255_4",0.286716
"1661_1",0.001341
"1627_10",0.941251
"9204_2",0.003578
"3704_8",0.217477
"11898_9",0.984274
"1137_1",0.117798
"101_9",0.905151
"1142_1",0.001149
"5314_8",0.997895
"10932_4",0.001470
"9639_2",0.167204
"12125_7",0.996246
"10998_1",0.002893
"5186_7",0.018864
"10340_1",0.974496
"7419_8",0.955528
"6929_3",0.042990
"7238_4",0.034560
"10869_7",0.825549
"4106_1",0.000479
"6589_2",0.456937
"9619_7",0.833753
"7116_4",0.070254
"8889_1",0.002744
"3901_9",0.998915
"7052_7",0.482645
"6439_1",0.008977
"5309_1",0.475396
"4515_3",0.182385
"3029_4",0.007610
"10310_1",0.002917
"12350_10",0.993194
"532_8",0.129224
"11145_8",0.932937
"75_10",0.943494
"6137_3",0.003603
"1637_2",0.010069
"12327_10",0.999272
"2177_7",0.906510
"1879_1",0.005227
"8745_2",0.002375
"3099_8",0.671068
"7354_4",0.008483
"10103_1",0.000350
"3296_10",0.997872
"8494_9",0.997288
"3423_4",0.582354
"7609_8",0.161383
"4265_10",0.470406
"1872_7",0.908888
"10987_10",0.996901
"2849_7",0.994160
"628_1",0.002699
"1391_1",0.019822
"7456_1",0.034807
"12150_1",0.257477
"7718_9",0.998051
"5787_3",0.425588
"12162_8",0.967259
"11670_7",0.509939
"1784_8",0.960440
"7483_8",0.972832
"9564_9",0.930959
"10832_9",0.989409
"12230_1",0.012830
"2291_8",0.997375
"8416_3",0.281544
"9486_10",0.916779
"8153_10",0.998012
"5164_10",0.361074
"6347_8",0.985677
"7773_2",0.002409
"12215_1",0.002916
"10039_8",0.988679
"9803_9",0.992997
"1589_1",0.696500
"1615_9",0.986297
"119_3",0.008952
"623_8",0.977388
"10427_1",0.055870
"11697_4",0.112972
"6168_2",0.008123
"2658_3",0.275159
"1841_4",0.002437
"10572_1",0.062103
"6964_8",0.068380
"5172_1",0.054352
"989_7",0.847616
"159_10",0.998914
"5240_1",0.002307
"11777_1",0.004551
"8350_3",0.038419
"2565_1",0.149218
"7694_10",0.976275
"7759_1",0.002148
"3003_4",0.380489
"7128_2",0.002609
"8147_4",0.007474
"6595_9",0.958653
"8949_3",0.696710
"9848_4",0.118904
"7496_8",0.995998
"11857_10",0.975341
"3237_1",0.121204
"5404_1",0.010731
"10699_8",0.808122
"6138_4",0.163824
"909_4",0.588221
"11833_10",0.996496
"11817_10",0.996049
"171_2",0.090801
"2517_7",0.581212
"10307_7",0.469820
"370_2",0.049450
"5995_8",0.958017
"4612_1",0.004037
"6561_8",0.982333
"7454_1",0.001023
"2951_2",0.027160
"8860_1",0.006653
"411_3",0.737029
"664_3",0.001454
"4345_10",0.968929
"4452_1",0.072424
"2833_2",0.003328
"10374_3",0.505252
"9322_1",0.121886
"9923_3",0.001853
"8687_3",0.002657
"7567_9",0.742991
"137_3",0.003945
"7872_1",0.014561
"6968_4",0.005335
"1540_10",0.984512
"9157_10",0.488892
"4102_10",0.996606
"6645_1",0.121849
"7630_10",0.224703
"3958_9",0.995813
"11437_9",0.999516
"6982_1",0.026107
"4870_2",0.104662
"3545_7",0.873896
"204_1",0.004652
"6844_10",0.882829
"4736_1",0.005085
"9120_9",0.949653
"1608_1",0.157895
"1251_10",0.999241
"12315_10",0.985809
"11754_10",0.998191
"2399_3",0.164803
"11499_8",0.990233
"3870_10",0.991749
"5503_10",0.890900
"4045_10",0.908996
"3063_1",0.005498
"10914_7",0.688644
"8509_10",0.991440
"5872_1",0.026398
"5729_4",0.050746
"10865_2",0.001501
"10218_4",0.035473
"2096_4",0.703108
"11344_1",0.034964
"10623_2",0.017451
"11241_10",0.822565
"7254_2",0.611779
"7892_1",0.004724
"3472_8",0.267083
"11637_4",0.170337
"11853_9",0.960183
"1096_7",0.991467
"8508_3",0.614596
"9400_10",0.996923
"1128_10",0.896085
"5989_10",0.993874
"8021_1",0.003099
"7860_10",0.953295
"1131_10",0.945861
"5589_1",0.016220
"5662_8",0.842775
"2161_7",0.986706
"323_10",0.989578
"2431_1",0.366330
"10147_7",0.984867
"2956_7",0.785147
"12005_3",0.069691
"477_2",0.272171
"202_9",0.996232
"5710_10",0.996481
"2262_7",0.956662
"7103_8",0.954617
"10237_3",0.045874
"12151_1",0.007112
"7485_2",0.002548
"2438_10",0.997722
"4069_2",0.001710
"5593_2",0.002374
"11163_1",0.212879
"6754_10",0.989985
"9147_2",0.206916
"9614_10",0.995524
"4427_7",0.872199
"1382_1",0.005234
"11132_7",0.996415
"6371_3",0.018124
"11221_4",0.157290
"10071_2",0.143693
"4936_2",0.065783
"1797_3",0.109800
"6692_4",0.133410
"5816_1",0.108200
"6163_2",0.021704
"2042_8",0.966558
"856_3",0.019382
"1233_10",0.997876
"9537_10",0.996789
"9504_9",0.918295
"788_10",0.998906
"3399_8",0.984515
"7142_4",0.095145
"10371_4",0.179617
"760_7",0.984557
"3614_10",0.966386
"3314_1",0.007070
"3447_10",0.938550
"12240_10",0.138412
"10083_10",0.992313
"9936_10",0.999645
"7651_10",0.995516
"1470_1",0.007990
"2703_7",0.995280
"5637_10",0.997938
"6102_1",0.006438
"8991_8",0.744557
"9606_10",0.974444
"10568_4",0.117639
"7126_10",0.734057
"4203_10",0.989435
"4486_2",0.011077
"3408_9",0.987278
"2867_8",0.967082
"7338_8",0.993910
"8065_4",0.006268
"2510_3",0.017671
"2110_7",0.632801
"4097_4",0.265537
"7484_8",0.376026
"5789_10",0.990345
"8070_2",0.028225
"867_2",0.021485
"1364_3",0.405998
"10654_2",0.003587
"12417_4",0.383118
"10470_10",0.993097
"6544_10",0.042603
"8904_8",0.902552
"10282_2",0.129356
"497_9",0.817590
"2659_10",0.961127
"9609_7",0.742315
"3010_3",0.507063
"9134_1",0.044940
"8990_1",0.004173
"6960_4",0.786182
"9566_9",0.109091
"7923_4",0.010930
"4542_10",0.981995
"7185_3",0.003440
"1918_10",0.994662
"2316_8",0.589623
"5846_10",0.883670
"1023_10",0.971033
"7141_7",0.567732
"3724_10",0.986903
"3617_2",0.047385
"7095_1",0.019939
"12201_10",0.997192
"10309_2",0.153086
"5584_8",0.770027
"2063_10",0.927725
"10874_1",0.004413
"4084_2",0.013842
"2765_1",0.004478
"11390_3",0.152805
"4676_1",0.548322
"2130_7",0.013332
"12032_7",0.150390
"9671_3",0.004533
"816_7",0.876464
"11320_8",0.882613
"1458_8",0.907636
"1938_7",0.959265
"2861_8",0.712969
"5768_9",0.997852
"5049_9",0.939083
"8083_1",0.288298
"4825_1",0.008977
"1740_9",0.995741
"3034_10",0.233861
"9977_7",0.847001
"8459_10",0.993938
"1103_10",0.415881
"3783_10",0.975917
"754_2",0.024938
"5580_10",0.998604
"3472_2",0.036462
"2640_3",0.235426
"5400_2",0.004992
"5881_10",0.998682
"10970_4",0.910676
"8842_1",0.003773
"5336_8",0.576515
"1398_1",0.017867
"12310_10",0.999296
"6012_8",0.843438
"1508_7",0.158987
"2981_8",0.537027
"576_8",0.958211
"9683_7",0.050191
"10336_1",0.008620
"3345_3",0.119644
"7683_7",0.941719
"6366_9",0.980622
"6741_9",0.998899
"11396_2",0.024364
"4964_10",0.869193
"12285_10",0.996695
"11018_9",0.933590
"3902_9",0.959197
"4147_8",0.997956
"1748_10",0.947098
"10084_3",0.421127
"3265_7",0.931929
"6160_1",0.026033
"2984_10",0.988971
"1305_1",0.001830
"9075_4",0.750045
"11710_7",0.994893
"2443_10",0.996886
"938_10",0.972829
"1392_7",0.404582
"10406_8",0.935514
"4302_7",0.981261
"2836_8",0.826960
"2365_3",0.031383
"98_1",0.434551
"8325_10",0.970924
"300_9",0.997905
"7667_1",0.900062
"4313_10",0.988042
"12450_3",0.028577
"8582_1",0.036564
"11325_9",0.585830
"8482_1",0.023073
"7304_8",0.997193
"9439_1",0.001862
"2656_10",0.983184
"4306_3",0.076656
"10079_1",0.000697
"11172_1",0.013464
"6095_9",0.989576
"5698_1",0.003674
"35_1",0.186835
"6043_3",0.225219
"2261_1",0.077210
"4784_10",0.940853
"10936_7",0.487310
"5316_10",0.985783
"8361_8",0.987808
"10373_2",0.015768
"500_10",0.946767
"371_4",0.012575
"3434_4",0.030438
"3654_2",0.018780
"11280_2",0.501548
"6542_9",0.849779
"10313_10",0.977376
"7267_1",0.092863
"11897_3",0.201912
"7321_2",0.002111
"1516_7",0.968371
"1640_1",0.256087
"9456_10",0.977692
"2769_10",0.971415
"6280_7",0.995850
"12399_10",0.977036
"6206_7",0.992853
"8836_4",0.544190
"5254_9",0.997794
"10903_1",0.006525
"3966_10",0.981782
"4048_10",0.996968
"1528_9",0.998609
"6219_10",0.985052
"8280_4",0.027609
"7974_10",0.900988
"6956_8",0.981114
"5975_10",0.996658
"6759_10",0.758462
"963_2",0.023884
"12158_10",0.902672
"148_1",0.400093
"8831_1",0.486714
"11556_9",0.685994
"9038_10",0.901536
"4421_10",0.989149
"5236_8",0.977308
"3753_10",0.533975
"9334_3",0.203484
"2444_4",0.082482
"2890_3",0.206449
"9132_9",0.917648
"11413_10",0.999127
"3424_4",0.183331
"1258_3",0.037133
"5277_10",0.998605
"706_10",0.999339
"3527_10",0.996507
"4081_9",0.898367
"3895_2",0.001936
"11528_2",0.006948
"7285_9",0.997971
"12339_7",0.907201
"729_1",0.035194
"6291_1",0.003297
"12296_9",0.685994
"5913_10",0.997346
"7770_10",0.999336
"9546_2",0.034345
"2383_4",0.942274
"6802_7",0.976103
"5445_2",0.053659
"687_3",0.005266
"9982_8",0.995309
"11830_10",0.352335
"4271_1",0.006412
"7279_10",0.983829
"1599_7",0.029489
"10880_10",0.989638
"2838_10",0.993794
"4234_9",0.995768
"7674_2",0.011688
"6156_8",0.999617
"11657_4",0.022392
"11738_2",0.054513
"11962_8",0.915524
"10966_8",0.988609
"6421_1",0.001284
"1476_3",0.022955
"7022_8",0.997497
"11500_8",0.974404
"6263_2",0.000364
"8989_9",0.564073
"2395_9",0.961836
"9311_1",0.105083
"6386_4",0.002084
"91_4",0.425985
"3759_3",0.009410
"11766_2",0.850183
"11290_7",0.663550
"5627_3",0.001931
"3278_1",0.072198
"9682_9",0.944841
"11894_1",0.007817
"10387_9",0.995193
"884_8",0.997204
"8408_2",0.105681
"5772_2",0.018902
"11422_1",0.011079
"9709_1",0.037820
"701_8",0.663627
"2721_8",0.994461
"4875_3",0.085528
"6356_1",0.002525
"7446_3",0.142573
"2440_4",0.352045
"9732_1",0.030342
"9109_10",0.995077
"7578_2",0.726360
"11017_8",0.560779
"12498_1",0.000314
"4942_2",0.008919
"4939_10",0.994495
"8451_4",0.747287
"6274_1",0.031412
"11635_4",0.024076
"8931_1",0.003515
"109_4",0.645695
"11744_7",0.989770
"5351_4",0.065940
"1120_9",0.989279
"10494_2",0.037701
"5317_10",0.958278
"6139_2",0.181215
"12322_8",0.980356
"11239_3",0.648071
"4815_7",0.141020
"11979_10",0.422771
"254_10",0.833206
"10286_3",0.034414
"6457_10",0.999123
"4662_8",0.920061
"6298_4",0.054662
"2704_4",0.083949
"11313_10",0.967684
"187_10",0.998375
"1166_1",0.001158
"12126_3",0.001389
"1813_9",0.588972
"6282_10",0.995668
"10525_7",0.960153
"8887_1",0.003844
"11605_7",0.034858
"6533_1",0.002853
"1210_8",0.974796
"11904_8",0.987083
"10659_10",0.979509
"7004_4",0.011650
"10260_10",0.956545
"11997_7",0.064953
"7850_4",0.754621
"2085_3",0.079629
"11839_1",0.014477
"419_9",0.997571
"4157_10",0.983546
"8253_8",0.924258
"11268_2",0.006060
"12119_10",0.891098
"10259_10",0.127564
"978_1",0.227682
"6848_4",0.032117
"9368_4",0.171739
"7863_9",0.595110
"4157_3",0.035684
"4184_10",0.650275
"2888_1",0.008385
"8073_4",0.010538
"1755_1",0.057745
"7688_2",0.893935
"5966_7",0.871661
"10673_9",0.997085
"4110_7",0.937586
"699_9",0.999034
"9240_2",0.008325
"3651_10",0.970647
"3933_7",0.956694
"2960_7",0.990428
"10664_1",0.004241
"358_9",0.877310
"11200_10",0.938972
"4471_8",0.996587
"11661_2",0.219129
"12304_1",0.000437
"2442_4",0.183787
"7134_9",0.961492
"4214_2",0.033512
"4869_8",0.852548
"6372_1",0.164877
"10236_4",0.025582
"12189_1",0.070369
"9715_8",0.943543
"5751_10",0.982510
"166_7",0.694317
"11889_2",0.022600
"5098_1",0.087755
"8126_7",0.980623
"9302_7",0.701503
"10430_10",0.932991
"445_9",0.968034
"4550_10",0.924546
"10995_10",0.997917
"7154_1",0.003269
"3983_3",0.008089
"1446_9",0.969184
"865_10",0.740038
"3012_1",0.007223
"3562_3",0.017361
"2551_1",0.003164
"6440_1",0.003576
"10241_10",0.998208
"1542_7",0.643697
"1405_2",0.003483
"11835_10",0.999476
"4023_3",0.012575
"1287_1",0.002510
"11059_2",0.029431
"2583_8",0.988072
"1550_2",0.353446
"11382_3",0.023031
"5567_10",0.975047
"11033_1",0.002745
"5543_1",0.004934
"8631_10",0.898672
"10871_1",0.000713
"6955_9",0.995420
"6254_4",0.385689
"2179_4",0.044547
"7559_8",0.986130
"12431_8",0.991333
"279_10",0.594945
"2127_8",0.991731
"3803_10",0.716976
"12200_1",0.000612
"3480_9",0.997728
"5156_8",0.983274
"1718_2",0.002839
"12145_9",0.937676
"1560_4",0.278943
"11646_1",0.000625
"10378_4",0.017346
"8281_3",0.003807
"10393_9",0.981785
"1402_4",0.016675
"3958_4",0.005435
"3676_1",0.000683
"3709_1",0.002810
"10668_7",0.885579
"11972_1",0.010811
"4842_1",0.014968
"1889_8",0.363589
"3990_1",0.001217
"6467_7",0.995290
"5928_4",0.323428
"4639_10",0.584470
"4748_8",0.925632
"5417_10",0.997598
"2351_4",0.209855
"4365_1",0.089077
"3591_2",0.014580
"5914_10",0.850835
"8099_2",0.288411
"5510_1",0.001224
"314_10",0.998549
"8544_10",0.977682
"3799_1",0.000909
"5650_2",0.002042
"1646_7",0.051160
"11586_9",0.997158
"2389_9",0.987565
"908_3",0.089378
"654_9",0.998042
"6323_9",0.988017
"3014_7",0.206144
"11312_9",0.844486
"5457_3",0.057476
"6071_3",0.074836
"12459_1",0.001782
"8639_4",0.016218
"3600_8",0.939806
"9052_3",0.187847
"528_1",0.003963
"7692_1",0.057358
"6885_3",0.152715
"11395_4",0.926423
"11763_1",0.671332
"3631_1",0.386174
"4296_3",0.011349
"4810_3",0.075394
"6660_2",0.005662
"850_7",0.730487
"6731_10",0.748998
"12129_1",0.002604
"11525_7",0.252383
"5782_10",0.843816
"4613_2",0.002712
"4460_8",0.918511
"2992_10",0.996807
"570_9",0.761463
"5908_4",0.632674
"4677_4",0.010487
"5791_10",0.983516
"5718_10",0.998447
"12453_10",0.835183
"8364_8",0.611450
"7761_10",0.994867
"3459_1",0.009581
"9169_1",0.012626
"12022_2",0.208646
"10869_1",0.067550
"4997_1",0.011765
"2430_8",0.958597
"5011_4",0.015807
"3011_1",0.004572
"8425_3",0.077853
"6517_8",0.813930
"9300_9",0.910206
"840_8",0.071675
"2662_10",0.996507
"2724_1",0.001144
"5654_10",0.777745
"5574_10",0.979435
"5606_3",0.027931
"7717_8",0.953531
"11202_10",0.740151
"6889_10",0.979242
"3712_10",0.998690
"3042_3",0.005319
"7858_8",0.933427
"4902_8",0.974875
"11885_1",0.000801
"7582_1",0.019908
"8450_7",0.741641
"9368_9",0.980845
"7616_8",0.995665
"4443_3",0.271459
"2344_1",0.000680
"11861_9",0.924179
"7738_8",0.994308
"327_10",0.903083
"8175_4",0.006394
"10189_10",0.987555
"8691_1",0.015612
"12236_2",0.010607
"7341_3",0.563797
"3261_1",0.009511
"8809_4",0.026722
"3735_3",0.002803
"9339_8",0.983395
"8242_4",0.321427
"6787_4",0.300327
"4379_4",0.014296
"5967_4",0.525283
"5568_8",0.787564
"4579_4",0.189857
"7066_1",0.004615
"12323_1",0.056852
"2673_9",0.036110
"2639_7",0.782094
"8323_10",0.786522
"246_10",0.997080
"653_1",0.766023
"2407_1",0.225225
"2795_1",0.002441
"11793_4",0.112724
"2848_4",0.127980
"6040_4",0.103204
"9388_2",0.125506
"909_10",0.984663
"2567_2",0.381440
"4473_8",0.681219
"4451_3",0.001788
"10296_1",0.136564
"5111_7",0.883641
"8281_9",0.998403
"4957_8",0.796898
"8249_1",0.298253
"1572_3",0.173107
"5718_2",0.222123
"5959_3",0.021326
"3013_9",0.990861
"3544_1",0.010623
"11250_10",0.998113
"5162_9",0.766178
"8872_9",0.976435
"11122_8",0.996453
"991_4",0.005889
"6322_9",0.574988
"7065_8",0.983564
"9704_7",0.451066
"4317_9",0.955241
"11622_10",0.999521
"10725_7",0.359456
"6549_1",0.000824
"9062_3",0.505342
"10253_7",0.992838
"4035_9",0.995550
"5437_1",0.208164
"1779_1",0.003819
"8740_2",0.003016
"10175_7",0.927667
"5331_4",0.417298
"9506_3",0.061239
"11199_4",0.073383
"9948_2",0.004105
"252_9",0.987615
"1094_3",0.494129
"9145_3",0.143231
"506_8",0.945773
"7126_1",0.004989
"3317_1",0.017008
"11439_4",0.014197
"6583_1",0.020528
"2805_8",0.998172
"1841_10",0.981349
"2698_3",0.238778
"6956_4",0.836900
"7664_8",0.956484
"97_1",0.007110
"4588_9",0.348200
"5220_1",0.001806
"45_2",0.064546
"5812_4",0.313403
"6625_8",0.986427
"2816_9",0.883584
"11463_1",0.005642
"158_9",0.956217
"6633_1",0.005682
"1184_10",0.277476
"3967_1",0.033458
"6653_7",0.539960
"6093_1",0.001505
"2932_7",0.618870
"1522_1",0.004233
"2529_1",0.181674
"1475_1",0.005129
"2027_8",0.996108
"1854_1",0.004132
"6269_10",0.989056
"2184_7",0.947756
"4923_3",0.091192
"10827_9",0.996444
"10885_10",0.993128
"3281_1",0.024425
"1468_7",0.983859
"104_1",0.007756
"3898_3",0.018912
"10973_7",0.918616
"8900_7",0.991719
"10735_1",0.096264
"4992_1",0.000826
"368_8",0.998435
"6709_4",0.018044
"10453_1",0.053985
"139_4",0.050098
"12079_1",0.001447
"7001_4",0.247070
"10533_3",0.493007
"2307_8",0.973917
"7241_9",0.807281
"7717_3",0.000838
"6223_2",0.503886
"9500_2",0.000434
"669_10",0.239385
"1596_3",0.065689
"3576_7",0.909253
"8263_8",0.990546
"6832_4",0.177095
"5158_9",0.953971
"5899_10",0.996589
"5794_4",0.843952
"8854_10",0.996469
"11036_7",0.341594
"8803_3",0.134006
"5733_4",0.244433
"5268_10",0.994099
"12297_2",0.009535
"6862_1",0.024485
"5515_3",0.011625
"3382_10",0.997230
"6738_2",0.015946
"3832_1",0.003890
"10210_7",0.899523
"12080_3",0.131112
"7748_2",0.006546
"4788_1",0.987891
"182_10",0.904961
"4478_4",0.020695
"6544_1",0.001371
"2705_7",0.474240
"10334_1",0.000736
"10374_10",0.984987
"2031_1",0.007248
"4671_7",0.995486
"6231_9",0.613717
"9077_3",0.007128
"6381_1",0.054156
"216_2",0.016738
"9956_4",0.257030
"10882_9",0.596217
"6192_10",0.501309
"10442_8",0.897320
"3199_10",0.977016
"7649_3",0.235388
"1793_9",0.914619
"7987_1",0.075822
"1678_1",0.273677
"8176_4",0.014772
"4674_2",0.012917
"5751_3",0.190023
"6904_9",0.991782
"8869_1",0.022071
"6844_2",0.000610
"8744_2",0.026731
"5430_3",0.759671
"1556_9",0.993593
"10830_9",0.998260
"5642_8",0.692335
"3337_1",0.002850
"5339_1",0.189427
"9198_1",0.008161
"5759_10",0.651631
"10632_9",0.981399
"2067_9",0.991633
"3442_10",0.980006
"3341_4",0.137563
"9055_4",0.564754
"5793_8",0.979903
"896_8",0.962097
"1804_2",0.004623
"1134_8",0.941678
"5532_8",0.838077
"2453_9",0.999097
"8113_2",0.008058
"12046_10",0.999458
"11873_8",0.901019
"4525_8",0.988539
"10377_2",0.727194
"2008_1",0.035386
"10288_1",0.091534
"1083_7",0.888601
"2415_2",0.038296
"6688_9",0.994771
"4448_9",0.967571
"9407_10",0.989661
"3976_4",0.715381
"3930_8",0.822255
"3950_10",0.994214
"5645_3",0.020502
"6064_9",0.997477
"8064_1",0.007054
"3643_1",0.000446
"10321_1",0.024459
"5858_1",0.006706
"8535_9",0.317443
"3643_7",0.472349
"10041_1",0.013505
"11014_10",0.884070
"11776_4",0.072667
"8227_7",0.998146
"11445_8",0.930053
"8756_10",0.993852
"9328_10",0.996967
"11734_10",0.902300
"10118_1",0.010804
"9690_2",0.136064
"7713_8",0.998888
"545_7",0.972490
"10603_8",0.897142
"5925_9",0.965676
"3105_1",0.001865
"10134_4",0.195965
"6354_2",0.569532
"9866_2",0.014043
"7553_10",0.994965
"11324_2",0.042039
"10532_1",0.070720
"439_1",0.007885
"11265_10",0.944875
"6568_8",0.996610
"9218_3",0.067454
"1939_2",0.001470
"4215_7",0.871205
"9968_10",0.994440
"12022_10",0.478327
"897_8",0.568024
"7129_8",0.996102
"7414_4",0.040567
"8118_9",0.979640
"6179_4",0.109308
"10124_8",0.993200
"7379_7",0.646084
"1075_9",0.999790
"2594_3",0.008101
"11482_4",0.040416
"7675_10",0.953595
"3127_8",0.983949
"7440_10",0.998934
"10215_10",0.149038
"5098_10",0.999557
"10534_2",0.007810
"12364_7",0.891868
"5191_1",0.070582
"4179_9",0.704689
"1433_3",0.008017
"12177_8",0.964277
"9519_8",0.994890
"5781_7",0.157718
"10031_8",0.848571
"2631_4",0.005306
"195_4",0.205381
"11432_7",0.994964
"3952_10",0.998421
"5805_2",0.002479
"5555_10",0.993285
"7161_4",0.029044
"1399_1",0.062451
"8332_3",0.149122
"2132_2",0.385787
"12031_1",0.348972
"8480_1",0.013913
"11103_4",0.333188
"12124_3",0.025222
"12072_9",0.944796
"9371_9",0.957996
"2144_4",0.081405
"5668_10",0.998756
"11790_10",0.990833
"6933_7",0.192182
"4932_10",0.992848
"216_10",0.468983
"5862_7",0.969972
"11669_3",0.043407
"7488_4",0.013072
"6402_10",0.990594
"3244_9",0.777660
"5108_7",0.914600
"10854_1",0.029873
"3404_10",0.992162
"4282_7",0.101592
"483_10",0.392510
"2110_4",0.233175
"6199_8",0.966512
"7942_10",0.998391
"314_2",0.005044
"6395_3",0.017128
"274_1",0.024891
"3421_2",0.013183
"4100_1",0.001875
"9232_1",0.008641
"7152_10",0.997606
"10721_7",0.999228
"3565_3",0.001752
"4223_1",0.156788
"3543_10",0.984382
"1256_7",0.984483
"6567_2",0.006489
"10658_9",0.991173
"1381_1",0.139492
"2591_1",0.002411
"4775_2",0.021024
"1743_8",0.438823
"3004_1",0.845125
"11712_7",0.768311
"2966_2",0.001755
"3139_1",0.006203
"989_4",0.040474
"2141_1",0.006924
"8224_1",0.184148
"10222_8",0.965987
"6540_1",0.018295
"7427_10",0.999245
"5519_1",0.849644
"945_2",0.004609
"3996_3",0.028554
"10202_9",0.994662
"1328_9",0.994085
"11425_2",0.003747
"1252_4",0.130567
"10086_1",0.874574
"3946_3",0.023951
"11834_8",0.993378
"10710_1",0.095439
"1858_8",0.252604
"1532_10",0.991651
"7082_10",0.685432
"9813_10",0.993390
"38_1",0.031097
"271_4",0.214207
"7184_1",0.001098
"11866_10",0.906465
"5983_1",0.020879
"5026_10",0.530539
"9030_1",0.000533
"11133_1",0.001628
"10130_2",0.008459
"8357_2",0.049629
"9824_1",0.002285
"7264_4",0.310470
"12449_2",0.007903
"1735_1",0.025665
"618_7",0.890110
"6421_7",0.904026
"6294_4",0.043224
"2174_2",0.003752
"5985_2",0.038986
"7121_10",0.196641
"7912_7",0.994139
"5015_1",0.025656
"6476_2",0.064037
"9954_8",0.631237
"10122_10",0.990799
"9334_9",0.991898
"11751_3",0.159245
"11607_7",0.991053
"11310_10",0.993660
"300_1",0.020589
"6520_4",0.001054
"6735_10",0.987502
"10008_8",0.904947
"7817_7",0.549613
"3634_10",0.991516
"5927_2",0.040146
"3414_3",0.005663
"12266_1",0.049664
"11276_7",0.427497
"5478_3",0.284683
"6992_1",0.434649
"8039_8",0.994999
"11491_4",0.252061
"7823_7",0.999020
"8662_9",0.367390
"9921_2",0.023553
"2058_9",0.996872
"3321_9",0.934947
"8634_7",0.719112
"2161_4",0.395121
"3441_9",0.983271
"10096_1",0.004173
"774_4",0.157147
"12086_9",0.882788
"1968_8",0.856127
"3269_1",0.004552
"2988_10",0.993738
"853_1",0.224680
"5303_10",0.996539
"11628_10",0.979612
"7772_2",0.003932
"2712_1",0.000764
"7362_4",0.087798
"3681_2",0.011713
"2066_1",0.004170
"7089_3",0.903197
"7393_10",0.192018
"7284_1",0.174113
"12199_7",0.680886
"3512_1",0.510556
"4349_2",0.481801
"11825_1",0.011644
"8351_3",0.110223
"467_3",0.030267
"2523_10",0.994950
"12078_8",0.730388
"1418_10",0.998805
"6552_10",0.997460
"10070_10",0.995454
"10031_2",0.009657
"7179_2",0.004161
"4533_1",0.027315
"11788_10",0.986397
"833_3",0.378322
"9777_1",0.241303
"6930_7",0.005460
"2310_10",0.998202
"2924_8",0.888791
"7252_10",0.996599
"10216_10",0.995561
"104_10",0.578517
"4283_4",0.039519
"6351_4",0.012340
"1272_4",0.378458
"11226_9",0.590197
"3342_10",0.902265
"3326_9",0.850621
"3541_8",0.996919
"8142_10",0.991217
"6491_10",0.799525
"2125_10",0.998066
"7008_10",0.948324
"5347_9",0.996740
"8420_9",0.528994
"10767_3",0.305482
"12094_1",0.008125
"11904_1",0.001186
"2635_1",0.000587
"4074_10",0.991361
"2470_1",0.251915
"5888_3",0.067032
"9164_4",0.427932
"11312_1",0.002278
"2588_3",0.005134
"9177_1",0.002499
"10361_9",0.965381
"9216_10",0.687992
"5754_3",0.577656
"12314_10",0.998958
"9044_3",0.008560
"5677_2",0.285600
"6664_4",0.064946
"2308_3",0.213362
"7377_3",0.558247
"9149_8",0.978409
"5244_3",0.056309
"10656_3",0.255225
"10885_1",0.005872
"4296_9",0.787127
"1770_2",0.021968
"4940_10",0.982658
"3984_10",0.986592
"2976_10",0.992440
"2767_1",0.005398
"11848_2",0.023654
"3096_10",0.947552
"9792_3",0.611035
"9785_10",0.013102
"10264_8",0.973955
"12277_7",0.501742
"8110_8",0.871700
"10396_8",0.571433
"3233_2",0.072715
"1903_1",0.066180
"4743_10",0.944446
"1417_9",0.992632
"2662_1",0.001434
"11231_4",0.380170
"9747_10",0.759394
"27_4",0.042808
"3310_2",0.737394
"3212_10",0.935034
"5608_3",0.009225
"1241_4",0.532371
"5543_7",0.978652
"7945_9",0.952798
"3705_7",0.713840
"1598_10",0.492920
"4273_10",0.885345
"5985_9",0.934044
"531_2",0.051510
"6744_7",0.991514
"10270_1",0.011270
"11199_9",0.960171
"9755_4",0.546119
"12080_10",0.994707
"5600_10",0.995991
"12216_10",0.832191
"10783_4",0.516418
"3307_1",0.120467
"10954_7",0.969432
"9959_4",0.009246
"10223_10",0.992659
"12130_1",0.998557
"11939_7",0.527253
"12318_10",0.989788
"6204_10",0.857115
"2927_9",0.576717
"2779_10",0.983544
"3661_1",0.007366
"9068_3",0.016588
"1970_2",0.332055
"7539_10",0.997854
"9241_3",0.007072
"9350_3",0.041308
"7885_8",0.998029
"1078_9",0.967982
"6062_2",0.150355
"1215_10",0.976573
"1561_3",0.034548
"2159_1",0.016882
"8637_10",0.997397
"8375_4",0.559421
"2864_1",0.231411
"186_9",0.988393
"1669_9",0.302764
"6936_9",0.599592
"7541_3",0.009176
"1515_7",0.364496
"5039_7",0.607813
"9269_1",0.004665
"4965_10",0.993815
"10028_3",0.051458
"3547_4",0.547471
"6070_10",0.998700
"11334_7",0.997673
"4980_7",0.986675
"5063_2",0.011582
"11637_8",0.740250
"310_1",0.022393
"9847_1",0.023193
"4433_9",0.955095
"4535_1",0.015192
"11209_10",0.736327
"242_3",0.021855
"6150_7",0.929026
"7499_2",0.001047
"10073_7",0.011211
"7352_3",0.025853
"6616_2",0.617688
"2148_1",0.029845
"322_1",0.158892
"638_1",0.001708
"3236_10",0.956564
"11913_7",0.992566
"7188_4",0.021351
"3999_2",0.001429
"1397_1",0.101474
"11768_8",0.995926
"10301_2",0.133647
"7486_10",0.991130
"7915_2",0.006585
"103_10",0.999233
"2249_1",0.026873
"11559_9",0.844550
"11374_4",0.518754
"7639_3",0.002346
"11922_3",0.007652
"6068_10",0.998813
"7681_3",0.778099
"3097_1",0.019170
"10233_3",0.096647
"9111_1",0.004218
"7240_2",0.004000
"10394_9",0.861396
"792_2",0.528577
"440_1",0.007084
"11141_1",0.002737
"7488_7",0.970362
"2731_4",0.092562
"11632_10",0.284818
"7577_3",0.047263
"12047_8",0.463124
"7055_8",0.994203
"394_9",0.991979
"777_2",0.004373
"6460_8",0.931440
"10412_2",0.007464
"9910_8",0.350679
"826_8",0.974081
"7381_1",0.063512
"1700_8",0.868315
"1131_2",0.503400
"6796_10",0.995078
"7084_8",0.732829
"5735_1",0.007747
"6290_7",0.869965
"10506_8",0.665607
"2276_8",0.986230
"6221_1",0.992548
"1404_4",0.218416
"1440_1",0.007490
"8199_9",0.995801
"1145_2",0.198621
"5546_4",0.142837
"816_3",0.834066
"10535_10",0.998518
"2_3",0.087629
"6735_1",0.003576
"2684_4",0.003334
"1765_10",0.887116
"4346_7",0.407255
"1157_9",0.179023
"4216_1",0.077210
"3937_8",0.971083
"11140_10",0.984865
"1635_1",0.034466
"4457_10",0.998531
"7250_8",0.998004
"3801_7",0.007559
"7892_10",0.369817
"11022_8",0.949258
"5856_7",0.975180
"345_7",0.910300
"10809_3",0.035755
"9474_4",0.015661
"5775_10",0.989565
"2845_3",0.251364
"1383_10",0.577038
"9171_7",0.678661
"10866_9",0.681914
"12161_8",0.333528
"9118_1",0.106728
"9122_8",0.999179
"5142_1",0.011924
"2798_9",0.996068
"2260_8",0.882265
"11677_10",0.926724
"2788_1",0.010131
"8896_8",0.933212
"7685_10",0.938147
"760_1",0.001935
"7811_4",0.074167
"1964_8",0.989908
"5059_10",0.962693
"4568_1",0.007198
"7475_1",0.004633
"11400_3",0.040530
"6082_3",0.004784
"7961_4",0.524996
"7502_8",0.954344
"11351_10",0.993493
"9851_8",0.946375
"1172_1",0.029784
"1815_10",0.974308
"6218_8",0.915021
"9628_9",0.954495
"2312_3",0.001695
"5014_10",0.682472
"7845_8",0.979747
"4468_9",0.976503
"2247_10",0.894545
"4408_10",0.993164
"2957_2",0.030653
"4716_1",0.030415
"9909_1",0.010333
"8611_1",0.007723
"5055_10",0.961654
"5828_10",0.990873
"1147_1",0.014412
"11716_10",0.207799
"5289_8",0.975608
"5566_10",0.980718
"3389_2",0.008374
"6169_4",0.004235
"12019_10",0.746952
"4136_7",0.960934
"2421_3",0.045502
"607_10",0.987898
"4084_8",0.992744
"7333_1",0.003448
"8208_7",0.126255
"2971_10",0.988015
"7508_1",0.003436
"988_8",0.999516
"1124_8",0.997416
"3658_10",0.994474
"5155_7",0.991694
"11362_2",0.364490
"8776_10",0.998242
"7294_10",0.973968
"10853_8",0.981989
"871_10",0.993647
"11513_1",0.009843
"5605_10",0.432481
"1235_8",0.999181
"623_2",0.040472
"1271_2",0.504388
"7590_7",0.993410
"5075_4",0.350598
"6175_4",0.112538
"10629_1",0.011380
"1474_7",0.476927
"9077_9",0.729973
"11630_7",0.853115
"11060_2",0.003157
"664_9",0.972231
"4778_10",0.996833
"3535_1",0.012410
"1130_1",0.001942
"10718_1",0.001451
"3334_1",0.003372
"7133_2",0.012918
"12073_1",0.009688
"7877_10",0.990042
"12286_10",0.771097
"8675_4",0.463882
"8968_7",0.422514
"8118_1",0.001728
"12109_10",0.992474
"6476_8",0.972541
"12248_2",0.004855
"9444_1",0.002575
"9932_10",0.836498
"6863_9",0.999131
"7810_1",0.020545
"5463_1",0.032057
"8385_10",0.990207
"5560_3",0.031552
"12391_2",0.176984
"3644_9",0.177677
"1225_1",0.004443
"375_1",0.000817
"11515_7",0.902029
"3812_1",0.003067
"10747_1",0.072764
"8059_8",0.949083
"633_1",0.001608
"9189_10",0.912109
"11404_8",0.947142
"11871_8",0.963086
"2883_8",0.997587
"9048_4",0.006235
"1066_1",0.314382
"630_3",0.074942
"61_9",0.998739
"9264_10",0.994026
"5132_9",0.998857
"5796_9",0.821933
"11232_2",0.001626
"327_1",0.003213
"9787_8",0.998354
"7780_2",0.006856
"2533_2",0.093308
"7349_10",0.972131
"2593_1",0.830077
"4672_8",0.998695
"11191_10",0.946242
"1301_1",0.008981
"10632_4",0.002631
"10750_1",0.008889
"2621_2",0.027719
"12045_4",0.976636
"4276_10",0.998949
"9960_2",0.022674
"3307_8",0.640517
"3007_10",0.977800
"7204_9",0.810408
"3988_7",0.854673
"4129_8",0.994097
"2071_1",0.003599
"7310_3",0.872667
"855_9",0.950993
"5380_1",0.054711
"5067_2",0.187880
"6320_2",0.330842
"1019_3",0.029375
"8216_2",0.005969
"3814_7",0.489943
"7888_4",0.240225
"3419_2",0.025302
"3039_8",0.727675
"12039_4",0.347732
"1191_7",0.997426
"2361_1",0.002767
"8291_10",0.998219
"4954_3",0.061041
"12430_1",0.398217
"7634_7",0.290212
"11902_10",0.990801
"1603_10",0.853842
"9395_8",0.883498
"9384_2",0.053634
"11687_1",0.006205
"4148_3",0.317848
"171_7",0.992613
"11814_4",0.002214
"8124_3",0.041335
"11387_1",0.007576
"3249_9",0.997209
"3591_10",0.956439
"10171_8",0.989770
"1100_9",0.811382
"7144_4",0.986823
"8060_9",0.990257
"11063_10",0.985936
"3481_2",0.072140
"7413_4",0.028395
"11121_2",0.035744
"4700_2",0.044126
"1566_4",0.431685
"11731_3",0.149896
"7346_10",0.992335
"7890_10",0.679243
"11704_10",0.959208
"4635_10",0.580124
"2369_8",0.629341
"9655_10",0.999581
"2115_2",0.005345
"6408_7",0.844047
"10470_1",0.003872
"11512_8",0.963865
"11523_7",0.704847
"10379_3",0.041019
"9164_9",0.941590
"3150_1",0.574731
"2880_3",0.129648
"1608_7",0.946006
"2406_9",0.991959
"260_10",0.991977
"10658_3",0.008531
"10609_1",0.061241
"6861_7",0.373439
"10058_2",0.085364
"11618_10",0.432502
"3727_4",0.242747
"1924_10",0.949853
"7471_1",0.019065
"1856_7",0.096748
"10132_3",0.178281
"4010_2",0.001165
"11752_2",0.589912
"11122_2",0.004497
"11065_1",0.007830
"1211_1",0.010412
"8973_7",0.601250
"1888_9",0.996921
"8521_8",0.980705
"6671_4",0.453660
"4241_3",0.610162
"10925_4",0.047063
"4030_2",0.001529
"9410_1",0.001645
"10004_2",0.086359
"599_1",0.005034
"8656_1",0.000477
"10087_7",0.815673
"5118_10",0.977444
"9780_4",0.005098
"586_2",0.174785
"6464_4",0.005598
"7482_1",0.003247
"11075_8",0.907464
"11984_1",0.037047
"6808_9",0.996108
"6178_10",0.995766
"12196_7",0.155037
"7771_10",0.997250
"10801_1",0.882069
"1243_2",0.074340
"4028_2",0.002097
"700_4",0.762524
"758_10",0.998366
"5393_8",0.757662
"3552_4",0.276795
"3440_10",0.997968
"12357_7",0.353962
"10850_2",0.215526
"5083_10",0.411731
"790_10",0.412521
"302_3",0.008157
"11160_3",0.085258
"1170_1",0.076665
"6341_3",0.025079
"289_1",0.333500
"3075_7",0.899277
"12016_7",0.938425
"5998_3",0.164417
"5295_1",0.001065
"9712_2",0.069927
"9689_10",0.372398
"9441_1",0.017899
"7426_10",0.997444
"612_9",0.988771
"4331_8",0.438913
"1016_7",0.771164
"4463_7",0.493786
"9520_1",0.008486
"1557_10",0.596706
"6277_1",0.004918
"2279_3",0.001009
"11591_10",0.980122
"3503_1",0.005983
"9814_1",0.252381
"11342_4",0.470697
"5133_1",0.036924
"11189_10",0.996811
"2343_8",0.986154
"2234_7",0.997483
"926_4",0.006091
"9829_2",0.024884
"3338_7",0.776409
"4272_9",0.995879
"4826_1",0.003576
"10529_3",0.017260
"12398_1",0.023193
"6965_10",0.945689
"10737_9",0.719712
"9356_1",0.001535
"2087_3",0.024989
"5802_4",0.768921
"6514_8",0.985184
"11607_4",0.510138
"9117_4",0.464825
"2011_10",0.983691
"11952_4",0.786294
"8753_4",0.994541
"5338_8",0.688822
"10799_3",0.294283
"6388_3",0.204796
"4667_1",0.012460
"11302_9",0.996220
"6587_4",0.028055
"6822_8",0.994277
"9725_10",0.999647
"7237_10",0.447350
"7710_1",0.003079
"6090_1",0.001065
"9864_4",0.949471
"9759_1",0.008060
"8926_10",0.671975
"2454_1",0.001304
"4364_1",0.003082
"10672_1",0.007131
"7703_4",0.002296
"7289_1",0.002581
"6370_2",0.609878
"8898_7",0.798505
"245_8",0.995788
"7786_2",0.575583
"12092_8",0.997035
"12495_3",0.014455
"2762_2",0.029528
"11009_1",0.004060
"7735_1",0.420892
"5377_8",0.985784
"6074_3",0.050517
"2133_1",0.003821
"2291_1",0.003936
"767_1",0.077789
"2677_3",0.012604
"5801_2",0.022087
"11416_7",0.986531
"7083_3",0.010103
"7268_1",0.134461
"8613_1",0.192750
"446_10",0.665647
"6513_7",0.891795
"11229_4",0.110785
"11155_4",0.058965
"10298_9",0.266648
"1521_8",0.969983
"5682_1",0.966647
"11575_3",0.023445
"10144_1",0.204283
"5819_10",0.635987
"7287_4",0.005829
"11507_10",0.880181
"10458_7",0.667395
"5935_1",0.016751
"4126_1",0.006945
"3777_10",0.979693
"1720_3",0.008364
"11112_2",0.025055
"6222_9",0.992109
"8019_1",0.372306
"10067_4",0.263514
"5991_9",0.994316
"10203_10",0.996715
"2485_1",0.003132
"5910_2",0.081228
"3940_9",0.997375
"9140_10",0.817055
"9558_10",0.997774
"4582_7",0.162528
"3323_1",0.009444
"5038_4",0.011981
"12405_10",0.976828
"11620_4",0.149016
"8774_7",0.968539
"10164_9",0.499410
"4112_3",0.007111
"629_7",0.457839
"2732_7",0.884283
"4356_3",0.263718
"514_9",0.999328
"168_1",0.001540
"7157_1",0.399918
"11193_7",0.302490
"12163_1",0.006309
"259_2",0.002944
"9977_1",0.025832
"5169_10",0.998223
"7439_10",0.997582
"10261_1",0.068662
"6623_7",0.969020
"2834_9",0.486370
"2930_10",0.949755
"3232_10",0.738628
"533_10",0.994803
"6006_4",0.002833
"9029_4",0.194467
"7738_4",0.315476
"52_4",0.139769
"374_4",0.785334
"4502_1",0.197979
"10309_8",0.966394
"7541_8",0.946474
"1874_1",0.590366
"6884_1",0.027476
"7285_1",0.006617
"3385_2",0.270508
"7078_2",0.117132
"10788_10",0.996251
"6361_7",0.984866
"5761_10",0.926331
"8946_1",0.020721
"393_1",0.110243
"458_4",0.022923
"7435_10",0.998216
"10816_2",0.002652
"1606_10",0.856153
"1742_3",0.019804
"7167_8",0.869726
"1249_9",0.608857
"473_9",0.933177
"3475_9",0.105225
"2316_3",0.087161
"3739_2",0.072484
"4746_9",0.748706
"9924_8",0.974732
"2202_8",0.999008
"11531_1",0.041711
"11138_7",0.997292
"3402_1",0.007435
"4547_10",0.995302
"2786_2",0.256050
"1570_8",0.571862
"3095_3",0.056564
"4745_1",0.004591
"165_4",0.027201
"1578_4",0.045283
"495_10",0.852337
"12414_1",0.007727
"1383_1",0.127039
"10438_3",0.212352
"812_3",0.015516
"9588_9",0.976195
"7785_10",0.963913
"11169_4",0.045325
"7476_10",0.966065
"8196_1",0.000625
"6526_7",0.517505
"1695_3",0.027084
"11077_10",0.962639
"7642_7",0.632306
"7618_3",0.977379
"353_10",0.980316
"210_9",0.451790
"9455_10",0.981858
"520_2",0.004675
"7615_10",0.999446
"7475_9",0.994072
"6894_7",0.997851
"8622_2",0.014181
"11149_3",0.008607
"6154_3",0.567687
"2514_7",0.256291
"4359_1",0.561258
"8797_4",0.021867
"10023_8",0.461623
"1212_4",0.915378
"9985_1",0.035036
"4182_1",0.012903
"10662_10",0.925265
"3907_7",0.994668
"11342_10",0.998915
"1483_3",0.051736
"10510_7",0.978638
"8522_2",0.002488
"6049_4",0.067442
"2687_9",0.996030
"9766_7",0.367177
"6792_1",0.001781
"5990_10",0.990532
"11699_2",0.433534
"3446_4",0.146435
"10448_7",0.678764
"5629_1",0.010529
"2831_1",0.209470
"4351_10",0.984548
"2547_1",0.060170
"2778_2",0.009080
"7307_10",0.564598
"11148_3",0.006135
"907_3",0.027112
"2184_1",0.061282
"2030_8",0.996948
"11051_4",0.008781
"9150_4",0.049823
"12418_7",0.776728
"10724_10",0.965458
"8876_8",0.999160
"1620_7",0.616059
"12423_9",0.981838
"3642_1",0.709678
"10214_10",0.621136
"4575_3",0.368043
"2692_7",0.926611
"3919_1",0.005262
"11971_8",0.022261
"11676_10",0.744868
"8047_1",0.005180
"4009_8",0.963754
"7929_9",0.281564
"2432_10",0.999437
"8933_8",0.997150
"1375_1",0.117981
"1861_7",0.978107
"10897_10",0.998949
"2828_10",0.413846
"4568_10",0.998384
"1535_7",0.749094
"7282_8",0.978836
"12365_10",0.942451
"6682_3",0.067547
"1393_8",0.580573
"7270_1",0.009534
"1680_10",0.995699
"8207_8",0.999872
"8612_2",0.206098
"5640_9",0.220734
"96_10",0.999388
"12093_2",0.534206
"2068_9",0.987256
"9799_10",0.997519
"8730_1",0.002348
"1000_3",0.740899
"742_2",0.374781
"10432_10",0.998671
"9425_2",0.006516
"11636_3",0.166039
"6564_2",0.006262
"5706_9",0.981894
"8594_3",0.010323
"9488_9",0.908655
"12283_8",0.998142
"6579_3",0.028220
"6738_10",0.991827
"9007_2",0.092281
"2723_8",0.980605
"5115_3",0.799284
"9469_10",0.970978
"1444_1",0.011654
"5688_1",0.017089
"12390_4",0.269449
"1681_1",0.005164
"9048_7",0.851391
"10207_3",0.296506
"3817_9",0.975272
"2200_10",0.991448
"4250_8",0.632662
"12213_10",0.994633
"11602_4",0.641017
"4507_4",0.056757
"3817_1",0.032190
"9394_1",0.500861
"9129_1",0.057739
"3675_7",0.919450
"1670_4",0.428128
"1151_1",0.237331
"8818_4",0.123609
"4810_7",0.949921
"4979_1",0.004958
"80_4",0.012682
"5506_9",0.968582
"7451_10",0.846227
"4539_10",0.984968
"6914_10",0.985886
"2807_10",0.848815
"10229_10",0.911915
"10908_8",0.493345
"7709_9",0.997072
"10872_9",0.867175
"8487_1",0.006980
"1140_9",0.966184
"558_10",0.647151
"9935_8",0.754419
"1084_8",0.982344
"6185_9",0.957948
"9278_7",0.948595
"3756_7",0.805375
"4308_1",0.000698
"121_8",0.523528
"11072_8",0.938595
"9420_7",0.965921
"3955_1",0.183187
"9591_10",0.091775
"11176_1",0.720534
"11882_2",0.019711
"12458_10",0.632183
"303_10",0.978363
"3779_8",0.954126
"1805_4",0.465648
"12054_2",0.010345
"1990_4",0.012699
"7331_1",0.126988
"6243_8",0.863078
"7201_1",0.001041
"6230_7",0.929048
"11252_3",0.005218
"8379_8",0.969371
"11890_1",0.153491
"6977_1",0.004603
"5481_1",0.012051
"6013_7",0.810721
"11638_4",0.176134
"3302_1",0.290333
"4837_4",0.920365
"737_1",0.008711
"6128_3",0.117651
"3749_4",0.014167
"580_3",0.043746
"11031_10",0.984679
"6644_1",0.002783
"8517_1",0.006817
"4883_3",0.007855
"4273_4",0.034844
"404_1",0.034886
"12108_10",0.975320
"10005_8",0.980009
"7140_4",0.034168
"258_8",0.891677
"6746_7",0.983994
"7189_2",0.292776
"11626_4",0.062932
"10785_10",0.994208
"11007_1",0.317225
"8987_7",0.533755
"275_1",0.005158
"2554_10",0.991441
"2682_1",0.001252
"3797_1",0.001209
"7383_1",0.861344
"9816_9",0.948854
"11057_8",0.901646
"11901_3",0.041712
"11501_3",0.707160
"11999_2",0.002090
"740_3",0.005591
"3109_8",0.993104
"2773_8",0.996016
"5725_4",0.019937
"4423_3",0.073502
"4035_2",0.000125
"6550_7",0.929691
"711_4",0.599011
"10773_4",0.060165
"11202_1",0.004421
"1054_2",0.000620
"2207_10",0.995599
"9809_4",0.038065
"11349_10",0.747819
"5195_4",0.032821
"6881_4",0.217324
"7537_3",0.374033
"99_3",0.298277
"6589_9",0.994294
"11781_10",0.090093
"4337_3",0.026811
"4928_10",0.984397
"6310_1",0.025081
"11867_8",0.393709
"9462_2",0.062174
"12224_9",0.974898
"1195_3",0.007016
"11324_10",0.993509
"11272_4",0.021653
"2461_7",0.982399
"4034_7",0.991948
"2340_10",0.998202
"9827_9",0.983630
"4660_4",0.435625
"2448_1",0.108010
"7485_7",0.345092
"7003_10",0.995280
"6204_1",0.053732
"1920_10",0.980527
"6824_1",0.007255
"6668_10",0.988699
"7359_1",0.016106
"2753_4",0.342867
"7320_10",0.996341
"3661_10",0.999587
"1059_1",0.090384
"5067_10",0.934065
"5724_3",0.019196
"11265_2",0.011298
"11331_1",0.031979
"5398_10",0.996231
"9328_2",0.007340
"100_4",0.468342
"6118_10",0.892547
"320_3",0.014124
"4395_10",0.985379
"7256_4",0.138883
"3949_10",0.998425
"7097_1",0.995560
"6971_2",0.029163
"9855_2",0.020226
"457_8",0.994900
"9929_7",0.998276
"9574_10",0.997623
"12261_4",0.112917
"5228_9",0.910191
"11684_2",0.005208
"7913_9",0.998889
"9595_3",0.024623
"10501_10",0.942898
"10610_7",0.971307
"8573_7",0.124421
"1823_2",0.110523
"12070_4",0.432841
"6995_8",0.892644
"4929_1",0.020294
"2555_4",0.142368
"6583_7",0.997320
"2490_1",0.005549
"8203_7",0.806151
"7861_3",0.074635
"2548_2",0.915670
"12291_7",0.910654
"756_1",0.019618
"9275_7",0.951285
"9234_9",0.997823
"10598_10",0.687707
"8252_8",0.773231
"3585_2",0.095800
"11561_1",0.038685
"690_10",0.814545
"7203_10",0.996002
"11141_10",0.984060
"5583_10",0.961577
"7341_10",0.986436
"10623_8",0.990616
"868_4",0.033180
"778_9",0.996711
"4653_10",0.360327
"7450_4",0.987557
"8836_8",0.973664
"226_9",0.933092
"464_10",0.997806
"2850_9",0.941798
"10242_8",0.961605
"2403_10",0.996805
"3397_10",0.971674
"1003_4",0.833667
"10940_10",0.693193
"3349_10",0.998827
"5909_1",0.084882
"12021_8",0.883942
"5019_1",0.223071
"1809_7",0.989670
"4435_10",0.972931
"10029_1",0.002202
"8234_2",0.073610
"3760_1",0.010590
"10952_10",0.995743
"1487_9",0.923531
"46_10",0.996639
"4917_4",0.002138
"2000_9",0.818089
"10974_2",0.023899
"11275_8",0.353052
"1816_10",0.992450
"4848_3",0.582202
"11730_3",0.294702
"1903_10",0.962260
"12331_9",0.550119
"10360_9",0.976799
"9243_10",0.738241
"10115_8",0.994951
"11417_3",0.005228
"6259_4",0.387256
"316_10",0.968129
"1100_4",0.066094
"7919_2",0.042063
"1871_2",0.000769
"12488_8",0.937993
"10239_9",0.660625
"7832_2",0.004001
"8808_1",0.008110
"7241_2",0.007156
"4412_2",0.103278
"807_10",0.966752
"9728_8",0.928298
"5665_2",0.328270
"491_2",0.007237
"7938_1",0.043612
"3513_8",0.986985
"8942_1",0.012977
"11520_7",0.986809
"11478_3",0.973879
"5627_10",0.269329
"3462_2",0.353480
"5161_10",0.990962
"6545_2",0.251175
"6513_4",0.681159
"3032_1",0.012408
"7403_2",0.015251
"11878_3",0.005829
"11348_8",0.991800
"4979_7",0.992004
"7131_1",0.000603
"3972_3",0.068908
"2925_2",0.300415
"5346_3",0.006689
"10709_3",0.035967
"10999_2",0.033192
"5974_10",0.996322
"9008_10",0.970982
"1324_10",0.999138
"10454_8",0.886505
"8336_8",0.388584
"5869_10",0.997429
"9922_3",0.001736
"2081_2",0.518380
"5811_7",0.998655
"1619_10",0.151228
"5461_7",0.993365
"9152_2",0.037881
"9071_8",0.998413
"4688_10",0.997645
"8956_10",0.997719
"1883_4",0.191959
"5707_1",0.007012
"7529_3",0.689897
"83_1",0.111948
"10440_1",0.001822
"3673_1",0.001938
"6983_4",0.132456
"2546_4",0.152557
"6698_3",0.601200
"10689_3",0.059342
"9986_10",0.966129
"5614_10",0.910089
"10094_4",0.739981
"12468_10",0.994487
"3828_10",0.709634
"10524_2",0.004711
"2016_2",0.011553
"7583_4",0.079002
"4795_8",0.641144
"7564_3",0.107246
"1366_3",0.009029
"508_4",0.060374
"9509_3",0.808875
"1587_3",0.002352
"12376_4",0.090562
"2525_8",0.744617
"2877_2",0.111283
"9485_9",0.930755
"12023_8",0.989909
"11544_10",0.914527
"198_3",0.066058
"4390_1",0.001449
"993_8",0.900924
"7965_9",0.976569
"8865_1",0.000840
"6638_1",0.027920
"141_8",0.992817
"136_2",0.003717
"3004_10",0.894023
"3457_9",0.403947
"11488_1",0.010107
"644_2",0.006628
"8387_9",0.998597
"5026_3",0.793630
"8936_7",0.921318
"453_4",0.942551
"8547_3",0.140090
"10542_4",0.014046
"5231_9",0.598854
"9592_10",0.641952
"8591_7",0.993670
"6686_10",0.961840
"7246_10",0.992901
"2194_4",0.008809
"11533_9",0.998476
"6109_10",0.803899
"9092_3",0.009719
"11223_8",0.988810
"10829_9",0.968256
"9857_3",0.136371
"2223_10",0.617901
"8052_10",0.769209
"11604_3",0.130502
"4448_1",0.394366
"5394_8",0.460193
"10168_9",0.991284
"11943_4",0.027965
"7311_8",0.610393
"1362_9",0.960766
"9165_8",0.991599
"12294_10",0.994569
"6086_9",0.988283
"608_8",0.996539
"4592_10",0.809159
"708_10",0.841904
"6548_4",0.772160
"7552_4",0.363391
"9263_8",0.935257
"5393_1",0.026008
"220_10",0.736020
"10640_7",0.997832
"4086_10",0.956434
"11026_3",0.053100
"12466_10",0.998844
"905_3",0.027112
"92_8",0.985871
"11362_10",0.998558
"5030_8",0.935699
"2909_7",0.167228
"8402_7",0.952368
"4046_10",0.434239
"4065_9",0.990626
"6460_4",0.913523
"11108_1",0.180858
"1139_1",0.002056
"2457_3",0.128386
"2675_7",0.043653
"9360_1",0.019829
"5750_8",0.998185
"7125_2",0.005769
"6637_8",0.974617
"3290_7",0.990125
"3979_8",0.398805
"2100_1",0.004417
"10836_1",0.004548
"10904_3",0.006779
"5226_7",0.360193
"22_8",0.971592
"2726_10",0.946133
"11405_8",0.982180
"11204_2",0.017251
"6201_9",0.875220
"1653_10",0.987146
"9500_7",0.844181
"12104_7",0.965994
"1499_3",0.022944
"1415_1",0.002482
"11285_2",0.786514
"4481_1",0.606748
"10249_8",0.990073
"2391_9",0.997905
"2186_3",0.693696
"56_10",0.994442
"127_10",0.994033
"5509_9",0.573306
"9855_9",0.040631
"7522_10",0.998571
"11751_9",0.993529
"3330_3",0.615099
"4055_8",0.994355
"3694_3",0.394894
"6911_4",0.015590
"9677_10",0.996891
"9706_1",0.021116
"426_4",0.055540
"2995_2",0.006724
"7914_8",0.864343
"11344_9",0.876556
"680_8",0.952336
"2094_3",0.119200
"2009_9",0.998426
"7309_7",0.987101
"138_1",0.021792
"2689_9",0.993573
"6050_2",0.020016
"8987_2",0.008073
"2053_8",0.994781
"12245_4",0.104720
"12020_10",0.672069
"10364_10",0.974110
"11581_1",0.009060
"12079_10",0.722592
"6537_1",0.007323
"2739_10",0.501885
"8719_1",0.205876
"9436_1",0.010781
"5029_3",0.071178
"8321_10",0.688998
"7135_9",0.942897
"9512_10",0.951146
"6397_7",0.182274
"9457_9",0.780457
"7740_2",0.049945
"10591_2",0.008881
"9856_4",0.403560
"2456_1",0.063324
"10543_7",0.661282
"544_4",0.927371
"3679_10",0.974450
"9042_1",0.001573
"5368_8",0.995539
"8276_3",0.015229
"1984_2",0.011646
"4205_7",0.983110
"5765_7",0.929274
"5202_1",0.002473
"4127_4",0.915479
"12316_9",0.997667
"657_1",0.002617
"12205_2",0.012642
"3426_10",0.995427
"5616_10",0.993407
"11644_3",0.040947
"795_10",0.919764
"12416_2",0.065405
"115_3",0.028935
"55_10",0.975062
"11187_10",0.661634
"9072_4",0.566753
"875_4",0.879500
"4196_1",0.002705
"293_10",0.031135
"5564_1",0.002431
"6811_8",0.787535
"9135_3",0.313718
"9964_8",0.585050
"981_9",0.083793
"8506_10",0.980956
"4459_9",0.963582
"7609_1",0.028824
"6246_10",0.887075
"5989_4",0.001731
"11839_10",0.975610
"9186_2",0.167018
"3411_10",0.975238
"8677_1",0.121394
"9125_4",0.690051
"2166_8",0.869054
"11827_4",0.018523
"2574_2",0.402105
"4789_4",0.502396
"1093_4",0.002999
"8195_1",0.044023
"11011_10",0.829420
"3944_9",0.977374
"10606_10",0.990178
"5029_7",0.562062
"9496_8",0.905604
"9256_8",0.998522
"5640_3",0.364732
"8164_8",0.917568
"10413_3",0.098814
"4838_2",0.004016
"12265_9",0.917782
"6222_1",0.001333
"883_8",0.920199
"395_8",0.334684
"1182_7",0.847054
"8701_7",0.990185
"8863_4",0.003420
"10943_3",0.006671
"10692_10",0.769100
"11872_7",0.997889
"4729_9",0.450183
"920_10",0.978636
"9352_4",0.138043
"10095_9",0.956221
"8986_2",0.068286
"7061_2",0.022079
"2746_1",0.003361
"10359_8",0.965704
"6826_7",0.130924
"7075_3",0.232662
"8237_10",0.999002
"9103_10",0.548889
"6538_9",0.265482
"3085_4",0.861554
"10759_9",0.811218
"12249_2",0.007612
"6774_4",0.469429
"3564_2",0.305569
"144_2",0.006716
"12112_3",0.026886
"8166_10",0.987940
"10817_8",0.946036
"7462_10",0.981400
"7626_2",0.086325
"8221_2",0.321466
"2528_10",0.715493
"6765_3",0.034260
"1267_8",0.999619
"8257_10",0.385679
"11501_8",0.986163
"11196_10",0.997793
"10006_7",0.909680
"2104_2",0.009678
"9067_8",0.392974
"4760_4",0.027813
"4372_7",0.766637
"3441_2",0.502573
"10439_3",0.108970
"6604_1",0.123180
"10689_10",0.985504
"11289_4",0.073095
"2051_7",0.929538
"42_10",0.999266
"1567_7",0.629955
"4890_9",0.758287
"2583_1",0.002630
"5376_2",0.021607
"2539_10",0.957675
"390_4",0.050856
"11509_1",0.001840
"7481_8",0.772737
"10840_2",0.004422
"9433_1",0.495281
"7774_10",0.995802
"2654_7",0.041583
"9582_7",0.665033
"1780_3",0.024931
"4032_8",0.963817
"3130_9",0.996033
"1920_3",0.139851
"5056_7",0.583278
"4537_10",0.932283
"2505_1",0.078349
"3942_2",0.007476
"483_2",0.046410
"2771_3",0.000718
"4872_8",0.962245
"7897_1",0.004239
"12039_8",0.974565
"11008_4",0.891249
"4090_7",0.976907
"3051_4",0.406687
"5700_1",0.004221
"3498_10",0.614983
"5676_7",0.940616
"5565_1",0.008668
"9347_10",0.936700
"4178_1",0.040740
"6303_4",0.033464
"1579_7",0.031338
"5783_9",0.479157
"4001_8",0.999069
"11698_2",0.027259
"7029_3",0.003877
"268_3",0.001473
"7098_1",0.995962
"6608_9",0.994454
"1123_1",0.065339
"7523_10",0.980210
"10647_3",0.099035
"12232_8",0.973350
"8103_4",0.420413
"7336_7",0.567133
"7049_8",0.979249
"9694_3",0.137389
"5894_3",0.009950
"10981_4",0.197719
"10104_10",0.997714
"5752_7",0.995421
"2622_2",0.050575
"11529_2",0.040694
"5040_1",0.003684
"1870_8",0.942699
"7368_3",0.020893
"843_1",0.169193
"4972_8",0.473147
"4615_9",0.990854
"8191_10",0.959900
"6940_10",0.494869
"4924_4",0.117242
"10392_2",0.002675
"3339_7",0.969357
"3594_10",0.996647
"10354_7",0.066562
"6594_10",0.989815
"11311_1",0.003024
"4409_10",0.983981
"1669_4",0.904032
"7819_1",0.026355
"6704_1",0.002850
"667_10",0.801494
"6444_1",0.019651
"1223_3",0.042808
"10089_9",0.998050
"6699_1",0.002403
"814_7",0.952797
"2363_10",0.986489
"1697_2",0.181949
"6345_4",0.001384
"10109_1",0.010406
"4563_7",0.871365
"1924_1",0.030130
"11416_2",0.014173
"539_7",0.937208
"5937_9",0.997624
"1912_8",0.783942
"4135_3",0.019026
"4141_7",0.927787
"7217_2",0.135143
"5538_3",0.009817
"2657_10",0.799161
"6279_4",0.350394
"7706_1",0.041822
"10409_10",0.665534
"6780_1",0.012446
"6251_10",0.998463
"12227_1",0.083703
"1146_10",0.996998
"10977_9",0.994264
"3857_1",0.011083
"7622_8",0.353247
"2548_7",0.923801
"8602_9",0.848637
"8885_8",0.992020
"472_4",0.824843
"11700_9",0.950635
"10268_3",0.007940
"7569_10",0.973804
"475_1",0.105320
"4719_1",0.003522
"8851_3",0.006516
"6320_10",0.608074
"4290_7",0.113611
"7936_10",0.996584
"4616_1",0.002158
"3616_7",0.969828
"4849_3",0.566693
"3689_7",0.677669
"11224_7",0.897478
"8893_7",0.853524
"11126_7",0.997300
"4816_8",0.967769
"5895_3",0.208116
"9373_1",0.155311
"2445_3",0.294206
"556_1",0.001252
"11855_1",0.378922
"11346_8",0.919535
"8621_8",0.813731
"10259_3",0.035217
"2354_3",0.283944
"8477_10",0.997975
"11408_7",0.875731
"8490_1",0.492416
"175_8",0.383691
"3376_1",0.006321
"3888_7",0.993308
"11655_2",0.243061
"9630_10",0.946497
"8121_1",0.006178
"10758_4",0.595354
"1979_10",0.886064
"9702_8",0.367347
"1064_1",0.009425
"850_4",0.054561
"1624_1",0.644401
"5885_10",0.986591
"8246_8",0.833467
"4073_7",0.998430
"5116_2",0.021419
"5379_2",0.050288
"75_1",0.055453
"5895_10",0.962702
"10651_9",0.996339
"1776_7",0.952191
"8500_1",0.002185
"11026_9",0.591378
"12195_1",0.553231
"1832_7",0.999067
"11424_8",0.909952
"1744_8",0.998925
"9699_1",0.001027
"11840_10",0.964576
"8955_1",0.015742
"1571_4",0.387954
"6434_9",0.985375
"7214_10",0.940846
"153_4",0.454646
"3914_1",0.770222
"5005_8",0.374216
"8283_4",0.459479
"8846_1",0.008380
"3708_1",0.424806
"5123_10",0.997866
"2868_7",0.777365
"6395_10",0.996714
"5788_4",0.602863
"2380_8",0.766967
"462_7",0.986718
"11697_7",0.992476
"3577_3",0.003201
"5569_4",0.834761
"348_1",0.021896
"9194_10",0.960741
"1001_4",0.189927
"6869_4",0.006277
"7182_1",0.271469
"2089_4",0.053428
"3496_1",0.648610
"938_1",0.175983
"10325_9",0.932433
"786_10",0.988430
"4562_9",0.988640
"2566_9",0.966769
"10732_3",0.316325
"7621_1",0.040754
"11747_10",0.998610
"11271_4",0.794526
"9057_10",0.999765
"12374_3",0.015036
"9130_9",0.935320
"9735_3",0.020126
"4305_7",0.991359
"10477_9",0.996670
"5498_9",0.999247
"4452_8",0.998342
"7993_1",0.010496
"3245_9",0.999641
"11289_10",0.019420
"2678_10",0.981297
"6836_1",0.007466
"10936_3",0.063371
"6870_4",0.091676
"10109_10",0.981058
"9907_7",0.464225
"4801_2",0.028159
"3684_10",0.999335
"12305_9",0.982873
"530_10",0.939958
"10977_2",0.056424
"9819_10",0.953725
"5057_1",0.043440
"8703_10",0.927206
"8997_2",0.001258
"5766_7",0.041206
"9436_8",0.899108
"39_9",0.999861
"6052_4",0.736801
"9748_9",0.457173
"8395_1",0.001929
"688_7",0.055773
"4688_3",0.083950
"6287_3",0.012072
"1945_8",0.935416
"11830_2",0.135480
"4042_2",0.004732
"10160_3",0.017367
"2069_4",0.011375
"11039_1",0.043629
"6675_3",0.335485
"9189_2",0.583017
"3683_10",0.994544
"5536_10",0.563282
"11089_1",0.242134
"9064_7",0.768497
"2079_1",0.014126
"648_3",0.053498
"12300_10",0.957505
"5755_8",0.963076
"3460_1",0.002289
"151_2",0.054510
"6990_4",0.302218
"11356_10",0.997648
"3062_2",0.011369
"4310_1",0.050785
"9393_9",0.560041
"5886_1",0.763083
"7359_10",0.997118
"3210_1",0.029524
"4689_10",0.918742
"11111_10",0.997320
"1413_3",0.616687
"2502_8",0.998532
"10737_2",0.065280
"6525_10",0.302932
"4416_4",0.001340
"1705_4",0.092099
"1485_10",0.601823
"4406_9",0.989590
"3365_8",0.880461
"6825_9",0.971289
"9214_1",0.373071
"8171_1",0.791246
"12138_7",0.119028
"2421_8",0.982585
"7727_4",0.005476
"8236_8",0.851503
"4802_8",0.919797
"5429_2",0.400563
"6584_1",0.022250
"5429_8",0.991868
"2124_8",0.996545
"11670_3",0.156881
"7527_1",0.038028
"11193_3",0.137416
"3647_10",0.998059
"2084_3",0.194726
"8481_10",0.972149
"2458_8",0.988960
"8705_1",0.166763
"4919_4",0.017636
"1621_1",0.027913
"6059_1",0.004685
"4132_1",0.816164
"10953_9",0.433166
"6692_8",0.973095
"3604_3",0.649060
"6432_1",0.002719
"10932_8",0.997919
"7248_3",0.200676
"3837_4",0.004075
"8770_8",0.997299
"12067_7",0.808544
"7351_1",0.001608
"11556_1",0.876485
"8220_1",0.214627
"8008_4",0.020069
"6500_1",0.002209
"8303_4",0.014340
"6765_10",0.992333
"4701_3",0.214138
"8956_1",0.026047
"11443_8",0.898749
"7119_7",0.674223
"11761_2",0.077673
"9921_9",0.711544
"2275_9",0.996705
"8849_2",0.035362
"2791_3",0.031207
"9105_10",0.916708
"1991_7",0.987841
"41_9",0.998686
"9259_1",0.010884
"3785_3",0.432712
"12335_3",0.037269
"7020_1",0.003769
"9490_4",0.685485
"11296_1",0.010562
"7641_2",0.005553
"8163_7",0.965478
"7342_10",0.729636
"766_8",0.998321
"5399_1",0.016777
"1565_7",0.552516
"12_9",0.991812
"11574_10",0.997372
"8194_8",0.024425
"6110_10",0.083826
"8108_1",0.009819
"3852_4",0.155197
"11474_2",0.009311
"11554_10",0.994569
"1798_3",0.094597
"11814_10",0.996000
"5072_9",0.742572
"4389_10",0.996581
"8148_10",0.979589
"5840_2",0.014536
"1972_7",0.701169
"10169_3",0.009874
"8651_1",0.009909
"6399_3",0.057067
"8965_1",0.205390
"8853_1",0.002904
"2841_9",0.998971
"6658_1",0.082147
"11515_1",0.099853
"4474_1",0.119073
"8221_10",0.997804
"12204_10",0.927935
"10671_1",0.001368
"7335_3",0.045724
"4050_3",0.887620
"9465_8",0.913692
"11620_8",0.994902
"11998_8",0.998920
"11188_2",0.012602
"6656_1",0.006632
"3416_4",0.460458
"11558_9",0.976953
"2752_4",0.015725
"10330_9",0.996320
"9323_7",0.996886
"12232_4",0.022725
"5699_7",0.965654
"1020_2",0.895921
"1161_1",0.009185
"10187_10",0.994159
"4585_10",0.468297
"7570_10",0.996561
"9752_1",0.012083
"4956_1",0.014202
"1355_2",0.199992
"10456_1",0.013905
"8757_10",0.680976
"2286_3",0.003434
"1297_7",0.416678
"5326_8",0.986123
"11535_10",0.998931
"4783_10",0.464701
"4292_2",0.075311
"2856_1",0.000877
"450_10",0.970999
"9611_1",0.361541
"2403_1",0.325962
"2037_7",0.678465
"9580_1",0.550396
"1694_7",0.888942
"11385_10",0.987986
"493_1",0.093628
"9013_10",0.984744
"11235_3",0.251222
"10793_3",0.015168
"2197_10",0.997883
"1887_2",0.021636
"6617_7",0.628686
"12028_1",0.003741
"5413_1",0.060071
"1134_1",0.019538
"1290_2",0.010114
"12241_8",0.258749
"965_3",0.017067
"2044_10",0.994273
"7782_10",0.629407
"6087_4",0.915479
"3600_2",0.040849
"1588_3",0.288353
"10421_8",0.207563
"3390_10",0.800426
"6531_1",0.492285
"9792_10",0.855270
"3755_9",0.974123
"11471_7",0.352670
"10427_10",0.988202
"4011_3",0.482691
"8784_7",0.213073
"10714_9",0.998404
"6031_9",0.717821
"8130_10",0.999365
"4772_9",0.219868
"6599_7",0.838165
"11335_2",0.037766
"6412_1",0.010812
"998_7",0.993026
"9542_10",0.997867
"1490_3",0.095673
"4142_10",0.968561
"8371_10",0.989128
"5457_8",0.960721
"5001_8",0.997533
"150_9",0.934522
"8487_10",0.983046
"10024_3",0.021106
"3687_8",0.993232
"6171_10",0.999858
"5462_8",0.983935
"1372_4",0.046377
"7361_8",0.897028
"1030_9",0.910328
"3341_8",0.369658
"7677_2",0.009720
"6584_7",0.993058
"2372_10",0.480719
"5898_9",0.999346
"7370_7",0.964770
"3018_9",0.999630
"4899_9",0.738769
"2385_4",0.773434
"8433_9",0.994693
"1989_8",0.385892
"10401_7",0.562890
"5668_1",0.027995
"11516_3",0.009812
"12419_1",0.111224
"5402_7",0.870983
"10537_9",0.997498
"117_10",0.994179
"6756_4",0.355715
"4051_3",0.125925
"9687_10",0.752351
"11011_2",0.001070
"8460_8",0.710866
"5155_3",0.005173
"2473_2",0.002116
"4074_1",0.013881
"4730_10",0.993856
"5310_2",0.018556
"6630_10",0.992887
"4363_1",0.001110
"1022_3",0.917847
"8247_10",0.835470
"7437_10",0.997560
"3846_7",0.977824
"7298_1",0.015308
"11955_4",0.074800
"9448_10",0.975275
"142_1",0.005884
"2260_3",0.000667
"9012_4",0.393518
"5321_9",0.865209
"527_10",0.983016
"2898_3",0.012714
"12302_9",0.985451
"1463_4",0.604805
"5278_1",0.005172
"6450_1",0.074504
"9704_1",0.256055
"2673_2",0.001740
"10175_2",0.016735
"8006_2",0.948045
"9492_4",0.097184
"4595_3",0.858194
"9499_2",0.058772
"7869_1",0.001445
"4047_10",0.998952
"4962_7",0.737232
"4052_2",0.018163
"1423_10",0.836280
"7376_2",0.126698
"1067_9",0.993514
"3289_1",0.235367
"5780_9",0.096669
"2965_2",0.022211
"4127_10",0.993131
"10156_3",0.022597
"11164_1",0.003608
"1422_10",0.836280
"9470_4",0.381202
"7733_3",0.109630
"3814_3",0.029592
"9900_1",0.064039
"5363_3",0.061403
"2878_7",0.935923
"11647_2",0.007964
"1729_1",0.001052
"2263_1",0.429812
"11707_2",0.022156
"10722_7",0.994729
"6321_9",0.978996
"7339_10",0.990712
"8003_9",0.904270
"11009_10",0.930051
"9458_1",0.075790
"10359_1",0.001579
"5530_3",0.050468
"3377_9",0.930668
"2256_9",0.997570
"9036_1",0.008599
"7621_7",0.402511
"9992_4",0.747258
"1004_10",0.994357
"6339_3",0.015235
"5554_10",0.979300
"10128_10",0.994756
"4540_10",0.993935
"1410_7",0.940830
"7072_1",0.003970
"4324_4",0.081045
"9611_7",0.742630
"7571_10",0.995923
"11337_1",0.028076
"1169_1",0.009105
"10881_4",0.002550
"8782_4",0.042145
"5357_10",0.998103
"9318_7",0.983166
"9071_3",0.769820
"485_4",0.224462
"3164_2",0.152164
"1343_10",0.980220
"571_10",0.998445
"6749_10",0.995224
"1945_4",0.021564
"8132_3",0.078320
"12380_4",0.005089
"11183_4",0.062232
"10526_10",0.935451
"7234_10",0.994900
"3054_7",0.639122
"5217_1",0.000977
"7106_8",0.989742
"11043_10",0.996144
"8447_2",0.151415
"9744_10",0.998263
"10638_9",0.906658
"8778_10",0.978332
"3666_9",0.993367
"4223_10",0.986901
"1642_2",0.050544
"10541_8",0.737251
"8067_1",0.031949
"11116_10",0.971827
"8701_1",0.007770
"6422_8",0.998592
"9168_1",0.093072
"4130_1",0.001065
"8492_1",0.004798
"6430_3",0.130949
"9306_8",0.841505
"10487_7",0.095236
"6687_1",0.442614
"11869_1",0.010055
"9224_10",0.490547
"1625_9",0.984401
"8651_7",0.923575
"3702_4",0.037149
"4470_7",0.962124
"31_4",0.093901
"11316_10",0.997389
"5961_8",0.930076
"4428_2",0.002827
"2540_4",0.573401
"4855_2",0.982952
"9997_2",0.011087
"12214_2",0.518636
"12383_2",0.334505
"12344_4",0.558272
"8147_10",0.990392
"2019_10",0.946492
"8161_3",0.002923
"7312_10",0.514098
"9310_8",0.752088
"11966_1",0.001560
"8962_1",0.003746
"5661_4",0.054984
"5765_4",0.001520
"10934_8",0.990143
"5801_9",0.253457
"190_2",0.102301
"880_8",0.964705
"10677_10",0.959235
"10520_10",0.992653
"6697_7",0.603896
"11582_1",0.210036
"1986_1",0.002962
"6021_4",0.020818
"7220_8",0.218764
"5870_1",0.008507
"1459_7",0.989734
"1733_8",0.997940
"7060_9",0.805322
"5249_9",0.985369
"8845_9",0.990962
"10133_8",0.878550
"3041_9",0.783353
"11504_1",0.085608
"6261_8",0.996448
"2942_10",0.998691
"5522_10",0.991653
"4260_8",0.673539
"1600_2",0.035825
"1698_10",0.933617
"5823_10",0.868490
"2413_9",0.891355
"7316_9",0.942408
"5963_2",0.004019
"9960_10",0.996315
"6014_9",0.988416
"2357_4",0.005318
"9788_10",0.353943
"8100_2",0.009228
"4099_9",0.569303
"10894_2",0.004784
"7940_1",0.004467
"3605_4",0.720355
"11270_3",0.041902
"2306_8",0.998198
"3825_10",0.958860
"161_7",0.206346
"12121_9",0.704195
"7916_10",0.963763
"10598_4",0.121138
"3484_10",0.983967
"8967_1",0.062869
"4005_2",0.024914
"10355_4",0.746328
"5215_10",0.380894
"943_3",0.025879
"11786_10",0.990449
"5938_2",0.016011
"998_2",0.071251
"4333_4",0.000703
"6606_9",0.671028
"5251_2",0.004952
"4152_4",0.345522
"3148_2",0.014397
"3344_7",0.654668
"9832_3",0.061937
"2689_3",0.386542
"3400_10",0.920672
"4000_4",0.510442
"3934_3",0.387637
"9014_9",0.885011
"2339_9",0.997704
"8833_1",0.013357
"10197_8",0.959648
"8811_1",0.304327
"1805_7",0.996955
"2238_7",0.992960
"2487_9",0.835907
"1737_1",0.000673
"4085_2",0.014321
"5665_10",0.708116
"9721_4",0.052685
"10577_9",0.958715
"8892_7",0.950608
"4503_10",0.999772
"9348_3",0.008473
"10382_10",0.695714
"8339_3",0.003814
"5199_10",0.991888
"1897_1",0.007983
"3578_9",0.970834
"9192_7",0.743529
"12154_2",0.008150
"5089_2",0.001336
"8988_7",0.086103
"10170_8",0.969920
"6690_8",0.950859
"2549_2",0.002580
"6546_3",0.043732
"5283_2",0.006789
"8131_9",0.999622
"4745_8",0.755968
"7251_1",0.143591
"1829_8",0.980661
"11922_9",0.996013
"10322_1",0.006841
"3163_4",0.037795
"11849_9",0.999519
"11809_10",0.991100
"1275_3",0.141945
"11694_4",0.088077
"12112_8",0.209653
"11212_4",0.061800
"5124_10",0.983845
"5362_2",0.019037
"2680_9",0.992046
"11181_4",0.829850
"4345_1",0.050900
"8916_7",0.944121
"10042_8",0.973924
"10324_8",0.973442
"4425_3",0.933699
"9133_3",0.895196
"11028_10",0.997934
"1941_7",0.941885
"10142_3",0.736450
"4572_1",0.002120
"10512_1",0.001084
"7180_7",0.555970
"3948_1",0.028184
"1238_4",0.008537
"5269_9",0.111501
"12346_8",0.224895
"11481_4",0.517710
"1943_3",0.002158
"4742_1",0.010705
"2433_1",0.005956
"4422_3",0.107511
"342_1",0.017686
"736_8",0.273560
"3036_10",0.020923
"9336_7",0.769913
"9205_1",0.001906
"9923_8",0.994675
"8875_2",0.012856
"2023_7",0.955912
"4102_1",0.093751
"11345_1",0.002154
"6736_9",0.998195
"7839_8",0.992891
"8572_10",0.980158
"7211_1",0.001487
"6666_2",0.006127
"1978_7",0.995552
"3156_1",0.049135
"3333_7",0.971685
"3720_4",0.151144
"1450_3",0.371677
"8563_10",0.267086
"9087_9",0.998190
"6843_10",0.986581
"3485_7",0.724207
"4259_10",0.998262
"10186_10",0.974305
"3312_3",0.043775
"7624_4",0.244215
"7930_3",0.057761
"8407_10",0.997099
"1771_4",0.249763
"11919_4",0.206521
"425_2",0.113269
"11795_2",0.012825
"6767_1",0.002504
"2996_9",0.976134
"990_1",0.003997
"3757_3",0.051519
"2981_2",0.270971
"10277_2",0.029689
"662_9",0.518929
"5311_3",0.174466
"3796_10",0.855967
"3846_1",0.007373
"5651_2",0.002599
"6649_3",0.004206
"10779_2",0.018057
"4548_10",0.732810
"7275_10",0.986028
"1605_9",0.954610
"3580_4",0.065792
"5712_2",0.016225
"5287_10",0.991448
"3230_9",0.807388
"7936_1",0.008285
"9983_3",0.015163
"9959_7",0.918347
"5739_4",0.167714
"4308_10",0.939501
"4854_8",0.283841
"8620_7",0.727825
"7923_9",0.207594
"11686_10",0.966121
"8253_1",0.958481
"11030_4",0.510403
"3995_9",0.991506
"10763_9",0.998290
"6780_8",0.833073
"10895_1",0.014385
"11778_1",0.739880
"8512_10",0.989487
"1061_1",0.003391
"10584_3",0.070811
"212_4",0.034156
"1908_2",0.031379
"10958_1",0.027525
"980_7",0.950956
"2686_10",0.997827
"2088_1",0.078584
"6075_1",0.361658
"9782_10",0.997792
"9180_3",0.015305
"2478_3",0.009410
"1634_2",0.003239
"6810_8",0.748617
"2562_10",0.986443
"3841_7",0.535052
"5387_1",0.002658
"9047_7",0.995637
"4962_4",0.087788
"8597_8",0.822337
"1515_1",0.010743
"1974_1",0.129868
"9935_3",0.237985
"2404_4",0.427505
"8638_1",0.001870
"8720_1",0.012606
"11411_2",0.044131
"7676_3",0.403281
"11756_9",0.947284
"4195_1",0.001020
"11787_10",0.981304
"11838_1",0.065645
"11748_1",0.000965
"7309_3",0.957210
"502_4",0.428988
"1239_10",0.309419
"8925_4",0.105499
"4242_1",0.006145
"2112_2",0.000616
"6359_8",0.998286
"8034_9",0.992194
"807_3",0.145010
"7852_4",0.012224
"8014_10",0.981671
"4823_8",0.917691
"8448_10",0.948094
"3564_8",0.421958
"858_4",0.923637
"8529_7",0.551058
"6515_3",0.012505
"2646_10",0.675302
"4278_1",0.059844
"5641_7",0.226711
"5382_4",0.003259
"3300_8",0.996864
"4849_9",0.993353
"12013_1",0.004742
"107_4",0.092674
"10046_10",0.831960
"9141_10",0.987103
"10297_10",0.998962
"634_10",0.757400
"438_2",0.003648
"11794_8",0.998975
"3937_4",0.257327
"3602_4",0.011670
"11851_1",0.004023
"8690_7",0.953864
"2697_2",0.288363
"805_10",0.989474
"7572_1",0.021664
"10553_1",0.016791
"5246_2",0.012051
"2064_8",0.297060
"11856_1",0.137581
"9026_7",0.968189
"4449_7",0.985205
"8579_10",0.997255
"8503_7",0.392210
"5734_1",0.183108
"11507_1",0.008085
"7956_10",0.645225
"11245_2",0.009848
"6142_2",0.955261
"10657_1",0.006834
"7992_1",0.063352
"11347_9",0.856580
"5278_8",0.964725
"6362_10",0.138928
"10214_2",0.128845
"9184_7",0.923541
"2666_10",0.993125
"7527_7",0.819961
"2001_1",0.220695
"12000_4",0.001921
"10302_3",0.540039
"7160_10",0.980202
"2757_10",0.997860
"3792_3",0.034109
"6199_1",0.001662
"10467_3",0.006384
"531_10",0.995024
"8193_9",0.995847
"248_7",0.999768
"187_1",0.174386
"5193_8",0.974506
"5138_8",0.987695
"8467_1",0.079030
"11029_8",0.997509
"667_4",0.006121
"3714_1",0.003884
"8102_4",0.511018
"9195_4",0.007337
"1432_3",0.010529
"9095_10",0.810664
"11510_2",0.010960
"5644_1",0.469559
"2556_8",0.570568
"11887_2",0.014766
"5374_1",0.005334
"5356_3",0.029695
"10209_1",0.404202
"2001_8",0.563657
"6088_1",0.821137
"6140_4",0.164655
"11494_4",0.331359
"11631_7",0.717002
"4818_1",0.004607
"10914_1",0.029498
"4472_8",0.914817
"8735_9",0.771555
"11190_1",0.062282
"462_4",0.109034
"6566_4",0.028257
"4598_4",0.475127
"11566_1",0.299781
"2560_3",0.419336
"11969_4",0.019636
"8765_1",0.001825
"9957_10",0.406181
"5210_10",0.855517
"5007_10",0.968639
"10290_10",0.988544
"10319_1",0.090038
"1848_2",0.002243
"1319_3",0.006871
"11248_10",0.995688
"379_1",0.016926
"3469_10",0.993746
"437_2",0.011005
"3648_1",0.635962
"8834_1",0.007261
"3316_1",0.010975
"9563_2",0.345386
"4500_9",0.801871
"6226_3",0.029312
"5653_3",0.014759
"5415_2",0.004971
"6725_4",0.013321
"9462_10",0.999070
"3471_3",0.869417
"7259_2",0.018219
"8181_3",0.038250
"10749_1",0.101544
"12283_1",0.002589
"402_1",0.005480
"8024_10",0.992869
"11114_1",0.009217
"461_1",0.009659
"10025_2",0.003636
"3358_4",0.942293
"2022_1",0.013357
"12493_7",0.988295
"4131_9",0.997572
"9852_4",0.009630
"7122_1",0.001212
"1994_10",0.927610
"10723_9",0.633588
"3900_8",0.996164
"7741_10",0.997522
"4287_9",0.541624
"10195_10",0.961374
"10941_3",0.012589
"1615_1",0.133411
"12337_3",0.016353
"2259_2",0.033512
"6179_10",0.999361
"138_8",0.286948
"6482_3",0.007872
"10362_4",0.000340
"1341_10",0.989991
"8299_8",0.600153
"7839_2",0.052224
"6659_7",0.947768
"7143_10",0.999910
"12445_1",0.012908
"3796_3",0.138022
"4180_10",0.923604
"7775_10",0.966114
"8946_9",0.861728
"1936_7",0.747114
"8387_1",0.003781
"10092_8",0.831715
"5729_10",0.964112
"1399_7",0.726278
"4011_8",0.991973
"7868_8",0.985987
"3546_8",0.919703
"8643_9",0.996340
"6033_1",0.012250
"428_10",0.979280
"3385_10",0.998933
"3073_2",0.000910
"4169_8",0.988782
"8191_3",0.085898
"211_3",0.076711
"297_2",0.380734
"4286_8",0.997057
"535_10",0.999376
"4851_4",0.775157
"9707_1",0.000843
"9740_10",0.281660
"5410_1",0.017654
"1436_1",0.070059
"3766_10",0.970505
"2483_9",0.997924
"1937_10",0.997345
"2939_3",0.031773
"3372_1",0.015291
"7825_10",0.959722
"7780_10",0.997233
"7656_10",0.995229
"4850_7",0.996952
"5083_4",0.089535
"10429_1",0.052390
"8009_2",0.003145
"10879_4",0.167608
"7328_1",0.007439
"10055_1",0.011114
"11715_7",0.879077
"1547_1",0.005511
"7665_9",0.512621
"6061_10",0.749154
"10800_1",0.006431
"10234_3",0.013966
"11334_2",0.303892
"3106_1",0.026576
"12173_3",0.002040
"2076_10",0.933525
"4414_7",0.067003
"7679_9",0.880550
"2010_1",0.001495
"9460_9",0.987739
"11261_4",0.450333
"7500_10",0.835079
"9503_4",0.006004
"5937_4",0.041761
"87_10",0.993018
"2968_1",0.000651
"6728_9",0.566747
"9954_4",0.009052
"5875_8",0.606912
"12429_10",0.549014
"11247_10",0.279926
"8879_4",0.963134
"2999_1",0.010889
"11448_8",0.958181
"3629_1",0.000949
"1302_1",0.218703
"10851_1",0.032539
"9533_4",0.001090
"4078_2",0.003868
"7813_3",0.058486
"11284_10",0.816356
"3509_8",0.997918
"11198_3",0.063605
"9197_9",0.994056
"3603_3",0.987140
"6472_7",0.993223
"2410_2",0.079248
"10240_10",0.562607
"6507_4",0.252044
"1511_2",0.669812
"5475_2",0.019050
"5728_1",0.000955
"5294_1",0.099386
"12024_10",0.917186
"2355_1",0.213104
"4088_9",0.958304
"2580_10",0.977943
"9423_1",0.172262
"6836_7",0.999351
"11806_1",0.018944
"8412_1",0.080702
"770_10",0.970641
"1029_10",0.975958
"11288_4",0.077640
"690_3",0.477790
"1925_9",0.876265
"2116_10",0.811967
"8597_2",0.041709
"8734_4",0.037178
"5549_3",0.000817
"5447_7",0.341922
"2519_4",0.901679
"11323_7",0.554051
"9338_1",0.002344
"3299_10",0.997770
"10585_8",0.362251
"3945_7",0.920186
"813_1",0.225073
"1300_9",0.992683
"5849_7",0.910781
"5535_8",0.922801
"3612_2",0.001959
"11064_2",0.057410
"376_10",0.939164
"8504_2",0.007801
"8198_1",0.009167
"6485_1",0.012238
"9011_3",0.048002
"6766_1",0.078675
"7282_3",0.704005
"1450_10",0.137179
"10644_8",0.985932
"5424_2",0.570770
"86_3",0.416723
"1221_1",0.006533
"2309_3",0.018077
"5190_4",0.500831
"11498_1",0.278829
"11959_10",0.995981
"10465_10",0.994574
"3922_4",0.551749
"9710_9",0.859797
"2014_1",0.017163
"3791_9",0.665947
"3548_4",0.041790
"6001_3",0.012113
"11920_4",0.422906
"10152_9",0.999299
"10305_1",0.988858
"10626_1",0.237186
"3057_3",0.319840
"5387_8",0.034579
"8138_2",0.068441
"11134_1",0.092417
"8341_2",0.003657
"6687_9",0.982279
"671_3",0.802761
"1156_2",0.009999
"11841_9",0.950019
"7193_9",0.997040
"2257_10",0.979937
"5261_3",0.018199
"10475_2",0.017523
"11175_2",0.341466
"8122_9",0.996672
"6266_7",0.995735
"4340_9",0.874114
"331_4",0.249626
"854_7",0.995217
"6800_10",0.999269
"982_8",0.999502
"5916_7",0.997893
"5871_2",0.062885
"4106_9",0.990191
"8506_1",0.212769
"4610_9",0.995247
"5086_4",0.003165
"453_9",0.737790
"4611_3",0.018694
"3764_4",0.171538
"7644_4",0.006773
"4037_2",0.002003
"1595_10",0.835421
"7792_3",0.001920
"10068_3",0.392311
"7199_10",0.992213
"2050_3",0.000961
"2460_7",0.982234
"9299_1",0.002675
"6297_4",0.576211
"7797_10",0.992771
"11272_8",0.981043
"7808_9",0.985565
"5806_3",0.002659
"4573_10",0.455363
"3935_7",0.951242
"3502_1",0.026814
"5744_10",0.007890
"10548_10",0.998556
"3746_7",0.899333
"3851_10",0.998172
"2648_2",0.025606
"11397_3",0.294572
"1024_4",0.830383
"4034_2",0.001601
"7010_10",0.992918
"10429_9",0.995150
"8086_1",0.002453
"6463_4",0.035124
"3540_3",0.175888
"7608_8",0.993838
"5123_4",0.589625
"8139_4",0.075714
"2535_10",0.688050
"4187_1",0.004959
"1711_4",0.031373
"6197_4",0.468238
"4953_7",0.950174
"578_9",0.960053
"4244_10",0.991447
"3893_8",0.985839
"4903_7",0.788811
"9850_8",0.989882
"11450_3",0.001998
"4926_8",0.942023
"804_1",0.334181
"5933_7",0.839658
"4407_1",0.111497
"7951_7",0.989754
"9759_10",0.802911
"3936_8",0.990670
"6998_1",0.040693
"8967_7",0.996548
"5061_4",0.181585
"7787_3",0.010806
"8320_10",0.993626
"967_7",0.137012
"11996_7",0.464008
"4233_8",0.800949
"2494_8",0.988967
"6804_8",0.972111
"1452_3",0.225281
"10327_7",0.990042
"1510_1",0.029332
"7223_4",0.127402
"2280_10",0.928862
"4092_9",0.999249
"11305_1",0.003905
"10599_1",0.004721
"9545_4",0.740570
"6423_8",0.984886
"12314_1",0.010043
"8470_1",0.019054
"8957_8",0.808972
"1725_9",0.990347
"11127_1",0.024456
"6570_8",0.016388
"10477_1",0.043864
"5503_4",0.081925
"12251_8",0.996178
"3474_10",0.998762
"7269_1",0.001330
"997_3",0.026270
"10781_10",0.972487
"6598_10",0.977617
"9225_1",0.106417
"20_9",0.982854
"9671_9",0.737862
"8627_3",0.018968
"12404_4",0.503725
"1110_7",0.998361
"6979_1",0.007300
"9082_1",0.029529
"3626_7",0.182393
"4856_4",0.733053
"11510_9",0.977739
"7024_10",0.997754
"1501_9",0.695115
"4185_9",0.674690
"8671_9",0.989787
"2225_10",0.817894
"199_4",0.949379
"6027_9",0.976647
"359_4",0.047672
"4065_3",0.159948
"12333_7",0.072148
"1963_10",0.969737
"9106_1",0.002234
"10478_1",0.035926
"10859_9",0.956714
"357_1",0.010324
"6982_10",0.922264
"460_8",0.999025
"9266_2",0.001666
"351_10",0.997161
"9562_10",0.894090
"9784_3",0.104234
"5949_7",0.941698
"6489_1",0.216427
"1607_9",0.352380
"4482_10",0.976430
"8816_8",0.635020
"2427_1",0.833540
"4838_9",0.999485
"10961_9",0.995419
"6708_10",0.976847
"1045_9",0.996986
"3607_3",0.029796
"4325_9",0.996568
"4779_1",0.020061
"4624_9",0.992717
"4564_10",0.759061
"7132_9",0.972083
"506_2",0.031504
"5939_1",0.004445
"3219_10",0.996319
"8620_4",0.063431
"2049_1",0.004308
"3367_9",0.880222
"7408_9",0.884077
"8850_2",0.020715
"870_4",0.740078
"8056_8",0.381696
"11367_10",0.941830
"6160_10",0.980459
"6712_8",0.749540
"5267_8",0.969919
"1191_1",0.018172
"1513_3",0.123884
"4741_10",0.113668
"9807_2",0.001224
"6926_10",0.997014
"6382_10",0.998307
"6636_8",0.900545
"6592_10",0.999838
"11308_10",0.993000
"10853_3",0.065008
"1774_7",0.340253
"8259_10",0.996601
"8649_8",0.967940
"10739_2",0.049672
"9843_7",0.439925
"5984_10",0.998523
"8658_1",0.052641
"10386_1",0.004545
"3271_4",0.772696
"6167_1",0.003766
"529_1",0.015940
"5696_2",0.186518
"1601_10",0.946781
"10744_8",0.996469
"6121_9",0.858615
"2598_10",0.996785
"9209_10",0.951103
"3831_1",0.016131
"7171_9",0.807604
"1850_10",0.975970
"8728_7",0.942181
"7698_7",0.975811
"5954_10",0.977999
"7104_7",0.064451
"5617_2",0.003873
"3896_1",0.066957
"4355_1",0.010810
"4212_7",0.734104
"622_1",0.002110
"3368_8",0.813837
"2870_1",0.014300
"12107_9",0.984233
"8016_8",0.998313
"8752_4",0.642431
"10653_10",0.916861
"7245_10",0.999351
"9742_9",0.878858
"7637_4",0.118189
"11903_10",0.888502
"9818_3",0.043365
"373_2",0.246116
"110_10",0.910176
"2450_10",0.996462
"9009_3",0.010909
"9132_2",0.159597
"11076_1",0.003693
"4285_4",0.581936
"109_8",0.038986
"2585_8",0.368477
"7781_1",0.013306
"1359_10",0.418895
"9773_3",0.051120
"10328_10",0.990408
"12063_1",0.109425
"12061_1",0.064389
"555_7",0.743605
"2288_4",0.028842
"1259_10",0.791512
"12098_1",0.000818
"6493_9",0.687368
"324_3",0.010408
"7834_8",0.007756
"8918_7",0.413406
"10736_9",0.984125
"5272_3",0.528344
"4302_1",0.288487
"646_1",0.600865
"10868_9",0.985719
"9654_8",0.693836
"10790_10",0.983825
"10589_3",0.013581
"6364_10",0.970814
"8477_1",0.005734
"6938_2",0.115532
"9420_3",0.029404
"1527_10",0.999607
"5769_1",0.019904
"1655_9",0.997981
"3917_10",0.991148
"8666_4",0.129756
"11820_2",0.042371
"11633_8",0.307518
"6136_4",0.002515
"10293_1",0.005358
"1084_1",0.019464
"12287_9",0.737583
"11297_1",0.013238
"6913_1",0.001524
"11371_10",0.993042
"9937_4",0.014913
"11341_10",0.978370
"5233_9",0.958400
"4358_10",0.998670
"10735_10",0.996557
"5234_1",0.098402
"7523_1",0.025499
"5758_3",0.028949
"11916_10",0.994416
"10276_8",0.954598
"5950_4",0.178701
"10329_10",0.939569
"8419_1",0.040292
"3343_4",0.004527
"3640_3",0.016620
"10160_7",0.781785
"1181_10",0.975581
"9181_1",0.086939
"5778_7",0.529360
"3659_9",0.885249
"4695_10",0.945574
"25_10",0.997009
"6127_2",0.019753
"1343_2",0.310604
"1110_4",0.158735
"12166_10",0.958868
"1853_8",0.878650
"6651_1",0.006471
"4927_1",0.002401
"10933_3",0.182551
"6911_9",0.998865
"467_9",0.875189
"2267_4",0.042914
"9005_3",0.218779
"10493_1",0.015038
"8159_7",0.953651
"10039_1",0.029561
"5147_1",0.038286
"12176_10",0.953356
"9299_9",0.995510
"2824_10",0.941797
"7695_1",0.002837
"8870_9",0.998017
"4063_8",0.672488
"396_2",0.004663
"9016_3",0.068770
"10148_10",0.997644
"2028_8",0.823255
"3738_7",0.966542
"11365_1",0.224977
"9987_9",0.993016
"4050_10",0.993491
"8028_9",0.917182
"10161_7",0.855518
"5997_3",0.195312
"7771_1",0.423180
"765_9",0.982021
"6558_1",0.005509
"9148_9",0.976955
"10100_10",0.996241
"11870_3",0.098273
"143_4",0.014236
"5865_10",0.958266
"2364_10",0.994035
"4695_2",0.025331
"3150_10",0.984897
"4181_10",0.968584
"8121_8",0.931655
"3263_10",0.996069
"9178_8",0.998694
"11323_2",0.032733
"8922_10",0.995449
"7884_3",0.504325
"6474_1",0.017436
"9697_8",0.995198
"9184_1",0.030501
"9483_9",0.819848
"5353_10",0.994147
"5978_2",0.001259
"7162_4",0.538348
"12175_3",0.000809
"8229_8",0.888001
"8618_2",0.005672
"854_1",0.068474
"1379_10",0.886654
"10833_9",0.614807
"2244_4",0.220808
"8145_3",0.032635
"9069_3",0.722405
"691_7",0.926465
"421_1",0.051498
"951_1",0.527473
"4966_4",0.130082
"9116_10",0.891101
"7903_10",0.948710
"3684_3",0.199679
"9435_1",0.040585
"4998_1",0.006363
"9698_1",0.006383
"209_10",0.991771
"10314_9",0.995733
"6677_8",0.997606
"3044_7",0.994060
"1322_1",0.004032
"3185_1",0.007353
"6619_1",0.011226
"3765_7",0.362168
"3348_9",0.252139
"11833_4",0.469677
"2250_1",0.002245
"7760_10",0.919390
"8619_8",0.981087
"5790_9",0.716257
"9197_1",0.010496
"4350_2",0.003948
"11545_10",0.990135
"12448_10",0.996504
"7160_2",0.033226
"5966_4",0.838448
"5284_10",0.994802
"5276_8",0.057777
"7498_1",0.011882
"10729_9",0.976604
"1827_3",0.000654
"3111_1",0.006100
"8298_8",0.846306
"12447_7",0.986671
"8035_3",0.035411
"1203_7",0.971474
"7620_1",0.069454
"2375_4",0.011780
"4026_2",0.009449
"1925_1",0.003829
"3658_1",0.024345
"114_10",0.887578
"3386_2",0.015689
"377_9",0.713976
"8855_10",0.952805
"10476_10",0.932139
"9073_4",0.743851
"3255_2",0.056384
"2918_9",0.902389
"5221_7",0.936507
"7546_1",0.007608
"8080_7",0.635645
"7434_10",0.898337
"1772_1",0.006322
"2690_9",0.944229
"7133_9",0.497295
"9947_9",0.619322
"11865_1",0.043819
"6346_10",0.984289
"2945_3",0.015655
"3625_8",0.932623
"694_4",0.640611
"6795_10",0.953824
"9353_4",0.971595
"12345_10",0.967249
"5316_2",0.735414
"12204_2",0.006490
"2186_10",0.968253
"5568_1",0.081949
"11080_1",0.006800
"228_1",0.005173
"7795_1",0.002532
"4886_3",0.364450
"11547_9",0.984357
"7494_2",0.134511
"5466_2",0.053585
"3655_8",0.986833
"4790_1",0.001213
"12370_10",0.881289
"546_3",0.061568
"11818_8",0.997126
"9426_7",0.990085
"1524_3",0.895070
"6486_3",0.295027
"5288_3",0.005835
"6797_3",0.003177
"8130_4",0.683676
"4064_1",0.047825
"4832_1",0.014361
"7232_1",0.003691
"7279_3",0.106370
"8356_3",0.207280
"3556_4",0.377372
"4097_7",0.997817
"7801_1",0.041017
"8393_1",0.561225
"5847_7",0.981313
"4470_4",0.019528
"6922_3",0.010778
"1094_7",0.898815
"10740_10",0.990868
"4933_8",0.971744
"7794_10",0.999574
"7218_1",0.444499
"12470_7",0.960515
"2980_7",0.998164
"10896_4",0.052932
"8652_8",0.782466
"3638_4",0.018944
"9497_3",0.594833
"9266_8",0.997293
"7392_9",0.285413
"10_7",0.701419
"2466_7",0.971374
"1612_2",0.504358
"10262_7",0.893771
"2193_4",0.242644
"179_10",0.990243
"6025_4",0.411306
"7633_7",0.730723
"9716_1",0.000838
"9487_10",0.904256
"9800_9",0.980392
"6424_8",0.902501
"835_4",0.036019
"11351_4",0.401829
"5508_2",0.254279
"12395_1",0.319343
"11986_7",0.950101
"9947_3",0.421789
"11529_8",0.899022
"93_1",0.244068
"9914_8",0.793303
"7953_9",0.911705
"9418_2",0.013209
"9089_8",0.899313
"10337_10",0.996192
"4440_1",0.041770
"890_1",0.001492
"6965_3",0.155329
"6540_7",0.925502
"7693_10",0.997268
"6470_2",0.040736
"9262_3",0.024422
"1901_10",0.185162
"5107_10",0.996437
"6013_3",0.879155
"9295_3",0.050369
"3450_9",0.820509
"820_9",0.921233
"3207_10",0.995452
"2620_9",0.986395
"9175_1",0.072896
"3058_3",0.039199
"4648_2",0.027417
"2012_9",0.957314
"8131_1",0.020884
"4808_4",0.148666
"9182_7",0.971117
"6829_3",0.005029
"10736_3",0.108602
"12347_10",0.972555
"9973_9",0.997872
"5320_4",0.189687
"4462_2",0.416937
"2573_10",0.265694
"5580_1",0.002987
"11771_1",0.342597
"10782_2",0.803224
"7719_3",0.053027
"1897_10",0.523471
"8797_8",0.993404
"5464_10",0.992595
"6480_1",0.014201
"10346_4",0.001258
"9386_7",0.105983
"1027_4",0.022598
"11905_10",0.974346
"7804_10",0.995564
"1491_1",0.176105
"6521_1",0.005969
"11835_1",0.002636
"9661_3",0.001072
"9476_7",0.463074
"1398_8",0.759977
"7373_2",0.013347
"10278_7",0.997401
"1422_4",0.487004
"2823_1",0.010924
"2691_3",0.014721
"5825_4",0.282053
"4113_1",0.144405
"10081_10",0.800160
"6700_1",0.071504
"4482_3",0.320123
"652_8",0.981283
"5364_3",0.111425
"2853_7",0.766514
"4328_10",0.926307
"2636_7",0.507757
"10850_10",0.983859
"12059_1",0.001425
"4135_8",0.845279
"6311_2",0.035799
"12379_3",0.036297
"7288_4",0.012528
"1463_9",0.926826
"2112_7",0.996860
"3942_8",0.895207
"7693_1",0.047566
"2451_10",0.975865
"11441_10",0.935666
"11331_8",0.853218
"7233_2",0.051178
"649_2",0.234862
"6388_10",0.993216
"3861_10",0.289566
"4188_10",0.938321
"10556_10",0.996582
"5855_4",0.019219
"7153_2",0.158462
"9710_2",0.010993
"7607_10",0.996217
"4534_7",0.044414
"11074_1",0.003164
"9650_7",0.945508
"10921_4",0.028325
"6121_1",0.238652
"10458_1",0.213229
"9602_1",0.001283
"9693_3",0.452475
"9188_3",0.927227
"6333_9",0.921509
"8905_10",0.902871
"1335_7",0.898540
"11513_10",0.994433
"6925_10",0.993709
"10928_10",0.996586
"12454_1",0.007992
"6286_10",0.441532
"5163_10",0.812555
"10200_7",0.968344
"3501_10",0.997261
"6574_3",0.329474
"5169_1",0.319399
"2640_8",0.998216
"7117_10",0.997775
"3569_3",0.059275
"9810_10",0.921497
"2080_2",0.003439
"3437_2",0.239171
"7503_8",0.997713
"3753_3",0.046280
"10868_1",0.021162
"12385_10",0.704464
"11870_8",0.985210
"6694_9",0.983338
"11824_10",0.997325
"1750_4",0.536211
"572_10",0.921905
"970_4",0.329757
"12211_10",0.818443
"6972_7",0.995170
"1554_1",0.062866
"8868_7",0.516950
"501_1",0.009395
"2023_1",0.013610
"4272_3",0.005521
"2536_10",0.953813
"2819_7",0.163710
"1810_1",0.009907
"11364_3",0.117420
"6086_1",0.006945
"1901_3",0.001511
"2847_3",0.032139
"6224_1",0.123412
"4305_1",0.013157
"3685_3",0.020592
"6292_2",0.022833
"10626_8",0.950862
"10721_4",0.604138
"8086_9",0.996710
"7886_8",0.995552
"6601_2",0.501844
"3806_8",0.557181
"2611_1",0.006524
"1696_10",0.863468
"3823_10",0.781978
"6917_4",0.002230
"9469_4",0.087880
"9498_9",0.991939
"11046_1",0.001828
"6519_9",0.990475
"10676_8",0.985876
"3139_9",0.957461
"1098_9",0.996326
"2588_8",0.040944
"9924_1",0.014971
"2131_3",0.128860
"236_3",0.040507
"5390_2",0.007276
"11292_10",0.729661
"4149_8",0.594427
"610_1",0.007681
"10184_1",0.012950
"9123_3",0.873036
"3220_3",0.006876
"9124_2",0.013199
"9103_1",0.157432
"2896_10",0.985067
"8478_1",0.003871
"11845_2",0.138503
"3646_1",0.569874
"12254_7",0.986808
"857_7",0.983195
"592_3",0.058830
"1276_9",0.968572
"5096_10",0.998682
"10725_1",0.079159
"8426_4",0.708770
"10244_2",0.041246
"4786_9",0.649042
"8358_7",0.473123
"5266_7",0.944139
"3581_10",0.955090
"12349_1",0.154352
"3429_4",0.164066
"9807_9",0.799499
"6631_2",0.000903
"4981_1",0.002515
"273_1",0.010587
"733_7",0.745551
"4982_3",0.024322
"2347_10",0.996152
"6263_10",0.957691
"3699_9",0.717655
"2270_8",0.993672
"8095_10",0.992070
"3347_8",0.993186
"4161_4",0.117570
"3331_3",0.006258
"6845_3",0.004150
"9272_4",0.488113
"997_7",0.876764
"1798_10",0.981650
"4262_10",0.817680
"4868_7",0.137882
"7487_1",0.024758
"8262_10",0.957474
"12397_1",0.005730
"4786_4",0.030022
"3240_9",0.988256
"10992_10",0.998016
"8209_1",0.017676
"6089_10",0.992971
"9735_7",0.091516
"2554_4",0.018319
"8995_10",0.992675
"5732_4",0.456693
"1088_8",0.960821
"12345_4",0.548774
"9364_4",0.210735
"12348_1",0.031335
"3311_2",0.097195
"6707_4",0.111618
"7048_7",0.853953
"9736_4",0.481753
"2975_10",0.988015
"982_4",0.035177
"3227_4",0.005819
"5185_1",0.009458
"2131_8",0.988115
"6941_8",0.794035
"11936_8",0.927848
"2383_8",0.840109
"3057_9",0.996276
"8058_1",0.002738
"4622_8",0.216933
"2208_10",0.733533
"12144_8",0.993811
"2737_10",0.977576
"3550_3",0.036306
"2789_8",0.971263
"11757_9",0.999587
"10676_4",0.138105
"2855_2",0.002372
"2740_3",0.043809
"8609_7",0.908200
"2147_4",0.195090
"8093_2",0.001173
"10335_1",0.202126
"1098_4",0.024159
"6255_10",0.319224
"7276_1",0.049542
"11301_10",0.995580
"1334_3",0.024166
"8983_9",0.990211
"1694_1",0.132561
"9658_1",0.002183
"8438_8",0.978169
"536_3",0.003546
"7074_10",0.994901
"1992_2",0.030705
"5040_8",0.597062
"753_2",0.010532
"7967_4",0.254809
"3763_2",0.793422
"3953_2",0.004806
"3351_4",0.337885
"1704_8",0.982316
"6817_10",0.999073
"11914_4",0.092154
"12071_10",0.948618
"6969_4",0.024302
"11992_1",0.001891
"11532_4",0.064864
"5253_9",0.994385
"5596_9",0.998380
"6560_1",0.017058
"8082_1",0.004306
"864_2",0.042879
"5929_8",0.052682
"10217_4",0.140144
"11277_4",0.014046
"10701_10",0.336364
"1245_8",0.990134
"10024_9",0.371589
"3344_1",0.039973
"12006_10",0.975532
"1031_1",0.009394
"665_10",0.970499
"10460_1",0.010318
"7038_9",0.883326
"7843_8",0.991259
"5095_9",0.998261
"11426_3",0.013735
"265_9",0.909826
"7163_4",0.353728
"77_2",0.012977
"4709_10",0.994039
"11151_9",0.933649
"2269_1",0.511803
"820_1",0.061962
"1451_7",0.900365
"281_1",0.040579
"6598_1",0.009097
"4341_1",0.060494
"9560_3",0.004932
"4698_1",0.217692
"7408_3",0.060167
"11729_4",0.003438
"11489_3",0.021243
"9711_1",0.001120
"9994_10",0.996128
"586_8",0.990470
"8047_10",0.957128
"4531_7",0.980121
"1293_1",0.001500
"7581_3",0.011098
"5129_4",0.651187
"1748_1",0.043425
"8155_1",0.005482
"8827_7",0.342499
"6616_8",0.989823
"1040_9",0.995354
"10942_1",0.023690
"5306_1",0.005738
"8168_1",0.376648
"291_9",0.987185
"383_9",0.939669
"11908_9",0.979115
"7898_10",0.852930
"4043_2",0.002968
"3376_8",0.046368
"3067_7",0.261441
"11496_8",0.561133
"9885_2",0.574026
"3554_10",0.931445
"2986_3",0.401011
"1332_7",0.781384
"5585_8",0.937001
"5981_3",0.003399
"1556_1",0.004852
"8523_10",0.994959
"11792_1",0.004477
"7610_10",0.996973
"12114_9",0.883172
"8589_1",0.004205
"3898_8",0.976107
"5101_10",0.999297
"9607_1",0.160731
"6673_8",0.991914
"7662_1",0.006797
"2241_1",0.031714
"6674_2",0.004772
"7797_1",0.108261
"6400_2",0.016229
"628_8",0.733419
"4898_4",0.808156
"11592_2",0.334901
"1311_2",0.000952
"5494_3",0.066474
"7067_10",0.989874
"11267_10",0.999494
"6797_10",0.981375
"9987_1",0.000736
"9740_3",0.097539
"6743_1",0.001582
"5302_1",0.005225
"8464_8",0.950558
"7846_4",0.264553
"5990_1",0.001642
"10889_2",0.019005
"11406_8",0.686334
"9093_4",0.082526
"8501_1",0.007385
"8431_4",0.208675
"8076_1",0.001416
"6831_8",0.843443
"984_8",0.999514
"369_1",0.030898
"9668_10",0.997766
"2972_10",0.966956
"5611_1",0.016338
"659_1",0.001415
"6360_7",0.468681
"7628_7",0.456334
"5311_9",0.630969
"2005_10",0.706701
"5396_1",0.127174
"1308_3",0.001614
"4737_3",0.194862
"8042_1",0.016618
"11585_3",0.018016
"1182_2",0.003078
"2581_9",0.964517
"10496_1",0.015993
"3561_7",0.995313
"8272_1",0.002520
"6571_4",0.131360
"3125_7",0.853596
"9120_3",0.007109
"12220_1",0.053424
"5783_3",0.066211
"105_8",0.965541
"11885_9",0.911848
"11317_1",0.103443
"7999_7",0.960342
"5800_7",0.772824
"2811_8",0.620212
"7381_9",0.207455
"9828_7",0.741711
"7849_4",0.621780
"8174_4",0.020857
"9320_1",0.006796
"5747_7",0.852396
"11097_3",0.002759
"6472_2",0.014191
"1200_10",0.986309
"10125_4",0.166194
"5422_10",0.956174
"9889_9",0.996619
"7370_2",0.061913
"696_4",0.145298
"8609_4",0.535324
"11850_7",0.665672
"889_7",0.415321
"8695_2",0.130828
"4944_1",0.041866
"6899_8",0.992298
"3388_10",0.998404
"1051_1",0.164406
"431_2",0.015958
"2353_1",0.114881
"5131_3",0.007766
"482_9",0.867383
"1283_10",0.990052
"10884_1",0.003222
"221_9",0.736910
"8688_3",0.001895
"9891_10",0.999681
"705_10",0.998629
"5604_1",0.023459
"4960_3",0.025957
"12439_1",0.000908
"8897_1",0.008188
"3549_8",0.949292
"7301_7",0.538543
"8183_3",0.566989
"7751_10",0.886235
"9084_9",0.651637
"3048_1",0.003463
"8443_1",0.001863
"3373_3",0.017507
"3867_4",0.252497
"604_3",0.007967
"2162_1",0.012976
"4367_9",0.753035
"10255_10",0.987209
"1909_9",0.322482
"1446_3",0.000830
"1247_1",0.034069
"2703_1",0.012127
"921_1",0.006372
"156_9",0.995784
"7516_4",0.539272
"6155_4",0.441738
"8991_3",0.038921
"3813_3",0.227546
"551_4",0.014259
"12326_1",0.009584
"5102_3",0.996438
"10901_3",0.002747
"1517_1",0.007608
"8762_10",0.937041
"1282_10",0.991009
"2531_9",0.469444
"7764_8",0.995076
"2906_8",0.973755
"6730_7",0.522119
"7749_9",0.988008
"7765_3",0.724428
"12412_7",0.913706
"582_4",0.043228
"5792_1",0.435826
"2174_7",0.963630
"7605_10",0.994527
"2721_1",0.033108
"2151_10",0.984334
"8152_1",0.003899
"6488_7",0.977715
"9446_8",0.958816
"10617_8",0.989142
"12455_2",0.487093
"7377_10",0.965821
"11891_2",0.162193
"4319_4",0.008581
"1050_9",0.335911
"9109_2",0.016668
"10500_1",0.007902
"11749_7",0.877089
"12250_2",0.014541
"1193_2",0.376268
"8313_8",0.954050
"8918_4",0.006591
"7122_10",0.993162
"6210_8",0.995952
"10050_8",0.997903
"4921_10",0.999202
"1857_7",0.643151
"9718_10",0.995394
"2482_1",0.037961
"2624_1",0.003040
"3284_2",0.012305
"11435_3",0.424070
"10971_7",0.993414
"2606_4",0.040835
"7540_9",0.975275
"10929_4",0.975870
"8566_8",0.157531
"4693_1",0.018806
"1281_2",0.227892
"267_1",0.000681
"2133_10",0.995327
"6762_8",0.540102
"1043_9",0.963100
"2812_4",0.002352
"6981_4",0.005108
"4038_9",0.950326
"4256_10",0.859665
"8206_1",0.024851
"2060_2",0.482880
"7372_1",0.005795
"732_3",0.011024
"5367_7",0.866503
"9765_10",0.994949
"8843_4",0.029240
"9723_10",0.998863
"11966_8",0.781374
"5087_8",0.969314
"9379_9",0.963158
"9615_2",0.006786
"991_7",0.969966
"4461_4",0.085399
"5857_1",0.391174
"2358_3",0.118715
"5247_10",0.633904
"12430_8",0.807804
"5943_4",0.158382
"11917_10",0.991523
"4144_4",0.462897
"3128_7",0.971016
"5152_10",0.668168
"8028_1",0.104746
"788_1",0.003521
"9552_2",0.181463
"12051_4",0.061669
"701_4",0.241530
"5738_7",0.697126
"5953_1",0.001075
"3694_10",0.974935
"12371_10",0.998261
"650_10",0.988037
"3772_8",0.924293
"3919_9",0.960417
"12420_10",0.565084
"6164_1",0.001575
"12202_10",0.974670
"4142_3",0.102844
"285_4",0.038764
"9190_4",0.014594
"9297_10",0.996718
"2857_1",0.052863
"5576_10",0.982368
"7603_1",0.007022
"1987_10",0.875830
"6978_1",0.006009
"2390_3",0.028144
"662_4",0.019645
"7957_1",0.354789
"3009_2",0.490972
"9574_1",0.001710
"703_2",0.002905
"11871_4",0.015211
"8056_2",0.008230
"11468_2",0.032718
"7549_10",0.894499
"4506_1",0.344198
"160_1",0.041062
"2400_1",0.210825
"146_8",0.993840
"1174_7",0.976248
"1623_2",0.020572
"2909_1",0.041347
"9284_3",0.200521
"753_7",0.137528
"456_1",0.023727
"329_1",0.132836
"1996_10",0.679623
"7468_10",0.986730
"11219_3",0.288893
"5749_8",0.444129
"1563_2",0.157042
"9713_8",0.093430
"12467_2",0.025907
"5686_2",0.122388
"6424_2",0.063784
"11137_10",0.997705
"5613_7",0.999353
"2113_2",0.052190
"8623_8",0.939868
"2086_10",0.998715
"6846_8",0.969294
"3230_2",0.013549
"4973_4",0.094853
"2935_2",0.005429
"12176_1",0.003926
"6272_9",0.764091
"728_10",0.913056
"9843_2",0.008147
"4897_2",0.028165
"12121_3",0.078814
"11934_4",0.081357
"1453_2",0.115250
"9676_9",0.982393
"3072_10",0.975943
"6667_2",0.704248
"8932_9",0.998968
"9452_10",0.530493
"953_2",0.319714
"3268_3",0.145778
"6276_1",0.015807
"2522_3",0.021571
"2630_10",0.979474
"2031_10",0.978774
"3754_10",0.680417
"10791_1",0.028859
"7755_3",0.287450
"11180_10",0.990712
"8020_9",0.236703
"3767_4",0.354655
"3519_10",0.998778
"8180_9",0.834573
"11639_4",0.114549
"7540_2",0.001281
"4746_1",0.027480
"4027_1",0.007856
"952_1",0.396659
"4070_1",0.059891
"8346_1",0.903784
"1499_9",0.926269
"1601_4",0.039938
"1698_1",0.083232
"3055_3",0.018802
"7744_1",0.134175
"3183_8",0.997988
"9482_1",0.005134
"3712_4",0.037621
"9260_4",0.788964
"10042_1",0.002816
"3873_3",0.216852
"11273_10",0.266691
"2918_1",0.417433
"1292_3",0.007772
"1837_2",0.022174
"4650_4",0.039350
"8686_4",0.195262
"11307_8",0.719678
"10044_2",0.001463
"12035_1",0.132854
"2259_9",0.990222
"6582_1",0.699092
"10194_1",0.001822
"7932_10",0.686622
"8064_8",0.888574
"5017_4",0.909614
"6456_9",0.992154
"10768_8",0.976886
"9479_10",0.972556
"9734_4",0.216837
"2245_1",0.203002
"7275_3",0.484973
"1193_10",0.991642
"3883_4",0.014581
"5456_3",0.069759
"10014_2",0.054005
"8045_9",0.990599
"9093_7",0.813564
"9971_1",0.033603
"1052_3",0.049610
"10952_1",0.033915
"3449_7",0.143467
"2488_1",0.639124
"8422_3",0.153352
"1541_10",0.996654
"11863_1",0.008539
"10102_2",0.175322
"3838_9",0.966407
"8538_3",0.055376
"12432_1",0.007145
"6339_10",0.991993
"1860_10",0.992107
"11402_1",0.026936
"10770_2",0.131571
"8046_8",0.956250
"2748_3",0.765575
"361_9",0.944736
"8427_10",0.925887
"11792_10",0.983505
"10331_9",0.923844
"3506_1",0.001218
"7374_7",0.999403
"5658_9",0.925205
"7170_2",0.100149
"6144_1",0.028401
"5035_7",0.974304
"4566_3",0.076129
"9544_1",0.018866
"1959_9",0.655822
"2390_9",0.993419
"4960_9",0.996585
"3425_2",0.008373
"4000_10",0.992453
"12418_3",0.048719
"9771_10",0.980648
"621_7",0.645240
"3510_1",0.032668
"6893_7",0.288144
"3680_9",0.997815
"3118_9",0.972775
"5433_7",0.915662
"8381_9",0.974642
"10205_10",0.990578
"1437_1",0.015848
"5675_2",0.021562
"1597_7",0.571391
"1549_1",0.011554
"11391_10",0.961326
"12101_8",0.977937
"9356_8",0.996193
"10128_1",0.012864
"11249_4",0.016043
"12441_2",0.005023
"7486_2",0.168019
"4905_9",0.954766
"5441_1",0.201114
"2613_10",0.976192
"10351_3",0.065171
"10459_10",0.992748
"2565_8",0.958086
"1338_1",0.001948
"823_7",0.950635
"8924_7",0.951043
"1382_10",0.197504
"4150_7",0.960257
"6004_8",0.496645
"2508_10",0.987404
"10935_8",0.900909
"692_7",0.896965
"7778_10",0.997689
"2016_10",0.997307
"1042_3",0.021337
"7823_1",0.020970
"149_1",0.056999
"5551_3",0.477278
"366_8",0.999832
"3483_10",0.994561
"278_1",0.034887
"9951_4",0.023447
"2731_10",0.996874
"4403_10",0.997101
"5307_1",0.063386
"8185_9",0.979953
"11059_8",0.976059
"10273_10",0.999415
"5336_4",0.014062
"5147_7",0.718529
"1525_1",0.006236
"8507_7",0.564663
"8501_10",0.996410
"2424_2",0.339922
"8959_9",0.986137
"11318_8",0.446899
"1270_8",0.964699
"1655_1",0.002120
"10161_1",0.001603
"8531_10",0.028320
"9144_4",0.202551
"1201_2",0.012572
"11822_10",0.994397
"11486_3",0.012628
"8038_10",0.997239
"1981_2",0.013887
"11901_10",0.978582
"5441_9",0.966503
"11709_9",0.991201
"9333_8",0.998407
"7881_3",0.136570
"2815_9",0.880041
"3251_3",0.005151
"1792_3",0.002202
"8625_2",0.075052
"4221_3",0.623589
"2742_10",0.991105
"11118_4",0.377889
"11613_3",0.005580
"6104_1",0.018323
"3046_1",0.014236
"8729_4",0.011706
"1827_10",0.974606
"762_7",0.128013
"8855_2",0.163662
"7573_3",0.032799
"8616_4",0.035095
"4830_7",0.775848
"6646_1",0.180473
"8746_4",0.077903
"1875_7",0.858084
"1221_10",0.993038
"11842_2",0.004850
"3002_1",0.005802
"5776_1",0.033105
"5479_10",0.999364
"6034_4",0.022274
"10984_1",0.056080
"12043_2",0.002802
"4961_8",0.991136
"9601_10",0.234668
"2216_4",0.023979
"1189_10",0.998622
"8461_4",0.064779
"2575_10",0.995154
"3782_1",0.001863
"8927_8",0.995867
"7006_4",0.019134
"6103_7",0.939177
"3218_10",0.999698
"797_10",0.932920
"76_4",0.275725
"9497_7",0.976519
"9637_1",0.043503
"1070_10",0.982434
"9732_10",0.072396
"8144_3",0.050370
"6247_10",0.096019
"10230_7",0.983859
"10731_3",0.025733
"740_8",0.561154
"2145_8",0.783494
"834_8",0.980054
"6621_10",0.975578
"1749_4",0.476607
"5730_10",0.976492
"11167_4",0.093914
"1106_9",0.978207
"8152_10",0.670674
"11968_8",0.331717
"7728_9",0.971861
"237_1",0.018226
"10754_1",0.006208
"1055_10",0.995082
"65_7",0.981294
"4092_3",0.055616
"3337_7",0.982293
"3163_8",0.328543
"7645_1",0.003952
"10883_1",0.016578
"4597_7",0.377516
"11850_1",0.018493
"1025_10",0.997568
"11908_2",0.698772
"7838_4",0.372544
"7725_7",0.957533
"8146_9",0.996816
"3741_8",0.986608
"323_2",0.001956
"8244_3",0.007785
"4593_1",0.007870
"6902_1",0.045097
"1791_1",0.039057
"11490_10",0.728976
"4200_1",0.134913
"1611_2",0.408419
"3215_10",0.989087
"5864_10",0.005309
"3776_1",0.170114
"6356_9",0.996219
"9139_10",0.994233
"5115_10",0.989560
"3064_10",0.996204
"149_9",0.993407
"2873_3",0.028670
"3790_1",0.003883
"3136_9",0.901455
"1696_3",0.530874
"4961_2",0.361005
"11918_10",0.998961
"3663_10",0.997697
"8115_3",0.133891
"3690_8",0.741505
"11431_1",0.008656
"3830_10",0.984912
"11896_10",0.800670
"8753_10",0.989426
"10121_1",0.357228
"1142_7",0.838431
"7188_7",0.973356
"7044_1",0.015396
"11750_4",0.007336
"7688_10",0.999006
"12292_10",0.971108
"5533_1",0.681652
"4147_4",0.014080
"8515_2",0.023360
"10756_3",0.046046
"11899_10",0.996065
"11867_2",0.085809
"7814_8",0.995525
"1855_10",0.998991
"10357_2",0.002024
"5218_1",0.173248
"6641_9",0.839429
"5777_10",0.972765
"11982_1",0.079125
"10980_10",0.990126
"8585_8",0.932048
"941_2",0.001619
"1697_7",0.970709
"9872_8",0.996440
"2377_4",0.043944
"2033_8",0.964906
"5864_1",0.268244
"4295_7",0.991985
"2610_1",0.006196
"1730_10",0.841599
"11095_8",0.904969
"1699_8",0.763395
"344_9",0.726125
"7136_3",0.006117
"2402_10",0.887351
"472_10",0.629665
"170_7",0.229820
"7019_1",0.149605
"11798_10",0.999033
"7549_2",0.016803
"8414_10",0.828690
"573_3",0.054120
"6678_1",0.120058
"10002_3",0.020043
"3905_3",0.106204
"1849_4",0.030033
"7959_2",0.096812
"597_4",0.146588
"2719_8",0.951623
"10519_1",0.009299
"6112_1",0.002593
"1322_9",0.932992
"12415_8",0.999234
"6727_1",0.067755
"12393_1",0.066140
"8545_9",0.951330
"528_7",0.999247
"12267_8",0.989035
"5842_10",0.993374
"8471_2",0.220050
"3912_9",0.987537
"4831_8",0.995721
"5767_3",0.013113
"10631_9",0.987116
"8069_8",0.965405
"190_9",0.996756
"12343_7",0.939533
"645_1",0.001210
"10326_1",0.068733
"11271_9",0.945242
"11808_8",0.903481
"3200_2",0.002995
"4518_2",0.001305
"8307_2",0.253773
"2057_10",0.979738
"3705_1",0.004094
"11581_7",0.819332
"11777_9",0.927230
"1367_3",0.435582
"12248_9",0.994773
"2994_8",0.961473
"5170_1",0.024485
"8781_7",0.593278
"9137_1",0.005022
"9970_4",0.479585
"3412_7",0.853391
"9399_1",0.003309
"7917_8",0.232429
"1157_1",0.119861
"12489_10",0.978092
"5365_8",0.960575
"9295_10",0.178572
"11505_1",0.000701
"8647_4",0.770952
"6609_2",0.077192
"6859_1",0.421158
"2436_10",0.771013
"4255_4",0.752834
"12347_1",0.296001
"4237_4",0.001987
"11687_10",0.943350
"2964_7",0.090319
"2836_4",0.033278
"1944_4",0.442192
"3218_1",0.054329
"2752_10",0.994335
"9994_3",0.029892
"11566_8",0.991152
"5741_10",0.997246
"7127_10",0.997694
"11864_2",0.003718
"5159_9",0.995232
"658_3",0.794405
"10177_3",0.011637
"4843_1",0.004949
"1441_1",0.136283
"2741_2",0.000492
"6045_3",0.018354
"7020_8",0.997587
"2120_1",0.004972
"2336_1",0.005082
"10167_9",0.934882
"10251_3",0.042999
"9335_4",0.037193
"6670_3",0.068693
"9937_7",0.061180
"3258_7",0.942796
"3234_7",0.960109
"3601_1",0.001723
"5635_9",0.959400
"11427_7",0.833036
"3349_4",0.027684
"1334_10",0.867030
"10474_10",0.995102
"2361_10",0.996487
"1471_2",0.027344
"10705_10",0.998639
"10559_7",0.893297
"3070_10",0.996497
"10087_1",0.004261
"1952_7",0.248725
"682_9",0.902111
"6576_10",0.974134
"956_3",0.017435
"3960_1",0.008034
"62_2",0.003702
"3200_8",0.992422
"2127_1",0.028396
"6878_9",0.994894
"1600_10",0.951233
"11995_7",0.900900
"5239_2",0.066496
"6018_7",0.996531
"9185_1",0.028109
"4707_7",0.987706
"12407_10",0.992328
"5831_10",0.999222
"2264_7",0.476939
"7226_8",0.998646
"6337_7",0.689011
"5047_3",0.817836
"228_10",0.930722
"4230_1",0.030143
"4058_8",0.999690
"5634_4",0.001826
"11680_1",0.007475
"1320_9",0.990501
"12461_8",0.922349
"10076_10",0.998340
"9170_8",0.996795
"4519_10",0.999297
"5906_2",0.408443
"2065_8",0.745697
"8453_10",0.997300
"262_1",0.082707
"454_10",0.967763
"11532_8",0.998498
"8169_2",0.686817
"6873_8",0.629051
"10061_4",0.011964
"11565_4",0.052431
"258_1",0.012850
"5896_1",0.002833
"4395_1",0.005872
"3774_1",0.004487
"12340_8",0.976440
"7497_8",0.992471
"4321_2",0.265176
"6258_2",0.001847
"3950_1",0.004214
"9998_8",0.999492
"3524_8",0.993636
"2003_10",0.922738
"10366_3",0.209652
"2602_10",0.886818
"8684_8",0.909529
"12268_9",0.999379
"4846_8",0.956763
"5969_1",0.250283
"173_4",0.029576
"2790_10",0.994066
"2637_1",0.017956
"10239_1",0.457364
"5120_9",0.910514
"3802_10",0.543740
"6897_7",0.063309
"8478_9",0.983222
"2441_4",0.637857
"4827_1",0.019651
"4326_1",0.004770
"252_3",0.048434
"7201_8",0.957107
"801_2",0.209335
"10008_4",0.074431
"6740_10",0.993246
"674_3",0.421127
"6341_9",0.998347
"1882_7",0.954694
"10843_10",0.993369
"1593_4",0.385161
"3592_1",0.881251
"4658_4",0.232879
"2564_2",0.078710
"7229_9",0.934683
"4186_1",0.128236
"10227_3",0.004000
"4580_3",0.079465
"10367_3",0.234920
"10034_9",0.777334
"6834_10",0.999151
"11326_9",0.943760
"4683_1",0.018067
"5596_1",0.003077
"4238_3",0.013800
"11881_10",0.629084
"11910_2",0.037716
"934_1",0.002190
"3660_8",0.995398
"365_1",0.021209
"3677_9",0.995521
"6522_10",0.371571
"3167_10",0.944206
"6104_10",0.882803
"2584_2",0.385115
"4264_8",0.791862
"5648_9",0.898382
"1863_9",0.997272
"7464_10",0.997145
"7643_8",0.992189
"7030_10",0.999082
"2768_2",0.001617
"3845_1",0.004261
"11590_10",0.984734
"8578_3",0.027990
"8733_9",0.993164
"4099_1",0.055508
"5810_1",0.015243
"442_3",0.130421
"1374_9",0.892791
"7704_10",0.475213
"4526_1",0.001335
"2978_8",0.989464
"3096_1",0.060084
"1589_9",0.997936
"11197_7",0.989630
"6751_8",0.998995
"10043_10",0.998500
"4045_2",0.001789
"7706_8",0.689657
"1876_10",0.857273
"4224_9",0.994765
"10833_1",0.054551
"11549_10",0.548746
"7081_8",0.998530
"6410_8",0.993191
"10609_9",0.937597
"9910_1",0.012505
"4474_7",0.740955
"9775_9",0.815855
"9245_10",0.993737
"11514_8",0.981940
"3182_4",0.503263
"3127_3",0.004454
"7311_1",0.037534
"4266_10",0.961254
"12410_10",0.904277
"7548_1",0.015047
"10446_2",0.415617
"4854_2",0.061958
"1152_8",0.907422
"11660_4",0.044294
"3452_2",0.025722
"2401_7",0.656390
"11703_7",0.988026
"4053_2",0.010880
"4882_9",0.992779
"8050_7",0.842273
"9053_4",0.327838
"12313_10",0.998706
"12085_1",0.075224
"2130_2",0.007602
"8499_10",0.900347
"9230_3",0.107820
"2697_10",0.999130
"7682_3",0.129339
"1473_7",0.052071
"3124_4",0.004527
"10694_10",0.997499
"11541_9",0.290086
"7033_10",0.988291
"305_10",0.829047
"12164_8",0.904929
"7594_2",0.242766
"2101_3",0.066199
"9579_2",0.015191
"1482_4",0.702709
"4362_1",0.010575
"1263_9",0.991168
"2543_9",0.998598
"8642_1",0.020514
"229_1",0.058743
"12045_10",0.996762
"810_9",0.998516
"5188_7",0.636422
"2690_1",0.012668
"922_3",0.038966
"10957_10",0.972328
"9275_3",0.404822
"7289_10",0.999209
"1809_2",0.001450
"11846_1",0.408223
"5888_10",0.997305
"1506_7",0.870804
"6255_1",0.010997
"4995_7",0.931309
"2423_1",0.028324
"4030_8",0.985032
"4839_7",0.969451
"364_1",0.007249
"3510_9",0.988945
"2092_10",0.992010
"600_1",0.005892
"5490_9",0.998132
"9442_8",0.271060
"5330_8",0.393998
"10858_10",0.887957
"2746_8",0.997269
"848_9",0.997300
"6713_1",0.799515
"8274_10",0.998407
"2507_1",0.609759
"4558_1",0.004482
"957_2",0.011767
"11667_8",0.984904
"2374_2",0.007600
"8156_1",0.239500
"1080_8",0.923549
"11274_8",0.351522
"12467_10",0.994623
"5941_1",0.964899
"6205_1",0.014577
"4517_9",0.996602
"102_4",0.344612
"6022_8",0.968894
"10054_3",0.566290
"3907_3",0.002927
"5232_8",0.795640
"10064_2",0.451789
"6529_1",0.005958
"11003_1",0.000640
"9151_7",0.946255
"6612_8",0.994553
"12189_10",0.995985
"6510_2",0.104450
"3129_7",0.665748
"7864_2",0.006121
"11603_3",0.013802
"10741_9",0.998101
"2235_7",0.791666
"2125_2",0.029762
"2050_10",0.997986
"8397_1",0.027884
"5275_1",0.529252
"7755_10",0.995515
"12065_4",0.122096
"269_8",0.867491
"1933_2",0.500507
"9182_3",0.473855
"3153_10",0.906212
"3922_7",0.983992
"2674_3",0.016315
"7407_4",0.009982
"737_7",0.994934
"5223_1",0.014500
"10937_1",0.039781
"9026_4",0.128812
"1564_8",0.998438
"1724_10",0.997667
"1224_3",0.540683
"8536_4",0.004541
"11215_8",0.546547
"3063_10",0.988303
"9559_9",0.932155
"5165_2",0.073665
"9396_1",0.004164
"6404_1",0.000545
"6019_1",0.420283
"7249_8",0.973765
"1765_1",0.028588
"7685_4",0.829700
"8196_10",0.996468
"11749_1",0.197007
"1257_10",0.452552
"3488_8",0.996296
"8605_8",0.898143
"6697_4",0.257160
"11540_1",0.000541
"6262_4",0.012575
"1998_8",0.077629
"3019_1",0.037229
"1087_2",0.005982
"8356_8",0.984616
"10036_10",0.965840
"10547_10",0.998514
"2562_1",0.032487
"5096_3",0.057751
"12128_1",0.121868
"2574_10",0.864023
"10144_8",0.997327
"3678_1",0.002458
"2579_2",0.030411
"6695_7",0.745871
"1465_7",0.990514
"11846_9",0.260944
"1219_9",0.999180
"4936_9",0.997862
"12382_4",0.959216
"8807_1",0.023069
"7700_1",0.612156
"4209_8",0.998307
"10178_10",0.943172
"9835_8",0.996720
"161_3",0.090595
"670_3",0.422839
"7158_10",0.902179
"9502_4",0.003911
"9880_1",0.472374
"39_3",0.664420
"11161_9",0.934950
"12026_9",0.999505
"4439_3",0.142114
"8303_10",0.944542
"408_7",0.976483
"1065_9",0.917967
"5188_2",0.003094
"929_10",0.937472
"4765_7",0.989777
"2117_4",0.445244
"6653_4",0.040540
"2342_1",0.003228
"8445_1",0.001176
"1708_1",0.006245
"7995_10",0.950804
"1104_4",0.033587
"3847_1",0.014575
"7276_10",0.993436
"11269_7",0.273442
"3158_1",0.534310
"11061_1",0.004353
"851_7",0.765037
"8214_2",0.008935
"9174_1",0.044646
"7040_3",0.051798
"4082_4",0.184647
"3553_8",0.364665
"6733_10",0.932680
"4910_3",0.276679
"10149_1",0.010179
"5609_4",0.033735
"4174_3",0.018096
"9213_1",0.133854
"2881_9",0.479765
"1408_3",0.729504
"10832_1",0.034959
"7216_3",0.478292
"9905_10",0.997847
"9050_3",0.018779
"3789_4",0.062148
"6490_8",0.996809
"7649_7",0.951166
"6901_8",0.985486
"11597_9",0.993818
"3259_1",0.012267
"5936_3",0.101497
"1214_2",0.322775
"2840_1",0.006983
"1956_10",0.998164
"2392_2",0.060207
"239_9",0.970487
"6860_8",0.462489
"1716_9",0.958215
"9595_10",0.285704
"1630_1",0.106113
"11293_3",0.186029
"8288_10",0.969786
"6618_7",0.908922
"12378_1",0.007082
"11560_1",0.006288
"12124_8",0.999263
"486_10",0.682749
"6654_3",0.119015
"6915_10",0.597822
"8773_1",0.186472
"10211_4",0.432681
"5769_9",0.966704
"10038_4",0.005327
"3737_9",0.995734
"11512_1",0.013950
"8025_7",0.964403
"397_7",0.635427
"10670_9",0.961483
"11648_4",0.216651
"10361_1",0.003173
"12439_8",0.981820
"9958_8",0.979988
"8659_1",0.001367
"12400_1",0.023055
"10680_7",0.747699
"2435_10",0.994136
"5506_4",0.009901
"9025_3",0.064036
"5749_4",0.009517
"5090_1",0.002659
"2688_9",0.930018
"8397_10",0.792886
"8610_8",0.353142
"9398_10",0.996037
"5144_10",0.977348
"10797_10",0.779628
"9623_2",0.259563
"3269_8",0.972097
"5480_7",0.650690
"43_1",0.032864
"4156_1",0.004132
"1629_1",0.066689
"6536_10",0.977264
"8384_1",0.026826
"2820_10",0.998894
"7976_3",0.209719
"3745_10",0.479456
"11258_8",0.894551
"7908_7",0.997322
"9166_7",0.993702
"8976_8",0.981799
"3692_1",0.002375
"4937_4",0.043739
"11935_9",0.987349
"7722_7",0.946702
"8757_4",0.003579
"1218_10",0.988779
"3620_8",0.009998
"9017_4",0.020324
"8300_3",0.011139
"11325_4",0.030114
"1093_8",0.994848
"166_4",0.195725
"6088_10",0.998353
"2149_10",0.999325
"4884_9",0.987789
"9786_1",0.002362
"4258_3",0.115585
"9890_1",0.016102
"8911_1",0.091379
"11618_3",0.002662
"4510_1",0.035360
"3173_4",0.272589
"10418_1",0.001280
"8954_1",0.003293
"723_2",0.054146
"1164_1",0.000541
"11404_4",0.007464
"5737_3",0.016467
"10073_3",0.058725
"1900_8",0.670165
"9532_10",0.975948
"839_4",0.387770
"4562_1",0.290679
"3963_3",0.007610
"5220_10",0.161089
"663_9",0.974488
"10156_8",0.995247
"3759_7",0.583111
"5153_4",0.078867
"7580_3",0.496186
"12403_10",0.962558
"4893_8",0.992515
"892_8",0.459362
"79_2",0.029977
"10716_8",0.998724
"11452_7",0.978997
"1214_7",0.523163
"8901_10",0.988012
"12221_10",0.972832
"2055_9",0.941960
"5911_3",0.058802
"10866_3",0.008372
"10063_1",0.002478
"10563_9",0.800278
"11931_8",0.988852
"1180_1",0.002429
"8194_1",0.044648
"7837_4",0.788636
"1876_1",0.018483
"9203_1",0.009041
"10091_1",0.018880
"2434_9",0.988420
"7908_1",0.025338
"8591_4",0.981769
"4222_7",0.373448
"11430_4",0.809649
"757_1",0.002191
"6442_8",0.308658
"10056_8",0.910076
"3179_2",0.025041
"3130_3",0.288310
"11921_7",0.997639
"4139_9",0.992064
"195_10",0.998192
"6286_1",0.262271
"5701_2",0.049609
"7470_8",0.873794
"9205_9",0.280295
"10683_8",0.755934
"672_4",0.667793
"604_10",0.999058
"7757_10",0.994909
"5228_4",0.701376
"3998_10",0.665969
"7444_4",0.271422
"9684_10",0.996613
"8455_7",0.936896
"3989_8",0.994474
"1115_3",0.045689
"6469_4",0.121051
"4524_8",0.864609
"3103_7",0.811716
"3108_8",0.892711
"2219_10",0.985716
"10269_8",0.894687
"838_4",0.167816
"5367_1",0.001953
"9110_10",0.996337
"5736_1",0.017144
"5100_4",0.043228
"3399_4",0.152651
"7575_9",0.966905
"7954_9",0.987148
"870_7",0.995027
"3811_9",0.919045
"8011_9",0.989188
"8172_10",0.993357
"3209_4",0.037773
"7380_10",0.163749
"10210_3",0.032030
"8162_9",0.989283
"10784_9",0.760222
"482_1",0.066327
"1452_9",0.973021
"2686_4",0.600398
"543_8",0.957327
"495_2",0.164204
"2887_9",0.823554
"11780_1",0.012251
"9742_2",0.007093
"1762_1",0.001412
"5264_9",0.996056
"7958_4",0.607118
"6010_10",0.998977
"1284_9",0.894349
"10420_3",0.003952
"7736_7",0.920172
"1178_10",0.981974
"529_10",0.999421
"4063_4",0.040363
"10480_8",0.747614
"2412_2",0.063199
"5206_3",0.525866
"11963_9",0.979639
"663_1",0.070330
"352_4",0.045783
"7504_3",0.102804
"8678_1",0.019207
"2330_2",0.746995
"12282_1",0.001074
"6485_10",0.050962
"9306_1",0.000388
"7468_4",0.006306
"12207_1",0.012777
"6701_7",0.170059
"9861_7",0.350468
"6318_7",0.966001
"11612_1",0.004359
"4800_10",0.132946
"5360_3",0.151022
"4977_4",0.323695
"1678_9",0.961322
"5017_8",0.993663
"3087_9",0.865319
"1915_8",0.651096
"574_10",0.904058
"6062_8",0.996708
"2860_4",0.855426
"1800_4",0.081614
"1928_9",0.996026
"9890_10",0.966440
"12159_8",0.962790
"649_7",0.947899
"8708_1",0.065227
"8181_10",0.993098
"3495_1",0.007690
"11612_10",0.982087
"6919_10",0.642079
"12217_9",0.971388
"9276_4",0.134228
"3520_9",0.991426
"6492_4",0.149896
"3900_2",0.329437
"12298_9",0.976953
"12394_1",0.004634
"4873_8",0.053453
"4797_1",0.388810
"3197_9",0.996203
"2474_10",0.929978
"4042_10",0.996700
"10641_1",0.001818
"10882_2",0.026422
"4803_4",0.183785
"7459_10",0.987587
"1828_1",0.000879
"1718_10",0.988328
"9603_1",0.035542
"940_7",0.931617
"3074_4",0.086708
"8802_10",0.999356
"7180_4",0.006362
"5250_1",0.067967
"2734_7",0.985616
"2354_8",0.793154
"6805_1",0.041954
"11156_4",0.022135
"2734_3",0.065855
"12216_1",0.162956
"660_8",0.990833
"8978_10",0.976712
"6272_1",0.432641
"8294_4",0.001275
"11956_8",0.716853
"3265_1",0.006955
"705_2",0.823876
"9058_9",0.997354
"3582_3",0.229495
"6985_1",0.014856
"5611_9",0.994821
"9491_3",0.971238
"9945_3",0.003118
"1840_10",0.997727
"12280_3",0.018380
"1932_10",0.999173
"8682_10",0.992751
"5418_9",0.994269
"3354_9",0.970740
"8078_3",0.048008
"7747_1",0.009956
"2669_7",0.369651
"9180_7",0.982034
"1320_1",0.015195
"7742_8",0.955764
"6232_9",0.656243
"3459_9",0.990610
"1008_2",0.208025
"7987_8",0.957166
"5078_7",0.752355
"10660_10",0.863002
"10325_2",0.136403
"4951_3",0.089279
"10502_7",0.458537
"7548_9",0.593170
"2870_10",0.469346
"8136_4",0.992457
"9870_8",0.535599
"7588_4",0.028701
"7845_2",0.009556
"10334_7",0.906690
"4860_1",0.331844
"4855_9",0.996764
"1337_10",0.912895
"6403_3",0.356372
"9447_10",0.998376
"4724_3",0.201287
"10895_10",0.976465
"2171_4",0.641587
"5361_9",0.991258
"11056_2",0.001658
"9772_10",0.975255
"5719_8",0.987281
"3050_7",0.315616
"4406_1",0.014222
"9833_4",0.137904
"1217_2",0.002320
"2632_1",0.007681
"3250_1",0.627616
"5130_9",0.953795
"3526_7",0.656569
"2793_3",0.010901
"10708_3",0.016209
"6415_8",0.983505
"11258_2",0.042114
"11451_1",0.224407
"7724_2",0.024131
"4276_4",0.001743
"6058_1",0.160772
"4086_1",0.439978
"3670_8",0.961936
"7125_8",0.953288
"9377_8",0.751854
"763_2",0.108450
"7882_8",0.886782
"757_9",0.767410
"389_1",0.622294
"9102_10",0.997753
"9384_7",0.132793
"5684_8",0.988177
"12090_4",0.051402
"12002_4",0.147052
"5443_7",0.839209
"8782_9",0.867814
"9878_9",0.998898
"9640_1",0.024528
"999_3",0.481953
"6249_3",0.030939
"1656_7",0.998275
"6649_10",0.895121
"4630_1",0.012064
"11300_8",0.844470
"5894_10",0.957527
"3198_1",0.179134
"7924_2",0.171569
"6318_1",0.101670
"8075_2",0.221045
"10005_2",0.171974
"6431_8",0.996842
"635_2",0.229568
"1803_3",0.258122
"5721_4",0.007270
"1116_7",0.999596
"1456_4",0.831452
"51_10",0.999617
"7155_9",0.997507
"929_2",0.034254
"12269_1",0.009145
"10597_1",0.019597
"9005_7",0.614027
"10467_9",0.963079
"2251_9",0.994589
"1977_9",0.989867
"8539_8",0.777983
"2416_1",0.005288
"8508_9",0.993020
"10401_1",0.039864
"12217_2",0.077195
"5484_1",0.217555
"3833_10",0.996506
"465_4",0.016881
"7591_7",0.811324
"11485_9",0.845019
"3728_1",0.002415
"5538_8",0.981070
"10751_4",0.028733
"8883_8",0.945824
"6581_1",0.009976
"5476_1",0.020799
"4338_9",0.991871
"10343_1",0.177949
"2914_10",0.984885
"6103_1",0.971846
"7691_1",0.012718
"3444_3",0.080272
"2397_8",0.995591
"8255_8",0.951974
"1660_1",0.024109
"10154_2",0.995611
"2138_3",0.086489
"9614_3",0.001715
"2682_10",0.986106
"1813_3",0.010803
"10581_3",0.079196
"3733_4",0.004177
"5210_4",0.094373
"11961_8",0.985433
"7928_4",0.020420
"12156_4",0.052691
"11025_4",0.035583
"11233_10",0.997045
"473_1",0.003756
"6648_2",0.002839
"2451_1",0.020720
"7679_2",0.016664
"2954_9",0.959700
"9652_10",0.977218
"724_3",0.082222
"7592_4",0.002448
"7669_9",0.991579
"3816_1",0.002417
"1401_4",0.283419
"8551_2",0.182301
"7901_8",0.992799
"10552_4",0.136598
"330_10",0.990550
"232_4",0.014938
"12351_8",0.959837
"12451_10",0.989301
"5884_9",0.992623
"603_4",0.015909
"3415_7",0.541139
"8727_1",0.029858
"10099_4",0.081906
"7989_10",0.995760
"2329_2",0.157651
"5774_1",0.002061
"8201_3",0.503114
"3491_1",0.049915
"12210_10",0.731133
"7604_8",0.945809
"1676_10",0.999552
"6477_9",0.928257
"2521_10",0.999614
"9140_2",0.068702
"2463_4",0.023637
"587_8",0.873751
"7120_10",0.763967
"7734_10",0.996484
"7322_10",0.873273
"3803_2",0.008768
"2417_4",0.010636
"7757_4",0.004745
"478_9",0.950266
"12269_9",0.998130
"10472_3",0.006166
"2858_9",0.990416
"414_9",0.066442
"2552_4",0.086468
"11615_8",0.945879
"201_2",0.001978
"5624_3",0.042542
"5080_8",0.897236
"4507_10",0.624562
"1527_3",0.236169
"6282_1",0.062779
"3911_1",0.004906
"4616_9",0.994903
"9562_4",0.971484
"9975_8",0.846249
"7584_10",0.872858
"1121_1",0.005152
"382_10",0.592526
"11309_1",0.040085
"5424_10",0.988199
"8697_8",0.987418
"12420_2",0.077794
"5052_10",0.995730
"1037_1",0.002567
"346_7",0.581912
"2285_8",0.991076
"10867_1",0.002895
"4335_9",0.878500
"9088_7",0.987542
"11037_8",0.908909
"1993_4",0.124900
"11469_3",0.004961
"1834_2",0.001586
"10723_4",0.093094
"5377_3",0.111439
"1812_1",0.007112
"2760_8",0.999051
"12062_10",0.875239
"1847_1",0.000427
"1280_3",0.722448
"2106_8",0.971983
"5414_1",0.108405
"4930_10",0.998763
"5024_9",0.994132
"5295_9",0.976117
"5427_10",0.955459
"10526_2",0.035440
"5517_2",0.054436
"3971_8",0.420534
"12260_7",0.280932
"3676_10",0.985803
"4132_7",0.985466
"6721_8",0.548275
"2381_7",0.654978
"818_1",0.005517
"6503_7",0.400862
"12068_7",0.975384
"8847_1",0.009773
"10698_8",0.994625
"2347_3",0.003201
"9337_10",0.934804
"9070_4",0.863665
"7962_10",0.997753
"12183_4",0.005382
"12410_3",0.058896
"7988_9",0.721009
"8980_8",0.864104
"8568_4",0.019754
"8374_7",0.804293
"3561_4",0.891571
"692_4",0.820876
"4259_1",0.005353
"1627_1",0.034172
"7064_9",0.996523
"5410_7",0.432800
"10003_3",0.415263
"12068_3",0.010005
"8048_7",0.192105
"2590_1",0.015293
"3464_2",0.837204
"8423_10",0.119069
"5036_4",0.125914
"10030_3",0.338839
"5500_9",0.999479
"10129_10",0.923913
"1549_10",0.975512
"6463_10",0.999495
"1026_2",0.375610
"6681_10",0.973488
"11004_1",0.007549
"6191_10",0.515595
"9253_4",0.883887
"3193_10",0.993647
"7563_1",0.001853
"3104_7",0.634712
"6369_9",0.771952
"606_1",0.016916
"6069_10",0.969837
"6966_7",0.848382
"8945_4",0.098097
"4920_1",0.001852
"7358_10",0.996104
"9665_10",0.998162
"5005_1",0.040836
"12324_2",0.002924
"1878_1",0.003304
"5917_2",0.053376
"11912_7",0.997615
"11692_1",0.128976
"11505_10",0.999164
"5416_8",0.502182
"12072_1",0.063219
"4436_10",0.970872
"11762_1",0.006715
"5805_10",0.995888
"9464_1",0.002867
"9412_2",0.002581
"11262_4",0.680619
"853_7",0.993275
"7087_4",0.192663
"1896_10",0.625331
"9749_4",0.500553
"7431_2",0.100720
"10253_3",0.027403
"10675_4",0.670630
"4275_4",0.026391
"5399_8",0.942410
"9388_10",0.800196
"7019_10",0.998002
"10223_2",0.044132
"10216_1",0.020150
"2097_3",0.010075
"4243_3",0.156902
"8672_1",0.053002
"1260_3",0.067816
"1734_10",0.840769
"2955_9",0.999203
"12033_1",0.020746
"8243_3",0.019778
"8741_2",0.760925
"6481_7",0.898441
"7053_1",0.308931
"1624_8",0.965221
"2900_1",0.014901
"4328_1",0.006619
"11732_7",0.967906
"746_1",0.061676
"6004_3",0.064939
"6162_2",0.004288
"9375_4",0.119302
"10924_4",0.199207
"6304_4",0.114698
"10035_10",0.991317
"8867_2",0.001467
"9781_10",0.869157
"8902_8",0.326259
"1006_8",0.678441
"7230_1",0.066889
"8788_9",0.934537
"2079_10",0.992539
"11987_3",0.004742
"2724_7",0.670234
"8534_2",0.014311
"7052_1",0.059594
"4390_8",0.996267
"520_10",0.997259
"3936_3",0.271256
"5160_3",0.058042
"10519_8",0.436718
"8906_1",0.009207
"8750_4",0.026010
"8606_3",0.230106
"12038_2",0.771685
"2939_8",0.960276
"5721_10",0.712350
"6798_8",0.820764
"11820_10",0.998823
"6435_10",0.006027
"404_8",0.994850
"6066_9",0.977510
"7921_3",0.022440
"5468_3",0.040234
"7034_10",0.997591
"4309_3",0.194642
"8201_7",0.999128
"3656_10",0.996367
"8786_4",0.067283
"10564_3",0.032564
"7401_4",0.005955
"1163_1",0.127325
"9915_10",0.977740
"11080_10",0.381889
"4710_10",0.999117
"131_1",0.045317
"6387_3",0.047708
"3906_1",0.004412
"2075_1",0.012837
"11663_10",0.999497
"6149_3",0.023431
"6703_8",0.985283
"2440_8",0.980864
"10500_7",0.970258
"7349_1",0.323484
"10695_1",0.016524
"6905_1",0.006789
"4902_4",0.951432
"5298_9",0.995584
"6701_4",0.118727
"1344_10",0.925833
"284_10",0.312921
"9114_10",0.998830
"12102_10",0.996831
"11448_2",0.081950
"1053_10",0.999112
"8341_10",0.172630
"433_1",0.001695
"9534_4",0.129134
"6471_2",0.874748
"8971_10",0.999092
"433_8",0.970905
"298_10",0.627068
"5965_1",0.000879
"10408_10",0.996507
"9112_3",0.110764
"6726_9",0.993613
"1048_8",0.904238
"11046_9",0.979651
"4808_7",0.998743
"7027_9",0.992833
"12435_8",0.993468
"5480_1",0.453882
"8823_8",0.997593
"554_9",0.998623
"7167_2",0.001416
"10762_3",0.863881
"9036_8",0.641508
"12185_4",0.337628
"7763_10",0.997599
"10271_8",0.949551
"1159_8",0.832399
"11063_1",0.054305
"12479_4",0.023595
"11179_4",0.711542
"1736_1",0.020000
"4840_7",0.990532
"8233_2",0.442632
"1082_9",0.880098
"8378_7",0.997881
"7777_9",0.978619
"1883_9",0.984707
"7350_10",0.996548
"704_8",0.984536
"6554_8",0.785258
"1750_10",0.984220
"4969_2",0.003012
"10339_8",0.987694
"1902_4",0.442221
"5578_1",0.005048
"5502_1",0.009231
"7250_2",0.002051
"8856_4",0.078804
"10840_9",0.972550
"9730_10",0.983537
"11146_2",0.035906
"5988_3",0.001922
"9734_8",0.972012
"12338_8",0.403296
"9813_1",0.049847
"8928_2",0.040145
"5431_2",0.019378
"9467_9",0.996766
"4933_4",0.003177
"11280_10",0.077421
"10279_9",0.896894
"7024_1",0.002281
"9115_3",0.241302
"5701_10",0.997341
"9539_1",0.069490
"7655_7",0.875113
"4518_10",0.994936
"3039_4",0.081619
"8654_3",0.316611
"8893_4",0.314290
"3598_9",0.832417
"6443_1",0.016112
"3843_1",0.003674
"3848_9",0.992308
"3149_1",0.013889
"2152_1",0.009702
"11564_1",0.002099
"4391_8",0.787180
"950_10",0.997354
"10531_10",0.969965
"904_3",0.009246
"5293_9",0.993349
"2173_1",0.006714
"5992_2",0.011814
"782_3",0.282532
"1295_8",0.925294
"9659_1",0.003729
"2214_3",0.038465
"10772_3",0.016471
"7515_9",0.526100
"7294_2",0.017539
"7761_1",0.017430
"9027_9",0.964378
"6595_1",0.000571
"11003_8",0.990855
"601_10",0.945655
"2991_8",0.704456
"10937_8",0.932932
"7545_1",0.016587
"9747_1",0.005167
"7653_7",0.990221
"6886_1",0.029911
"8054_8",0.677770
"7299_9",0.979481
"2289_3",0.624220
"6569_1",0.001671
"10909_2",0.205266
"4022_7",0.965933
"5407_1",0.018309
"10211_8",0.996090
"9194_1",0.633529
"8113_8",0.998975
"12010_1",0.006832
"7373_7",0.999228
"3535_10",0.991238
"5265_10",0.866401
"7032_1",0.122813
"3391_10",0.994723
"969_9",0.995793
"450_2",0.355275
"12296_3",0.917952
"10855_10",0.999199
"2741_10",0.982582
"12403_1",0.014819
"6118_4",0.166800
"9001_1",0.163801
"172_4",0.162436
"4405_7",0.514848
"8923_8",0.993547
"5396_10",0.994911
"7183_1",0.004360
"3261_7",0.994882
"7445_10",0.989264
"11412_2",0.109609
"4765_3",0.015797
"5248_9",0.841124
"3172_2",0.583989
"10813_4",0.566677
"8054_1",0.025480
"5535_1",0.022386
"1306_8",0.912062
"135_3",0.149382
"10646_10",0.967203
"9906_1",0.004348
"8156_10",0.998794
"2806_1",0.016000
"9501_4",0.008807
"1882_3",0.024677
"11895_4",0.089942
"5420_10",0.995944
"11791_10",0.996293
"3798_2",0.002389
"3282_8",0.496501
"1278_1",0.125746
"1011_4",0.539219
"5263_9",0.554181
"11301_1",0.081896
"1946_7",0.979907
"3246_10",0.943771
"4130_8",0.929874
"4172_10",0.905321
"2619_2",0.005116
"5197_4",0.879662
"6060_9",0.977349
"7430_1",0.002857
"3511_10",0.978217
"6970_1",0.063196
"931_4",0.146960
"12374_10",0.996953
"10217_7",0.121189
"964_7",0.809861
"4859_1",0.010892
"5525_1",0.005807
"11471_1",0.017093
"5030_4",0.034650
"12177_2",0.012659
"8892_2",0.003202
"1073_4",0.348585
"7406_1",0.006220
"6345_9",0.799489
"7395_7",0.332108
"9952_7",0.902061
"5851_4",0.077501
"6880_7",0.339775
"642_9",0.993632
"6271_9",0.809848
"10983_1",0.004629
"5602_1",0.016153
"3834_1",0.013099
"6961_3",0.840427
"10102_8",0.863027
"6988_1",0.016205
"5803_9",0.891063
"6009_1",0.000712
"10294_2",0.136910
"9811_10",0.819462
"11298_8",0.991718
"4625_10",0.989897
"11263_3",0.047333
"11502_3",0.933142
"9690_10",0.220094
"4453_10",0.999581
"9741_10",0.830666
"12191_9",0.852620
"8019_8",0.992877
"2298_4",0.015268
"1489_4",0.018341
"4228_7",0.634626
"10905_1",0.000830
"5103_10",0.998276
"5641_1",0.005963
"11567_1",0.005011
"4040_10",0.999371
"4777_10",0.996722
"9612_10",0.998898
"3830_1",0.099150
"8781_2",0.001464
"9415_3",0.995761
"9171_3",0.008668
"478_3",0.306364
"10979_8",0.996966
"7073_4",0.010714
"5419_10",0.923968
"8505_3",0.040524
"7559_1",0.477142
"3827_9",0.988482
"9242_1",0.057471
"3133_10",0.942056
"9051_4",0.257456
"8604_10",0.848393
"4811_8",0.975550
"10697_10",0.993333
"6142_10",0.863032
"6740_1",0.026795
"7806_8",0.925949
"8326_4",0.868423
"12425_3",0.004215
"11113_1",0.080027
"8096_1",0.019302
"512_8",0.998553
"11144_7",0.988179
"2073_4",0.001344
"6966_4",0.030082
"12122_3",0.265321
"429_10",0.863169
"10294_9",0.976361
"9955_3",0.756422
"10878_10",0.980072
"9365_1",0.000979
"7317_8",0.644004
"2863_8",0.252496
"11935_3",0.019616
"2180_2",0.726908
"267_10",0.883373
"72_8",0.751529
"936_9",0.989582
"2363_4",0.099173
"11722_9",0.993896
"1353_7",0.756846
"3883_7",0.803057
"9475_8",0.984777
"2328_2",0.013804
"11982_9",0.998099
"10413_8",0.595556
"1277_2",0.130865
"6299_4",0.026609
"7536_9",0.996863
"8368_2",0.008676
"634_1",0.003181
"10095_3",0.494560
"8821_4",0.040304
"5669_10",0.998332
"4600_8",0.030355
"10859_1",0.025520
"140_9",0.984297
"153_8",0.686543
"8013_9",0.778222
"12389_1",0.610042
"8443_7",0.980304
"12290_10",0.993008
"12152_10",0.372362
"6442_3",0.644839
"7557_4",0.323955
"3699_4",0.248162
"6461_2",0.989145
"8641_10",0.993326
"10771_1",0.241675
"10539_2",0.107760
"10406_1",0.184779
"9617_4",0.106501
"9403_10",0.993428
"3015_1",0.580816
"181_10",0.997650
"2879_4",0.052151
"1758_8",0.995769
"9992_10",0.998678
"10769_7",0.971790
"5616_3",0.009577
"721_4",0.345154
"3035_1",0.014516
"7877_4",0.000487
"5554_4",0.025138
"1475_7",0.890777
"1538_7",0.079138
"3499_10",0.131157
"8815_4",0.818385
"5817_8",0.603608
"4179_1",0.090551
"3719_10",0.766076
"2538_2",0.043476
"4873_3",0.084571
"7283_9",0.994602
"1997_4",0.178362
"11036_4",0.023510
"4123_4",0.815325
"3520_3",0.003859
"10320_1",0.004843
"10185_10",0.969355
"10193_1",0.073432
"2506_7",0.996767
"9868_10",0.996102
"5603_2",0.001606
"8392_3",0.034179
"5322_4",0.001668
"12117_10",0.998778
"2411_8",0.474063
"9393_4",0.044752
"5968_8",0.971841
"6860_1",0.148486
"12144_4",0.788778
"2706_10",0.733535
"5655_1",0.572328
"2555_8",0.990889
"6091_9",0.931530
"712_9",0.991980
"9445_10",0.991647
"1777_10",0.487212
"490_8",0.126999
"318_10",0.937166
"10143_9",0.970636
"3608_8",0.998212
"686_4",0.982312
"12147_1",0.034747
"6782_10",0.970098
"5560_10",0.993440
"11621_8",0.989465
"11909_10",0.993740
"11938_9",0.998420
"1877_1",0.277711
"1298_1",0.001322
"11154_3",0.015152
"10898_7",0.912208
"9980_8",0.997311
"9719_10",0.941928
"516_1",0.002707
"2541_1",0.000956
"23_10",0.957067
"3517_1",0.002762
"10839_9",0.999538
"11461_9",0.961054
"10150_2",0.001330
"10664_9",0.999168
"6750_10",0.480009
"11165_4",0.828417
"3463_4",0.021867
"287_1",0.001907
"5582_1",0.496302
"1136_1",0.002651
"10316_1",0.018014
"1684_8",0.977717
"3556_9",0.642165
"11680_9",0.994988
"10775_10",0.874367
"5558_2",0.005782
"6203_10",0.858754
"4057_4",0.786454
"9010_8",0.998454
"1033_9",0.980115
"12116_9",0.984283
"8401_10",0.997757
"9863_4",0.267353
"2777_1",0.002989
"5797_3",0.001899
"9929_3",0.015910
"4177_1",0.085771
"2205_8",0.992186
"2839_8",0.990882
"7161_10",0.965647
"11724_4",0.474926
"10369_9",0.996570
"8702_2",0.044184
"1028_10",0.995080
"7226_4",0.178730
"8799_3",0.044329
"1573_8",0.987497
"12041_7",0.943926
"6207_7",0.790315
"399_8",0.981117
"1034_2",0.007022
"1610_4",0.747566
"596_10",0.904739
"6474_7",0.999426
"4464_3",0.050672
"10637_2",0.089091
"3272_10",0.972527
"10194_7",0.372026
"11906_3",0.032761
"3666_3",0.071506
"6148_4",0.005567
"4595_8",0.888528
"6146_1",0.011567
"7512_10",0.986818
"12333_1",0.004724
"3490_4",0.165963
"8495_1",0.001513
"955_4",0.116280
"10582_10",0.207789
"9477_8",0.998194
"7132_3",0.008951
"5214_1",0.022270
"8258_10",0.984321
"10387_1",0.062060
"268_10",0.819552
"8153_2",0.000824
"7353_3",0.021106
"7847_10",0.997723
"12028_10",0.986085
"2998_8",0.296703
"2641_8",0.960504
"11923_8",0.884493
"12322_1",0.058459
"11816_3",0.013040
"7111_3",0.014465
"8107_10",0.983213
"8835_8",0.670873
"10142_10",0.997921
"4445_3",0.016445
"976_8",0.978282
"1996_4",0.087391
"11496_3",0.111484
"1644_4",0.054886
"8573_3",0.003546
"10835_9",0.338828
"11531_8",0.996783
"5802_8",0.516647
"2501_3",0.078218
"530_2",0.068339
"1051_10",0.997909
"6629_1",0.006828
"10350_1",0.190236
"2943_10",0.996124
"7661_1",0.033734
"8359_3",0.402034
"10218_7",0.605722
"10548_1",0.020276
"906_7",0.996340
"2708_9",0.994663
"12478_4",0.405870
"10222_1",0.003085
"3560_2",0.002062
"3371_9",0.890111
"10009_3",0.011397
"3142_3",0.254320
"3876_9",0.996292
"6662_2",0.007738
"4691_1",0.065489
"2491_4",0.355784
"12485_4",0.487223
"1716_3",0.371569
"10767_10",0.972171
"4083_2",0.009009
"7656_3",0.294319
"2532_8",0.957821
"11243_8",0.760707
"11878_9",0.994813
"3627_8",0.869329
"9049_10",0.156260
"2950_4",0.231170
"4553_8",0.998627
"10414_1",0.124083
"4281_7",0.969980
"7905_4",0.889914
"10800_8",0.808774
"1562_4",0.027666
"7604_4",0.176187
"5752_2",0.480914
"9465_1",0.013933
"2701_4",0.415275
"12432_7",0.875354
"7583_9",0.993721
"4003_10",0.921498
"11082_2",0.013139
"7650_3",0.006485
"2215_7",0.944122
"6597_9",0.973854
"12268_1",0.078395
"8650_7",0.646290
"8311_2",0.503886
"10764_10",0.991527
"5462_2",0.004973
"10303_9",0.999211
"12132_4",0.836703
"11786_2",0.046541
"6248_2",0.271228
"5570_2",0.005938
"8367_4",0.559145
"2416_7",0.980494
"4073_1",0.144464
"4642_2",0.097814
"580_10",0.991050
"3328_4",0.096616
"9524_9",0.988566
"11980_2",0.717523
"7812_9",0.994689
"3567_7",0.937198
"9592_2",0.010321
"8421_1",0.107757
"2618_1",0.129870
"2367_3",0.121455
"10613_1",0.023401
"7657_2",0.518603
"10992_4",0.044662
"10663_4",0.265863
"9589_4",0.559416
"5184_8",0.566023
"7352_7",0.836719
"6483_4",0.387266
"914_10",0.997471
"1239_4",0.518572
"4465_4",0.370689
"82_10",0.946853
"3696_4",0.028062
"1507_8",0.838424
"12211_3",0.033962
"4003_3",0.001086
"3738_3",0.202356
"12089_10",0.991869
"593_1",0.004354
"7555_3",0.043893
"9897_9",0.998269
"299_1",0.635309
"2774_3",0.218458
"4723_8",0.859783
"1636_2",0.003918
"3383_8",0.998996
"5360_10",0.998235
"11542_10",0.999024
"1964_1",0.015291
"10323_10",0.947097
"5166_1",0.001730
"12371_1",0.000917
"7426_1",0.006506
"11832_4",0.067304
"684_9",0.381650
"519_7",0.191244
"1712_8",0.963114
"5973_9",0.984171
"2820_3",0.035087
"5023_7",0.987995
"2625_1",0.003471
"2699_9",0.964574
"7123_1",0.007335
"7327_10",0.996163
"944_8",0.985904
"9757_10",0.864254
"12491_9",0.995125
"12301_10",0.977456
"421_9",0.998108
"6655_2",0.202852
"610_9",0.583922
"3020_1",0.020703
"1797_10",0.938028
"1248_3",0.102923
"2524_10",0.999037
"10596_3",0.376637
"9326_3",0.021009
"9346_2",0.001923
"3890_8",0.997573
"7836_9",0.947626
"12388_7",0.882197
"3205_2",0.004237
"1547_9",0.790668
"2706_1",0.063060
"391_10",0.993617
"1544_10",0.847487
"7861_8",0.732486
"1448_2",0.002899
"6451_3",0.203259
"12187_3",0.195386
"11702_4",0.174539
"5947_1",0.011306
"1282_3",0.014211
"7492_2",0.002963
"7724_7",0.992239
"1564_1",0.873132
"4425_9",0.994313
"9416_9",0.988357
"10826_10",0.928328
"4402_10",0.993061
"9332_3",0.002799
"5856_1",0.077862
"2784_2",0.001363
"3216_1",0.064571
"8057_9",0.988651
"526_10",0.877006
"4376_1",0.028331
"9513_9",0.789853
"9972_9",0.985389
"339_1",0.014663
"11898_1",0.036094
"9282_4",0.184428
"2303_4",0.186336
"10199_1",0.000982
"11660_10",0.973643
"714_4",0.072198
"9283_9",0.956295
"2972_2",0.417115
"9060_7",0.998529
"3562_8",0.935772
"11064_8",0.833948
"4190_10",0.940181
"12472_10",0.995826
"2942_1",0.026480
"9560_9",0.959754
"2692_4",0.002276
"12057_1",0.001246
"11197_2",0.066201
"5827_4",0.954769
"4752_1",0.000388
"8114_3",0.006235
"5643_7",0.846321
"9127_2",0.048282
"10540_10",0.754223
"7342_2",0.000730
"4651_4",0.359791
"8798_1",0.010073
"5973_3",0.050406
"8314_2",0.008774
"7856_1",0.001542
"1255_4",0.133488
"9615_8",0.940686
"7261_4",0.051842
"9700_9",0.331215
"5938_10",0.733397
"970_7",0.588570
"7715_8",0.997005
"4643_2",0.186027
"7069_1",0.027479
"8600_10",0.992651
"10275_3",0.375394
"9519_1",0.080557
"8861_10",0.974690
"8558_4",0.003773
"7495_4",0.221149
"4727_10",0.216096
"9647_8",0.339827
"7192_3",0.040922
"8772_8",0.995714
"1198_4",0.006992
"4249_7",0.803239
"6816_2",0.069301
"10243_9",0.992931
"8365_1",0.006229
"2529_10",0.197930
"2538_10",0.840942
"5946_1",0.009013
"6716_8",0.958661
"2633_7",0.969100
"10513_1",0.315123
"4847_1",0.061582
"2552_10",0.848533
"7166_9",0.994870
"398_8",0.907533
"6925_4",0.009203
"9873_9",0.973700
"3598_4",0.293317
"5996_3",0.063642
"4024_10",0.990726
"3184_10",0.998780
"3801_2",0.024007
"1722_10",0.998922
"9344_1",0.005342
"2874_2",0.010273
"2914_4",0.111324
"9643_3",0.196790
"1756_10",0.940609
"2781_1",0.023669
"3559_1",0.000890
"6250_1",0.239591
"10960_9",0.997458
"565_8",0.204190
"8749_9",0.186267
"11273_4",0.127185
"6933_4",0.006148
"7295_1",0.007388
"12267_1",0.003839
"9844_4",0.014059
"1949_3",0.270009
"10048_1",0.002544
"7242_2",0.002249
"1722_2",0.002102
"9869_1",0.310373
"609_1",0.039804
"9383_7",0.012946
"6593_4",0.521193
"3284_10",0.993776
"6190_1",0.979208
"8305_10",0.992644
"20_1",0.027912
"10037_1",0.005655
"1751_10",0.985915
"6821_7",0.942735
"4780_10",0.964974
"1290_10",0.997405
"10777_2",0.001266
"3450_1",0.001573
"747_3",0.012492
"9262_10",0.987139
"7206_10",0.965903
"3700_4",0.051743
"2953_4",0.216117
"6828_8",0.991043
"10831_7",0.987398
"5014_1",0.001649
"11679_10",0.990160
"3476_9",0.437946
"12052_8",0.767839
"8635_3",0.094214
"6475_10",0.974931
"8531_2",0.034269
"9018_7",0.362699
"1492_9",0.901837
"10993_10",0.985659
"1896_2",0.005744
"8241_1",0.027620
"3568_8",0.657027
"9424_9",0.985059
"3791_1",0.005182
"2117_10",0.993709
"4679_8",0.996672
"1217_7",0.995891
"7969_3",0.008584
"2271_10",0.923814
"5772_9",0.954329
"1347_8",0.997674
"11800_1",0.002208
"8820_10",0.995250
"10014_7",0.395307
"9864_8",0.851027
"6926_4",0.285853
"1842_10",0.996998
"756_7",0.566189
"7657_10",0.987634
"12416_7",0.924520
"833_7",0.706772
"8746_10",0.999886
"6374_10",0.917392
"24_10",0.907584
"5133_10",0.986513
"2937_1",0.218047
"9845_8",0.837005
"6236_7",0.330421
"8525_7",0.858576
"10398_10",0.942422
"6555_7",0.993822
"5873_3",0.608723
"12235_8",0.887784
"8972_2",0.008756
"6313_1",0.021062
"3277_1",0.041609
"9661_10",0.675140
"11759_4",0.053108
"7960_2",0.568867
"2710_7",0.963038
"3152_1",0.014659
"3186_8",0.989298
"6180_2",0.067229
"3303_1",0.017865
"250_1",0.034994
"8902_1",0.029475
"7964_9",0.971689
"78_1",0.036462
"9162_9",0.783399
"11868_8",0.991190
"8522_8",0.924824
"8517_8",0.885326
"12341_4",0.008128
"3300_1",0.003956
"2961_10",0.996114
"11309_10",0.995417
"381_10",0.995512
"6537_10",0.955183
"4623_10",0.939497
"12425_10",0.996876
"817_7",0.977394
"1853_3",0.122703
"3586_10",0.990275
"6148_9",0.992049
"5020_10",0.997277
"6486_10",0.988789
"560_8",0.999101
"11210_3",0.992475
"4714_1",0.004176
"7175_7",0.699895
"10289_9",0.996726
"2497_2",0.419625
"6359_3",0.744090
"4905_3",0.003707
"4701_10",0.922618
"292_10",0.995410
"4010_9",0.772475
"1591_2",0.948030
"619_10",0.947562
"8563_1",0.006758
"488_4",0.113343
"3148_10",0.997937
"2046_4",0.031713
"11560_8",0.930742
"8694_7",0.994338
"11041_10",0.988476
"6159_8",0.995450
"10205_1",0.045854
"7840_9",0.924221
"3298_10",0.997538
"2854_7",0.951207
"3521_8",0.966822
"8317_2",0.001017
"10564_7",0.972393
"7951_3",0.176179
"9834_8",0.955364
"4809_9",0.994042
"4675_1",0.056689
"9493_10",0.237838
"7841_4",0.199799
"8076_10",0.248859
"3242_8",0.979627
"11666_3",0.087296
"9341_2",0.069268
"10384_1",0.015746
"1558_9",0.994197
"9790_10",0.400215
"12149_2",0.016031
"11533_4",0.003800
"4438_3",0.061696
"11177_4",0.024798
"8657_7",0.921872
"4485_4",0.734518
"1313_3",0.022542
"7383_10",0.995342
"11875_8",0.995877
"9838_7",0.918095
"33_3",0.010796
"5747_1",0.012239
"1420_8",0.985528
"7292_9",0.189465
"5218_7",0.867477
"3359_9",0.987066
"10947_8",0.959446
"219_1",0.002334
"6374_3",0.007028
"9686_10",0.679458
"6757_10",0.962093
"1003_8",0.978321
"9313_9",0.988411
"6175_10",0.868451
"5391_7",0.991930
"1085_1",0.003528
"9054_1",0.044199
"8543_10",0.990932
"686_8",0.838093
"6959_3",0.004945
"11014_4",0.271273
"9204_8",0.993753
"9029_7",0.776677
"10441_9",0.958641
"5245_10",0.995415
"1480_7",0.177878
"6426_3",0.374555
"1700_1",0.016497
"2783_10",0.959397
"6152_8",0.979959
"12282_10",0.989583
"2948_4",0.006252
"11974_2",0.005093
"5944_7",0.933184
"9370_8",0.712556
"711_10",0.399737
"6169_8",0.993926
"12329_1",0.127617
"4904_1",0.000874
"2070_3",0.003052
"25_3",0.010025
"1819_4",0.029129
"8642_10",0.869820
"11504_10",0.570681
"10193_7",0.995891
"8917_4",0.041013
"9380_2",0.270982
"10048_8",0.987712
"7288_9",0.997580
"8128_4",0.148345
"7800_3",0.005278
"5852_1",0.004085
"8027_1",0.008909
"10317_1",0.017663
"10280_8",0.729078
"3959_10",0.992039
"6115_10",0.997992
"6078_8",0.411569
"12273_9",0.999623
"1497_10",0.889389
"2969_9",0.993492
"2577_1",0.028241
"4519_1",0.619467
"8596_4",0.713093
"254_3",0.020240
"7005_8",0.972163
"5426_10",0.974243
"965_9",0.441366
"2044_4",0.712972
"9006_3",0.031268
"11462_10",0.906575
"4990_7",0.059876
"163_7",0.570798
"3134_3",0.238149
"2922_4",0.151055
"5777_1",0.003252
"6340_7",0.989466
"7896_1",0.011198
"2321_8",0.998755
"2187_1",0.966191
"1831_9",0.997882
"9321_10",0.998439
"9970_10",0.973978
"2978_4",0.038125
"7491_3",0.004408
"2491_10",0.923028
"749_1",0.022113
"4751_2",0.010745
"3276_1",0.028702
"10889_9",0.995567
"5887_1",0.031632
"8806_9",0.988550
"8569_2",0.002115
"3209_10",0.996396
"7139_10",0.956000
"5052_3",0.003820
"5773_3",0.001837
"1663_9",0.992685
"3575_7",0.055012
"12017_1",0.001497
"12460_8",0.993704
"7925_2",0.002597
"1643_10",0.996547
"4537_1",0.023682
"10651_3",0.020970
"12075_10",0.658894
"4823_1",0.730319
"5392_7",0.835225
"5436_9",0.991559
"3088_8",0.995375
"6607_9",0.998321
"7648_1",0.130723
"1073_8",0.946468
"4587_8",0.635813
"9463_10",0.975501
"11962_1",0.007629
"8718_4",0.229357
"7781_10",0.998134
"11495_2",0.035440
"2772_4",0.690931
"4029_1",0.013485
"2080_10",0.988616
"6250_9",0.925163
"2985_9",0.416717
"2935_7",0.149893
"7900_1",0.000775
"2433_8",0.997835
"12366_1",0.029712
"10910_2",0.058688
"5265_3",0.002103
"9603_10",0.710600
"11989_3",0.000627
"2929_4",0.551074
"1796_1",0.002547
"10659_2",0.483017
"4978_9",0.995611
"11823_8",0.995994
"1732_8",0.727397
"1103_4",0.018020
"8958_1",0.018051
"8607_4",0.251162
"5820_9",0.996049
"8885_3",0.035376
"3718_10",0.982838
"3822_1",0.038174
"9886_10",0.995118
"9806_10",0.974051
"10009_10",0.972016
"5979_2",0.004721
"11937_3",0.158488
"4776_8",0.994885
"9009_7",0.421614
"8094_7",0.995420
"828_3",0.029296
"3318_1",0.000815
"3558_4",0.232463
"7967_8",0.996681
"5275_7",0.972681
"5130_1",0.002816
"1327_9",0.993411
"11526_8",0.903985
"32_10",0.998534
"10697_1",0.002482
"9966_1",0.002266
"3132_1",0.137552
"967_2",0.016894
"6483_10",0.950760
"698_10",0.989456
"7848_2",0.545926
"9349_1",0.233191
"10532_9",0.998304
"11819_2",0.049942
"6812_1",0.003755
"5401_1",0.006549
"3528_1",0.000399
"12239_1",0.001040
"1479_4",0.003586
"2732_4",0.851089
"6806_10",0.952173
"2119_9",0.993652
"8565_9",0.008991
"1914_8",0.607238
"4835_1",0.002494
"1029_2",0.014908
"9228_4",0.657793
"2391_2",0.083992
"9674_9",0.998484
"9404_9",0.895763
"5987_1",0.006678
"9237_8",0.964961
"9879_2",0.026026
"1370_10",0.543865
"10662_1",0.056657
"6937_7",0.282189
"6355_9",0.918128
"3784_4",0.083634
"9136_10",0.577705
"9557_4",0.079318
"12013_7",0.968338
"1114_4",0.085290
"6890_10",0.989599
"3238_8",0.993729
"1790_10",0.997053
"4277_8",0.989890
"2257_4",0.898671
"7677_10",0.979430
"1618_4",0.012456
"7314_1",0.240270
"10332_1",0.016904
"7746_2",0.827145
"9303_3",0.033678
"12321_9",0.997109
"10341_2",0.005927
"7745_9",0.991922
"11104_7",0.883124
"10855_1",0.005521
"10300_1",0.053167
"2037_2",0.007217
"7754_9",0.961099
"9503_10",0.990566
"396_7",0.977282
"583_2",0.015802
"4469_3",0.302098
"11038_1",0.054853
"2285_4",0.195945
"5069_8",0.104005
"8736_8",0.990508
"9486_3",0.015591
"11669_10",0.265195
"8598_1",0.006731
"1344_3",0.453350
"11789_3",0.155196
"9605_2",0.027376
"10122_2",0.015221
"3752_10",0.522436
"3864_4",0.042551
"10505_7",0.366990
"3822_8",0.986393
"8146_4",0.123370
"11114_8",0.142548
"7847_2",0.316545
"10300_10",0.980737
"7021_10",0.992383
"8_9",0.274606
"7199_2",0.012683
"9392_9",0.798574
"8234_7",0.297012
"12328_7",0.993671
"9918_9",0.955715
"10066_7",0.813237
"5482_2",0.052496
"6914_4",0.012086
"4665_7",0.459150
"613_4",0.958211
"577_8",0.788904
"12490_4",0.404018
"8637_3",0.111534
"11815_4",0.408428
"9490_10",0.993849
"4388_3",0.002357
"11778_10",0.987631
"4988_10",0.988707
"6590_3",0.932536
"4761_7",0.968278
"8828_4",0.098151
"10382_3",0.006324
"3321_1",0.542952
"2550_10",0.998658
"12104_1",0.079608
"6431_1",0.016089
"8829_8",0.792664
"858_7",0.173410
"197_1",0.087521
"3599_7",0.293998
"10808_2",0.032771
"12050_4",0.271635
"6348_1",0.014302
"11051_8",0.947021
"11216_4",0.614144
"8360_3",0.065626
"9570_2",0.003178
"8040_4",0.081524
"3664_8",0.998978
"10003_8",0.997893
"3763_7",0.087126
"9692_9",0.027831
"4503_1",0.007260
"10985_2",0.065005
"121_4",0.899135
"5651_10",0.978693
"9416_3",0.001650
"9128_8",0.790932
"8955_8",0.967763
"8787_4",0.002989
"1622_9",0.644288
"762_3",0.018412
"6915_2",0.064157
"8998_4",0.043509
"8200_10",0.779237
"1878_8",0.990478
"5969_10",0.880935
"8000_3",0.149532
"8161_10",0.974209
"9805_4",0.092878
"3815_10",0.890860
"3783_3",0.177532
"4924_10",0.998267
"7952_1",0.024015
"4060_8",0.042799
"775_1",0.007995
"696_10",0.991197
"8751_10",0.143638
"6073_10",0.997627
"9982_1",0.037832
"3706_10",0.563388
"5996_8",0.728918
"3107_10",0.984330
"8913_8",0.345067
"8982_9",0.995295
"8938_3",0.145205
"3008_3",0.102648
"3787_2",0.005999
"6146_9",0.823046
"5664_1",0.010745
"2408_3",0.024269
"6153_2",0.005248
"7023_7",0.936568
"2571_3",0.000616
"6808_4",0.034224
"6425_9",0.999566
"11139_4",0.072607
"320_7",0.375867
"3098_1",0.004219
"5369_10",0.978415
"480_3",0.202998
"7884_9",0.824572
"5247_1",0.005230
"3192_2",0.002452
"12127_1",0.010732
"1237_7",0.994765
"612_3",0.683083
"6016_7",0.912316
"10490_1",0.009812
"5180_8",0.991552
"3122_4",0.137563
"2845_8",0.946704
"9000_8",0.995652
"448_2",0.152385
"1207_10",0.909504
"11989_8",0.992471
"11102_9",0.994271
"1761_1",0.137933
"9815_3",0.021192
"12023_1",0.466497
"9901_10",0.996834
"11740_2",0.679821
"4702_10",0.296154
"4885_3",0.203074
"0_2",0.040972
"2273_2",0.005441
"11340_8",0.799788
"12012_4",0.548983
"10534_10",0.926726
"8424_2",0.044632
"8716_3",0.015760
"7154_10",0.986958
"5001_1",0.093917
"6511_3",0.030243
"3308_7",0.977651
"2720_2",0.059433
"1183_10",0.978878
"12387_2",0.001643
"6580_2",0.122491
"4431_9",0.976443
"11828_7",0.911611
"6737_10",0.969389
"7505_4",0.164870
"4798_2",0.463993
"4773_1",0.108613
"6719_3",0.023702
"6475_3",0.899224
"11733_3",0.325073
"9360_7",0.932845
"5571_1",0.000715
"10316_10",0.733001
"5068_3",0.084507
"11188_8",0.474030
"7291_3",0.078981
"6233_3",0.090652
"11710_1",0.096839
"3780_7",0.661740
"3210_10",0.998806
"2885_3",0.091966
"2912_4",0.229540
"3320_4",0.076208
"11275_4",0.210491
"8406_1",0.186526
"8275_10",0.883918
"4862_9",0.997493
"11817_2",0.162602
"302_10",0.988381
"11341_1",0.488999
"4626_1",0.002404
"1030_2",0.008236
"4799_8",0.983324
"4845_1",0.002998
"3458_1",0.002020
"9535_9",0.963946
"6553_10",0.972759
"486_4",0.026750
"11162_7",0.994127
"7689_7",0.846251
"12058_1",0.012637
"3740_1",0.004916
"11656_8",0.173411
"9795_1",0.004725
"1947_1",0.002109
"1468_1",0.008676
"4158_10",0.993840
"5876_1",0.005602
"12084_4",0.315356
"5434_7",0.724920
"7984_9",0.675368
"2217_8",0.917956
"2300_4",0.009320
"8707_7",0.776871
"3345_10",0.996349
"7375_8",0.914201
"1150_2",0.014437
"8557_10",0.981342
"5590_8",0.989940
"5270_1",0.199165
"10339_4",0.282436
"6789_3",0.696710
"4289_1",0.718077
"693_4",0.587464
"326_1",0.866392
"9786_8",0.980477
"6610_10",0.978906
"11350_9",0.986532
"10907_1",0.160927
"3285_8",0.950232
"10964_4",0.012332
"5411_1",0.021314
"6188_10",0.996585
"7110_3",0.002474
"7355_8",0.400722
"12116_1",0.505107
"1187_1",0.001704
"12167_7",0.984374
"5530_9",0.511020
"2829_10",0.389056
"9549_4",0.000757
"8805_10",0.939708
"10265_3",0.381823
"5227_3",0.003439
"8693_10",0.999176
"6331_10",0.938450
"9079_4",0.026797
"7200_1",0.014896
"9322_10",0.999230
"2899_4",0.076466
"6478_10",0.990369
"4659_1",0.088557
"6755_1",0.014147
"10385_10",0.833511
"11861_1",0.000895
"5483_10",0.995829
"4012_10",0.995260
"7146_9",0.998017
"3782_9",0.996339
"12181_4",0.150850
"10663_10",0.870530
"4712_1",0.001341
"11071_10",0.985781
"11171_3",0.065085
"9043_10",0.958638
"9912_10",0.951976
"7306_9",0.985930
"12382_9",0.688457
"11654_9",0.889958
"8848_1",0.003013
"4076_3",0.017199
"8248_3",0.092930
"10011_1",0.041732
"11769_1",0.025697
"4164_9",0.987172
"1831_1",0.003375
"4164_1",0.004274
"318_3",0.495888
"7221_10",0.989977
"10912_8",0.992699
"1321_4",0.822786
"7712_7",0.982030
"2680_4",0.017654
"8374_1",0.003345
"995_7",0.996926
"2009_1",0.002946
"3905_9",0.978842
"3348_3",0.155261
"6466_1",0.059798
"11900_10",0.998347
"1634_7",0.693919
"8245_4",0.038962
"8561_1",0.015547
"2072_2",0.046143
"12060_10",0.985514
"8178_3",0.017290
"8778_1",0.153592
"10489_8",0.997889
"10118_8",0.856823
"3470_8",0.999359
"8014_4",0.985582
"582_10",0.856333
"8984_8",0.966059
"9085_8",0.871987
"8894_2",0.020113
"3762_2",0.022302
"3815_2",0.000897
"5903_9",0.555365
"8907_10",0.990709
"6140_7",0.929388
"9279_4",0.441223
"2948_9",0.998744
"10588_10",0.972249
"8239_1",0.385947
"6986_2",0.000551
"5308_3",0.051197
"11984_8",0.185615
"9984_4",0.463535
"11803_8",0.934899
"2925_10",0.990631
"11396_10",0.517305
"8998_7",0.597657
"4511_7",0.997968
"5780_2",0.042415
"9838_4",0.162931
"422_10",0.890985
"11389_10",0.171865
"8511_3",0.466523
"2089_10",0.999130
"5818_3",0.142526
"566_9",0.291882
"452_10",0.998746
"4451_9",0.773502
"6105_1",0.035533
"2158_10",0.010931
"10395_2",0.732370
"11291_3",0.001202
"2408_8",0.933595
"3698_9",0.540534
"6060_2",0.008648
"9509_10",0.906219
"7136_10",0.992745
"5557_10",0.997876
"7155_2",0.021600
"11421_10",0.965152
"3620_4",0.904271
"2176_4",0.487253
"8970_1",0.380749
"11186_10",0.998411
"9604_3",0.014788
"6047_10",0.657069
"4487_9",0.978620
"11880_3",0.085648
"2650_2",0.080950
"5279_1",0.008699
"9289_1",0.026603
"11673_10",0.993900
"6890_2",0.004610
"2668_10",0.949920
"942_1",0.002544
"264_1",0.008181
"10157_1",0.181775
"791_10",0.983016
"11434_9",0.995860
"5630_2",0.001799
"9392_1",0.013217
"12471_3",0.608361
"8593_9",0.614835
"10333_10",0.741276
"9146_8",0.874993
"5404_7",0.989828
"7662_9",0.979069
"11068_1",0.004071
"4460_2",0.070851
"5002_10",0.935755
"9269_9",0.995024
"1639_10",0.994148
"9045_1",0.183874
"9944_8",0.684278
"4091_4",0.054941
"6889_4",0.018635
"71_9",0.998911
"10173_8",0.988892
"2513_8",0.988659
"7507_1",0.001386
"1235_2",0.007314
"3325_1",0.451392
"4146_7",0.029091
"7286_8",0.965898
"4096_1",0.001079
"3897_7",0.995856
"11240_10",0.998578
"4109_1",0.002798
"9566_4",0.002261
"2038_8",0.912487
"6985_7",0.833957
"6967_9",0.968033
"11020_10",0.925321
"3291_1",0.435935
"9763_3",0.319576
"1943_7",0.730693
"7599_7",0.663560
"8158_8",0.989729
"4140_3",0.007413
"11840_2",0.004758
"9675_1",0.007702
"10878_1",0.001061
"10760_1",0.006298
"260_1",0.000988
"8188_10",0.997238
"3260_1",0.008777
"6172_9",0.998499
"10021_3",0.036605
"7784_10",0.998696
"4066_1",0.017316
"12325_10",0.916978
"9894_8",0.917314
"1242_1",0.010028
"2059_1",0.120873
"10686_7",0.939313
"8110_2",0.008135
"8398_7",0.530678
"6096_9",0.189014
"9422_3",0.007879
"2919_4",0.959551
"10248_1",0.115482
"7480_1",0.022157
"3248_8",0.995840
"10264_2",0.005321
"7401_10",0.733982
"10528_1",0.008372
"7623_8",0.178866
"3968_2",0.007619
"10918_4",0.353814
"5146_7",0.864291
"12466_4",0.012748
"10395_10",0.026047
"3862_8",0.991054
"2247_1",0.214269
"2979_9",0.997308
"3271_9",0.993738
"5225_1",0.005483
"5662_1",0.651296
"12087_3",0.004945
"10765_10",0.998585
"1256_4",0.149638
"2057_1",0.010709
"2610_7",0.841380
"2065_2",0.005621
"4410_3",0.585942
"6847_10",0.999015
"1927_1",0.026930
"4201_9",0.926594
"2578_8",0.996362
"74_10",0.997657
"8324_10",0.998420
"4762_8",0.635750
"10612_3",0.004542
"11353_10",0.986123
"10709_8",0.924664
"3978_7",0.961859
"954_4",0.118157
"2493_10",0.980889
"8293_7",0.995126
"9454_1",0.212451
"8982_1",0.081611
"5201_3",0.296961
"9758_1",0.003626
"5999_8",0.853068
"11000_1",0.000607
"647_1",0.130179
"7345_9",0.998708
"5105_3",0.128638
"9488_4",0.003730
"11810_10",0.998264
"5343_8",0.969833
"1671_7",0.989512
"6414_2",0.116100
"3749_8",0.927973
"2310_2",0.013002
"8460_2",0.003549
"12305_1",0.010654
"11672_1",0.002632
"11726_10",0.972280
"11659_2",0.074132
"8684_2",0.006614
"6546_10",0.980079
"1980_8",0.983476
"3113_10",0.979830
"8440_1",0.015124
"7473_7",0.984630
"726_7",0.898564
"11165_10",0.996188
"9830_2",0.944206
"6409_10",0.975069
"11455_3",0.010252
"993_3",0.223783
"3186_1",0.007353
"11631_4",0.070710
"3225_1",0.017524
"4442_1",0.004866
"6775_9",0.817599
"230_7",0.761059
"5971_4",0.664196
"763_10",0.998258
"9943_10",0.996884
"10098_9",0.965158
"7219_10",0.992993
"6348_8",0.969072
"5774_10",0.979634
"1842_4",0.175609
"3544_8",0.969451
"5661_10",0.935241
"8698_1",0.002444
"7576_1",0.003730
"584_3",0.043004
"9963_8",0.996988
"11653_8",0.996341
"4269_1",0.002686
"728_1",0.023024
"7118_2",0.006157
"6305_4",0.759794
"5970_4",0.505556
"4729_1",0.017120
"7638_10",0.684485
"2709_10",0.972538
"1461_7",0.849833
"5302_10",0.994529
"3589_10",0.998272
"3897_4",0.061187
"9883_1",0.140463
"9903_4",0.008329
"9789_1",0.004229
"2971_4",0.003541
"5015_7",0.993044
"9215_1",0.077136
"8553_2",0.046608
"5671_3",0.033351
"748_7",0.636097
"8222_10",0.932607
"9336_3",0.381523
"1585_1",0.016959
"10634_8",0.722517
"4549_8",0.996750
"7014_10",0.990728
"2412_10",0.989022
"5779_10",0.650630
"11949_4",0.573011
"6879_8",0.964756
"4432_2",0.245617
"5825_10",0.929531
"10422_9",0.626910
"4575_10",0.943550
"11520_1",0.137797
"6612_1",0.018165
"4206_7",0.552870
"1611_10",0.931446
"8170_10",0.996436
"96_1",0.009007
"715_10",0.976503
"10032_8",0.949833
"2585_1",0.013857
"7477_3",0.622826
"2778_10",0.999794
"6807_1",0.976825
"6378_1",0.201150
"1752_10",0.975919
"2305_8",0.970899
"7423_3",0.029851
"496_9",0.998672
"10829_1",0.003569
"7012_9",0.958802
"7701_7",0.973925
"6858_8",0.998448
"2723_4",0.233833
"5720_1",0.083756
"1531_9",0.141379
"3052_8",0.997788
"2728_7",0.972133
"2275_4",0.044224
"11211_1",0.463857
"4603_3",0.112293
"2273_9",0.999856
"11662_2",0.028598
"4887_3",0.019342
"8155_9",0.852606
"2373_4",0.043737
"1754_1",0.006360
"12247_9",0.982547
"10327_1",0.002582
"8968_3",0.002320
"370_8",0.983028
"559_10",0.873110
"8273_3",0.004606
"8125_2",0.010089
"8666_9",0.924988
"4827_7",0.615446
"9737_10",0.982058
"5604_8",0.219182
"8331_10",0.880526
"886_2",0.006855
"4413_7",0.971811
"4116_7",0.991991
"3675_1",0.270674
"496_3",0.531847
"8837_4",0.169594
"3099_2",0.273996
"5518_4",0.963085
"6953_9",0.977889
"1240_9",0.990330
"8614_1",0.005570
"1628_8",0.277816
"1673_3",0.256089
"10806_8",0.996147
"780_9",0.944109
"6957_8",0.993074
"10903_8",0.988347
"9908_7",0.212423
"4696_9",0.988852
"3816_7",0.260225
"489_9",0.999149
"2254_1",0.038494
"122_8",0.367028
"3171_8",0.989094
"54_3",0.269130
"8826_4",0.586328
"7686_1",0.005093
"10875_3",0.002952
"4858_10",0.170094
"1268_8",0.619886
"3497_10",0.521150
"6527_1",0.023421
"1345_9",0.903231
"10092_4",0.338491
"11571_9",0.923517
"2899_10",0.993334
"5381_10",0.999466
"8722_1",0.057725
"10521_10",0.966335
"296_9",0.992356
"6184_1",0.027501
"6657_10",0.923417
"5972_9",0.984794
"8599_7",0.248958
"6125_1",0.016905
"5834_2",0.241269
"12479_9",0.936175
"3253_2",0.020455
"4986_9",0.927980
"6439_7",0.916000
"9659_8",0.993063
"3375_3",0.874141
"3155_10",0.963890
"3478_9",0.760377
"6251_1",0.001277
"6281_1",0.001337
"4669_8",0.912888
"2843_2",0.007991
"8137_8",0.976286
"9390_10",0.978357
"11401_3",0.006563
"1455_4",0.103118
"8418_9",0.998793
"7064_4",0.364489
"7467_4",0.006996
"12492_10",0.997343
"1969_4",0.148578
"5388_8",0.586480
"3287_2",0.001079
"3493_1",0.246217
"11682_8",0.996803
"7860_3",0.627110
"5507_4",0.021466
"11741_10",0.994836
"8041_8",0.981441
"3525_7",0.890710
"12256_9",0.837359
"1559_10",0.995472
"5477_9",0.997822
"736_2",0.015088
"29_10",0.997403
"12257_7",0.996004
"11184_3",0.067691
"5323_4",0.010833
"11315_3",0.865446
"1400_4",0.410859
"7978_3",0.012083
"6543_10",0.454718
"2120_10",0.960097
"3033_10",0.997042
"4096_7",0.994113
"10945_1",0.066886
"10726_7",0.983684
"10568_10",0.998410
"8966_8",0.992192
"12274_4",0.135326
"10560_4",0.426006
"12352_8",0.374775
"5860_1",0.002379
"11828_1",0.007420
"10752_7",0.680738
"6501_4",0.374937
"561_1",0.005180
"6796_1",0.026047
"2626_4",0.660481
"9089_3",0.014022
"10921_10",0.993483
"6969_10",0.834986
"1039_1",0.052442
"9561_2",0.006210
"2651_10",0.991414
"8929_7",0.366594
"6434_2",0.019438
"3954_1",0.012264
"12408_10",0.957645
"9230_8",0.812053
"6626_1",0.027018
"1913_2",0.395741
"9277_10",0.996910
"8177_8",0.778639
"7174_2",0.048325
"10000_7",0.988479
"849_1",0.015508
"9768_1",0.002378
"2852_7",0.301464
"7872_10",0.997726
"7331_7",0.976640
"9716_8",0.948519
"5672_1",0.667758
"11305_7",0.843738
"4750_2",0.158626
"3606_7",0.996976
"10329_1",0.001565
"4407_8",0.995029
"4298_8",0.982054
"1526_3",0.216720
"1177_8",0.733515
"8366_3",0.017076
"1848_9",0.986196
"9689_1",0.010746
"4883_7",0.760903
"10485_10",0.996854
"10851_9",0.734579
"1550_7",0.849483
"5088_7",0.475516
"7420_7",0.773001
"8306_4",0.249368
"7474_9",0.804192
"5297_10",0.997750
"9105_1",0.000636
"4806_8",0.871678
"11659_10",0.998744
"5491_4",0.894186
"4175_1",0.002179
"8726_1",0.008968
"9049_4",0.009273
"3266_10",0.989163
"1396_1",0.018247
"8364_4",0.991711
"3945_2",0.002885
"196_4",0.008943
"279_1",0.012996
"12203_2",0.058317
"8613_8",0.703475
"3839_10",0.999367
"2780_7",0.270031
"10493_10",0.995484
"6866_9",0.975923
"4044_10",0.997658
"2435_1",0.003439
"1976_4",0.511131
"8649_3",0.021435
"7299_1",0.003523
"6018_2",0.002252
"9729_8",0.994181
"3154_10",0.958988
"950_1",0.226888
"1409_4",0.024441
"5175_10",0.999269
"9722_4",0.559764
"4077_2",0.025791
"7067_1",0.011248
"10984_10",0.996758
"7117_1",0.010227
"2121_10",0.995192
"1386_10",0.937977
"12236_10",0.980928
"11844_1",0.015598
"8085_9",0.691244
"333_3",0.019818
"6522_3",0.090731
"249_7",0.992203
"1199_1",0.003221
"499_8",0.933773
"10033_1",0.003046
"7699_9",0.993870
"4829_7",0.609126
"665_1",0.006475
"6743_8",0.811870
"10153_10",0.667303
"4757_2",0.040576
"6942_10",0.939254
"3895_7",0.330672
"11128_1",0.065630
"4404_3",0.005234
"10811_1",0.008561
"1165_7",0.989893
"10907_8",0.998722
"1859_10",0.987457
"5836_10",0.865139
"10158_2",0.384085
"899_3",0.114662
"8631_1",0.066122
"7153_8",0.511764
"847_2",0.139152
"4418_10",0.991184
"12320_10",0.972384
"11242_8",0.345119
"7046_7",0.950539
"1819_10",0.996785
"1651_10",0.995010
"8280_10",0.997632
"2062_9",0.995171
"4781_8",0.978254
"10314_1",0.012920
"1934_1",0.001496
"12230_7",0.976965
"6689_9",0.997975
"987_4",0.066846
"9881_2",0.280348
"4571_7",0.997692
"569_4",0.485083
"11392_3",0.312703
"10716_2",0.009373
"7643_3",0.245330
"7429_8",0.980748
"11315_7",0.273526
"3097_9",0.023659
"10398_1",0.004437
"6299_8",0.991988
"5951_2",0.006793
"8930_8",0.987754
"1852_4",0.000945
"2857_7",0.555550
"4544_9",0.134005
"9492_10",0.421825
"1947_8",0.961407
"9178_2",0.376980
"6290_3",0.004209
"6313_8",0.979011
"6975_8",0.987302
"12258_10",0.997131
"3970_10",0.995496
"8096_7",0.894503
"10872_3",0.004280
"3660_1",0.004370
"7958_10",0.818243
"652_1",0.008954
"10331_1",0.002488
"2368_4",0.015057
"12367_1",0.010623
"12125_3",0.481482
"5785_8",0.131410
"5213_10",0.984651
"6334_8",0.986014
"8005_4",0.149569
"8405_7",0.984111
"4629_2",0.057812
"9342_8",0.877708
"11634_3",0.003604
"2878_2",0.064047
"6195_1",0.085446
"6994_8",0.915546
"12170_3",0.024705
"7384_1",0.000997
"1047_8",0.985324
"669_2",0.029634
"2976_1",0.037463
"4718_1",0.005627
"1203_1",0.006588
"9113_10",0.993349
"2928_1",0.054312
"10734_8",0.431324
"6469_7",0.966725
"2896_3",0.096239
"12061_8",0.995431
"240_9",0.984425
"8580_1",0.504149
"1961_1",0.723492
"6145_1",0.001645
"11028_4",0.750355
"7664_1",0.002954
"3022_1",0.046748
"7893_8",0.656656
"1149_8",0.990618
"8301_8",0.366494
"8210_10",0.990708
"9949_8",0.181081
"2961_4",0.064955
"9796_10",0.973785
"4397_7",0.982127
"2936_3",0.175938
"11382_10",0.998481
"11671_1",0.019286
"10864_1",0.001522
"11253_4",0.123442
"4692_3",0.001697
"11905_2",0.673231
"12066_1",0.918284
"789_8",0.757773
"7700_8",0.489022
"7697_7",0.734882
"8628_4",0.003324
"5719_2",0.468350
"4761_2",0.002807
"8777_1",0.052445
"3525_1",0.015161
"11990_4",0.015825
"432_10",0.973664
"4115_3",0.006905
"10888_10",0.973281
"6995_2",0.304526
"11910_10",0.950815
"8895_1",0.006007
"12149_10",0.949250
"11782_8",0.082407
"12139_7",0.528428
"380_2",0.239411
"5242_10",0.930888
"3542_9",0.893753
"6821_1",0.878051
"6931_1",0.060412
"5958_9",0.986497
"5332_2",0.025633
"2630_2",0.000372
"6387_7",0.298440
"7899_8",0.442981
"11017_3",0.004590
"11800_10",0.950537
"10926_10",0.997667
"9866_10",0.937028
"3203_2",0.033366
"11276_4",0.094853
"8342_2",0.556120
"6167_10",0.618555
"36_3",0.002159
"3340_1",0.003161
"3997_9",0.998778
"2627_10",0.997410
"4204_1",0.054932
"1018_4",0.507466
"10951_1",0.000376
"5315_4",0.726924
"6301_7",0.912189
"12038_10",0.993374
"3164_10",0.035788
"10989_8",0.995740
"2449_9",0.933496
"4375_1",0.072246
"7037_3",0.463804
"33_7",0.873618
"7457_10",0.687571
"2082_3",0.053925
"1316_10",0.996739
"9097_3",0.194942
"5804_10",0.972187
"9411_1",0.004414
"118_10",0.979993
"560_3",0.007193
"8914_9",0.868031
"2745_4",0.747542
"2607_1",0.031942
"4405_4",0.216252
"10451_1",0.117129
"1887_7",0.313495
"725_2",0.038986
"5118_4",0.021053
"9536_1",0.001347
"127_3",0.002697
"2833_8",0.971479
"131_7",0.904691
"7789_10",0.990202
"6294_7",0.916151
"3872_4",0.008601
"5454_7",0.949507
"11162_1",0.017957
"1685_1",0.001705
"8352_2",0.202898
"5003_1",0.006781
"262_9",0.856112
"8233_8",0.959789
"1814_10",0.977568
"1967_10",0.272204
"7545_10",0.872233
"12386_2",0.193049
"9531_9",0.992171
"3013_1",0.059988
"6835_10",0.994762
"1279_3",0.160537
"2411_1",0.004710
"9537_1",0.002038
"3446_10",0.992655
"656_4",0.318710
"7085_1",0.001077
"8355_1",0.042908
"1869_3",0.019597
"2317_2",0.004821
"11228_4",0.084716
"3987_8",0.998526
"509_3",0.062977
"5168_8",0.995169
"9267_10",0.997515
"912_10",0.843966
"10275_9",0.943609
"2855_10",0.956153
"6079_4",0.884761
"2728_1",0.010227
"9895_4",0.625312
"8230_7",0.934127
"5152_4",0.212177
"4137_8",0.990219
"919_10",0.988552
"1481_1",0.026337
"2468_1",0.002496
"383_1",0.001598
"11552_4",0.130947
"856_7",0.860838
"9047_1",0.003577
"2300_9",0.909938
"1346_7",0.863153
"6316_4",0.969170
"7983_10",0.995241
"9685_10",0.223844
"2745_10",0.619983
"8149_1",0.146772
"9478_1",0.003586
"3126_3",0.119644
"11629_10",0.664035
"5858_8",0.673702
"200_8",0.990811
"7721_4",0.264763
"12334_8",0.868906
"9582_4",0.238521
"5696_9",0.090350
"3823_3",0.241218
"11571_4",0.547243
"1349_9",0.983629
"4306_7",0.994928
"6924_1",0.002033
"10639_10",0.337010
"5674_1",0.009866
"11321_1",0.001745
"771_4",0.551276
"3519_1",0.049136
"2378_2",0.012536
"5677_10",0.998246
"2807_4",0.111255
"10165_9",0.980666
"6940_1",0.084938
"11015_3",0.178895
"1055_3",0.027975
"11055_9",0.983822
"8173_1",0.704157
"10743_1",0.038353
"11927_3",0.109081
"8785_4",0.425562
"10995_1",0.033535
"11899_1",0.002150
"10078_10",0.984471
"11831_8",0.348632
"8182_1",0.222333
"9664_2",0.093942
"12229_9",0.998450
"6076_2",0.417722
"8529_2",0.027308
"4686_1",0.179698
"8174_9",0.999574
"7395_4",0.361233
"1803_10",0.996461
"2508_1",0.001553
"452_2",0.029780
"8830_4",0.813429
"3240_4",0.886831
"578_2",0.075835
"3093_2",0.101458
"9543_1",0.006976
"9065_4",0.149911
"534_4",0.912676
"9762_2",0.175962
"3037_1",0.015282
"4632_7",0.996284
"5064_8",0.696029
"9962_10",0.995140
"9340_10",0.960901
"5881_1",0.002093
"4642_10",0.997871
"5293_4",0.719364
"6721_1",0.033278
"9869_7",0.971985
"7070_10",0.986484
"12486_9",0.959791
"4943_9",0.966496
"7939_10",0.821389
"5786_3",0.295329
"10357_7",0.387429
"7147_10",0.998582
"8627_10",0.994535
"3370_1",0.263270
"4117_10",0.995513
"8178_7",0.995836
"968_8",0.998541
"5931_8",0.764048
"6459_2",0.016321
"2480_3",0.009445
"5511_10",0.124148
"7554_2",0.004195
"9276_8",0.992255
"140_2",0.122525
"2776_10",0.986472
"3690_1",0.501171
"6369_2",0.537309
"7438_10",0.997111
"872_9",0.688890
"2389_2",0.099130
"2882_3",0.277346
"10404_9",0.992526
"5790_4",0.049769
"2382_7",0.975852
"7798_1",0.003542
"272_1",0.030898
"298_1",0.090514
"11414_7",0.768476
"9255_4",0.352683
"5914_4",0.585924
"2974_7",0.992503
"6739_7",0.943874
"1229_7",0.430960
"2268_10",0.998308
"2352_7",0.967809
"9329_10",0.957333
"11380_10",0.993733
"215_4",0.028642
"9915_2",0.048845
"541_1",0.026332
"10975_2",0.058101
"6946_9",0.730654
"3286_7",0.923124
"7482_10",0.991936
"48_4",0.536857
"10046_4",0.707881
"6295_1",0.010316
"6417_4",0.003083
"2401_4",0.087858
"8608_1",0.303314
"3500_8",0.534077
"11903_3",0.031165
"4012_2",0.564285
"11415_4",0.014202
"5835_4",0.062563
"9039_4",0.010224
"6526_1",0.016420
"6379_8",0.315019
"6136_10",0.963712
"6094_4",0.354940
"11608_9",0.502727
"3745_3",0.577680
"10694_1",0.005189
"3222_10",0.994007
"3394_4",0.023867
"7790_10",0.922331
"2982_10",0.994647
"12253_3",0.961536
"5900_1",0.197199
"3398_4",0.488152
"10038_7",0.401017
"1520_8",0.343987
"11756_2",0.164274
"6228_1",0.020295
"6226_7",0.760601
"4377_10",0.630022
"9730_1",0.012998
"11088_4",0.658771
"7867_10",0.998495
"5072_1",0.170275
"7935_3",0.067571
"4536_3",0.168855
"6989_2",0.002722
"8101_8",0.900533
"3364_7",0.874675
"7862_1",0.004715
"8562_2",0.026255
"9783_9",0.969001
"7272_1",0.014768
"1025_3",0.040215
"9432_7",0.970955
"4153_8",0.996275
"8528_1",0.004247
"8427_4",0.542177
"5417_1",0.030935
"6575_1",0.277744
"10041_8",0.319816
"7589_4",0.469730
"10391_9",0.650394
"1400_7",0.296004
"9428_2",0.013320
"7106_3",0.029881
"5695_10",0.983296
"6430_10",0.992347
"11722_4",0.394427
"11328_1",0.007755
"9020_3",0.178120
"183_10",0.976909
"6674_10",0.968346
"5495_10",0.989628
"2237_7",0.645093
"11943_7",0.998807
"5872_10",0.562773
"5043_9",0.955836
"3869_1",0.042348
"5113_4",0.641718
"4671_3",0.001656
"9220_4",0.142808
"7330_1",0.000277
"5344_3",0.062749
"11965_1",0.005482
"7620_9",0.993427
"7044_10",0.774149
"6296_10",0.548654
"8204_1",0.013825
"7661_9",0.366651
"11708_2",0.031050
"2415_7",0.906569
"7840_4",0.019329
"2628_10",0.996972
"4633_3",0.049153
"7320_2",0.011418
"11755_1",0.338246
"2589_2",0.059248
"5044_10",0.999521
"5189_1",0.002033
"7926_7",0.855524
"2454_10",0.984205
"3368_1",0.011007
"12223_7",0.790314
"7348_1",0.002715
"12007_8",0.686712
"5501_7",0.972802
"4025_8",0.998431
"6447_10",0.901737
"5438_3",0.001388
"7910_10",0.775650
"377_1",0.004064
"409_8",0.999185
"2150_9",0.998140
"11986_2",0.059823
"2544_2",0.077551
"5141_10",0.998681
"8305_3",0.930142
"8329_10",0.990456
"2333_8",0.910626
"5171_4",0.207867
"5412_10",0.957632
"1081_10",0.968836
"10773_7",0.995067
"1969_10",0.933296
"8276_10",0.983946
"1244_1",0.129899
"7113_2",0.388238
"9535_2",0.006273
"4627_7",0.996248
"10757_4",0.309758
"10091_10",0.871016
"5211_10",0.858443
"7510_7",0.103878
"11674_10",0.978959
"5299_8",0.999280
"3515_8",0.972781
"10143_3",0.049417
"2274_10",0.996863
"2372_3",0.850371
"3116_8",0.997578
"7340_3",0.005411
"1394_9",0.946890
"2047_9",0.854499
"8587_2",0.478500
"11579_10",0.531088
"942_10",0.998819
"9355_4",0.367133
"8812_10",0.996809
"4732_2",0.128983
"3180_10",0.927220
"310_9",0.968908
"3980_8",0.908100
"6923_2",0.028919
"2424_9",0.918691
"1092_4",0.013037
"9238_7",0.889630
"2382_2",0.000289
"3579_1",0.019867
"6801_8",0.991045
"3768_8",0.949720
"11717_10",0.993832
"10001_9",0.860302
"355_10",0.919747
"8896_1",0.017131
"9772_1",0.020577
"7624_10",0.113308
"1102_3",0.011019
"10949_9",0.997351
"1269_10",0.979326
"11768_4",0.007048
"5555_4",0.042464
"2233_9",0.899723
"6567_8",0.596823
"12130_8",0.997615
"8587_7",0.997385
"10973_1",0.025914
"3863_10",0.997609
"9220_8",0.435615
"7579_10",0.998842
"4411_10",0.962018
"2093_8",0.992978
"10883_10",0.964678
"3583_3",0.028080
"1396_8",0.996852
"1930_3",0.170975
"8779_1",0.403925
"12478_9",0.994962
"176_9",0.539212
"11733_10",0.975381
"11368_1",0.004064
"4077_8",0.683320
"11056_7",0.921684
"5567_3",0.021297
"8549_3",0.054596
"9743_1",0.005711
"6916_9",0.999648
"6147_1",0.884748
"7820_7",0.998542
"1352_7",0.994800
"5337_10",0.973136
"12285_3",0.101316
"8992_2",0.017438
"4644_2",0.001867
"9793_10",0.729149
"2359_10",0.302492
"2137_9",0.992756
"10559_3",0.039250
"2679_3",0.015880
"10010_2",0.037638
"11987_10",0.690446
"8824_10",0.997847
"11418_7",0.921086
"2423_9",0.960392
"1576_7",0.678964
"7947_4",0.249206
"1714_10",0.717440
"6006_8",0.993530
"939_8",0.716832
"3755_4",0.058334
"3213_3",0.006413
"164_2",0.009882
"1123_10",0.998712
"7397_7",0.240936
"822_1",0.000301
"5631_2",0.048427
"10464_10",0.991913
"11397_10",0.991319
"10679_3",0.005229
"8205_1",0.002897
"6947_10",0.976189
"2000_1",0.002752
"4075_7",0.930523
"1388_8",0.604771
"446_1",0.003119
"1063_2",0.003612
"6030_3",0.317334
"5613_2",0.040464
"8759_3",0.445974
"12169_1",0.006637
"5111_4",0.035371
"2891_4",0.766788
"827_1",0.086105
"6229_8",0.978679
"2212_4",0.816497
"4788_9",0.896592
"8859_1",0.000805
"9798_10",0.993186
"9763_9",0.796886
"3889_7",0.872045
"3275_8",0.968246
"5106_10",0.990967
"7576_10",0.993517
"9405_3",0.121815
"7108_1",0.030755
"9794_10",0.944644
"2653_10",0.987919
"10545_10",0.996079
"12306_10",0.726431
"4696_2",0.011257
"7982_10",0.998445
"11066_3",0.474631
"10034_1",0.006638
"6035_3",0.009770
"9518_9",0.996236
"1266_8",0.996687
"11336_9",0.645026
"4159_10",0.995934
"9375_8",0.997899
"5204_1",0.016169
"3360_10",0.994572
"5659_1",0.129700
"8839_4",0.285942
"4529_7",0.988874
"3283_2",0.400084
"5376_7",0.952524
"5379_8",0.999850
"5266_4",0.052400
"7463_9",0.970540
"3595_1",0.020522
"3141_10",0.691547
"9986_2",0.070376
"4279_1",0.036262
"1427_4",0.364044
"8357_10",0.785698
"715_4",0.502657
"8482_9",0.986266
"3091_10",0.854945
"5735_7",0.862796
"3100_4",0.026861
"11447_8",0.970337
"4577_1",0.003688
"10287_10",0.602269
"3384_3",0.017805
"3820_9",0.943636
"8883_3",0.012098
"11279_10",0.837678
"3093_8",0.746309
"10465_3",0.004799
"4423_10",0.999212
"601_3",0.005619
"1902_10",0.982029
"1509_8",0.425518
"3019_9",0.994013
"11994_9",0.987985
"4246_2",0.529213
"842_10",0.998480
"4917_8",0.701013
"68_1",0.010138
"6613_2",0.004567
"7230_10",0.802230
"6183_4",0.212829
"338_10",0.961297
"6182_8",0.998143
"2409_1",0.020970
"9965_8",0.966900
"1336_10",0.592007
"4456_2",0.022056
"12437_8",0.980437
"8437_10",0.971337
"409_4",0.057905
"2303_10",0.945032
"2144_9",0.106421
"2302_8",0.998157
"385_9",0.364439
"3617_8",0.942461
"5450_7",0.922674
"6882_4",0.015447
"2980_4",0.601392
"9828_4",0.043960
"10745_8",0.466572
"3478_1",0.003944
"2167_2",0.026057
"5562_2",0.003403
"8771_7",0.796468
"8372_10",0.984387
"10749_8",0.481247
"7394_10",0.152441
"3711_7",0.994438
"5375_1",0.483914
"7881_7",0.828274
"7023_2",0.005985
"206_10",0.996322
"4760_9",0.994780
"12026_1",0.009193
"12182_10",0.676573
"1821_8",0.998913
"10828_1",0.019182
"2446_10",0.624094
"5327_10",0.889078
"5727_3",0.000597
"11460_4",0.266889
"6484_10",0.917195
"3555_4",0.422527
"10641_8",0.991825
"650_3",0.495142
"1467_10",0.990327
"7651_3",0.043828
"11459_4",0.060984
"9255_10",0.794212
"7888_10",0.980107
"4118_2",0.016736
"2540_9",0.651166
"2152_7",0.875119
"2614_10",0.978835
"2892_10",0.819997
"3878_1",0.005124
"273_10",0.994944
"5565_10",0.990017
"444_10",0.978761
"11062_10",0.865077
"5184_1",0.003755
"12140_3",0.085543
"3254_8",0.896420
"11537_7",0.965354
"7606_10",0.935442
"6120_2",0.022482
"7416_10",0.992995
"10759_3",0.024643
"12255_9",0.998565
"1114_10",0.992128
"6827_8",0.805803
"10246_2",0.063602
"204_9",0.999473
"5816_10",0.963209
"2693_9",0.933195
"2578_2",0.018039
"4958_3",0.117571
"7873_10",0.964001
"8795_2",0.208730
"1431_3",0.012901
"11635_7",0.689776
"1327_3",0.005442
"10813_7",0.807915
"9764_4",0.387062
"5861_8",0.736925
"8995_3",0.014790
"2243_1",0.009989
"11708_7",0.981747
"1998_2",0.141071
"11887_8",0.988778
"4836_10",0.417617
"1603_4",0.224726
"9860_4",0.024070
"1728_1",0.011993
"12108_1",0.039965
"9756_4",0.964368
"1325_3",0.165953
"5174_1",0.029433
"9917_2",0.182431
"6101_1",0.001590
"2010_10",0.994580
"1132_8",0.991193
"8516_1",0.081322
"3563_1",0.021292
"2362_10",0.975960
"10971_1",0.010499
"8672_9",0.995818
"2863_2",0.009429
"2750_1",0.063941
"8599_4",0.003349
"12115_7",0.875644
"4921_2",0.000987
"2975_2",0.001217
"4245_8",0.989551
"10778_10",0.988946
"7816_7",0.938004
"9131_1",0.781676
"5541_3",0.054607
"7956_1",0.010286
"780_3",0.166582
"1052_10",0.966875
"6842_8",0.982422
"8279_10",0.998954
"9653_3",0.509291
"3025_1",0.013086
"1174_1",0.004619
"1039_10",0.953811
"4609_10",0.993544
"2150_1",0.007421
"6289_7",0.014225
"2963_2",0.045809
"8801_1",0.039346
"5196_7",0.994332
"5723_2",0.016916
"10530_10",0.998944
"9473_1",0.017506
"3355_3",0.001558
"5388_3",0.355532
"12102_2",0.029931
"11038_10",0.995381
"9672_1",0.005056
"6875_8",0.903660
"4754_8",0.798508
"6814_3",0.374059
"8937_3",0.336817
"7077_4",0.080081
"1782_1",0.017988
"631_4",0.213086
"7876_1",0.026470
"74_4",0.012940
"2846_9",0.811909
"4190_1",0.048981
"7843_4",0.054368
"7528_7",0.091958
"2396_8",0.886703
"790_1",0.000159
"2020_7",0.956588
"2526_1",0.074984
"8104_8",0.982793
"12372_2",0.009207
"417_1",0.277108
"1318_2",0.035264
"4530_1",0.005189
"2370_4",0.974722
"1886_10",0.997304
"9386_1",0.016774
"7863_1",0.000577
"3864_10",0.999263
"6559_2",0.003227
"7855_7",0.654580
"1672_1",0.026552
"8453_2",0.157462
"8373_3",0.100697
"9770_10",0.995198
"12009_1",0.002946
"2770_3",0.005584
"4618_7",0.969096
"9797_10",0.844405
"6605_1",0.026493
"10176_1",0.032689
"8949_10",0.988391
"5401_7",0.609235
"3295_7",0.985830
"4791_1",0.217059
"4016_1",0.180291
"4314_10",0.581550
"2903_1",0.019520
"3835_9",0.953294
"7532_1",0.007611
"729_10",0.947121
"5753_1",0.572091
"11976_2",0.002636
"3027_1",0.055693
"9721_9",0.913858
"11295_3",0.447936
"3241_1",0.023014
"5389_9",0.995589
"9889_1",0.109918
"3522_4",0.010561
"10865_8",0.925762
"1015_8",0.986735
"5048_10",0.996580
"2671_2",0.088956
"2841_4",0.082528
"4928_1",0.024921
"10499_1",0.097788
"9409_10",0.998148
"974_10",0.129070
"11582_7",0.955267
"9988_10",0.987891
"3463_8",0.983324
"5194_1",0.578829
"3377_4",0.148578
"4352_1",0.537193
"10862_1",0.004401
"1545_7",0.680302
"9801_10",0.983387
"1905_2",0.008054
"12276_9",0.976455
"7544_1",0.010743
"10056_1",0.135945
"3623_1",0.015909
"4013_7",0.173211
"1294_4",0.265081
"10285_9",0.994385
"7793_10",0.997724
"3809_9",0.996719
"4586_3",0.013691
"7511_1",0.035020
"10873_4",0.047320
"4888_8",0.466582
"4349_10",0.947821
"1531_3",0.455362
"8884_3",0.042364
"7336_3",0.061226
"9688_10",0.545121
"7208_1",0.011617
"4355_8",0.982096
"6098_2",0.002806
"9106_10",0.994098
"6422_1",0.001687
"2054_9",0.949823
"550_8",0.932456
"402_8",0.990913
"11832_10",0.997678
"10256_10",0.985572
"6131_1",0.002134
"11907_4",0.083278
"4459_4",0.021619
"8555_7",0.982752
"5079_2",0.001727
"10304_2",0.006379
"10489_1",0.001880
"566_3",0.836435
"1999_1",0.019470
"590_1",0.031834
"11159_1",0.142242
"10612_9",0.981115
"10810_2",0.032148
"11658_4",0.022392
"1950_9",0.873127
"8977_4",0.102869
"9040_1",0.181959
"2891_10",0.747556
"2966_10",0.954845
"8665_4",0.252375
"6600_1",0.003293
"9308_1",0.155509
"7870_10",0.997717
"10511_1",0.167486
"7235_8",0.300936
"132_9",0.991085
"1575_8",0.973135
"3328_8",0.845766
"3273_1",0.003179
"9475_4",0.749499
"10938_7",0.426058
"8143_7",0.819545
"9003_10",0.990218
"9854_10",0.985700
"9932_2",0.012103
"1017_7",0.362604
"4386_9",0.984761
"1105_3",0.105217
"7315_7",0.811940
"37_9",0.999006
"8409_10",0.979155
"12118_1",0.169654
"1665_8",0.991917
"10284_1",0.004431
"8922_3",0.313616
"2524_2",0.005221
"11205_2",0.002724
"4676_8",0.995438
"10479_4",0.498374
"9849_8",0.480336
"4841_3",0.630620
"9153_9",0.926112
"9279_8",0.985799
"11008_10",0.783187
"614_10",0.998426
"167_2",0.049733
"2041_1",0.004628
"6509_8",0.960655
"9832_7",0.479591
"5939_7",0.248064
"3267_3",0.122526
"3555_9",0.844637
"1668_7",0.991417
"11048_1",0.005940
"1856_3",0.033813
"4426_10",0.995528
"8457_3",0.771752
"6603_10",0.970554
"4738_1",0.002167
"11762_8",0.903218
"2078_10",0.959840
"6754_1",0.003049
"11721_2",0.004536
"11558_3",0.476959
"973_10",0.995432
"814_4",0.006764
"2102_3",0.002200
"11394_4",0.078237
"312_4",0.008996
"2994_1",0.024968
"5649_7",0.956203
"7281_8",0.737192
"2756_4",0.142170
"2137_1",0.007907
"8696_2",0.135083
"1158_3",0.114646
"4531_1",0.010772
"10047_10",0.994643
"683_7",0.772369
"8645_10",0.964435
"889_3",0.085824
"4202_2",0.000561
"3859_10",0.925560
"5038_8",0.999304
"6906_9",0.971425
"4154_8",0.883399
"9548_1",0.011037
"4434_9",0.922430
"9235_9",0.196104
"2368_8",0.962898
"8391_2",0.001498
"1391_7",0.639632
"4317_1",0.040273
"8345_4",0.229705
"8610_1",0.020768
"2888_10",0.809997
"5597_3",0.023735
"4900_7",0.606349
"3016_2",0.203914
"1057_2",0.017434
"5143_8",0.974468
"6932_2",0.078759
"7879_10",0.997346
"9300_3",0.023343
"12142_2",0.033866
"3426_3",0.427014
"7977_7",0.615784
"1573_3",0.599179
"336_10",0.993509
"4248_10",0.953249
"9693_7",0.029690
"7753_4",0.246533
"2290_10",0.938458
"9156_8",0.962072
"5526_4",0.093199
"3896_8",0.780958
"8520_7",0.960775
"3566_4",0.026391
"6386_7",0.988639
"4201_1",0.998770
"372_9",0.982205
"6768_8",0.997545
"9177_8",0.946094
"1079_1",0.031196
"934_10",0.998380
"11918_2",0.002971
"4867_4",0.019091
"12449_8",0.998813
"7907_10",0.998754
"4508_3",0.015808
"1075_2",0.006932
"11466_8",0.724218
"10935_2",0.149813
"4826_9",0.893195
"4814_7",0.970553
"8676_4",0.963527
"1058_1",0.002028
"7831_2",0.002013
"1150_9",0.997952
"5395_1",0.038029
"5435_7",0.939986
"1745_1",0.001709
"11278_4",0.223543
"8629_1",0.531140
"3145_9",0.986817
"8108_10",0.889452
"6377_1",0.153540
"10298_1",0.004504
"12265_1",0.045762
"11930_8",0.420417
"2511_10",0.995710
"7955_1",0.002291
"2335_9",0.813228
"3194_10",0.979952
"6724_10",0.890124
"9406_1",0.092554
"11369_1",0.003769
"1972_4",0.009175
"6900_8",0.981777
"7813_7",0.884543
"785_7",0.650294
"6368_3",0.022122
"2163_1",0.054617
"11487_8",0.985888
"4292_7",0.526613
"7451_4",0.103910
"11465_2",0.012395
"7641_8",0.994998
"8250_8",0.595485
"4490_1",0.016629
"10452_1",0.140650
"7442_3",0.022184
"3027_9",0.994821
"235_7",0.996644
"3750_7",0.868841
"8700_1",0.002981
"3584_10",0.763341
"7217_7",0.842428
"7769_10",0.999213
"10149_9",0.984502
"7607_2",0.024908
"7749_1",0.018350
"12067_1",0.010168
"388_10",0.992420
"6596_1",0.011611
"10242_2",0.636813
"3853_1",0.002195
"5726_4",0.008477
"9031_9",0.022702
"1543_7",0.987136
"1442_8",0.955863
"6336_10",0.937991
"5929_4",0.900319
"3378_3",0.454611
"183_4",0.128224
"3518_9",0.994025
"5870_8",0.999143
"5053_4",0.036731
"7330_7",0.993611
"9553_9",0.930544
"9552_10",0.946299
"8515_10",0.693176
"1666_9",0.993522
"6661_3",0.250355
"8721_1",0.012842
"1368_1",0.040873
"5076_9",0.744071
"12353_2",0.281789
"1099_7",0.999145
"8669_9",0.825805
"2564_8",0.981676
"4369_10",0.986909
"11951_4",0.016313
"11384_3",0.988809
"7459_3",0.156145
"6776_9",0.689174
"6673_3",0.007942
"2500_8",0.993357
"8739_3",0.004899
"3828_1",0.010019
"7945_2",0.774464
"7934_10",0.979031
"4571_1",0.468952
"11689_7",0.906910
"3681_10",0.967634
"5110_4",0.394551
"5953_8",0.992006
"10906_4",0.003826
"3424_8",0.937189
"6492_7",0.990502
"10450_1",0.034231
"4856_8",0.119106
"12019_1",0.162661
"1390_8",0.998592
"6452_4",0.087862
"4916_4",0.030274
"3979_3",0.003549
"6023_3",0.079120
"5762_1",0.002261
"4176_9",0.974194
"7194_2",0.291181
"3143_7",0.789529
"954_8",0.997426
"5291_1",0.030430
"2258_1",0.170285
"5412_1",0.054440
"4088_3",0.033445
"4312_1",0.018874
"517_1",0.001588
"5601_1",0.003695
"288_1",0.038058
"234_3",0.365380
"6665_8",0.996673
"6957_3",0.005929
"4454_2",0.018934
"3270_8",0.978997
"4500_3",0.104139
"7551_1",0.004233
"9033_4",0.110266
"2619_10",0.490228
"10093_10",0.981978
"5483_2",0.035648
"8383_1",0.008928
"11683_1",0.018172
"10649_1",0.175938
"181_3",0.397444
"3668_2",0.002067
"3769_1",0.030642
"11519_3",0.797377
"5716_10",0.783528
"10918_8",0.747636
"3103_1",0.007161
"7210_10",0.990960
"2515_8",0.980175
"8424_9",0.916011
"1404_10",0.998862
"3158_10",0.889688
"4996_2",0.008278
"5493_3",0.119082
"8540_9",0.934648
"8960_8",0.920362
"11274_3",0.085293
"11067_10",0.996441
"3335_2",0.123357
"6578_4",0.030736
"916_10",0.981164
"3844_1",0.019953
"7108_8",0.573158
"565_2",0.967636
"11622_3",0.037391
"10700_1",0.002052
"10483_1",0.234989
"8951_9",0.988972
"6326_8",0.998689
"3035_8",0.853283
"2292_10",0.891626
"11013_4",0.127350
"10618_1",0.016424
"11544_1",0.003604
"7550_10",0.983701
"289_8",0.991249
"6571_10",0.973902
"6056_10",0.294433
"10814_1",0.003051
"9377_1",0.007595
"1577_8",0.113582
"9268_9",0.999325
"10116_10",0.996444
"7411_10",0.998408
"12279_4",0.674213
"3575_1",0.555009
"8105_8",0.990093
"6092_10",0.999159
"12406_1",0.007926
"1117_2",0.002181
"12358_7",0.964164
"4469_9",0.974027
"7055_2",0.004620
"10412_8",0.988597
"12155_10",0.458956
"11222_3",0.018110
"9622_9",0.865363
"8992_8",0.995005
"5305_3",0.082019
"8111_10",0.996055
"3436_1",0.004127
"2748_8",0.991078
"6527_10",0.967227
"672_8",0.958389
"8172_4",0.158894
"5513_10",0.998687
"741_7",0.400472
"8886_7",0.994410
"6939_1",0.011750
"12235_1",0.003449
"10607_1",0.001938
"4708_10",0.969468
"9034_10",0.994885
"6600_10",0.822334
"2934_1",0.248187
"12168_10",0.975806
"9362_9",0.908801
"9627_8",0.996374
"9547_8",0.058520
"4108_2",0.014968
"10293_9",0.919461
"10105_8",0.807488
"11864_7",0.991938
"2843_7",0.127014
"836_9",0.993224
"6201_1",0.000801
"8192_4",0.911777
"2596_1",0.046564
"6847_3",0.748052
"8794_1",0.006874
"7281_4",0.006256
"9678_2",0.007385
"10950_3",0.435978
"5845_4",0.008304
"6187_10",0.982840
"4684_9",0.896304
"10852_1",0.035967
"11542_3",0.045061
"5385_1",0.083963
"9597_3",0.291901
"8975_3",0.058201
"10766_3",0.309183
"4236_8",0.768032
"118_1",0.000741
"7278_7",0.980514
"11069_7",0.996641
"1002_3",0.224553
"4210_7",0.998807
"8514_10",0.941479
"9676_1",0.189570
"11826_10",0.994459
"8216_8",0.993603
"575_4",0.014928
"3867_8",0.998526
"321_10",0.897102
"1654_1",0.009011
"973_4",0.388732
"8796_3",0.008702
"145_1",0.003664
"2649_2",0.123861
"2432_2",0.133125
"5713_10",0.998703
"6851_1",0.596433
"3523_7",0.936462
"9862_9",0.942363
"8888_9",0.797344
"12343_1",0.001935
"2298_9",0.996175
"7129_1",0.003764
"12163_7",0.907397
"1090_1",0.055824
"8249_7",0.996373
"3716_7",0.824203
"8095_4",0.317784
"9739_8",0.991124
"7041_1",0.011222
"7673_10",0.996988
"210_4",0.198958
"283_8",0.979144
"12361_9",0.999756
"9254_10",0.995985
"5598_1",0.009691
"128_10",0.999805
"11557_7",0.971216
"10232_10",0.996225
"10747_7",0.976421
"9984_9",0.985547
"9618_1",0.022474
"7976_10",0.725385
"5788_10",0.721814
"7378_4",0.484797
"2047_3",0.526857
"10053_10",0.953672
"8399_4",0.006971
"7925_10",0.952100
"6830_9",0.374871
"2530_9",0.876721
"9521_1",0.048762
"784_10",0.998819
"10417_7",0.989951
"2198_9",0.631152
"8219_8",0.991114
"6896_4",0.328408
"5341_7",0.986741
"2386_9",0.989300
"2323_8",0.971236
"9028_2",0.094667
"6983_7",0.977644
"9885_7",0.946215
"11720_1",0.003656
"8409_3",0.009358
"5797_7",0.995886
"7729_9",0.998637
"10591_10",0.998802
"9593_9",0.959500
"6364_4",0.000791
"7215_3",0.013683
"3653_2",0.032098
"4533_8",0.545071
"10899_8",0.976114
"8312_10",0.962506
"9543_10",0.993913
"5608_8",0.562445
"1432_10",0.882268
"5562_9",0.951329
"12171_9",0.235678
"4428_10",0.999224
"2062_2",0.016733
"8468_8",0.919428
"827_8",0.950146
"11539_3",0.061505
"4215_3",0.000667
"11310_3",0.214664
"4525_1",0.002933
"2093_1",0.004051
"11238_4",0.152515
"5523_8",0.962443
"9848_9",0.992319
"10000_4",0.011577
"10304_7",0.930678
"511_3",0.008246
"1807_7",0.862624
"9080_7",0.917083
"1808_9",0.989075
"6283_8",0.906974
"5913_1",0.002033
"685_1",0.012887
"9505_8",0.885788
"7152_1",0.053732
"11292_1",0.000651
"8334_10",0.954679
"11476_1",0.006740
"3431_10",0.860694
"4019_1",0.004220
"7292_3",0.178268
"1990_7",0.932981
"1574_1",0.056299
"5516_8",0.686015
"4687_10",0.962310
"11493_2",0.015429
"771_9",0.786467
"8864_1",0.004280
"3001_7",0.965739
"423_2",0.124319
"5062_7",0.837179
"5198_1",0.006266
"7303_1",0.029513
"7433_2",0.003142
"3085_7",0.976371
"3293_9",0.986692
"12426_7",0.356012
"5775_3",0.067753
"7358_1",0.011588
"3851_2",0.068462
"4785_10",0.473433
"9650_4",0.100925
"553_9",0.976012
"401_10",0.932272
"11522_8",0.996692
"5222_7",0.977639
"5042_7",0.460593
"2638_7",0.504556
"11883_10",0.991949
"11476_10",0.887957
"4999_10",0.998077
"10360_1",0.014113
"3443_9",0.977491
"1138_1",0.693527
"1898_10",0.586214
"6069_3",0.008927
"12101_2",0.010832
"1953_10",0.900268
"8679_10",0.997496
"10348_10",0.684068
"2208_3",0.260321
"3886_8",0.994852
"3734_2",0.007771
"1330_10",0.979939
"4639_3",0.098201
"6837_7",0.988520
"6520_8",0.997665
"653_10",0.996804
"5373_1",0.229497
"8074_10",0.987955
"3906_8",0.916836
"9264_1",0.015278
"2160_2",0.011475
"624_3",0.869693
"3899_1",0.009764
"2181_7",0.142926
"7932_4",0.334701
"8278_1",0.148097
"7162_9",0.993675
"185_4",0.381237
"1997_8",0.975400
"7295_9",0.871074
"1083_3",0.018721
"4678_2",0.006910
"4859_10",0.212735
"9091_8",0.998369
"397_3",0.002517
"11157_9",0.847341
"11261_10",0.602960
"10828_9",0.993824
"2452_7",0.854484
"10268_7",0.956957
"10306_1",0.007215
"18_8",0.995313
"7998_10",0.913589
"8574_10",0.998938
"2953_10",0.995576
"8996_9",0.992956
"7389_9",0.998865
"202_4",0.084195
"5612_4",0.090986
"9916_8",0.023209
"7606_1",0.006695
"1585_8",0.768827
"11803_2",0.202639
"236_10",0.998729
"7827_4",0.223701
"5423_2",0.269339
"3625_1",0.118709
"9887_9",0.995782
"3429_8",0.926330
"372_2",0.073607
"1228_4",0.068146
"7891_10",0.950727
"4387_1",0.000605
"6067_1",0.010498
"7822_1",0.005161
"10898_2",0.014099
"512_2",0.004031
"647_9",0.044742
"5361_4",0.036683
"8583_4",0.001433
"2858_2",0.631814
"4920_10",0.996281
"6857_2",0.137594
"925_2",0.024847
"2959_3",0.915851
"11481_10",0.435789
"10824_1",0.198889
"1577_4",0.012993
"2231_7",0.331748
"11545_3",0.020967
"1539_2",0.012668
"9657_4",0.269728
"10362_7",0.706509
"11131_2",0.136803
"9833_7",0.963982
"8495_10",0.902191
"11781_2",0.012812
"1056_8",0.993119
"9402_1",0.004685
"6212_1",0.003533
"3151_1",0.013554
"5921_3",0.022690
"2198_4",0.027259
"269_2",0.310609
"11464_8",0.859155
"30_4",0.027421
"5300_1",0.005558
"2277_3",0.003444
"10410_10",0.301239
"5233_1",0.212299
"4336_10",0.980667
"3084_10",0.990478
"2908_8",0.996257
"2814_4",0.238470
"8347_10",0.991956
"2319_1",0.007349
"16_1",0.008000
"821_10",0.984885
"2793_10",0.783032
"9909_9",0.989255
"6934_3",0.032596
"9138_1",0.147739
"702_1",0.030417
"3886_3",0.118829
"8311_8",0.574046
"9199_1",0.033625
"1254_10",0.999470
"6590_7",0.970721
"3040_8",0.994320
"849_7",0.894640
"7555_10",0.998463
"9668_3",0.061818
"10942_7",0.551899
"11343_2",0.034803
"7906_10",0.786559
"11671_10",0.962771
"126_4",0.143269
"9623_8",0.986594
"2872_3",0.015377
"11895_10",0.997844
"3245_1",0.010188
"6145_8",0.992546
"1022_10",0.977588
"6261_1",0.027388
"6888_3",0.759563
"12443_1",0.003256
"7433_10",0.924591
"6512_7",0.647673
"4161_9",0.984588
"6745_7",0.743393
"1993_10",0.970490
"6325_3",0.050637
"12484_9",0.711616
"2204_10",0.997907
"8065_7",0.869864
"1705_7",0.513952
"9370_1",0.119052
"6150_1",0.051721
"3587_10",0.995644
"1906_1",0.227220
"5706_4",0.820064
"3854_9",0.998465
"9655_3",0.109212
"6736_2",0.075957
"2096_9",0.985181
"2846_2",0.268681
"11849_1",0.014053
"5224_1",0.055845
"2987_8",0.456178
"11058_8",0.505268
"2917_3",0.065900
"459_9",0.971869
"9418_7",0.801400
"5803_2",0.010462
"6742_10",0.982279
"2268_4",0.008325
"6832_7",0.391340
"4834_7",0.977464
"9532_1",0.029302
"8197_8",0.992640
"7728_1",0.003103
"1958_2",0.013979
"5380_8",0.997527
"4896_2",0.090723
"9529_2",0.010922
"3322_7",0.389757
"7629_4",0.075001
"9962_4",0.506014
"9277_4",0.004880
"1071_2",0.218766
"8266_2",0.082107
"6812_8",0.564818
"3196_7",0.033832
"3430_2",0.024311
"6052_10",0.966899
"221_3",0.008500
"3244_1",0.290152
"4846_1",0.005504
"2876_7",0.722046
"4247_4",0.006848
"11608_1",0.014745
"564_4",0.231355
"1978_2",0.020789
"4089_10",0.795478
"1633_8",0.876209
"8983_4",0.060190
"10909_7",0.996246
"8135_8",0.394904
"12238_1",0.004713
"9564_3",0.027572
"10174_9",0.607229
"1690_9",0.929911
"4756_8",0.990904
"10718_10",0.996063
"3489_7",0.925710
"2124_1",0.001649
"3842_3",0.004792
"2700_4",0.203426
"5960_8",0.983610
"6193_1",0.708610
"6719_7",0.782349
"7922_8",0.880863
"12132_8",0.887828
"10169_8",0.972585
"1486_4",0.161331
"8455_1",0.051447
"10019_1",0.001874
"7028_10",0.326853
"787_9",0.942624
"2414_4",0.073075
"7182_7",0.965495
"5548_9",0.973357
"3963_7",0.919227
"1584_7",0.152284
"6825_3",0.055141
"6588_3",0.111606
"10573_3",0.536207
"6693_10",0.996958
"5541_7",0.672276
"12053_9",0.972844
"3662_9",0.995410
"6829_10",0.996540
"285_10",0.992119
"1270_4",0.867729
"4320_10",0.512667
"1333_3",0.019140
"6618_1",0.955328
"10119_1",0.095538
"2886_1",0.013810
"8811_7",0.865030
"11087_9",0.995030
"3436_8",0.596601
"10479_10",0.971106
"8365_9",0.978857
"12140_8",0.964525
"6981_7",0.271580
"10447_2",0.034165
"10352_1",0.008776
"943_8",0.988892
"513_1",0.013717
"11192_1",0.002776
"587_3",0.043313
"3420_10",0.896474
"10030_7",0.781932
"3026_10",0.940871
"3145_1",0.138558
"2230_9",0.686447
"5193_1",0.014264
"11337_8",0.978538
"3601_9",0.995112
"3628_10",0.998170
"4952_10",0.610112
"1775_10",0.970064
"8141_4",0.020596
"572_3",0.212237
"6732_3",0.007238
"4274_4",0.023341
"5892_3",0.110666
"7035_10",0.999088
"5354_4",0.022585
"4264_4",0.126601
"8151_9",0.998277
"376_2",0.026350
"5352_1",0.000457
"1365_8",0.477120
"8272_10",0.971233
"6942_4",0.014902
"9067_4",0.812068
"11428_1",0.004865
"7308_3",0.476611
"8349_10",0.995254
"11336_4",0.595630
"551_9",0.986310
"4721_10",0.970893
"4862_1",0.187191
"5469_4",0.540697
"3834_10",0.999254
"4717_10",0.999417
"4202_9",0.970002
"5335_4",0.406988
"7587_8",0.991214
"10827_4",0.057868
"3432_1",0.004489
"6110_4",0.987849
"5618_7",0.859091
"11808_1",0.008090
"9293_4",0.730086
"2163_8",0.746007
"4802_1",0.085073
"5476_7",0.993750
"9991_1",0.003043
"2681_10",0.984540
"11728_2",0.347205
"1466_8",0.990985
"4853_7",0.503131
"3668_9",0.638930
"5334_7",0.985725
"12017_8",0.992455
"2046_9",0.990874
"2652_7",0.932140
"2250_8",0.962186
"2253_1",0.004691
"9733_10",0.723180
"3_4",0.925157
"6129_8",0.094707
"6858_3",0.204796
"371_8",0.997339
"1111_3",0.036633
"12330_1",0.141383
"3219_1",0.023336
"11372_9",0.749314
"1434_4",0.052781
"8232_7",0.947111
"7883_1",0.001953
"9151_2",0.083688
"10574_3",0.120995
"9376_8",0.937357
"7737_1",0.621450
"7410_8",0.841299
"10488_7",0.841718
"5906_10",0.984956
"5308_10",0.770684
"11266_2",0.011298
"7627_1",0.001427
"218_3",0.003201
"9031_2",0.027802
"3427_10",0.994619
"8532_3",0.001157
"6588_9",0.958794
"9744_1",0.016163
"3061_1",0.043995
"11668_9",0.986347
"9331_1",0.005919
"238_9",0.950047
"10593_8",0.451528
"4441_9",0.941630
"3717_3",0.020870
"5618_4",0.009558
"4353_10",0.993566
"1268_2",0.034124
"5178_3",0.392537
"2991_1",0.002774
"9976_9",0.979516
"7891_1",0.033213
"445_3",0.098455
"11158_7",0.648728
"10328_1",0.058822
"9137_9",0.996908
"7399_2",0.113796
"1187_7",0.832042
"10642_1",0.011953
"3939_3",0.033165
"5310_9",0.988861
"2087_9",0.991463
"57_4",0.176258
"4645_10",0.747924
"1734_4",0.284778
"8924_1",0.012279
"4418_3",0.001384
"9403_1",0.002619
"12065_10",0.907348
"6763_3",0.497694
"3882_8",0.971739
"7286_3",0.026183
"9259_9",0.953078
"5134_3",0.015154
"10166_4",0.789458
"8362_3",0.659438
"9701_4",0.544768
"4227_7",0.677204
"8483_10",0.945476
"6002_3",0.003794
"5815_9",0.934363
"9385_10",0.896609
"11047_1",0.010242
"6306_1",0.003949
"9141_2",0.039525
"4594_1",0.007682
"10471_4",0.245519
"48_9",0.985539
"8133_8",0.997874
"8493_1",0.047404
"3425_8",0.964747
"5731_9",0.998237
"4373_10",0.896936
"4366_10",0.961777
"6123_10",0.213031
"1430_3",0.004425
"508_7",0.949296
"11600_10",0.933769
"11767_8",0.995926
"1597_1",0.004595
"7257_8",0.997071
"244_2",0.000382
"116_4",0.526790
"7856_10",0.988797
"7640_9",0.983964
"10956_8",0.990520
"11002_3",0.004817
"11666_10",0.998593
"7683_4",0.411434
"10846_4",0.020126
"1317_2",0.036969
"5_7",0.795875
"8526_2",0.017167
"1526_7",0.830044
"3144_9",0.995486
"241_7",0.996362
"8953_1",0.001634
"5919_8",0.939554
"7983_4",0.001947
"5222_2",0.007095
"1662_1",0.039581
"5830_10",0.977498
"859_1",0.198254
"10761_8",0.240109
"12037_7",0.512253
"2629_10",0.998664
"1019_10",0.996805
"11270_10",0.287575
"620_8",0.988000
"6718_10",0.764547
"1402_8",0.975524
"6804_1",0.007549
"11743_1",0.125621
"3117_10",0.890479
"7441_9",0.932343
"4553_2",0.010795
"5182_10",0.977125
"81_9",0.323036
"8343_10",0.830477
"2030_1",0.001297
"7866_7",0.991259
"11132_1",0.021407
"879_3",0.041423
"6547_10",0.997512
"11166_4",0.021702
"7427_1",0.001913
"5848_4",0.834816
"10734_2",0.049275
"11263_10",0.995837
"9761_7",0.857493
"7582_10",0.981518
"3849_1",0.001888
"8242_10",0.864370
"309_10",0.997198
"5492_1",0.020697
"4294_2",0.586949
"7222_7",0.687208
"3365_1",0.000519
"11084_7",0.983711
"50_10",0.999207
"3234_1",0.044267
"10155_7",0.284188
"1181_1",0.001373
"1505_3",0.022694
"11926_1",0.004565
"12174_3",0.017370
"4589_4",0.001816
"12421_8",0.999257
"1079_8",0.998337
"4852_8",0.978216
"11753_8",0.982857
"11257_10",0.994898
"8270_1",0.005227
"7690_3",0.006681
"12354_8",0.506046
"11419_8",0.995717
"7587_4",0.060337
"818_9",0.827782
"10431_10",0.981465
"12056_4",0.561136
"7595_10",0.975933
"2601_1",0.011413
"10022_10",0.999592
"4124_1",0.366091
"11573_10",0.995704
"9868_1",0.016329
"7093_1",0.034533
"4993_3",0.002947
"3192_8",0.995406
"8269_10",0.979580
"5767_10",0.911713
"8440_7",0.700464
"1038_10",0.556109
"525_9",0.993493
"689_3",0.012260
"10989_1",0.001016
"6166_4",0.207950
"6452_10",0.996145
"3217_1",0.001927
"11629_4",0.270909
"4338_1",0.013363
"2822_1",0.002445
"11252_7",0.039252
"11097_9",0.985839
"7124_10",0.996429
"261_3",0.045978
"7828_10",0.974577
"9030_7",0.825498
"9723_2",0.009739
"6924_9",0.955308
"11945_4",0.980723
"11811_2",0.003585
"3115_8",0.975057
"4381_9",0.940806
"676_1",0.874574
"8002_9",0.818184
"9209_3",0.513995
"1677_10",0.961103
"7094_7",0.733929
"12193_8",0.976309
"1227_7",0.080163
"9186_10",0.990377
"6117_1",0.017711
"8621_2",0.844983
"9729_1",0.004000
"12239_7",0.026109
"2465_2",0.148608
"4360_10",0.930797
"10538_1",0.006841
"3439_4",0.812273
"256_10",0.942549
"7114_1",0.009505
"3206_3",0.002144
"229_10",0.448552
"7501_3",0.057856
"3639_1",0.274123
"9751_9",0.997640
"8277_3",0.009476
"5276_4",0.113305
"1804_8",0.995686
"8497_1",0.035696
"7742_1",0.002455
"9755_7",0.991315
"8429_8",0.871076
"769_3",0.141117
"7452_10",0.972708
"1004_4",0.080175
"6393_10",0.987684
"7457_1",0.257247
"8182_10",0.997602
"11589_9",0.915630
"4718_8",0.317448
"5315_10",0.970961
"9927_3",0.044005
"6391_1",0.028797
"532_3",0.115461
"10544_10",0.896810
"3576_4",0.083376
"5420_4",0.128707
"7140_10",0.983832
"11018_4",0.000632
"7443_8",0.994363
"7399_9",0.688457
"12129_10",0.979950
"6876_3",0.603130
"9227_1",0.729449
"4983_1",0.010683
"2502_1",0.003329
"2584_9",0.994010
"5637_2",0.001388
"6497_10",0.984764
"8464_2",0.001699
"2070_10",0.823573
"4574_3",0.024926
"1642_10",0.992065
"356_9",0.988027
"8052_4",0.791128
"2457_10",0.964175
"6322_4",0.001662
"2218_10",0.985417
"10669_7",0.987676
"5296_2",0.001612
"1118_1",0.014475
"8588_1",0.062849
"12348_10",0.998203
"7990_9",0.991086
"819_7",0.279314
"10552_7",0.545608
"9126_4",0.018006
"11190_9",0.919124
"6696_2",0.026236
"4906_10",0.987348
"6809_4",0.533699
"10032_1",0.436995
"2694_10",0.996969
"6411_8",0.253317
"11967_9",0.490610
"10190_1",0.004886
"316_1",0.016042
"5644_9",0.971406
"12083_10",0.993247
"9280_3",0.020499
"11735_2",0.035681
"5219_1",0.100645
"6810_3",0.006332
"7817_2",0.020822
"6753_9",0.190723
"16_8",0.838852
"3908_1",0.001206
"11502_10",0.999419
"523_1",0.006310
"11213_10",0.995252
"5058_8",0.959959
"3290_1",0.014762
"2954_4",0.315916
"7148_1",0.484062
"4455_7",0.935935
"1873_7",0.515774
"4796_2",0.008407
"6317_3",0.446305
"11153_10",0.977565
"3319_1",0.023152
"1247_9",0.999152
"9119_1",0.005717
"7904_10",0.991252
"4892_1",0.005517
"4608_8",0.966207
"4756_4",0.024022
"230_1",0.002822
"6730_1",0.013232
"6639_8",0.985092
"1726_1",0.006437
"4540_2",0.069006
"1898_1",0.002770
"877_1",0.321293
"10416_9",0.996823
"1359_2",0.098255
"8886_1",0.003377
"553_1",0.021203
"5252_10",0.989000
"8808_9",0.785353
"8792_10",0.995629
"11723_10",0.999032
"6977_9",0.141586
"5050_2",0.006347
"6413_8",0.961575
"9880_8",0.992183
"5827_10",0.993272
"5271_10",0.978141
"12231_2",0.031521
"9913_1",0.016014
"3058_10",0.982952
"1278_10",0.957722
"4923_9",0.965712
"4662_1",0.114489
"10857_2",0.092258
"5033_7",0.676785
"7681_10",0.998853
"8916_3",0.590679
"10603_3",0.781736
"8940_3",0.766412
"2381_1",0.518347
"9188_8",0.957650
"5290_8",0.931977
"6746_1",0.040342
"1001_10",0.997773
"1190_1",0.014540
"1858_1",0.001958
"5645_10",0.604286
"3021_9",0.858341
"9801_2",0.126994
"2498_4",0.003476
"7972_10",0.905106
"1200_1",0.001431
"9626_4",0.772990
"11750_10",0.993603
"9571_10",0.948639
"11593_10",0.999773
"4432_10",0.720546
"10324_1",0.002149
"9123_10",0.983396
"10155_1",0.015970
"12237_10",0.997396
"2828_2",0.001101
"6375_4",0.003092
"8264_10",0.990318
"6131_7",0.987255
"2950_10",0.998674
"3584_1",0.000367
"3077_9",0.979611
"8867_10",0.980997
"4189_9",0.990662
"2297_9",0.876090
"3607_8",0.964884
"339_10",0.973465
"6450_10",0.997254
"8537_9",0.304503
"5663_10",0.992147
"7179_10",0.998917
"1929_10",0.320430
"7363_10",0.929365
"7073_10",0.981073
"8472_10",0.993957
"2397_4",0.157391
"5710_3",0.118758
"12429_1",0.038035
"4841_9",0.795247
"5819_2",0.050528
"7112_8",0.608207
"1087_10",0.998236
"10766_8",0.982022
"10675_8",0.928018
"11953_3",0.260230
"1927_9",0.798563
"10455_9",0.850577
"451_8",0.963969
"10796_8",0.813642
"5288_7",0.991308
"4368_2",0.006088
"10456_10",0.985477
"9981_1",0.004875
"11403_1",0.112688
"5219_7",0.604366
"11929_4",0.885634
"5481_10",0.995694
"3829_4",0.001365
"11367_4",0.049700
"8154_10",0.944965
"2754_2",0.006919
"2299_10",0.995927
"8868_1",0.007660
"4566_10",0.989897
"6688_1",0.004184
"2666_4",0.012506
"11892_10",0.995707
"2667_10",0.015304
"9244_9",0.963190
"12498_7",0.222279
"3493_9",0.817657
"7565_10",0.970302
"2916_7",0.988718
"12473_8",0.989625
"3142_9",0.985591
"3289_10",0.999612
"11159_10",0.993726
"8428_2",0.034898
"4152_8",0.980177
"10754_8",0.823338
"11718_1",0.042956
"5408_1",0.002161
"5686_8",0.957664
"7479_8",0.993548
"5160_10",0.955845
"3138_1",0.006976
"10343_9",0.978746
"9524_3",0.054454
"7794_1",0.001839
"5433_1",0.213338
"3380_8",0.995793
"7222_3",0.002731
"1751_4",0.854373
"3914_10",0.486689
"8022_3",0.237904
"3975_4",0.075100
"8177_1",0.002958
"5670_1",0.007413
"203_10",0.996731
"4315_2",0.017260
"8296_8",0.990439
"971_10",0.972470
"12018_1",0.007668
"3714_9",0.983191
"4342_2",0.246391
"4965_3",0.326512
"5126_8",0.948870
"10686_3",0.376236
"7290_10",0.999003
"8474_8",0.956597
"7633_2",0.129116
"2226_10",0.762861
"1436_9",0.996599
"813_10",0.996437
"11865_7",0.870801
"4937_9",0.996134
"4613_9",0.412584
"8129_9",0.978292
"2376_4",0.099414
"6861_1",0.001876
"9104_2",0.180807
"10590_3",0.004976
"11021_4",0.005114
"9480_10",0.964565
"12212_10",0.990140
"11766_7",0.987942
"5356_7",0.194137
"9572_7",0.984792
"3264_8",0.885471
"11794_1",0.102144
"11739_2",0.786036
"731_8",0.969720
"6278_9",0.739541
"625_10",0.986888
"7252_2",0.019494
"5171_10",0.997081
"9149_3",0.028763
"10780_3",0.013723
"1568_9",0.993762
"7291_9",0.989022
"2288_8",0.988790
"3126_9",0.992536
"3352_7",0.993361
"9455_1",0.000574
"1709_7",0.473180
"9309_2",0.001737
"994_3",0.004425
"4173_10",0.933837
"113_3",0.093053
"10472_10",0.988941
"7193_1",0.003278
"9978_3",0.013041
"783_8",0.914882
"7585_10",0.993032
"2135_9",0.356601
"10887_10",0.994099
"4075_2",0.008581
"10521_2",0.035079
"844_1",0.003321
"6691_3",0.008531
"3879_4",0.179657
"3511_1",0.009714
"332_1",0.890329
"7398_4",0.002433
"1845_1",0.024624
"3890_3",0.033036
"3781_9",0.970321
"3723_1",0.013775
"2908_1",0.002994
"7625_3",0.004169
"6310_10",0.974353
"9432_4",0.936343
"1820_10",0.998707
"6809_8",0.991824
"9911_1",0.021578
"12001_8",0.987108
"7266_7",0.707326
"263_10",0.971114
"2109_3",0.048396
"7293_4",0.040563
"8874_8",0.992302
"2143_4",0.738760
"4307_9",0.996506
"4176_1",0.000910
"8369_3",0.083809
"12317_1",0.000711
"1687_4",0.002078
"12082_1",0.020564
"3396_10",0.984186
"9129_9",0.976406
"10090_10",0.996539
"11841_1",0.054997
"12447_4",0.011216
"11624_10",0.996262
"8624_10",0.431627
"9290_1",0.258379
"1108_8",0.219052
"4300_10",0.997212
"2553_4",0.398270
"10550_8",0.493995
"8884_10",0.988458
"6760_2",0.071699
"1177_3",0.897435
"9939_2",0.875457
"2100_7",0.995126
"9677_1",0.089450
"2511_4",0.041792
"4115_8",0.999647
"437_9",0.547565
"6698_10",0.829600
"11049_9",0.979828
"10168_4",0.013901
"8071_8",0.573297
"12474_4",0.795956
"3775_10",0.999107
"7478_10",0.978741
"4312_8",0.612156
"3105_7",0.971077
"640_9",0.998955
"6891_1",0.001573
"1849_10",0.997839
"8528_7",0.982541
"9032_4",0.391737
"11743_9",0.995452
"2813_10",0.969675
"846_2",0.137453
"3695_4",0.363457
"5972_3",0.002104
"4831_1",0.001202
"11826_1",0.004258
"7684_10",0.997479
"7042_8",0.947088
"10247_10",0.994549
"6766_8",0.930913
"2091_2",0.053895
"5108_2",0.008366
"10644_1",0.231975
"5955_2",0.177104
"9451_10",0.783586
"11518_10",0.866716
"3871_1",0.028348
"5013_1",0.005118
"5056_4",0.009333
"3688_1",0.002296
"2325_2",0.086299
"6330_4",0.010002
"8783_1",0.028027
"3848_3",0.020110
"5901_10",0.648812
"10947_3",0.174220
"4590_10",0.996032
"4337_10",0.588861
"11029_3",0.230334
"10980_3",0.693696
"165_7",0.653416
"474_8",0.997588
"3175_8",0.876630
"11764_1",0.015650
"2164_7",0.606027
"8891_8",0.975895
"8294_9",0.953967
"6602_7",0.738423
"8187_8",0.964139
"2609_2",0.002400
"6506_8",0.998284
"2207_1",0.006219
"2467_9",0.954217
"7440_1",0.059612
"6417_8",0.980869
"12278_7",0.954725
"4495_3",0.630288
"8223_10",0.957518
"3659_4",0.099784
"1120_3",0.065459
"9713_3",0.020891
"808_10",0.967808
"11164_10",0.945648
"3536_10",0.557103
"10930_1",0.001651
"6868_4",0.020497
"2248_1",0.000465
"3624_4",0.082835
"1442_1",0.002642
"10167_4",0.214815
"10645_10",0.533638
"4414_1",0.021384
"6409_2",0.005340
"10486_1",0.006696
"2983_7",0.995712
"4985_4",0.018157
"3566_9",0.958555
"8340_4",0.244757
"10246_9",0.990796
"7380_1",0.329185
"12381_3",0.010828
"11723_4",0.005588
"7478_1",0.032627
"900_9",0.971352
"3364_2",0.050549
"6570_1",0.013695
"9309_8",0.987982
"6044_1",0.106989
"9261_2",0.026694
"5690_8",0.990324
"5326_2",0.002540
"11179_10",0.957612
"8908_1",0.003572
"10224_9",0.770803
"7318_10",0.994499
"11098_8",0.784920
"10120_1",0.001758
"4561_2",0.072867
"4409_3",0.019289
"4301_9",0.005459
"9254_3",0.036044
"10717_9",0.960963
"10619_2",0.315091
"5924_1",0.416575
"11657_10",0.992124
"6373_4",0.130070
"10469_10",0.682514
"5531_9",0.919187
"1089_10",0.522399
"5082_10",0.987697
"4267_1",0.004909
"3006_10",0.849215
"9318_3",0.064853
"11877_1",0.002315
"7274_1",0.036036
"12450_7",0.964812
"148_9",0.187817
"10353_10",0.011365
"1368_8",0.021908
"9408_7",0.740378
"5739_7",0.674983
"7036_10",0.994378
"11554_2",0.620380
"4601_9",0.961620
"10376_3",0.677126
"2486_8",0.964487
"5745_4",0.041020
"873_3",0.070933
"7009_1",0.592541
"542_7",0.960048
"12008_8",0.968142
"8040_8",0.983551
"4048_2",0.052460
"4895_10",0.996063
"11789_9",0.996099
"5084_7",0.899399
"9207_10",0.985241
"923_4",0.691713
"106_3",0.015338
"1125_1",0.037123
"839_10",0.995145
"5285_10",0.962965
"7444_7",0.988731
"1566_8",0.990987
"3285_1",0.001149
"6203_2",0.001132
"11147_3",0.009718
"11152_3",0.001340
"3335_9",0.975330
"6689_1",0.001718
"6557_7",0.990808
"3362_10",0.893431
"101_3",0.026936
"10692_4",0.004960
"4462_7",0.921913
"265_1",0.010560
"1369_3",0.105998
"9112_10",0.963089
"7870_1",0.004618
"6102_10",0.924228
"3973_10",0.883378
"8232_1",0.003113
"3177_10",0.854256
"11598_10",0.086706
"882_2",0.046882
"5660_10",0.970300
"1685_10",0.982038
"2064_1",0.001990
"2296_9",0.897453
"3648_10",0.891898
"5486_4",0.032449
"2496_8",0.532271
"9579_10",0.924224
"10776_10",0.830870
"5889_10",0.930294
"8292_1",0.180316
"10547_3",0.005288
"10415_7",0.731665
"10741_1",0.005881
"10196_1",0.004698
"12155_2",0.007289
"2224_3",0.070030
"10356_7",0.112981
"7202_1",0.000999
"11973_10",0.972905
"1792_8",0.896507
"7894_9",0.980704
"11413_1",0.138939
"10596_10",0.995717
"2462_2",0.290056
"9451_1",0.001459
"2895_1",0.016841
"2513_4",0.070139
"11950_7",0.546419
"10566_9",0.961300
"2209_4",0.091580
"9292_4",0.508081
"5575_8",0.998468
"1688_4",0.005760
"440_8",0.981836
"6324_10",0.998626
"8296_2",0.003664
"9460_1",0.005083
"3992_8",0.988040
"11425_10",0.980060
"147_4",0.701955
"2897_4",0.387459
"6214_4",0.117973
"11157_4",0.490251
"4204_8",0.986350
"7255_2",0.196561
"8435_1",0.168462
"11354_2",0.009366
"2136_9",0.083421
"295_1",0.773666
"335_10",0.991386
"8791_4",0.588663
"2817_1",0.000971
"1629_8",0.484776
"6826_3",0.020445
"5550_8",0.986336
"3572_10",0.987093
"4543_10",0.969650
"2789_1",0.007649
"12288_7",0.957204
"9769_9",0.994202
"1257_1",0.230174
"6180_10",0.997520
"8881_8",0.981492
"7075_10",0.996556
"10254_1",0.010707
"12214_10",0.868269
"829_10",0.984673
"5633_8",0.958118
"6202_7",0.058160
"4843_10",0.998091
"7564_8",0.986130
"3539_4",0.621812
"9634_9",0.982541
"7578_9",0.999722
"6642_9",0.995111
"3438_8",0.752181
"11407_4",0.171332
"9891_1",0.003506
"3875_4",0.006510
"6447_2",0.024270
"5027_8",0.998927
"11415_7",0.789123
"7762_9",0.684217
"7263_10",0.799197
"6556_1",0.443432
"5491_10",0.994710
"3418_8",0.792339
"4137_1",0.811222
"5519_7",0.930094
"3435_9",0.910904
"10199_10",0.989632
"5212_4",0.664236
"11891_10",0.992192
"4989_7",0.751445
"2883_3",0.697806
"9154_2",0.055724
"8384_10",0.814132
"4082_10",0.990031
"4334_2",0.020077
"5652_10",0.804629
"4544_2",0.018751
"4987_8",0.997773
"9648_3",0.044509
"10755_4",0.179952
"4386_1",0.020736
"4619_4",0.063690
"5860_7",0.693684
"11492_1",0.007016
"2126_9",0.986458
"8355_7",0.924533
"6560_10",0.988500
"4026_9",0.996796
"4019_7",0.281820
"455_10",0.997542
"6637_1",0.993719
"7490_3",0.017015
"10533_10",0.371446
"7417_7",0.728847
"3392_2",0.023531
"460_1",0.069009
"5364_10",0.998748
"234_7",0.998572
"709_4",0.685599
"2753_9",0.789315
"9434_10",0.329052
"2835_7",0.996741
"6849_1",0.371901
"11186_3",0.012072
"10902_8",0.959466
"2617_2",0.001744
"7423_9",0.084672
"4699_1",0.029918
"12312_10",0.981195
"6185_4",0.299897
"3742_3",0.029445
"1314_8",0.995389
"7985_1",0.207685
"3669_4",0.246315
"2791_8",0.991365
"2295_8",0.985328
"12111_1",0.545734
"11827_10",0.993336
"10191_1",0.042954
"5264_2",0.074166
"11002_8",0.995894
"12423_2",0.006882
"3551_7",0.972591
"10804_3",0.187283
"3670_4",0.048677
"8408_10",0.994419
"1307_10",0.945135
"10906_10",0.640039
"4039_2",0.000736
"1010_9",0.998151
"8764_1",0.015933
"10894_10",0.996864
"1249_1",0.002445
"1844_9",0.998298
"3252_9",0.966383
"12272_1",0.015953
"5599_10",0.991884
"6265_8",0.998365
"4497_4",0.087697
"3925_2",0.002364
"7935_9",0.606487
"12146_1",0.003761
"2345_3",0.022737
"11171_10",0.999788
"6726_1",0.001715
"11129_9",0.912182
"616_10",0.813776
"11349_3",0.278351
"2485_10",0.944033
"3212_4",0.007154
"5578_10",0.999490
"2252_9",0.989724
"11643_3",0.063883
"12081_4",0.061637
"4104_10",0.997688
"4504_7",0.848820
"6354_10",0.949887
"12118_8",0.986151
"9680_10",0.222192
"7173_10",0.972225
"1965_3",0.017507
"2674_7",0.785005
"1425_1",0.024754
"4017_8",0.999014
"3835_2",0.068205
"1335_4",0.100942
"627_1",0.027161
"8330_3",0.684659
"8907_1",0.105579
"11801_10",0.757892
"3231_1",0.000763
"860_4",0.108559
"2902_8",0.707902
"11550_4",0.119074
"4944_10",0.996418
"10190_10",0.320056
"4090_3",0.002329
"3863_1",0.003124
"3904_9",0.997955
"917_4",0.411450
"5540_2",0.079805
"9183_7",0.875033
"2570_4",0.078072
"11868_1",0.030675
"7438_3",0.009966
"10484_2",0.015098
"1988_8",0.991950
"46_2",0.023256
"6624_4",0.021485
"4666_7",0.992577
"11479_4",0.569196
"308_1",0.001722
"5400_9",0.986824
"5258_1",0.033405
"432_3",0.016090
"7245_1",0.013018
"7082_1",0.088874
"9698_10",0.237968
"1085_9",0.539901
"9999_10",0.994206
"4235_7",0.968047
"11603_10",0.617282
"4457_3",0.053611
"5022_8",0.975210
"12278_3",0.467988
"12076_2",0.009171
"7239_4",0.881518
"4691_10",0.997382
"9820_2",0.034934
"5932_1",0.765991
"10265_9",0.821586
"9247_2",0.033614
"4581_3",0.332967
"11060_7",0.162604
"10349_2",0.053309
"9821_3",0.727843
"3375_7",0.930567
"5515_10",0.988895
"3921_8",0.967989
"6671_8",0.869888
"7051_7",0.378990
"743_7",0.418888
"8230_3",0.009865
"11203_2",0.026496
"11616_1",0.009158
"8033_9",0.874659
"1472_10",0.072638
"1932_3",0.092490
"6827_2",0.000897
"6912_4",0.009984
"12024_1",0.004316
"10625_1",0.286342
"9528_10",0.996404
"6663_3",0.015006
"10727_1",0.219313
"6646_10",0.997462
"7632_7",0.994501
"8518_2",0.028415
"6398_9",0.990557
"488_8",0.983096
"4133_1",0.001505
"4128_10",0.904503
"5883_10",0.997370
"10240_1",0.001159
"8791_8",0.997002
"10917_8",0.956217
"9097_10",0.996959
"8438_1",0.027639
"7536_1",0.013979
"7542_3",0.123884
"3928_7",0.041289
"12477_2",0.056278
"9157_3",0.016225
"2694_2",0.753809
"3632_3",0.010632
"7169_10",0.997828
"6931_7",0.547993
"11474_10",0.999578
"2252_1",0.003756
"1261_7",0.077901
"523_9",0.546598
"12233_2",0.000416
"4731_9",0.991368
"12376_10",0.192018
"11834_4",0.511764
"7063_9",0.945184
"5289_1",0.316612
"9632_3",0.049562
"11086_1",0.008084
"8224_10",0.991131
"8013_3",0.679221
"8003_3",0.001080
"2281_8",0.916149
"4643_7",0.912644
"7942_3",0.508417
"11067_2",0.068587
"5577_1",0.016559
"5796_1",0.002775
"11514_1",0.089887
"1867_1",0.033403
"4804_2",0.000763
"4547_1",0.025945
"6391_7",0.942835
"6260_9",0.997020
"5355_10",0.987853
"12358_4",0.337954
"860_7",0.997315
"3768_1",0.954968
"8742_3",0.071520
"10786_4",0.011522
"5337_3",0.176857
"11260_10",0.713226
"7364_1",0.013399
"4434_2",0.005627
"10604_8",0.934243
"9587_7",0.086701
"738_1",0.376868
"3757_8",0.998619
"6970_10",0.821514
"6194_1",0.008648
"4559_10",0.270296
"2334_3",0.017741
"10636_3",0.096039
"4192_1",0.000256
"1579_4",0.583598
"7168_10",0.992474
"3789_9",0.939504
"5617_7",0.976599
"5757_8",0.987748
"1431_7",0.236964
"6130_4",0.354396
"12092_3",0.142846
"7918_3",0.048089
"5386_10",0.647271
"2794_9",0.823899
"2394_2",0.838854
"10690_7",0.997964
"6406_4",0.211678
"12288_2",0.027676
"7405_4",0.668640
"6153_10",0.186346
"5577_9",0.981011
"1462_1",0.017621
"7732_9",0.845643
"9046_10",0.999673
"11086_8",0.974512
"1426_7",0.980714
"12174_10",0.903447
"5537_1",0.001940
"11746_1",0.004552
"12203_10",0.966452
"11585_7",0.980387
"9765_1",0.001555
"6295_8",0.807049
"3991_4",0.362281
"11134_10",0.977949
"12379_7",0.267051
"7316_2",0.012216
"6955_4",0.091935
"8092_7",0.994287
"9788_1",0.001048
"9494_1",0.004913
"721_10",0.961132
"1250_9",0.999228
"3204_2",0.629249
"6539_9",0.994853
"7944_1",0.005568
"8632_8",0.834967
"2787_10",0.995098
"11497_1",0.153526
"8577_9",0.993630
"2717_8",0.993335
"3251_8",0.988172
"11714_7",0.957824
"3868_7",0.995126
"7394_1",0.016316
"481_7",0.802529
"5237_2",0.007408
"11148_9",0.983025
"11946_7",0.977985
"7301_1",0.011579
"384_9",0.574965
"8535_2",0.008337
"8067_8",0.987068
"8452_2",0.225481
"7361_1",0.001889
"4017_3",0.164811
"6304_9",0.984411
"7326_10",0.996997
"399_1",0.026231
"9003_1",0.019124
"11314_8",0.421036
"4909_10",0.988413
"10463_10",0.986896
"7355_2",0.253690
"3553_2",0.697899
"4404_10",0.956641
"9304_1",0.016333
"7903_1",0.007548
"4429_3",0.579890
"6287_7",0.983896
"10461_1",0.006296
"668_10",0.238710
"7560_10",0.999496
"2785_1",0.000226
"2801_10",0.979009
"4318_9",0.977341
"244_9",0.994244
"12435_2",0.019469
"2788_9",0.998535
"2537_7",0.315185
"928_1",0.000727
"3312_7",0.969181
"12147_10",0.998780
"5414_9",0.996483
"9871_1",0.004546
"1308_8",0.922195
"7668_1",0.002901
"5571_10",0.940012
"2052_10",0.996867
"7089_9",0.979480
"6411_2",0.080593
"8514_1",0.182066
"5921_10",0.971242
"3264_1",0.001999
"319_1",0.079401
"3433_10",0.993175
"1610_8",0.991892
"8002_3",0.028703
"8099_9",0.730142
"5418_1",0.054451
"6247_3",0.470513
"5153_8",0.992121
"12201_1",0.009555
"8900_1",0.007256
"10908_2",0.179415
"598_1",0.005044
"10590_9",0.228228
"6706_10",0.981745
"12299_9",0.808127
"2159_7",0.205491
"186_1",0.003549
"3008_8",0.987050
"831_7",0.991553
"2717_3",0.255254
"5174_10",0.997728
"3088_3",0.506108
"6262_8",0.914728
"12303_1",0.018477
"9904_8",0.998931
"10097_10",0.979343
"6242_8",0.977076
"9653_10",0.995818
"12499_1",0.826940
"894_1",0.161908
"8935_7",0.994139
"3184_2",0.189396
"2226_4",0.013356
"592_10",0.994194
"2173_8",0.996699
"10967_2",0.000853
"3332_3",0.958714
"1074_2",0.125621
"2396_4",0.001880
"2627_4",0.994373
"5982_9",0.992835
"1386_1",0.047626
"7325_4",0.838033
"112_2",0.323239
"8856_10",0.734758
"1948_1",0.011928
"5791_4",0.140911
"1007_9",0.983406
"3758_3",0.017504
"6455_2",0.004321
"6464_9",0.999830
"5403_10",0.999191
"7076_10",0.998716
"6123_3",0.059215
"2832_7",0.994852
"9287_10",0.999529
"3665_10",0.802943
"4488_4",0.013971
"5861_1",0.021140
"2222_10",0.977986
"9608_1",0.004008
"6225_4",0.235586
"5643_3",0.030353
"8720_7",0.569805
"4955_7",0.997382
"6839_1",0.043400
"7396_1",0.004584
"6234_8",0.978443
"10423_1",0.224912
"2158_1",0.058518
"6929_8",0.968184
"7593_3",0.226174
"636_1",0.041602
"2747_7",0.645057
"7398_10",0.977769
"6852_4",0.005760
"9938_3",0.007013
"3989_3",0.579904
"1104_9",0.200676
"5897_3",0.156554
"5254_3",0.004937
"4824_1",0.157728
"10945_8",0.462025
"11486_8",0.996694
"2542_1",0.037531
"1824_10",0.997914
"10181_2",0.089806
"2492_9",0.973200
"8111_1",0.035767
"5844_9",0.994614
"1369_7",0.445696
"10775_4",0.353201
"9617_9",0.990121
"4709_1",0.001506
"7043_2",0.143647
"5166_10",0.998808
"1604_8",0.995150
"8576_8",0.929016
"1916_7",0.760937
"10286_10",0.570760
"10241_1",0.004978
"12441_9",0.351416
"4529_1",0.012494
"1553_3",0.229486
"3985_4",0.287967
"5542_8",0.965092
"10857_9",0.991021
"7600_1",0.208902
"12095_9",0.973741
"3134_10",0.996542
"9472_3",0.534997
"1058_10",0.999260
"7328_9",0.997125
"3865_3",0.090981
"7409_3",0.119145
"4795_1",0.007518
"11596_10",0.916316
"3758_8",0.886021
"5099_4",0.718960
"7707_10",0.967257
"1412_3",0.425201
"4720_10",0.998167
"978_7",0.772198
"6165_8",0.973417
"1307_1",0.015679
"2322_7",0.316356
"5328_10",0.934462
"11934_8",0.994260
"1940_3",0.060099
"6270_10",0.016354
"5262_8",0.998578
"4068_9",0.996511
"1208_3",0.488237
"10220_3",0.234072
"5091_1",0.470731
"2738_1",0.015629
"8909_3",0.101093
"932_2",0.388524
"863_10",0.750837
"454_1",0.197424
"10525_4",0.019635
"175_4",0.342295
"4551_1",0.037570
"5666_1",0.001317
"4324_10",0.997942
"8189_1",0.177180
"12064_10",0.764036
"8622_10",0.935888
"1115_9",0.160565
"9593_1",0.005267
"5579_10",0.992339
"3467_1",0.079991
"11409_1",0.003216
"8682_1",0.001845
"7866_1",0.029360
"6111_8",0.703267
"524_9",0.928533
"9837_7",0.349493
"2215_1",0.375113
"6840_10",0.980993
"7384_8",0.984871
"6353_7",0.987816
"8650_3",0.291593
"1890_10",0.981318
"10402_8",0.994328
"3770_4",0.561458
"3086_1",0.001669
"1487_3",0.113938
"2995_10",0.996958
"2356_7",0.230613
"5320_10",0.959386
"3235_1",0.002619
"6802_1",0.013734
"11329_9",0.949962
"1143_8",0.981125
"5768_3",0.035477
"8004_1",0.082449
"5453_3",0.395735
"11288_10",0.883108
"3278_10",0.998219
"11856_7",0.966894
"12057_10",0.981420
"1825_4",0.014441
"3319_10",0.987572
"5956_7",0.996981
"4875_10",0.981842
"562_1",0.009772
"11359_8",0.863174
"12454_10",0.835183
"10621_2",0.003264
"10407_2",0.052205
"3532_2",0.003844
"10162_4",0.505703
"7084_4",0.037164
"167_10",0.991427
"3362_1",0.052462
"6370_10",0.990049
"2281_3",0.158892
"10454_1",0.011824
"12387_8",0.605808
"8375_8",0.983849
"9656_3",0.664001
"9387_1",0.006134
"4907_1",0.001847
"4697_9",0.991994
"4217_1",0.001191
"8860_10",0.712328
"7312_3",0.048248
"9326_10",0.999200
"3785_8",0.776794
"2255_1",0.016604
"9950_3",0.005494
"558_2",0.000893
"413_8",0.984434
"7837_9",0.985160
"9192_1",0.008506
"7_1",0.014170
"9674_1",0.001211
"9771_4",0.023069
"3331_10",0.905923
"11444_8",0.115973
"3009_7",0.940982
"5584_1",0.005059
"12044_10",0.999130
"5952_9",0.994793
"4989_2",0.000489
"5722_3",0.002994
"6207_4",0.257767
"7646_1",0.005349
"1811_3",0.003877
"1197_3",0.036633
"709_9",0.998777
"8554_9",0.924840
"1706_9",0.787682
"10060_10",0.989116
"6818_1",0.010377
"7255_9",0.982684
"3790_7",0.867437
"7833_9",0.130669
"7448_4",0.135739
"3456_1",0.700040
"3881_3",0.006924
"11049_1",0.005437
"1269_1",0.518292
"7803_10",0.945394
"1413_9",0.564058
"1289_8",0.998567
"3967_9",0.921098
"7533_10",0.997665
"5372_8",0.995408
"1518_1",0.015921
"10752_3",0.012797
"4863_3",0.466351
"699_1",0.001929
"11537_3",0.012646
"9241_7",0.619475
"876_3",0.473597
"11234_4",0.040657
"5942_4",0.896210
"1778_10",0.130603
"2631_9",0.066526
"7425_9",0.990482
"3410_10",0.998201
"9155_10",0.748905
"4396_10",0.995607
"8894_7",0.518898
"6034_10",0.983923
"12105_1",0.014131
"11645_7",0.965686
"1821_4",0.064228
"9028_7",0.651324
"4670_7",0.931613
"4720_3",0.015901
"10001_1",0.003974
"8363_2",0.008461
"5681_9",0.997146
"8165_10",0.994385
"11961_2",0.003147
"406_1",0.004100
"8313_1",0.002306
"11945_7",0.922785
"9454_9",0.783802
"9523_10",0.945442
"10516_10",0.795724
"6036_3",0.140479
"5046_1",0.110154
"9019_9",0.927314
"5471_10",0.998580
"11862_7",0.181646
"651_1",0.457001
"3131_9",0.985994
"9912_1",0.003394
"6231_2",0.091526
"5523_2",0.881928
"1817_1",0.071038
"8880_7",0.968182
"6080_4",0.100383
"9940_1",0.971009
"3409_4",0.140556
"3713_4",0.100086
"3447_3",0.154436
"3460_8",0.994903
"9397_10",0.992169
"5528_8",0.587399
"7658_10",0.991063
"5893_10",0.994116
"1646_1",0.025266
"9620_7",0.540447
"66_3",0.450400
"1691_10",0.956572
"4311_7",0.721538
"12091_1",0.003372
"5391_1",0.154882
"576_4",0.015671
"4734_9",0.518748
"6008_10",0.987009
"8527_7",0.803156
"6048_10",0.518029
"5102_10",0.994774
"6794_10",0.991674
"3473_3",0.118531
"2025_9",0.989269
"9728_2",0.006857
"10704_10",0.848956
"9094_4",0.647316
"7838_9",0.998510
"5779_1",0.013329
"5342_4",0.060249
"9291_10",0.987197
"7028_2",0.011073
"1331_9",0.851174
"9913_8",0.987911
"10250_10",0.990337
"9227_8",0.350143
"6278_4",0.222288
"2302_1",0.563652
"7000_2",0.042317
"416_2",0.035928
"6846_1",0.005591
"3253_9",0.995667
"1712_1",0.005114
"9720_10",0.988521
"769_9",0.996079
"6635_10",0.878584
"1421_10",0.924569
"6803_1",0.022641
"4290_4",0.161374
"2465_7",0.883215
"70_8",0.996358
"5176_10",0.997607
"305_2",0.002862
"11094_3",0.007895
"1109_10",0.996189
"95_3",0.520854
"2378_10",0.989126
"3270_3",0.008347
"6999_4",0.523359
"7594_8",0.291592
"9549_10",0.953590
"8263_4",0.094778
"10379_9",0.961518
"11187_1",0.038332
"2278_3",0.183793
"11180_4",0.317591
"745_10",0.992381
"9794_4",0.033143
"6565_1",0.003472
"9608_8",0.982681
"12222_1",0.010911
"9330_9",0.813537
"3611_9",0.992894
"1775_4",0.240408
"3635_1",0.007755
"3893_1",0.023661
"2802_1",0.093945
"2481_10",0.864592
"1540_3",0.001628
"2205_4",0.048019
"10970_7",0.987797
"8287_2",0.022750
"484_1",0.010253
"249_2",0.303599
"12073_10",0.998845
"1443_7",0.604532
"4985_7",0.773638
"12247_1",0.342676
"3170_3",0.042487
"2900_10",0.954626
"1930_9",0.997869
"12309_10",0.985326
"10720_8",0.993937
"5260_4",0.040669
"5212_8",0.472599
"3872_10",0.536870
"9705_1",0.004451
"10367_8",0.991972
"10063_10",0.999097
"9682_1",0.262233
"7356_8",0.873549
"6045_7",0.917704
"3181_10",0.997754
"7212_9",0.245929
"8801_9",0.981332
"2910_3",0.405098
"5031_7",0.998709
"1416_1",0.015036
"8903_10",0.945619
"10620_4",0.050218
"8957_1",0.000881
"3374_1",0.010264
"9196_1",0.001522
"5167_10",0.978007
"10900_1",0.043225
"5405_2",0.001324
"1546_1",0.450382
"12331_4",0.054669
"4733_9",0.969594
"6682_10",0.884570
"1356_8",0.995233
"2301_2",0.004869
"11565_7",0.954395
"8731_7",0.802408
"1638_10",0.999329
"7280_3",0.028539
"51_4",0.145648
"355_4",0.036856
"485_10",0.989340
"554_4",0.107903
"8059_3",0.006446
"3645_4",0.777828
"7332_7",0.997032
"10877_2",0.006163
"10837_1",0.002761
"6273_10",0.705536
"11773_2",0.021237
"744_1",0.852465
"9762_8",0.979142
"831_4",0.059121
"4450_3",0.021350
"5338_4",0.002061
"6741_2",0.188233
"5962_9",0.950881
"10363_3",0.325012
"9063_10",0.986164
"2739_1",0.011735
"5920_2",0.001739
"5200_9",0.666248
"6498_10",0.984764
"591_1",0.110694
"8010_9",0.989274
"369_8",0.933497
"9971_9",0.996602
"11735_8",0.911207
"11278_10",0.983435
"1464_9",0.858596
"3787_8",0.996260
"10097_2",0.468234
"3728_8",0.996044
"9996_2",0.010392
"8676_10",0.840376
"9718_4",0.011605
"9280_7",0.873138
"8343_4",0.213837
"3505_1",0.013118
"8863_10",0.998662
"5682_10",0.357296
"4704_2",0.774102
"11106_7",0.868797
"10541_2",0.116002
"6601_9",0.967205
"11387_10",0.987381
"8864_10",0.966831
"7139_4",0.054292
"10068_8",0.987596
"2572_1",0.003116
"3819_10",0.993347
"11954_1",0.003791
"2525_4",0.714848
"12440_7",0.668287
"1489_10",0.980393
"12422_7",0.181445
"5463_10",0.392690
"5684_1",0.001055
"30_9",0.985337
"1255_8",0.995923
"3993_4",0.096103
"10386_7",0.859220
"10111_10",0.961109
"2915_9",0.962288
"4621_1",0.040959
"3671_9",0.956305
"1069_4",0.038435
"2060_10",0.462821
"3788_2",0.246837
"3_7",0.794818
"7722_1",0.006913
"9601_1",0.009058
"3294_3",0.031848
"4361_1",0.004750
"6626_7",0.039243
"5799_10",0.794068
"332_10",0.998271
"4320_4",0.048712
"4545_9",0.741233
"6029_1",0.004244
"6329_1",0.195444
"5586_1",0.013182
"9401_1",0.013671
"7087_10",0.893456
"5200_1",0.008543
"9707_7",0.031748
"5006_10",0.172190
"4702_4",0.179476
"11207_10",0.549555
"3593_1",0.041809
"3050_3",0.440363
"6036_7",0.528278
"2221_2",0.010092
"6895_1",0.012181
"5678_10",0.973641
"8395_10",0.997206
"8193_1",0.001973
"11689_4",0.078579
"10207_10",0.896123
"5028_4",0.003137
"26_3",0.358748
"11774_10",0.994358
"59_3",0.375746
"7339_4",0.157478
"2141_7",0.939170
"10647_10",0.993843
"7703_8",0.481846
"5904_10",0.861657
"11952_7",0.999052
"6355_1",0.003640
"7465_1",0.019439
"1244_9",0.947706
"5129_9",0.988324
"4015_10",0.991393
"435_1",0.133457
"8974_3",0.774647
"2294_2",0.004403
"5028_8",0.594885
"3850_1",0.001015
"3162_10",0.955726
"7690_10",0.888577
"10957_1",0.040294
"8809_10",0.983849
"8509_2",0.868050
"2314_1",0.025320
"2587_9",0.957333
"6823_8",0.981403
"9761_2",0.063804
"2699_4",0.140630
"10291_3",0.062264
"3015_7",0.857288
"10059_10",0.974248
"8018_1",0.411501
"9487_1",0.521589
"12074_4",0.014704
"2051_1",0.009947
"3997_1",0.015673
"9323_2",0.080257
"10231_9",0.995509
"10129_2",0.026625
"1491_10",0.981456
"5601_10",0.647890
"6980_9",0.787140
"8952_1",0.001781
"12021_1",0.005862
"11719_1",0.002664
"4620_8",0.037340
"9819_4",0.398773
"1682_2",0.970035
"5635_4",0.353944
"4634_10",0.983881
"8725_8",0.971455
"9919_9",0.804184
"5839_9",0.135974
"10643_1",0.047458
"4447_9",0.483825
"7614_7",0.985660
"441_4",0.400652
"1713_1",0.002266
"507_7",0.843657
"6592_1",0.203230
"6378_9",0.981349
"10206_4",0.730179
"11627_8",0.356547
"11991_4",0.220855
"5759_3",0.006482
"2655_3",0.015045
"8628_7",0.995639
"12364_2",0.020631
"11107_7",0.972583
"3166_2",0.592253
"4168_1",0.127963
"10876_7",0.525094
"5609_10",0.972750
"600_8",0.903769
"7243_2",0.044389
"7300_9",0.670998
"9144_10",0.459227
"4539_3",0.363458
"8007_10",0.993997
"8486_1",0.012361
"6213_2",0.739985
"4742_10",0.966400
"1421_1",0.010078
"4061_9",0.818329
"10451_7",0.784018
"1062_8",0.985043
"12281_1",0.145909
"5994_3",0.015331
"10055_10",0.793697
"2602_1",0.803498
"11107_4",0.100165
"4007_3",0.106986
"10444_9",0.999014
"1635_7",0.918054
"12049_8",0.997053
"3988_3",0.024781
"12414_8",0.981700
"7074_1",0.001681
"11854_7",0.943293
"2445_8",0.994107
"2187_9",0.995750
"11675_10",0.744868
"5648_1",0.001061
"1614_4",0.049787
"9395_2",0.000181
"5372_1",0.064731
"12082_10",0.994441
"12029_10",0.719490
"983_4",0.688468
"11356_3",0.031333
"4254_10",0.819266
"6017_4",0.056743
"2330_10",0.932088
"1089_1",0.014579
"8017_3",0.058526
"5248_1",0.908989
"9041_8",0.791644
"3855_1",0.010837
"10976_1",0.029087
"7926_4",0.142020
"7758_4",0.206961
"8081_7",0.978958
"9267_4",0.959341
"6381_9",0.974263
"6172_4",0.124887
"12411_8",0.993401
"5216_10",0.996936
"10999_8",0.725806
"2460_1",0.158279
"7815_7",0.850349
"8586_7",0.991065
"21_1",0.025240
"2467_1",0.017511
"7979_8",0.984566
"3744_7",0.964327
"7205_1",0.006796
"6862_7",0.548428
"12031_10",0.975210
"12458_1",0.004044
"10410_1",0.096732
"2624_10",0.959604
"12083_1",0.450150
"47_2",0.027469
"676_7",0.996664
"5425_10",0.976832
"1899_2",0.019039
"9666_1",0.003138
"3151_10",0.996079
"1745_8",0.969745
"7646_8",0.803206
"10011_9",0.995497
"10061_10",0.991928
"6792_9",0.999879
"5150_3",0.054842
"593_10",0.938602
"6170_4",0.977135
"2029_2",0.031390
"3026_4",0.008214
"1086_10",0.949658
"1594_8",0.995404
"227_1",0.020619
"5932_7",0.598122
"2681_1",0.005995
"4270_10",0.943556
"10065_1",0.128742
"6640_9",0.994083
"1160_10",0.998227
"3078_1",0.035745
"1546_7",0.972743
"12315_1",0.006614
"8699_1",0.074691
"11438_4",0.066816
"2034_7",0.873425
"7899_1",0.011020
"1006_3",0.009422
"3732_7",0.334262
"11094_7",0.604015
"1477_4",0.553106
"8912_10",0.599003
"8140_4",0.350962
"7542_9",0.979038
"2556_1",0.677284
"10075_10",0.999518
"12212_2",0.070939
"218_10",0.953327
"8385_1",0.054744
"5716_2",0.005487
"11655_10",0.966349
"6235_1",0.037964
"2823_10",0.515239
"7094_2",0.861448
"465_10",0.893152
"4968_4",0.100284
"222_10",0.848961
"464_4",0.061493
"2593_10",0.017270
"11946_3",0.056216
"6083_1",0.016803
"8158_3",0.547472
"2646_3",0.989283
"8282_4",0.038640
"12482_2",0.005050
"1020_7",0.397789
"7554_10",0.895756
"4492_2",0.002405
"4468_4",0.035993
"7365_8",0.948010
"9777_9",0.990091
"9505_3",0.685234
"10546_1",0.096011
"2179_7",0.729923
"9325_9",0.986682
"9042_10",0.965584
"7631_2",0.014505
"1583_2",0.090867
"10449_2",0.187778
"8021_9",0.930390
"9282_9",0.996456
"5261_9",0.937711
"9127_8",0.997655
"6408_2",0.042369
"7306_1",0.056484
"2955_4",0.712242
"6401_10",0.995917
"278_10",0.979017
"1954_8",0.914412
"2592_8",0.904679
"2040_10",0.997862
"4779_10",0.997740
"7274_8",0.990494
"8094_2",0.002386
"9359_9",0.997454
"10732_10",0.933798
"7824_7",0.942308
"493_7",0.770863
"2458_2",0.219516
"67_3",0.030427
"1495_1",0.135217
"2984_1",0.009116
"9979_4",0.343104
"2790_1",0.066770
"8948_1",0.051294
"4249_1",0.490930
"5994_10",0.996367
"5119_2",0.030230
"6539_2",0.022660
"12006_2",0.004283
"555_4",0.048295
"9508_9",0.993037
"2282_2",0.144165
"4119_7",0.985752
"1224_8",0.980306
"492_10",0.932112
"7062_9",0.964662
"6663_10",0.989521
"9410_8",0.849435
"6033_8",0.996565
"4704_9",0.998654
"1347_3",0.010387
"6920_7",0.993367
"7736_1",0.150810
"2884_3",0.006060
"1870_2",0.032763
"4058_3",0.163221
"3089_8",0.832141
"932_9",0.992285
"5666_10",0.998580
"5770_1",0.159219
"10982_10",0.865725
"5977_1",0.535454
"7678_2",0.127156
"7788_10",0.992199
"6328_1",0.003701
"5806_10",0.996228
"595_1",0.032424
"8235_7",0.993568
"10822_2",0.001905
"12353_7",0.904033
"5381_1",0.027933
"504_8",0.118088
"4876_10",0.997363
"5244_10",0.990899
"12010_8",0.230683
"7263_2",0.533959
"10315_10",0.998291
"9967_1",0.105809
"126_10",0.979568
"3861_1",0.000994
"10221_8",0.749471
"7844_3",0.382906
"10976_8",0.792054
"9372_8",0.984935
"5633_2",0.002766
"3833_4",0.031950
"5256_8",0.989148
"8840_1",0.003815
"2122_10",0.998450
"4607_4",0.009990
"12025_9",0.957684
"10884_9",0.916836
"2473_10",0.686576
"12330_8",0.402470
"6997_3",0.004829
"4505_9",0.999633
"1302_8",0.600295
"4382_3",0.495976
"9645_8",0.954518
"4138_2",0.002806
"2419_1",0.010313
"3059_8",0.841945
"8239_9",0.997353
"105_3",0.203617
"1129_9",0.957707
"9065_10",0.983801
"3249_1",0.001441
"4864_8",0.706799
"11748_8",0.967203
"561_10",0.997045
"1261_1",0.297989
"10944_1",0.008833
"11503_1",0.569696
"8089_9",0.939687
"3224_10",0.781722
"4550_3",0.790921
"8097_7",0.992490
"11042_1",0.041722
"4590_3",0.148617
"10838_8",0.557691
"5500_3",0.020568
"6779_10",0.997143
"7489_2",0.001831
"4145_8",0.906854
"2477_2",0.291226
"11428_7",0.317841
"5178_8",0.281158
"1604_1",0.006935
"2269_7",0.996177
"683_2",0.342879
"12373_10",0.998215
"12362_10",0.996252
"1486_9",0.282595
"4922_1",0.003694
"5689_8",0.100394
"11287_9",0.708521
"4578_4",0.061921
"361_1",0.103268
"6750_4",0.381521
"10004_9",0.996698
"3649_9",0.817565
"12485_8",0.979926
"4867_10",0.984562
"10463_2",0.136324
"8449_9",0.912056
"10573_10",0.998953
"12488_3",0.025535
"1649_2",0.002560
"12064_1",0.409807
"4892_10",0.998501
"8877_3",0.655427
"11816_9",0.991778
"10235_10",0.987128
"8204_7",0.979660
"8608_10",0.971381
"475_10",0.998516
"10150_8",0.993052
"4661_10",0.501569
"434_8",0.143943
"10121_10",0.993215
"438_9",0.986180
"2866_1",0.045435
"10667_2",0.052622
"9575_8",0.995872
"910_10",0.994060
"1631_7",0.908837
"10585_3",0.020651
"1060_8",0.750833
"8817_1",0.003118
"10511_10",0.998675
"11854_2",0.040139
"4429_7",0.895134
"7462_4",0.006924
"7668_10",0.990502
"6258_8",0.967465
"12481_1",0.023310
"3948_7",0.992759
"624_10",0.620110
"6418_8",0.997020
"4211_7",0.348962
"10606_1",0.029461
"3052_1",0.000888
"12091_8",0.994141
"5559_10",0.990140
"6462_8",0.976791
"6215_1",0.062005
"10996_1",0.027159
"1139_10",0.342466
"11400_8",0.994050
"10075_3",0.162968
"9034_4",0.482680
"8963_7",0.964190
"622_10",0.997876
"4570_3",0.085835
"12242_2",0.002951
"10595_1",0.583000
"5524_1",0.053772
"10074_3",0.539042
"10761_4",0.916456
"5215_1",0.028469
"7480_8",0.515548
"3940_4",0.703120
"375_10",0.851622
"11998_3",0.403249
"11759_10",0.996600
"12180_7",0.653026
"9000_2",0.672932
"4251_3",0.307012
"7944_10",0.997943
"12444_1",0.066450
"7400_1",0.002121
"4122_8",0.995533
"8849_10",0.997557
"5656_4",0.172593
"4091_7",0.987751
"8699_10",0.995784
"8750_9",0.990224
"3813_10",0.997834
"1836_4",0.092342
"1644_9",0.945273
"5764_10",0.979068
"1328_1",0.431608
"2332_2",0.123062
"1851_1",0.104744
"9281_2",0.349876
"9870_1",0.023941
"3201_1",0.068679
"9589_10",0.080486
"3137_1",0.006983
"10655_10",0.541883
"10722_1",0.056956
"10338_9",0.974361
"2561_4",0.066980
"8646_8",0.645046
"10077_7",0.962020
"2091_10",0.996200
"12110_7",0.706732
"8961_4",0.008983
"10497_1",0.001129
"3909_3",0.335783
"2535_3",0.275578
"8969_3",0.441601
"160_10",0.957648
"10280_4",0.503060
"5117_1",0.002193
"2371_4",0.002684
"12014_10",0.976338
"8665_8",0.985650
"5386_3",0.001014
"1284_1",0.001963
"6541_7",0.924544
"6919_4",0.341645
"7066_10",0.987603
"1189_3",0.031525
"247_8",0.993816
"4144_8",0.984240
"1788_10",0.992687
"3875_9",0.956953
"9484_2",0.071091
"6650_1",0.517947
"526_3",0.191956
"10810_8",0.963649
"3361_2",0.040465
"3721_1",0.030037
"8024_2",0.017671
"11882_10",0.094589
"6015_1",0.048263
"10950_8",0.598216
"10595_10",0.750433
"6215_8",0.671486
"7506_1",0.002899
"9448_2",0.006560
"10267_4",0.408851
"1890_4",0.260794
"11388_1",0.002202
"4033_2",0.002424
"10188_1",0.375277
"3685_10",0.921448
"2329_10",0.977669
"2672_10",0.975874
"3356_10",0.888258
"7505_9",0.794948
"8789_7",0.989210
"4655_1",0.002810
"7490_7",0.988920
"10703_9",0.327065
"2088_9",0.987034
"5114_3",0.025480
"3317_8",0.011041
"2826_2",0.310972
"8346_8",0.867615
"2036_1",0.005933
"11081_2",0.023016
"5313_7",0.912927
"266_4",0.198860
"7378_7",0.943548
"7420_2",0.014213
"9637_8",0.925195
"8788_2",0.003276
"4953_2",0.009380
"8212_9",0.998995
"10437_9",0.994521
"9397_1",0.015974
"4598_10",0.696386
"2772_10",0.965565
"83_10",0.994318
"6217_1",0.027274
"11725_10",0.993442
"4380_9",0.998702
"2974_1",0.000911
"12363_7",0.991970
"3246_1",0.001444
"6087_9",0.967393
"3419_9",0.501874
"6587_9",0.962797
"2450_1",0.003674
"2475_10",0.994500
"11551_7",0.910654
"7614_4",0.006241
"10136_10",0.993283
"5844_3",0.107781
"7473_1",0.004810
"6772_4",0.536296
"6253_1",0.014292
"4036_10",0.950230
"11948_10",0.937547
"11435_9",0.918244
"6106_9",0.955594
"12271_1",0.006409
"12030_3",0.095466
"11640_3",0.021578
"5589_10",0.069657
"6352_1",0.908997
"2523_4",0.860490
"8198_8",0.997440
"7283_4",0.443785
"4330_3",0.754114
"7882_3",0.406868
"9815_8",0.969635
"1714_1",0.001304
"3836_1",0.019693
"8618_7",0.846683
"1759_3",0.947573
"9317_2",0.011337
"6186_4",0.107156
"3779_1",0.002219
"10096_9",0.993097
"3277_7",0.957717
"6023_10",0.996621
"4863_7",0.568650
"11194_2",0.013617
"11227_2",0.003565
"11983_1",0.056857
"337_9",0.997942
"11441_3",0.025901
"6668_1",0.003474
"4333_9",0.723157
"3773_8",0.950312
"5370_9",0.971336
"4959_10",0.092493
"9431_3",0.349183
"6834_3",0.113173
"9952_3",0.006183
"9810_1",0.051394
"697_4",0.518220
"4528_3",0.171684
"5817_1",0.000857
"9052_7",0.111316
"11494_8",0.980269
"4516_1",0.007204
"2810_9",0.998455
"1105_10",0.979105
"6873_2",0.052750
"8171_10",0.696879
"9568_10",0.991303
"879_10",0.985556
"8493_8",0.876341
"9437_10",0.857133
"3841_1",0.005630
"3852_7",0.946540
"7414_9",0.977775
"6048_1",0.053832
"2921_1",0.003996
"6752_1",0.004666
"7997_1",0.976913
"640_1",0.002621
"9576_3",0.012830
"4110_4",0.216844
"11407_7",0.969813
"410_10",0.997211
"11167_10",0.982363
"8383_10",0.975893
"392_7",0.963601
"1459_4",0.095224
"11929_10",0.990125
"12362_4",0.166704
"4046_2",0.003130
"2597_10",0.167595
"11246_4",0.154619
"8692_8",0.982453
"3986_9",0.984019
"391_1",0.019100
"2504_7",0.986228
"11644_10",0.965621
"1788_1",0.124181
"5286_1",0.003566
"3486_1",0.985868
"4486_7",0.734747
"4614_3",0.734624
"11360_4",0.009194
"2315_10",0.997634
"3637_10",0.363884
"6479_3",0.535560
"10306_8",0.564139
"2225_1",0.002512
"9688_3",0.078393
"8999_2",0.011804
"6793_1",0.001634
"1785_8",0.897462
"3902_1",0.037365
"3805_1",0.001050
"6867_8",0.797152
"761_2",0.243542
"9493_4",0.036314
"4805_4",0.940695
"583_8",0.967864
"9470_9",0.938956
"9859_8",0.680408
"6633_8",0.663568
"518_10",0.494360
"10730_1",0.027731
"1855_4",0.192620
"5191_8",0.797414
"9191_1",0.005955
"1113_3",0.125919
"2973_8",0.989495
"10712_1",0.006801
"7729_1",0.182998
"2730_1",0.018419
"10170_1",0.001339
"8238_10",0.984646
"9495_10",0.998520
"11652_1",0.005553
"4911_2",0.074424
"7514_1",0.037882
"8164_2",0.136767
"10389_7",0.739386
"7557_10",0.909325
"852_4",0.023052
"1584_1",0.002926
"2387_2",0.014463
"6073_4",0.036102
"7047_10",0.995209
"6338_7",0.857468
"1741_4",0.348135
"3697_1",0.283701
"5444_2",0.008538
"10082_1",0.152731
"6135_4",0.144483
"9242_8",0.631663
"7864_8",0.967125
"3466_2",0.078379
"9852_9",0.975557
"12390_7",0.973718
"5189_9",0.989088
"6771_9",0.627046
"223_3",0.112389
"8322_4",0.017722
"4465_8",0.832007
"6597_2",0.280464
"3477_8",0.987872
"4736_8",0.602490
"4581_8",0.990084
"5898_3",0.060600
"12335_7",0.756374
"7321_7",0.954254
"128_4",0.564207
"9116_3",0.711652
"9152_8",0.968705
"3613_3",0.047207
"1095_8",0.999389
"225_10",0.654735
"12445_10",0.966355
"596_1",0.140232
"6693_1",0.031951
"7535_4",0.620823
"3135_4",0.056094
"7435_2",0.005494
"758_3",0.000358
"11838_10",0.999158
"8539_2",0.107314
"671_8",0.997474
"53_4",0.115864
"8718_10",0.998075
"10447_7",0.619964
"86_10",0.126167
"7042_1",0.000874
"5821_3",0.016879
"4604_4",0.002797
"7906_2",0.001713
"11449_2",0.005780
"6505_8",0.997897
"8160_3",0.063144
"1054_9",0.987472
"6300_7",0.981309
"10058_8",0.993615
"3990_10",0.999375
"9233_4",0.013661
"9314_2",0.447126
"4213_10",0.851222
"3407_10",0.928994
"1982_1",0.052823
"9686_1",0.150321
"11246_10",0.970553
"617_4",0.016358
"12182_1",0.000920
"5687_1",0.093419
"1559_2",0.002430
"3596_7",0.987021
"4991_10",0.954768
"3315_8",0.784030
"1192_1",0.000448
"1454_8",0.998959
"9836_3",0.938355
"8088_4",0.237190
"1651_2",0.004744
"4641_10",0.868047
"10624_1",0.034474
"2902_2",0.865733
"10435_7",0.949685
"11623_2",0.012302
"1609_1",0.003291
"2623_1",0.008231
"4444_8",0.946285
"12412_3",0.131568
"8496_1",0.015668
"4279_8",0.600507
"9053_10",0.305659
"11747_3",0.008070
"9754_4",0.740122
"1795_2",0.243532
"6017_10",0.996268
"8964_7",0.981663
"1118_7",0.994058
"11564_7",0.430772
"9897_1",0.017336
"7731_1",0.006267
"7391_2",0.001303
"6670_7",0.971506
"8347_1",0.025102
"5000_4",0.004837
"3513_1",0.001509
"9427_4",0.184209
"6840_1",0.004325
"9217_9",0.935202
"5545_8",0.924434
"9858_10",0.994122
"1909_2",0.004841
"8416_10",0.995652
"11079_3",0.012594
"4638_4",0.461757
"324_10",0.987520
"9126_10",0.775127
"9069_7",0.933392
"10555_10",0.958428
"9626_8",0.488643
"6629_10",0.994689
"8419_10",0.997476
"5437_8",0.007471
"2463_10",0.997780
"10540_1",0.170269
"10579_1",0.379997
"11517_8",0.577305
"5306_10",0.992501
"4996_9",0.844787
"8251_7",0.955983
"7382_1",0.002613
"4284_9",0.968370
"772_10",0.990585
"5394_1",0.003368
"10576_9",0.990549
"635_8",0.967463
"9315_2",0.811927
"9642_4",0.009319
"7225_10",0.996996
"1806_3",0.586206
"4484_1",0.026860
"4912_10",0.904845
"4837_10",0.986747
"11025_10",0.954053
"1419_10",0.913504
"8789_4",0.034012
"1507_1",0.085924
"6478_1",0.002560
"7774_1",0.002683
"7805_10",0.439348
"11142_10",0.179254
"3832_10",0.945780
"1830_3",0.019646
"2676_4",0.035986
"1595_1",0.006422
"8044_9",0.960478
"8476_1",0.001627
"5190_8",0.762474
"4941_2",0.002865
"10114_8",0.934878
"11931_3",0.049098
"11970_10",0.916493
"5572_1",0.010097
"32_3",0.903940
"10026_10",0.837237
"10554_2",0.007521
"6440_7",0.996974
"7636_1",0.018348
"7973_9",0.992607
"2920_10",0.999334
"9531_1",0.007735
"568_4",0.105733
"6091_3",0.440533
"5700_9",0.432642
"4934_7",0.998976
"5988_10",0.999340
"5162_1",0.021989
"1043_4",0.006073
"11574_2",0.200352
"2592_1",0.086070
"4881_3",0.681445
"447_10",0.993410
"6922_8",0.965777
"9314_10",0.974236
"10693_10",0.988584
"257_9",0.980490
"2090_10",0.669369
"7826_1",0.006975
"7851_4",0.056703
"1606_1",0.381146
"4446_1",0.030935
"10655_2",0.120612
"11116_2",0.003631
"1631_1",0.515670
"11696_10",0.974977
"2114_3",0.048244
"10728_8",0.910884
"8006_9",0.993144
"5963_10",0.993148
"2094_10",0.997838
"10113_1",0.006464
"2832_4",0.004410
"9600_1",0.001748
"7776_1",0.029297
"567_9",0.138199
"4700_10",0.855224
"1143_1",0.106529
"7853_1",0.020906
"11178_1",0.080092
"7770_3",0.012535
"11696_2",0.016034
"6077_9",0.998149
"5952_1",0.006626
"507_1",0.003668
"11888_3",0.321506
"7857_3",0.014980
"1381_7",0.113146
"5080_2",0.005476
"9831_10",0.921993
"7231_1",0.038898
"6012_3",0.033976
"6843_4",0.437508
"7120_1",0.010795
"9248_1",0.045669
"5313_4",0.300238
"8434_2",0.046145
"10224_2",0.022539
"7303_10",0.962338
"1796_8",0.762520
"9302_4",0.443873
"2232_4",0.112697
"5333_3",0.101423
"1340_3",0.002432
"5472_2",0.006773
"1768_3",0.003422
"3140_1",0.026476
"6264_3",0.108139
"6699_8",0.109516
"2085_7",0.989627
"5319_4",0.496181
"7561_4",0.866007
"992_1",0.010602
"193_4",0.020983
"19_10",0.998394
"6225_8",0.552390
"933_10",0.996523
"11245_10",0.961256
"6152_3",0.304333
"10163_7",0.997684
"9382_4",0.067181
"4655_8",0.985317
"5195_10",0.918483
"8989_4",0.047913
"5309_10",0.935736
"2183_2",0.056424
"7597_10",0.992707
"1272_8",0.897990
"10107_9",0.995994
"3067_1",0.002651
"390_10",0.987085
"5746_4",0.018886
"7145_4",0.391031
"1612_8",0.876215
"7968_4",0.522358
"3793_9",0.894884
"2719_1",0.261318
"1645_10",0.998752
"9934_2",0.004575
"9288_4",0.158296
"937_4",0.253894
"10385_1",0.002719
"3726_1",0.001868
"2700_10",0.992033
"11824_1",0.002163
"4133_10",0.994683
"9873_2",0.005820
"8769_1",0.086532
"11806_10",0.986442
"903_4",0.056426
"727_3",0.289874
"2426_2",0.004498
"8663_1",0.167507
"11163_8",0.388783
"1505_7",0.792741
"4758_10",0.995450
"2119_4",0.296501
"7351_8",0.928805
"5638_10",0.998927
"11236_10",0.979805
"9351_3",0.823976
"8732_4",0.378034
"4771_1",0.080498
"4094_10",0.996210
"8314_7",0.672685
"5273_10",0.987511
"1773_1",0.001693
"7415_1",0.002243
"677_1",0.004261
"5585_1",0.006423
"1523_10",0.942625
"6855_1",0.011541
"6634_9",0.963928
"3866_2",0.014140
"7165_3",0.100674
"7516_7",0.199724
"2239_8",0.898717
"1248_8",0.999169
"6839_8",0.770651
"2648_10",0.996166
"5246_9",0.176016
"9445_1",0.002457
"4323_4",0.027875
"4356_10",0.891870
"9447_4",0.932456
"4022_3",0.061754
"6239_3",0.014598
"447_4",0.055417
"6717_8",0.992764
"2470_9",0.998998
"4816_1",0.014377
"1682_10",0.982848
"67_10",0.997573
"724_10",0.991161
"7678_9",0.995962
"2889_4",0.033774
"7487_9",0.998368
"1411_4",0.537947
"7447_8",0.995119
"3856_1",0.037539
"4412_10",0.909599
"8939_2",0.001120
"3314_9",0.192437
"2776_1",0.018161
"7986_8",0.996190
"12084_10",0.988247
"9529_10",0.992415
"11599_7",0.623708
"11688_3",0.222492
"11559_1",0.018988
"5838_2",0.320461
"6397_4",0.989630
"3551_4",0.585146
"5646_10",0.992718
"7760_2",0.152053
"4983_7",0.998054
"3870_1",0.382578
"5621_9",0.642776
"8716_9",0.986300
"2017_10",0.995302
"579_10",0.999656
"2659_1",0.000467
"10364_2",0.282571
"837_8",0.937913
"226_4",0.017071
"4836_1",0.009251
"11389_3",0.008543
"5284_2",0.004390
"4277_4",0.206151
"3821_10",0.993719
"6593_8",0.658087
"5060_7",0.040823
"5121_8",0.993583
"3810_7",0.485790
"3941_8",0.243605
"12291_1",0.006592
"1082_1",0.014655
"931_9",0.549519
"10202_4",0.356822
"11004_9",0.998318
"5243_7",0.497381
"2861_1",0.077828
"11992_10",0.972791
"11358_9",0.993221
"3996_10",0.922067
"12434_8",0.260863
"8310_7",0.945429
"3894_9",0.998428
"3021_1",0.023453
"1652_10",0.984726
"90_2",0.764773
"283_1",0.116414
"9809_8",0.891133
"2693_2",0.050976
"5717_1",0.067992
"6051_9",0.992862
"4542_1",0.002285
"5104_8",0.978546
"10139_10",0.712049
"6129_1",0.004614
"859_8",0.522037
"3107_1",0.003566
"2595_2",0.015832
"2676_10",0.988458
"3634_2",0.194912
"6953_1",0.219334
"4430_4",0.049852
"79_8",0.984840
"7318_2",0.014564
"863_4",0.103683
"6393_3",0.993554
"6910_3",0.213315
"4438_9",0.991293
"4242_9",0.953840
"5813_4",0.306926
"203_3",0.003069
"7333_10",0.997821
"11658_8",0.975555
"11206_4",0.069946
"6208_7",0.997838
"7273_8",0.998379
"5518_10",0.758589
"7092_1",0.311656
"10508_7",0.666557
"1196_9",0.998329
"10037_7",0.993780
"6468_8",0.996092
"8502_4",0.209314
"1017_1",0.013979
"4_10",0.999311
"8439_1",0.005842
"7048_3",0.002574
"3238_1",0.044668
"11610_1",0.061935
"3468_10",0.993459
"184_3",0.014749
"12227_7",0.907850
"4872_3",0.572906
"11139_10",0.995623
"4316_7",0.564484
"3071_1",0.091029
"335_2",0.020896
"10847_1",0.005747
"4646_10",0.858540
"9382_10",0.999558
"6577_1",0.042773
"4549_1",0.002660
"2459_9",0.995699
"102_8",0.052519
"1581_1",0.008151
"2439_10",0.998116
"6988_9",0.630982
"2024_1",0.026872
"12375_1",0.016469
"6084_4",0.217483
"6617_3",0.556657
"815_3",0.004215
"1857_1",0.154767
"7428_1",0.457060
"5943_8",0.866927
"11811_10",0.998103
"10844_1",0.027728
"1275_7",0.998863
"1910_1",0.008062
"3306_8",0.988019
"4735_1",0.008750
"10819_1",0.009270
"9571_2",0.067584
"1037_10",0.977631
"7177_4",0.473757
"5066_10",0.998332
"4888_2",0.167464
"10646_2",0.003678
"7929_1",0.000898
"5181_1",0.003555
"1387_1",0.073686
"1304_8",0.440132
"2108_1",0.073372
"9875_10",0.999281
"10200_1",0.026450
"11665_9",0.996400
"6685_1",0.082660
"10234_9",0.999170
"6622_9",0.954345
"9703_7",0.831408
"7504_8",0.906692
"1267_3",0.266414
"902_3",0.030807
"10674_2",0.033293
"5237_10",0.992138
"5270_10",0.409547
"1701_7",0.956061
"3222_2",0.900533
"6116_10",0.413499
"11543_10",0.655097
"8189_7",0.134901
"8737_8",0.996804
"6856_7",0.061506
"2035_8",0.985247
"5011_10",0.894722
"6135_9",0.991366
"9172_1",0.004035
"5822_1",0.001378
"8816_3",0.131595
"1124_1",0.034800
"5422_4",0.256745
"3275_2",0.104510
"2076_2",0.011574
"5223_8",0.944742
"1814_3",0.104829
"6171_2",0.758765
"3228_1",0.070204
"3693_3",0.025200
"8891_2",0.004740
"1171_8",0.992184
"9496_1",0.162900
"8702_10",0.889222
"11287_4",0.003186
"2157_10",0.995744
"6058_8",0.907808
"4025_2",0.010373
"5097_8",0.994305
"2335_1",0.005932
"6945_1",0.000496
"2970_4",0.016399
"10473_10",0.979984
"10139_1",0.088047
"7680_10",0.988270
"10705_1",0.002699
"9883_10",0.999258
"2808_10",0.976506
"6543_2",0.028203
"3482_3",0.541766
"2547_7",0.678902
"8378_4",0.004439
"7746_10",0.999813
"5007_4",0.253774
"1623_8",0.981009
"10762_9",0.998802
"8604_1",0.011292
"868_7",0.254182
"7902_1",0.004107
"3644_1",0.054552
"330_1",0.005614
"2519_7",0.987860
"716_2",0.751107
"9908_1",0.001243
"1410_2",0.596561
"1154_4",0.201488
"589_10",0.980082
"10182_3",0.010088
"6872_8",0.376052
"7232_8",0.859797
"4339_8",0.278419
"6652_2",0.010108
"8692_1",0.001545
"4585_2",0.761604
"5846_4",0.544860
"4401_1",0.050861
"4848_10",0.894389
"1727_1",0.004138
"8038_2",0.127067
"2532_1",0.007100
"11010_9",0.091984
"4915_10",0.993465
"6047_4",0.022103
"10358_3",0.044090
"697_10",0.998334
"7648_7",0.996374
"5495_4",0.004537
"6611_2",0.107110
"12099_8",0.988609
"1109_1",0.019088
"6874_1",0.001897
"8072_4",0.113209
"11231_10",0.998591
"10871_7",0.994909
"9990_10",0.965313
"645_10",0.998338
"9345_1",0.260426
"5298_1",0.387284
"5971_10",0.085437
"5079_8",0.997639
"6022_3",0.002157
"4954_7",0.413466
"5063_8",0.897396
"843_10",0.980873
"556_7",0.964282
"1498_1",0.001159
"9374_7",0.569257
"8728_1",0.949018
"8297_10",0.991122
"5760_10",0.098387
"7403_10",0.051095
"964_3",0.079448
"8842_9",0.993095
"11552_10",0.971108
"5592_2",0.016629
"3531_9",0.981317
"9383_3",0.200325
"6576_1",0.019616
"125_3",0.026321
"8382_2",0.020642
"3786_9",0.995017
"8636_9",0.923193
"12225_10",0.973840
"8958_8",0.999291
"5981_10",0.739365
"9594_10",0.954974
"9802_3",0.016608
"4353_3",0.011094
"10567_8",0.999393
"3982_7",0.705573
"3292_7",0.534749
"1739_3",0.004098
"3356_3",0.034672
"5253_4",0.170781
"1186_10",0.976553
"12218_8",0.991610
"1361_9",0.864198
"11423_4",0.011819
"5649_1",0.010413
"11988_10",0.934450
"393_7",0.996734
"8081_2",0.192116
"10290_1",0.003457
"5548_1",0.135462
"2266_3",0.623589
"341_1",0.000441
"2081_10",0.998917
"6268_1",0.254792
"2267_9",0.998226
"82_3",0.006257
"11259_10",0.983869
"6760_7",0.062665
"6352_9",0.997650
"10733_3",0.043524
"7418_2",0.002466
"11562_8",0.948290
"8895_9",0.831351
"7911_7",0.370630
"4885_10",0.998611
"542_4",0.119313
"6099_7",0.915576
"5355_1",0.001560
"3969_1",0.001906
"11541_4",0.349213
"6413_1",0.030148
"3725_7",0.977859
"11757_1",0.080653
"7663_1",0.203997
"3161_3",0.146900
"9119_10",0.995795
"7726_3",0.111934
"1764_8",0.994945
"7211_7",0.680814
"8069_4",0.279256
"7119_2",0.082956
"1163_10",0.985841
"5836_2",0.002021
"1921_8",0.966664
"892_1",0.004830
"7629_8",0.896392
"5605_1",0.020775
"3955_10",0.999652
"5093_4",0.045365
"6366_4",0.156534
"11267_2",0.011298
"522_2",0.178794
"7659_10",0.997661
"11779_4",0.695284
"5226_1",0.118853
"8767_10",0.527135
"1315_4",0.007272
"8179_8",0.988743
"10270_10",0.923654
"8218_1",0.436132
"4363_10",0.975705
"9701_9",0.898562
"9774_10",0.996781
"8326_10",0.993959
"1529_10",0.997803
"9090_8",0.999428
"8596_7",0.487919
"3508_1",0.013901
"2272_8",0.999314
"1226_7",0.983396
"40_8",0.986707
"1159_1",0.003943
"11508_1",0.008002
"2869_8",0.948559
"4068_1",0.004150
"7510_1",0.010038
"2967_3",0.890644
"8307_10",0.745450
"9920_8",0.971104
"9102_1",0.066947
"3586_4",0.878574
"2278_10",0.999118
"9459_9",0.994910
"3080_10",0.971464
"8960_1",0.001037
"11294_8",0.249827
"5241_1",0.011751
"4515_10",0.999628
"5855_7",0.997562
"12107_2",0.004418
"6435_2",0.024773
"5813_10",0.994295
"12008_1",0.003121
"1613_10",0.828644
"9381_9",0.746032
"4467_10",0.675666
"1439_8",0.819454
"1021_2",0.004848
"2718_1",0.290530
"11439_8",0.996126
"10931_10",0.996787
"4326_10",0.991112
"6216_1",0.088418
"10369_4",0.014578
"1586_7",0.278950
"1310_2",0.015445
"293_1",0.011046
"5968_1",0.001325
"9338_10",0.949175
"418_4",0.026715
"4522_1",0.003034
"3925_8",0.819904
"9748_1",0.005527
"7142_8",0.993566
"8862_1",0.304795
"10812_2",0.008972
"3262_7",0.941159
"11540_10",0.045981
"1236_2",0.451180
"10321_10",0.918865
"5782_1",0.002524
"11765_8",0.396061
"6365_7",0.085799
"6265_2",0.291661
"5426_1",0.001447
"5312_7",0.916447
"1786_3",0.007817
"10137_2",0.282198
"9816_3",0.062460
"11925_10",0.736966
"3041_3",0.034227
"6742_1",0.000573
"10786_7",0.799342
"10687_4",0.019336
"7057_7",0.033506
"7532_9",0.888925
"4162_8",0.986744
"9911_10",0.996255
"2369_3",0.627472
"2967_9",0.825298
"9515_7",0.984374
"12035_9",0.986373
"9088_4",0.145669
"3037_8",0.757473
"1198_10",0.998449
"8186_8",0.823569
"3455_8",0.996600
"6676_3",0.043068
"4071_8",0.991595
"2244_7",0.853404
"1252_7",0.914659
"12178_3",0.000630
"5623_4",0.022435
"10938_1",0.000827
"2265_4",0.382514
"7442_7",0.193447
"7676_9",0.987616
"10666_1",0.008468
"9430_3",0.516282
"8329_2",0.002816
"11933_10",0.995518
"7868_1",0.001650
"6471_7",0.989620
"2191_1",0.032383
"3918_1",0.005184
"9767_10",0.994779
"11297_8",0.995190
"6763_8",0.987712
"2621_9",0.487618
"4056_4",0.103414
"8584_4",0.002362
"4541_9",0.970893
"1474_4",0.896708
"3748_7",0.986850
"1314_1",0.003814
"6195_10",0.990616
"3485_1",0.016157
"5448_7",0.744728
"12392_10",0.990943
"5807_10",0.995231
"11783_4",0.422814
"5693_1",0.017720
"5031_3",0.067663
"9684_1",0.010758
"924_10",0.817779
"12254_3",0.712368
"277_1",0.023444
"4384_10",0.998884
"8288_4",0.016701
"3056_3",0.007098
"4683_9",0.980152
"907_7",0.967248
"6720_7",0.284061
"12192_1",0.074233
"11090_8",0.903709
"4682_7",0.969064
"11698_10",0.089138
"1530_1",0.013557
"3017_9",0.957157
"9702_1",0.006914
"5761_3",0.067753
"9920_2",0.116513
"8250_1",0.553153
"11900_3",0.156433
"6128_10",0.031488
"8667_10",0.691490
"8304_3",0.140234
"1049_9",0.996892
"10262_4",0.706322
"7315_3",0.002288
"4935_10",0.997417
"2453_1",0.037160
"4820_10",0.932214
"3111_10",0.978004
"10351_8",0.954066
"146_1",0.026657
"6093_9",0.991709
"7215_10",0.995549
"6098_9",0.985120
"2873_10",0.996642
"2683_10",0.753930
"6886_9",0.485331
"4992_8",0.331173
"1038_1",0.005891
"988_3",0.040459
"212_7",0.542338
"6838_1",0.183239
"4865_8",0.984842
"6908_9",0.994983
"8548_10",0.946593
"2297_4",0.248341
"3455_4",0.130696
"5743_2",0.069827
"5820_1",0.504532
"4636_3",0.013323
"8184_4",0.069860
"7413_7",0.858076
"10750_7",0.982021
"10064_10",0.992678
"408_3",0.078829
"10388_10",0.994643
"8380_4",0.129600
"8904_2",0.003912
"10854_10",0.786710
"11511_10",0.840497
"259_10",0.928760
"1580_1",0.053596
"11775_1",0.051546
"8674_1",0.031782
"9540_10",0.997101
"6177_4",0.004186
"11074_8",0.993383
"7191_7",0.851215
"7496_1",0.006742
"4424_9",0.839788
"5733_9",0.790790
"2887_2",0.000791
"239_2",0.038461
"10920_1",0.010217
"10342_9",0.992227
"12321_1",0.008522
"1833_3",0.009669
"5494_7",0.803474
"8687_8",0.998139
"1076_8",0.908211
"7638_3",0.262330
"1361_3",0.849601
"1884_4",0.144919
"2056_10",0.899033
"5_4",0.744166
"1034_10",0.927104
"4008_8",0.992840
"4239_4",0.052215
"7257_4",0.039683
"9541_8",0.986611
"5869_1",0.010640
"1326_4",0.001690
"936_2",0.106488
"10473_4",0.045450
"12413_2",0.036214
"5934_9",0.993208
"2419_7",0.687008
"49_4",0.423955
"2129_9",0.993820
"12356_1",0.023671
"9268_2",0.003986
"7915_7",0.947855
"11405_3",0.065483
"7526_9",0.989527
"6639_2",0.001355
"7939_1",0.001738
"8934_1",0.052181
"2422_1",0.002373
"3885_4",0.451560
"1703_3",0.172786
"7530_9",0.999337
"5833_1",0.001136
"9858_4",0.075272
"12307_3",0.001428
"9341_10",0.962636
"4490_10",0.995100
"9292_10",0.515804
"7830_1",0.041197
"5329_1",0.000497
"5205_10",0.898356
"2172_1",0.138180
"8857_4",0.012095
"7933_1",0.026415
"12277_4",0.137733
"9853_10",0.901302
"5927_8",0.993579
"4453_4",0.059665
"3034_1",0.014300
"3469_1",0.037618
"12014_2",0.048856
"3802_3",0.067893
"10911_8",0.366234
"7519_1",0.002054
"4155_1",0.009347
"7873_1",0.002868
"7002_10",0.911432
"11597_1",0.399385
"9043_3",0.215303
"7623_3",0.453681
"6615_9",0.998470
"5982_1",0.005863
"492_1",0.004893
"7105_1",0.001432
"7072_8",0.984443
"7585_3",0.514949
"114_2",0.022365
"675_2",0.134976
"5141_1",0.159207
"11299_1",0.024925
"7008_4",0.560401
"4963_4",0.094311
"9363_8",0.812975
"12419_8",0.586067
"499_2",0.083216
"4741_1",0.001922
"3160_10",0.328543
"4605_7",0.935337
"7181_4",0.387812
"2620_3",0.320953
"7101_7",0.981321
"3358_8",0.608533
"11150_3",0.767876
"11555_3",0.601548
"11975_2",0.559762
"44_8",0.958696
"4699_10",0.997382
"6042_2",0.035894
"10368_3",0.667424
"2409_8",0.882060
"5933_1",0.375582
"7460_1",0.001193
"11653_3",0.724597
"1699_4",0.265512
"6189_4",0.019998
"12263_10",0.998105
"700_7",0.977858
"1974_9",0.984760
"4664_1",0.017581
"2083_3",0.010522
"3454_1",0.003394
"3196_4",0.829067
"7920_2",0.098168
"10257_10",0.996476
"12344_10",0.938990
"130_9",0.982761
"315_4",0.243224
"5923_10",0.950369
"1234_10",0.985498
"7402_2",0.009116
"4634_1",0.133918
"2558_10",0.971805
"11220_10",0.847417
"7652_10",0.971480
"1070_1",0.023989
"3018_1",0.729535
"6365_1",0.005511
"6081_4",0.213973
"1015_4",0.053132
"7071_10",0.575564
"4682_1",0.003300
"5242_1",0.965011
"5125_9",0.929313
"11299_7",0.996648
"7445_1",0.006884
"8206_10",0.997322
"7878_7",0.976757
"11630_4",0.762407
"9391_8",0.462937
"4755_2",0.004985
"36_8",0.973477
"617_9",0.980419
"987_7",0.945062
"1185_1",0.001533
"11135_1",0.006631
"6457_2",0.032868
"8337_7",0.822689
"9931_9",0.998103
"6932_10",0.186968
"9504_3",0.131333
"2333_2",0.058079
"10397_10",0.991920
"6200_4",0.145525
"8004_10",0.991158
"10818_10",0.997549
"164_7",0.330836
"6945_9",0.767827
"2551_10",0.958982
"10887_3",0.005563
"8942_8",0.984031
"6779_1",0.097001
"9818_10",0.788474
"11352_4",0.019303
"1035_9",0.988863
"9212_2",0.002894
"8530_3",0.016974
"7858_3",0.060326
"1777_4",0.013715
"6976_10",0.969493
"9426_2",0.037533
"2154_1",0.011360
"7037_9",0.918585
"1501_1",0.381129
"12448_2",0.002351
"1005_2",0.086651
"8031_1",0.024986
"8084_8",0.961786
"11933_3",0.001558
"3206_10",0.999601
"10197_2",0.003036
"8838_9",0.426973
"7720_1",0.003343
"9739_3",0.039356
"8312_4",0.012240
"3492_9",0.897624
"1133_8",0.998739
"3255_9",0.993225
"10625_8",0.992872
"12307_9",0.994807
"325_10",0.997761
"4393_10",0.902638
"8755_2",0.001070
"2645_4",0.027203
"10712_8",0.797831
"10358_7",0.343669
"10913_1",0.022590
"8406_7",0.648067
"12131_8",0.998496
"8306_7",0.582203
"8722_9",0.995851
"6363_3",0.007752
"6876_10",0.998151
"10802_8",0.054982
"6078_2",0.002006
"4558_8",0.991809
"643_4",0.017236
"9956_10",0.928750
"7267_8",0.976165
"10491_7",0.997792
"5105_8",0.985786
"7213_10",0.996518
"8442_2",0.073253
"11035_10",0.995361
"9961_3",0.027097
"2616_1",0.007436
"7666_4",0.465382
"548_4",0.507367
"2425_10",0.997993
"4173_1",0.014324
"3558_10",0.881044
"4117_3",0.797182
"9803_3",0.073841
"1545_1",0.003855
"6564_7",0.998573
"1306_1",0.038126
"632_1",0.005488
"3132_8",0.995228
"5755_2",0.008764
"5282_1",0.018772
"5891_10",0.998410
"3961_7",0.993216
"4107_1",0.041206
"2370_8",0.968041
"1363_1",0.012805
"5359_9",0.940323
"759_10",0.994953
"727_8",0.996512
"1875_1",0.015946
"10586_1",0.006692
"4906_1",0.001387
"11685_4",0.021866
"1632_1",0.464140
"4913_10",0.997650
"11375_1",0.020396
"423_10",0.788017
"5957_9",0.902721
"9389_1",0.001630
"10450_7",0.971314
"4205_1",0.954804
"2983_1",0.001873
"7895_1",0.004246
"2761_4",0.009309
"3359_1",0.029301
"687_9",0.998391
"8150_1",0.005417
"1647_10",0.906030
"10920_8",0.943079
"4813_8",0.985559
"4628_10",0.957017
"5738_4",0.001553
"11255_3",0.002209
"7801_10",0.964887
"3258_2",0.013580
"10513_7",0.939823
"9358_8",0.996069
"6864_2",0.006492
"3038_8",0.530809
"6928_1",0.066697
"10277_10",0.997869
"9231_1",0.002738
"8098_7",0.752752
"11550_10",0.993008
"10233_7",0.911978
"180_3",0.037071
"538_8",0.998176
"4977_9",0.922868
"11386_3",0.668953
"1045_3",0.011946
"61_1",0.303492
"6907_8",0.976093
"11368_10",0.959453
"10_3",0.032721
"7034_3",0.045662
"3051_10",0.916638
"362_9",0.944736
"8037_7",0.994644
"11408_4",0.334070
"8783_7",0.236199
"1755_10",0.994798
"3610_3",0.027100
"1376_3",0.039378
"4970_9",0.954967
"7802_9",0.985421
"4169_1",0.001819
"2063_4",0.992222
"2825_10",0.171972
"10758_10",0.998871
"10778_2",0.018106
"979_10",0.976306
"11700_4",0.944028
"7848_10",0.942822
"1294_7",0.983584
"4806_4",0.641530
"10159_4",0.011201
"3461_4",0.886019
"10312_1",0.022574
"4297_1",0.031984
"5081_2",0.002316
"2156_1",0.195114
"8417_1",0.047156
"10182_10",0.994552
"11732_2",0.081724
"10078_3",0.013003
"4772_1",0.004479
"6187_4",0.040660
"4219_10",0.912358
"5208_8",0.518661
"4935_2",0.003758
"6528_10",0.994239
"4080_1",0.051202
"6147_10",0.711026
"1352_2",0.933183
"5675_9",0.984411
"3024_4",0.008895
"6930_3",0.005395
"7005_1",0.082030
"380_9",0.853501
"5923_3",0.868742
"1246_9",0.906268
"3081_8",0.994117
"11913_3",0.014768
"4112_8",0.984696
"1440_8",0.982380
"12123_7",0.700948
"3731_1",0.000992
"420_10",0.985078
"5862_1",0.003845
"10864_7",0.996527
"3484_1",0.039044
"9438_4",0.041516
"7032_10",0.999838
"7670_2",0.033328
"5251_9",0.961216
"5296_7",0.982233
"9161_7",0.190191
"6446_4",0.031009
"11694_8",0.997716
"1674_9",0.998631
"8831_10",0.102922
"11813_10",0.994124
"3380_1",0.001565
"8653_10",0.997190
"10485_1",0.019623
"3771_9",0.776136
"5534_1",0.012418
"2_7",0.907779
"2334_9",0.977281
"8327_4",0.842299
"8552_9",0.997629
"9117_10",0.997726
"11953_10",0.989671
"7015_4",0.834472
"9649_10",0.981300
"1701_1",0.025266
"1946_3",0.019944
"1536_10",0.947488
"6419_7",0.997034
"6619_10",0.989074
"3715_10",0.999585
"6001_9",0.997345
"4555_9",0.307401
"6367_4",0.288031
"8350_10",0.941564
"8376_7",0.460114
"8231_1",0.002772
"11595_9",0.996665
"10372_4",0.855766
"2711_8",0.939299
"407_4",0.004802
"10798_10",0.865677
"5358_1",0.019115
"158_1",0.009194
"6578_7",0.306239
"217_8",0.976442
"4535_10",0.989973
"4887_10",0.152429
"5595_4",0.161722
"1837_9",0.995094
"7723_1",0.004622
"1935_7",0.286746
"7357_4",0.009327
"3293_3",0.051986
"5176_1",0.001209
"10930_7",0.201791
"4618_1",0.023205
"15_2",0.004693
"4009_1",0.196089
"3854_1",0.005230
"2889_10",0.990486
"2737_1",0.651233
"9811_3",0.042219
"12016_2",0.012879
"8470_10",0.496777
"2965_7",0.195465
"6620_1",0.031420
"7447_3",0.052126
"1197_9",0.997762
"9750_9",0.872802
"3001_1",0.161183
"8068_2",0.103939
"5660_1",0.092612
"5595_10",0.755515
"4377_4",0.117338
"7354_8",0.309691
"11858_1",0.022160
"7611_2",0.038726
"6855_7",0.758067
"11522_1",0.013157
"21_9",0.987578
"3423_9",0.991333
"2061_8",0.977261
"5594_10",0.996115
"6106_3",0.129114
"9222_1",0.166092
"2305_3",0.007035
"12493_4",0.231683
"8841_9",0.962979
"3824_8",0.986808
"703_8",0.969109
"1638_1",0.007220
"11339_4",0.018846
"10173_1",0.005558
"6481_2",0.392029
"9468_2",0.118128
"1830_9",0.996618
"9940_8",0.897241
"7768_1",0.050077
"414_2",0.037626
"9554_3",0.003683
"2894_4",0.001264
"2509_7",0.996833
"2430_2",0.176570
"10244_7",0.432084
"2874_9",0.222233
"4615_4",0.817674
"9011_10",0.996645
"8977_9",0.982415
"6709_9",0.818293
"7963_3",0.216720
"7531_10",0.855136
"5058_3",0.021673
"2875_2",0.532207
"9191_8",0.482661
"2596_10",0.986379
"9660_8",0.993130
"3682_1",0.018362
"4189_1",0.005025
"739_10",0.994868
"836_4",0.101186
"2422_7",0.465170
"4318_1",0.089130
"1443_2",0.443144
"2782_8",0.930733
"10260_1",0.670229
"10624_10",0.996122
"3288_8",0.974270
"155_2",0.004803
"4941_9",0.916534
"1449_8",0.999783
"10575_1",0.001398
"3568_4",0.465237
"261_9",0.995970
"10420_9",0.994395
"4008_1",0.309472
"4263_9",0.993265
"11924_4",0.059071
"11488_7",0.918095
"1599_1",0.149677
"11383_10",0.997772
"1800_9",0.983432
"9705_10",0.703695
"10044_8",0.986215
"471_3",0.080537
"3494_9",0.895268
"11492_10",0.969618
"257_3",0.029888
"10745_1",0.016260
"7305_1",0.168097
"6239_8",0.682369
"3068_10",0.997114
"2862_1",0.002137
"11217_4",0.446399
"10650_9",0.977970
"3588_10",0.962504
"8345_10",0.328975
"9980_2",0.001010
"8901_1",0.016830
"5438_8",0.688635
"10879_10",0.999022
"9064_3",0.344840
"193_9",0.653003
"470_4",0.224936
"5128_7",0.985986
"10542_10",0.034266
"205_10",0.988891
"8091_7",0.999390
"11383_3",0.016164
"10274_2",0.006654
"7865_7",0.829191
"7525_1",0.106111
"2168_2",0.018780
"11082_8",0.973656
"1991_2",0.050449
"10524_10",0.999392
"4628_3",0.543222
"4269_7",0.986941
"7367_2",0.005509
"1390_1",0.611487
"7158_1",0.772040
"12442_10",0.847015
"8388_1",0.003610
"7980_7",0.969780
"3054_1",0.007472
"11143_2",0.857012
"2238_1",0.683034
"949_3",0.103151
"42_4",0.096391
"4093_7",0.914246
"3657_3",0.064505
"9812_10",0.999485
"6879_3",0.587897
"2189_8",0.993703
"11804_1",0.002891
"5280_10",0.994743
"411_8",0.246725
"5673_1",0.054108
"11633_2",0.000944
"10389_1",0.007232
"9516_10",0.953789
"12169_8",0.991979
"232_7",0.965994
"6061_4",0.049780
"6755_8",0.948457
"2880_10",0.894776
"4187_7",0.920135
"4175_7",0.897919
"11674_3",0.933057
"10397_1",0.003946
"4334_10",0.964874
"7654_10",0.988276
"1657_9",0.956620
"2025_2",0.049879
"2276_4",0.056255
"1957_10",0.833176
"11627_4",0.762138
"11799_4",0.021305
"10251_10",0.955050
"1231_4",0.120215
"8302_8",0.977951
"12342_7",0.095910
"8105_3",0.610813
"3892_4",0.335971
"8473_9",0.994959
"448_8",0.999363
"7317_2",0.171817
"2074_1",0.042601
"12249_7",0.972923
"5467_2",0.014374
"12109_1",0.144057
"11511_1",0.004358
"9476_3",0.834383
"1170_10",0.992613
"8970_9",0.931506
"12308_1",0.012785
"3101_8",0.877784
"3066_1",0.002028
"11519_7",0.072408
"5314_2",0.013983
"9160_4",0.277885
"6512_3",0.665563
"7836_4",0.020660
"11429_1",0.477873
"12043_9",0.995162
"270_1",0.011503
"821_1",0.018623
"4572_10",0.921368
"11437_1",0.001996
"4899_3",0.236774
"8226_9",0.996547
"5445_9",0.982051
"2459_2",0.020303
"12192_7",0.977466
"5459_9",0.630903
"7308_7",0.627221
"11308_1",0.029272
"4122_3",0.004441
"144_9",0.982204
"12145_4",0.505965
"8511_8",0.992750
"11319_7",0.971106
"9257_10",0.981250
"6737_3",0.019273
"9327_9",0.987589
"1246_1",0.002165
"11239_10",0.994937
"2915_1",0.064224
"6019_10",0.999202
"1151_9",0.969261
"11796_2",0.019677
"10400_9",0.448437
"9599_10",0.446475
"2283_3",0.029892
"5474_3",0.008564
"2670_3",0.009249
"6_3",0.085954
"69_4",0.010437
"11234_10",0.827319
"6575_10",0.998161
"9391_1",0.013929
"12053_1",0.007222
"1387_8",0.901461
"2649_9",0.913258
"9004_4",0.069059
"8723_1",0.018230
"11609_1",0.021423
"9585_2",0.024810
"2736_1",0.002941
"6607_2",0.056249
"11939_2",0.003723
"2024_8",0.999051
"1503_8",0.385291
"10177_10",0.998451
"10266_1",0.001312
"547_7",0.371231
"5272_10",0.924249
"5204_9",0.968511
"9369_2",0.017256
"6273_1",0.003781
"10825_7",0.987042
"644_8",0.557366
"347_1",0.018078
"12309_1",0.087087
"5502_10",0.741238
"7203_1",0.009350
"8714_2",0.137530
"713_8",0.950026
"10289_1",0.075886
"7666_8",0.344591
"6753_1",0.009393
"6350_1",0.000727
"11232_8",0.210925
"10551_1",0.047405
"5967_7",0.757517
"1049_3",0.167929
"11238_10",0.470709
"8043_9",0.990103
"8751_4",0.014650
"6514_2",0.058465
"1461_3",0.011671
"12137_8",0.809841
"9884_1",0.004585
"4652_10",0.988909
"3169_4",0.108689
"4138_8",0.990362
"6125_7",0.086131
"7298_8",0.978453
"4602_8",0.569630
"3523_1",0.043377
"10990_1",0.021977
"9278_1",0.035074
"2614_3",0.003025
"4762_3",0.002354
"2557_9",0.891503
"9390_1",0.003733
"7144_10",0.970254
"6655_7",0.082588
"9806_3",0.067147
"986_10",0.950160
"9969_10",0.976793
"8915_1",0.182214
"3888_2",0.034070
"1963_1",0.005366
"10523_9",0.669383
"9995_2",0.654308
"4491_1",0.538353
"926_10",0.988589
"5679_7",0.732758
"5201_8",0.422096
"9785_3",0.001373
"337_1",0.003439
"4129_3",0.031504
"9231_8",0.440616
"2058_2",0.001861
"4801_10",0.997498
"2116_1",0.038180
"11539_10",0.998495
"200_4",0.086701
"8271_10",0.999040
"10088_8",0.643312
"10816_10",0.998509
"80_7",0.861759
"9331_7",0.983747
"3866_9",0.999557
"4534_3",0.562257
"8981_9",0.975114
"510_7",0.634575
"4980_1",0.008569
"3336_1",0.415228
"1934_7",0.525774
"2815_4",0.998331
"6606_4",0.322757
"11802_1",0.021405
"6312_9",0.927522
"1914_2",0.042214
"1970_8",0.996021
"9791_10",0.972147
"3721_10",0.668173
"7947_10",0.961610
"8009_10",0.742925
"3370_7",0.603992
"8943_3",0.325097
"5873_10",0.468690
"7379_1",0.000996
"3585_10",0.997078
"6934_10",0.992461
"5841_1",0.015901
"1354_7",0.969352
"9215_10",0.964530
"2668_4",0.003345
"8441_8",0.994936
"5255_7",0.064929
"3649_1",0.003189
"1169_10",0.997211
"2366_7",0.995578
"4229_1",0.003095
"29_3",0.057636
"6109_2",0.522657
"11174_4",0.036007
"12477_7",0.590389
"11713_1",0.000514
"2231_2",0.046496
"7598_8",0.973025
"5095_3",0.020776
"3062_10",0.984878
"11451_7",0.985436
"7100_3",0.035554
"11005_1",0.075553
"9902_8",0.991505
"8850_10",0.973449
"5542_2",0.082530
"9371_1",0.244248
"8042_7",0.908336
"1757_1",0.007368
"2256_1",0.082754
"9793_3",0.021165
"11791_2",0.208686
"4814_2",0.006105
"630_7",0.897825
"10622_10",0.927029
"5781_1",0.014042
"7422_10",0.954212
"10084_10",0.997145
"9550_9",0.980487
"11646_8",0.782608
"110_1",0.015458
"4811_1",0.004261
"9559_4",0.061857
"2755_10",0.813925
"698_1",0.005110
"8437_1",0.168462
"1470_8",0.767071
"11449_8",0.097754
"8078_8",0.896330
"238_1",0.001001
"4950_10",0.996795
"10793_7",0.982674
"8497_10",0.999352
"9160_9",0.471027
"8472_1",0.038286
"1583_8",0.912867
"2923_3",0.015227
"9770_4",0.822247
"10706_2",0.336888
"4573_2",0.023696
"11176_10",0.850543
"616_1",0.016972
"4574_8",0.981406
"8465_10",0.623334
"4049_9",0.988003
"3707_3",0.000436
"4398_10",0.992638
"11727_1",0.015654
"7244_8",0.929814
"549_3",0.893101
"9461_1",0.666069
"6748_3",0.021386
"7093_10",0.989960
"9115_10",0.983871
"8284_9",0.997825
"469_8",0.659325
"1281_9",0.997369
"2816_3",0.215749
"11001_7",0.968105
"6987_2",0.032811
"5428_3",0.001653
"5992_10",0.998216
"2315_1",0.000883
"7329_7",0.976708
"3956_1",0.003763
"11453_1",0.116192
"726_1",0.009485
"10517_1",0.111664
"4494_8",0.973253
"11980_10",0.998156
"2926_1",0.323329
"1671_2",0.245430
"8291_4",0.015989
"948_8",0.358092
"8122_1",0.132677
"9343_10",0.428195
"6011_10",0.981749
"7156_4",0.005542
"9596_2",0.453583
"10583_10",0.997974
"3190_10",0.993856
"10841_10",0.957801
"6122_8",0.176543
"1315_10",0.977172
"3667_1",0.039742
"4225_2",0.015521
"11268_8",0.969062
"412_7",0.851294
"4891_10",0.905663
"4791_10",0.993515
"4463_2",0.008328
"3173_7",0.876893
"2937_8",0.954472
"9438_10",0.625297
"9900_9",0.978252
"424_10",0.991962
"955_10",0.994634
"10060_3",0.005046
"6063_9",0.997647
"1960_1",0.011007
"1456_8",0.891165
"1859_2",0.063730
"1262_8",0.998629
"5325_4",0.344283
"5944_4",0.133650
"2805_4",0.345376
"11591_1",0.000718
"3257_1",0.573231
"11444_3",0.035826
"5446_3",0.133045
"11801_1",0.020075
"8653_2",0.010477
"10939_1",0.009668
"10079_10",0.229223
"8188_1",0.161715
"3825_3",0.150004
"6659_2",0.052698
"9779_2",0.007630
"2852_2",0.000902
"11117_7",0.994324
"4367_3",0.468632
"7538_4",0.036942
"9183_3",0.407167
"1910_8",0.982579
"4563_4",0.522943
"7743_7",0.896094
"6770_1",0.047783
"10133_4",0.057916
"6279_8",0.992753
"7907_1",0.001609
"1458_2",0.104775
"12427_1",0.056334
"3221_10",0.991629
"1614_10",0.997426
"2761_10",0.964991
"5151_4",0.045084
"8803_8",0.996973
"10726_1",0.023819
"824_8",0.976912
"12377_10",0.152441
"3401_3",0.063962
"3603_7",0.808889
"3655_4",0.041523
"9963_3",0.348311
"4266_1",0.008977
"1176_4",0.130667
"959_4",0.005748
"4494_1",0.005958
"12381_10",0.977769
"4603_8",0.275514
"625_2",0.675789
"7597_3",0.404885
"594_9",0.590039
"10998_10",0.967764
"5122_10",0.775526
"9820_10",0.978978
"2428_1",0.000692
"10928_1",0.002648
"9083_2",0.026472
"8669_1",0.194669
"9159_9",0.935955
"4171_10",0.930641
"7985_8",0.996428
"4181_1",0.001862
"4577_8",0.477337
"910_4",0.320668
"10673_4",0.116236
"1530_10",0.925484
"2436_4",0.643608
"3934_10",0.988033
"9273_1",0.010606
"3188_9",0.996790
"1826_4",0.189922
"4777_1",0.006149
"7449_10",0.995408
"490_2",0.991812
"1351_1",0.001563
"9172_7",0.881903
"6211_8",0.828708
"7114_8",0.932724
"1316_2",0.001988
"6531_10",0.992111
"4381_3",0.013720
"10347_1",0.007591
"5497_8",0.998970
"7041_10",0.979531
"4466_4",0.048379
"1690_1",0.002626
"912_1",0.002858
"10342_1",0.005274
"6323_4",0.013032
"3243_1",0.151138
"9143_1",0.178223
"7175_3",0.018045
"1962_7",0.717203
"11135_7",0.971060
"8524_1",0.348631
"10026_3",0.175666
"3031_4",0.301454
"1766_2",0.007038
"6042_10",0.568218
"3357_7",0.986896
"11065_10",0.735005
"11641_9",0.849186
"4389_2",0.136062
"10946_1",0.002395
"6385_10",0.996625
"5520_4",0.935436
"8036_8",0.929021
"4726_4",0.458191
"1510_8",0.107885
"11016_8",0.922551
"893_1",0.017180
"655_3",0.297481
"12226_7",0.401097
"3878_10",0.902764
"8589_8",0.985872
"4108_10",0.905961
"8586_3",0.002769
"2326_9",0.975473
"155_8",0.722236
"11073_7",0.883666
"1672_10",0.991802
"1715_8",0.885133
"10443_7",0.366994
"9673_1",0.019188
"10731_9",0.617882
"4427_3",0.118063
"422_3",0.175432
"7121_3",0.026492
"4415_4",0.794535
"11599_1",0.005587
"6015_9",0.626421
"3470_1",0.028043
"3951_10",0.993186
"2665_10",0.998661
"10295_10",0.970201
"3220_10",0.992612
"4748_1",0.002980
"189_9",0.999645
"3502_9",0.707857
"10561_9",0.997878
"5051_4",0.844264
"7644_7",0.907407
"559_4",0.843331
"3236_1",0.084147
"9985_9",0.955984
"3512_7",0.987713
"10318_1",0.008485
"3509_1",0.007180
"7686_10",0.954370
"8947_8",0.985339
"6783_10",0.923108
"9836_10",0.996784
"971_3",0.020116
"1127_1",0.000728
"8953_7",0.983319
"5763_10",0.771388
"9147_10",0.498496
"10688_1",0.041763
"2148_7",0.928176
"8997_10",0.996599
"3094_10",0.999086
"1152_3",0.009203
"1907_10",0.825679
"1845_10",0.998107
"6852_7",0.895646
"5573_10",0.963233
"8709_2",0.672085
"2882_10",0.967826
"11230_8",0.644203
"10124_3",0.333710
"12361_1",0.635122
"8117_4",0.008113
"1192_10",0.967670
"1657_4",0.054949
"10319_8",0.791033
"10954_1",0.004372
"2048_10",0.795688
"5763_4",0.279257
"9491_10",0.993878
"4081_3",0.192453
"4877_9",0.488072
"10981_9",0.998544
"11440_1",0.012831
"7608_2",0.004077
"194_1",0.017286
"7116_7",0.135208
"2118_10",0.922756
"9997_10",0.987497
"3880_1",0.089317
"4197_10",0.978794
"1166_10",0.909081
"3504_8",0.680630
"3170_10",0.814549
"1477_8",0.878243
"881_8",0.988979
"10229_2",0.279283
"9515_1",0.002760
"6714_7",0.689179
"8570_8",0.157531
"6892_10",0.997901
"8710_10",0.998329
"9135_10",0.989369
"10924_10",0.996037
"5252_4",0.299540
"6581_10",0.995999
"8837_10",0.586709
"3820_1",0.001937
"9914_3",0.005308
"3141_1",0.021835
"7893_1",0.000992
"306_1",0.014420
"2527_3",0.454645
"8148_2",0.135775
"9778_10",0.972811
"10438_9",0.989415
"5230_4",0.155550
"1691_1",0.037270
"6124_10",0.011972
"5256_3",0.089680
"4294_7",0.962362
"10575_10",0.995248
"9610_9",0.844262
"563_10",0.831638
"6328_10",0.990383
"6903_2",0.001489
"6899_4",0.038877
"7166_4",0.646723
"2993_4",0.547328
"10771_8",0.988555
"11298_1",0.008068
"9101_2",0.019868
"7716_3",0.029937
"2722_1",0.002098
"5227_8",0.955790
"241_1",0.001400
"192_2",0.001764
"9006_10",0.987409
"5505_7",0.965750
"10822_8",0.985430
"1046_1",0.036340
"1865_3",0.021798
"11845_7",0.981735
"6675_7",0.976106
"6240_1",0.002341
"10392_8",0.970274
"3405_10",0.999114
"11919_10",0.987543
"2294_9",0.994909
"1097_3",0.427708
"6888_10",0.995489
"12373_1",0.012531
"11785_10",0.601154
"11805_1",0.008913
"2328_9",0.714631
"2636_1",0.001179
"12359_7",0.229484
"7733_8",0.504014
"9877_1",0.262695
"12266_7",0.962511
"8274_1",0.133015
"11727_8",0.993372
"12389_8",0.988230
"2464_4",0.851716
"4930_1",0.046653
"11304_9",0.990166
"2140_1",0.019333
"11168_9",0.912894
"1772_9",0.929441
"3857_8",0.977287
"4559_3",0.001686
"6986_8",0.050029
"9647_1",0.023379
"11714_1",0.015619
"5436_2",0.583300
"2736_9",0.980231
"4499_8",0.981741
"2701_10",0.856691
"11604_8",0.997025
"6133_1",0.093021
"4151_3",0.957900
"3978_3",0.005572
"1973_9",0.914471
"11752_10",0.995511
"10192_10",0.875374
"8318_4",0.014424
"5685_1",0.004937
"8978_4",0.721077
"12289_10",0.548746
"5603_9",0.963695
"5209_10",0.859336
"8360_7",0.110258
"5690_2",0.004087
"8463_10",0.382081
"5304_10",0.994204
"720_10",0.967032
"9301_3",0.019629
"1392_1",0.403858
"10893_4",0.166649
"1299_9",0.876515
"5552_2",0.095757
"4348_4",0.014784
"12384_4",0.142846
"11947_2",0.912990
"1740_3",0.003526
"7869_10",0.974623
"5959_7",0.715183
"2301_8",0.998659
"5572_7",0.841069
"3716_1",0.065198
"8558_7",0.802112
"12210_1",0.012819
"3744_4",0.030807
"12487_2",0.055002
"5348_7",0.715620
"1065_1",0.001504
"1414_10",0.996269
"2672_4",0.018976
"1014_8",0.026610
"2248_10",0.859819
"2221_8",0.711211
"4576_1",0.012573
"10578_10",0.981360
"8525_2",0.022607
"5332_8",0.990665
"12007_2",0.004155
"1107_2",0.185189
"8295_10",0.998475
"10093_1",0.003026
"6441_1",0.079308
"10422_3",0.020864
"11034_3",0.171878
"3379_9",0.966470
"7512_1",0.000761
"12165_1",0.012793
"11634_10",0.451650
"4567_10",0.794888
"6971_8",0.992722
"2145_3",0.399890
"5639_1",0.003575
"8049_7",0.931493
"7953_1",0.033076
"12440_4",0.031245
"9134_8",0.996643
"5720_10",0.993880
"1851_10",0.985308
"3673_10",0.999569
"9037_3",0.952561
"8547_10",0.986401
"111_10",0.898852
"5279_9",0.990444
"2379_9",0.949096
"6000_10",0.980302
"990_7",0.833050
"1519_9",0.966129
"5987_7",0.888777
"2959_7",0.734719
"8898_2",0.053447
"5746_10",0.999100
"6268_8",0.055639
"5449_7",0.081282
"5561_1",0.003266
"11470_3",0.001727
"11837_1",0.085742
"6761_10",0.994855
"1590_1",0.052718
"927_10",0.982929
"1495_9",0.963691
"10529_7",0.983844
"7704_2",0.048735
"10707_3",0.258858
"3862_1",0.021130
"3612_7",0.981748
"8212_2",0.001645
"10649_10",0.993089
"9767_1",0.210679
"4054_3",0.005198
"9783_3",0.006727
"3116_2",0.123357
"4631_10",0.985575
"7228_1",0.008543
"2744_8",0.655844
"6028_10",0.980680
"10812_9",0.990290
"417_10",0.998088
"11876_10",0.994484
"946_7",0.584545
"8265_10",0.993300
"6833_10",0.988602
"4150_4",0.155785
"899_9",0.850238
"223_10",0.940544
"7369_3",0.227097
"5075_8",0.981211
"6634_1",0.002818
"3486_8",0.925889
"11473_1",0.115769
"3276_10",0.998251
"3272_2",0.025604
"2727_3",0.003537
"4134_7",0.394641
"5744_3",0.806030
"8715_1",0.002798
"4812_1",0.002635
"6841_1",0.008628
"6822_1",0.298399
"3211_4",0.084291
"5489_2",0.012061
"1168_1",0.081050
"3056_9",0.987703
"4516_10",0.995433
"9542_1",0.002879
"4400_10",0.996932
"2766_10",0.964670
"6470_8",0.734213
"5434_1",0.015616
"1406_4",0.362686
"11479_8",0.952506
"9881_10",0.775975
"10276_1",0.001317
"2875_8",0.863961
"1254_2",0.146050
"8017_10",0.852087
"9694_10",0.300716
"9522_1",0.265646
"11379_2",0.020276
"7357_10",0.983347
"6080_9",0.685377
"2039_10",0.999471
"7086_8",0.802381
"4757_10",0.996462
"2472_10",0.699104
"9442_1",0.012623
"12438_10",0.683211
"747_8",0.773614
"6786_4",0.090865
"11942_8",0.972630
"8611_9",0.976060
"9240_8",0.991793
"7411_4",0.032015
"5196_4",0.005168
"5709_3",0.035660
"6758_3",0.000910
"1933_9",0.996970
"4464_8",0.992968
"11100_9",0.990639
"3636_10",0.994423
"12328_1",0.033804
"6783_4",0.049815
"11381_10",0.997649
"4509_3",0.002064
"4775_7",0.869722
"10633_8",0.712441
"9161_1",0.110939
"2277_8",0.999733
"7402_10",0.704464
"2713_1",0.011394
"1312_1",0.001417
"3633_1",0.286044
"8943_10",0.979578
"11734_3",0.760160
"12120_7",0.347874
"6285_1",0.116539
"9296_1",0.000313
"8696_9",0.970703
"7243_10",0.940698
"10135_8",0.900125
"6094_10",0.996874
"6962_4",0.062285
"3916_1",0.005396
"3650_10",0.976508
"58_8",0.999476
"10858_1",0.005573
"11894_8",0.959091
"759_1",0.036933
"10311_1",0.789286
"1127_10",0.932307
"6723_7",0.997367
"4966_7",0.970640
"7196_4",0.368055
"6244_1",0.031786
"9510_10",0.995934
"3471_10",0.856112
"9840_2",0.945535
"11886_9",0.948340
"7880_10",0.974286
"6358_10",0.997896
"6280_2",0.120822
"2580_3",0.006192
"122_4",0.045552
"5713_2",0.130896
"7187_7",0.683650
"8601_8",0.973298
"52_10",0.993364
"2447_7",0.792095
"4828_4",0.006153
"5371_1",0.010754
"5066_1",0.007986
"12184_2",0.131173
"85_2",0.248271
"10067_7",0.982580
"3999_9",0.998716
"11623_10",0.996040
"10826_4",0.047445
"3780_1",0.008661
"10195_1",0.003356
"7875_4",0.032823
"8510_4",0.089789
"9916_2",0.004065
"10023_4",0.261545
"6870_8",0.515940
"4753_9",0.990455
"11120_7",0.267087
"2516_10",0.537489
"1719_10",0.974378
"4426_4",0.023904
"7835_7",0.739064
"5148_7",0.918117
"2997_7",0.638466
"2211_7",0.992782
"626_4",0.317722
"779_1",0.724523
"9712_10",0.701113
"1504_9",0.984636
"8903_3",0.056991
"359_7",0.983004
"7465_7",0.989358
"10966_2",0.045491
"8227_2",0.032218
"10746_2",0.095007
"10356_1",0.191148
"12286_1",0.009313
"11128_7",0.963406
"12489_3",0.236590
"1264_1",0.001057
"3871_10",0.997110
"9248_10",0.264559
"3094_4",0.484790
"7472_9",0.849061
"3537_2",0.645878
"9727_2",0.018089
"5453_8",0.960958
"2283_10",0.997977
"7533_2",0.022681
"6468_1",0.038964
"12274_9",0.997926
"10713_3",0.035126
"8518_7",0.978585
"1838_10",0.992970
"5304_1",0.252956
"4227_1",0.130256
"5342_9",0.994753
"1754_8",0.905231
"4800_1",0.002861
"10717_3",0.785369
"1919_1",0.004059
"6851_7",0.720469
"322_8",0.190196
"3028_4",0.075301
"7463_2",0.038702
"7999_1",0.002414
"3036_1",0.040081
"11154_7",0.929805
"10501_1",0.026530
"12272_8",0.997381
"1738_8",0.989361
"3242_1",0.007924
"6178_4",0.053558
"3405_4",0.293117
"4663_7",0.991537
"11348_1",0.011639
"7304_1",0.010448
"2962_1",0.002448
"11701_8",0.319142
"9354_9",0.997012
"9846_7",0.428414
"12496_10",0.801302
"5652_1",0.572328
"7371_9",0.763920
"10131_3",0.149415
"9826_4",0.052957
"6141_10",0.993572
"7472_3",0.365462
"2622_8",0.747587
"10281_9",0.999181
"8668_2",0.002223
"2348_9",0.930483
"12047_2",0.003002
"11373_10",0.890464
"4254_1",0.003376
"524_1",0.136275
"5808_1",0.002333
"515_1",0.003304
"6414_9",0.270339
"8938_8",0.955825
"12391_8",0.946665
"776_8",0.998215
"12197_7",0.777625
"4582_1",0.873159
"3638_10",0.995021
"6338_3",0.106814
"1165_2",0.213852
"5574_1",0.006201
"7319_2",0.009692
"595_10",0.987650
"6694_1",0.004786
"12209_3",0.006391
"3268_10",0.997594
"12492_4",0.110184
"4738_10",0.915817
"947_3",0.292579
"7726_10",0.998535
"94_10",0.684131
"11760_1",0.028475
"10978_10",0.998217
"10072_1",0.002639
"2346_10",0.999361
"5008_9",0.976710
"5135_2",0.005931
"7979_3",0.789957
"10863_10",0.962670
"2862_9",0.707884
"7562_9",0.998389
"8023_4",0.010038
"341_9",0.978195
"6321_4",0.581278
"9936_1",0.018703
"9581_10",0.987884
"3750_2",0.069524
"8298_2",0.093977
"5900_10",0.997864
"6308_1",0.006342
"1609_10",0.997428
"11054_1",0.001781
"7031_3",0.006825
"9507_9",0.986618
"3121_1",0.003161
"7521_1",0.176406
"4830_1",0.030527
"6686_2",0.006886
"1618_10",0.016646
"2190_10",0.989369
"6943_8",0.978347
"1385_7",0.997385
"544_8",0.910718
"3225_10",0.934540
"1044_3",0.227144
"11691_7",0.231711
"6124_3",0.002749
"7326_1",0.089667
"1471_10",0.991173
"5010_1",0.237905
"2695_9",0.717031
"1222_2",0.154425
"1012_8",0.071796
"5459_1",0.054807
"4734_1",0.000294
"3138_8",0.993985
"5674_7",0.673188
"6815_1",0.043832
"8285_10",0.994980
"5504_10",0.879673
"6800_4",0.046327
"5292_10",0.995761
"5121_1",0.012271
"9861_1",0.584140
"2645_10",0.996304
"9422_7",0.937895
"5144_1",0.001492
"3877_9",0.996282
"7822_8",0.999783
"3324_2",0.251959
"5559_3",0.107061
"9969_3",0.819189
"2296_2",0.009762
"10021_9",0.996454
"11111_1",0.002561
"1371_1",0.030552
"4321_9",0.618606
"9706_7",0.047789
"11782_1",0.001507
"141_1",0.448863
"3106_7",0.964800
"1817_10",0.983620
"4508_10",0.879121
"10922_3",0.004510
"2304_7",0.961442
"2229_4",0.141441
"4283_9",0.975344
"9087_2",0.514927
"6003_9",0.988427
"12126_8",0.999316
"6067_10",0.992747
"8714_9",0.894876
"11932_1",0.037426
"2293_8",0.995777
"6184_8",0.705329
"8448_2",0.162020
"8269_3",0.003317
"7495_7",0.984247
"8282_10",0.993831
"2351_7",0.908432
"11688_7",0.781584
"3805_8",0.938062
"5158_1",0.001834
"12476_8",0.975176
"8265_1",0.012003
"2194_10",0.999108
"3465_3",0.007529
"5234_10",0.974571
"6903_10",0.887119
"8085_1",0.351345
"869_7",0.954652
"12034_1",0.021626
"6297_10",0.996181
"3194_1",0.001506
"8725_1",0.380245
"9563_10",0.877808
"11075_1",0.002891
"5734_10",0.988435
"5357_2",0.034405
"6453_10",0.997905
"3263_3",0.590086
"12360_7",0.667434
"6477_1",0.393841
"11863_8",0.745328
"8459_3",0.103247
"10594_10",0.286710
"2237_1",0.060879
"7511_7",0.993932
"3626_3",0.056849
"6288_2",0.012767
"125_7",0.759712
"3318_7",0.980256
"5525_7",0.530427
"9695_1",0.006178
"5917_8",0.911335
"8486_7",0.616201
"6032_3",0.013466
"7759_9",0.990247
"3456_10",0.999424
"1692_3",0.112036
"2107_3",0.001439
"11215_2",0.003624
"1309_7",0.797713
"6650_8",0.974858
"5722_9",0.956582
"4479_4",0.100204
"347_7",0.762026
"9399_10",0.999029
"2475_1",0.136817
"8229_3",0.273216
"4869_2",0.004073
"9691_1",0.001875
"1227_3",0.026395
"360_3",0.104097
"10047_1",0.013425
"1607_3",0.043206
"797_1",0.003182
"9489_2",0.233110
"1742_7",0.644215
"10531_3",0.684014
"4947_1",0.024950
"10873_8",0.251296
"1429_7",0.340646
"10962_3",0.005128
"3305_4",0.222225
"12160_8",0.967858
"9236_1",0.005253
"3718_1",0.002378
"3434_8",0.974515
"10933_8",0.859691
"798_10",0.897633
"9879_9",0.607352
"6644_10",0.898660
"10978_1",0.061282
"7867_2",0.328077
"4369_2",0.006424
"1251_4",0.176355
"1500_2",0.173151
"7574_10",0.983132
"5470_1",0.011355
"2407_10",0.423638
"3451_3",0.014027
"9385_1",0.093744
"4078_8",0.770998
"3229_1",0.011395
"1786_8",0.968198
"5173_2",0.018273
"1211_8",0.991482
"4303_1",0.137797
"6011_3",0.008486
"4513_4",0.228578
"11745_9",0.998483
"9675_9",0.950988
"11981_3",0.097635
"5977_10",0.918156
"5023_4",0.016325
"8704_9",0.950856
"8644_10",0.973678
"10557_3",0.080300
"6549_7",0.985449
"5557_3",0.010825
"6402_2",0.330497
"2642_4",0.053084
"11796_10",0.193035
"7102_1",0.001183
"7968_8",0.997411
"11764_7",0.963738
"9415_9",0.828130
"4817_8",0.846888
"1007_4",0.946162
"10943_9",0.769977
"7280_10",0.998022
"6068_2",0.083558
"845_10",0.486377
"8377_3",0.003386
"8445_9",0.998019
"563_4",0.958390
"8761_9",0.994558
"1552_1",0.005276
"9630_1",0.000537
"6444_7",0.997021
"3188_1",0.001479
"2142_4",0.027935
"2045_10",0.917515
"2477_10",0.906870
"2597_1",0.096151
"3137_8",0.951046
"1345_1",0.007233
"8498_7",0.983776
"6550_4",0.058317
"9583_9",0.960978
"7506_7",0.506740
"9316_7",0.959427
"11473_10",0.943459
"3003_10",0.976818
"8532_7",0.231818
"5654_1",0.340077
"822_10",0.260702
"1312_10",0.998702
"9665_4",0.699915
"4442_10",0.985732
"11758_7",0.998743
"11185_1",0.355857
"11588_3",0.008838
"3366_10",0.921598
"7050_8",0.948363
"4778_4",0.016985
"1_3",0.158818
"2838_2",0.014055
"6910_8",0.965568
"3257_8",0.984201
"9111_7",0.995653
"6458_7",0.794813
"5622_8",0.745125
"12469_7",0.953320
"9670_10",0.998939
"8092_4",0.000705
"1683_9",0.692055
"6181_4",0.155284
"8965_8",0.744012
"5186_1",0.000747
"1250_2",0.001832
"4705_10",0.988793
"10261_8",0.919711
"350_4",0.939912
"12302_3",0.090407
"776_1",0.638716
"7424_10",0.994192
"10383_8",0.993268
"360_9",0.998291
"5798_10",0.941733
"10720_4",0.499397
"6009_8",0.982410
"2319_8",0.980881
"7053_10",0.887152
"11210_8",0.203959
"1985_10",0.952879
"6056_1",0.340923
"10315_1",0.056004
"9_4",0.341136
"6530_4",0.030394
"1367_10",0.849691
"4564_2",0.007657
"4343_10",0.765855
"654_3",0.403997
"4857_1",0.003161
"1377_10",0.905560
"8072_10",0.982346
"11433_7",0.947980
"6586_1",0.008749
"10255_1",0.678573
"350_10",0.714309
"6853_8",0.934355
"3693_10",0.965954
"2589_10",0.693165
"895_1",0.004808
"6854_7",0.961021
"1274_2",0.059799
"9179_8",0.990937
"10141_8",0.697566
"10727_9",0.997974
"1158_7",0.997437
"9949_3",0.004968
"7798_10",0.992197
"5964_7",0.620221
"11221_10",0.997434
"3053_3",0.258034
"8817_9",0.996736
"5850_2",0.003974
"9635_3",0.002336
"5000_10",0.987289
"10040_2",0.111011
"3065_1",0.468598
"2196_1",0.892038
"12428_7",0.784217
"8454_1",0.040264
"11456_10",0.922450
"5918_4",0.200223
"10687_7",0.995369
"10507_7",0.913303
"9051_8",0.792137
"6315_4",0.203121
"11266_10",0.878770
"5890_3",0.029395
"6257_8",0.709003
"2923_8",0.994417
"2952_1",0.022049
"7269_8",0.984144
"1116_1",0.017498
"11084_1",0.020094
"10287_1",0.030604
"5704_9",0.929884
"11218_8",0.996078
"12275_2",0.143984
"1414_4",0.436569
"7998_4",0.805102
"3286_1",0.025260
"2515_1",0.399243
"851_1",0.418796
"5181_10",0.998189
"5358_9",0.993981
"2677_10",0.991712
"34_8",0.970455
"9232_8",0.946128
"5835_10",0.984835
"10796_4",0.284210
"5553_8",0.998519
"666_4",0.148556
"9450_1",0.036863
"10820_8",0.985621
"7994_10",0.606910
"8948_9",0.997184
"3301_2",0.152334
"2801_1",0.004981
"4934_2",0.091005
"1539_10",0.991959
"10949_4",0.489239
"4394_10",0.998675
"4098_8",0.162214
"1617_7",0.028358
"9569_3",0.700707
"8593_1",0.001207
"3449_1",0.019032
"8372_1",0.002999
"815_7",0.265098
"348_7",0.491989
"7220_1",0.021765
"2633_1",0.006382
"1752_3",0.952522
"3347_2",0.020631
"4967_7",0.994911
"10910_8",0.995801
"3147_1",0.125887
"7791_4",0.025235
"1588_7",0.939616
"8405_2",0.088510
"3826_10",0.673128
"3178_2",0.002635
"4420_4",0.074848
"246_2",0.008013
"8462_7",0.998250
"8264_3",0.102367
"2695_3",0.053770
"7258_4",0.091105
"5787_8",0.853263
"11668_2",0.003903
"5529_4",0.994952
"8923_2",0.002951
"4784_1",0.069416
"7730_1",0.239869
"4455_4",0.020252
"6416_1",0.012595
"87_1",0.000876
"9548_8",0.978288
"1285_1",0.000448
"7695_10",0.998153
"4364_10",0.993103
"9394_8",0.736292
"1253_1",0.011110
"2481_1",0.227624
"6790_1",0.001274
"9989_10",0.999116
"1483_8",0.918108
"8772_1",0.028101
"2993_10",0.822825
"1801_1",0.031695
"9434_1",0.005043
"7938_10",0.974070
"2262_1",0.001191
"5076_1",0.004388
"10994_2",0.002647
"4749_7",0.988913
"8309_8",0.818186
"7031_10",0.999455
"2711_3",0.069852
"8655_7",0.996883
"11329_4",0.860772
"9076_3",0.018743
"11647_10",0.887118
"7934_1",0.478273
"9114_1",0.001701
"6510_7",0.026046
"11487_1",0.000956
"2348_3",0.398201
"12325_1",0.032457
"6405_10",0.765325
"357_7",0.628909
"12253_10",0.992902
"4927_10",0.996124
"8636_1",0.009907
"11184_10",0.997169
"9974_3",0.536915
"6516_1",0.977779
"2167_9",0.913963
"10794_10",0.999060
"966_4",0.048577
"10040_10",0.995942
"5940_9",0.784184
"9181_8",0.905328
"2196_8",0.987356
"6361_4",0.278366
"4243_9",0.959423
"581_9",0.996590
"7195_1",0.002904
"2986_10",0.983096
"4344_1",0.010664
"7176_10",0.232727
"7857_10",0.972352
"6487_1",0.002074
"3692_10",0.998619
"12198_10",0.972812
"10569_7",0.995036
"9850_2",0.149826
"6415_1",0.018092
"6373_10",0.983686
"5103_1",0.020145
"11048_8",0.971646
"2055_1",0.038072
"2920_1",0.083524
"8667_3",0.046065
"7059_3",0.106189
"3887_2",0.020805
"12356_10",0.007150
"5402_2",0.025635
"10274_8",0.806366
"11831_4",0.136737
"5375_7",0.934213
"7875_7",0.154450
"2733_8",0.814857
"6420_8",0.987864
"2240_10",0.234120
"10627_9",0.981432
"7319_8",0.895266
"7782_1",0.003860
"857_1",0.000892
"351_4",0.726708
"9260_10",0.828027
"6891_10",0.973868
"8205_10",0.088037
"1179_3",0.010942
"9061_4",0.023098
"3571_9",0.996399
"11352_9",0.998926
"11770_10",0.998452
"10714_2",0.048543
"5397_3",0.296969
"2360_1",0.001929
"9459_4",0.228037
"7493_1",0.011671
"6799_10",0.999326
"2313_8",0.672974
"7602_10",0.951932
"1731_10",0.997616
"8502_10",0.963892
"5632_1",0.001563
"3723_10",0.999064
"6473_3",0.718945
"3596_3",0.003646
"8583_7",0.893891
"10902_1",0.004084
"1032_1",0.160595
"2931_1",0.002031
"9930_3",0.220459
"11825_10",0.997056
"5384_10",0.645524
"2492_4",0.698833
"5008_4",0.034748
"7334_4",0.008184
"10082_8",0.727217
"1395_1",0.042886
"8140_7",0.390698
"2400_8",0.999761
"11462_2",0.019757
"6632_10",0.967923
"11499_3",0.830706
"5576_1",0.156163
"1172_7",0.976260
"3053_8",0.990813
"4119_1",0.022781
"8165_2",0.023925
"8333_8",0.933968
"2242_1",0.006148
"6132_1",0.188468
"12270_9",0.908490
"11456_4",0.221659
"6898_1",0.046903
"2512_2",0.003402
"7045_7",0.473861
"2808_4",0.013940
"6257_4",0.002558
"1971_7",0.677731
"10565_10",0.981195
"930_10",0.998120
"196_9",0.992434
"6535_1",0.052200
"5257_1",0.007048
"6759_4",0.407652
"5016_2",0.002171
"10959_1",0.027930
"4450_10",0.984158
"6678_10",0.943667
"11286_8",0.844617
"7200_8",0.994230
"6660_7",0.733146
"12481_10",0.996929
"10278_4",0.350456
"6233_8",0.996450
"579_1",0.035967
"8519_3",0.062783
"1220_10",0.977128
"2342_10",0.995774
"1860_1",0.021705
"7273_3",0.242678
"4653_2",0.078877
"6878_4",0.465832
"502_7",0.656825
"2406_2",0.169892
"2021_1",0.008031
"874_8",0.991322
"4949_2",0.112122
"5054_3",0.118781
"689_7",0.793275
"9643_7",0.994655
"6445_3",0.008955
"2377_9",0.681030
"6107_8",0.060123
"10368_8",0.996019
"10444_1",0.003075
"5498_1",0.085203
"1018_7",0.987321
"2718_9",0.137149
"2418_2",0.298519
"7412_7",0.319421
"213_10",0.824917
"9417_2",0.000732
"1194_2",0.003982
"9366_8",0.981930
"4769_1",0.001736
"6667_9",0.999130
"9361_2",0.013297
"2182_8",0.983470
"10677_4",0.096927
"3931_10",0.548527
"120_9",0.995490
"10837_10",0.907820
"10830_1",0.000902
"3679_2",0.023254
"9094_9",0.706082
"7880_2",0.039543
"4969_9",0.989854
"3418_3",0.002353
"5490_4",0.003217
"264_10",0.993022
"1602_10",0.961543
"5019_9",0.904486
"12000_9",0.983767
"10794_4",0.098055
"2504_3",0.813812
"12340_4",0.430140
"7732_2",0.280952
"2028_1",0.004007
"3986_4",0.015045
"5100_10",0.897978
"2135_1",0.010495
"10227_7",0.257784
"4413_1",0.953392
"5205_2",0.002380
"45_9",0.997924
"12151_10",0.975008
"11055_1",0.005145
"2632_9",0.994734
"7047_3",0.025307
"1915_1",0.001349
"9666_10",0.995637
"10027_1",0.019607
"11024_2",0.000939
"6482_7",0.965624
"8060_3",0.004651
"9876_8",0.880360
"3839_1",0.038412
"3682_9",0.993945
"5962_3",0.138653
"222_3",0.052228
"10460_10",0.990110
"8543_1",0.025964
"9443_1",0.020980
"10201_1",0.987128
"5046_9",0.998910
"5899_1",0.469381
"10140_1",0.001502
"5009_1",0.111139
"4626_8",0.934429
"9033_10",0.994612
"3243_9",0.975957
"6379_1",0.137622
"4949_8",0.993775
"6119_10",0.903607
"10336_7",0.925878
"7344_1",0.022178
"3294_7",0.974765
"4385_2",0.051654
"2172_9",0.993029
"8295_3",0.007634
"1031_10",0.995458
"7577_10",0.945855
"6778_4",0.038895
"3154_2",0.203664
"9585_7",0.053595
"3445_2",0.018990
"7416_3",0.421059
"9780_10",0.999315
"480_10",0.710349
"837_4",0.264320
"10166_8",0.987018
"3695_7",0.237858
"12417_9",0.154469
"3932_3",0.150432
"11790_3",0.025225
"6917_9",0.997139
"1975_4",0.213610
"11249_10",0.430196
"7366_7",0.974187
"4579_8",0.983647
"8415_10",0.997504
"2004_1",0.078522
"7599_3",0.006804
"12259_8",0.526089
"11005_7",0.972245
"11914_7",0.068540
"8498_1",0.016633
"944_2",0.020954
"7183_10",0.966639
"4422_10",0.991184
"6791_10",0.801239
"9286_1",0.073845
"3325_10",0.999391
"5599_2",0.006768
"3064_1",0.154168
"209_4",0.001850
"1904_10",0.579708
"10699_3",0.022755
"577_3",0.006531
"3157_1",0.055677
"1582_2",0.002192
"8044_2",0.006590
"11208_1",0.616060
"4708_3",0.087213
"10439_8",0.924786
"11083_7",0.971536
"8066_3",0.095749
"11327_8",0.998122
"9224_1",0.424743
"2165_8",0.998655
"9892_10",0.994165
"4402_1",0.002326
"11804_10",0.990720
"1296_8",0.845432
"10562_1",0.060132
"5003_10",0.963474
"10448_1",0.002841
"3274_7",0.997174
"6344_4",0.232128
"8129_4",0.017053
"9525_2",0.001615
"661_1",0.001490
"9398_3",0.052598
"3639_7",0.992026
"5527_7",0.497654
"7790_3",0.352745
"9550_1",0.144105
"2042_3",0.032367
"366_1",0.015877
"8446_3",0.577607
"7859_1",0.006096
"5587_3",0.042481
"10604_3",0.001498
"5245_1",0.019280
"804_8",0.977980
"9098_3",0.038625
"6240_10",0.998395
"3960_10",0.994037
"10536_8",0.996206
"8793_1",0.023284
"1586_1",0.004489
"7131_9",0.588482
"11338_9",0.835224
"1053_4",0.008333
"11170_4",0.018675
"6806_1",0.385613
"3741_4",0.203900
"1231_7",0.293892
"5499_8",0.928669
"12452_3",0.208296
"5331_9",0.987272
"3302_7",0.169766
"6214_8",0.984930
"6908_1",0.020687
"8510_8",0.279673
"10522_10",0.994925
"2844_2",0.006355
"11797_3",0.050972
"11237_10",0.573684
"6762_3",0.015658
"897_1",0.001026
"10312_9",0.839275
"10272_1",0.003439
"10814_9",0.988825
"4504_1",0.003948
"9389_9",0.234967
"9035_1",0.031064
"11306_1",0.061414
"6309_4",0.790535
"5179_10",0.924033
"6099_4",0.027227
"887_8",0.976788
"10220_10",0.999002
"286_10",0.896064
"5809_10",0.993437
"7725_3",0.012105
"9722_7",0.989041
"9104_7",0.715564
"7313_7",0.398887
"1706_1",0.154510
"11737_4",0.053986
"11203_10",0.871200
"7767_4",0.050762
"1822_1",0.002666
"5113_8",0.919493
"5456_9",0.808623
"6005_1",0.104719
"2026_2",0.012504
"1379_1",0.356244
"3048_10",0.998037
"5070_10",0.995354
"8985_1",0.001129
"1643_1",0.100831
"400_1",0.003333
"7546_10",0.962939
"3438_4",0.035980
"12136_8",0.631680
"6850_2",0.433370
"9054_8",0.728926
"1555_10",0.997903
"7103_1",0.153922
"6218_1",0.163213
"1619_3",0.003126
"5187_8",0.952250
"8575_2",0.003802
"1593_10",0.740772
"3910_1",0.020530
"5743_10",0.986121
"3061_8",0.903147
"9633_8",0.990963
"2488_9",0.409412
"11711_4",0.036454
"11282_10",0.992611
"8919_10",0.992375
"6139_10",0.999670
"8032_1",0.001456
"4287_4",0.038420
"11044_1",0.108108
"11123_8",0.977852
"1828_9",0.991273
"4232_3",0.007127
"7258_9",0.996050
"1078_4",0.028587
"9967_10",0.927070
"4975_3",0.011862
"9974_8",0.445208
"424_2",0.000720
"7181_9",0.844540
"10703_3",0.384991
"3157_10",0.989092
"11096_10",0.970863
"2185_10",0.994194
"2779_4",0.096015
"9342_1",0.003000
"3615_8",0.988227
"6777_10",0.979265
"5440_8",0.994611
"706_1",0.981366
"5909_8",0.981462
"9578_3",0.026102
"3393_4",0.852244
"428_3",0.068967
"651_9",0.997187
"12433_8",0.958073
"8643_4",0.163303
"5826_10",0.993441
"4060_1",0.026925
"3310_8",0.745510
"8941_3",0.524271
"11493_7",0.915071
"7896_8",0.438976
"541_7",0.728872
"10614_1",0.044757
"3751_1",0.003237
"7851_8",0.707775
"5940_1",0.014152
"911_1",0.006837
"1233_1",0.022967
"4995_1",0.096631
"2771_9",0.584821
"5085_8",0.693072
"6521_8",0.744549
"8106_3",0.005277
"2962_7",0.739161
"1621_9",0.982115
"4981_8",0.923735
"11884_2",0.021173
"6038_10",0.998251
"7118_10",0.896652
"10365_1",0.002816
"677_9",0.948735
"95_10",0.977208
"8211_3",0.355493
"11906_8",0.908226
"3038_2",0.105646
"10503_1",0.019639
"11260_4",0.021611
"11333_3",0.023921
"6954_10",0.994996
"143_8",0.644086
"6458_3",0.005059
"8784_2",0.000638
"2604_1",0.019782
"4374_9",0.995313
"1323_3",0.416748
"2647_2",0.015679
"363_3",0.104433
"7556_1",0.925905
"11101_4",0.370267
"8945_7",0.922381
"10630_4",0.006808
"11174_8",0.793422
"7927_3",0.101986
"8433_1",0.001887
"8814_1",0.001504
"11746_8",0.995795
"2462_10",0.858166
"10036_1",0.002612
"10628_1",0.012173
"4782_1",0.009652
"11244_8",0.871876
"4815_1",0.021014
"6974_7",0.956778
"10180_1",0.033908
"3538_1",0.005266
"9319_9",0.919547
"3542_2",0.010484
"5583_1",0.001581
"215_8",0.881352
"6949_1",0.005177
"11401_10",0.994260
"3468_4",0.177440
"9478_7",0.972135
"12368_2",0.004372
"7534_4",0.236423
"9256_2",0.026448
"2192_10",0.966740
"10617_3",0.157088
"1464_1",0.002444
"969_4",0.253041
"702_7",0.984807
"470_10",0.998751
"2575_1",0.008726
"3059_2",0.030258
"7229_3",0.058639
"7437_3",0.032651
"2560_7",0.634454
"8444_4",0.003246
"1900_4",0.735278
"9057_4",0.690935
"10101_4",0.000604
"4914_2",0.010024
"11896_4",0.940384
"10430_1",0.034749
"786_3",0.013220
"9834_1",0.502934
"2040_1",0.015242
"1435_3",0.015484
"168_8",0.872345
"6504_9",0.999006
"3677_1",0.008920
"3652_10",0.998896
"9821_10",0.998930
"8695_8",0.906168
"5728_10",0.790173
"2856_8",0.942678
"11548_3",0.012731
"9435_7",0.922849
"7910_2",0.049333
"4658_7",0.061590
"10111_1",0.008147
"12306_1",0.007529
"6380_9",0.311338
"3507_10",0.997287
"11085_7",0.512268
"4268_8",0.978672
"1702_2",0.518068
"3045_9",0.998016
"3338_2",0.165707
"9288_8",0.957844
"1580_8",0.689998
"11976_10",0.416739
"9216_1",0.001838
"2015_10",0.997965
"7665_2",0.120767
"10545_2",0.030175
"3819_4",0.145983
"8005_10",0.970475
"772_1",0.014365
"3882_3",0.038572
"9001_8",0.988930
"3000_1",0.001399
"3357_4",0.205361
"2559_4",0.425480
"2178_4",0.058249
"2249_9",0.994537
"9616_10",0.994021
"11797_9",0.959424
"9061_10",0.638740
"10994_10",0.980037
"1076_3",0.003278
"10774_2",0.059281
"10983_10",0.990709
"9271_10",0.997874
"3205_9",0.984652
"4987_4",0.008624
"10926_1",0.085178
"9150_8",0.698900
"614_2",0.041269
"12332_4",0.930937
"9100_2",0.023561
"10499_8",0.074188
"6143_9",0.928412
"4113_8",0.989417
"4705_4",0.003514
"3115_1",0.003372
"1041_2",0.191062
"11601_9",0.614520
"11045_8",0.302583
"10615_8",0.876959
"7631_7",0.515696
"11829_3",0.029653
"6941_1",0.025961
"112_10",0.899460
"4220_8",0.340210
"2812_10",0.994790
"10221_2",0.262109
"1944_9",0.745099
"5866_8",0.606083
"11615_1",0.136997
"3066_10",0.983928
"5757_3",0.001757
"10569_1",0.001601
"10633_3",0.036431
"58_3",0.008621
"1126_10",0.969128
"4357_10",0.967649
"6768_4",0.574582
"11354_10",0.994086
"6412_10",0.799365
"7547_1",0.015921
"5198_10",0.993319
"5697_3",0.067603
"9757_3",0.085439
"8034_3",0.008132
"8612_8",0.826435
"8691_7",0.878440
"6731_3",0.221073
"12190_1",0.040212
"3180_1",0.001547
"11068_10",0.992228
"3752_4",0.064728
"1995_3",0.091108
"5517_10",0.971724
"6532_9",0.989237
"4435_1",0.248855
"5527_4",0.072845
"5059_4",0.166551
"12044_4",0.579094
"3479_3",0.010900
"8399_8",0.925477
"8897_7",0.996757
"8342_9",0.408305
"7018_3",0.012684
"2497_7",0.994336
"10152_1",0.007267
"11583_4",0.047856
"3156_10",0.956251
"5259_4",0.230770
"2581_1",0.344784
"5224_7",0.980403
"9024_3",0.055719
"8026_10",0.983977
"9588_3",0.064151
"11001_1",0.017109
"6432_9",0.953760
"8524_9",0.999731
"12457_3",0.003834
"8426_8",0.991998
"11355_10",0.982839
"10337_1",0.012351
"11911_3",0.185047
"2655_10",0.591823
"4265_3",0.564168
"6542_3",0.033396
"9681_1",0.000737
"287_8",0.980330
"1864_1",0.000756
"7655_4",0.677912
"3613_7",0.980504
"11041_1",0.151582
"12070_8",0.239964
"10856_10",0.970963
"7365_4",0.007023
"10025_8",0.794269
"4693_10",0.995854
"9580_7",0.893385
"4669_2",0.455550
"274_9",0.995656
"1570_2",0.132641
"11040_8",0.967312
"2243_7",0.974226
"7043_10",0.345572
"3719_2",0.004230
"7635_7",0.664385
"2327_2",0.046200
"4229_9",0.454731
"4121_3",0.722405
"6064_1",0.619527
"364_10",0.967325
"1161_10",0.991770
"463_1",0.011011
"9291_4",0.159908
"8827_1",0.034441
"2292_1",0.003593
"6935_9",0.888891
"9226_1",0.005590
"7612_4",0.351057
"8575_7",0.808385
"3475_1",0.082235
"1880_7",0.327122
"7265_7",0.915042
"8626_1",0.005840
"733_1",0.005881
"12100_10",0.969748
"1069_10",0.964405
"11364_10",0.997101
"5496_1",0.014603
"7253_1",0.004113
"3159_1",0.232824
"9131_10",0.999488
"413_4",0.027395
"10818_1",0.002916
"479_3",0.496411
"173_7",0.869690
"9522_10",0.998055
"333_10",0.997527
"2819_1",0.000752
"5723_8",0.977880
"99_10",0.997436
"7247_4",0.134685
"4711_9",0.997509
"8555_3",0.091190
"6330_10",0.999185
"8921_1",0.004008
"803_10",0.520614
"6219_1",0.017591
"10077_3",0.632571
"1274_7",0.992256
"2307_3",0.092585
"8114_8",0.940504
"1503_1",0.015604
"2004_10",0.961777
"712_3",0.228251
"557_4",0.218541
"9651_8",0.976000
"11701_4",0.395639
"6325_9",0.932786
"1684_1",0.001755
"1435_10",0.995923
"5754_10",0.986049
"12098_10",0.629807
"3707_10",0.957570
"2521_1",0.057243
"1793_1",0.012016
"2725_3",0.061038
"5051_8",0.990545
"2691_7",0.860816
"4111_10",0.960357
"3239_3",0.054181
"8124_8",0.933017
"4990_4",0.064685
"9565_9",0.996195
"6657_3",0.051453
"5882_4",0.022859
"8571_1",0.021018
"6815_10",0.999015
"487_10",0.469177
"11567_9",0.996389
"10631_1",0.027765
"7070_2",0.003226
"8708_10",0.993626
"1889_4",0.708692
"1838_3",0.055476
"6383_3",0.034251
"4735_9",0.301850
"11430_7",0.565147
"11590_1",0.003019
"11023_3",0.296869
"10870_8",0.960242
"6734_10",0.997731
"10174_1",0.001453
"7905_10",0.977394
"9555_4",0.148740
"6303_9",0.998368
"1426_1",0.006613
"5482_8",0.991971
"7605_2",0.003362
"10249_1",0.008251
"2466_1",0.096570
"4055_1",0.083585
"9839_8",0.240130
"3953_9",0.997938
"6563_4",0.109703
"10776_4",0.197411
"7596_2",0.001811
"10490_9",0.998339
"3800_1",0.031726
"10669_1",0.324559
"6276_8",0.998083
"3110_1",0.003035
"12434_1",0.002933
"10189_1",0.005915
"10639_4",0.016187
"7734_1",0.069883
"8763_4",0.386334
"2702_1",0.457406
"10179_1",0.013964
"2317_7",0.435625
"4677_8",0.973307
"11805_7",0.291056
"1339_2",0.079618
"9919_4",0.098682
"1425_8",0.924784
"3926_7",0.802638
"12395_10",0.984166
"6284_4",0.009103
"11069_1",0.036792
"4998_10",0.954519
"8055_2",0.014676
"9179_3",0.005386
"11577_10",0.488225
"1480_1",0.017365
"4561_10",0.995994
"4698_10",0.996081
"9312_1",0.002028
"6561_4",0.006091
"8353_10",0.998922
"11580_3",0.044203
"10536_2",0.471359
"957_10",0.998592
"1768_8",0.799853
"12197_1",0.058768
"11459_10",0.947938
"2271_3",0.339778
"6973_1",0.035125
"4199_8",0.965251
"6582_8",0.042421
"5843_1",0.000772
"4140_9",0.923834
"11105_3",0.015465
"2395_3",0.002579
"10715_9",0.834809
"6611_7",0.997342
"2043_7",0.880182
"2884_9",0.937070
"4946_8",0.842246
"9642_7",0.920279
"5211_1",0.051565
"10661_9",0.998462
"4368_10",0.904588
"12086_4",0.255678
"6465_8",0.991700
"4706_1",0.206213
"4694_10",0.937794
"12150_10",0.983975
"208_3",0.022221
"2587_3",0.016741
"2804_3",0.166856
"2837_3",0.030135
"11070_1",0.012797
"11909_4",0.138509
"9945_10",0.978267
"9281_9",0.057409
"8458_2",0.020111
"9882_2",0.006074
"172_7",0.887942
"7632_2",0.033376
"12246_9",0.987977
"3889_1",0.001543
"11140_4",0.503216
"5240_9",0.968910
"7965_4",0.111011
"3387_3",0.007426
"10817_4",0.001706
"3332_10",0.564710
"1156_9",0.975044
"6585_1",0.002964
"7931_3",0.057761
"8268_4",0.255632
"6443_10",0.567245
"373_10",0.958613
"5912_4",0.093909
"11475_7",0.796296
"10738_4",0.402761
"11175_10",0.919422
"9008_2",0.167634
"2218_3",0.025356
"585_10",0.962253
"3448_2",0.501998
"3860_8",0.985787
"8335_7",0.884254
"1907_1",0.005126
"9169_9",0.833783
"10375_8",0.997011
"10432_4",0.078208
"11399_1",0.228254
"3430_7",0.951696
"2859_4",0.022184
"3899_10",0.996237
"9648_8",0.549927
"9233_8",0.963341
"10574_10",0.998633
"3489_4",0.033311
"8115_8",0.992404
"11495_8",0.944699
"6885_7",0.566732
"1534_10",0.377012
"11721_9",0.998132
"11610_10",0.918002
"2712_8",0.922586
"3140_10",0.730297
"4880_10",0.946406
"1592_10",0.998559
"425_10",0.233389
"5798_1",0.002674
"2212_8",0.990958
"2685_3",0.001183
"9625_2",0.005287
"8492_7",0.966555
"4932_3",0.149659
"1704_3",0.249472
"301_4",0.048090
"2599_10",0.726658
"2364_4",0.011282
"2323_3",0.004081
"1885_8",0.112861
"1232_1",0.005882
"12055_1",0.002005
"2894_10",0.997294
"5347_3",0.959697
"1799_4",0.346384
"7460_9",0.887951
"8798_10",0.999243
"2134_4",0.197297
"2964_2",0.248960
"345_3",0.046559
"2670_8",0.924256
"10282_10",0.990775
"5587_8",0.848407
"6115_2",0.502573
"6974_1",0.257636
"8500_10",0.886830
"5073_8",0.824065
"5291_8",0.986506
"11728_7",0.449505
"3207_4",0.001818
"2553_8",0.992014
"10896_10",0.992458
"9321_2",0.048151
"1484_4",0.013290
"2106_2",0.103333
"5487_4",0.010704
"4835_10",0.713301
"1023_3",0.593830
"11524_10",0.998598
"10672_7",0.860210
"9769_3",0.015891
"590_7",0.938356
"11530_3",0.017573
"349_2",0.072887
"2165_4",0.544953
"1574_9",0.945348
"2792_1",0.001931
"980_2",0.006060
"5745_7",0.524539
"4323_7",0.982406
"11569_7",0.873567
"3637_1",0.084736
"4511_1",0.128676
"8404_10",0.976491
"8947_4",0.604642
"12317_10",0.998962
"3927_4",0.025734
"461_8",0.987430
"11651_2",0.001479
"7697_4",0.066235
"7799_10",0.973961
"2111_8",0.908037
"9745_7",0.980251
"4419_4",0.240833
"9337_4",0.794239
"3908_10",0.988564
"9211_3",0.113719
"489_1",0.007811
"9229_8",0.064071
"381_1",0.003815
"1355_7",0.823703
"12100_1",0.007008
"6126_4",0.032608
"8315_8",0.952269
"7513_10",0.965804
"5547_1",0.118160
"8050_1",0.005270
"7332_1",0.003424
"9044_8",0.999813
"8491_1",0.279161
"1919_8",0.999120
"4076_7",0.248815
"9251_2",0.028552
"7325_10",0.999174
"177_8",0.092618
"8104_4",0.043961
"919_4",0.265380
"9417_8",0.992304
"9440_9",0.920260
"11105_9",0.978579
"7670_10",0.848742
"7404_8",0.998019
"5120_2",0.143448
"10153_1",0.013985
"1763_10",0.998404
"9316_4",0.969515
"6396_8",0.988450
"8865_10",0.997397
"4552_8",0.068124
"874_4",0.108702
"6690_2",0.061330
"11970_3",0.255997
"1202_4",0.638849
"6024_1",0.036579
"10117_9",0.982797
"9511_1",0.028676
"2314_10",0.968295
"6053_3",0.005550
"10165_2",0.172436
"8410_2",0.039258
"1457_1",0.081015
"9651_3",0.110038
"537_2",0.022627
"7191_3",0.809556
"10258_8",0.983194
"4774_8",0.457954
"3560_8",0.849529
"5960_1",0.013143
"881_4",0.014650
"2420_1",0.040216
"4959_4",0.070715
"7138_1",0.012243
"9317_10",0.969408
"5454_4",0.007520
"7450_9",0.859378
"9679_10",0.274797
"10988_3",0.222755
"2932_3",0.154143
"10110_1",0.002488
"9165_2",0.017680
"11712_2",0.000887
"8979_1",0.009348
"12426_3",0.177401
"1630_7",0.734402
"11990_10",0.888976
"5395_10",0.999486
"896_1",0.014130
"11463_9",0.978690
"7096_1",0.015006
"6198_10",0.985271
"8141_10",0.998655
"2650_10",0.556204
"12337_9",0.985126
"1995_10",0.491468
"6349_1",0.004675
"12270_2",0.003145
"12494_2",0.017786
"7081_4",0.043706
"3010_7",0.502773
"2924_2",0.204276
"3185_10",0.965629
"1377_2",0.331475
"4858_3",0.330429
"4351_3",0.003581
"6865_2",0.011599
"9527_3",0.017244
"6223_7",0.965869
"11598_4",0.184172
"10605_1",0.009203
"4609_2",0.002900
"3736_7",0.995682
"5615_1",0.292728
"11109_7",0.986386
"3924_3",0.772978
"7452_1",0.230957
"4288_8",0.270037
"8825_2",0.063610
"3168_7",0.999179
"6407_1",0.002818
"7016_3",0.273225
"129_1",0.003754
"9808_3",0.081639
"5620_10",0.993038
"6404_10",0.990403
"10781_1",0.476244
"2446_1",0.087146
"2191_10",0.881974
"10848_1",0.006626
"11201_10",0.674117
"6818_9",0.991571
"4607_7",0.917096
"2410_7",0.972415
"9656_9",0.998155
"7841_7",0.415511
"11422_7",0.708110
"7376_8",0.962949
"10804_8",0.501163
"11793_7",0.983075
"509_7",0.456381
"12459_10",0.940282
"354_10",0.990281
"2740_10",0.833447
"1469_1",0.007990
"9219_10",0.796327
"7248_7",0.929374
"5620_1",0.012865
"12160_1",0.062444
"6037_10",0.927736
"8338_1",0.002739
"1954_1",0.052462
"6996_9",0.856114
"9888_8",0.949353
"5470_7",0.833970
"11915_4",0.134943
"7057_4",0.276725
"10320_10",0.951044
"4447_3",0.026322
"9711_9",0.983620
"5077_3",0.002291
"10912_4",0.043750
"3224_3",0.038666
"9946_7",0.879142
"10650_4",0.093684
"9613_1",0.122352
"4909_3",0.017419
"5607_8",0.893182
"3315_1",0.004686
"9271_1",0.002691
"4248_4",0.038348
"5849_4",0.614286
"3944_1",0.004474
"3580_10",0.999844
"4592_1",0.006104
"6375_10",0.994691
"5955_9",0.950802
"11613_7",0.918258
"8278_10",0.974579
"11339_9",0.998996
"6813_2",0.374318
"3747_3",0.003905
"5916_1",0.014629
"3298_1",0.003232
"11303_1",0.059035
"5758_7",0.716719
"11652_9",0.975795
"8748_2",0.345457
"11092_2",0.006708
"8729_8",0.998101
"6332_4",0.008833
"3700_10",0.998614
"10507_2",0.011762
"2287_4",0.006476
"10549_10",0.999149
"3005_10",0.996489
"5657_1",0.005577
"873_8",0.993634
"2274_1",0.153161
"3208_4",0.097110
"2663_10",0.956346
"8134_7",0.004440
"7443_1",0.862084
"7507_8",0.914180
"1423_1",0.001031
"4014_1",0.006761
"9662_1",0.016434
"2512_9",0.997330
"8415_2",0.924509
"7672_3",0.015343
"5925_1",0.004451
"2654_2",0.017878
"1780_10",0.039861
"8813_9",0.996237
"9378_7",0.885091
"12120_3",0.028378
"8985_7",0.996095
"5771_3",0.000885
"7305_10",0.973289
"8681_4",0.004682
"7415_10",0.966700
"9346_8",0.997359
"9750_3",0.240990
"9083_9",0.994271
"12255_2",0.006063
"5035_1",0.001023
"12384_10",0.733982
"8381_4",0.012293
"825_1",0.065734
"2034_1",0.005754
"439_10",0.995351
"5753_10",0.711020
"10370_10",0.991142
"3395_2",0.021155
"8101_2",0.002443
"7885_1",0.008152
"3266_2",0.067748
"4623_4",0.003929
"8123_9",0.971238
"1787_1",0.003266
"4001_4",0.125719
"3530_2",0.003926
"684_1",0.001487
"744_10",0.058750
"8439_7",0.981534
"8678_9",0.983977
"11851_8",0.254659
"1237_2",0.477490
"4557_3",0.009814
"1847_10",0.993474
"4002_1",0.007964
"1620_1",0.007088
"549_10",0.993942
"4984_4",0.808750
"4673_8",0.071796
"1373_1",0.201610
"6927_1",0.097615
"9201_2",0.112660
"4293_7",0.988317
"826_3",0.006840
"6337_1",0.018877
"9978_9",0.998231
"11379_10",0.931639
"3874_1",0.011383
"9943_1",0.004987
"7236_4",0.079780
"7816_1",0.001957
"3849_8",0.998787
"1167_10",0.971497
"9667_3",0.100153
"2506_1",0.079209
"1372_10",0.991408
"6788_9",0.992968
"4792_2",0.007455
"7909_2",0.100008
"2213_2",0.037200
"434_1",0.006235
"9245_1",0.000367
"5822_10",0.999039
"5406_1",0.013384
"2011_1",0.007326
"6805_10",0.997184
"2557_2",0.000995
"4343_1",0.198394
"1493_4",0.371512
"947_8",0.126011
"9494_7",0.655285
"10228_10",0.383483
"707_10",0.993800
"2018_10",0.995302
"11093_10",0.996938
"11113_10",0.987752
"11596_1",0.022299
"7453_1",0.019133
"9045_8",0.990956
"12264_7",0.984861
"7271_9",0.989853
"4560_1",0.008532
"11223_1",0.005620
"3939_7",0.495359
"2714_2",0.218044
"1940_9",0.503865
"3640_10",0.993273
"1724_1",0.002323
"5383_3",0.371891
"7323_10",0.713902
"7345_4",0.003906
"775_9",0.999213
"11995_1",0.001670
"400_10",0.980983
"10279_4",0.027560
"673_8",0.921406
"4168_10",0.981623
"11761_7",0.612654
"491_9",0.995176
"11472_1",0.003867
"10045_7",0.954283
"9449_4",0.204839
"12496_3",0.001212
"12422_1",0.008646
"8159_4",0.371786
"8668_8",0.411555
"7572_10",0.994531
"6696_9",0.752665
"64_10",0.992719
"2715_1",0.061846
"9333_4",0.689845
"3722_10",0.996188
"5692_8",0.977141
"10074_7",0.380904
"1717_3",0.122519
"825_8",0.991665
"7796_10",0.997799
"5550_3",0.023446
"6114_10",0.180374
"4440_8",0.900040
"9616_4",0.006177
"12090_8",0.955625
"10728_1",0.077216
"4419_10",0.991184
"282_1",0.093797
"4825_9",0.917232
"91_10",0.995796
"10399_2",0.008303
"6773_4",0.427695
"1364_10",0.927975
"2806_9",0.975044
"4520_2",0.030958
"8211_9",0.968098
"3594_2",0.007653
"11353_4",0.601952
"307_1",0.008605
"10963_4",0.156814
"4023_7",0.982924
"11450_10",0.945680
"3567_4",0.622380
"4751_7",0.985190
"9798_2",0.012816
"1864_8",0.999679
"3168_2",0.455811
"6506_2",0.261787
"12484_2",0.027707
"11999_8",0.016607
"3571_3",0.080711
"147_10",0.959720
"6691_9",0.910039
"11295_8",0.999413
"9344_10",0.999371
"9513_2",0.024130
"11066_7",0.996430
"4330_8",0.995081
"5194_10",0.399592
"11676_1",0.003740
"4587_1",0.003051
"11964_4",0.008739
"12456_1",0.003470
"6054_10",0.847059
"2140_7",0.040574
"1388_1",0.232267
"10681_2",0.002119
"4614_8",0.987859
"2604_7",0.555533
"4234_1",0.038416
"4261_8",0.829177
"4907_8",0.953045
"4134_4",0.354940
"4125_8",0.953606
"3795_9",0.955819
"1356_4",0.079279
"10711_2",0.374280
"4728_7",0.515322
"8254_8",0.954787
"10769_2",0.160599
"7185_8",0.983182
"2842_9",0.982341
"4565_1",0.161565
"3030_9",0.990222
"2997_1",0.102366
"1311_9",0.284979
"12499_10",0.749182
"9830_10",0.950987
"1774_4",0.014672
"6676_10",0.999804
"6502_9",0.758226
"1521_1",0.889872
"4253_1",0.163963
"2775_2",0.004797
"7324_4",0.007186
"1207_4",0.128460
"9903_7",0.951150
"3195_2",0.005867
"9213_10",0.999420
"7751_1",0.004032
"1616_8",0.993274
"1482_10",0.967862
"6772_7",0.393569
"2008_10",0.999005
"6799_4",0.342968
"5004_9",0.995442
"3487_2",0.006952
"10892_4",0.609196
"10839_4",0.034911
"922_8",0.967246
"4163_1",0.003639
"10738_8",0.750945
"10678_7",0.967879
"5892_10",0.897319
"6202_1",0.001761
"5792_10",0.998577
"12161_4",0.687352
"1097_9",0.953488
"2930_3",0.068723
"4087_3",0.043699
"11875_3",0.042101
"11770_4",0.051974
"847_7",0.957645
"10620_9",0.987125
"1455_10",0.992058
"12294_1",0.002226
"5653_10",0.974259
"1874_9",0.854027
"10487_3",0.218029
"22_3",0.008859
"2760_1",0.003995
"9822_7",0.565557
"1068_10",0.998178
"11117_1",0.015234
"10409_2",0.931412
"1877_7",0.020932
"7347_1",0.026620
"4231_1",0.017359
"1122_1",0.004106
"933_3",0.323173
"11883_4",0.032977
"8386_10",0.928516
"12297_7",0.971216
"11847_8",0.993113
"5511_1",0.060734
"9587_2",0.127323
"10027_8",0.917830
"7210_4",0.037030
"2490_9",0.266780
"4889_10",0.997890
"8192_9",0.985174
"12133_1",0.007845
"2098_1",0.202618
"2941_9",0.994969
"5742_3",0.001835
"10645_4",0.003724
"1162_10",0.999134
"4383_10",0.982730
"5325_8",0.988314
"1324_1",0.004476
"1374_1",0.093022
"116_10",0.737919
"2898_10",0.586280
"8799_10",0.992288
"6654_10",0.994181
"8630_1",0.001544
"3452_7",0.986244
"3609_8",0.960327
"4740_1",0.007948
"8368_10",0.997893
"11960_7",0.972873
"3583_10",0.706280
"1581_8",0.094421
"1378_1",0.652806
"968_2",0.014076
"4524_1",0.004059
"5036_8",0.998911
"12287_3",0.007373
"9236_10",0.949727
"5447_3",0.532980
"11016_1",0.109665
"1935_3",0.023718
"5300_7",0.991395
"7775_2",0.060897
"4398_3",0.027728
"5692_2",0.009936
"3517_8",0.983130
"6007_1",0.006937
"10127_2",0.020613
"6614_10",0.978673
"2767_10",0.904200
"3187_2",0.031086
"6473_10",0.513777
"12263_1",0.000910
"10838_2",0.029394
"7367_9",0.984432
"8873_10",0.871505
"6016_1",0.104417
"10363_7",0.677751
"3541_2",0.087920
"6416_10",0.983113
"4538_10",0.998905
"56_3",0.025539
"7946_8",0.906935
"6003_4",0.075473
"974_4",0.304014
"11651_9",0.987536
"10283_1",0.442448
"12334_2",0.017529
"972_1",0.393483
"1513_8",0.949582
"6141_3",0.139195
"4195_7",0.995247
"10176_9",0.997194
"1918_2",0.005449
"12117_1",0.436791
"7567_1",0.172272
"2949_10",0.985082
"11937_9",0.984488
"8513_2",0.026916
"3913_8",0.284797
"1310_8",0.992113
"10461_10",0.999575
"3309_8",0.971314
"862_9",0.953030
"4040_2",0.000614
"78_8",0.702737
"3491_7",0.097597
"10862_9",0.997469
"4763_7",0.362127
"7421_1",0.073483
"5350_1",0.027124
"11491_10",0.997654
"9975_4",0.244540
"10123_10",0.997862
"11573_1",0.002611
"2337_9",0.981214
"251_8",0.801995
"1942_1",0.004171
"2940_7",0.710856
"4342_7",0.395490
"11250_2",0.095864
"4224_1",0.177317
"10106_10",0.600124
"7764_2",0.722703
"937_10",0.996835
"3112_10",0.967004
"9922_8",0.698394
"3259_7",0.994894
"7828_1",0.000985
"4031_7",0.324089
"1277_7",0.984063
"3162_2",0.375822
"7_9",0.999268
"1832_4",0.303779
"10997_1",0.034866
"10572_10",0.990896
"12194_1",0.004523
"4648_10",0.881474
"7207_9",0.045525
"11000_7",0.961342
"4943_2",0.005896
"10601_10",0.984764
"4731_1",0.296145
"9272_8",0.755060
"11551_1",0.006245
"9074_3",0.094417
"2486_3",0.166784
"618_1",0.067416
"8683_8",0.870090
"2618_10",0.842275
"8471_9",0.782209
"6394_4",0.089082
"6456_2",0.557383
"3195_8",0.982341
"4188_1",0.008761
"3985_10",0.976776
"7099_10",0.929650
"1558_2",0.006036
"2877_8",0.162775
"3928_1",0.023336
"7206_3",0.017246
"8088_10",0.997458
"8167_10",0.995947
"8590_8",0.985633
"6973_7",0.505496
"4974_7",0.973428
"10151_1",0.004613
"5268_4",0.190286
"5258_7",0.995912
"1478_8",0.318040
"5094_10",0.994210
"10126_4",0.292511
"9357_2",0.005108
"7750_3",0.283919
"11628_3",0.753411
"9124_7",0.928390
"1802_7",0.928454
"4820_4",0.481665
"10019_8",0.986962
"154_9",0.968632
"5049_4",0.001127
"4372_1",0.002197
"7807_10",0.995678
"5127_10",0.969423
"11480_2",0.006105
"10145_1",0.028782
"7090_10",0.994749
"1288_1",0.305702
"11316_2",0.058641
"8428_9",0.857339
"1843_9",0.970506
"1916_1",0.003010
"2657_2",0.000813
"10504_1",0.002902
"11621_3",0.129309
"10148_1",0.004057
"3339_4",0.013798
"8202_2",0.041339
"7796_1",0.011212
"4625_2",0.071757
"11859_4",0.040384
"8261_1",0.006125
"4670_3",0.075261
"8412_10",0.990134
"1010_1",0.001646
"436_10",0.979769
"9351_7",0.102121
"3767_8",0.547672
"4794_1",0.001342
"8447_10",0.457319
"6182_2",0.887878
"8754_3",0.925675
"2709_3",0.007591
"5882_9",0.993490
"6916_3",0.034736
"11886_1",0.049176
"123_4",0.949025
"2827_9",0.996134
"11440_8",0.997838
"4100_8",0.619502
"11645_1",0.079000
"7949_10",0.944321
"2017_1",0.030064
"3451_7",0.993807
"10986_10",0.993686
"1541_2",0.714906
"12336_7",0.463637
"9787_1",0.005770
"5282_10",0.999569
"9568_4",0.820064
"8222_1",0.009190
"5415_9",0.979226
"8485_8",0.186409
"6449_1",0.000467
"466_1",0.010138
"11997_1",0.188130
"6144_10",0.981257
"3309_4",0.003663
"8655_1",0.006384
"10141_1",0.702821
"7469_10",0.997752
"4445_10",0.993190
"6651_7",0.960637
"6711_7",0.534398
"3329_4",0.021256
"8000_10",0.467093
"2279_8",0.988149
"5012_7",0.974905
"2437_3",0.028539
"505_9",0.936689
"9070_10",0.888906
"1234_3",0.001997
"4880_1",0.051804
"3981_4",0.067318
"134_1",0.023710
"3211_10",0.989557
"2559_10",0.990739
"4512_3",0.008055
"5957_1",0.026059
"11626_9",0.996490
"915_10",0.873350
"5569_10",0.989531
"12396_9",0.937680
"6494_2",0.009144
"3262_1",0.047476
"3916_10",0.779099
"787_1",0.005442
"11092_9",0.997843
"2818_10",0.949968
"5271_2",0.206419
"4057_7",0.983120
"5042_1",0.077484
"1204_1",0.047997
"3651_2",0.005153
"11763_8",0.983482
"7766_10",0.984423
"3498_1",0.059059
"11578_10",0.993986
"3691_1",0.518415
"11947_10",0.868840
"11475_2",0.006810
"8568_9",0.926721
"8247_2",0.086352
"9544_7",0.965261
"9753_8",0.231709
"6824_7",0.942401
"2799_1",0.075748
"10459_1",0.030256
"1894_10",0.037473
"9726_7",0.941252
"10923_1",0.006127
"7946_3",0.185463
"7509_10",0.995977
"3273_9",0.874249
"2716_3",0.053384
"4622_1",0.001370
"1204_8",0.995856
"71_4",0.682681
"6508_9",0.950295
"7819_10",0.999546
"695_10",0.331401
"10844_10",0.999233
"2413_1",0.773116
"8768_1",0.004416
"4536_10",0.997551
"2576_9",0.996100
"4473_2",0.045667
"65_2",0.452658
"6114_2",0.207690
"7458_1",0.001934
"10815_2",0.082870
"8344_1",0.014124
"1975_9",0.877660
"1659_1",0.001209
"11030_10",0.997392
"5405_7",0.938206
"2539_3",0.123180
"6565_8",0.893499
"1826_10",0.985471
"2577_8",0.897985
"6032_7",0.980150
"3146_9",0.998355
"798_1",0.004536
"63_10",0.870877
"11819_10",0.897097
"2905_7",0.225454
"2716_10",0.991308
"1717_10",0.981228
"1036_3",0.301041
"11583_10",0.996213
"962_9",0.937169
"10203_2",0.018260
"12225_1",0.000311
"10322_9",0.460214
"7601_2",0.418933
"1675_4",0.663891
"8235_3",0.001993
"680_2",0.005301
"5208_3",0.029959
"10678_2",0.732183
"6072_10",0.942830
"1216_1",0.003401
"11434_1",0.028259
"12480_8",0.962737
"8844_10",0.489019
"10506_1",0.002963
"9766_3",0.991514
"7804_4",0.342758
"44_4",0.031741
"11226_1",0.020134
"11378_2",0.127652
"7805_1",0.006273
"4692_10",0.371426
"2928_9",0.628091
"8785_10",0.997859
"3083_8",0.977991
"626_10",0.999163
"9228_10",0.972688
"66_10",0.844608
"3824_3",0.936189
"7115_8",0.963358
"11893_10",0.998127
"1628_1",0.004092
"2236_4",0.030788
"2032_1",0.010217
"6613_10",0.985216
"1582_8",0.073159
"304_2",0.002750
"2441_10",0.994598
"12437_1",0.002266
"9822_1",0.011731
"10481_3",0.246505
"9193_10",0.665980
"3233_9",0.993812
"7430_8",0.993367
"10049_1",0.005498
"6384_10",0.989322
"3993_9",0.995188
"4545_2",0.007426
"11500_4",0.619809
"12127_10",0.934900
"7277_2",0.068151
"8927_3",0.324918
"5970_9",0.809694
"12115_4",0.021261
"6132_10",0.998352
"4178_9",0.986615
"11453_7",0.317626
"6569_9",0.994697
"3924_7",0.928537
"6425_1",0.008721
"1141_1",0.001858
"3366_2",0.013979
"6700_7",0.923902
"7948_8",0.824590
"2750_8",0.996876
"11326_1",0.014653
"231_8",0.884991
"8941_8",0.941914
"8304_7",0.326881
"12179_2",0.087298
"3808_1",0.034075
"2710_1",0.002214
"4833_1",0.004451
"10405_7",0.968703
"449_9",0.984549
"7259_10",0.974011
"8513_10",0.854818
"801_8",0.994736
"11322_8",0.989296
"8417_9",0.990385
"7059_8",0.110011
"681_3",0.018323
"3135_9",0.989727
"7172_3",0.024027
"11061_10",0.996433
"9555_9",0.835292
"1331_1",0.000628
"9155_3",0.001252
"8765_8",0.977983
"4714_8",0.948859
"7593_9",0.977833
"7769_1",0.087830
"5016_8",0.963303
"11917_2",0.005422
"3311_8",0.606962
"6784_4",0.399565
"6685_7",0.647512
"1232_8",0.879696
"765_2",0.029330
"6159_2",0.023596
"12037_3",0.032157
"60_8",0.975857
"6138_10",0.996299
"4759_4",0.025486
"631_10",0.998821
"5993_10",0.997250
"2751_10",0.998043
"7234_1",0.100753
"7966_3",0.007498
"296_4",0.217148
"8252_4",0.063426
"10333_1",0.005993
"5950_10",0.440343
"2735_9",0.998026
"900_1",0.021554
"2350_3",0.556901
"1457_10",0.976704
"10226_10",0.988818
"9198_7",0.990144
"1072_2",0.018318
"8332_10",0.995507
"6264_8",0.995331
"1092_9",0.923312
"11888_10",0.955423
"11702_8",0.467941
"8704_1",0.006939
"11458_10",0.910605
"8218_9",0.873714
"3739_8",0.952957
"4787_3",0.882001
"12097_10",0.944602
"7894_1",0.007768
"11601_2",0.000864
"4417_1",0.358264
"11108_10",0.981982
"5673_8",0.859879
"481_2",0.188227
"6892_2",0.003329
"5203_1",0.506358
"18_1",0.001322
"5488_8",0.980951
"750_7",0.324588
"1478_4",0.027800
"11340_2",0.019641
"8735_3",0.046505
"7404_3",0.041701
"5681_2",0.429645
"5863_10",0.453308
"602_1",0.001057
"9474_7",0.604754
"12075_3",0.150051
"1148_8",0.776367
"2192_4",0.019192
"1394_1",0.023414
"2643_3",0.010297
"8214_7",0.949207
"6728_1",0.221012
"5397_8",0.924836
"7056_7",0.986384
"2669_3",0.042041
"10713_10",0.996536
"1349_4",0.016995
"3254_1",0.000561
"9717_10",0.839088
"11358_4",0.004248
"12262_1",0.000988
"1332_1",0.000831
"6116_2",0.131705
"6324_3",0.090156
"10808_8",0.841276
"11632_4",0.188551
"2881_3",0.087706
"3524_1",0.001314
"10503_8",0.967688
"11525_1",0.000698
"9973_4",0.022298
"9804_1",0.001479
"1865_8",0.801477
"8001_9",0.994991
"5776_8",0.368782
"11848_10",0.986546
"4809_3",0.103077
"841_9",0.995967
"227_10",0.987185
"1833_9",0.998793
"9471_10",0.998117
"960_3",0.025101
"10763_1",0.085889
"1330_1",0.002568
"326_9",0.941457
"3392_10",0.986540
"5883_2",0.059062
"12168_1",0.001091
"7525_10",0.866231
"10578_1",0.006070
"9173_3",0.001815
"7214_2",0.547739
"7163_10",0.822247
"5177_8",0.893717
"3372_7",0.913792
"6041_8",0.922230
"1590_10",0.994634
"31_10",0.913636
"2533_8",0.980840
"7927_10",0.998397
"5037_2",0.218912
"6046_2",0.915616
"2099_3",0.026857
"133_1",0.420060
"205_2",0.016301
"374_9",0.977782
"8944_10",0.940615
"799_4",0.023942
"8832_9",0.871861
"3836_10",0.998622
"2940_1",0.005765
"946_1",0.596679
"9310_1",0.019071
"5853_8",0.886113
"10852_9",0.950133
"4061_4",0.041000
"10301_10",0.974446
"11104_3",0.001121
"9339_3",0.209894
"537_10",0.999360
"8661_7",0.929646
"9381_4",0.896500
"12473_3",0.020234
"5140_8",0.366807
"4624_4",0.028497
"9156_3",0.003436
"5980_2",0.011753
"5920_7",0.924894
"4013_1",0.146279
"11879_2",0.004195
"1317_10",0.998927
"4647_10",0.997073
"2550_1",0.003160
"641_8",0.693559
"10069_10",0.992542
"12215_10",0.601480
"6293_10",0.996023
"1416_7",0.968210
"8561_9",0.973563
"1981_10",0.690998
"1667_2",0.014604
"9680_1",0.004588
"888_1",0.001840
"2202_4",0.103129
"8835_2",0.051853
"9340_3",0.145330
"8742_10",0.603910
"1892_2",0.015871
"11940_10",0.899600
"5976_2",0.020599
"5430_8",0.957283
"9125_9",0.910667
"5217_8",0.997438
"5257_10",0.979400
"5487_8",0.965835
"10815_8",0.985718
"12438_1",0.148017
"11433_3",0.161460
"11570_1",0.739880
"11880_10",0.953966
"1983_3",0.172093
"2916_1",0.003539
"8119_10",0.995936
"10960_2",0.030837
"2798_2",0.024353
"2797_1",0.817371
"9931_4",0.281982
"6244_10",0.997480
"8361_2",0.019959
"7098_10",0.944301
"9107_10",0.992349
"9860_10",0.969901
"10252_1",0.018321
"12015_8",0.867706
"2696_4",0.355112
"9301_8",0.967067
"799_7",0.663868
"9411_7",0.971774
"4172_1",0.001063
"8008_10",0.997987
"11436_1",0.000613
"3464_10",0.984650
"5826_3",0.012494
"5460_4",0.119885
"8920_3",0.270215
"1465_3",0.195819
"7571_1",0.001007
"3416_10",0.929103
"11088_7",0.638215
"7007_10",0.989342
"11317_7",0.663180
"11639_7",0.970418
"1871_10",0.995372
"1551_7",0.906971
"4089_4",0.012454
"8145_9",0.998457
"1243_7",0.895354
"9082_8",0.881211
"11807_8",0.998386
"6154_10",0.772868
"2082_8",0.995978
"9142_4",0.538545
"6126_8",0.471339
"9774_1",0.005466
"5137_10",0.885924
"11085_1",0.001062
"4541_1",0.014430
"10478_10",0.997244
"8479_3",0.245644
"11220_1",0.125100
"0_10",0.890900
"5235_8",0.982447
"457_2",0.004248
"6784_7",0.933485
"11527_10",0.983752
"5935_7",0.979984
"3697_10",0.995636
"8318_10",0.994525
"6770_8",0.998738
"11760_7",0.339195
"10344_9",0.996686
"12363_4",0.565432
"2233_2",0.122209
"12184_10",0.995491
"4668_8",0.754677
"2293_4",0.208876
"5886_8",0.991856
"8403_4",0.358764
"2493_3",0.010713
"7224_2",0.170329
"7753_10",0.972968
"476_9",0.912187
"3760_7",0.145316
"8371_1",0.035602
"2541_10",0.936024
"12052_2",0.094349
"2320_1",0.010053
"5598_8",0.600995
"12342_1",0.002911
"7391_9",0.892589
"2615_1",0.028937
"11251_4",0.427851
"9946_2",0.026418
"10571_10",0.993310
"3984_1",0.009236
"4633_10",0.988909
"548_10",0.997910
"1732_1",0.005722
"3559_7",0.981574
"10212_7",0.500330
"8950_7",0.471199
"8157_10",0.995836
"5986_9",0.995266
"10263_7",0.757125
"2168_10",0.999187
"4424_4",0.587504
"6944_10",0.370774
"11467_7",0.884830
"3630_8",0.958698
"2405_1",0.001743
"7517_1",0.020045
"8116_10",0.835687
"5368_4",0.597150
"2045_1",0.001013
"11303_8",0.995222
"11077_2",0.464433
"6314_10",0.992345
"12137_4",0.287164
"12180_1",0.012176
"6403_10",0.977548
"2019_1",0.000429
"7921_7",0.986770
"3977_10",0.994149
"11277_9",0.590992
"8398_1",0.001043
"1429_3",0.004159
"9628_4",0.030944
"2472_3",0.039391
"5811_4",0.277466
"11663_3",0.000341
"3153_1",0.005812
"11881_2",0.002356
"767_7",0.932860
"12243_10",0.982733
"10969_8",0.908239
"8689_10",0.852005
"1854_10",0.993851
"12392_4",0.002931
"6627_2",0.014599
"6819_10",0.992552
"1587_9",0.599396
"6999_10",0.954041
"9128_1",0.736269
"7141_1",0.135318
"4485_8",0.994879
"7368_7",0.620089
"7698_4",0.165013
"8376_3",0.200744
"1862_1",0.002740
"11217_9",0.972229
"5179_4",0.015091
"6524_3",0.286206
"11877_10",0.996143
"6055_10",0.999269
"9372_1",0.004412
"8029_1",0.002188
"9546_10",0.534984
"5514_10",0.960946
"8869_8",0.983533
"8290_10",0.956927
"11619_9",0.224786
"5949_4",0.152747
"10146_1",0.832694
"11776_10",0.375551
"2146_9",0.535402
"6461_10",0.957234
"10480_4",0.101692
"9021_10",0.990120
"11802_10",0.998452
"9139_2",0.120017
"5590_4",0.058002
"5631_9",0.888448
"6333_3",0.026274
"10455_1",0.001784
"10394_1",0.010898
"8814_8",0.979706
"11264_3",0.076667
"2255_9",0.996841
"3915_8",0.565946
"3386_10",0.996470
"5531_2",0.005691
"1676_4",0.329655
"7711_8",0.995646
"7871_9",0.968600
"11101_8",0.966386
"11562_1",0.016990
"11609_10",0.963370
"9556_1",0.126196
"7149_3",0.987690
"11807_3",0.246535
"12106_10",0.998826
"4763_1",0.017593
"2007_3",0.024439
"8454_8",0.997142
"4656_10",0.799300
"717_8",0.984933
"3501_4",0.053127
"6562_4",0.010050
"3926_1",0.008269
"7497_1",0.002141
"4257_9",0.836262
"4111_1",0.009117
"9865_10",0.960485
"8323_4",0.003666
"2228_4",0.029295
"1180_7",0.972976
"6315_8",0.996744
"12271_10",0.941244
"4567_2",0.668999
"8745_8",0.342912
"4994_1",0.003569
"2842_4",0.203227
"674_9",0.996665
"4431_3",0.535019
"2534_4",0.295320
"378_9",0.998523
"6039_9",0.248141
"9551_7",0.997184
"1273_7",0.971859
"4222_4",0.042914
"7469_1",0.065660
"8733_3",0.045850
"9324_4",0.090582
"8888_4",0.126792
"2872_9",0.861596
"2123_8",0.996545
"4982_7",0.991024
"10668_1",0.717205
"2014_7",0.981053
"4211_3",0.023655
"1202_9",0.996809
"5450_4",0.004348
"2484_1",0.130470
"2427_8",0.979965
"405_3",0.011006
"1_10",0.998215
"4498_4",0.464377
"50_3",0.046129
"10113_9",0.999177
"8919_3",0.295618
"1338_7",0.817791
"9817_8",0.997698
"10824_7",0.702278
"12165_8",0.885687
"11975_8",0.888735
"8537_1",0.004655
"4443_9",0.959944
"207_3",0.002431
"4247_8",0.353073
"11333_9",0.999180
"6357_2",0.067379
"4477_1",0.010343
"8774_1",0.003033
"10049_8",0.997985
"9621_2",0.069597
"5428_10",0.997216
"11693_3",0.587703
"8731_4",0.140160
"11209_1",0.252823
"10581_10",0.001616
"4289_10",0.982627
"511_7",0.980882
"7832_8",0.105773
"2567_9",0.857911
"4931_1",0.014634
"8770_2",0.002235
"8999_9",0.883713
"9918_1",0.018331
"2254_7",0.994645
"4095_1",0.096312
"8601_2",0.044071
"10347_10",0.548512
"2911_4",0.174590
"12157_7",0.981156
"5154_10",0.997364
"27_9",0.981228
"2586_9",0.968855
"6344_9",0.999796
"1888_4",0.012573
"6630_1",0.003888
"3202_10",0.993773
"1517_9",0.982875
"584_10",0.960821
"2683_4",0.113693
"1721_1",0.001758
"4371_7",0.054459
"4697_3",0.977943
"2977_10",0.969200
"1835_3",0.010060
"9872_1",0.083630
"4794_9",0.593411
"5345_10",0.220387
"1230_10",0.998879
"2438_2",0.003204
"5709_9",0.963005
"8007_1",0.000872
"7236_10",0.513684
"7978_10",0.877314
"10608_1",0.040182
"10968_1",0.018780
"3650_1",0.004447
"7966_8",0.996501
"8435_9",0.996041
"6095_3",0.019026
"12457_8",0.842222
"611_10",0.979996
"7589_7",0.944836
"4378_4",0.117338
"9019_3",0.162923
"794_1",0.037617
"5112_4",0.067277
"8698_7",0.955385
"2729_1",0.044288
"9090_1",0.014849
"9641_8",0.992750
"5065_7",0.734105
"3147_10",0.933790
"3971_4",0.012539
"7000_8",0.835374
"6716_1",0.024575
"11482_7",0.513147
"9263_4",0.603132
"7901_1",0.546013
"8213_2",0.001893
"1113_8",0.969713
"1013_7",0.996093
"2195_9",0.967696
"1371_8",0.469937
"7239_7",0.974202
"11376_1",0.013955
"3506_9",0.997276
"3413_2",0.032422
"8641_1",0.003966
"11587_2",0.018984
"7639_7",0.174152
"8100_8",0.990693
"8151_2",0.006938
"10464_2",0.002233
"2043_3",0.007360
"4454_8",0.752628
"6562_8",0.998138
"8549_8",0.649409
"1209_3",0.246028
"2566_4",0.141703
"5871_10",0.586238
"6459_7",0.992232
"11006_8",0.909688
"3313_8",0.361229
"5290_2",0.061733
"9687_1",0.003581
"4165_10",0.848590
"11120_4",0.870698
"3379_2",0.043533
"5814_1",0.855042
"3414_7",0.846825
"7750_7",0.994241
"9727_7",0.976280
"3850_9",0.997372
"5954_2",0.033095
"9685_1",0.003635
"9307_3",0.007095
"8727_9",0.983309
"9746_1",0.000539
"9365_8",0.998929
"3361_10",0.992720
"4554_3",0.006376
"8952_9",0.998530
"4301_1",0.002593
"10764_4",0.694241
"2738_10",0.948365
"3554_1",0.023141
"5724_8",0.948409
"8804_4",0.059592
"468_8",0.999090
"10527_10",0.919173
"5117_7",0.991774
"3390_4",0.849021
"5875_3",0.021936
"10380_7",0.988019
"887_2",0.926615
"2707_8",0.864811
"11371_3",0.532520
"535_4",0.125689
"10700_10",0.847549
"3047_10",0.990313
"5930_3",0.042755
"6044_10",0.994724
"8679_4",0.816409
"2261_10",0.973753
"9577_10",0.999459
"1999_7",0.658839
"6010_3",0.149082
"861_4",0.048260
"4360_2",0.001192
"5373_7",0.857458
"10760_8",0.866745
"12436_10",0.972742
"5149_3",0.276751
"7091_4",0.103605
"5135_9",0.935629
"5552_8",0.978641
"1713_9",0.996866
"11445_4",0.209511
"11146_7",0.935371
"5286_9",0.996900
"10518_1",0.001440
"1122_8",0.807318
"7680_1",0.084624
"11042_8",0.980366
"6336_1",0.136613
"11784_10",0.341783
"8759_10",0.994002
"4362_10",0.504503
"4483_2",0.003679
"7501_8",0.992111
"3516_2",0.008009
"3965_10",0.994696
"4066_8",0.946817
"7802_2",0.397426
"1074_7",0.597001
"4555_3",0.001350
"11477_1",0.002522
"5712_10",0.976938
"1175_8",0.982874
"6283_4",0.737431
"11717_1",0.003735
"8029_8",0.930309
"5794_8",0.972565
"8717_2",0.001579
"10682_10",0.605040
"4610_1",0.112380
"4908_9",0.906371
"8325_2",0.084080
"11330_4",0.786877
"5717_10",0.568596
"11421_3",0.501595
"4725_2",0.006505
"2284_9",0.978511
"12433_1",0.064584
"10799_10",0.960258
"3213_10",0.927985
"10997_10",0.984303
"3482_9",0.991065
"430_4",0.100274
"6524_9",0.995795
"2270_1",0.013246
"6410_4",0.037434
"224_10",0.905131
"10915_8",0.999400
"8882_3",0.148487
"3578_3",0.079147
"7696_1",0.912552
"7307_1",0.082986
"10043_1",0.143765
"6380_4",0.606293
"3109_2",0.004051
"398_4",0.081148
"10498_1",0.016820
"3565_8",0.993243
"7844_9",0.994334
"5879_3",0.126575
"5004_1",0.053201
"9347_2",0.071785
"2213_8",0.937778
"3654_8",0.907508
"642_2",0.001660
"9412_8",0.988602
"7418_10",0.997826
"2012_1",0.012339
"308_9",0.986284
"11695_8",0.847915
"7369_10",0.984935
"7363_3",0.833113
"7834_3",0.709756
"7705_10",0.993197
"4554_8",0.995001
"4773_7",0.976110
"11944_2",0.997026
"12303_10",0.853634
"272_10",0.769535
"11678_10",0.998433
"8157_1",0.469260
"1360_7",0.075980
"1702_7",0.809835
"7409_8",0.995888
"3865_8",0.944356
"8266_10",0.999558
"3543_3",0.405704
"8542_4",0.002768
"2188_4",0.030483
"7928_10",0.924312
"8271_1",0.002520
"2667_3",0.042908
"136_9",0.995043
"2365_8",0.694508
"9516_1",0.007910
"6205_9",0.998909
"12411_1",0.006449
"10549_2",0.012909
"2114_10",0.996315
"8379_3",0.109304
"1555_2",0.005252
"7010_4",0.014693
"10425_1",0.007151
"2970_10",0.997832
"1976_8",0.995466
"4894_8",0.946784
"995_1",0.119382
"12087_10",0.951602
"5002_1",0.008850
"10204_2",0.305031
"7689_2",0.004955
"8685_4",0.327300
"4183_1",0.007321
"7719_7",0.780799
"6350_8",0.993167
"6163_8",0.923611
"11247_4",0.057349
"8962_8",0.976627
"7849_9",0.998842
"4177_9",0.883648
"4680_1",0.334422
"10965_8",0.993437
"3534_10",0.999567
"9782_4",0.067943
"9525_9",0.989846
"3743_10",0.973866
"1688_10",0.997261
"4400_4",0.639097
"1660_8",0.999028
"8241_9",0.998289
"1238_8",0.943959
"1081_3",0.008991
"6151_2",0.017489
"6025_8",0.709832
"661_9",0.287325
"5670_8",0.995698
"6122_1",0.913425
"1767_10",0.998960
"5629_10",0.966709
"8256_10",0.974425
"8572_4",0.006727
"11580_7",0.677127
"525_3",0.037043
"2128_3",0.021701
"10254_8",0.990414
"3082_2",0.003619
"7127_1",0.006647
"9927_7",0.169442
"5694_9",0.974931
"8063_10",0.994434
"10768_1",0.124665
"7375_1",0.003782
"6220_10",0.977440
"4477_10",0.994234
"1350_8",0.406682
"9354_4",0.968735
"9015_2",0.690985
"719_1",0.028310
"10544_3",0.116338
"4496_10",0.896283
"3912_1",0.003779
"10120_10",0.651027
"6958_2",0.025850
"10964_7",0.862922
"4974_1",0.015464
"5591_9",0.998267
"2295_3",0.064024
"17_8",0.930251
"10442_2",0.280868
"3043_10",0.974890
"5243_1",0.001069
"5145_8",0.958824
"5727_7",0.941059
"3406_10",0.908289
"3552_7",0.629802
"1512_1",0.002109
"9214_9",0.997180
"3060_3",0.089729
"9086_3",0.112025
"10428_1",0.121033
"11198_10",0.971878
"1743_4",0.067351
"7795_10",0.261547
"9863_10",0.929863
"182_3",0.095549
"9644_4",0.443055
"10744_2",0.010992
"3393_10",0.976193
"3657_8",0.984648
"10435_1",0.011425
"9206_10",0.997013
"4005_10",0.924899
"5901_3",0.447280
"498_10",0.999235
"9583_2",0.502014
"2336_10",0.998913
"6107_1",0.262349
"7079_7",0.984313
"2769_4",0.027243
"4787_8",0.998957
"11123_1",0.045318
"6466_10",0.999485
"6311_9",0.983884
"1236_7",0.802978
"3635_9",0.998274
"1230_2",0.005283
"8721_7",0.991169
"7878_3",0.004677
"11731_7",0.645137
"8732_8",0.989616
"8083_8",0.923529
"3146_1",0.008211
"11395_10",0.944834
"2998_2",0.000791
"3766_4",0.054264
"353_3",0.103689
"8688_7",0.992458
"6137_10",0.940604
"11950_3",0.233036
"5663_1",0.039883
"1108_3",0.014998
"10425_10",0.928940
"913_10",0.979881
"7852_8",0.976810
"14_1",0.022911
"12062_1",0.000732
"1162_1",0.002564
"8648_10",0.482214
"10605_10",0.989530
"1091_1",0.002625
"7723_8",0.439883
"5474_8",0.899952
"8308_1",0.009327
"9586_8",0.937232
"5317_4",0.002263
"11283_8",0.101821
"9575_3",0.008592
"8846_9",0.765333
"8756_1",0.006911
"7973_4",0.009432
"9845_3",0.003623
"11335_9",0.919509
"456_8",0.977084
"378_1",0.048936
"9176_1",0.003855
"6371_10",0.473033
"3152_10",0.994182
"7441_4",0.005570
"10123_4",0.637286
"6777_1",0.440710
"7479_1",0.161903
"5563_1",0.051588
"9076_7",0.702307
"11744_1",0.213925
"1040_4",0.032866
"920_1",0.002164
"3599_4",0.008307
"9629_3",0.052823
"12346_1",0.296001
"4237_8",0.964980
"6596_10",0.819671
"11576_1",0.004608
"1140_1",0.025613
"2945_8",0.951407
"7518_9",0.908552
"3435_1",0.007513
"8219_3",0.489519
"6758_10",0.998377
"484_8",0.992627
"10012_1",0.000460
"718_10",0.998510
"12293_7",0.956420
"6241_3",0.004463
"10635_10",0.975637
"2563_1",0.114155
"7682_10",0.949151
"4993_7",0.953535
"12153_4",0.099481
"8559_7",0.645125
"9700_4",0.966629
"660_2",0.058351
"11457_4",0.038442
"7146_1",0.202856
"3771_2",0.229215
"8333_3",0.219385
"11740_7",0.541955
"7035_2",0.032592
"7054_1",0.010219
"12292_4",0.022445
"8881_4",0.852970
"7264_8",0.995294
"11168_1",0.052675
"1145_9",0.986517
"781_9",0.997764
"5694_4",0.005805
"2637_10",0.980219
"5812_8",0.963429
"6335_10",0.992295
"10491_3",0.294231
"4684_2",0.004701
"3810_2",0.006630
"12264_3",0.007102
"8018_10",0.998775
"12185_10",0.996062
"3959_3",0.463586
"9829_7",0.990857
"4694_4",0.041821
"3884_1",0.042928
"8027_10",0.997865
"743_2",0.009068
"7036_1",0.026307
"3081_1",0.010226
"4606_10",0.994802
"503_2",0.055519
"6989_10",0.986747
"10059_1",0.308369
"1380_9",0.747289
"3247_1",0.240613
"6308_8",0.995492
"1592_2",0.005373
"3167_1",0.008116
"6357_10",0.823090
"7107_7",0.733967
"5335_8",0.999188
"11948_2",0.012739
"10805_4",0.346472
"638_7",0.984141
"4311_2",0.006948
"11795_8",0.905437
"8031_9",0.995624
"11930_2",0.188735
"7886_3",0.243163
"7253_10",0.992035
"10955_3",0.140137
"10680_2",0.004882
"8754_10",0.879710
"9556_8",0.986647
"3076_10",0.977238
"1544_3",0.176385
"2726_3",0.007751
"8545_3",0.003543
"3175_3",0.015064
"2864_9",0.105534
"547_4",0.036924
"2831_9",0.989459
"5321_4",0.462503
"4675_8",0.976192
"11787_4",0.037052
"2837_10",0.988937
"7730_8",0.901960
"2309_10",0.823166
"9078_7",0.995237
"8160_10",0.997094
"7824_1",0.001722
"9926_8",0.667774
"3507_1",0.004347
"5878_3",0.650316
"6708_4",0.077712
"1096_3",0.280553
"4556_8",0.989011
"3667_10",0.908117
"9565_3",0.014858
"4737_9",0.738048
"12134_1",0.846739
"9413_7",0.997272
"1002_9",0.995839
"4889_4",0.968976
"3453_1",0.244236
"2763_2",0.004299
"8248_8",0.985118
"1881_1",0.804259
"3528_10",0.995714
"3630_1",0.847029
"11390_10",0.996689
"3991_8",0.570679
"7650_8",0.869675
"4527_8",0.924339
"10307_2",0.968143
"8872_4",0.045452
"1741_10",0.920414
"12170_9",0.925733
"11196_4",0.208351
"5524_10",0.548448
"1926_3",0.302721
"1279_8",0.225556
"1444_8",0.177421
"8975_8",0.495740
"7157_10",0.991747
"11973_2",0.004878
"7022_1",0.106497
"6939_10",0.615446
"6732_9",0.580938
"3689_1",0.002871
"10228_1",0.059468
"6314_3",0.937107
"4285_8",0.980625
"10086_10",0.563018
"9899_1",0.046242
"7556_10",0.942891
"12299_3",0.033453
"11872_3",0.006864
"4257_1",0.223360
"3028_7",0.436264
"2545_10",0.995125
"8036_4",0.122085
"5948_2",0.008548
"12113_1",0.050567
"1738_4",0.060763
"9808_10",0.820574
"2629_4",0.039956
"12003_9",0.183131
"6725_8",0.993348
"5383_8",0.994149
"12097_1",0.004906
"11402_9",0.991564
"3877_3",0.141065
"3765_4",0.280406
"11431_7",0.993679
"7419_3",0.137514
"9844_8",0.473164
"9753_1",0.173088
"12377_1",0.970096
"2775_10",0.450444
"11106_1",0.014464
"10015_8",0.756663
"9473_9",0.986847
"3633_9",0.989849
"9022_8",0.994516
"608_1",0.004146
"10724_1",0.000565
"1059_10",0.998081
"8413_3",0.333740
"2013_1",0.018471
"2814_10",0.878919
"9166_4",0.044951
"6566_7",0.875753
"9352_10",0.499985
"8123_1",0.004939
"10825_3",0.006064
"3735_8",0.986776
"7595_2",0.000937
"4946_1",0.002990
"8327_9",0.998542
"5140_2",0.349826
"10986_1",0.001342
"7385_8",0.431549
"3722_1",0.001225
"9799_2",0.002807
"1288_8",0.964491
"8089_1",0.681015
"11279_4",0.969028
"4845_10",0.948308
"8354_8",0.979221
"1373_10",0.085782
"5431_7",0.990566
"1245_2",0.180973
"11429_7",0.994761
"11606_4",0.943451
"4192_10",0.416533
"3443_1",0.003827
"4957_2",0.135629
"4971_8",0.985576
"913_1",0.043850
"10311_10",0.997846
"10558_9",0.968948
"304_10",0.942107
"7499_9",0.944311
"6529_10",0.982362
"2069_10",0.988366
"1366_10",0.924278
"10303_3",0.011399
"4476_8",0.971683
"8032_10",0.998082
"8392_8",0.684260
"10158_9",0.995724
"10886_7",0.994454
"1789_2",0.003632
"3113_1",0.051145
"7713_1",0.001644
"2685_10",0.997617
"9760_10",0.901891
"12401_10",0.997748
"2489_10",0.989605
"6382_1",0.001543
"2352_2",0.000821
"9440_1",0.009459
"10695_10",0.989184
"7297_8",0.600805
"11703_4",0.040819
"4733_1",0.008998
"1769_4",0.752610
"12219_7",0.993447
"1725_1",0.005630
"1711_8",0.403886
"7466_8",0.981170
"6987_10",0.962212
"12351_1",0.001309
"4929_10",0.994523
"10281_4",0.031384
"11555_7",0.938201
"2075_9",0.224162
"755_10",0.950499
"11705_8",0.988595
"1434_10",0.997485
"6189_7",0.906367
"3645_7",0.929664
"2963_9",0.993492
"3487_9",0.996886
"6368_7",0.790725
"2240_1",0.861732
"10126_9",0.987922
"5366_1",0.158657
"8058_10",0.929874
"10746_8",0.792589
"4852_3",0.019456
"5371_7",0.425617
"303_2",0.045237
"7169_4",0.546230
"4284_3",0.144097
"7539_2",0.015355
"11410_1",0.484195
"4710_2",0.025097
"7660_1",0.016803
"10378_8",0.907819
"10580_10",0.994227
"4295_1",0.012713
"4433_1",0.011104
"6959_9",0.996917
"6769_4",0.732901
"11996_1",0.001420
"10341_7",0.895269
"2337_1",0.024747
"11119_8",0.924716
"4228_2",0.039903
"3680_1",0.040439
"11256_1",0.004675
"1884_7",0.760501
"4750_8",0.980258
"4890_3",0.954659
"7159_10",0.935554
"10622_1",0.025048
"11753_1",0.026870
"8352_10",0.997987
"2188_9",0.997743
"6913_9",0.996948
"9193_1",0.012192
"9572_4",0.870971
"5136_2",0.112332
"4799_2",0.190846
"5045_8",0.934089
"9538_1",0.006877
"1565_4",0.402746
"12134_7",0.958997
"1437_8",0.966302
"5319_9",0.998121
"3709_10",0.989755
"2642_8",0.993017
"11143_9",0.957512
"864_10",0.892523
"9283_3",0.012569
"5089_9",0.812813
"9917_10",0.950499
"3800_7",0.878737
"6074_7",0.978224
"6433_7",0.997701
"6715_1",0.009830
"594_1",0.009000
"2469_1",0.007505
"3155_1",0.695347
"7458_10",0.719844
"2020_1",0.001362
"6921_8",0.920486
"9662_7",0.994082
"9567_7",0.436073
"5187_1",0.187913
"6831_4",0.026801
"7829_4",0.068926
"3868_3",0.062285
"2224_10",0.890520
"12015_1",0.016667
"841_1",0.061292
"224_3",0.109782
"4805_9",0.980000
"7513_2",0.032226
"7065_3",0.003601
"6192_3",0.265047
"6075_10",0.988672
"10611_7",0.991135
"10471_10",0.992669
"4198_10",0.539238
"10756_7",0.708820
"11960_1",0.249400
"2885_9",0.994729
"6837_3",0.064005
"1917_2",0.081043
"7143_3",0.003140
"1762_10",0.584714
"12066_10",0.992150
"8410_7",0.595121
"10729_4",0.774059
"6967_3",0.136764
"734_7",0.645950
"1524_10",0.995096
"2479_9",0.837397
"130_4",0.001848
"201_9",0.994194
"6157_9",0.978458
"9362_2",0.011014
"3858_10",0.978372
"9895_10",0.995879
"9953_3",0.003553
"4667_7",0.462642
"1951_1",0.029301
"8724_8",0.981594
"2886_7",0.992966
"7491_10",0.995420
"10403_4",0.070403
"7362_10",0.761792
"9466_9",0.944285
"9079_7",0.982020
"10171_1",0.003794
"9511_9",0.729545
"8775_1",0.012083
"6462_2",0.292513
"3129_2",0.013632
"12461_1",0.000641
"8541_10",0.078270
"4241_7",0.978911
"6533_10",0.214553
"12131_2",0.086156
"11577_4",0.070212
"6063_3",0.002798
"1760_9",0.892500
"3396_1",0.305228
"5385_8",0.691880
"7212_2",0.013586
"3522_8",0.561810
"1397_10",0.155723
"387_8",0.992119
"4143_9",0.999638
"9483_2",0.043053
"3250_10",0.992086
"8758_4",0.020175
"7551_10",0.981474
"2068_1",0.081316
"9534_9",0.966487
"11561_8",0.935838
"3083_2",0.156458
"2973_1",0.243345
"6574_10",0.998340
"5442_2",0.006822
"6343_3",0.259724
"6723_1",0.029772
"6252_8",0.567488
"8465_1",0.005471
"1906_7",0.422065
"7492_7",0.988797
"5508_7",0.211114
"5936_8",0.538847
"5086_8",0.707143
"2134_7",0.440819
"8301_4",0.018035
"8423_2",0.003096
"6241_10",0.998052
"8550_4",0.097537
"3330_10",0.783136
"8825_8",0.994854
"8030_1",0.004930
"4884_4",0.289800
"8391_9",0.971820
"9776_1",0.026925
"1389_7",0.567328
"12224_4",0.206228
"2162_7",0.996819
"8490_10",0.998905
"12003_4",0.024099
"11043_3",0.029007
"7266_2",0.008579
"4480_10",0.216180
"11954_9",0.899400
"3280_2",0.006342
"8084_2",0.003614
"3913_4",0.544756
"7353_10",0.971124
"3161_10",0.955726
"3941_1",0.029724
"7992_9",0.995696
"10742_10",0.997514
"69_10",0.878709
"10415_3",0.020478
"4818_10",0.979205
"5563_10",0.806353
"7018_10",0.973089
"8873_4",0.127107
"10593_3",0.077970
"12251_3",0.266394
"731_4",0.064600
"1195_10",0.972781
"7337_1",0.084313
"2448_7",0.960372
"4444_2",0.073888
"9223_2",0.012027
"463_8",0.888992
"4335_4",0.012485
"9635_8",0.177588
"8738_4",0.346436
"6724_1",0.040584
"5504_1",0.001256
"10185_1",0.088901
"901_9",0.997282
"10452_8",0.998681
"8289_10",0.993753
"10112_1",0.005187
"9950_8",0.996874
"8644_4",0.155435
"11534_7",0.735249
"5708_4",0.146448
"6781_1",0.002889
"3582_10",0.964437
"4591_7",0.072704
"3327_1",0.072578
"9536_9",0.997124
"3047_2",0.033262
"2830_9",0.976542
"4300_1",0.039851
"4160_4",0.302242
"11783_10",0.978862
"6029_9",0.790336
"6907_2",0.079998
"691_2",0.020322
"585_1",0.700118
"11182_3",0.832929
"10433_2",0.008379
"11201_2",0.112513
"588_7",0.501748
"2522_10",0.957991
"7002_2",0.267241
"2059_10",0.990219
"4925_10",0.563597
"7791_9",0.997030
"6392_10",0.998343
"3305_7",0.995036
"11951_10",0.516731
"12167_1",0.001397
"5814_10",0.996908
"2590_10",0.865847
"10571_3",0.003383
"5452_4",0.108935
"6480_10",0.992469
"11050_8",0.991171
"11523_3",0.076656
"6556_8",0.984629
"597_9",0.994116
"4049_3",0.022772
"6652_8",0.997068
"5591_4",0.103664
"12295_1",0.004186
"11478_10",0.831137
"6436_1",0.007740
"2487_2",0.032196
"7520_7",0.982890
"5203_9",0.982705
"6162_10",0.997107
"3840_4",0.009126
"7471_10",0.999598
"5021_1",0.001185
"5593_10",0.883303
"7489_10",0.961566
"1208_10",0.927040
"11983_10",0.982422
"23_4",0.161589
"3622_7",0.008957
"7821_1",0.003677
"9726_3",0.000801
"2890_10",0.997573
"11695_4",0.380302
"3751_10",0.992814
"5136_8",0.995416
"8730_7",0.991198
"4341_7",0.063136
"9148_3",0.007451
"6385_3",0.084033
"8560_8",0.293754
"766_2",0.003440
"8847_10",0.955568
"7455_1",0.001288
"3187_8",0.485351
"9683_1",0.010791
"7744_10",0.963446
"11136_10",0.968872
"214_1",0.017522
"2105_9",0.996924
"1265_10",0.996681
"9122_2",0.568109
"9296_10",0.901707
"8107_2",0.266522
"8134_2",0.004918
"3788_10",0.996516
"2429_10",0.975390
"8567_1",0.018488
"7400_10",0.671068
"1789_7",0.591895
"11098_2",0.004708
"918_10",0.184706
"3389_10",0.908095
"3754_1",0.118435
"8807_9",0.895924
"7900_9",0.998575
"6541_1",0.712697
"981_1",0.090637
"2142_9",0.994809
"1639_1",0.003920
"4162_1",0.001031
"2476_10",0.913114
"9941_4",0.731383
"4020_3",0.003118
"6823_4",0.501327
"6236_2",0.012335
"7793_4",0.214974
"7431_9",0.997247
"6864_7",0.852926
"184_9",0.980880
"735_7",0.235443
"1673_8",0.996121
"6209_1",0.004977
"4167_10",0.987839
"7854_1",0.122795
"6281_7",0.994356
"3045_1",0.004118
"598_9",0.934874
"5411_10",0.996378
"3781_4",0.005771
"10627_2",0.037331
"11283_2",0.068473
"4594_8",0.697526
"12424_7",0.354576
"6705_8",0.984711
"5274_8",0.627332
"2107_7",0.728121
"10685_7",0.908598
"1992_10",0.803545
"6711_1",0.007652
"1899_10",0.935422
"6307_9",0.998097
"5702_10",0.966820
"6865_7",0.989826
"5047_10",0.980118
"2762_8",0.900484
"2830_4",0.061896
"9305_7",0.979913
"4358_1",0.003627
"7558_10",0.989382
"8607_10",0.881157
"4599_9",0.802335
"5267_4",0.034657
"5667_10",0.887977
"10108_8",0.996140
"8432_3",0.333304
"845_2",0.169916
"552_2",0.520627
"169_7",0.955075
"12311_1",0.067374
"5884_3",0.182435
"2938_4",0.069537
"11378_7",0.629095
"7337_10",0.995856
"4378_7",0.993174
"4660_10",0.993673
"2461_4",0.059834
"7011_10",0.997273
"9907_2",0.003020
"6134_2",0.034435
"1548_1",0.011101
"157_3",0.107679
"2189_2",0.103875
"9021_3",0.172624
"7699_1",0.000727
"9298_1",0.002818
"539_3",0.349321
"10243_2",0.009992
"8659_9",0.925021
"10748_8",0.946515
"6757_4",0.080499
"7196_8",0.765969
"2579_9",0.988600
"5896_10",0.889305
"2308_9",0.964293
"12318_1",0.325653
"12244_4",0.027397
"10131_7",0.984211
"3608_4",0.553240
"10891_10",0.994657
"10517_10",0.998581
"2180_8",0.988924
"2498_7",0.967629
"3382_1",0.009785
"12196_4",0.066245
"7079_3",0.123418
"562_8",0.308877
"984_3",0.914274
"7756_10",0.979465
"11553_1",0.029345
"1880_4",0.234508
"9842_7",0.685353
"795_3",0.045992
"11707_10",0.980326
"8457_9",0.954494
"2483_4",0.073679
"4903_3",0.312324
"12223_2",0.000969
"8418_2",0.005736
"6194_10",0.998506
"3214_10",0.998929
"12208_3",0.009954
"7001_10",0.993619
"8533_8",0.884246
"8236_4",0.034589
"2867_1",0.003021
"7876_9",0.808182
"9640_8",0.998644
"11866_3",0.023203
"4262_4",0.110724
"5711_4",0.794985
"214_9",0.919346
"9641_4",0.100197
"9086_9",0.994352
"12088_2",0.001179
"76_8",0.996894
"1537_10",0.856939
"10510_2",0.004646
"778_1",0.005276
"458_9",0.984532
"12472_1",0.012691
"7914_1",0.760842
"8595_10",0.998803
"7741_4",0.124250
"9056_4",0.002110
"538_4",0.955776
"12049_4",0.757310
"9613_8",0.963654
"7051_4",0.311178
"2549_7",0.981479
"12139_3",0.011053
"4006_7",0.323259
"11662_10",0.888829
"497_2",0.007209
"5556_2",0.172924
"8287_10",0.973418
"4712_9",0.989008
"8237_1",0.015477
"4466_9",0.981276
"4141_1",0.005904
"3303_10",0.928422
"5384_2",0.013289
"8494_1",0.013638
"5127_2",0.023238
"6961_9",0.974226
"10856_1",0.015517
"9421_7",0.994357
"3776_10",0.984706
"5958_1",0.004760
"6227_8",0.942798
"10991_1",0.068133
"7996_10",0.996388
"12372_9",0.940572
"1460_2",0.155908
"10183_1",0.001278
"2829_4",0.005647
"9797_4",0.004688
"2988_3",0.004460
"3974_3",0.094808
"11419_4",0.033427
"11472_7",0.219720
"8489_7",0.643553
"11938_4",0.005394
"1057_8",0.991716
"7213_1",0.010202
"2615_10",0.611393
"3101_1",0.002295
"7553_1",0.004153
"10258_1",0.005721
"8551_10",0.988779
"11233_4",0.008615
"2996_4",0.733311
"8670_3",0.207238
"10586_9",0.987401
"501_10",0.998353
"11398_9",0.998747
"9223_8",0.984605
"5432_9",0.477044
"7517_10",0.953865
"11616_7",0.913550
"5055_2",0.004099
"9285_1",0.016251
"5175_1",0.007625
"872_1",0.001171
"8890_7",0.604658
"178_2",0.002516
"10660_4",0.084919
"11461_4",0.146191
"9461_8",0.658179
"3992_3",0.002529
"1173_1",0.001993
"8261_10",0.855088
"10007_4",0.010129
"10751_10",0.877903
"5021_8",0.996486
"10553_7",0.660703
"12464_8",0.998403
"8616_8",0.990521
"9697_1",0.004347
"2800_1",0.012094
"521_1",0.001797
"7535_10",0.505757
"4352_9",0.364043
"2246_10",0.635280
"7039_4",0.005755
"10344_4",0.674567
"12195_10",0.999317
"3671_4",0.359824
"1767_2",0.059147
"6536_1",0.026048
"8951_1",0.097827
"12462_9",0.992319
"8489_2",0.061272
"11884_10",0.997577
"8602_1",0.189538
"9229_1",0.033158
"10611_3",0.003763
"6764_4",0.713600
"2612_1",0.040195
"213_3",0.075182
"1987_2",0.009430
"3082_9",0.986686
"10504_7",0.828178
"8862_9",0.972254
"5512_10",0.962375
"3198_10",0.906795
"11521_1",0.000997
"9841_8",0.311186
"1781_10",0.927871
"8389_1",0.041203
"10225_1",0.035842
"1403_4",0.022989
"3792_8",0.995308
"4361_9",0.981897
"6579_7",0.911290
"3891_2",0.131782
"10782_8",0.978289
"12290_2",0.287124
"1710_1",0.122090
"5507_7",0.481219
"10523_1",0.159595
"6722_10",0.009082
"3401_10",0.998284
"8079_1",0.035569
"5650_10",0.858228
"1843_4",0.032862
"8228_7",0.835683
"1138_8",0.929470
"7943_9",0.544533
"2219_4",0.009634
"11675_4",0.246402
"7748_9",0.982129
"3859_1",0.003520
"1497_1",0.002045
"2115_10",0.961897
"9622_4",0.016563
"9482_10",0.991416
"9084_2",0.008451
"2744_1",0.043608
"6599_3",0.286150
"10991_10",0.804433
"8444_9",0.979627
"1362_3",0.068864
"6820_10",0.996332
"10806_3",0.298180
"5509_3",0.019014
"1939_8",0.522310
"498_1",0.004891
"12238_10",0.001692
"4154_4",0.155785
"11557_1",0.016117
"6658_7",0.974052
"1183_2",0.074844
"3764_10",0.653075
"12421_3",0.100034
"8166_1",0.163061
"88_10",0.996757
"6291_7",0.201470
"4637_2",0.029183
"4194_10",0.938298
"9020_10",0.571997
"9749_8",0.705274
"3308_1",0.001318
"2569_9",0.997496
"9696_8",0.653808
"8680_1",0.002465
"10469_3",0.006439
"6208_1",0.012387
"9862_3",0.838396
"7663_10",0.992428
"811_10",0.988945
"5452_8",0.660194
"4347_10",0.989289
"10922_8",0.980767
"10466_3",0.018260
"11650_8",0.981741
"5126_4",0.040795
"3454_8",0.984754
"11021_10",0.989555
"1160_1",0.014287
"1948_10",0.998911
"8741_10",0.810430
"8996_4",0.550116
"11572_2",0.136188
"2183_7",0.676665
"1779_9",0.264262
"5466_10",0.997996
"1756_1",0.002023
"7777_3",0.327746
"429_3",0.101750
"1736_10",0.978446
"1746_10",0.970323
"7613_8",0.942286
"4315_10",0.645301
"12186_10",0.882808
"4231_8",0.990880
"659_8",0.992827
"7739_10",0.997544
"43_10",0.996775
"2960_4",0.050799
"11665_4",0.009433
"4399_9",0.997304
"6993_8",0.306462
"6523_10",0.989987
"7068_1",0.002663
"3005_1",0.082398
"10419_8",0.998585
"3160_2",0.202238
"1881_10",0.472597
"5623_10",0.598721
"2263_10",0.998925
"5736_8",0.992358
"550_3",0.020392
"368_4",0.086364
"9100_10",0.995617
"930_3",0.038795
"866_10",0.966287
"11251_7",0.997725
"10708_9",0.486619
"247_2",0.084266
"4080_10",0.986556
"2104_10",0.999364
"8_2",0.013339
"1485_3",0.016787
"3133_1",0.637274
"331_10",0.765761
"12213_1",0.010175
"2825_3",0.015072
"8316_3",0.119269
"11102_3",0.039723
"9719_1",0.154464
"1951_7",0.997124
"10577_1",0.002024
"9941_9",0.999643
"12246_1",0.014437
"7579_4",0.272173
"7111_7",0.979322
"1068_3",0.024212
"1872_4",0.591298
"834_4",0.704890
"12088_7",0.851997
"7785_3",0.285668
"7364_10",0.957057
"4441_2",0.058949
"3957_10",0.994507
"7789_1",0.001867
"3296_1",0.021929
"6656_8",0.498780
"7366_2",0.064238
"10579_10",0.984942
"1292_8",0.637242
"3172_10",0.950644
"4948_10",0.999782
"8690_3",0.006196
"3279_1",0.001325
"7221_3",0.539000
"6376_2",0.016552
"4901_4",0.026806
"1591_10",0.982331
"2905_4",0.568716
"8656_7",0.687015
"10100_3",0.685764
"6918_10",0.948955
"7105_8",0.356088
"8220_10",0.945399
"916_3",0.017243
"7831_8",0.007033
"11118_10",0.998749
"7993_10",0.961789
"2665_3",0.033884
"1680_2",0.003020
"632_8",0.993366
"5838_10",0.998140
"4039_9",0.992306
"309_3",0.034036
"6715_7",0.500719
"9130_4",0.380426
"722_10",0.495510
"9485_3",0.030006
"5421_9",0.622735
"2053_4",0.003277
"8824_4",0.029221
"906_4",0.753472
"4325_4",0.623182
"3131_1",0.049322
"4732_10",0.198782
"7628_1",0.022009
"3903_8",0.977576
"2781_7",0.605188
"2530_1",0.012341
"8740_9",0.968792
"9456_4",0.049740
"8705_10",0.831295
"9894_4",0.037562
"7573_10",0.993649
"117_1",0.003181
"1578_7",0.101225
"2822_9",0.650418
"2544_10",0.980242
"10988_10",0.832996
"9846_3",0.007700
"6242_3",0.281705
"5626_3",0.203441
"4053_9",0.980711
"10157_8",0.842210
"10582_2",0.115061
"11091_1",0.010590
"10436_8",0.925765
"3432_8",0.996283
"3007_3",0.760605
"11467_4",0.054649
"9877_8",0.156932
"4839_1",0.033177
"2766_3",0.259755
"11528_9",0.978708
"4327_1",0.001736
"8087_10",0.739169
"3394_10",0.997605
"4690_4",0.171934
"11642_8",0.886035
"2603_1",0.109987
"9578_8",0.637787
"8316_10",0.903099
"8184_9",0.996766
"9764_10",0.992161
"3248_2",0.004872
"5784_3",0.019073
"3686_1",0.002051
"10901_10",0.943445
"606_9",0.711860
"6887_1",0.043714
"4240_4",0.631594
"977_9",0.745362
"2232_7",0.791490
"4107_8",0.995579
"11897_10",0.997324
"10418_8",0.997010
"5274_1",0.038586
"5978_10",0.987485
"6781_7",0.491147
"6704_10",0.922509
"8290_4",0.135202
"9826_8",0.846329
"10066_1",0.004745
"1135_1",0.009476
"6683_9",0.959784
"9991_8",0.995936
"1710_10",0.961614
"4774_2",0.011081
"3621_2",0.139781
"9258_1",0.019756
"12244_8",0.997750
"401_1",0.003376
"11869_10",0.998455
"3092_3",0.460947
"2910_7",0.996020
"961_1",0.016960
"6927_7",0.611964
"4819_2",0.006197
"658_7",0.716940
"5477_2",0.003911
"7766_1",0.004534
"4159_3",0.049835
"5010_10",0.985526
"11093_3",0.000780
"7287_10",0.999237
"3462_9",0.879979
"1652_1",0.002789
"12077_2",0.176122
"3798_10",0.839371
"2696_10",0.946062
"2803_8",0.997537
"11941_2",0.010194
"8090_8",0.970442
"6994_4",0.494877
"1242_7",0.857096
"8828_9",0.703636
"1346_1",0.004126
"468_1",0.026631
"3665_4",0.164071
"4476_4",0.036144
"6043_9",0.819565
"5830_3",0.001175
"3159_10",0.980801
"6975_1",0.848599
"7338_1",0.003076
"1424_10",0.836280
"6487_7",0.993558
"3023_7",0.506823
"4749_3",0.003248
"4596_3",0.689784
"4681_8",0.974403
"4235_1",0.014845
"2912_8",0.941683
"6552_1",0.004207
"4329_1",0.030220
"3876_1",0.177247
"9168_9",0.910364
"8747_10",0.829388
"11842_10",0.991524
"5612_10",0.738140
"10371_8",0.924622
"4804_7",0.976703
"4914_7",0.759229
"2520_3",0.006205
"8053_3",0.001841
"11302_4",0.045210
"4766_1",0.175792
"1820_4",0.066122
"4668_1",0.011923
"3521_2",0.002618
"3467_7",0.994922
"1885_4",0.019780
"4206_1",0.036782
"2774_10",0.939456
"12060_1",0.018842
"5664_10",0.908731
"7078_10",0.995938
"4797_8",0.980786
"2735_3",0.001864
"7981_4",0.241263
"10440_7",0.992824
"11611_7",0.996805
"5553_1",0.043700
"12415_2",0.489087
"10807_3",0.011828
"5539_1",0.559627
"9489_10",0.980929
"11053_10",0.996655
"7493_10",0.988276
"10400_4",0.257437
"9856_10",0.989354
"6813_10",0.525366
"679_10",0.875444
"7502_3",0.017138
"3842_7",0.895742
"7800_10",0.998516
"4253_9",0.252525
"2103_1",0.061042
"9581_3",0.432076
"7335_10",0.102805
"3304_8",0.619354
"12276_3",0.069262
"5451_3",0.106868
"1873_3",0.049490
"5857_7",0.514246
"5423_10",0.966725
"6400_10",0.982042
"6419_3",0.016459
"3775_4",0.123831
"5165_8",0.674821
"6555_1",0.002940
"3806_4",0.022999
"8584_7",0.993829
"5390_7",0.580314
"10965_1",0.002742
"6680_9",0.994146
"5034_1",0.640296
"7718_2",0.009020
"2688_4",0.977072
"9107_2",0.075950
"5993_1",0.006344
"7456_10",0.973787
"8581_8",0.929016
"8852_3",0.253814
"4239_10",0.992994
"9012_10",0.815001
"6661_9",0.991455
"6786_10",0.476535
"12257_3",0.026712
"8700_8",0.993359
"8848_8",0.950875
"11377_4",0.029366
"4722_2",0.025491
"8546_9",0.847796
"3091_4",0.004772
"4124_7",0.264493
"10860_10",0.996918
"2684_10",0.984812
"4968_10",0.998764
"10785_4",0.101625
"4871_8",0.916972
"1064_8",0.999520
"9452_2",0.000767
"9965_1",0.007333
"1358_10",0.989052
"12094_10",0.898193
"415_10",0.719752
"8308_10",0.044519
"11112_9",0.959624
"6271_4",0.008778
"7324_8",0.724709
"7950_8",0.960109
"8880_3",0.010623
"5610_7",0.920654
"3918_8",0.979321
"7209_2",0.011969
"4916_10",0.202084
"6782_3",0.150278
"5607_3",0.028702
"5492_10",0.994378
"2824_3",0.015833
"1533_10",0.986165
"9663_9",0.987668
"11087_3",0.028940
"3360_1",0.025326
"12040_1",0.403697
"329_10",0.997235
"4819_7",0.801413
"11985_8",0.892460
"6491_4",0.044721
"7151_10",0.992809
"6807_10",0.992994
"3353_10",0.979127
"3592_10",0.971634
"928_10",0.148578
"3100_7",0.562549
"7390_3",0.002390
"8466_8",0.187741
"777_10",0.987758
"10007_10",0.987235
"7673_1",0.003022
"8255_1",0.987452
"3734_8",0.992428
"6217_10",0.452927
"2264_1",0.209874
"7637_7",0.992371
"3494_3",0.193709
"1012_1",0.403194
"9796_2",0.028064
"444_2",0.000457
"10968_8",0.969657
"8328_10",0.957954
"2417_8",0.981764
"253_3",0.135017
"3740_8",0.985986
"5904_3",0.337293
"6664_8",0.852726
"12027_1",0.000551
"8658_10",0.693704
"4505_1",0.060967
"1008_10",0.491952
"7922_3",0.022119
"655_10",0.942335
"6383_10",0.983656
"5868_1",0.010080
"7827_10",0.968191
"722_3",0.105711
"3933_4",0.018066
"1358_3",0.037181
"8939_8",0.988426
"9502_10",0.996900
"4798_9",0.926342
"7088_3",0.112633
"9904_3",0.003974
"11214_2",0.002105
"11293_8",0.221644
"11924_10",0.993107
"6168_8",0.992577
"4329_10",0.994606
"10345_3",0.028102
"5512_3",0.663511
"1291_1",0.003837
"7568_3",0.012530
"2747_4",0.013562
"7484_1",0.000747
"3915_2",0.008922
"8527_4",0.010980
"4686_10",0.911059
"6909_1",0.025767
"10587_10",0.908926
"9167_8",0.995944
"4739_4",0.054290
"6266_4",0.083538
"6155_10",0.998897
"11409_9",0.866629
"3874_7",0.199155
"7049_3",0.337837
"11158_2",0.010178
"5714_10",0.990424
"11248_1",0.001160
"8854_3",0.682903
"3191_4",0.067489
"5537_7",0.813820
"4919_7",0.987284
"8109_9",0.998054
"7476_4",0.007903
"5890_10",0.998534
"5837_10",0.998940
"2623_9",0.991900
"5033_1",0.134110
"12055_8",0.988726
"8420_4",0.020848
"5854_10",0.998831
"9631_7",0.957481
"11705_3",0.043095
"3869_7",0.974271
"10836_9",0.987741
"7027_1",0.018550
"55_4",0.013452
"11124_8",0.971510
"3533_3",0.003907
"1552_10",0.996043
"11307_1",0.003684
"11974_7",0.311289
"7246_3",0.010256
"10648_3",0.159671
"11991_10",0.055095
"10494_8",0.733880
"8109_1",0.019224
"4764_1",0.003999
"3527_1",0.069761
"4059_9",0.974705
"3729_4",0.000883
"5073_4",0.820219
"4984_9",0.998001
"2371_10",0.983087
"9597_10",0.929127
"10823_9",0.989636
"3123_10",0.847780
"2951_10",0.984744
"9800_1",0.029852
"1824_3",0.304847
"6238_2",0.648294
"8830_9",0.676635
"12355_8",0.964091
"4002_10",0.995643
"405_10",0.657752
"4314_1",0.564057
"9201_10",0.999014
"10466_8",0.919475
"3736_2",0.001878
"1641_10",0.999727
"3381_1",0.033886
"11711_9",0.987764
"4970_3",0.982928
"6958_10",0.979484
"646_9",0.996678
"3590_9",0.966662
"7218_9",0.985169
"5091_10",0.996858
"8820_2",0.915578
"3938_8",0.946145
"2616_10",0.211030
"7808_1",0.061785
"3508_10",0.975243
"8974_8",0.978623
"4383_4",0.824843
"6360_4",0.018116
"2759_8",0.996144
"7417_1",0.003826
"10880_1",0.004392
"5488_2",0.009715
"8015_9",0.567463
"6484_3",0.012286
"10117_1",0.001218
"11363_1",0.005145
"3334_7",0.997455
"3369_7",0.830800
"9609_1",0.004968
"8396_10",0.616082
"8267_10",0.882607
"10335_7",0.867238
"1973_4",0.012951
"7123_10",0.951929
"6949_9",0.999309
"10652_4",0.077664
"10256_4",0.002132
"4557_9",0.998058
"8929_1",0.118681
"2429_1",0.060503
"3994_1",0.137180
"11454_7",0.014473
"11874_4",0.070847
"4891_3",0.003132
"2216_7",0.697607
"2039_4",0.035208
"505_1",0.033277
"313_1",0.005124
"3383_2",0.002510
"9453_7",0.075961
"426_9",0.006172
"311_10",0.998391
"11291_10",0.981388
"835_8",0.939005
"2143_9",0.804569
"8200_2",0.109130
"11716_2",0.993854
"3786_2",0.046123
"3818_4",0.017987
"12106_1",0.003100
"2605_4",0.060673
"10518_7",0.736640
"3932_8",0.562586
"7515_4",0.018398
"9857_10",0.972807
"449_3",0.585101
"3573_9",0.993447
"10198_8",0.052525
"2286_9",0.976595
"6906_3",0.030005
"3807_2",0.219211
"11602_8",0.971363
"10201_7",0.923769
"8717_8",0.976414
"10411_10",0.993646
"11099_3",0.036353
"5619_10",0.680136
"9252_10",0.780486
"6097_10",0.997584
"6467_1",0.290306
"2757_2",0.437623
"1869_10",0.996167
"5192_2",0.188037
"11399_10",0.951131
"898_3",0.225874
"6820_2",0.675780
"768_2",0.014308
"1783_10",0.953976
"8102_9",0.977826
"7818_2",0.025415
"2444_10",0.936700
"3965_4",0.006640
"7086_4",0.529646
"10556_3",0.039462
"5221_1",0.445517
"4322_10",0.994421
"7371_1",0.021543
"1318_8",0.997297
"8142_3",0.036426
"3413_10",0.952639
"3845_9",0.961686
"7323_1",0.005396
"5273_3",0.014505
"11812_4",0.609621
"5737_7",0.848909
"7260_2",0.300525
"5018_3",0.132836
"7779_10",0.985204
"894_7",0.053721
"11940_3",0.040172
"2471_7",0.559292
"6605_10",0.766209
"282_10",0.853589
"12402_3",0.047041
"7974_1",0.020743
"12280_7",0.998109
"10917_2",0.006817
"12164_1",0.000415
"3181_1",0.020203
"11240_1",0.105140
"11255_9",0.984927
"2318_2",0.098490
"4976_7",0.845656
"1822_8",0.996589
"11724_7",0.861735
"3499_3",0.298373
"9439_9",0.455821
"5469_10",0.980867
"7612_9",0.996978
"3947_8",0.995934
"11269_1",0.007196
"5771_8",0.841817
"4461_8",0.946848
"5683_9",0.834617
"639_1",0.007640
"9896_3",0.335127
"5131_8",0.605513
"5961_3",0.013590
"5741_2",0.032851
"6418_4",0.642945
"5416_1",0.009517
"3114_7",0.993638
"3587_3",0.055016
"5472_10",0.990783
"9802_9",0.889354
"4313_3",0.730370
"2921_7",0.996678
"11468_8",0.985621
"12250_10",0.990088
"3481_10",0.979371
"2067_2",0.003053
"8574_4",0.128316
"861_9",0.813950
"10381_2",0.020468
"5479_1",0.855587
"1107_9",0.969170
"4475_1",0.000812
"469_2",0.109924
"605_4",0.143010
"2182_1",0.029087
"9401_7",0.943787
"2518_8",0.974192
"5329_8",0.713096
"3202_1",0.042039
"256_4",0.365971
"7235_3",0.024950
"4661_3",0.890050
"11045_1",0.003530
"1417_4",0.745212
"4186_10",0.784706
"985_4",0.583925
"6553_1",0.001264
"3118_1",0.002850
"3297_1",0.021383
"5843_10",0.926638
"7645_7",0.970147
"11958_1",0.065085
"10823_3",0.643012
"5097_4",0.064865
"4344_10",0.995074
"5442_8",0.946787
"11969_10",0.215948
"7015_10",0.996237
"1419_4",0.868508
"914_1",0.002537
"11911_8",0.052372
"5930_8",0.745840
"3853_10",0.998389
"9404_1",0.008235
"207_9",0.988571
"2018_1",0.419935
"11192_7",0.981479
"6679_4",0.112880
"1184_3",0.009767
"3291_10",0.997140
"12323_9",0.995962
"7524_1",0.006452
"443_8",0.997119
"7964_1",0.010053
"730_1",0.003064
"8969_7",0.958701
"8581_3",0.154282
"12152_4",0.011539
"4528_10",0.844203
"5984_2",0.038234
"4446_10",0.947529
"7039_8",0.934514
"591_8",0.662388
"6869_7",0.925849
"1836_7",0.993147
"4183_10",0.987155
"8590_1",0.011185
"5647_10",0.594271
"11076_10",0.991304
"11241_1",0.086652
"876_10",0.994891
"8390_1",0.014120
"1462_9",0.910901
"8362_7",0.647639
"3400_1",0.012278
"2318_8",0.994279
"5389_4",0.774634
"8617_4",0.032336
"9200_10",0.980705
"8878_10",0.997092
"12110_1",0.829764
"9101_10",0.976965
"4967_3",0.026297
"12436_1",0.017993
"8845_4",0.018152
"3420_4",0.198727
"7428_7",0.997765
"11769_10",0.985549
"7025_1",0.457608
"1561_10",0.776097
"3704_1",0.082733
"3529_8",0.419062
"12234_4",0.073596
"10600_3",0.034045
"1028_4",0.865004
"6764_10",0.994152
"1815_2",0.166779
"10953_4",0.008255
"2809_7",0.976460
"8393_10",0.993870
"2743_1",0.520391
"10711_10",0.995800
"6173_10",0.997958
"9664_7",0.597808
"6335_3",0.401874
"1665_4",0.012901
"4174_10",0.994515
"2038_1",0.567610
"3717_10",0.801626
"9361_10",0.957053
"415_1",0.087445
"1460_9",0.979242
"5915_4",0.925148
"7187_3",0.108926
"11050_1",0.002902
"8822_10",0.746942
"12407_1",0.025898
"4543_2",0.002615
"10560_9",0.999695
"9108_10",0.995773
"2999_9",0.897493
"1703_7",0.993178
"206_2",0.025481
"2095_3",0.012668
"6454_8",0.967586
"2773_1",0.001515
"6252_1",0.001578
"2848_7",0.788786
"6887_10",0.994151
"8660_1",0.021587
"1675_9",0.981744
"9842_1",0.008333
"9118_10",0.992871
"5793_4",0.039687
"941_10",0.989175
"8832_1",0.334836
"7584_3",0.754060
"9746_10",0.975294
"1965_10",0.767164
"5346_10",0.995189
"9738_4",0.442440
"5905_9",0.997107
"336_1",0.040842
"5621_1",0.012878
"5976_10",0.989894
"3000_8",0.982056
"5172_7",0.910835
"311_3",0.006332
"2035_4",0.096514
"6084_10",0.995516
"7284_9",0.989081
"6449_8",0.977723
"8671_3",0.020392
"636_9",0.975386
"11330_8",0.986889
"1300_1",0.198679
"11538_1",0.022949
"5159_3",0.566798
"3742_9",0.996178
"11281_9",0.728884
"4128_1",0.821137
"4382_7",0.880775
"862_3",0.191900
"5941_8",0.872971
"8576_3",0.287841
"10570_1",0.003661
"10682_3",0.229506
"12497_10",0.950874
"2026_7",0.990803
"9657_10",0.998641
"999_8",0.976815
"1664_2",0.101238
"1795_8",0.618193
"4280_4",0.220858
"952_10",0.988869
"4725_7",0.976655
"8162_2",0.000531
"10062_9",0.578659
"4719_10",0.996709
"10388_4",0.100200
"6183_9",0.950935
"3703_8",0.999652
"11259_4",0.105711
"8578_8",0.995726
"12040_9",0.997715
"6500_7",0.962075
"3473_10",0.976984
"11784_4",0.009338
"613_10",0.983789
"4631_1",0.025879
"2426_10",0.579762
"7088_7",0.993402
"5851_7",0.979993
"3904_2",0.001755
"1329_7",0.076322
"2160_7",0.012530
"4796_10",0.990009
"8760_1",0.528500
"7859_8",0.855614
"4251_10",0.863487
"8143_4",0.065082
"11713_9",0.987549
"5037_10",0.960184
"9621_7",0.993667
"2600_10",0.969286
"2027_1",0.014548
"8225_1",0.009887
"12463_10",0.269794
"7842_8",0.929120
"4768_2",0.215460
"2644_1",0.001862
"4193_7",0.886743
"5150_7",0.933382
"5942_7",0.945463
"8293_1",0.006555
"6046_10",0.379472
"12148_9",0.991733
"966_10",0.383269
"6428_8",0.976794
"12465_2",0.004701
"342_10",0.036915
"9246_4",0.010400
"8683_4",0.221548
"627_7",0.404966
"5614_4",0.107298
"4546_3",0.054661
"4384_1",0.001896
"3144_1",0.011490
"9530_10",0.494910
"10558_4",0.036508
"619_1",0.004521
"11594_9",0.980792
"6511_7",0.967822
"8351_7",0.985891
"9163_3",0.016955
"12078_1",0.010085
"5489_8",0.960603
"4191_1",0.002257
"2373_10",0.415317
"8664_4",0.843091
"4556_2",0.458873
"9004_8",0.998061
"1357_4",0.031817
"152_10",0.994348
"2977_1",0.001097
"8812_1",0.030627
"8544_4",0.002416
"4821_2",0.024773
"7874_8",0.293722
"1689_1",0.011355
"9654_1",0.042683
"9363_2",0.061184
"8959_1",0.127181
"6113_1",0.601773
"10702_1",0.320717
"1839_4",0.010511
"10587_1",0.030613
"11715_3",0.981481
"12252_8",0.998521
"9480_3",0.001056
"6438_1",0.157728
"3762_9",0.980456
"5350_10",0.997619
"3927_9",0.610901
"9598_2",0.695569
"3930_3",0.001111
"6647_1",0.026466
"9251_10",0.956631
"5926_2",0.053172
"11530_8",0.997520
"1625_3",0.431520
"10515_8",0.910257
"11185_10",0.974109
"8675_10",0.989531
"3701_1",0.032838
"9222_10",0.986664
"6253_10",0.969982
"4657_7",0.816939
"10013_9",0.979543
"4938_10",0.999252
"3073_10",0.905103
"9081_8",0.998186
"6928_8",0.808837
"217_3",0.004499
"2927_3",0.224138
"2379_1",0.005485
"10476_2",0.486568
"8640_10",0.981888
"2810_3",0.017109
"6433_1",0.072524
"6390_10",0.521344
"11829_8",0.988375
"7581_10",0.858061
"11836_3",0.002595
"2794_1",0.015144
"5263_1",0.013978
"1041_10",0.993882
"7296_1",0.509507
"10557_8",0.983517
"5339_9",0.832513
"4766_8",0.997715
"8126_3",0.324715
"9876_2",0.001204
"2443_4",0.002128
"10179_10",0.903672
"6211_3",0.020640
"925_10",0.980116
"5050_8",0.996686
"1891_10",0.979222
"4767_3",0.098417
"11625_10",0.996150
"3388_2",0.004580
"4908_3",0.019061
"11205_9",0.983560
"2228_10",0.989244
"11236_1",0.041988
"2367_10",0.548201
"5060_3",0.022283
"3292_1",0.015960
"11282_2",0.213947
"5307_10",0.999736
"6963_4",0.022237
"1319_10",0.994484
"9660_1",0.043049
"7254_9",0.998175
"9441_10",0.995817
"3838_4",0.082248
"6209_8",0.936868
"3049_9",0.833007
"3033_4",0.335045
"784_4",0.001956
"3921_3",0.049285
"9196_8",0.994470
"7652_3",0.995480
"11650_1",0.030831
"1548_10",0.827263
"10770_7",0.968085
"3283_9",0.984362
"1567_1",0.007232
"10405_4",0.208012
"6980_1",0.002149
"12218_4",0.420296
"5250_10",0.998966
"11977_10",0.987425
"10602_2",0.003169
"11178_10",0.938800
"9590_10",0.673578
"1260_10",0.997261
"8367_10",0.996645
"2571_7",0.920761
"7422_1",0.004283
"5486_7",0.287292
"2282_8",0.951349
"6119_2",0.019466
"1433_8",0.997143
"12365_4",0.005024
"10535_3",0.394106
"5464_1",0.048955
"9983_7",0.944880
"10209_7",0.804927
"3777_1",0.173901
"12443_10",0.936351
"1488_4",0.887556
"8670_9",0.868121
"1258_10",0.852516
"9_7",0.943630
"12175_9",0.940658
"211_10",0.928818
"6329_7",0.750566
"8866_10",0.907834
"5911_9",0.991572
"6100_1",0.001690
"6342_9",0.752229
"5455_4",0.548599
"1215_1",0.022154
"11020_3",0.008251
"7975_1",0.036572
"6720_2",0.000745
"8986_10",0.997814
"4874_9",0.267085
"7204_1",0.006382
"2612_10",0.276340
"6923_9",0.995326
"5742_10",0.974168
"5044_3",0.004435
"5013_9",0.869455
"9752_8",0.974774
"1112_8",0.981251
"10925_8",0.991821
"7012_4",0.046910
"11484_10",0.979464
"883_4",0.507740
"2398_10",0.998975
"8990_8",0.461408
"1194_10",0.998079
"2313_1",0.196523
"9584_1",0.001114
"11638_10",0.984957
"5995_3",0.539000
"4456_10",0.999747
"321_1",0.693889
"7147_1",0.294881
"10212_4",0.068273
"7960_10",0.978375
"8022_7",0.696415
"11649_9",0.898986
"8442_8",0.820409
"8976_1",0.252399
"9199_10",0.994052
"8925_10",0.943659
"3079_2",0.007681
"7727_10",0.998631
"2338_1",0.072232
"3221_2",0.000819
"288_7",0.021119
"7150_10",0.839744
"7520_1",0.022746
"11477_10",0.639684
"7765_9",0.998722
"10062_4",0.136411
"10616_10",0.897954
"10592_8",0.336467
"6745_4",0.631235
"7912_2",0.021333
"1130_8",0.980948
"11096_4",0.880377
"10081_1",0.064863
"3808_10",0.991933
"394_4",0.172423
"7080_3",0.073384
"4479_10",0.948378
"11417_7",0.622737
"8402_3",0.064521
"6669_9",0.419335
"1494_10",0.994000
"7980_3",0.206176
"11366_10",0.670946
"7566_1",0.006889
"3778_1",0.513151
"317_2",0.052850
"8475_7",0.901835
"11012_2",0.041205
"11936_4",0.086479
"145_9",0.941981
"11427_1",0.008016
"2204_1",0.031597
"3373_8",0.802016
"4640_4",0.989059
"521_7",0.542958
"2871_2",0.513639
"9823_8",0.796859
"5893_1",0.259316
"8541_2",0.009305
"3403_3",0.010530
"8660_9",0.932580
"7046_3",0.006941
"338_1",0.004787
"9541_1",0.053160
"12179_7",0.744428
"9663_3",0.071258
"6948_3",0.003742
"10308_10",0.801961
"11027_10",0.903946
"6174_3",0.001996
"10151_8",0.724407
"10665_1",0.253495
"6453_2",0.161219
"3619_2",0.005544
"3114_1",0.003645
"1309_2",0.000691
"8468_1",0.011962
"8292_10",0.990146
"1955_1",0.021026
"4498_9",0.978898
"8075_9",0.867946
"10528_8",0.989546
"253_10",0.996511
"9467_4",0.605541
"4018_10",0.998477
"2644_10",0.967336
"7240_7",0.974005
"10929_7",0.985606
"9743_10",0.949062
"4641_3",0.019898
"5711_10",0.915992
"4912_2",0.008440
"455_1",0.866856
"2749_8",0.395173
"8780_8",0.942537
"2626_10",0.985617
"11745_2",0.005584
"6952_8",0.991394
"4645_2",0.121598
"10372_10",0.997694
"4282_2",0.025167
"2195_1",0.003036
"11058_3",0.005284
"9507_4",0.715920
"389_10",0.923212
"4388_10",0.988918
"9540_1",0.013142
"6610_4",0.030521
"8796_10",0.990842
"3746_1",0.007670
"11083_1",0.006499
"9901_1",0.004762
"4165_1",0.068183
"8928_9",0.997127
"8173_10",0.998202
"5161_1",0.000727
"11458_4",0.009744
"11206_9",0.456124
"3532_7",0.946787
"5088_1",0.055076
"11699_8",0.725943
"10114_2",0.131404
"8626_9",0.950653
"6702_2",0.004599
"3504_1",0.323442
"3353_4",0.041506
"6960_10",0.995540
"5529_10",0.989031
"5510_9",0.827206
"1868_10",0.814336
"11166_10",0.922268
"8411_2",0.028505
"9561_10",0.545640
"11290_2",0.200317
"1167_4",0.178321
"9577_3",0.006093
"1496_10",0.999091
"3042_10",0.994272
"4021_4",0.065985
"6643_10",0.948720
"806_10",0.995773
"1520_2",0.016803
"11133_10",0.995337
"2783_1",0.041743
"9570_10",0.986554
"2349_3",0.244580
"2242_9",0.776832
"6113_10",0.989366
"2153_1",0.014115
"9167_3",0.424709
"156_3",0.474749
"10607_7",0.989805
"4270_4",0.001018
"4713_1",0.008113
"2895_7",0.394088
"8240_1",0.370221
"12241_2",0.013790
"2919_10",0.999274
"11110_2",0.009571
"4502_8",0.558691
"11957_1",0.003845
"12338_2",0.024407
"2474_1",0.014767
"781_4",0.079638
"7528_1",0.020576
"3252_2",0.006369
"6778_8",0.990361
"3149_10",0.922598
"436_4",0.002913
"2586_1",0.133944
"3610_8",0.580699
"4392_10",0.996059
"8914_1",0.021957
"2197_1",0.066474
"3323_10",0.990492
"975_4",0.079841
"9407_3",0.319151
"12005_7",0.919651
"1911_1",0.009532
"3956_10",0.998325
"1441_8",0.997143
"10787_3",0.037266
"4569_10",0.994449
"11685_10",0.973366
"7810_10",0.953020
"3951_3",0.000907
"6050_10",0.301595
"2758_2",0.033867
"2664_10",0.966847
"1537_2",0.011045
"7988_1",0.020463
"6090_10",0.999086
"11509_10",0.894836
"2227_3",0.072519
"865_3",0.375255
"7138_8",0.951230
"7924_8",0.862984
"10104_1",0.000684
"3917_2",0.007294
"169_4",0.316708
"8630_7",0.997357
"7895_7",0.709546
"5485_10",0.997284
"8390_8",0.771315
"11497_7",0.996424
"8964_3",0.051284
"4647_4",0.290093
"12231_7",0.954243
"9634_4",0.067525
"8582_10",0.996106
"9237_4",0.583693
"2847_8",0.987263
"10940_1",0.014806
"2990_10",0.954944
"8377_8",0.988547
"1206_3",0.503155
"11719_9",0.986364
"7003_1",0.039315
"8012_4",0.449656
"2572_10",0.997969
"4126_8",0.973993
"9190_8",0.822446
"9625_8",0.995000
"4706_10",0.708824
"8697_2",0.058557
"435_7",0.994163
"81_3",0.989497
"6713_8",0.705513
"5840_10",0.997625
"5671_8",0.685361
"5064_3",0.019410
"1149_3",0.000374
"12324_10",0.994189
"6705_1",0.049495
"243_9",0.993707
"306_10",0.997549
"7134_3",0.056520
"3227_10",0.997741
"1363_10",0.991219
"5134_9",0.097587
"5269_1",0.282636
"10915_4",0.584439
"7591_2",0.218412
"2326_2",0.013959
"688_4",0.093700
"878_10",0.950335
"10245_9",0.980194
"7388_2",0.005914
"4304_1",0.000997
"6752_10",0.989645
"6881_8",0.997549
"10230_2",0.451358
"6901_1",0.378845
"441_10",0.993582
"4743_4",0.049476
"6228_7",0.966455
"2563_7",0.824968
"6237_1",0.008583
"8619_3",0.004197
"2749_4",0.988722
"12355_3",0.022311
"4915_2",0.012543
"12234_7",0.823852
"3756_4",0.400981
"10051_8",0.993766
"5068_9",0.996385
"7767_10",0.998552
"12069_1",0.165467
"10634_3",0.004511
"2787_1",0.004595
"5281_1",0.871789
"1496_1",0.000445
"8963_4",0.010710
"983_7",0.526504
"8337_4",0.002354
"783_1",0.042678
"9939_8",0.975063
"6507_8",0.995593
"3488_4",0.068707
"9304_9",0.590487
"8664_10",0.868424
"2722_10",0.970998
"7716_10",0.664857
"8512_4",0.283959
"6002_7",0.998631
"1213_3",0.906552
"6351_7",0.975884
"3049_4",0.115589
"10897_4",0.040287
"1936_4",0.022168
"12368_9",0.938156
"10982_1",0.002557
"4116_4",0.044339
"8243_7",0.056681
"11506_2",0.026967
"291_3",0.028345
"7745_1",0.008554
"12190_9",0.965351
"7068_10",0.985013
"9649_3",0.782054
"773_1",0.090704
"1727_10",0.993921
"346_2",0.232961
"4629_9",0.560076
"2509_1",0.000885
"3664_3",0.055807
"1024_9",0.995577
"9514_1",0.013490
"3483_3",0.040603
"10053_4",0.706560
"255_10",0.987522
"1922_10",0.280756
"10416_4",0.984093
"9154_9",0.985896
"12359_3",0.037121
"4850_4",0.522904
"12398_10",0.989731
"8910_1",0.021391
"3797_8",0.970995
"2428_9",0.446642
"7062_4",0.211406
"7130_9",0.994680
"7343_1",0.033219
"7735_8",0.982665
"4104_3",0.014117
"11518_1",0.000693
"10784_4",0.968390
"3687_1",0.015080
"796_10",0.996247
"2613_1",0.043967
"3962_9",0.994440
"4637_9",0.985665
"10076_3",0.017057
"2643_9",0.995860
"3588_1",0.121329
"6788_1",0.051294
"1445_4",0.987292
"10630_7",0.742698
"9173_10",0.996077
"3998_3",0.007324
"11853_1",0.019584
"2982_1",0.007449
"2536_4",0.665426
"5912_10",0.995660
"3267_8",0.688807
"8966_4",0.139656
"7671_3",0.009033
"1962_1",0.263270
"3574_1",0.133955
"10580_1",0.030813
"10103_9",0.539314
"2101_8",0.990838
"9804_10",0.984610
"12413_9",0.247503
"9696_2",0.005460
"8988_1",0.007462
"882_9",0.915385
"8098_3",0.028964
"6072_3",0.864365
"9484_10",0.916343
"3448_10",0.997116
"12074_10",0.994750
"5880_1",0.006991
"7658_1",0.001028
"1286_8",0.983999
"7013_10",0.984243
"3590_1",0.266824
"695_4",0.019470
"8889_9",0.558085
"735_1",0.001482
"2041_7",0.744784
"12041_3",0.024946
"4918_3",0.093794
"1428_3",0.004837
"1846_4",0.008425
"11103_10",0.998596
"1026_10",0.807427
"9731_3",0.146016
"7481_1",0.026856
"10191_10",0.976573
"8262_4",0.006566
"903_10",0.430799
"4212_2",0.169392
"11611_1",0.020126
"7814_1",0.010357
"5116_10",0.971655
"150_4",0.029923
"3618_2",0.004360
"10870_1",0.062146
"8523_1",0.000266
"2193_10",0.985437
"10237_10",0.975102
"2139_10",0.995408
"7691_7",0.953287
"9374_1",0.013533
"11426_7",0.994125
"12319_1",0.004669
"6817_2",0.688640
"745_1",0.002115
"6632_1",0.005227
"7149_8",0.762554
"9558_3",0.380233
"10509_1",0.039832
"1528_2",0.030807
"3422_10",0.902688
"6112_8",0.495578
"3606_4",0.653679
"8768_7",0.497943
"2871_8",0.754522
"12404_10",0.998097
"6936_3",0.132789
"855_4",0.005749
"5703_3",0.014858
"9446_1",0.002057
"1407_7",0.895822
"8422_10",0.995466
"40_4",0.293702
"344_4",0.041731
"11019_10",0.993337
"869_1",0.003662
"2245_10",0.898916
"10002_8",0.993482
"5110_10",0.937139
"3201_9",0.890545
"10621_10",0.894858
"1213_7",0.091631
"2147_10",0.805362
"828_7",0.888808
"7600_8",0.962798
"4472_4",0.226088
"2759_2",0.004696
"10890_1",0.006605
"1637_10",0.995179
"1667_10",0.940291
"10433_8",0.999010
"11350_4",0.012031
"9437_3",0.780921
"3748_3",0.072655
"8062_10",0.995017
"11981_10",0.462502
"4214_7",0.829030
"6496_8",0.885227
"4489_4",0.058445
"5965_7",0.383481
"2785_8",0.986997
"6838_9",0.998663
"4678_9",0.989676
"8564_10",0.944951
"4375_9",0.909835
"4654_10",0.886457
"2077_10",0.905267
"12491_4",0.090621
"11483_10",0.965693
"11130_8",0.986687
"2177_2",0.483979
"1376_8",0.021439
"3557_2",0.022250
"8039_3",0.016972
"6951_1",0.163253
"3440_2",0.207690
"10192_1",0.129097
"5874_10",0.957817
"4258_10",0.971175
"8838_4",0.211413
"1090_8",0.989115
"10570_10",0.989409
"3421_7",0.549997
"1626_7",0.993055
"9887_2",0.891606
"4079_4",0.021960
"8826_8",0.600134
"8805_2",0.003936
"9121_3",0.926376
"10916_3",0.105613
"9717_3",0.018836
"8662_4",0.409664
"7393_3",0.088375
"12304_10",0.858660
"7063_3",0.921845
"7955_10",0.950122
"2266_9",0.999280
"3490_7",0.597448
"11145_3",0.076793
"1668_2",0.001857
"1011_8",0.986735
"8300_7",0.708163
"9995_8",0.994812
"1326_8",0.981351
"5232_2",0.046746
"363_10",0.999074
"11772_2",0.086409
"8771_3",0.017669
"927_3",0.448792
"2569_2",0.098213
"5558_10",0.934778
"12375_10",0.681049
"2338_10",0.987186
"5773_10",0.957279
"4664_7",0.997891
"12295_7",0.938201
"4123_8",0.995938
"1553_10",0.994101
"3770_10",0.501988
"12011_2",0.027921
"8033_1",0.006415
"1395_7",0.349238
"8614_7",0.994387
"3784_8",0.986286
"8769_8",0.475643
"888_8",0.951900
"7799_2",0.810601
"6031_3",0.245052
"11584_2",0.011109
"4570_7",0.889291
"6990_8",0.998314
"7290_1",0.010559
"1186_1",0.007803
"1329_4",0.020360
"6793_10",0.993401
"8562_10",0.685305
"8841_4",0.760492
"9234_1",0.383143
"2992_3",0.001339
"3761_4",0.016879
"1144_1",0.002747
"11737_10",0.988428
"6628_10",0.980475
"7619_4",0.481788
"5074_3",0.440952
"2056_1",0.002894
"812_7",0.979733
"615_3",0.241870
"1473_3",0.090296
"11642_1",0.054114
"2957_8",0.864277
"3223_7",0.056570
"4491_10",0.997229
"11617_8",0.976296
"2209_8",0.692784
"10250_4",0.003804
"8707_3",0.034801
"3581_2",0.045398
"3089_2",0.019560
"9367_4",0.112589
"8890_3",0.001880
"4657_3",0.046264
"8474_1",0.057567
"1542_3",0.007924
"9024_8",0.922694
"3176_1",0.013027
"11219_8",0.989413
"1086_2",0.040005
"11230_4",0.163566
"2543_3",0.144009
"3391_4",0.977919
"5876_10",0.086941
"6712_2",0.925119
"12468_1",0.002938
"1801_10",0.998325
"6727_10",0.835121
"3072_3",0.002742
"6079_7",0.789900
"1409_10",0.275729
"7709_2",0.028946
"11484_2",0.966249
"10843_2",0.000804
"3964_7",0.780718
"5691_7",0.981231
"5837_1",0.012653
"963_8",0.996395
"3530_8",0.807636
"6558_8",0.927606
"3084_4",0.008838
"3025_8",0.990650
"9396_8",0.820338
"7530_1",0.013805
"6301_4",0.024469
"2934_10",0.983154
"8286_9",0.986782
"12122_10",0.986776
"2799_8",0.994257
"3516_7",0.157737
"5715_10",0.978356
"6525_3",0.868742
"12308_10",0.941781
"1305_9",0.941579
"8190_2",0.056148
"8170_1",0.011381
"2355_7",0.929658
"9714_3",0.034436
"9667_8",0.992620
"4861_1",0.038450
"10028_10",0.983651
"3256_2",0.895130
"5974_2",0.003238
"9185_10",0.995625
"2507_10",0.985891
"8910_10",0.997367
"6791_1",0.097827
"1692_10",0.405652
"5520_10",0.357683
"10119_10",0.994618
"1226_1",0.055278
"5998_7",0.245419
"4421_1",0.005929
"7660_8",0.963878
"5532_4",0.071931
"2869_3",0.068444
"3795_2",0.006244
"3602_10",0.994785
"1453_10",0.997868
"1298_8",0.958670
"6331_1",0.002193
"7694_3",0.006466
"11568_10",0.543485
"6426_7",0.886823
"609_7",0.193830
"3352_4",0.046051
"12451_3",0.145433
"3228_7",0.994907
"945_7",0.067171
"8283_10",0.954741
"10780_7",0.512299
"2944_1",0.003443
"5697_7",0.985929
"9066_3",0.533114
"6254_7",0.996555
"384_4",0.015898
"1961_9",0.999876
"10085_2",0.134976
"1726_10",0.977298
"7937_1",0.002480
"2561_10",0.951871
"9899_9",0.999340
"8694_2",0.670892
"4217_8",0.952137
"2425_3",0.814602
"5809_1",0.010767
"3122_7",0.806373
"1522_10",0.864939
"5582_10",0.956510
"12357_2",0.212083
"3166_10",0.654097
"3176_9",0.736270
"9320_9",0.996824
"8187_1",0.005356
"5573_1",0.002033
"9078_2",0.191555
"6706_4",0.772600
"8882_8",0.871469
"2489_3",0.567003
"2768_10",0.986581
"2384_3",0.607166
"12494_8",0.981302
"10375_3",0.006067
"403_7",0.654328
"6334_3",0.058471
"9136_1",0.039670
"10698_1",0.039680
"2203_4",0.597126
"2122_1",0.003872
"2904_4",0.224093
"12367_9",0.996320
"9638_8",0.993863
"2005_1",0.016156
"4963_8",0.484708
"7575_1",0.280205
"9989_1",0.006880
"8776_4",0.857271
"10188_10",0.927154
"8238_1",0.013056
"9244_4",0.792187
"11142_2",0.025389
"4365_7",0.546684
"5877_4",0.142736
"12135_8",0.981724
"3526_3",0.025237
"5209_4",0.014184
"5991_2",0.003460
"10888_1",0.013366
"1303_3",0.032760
"5764_4",0.052939
"2933_10",0.940715
"7297_1",0.003253
"11156_10",0.484391
"1353_1",0.067496
"10017_1",0.626548
"4203_3",0.703395
"4546_9",0.920584
"6039_1",0.070656
"5804_3",0.017375
"9085_4",0.112930
"10774_10",0.997406
"2178_7",0.824365
"2958_2",0.006578
"11469_8",0.987651
"5378_2",0.165291
"4583_8",0.076498
"9539_10",0.997185
"5090_8",0.992362
"12036_4",0.043629
"1766_9",0.926603
"11536_7",0.990093
"4792_9",0.986587
"7615_1",0.003088
"9624_1",0.015994
"5230_9",0.998590
"939_4",0.096174
"2353_7",0.984794
"8760_9",0.978178
"3231_9",0.999206
"8183_7",0.926726
"2156_10",0.765963
"245_2",0.028004
"12048_1",0.046986
"6572_9",0.538325
"10848_9",0.968016
"9576_10",0.922171
"3174_1",0.005003
"9824_8",0.391385
"8199_1",0.140875
"10911_3",0.082684
"2452_1",0.141372
"7574_3",0.081878
"8363_7",0.987786
"3672_9",0.990633
"11693_10",0.999620
"9731_10",0.993686
"280_1",0.001313
"10065_8",0.995202
"10284_9",0.688555
"7990_1",0.057636
"12256_4",0.898407
"7558_1",0.017647
"9636_2",0.136227
"8632_2",0.755488
"6157_3",0.021219
"9429_7",0.954568
"1447_1",0.137230
"10948_8",0.599151
"12300_4",0.049205
"10208_1",0.030323
"5889_3",0.306422
"2376_9",0.407627
"3354_2",0.003156
"9530_1",0.094289
"2469_10",0.998827
"2229_10",0.947873
"12326_10",0.909748
"8097_2",0.110611
"6502_3",0.371846
"8877_8",0.999456
"5408_7",0.384586
"3589_4",0.555477
"5934_3",0.045574
"3653_10",0.996356
"6900_1",0.004099
"3395_9",0.999396
"10302_7",0.919567
"10527_3",0.006022
"10080_10",0.998135
"5818_10",0.977377
"3178_10",0.981399
"10636_8",0.982955
"9586_2",0.985066
"8548_2",0.104214
"2851_1",0.003704
"6874_7",0.431142
"5850_8",0.998281
"2392_10",0.985127
"7434_2",0.594889
"11879_10",0.966004
"1190_10",0.807570
"8411_10",0.951175
"4833_9",0.774929
"5853_1",0.006959
"5485_4",0.010162
"111_3",0.178667
"6376_10",0.976253
"5425_1",0.044528
"3189_2",0.109475
"5053_8",0.993762
"1171_1",0.123020
"2206_4",0.004638
"11912_4",0.113866
"9874_7",0.973839
"3439_9",0.834839
"4221_8",0.979136
"6830_3",0.002173
"960_8",0.962685
"11862_1",0.084308
"8231_7",0.970513
"11765_1",0.006044
"9849_1",0.004016
"7518_4",0.858854
"3014_1",0.028881
"2534_10",0.990123
"5197_10",0.988914
"6775_2",0.002314
"4649_1",0.045909
"10748_3",0.116238
"6943_4",0.074618
"9692_1",0.000784
"11972_7",0.156446
"7251_9",0.992343
"459_4",0.536144
"1101_8",0.617591
"358_4",0.015112
"7543_1",0.177642
"3980_3",0.508943
"1276_3",0.007751
"12111_8",0.977330
"11876_4",0.014350
"5473_8",0.979163
"1296_1",0.003040
"7224_9",0.772416
"8035_10",0.988105
"10436_1",0.001184
"8475_1",0.067071
"4293_2",0.009329
"9867_2",0.000763
"4101_1",0.213629
"6220_1",0.000597
"6246_4",0.580574
"2907_8",0.960548
"4532_2",0.005780
"10753_8",0.786329
"328_10",0.974781
"1941_1",0.037012
"7586_9",0.779792
"11294_1",0.485275
"7534_9",0.984748
"2675_3",0.027829
"3837_10",0.997119
"5349_9",0.994525
"641_1",0.002056
"9273_8",0.756300
"8120_4",0.100627
"10610_1",0.118759
"1829_1",0.002076
"6406_10",0.822372
"4029_10",0.998132
"10845_10",0.903486
"2573_4",0.768139
"2033_3",0.031929
"9633_4",0.951676
"6243_1",0.045744
"7596_10",0.515763
"4208_8",0.970441
"6984_8",0.983670
"3656_1",0.015149
"2434_1",0.015524
"10340_7",0.806390
"6130_9",0.996825
"8093_7",0.845385
"7962_1",0.602730
"12178_7",0.168809
"10931_2",0.000436
"6857_10",0.989350
"11091_8",0.994555
"4167_2",0.026152
"679_4",0.022500
"10147_1",0.002767
"6875_1",0.014428
"923_10",0.997957
"6200_8",0.380483
"7208_8",0.998374
"5363_8",0.995032
"4067_8",0.292611
"1773_7",0.964638
"1498_10",0.971244
"10497_10",0.628079
"3444_10",0.990614
"588_2",0.005518
"9678_9",0.964920
"1983_9",0.654961
"5012_3",0.099035
"12240_2",0.033210
"5071_2",0.543569
"5078_2",0.045825
"10069_3",0.601524
"7407_8",0.983604
"7207_1",0.001396
"2155_10",0.910534
"59_10",0.996803
"2531_1",0.082023
"7772_8",0.996801
"11465_10",0.780966
