id,sentiment
0_2,0.04097239673137665
10000_4,0.011576577089726925
10001_1,0.003974227234721184
10002_3,0.020042970776557922
10003_3,0.41526272892951965
10004_2,0.08635864406824112
10005_2,0.17197436094284058
10006_2,0.0018926113843917847
10007_4,0.010128719732165337
10008_4,0.07443127781152725
10009_3,0.011396586894989014
1000_3,0.7408992648124695
10010_2,0.037638433277606964
10011_1,0.04173244535923004
10012_1,0.00045966749894432724
10013_4,0.03705160692334175
10014_2,0.05400475859642029
10015_4,0.8007300496101379
10016_3,0.07055982947349548
10017_1,0.6265481114387512
10018_1,0.007987764663994312
10019_1,0.001874251407571137
1001_4,0.189927339553833
10020_1,0.01617535576224327
10021_3,0.03660498186945915
10022_4,0.00366029841825366
10023_4,0.26154524087905884
10024_3,0.02110622636973858
10025_2,0.003636367153376341
10026_3,0.1756662130355835
10027_1,0.01960744895040989
10028_3,0.05145808681845665
10029_1,0.0022023888304829597
1002_3,0.2245529145002365
10030_3,0.3388387858867645
10031_2,0.009657219052314758
10032_1,0.43699464201927185
10033_1,0.0030464862938970327
10034_1,0.006638457532972097
10035_1,0.004686459898948669
10036_1,0.002611668547615409
10037_1,0.005655074492096901
10038_4,0.00532651087269187
10039_1,0.029561011120676994
1003_4,0.8336666226387024
10040_2,0.11101144552230835
10041_1,0.013505262322723866
10042_1,0.0028157385531812906
10043_1,0.14376477897167206
10044_2,0.0014634074177592993
10045_1,0.005497201345860958
10046_4,0.7078805565834045
10047_1,0.013424756936728954
10048_1,0.0025435767602175474
10049_1,0.00549816619604826
1004_4,0.08017493039369583
10050_4,0.8517419695854187
10051_2,0.025997884571552277
10052_4,0.10933247208595276
10053_4,0.7065598964691162
10054_3,0.5662899017333984
10055_1,0.011114401742815971
10056_1,0.1359451413154602
10057_1,0.00418733898550272
10058_2,0.08536358922719955
10059_1,0.3083692193031311
1005_2,0.08665096759796143
10060_3,0.005045686848461628
10061_4,0.011963791213929653
10062_4,0.13641098141670227
10063_1,0.002477689180523157
10064_2,0.45178890228271484
10065_1,0.12874183058738708
10066_1,0.004745067097246647
10067_4,0.2635136544704437
10068_3,0.3923110067844391
10069_3,0.6015243530273438
1006_3,0.009421654976904392
10070_3,0.05471337214112282
10071_2,0.1436927765607834
10072_1,0.00263926456682384
10073_3,0.058724839240312576
10074_3,0.5390418171882629
10075_3,0.16296836733818054
10076_3,0.017056867480278015
10077_3,0.632571280002594
10078_3,0.0130026089027524
10079_1,0.0006974721327424049
1007_4,0.9461621046066284
10080_1,0.23095965385437012
10081_1,0.06486322730779648
10082_1,0.1527307629585266
10083_2,0.3027797043323517
10084_3,0.4211269021034241
10085_2,0.13497605919837952
10086_1,0.8745740056037903
10087_1,0.004261149559170008
10088_1,0.00155228516086936
10089_1,0.08793971687555313
1008_2,0.20802512764930725
10090_3,0.16893167793750763
10091_1,0.018879549577832222
10092_4,0.33849143981933594
10093_1,0.0030259538907557726
10094_4,0.7399805784225464
10095_3,0.4945598244667053
10096_1,0.0041729724034667015
10097_2,0.4682339131832123
10098_1,0.19871394336223602
10099_4,0.08190557360649109
1009_3,0.13247846066951752
100_4,0.4683418869972229
10100_3,0.6857640147209167
10101_4,0.0006039845175109804
10102_2,0.1753218173980713
10103_1,0.00035036008921451867
10104_1,0.0006841840804554522
10105_3,0.09898587316274643
10106_1,0.0003878747229464352
10107_2,0.0052533564157783985
10108_1,0.01136415172368288
10109_1,0.010405628010630608
1010_1,0.0016461405903100967
10110_1,0.002487628720700741
10111_1,0.008146757259964943
10112_1,0.005187441129237413
10113_1,0.00646425224840641
10114_2,0.13140422105789185
10115_1,0.041581351310014725
10116_1,0.005448005627840757
10117_1,0.001217817422002554
10118_1,0.010803517885506153
10119_1,0.09553813189268112
1011_4,0.5392190217971802
10120_1,0.0017583474982529879
10121_1,0.35722815990448
10122_2,0.015221301466226578
10123_4,0.6372858881950378
10124_3,0.33371034264564514
10125_4,0.16619427502155304
10126_4,0.29251107573509216
10127_2,0.020613061264157295
10128_1,0.012864219956099987
10129_2,0.026624824851751328
1012_1,0.4031936526298523
10130_2,0.00845887791365385
10131_3,0.14941522479057312
10132_3,0.17828112840652466
10133_4,0.05791642144322395
10134_4,0.19596537947654724
10135_3,0.002063527936115861
10136_1,0.0055562471970915794
10137_2,0.28219759464263916
10138_2,0.12095649540424347
10139_1,0.08804735541343689
1013_1,0.5774351358413696
10140_1,0.0015018670819699764
10141_1,0.7028214335441589
10142_3,0.7364495396614075
10143_3,0.04941689968109131
10144_1,0.20428337156772614
10145_1,0.028781913220882416
10146_1,0.8326938152313232
10147_1,0.0027667772956192493
10148_1,0.004057061392813921
10149_1,0.010179060511291027
1014_4,0.5128451585769653
10150_2,0.0013300006976351142
10151_1,0.004612540360540152
10152_1,0.007266533095389605
10153_1,0.013985228724777699
10154_2,0.9956113696098328
10155_1,0.015970049425959587
10156_3,0.022597381845116615
10157_1,0.18177522718906403
10158_2,0.38408488035202026
10159_4,0.011201472952961922
1015_4,0.053132448345422745
10160_3,0.01736699603497982
10161_1,0.0016029288526624441
10162_4,0.5057028532028198
10163_4,0.14464080333709717
10164_4,0.5025923252105713
10165_2,0.17243635654449463
10166_4,0.7894579172134399
10167_4,0.2148146778345108
10168_4,0.013901188038289547
10169_3,0.009873542003333569
1016_3,0.34964844584465027
10170_1,0.001338535686954856
10171_1,0.0037940843030810356
10172_1,0.005790127906948328
10173_1,0.005558239761739969
10174_1,0.0014529305044561625
10175_2,0.016734663397073746
10176_1,0.032689474523067474
10177_3,0.011637253686785698
10178_1,0.04548973590135574
10179_1,0.01396436057984829
1017_1,0.01397918164730072
10180_1,0.033907584846019745
10181_2,0.08980575203895569
10182_3,0.010087667033076286
10183_1,0.0012782709673047066
10184_1,0.012949971482157707
10185_1,0.08890063315629959
10186_1,0.003869935404509306
10187_1,0.0006297622458077967
10188_1,0.37527701258659363
10189_1,0.0059149255976080894
1018_4,0.5074657797813416
10190_1,0.004886365495622158
10191_1,0.04295404255390167
10192_1,0.1290968805551529
10193_1,0.07343152165412903
10194_1,0.0018217796459794044
10195_1,0.003356056986376643
10196_1,0.004697701428085566
10197_2,0.003035689936950803
10198_2,0.19750581681728363
10199_1,0.0009816257515922189
1019_3,0.029375016689300537
101_3,0.02693641558289528
10200_1,0.026449555531144142
10201_1,0.9871277809143066
10202_4,0.35682153701782227
10203_2,0.018260212615132332
10204_2,0.30503126978874207
10205_1,0.045853666961193085
10206_4,0.7301786541938782
10207_3,0.29650646448135376
10208_1,0.030323034152388573
10209_1,0.4042016565799713
1020_2,0.8959210515022278
10210_3,0.03202969580888748
10211_4,0.43268057703971863
10212_4,0.06827324628829956
10213_4,0.6823464035987854
10214_2,0.128844752907753
10215_4,0.36258870363235474
10216_1,0.02014998346567154
10217_4,0.14014390110969543
10218_4,0.035472892224788666
10219_4,0.03367755189538002
1021_2,0.004848386161029339
10220_3,0.23407217860221863
10221_2,0.26210930943489075
10222_1,0.003084906144067645
10223_2,0.04413151741027832
10224_2,0.022539274767041206
10225_1,0.03584180399775505
10226_3,0.2566942870616913
10227_3,0.00400023115798831
10228_1,0.059467609971761703
10229_2,0.2792825400829315
1022_3,0.9178468585014343
10230_2,0.45135805010795593
10231_4,0.1179932951927185
10232_1,0.02431780844926834
10233_3,0.09664697200059891
10234_3,0.013966306112706661
10235_3,0.10314556211233139
10236_4,0.025581855326890945
10237_3,0.045874446630477905
10238_2,0.7572527527809143
10239_1,0.4573642909526825
1023_3,0.5938300490379333
10240_1,0.0011589626083150506
10241_1,0.004978167358785868
10242_2,0.6368129253387451
10243_2,0.009992245584726334
10244_2,0.04124586284160614
10245_4,0.017613610252738
10246_2,0.06360209733247757
10247_1,0.12485751509666443
10248_1,0.11548206210136414
10249_1,0.00825105607509613
1024_4,0.8303828239440918
10250_4,0.003804483450949192
10251_3,0.04299881309270859
10252_1,0.018320713192224503
10253_3,0.0274033285677433
10254_1,0.010707023553550243
10255_1,0.6785725951194763
10256_4,0.002132317516952753
10257_3,0.039082471281290054
10258_1,0.005720574874430895
10259_3,0.035217128694057465
1025_3,0.040215134620666504
10260_1,0.6702293753623962
10261_1,0.06866167485713959
10262_4,0.706322193145752
10263_3,0.045732282102108
10264_2,0.005321137141436338
10265_3,0.38182348012924194
10266_1,0.0013117851922288537
10267_4,0.40885114669799805
10268_3,0.007940231822431087
10269_4,0.07831016927957535
1026_2,0.3756099343299866
10270_1,0.011269760318100452
10271_1,0.18418797850608826
10272_1,0.0034385269973427057
10273_1,0.11362212896347046
10274_2,0.006653987802565098
10275_3,0.37539422512054443
10276_1,0.001316975336521864
10277_2,0.029689371585845947
10278_4,0.3504559397697449
10279_4,0.027559667825698853
1027_4,0.022598182782530785
10280_4,0.5030598640441895
10281_4,0.03138433024287224
10282_2,0.129355788230896
10283_1,0.44244834780693054
10284_1,0.004430579487234354
10285_1,0.3809298872947693
10286_3,0.0344139002263546
10287_1,0.03060433454811573
10288_1,0.09153421223163605
10289_1,0.07588646560907364
1028_4,0.8650038838386536
10290_1,0.0034566824324429035
10291_3,0.06226440891623497
10292_2,0.18391042947769165
10293_1,0.005358370952308178
10294_2,0.13690948486328125
10295_1,0.6752021908760071
10296_1,0.1365639567375183
10297_1,0.0034839403815567493
10298_1,0.00450361892580986
10299_1,0.00142447161488235
1029_2,0.014907834120094776
102_4,0.34461212158203125
10300_1,0.05316730588674545
10301_2,0.13364684581756592
10302_3,0.5400393009185791
10303_3,0.011398726142942905
10304_2,0.006379198748618364
10305_1,0.988857626914978
10306_1,0.007215394638478756
10307_2,0.9681429266929626
10308_1,0.003542181570082903
10309_2,0.15308600664138794
1030_2,0.008236483670771122
10310_1,0.00291710183955729
10311_1,0.7892861366271973
10312_1,0.022573940455913544
10313_1,0.1450498253107071
10314_1,0.012920362874865532
10315_1,0.0560041181743145
10316_1,0.01801411248743534
10317_1,0.017662806436419487
10318_1,0.00848549883812666
10319_1,0.09003820270299911
1031_1,0.009393956512212753
10320_1,0.0048430790193378925
10321_1,0.024459239095449448
10322_1,0.00684134429320693
10323_2,0.5106577277183533
10324_1,0.0021493276581168175
10325_2,0.13640326261520386
10326_1,0.06873258948326111
10327_1,0.0025824732147157192
10328_1,0.058821920305490494
10329_1,0.0015648998087272048
1032_1,0.16059541702270508
10330_2,0.0008288440876640379
10331_1,0.002487944671884179
10332_1,0.016903547570109367
10333_1,0.005993366241455078
10334_1,0.0007358199218288064
10335_1,0.20212608575820923
10336_1,0.008620420470833778
10337_1,0.012351342476904392
10338_3,0.01293046772480011
10339_4,0.2824362814426422
1033_2,0.13443653285503387
10340_1,0.9744960069656372
10341_2,0.005927426740527153
10342_1,0.005274464376270771
10343_1,0.17794883251190186
10344_4,0.6745672821998596
10345_3,0.02810208685696125
10346_4,0.001257935306057334
10347_1,0.0075906855054199696
10348_1,0.045583389699459076
10349_2,0.05330866575241089
1034_2,0.007021862082183361
10350_1,0.1902356594800949
10351_3,0.065171018242836
10352_1,0.008775756694376469
10353_2,0.029260773211717606
10354_4,0.44767358899116516
10355_4,0.7463277578353882
10356_1,0.1911480873823166
10357_2,0.0020235846750438213
10358_3,0.04409001022577286
10359_1,0.0015786610310897231
1035_3,0.0360151082277298
10360_1,0.014113102108240128
10361_1,0.0031731307972222567
10362_4,0.0003396524698473513
10363_3,0.32501187920570374
10364_2,0.2825705409049988
10365_1,0.002815513638779521
10366_3,0.20965202152729034
10367_3,0.23491975665092468
10368_3,0.667424201965332
10369_4,0.014577522873878479
1036_3,0.3010406196117401
10370_3,0.18960429728031158
10371_4,0.1796170026063919
10372_4,0.8557663559913635
10373_2,0.01576756127178669
10374_3,0.5052521228790283
10375_3,0.00606747530400753
10376_3,0.6771255731582642
10377_2,0.72719407081604
10378_4,0.017345517873764038
10379_3,0.04101913794875145
1037_1,0.0025665918365120888
10380_1,0.2670809030532837
10381_2,0.020468449220061302
10382_3,0.006324209738522768
10383_1,0.0068164486438035965
10384_1,0.0157456137239933
10385_1,0.0027189261745661497
10386_1,0.004545161966234446
10387_1,0.062060482800006866
10388_4,0.10020036995410919
10389_1,0.007232367061078548
1038_1,0.00589087326079607
10390_1,0.0028799918945878744
10391_4,0.0019132966408506036
10392_2,0.0026745954528450966
10393_1,0.3278215527534485
10394_1,0.010898389853537083
10395_2,0.7323703169822693
10396_4,0.2886402904987335
10397_1,0.0039457892999053
10398_1,0.004437210038304329
10399_2,0.008302929811179638
1039_1,0.05244152620434761
103_3,0.12040282785892487
10400_4,0.2574373781681061
10401_1,0.039863716810941696
10402_3,0.03525877371430397
10403_4,0.07040338218212128
10404_4,0.02751949615776539
10405_4,0.20801189541816711
10406_1,0.1847786158323288
10407_2,0.05220494419336319
10408_2,0.0638180747628212
10409_2,0.9314120411872864
1040_4,0.03286559134721756
10410_1,0.0967319905757904
10411_3,0.037163324654102325
10412_2,0.007463723421096802
10413_3,0.09881411492824554
10414_1,0.12408290058374405
10415_3,0.020477693527936935
10416_4,0.984093189239502
10417_2,0.07916157692670822
10418_1,0.0012803595745936036
10419_4,0.9542818665504456
1041_2,0.19106191396713257
10420_3,0.003952361643314362
10421_4,0.2911522388458252
10422_3,0.02086373046040535
10423_1,0.22491160035133362
10424_1,0.10329218208789825
10425_1,0.007150889374315739
10426_4,0.3354026675224304
10427_1,0.0558704175055027
10428_1,0.12103329598903656
10429_1,0.052389781922101974
1042_3,0.021336521953344345
10430_1,0.03474920988082886
10431_2,0.10909740626811981
10432_4,0.07820845395326614
10433_2,0.0083785904571414
10434_1,0.0027037737891077995
10435_1,0.011425231583416462
10436_1,0.0011842608219012618
10437_1,0.4035020172595978
10438_3,0.21235187351703644
10439_3,0.10896990448236465
1043_4,0.006073185708373785
10440_1,0.0018221904756501317
10441_4,0.25129929184913635
10442_2,0.2808675467967987
10443_3,0.3009128272533417
10444_1,0.003074715146794915
10445_1,0.0012590368278324604
10446_2,0.4156174957752228
10447_2,0.03416522219777107
10448_1,0.0028409974183887243
10449_2,0.18777848780155182
1044_3,0.22714385390281677
10450_1,0.03423083573579788
10451_1,0.11712945252656937
10452_1,0.14065039157867432
10453_1,0.053985223174095154
10454_1,0.011823573149740696
10455_1,0.0017836628248915076
10456_1,0.013904954306781292
10457_1,0.12111897021532059
10458_1,0.21322903037071228
10459_1,0.03025643527507782
1045_3,0.011946331709623337
10460_1,0.01031758263707161
10461_1,0.006295504979789257
10462_3,0.01616889238357544
10463_2,0.13632403314113617
10464_2,0.0022329892963171005
10465_3,0.004799034912139177
10466_3,0.0182596854865551
10467_3,0.006383891217410564
10468_2,0.022754617035388947
10469_3,0.006439401768147945
1046_1,0.036340486258268356
10470_1,0.003871538210660219
10471_4,0.24551934003829956
10472_3,0.006165674887597561
10473_4,0.045449722558259964
10474_3,0.3845418095588684
10475_2,0.01752317138016224
10476_2,0.486567884683609
10477_1,0.04386448115110397
10478_1,0.03592585399746895
10479_4,0.4983741044998169
1047_4,0.8801724910736084
10480_4,0.10169176757335663
10481_3,0.24650491774082184
10482_4,0.10103797912597656
10483_1,0.23498865962028503
10484_2,0.01509838830679655
10485_1,0.019623301923274994
10486_1,0.00669579952955246
10487_3,0.2180289328098297
10488_3,0.0025828860234469175
10489_1,0.0018799012759700418
1048_4,0.053167060017585754
10490_1,0.0098119480535388
10491_3,0.2942310571670532
10492_1,0.003570407396182418
10493_1,0.015037748031318188
10494_2,0.03770066052675247
10495_2,0.12729614973068237
10496_1,0.0159931480884552
10497_1,0.0011287899687886238
10498_1,0.016819922253489494
10499_1,0.09778792411088943
1049_3,0.167928546667099
104_1,0.0077559626661241055
10500_1,0.007902460172772408
10501_1,0.026530325412750244
10502_1,0.01898033730685711
10503_1,0.019638938829302788
10504_1,0.0029022041708230972
10505_1,0.006187598221004009
10506_1,0.0029628612101078033
10507_2,0.011761642061173916
10508_1,0.21326987445354462
10509_1,0.03983158618211746
1050_4,0.4180004596710205
10510_2,0.0046462127938866615
10511_1,0.1674855798482895
10512_1,0.0010841562179848552
10513_1,0.31512266397476196
10514_1,0.3169006109237671
10515_3,0.008474946953356266
10516_1,0.03984689339995384
10517_1,0.11166449636220932
10518_1,0.0014402789529412985
10519_1,0.009299146942794323
1051_1,0.16440606117248535
10520_2,0.20195285975933075
10521_2,0.035078804939985275
10522_1,0.043493807315826416
10523_1,0.1595946103334427
10524_2,0.004711047746241093
10525_4,0.01963498443365097
10526_2,0.03543991595506668
10527_3,0.0060222637839615345
10528_1,0.008372334763407707
10529_3,0.017259713262319565
1052_3,0.049609702080488205
10530_1,0.0008651359821669757
10531_3,0.6840136051177979
10532_1,0.0707201361656189
10533_3,0.49300700426101685
10534_2,0.007810118608176708
10535_3,0.3941059708595276
10536_2,0.4713587462902069
10537_3,0.010462528094649315
10538_1,0.006840805988758802
10539_2,0.10776013880968094
1053_4,0.008332913741469383
10540_1,0.17026951909065247
10541_2,0.11600187420845032
10542_4,0.014046432450413704
10543_3,0.027579719200730324
10544_3,0.11633749306201935
10545_2,0.030175156891345978
10546_1,0.09601058810949326
10547_3,0.005288009066134691
10548_1,0.020276229828596115
10549_2,0.012909422628581524
1054_2,0.0006195534369908273
10550_2,0.26659080386161804
10551_1,0.047405268996953964
10552_4,0.13659797608852386
10553_1,0.016791455447673798
10554_2,0.007521365769207478
10555_3,0.696427047252655
10556_3,0.039462074637413025
10557_3,0.08029994368553162
10558_4,0.03650761768221855
10559_3,0.03925007954239845
1055_3,0.027975009754300117
10560_4,0.4260057806968689
10561_2,0.16474926471710205
10562_1,0.06013161316514015
10563_2,0.003481944790109992
10564_3,0.03256445750594139
10565_1,0.004133434034883976
10566_3,0.005228037945926189
10567_4,0.008536452427506447
10568_4,0.11763853579759598
10569_1,0.0016011236002668738
1056_3,0.8151822090148926
10570_1,0.003660663729533553
10571_3,0.003383000148460269
10572_1,0.062102705240249634
10573_3,0.5362069606781006
10574_3,0.12099513411521912
10575_1,0.001398279331624508
10576_1,0.0027340713422745466
10577_1,0.0020240317098796368
10578_1,0.006069876719266176
10579_1,0.3799970746040344
1057_2,0.017433548346161842
10580_1,0.030812807381153107
10581_3,0.07919634133577347
10582_2,0.11506148427724838
10583_1,0.013656205497682095
10584_3,0.07081051915884018
10585_3,0.02065086178481579
10586_1,0.0066922614350914955
10587_1,0.030612563714385033
10588_1,0.8428265452384949
10589_3,0.013581364415585995
1058_1,0.002028019167482853
10590_3,0.004975815769284964
10591_2,0.008880558423697948
10592_1,0.08049409091472626
10593_3,0.07797028869390488
10594_1,0.010562083683907986
10595_1,0.5830001831054688
10596_3,0.3766365647315979
10597_1,0.01959681510925293
10598_4,0.12113786488771439
10599_1,0.004721084143966436
1059_1,0.0903836190700531
105_3,0.20361685752868652
10600_3,0.034045103937387466
10601_1,0.05230405554175377
10602_2,0.0031687673181295395
10603_3,0.7817357778549194
10604_3,0.0014979535480961204
10605_1,0.009203488938510418
10606_1,0.02946103923022747
10607_1,0.0019383359467610717
10608_1,0.04018186032772064
10609_1,0.061241451650857925
1060_2,0.024115778505802155
10610_1,0.11875906586647034
10611_3,0.003762901294976473
10612_3,0.004541936330497265
10613_1,0.023401368409395218
10614_1,0.0447574108839035
10615_2,0.1794385313987732
10616_1,0.0003229124122299254
10617_3,0.15708822011947632
10618_1,0.016424357891082764
10619_2,0.3150910437107086
1061_1,0.003390546888113022
10620_4,0.050217702984809875
10621_2,0.0032637477852404118
10622_1,0.025048138573765755
10623_2,0.017450952902436256
10624_1,0.03447357565164566
10625_1,0.28634151816368103
10626_1,0.2371864765882492
10627_2,0.037330739200115204
10628_1,0.012172653339803219
10629_1,0.011380170471966267
1062_2,0.4827413260936737
10630_4,0.006807966623455286
10631_1,0.027764687314629555
10632_4,0.00263084564357996
10633_3,0.0364309623837471
10634_3,0.004511265549808741
10635_4,0.09737812727689743
10636_3,0.09603908658027649
10637_2,0.08909053355455399
10638_1,0.020819153636693954
10639_4,0.016186727210879326
1063_2,0.003611670807003975
10640_3,0.1309245228767395
10641_1,0.0018182088388130069
10642_1,0.011953492648899555
10643_1,0.047458261251449585
10644_1,0.23197543621063232
10645_4,0.003723916132003069
10646_2,0.003677582601085305
10647_3,0.09903492033481598
10648_3,0.15967100858688354
10649_1,0.17593826353549957
1064_1,0.00942500215023756
10650_4,0.09368444234132767
10651_3,0.02097007818520069
10652_4,0.0776640996336937
10653_1,0.6341490745544434
10654_2,0.0035871644504368305
10655_2,0.1206115260720253
10656_3,0.255225270986557
10657_1,0.006833601277321577
10658_3,0.008531486615538597
10659_2,0.48301705718040466
1065_1,0.0015037946868687868
10660_4,0.08491893857717514
10661_1,0.36972397565841675
10662_1,0.05665654316544533
10663_4,0.2658633589744568
10664_1,0.004241487942636013
10665_1,0.25349536538124084
10666_1,0.008467622101306915
10667_2,0.05262226611375809
10668_1,0.717204749584198
10669_1,0.3245586156845093
1066_1,0.3143823742866516
10670_1,0.12888085842132568
10671_1,0.0013677809620276093
10672_1,0.0071314191445708275
10673_4,0.11623598635196686
10674_2,0.03329334035515785
10675_4,0.6706297993659973
10676_4,0.13810479640960693
10677_4,0.09692661464214325
10678_2,0.7321827411651611
10679_3,0.005229389760643244
1067_1,0.012280566617846489
10680_2,0.004882091656327248
10681_2,0.0021194051951169968
10682_3,0.22950591146945953
10683_4,0.022135240957140923
10684_3,0.031218547374010086
10685_1,0.002848288044333458
10686_3,0.3762359321117401
10687_4,0.01933562569320202
10688_1,0.04176301136612892
10689_3,0.059342000633478165
1068_3,0.024212324991822243
10690_1,0.0033216194715350866
10691_1,0.05274045467376709
10692_4,0.004960345569998026
10693_1,0.058726418763399124
10694_1,0.00518920598551631
10695_1,0.01652447320520878
10696_1,0.16632139682769775
10697_1,0.0024823525454849005
10698_1,0.03967953845858574
10699_3,0.022755242884159088
1069_4,0.03843466937541962
106_3,0.015337980352342129
10700_1,0.002051610266789794
10701_2,0.012605621479451656
10702_1,0.3207165598869324
10703_3,0.384990930557251
10704_1,0.0510515421628952
10705_1,0.0026987739838659763
10706_2,0.3368881642818451
10707_3,0.25885793566703796
10708_3,0.016209349036216736
10709_3,0.03596673533320427
1070_1,0.02398872561752796
10710_1,0.09543886035680771
10711_2,0.3742799162864685
10712_1,0.006801183335483074
10713_3,0.03512585163116455
10714_2,0.0485425628721714
10715_3,0.005711423233151436
10716_2,0.009372835978865623
10717_3,0.7853689789772034
10718_1,0.0014507736777886748
10719_3,0.0012552416883409023
1071_2,0.21876609325408936
10720_4,0.4993971884250641
10721_4,0.6041383147239685
10722_1,0.056956417858600616
10723_4,0.0930936262011528
10724_1,0.0005654842243529856
10725_1,0.07915942370891571
10726_1,0.0238187238574028
10727_1,0.21931323409080505
10728_1,0.07721574604511261
10729_4,0.7740587592124939
1072_2,0.01831752620637417
10730_1,0.027730997651815414
10731_3,0.02573254704475403
10732_3,0.31632524728775024
10733_3,0.04352391138672829
10734_2,0.04927515983581543
10735_1,0.09626439958810806
10736_3,0.10860182344913483
10737_2,0.06527987122535706
10738_4,0.40276065468788147
10739_2,0.049671560525894165
1073_4,0.3485848605632782
10740_4,0.03235182911157608
10741_1,0.005880683660507202
10742_1,0.016788149252533913
10743_1,0.03835291415452957
10744_2,0.010992126539349556
10745_1,0.016260288655757904
10746_2,0.09500662982463837
10747_1,0.07276353985071182
10748_3,0.11623799055814743
10749_1,0.10154400020837784
1074_2,0.1256207674741745
10750_1,0.008888956159353256
10751_4,0.028732791543006897
10752_3,0.012797137722373009
10753_3,0.008613585494458675
10754_1,0.006207648664712906
10755_4,0.17995202541351318
10756_3,0.046046458184719086
10757_4,0.3097580671310425
10758_4,0.5953536033630371
10759_3,0.024642549455165863
1075_2,0.006931754294782877
10760_1,0.006298067979514599
10761_4,0.9164562225341797
10762_3,0.8638805150985718
10763_1,0.08588878065347672
10764_4,0.6942406296730042
10765_1,0.001043353695422411
10766_3,0.30918315052986145
10767_3,0.30548182129859924
10768_1,0.12466488778591156
10769_2,0.16059891879558563
1076_3,0.003277950221672654
10770_2,0.13157141208648682
10771_1,0.24167530238628387
10772_3,0.016470901668071747
10773_4,0.060165196657180786
10774_2,0.05928099900484085
10775_4,0.3532007932662964
10776_4,0.19741085171699524
10777_2,0.0012659796047955751
10778_2,0.01810619980096817
10779_2,0.018056979402899742
1077_3,0.008048157207667828
10780_3,0.013723217882215977
10781_1,0.47624409198760986
10782_2,0.8032241463661194
10783_4,0.5164176225662231
10784_4,0.9683902859687805
10785_4,0.101625457406044
10786_4,0.011522434651851654
10787_3,0.037266090512275696
10788_4,0.9923250675201416
10789_4,0.05069318041205406
1078_4,0.028587408363819122
10790_1,0.007059623021632433
10791_1,0.028859464451670647
10792_1,0.017601322382688522
10793_3,0.015168043784797192
10794_4,0.09805456548929214
10795_1,0.52609783411026
10796_4,0.2842094898223877
10797_1,0.23961205780506134
10798_1,0.0015782882692292333
10799_3,0.29428282380104065
1079_1,0.031195567920804024
107_4,0.0926741510629654
10800_1,0.00643124058842659
10801_1,0.8820685744285583
10802_1,0.9582683444023132
10803_2,0.940159797668457
10804_3,0.18728327751159668
10805_4,0.3464718759059906
10806_3,0.29818016290664673
10807_3,0.011828097514808178
10808_2,0.03277115151286125
10809_3,0.03575540706515312
1080_1,0.005233603063970804
10810_2,0.03214806318283081
10811_1,0.008561292663216591
10812_2,0.008972395211458206
10813_4,0.5666767954826355
10814_1,0.0030506690964102745
10815_2,0.08287008851766586
10816_2,0.0026516516227275133
10817_4,0.0017056259093806148
10818_1,0.002916088094934821
10819_1,0.009269729256629944
1081_3,0.008990626782178879
10820_3,0.0566137321293354
10821_3,0.011615884490311146
10822_2,0.0019053673604503274
10823_3,0.6430121660232544
10824_1,0.19888848066329956
10825_3,0.0060644024051725864
10826_4,0.04744543880224228
10827_4,0.05786789208650589
10828_1,0.01918192207813263
10829_1,0.00356863159686327
1082_1,0.014654825441539288
10830_1,0.0009023331804201007
10831_1,0.07395020872354507
10832_1,0.03495882451534271
10833_1,0.054551105946302414
10834_2,0.0028929407708346844
10835_3,0.004406363237649202
10836_1,0.004547609947621822
10837_1,0.0027610049583017826
10838_2,0.029394185170531273
10839_4,0.03491053357720375
1083_3,0.01872090995311737
10840_2,0.004421808756887913
10841_3,0.04662378504872322
10842_1,0.07026127725839615
10843_2,0.0008041533874347806
10844_1,0.027727536857128143
10845_1,0.00804533064365387
10846_4,0.020126301795244217
10847_1,0.005746701266616583
10848_1,0.006626407150179148
10849_2,0.004330722615122795
1084_1,0.019463595002889633
10850_2,0.21552619338035583
10851_1,0.03253917396068573
10852_1,0.03596670553088188
10853_3,0.06500835716724396
10854_1,0.029872704297304153
10855_1,0.0055212341248989105
10856_1,0.01551740150898695
10857_2,0.0922582745552063
10858_1,0.005572526715695858
10859_1,0.025520198047161102
1085_1,0.0035280000884085894
10860_2,0.0474088154733181
10861_1,0.0050897179171442986
10862_1,0.00440057460218668
10863_1,0.030788540840148926
10864_1,0.0015219497727230191
10865_2,0.001500800484791398
10866_3,0.008372412994503975
10867_1,0.002895244164392352
10868_1,0.021162308752536774
10869_1,0.06754999607801437
1086_2,0.04000511392951012
10870_1,0.0621459037065506
10871_1,0.0007133540348149836
10872_3,0.004279998131096363
10873_4,0.047320470213890076
10874_1,0.0044128503650426865
10875_3,0.0029520471580326557
10876_1,0.01493688765913248
10877_2,0.006163384299725294
10878_1,0.0010611684992909431
10879_4,0.1676083207130432
1087_2,0.005982240661978722
10880_1,0.00439204229041934
10881_4,0.002549973549321294
10882_2,0.026421960443258286
10883_1,0.016577623784542084
10884_1,0.003222251310944557
10885_1,0.005871589761227369
10886_1,0.008429311215877533
10887_3,0.00556334899738431
10888_1,0.013365897350013256
10889_2,0.019004598259925842
1088_3,0.22293560206890106
10890_1,0.00660480372607708
10891_1,0.0015208089025691152
10892_4,0.6091960072517395
10893_4,0.16664858162403107
10894_2,0.004784277640283108
10895_1,0.014385045506060123
10896_4,0.052932027727365494
10897_4,0.04028693586587906
10898_2,0.014099448919296265
10899_1,0.006399311125278473
1089_1,0.014579495415091515
108_2,0.18178802728652954
10900_1,0.04322528839111328
10901_3,0.0027474286034703255
10902_1,0.004083558451384306
10903_1,0.006524980999529362
10904_3,0.0067788660526275635
10905_1,0.0008297386229969561
10906_4,0.0038259862922132015
10907_1,0.1609267294406891
10908_2,0.1794150471687317
10909_2,0.2052663415670395
1090_1,0.05582447350025177
10910_2,0.05868753790855408
10911_3,0.08268353343009949
10912_4,0.04374993219971657
10913_1,0.022590169683098793
10914_1,0.029497599229216576
10915_4,0.5844389796257019
10916_3,0.10561331361532211
10917_2,0.00681662280112505
10918_4,0.3538144528865814
10919_2,0.03714337944984436
1091_1,0.0026248616632074118
10920_1,0.010217287577688694
10921_4,0.028325391933321953
10922_3,0.004509985446929932
10923_1,0.0061272806487977505
10924_4,0.1992071121931076
10925_4,0.04706327244639397
10926_1,0.08517792820930481
10927_1,0.010663471184670925
10928_1,0.0026477023493498564
10929_4,0.9758702516555786
1092_4,0.013037143275141716
10930_1,0.0016506409738212824
10931_2,0.00043639782234095037
10932_4,0.0014696500729769468
10933_3,0.18255139887332916
10934_3,0.0028691182378679514
10935_2,0.1498132199048996
10936_3,0.06337054818868637
10937_1,0.039781078696250916
10938_1,0.0008265095530077815
10939_1,0.009668463841080666
1093_4,0.002998831681907177
10940_1,0.014806315302848816
10941_3,0.012589281424880028
10942_1,0.023690255358815193
10943_3,0.006671007256954908
10944_1,0.008833115920424461
10945_1,0.06688636541366577
10946_1,0.002395022427663207
10947_3,0.1742195338010788
10948_1,0.002220632042735815
10949_4,0.48923903703689575
1094_3,0.4941287934780121
10950_3,0.43597760796546936
10951_1,0.00037614305620081723
10952_1,0.03391469269990921
10953_4,0.008255244232714176
10954_1,0.004372363444417715
10955_3,0.140137180685997
10956_4,0.07999320328235626
10957_1,0.040293607860803604
10958_1,0.027524622157216072
10959_1,0.02793041430413723
1095_2,0.006147468462586403
10960_2,0.030837293714284897
10961_4,0.023889195173978806
10962_3,0.005128290969878435
10963_4,0.1568135917186737
10964_4,0.012331569567322731
10965_1,0.0027420511469244957
10966_2,0.04549132287502289
10967_2,0.0008526974124833941
10968_1,0.018779709935188293
10969_1,0.008162271231412888
1096_3,0.28055286407470703
10970_4,0.9106760025024414
10971_1,0.01049911417067051
10972_1,0.0010836099972948432
10973_1,0.0259137824177742
10974_2,0.023898661136627197
10975_2,0.058101195842027664
10976_1,0.029087336733937263
10977_2,0.056424446403980255
10978_1,0.06128161773085594
10979_3,0.007231120485812426
1097_3,0.42770829796791077
10980_3,0.6936956644058228
10981_4,0.19771946966648102
10982_1,0.0025565214455127716
10983_1,0.004629191011190414
10984_1,0.056080203503370285
10985_2,0.0650051087141037
10986_1,0.0013424218632280827
10987_1,0.003269963199272752
10988_3,0.22275549173355103
10989_1,0.0010156207717955112
1098_4,0.024159494787454605
10990_1,0.021977374330163002
10991_1,0.06813269853591919
10992_4,0.04466245323419571
10993_1,0.0048391553573310375
10994_2,0.0026466387789696455
10995_1,0.03353506326675415
10996_1,0.02715878374874592
10997_1,0.03486590087413788
10998_1,0.0028930893167853355
10999_2,0.03319200873374939
1099_2,0.06131932511925697
109_4,0.6456949710845947
10_3,0.032720550894737244
11000_1,0.0006067429203540087
11001_1,0.017109012231230736
11002_3,0.004817123059183359
11003_1,0.0006397039396688342
11004_1,0.007548870053142309
11005_1,0.07555298507213593
11006_4,0.06869303435087204
11007_1,0.3172247111797333
11008_4,0.8912489414215088
11009_1,0.004060349427163601
1100_4,0.06609363108873367
11010_3,0.09037072211503983
11011_2,0.0010700321290642023
11012_2,0.04120507836341858
11013_4,0.12734954059123993
11014_4,0.2712734639644623
11015_3,0.17889539897441864
11016_1,0.10966470092535019
11017_3,0.004589663818478584
11018_4,0.0006318995729088783
11019_2,0.20721718668937683
1101_4,0.005359471309930086
11020_3,0.008250872604548931
11021_4,0.005113687831908464
11022_1,0.0007270339992828667
11023_3,0.29686877131462097
11024_2,0.0009388922480866313
11025_4,0.0355834886431694
11026_3,0.053099848330020905
11027_4,0.5806467533111572
11028_4,0.7503551840782166
11029_3,0.23033417761325836
1102_3,0.011018594726920128
11030_4,0.5104026794433594
11031_1,0.05795830860733986
11032_3,0.01223423145711422
11033_1,0.002745211124420166
11034_3,0.17187757790088654
11035_1,0.00345055409707129
11036_4,0.023509662598371506
11037_1,0.026843970641493797
11038_1,0.05485260486602783
11039_1,0.04362946003675461
1103_4,0.018020199611783028
11040_1,0.0531252883374691
11041_1,0.15158218145370483
11042_1,0.04172167927026749
11043_3,0.02900691330432892
11044_1,0.10810796916484833
11045_1,0.0035302976612001657
11046_1,0.0018283657263964415
11047_1,0.010241937823593616
11048_1,0.005940382368862629
11049_1,0.005437484942376614
1104_4,0.033587150275707245
11050_1,0.0029021683149039745
11051_4,0.008781064301729202
11052_4,0.3152545988559723
11053_3,0.26752230525016785
11054_1,0.0017806750256568193
11055_1,0.005144806578755379
11056_2,0.001658463734202087
11057_1,0.006713493261486292
11058_3,0.005284074693918228
11059_2,0.029431037604808807
1105_3,0.1052173599600792
11060_2,0.003156620543450117
11061_1,0.004352524410933256
11062_2,0.005571702495217323
11063_1,0.05430501326918602
11064_2,0.05741013586521149
11065_1,0.007829589769244194
11066_3,0.47463110089302063
11067_2,0.06858700513839722
11068_1,0.0040709651075303555
11069_1,0.03679228946566582
1106_1,0.014840438030660152
11070_1,0.01279674656689167
11071_1,0.0020198673009872437
11072_2,0.003156620543450117
11073_3,0.031243879348039627
11074_1,0.0031643256079405546
11075_1,0.002890672069042921
11076_1,0.003693281440064311
11077_2,0.4644326865673065
11078_1,0.15720851719379425
11079_3,0.012594254687428474
1107_2,0.18518894910812378
11080_1,0.006799689028412104
11081_2,0.02301611565053463
11082_2,0.013139059767127037
11083_1,0.006499319802969694
11084_1,0.02009395882487297
11085_1,0.001061539980582893
11086_1,0.008084249682724476
11087_3,0.028939809650182724
11088_4,0.6587705016136169
11089_1,0.2421341836452484
1108_3,0.014998113736510277
11090_4,0.37030789256095886
11091_1,0.010589576326310635
11092_2,0.006708081346005201
11093_3,0.0007799566956236959
11094_3,0.007895102724432945
11095_2,0.36031219363212585
11096_4,0.8803768157958984
11097_3,0.002759400987997651
11098_2,0.004707838874310255
11099_3,0.03635282814502716
1109_1,0.01908830925822258
110_1,0.015458363108336926
11100_4,0.0021489309147000313
11101_4,0.3702670633792877
11102_3,0.03972300514578819
11103_4,0.33318841457366943
11104_3,0.0011209484655410051
11105_3,0.015465186908841133
11106_1,0.014463715255260468
11107_4,0.10016454756259918
11108_1,0.180858314037323
11109_1,0.012909001670777798
1110_4,0.15873490273952484
11110_2,0.009571072645485401
11111_1,0.0025607049465179443
11112_2,0.02505546249449253
11113_1,0.08002745360136032
11114_1,0.00921678263694048
11115_2,0.04044179245829582
11116_2,0.003630726831033826
11117_1,0.01523372158408165
11118_4,0.377888947725296
11119_1,0.12798383831977844
1111_3,0.036632779985666275
11120_4,0.8706982135772705
11121_2,0.03574409335851669
11122_2,0.004497282672673464
11123_1,0.0453178845345974
11124_2,0.007421516347676516
11125_3,0.018165018409490585
11126_4,0.8802277445793152
11127_1,0.024455536156892776
11128_1,0.06562963128089905
11129_3,0.0013083228841423988
1112_3,0.03458833321928978
11130_1,0.0008882957044988871
11131_2,0.1368032693862915
11132_1,0.02140657790005207
11133_1,0.001627744291909039
11134_1,0.09241688996553421
11135_1,0.006631320808082819
11136_1,0.0014187253545969725
11137_1,0.00037914933636784554
11138_1,0.006048889365047216
11139_4,0.07260680943727493
1113_3,0.12591920793056488
11140_4,0.5032162070274353
11141_1,0.0027370017487555742
11142_2,0.02538939379155636
11143_2,0.857011616230011
11144_4,0.533258318901062
11145_3,0.07679262012243271
11146_2,0.03590577840805054
11147_3,0.009718329645693302
11148_3,0.006135145667940378
11149_3,0.00860732514411211
1114_4,0.0852898433804512
11150_3,0.7678760290145874
11151_4,0.019285716116428375
11152_3,0.0013398518785834312
11153_2,0.001271112123504281
11154_3,0.01515173353254795
11155_4,0.05896489694714546
11156_4,0.02213498391211033
11157_4,0.49025100469589233
11158_2,0.01017810869961977
11159_1,0.14224179089069366
1115_3,0.045688875019550323
11160_3,0.08525848388671875
11161_1,0.006230511702597141
11162_1,0.01795734278857708
11163_1,0.21287885308265686
11164_1,0.0036075690295547247
11165_4,0.828416645526886
11166_4,0.021702438592910767
11167_4,0.09391364455223083
11168_1,0.05267474800348282
11169_4,0.04532529413700104
1116_1,0.017498305067420006
11170_4,0.018674565479159355
11171_3,0.06508462131023407
11172_1,0.013463828712701797
11173_2,0.1194898933172226
11174_4,0.036007266491651535
11175_2,0.34146565198898315
11176_1,0.7205339670181274
11177_4,0.024797653779387474
11178_1,0.08009243756532669
11179_4,0.7115420699119568
1117_2,0.0021805446594953537
11180_4,0.3175908625125885
11181_4,0.829849898815155
11182_3,0.8329293727874756
11183_4,0.06223221868276596
11184_3,0.06769125908613205
11185_1,0.3558569848537445
11186_3,0.012071680277585983
11187_1,0.038332365453243256
11188_2,0.012602120637893677
11189_4,0.09121433645486832
1118_1,0.014475084841251373
11190_1,0.062282074242830276
11191_4,0.09055767208337784
11192_1,0.002775904256850481
11193_3,0.13741573691368103
11194_2,0.013617204502224922
11195_2,0.013847796246409416
11196_4,0.20835140347480774
11197_2,0.06620083749294281
11198_3,0.06360527873039246
11199_4,0.07338273525238037
1119_2,0.006528227124363184
111_3,0.1786673367023468
11200_4,0.7829986214637756
11201_2,0.11251308023929596
11202_1,0.004421196412295103
11203_2,0.02649586647748947
11204_2,0.017250988632440567
11205_2,0.002724066376686096
11206_4,0.06994607299566269
11207_1,0.08037029206752777
11208_1,0.6160600185394287
11209_1,0.252823144197464
1120_3,0.06545889377593994
11210_3,0.9924753308296204
11211_1,0.46385684609413147
11212_4,0.0617997981607914
11213_3,0.5056204795837402
11214_2,0.0021052504889667034
11215_2,0.003623767988756299
11216_4,0.6141436696052551
11217_4,0.44639915227890015
11218_3,0.7463575005531311
11219_3,0.288892537355423
1121_1,0.005152285564690828
11220_1,0.1251002997159958
11221_4,0.1572897583246231
11222_3,0.01810973882675171
11223_1,0.0056198714300990105
11224_3,0.03386043384671211
11225_3,0.0452936552464962
11226_1,0.02013370767235756
11227_2,0.003564567770808935
11228_4,0.08471585065126419
11229_4,0.11078474670648575
1122_1,0.0041061388328671455
11230_4,0.16356563568115234
11231_4,0.3801698684692383
11232_2,0.0016264475416392088
11233_4,0.00861472450196743
11234_4,0.040656667202711105
11235_3,0.2512221336364746
11236_1,0.04198778048157692
11237_4,0.06231095641851425
11238_4,0.15251480042934418
11239_3,0.6480713486671448
1123_1,0.06533884257078171
11240_1,0.10514023900032043
11241_1,0.08665203303098679
11242_2,0.973396897315979
11243_2,0.34232327342033386
11244_1,0.09751525521278381
11245_2,0.009847981855273247
11246_4,0.15461869537830353
11247_4,0.05734870582818985
11248_1,0.0011601411970332265
11249_4,0.01604302227497101
1124_1,0.0347999706864357
11250_2,0.09586410224437714
11251_4,0.42785125970840454
11252_3,0.005217902362346649
11253_4,0.12344173341989517
11254_4,0.17246513068675995
11255_3,0.002208974212408066
11256_1,0.0046752807684242725
11257_4,0.0859408974647522
11258_2,0.04211363196372986
11259_4,0.105711430311203
1125_1,0.03712296113371849
11260_4,0.021610967814922333
11261_4,0.45033252239227295
11262_4,0.6806185245513916
11263_3,0.047333091497421265
11264_3,0.07666726410388947
11265_2,0.011297524906694889
11266_2,0.011297524906694889
11267_2,0.011297524906694889
11268_2,0.006059980019927025
11269_1,0.007195572834461927
1126_1,0.0028408572543412447
11270_3,0.04190206527709961
11271_4,0.794526219367981
11272_4,0.021653251722455025
11273_4,0.12718497216701508
11274_3,0.0852932259440422
11275_4,0.21049128472805023
11276_4,0.09485351294279099
11277_4,0.014045970514416695
11278_4,0.22354251146316528
11279_4,0.9690282344818115
1127_1,0.0007280805730260909
11280_2,0.5015482306480408
11281_3,0.6015363931655884
11282_2,0.2139468491077423
11283_2,0.06847298890352249
11284_4,0.18985174596309662
11285_2,0.7865135073661804
11286_1,0.011760654859244823
11287_4,0.0031855665147304535
11288_4,0.07763994485139847
11289_4,0.07309500128030777
1128_1,0.019030237570405006
11290_2,0.20031702518463135
11291_3,0.0012024901807308197
11292_1,0.0006513854605145752
11293_3,0.18602882325649261
11294_1,0.48527535796165466
11295_3,0.4479355216026306
11296_1,0.01056151557713747
11297_1,0.013237986713647842
11298_1,0.008068369701504707
11299_1,0.02492484264075756
1129_2,0.006638210266828537
112_2,0.3232388198375702
11300_1,0.018254563212394714
11301_1,0.08189624547958374
11302_4,0.045209500938653946
11303_1,0.05903518572449684
11304_1,0.0030438865069299936
11305_1,0.003904739860445261
11306_1,0.06141403317451477
11307_1,0.0036844871938228607
11308_1,0.02927197515964508
11309_1,0.04008524864912033
1130_1,0.0019421698525547981
11310_3,0.21466444432735443
11311_1,0.003023584373295307
11312_1,0.002278133761137724
11313_1,0.003913986962288618
11314_1,0.0005010068416595459
11315_3,0.8654458522796631
11316_2,0.05864079296588898
11317_1,0.10344269126653671
11318_1,0.0008182601886801422
11319_2,0.20795877277851105
1131_2,0.5033999681472778
11320_1,0.00449266517534852
11321_1,0.0017451304011046886
11322_1,0.003106463234871626
11323_2,0.032733410596847534
11324_2,0.042039498686790466
11325_4,0.0301137063652277
11326_1,0.01465283427387476
11327_3,0.018751511350274086
11328_1,0.007755001541227102
11329_4,0.860771656036377
1132_1,0.008086594752967358
11330_4,0.7868765592575073
11331_1,0.03197861462831497
11332_4,0.8278537392616272
11333_3,0.023921385407447815
11334_2,0.30389204621315
11335_2,0.037766192108392715
11336_4,0.5956296324729919
11337_1,0.028075583279132843
11338_1,0.022638993337750435
11339_4,0.01884603314101696
1133_1,0.20352384448051453
11340_2,0.019640665501356125
11341_1,0.4889993369579315
11342_4,0.47069671750068665
11343_2,0.03480320796370506
11344_1,0.03496364876627922
11345_1,0.00215411395765841
11346_1,0.11713265627622604
11347_1,0.004524420481175184
11348_1,0.011639284901320934
11349_3,0.27835142612457275
1134_1,0.019537637010216713
11350_4,0.0120314322412014
11351_4,0.40182939171791077
11352_4,0.019303256645798683
11353_4,0.601952075958252
11354_2,0.009365711361169815
11355_2,0.0024153145495802164
11356_3,0.03133291006088257
11357_1,0.016677461564540863
11358_4,0.0042477985844016075
11359_2,0.017880763858556747
1135_1,0.00947628729045391
11360_4,0.009194310754537582
11361_3,0.003034252906218171
11362_2,0.3644896149635315
11363_1,0.005144796799868345
11364_3,0.11741997301578522
11365_1,0.22497716546058655
11366_3,0.08780040591955185
11367_4,0.04970032721757889
11368_1,0.004063926171511412
11369_1,0.0037694009952247143
1136_1,0.0026512457989156246
11370_1,0.007042079698294401
11371_3,0.5325201153755188
11372_3,0.16641610860824585
11373_3,0.02098323591053486
11374_4,0.5187544822692871
11375_1,0.020395729690790176
11376_1,0.013954738155007362
11377_4,0.029366062954068184
11378_2,0.1276518553495407
11379_2,0.02027573250234127
1137_1,0.11779844760894775
11380_2,0.13432854413986206
11381_3,0.06400759518146515
11382_3,0.02303123101592064
11383_3,0.01616373471915722
11384_3,0.9888090491294861
11385_4,0.7824855446815491
11386_3,0.6689527034759521
11387_1,0.007575674913823605
11388_1,0.0022021648474037647
11389_3,0.008542751893401146
1138_1,0.6935274004936218
11390_3,0.15280456840991974
11391_1,0.027776289731264114
11392_3,0.3127026855945587
11393_3,0.09201445430517197
11394_4,0.07823719084262848
11395_4,0.926422655582428
11396_2,0.02436383254826069
11397_3,0.29457172751426697
11398_1,0.2000247985124588
11399_1,0.2282542586326599
1139_1,0.0020561933051794767
113_3,0.09305297583341599
11400_3,0.04052983224391937
11401_3,0.006563428323715925
11402_1,0.026935914531350136
11403_1,0.11268806457519531
11404_4,0.0074639455415308475
11405_3,0.06548304855823517
11406_1,0.005947885103523731
11407_4,0.171331986784935
11408_4,0.3340698182582855
11409_1,0.0032160913106054068
1140_1,0.025613294914364815
11410_1,0.48419463634490967
11411_2,0.04413113743066788
11412_2,0.10960874706506729
11413_1,0.13893872499465942
11414_4,0.6555383205413818
11415_4,0.014201777055859566
11416_2,0.014173139818012714
11417_3,0.0052278246730566025
11418_3,0.4133594334125519
11419_4,0.03342732787132263
1141_1,0.0018580103060230613
11420_4,0.09602231532335281
11421_3,0.5015954971313477
11422_1,0.011078677140176296
11423_4,0.011819162406027317
11424_4,0.9122233390808105
11425_2,0.003746988484635949
11426_3,0.013734837993979454
11427_1,0.008015845902264118
11428_1,0.004864743445068598
11429_1,0.477872759103775
1142_1,0.0011491653276607394
11430_4,0.8096486926078796
11431_1,0.00865603145211935
11432_2,0.18125152587890625
11433_3,0.16145974397659302
11434_1,0.028258919715881348
11435_3,0.4240703880786896
11436_1,0.0006127931410446763
11437_1,0.001996011706069112
11438_4,0.06681612879037857
11439_4,0.014197410084307194
1143_1,0.106528639793396
11440_1,0.012831151485443115
11441_3,0.02590063400566578
11442_1,0.2188754379749298
11443_3,0.029804499819874763
11444_3,0.0358261838555336
11445_4,0.20951078832149506
11446_3,0.09772355109453201
11447_1,0.043593861162662506
11448_2,0.08195039629936218
11449_2,0.005779570434242487
1144_1,0.002746737562119961
11450_3,0.0019978799391537905
11451_1,0.22440674901008606
11452_2,0.00843340065330267
11453_1,0.11619159579277039
11454_3,0.014300069771707058
11455_3,0.01025177538394928
11456_4,0.22165906429290771
11457_4,0.03844217583537102
11458_4,0.009743766859173775
11459_4,0.06098352000117302
1145_2,0.1986209899187088
11460_4,0.26688873767852783
11461_4,0.14619103074073792
11462_2,0.01975729689002037
11463_1,0.005641622468829155
11464_3,0.14993815124034882
11465_2,0.012395039200782776
11466_4,0.43679869174957275
11467_4,0.05464926362037659
11468_2,0.03271801397204399
11469_3,0.004960620775818825
1146_4,0.008699427358806133
11470_3,0.0017267796210944653
11471_1,0.01709282398223877
11472_1,0.0038672375958412886
11473_1,0.11576923727989197
11474_2,0.009311116300523281
11475_2,0.006809807848185301
11476_1,0.006740096490830183
11477_1,0.0025223479606211185
11478_3,0.9738786816596985
11479_4,0.5691962838172913
1147_1,0.014412371441721916
11480_2,0.006104975938796997
11481_4,0.5177102088928223
11482_4,0.04041624441742897
11483_1,0.00879297498613596
11484_2,0.9662488102912903
11485_3,0.46261656284332275
11486_3,0.012627826072275639
11487_1,0.0009564761421643198
11488_1,0.010107294656336308
11489_3,0.021243127062916756
1148_4,0.21173860132694244
11490_1,0.008624272421002388
11491_4,0.2520613670349121
11492_1,0.007016285322606564
11493_2,0.015428824350237846
11494_4,0.33135873079299927
11495_2,0.03543958440423012
11496_3,0.11148419231176376
11497_1,0.15352579951286316
11498_1,0.278829425573349
11499_3,0.830706000328064
1149_3,0.00037413588142953813
114_2,0.022364841774106026
11500_4,0.6198092699050903
11501_3,0.7071596384048462
11502_3,0.9331423044204712
11503_1,0.5696964859962463
11504_1,0.08560807257890701
11505_1,0.0007012712303549051
11506_2,0.026967372745275497
11507_1,0.008084926754236221
11508_1,0.008001904934644699
11509_1,0.0018400985281914473
1150_2,0.014437480829656124
11510_2,0.010959758423268795
11511_1,0.004358268808573484
11512_1,0.01395006850361824
11513_1,0.00984260905534029
11514_1,0.08988725394010544
11515_1,0.09985297918319702
11516_3,0.009811735711991787
11517_4,0.061023958027362823
11518_1,0.0006933704717084765
11519_3,0.7973772287368774
1151_1,0.23733115196228027
11520_1,0.13779650628566742
11521_1,0.0009971405379474163
11522_1,0.013157429173588753
11523_3,0.07665612548589706
11524_2,0.023022694513201714
11525_1,0.0006979216122999787
11526_3,0.19464224576950073
11527_1,0.05078474432229996
11528_2,0.0069481865502893925
11529_2,0.040693629533052444
1152_3,0.009203324094414711
11530_3,0.017572931945323944
11531_1,0.04171116277575493
11532_4,0.06486435234546661
11533_4,0.0038003181107342243
11534_3,0.0335284024477005
11535_1,0.033022016286849976
11536_1,0.0021457350812852383
11537_3,0.012646054849028587
11538_1,0.0229489803314209
11539_3,0.06150498986244202
1153_4,0.03546136990189552
11540_1,0.0005405974225141108
11541_4,0.34921348094940186
11542_3,0.045060895383358
11543_3,0.0058392491191625595
11544_1,0.0036037415266036987
11545_3,0.02096673659980297
11546_1,0.0725858062505722
11547_3,0.012007396668195724
11548_3,0.012730998918414116
11549_3,0.010761477053165436
1154_4,0.20148831605911255
11550_4,0.11907397210597992
11551_1,0.00624527083709836
11552_4,0.13094675540924072
11553_1,0.029345447197556496
11554_2,0.6203799843788147
11555_3,0.6015483736991882
11556_1,0.8764848709106445
11557_1,0.016116991639137268
11558_3,0.4769592583179474
11559_1,0.018988115713000298
1155_2,0.009385880082845688
11560_1,0.006288060452789068
11561_1,0.03868482634425163
11562_1,0.01698981784284115
11563_1,0.0032662975136190653
11564_1,0.0020985491573810577
11565_4,0.05243077129125595
11566_1,0.2997809648513794
11567_1,0.0050107138231396675
11568_2,0.07495372742414474
11569_1,0.24518977105617523
1156_2,0.009999305941164494
11570_1,0.7398800253868103
11571_4,0.5472427606582642
11572_2,0.1361878216266632
11573_1,0.002611232688650489
11574_2,0.20035171508789062
11575_3,0.023445192724466324
11576_1,0.004607964772731066
11577_4,0.07021249085664749
11578_1,0.06802388280630112
11579_1,0.029745077714323997
1157_1,0.1198606938123703
11580_3,0.044203098863363266
11581_1,0.009060476906597614
11582_1,0.2100355476140976
11583_4,0.04785635694861412
11584_2,0.011109339073300362
11585_3,0.018016116693615913
11586_1,0.0155299948528409
11587_2,0.01898350566625595
11588_3,0.00883779302239418
11589_1,0.003155912272632122
1158_3,0.11464610695838928
11590_1,0.0030186367221176624
11591_1,0.0007180180982686579
11592_2,0.33490103483200073
11593_3,0.432501882314682
11594_4,0.11058884859085083
11595_1,0.025940362364053726
11596_1,0.022298738360404968
11597_1,0.3993849456310272
11598_4,0.18417203426361084
11599_1,0.005587323103100061
1159_1,0.003943387418985367
115_3,0.028935404494404793
11600_2,0.9428524374961853
11601_2,0.0008641424938105047
11602_4,0.6410174369812012
11603_3,0.013802405446767807
11604_3,0.13050203025341034
11605_1,0.010742436163127422
11606_4,0.9434512257575989
11607_4,0.5101382732391357
11608_1,0.014744912274181843
11609_1,0.021422667428851128
1160_1,0.014287069439888
11610_1,0.06193467974662781
11611_1,0.02012604847550392
11612_1,0.004358875099569559
11613_3,0.005580300465226173
11614_4,0.01937359757721424
11615_1,0.1369970291852951
11616_1,0.00915808416903019
11617_1,0.010444939136505127
11618_3,0.0026621923316270113
11619_1,0.0041794683784246445
1161_1,0.009184775874018669
11620_4,0.14901578426361084
11621_3,0.12930946052074432
11622_3,0.03739064559340477
11623_2,0.012301557697355747
11624_4,0.021702291443943977
11625_4,0.7830209136009216
11626_4,0.0629315972328186
11627_4,0.7621383666992188
11628_3,0.7534105181694031
11629_4,0.2709091007709503
1162_1,0.0025643454864621162
11630_4,0.7624066472053528
11631_4,0.07071010023355484
11632_4,0.18855078518390656
11633_2,0.0009440238354727626
11634_3,0.0036036132369190454
11635_4,0.02407551370561123
11636_3,0.16603919863700867
11637_4,0.17033730447292328
11638_4,0.17613355815410614
11639_4,0.11454912275075912
1163_1,0.1273246556520462
11640_3,0.021577568724751472
11641_2,0.00429904880002141
11642_1,0.054114069789648056
11643_3,0.06388263404369354
11644_3,0.04094705358147621
11645_1,0.07900016754865646
11646_1,0.000624564359895885
11647_2,0.007963825948536396
11648_4,0.21665053069591522
11649_2,0.006808489095419645
1164_1,0.0005410629091784358
11650_1,0.03083128295838833
11651_2,0.0014786426909267902
11652_1,0.005553428549319506
11653_3,0.7245973348617554
11654_4,0.018026571720838547
11655_2,0.24306081235408783
11656_4,0.022462209686636925
11657_4,0.022392014041543007
11658_4,0.022392014041543007
11659_2,0.0741315707564354
1165_2,0.21385231614112854
11660_4,0.04429401084780693
11661_2,0.21912924945354462
11662_2,0.02859780564904213
11663_3,0.0003412823425605893
11664_4,0.08612998574972153
11665_4,0.009433419443666935
11666_3,0.08729558438062668
11667_2,0.009959476999938488
11668_2,0.003902697004377842
11669_3,0.04340720176696777
1166_1,0.0011583113810047507
11670_3,0.1568809300661087
11671_1,0.019285889342427254
11672_1,0.0026322572957724333
11673_1,0.007885908707976341
11674_3,0.9330568313598633
11675_4,0.2464015781879425
11676_1,0.0037404706235975027
11677_2,0.0074809035286307335
11678_2,0.014460963197052479
11679_1,0.017325663939118385
1167_4,0.17832063138484955
11680_1,0.0074747162871062756
11681_1,0.008105119690299034
11682_2,0.2738325297832489
11683_1,0.018172455951571465
11684_2,0.005208243150264025
11685_4,0.021866168826818466
11686_2,0.002249200362712145
11687_1,0.006205072160810232
11688_3,0.22249183058738708
11689_4,0.07857871800661087
1168_1,0.08105036616325378
11690_1,0.0021271584555506706
11691_2,0.1442829966545105
11692_1,0.12897607684135437
11693_3,0.5877034068107605
11694_4,0.08807726949453354
11695_4,0.38030174374580383
11696_2,0.01603424735367298
11697_4,0.11297184973955154
11698_2,0.02725933864712715
11699_2,0.4335339665412903
1169_1,0.009104585275053978
116_4,0.5267900824546814
11700_4,0.9440284967422485
11701_4,0.39563852548599243
11702_4,0.1745392233133316
11703_4,0.04081893712282181
11704_2,0.0032641636207699776
11705_3,0.04309539869427681
11706_2,0.0023168460465967655
11707_2,0.022156311199069023
11708_2,0.031049853190779686
11709_1,0.018752658739686012
1170_1,0.07666533440351486
11710_1,0.0968392938375473
11711_4,0.03645395115017891
11712_2,0.0008874370250850916
11713_1,0.0005138100241310894
11714_1,0.015618791803717613
11715_3,0.9814808368682861
11716_2,0.9938544034957886
11717_1,0.003734946483746171
11718_1,0.04295632615685463
11719_1,0.002663534600287676
1171_1,0.12301994860172272
11720_1,0.0036563288886100054
11721_2,0.004535838961601257
11722_4,0.39442703127861023
11723_4,0.005588075146079063
11724_4,0.4749262034893036
11725_4,0.08866719901561737
11726_3,0.0667857825756073
11727_1,0.01565440185368061
11728_2,0.34720534086227417
11729_4,0.003437755862250924
1172_1,0.02978430688381195
11730_3,0.29470235109329224
11731_3,0.14989584684371948
11732_2,0.08172444999217987
11733_3,0.3250727355480194
11734_3,0.7601595520973206
11735_2,0.035680532455444336
11736_3,0.12929534912109375
11737_4,0.05398641526699066
11738_2,0.054513413459062576
11739_2,0.7860357165336609
1173_1,0.0019925686065107584
11740_2,0.6798206567764282
11741_3,0.002675581257790327
11742_1,0.44193553924560547
11743_1,0.12562139332294464
11744_1,0.21392545104026794
11745_2,0.005584181286394596
11746_1,0.004551600199192762
11747_3,0.008070377632975578
11748_1,0.0009646817925386131
11749_1,0.1970069408416748
1174_1,0.004619217477738857
11750_4,0.007335833739489317
11751_3,0.1592453420162201
11752_2,0.5899119973182678
11753_1,0.02687043324112892
11754_1,0.3080494701862335
11755_1,0.3382457494735718
11756_2,0.1642739325761795
11757_1,0.08065252006053925
11758_1,0.008334389887750149
11759_4,0.05310769006609917
1175_2,0.005208876449614763
11760_1,0.028474513441324234
11761_2,0.07767321914434433
11762_1,0.0067149316892027855
11763_1,0.6713322997093201
11764_1,0.015649517998099327
11765_1,0.0060443878173828125
11766_2,0.8501827120780945
11767_2,0.7917546629905701
11768_4,0.0070478226989507675
11769_1,0.025697441771626472
1176_4,0.13066722452640533
11770_4,0.051974277943372726
11771_1,0.34259700775146484
11772_2,0.08640933781862259
11773_2,0.0212370827794075
11774_3,0.02166944183409214
11775_1,0.051546089351177216
11776_4,0.07266740500926971
11777_1,0.004551129415631294
11778_1,0.7398800253868103
11779_4,0.6952841877937317
1177_3,0.8974350094795227
11780_1,0.012250728905200958
11781_2,0.012812322936952114
11782_1,0.001507490873336792
11783_4,0.4228137135505676
11784_4,0.00933780986815691
11785_4,0.08086896687746048
11786_2,0.04654093459248543
11787_4,0.03705212101340294
11788_4,0.008031610399484634
11789_3,0.155195951461792
1178_4,0.15818506479263306
11790_3,0.025225430727005005
11791_2,0.20868588984012604
11792_1,0.00447702594101429
11793_4,0.11272423714399338
11794_1,0.10214357823133469
11795_2,0.012825313955545425
11796_2,0.01967681013047695
11797_3,0.05097232013940811
11798_2,0.02727506123483181
11799_4,0.021305402740836143
1179_3,0.010941966436803341
117_1,0.0031806007027626038
11800_1,0.002207502257078886
11801_1,0.020074715837836266
11802_1,0.021404726430773735
11803_2,0.20263881981372833
11804_1,0.0028914690483361483
11805_1,0.008913380093872547
11806_1,0.01894405484199524
11807_3,0.24653497338294983
11808_1,0.008090419694781303
11809_1,0.0011109312763437629
1180_1,0.0024285134859383106
11810_4,0.04558546841144562
11811_2,0.003584850812330842
11812_4,0.6096214652061462
11813_1,0.012419486418366432
11814_4,0.0022140478249639273
11815_4,0.4084276258945465
11816_3,0.013039891608059406
11817_2,0.1626017540693283
11818_4,0.02791125886142254
11819_2,0.049942467361688614
1181_1,0.0013729734346270561
11820_2,0.04237102344632149
11821_2,0.23718753457069397
11822_1,0.012068619020283222
11823_1,0.009291107766330242
11824_1,0.0021633654832839966
11825_1,0.011643771082162857
11826_1,0.0042582047171890736
11827_4,0.018522797152400017
11828_1,0.007419915404170752
11829_3,0.029653064906597137
1182_2,0.003077838569879532
11830_2,0.13547983765602112
11831_4,0.1367374062538147
11832_4,0.0673036202788353
11833_4,0.4696770906448364
11834_4,0.511764407157898
11835_1,0.0026356345042586327
11836_3,0.002594616962596774
11837_1,0.08574234694242477
11838_1,0.06564518809318542
11839_1,0.014476567506790161
1183_2,0.07484421879053116
11840_2,0.0047584460116922855
11841_1,0.05499669909477234
11842_2,0.004849904682487249
11843_3,0.16661407053470612
11844_1,0.015597604215145111
11845_2,0.13850274682044983
11846_1,0.4082232415676117
11847_1,0.0034352706279605627
11848_2,0.023653710260987282
11849_1,0.014052986167371273
1184_3,0.009766743518412113
11850_1,0.01849277690052986
11851_1,0.004023222718387842
11852_2,0.005576430819928646
11853_1,0.019583685323596
11854_2,0.040138933807611465
11855_1,0.3789224624633789
11856_1,0.13758128881454468
11857_1,0.08697985857725143
11858_1,0.022160036489367485
11859_4,0.04038441181182861
1185_1,0.0015330592868849635
11860_1,0.07779882103204727
11861_1,0.0008949075709097087
11862_1,0.08430832624435425
11863_1,0.008538669906556606
11864_2,0.0037180399522185326
11865_1,0.04381861910223961
11866_3,0.023202598094940186
11867_2,0.08580943942070007
11868_1,0.030674923211336136
11869_1,0.010055463761091232
1186_1,0.0078028468415141106
11870_3,0.09827300161123276
11871_4,0.015211447142064571
11872_3,0.006864395458251238
11873_1,0.02407941222190857
11874_4,0.07084698975086212
11875_3,0.0421014167368412
11876_4,0.014349677599966526
11877_1,0.0023145019076764584
11878_3,0.005829035770148039
11879_2,0.004195366986095905
1187_1,0.0017040660604834557
11880_3,0.08564785867929459
11881_2,0.002355782315135002
11882_2,0.019711222499608994
11883_4,0.03297749161720276
11884_2,0.021172840148210526
11885_1,0.0008005988202057779
11886_1,0.049176011234521866
11887_2,0.01476578414440155
11888_3,0.3215056359767914
11889_2,0.022600289434194565
1188_2,0.003917055670171976
11890_1,0.1534908413887024
11891_2,0.16219307482242584
11892_1,0.06612399965524673
11893_1,0.3783099055290222
11894_1,0.007816783152520657
11895_4,0.08994212746620178
11896_4,0.9403835535049438
11897_3,0.20191188156604767
11898_1,0.036093760281801224
11899_1,0.0021504200994968414
1189_3,0.031525399535894394
118_1,0.0007413860876113176
11900_3,0.15643326938152313
11901_3,0.041711702942848206
11902_3,0.01864069327712059
11903_3,0.031165320426225662
11904_1,0.0011856269557029009
11905_2,0.6732306480407715
11906_3,0.032760635018348694
11907_4,0.08327797800302505
11908_2,0.6987723708152771
11909_4,0.13850869238376617
1190_1,0.014540107920765877
11910_2,0.037715889513492584
11911_3,0.1850465089082718
11912_4,0.11386620253324509
11913_3,0.014767753891646862
11914_4,0.09215423464775085
11915_4,0.1349426656961441
11916_3,0.18551068007946014
11917_2,0.005422353744506836
11918_2,0.002970732981339097
11919_4,0.20652082562446594
1191_1,0.018171846866607666
11920_4,0.4229060411453247
11921_3,0.018541505560278893
11922_3,0.0076516978442668915
11923_2,0.19259582459926605
11924_4,0.059071481227874756
11925_2,0.031200464814901352
11926_1,0.004564705304801464
11927_3,0.10908112674951553
11928_1,0.03302227333188057
11929_4,0.8856339454650879
1192_1,0.0004484704986680299
11930_2,0.18873459100723267
11931_3,0.04909816384315491
11932_1,0.037425678223371506
11933_3,0.0015582978958263993
11934_4,0.08135666698217392
11935_3,0.019616462290287018
11936_4,0.08647877722978592
11937_3,0.15848828852176666
11938_4,0.00539380731061101
11939_2,0.003723381320014596
1193_2,0.37626785039901733
11940_3,0.04017151519656181
11941_2,0.01019351277500391
11942_1,0.001996306935325265
11943_4,0.027965465560555458
11944_2,0.9970261454582214
11945_4,0.9807226061820984
11946_3,0.05621574819087982
11947_2,0.9129903316497803
11948_2,0.012739226222038269
11949_4,0.5730112195014954
1194_2,0.003981935326009989
11950_3,0.23303605616092682
11951_4,0.016313141211867332
11952_4,0.7862936854362488
11953_3,0.2602303922176361
11954_1,0.0037909315433353186
11955_4,0.07480016350746155
11956_2,0.04566734656691551
11957_1,0.0038448444101959467
11958_1,0.06508470326662064
11959_3,0.016162734478712082
1195_3,0.007016275078058243
11960_1,0.24940036237239838
11961_2,0.003147074021399021
11962_1,0.0076290578581392765
11963_1,0.06555595248937607
11964_4,0.008739020675420761
11965_1,0.005481827072799206
11966_1,0.0015598582103848457
11967_4,0.004203682765364647
11968_2,0.004818495362997055
11969_4,0.01963610202074051
1196_2,0.12311585247516632
11970_3,0.25599706172943115
11971_1,0.007454230450093746
11972_1,0.010810557752847672
11973_2,0.004878476727753878
11974_2,0.005092985462397337
11975_2,0.5597621202468872
11976_2,0.00263572228141129
11977_1,0.09569796174764633
11978_3,0.2662205696105957
11979_1,0.022549711167812347
1197_3,0.03663286566734314
11980_2,0.7175232768058777
11981_3,0.09763538092374802
11982_1,0.0791253000497818
11983_1,0.056856513023376465
11984_1,0.037047356367111206
11985_1,0.008240601979196072
11986_2,0.05982295423746109
11987_3,0.004742008168250322
11988_2,0.0697113648056984
11989_3,0.0006272983737289906
1198_4,0.006992485839873552
11990_4,0.015824776142835617
11991_4,0.22085455060005188
11992_1,0.00189100147690624
11993_1,0.08723815530538559
11994_3,0.07234428822994232
11995_1,0.0016700209816917777
11996_1,0.0014195903204381466
11997_1,0.18812954425811768
11998_3,0.40324854850769043
11999_2,0.002090112306177616
1199_1,0.003220892045646906
119_3,0.008952471427619457
11_3,0.04305164888501167
12000_4,0.001921293674968183
12001_3,0.007010440807789564
12002_4,0.14705197513103485
12003_4,0.024099161848425865
12004_2,0.17927511036396027
12005_3,0.0696912556886673
12006_2,0.00428344588726759
12007_2,0.004154847003519535
12008_1,0.0031207087449729443
12009_1,0.0029459816869348288
1200_1,0.0014309589751064777
12010_1,0.006831799168139696
12011_2,0.02792137861251831
12012_4,0.5489829182624817
12013_1,0.004742268472909927
12014_2,0.04885633662343025
12015_1,0.016666632145643234
12016_2,0.012879160232841969
12017_1,0.001496932003647089
12018_1,0.007667985744774342
12019_1,0.1626611351966858
1201_2,0.012572038918733597
12020_4,0.2799825668334961
12021_1,0.005861897487193346
12022_2,0.2086459994316101
12023_1,0.4664972722530365
12024_1,0.00431561004370451
12025_1,0.003726694267243147
12026_1,0.009192660450935364
12027_1,0.0005511676426976919
12028_1,0.0037411099765449762
12029_3,0.027215640991926193
1202_4,0.6388493180274963
12030_3,0.09546568989753723
12031_1,0.34897226095199585
12032_1,0.002525723772123456
12033_1,0.020745590329170227
12034_1,0.021625716239213943
12035_1,0.13285434246063232
12036_4,0.04362926259636879
12037_3,0.03215668350458145
12038_2,0.7716846466064453
12039_4,0.3477315604686737
1203_1,0.0065879360772669315
12040_1,0.40369713306427
12041_3,0.024946343153715134
12042_1,0.03354145959019661
12043_2,0.0028024003840982914
12044_4,0.5790938138961792
12045_4,0.9766358733177185
12046_1,0.9273331165313721
12047_2,0.0030016135424375534
12048_1,0.046986039727926254
12049_4,0.75730961561203
1204_1,0.047996655106544495
12050_4,0.27163511514663696
12051_4,0.0616692490875721
12052_2,0.09434918314218521
12053_1,0.007222129963338375
12054_2,0.010344687849283218
12055_1,0.00200546788983047
12056_4,0.5611357092857361
12057_1,0.0012463476741686463
12058_1,0.012637057341635227
12059_1,0.0014245645143091679
1205_3,0.5580437779426575
12060_1,0.01884160190820694
12061_1,0.06438902020454407
12062_1,0.0007323920144699514
12063_1,0.10942511260509491
12064_1,0.40980714559555054
12065_4,0.12209642678499222
12066_1,0.9182844161987305
12067_1,0.010168005712330341
12068_3,0.010005178861320019
12069_1,0.16546715795993805
1206_3,0.5031552910804749
12070_4,0.43284112215042114
12071_3,0.9497881531715393
12072_1,0.06321877986192703
12073_1,0.009688243269920349
12074_4,0.014703729189932346
12075_3,0.15005144476890564
12076_2,0.009170865640044212
12077_2,0.17612211406230927
12078_1,0.01008517388254404
12079_1,0.0014469242887571454
1207_4,0.12845952808856964
12080_3,0.13111168146133423
12081_4,0.061636731028556824
12082_1,0.020563501864671707
12083_1,0.45014968514442444
12084_4,0.315355509519577
12085_1,0.07522359490394592
12086_4,0.25567758083343506
12087_3,0.0049452087841928005
12088_2,0.0011790740536525846
12089_1,0.26662781834602356
1208_3,0.48823654651641846
12090_4,0.05140227824449539
12091_1,0.003371654311195016
12092_3,0.14284586906433105
12093_2,0.5342062711715698
12094_1,0.008124577812850475
12095_3,0.002688324311748147
12096_1,0.0009204272064380348
12097_1,0.004906213842332363
12098_1,0.0008175853290595114
12099_3,0.06499023735523224
1209_3,0.24602824449539185
120_2,0.010394973680377007
12100_1,0.007008323911577463
12101_2,0.010832495987415314
12102_2,0.029931068420410156
12103_2,0.17895948886871338
12104_1,0.0796080231666565
12105_1,0.014131497591733932
12106_1,0.0030999667942523956
12107_2,0.0044176941737532616
12108_1,0.03996458277106285
12109_1,0.14405663311481476
1210_1,0.01759081892669201
12110_1,0.8297635912895203
12111_1,0.5457341074943542
12112_3,0.026886168867349625
12113_1,0.05056724697351456
12114_4,0.05206167325377464
12115_4,0.02126065455377102
12116_1,0.5051068663597107
12117_1,0.4367905259132385
12118_1,0.16965380311012268
12119_3,0.7888661026954651
1211_1,0.010411547496914864
12120_3,0.028377652168273926
12121_3,0.07881390303373337
12122_3,0.26532113552093506
12123_4,0.03281448781490326
12124_3,0.02522195316851139
12125_3,0.4814821183681488
12126_3,0.0013891964918002486
12127_1,0.01073169894516468
12128_1,0.12186794728040695
12129_1,0.0026042526587843895
1212_4,0.9153784513473511
12130_1,0.9985570311546326
12131_2,0.08615615218877792
12132_4,0.8367025256156921
12133_1,0.007845408283174038
12134_1,0.8467386960983276
12135_3,0.13467083871364594
12136_4,0.6851187348365784
12137_4,0.28716400265693665
12138_3,0.5840678811073303
12139_3,0.011052525602281094
1213_3,0.9065521359443665
12140_3,0.08554309606552124
12141_2,0.4292689263820648
12142_2,0.03386629372835159
12143_4,0.07395073771476746
12144_4,0.788777768611908
12145_4,0.5059652924537659
12146_1,0.003761327126994729
12147_1,0.03474729135632515
12148_1,0.002047543413937092
12149_2,0.016031380742788315
1214_2,0.3227747678756714
12150_1,0.2574773132801056
12151_1,0.0071119144558906555
12152_4,0.011539092287421227
12153_4,0.09948118776082993
12154_2,0.008150124922394753
12155_2,0.007288839668035507
12156_4,0.05269116163253784
12157_3,0.10063150525093079
12158_2,0.0014170901849865913
12159_1,0.009684277698397636
1215_1,0.022153932601213455
12160_1,0.062443919479846954
12161_4,0.6873518824577332
12162_1,0.14699485898017883
12163_1,0.006308536045253277
12164_1,0.0004154858470428735
12165_1,0.012792939320206642
12166_2,0.015615097247064114
12167_1,0.0013967541744932532
12168_1,0.0010907473042607307
12169_1,0.0066370246931910515
1216_1,0.003401088062673807
12170_3,0.024704916402697563
12171_1,0.8189204335212708
12172_3,0.40711116790771484
12173_3,0.0020400951616466045
12174_3,0.017370129004120827
12175_3,0.0008094304357655346
12176_1,0.003926352597773075
12177_2,0.01265892293304205
12178_3,0.0006296007777564228
12179_2,0.08729809522628784
1217_2,0.0023204763419926167
12180_1,0.012175962328910828
12181_4,0.1508503407239914
12182_1,0.0009204070083796978
12183_4,0.00538236927241087
12184_2,0.13117340207099915
12185_4,0.33762821555137634
12186_1,0.023808415979146957
12187_3,0.19538593292236328
12188_3,0.15448829531669617
12189_1,0.07036919891834259
1218_1,0.0013585168635472655
12190_1,0.04021206125617027
12191_3,0.007142051588743925
12192_1,0.07423340529203415
12193_3,0.0034383442252874374
12194_1,0.004522642586380243
12195_1,0.5532305240631104
12196_4,0.06624477356672287
12197_1,0.05876819044351578
12198_2,0.05518673360347748
12199_1,0.014396903105080128
1219_1,0.018048876896500587
121_4,0.8991348147392273
12200_1,0.0006122329505160451
12201_1,0.009555102325975895
12202_1,0.005775619298219681
12203_2,0.058316804468631744
12204_2,0.006490482948720455
12205_2,0.01264225784689188
12206_4,0.09918250888586044
12207_1,0.012776557356119156
12208_3,0.009953857399523258
12209_3,0.0063912756741046906
1220_3,0.003118630964308977
12210_1,0.012818848714232445
12211_3,0.03396237641572952
12212_2,0.07093853503465652
12213_1,0.01017546746879816
12214_2,0.5186362862586975
12215_1,0.0029157001990824938
12216_1,0.16295553743839264
12217_2,0.07719455659389496
12218_4,0.4202961325645447
12219_1,0.00766965514048934
1221_1,0.006532595492899418
12220_1,0.053424328565597534
12221_2,0.011779002845287323
12222_1,0.010911489836871624
12223_2,0.0009688525460660458
12224_4,0.20622770488262177
12225_1,0.0003109693352598697
12226_4,0.8874878287315369
12227_1,0.08370290696620941
12228_4,0.17999660968780518
12229_3,0.1523260623216629
1222_2,0.15442514419555664
12230_1,0.012829751707613468
12231_2,0.03152148425579071
12232_4,0.022724749520421028
12233_2,0.00041631923522800207
12234_4,0.07359622418880463
12235_1,0.003449308453127742
12236_2,0.010607226751744747
12237_2,0.033080458641052246
12238_1,0.00471311854198575
12239_1,0.0010400975588709116
1223_3,0.04280849173665047
12240_2,0.033209674060344696
12241_2,0.01378969568759203
12242_2,0.0029513933695852757
12243_4,0.36356309056282043
12244_4,0.027397409081459045
12245_4,0.10471978038549423
12246_1,0.014436504803597927
12247_1,0.3426758944988251
12248_2,0.004855015780776739
12249_2,0.0076121496967971325
1224_3,0.5406827926635742
12250_2,0.014541037380695343
12251_3,0.26639366149902344
12252_2,0.4321579337120056
12253_3,0.9615357518196106
12254_3,0.7123683094978333
12255_2,0.006063499487936497
12256_4,0.8984070420265198
12257_3,0.026711538434028625
12258_3,0.7171676754951477
12259_4,0.0013121051015332341
1225_1,0.004442835692316294
12260_1,0.003527554450556636
12261_4,0.11291725188493729
12262_1,0.000987841747701168
12263_1,0.0009097353322431445
12264_3,0.0071022361516952515
12265_1,0.045762110501527786
12266_1,0.04966389015316963
12267_1,0.003838603151962161
12268_1,0.07839500904083252
12269_1,0.009144986979663372
1226_1,0.0552775003015995
12270_2,0.0031454814597964287
12271_1,0.006408619694411755
12272_1,0.015952659770846367
12273_1,0.04909698665142059
12274_4,0.13532616198062897
12275_2,0.1439843326807022
12276_3,0.06926179677248001
12277_4,0.1377326101064682
12278_3,0.4679880738258362
12279_4,0.6742131114006042
1227_3,0.026394829154014587
12280_3,0.018380388617515564
12281_1,0.1459093540906906
12282_1,0.001073775696568191
12283_1,0.0025888937525451183
12284_1,0.04682096838951111
12285_3,0.10131630301475525
12286_1,0.00931314006447792
12287_3,0.007373088039457798
12288_2,0.027675768360495567
12289_1,0.8256154656410217
1228_4,0.0681462213397026
12290_2,0.28712424635887146
12291_1,0.006591716781258583
12292_4,0.022444507107138634
12293_3,0.01876055635511875
12294_1,0.002225958975031972
12295_1,0.004185799974948168
12296_3,0.9179515242576599
12297_2,0.00953497365117073
12298_2,0.0013364454498514533
12299_3,0.03345305100083351
1229_4,0.496061235666275
122_4,0.04555230215191841
12300_4,0.04920469969511032
12301_4,0.15659591555595398
12302_3,0.09040729701519012
12303_1,0.018476977944374084
12304_1,0.00043731858022511005
12305_1,0.010653535835444927
12306_1,0.007529143709689379
12307_3,0.001427633804269135
12308_1,0.012784590013325214
12309_1,0.08708659559488297
1230_2,0.0052833883091807365
12310_1,0.5132491588592529
12311_1,0.0673743411898613
12312_1,0.0681021586060524
12313_1,0.0043268571607768536
12314_1,0.010042672976851463
12315_1,0.006613788660615683
12316_1,0.13793879747390747
12317_1,0.000711026310455054
12318_1,0.325653076171875
12319_1,0.004668646492063999
1231_4,0.12021504342556
12320_1,0.0301829781383276
12321_1,0.0085215512663126
12322_1,0.058459121733903885
12323_1,0.05685155466198921
12324_2,0.0029240709263831377
12325_1,0.03245655819773674
12326_1,0.009583981707692146
12327_1,0.6711704134941101
12328_1,0.0338042676448822
12329_1,0.12761689722537994
1232_1,0.005882429890334606
12330_1,0.14138254523277283
12331_4,0.05466872826218605
12332_4,0.9309372901916504
12333_1,0.004723993130028248
12334_2,0.017528565600514412
12335_3,0.03726915270090103
12336_1,0.0012891514925286174
12337_3,0.016352519392967224
12338_2,0.024406621232628822
12339_3,0.8028827905654907
1233_1,0.02296684868633747
12340_4,0.43013957142829895
12341_4,0.00812761764973402
12342_1,0.002910899231210351
12343_1,0.0019352517556399107
12344_4,0.5582723617553711
12345_4,0.5487743616104126
12346_1,0.29600051045417786
12347_1,0.29600051045417786
12348_1,0.031334515661001205
12349_1,0.15435191988945007
1234_3,0.001996972132474184
12350_1,0.23871013522148132
12351_1,0.001309367478825152
12352_3,0.9716992974281311
12353_2,0.28178948163986206
12354_3,0.1972496658563614
12355_3,0.022310636937618256
12356_1,0.02367122657597065
12357_2,0.21208345890045166
12358_4,0.33795440196990967
12359_3,0.03712114319205284
1235_2,0.00731385825201869
12360_4,0.002715614391490817
12361_1,0.6351224184036255
12362_4,0.16670414805412292
12363_4,0.5654318332672119
12364_2,0.020630817860364914
12365_4,0.005024138372391462
12366_1,0.02971191331744194
12367_1,0.010623122565448284
12368_2,0.004372228868305683
12369_1,0.023960426449775696
1236_2,0.45118018984794617
12370_1,0.0016162591055035591
12371_1,0.0009173449943773448
12372_2,0.009207064285874367
12373_1,0.012530741281807423
12374_3,0.015035918913781643
12375_1,0.016469286754727364
12376_4,0.09056199342012405
12377_1,0.9700959920883179
12378_1,0.007081948686391115
12379_3,0.036296553909778595
1237_2,0.4774903357028961
12380_4,0.005088734906166792
12381_3,0.010828016325831413
12382_4,0.9592158198356628
12383_2,0.3345054090023041
12384_4,0.14284612238407135
12385_4,0.019755670800805092
12386_2,0.19304890930652618
12387_2,0.0016429555835202336
12388_3,0.07098360359668732
12389_1,0.6100415587425232
1238_4,0.008537466637790203
12390_4,0.2694486379623413
12391_2,0.17698433995246887
12392_4,0.0029311394318938255
12393_1,0.06613960862159729
12394_1,0.004634488839656115
12395_1,0.319342702627182
12396_1,0.003926514647901058
12397_1,0.005730296019464731
12398_1,0.02319345250725746
12399_4,0.012799367308616638
1239_4,0.5185716152191162
123_4,0.9490252733230591
12400_1,0.023055311292409897
12401_4,0.42498335242271423
12402_3,0.04704143851995468
12403_1,0.014818633906543255
12404_4,0.5037248134613037
12405_4,0.9784623384475708
12406_1,0.007926391437649727
12407_1,0.02589769847691059
12408_4,0.12888069450855255
12409_4,0.055888351052999496
1240_1,0.09677267074584961
12410_3,0.058896273374557495
12411_1,0.006448732223361731
12412_3,0.13156765699386597
12413_2,0.03621406480669975
12414_1,0.007727376651018858
12415_2,0.48908737301826477
12416_2,0.06540510058403015
12417_4,0.3831178843975067
12418_3,0.04871851205825806
12419_1,0.11122417449951172
1241_4,0.5323709845542908
12420_2,0.07779359817504883
12421_3,0.10003390163183212
12422_1,0.008646032772958279
12423_2,0.006881883833557367
12424_4,0.017591265961527824
12425_3,0.004215027205646038
12426_3,0.17740130424499512
12427_1,0.056334368884563446
12428_1,0.04635382071137428
12429_1,0.03803474083542824
1242_1,0.010027884505689144
12430_1,0.3982173800468445
12431_4,0.10056661814451218
12432_1,0.0071453251875936985
12433_1,0.06458434462547302
12434_1,0.0029329429380595684
12435_2,0.019469482824206352
12436_1,0.0179932601749897
12437_1,0.0022657832596451044
12438_1,0.1480168104171753
12439_1,0.0009077266440726817
1243_2,0.07433982193470001
12440_4,0.031245382502675056
12441_2,0.005023346748203039
12442_1,0.0018306542187929153
12443_1,0.0032555151265114546
12444_1,0.06645026057958603
12445_1,0.01290801353752613
12446_1,0.0002786219120025635
12447_4,0.011215819977223873
12448_2,0.002351447008550167
12449_2,0.007903365418314934
1244_1,0.12989942729473114
12450_3,0.028576869517564774
12451_3,0.145432710647583
12452_3,0.20829613506793976
12453_2,0.2625442147254944
12454_1,0.007992371916770935
12455_2,0.487093448638916
12456_1,0.003469910705462098
12457_3,0.003833712777122855
12458_1,0.004044253844767809
12459_1,0.0017820352222770452
1245_2,0.180972620844841
12460_2,0.22178101539611816
12461_1,0.0006413609953597188
12462_1,0.0018294035689905286
12463_1,0.06646507978439331
12464_1,0.006646578665822744
12465_2,0.004700729623436928
12466_4,0.012748153880238533
12467_2,0.025907274335622787
12468_1,0.0029380579944700003
12469_1,0.010088643990457058
1246_1,0.0021652395371347666
12470_3,0.030944297090172768
12471_3,0.6083608865737915
12472_1,0.012691469863057137
12473_3,0.020234081894159317
12474_4,0.7959558963775635
12475_2,0.043008267879486084
12476_4,0.0858376994729042
12477_2,0.05627806484699249
12478_4,0.4058700203895569
12479_4,0.023595130071043968
1247_1,0.03406853973865509
12480_2,0.02080509252846241
12481_1,0.023309916257858276
12482_2,0.005049544386565685
12483_4,0.012142593041062355
12484_2,0.027707254514098167
12485_4,0.48722317814826965
12486_1,0.9543610215187073
12487_2,0.05500233918428421
12488_3,0.025534963235259056
12489_3,0.2365899682044983
1248_3,0.10292305797338486
12490_4,0.4040180742740631
12491_4,0.09062063694000244
12492_4,0.11018411070108414
12493_4,0.2316829413175583
12494_2,0.01778625324368477
12495_3,0.014454793184995651
12496_3,0.001212489209137857
12497_4,0.07938028126955032
12498_1,0.00031380337895825505
12499_1,0.8269398212432861
1249_1,0.002444977406412363
124_2,0.004777554888278246
1250_2,0.001832113484852016
1251_4,0.1763548105955124
1252_4,0.13056746125221252
1253_1,0.011110308580100536
1254_2,0.1460501253604889
1255_4,0.13348811864852905
1256_4,0.14963848888874054
1257_1,0.23017403483390808
1258_3,0.037132877856492996
1259_1,0.0036082870792597532
125_3,0.026321062818169594
1260_3,0.06781649589538574
1261_1,0.2979893684387207
1262_1,0.01183263584971428
1263_1,0.09683983772993088
1264_1,0.0010572769679129124
1265_2,0.00856821145862341
1266_4,0.5963030457496643
1267_3,0.266414076089859
1268_2,0.03412432223558426
1269_1,0.5182921886444092
126_4,0.1432691067457199
1270_4,0.867728590965271
1271_2,0.5043878555297852
1272_4,0.3784577548503876
1273_3,0.01918850839138031
1274_2,0.059799227863550186
1275_3,0.14194504916667938
1276_3,0.0077506136149168015
1277_2,0.13086450099945068
1278_1,0.12574584782123566
1279_3,0.16053682565689087
127_3,0.002696705749258399
1280_3,0.7224476337432861
1281_2,0.22789189219474792
1282_3,0.01421063020825386
1283_1,0.022398749366402626
1284_1,0.0019625029526650906
1285_1,0.00044787005754187703
1286_1,0.017057856544852257
1287_1,0.0025097320321947336
1288_1,0.3057018518447876
1289_1,0.24886631965637207
128_4,0.5642067193984985
1290_2,0.010114186443388462
1291_1,0.0038371048867702484
1292_3,0.007771757896989584
1293_1,0.0014996177051216364
1294_4,0.26508063077926636
1295_1,0.00677570141851902
1296_1,0.0030402883421629667
1297_2,0.0017536459490656853
1298_1,0.001322246389463544
1299_1,0.006944357417523861
129_1,0.003753938712179661
12_4,0.09733546525239944
1300_1,0.19867920875549316
1301_1,0.008980950340628624
1302_1,0.2187034636735916
1303_3,0.03275952488183975
1304_3,0.10538705438375473
1305_1,0.0018297771457582712
1306_1,0.03812646120786667
1307_1,0.015679391101002693
1308_3,0.001614353503100574
1309_2,0.0006910490337759256
130_4,0.0018483608728274703
1310_2,0.015445421449840069
1311_2,0.0009517201106064022
1312_1,0.0014172251103445888
1313_3,0.022542063146829605
1314_1,0.00381447933614254
1315_4,0.007271708454936743
1316_2,0.001988372066989541
1317_2,0.03696901723742485
1318_2,0.03526373952627182
1319_3,0.006870772689580917
131_1,0.045317333191633224
1320_1,0.015194941312074661
1321_4,0.8227855563163757
1322_1,0.0040316833183169365
1323_3,0.4167480170726776
1324_1,0.004476049914956093
1325_3,0.16595320403575897
1326_4,0.0016904716612771153
1327_3,0.005442345514893532
1328_1,0.4316084086894989
1329_4,0.02036047726869583
132_1,0.0020887304563075304
1330_1,0.0025675285141915083
1331_1,0.0006281802197918296
1332_1,0.0008305248920805752
1333_3,0.019139884039759636
1334_3,0.02416624128818512
1335_4,0.100941963493824
1336_1,0.0050994218327105045
1337_4,0.19198516011238098
1338_1,0.0019477439345791936
1339_2,0.07961776852607727
133_1,0.4200602173805237
1340_3,0.0024321365635842085
1341_3,0.28158649802207947
1342_2,0.07443755865097046
1343_2,0.3106042742729187
1344_3,0.4533504545688629
1345_1,0.007233229000121355
1346_1,0.004125927574932575
1347_3,0.01038665696978569
1348_1,0.07406949251890182
1349_4,0.016994668170809746
134_1,0.023709580302238464
1350_3,0.020634129643440247
1351_1,0.0015625085216015577
1352_2,0.9331833124160767
1353_1,0.06749606877565384
1354_4,0.5391963124275208
1355_2,0.19999206066131592
1356_4,0.07927875220775604
1357_4,0.03181655704975128
1358_3,0.03718050941824913
1359_2,0.09825515747070312
135_3,0.14938190579414368
1360_3,0.07772191613912582
1361_3,0.8496009707450867
1362_3,0.06886433064937592
1363_1,0.012805466540157795
1364_3,0.4059976041316986
1365_4,0.22562165558338165
1366_3,0.009028620086610317
1367_3,0.43558165431022644
1368_1,0.04087313264608383
1369_3,0.10599792748689651
136_2,0.003716567298397422
1370_4,0.8288958668708801
1371_1,0.030551727861166
1372_4,0.04637690261006355
1373_1,0.20160990953445435
1374_1,0.09302248060703278
1375_1,0.11798078566789627
1376_3,0.03937845304608345
1377_2,0.3314746618270874
1378_1,0.6528065204620361
1379_1,0.35624414682388306
137_3,0.003944751340895891
1380_2,0.020168345421552658
1381_1,0.1394915133714676
1382_1,0.005234030075371265
1383_1,0.12703920900821686
1384_2,0.07131475955247879
1385_1,0.02854662574827671
1386_1,0.04762586951255798
1387_1,0.07368559390306473
1388_1,0.2322665899991989
1389_3,0.09953964501619339
138_1,0.021792227402329445
1390_1,0.6114866733551025
1391_1,0.01982206292450428
1392_1,0.40385836362838745
1393_1,0.9159504771232605
1394_1,0.02341354452073574
1395_1,0.042886268347501755
1396_1,0.01824711263179779
1397_1,0.10147452354431152
1398_1,0.01786702126264572
1399_1,0.06245095655322075
139_4,0.050098028033971786
13_1,0.6637054681777954
1400_4,0.41085925698280334
1401_4,0.283419132232666
1402_4,0.016674982383847237
1403_4,0.02298887073993683
1404_4,0.21841636300086975
1405_2,0.003482861677184701
1406_4,0.3626856803894043
1407_4,0.1688179075717926
1408_3,0.7295036911964417
1409_4,0.02444121241569519
140_2,0.12252479791641235
1410_2,0.5965614914894104
1411_4,0.5379471182823181
1412_3,0.4252006709575653
1413_3,0.6166870594024658
1414_4,0.43656933307647705
1415_1,0.0024815332144498825
1416_1,0.015036392025649548
1417_4,0.745212197303772
1418_3,0.25984320044517517
1419_4,0.8685084581375122
141_1,0.44886305928230286
1420_4,0.9482990503311157
1421_1,0.01007809117436409
1422_4,0.4870043396949768
1423_1,0.0010308758355677128
1424_4,0.19896666705608368
1425_1,0.02475365251302719
1426_1,0.006613330915570259
1427_4,0.36404356360435486
1428_3,0.004836916923522949
1429_3,0.004158634226769209
142_1,0.005884395446628332
1430_3,0.004424639046192169
1431_3,0.012900881469249725
1432_3,0.01052862498909235
1433_3,0.00801723264157772
1434_4,0.05278097093105316
1435_3,0.01548374816775322
1436_1,0.07005883753299713
1437_1,0.015847861766815186
1438_1,0.037378374487161636
1439_1,0.0019146851263940334
143_4,0.014235635288059711
1440_1,0.007490294519811869
1441_1,0.13628292083740234
1442_1,0.002641843631863594
1443_2,0.44314396381378174
1444_1,0.011654060333967209
1445_4,0.9872915148735046
1446_3,0.0008299612090922892
1447_1,0.13723048567771912
1448_2,0.0028992085717618465
1449_4,0.13584735989570618
144_2,0.006715943105518818
1450_3,0.37167686223983765
1451_1,0.04494433104991913
1452_3,0.22528059780597687
1453_2,0.11524973064661026
1454_4,0.5417647957801819
1455_4,0.10311801731586456
1456_4,0.8314522504806519
1457_1,0.08101452887058258
1458_2,0.10477516800165176
1459_4,0.0952237993478775
145_1,0.0036640672478824854
1460_2,0.15590830147266388
1461_3,0.01167069748044014
1462_1,0.017621055245399475
1463_4,0.6048046350479126
1464_1,0.0024441725108772516
1465_3,0.19581851363182068
1466_3,0.002774738008156419
1467_1,0.002617506543174386
1468_1,0.00867620762437582
1469_1,0.007990360260009766
146_1,0.02665749192237854
1470_1,0.007990360260009766
1471_2,0.02734355255961418
1472_1,0.009764165617525578
1473_3,0.09029647707939148
1474_4,0.8967081904411316
1475_1,0.005129052791744471
1476_3,0.02295529842376709
1477_4,0.5531056523323059
1478_4,0.027799641713500023
1479_4,0.0035856992471963167
147_4,0.7019554972648621
1480_1,0.01736459508538246
1481_1,0.026337016373872757
1482_4,0.7027088403701782
1483_3,0.05173632130026817
1484_4,0.013289853930473328
1485_3,0.01678682677447796
1486_4,0.1613309532403946
1487_3,0.11393839865922928
1488_4,0.8875561356544495
1489_4,0.018340932205319405
148_1,0.40009281039237976
1490_3,0.09567254036664963
1491_1,0.1761045902967453
1492_3,0.14068208634853363
1493_4,0.3715123236179352
1494_4,0.18995243310928345
1495_1,0.13521680235862732
1496_1,0.0004451700078789145
1497_1,0.0020449277944862843
1498_1,0.0011589658679440618
1499_3,0.022943856194615364
149_1,0.05699947103857994
14_1,0.022911138832569122
1500_2,0.1731509417295456
1501_1,0.3811294138431549
1502_1,0.12023565918207169
1503_1,0.015604010783135891
1504_1,0.0045381649397313595
1505_3,0.02269437164068222
1506_2,0.004235177766531706
1507_1,0.08592357486486435
1508_2,0.0016641358379274607
1509_2,0.00609527388587594
150_4,0.02992347627878189
1510_1,0.02933194860816002
1511_2,0.6698116660118103
1512_1,0.002109228167682886
1513_3,0.12388351559638977
1514_1,0.17764174938201904
1515_1,0.010742634534835815
1516_1,0.0165867917239666
1517_1,0.00760791078209877
1518_1,0.01592131145298481
1519_1,0.015047095715999603
151_2,0.05450950562953949
1520_2,0.01680321991443634
1521_1,0.8898724913597107
1522_1,0.004233022220432758
1523_4,0.3633914589881897
1524_3,0.8950704336166382
1525_1,0.006235695444047451
1526_3,0.21671973168849945
1527_3,0.23616871237754822
1528_2,0.030806655064225197
1529_4,0.014857511967420578
152_4,0.6371409296989441
1530_1,0.013557301834225655
1531_3,0.4553624987602234
1532_4,0.0445934534072876
1533_4,0.0018241379875689745
1534_4,0.017084749415516853
1535_3,0.5159047245979309
1536_3,0.05058844015002251
1537_2,0.011044563725590706
1538_2,0.008237936533987522
1539_2,0.012667865492403507
153_4,0.4546464681625366
1540_3,0.0016275071538984776
1541_2,0.7149063348770142
1542_3,0.007924097590148449
1543_3,0.019735919311642647
1544_3,0.17638467252254486
1545_1,0.0038549955934286118
1546_1,0.45038217306137085
1547_1,0.005510993301868439
1548_1,0.011101249605417252
1549_1,0.011553749442100525
154_2,0.04460107162594795
1550_2,0.35344573855400085
1551_4,0.30501091480255127
1552_1,0.005276376381516457
1553_3,0.22948555648326874
1554_1,0.06286647170782089
1555_2,0.005252030678093433
1556_1,0.0048518795520067215
1557_2,0.0014605061151087284
1558_2,0.0060362969525158405
1559_2,0.0024302308447659016
155_2,0.004803364165127277
1560_4,0.27894270420074463
1561_3,0.034547679126262665
1562_4,0.02766600251197815
1563_2,0.15704192221164703
1564_1,0.8731317520141602
1565_4,0.4027461111545563
1566_4,0.43168526887893677
1567_1,0.007232373114675283
1568_4,0.006950815208256245
1569_3,0.06315227597951889
156_3,0.47474944591522217
1570_2,0.13264086842536926
1571_4,0.3879541754722595
1572_3,0.17310664057731628
1573_3,0.5991787314414978
1574_1,0.05629904195666313
1575_1,0.2518858313560486
1576_2,0.20758679509162903
1577_4,0.012992527335882187
1578_4,0.045282647013664246
1579_4,0.5835981965065002
157_3,0.10767895728349686
1580_1,0.05359620973467827
1581_1,0.008150672540068626
1582_2,0.0021924504544585943
1583_2,0.09086666256189346
1584_1,0.0029257789719849825
1585_1,0.01695915125310421
1586_1,0.004489175044000149
1587_3,0.0023517010267823935
1588_3,0.2883532643318176
1589_1,0.6964998841285706
158_1,0.009194066748023033
1590_1,0.052718356251716614
1591_2,0.948030412197113
1592_2,0.0053726318292319775
1593_4,0.38516122102737427
1594_4,0.00896252878010273
1595_1,0.006422273349016905
1596_3,0.06568929553031921
1597_1,0.004595294129103422
1598_1,0.007284476421773434
1599_1,0.14967741072177887
159_1,0.0014404173707589507
15_2,0.004693400114774704
1600_2,0.03582483530044556
1601_4,0.03993819281458855
1602_1,0.20577110350131989
1603_4,0.22472615540027618
1604_1,0.006934782024472952
1605_3,0.11020969599485397
1606_1,0.38114604353904724
1607_3,0.043205734342336655
1608_1,0.15789459645748138
1609_1,0.003291056025773287
160_1,0.04106159880757332
1610_4,0.7475664019584656
1611_2,0.4084186255931854
1612_2,0.504358172416687
1613_3,0.019292598590254784
1614_4,0.04978738725185394
1615_1,0.1334114670753479
1616_3,0.12994477152824402
1617_1,0.014055364765226841
1618_4,0.01245565339922905
1619_3,0.003126051975414157
161_3,0.09059540927410126
1620_1,0.00708833197131753
1621_1,0.02791290171444416
1622_1,0.07002975791692734
1623_2,0.02057167887687683
1624_1,0.6444010138511658
1625_3,0.4315195679664612
1626_3,0.0034238426014781
1627_1,0.03417167812585831
1628_1,0.004092356655746698
1629_1,0.06668917089700699
162_3,0.019125843420624733
1630_1,0.10611267387866974
1631_1,0.5156701803207397
1632_1,0.4641404449939728
1633_1,0.013078735210001469
1634_2,0.0032392009161412716
1635_1,0.03446609154343605
1636_2,0.0039184195920825005
1637_2,0.01006915234029293
1638_1,0.007219832856208086
1639_1,0.003920251503586769
163_1,0.22690950334072113
1640_1,0.25608736276626587
1641_1,0.0122780567035079
1642_2,0.05054368078708649
1643_1,0.10083093494176865
1644_4,0.05488606169819832
1645_2,0.04172167927026749
1646_1,0.025265749543905258
1647_1,0.15738879144191742
1648_3,0.06987298280000687
1649_2,0.002559589920565486
164_2,0.009882090613245964
1650_4,0.02107081189751625
1651_2,0.004743671044707298
1652_1,0.0027890505734831095
1653_1,0.007027137093245983
1654_1,0.009010515175759792
1655_1,0.0021200994960963726
1656_4,0.22870731353759766
1657_4,0.05494881793856621
1658_2,0.07380971312522888
1659_1,0.0012093859259039164
165_4,0.027201224118471146
1660_1,0.02410910464823246
1661_1,0.0013412450207397342
1662_1,0.039580922573804855
1663_1,0.005957283545285463
1664_2,0.10123799741268158
1665_4,0.01290143933147192
1666_3,0.12333992123603821
1667_2,0.014604087918996811
1668_2,0.0018573092529550195
1669_4,0.9040321111679077
166_4,0.19572484493255615
1670_4,0.42812755703926086
1671_2,0.2454300820827484
1672_1,0.026552245020866394
1673_3,0.256089448928833
1674_1,0.08114971965551376
1675_4,0.663891077041626
1676_4,0.3296547532081604
1677_2,0.318071573972702
1678_1,0.2736770808696747
1679_1,0.08419107645750046
167_2,0.04973338916897774
1680_2,0.0030196900479495525
1681_1,0.005163727328181267
1682_2,0.9700345993041992
1683_2,0.06713191419839859
1684_1,0.0017548884497955441
1685_1,0.0017050349852070212
1686_2,0.6441860795021057
1687_4,0.002078011864796281
1688_4,0.005760116036981344
1689_1,0.011355379596352577
168_1,0.0015402180142700672
1690_1,0.002625602064654231
1691_1,0.03726978227496147
1692_3,0.11203616112470627
1693_4,0.26815250515937805
1694_1,0.13256126642227173
1695_3,0.027083823457360268
1696_3,0.5308743119239807
1697_2,0.18194901943206787
1698_1,0.08323197811841965
1699_4,0.26551157236099243
169_4,0.31670835614204407
16_1,0.00800000037997961
1700_1,0.016496645286679268
1701_1,0.025266053155064583
1702_2,0.5180683732032776
1703_3,0.17278574407100677
1704_3,0.249471515417099
1705_4,0.0920993834733963
1706_1,0.1545099914073944
1707_1,0.013997634872794151
1708_1,0.006244832184165716
1709_1,0.0020496146753430367
170_2,0.7158624529838562
1710_1,0.12209026515483856
1711_4,0.03137296438217163
1712_1,0.005114160943776369
1713_1,0.002265537390485406
1714_1,0.001304473145864904
1715_2,0.9214581847190857
1716_3,0.3715694546699524
1717_3,0.12251929938793182
1718_2,0.002838615793734789
1719_2,0.0010900830384343863
171_2,0.09080106019973755
1720_3,0.008364230394363403
1721_1,0.001757983467541635
1722_2,0.002101906342431903
1723_3,0.038118574768304825
1724_1,0.002322630025446415
1725_1,0.0056301504373550415
1726_1,0.006436809431761503
1727_1,0.004137691576033831
1728_1,0.01199323870241642
1729_1,0.0010520193027332425
172_4,0.16243597865104675
1730_1,0.01224241591989994
1731_3,0.05656196177005768
1732_1,0.005722487345337868
1733_1,0.00283659715205431
1734_4,0.2847777009010315
1735_1,0.025665100663900375
1736_1,0.01999998837709427
1737_1,0.0006726403371430933
1738_4,0.060762543231248856
1739_3,0.0040982067584991455
173_4,0.02957560494542122
1740_3,0.0035262673627585173
1741_4,0.34813451766967773
1742_3,0.01980413869023323
1743_4,0.06735114753246307
1744_1,0.02089497447013855
1745_1,0.0017089099856093526
1746_3,0.07345084846019745
1747_1,0.29777225852012634
1748_1,0.0434245765209198
1749_4,0.47660717368125916
174_2,0.004175007808953524
1750_4,0.5362114906311035
1751_4,0.8543733358383179
1752_3,0.9525219202041626
1753_1,0.008671820163726807
1754_1,0.006360113155096769
1755_1,0.057744596153497696
1756_1,0.0020231707021594048
1757_1,0.007367505691945553
1758_2,0.20047317445278168
1759_3,0.9475734233856201
175_4,0.34229493141174316
1760_1,0.13969551026821136
1761_1,0.1379333734512329
1762_1,0.0014118797844275832
1763_1,0.0010817379225045443
1764_1,0.01222478412091732
1765_1,0.028588375076651573
1766_2,0.007038242183625698
1767_2,0.059146713465452194
1768_3,0.0034222195390611887
1769_4,0.7526101469993591
176_3,0.1622103750705719
1770_2,0.021968204528093338
1771_4,0.24976293742656708
1772_1,0.006322073750197887
1773_1,0.001692716614343226
1774_4,0.014672019518911839
1775_4,0.24040767550468445
1776_4,0.01649310067296028
1777_4,0.013715216889977455
1778_1,0.005982422735542059
1779_1,0.0038187727332115173
177_1,0.024695439264178276
1780_3,0.02493136189877987
1781_1,0.009851544164121151
1782_1,0.017987733706831932
1783_4,0.1180470660328865
1784_2,0.11228036135435104
1785_1,0.004886718466877937
1786_3,0.007816702127456665
1787_1,0.003266230458393693
1788_1,0.12418112903833389
1789_2,0.003632462816312909
178_2,0.0025160834193229675
1790_2,0.8602098226547241
1791_1,0.03905709832906723
1792_3,0.0022022989578545094
1793_1,0.012015952728688717
1794_4,0.028811072930693626
1795_2,0.2435322254896164
1796_1,0.0025465821381658316
1797_3,0.10980004817247391
1798_3,0.09459660202264786
1799_4,0.34638357162475586
179_1,0.08639462292194366
17_3,0.6638237237930298
1800_4,0.08161380887031555
1801_1,0.03169475868344307
1802_1,0.0016359899891540408
1803_3,0.2581217586994171
1804_2,0.0046232533641159534
1805_4,0.4656478762626648
1806_3,0.5862055420875549
1807_3,0.015564880333840847
1808_4,0.032171182334423065
1809_2,0.001450351788662374
180_3,0.037070900201797485
1810_1,0.009907101280987263
1811_3,0.003876908216625452
1812_1,0.0071116103790700436
1813_3,0.010802936740219593
1814_3,0.10482864826917648
1815_2,0.1667788177728653
1816_4,0.8177552819252014
1817_1,0.07103756815195084
1818_1,0.634874701499939
1819_4,0.02912871725857258
181_3,0.3974442780017853
1820_4,0.06612159311771393
1821_4,0.06422754377126694
1822_1,0.002665785374119878
1823_2,0.1105232685804367
1824_3,0.3048473298549652
1825_4,0.014441397041082382
1826_4,0.1899220049381256
1827_3,0.000653809926006943
1828_1,0.0008789534913375974
1829_1,0.0020764677319675684
182_3,0.09554938971996307
1830_3,0.019646065309643745
1831_1,0.003375361207872629
1832_4,0.30377882719039917
1833_3,0.00966923963278532
1834_2,0.0015856993850320578
1835_3,0.01006003562361002
1836_4,0.09234213829040527
1837_2,0.022174062207341194
1838_3,0.05547569692134857
1839_4,0.010510696098208427
183_4,0.12822404503822327
1840_3,0.2313636690378189
1841_4,0.002436615526676178
1842_4,0.17560912668704987
1843_4,0.032862454652786255
1844_3,0.011707301251590252
1845_1,0.024623654782772064
1846_4,0.008425389416515827
1847_1,0.0004271199577488005
1848_2,0.002243374940007925
1849_4,0.030032742768526077
184_3,0.014749330468475819
1850_4,0.7528338432312012
1851_1,0.1047438457608223
1852_4,0.0009446920012123883
1853_3,0.12270263582468033
1854_1,0.004131876397877932
1855_4,0.1926202028989792
1856_3,0.03381294384598732
1857_1,0.15476694703102112
1858_1,0.0019579969812184572
1859_2,0.0637296810746193
185_4,0.3812369108200073
1860_1,0.02170504629611969
1861_1,0.055200766772031784
1862_1,0.002740441123023629
1863_1,0.0014725427608937025
1864_1,0.000756077584810555
1865_3,0.021798202767968178
1866_1,0.04331205412745476
1867_1,0.03340290114283562
1868_4,0.022339964285492897
1869_3,0.01959722861647606
186_1,0.003548939013853669
1870_2,0.032763488590717316
1871_2,0.000769416568800807
1872_4,0.5912980437278748
1873_3,0.04948953539133072
1874_1,0.5903661847114563
1875_1,0.015946291387081146
1876_1,0.018483448773622513
1877_1,0.27771133184432983
1878_1,0.0033035336527973413
1879_1,0.005226582754403353
187_1,0.17438583076000214
1880_4,0.23450841009616852
1881_1,0.804259181022644
1882_3,0.024677401408553123
1883_4,0.19195905327796936
1884_4,0.14491930603981018
1885_4,0.01977994106709957
1886_4,0.00809379480779171
1887_2,0.021635526791214943
1888_4,0.012573376297950745
1889_4,0.7086915969848633
188_3,0.17921894788742065
1890_4,0.2607942223548889
1891_4,0.09737220406532288
1892_2,0.015871303156018257
1893_2,0.19780907034873962
1894_4,0.17774845659732819
1895_4,0.0038336249999701977
1896_2,0.005744078196585178
1897_1,0.007982691749930382
1898_1,0.0027699496131390333
1899_2,0.01903880201280117
189_4,0.22629763185977936
18_1,0.0013220361433923244
1900_4,0.7352780699729919
1901_3,0.0015107746003195643
1902_4,0.4422205090522766
1903_1,0.06617986410856247
1904_2,0.009176318533718586
1905_2,0.008054276928305626
1906_1,0.22722023725509644
1907_1,0.005125678610056639
1908_2,0.031378962099552155
1909_2,0.004841275047510862
190_2,0.10230116546154022
1910_1,0.008062099106609821
1911_1,0.009531511925160885
1912_2,0.00823264755308628
1913_2,0.3957414925098419
1914_2,0.04221445694565773
1915_1,0.0013494157465174794
1916_1,0.0030097265262156725
1917_2,0.0810430496931076
1918_2,0.005448672920465469
1919_1,0.004059200640767813
191_3,0.41920310258865356
1920_3,0.13985085487365723
1921_2,0.007277376018464565
1922_1,0.011448299512267113
1923_1,0.01473038550466299
1924_1,0.030129987746477127
1925_1,0.0038293844554573298
1926_3,0.3027210533618927
1927_1,0.02692975476384163
1928_4,0.6210285425186157
1929_1,0.06083371862769127
192_2,0.00176385254599154
1930_3,0.17097483575344086
1931_3,0.0025739390403032303
1932_3,0.09249043464660645
1933_2,0.500506579875946
1934_1,0.0014957728562876582
1935_3,0.02371842972934246
1936_4,0.022167639806866646
1937_4,0.10984048992395401
1938_2,0.030613835901021957
1939_2,0.0014704394852742553
193_4,0.020982962101697922
1940_3,0.0600992776453495
1941_1,0.037011824548244476
1942_1,0.004170711617916822
1943_3,0.0021582627668976784
1944_4,0.4421915113925934
1945_4,0.0215643011033535
1946_3,0.019943686202168465
1947_1,0.0021087334025651217
1948_1,0.01192793995141983
1949_3,0.2700086832046509
194_1,0.017286261543631554
1950_1,0.015368038788437843
1951_1,0.02930128201842308
1952_1,0.025326009839773178
1953_2,0.04046526551246643
1954_1,0.0524616502225399
1955_1,0.02102610468864441
1956_2,0.05054919794201851
1957_1,0.0005185322952456772
1958_2,0.01397936511784792
1959_1,0.00029351635021157563
195_4,0.20538130402565002
1960_1,0.011007403023540974
1961_1,0.7234922647476196
1962_1,0.2632698714733124
1963_1,0.005366316065192223
1964_1,0.015290622599422932
1965_3,0.017506932839751244
1966_1,0.010263761505484581
1967_3,0.8741412162780762
1968_1,0.006321219727396965
1969_4,0.14857804775238037
196_4,0.008943092077970505
1970_2,0.33205485343933105
1971_3,0.03654540702700615
1972_4,0.009174766018986702
1973_4,0.012950989417731762
1974_1,0.12986817955970764
1975_4,0.21361036598682404
1976_4,0.5111307501792908
1977_4,0.028858250007033348
1978_2,0.02078871987760067
1979_1,0.03112826868891716
197_1,0.08752133697271347
1980_3,0.17037737369537354
1981_2,0.013887463137507439
1982_1,0.05282284691929817
1983_3,0.17209334671497345
1984_2,0.011646350845694542
1985_2,0.23071682453155518
1986_1,0.00296167959459126
1987_2,0.00943034514784813
1988_1,0.1702924519777298
1989_1,0.0022925646044313908
198_3,0.06605780869722366
1990_4,0.01269854512065649
1991_2,0.050448741763830185
1992_2,0.030704611912369728
1993_4,0.12489955127239227
1994_1,0.046482961624860764
1995_3,0.09110758453607559
1996_4,0.08739092200994492
1997_4,0.1783624291419983
1998_2,0.14107109606266022
1999_1,0.01947040669620037
199_4,0.9493785500526428
19_1,0.0010585174895823002
1_3,0.1588180959224701
2000_1,0.002751743420958519
2001_1,0.2206948697566986
2002_1,0.010092663578689098
2003_1,0.03843988478183746
2004_1,0.07852205634117126
2005_1,0.01615648716688156
2006_1,0.030847342684864998
2007_3,0.024438807740807533
2008_1,0.035385869443416595
2009_1,0.0029460282530635595
200_4,0.08670110255479813
2010_1,0.0014953399077057838
2011_1,0.007325770333409309
2012_1,0.012339412234723568
2013_1,0.018471410498023033
2014_1,0.017163392156362534
2015_1,0.005139091517776251
2016_2,0.011553182266652584
2017_1,0.0300636924803257
2018_1,0.4199351966381073
2019_1,0.0004286450566723943
201_2,0.0019780206494033337
2020_1,0.0013616501819342375
2021_1,0.008030668832361698
2022_1,0.013357158750295639
2023_1,0.013610166497528553
2024_1,0.026871856302022934
2025_2,0.04987853392958641
2026_2,0.012504123151302338
2027_1,0.01454826258122921
2028_1,0.0040074298158288
2029_2,0.031390026211738586
202_4,0.08419549465179443
2030_1,0.0012965569039806724
2031_1,0.0072475699707865715
2032_1,0.010216671042144299
2033_3,0.031928569078445435
2034_1,0.00575438654050231
2035_4,0.09651397913694382
2036_1,0.0059330035001039505
2037_2,0.007216976024210453
2038_1,0.5676097273826599
2039_4,0.03520757332444191
203_3,0.003068529535084963
2040_1,0.01524162758141756
2041_1,0.004627736750990152
2042_3,0.032366666942834854
2043_3,0.007360280957072973
2044_4,0.7129718065261841
2045_1,0.001013060798868537
2046_4,0.03171266242861748
2047_3,0.5268573760986328
2048_4,0.002006435999646783
2049_1,0.004307535942643881
204_1,0.004651969764381647
2050_3,0.0009609959670342505
2051_1,0.00994666013866663
2052_3,0.03256278485059738
2053_4,0.003277320647612214
2054_1,0.002445463789626956
2055_1,0.03807200863957405
2056_1,0.002893650671467185
2057_1,0.010708579793572426
2058_2,0.0018614322179928422
2059_1,0.12087331712245941
205_2,0.016300657764077187
2060_2,0.4828803241252899
2061_4,0.38709381222724915
2062_2,0.01673288457095623
2063_4,0.9922215342521667
2064_1,0.001990488963201642
2065_2,0.0056207370944321156
2066_1,0.004169834312051535
2067_2,0.0030528248753398657
2068_1,0.0813157856464386
2069_4,0.01137452945113182
206_2,0.025480512529611588
2070_3,0.00305221532471478
2071_1,0.003599097952246666
2072_2,0.04614308476448059
2073_4,0.001344398595392704
2074_1,0.04260097071528435
2075_1,0.012837192974984646
2076_2,0.011573554016649723
2077_4,0.0198857169598341
2078_4,0.5623390078544617
2079_1,0.014126192778348923
207_3,0.0024311996530741453
2080_2,0.00343884713947773
2081_2,0.5183796286582947
2082_3,0.05392533913254738
2083_3,0.010522142983973026
2084_3,0.19472567737102509
2085_3,0.07962857186794281
2086_4,0.18316365778446198
2087_3,0.02498900331556797
2088_1,0.07858379930257797
2089_4,0.05342801660299301
208_3,0.022220853716135025
2090_1,0.019676268100738525
2091_2,0.053895242512226105
2092_2,0.02249501645565033
2093_1,0.004051255993545055
2094_3,0.1192002221941948
2095_3,0.012667919509112835
2096_4,0.7031080722808838
2097_3,0.01007542759180069
2098_1,0.2026177942752838
2099_3,0.02685667760670185
209_4,0.0018495435360819101
20_1,0.027911726385354996
2100_1,0.004417491145431995
2101_3,0.06619933247566223
2102_3,0.0022003420162945986
2103_1,0.06104198843240738
2104_2,0.009678046219050884
2105_2,0.07463151216506958
2106_2,0.10333291441202164
2107_3,0.0014393944293260574
2108_1,0.07337212562561035
2109_3,0.048396360129117966
210_4,0.1989581435918808
2110_4,0.2331751435995102
2111_1,0.007773670367896557
2112_2,0.0006159048643894494
2113_2,0.05218956619501114
2114_3,0.04824420437216759
2115_2,0.005345430225133896
2116_1,0.03817998990416527
2117_4,0.4452438950538635
2118_4,0.1391894519329071
2119_4,0.2965008616447449
211_3,0.07671114802360535
2120_1,0.004971617832779884
2121_1,0.17854614555835724
2122_1,0.003872487461194396
2123_2,0.0033014146611094475
2124_1,0.0016485268715769053
2125_2,0.029761705547571182
2126_1,0.004023473244160414
2127_1,0.02839619666337967
2128_3,0.02170078083872795
2129_4,0.09275549650192261
212_4,0.034155599772930145
2130_2,0.007601803634315729
2131_3,0.12886010110378265
2132_2,0.38578730821609497
2133_1,0.0038205215241760015
2134_4,0.19729699194431305
2135_1,0.010495022870600224
2136_3,0.005140342749655247
2137_1,0.007907036691904068
2138_3,0.08648940920829773
2139_1,0.0024850554764270782
213_3,0.07518187165260315
2140_1,0.019333401694893837
2141_1,0.006923867855221033
2142_4,0.027935154736042023
2143_4,0.7387601137161255
2144_4,0.08140520751476288
2145_3,0.3998901844024658
2146_3,0.00610558083280921
2147_4,0.195089653134346
2148_1,0.0298449769616127
2149_3,0.010305017232894897
214_1,0.017522340640425682
2150_1,0.007421186193823814
2151_2,0.007451228331774473
2152_1,0.009702417999505997
2153_1,0.01411454752087593
2154_1,0.011360380798578262
2155_1,0.024961693212389946
2156_1,0.19511380791664124
2157_2,0.9112232327461243
2158_1,0.058517638593912125
2159_1,0.01688232272863388
215_4,0.028641987591981888
2160_2,0.011475248262286186
2161_4,0.3951214849948883
2162_1,0.012976419180631638
2163_1,0.05461680516600609
2164_4,0.4926125109195709
2165_4,0.5449526906013489
2166_1,0.019708052277565002
2167_2,0.026057152077555656
2168_2,0.018779676407575607
2169_2,0.015506872907280922
216_2,0.016737811267375946
2170_1,0.2936604619026184
2171_4,0.6415871381759644
2172_1,0.1381804645061493
2173_1,0.006713844370096922
2174_2,0.0037515622097998857
2175_1,0.00016805974883027375
2176_4,0.48725348711013794
2177_2,0.4839794337749481
2178_4,0.058248747140169144
2179_4,0.044547319412231445
217_3,0.004499068018049002
2180_2,0.7269079685211182
2181_2,0.05810118094086647
2182_1,0.029087336733937263
2183_2,0.056424446403980255
2184_1,0.06128161773085594
2185_3,0.007231120485812426
2186_3,0.6936956644058228
2187_1,0.9661909341812134
2188_4,0.030482854694128036
2189_2,0.10387479513883591
218_3,0.0032014409080147743
2190_3,0.31552746891975403
2191_1,0.03238275647163391
2192_4,0.01919187419116497
2193_4,0.2426440566778183
2194_4,0.008809110149741173
2195_1,0.0030363306868821383
2196_1,0.8920383453369141
2197_1,0.0664742961525917
2198_4,0.02725902386009693
2199_3,0.0071526397950947285
219_1,0.002333681331947446
21_1,0.025239821523427963
2200_2,0.01494868565350771
2201_2,0.003705576527863741
2202_4,0.10312869399785995
2203_4,0.597125768661499
2204_1,0.03159737214446068
2205_4,0.04801920801401138
2206_4,0.004638045094907284
2207_1,0.006218580529093742
2208_3,0.2603211998939514
2209_4,0.09157994389533997
220_4,0.5925810933113098
2210_4,0.21323621273040771
2211_2,0.005394886713474989
2212_4,0.8164967894554138
2213_2,0.037200141698122025
2214_3,0.03846453130245209
2215_1,0.3751128911972046
2216_4,0.023978836834430695
2217_3,0.0608917772769928
2218_3,0.025356363505125046
2219_4,0.009634171612560749
221_3,0.00849977694451809
2220_1,0.0014773182338103652
2221_2,0.010092183016240597
2222_1,0.7823366522789001
2223_3,0.8737320303916931
2224_3,0.07003036141395569
2225_1,0.002511960454285145
2226_4,0.013356366194784641
2227_3,0.07251942157745361
2228_4,0.029295356944203377
2229_4,0.14144067466259003
222_3,0.052227526903152466
2230_4,0.006573752034455538
2231_2,0.04649556055665016
2232_4,0.11269695311784744
2233_2,0.12220853567123413
2234_4,0.6260284185409546
2235_4,0.5760782361030579
2236_4,0.03078831359744072
2237_1,0.06087883561849594
2238_1,0.6830343008041382
2239_1,0.6939539909362793
223_3,0.11238914728164673
2240_1,0.8617321252822876
2241_1,0.031714361160993576
2242_1,0.006148112937808037
2243_1,0.009988708421587944
2244_4,0.22080831229686737
2245_1,0.20300161838531494
2246_1,0.004833821672946215
2247_1,0.21426862478256226
2248_1,0.000464889220893383
2249_1,0.026873333379626274
224_3,0.10978247970342636
2250_1,0.002244929550215602
2251_2,0.2305237501859665
2252_1,0.0037559850607067347
2253_1,0.004691213369369507
2254_1,0.038493670523166656
2255_1,0.01660354621708393
2256_1,0.08275379240512848
2257_4,0.8986712098121643
2258_1,0.17028485238552094
2259_2,0.033512309193611145
225_3,0.13898102939128876
2260_3,0.0006673656753264368
2261_1,0.07721001654863358
2262_1,0.0011909498134627938
2263_1,0.4298124313354492
2264_1,0.20987384021282196
2265_4,0.38251423835754395
2266_3,0.6235892176628113
2267_4,0.04291367903351784
2268_4,0.008324669674038887
2269_1,0.5118028521537781
226_4,0.017071031033992767
2270_1,0.013245788402855396
2271_3,0.33977824449539185
2272_3,0.1537412703037262
2273_2,0.005441494286060333
2274_1,0.153160959482193
2275_4,0.04422387480735779
2276_4,0.056254591792821884
2277_3,0.0034436420537531376
2278_3,0.183793306350708
2279_3,0.0010093143209815025
227_1,0.02061915397644043
2280_4,0.9735046625137329
2281_3,0.1588916927576065
2282_2,0.14416509866714478
2283_3,0.02989204414188862
2284_3,0.24335411190986633
2285_4,0.19594454765319824
2286_3,0.0034338245168328285
2287_4,0.006476268172264099
2288_4,0.028841761872172356
2289_3,0.6242202520370483
228_1,0.005172827746719122
2290_4,0.9930862188339233
2291_1,0.003935829270631075
2292_1,0.0035929111763834953
2293_4,0.2088761329650879
2294_2,0.004402789752930403
2295_3,0.06402447819709778
2296_2,0.009761588647961617
2297_4,0.24834132194519043
2298_4,0.01526770181953907
2299_1,0.027169452980160713
229_1,0.05874297395348549
22_3,0.008858945220708847
2300_4,0.009319917298853397
2301_2,0.004869141150265932
2302_1,0.5636523365974426
2303_4,0.18633553385734558
2304_3,0.003582187695428729
2305_3,0.007035197224467993
2306_4,0.32962119579315186
2307_3,0.09258513152599335
2308_3,0.2133617401123047
2309_3,0.01807696744799614
230_1,0.0028224328998476267
2310_2,0.013002156279981136
2311_4,0.030420223250985146
2312_3,0.0016953004524111748
2313_1,0.1965225338935852
2314_1,0.025319751352071762
2315_1,0.0008827504934743047
2316_3,0.08716099709272385
2317_2,0.004821231123059988
2318_2,0.09848978370428085
2319_1,0.007349067833274603
231_1,0.012848904356360435
2320_1,0.010052994824945927
2321_1,0.002199693350121379
2322_4,0.6721905469894409
2323_3,0.004081243649125099
2324_2,0.26466166973114014
2325_2,0.08629865944385529
2326_2,0.013958670198917389
2327_2,0.04619972035288811
2328_2,0.013803540728986263
2329_2,0.1576511412858963
232_4,0.014937512576580048
2330_2,0.746995210647583
2331_2,0.034035664051771164
2332_2,0.12306246906518936
2333_2,0.058078620582818985
2334_3,0.017741158604621887
2335_1,0.005931516643613577
2336_1,0.005081883165985346
2337_1,0.024747081100940704
2338_1,0.07223182171583176
2339_1,0.012455476447939873
233_2,0.4286515712738037
2340_1,0.03841857984662056
2341_1,0.06831017136573792
2342_1,0.003228116314858198
2343_4,0.023019520565867424
2344_1,0.0006801335839554667
2345_3,0.02273694798350334
2346_4,0.24633260071277618
2347_3,0.003200802020728588
2348_3,0.3982011079788208
2349_3,0.24457980692386627
234_3,0.3653804063796997
2350_3,0.5569009780883789
2351_4,0.2098545879125595
2352_2,0.0008208205690607429
2353_1,0.1148809865117073
2354_3,0.2839442193508148
2355_1,0.2131040245294571
2356_4,0.9411853551864624
2357_4,0.0053184013813734055
2358_3,0.11871451139450073
2359_3,0.2564103901386261
235_4,0.3388369381427765
2360_1,0.0019287036266177893
2361_1,0.0027669218834489584
2362_3,0.06045489013195038
2363_4,0.09917313605546951
2364_4,0.011281530372798443
2365_3,0.0313827209174633
2366_2,0.0711369514465332
2367_3,0.12145479768514633
2368_4,0.01505710557103157
2369_3,0.6274724006652832
236_3,0.04050687700510025
2370_4,0.9747222661972046
2371_4,0.0026835596654564142
2372_3,0.850371241569519
2373_4,0.04373727738857269
2374_2,0.007600497920066118
2375_4,0.011779873631894588
2376_4,0.09941384941339493
2377_4,0.043943628668785095
2378_2,0.012536227703094482
2379_1,0.005485082045197487
237_1,0.018225934356451035
2380_1,0.01871754601597786
2381_1,0.518346905708313
2382_2,0.0002886722213588655
2383_4,0.9422743916511536
2384_3,0.607165515422821
2385_4,0.7734338045120239
2386_1,0.0035959682427346706
2387_2,0.014462587423622608
2388_1,0.032069772481918335
2389_2,0.09913026541471481
238_1,0.0010008547687903047
2390_3,0.028144385665655136
2391_2,0.08399184048175812
2392_2,0.06020691990852356
2393_3,0.2954784035682678
2394_2,0.8388540744781494
2395_3,0.0025793714448809624
2396_4,0.001880464842543006
2397_4,0.15739059448242188
2398_3,0.046707697212696075
2399_3,0.16480271518230438
239_2,0.038461167365312576
23_4,0.16158874332904816
2400_1,0.21082492172718048
2401_4,0.08785778284072876
2402_1,0.38466063141822815
2403_1,0.3259616792201996
2404_4,0.4275051951408386
2405_1,0.00174291233997792
2406_2,0.1698915958404541
2407_1,0.22522537410259247
2408_3,0.02426913008093834
2409_1,0.02096954546868801
240_4,0.40755969285964966
2410_2,0.0792478695511818
2411_1,0.004710321314632893
2412_2,0.06319870054721832
2413_1,0.7731155157089233
2414_4,0.07307517528533936
2415_2,0.03829602524638176
2416_1,0.005287941545248032
2417_4,0.010635508224368095
2418_2,0.29851898550987244
2419_1,0.01031341403722763
241_1,0.001399803557433188
2420_1,0.04021603614091873
2421_3,0.045501578599214554
2422_1,0.002373470924794674
2423_1,0.02832416445016861
2424_2,0.3399224877357483
2425_3,0.8146024942398071
2426_2,0.004497922491282225
2427_1,0.8335403800010681
2428_1,0.0006921576568856835
2429_1,0.060502875596284866
242_3,0.02185487002134323
2430_2,0.17656950652599335
2431_1,0.36633026599884033
2432_2,0.1331246942281723
2433_1,0.005955719389021397
2434_1,0.015523552894592285
2435_1,0.0034394063986837864
2436_4,0.6436077952384949
2437_3,0.028538664802908897
2438_2,0.0032037911005318165
2439_1,0.02089216373860836
243_4,0.28122785687446594
2440_4,0.3520452082157135
2441_4,0.6378565430641174
2442_4,0.18378713726997375
2443_4,0.002127646468579769
2444_4,0.08248244225978851
2445_3,0.2942061722278595
2446_1,0.08714643120765686
2447_4,0.1353914737701416
2448_1,0.10800988972187042
2449_1,0.062471918761730194
244_2,0.0003818258992396295
2450_1,0.003674353938549757
2451_1,0.02071984112262726
2452_1,0.14137157797813416
2453_1,0.03715992718935013
2454_1,0.001303961267694831
2455_4,0.04827554523944855
2456_1,0.06332401931285858
2457_3,0.12838639318943024
2458_2,0.21951612830162048
2459_2,0.020303018391132355
245_2,0.028004448860883713
2460_1,0.15827880799770355
2461_4,0.059833820909261703
2462_2,0.2900562882423401
2463_4,0.023636745288968086
2464_4,0.8517158031463623
2465_2,0.1486082375049591
2466_1,0.09657008945941925
2467_1,0.01751149259507656
2468_1,0.002495565451681614
2469_1,0.007505059242248535
246_2,0.008012967184185982
2470_1,0.2519146502017975
2471_4,0.024889804422855377
2472_3,0.039391085505485535
2473_2,0.0021156794391572475
2474_1,0.014767150394618511
2475_1,0.1368173509836197
2476_3,0.268500953912735
2477_2,0.291226327419281
2478_3,0.00941016711294651
2479_1,0.04747403413057327
247_2,0.08426596224308014
2480_3,0.009444735012948513
2481_1,0.22762368619441986
2482_1,0.037960585206747055
2483_4,0.07367940247058868
2484_1,0.13046981394290924
2485_1,0.0031318971887230873
2486_3,0.16678386926651
2487_2,0.03219553083181381
2488_1,0.63912433385849
2489_3,0.5670030117034912
248_2,0.00415460392832756
2490_1,0.00554866436868906
2491_4,0.3557843863964081
2492_4,0.6988327503204346
2493_3,0.01071271114051342
2494_4,0.0034146427642554045
2495_2,0.005538987927138805
2496_3,0.11049317568540573
2497_2,0.4196246266365051
2498_4,0.0034756730310618877
2499_3,0.056929122656583786
249_2,0.30359888076782227
24_4,0.052601199597120285
2500_2,0.4531885087490082
2501_3,0.07821764796972275
2502_1,0.003328509395942092
2503_3,0.5129560232162476
2504_3,0.8138117790222168
2505_1,0.07834868878126144
2506_1,0.07920928299427032
2507_1,0.6097593307495117
2508_1,0.0015531901735812426
2509_1,0.0008854807820171118
250_1,0.03499383106827736
2510_3,0.017670931294560432
2511_4,0.04179205372929573
2512_2,0.0034022582694888115
2513_4,0.07013887166976929
2514_4,0.42228299379348755
2515_1,0.39924269914627075
2516_1,0.8502548336982727
2517_1,0.9240357279777527
2518_1,0.1326294243335724
2519_4,0.9016790390014648
251_2,0.7957913279533386
2520_3,0.006205304991453886
2521_1,0.05724263936281204
2522_3,0.02157066948711872
2523_4,0.8604903221130371
2524_2,0.005221388302743435
2525_4,0.7148482203483582
2526_1,0.07498446106910706
2527_3,0.4546453058719635
2528_1,0.41460534930229187
2529_1,0.18167400360107422
252_3,0.048434387892484665
2530_1,0.012341276742517948
2531_1,0.08202272653579712
2532_1,0.007099675014615059
2533_2,0.09330782294273376
2534_4,0.2953198254108429
2535_3,0.27557793259620667
2536_4,0.6654264330863953
2537_2,0.09718979895114899
2538_2,0.04347569867968559
2539_3,0.12317970395088196
253_3,0.13501682877540588
2540_4,0.5734009146690369
2541_1,0.0009556112345308065
2542_1,0.03753110393881798
2543_3,0.14400893449783325
2544_2,0.0775512158870697
2545_4,0.43539342284202576
2546_4,0.15255668759346008
2547_1,0.06016980856657028
2548_2,0.9156703352928162
2549_2,0.0025803910102695227
254_3,0.020240474492311478
2550_1,0.0031600072979927063
2551_1,0.00316423992626369
2552_4,0.08646802604198456
2553_4,0.39826974272727966
2554_4,0.018318798393011093
2555_4,0.14236778020858765
2556_1,0.6772836446762085
2557_2,0.0009952803375199437
2558_4,0.018038434907794
2559_4,0.4254797101020813
255_4,0.2867157459259033
2560_3,0.4193359911441803
2561_4,0.06697963178157806
2562_1,0.032486654818058014
2563_1,0.11415530741214752
2564_2,0.07871046662330627
2565_1,0.1492176353931427
2566_4,0.14170320332050323
2567_2,0.3814396560192108
2568_3,0.06385065615177155
2569_2,0.09821347892284393
256_4,0.36597102880477905
2570_4,0.07807227969169617
2571_3,0.0006160828052088618
2572_1,0.003116012318059802
2573_4,0.7681393623352051
2574_2,0.4021049439907074
2575_1,0.008725907653570175
2576_1,0.010034780018031597
2577_1,0.028241226449608803
2578_2,0.018039017915725708
2579_2,0.030410973355174065
257_3,0.029888272285461426
2580_3,0.006191546563059092
2581_1,0.3447842001914978
2582_2,0.17085669934749603
2583_1,0.002629749709740281
2584_2,0.38511523604393005
2585_1,0.01385705266147852
2586_1,0.1339435875415802
2587_3,0.01674060709774494
2588_3,0.0051338039338588715
2589_2,0.0592479482293129
258_1,0.012849804945290089
2590_1,0.015293394215404987
2591_1,0.002411478664726019
2592_1,0.08606957644224167
2593_1,0.8300772309303284
2594_3,0.008100880309939384
2595_2,0.015831952914595604
2596_1,0.04656391218304634
2597_1,0.09615073353052139
2598_1,0.15277187526226044
2599_1,0.0008492512861266732
259_2,0.0029439516365528107
25_3,0.010024581104516983
2600_1,0.002611761912703514
2601_1,0.011413291096687317
2602_1,0.8034977912902832
2603_1,0.10998716205358505
2604_1,0.01978161744773388
2605_4,0.060672640800476074
2606_4,0.04083510860800743
2607_1,0.03194248676300049
2608_3,0.7252829670906067
2609_2,0.0024000222329050303
260_1,0.000988089363090694
2610_1,0.006196248345077038
2611_1,0.006524474360048771
2612_1,0.04019474983215332
2613_1,0.043967362493276596
2614_3,0.0030251559801399708
2615_1,0.02893749438226223
2616_1,0.007435601204633713
2617_2,0.001744321663863957
2618_1,0.12987020611763
2619_2,0.005116383545100689
261_3,0.04597765952348709
2620_3,0.32095298171043396
2621_2,0.027718832716345787
2622_2,0.05057508498430252
2623_1,0.008230521343648434
2624_1,0.0030404634308069944
2625_1,0.0034710282925516367
2626_4,0.6604811549186707
2627_4,0.9943729639053345
2628_1,0.020691439509391785
2629_4,0.03995613381266594
262_1,0.08270740509033203
2630_2,0.0003717134241014719
2631_4,0.005305597558617592
2632_1,0.007680942770093679
2633_1,0.006382221821695566
2634_1,0.01023785024881363
2635_1,0.0005874321213923395
2636_1,0.0011785451788455248
2637_1,0.017955990508198738
2638_1,0.016576984897255898
2639_4,0.09909500181674957
263_1,0.011526763439178467
2640_3,0.23542577028274536
2641_3,0.0011406030971556902
2642_4,0.053083740174770355
2643_3,0.010297034867107868
2644_1,0.0018623113865032792
2645_4,0.027202777564525604
2646_3,0.9892830848693848
2647_2,0.015678536146879196
2648_2,0.025606155395507812
2649_2,0.12386094778776169
264_1,0.008181112818419933
2650_2,0.08094961196184158
2651_2,0.11890079081058502
2652_3,0.06647946685552597
2653_4,0.009209587238729
2654_2,0.017877817153930664
2655_3,0.015044613741338253
2656_1,0.011537564918398857
2657_2,0.0008130194619297981
2658_3,0.27515944838523865
2659_1,0.0004667613538913429
265_1,0.01056027039885521
2660_3,0.8904455304145813
2661_4,0.272962361574173
2662_1,0.0014336570166051388
2663_1,0.3584294319152832
2664_4,0.0671844333410263
2665_3,0.03388436138629913
2666_4,0.012506301514804363
2667_3,0.042908355593681335
2668_4,0.0033453525975346565
2669_3,0.042040999978780746
266_4,0.19885964691638947
2670_3,0.009249240159988403
2671_2,0.08895573019981384
2672_4,0.018975695595145226
2673_2,0.0017400392098352313
2674_3,0.016314733773469925
2675_3,0.027828989550471306
2676_4,0.03598587587475777
2677_3,0.012604447081685066
2678_3,0.022259365767240524
2679_3,0.015880383551120758
267_1,0.0006811603670939803
2680_4,0.017653845250606537
2681_1,0.005995133426040411
2682_1,0.0012519764713943005
2683_4,0.11369293183088303
2684_4,0.0033340060617774725
2685_3,0.001183493877761066
2686_4,0.6003984212875366
2687_4,0.7396064400672913
2688_4,0.9770719408988953
2689_3,0.38654157519340515
268_3,0.0014732938725501299
2690_1,0.012667673639953136
2691_3,0.014720560982823372
2692_4,0.002275908598676324
2693_2,0.05097589269280434
2694_2,0.7538087964057922
2695_3,0.053769711405038834
2696_4,0.3551120162010193
2697_2,0.28836315870285034
2698_3,0.23877836763858795
2699_4,0.14062966406345367
269_2,0.31060895323753357
26_3,0.358748197555542
2700_4,0.20342601835727692
2701_4,0.4152754545211792
2702_1,0.457405686378479
2703_1,0.01212706882506609
2704_4,0.08394929766654968
2705_4,0.7224068641662598
2706_1,0.06306048482656479
2707_3,0.001212072791531682
2708_2,0.01653706096112728
2709_3,0.00759059889242053
270_1,0.011502916924655437
2710_1,0.0022142205853015184
2711_3,0.06985235959291458
2712_1,0.0007640025578439236
2713_1,0.011394460685551167
2714_2,0.21804355084896088
2715_1,0.0618455745279789
2716_3,0.053383540362119675
2717_3,0.25525394082069397
2718_1,0.2905297577381134
2719_1,0.2613178789615631
271_4,0.21420741081237793
2720_2,0.05943344533443451
2721_1,0.033108439296483994
2722_1,0.002098302822560072
2723_4,0.23383250832557678
2724_1,0.0011440198868513107
2725_3,0.06103837117552757
2726_3,0.007751295808702707
2727_3,0.003536590375006199
2728_1,0.010227442719042301
2729_1,0.04428767040371895
272_1,0.030897775664925575
2730_1,0.018419208005070686
2731_4,0.0925615206360817
2732_4,0.8510885834693909
2733_3,0.09900791198015213
2734_3,0.06585511565208435
2735_3,0.0018636456225067377
2736_1,0.0029409886337816715
2737_1,0.651233434677124
2738_1,0.015629276633262634
2739_1,0.011735239997506142
273_1,0.010586525313556194
2740_3,0.04380864277482033
2741_2,0.0004917152691632509
2742_3,0.0655137374997139
2743_1,0.520390510559082
2744_1,0.04360779747366905
2745_4,0.7475419640541077
2746_1,0.003360731527209282
2747_4,0.01356157474219799
2748_3,0.7655754685401917
2749_4,0.9887216091156006
274_1,0.024891365319490433
2750_1,0.06394092738628387
2751_4,0.3199618458747864
2752_4,0.01572464220225811
2753_4,0.3428666293621063
2754_2,0.006918854080140591
2755_2,0.3339097499847412
2756_4,0.14216959476470947
2757_2,0.4376225173473358
2758_2,0.03386705741286278
2759_2,0.004695808980613947
275_1,0.0051583354361355305
2760_1,0.0039947363547980785
2761_4,0.009308706037700176
2762_2,0.029527561739087105
2763_2,0.004299100022763014
2764_4,0.06968775391578674
2765_1,0.004477642010897398
2766_3,0.2597551643848419
2767_1,0.0053982860408723354
2768_2,0.0016170594608411193
2769_4,0.02724260278046131
276_1,0.3139316141605377
2770_3,0.005583570338785648
2771_3,0.0007177820662036538
2772_4,0.6909307837486267
2773_1,0.0015148266684263945
2774_3,0.2184576839208603
2775_2,0.00479709031060338
2776_1,0.018161024898290634
2777_1,0.002989363158121705
2778_2,0.00907984934747219
2779_4,0.09601526707410812
277_1,0.02344401553273201
2780_4,0.0026333217974752188
2781_1,0.02366916462779045
2782_1,0.0024144744966179132
2783_1,0.041742969304323196
2784_2,0.0013625102583318949
2785_1,0.00022648404410574585
2786_2,0.25605031847953796
2787_1,0.004594783764332533
2788_1,0.010130644775927067
2789_1,0.007649127393960953
278_1,0.03488713130354881
2790_1,0.06677025556564331
2791_3,0.03120744600892067
2792_1,0.0019311429932713509
2793_3,0.010900775901973248
2794_1,0.015144206583499908
2795_1,0.0024412304628640413
2796_1,0.09127184003591537
2797_1,0.8173714280128479
2798_2,0.02435292862355709
2799_1,0.07574844360351562
279_1,0.012995555065572262
27_4,0.042808063328266144
2800_1,0.012093746103346348
2801_1,0.004981352481991053
2802_1,0.09394530206918716
2803_1,0.01860472932457924
2804_3,0.16685649752616882
2805_4,0.34537580609321594
2806_1,0.015999963507056236
2807_4,0.11125533282756805
2808_4,0.013940061442553997
2809_3,0.007470671087503433
280_1,0.0013126013800501823
2810_3,0.01710866019129753
2811_3,0.44685524702072144
2812_4,0.0023518092930316925
2813_4,0.310666024684906
2814_4,0.23847030103206635
2815_4,0.9983312487602234
2816_3,0.21574890613555908
2817_1,0.0009707763092592359
2818_2,0.012489164248108864
2819_1,0.0007520291255787015
281_1,0.04057854041457176
2820_3,0.03508711978793144
2821_3,0.009405682794749737
2822_1,0.0024449166376143694
2823_1,0.010924052447080612
2824_3,0.01583259180188179
2825_3,0.015072033740580082
2826_2,0.31097185611724854
2827_1,0.15890614688396454
2828_2,0.0011011551832780242
2829_4,0.005646977573633194
282_1,0.09379733353853226
2830_4,0.06189578026533127
2831_1,0.20947019755840302
2832_4,0.004409776534885168
2833_2,0.0033279333729296923
2834_2,0.001958466600626707
2835_4,0.8266405463218689
2836_4,0.033277805894613266
2837_3,0.03013485297560692
2838_2,0.014054968021810055
2839_1,0.0016719213454052806
283_1,0.11641396582126617
2840_1,0.006982963532209396
2841_4,0.0825277790427208
2842_4,0.20322702825069427
2843_2,0.007990890182554722
2844_2,0.0063552577048540115
2845_3,0.2513641119003296
2846_2,0.2686806619167328
2847_3,0.03213946893811226
2848_4,0.12798035144805908
2849_3,0.0004205759905744344
284_2,0.03647509217262268
2850_4,0.23489946126937866
2851_1,0.003704474540427327
2852_2,0.0009024806786328554
2853_1,0.19269144535064697
2854_1,0.001083075418137014
2855_2,0.0023718669544905424
2856_1,0.0008771414286457002
2857_1,0.052862536162137985
2858_2,0.6318137049674988
2859_4,0.02218398079276085
285_4,0.038764383643865585
2860_4,0.8554264903068542
2861_1,0.07782770693302155
2862_1,0.0021365617867559195
2863_2,0.009428644552826881
2864_1,0.2314109355211258
2865_3,0.2866874933242798
2866_1,0.04543466866016388
2867_1,0.0030211592093110085
2868_3,0.01572720892727375
2869_3,0.06844373047351837
286_1,0.4287503659725189
2870_1,0.014299719594419003
2871_2,0.5136389136314392
2872_3,0.015376714989542961
2873_3,0.028670020401477814
2874_2,0.010272921063005924
2875_2,0.5322074294090271
2876_1,0.040362223982810974
2877_2,0.11128298193216324
2878_2,0.06404707580804825
2879_4,0.05215108394622803
287_1,0.0019071237184107304
2880_3,0.12964752316474915
2881_3,0.08770625293254852
2882_3,0.2773459255695343
2883_3,0.6978064775466919
2884_3,0.006060396786779165
2885_3,0.09196619689464569
2886_1,0.01380995474755764
2887_2,0.0007908259285613894
2888_1,0.008384519256651402
2889_4,0.03377370163798332
288_1,0.03805755451321602
2890_3,0.2064494639635086
2891_4,0.7667884230613708
2892_2,0.10307180136442184
2893_3,0.027575358748435974
2894_4,0.0012644599191844463
2895_1,0.016841186210513115
2896_3,0.09623874723911285
2897_4,0.387459397315979
2898_3,0.01271419320255518
2899_4,0.07646601647138596
289_1,0.33349961042404175
28_3,0.0062378826551139355
2900_1,0.014900651760399342
2901_3,0.301973819732666
2902_2,0.8657329678535461
2903_1,0.019520403817296028
2904_4,0.2240927815437317
2905_4,0.568715512752533
2906_1,0.003703179769217968
2907_1,0.0074797519482672215
2908_1,0.0029940144158899784
2909_1,0.04134725034236908
290_1,0.006180471275001764
2910_3,0.405098021030426
2911_4,0.17459042370319366
2912_4,0.22954010963439941
2913_3,0.8614515066146851
2914_4,0.1113242581486702
2915_1,0.06422392278909683
2916_1,0.0035385063383728266
2917_3,0.0658995732665062
2918_1,0.41743335127830505
2919_4,0.9595505595207214
291_3,0.02834494784474373
2920_1,0.0835236981511116
2921_1,0.003996182233095169
2922_4,0.15105468034744263
2923_3,0.015226812101900578
2924_2,0.20427584648132324
2925_2,0.3004150390625
2926_1,0.323329359292984
2927_3,0.2241375744342804
2928_1,0.0543123297393322
2929_4,0.5510739684104919
292_3,0.04247095063328743
2930_3,0.06872305274009705
2931_1,0.002031201496720314
2932_3,0.15414254367351532
2933_1,0.1617382913827896
2934_1,0.2481870949268341
2935_2,0.005428508389741182
2936_3,0.17593751847743988
2937_1,0.2180471569299698
2938_4,0.0695372000336647
2939_3,0.031773388385772705
293_1,0.011045709252357483
2940_1,0.0057645877823233604
2941_1,0.037823084741830826
2942_1,0.026480460539460182
2943_1,0.09781136363744736
2944_1,0.0034425784833729267
2945_3,0.01565542258322239
2946_1,0.03275473415851593
2947_4,0.06789064407348633
2948_4,0.00625248346477747
2949_1,0.003145721973851323
294_1,0.28864753246307373
2950_4,0.23117025196552277
2951_2,0.02716018445789814
2952_1,0.02204892598092556
2953_4,0.2161174714565277
2954_4,0.3159160017967224
2955_4,0.7122420072555542
2956_4,0.011822035536170006
2957_2,0.030652612447738647
2958_2,0.006577958352863789
2959_3,0.9158511757850647
295_1,0.773666262626648
2960_4,0.050799380987882614
2961_4,0.06495536863803864
2962_1,0.0024475979153066874
2963_2,0.0458088219165802
2964_2,0.24895980954170227
2965_2,0.022210530936717987
2966_2,0.0017552593490108848
2967_3,0.8906444907188416
2968_1,0.0006512303953059018
2969_2,0.0019234106875956059
296_4,0.21714843809604645
2970_4,0.01639936864376068
2971_4,0.00354081392288208
2972_2,0.41711512207984924
2973_1,0.24334488809108734
2974_1,0.0009108993108384311
2975_2,0.0012167611857876182
2976_1,0.03746342658996582
2977_1,0.0010971194133162498
2978_4,0.03812481835484505
2979_1,0.22093164920806885
297_2,0.3807339370250702
2980_4,0.6013924479484558
2981_2,0.27097147703170776
2982_1,0.00744866905733943
2983_1,0.001873090397566557
2984_1,0.009115984663367271
2985_4,0.0005250921240076423
2986_3,0.40101057291030884
2987_1,0.0016648131422698498
2988_3,0.004460157360881567
2989_3,0.03224855288863182
298_1,0.09051424264907837
2990_1,0.040505144745111465
2991_1,0.002773917280137539
2992_3,0.0013386147329583764
2993_4,0.5473284125328064
2994_1,0.024968411773443222
2995_2,0.0067236581817269325
2996_4,0.7333105206489563
2997_1,0.10236641019582748
2998_2,0.000790835008956492
2999_1,0.010889053344726562
299_1,0.6353088021278381
29_3,0.05763557180762291
2_3,0.08762919902801514
3000_1,0.0013985802652314305
3001_1,0.16118328273296356
3002_1,0.005802064668387175
3003_4,0.3804890215396881
3004_1,0.8451251983642578
3005_1,0.08239847421646118
3006_2,0.049232371151447296
3007_3,0.7606053948402405
3008_3,0.1026478037238121
3009_2,0.49097174406051636
300_1,0.020589489489793777
3010_3,0.5070631504058838
3011_1,0.004571580793708563
3012_1,0.007223039865493774
3013_1,0.05998848378658295
3014_1,0.028880948200821877
3015_1,0.5808156132698059
3016_2,0.20391406118869781
3017_1,0.07744144648313522
3018_1,0.7295345664024353
3019_1,0.03722859174013138
301_4,0.04809045419096947
3020_1,0.02070273645222187
3021_1,0.023452846333384514
3022_1,0.04674793407320976
3023_4,0.004506520461291075
3024_4,0.008895070292055607
3025_1,0.0130859250202775
3026_4,0.008214205503463745
3027_1,0.055693041533231735
3028_4,0.0753011479973793
3029_4,0.007609516382217407
302_3,0.00815749540925026
3030_1,0.07664208114147186
3031_4,0.3014535903930664
3032_1,0.012407940812408924
3033_4,0.3350447118282318
3034_1,0.014300326816737652
3035_1,0.014516398310661316
3036_1,0.04008137807250023
3037_1,0.015282382257282734
3038_2,0.10564640164375305
3039_4,0.08161924034357071
303_2,0.04523686319589615
3040_4,0.03405661880970001
3041_3,0.0342271625995636
3042_3,0.005318653769791126
3043_4,0.027675947174429893
3044_2,0.05571220815181732
3045_1,0.004118488635867834
3046_1,0.014235968701541424
3047_2,0.033262308686971664
3048_1,0.0034632275346666574
3049_4,0.1155894547700882
304_2,0.0027502807788550854
3050_3,0.4403635263442993
3051_4,0.4066871106624603
3052_1,0.0008880790555849671
3053_3,0.2580343186855316
3054_1,0.007471838500350714
3055_3,0.018801989033818245
3056_3,0.0070984847843647
3057_3,0.31983983516693115
3058_3,0.0391991101205349
3059_2,0.03025822527706623
305_2,0.00286190677434206
3060_3,0.08972860127687454
3061_1,0.043994735926389694
3062_2,0.011368662118911743
3063_1,0.005497619044035673
3064_1,0.1541679948568344
3065_1,0.4685981273651123
3066_1,0.0020277798175811768
3067_1,0.0026510299649089575
3068_3,0.06747614592313766
3069_1,0.07646557688713074
306_1,0.014420386403799057
3070_1,0.08482401072978973
3071_1,0.09102949500083923
3072_3,0.0027423223946243525
3073_2,0.0009099476737901568
3074_4,0.08670804649591446
3075_1,0.00689659733325243
3076_4,0.019002340734004974
3077_2,0.002795192413032055
3078_1,0.03574516251683235
3079_2,0.007680804934352636
307_1,0.008605200797319412
3080_1,0.12842924892902374
3081_1,0.010226362384855747
3082_2,0.0036190745886415243
3083_2,0.15645837783813477
3084_4,0.008838069625198841
3085_4,0.8615543246269226
3086_1,0.001668638433329761
3087_1,0.4472663104534149
3088_3,0.5061081647872925
3089_2,0.0195601936429739
308_1,0.0017221219604834914
3090_1,0.0024768984876573086
3091_4,0.004772157408297062
3092_3,0.46094727516174316
3093_2,0.10145770758390427
3094_4,0.4847904443740845
3095_3,0.056564442813396454
3096_1,0.06008370965719223
3097_1,0.01916956901550293
3098_1,0.004218519665300846
3099_2,0.27399584650993347
309_3,0.034036263823509216
30_4,0.027421394363045692
3100_4,0.02686147950589657
3101_1,0.0022950591519474983
3102_1,0.019289866089820862
3103_1,0.007160940207540989
3104_1,0.017695317044854164
3105_1,0.0018652367871254683
3106_1,0.026576312258839607
3107_1,0.0035660043358802795
3108_1,0.010017438791692257
3109_2,0.00405060825869441
310_1,0.022393375635147095
3110_1,0.003035013098269701
3111_1,0.006100429687649012
3112_1,0.00463572982698679
3113_1,0.05114462226629257
3114_1,0.0036447986494749784
3115_1,0.003372031031176448
3116_2,0.1233569085597992
3117_1,0.4152278006076813
3118_1,0.002850233344361186
3119_2,0.1657067984342575
311_3,0.0063315825536847115
3120_4,0.013797913677990437
3121_1,0.0031607854180037975
3122_4,0.13756301999092102
3123_3,0.0552421398460865
3124_4,0.004526514559984207
3125_1,0.039972689002752304
3126_3,0.11964410543441772
3127_3,0.004454404581338167
3128_1,0.006247165612876415
3129_2,0.013632289133965969
312_4,0.008995693176984787
3130_3,0.28830987215042114
3131_1,0.04932209476828575
3132_1,0.13755233585834503
3133_1,0.6372743248939514
3134_3,0.2381489872932434
3135_4,0.05609392747282982
3136_1,0.010870929807424545
3137_1,0.0069834464229643345
3138_1,0.0069763800129294395
3139_1,0.006202820688486099
313_1,0.005123602692037821
3140_1,0.026476282626390457
3141_1,0.021835267543792725
3142_3,0.2543198764324188
3143_4,0.16053806245326996
3144_1,0.011489743366837502
3145_1,0.138558492064476
3146_1,0.00821071770042181
3147_1,0.12588679790496826
3148_2,0.014397112652659416
3149_1,0.013889004476368427
314_2,0.005044057033956051
3150_1,0.5747309327125549
3151_1,0.013553552329540253
3152_1,0.014658997766673565
3153_1,0.005811724346131086
3154_2,0.20366406440734863
3155_1,0.6953474879264832
3156_1,0.04913517087697983
3157_1,0.055677350610494614
3158_1,0.5343096852302551
3159_1,0.23282410204410553
315_4,0.24322383105754852
3160_2,0.20223821699619293
3161_3,0.1468999683856964
3162_2,0.3758218586444855
3163_4,0.03779494762420654
3164_2,0.15216396749019623
3165_3,0.191334530711174
3166_2,0.5922526717185974
3167_1,0.008116104640066624
3168_2,0.455811470746994
3169_4,0.10868918895721436
316_1,0.016042448580265045
3170_3,0.04248732328414917
3171_4,0.11795750260353088
3172_2,0.5839893221855164
3173_4,0.27258941531181335
3174_1,0.005003062542527914
3175_3,0.015063541010022163
3176_1,0.013027404434978962
3177_1,0.002348605077713728
3178_2,0.002635303419083357
3179_2,0.025041209533810616
317_2,0.05285000428557396
3180_1,0.0015470955986529589
3181_1,0.020203184336423874
3182_4,0.5032629370689392
3183_3,0.4629320800304413
3184_2,0.1893962025642395
3185_1,0.007353201974183321
3186_1,0.007353201974183321
3187_2,0.031086137518286705
3188_1,0.0014788820408284664
3189_2,0.10947460681200027
318_3,0.4958884119987488
3190_2,0.00362514890730381
3191_4,0.06748894602060318
3192_2,0.00245219049975276
3193_3,0.004315024241805077
3194_1,0.0015056803822517395
3195_2,0.00586696807295084
3196_4,0.8290666937828064
3197_1,0.0037220690865069628
3198_1,0.17913351953029633
3199_1,0.0015688571147620678
319_1,0.07940129935741425
31_4,0.09390074759721756
3200_2,0.002994951093569398
3201_1,0.06867942214012146
3202_1,0.04203853756189346
3203_2,0.03336615487933159
3204_2,0.6292492151260376
3205_2,0.00423662131652236
3206_3,0.0021435737144201994
3207_4,0.0018179762409999967
3208_4,0.0971103385090828
3209_4,0.03777312859892845
320_3,0.014124458655714989
3210_1,0.029523640871047974
3211_4,0.08429133147001266
3212_4,0.007153625600039959
3213_3,0.0064131757244467735
3214_4,0.10898837447166443
3215_2,0.006660502403974533
3216_1,0.06457123905420303
3217_1,0.0019267381867393851
3218_1,0.05432876944541931
3219_1,0.02333628386259079
321_1,0.6938894987106323
3220_3,0.006876000668853521
3221_2,0.0008188897045329213
3222_2,0.9005327820777893
3223_3,0.008464823476970196
3224_3,0.038666121661663055
3225_1,0.01752423867583275
3226_2,0.06524200737476349
3227_4,0.00581908505409956
3228_1,0.07020372897386551
3229_1,0.011394797824323177
322_1,0.15889209508895874
3230_2,0.013548607006669044
3231_1,0.0007628290913999081
3232_4,0.0021365699358284473
3233_2,0.07271485775709152
3234_1,0.04426700994372368
3235_1,0.0026188865303993225
3236_1,0.08414678275585175
3237_1,0.12120447307825089
3238_1,0.04466811195015907
3239_3,0.054181210696697235
323_2,0.001956080086529255
3240_4,0.8868314623832703
3241_1,0.023014385253190994
3242_1,0.007924015633761883
3243_1,0.15113812685012817
3244_1,0.2901521325111389
3245_1,0.010188134387135506
3246_1,0.0014444510452449322
3247_1,0.24061332643032074
3248_2,0.00487214932218194
3249_1,0.0014409456634894013
324_3,0.010408188216388226
3250_1,0.6276160478591919
3251_3,0.005151283461600542
3252_2,0.006369458977133036
3253_2,0.020454764366149902
3254_1,0.000560679764021188
3255_2,0.05638410151004791
3256_2,0.8951297998428345
3257_1,0.5732306241989136
3258_2,0.013579831458628178
3259_1,0.01226714439690113
325_1,0.07665173709392548
3260_1,0.008776831440627575
3261_1,0.009510699659585953
3262_1,0.047475509345531464
3263_3,0.590086042881012
3264_1,0.00199886504560709
3265_1,0.0069547430612146854
3266_2,0.06774796545505524
3267_3,0.12252608686685562
3268_3,0.14577817916870117
3269_1,0.00455246027559042
326_1,0.8663919568061829
3270_3,0.008347121998667717
3271_4,0.7726958394050598
3272_2,0.025603611022233963
3273_1,0.003179337363690138
3274_1,0.7319934964179993
3275_2,0.10451043397188187
3276_1,0.02870160900056362
3277_1,0.04160899668931961
3278_1,0.07219760119915009
3279_1,0.0013248539762571454
327_1,0.0032127820886671543
3280_2,0.006342013366520405
3281_1,0.024425169453024864
3282_1,0.061025653034448624
3283_2,0.4000835120677948
3284_2,0.012304709292948246
3285_1,0.001148504437878728
3286_1,0.025260331109166145
3287_2,0.0010790969245135784
3288_1,0.05538801848888397
3289_1,0.23536697030067444
328_4,0.32570987939834595
3290_1,0.014762358739972115
3291_1,0.43593502044677734
3292_1,0.015959788113832474
3293_3,0.0519862174987793
3294_3,0.03184762969613075
3295_1,0.019221683964133263
3296_1,0.02192893624305725
3297_1,0.021383002400398254
3298_1,0.0032321081962436438
3299_1,0.0011018896475434303
329_1,0.13283586502075195
32_3,0.9039398431777954
3300_1,0.003956207539886236
3301_2,0.1523338407278061
3302_1,0.29033347964286804
3303_1,0.01786477118730545
3304_2,0.005776572972536087
3305_4,0.22222469747066498
3306_2,0.04854029044508934
3307_1,0.1204671636223793
3308_1,0.0013184122508391738
3309_4,0.0036627789959311485
330_1,0.005614337045699358
3310_2,0.7373936772346497
3311_2,0.0971946194767952
3312_3,0.0437747947871685
3313_4,0.570530891418457
3314_1,0.007069861050695181
3315_1,0.004686473403126001
3316_1,0.01097536738961935
3317_1,0.017007937654852867
3318_1,0.0008151721558533609
3319_1,0.023152273148298264
331_4,0.249626025557518
3320_4,0.07620830833911896
3321_1,0.5429516434669495
3322_1,0.04743567481637001
3323_1,0.009444459341466427
3324_2,0.2519589066505432
3325_1,0.4513915777206421
3326_4,0.022214120253920555
3327_1,0.07257795333862305
3328_4,0.09661632776260376
3329_4,0.02125553973019123
332_1,0.890329122543335
3330_3,0.615098774433136
3331_3,0.006258364766836166
3332_3,0.958714485168457
3333_1,0.0036447986494749784
3334_1,0.003372031031176448
3335_2,0.1233569085597992
3336_1,0.4152278006076813
3337_1,0.002850233344361186
3338_2,0.1657067984342575
3339_4,0.013797913677990437
333_3,0.019818218424916267
3340_1,0.0031607854180037975
3341_4,0.13756301999092102
3342_3,0.0552421398460865
3343_4,0.004526514559984207
3344_1,0.039972689002752304
3345_3,0.11964410543441772
3346_3,0.004454402253031731
3347_2,0.020630721002817154
3348_3,0.15526074171066284
3349_4,0.027683954685926437
334_2,0.0037871771492064
3350_1,0.009357866831123829
3351_4,0.3378852307796478
3352_4,0.046050913631916046
3353_4,0.04150622338056564
3354_2,0.0031559274066239595
3355_3,0.0015582236228510737
3356_3,0.03467170521616936
3357_4,0.2053607702255249
3358_4,0.9422928094863892
3359_1,0.02930128201842308
335_2,0.020896397531032562
3360_1,0.025326009839773178
3361_2,0.04046526551246643
3362_1,0.0524616576731205
3363_1,0.02102610468864441
3364_2,0.05054919794201851
3365_1,0.0005185322952456772
3366_2,0.01397936511784792
3367_1,0.00029351635021157563
3368_1,0.011007397435605526
3369_1,0.7234922647476196
336_1,0.040842264890670776
3370_1,0.2632698714733124
3371_1,0.005366316065192223
3372_1,0.015290622599422932
3373_3,0.017506923526525497
3374_1,0.010263761505484581
3375_3,0.8741412162780762
3376_1,0.006321216467767954
3377_4,0.14857804775238037
3378_3,0.45461133122444153
3379_2,0.043532535433769226
337_1,0.00343879172578454
3380_1,0.0015654416056349874
3381_1,0.03388632833957672
3382_1,0.009784734807908535
3383_2,0.0025098873302340508
3384_3,0.01780487224459648
3385_2,0.27050769329071045
3386_2,0.015688937157392502
3387_3,0.007425669580698013
3388_2,0.0045796167105436325
3389_2,0.008374130353331566
338_1,0.004787343554198742
3390_4,0.8490209579467773
3391_4,0.9779190421104431
3392_2,0.023531271144747734
3393_4,0.8522440791130066
3394_4,0.023866945877671242
3395_2,0.021154915913939476
3396_1,0.3052278161048889
3397_3,0.7406694889068604
3398_4,0.4881516098976135
3399_4,0.15265151858329773
339_1,0.01466262899339199
33_3,0.01079648733139038
3400_1,0.01227809302508831
3401_3,0.06396196782588959
3402_1,0.0074354251846671104
3403_3,0.010529841296374798
3404_3,0.029029054567217827
3405_4,0.2931169271469116
3406_4,0.3447374701499939
3407_3,0.002612845040857792
3408_4,0.01093029510229826
3409_4,0.1405559927225113
340_2,0.06590300798416138
3410_3,0.02623049169778824
3411_4,0.23433806002140045
3412_3,0.08449714630842209
3413_2,0.03242207691073418
3414_3,0.005663183052092791
3415_1,0.00295223924331367
3416_4,0.4604584574699402
3417_4,0.5368689894676208
3418_3,0.002353386487811804
3419_2,0.02530151978135109
341_1,0.00044117134530097246
3420_4,0.1987268477678299
3421_2,0.013183452188968658
3422_4,0.24131184816360474
3423_4,0.5823538303375244
3424_4,0.18333131074905396
3425_2,0.008373077027499676
3426_3,0.4270135462284088
3427_4,0.0036620136816054583
3428_4,0.6855053305625916
3429_4,0.16406576335430145
342_1,0.017686450853943825
3430_2,0.024310987442731857
3431_4,0.09183060377836227
3432_1,0.004489329177886248
3433_4,0.05178389698266983
3434_4,0.030437657609581947
3435_1,0.007512642536312342
3436_1,0.004127161577343941
3437_2,0.23917104303836823
3438_4,0.03597968444228172
3439_4,0.8122726082801819
343_1,0.6380066275596619
3440_2,0.20768961310386658
3441_2,0.5025727152824402
3442_1,0.05517054349184036
3443_1,0.003826878732070327
3444_3,0.08027184754610062
3445_2,0.01899022050201893
3446_4,0.14643491804599762
3447_3,0.15443556010723114
3448_2,0.501997709274292
3449_1,0.019032301381230354
344_4,0.04173143953084946
3450_1,0.001573061221279204
3451_3,0.014026676304638386
3452_2,0.025722183287143707
3453_1,0.24423597753047943
3454_1,0.0033944195602089167
3455_4,0.13069625198841095
3456_1,0.7000402808189392
3457_1,0.19238118827342987
3458_1,0.002020021202042699
3459_1,0.009580597281455994
345_3,0.046558916568756104
3460_1,0.0022894309367984533
3461_4,0.8860191702842712
3462_2,0.3534800112247467
3463_4,0.021866941824555397
3464_2,0.8372039794921875
3465_3,0.00752948597073555
3466_2,0.07837861031293869
3467_1,0.07999102026224136
3468_4,0.17743973433971405
3469_1,0.0376177579164505
346_2,0.23296071588993073
3470_1,0.028043124824762344
3471_3,0.8694169521331787
3472_2,0.03646199777722359
3473_3,0.11853079497814178
3474_1,0.05242001637816429
3475_1,0.08223537355661392
3476_1,0.09516400098800659
3477_3,0.17337273061275482
3478_1,0.003944128751754761
3479_3,0.010900439694523811
347_1,0.01807810738682747
3480_1,0.06637870520353317
3481_2,0.07214033603668213
3482_3,0.5417664647102356
3483_3,0.0406031608581543
3484_1,0.039044372737407684
3485_1,0.016156746074557304
3486_1,0.9858681559562683
3487_2,0.006952379364520311
3488_4,0.06870700418949127
3489_4,0.0333108976483345
348_1,0.021896369755268097
3490_4,0.16596285998821259
3491_1,0.04991533234715462
3492_3,0.9871598482131958
3493_1,0.24621738493442535
3494_3,0.1937093287706375
3495_1,0.007689669728279114
3496_1,0.6486096978187561
3497_1,0.005484296940267086
3498_1,0.05905889347195625
3499_3,0.29837313294410706
349_2,0.07288728654384613
34_1,0.010404939763247967
3500_1,0.006471266504377127
3501_4,0.053126923739910126
3502_1,0.02681405283510685
3503_1,0.005983131472021341
3504_1,0.3234422206878662
3505_1,0.013117999769747257
3506_1,0.001218033256009221
3507_1,0.004347365349531174
3508_1,0.0139014832675457
3509_1,0.0071796546690166
350_4,0.9399120807647705
3510_1,0.032667990773916245
3511_1,0.009713795967400074
3512_1,0.5105559229850769
3513_1,0.0015094889095053077
3514_1,0.07846293598413467
3515_4,0.31347334384918213
3516_2,0.008009371347725391
3517_1,0.00276175350882113
3518_3,0.0032005731482058764
3519_1,0.0491362027823925
351_4,0.7267083525657654
3520_3,0.0038590263575315475
3521_2,0.0026182562578469515
3522_4,0.01056095864623785
3523_1,0.04337675869464874
3524_1,0.0013137231580913067
3525_1,0.015160986222326756
3526_3,0.02523721009492874
3527_1,0.0697605088353157
3528_1,0.0003991197154391557
3529_1,0.3440101444721222
352_4,0.04578281193971634
3530_2,0.0039259567856788635
3531_1,0.0016222054837271571
3532_2,0.0038441361393779516
3533_3,0.003907062578946352
3534_3,0.0008912927005439997
3535_1,0.012410266324877739
3536_1,0.023037049919366837
3537_2,0.6458775401115417
3538_1,0.005266404710710049
3539_4,0.6218122839927673
353_3,0.10368936508893967
3540_3,0.17588810622692108
3541_2,0.08791982382535934
3542_2,0.010483767837285995
3543_3,0.40570396184921265
3544_1,0.010622651316225529
3545_1,0.018566425889730453
3546_4,0.0019184146076440811
3547_4,0.5474710464477539
3548_4,0.04178960248827934
3549_2,0.006292711012065411
354_4,0.9848418235778809
3550_3,0.03630630299448967
3551_4,0.5851457715034485
3552_4,0.2767946124076843
3553_2,0.6978986859321594
3554_1,0.023140763863921165
3555_4,0.42252683639526367
3556_4,0.377372145652771
3557_2,0.02224957011640072
3558_4,0.2324633002281189
3559_1,0.0008895326755009592
355_4,0.03685642406344414
3560_2,0.002062268555164337
3561_4,0.8915706276893616
3562_3,0.017361454665660858
3563_1,0.02129165269434452
3564_2,0.3055689036846161
3565_3,0.0017523275455459952
3566_4,0.026390787214040756
3567_4,0.622380256652832
3568_4,0.4652368426322937
3569_3,0.05927496403455734
356_3,0.13588647544384003
3570_3,0.5645139217376709
3571_3,0.0807109847664833
3572_2,0.16836915910243988
3573_4,0.042007558047771454
3574_1,0.1339554637670517
3575_1,0.5550093054771423
3576_4,0.08337600529193878
3577_3,0.0032012853771448135
3578_3,0.07914720475673676
3579_1,0.019866561517119408
357_1,0.010323728434741497
3580_4,0.06579248607158661
3581_2,0.04539826884865761
3582_3,0.22949542105197906
3583_3,0.028080224990844727
3584_1,0.0003673623432405293
3585_2,0.09579955786466599
3586_4,0.8785743713378906
3587_3,0.05501598119735718
3588_1,0.1213293969631195
3589_4,0.5554765462875366
358_4,0.015112129040062428
3590_1,0.2668237090110779
3591_2,0.014579536393284798
3592_1,0.88125079870224
3593_1,0.041808709502220154
3594_2,0.007653095293790102
3595_1,0.020521581172943115
3596_3,0.0036458366084843874
3597_1,0.037151895463466644
3598_4,0.2933170199394226
3599_4,0.00830739177763462
359_4,0.047671642154455185
35_1,0.18683511018753052
3600_2,0.04084933176636696
3601_1,0.0017231222009286284
3602_4,0.011669629253447056
3603_3,0.9871402382850647
3604_3,0.6490597128868103
3605_4,0.7203546762466431
3606_4,0.6536788940429688
3607_3,0.029795540496706963
3608_4,0.5532404780387878
3609_1,0.02661682851612568
360_3,0.10409688949584961
3610_3,0.027100050821900368
3611_2,0.014666073024272919
3612_2,0.0019587313290685415
3613_3,0.04720735549926758
3614_3,0.07806883007287979
3615_1,0.0016616738867014647
3616_2,0.009558672085404396
3617_2,0.047385089099407196
3618_2,0.00436028465628624
3619_2,0.005544487852603197
361_1,0.10326783359050751
3620_4,0.9042707681655884
3621_2,0.1397811323404312
3622_1,0.0003229582798667252
3623_1,0.01590893045067787
3624_4,0.08283504843711853
3625_1,0.11870918422937393
3626_3,0.05684899911284447
3627_4,0.42666712403297424
3628_1,0.00226199091412127
3629_1,0.0009486597846262157
362_2,0.024376768618822098
3630_1,0.8470290303230286
3631_1,0.3861735761165619
3632_3,0.0106322867795825
3633_1,0.2860438823699951
3634_2,0.19491155445575714
3635_1,0.0077552804723382
3636_3,0.8104975819587708
3637_1,0.08473622053861618
3638_4,0.018943745642900467
3639_1,0.27412286400794983
363_3,0.1044328436255455
3640_3,0.016620198264718056
3641_1,0.2145015150308609
3642_1,0.7096776366233826
3643_1,0.00044573136256076396
3644_1,0.05455181747674942
3645_4,0.7778282165527344
3646_1,0.569874107837677
3647_1,0.32793354988098145
3648_1,0.6359618902206421
3649_1,0.003188556991517544
364_1,0.007249449845403433
3650_1,0.004446892999112606
3651_2,0.005153138190507889
3652_3,0.009497185237705708
3653_2,0.032098185271024704
3654_2,0.01878003403544426
3655_4,0.04152269288897514
3656_1,0.015149000100791454
3657_3,0.0645054280757904
3658_1,0.02434499002993107
3659_4,0.09978441148996353
365_1,0.021208852529525757
3660_1,0.004370066337287426
3661_1,0.007366495206952095
3662_1,0.01497076265513897
3663_1,0.02201581373810768
3664_3,0.05580665543675423
3665_4,0.16407106816768646
3666_3,0.07150570303201675
3667_1,0.0397421270608902
3668_2,0.0020669852383434772
3669_4,0.24631540477275848
366_1,0.015876784920692444
3670_4,0.04867682605981827
3671_4,0.3598235547542572
3672_1,0.00282675470225513
3673_1,0.0019381404854357243
3674_1,0.004246316384524107
3675_1,0.27067437767982483
3676_1,0.0006831476930528879
3677_1,0.008919562213122845
3678_1,0.0024583018384873867
3679_2,0.023254474624991417
367_3,0.00879537221044302
3680_1,0.04043909162282944
3681_2,0.011713427491486073
3682_1,0.018362224102020264
3683_1,0.1802697777748108
3684_3,0.1996791809797287
3685_3,0.02059202827513218
3686_1,0.002050790237262845
3687_1,0.015079601667821407
3688_1,0.002296301070600748
3689_1,0.002871133852750063
368_4,0.08636398613452911
3690_1,0.5011705160140991
3691_1,0.5184148550033569
3692_1,0.0023751910775899887
3693_3,0.025199847295880318
3694_3,0.39489418268203735
3695_4,0.36345672607421875
3696_4,0.028062116354703903
3697_1,0.283701092004776
3698_4,0.48943132162094116
3699_4,0.24816153943538666
369_1,0.030897893011569977
36_3,0.0021590380929410458
3700_4,0.05174296349287033
3701_1,0.032838135957717896
3702_4,0.03714921325445175
3703_2,0.003831178415566683
3704_1,0.08273334801197052
3705_1,0.004094380419701338
3706_1,0.0003509488014969975
3707_3,0.0004357646976131946
3708_1,0.4248056709766388
3709_1,0.0028099634218961
370_2,0.04944976046681404
3710_2,0.004778128582984209
3711_2,0.008209623396396637
3712_4,0.03762128949165344
3713_4,0.10008569061756134
3714_1,0.0038839043118059635
3715_1,0.0033765737898647785
3716_1,0.06519823521375656
3717_3,0.020869607105851173
3718_1,0.0023776779416948557
3719_2,0.004229715093970299
371_4,0.012574600987136364
3720_4,0.15114358067512512
3721_1,0.030037105083465576
3722_1,0.0012245147954672575
3723_1,0.013774607330560684
3724_3,0.9479002356529236
3725_1,0.003470550524070859
3726_1,0.0018682860536500812
3727_4,0.24274703860282898
3728_1,0.002415189053863287
3729_4,0.0008827917627058923
372_2,0.07360725849866867
3730_1,0.0034918230958282948
3731_1,0.0009921063901856542
3732_1,0.1969226747751236
3733_4,0.0041769095696508884
3734_2,0.007770842406898737
3735_3,0.002802941482514143
3736_2,0.001878103706985712
3737_3,0.2710932195186615
3738_3,0.20235596597194672
3739_2,0.07248443365097046
373_2,0.2461157739162445
3740_1,0.0049164630472660065
3741_4,0.20390015840530396
3742_3,0.02944464050233364
3743_4,0.13429322838783264
3744_4,0.030806969851255417
3745_3,0.5776803493499756
3746_1,0.007670178543776274
3747_3,0.0039053354412317276
3748_3,0.07265530526638031
3749_4,0.014166670851409435
374_4,0.7853341698646545
3750_2,0.06952431797981262
3751_1,0.0032374123111367226
3752_4,0.06472755968570709
3753_3,0.04628019407391548
3754_1,0.11843453347682953
3755_4,0.05833425000309944
3756_4,0.4009806215763092
3757_3,0.05151909962296486
3758_3,0.017503848299384117
3759_3,0.00941001158207655
375_1,0.0008166249026544392
3760_1,0.01059009600430727
3761_4,0.01687866821885109
3762_2,0.022302377969026566
3763_2,0.7934224605560303
3764_4,0.17153839766979218
3765_4,0.28040647506713867
3766_4,0.05426444485783577
3767_4,0.3546554446220398
3768_1,0.9549676775932312
3769_1,0.030642105266451836
376_2,0.02634967491030693
3770_4,0.5614582896232605
3771_2,0.22921480238437653
3772_1,0.0007539924117736518
3773_3,0.01029236614704132
3774_1,0.004487498197704554
3775_4,0.12383106350898743
3776_1,0.1701137274503708
3777_1,0.17390091717243195
3778_1,0.5131514072418213
3779_1,0.0022194066550582647
377_1,0.0040644435212016106
3780_1,0.008660905994474888
3781_4,0.005770904012024403
3782_1,0.0018631711136549711
3783_3,0.17753228545188904
3784_4,0.08363412320613861
3785_3,0.43271195888519287
3786_2,0.046123187988996506
3787_2,0.0059986119158566
3788_2,0.24683716893196106
3789_4,0.062147825956344604
378_1,0.04893605038523674
3790_1,0.003882624441757798
3791_1,0.0051817079074680805
3792_3,0.03410922363400459
3793_4,0.10914058238267899
3794_4,0.9992314577102661
3795_2,0.006243927404284477
3796_3,0.13802210986614227
3797_1,0.001209299429319799
3798_2,0.0023891518358141184
3799_1,0.0009087953367270529
379_1,0.016925621777772903
37_1,0.000809216289781034
3800_1,0.03172578662633896
3801_2,0.024007141590118408
3802_3,0.06789319217205048
3803_2,0.008768036961555481
3804_2,0.02826828695833683
3805_1,0.0010500861098989844
3806_4,0.022999025881290436
3807_2,0.219210684299469
3808_1,0.034074585884809494
3809_2,0.005348235368728638
380_2,0.23941141366958618
3810_2,0.0066296434961259365
3811_4,0.3677625358104706
3812_1,0.0030674037989228964
3813_3,0.2275456041097641
3814_3,0.02959172986447811
3815_2,0.0008970791241154075
3816_1,0.0024167164228856564
3817_1,0.03218955174088478
3818_4,0.017987065017223358
3819_4,0.14598317444324493
381_1,0.0038147112354636192
3820_1,0.0019371582893654704
3821_1,0.22003866732120514
3822_1,0.038173794746398926
3823_3,0.2412184178829193
3824_3,0.9361894726753235
3825_3,0.15000374615192413
3826_3,0.024764880537986755
3827_3,0.013569053262472153
3828_1,0.010019083507359028
3829_4,0.0013649427564814687
382_4,0.07393769174814224
3830_1,0.09915010631084442
3831_1,0.01613113097846508
3832_1,0.003890333464369178
3833_4,0.03194976598024368
3834_1,0.01309850625693798
3835_2,0.06820536404848099
3836_1,0.019692987203598022
3837_4,0.004074547439813614
3838_4,0.08224780857563019
3839_1,0.038412030786275864
383_1,0.0015979642048478127
3840_4,0.009125715121626854
3841_1,0.005629896651953459
3842_3,0.004792450461536646
3843_1,0.0036738996859639883
3844_1,0.01995302177965641
3845_1,0.004260631278157234
3846_1,0.007373035419732332
3847_1,0.014575296081602573
3848_3,0.020109836012125015
3849_1,0.0018877516267821193
384_4,0.015898212790489197
3850_1,0.0010151166934520006
3851_2,0.06846191734075546
3852_4,0.1551966667175293
3853_1,0.0021947736386209726
3854_1,0.005229799076914787
3855_1,0.010837437584996223
3856_1,0.037538595497608185
3857_1,0.011082915589213371
3858_1,0.006315866485238075
3859_1,0.003519789082929492
385_1,0.04619498923420906
3860_1,0.1777316927909851
3861_1,0.0009942131582647562
3862_1,0.021129846572875977
3863_1,0.003124004928395152
3864_4,0.04255128279328346
3865_3,0.0909806415438652
3866_2,0.014140383340418339
3867_4,0.2524968683719635
3868_3,0.06228512153029442
3869_1,0.04234786704182625
386_1,0.0008196485578082502
3870_1,0.38257840275764465
3871_1,0.028347916901111603
3872_4,0.008601239882409573
3873_3,0.21685180068016052
3874_1,0.011383336037397385
3875_4,0.006510493811219931
3876_1,0.17724667489528656
3877_3,0.14106540381908417
3878_1,0.005123660899698734
3879_4,0.179656982421875
387_1,0.010147846303880215
3880_1,0.08931658416986465
3881_3,0.006924457848072052
3882_3,0.03857202082872391
3883_4,0.014580707997083664
3884_1,0.04292783886194229
3885_4,0.4515599012374878
3886_3,0.11882937699556351
3887_2,0.02080466039478779
3888_2,0.03407006338238716
3889_1,0.001543451682664454
388_1,0.005849611014127731
3890_3,0.03303597867488861
3891_2,0.1317823976278305
3892_4,0.33597123622894287
3893_1,0.023661332204937935
3894_2,0.02169104479253292
3895_2,0.0019359998404979706
3896_1,0.06695707142353058
3897_4,0.061187390238046646
3898_3,0.018911609426140785
3899_1,0.009764307178556919
389_1,0.6222941875457764
38_1,0.031097378581762314
3900_2,0.32943710684776306
3901_4,0.07156495749950409
3902_1,0.037364840507507324
3903_1,0.00278261536732316
3904_2,0.0017547613242641091
3905_3,0.10620443522930145
3906_1,0.004412105306982994
3907_3,0.0029268111102283
3908_1,0.001206277753226459
3909_3,0.33578312397003174
390_4,0.050855930894613266
3910_1,0.020529812201857567
3911_1,0.004905750509351492
3912_1,0.0037794383242726326
3913_4,0.5447555184364319
3914_1,0.7702218890190125
3915_2,0.008921761997044086
3916_1,0.00539639126509428
3917_2,0.00729433074593544
3918_1,0.005184381268918514
3919_1,0.005262024700641632
391_1,0.01910003460943699
3920_4,0.283119261264801
3921_3,0.049284614622592926
3922_4,0.5517485737800598
3923_3,0.13353320956230164
3924_3,0.7729775309562683
3925_2,0.002363862469792366
3926_1,0.008268692530691624
3927_4,0.025733981281518936
3928_1,0.023335866630077362
3929_2,0.07353198528289795
392_2,0.039908383041620255
3930_3,0.0011110688792541623
3931_1,0.7615064978599548
3932_3,0.1504320204257965
3933_4,0.018066126853227615
3934_3,0.3876371383666992
3935_4,0.2093362957239151
3936_3,0.27125635743141174
3937_4,0.2573269009590149
3938_2,0.2248258888721466
3939_3,0.033164605498313904
393_1,0.11024320125579834
3940_4,0.7031202912330627
3941_1,0.02972407080233097
3942_2,0.007476160768419504
3943_3,0.009900941513478756
3944_1,0.004474128130823374
3945_2,0.002884702058508992
3946_3,0.023951075971126556
3947_1,0.5963366627693176
3948_1,0.028183935210108757
3949_2,0.0013132409658282995
394_4,0.1724226027727127
3950_1,0.004213822539895773
3951_3,0.0009066936327144504
3952_1,0.3276890516281128
3953_2,0.004806115757673979
3954_1,0.012263735756278038
3955_1,0.1831865757703781
3956_1,0.0037629695143550634
3957_4,0.003984489012509584
3958_4,0.005435129161924124
3959_3,0.463585764169693
395_2,0.4423506259918213
3960_1,0.008034247905015945
3961_2,0.11126459389925003
3962_1,0.042914167046546936
3963_3,0.007610063999891281
3964_4,0.8727981448173523
3965_4,0.00663957791402936
3966_1,0.01137001346796751
3967_1,0.033458203077316284
3968_2,0.0076185171492397785
3969_1,0.001905735582113266
396_2,0.004662795923650265
3970_3,0.013829776085913181
3971_4,0.012539451941847801
3972_3,0.0689079612493515
3973_1,0.6846546530723572
3974_3,0.09480807930231094
3975_4,0.07509952038526535
3976_4,0.7153811454772949
3977_2,0.5451729893684387
3978_3,0.005572228692471981
3979_3,0.0035489981528371572
397_3,0.0025170459412038326
3980_3,0.5089426040649414
3981_4,0.06731826812028885
3982_2,0.009081736207008362
3983_3,0.008089439943432808
3984_1,0.00923567358404398
3985_4,0.2879665493965149
3986_4,0.015044698491692543
3987_1,0.009046557359397411
3988_3,0.02478111907839775
3989_3,0.579903781414032
398_4,0.0811479315161705
3990_1,0.0012171322014182806
3991_4,0.3622811436653137
3992_3,0.0025292891077697277
3993_4,0.09610304236412048
3994_1,0.13717974722385406
3995_4,0.43137863278388977
3996_3,0.028553513810038567
3997_1,0.015672745183110237
3998_3,0.007324369624257088
3999_2,0.0014288490638136864
399_1,0.026231465861201286
39_3,0.6644195914268494
3_4,0.9251572489738464
4000_4,0.5104421973228455
4001_4,0.12571875751018524
4002_1,0.007963983342051506
4003_3,0.001086002797819674
4004_2,0.0011011557653546333
4005_2,0.024914441630244255
4006_1,0.18528373539447784
4007_3,0.1069856807589531
4008_1,0.30947181582450867
4009_1,0.1960887908935547
400_1,0.003333175787702203
4010_2,0.0011649838415905833
4011_3,0.4826906621456146
4012_2,0.5642848014831543
4013_1,0.1462789922952652
4014_1,0.006760737858712673
4015_1,0.11412955075502396
4016_1,0.1802906095981598
4017_3,0.16481097042560577
4018_2,0.034703560173511505
4019_1,0.004219797905534506
401_1,0.0033755151089280844
4020_3,0.0031184740364551544
4021_4,0.06598497182130814
4022_3,0.06175394728779793
4023_3,0.01257526595145464
4024_2,0.0052606877870857716
4025_2,0.01037342194467783
4026_2,0.009448732249438763
4027_1,0.007856453768908978
4028_2,0.002096506068482995
4029_1,0.013484606519341469
402_1,0.005480111110955477
4030_2,0.0015294789336621761
4031_1,0.0013596804346889257
4032_2,0.001481359824538231
4033_2,0.002423894591629505
4034_2,0.0016009033424779773
4035_2,0.00012542144395411015
4036_2,0.005474046338349581
4037_2,0.0020025172270834446
4038_2,0.0015969465021044016
4039_2,0.0007363060722127557
403_1,0.11664994060993195
4040_2,0.0006144011276774108
4041_2,0.003763639833778143
4042_2,0.004732025787234306
4043_2,0.002967740409076214
4044_2,0.008013608865439892
4045_2,0.0017891593743115664
4046_2,0.0031299057882279158
4047_2,0.0021209046244621277
4048_2,0.052459824830293655
4049_3,0.022771768271923065
404_1,0.034886106848716736
4050_3,0.8876203894615173
4051_3,0.12592460215091705
4052_2,0.018163209781050682
4053_2,0.010880347341299057
4054_3,0.005197836086153984
4055_1,0.08358527719974518
4056_4,0.10341417789459229
4057_4,0.7864540815353394
4058_3,0.16322122514247894
4059_1,0.021472088992595673
405_3,0.011005747132003307
4060_1,0.02692508138716221
4061_4,0.0409996435046196
4062_1,0.011637714691460133
4063_4,0.040363360196352005
4064_1,0.04782508313655853
4065_3,0.1599484086036682
4066_1,0.017316250130534172
4067_1,0.20479632914066315
4068_1,0.004149935208261013
4069_2,0.001709514413960278
406_1,0.004100468475371599
4070_1,0.059891462326049805
4071_1,0.0035100083332508802
4072_1,0.18008306622505188
4073_1,0.14446406066417694
4074_1,0.013880567625164986
4075_2,0.008580680936574936
4076_3,0.017199262976646423
4077_2,0.025790985673666
4078_2,0.0038678492419421673
4079_4,0.021959546953439713
407_4,0.004802176263183355
4080_1,0.05120166018605232
4081_3,0.19245339930057526
4082_4,0.18464744091033936
4083_2,0.009008510038256645
4084_2,0.0138420220464468
4085_2,0.014321391470730305
4086_1,0.4399779140949249
4087_3,0.04369885474443436
4088_3,0.03344523161649704
4089_4,0.012454004026949406
408_3,0.07882898300886154
4090_3,0.0023287893272936344
4091_4,0.05494147166609764
4092_3,0.055616263300180435
4093_4,0.004002940841019154
4094_1,0.11613054573535919
4095_1,0.09631212800741196
4096_1,0.0010789756197482347
4097_4,0.2655370831489563
4098_4,0.009988623671233654
4099_1,0.05550803616642952
409_4,0.05790494382381439
40_4,0.2937015891075134
4100_1,0.0018746511777862906
4101_1,0.21362948417663574
4102_1,0.09375054389238358
4103_1,0.05360989645123482
4104_3,0.014117283746600151
4105_2,0.02011682279407978
4106_1,0.0004794875858351588
4107_1,0.04120602086186409
4108_2,0.014967684634029865
4109_1,0.0027978091966360807
410_2,0.05361730605363846
4110_4,0.21684403717517853
4111_1,0.00911664217710495
4112_3,0.0071112606674432755
4113_1,0.14440540969371796
4114_2,0.004093600437045097
4115_3,0.006905238144099712
4116_4,0.0443391278386116
4117_3,0.7971822023391724
4118_2,0.016736311838030815
4119_1,0.022781236097216606
411_3,0.7370292544364929
4120_1,0.03311045467853546
4121_3,0.7224048972129822
4122_3,0.004441024269908667
4123_4,0.815324604511261
4124_1,0.36609065532684326
4125_1,0.0005660150782205164
4126_1,0.006945429369807243
4127_4,0.9154791831970215
4128_1,0.8211368322372437
4129_3,0.03150401636958122
412_2,0.5832942128181458
4130_1,0.0010651139309629798
4131_3,0.4405326843261719
4132_1,0.8161642551422119
4133_1,0.0015054983086884022
4134_4,0.3549400866031647
4135_3,0.019025858491659164
4136_3,0.2401575893163681
4137_1,0.8112219572067261
4138_2,0.002805792260915041
4139_1,0.0022570493165403605
413_4,0.02739466354250908
4140_3,0.007412772160023451
4141_1,0.005903813522309065
4142_3,0.10284357517957687
4143_4,0.08425906300544739
4144_4,0.4628966450691223
4145_1,0.003908937331289053
4146_4,0.010962855070829391
4147_4,0.014079995453357697
4148_3,0.3178477883338928
4149_3,0.007078951690346003
414_2,0.03762596473097801
4150_4,0.15578480064868927
4151_3,0.95790034532547
4152_4,0.3455217778682709
4153_4,0.009010634385049343
4154_4,0.15578480064868927
4155_1,0.009347430430352688
4156_1,0.004131942521780729
4157_3,0.03568407893180847
4158_2,0.02718258649110794
4159_3,0.04983479529619217
415_1,0.08744452148675919
4160_4,0.302242249250412
4161_4,0.1175696849822998
4162_1,0.0010308827040717006
4163_1,0.0036391441244632006
4164_1,0.0042741745710372925
4165_1,0.06818260997533798
4166_1,0.07897917926311493
4167_2,0.026151949539780617
4168_1,0.12796294689178467
4169_1,0.0018191151320934296
416_2,0.035928014665842056
4170_4,0.027913277968764305
4171_1,0.5856377482414246
4172_1,0.0010632589692249894
4173_1,0.014324279502034187
4174_3,0.018096162006258965
4175_1,0.002179343719035387
4176_1,0.0009102294570766389
4177_1,0.08577088266611099
4178_1,0.04074038937687874
4179_1,0.09055087715387344
417_1,0.27710840106010437
4180_1,0.06945198029279709
4181_1,0.001862362609244883
4182_1,0.01290298905223608
4183_1,0.007320979610085487
4184_1,0.005311887711286545
4185_1,0.00633163983002305
4186_1,0.12823644280433655
4187_1,0.004959049168974161
4188_1,0.008760807104408741
4189_1,0.005025029648095369
418_4,0.026715418323874474
4190_1,0.048981260508298874
4191_1,0.0022569443099200726
4192_1,0.0002558841952122748
4193_1,0.025315647944808006
4194_1,0.05050428956747055
4195_1,0.0010204624850302935
4196_1,0.0027046119794249535
4197_1,0.00208282214589417
4198_1,0.013338420540094376
4199_1,0.1700478047132492
419_4,0.3002181947231293
41_4,0.01284205261617899
4200_1,0.1349126398563385
4201_1,0.9987704157829285
4202_2,0.0005611663218587637
4203_3,0.703395426273346
4204_1,0.054932087659835815
4205_1,0.954804003238678
4206_1,0.03678247332572937
4207_2,0.7135287523269653
4208_3,0.02927832491695881
4209_2,0.17774905264377594
420_3,0.5635775327682495
4210_1,0.005985664203763008
4211_3,0.023655131459236145
4212_2,0.16939175128936768
4213_1,0.17028485238552094
4214_2,0.033512309193611145
4215_3,0.0006673656753264368
4216_1,0.07721001654863358
4217_1,0.0011909498134627938
4218_1,0.4298124313354492
4219_1,0.20987387001514435
421_1,0.05149833858013153
4220_4,0.38251423835754395
4221_3,0.6235892176628113
4222_4,0.04291367903351784
4223_1,0.15678811073303223
4224_1,0.17731748521327972
4225_2,0.015520535409450531
4226_1,0.01149237435311079
4227_1,0.13025622069835663
4228_2,0.039903365075588226
4229_1,0.003095131367444992
422_3,0.17543187737464905
4230_1,0.03014306351542473
4231_1,0.01735861785709858
4232_3,0.007126926444470882
4233_1,0.0022729781921952963
4234_1,0.038415901362895966
4235_1,0.014844725839793682
4236_2,0.12045066803693771
4237_4,0.0019874998833984137
4238_3,0.013800387270748615
4239_4,0.052214641124010086
423_2,0.12431944161653519
4240_4,0.6315935254096985
4241_3,0.6101624369621277
4242_1,0.006145138293504715
4243_3,0.15690214931964874
4244_4,0.23032782971858978
4245_4,0.018196403980255127
4246_2,0.5292126536369324
4247_4,0.006848497316241264
4248_4,0.03834763541817665
4249_1,0.490930438041687
424_2,0.0007198439561761916
4250_4,0.17894117534160614
4251_3,0.30701181292533875
4252_1,0.006060792598873377
4253_1,0.16396255791187286
4254_1,0.0033763363026082516
4255_4,0.7528338432312012
4256_4,0.748737096786499
4257_1,0.22335980832576752
4258_3,0.11558510363101959
4259_1,0.005352869164198637
425_2,0.11326943337917328
4260_1,0.006887256633490324
4261_1,0.002571186050772667
4262_4,0.1107240617275238
4263_3,0.27526339888572693
4264_4,0.12660107016563416
4265_3,0.5641684532165527
4266_1,0.008977429009974003
4267_1,0.0049094851128757
4268_1,0.0006810133927501738
4269_1,0.0026860276702791452
426_4,0.05554019659757614
4270_4,0.0010175780626013875
4271_1,0.006411875132471323
4272_3,0.005520901642739773
4273_4,0.03484366461634636
4274_4,0.023340974003076553
4275_4,0.026390505954623222
4276_4,0.0017434400506317616
4277_4,0.20615066587924957
4278_1,0.05984444543719292
4279_1,0.036262091249227524
427_3,0.012586276978254318
4280_4,0.22085794806480408
4281_3,0.0016244619619101286
4282_2,0.02516702190041542
4283_4,0.03951863572001457
4284_3,0.14409701526165009
4285_4,0.5819364190101624
4286_1,0.0035860349889844656
4287_4,0.03842036426067352
4288_1,0.004078937694430351
4289_1,0.7180768251419067
428_3,0.06896719336509705
4290_4,0.1613735556602478
4291_4,0.012610524892807007
4292_2,0.07531147450208664
4293_2,0.009328947402536869
4294_2,0.5869487524032593
4295_1,0.01271311566233635
4296_3,0.011349411681294441
4297_1,0.03198382630944252
4298_3,0.1785927414894104
4299_1,0.018478874117136
429_3,0.10174984484910965
42_4,0.0963914543390274
4300_1,0.039851345121860504
4301_1,0.0025927519891411066
4302_1,0.2884865403175354
4303_1,0.13779650628566742
4304_1,0.0009971405379474163
4305_1,0.013157429173588753
4306_3,0.07665612548589706
4307_2,0.023022694513201714
4308_1,0.0006979213212616742
4309_3,0.19464223086833954
430_4,0.10027391463518143
4310_1,0.05078474432229996
4311_2,0.0069481865502893925
4312_1,0.018874194473028183
4313_3,0.7303704619407654
4314_1,0.5640569925308228
4315_2,0.017260467633605003
4316_2,0.004515469539910555
4317_1,0.04027291014790535
4318_1,0.08912983536720276
4319_4,0.008580745197832584
431_2,0.015958119183778763
4320_4,0.048712000250816345
4321_2,0.26517626643180847
4322_3,0.0071924421936273575
4323_4,0.027874721214175224
4324_4,0.08104456961154938
4325_4,0.6231819987297058
4326_1,0.004769983701407909
4327_1,0.0017364962259307504
4328_1,0.006618705112487078
4329_1,0.030219757929444313
432_3,0.01609029993414879
4330_3,0.7541143298149109
4331_1,0.0018918511923402548
4332_2,0.0037374666426330805
4333_4,0.0007030488923192024
4334_2,0.020076600834727287
4335_4,0.012485060840845108
4336_2,0.2316521555185318
4337_3,0.026811091229319572
4338_1,0.013362916186451912
4339_4,0.5154532790184021
433_1,0.0016954358434304595
4340_4,0.16012030839920044
4341_1,0.06049404293298721
4342_2,0.24639073014259338
4343_1,0.19839434325695038
4344_1,0.010664353147149086
4345_1,0.050899505615234375
4346_3,0.012706678360700607
4347_1,0.004953905940055847
4348_4,0.014784351922571659
4349_2,0.4818005859851837
434_1,0.006234561558812857
4350_2,0.003948047757148743
4351_3,0.0035805252846330404
4352_1,0.5371930003166199
4353_3,0.011093677021563053
4354_3,0.006388350855559111
4355_1,0.010809828527271748
4356_3,0.26371827721595764
4357_1,0.2107982486486435
4358_1,0.0036269407719373703
4359_1,0.5612580180168152
435_1,0.13345734775066376
4360_2,0.0011920189717784524
4361_1,0.004749917890876532
4362_1,0.010574509389698505
4363_1,0.0011096886591985822
4364_1,0.003081677248701453
4365_1,0.08907704055309296
4366_1,0.1025640070438385
4367_3,0.4686317443847656
4368_2,0.00608761515468359
4369_2,0.006423843093216419
436_4,0.0029132391791790724
4370_2,0.0311995018273592
4371_1,0.0076082199811935425
4372_1,0.0021970197558403015
4373_2,0.02049214392900467
4374_2,0.006465155631303787
4375_1,0.07224560528993607
4376_1,0.02833101712167263
4377_4,0.11733771115541458
4378_4,0.11733771115541458
4379_4,0.014296401292085648
437_2,0.011005423963069916
4380_3,0.016684899106621742
4381_3,0.01372009888291359
4382_3,0.4959758222103119
4383_4,0.8248427510261536
4384_1,0.0018960246816277504
4385_2,0.05165361240506172
4386_1,0.020736470818519592
4387_1,0.0006046563503332436
4388_3,0.002356916666030884
4389_2,0.13606242835521698
438_2,0.003647885750979185
4390_1,0.0014489967143163085
4391_1,0.0730849951505661
4392_2,0.014919603243470192
4393_3,0.040087904781103134
4394_1,0.16368764638900757
4395_1,0.005872210022062063
4396_1,0.06848911195993423
4397_4,0.003706881310790777
4398_3,0.027727872133255005
4399_1,0.0033830886241048574
439_1,0.007884819991886616
43_1,0.032863933593034744
4400_4,0.6390968561172485
4401_1,0.050861090421676636
4402_1,0.002326144138351083
4403_1,0.0016790437512099743
4404_3,0.005233841482549906
4405_4,0.21625186502933502
4406_1,0.014222406782209873
4407_1,0.11149698495864868
4408_1,0.0018329969607293606
4409_3,0.01928861066699028
440_1,0.007083517964929342
4410_3,0.5859418511390686
4411_1,0.22993431985378265
4412_2,0.10327768325805664
4413_1,0.9533922672271729
4414_1,0.02138401009142399
4415_4,0.7945353388786316
4416_4,0.001339611946605146
4417_1,0.3582640290260315
4418_3,0.0013838921440765262
4419_4,0.24083267152309418
441_4,0.40065237879753113
4420_4,0.07484812289476395
4421_1,0.005929062608629465
4422_3,0.10751111060380936
4423_3,0.07350239902734756
4424_4,0.5875043272972107
4425_3,0.933698832988739
4426_4,0.023903533816337585
4427_3,0.11806324124336243
4428_2,0.0028268382884562016
4429_3,0.5798904299736023
442_3,0.13042069971561432
4430_4,0.04985157400369644
4431_3,0.5350185036659241
4432_2,0.2456173300743103
4433_1,0.011104380711913109
4434_2,0.005626520607620478
4435_1,0.24885526299476624
4436_4,0.29201388359069824
4437_3,0.09079211205244064
4438_3,0.061696093529462814
4439_3,0.14211410284042358
443_2,0.10649033635854721
4440_1,0.04177025333046913
4441_2,0.05894932150840759
4442_1,0.004865722265094519
4443_3,0.2714592218399048
4444_2,0.07388830184936523
4445_3,0.016444535925984383
4446_1,0.030934585258364677
4447_3,0.026322323828935623
4448_1,0.3943662643432617
4449_1,0.0032075471244752407
444_2,0.00045654908171854913
4450_3,0.021349545568227768
4451_3,0.0017882251413539052
4452_1,0.07242359220981598
4453_4,0.05966510251164436
4454_2,0.018933573737740517
4455_4,0.020252324640750885
4456_2,0.02205623686313629
4457_3,0.05361131578683853
4458_4,0.3754611015319824
4459_4,0.02161911316215992
445_3,0.09845461696386337
4460_2,0.07085102051496506
4461_4,0.08539886027574539
4462_2,0.4169370234012604
4463_2,0.008327930234372616
4464_3,0.0506722517311573
4465_4,0.3706889748573303
4466_4,0.048378948122262955
4467_4,0.014740693382918835
4468_4,0.03599250316619873
4469_3,0.3020976185798645
446_1,0.0031192104797810316
4470_4,0.019527828320860863
4471_4,0.11201339215040207
4472_4,0.22608791291713715
4473_2,0.045667484402656555
4474_1,0.11907266825437546
4475_1,0.0008115812670439482
4476_4,0.03614359721541405
4477_1,0.010342945344746113
4478_4,0.020694756880402565
4479_4,0.10020441561937332
447_4,0.055416788905858994
4480_2,0.0911799892783165
4481_1,0.6067476868629456
4482_3,0.3201230466365814
4483_2,0.003679309505969286
4484_1,0.026859771460294724
4485_4,0.7345176339149475
4486_2,0.011077226139605045
4487_4,0.8447462916374207
4488_4,0.013971480540931225
4489_4,0.05844492465257645
448_2,0.15238530933856964
4490_1,0.016628852114081383
4491_1,0.5383528470993042
4492_2,0.002405432052910328
4493_1,0.05214623734354973
4494_1,0.005957537796348333
4495_3,0.6302884817123413
4496_3,0.0347474031150341
4497_4,0.08769679814577103
4498_4,0.4643769860267639
4499_2,0.017059480771422386
449_3,0.5851005911827087
44_4,0.03174144774675369
4500_3,0.10413860529661179
4501_3,0.330486536026001
4502_1,0.19797933101654053
4503_1,0.007260419894009829
4504_1,0.003948214929550886
4505_1,0.0609666109085083
4506_1,0.3441976010799408
4507_4,0.056756969541311264
4508_3,0.015808261930942535
4509_3,0.002063529100269079
450_2,0.35527512431144714
4510_1,0.035360272973775864
4511_1,0.12867633998394012
4512_3,0.008054550737142563
4513_4,0.22857815027236938
4514_3,0.9557860493659973
4515_3,0.18238472938537598
4516_1,0.007204387336969376
4517_4,0.24649442732334137
4518_2,0.0013050013221800327
4519_1,0.6194673180580139
451_2,0.08757738023996353
4520_2,0.03095751255750656
4521_4,0.07300776243209839
4522_1,0.0030337481293827295
4523_1,0.09729047864675522
4524_1,0.004058992490172386
4525_1,0.002932934556156397
4526_1,0.0013351464876905084
4527_1,0.0035886885598301888
4528_3,0.17168432474136353
4529_1,0.012494057416915894
452_2,0.029780423268675804
4530_1,0.005189412739127874
4531_1,0.010771735571324825
4532_2,0.005780490580946207
4533_1,0.027315381914377213
4534_3,0.5622565746307373
4535_1,0.015192287974059582
4536_3,0.16885511577129364
4537_1,0.023682115599513054
4538_1,0.0036474631633609533
4539_3,0.363457590341568
453_4,0.9425508975982666
4540_2,0.06900604814291
4541_1,0.014429701492190361
4542_1,0.002284640446305275
4543_2,0.002615448320284486
4544_2,0.018750684335827827
4545_2,0.007426322903484106
4546_3,0.05466147139668465
4547_1,0.025945262983441353
4548_4,0.010497726500034332
4549_1,0.002659895457327366
454_1,0.19742392003536224
4550_3,0.7909208536148071
4551_1,0.037569839507341385
4552_1,0.007899349555373192
4553_2,0.010794522240757942
4554_3,0.006376267876476049
4555_3,0.0013497311156243086
4556_2,0.45887261629104614
4557_3,0.009813806042075157
4558_1,0.00448222691193223
4559_3,0.0016861059702932835
455_1,0.8668555617332458
4560_1,0.008532156236469746
4561_2,0.0728665143251419
4562_1,0.29067912697792053
4563_4,0.5229427814483643
4564_2,0.007657340727746487
4565_1,0.16156484186649323
4566_3,0.07612863928079605
4567_2,0.6689991354942322
4568_1,0.007197528146207333
4569_2,0.0027836451772600412
456_1,0.023727303370833397
4570_3,0.08583525568246841
4571_1,0.4689522385597229
4572_1,0.002119806595146656
4573_2,0.02369595691561699
4574_3,0.02492576465010643
4575_3,0.36804312467575073
4576_1,0.01257348246872425
4577_1,0.0036883854772895575
4578_4,0.06192108988761902
4579_4,0.18985749781131744
457_2,0.004248422104865313
4580_3,0.07946527749300003
4581_3,0.33296746015548706
4582_1,0.8731588125228882
4583_4,0.28174009919166565
4584_2,0.4231093227863312
4585_2,0.761603593826294
4586_3,0.013691473752260208
4587_1,0.003051388543099165
4588_1,0.028726736083626747
4589_4,0.0018163714557886124
458_4,0.022922657430171967
4590_3,0.1486169546842575
4591_2,0.11126217246055603
4592_1,0.006103871390223503
4593_1,0.007870243862271309
4594_1,0.007681749761104584
4595_3,0.8581942915916443
4596_3,0.6897842288017273
4597_3,0.9232390522956848
4598_4,0.4751266539096832
4599_4,0.004343742970377207
459_4,0.5361437201499939
45_2,0.06454604864120483
4600_3,0.09204433858394623
4601_4,0.034358687698841095
4602_4,0.7226403951644897
4603_3,0.11229325085878372
4604_4,0.0027970990631729364
4605_4,0.21346908807754517
4606_1,0.0036706426180899143
4607_4,0.00998995453119278
4608_2,0.00997175183147192
4609_2,0.0028999585192650557
460_1,0.06900902092456818
4610_1,0.11238044500350952
4611_3,0.018694287165999413
4612_1,0.004037247505038977
4613_2,0.002712404588237405
4614_3,0.7346236109733582
4615_4,0.817674458026886
4616_1,0.0021581160835921764
4617_1,0.28517723083496094
4618_1,0.02320506051182747
4619_4,0.0636904239654541
461_1,0.00965935830026865
4620_3,0.4004520773887634
4621_1,0.04095935821533203
4622_1,0.001370093086734414
4623_4,0.0039290087297558784
4624_4,0.02849668450653553
4625_2,0.07175706326961517
4626_1,0.0024043978191912174
4627_4,0.31993696093559265
4628_3,0.5432217717170715
4629_2,0.05781163275241852
462_4,0.1090342178940773
4630_1,0.012063947506248951
4631_1,0.025879167020320892
4632_4,0.3950517177581787
4633_3,0.04915319383144379
4634_1,0.1339179426431656
4635_4,0.5080205202102661
4636_3,0.013322966173291206
4637_2,0.02918287366628647
4638_4,0.46175703406333923
4639_3,0.09820099920034409
463_1,0.011011051014065742
4640_4,0.9890594482421875
4641_3,0.019898055121302605
4642_2,0.09781398624181747
4643_2,0.18602703511714935
4644_2,0.0018671402940526605
4645_2,0.1215982735157013
4646_4,0.06661657989025116
4647_4,0.29009348154067993
4648_2,0.027416542172431946
4649_1,0.04590931162238121
464_4,0.06149271875619888
4650_4,0.03934970498085022
4651_4,0.35979151725769043
4652_4,0.04340658709406853
4653_2,0.07887706160545349
4654_2,0.04916524887084961
4655_1,0.0028097762260586023
4656_4,0.7208623886108398
4657_3,0.04626365751028061
4658_4,0.23287899792194366
4659_1,0.0885569155216217
465_4,0.016880827024579048
4660_4,0.435624897480011
4661_3,0.8900496959686279
4662_1,0.11448884010314941
4663_2,0.0043781171552836895
4664_1,0.017581313848495483
4665_1,0.010296810418367386
4666_1,0.0008722383645363152
4667_1,0.012459764257073402
4668_1,0.01192297413945198
4669_2,0.45555049180984497
466_1,0.010138400830328465
4670_3,0.07526104897260666
4671_3,0.0016556917689740658
4672_1,0.014883359894156456
4673_4,0.007515787146985531
4674_2,0.012917384505271912
4675_1,0.05668869614601135
4676_1,0.5483216047286987
4677_4,0.010486815124750137
4678_2,0.006909555289894342
4679_1,0.0026649560313671827
467_3,0.030267097055912018
4680_1,0.3344218134880066
4681_1,0.0022154569160193205
4682_1,0.003300023265182972
4683_1,0.018067196011543274
4684_2,0.004700792022049427
4685_2,0.0016564673278480768
4686_1,0.17969806492328644
4687_1,0.016566991806030273
4688_3,0.08395024389028549
4689_1,0.001451756339520216
468_1,0.026630595326423645
4690_4,0.17193394899368286
4691_1,0.06548874825239182
4692_3,0.0016970831202343106
4693_1,0.018805813044309616
4694_4,0.04182128235697746
4695_2,0.02533062733709812
4696_2,0.011256792582571507
4697_3,0.9779428839683533
4698_1,0.21769224107265472
4699_1,0.029917828738689423
469_2,0.1099238321185112
46_2,0.023256009444594383
4700_2,0.04412568360567093
4701_3,0.21413782238960266
4702_4,0.17947569489479065
4703_3,0.06514104455709457
4704_2,0.7741023302078247
4705_4,0.0035136647056788206
4706_1,0.2062131017446518
4707_4,0.48347151279449463
4708_3,0.08721260726451874
4709_1,0.0015064087929204106
470_4,0.22493603825569153
4710_2,0.025097018107771873
4711_1,0.0004872986755799502
4712_1,0.0013412142870947719
4713_1,0.008112704381346703
4714_1,0.0041755186393857
4715_1,0.0013451382983475924
4716_1,0.0304145235568285
4717_1,0.023960327729582787
4718_1,0.005627497565001249
4719_1,0.0035223085433244705
471_3,0.08053699880838394
4720_3,0.015901049599051476
4721_3,0.5298795104026794
4722_2,0.0254913829267025
4723_4,0.11530998349189758
4724_3,0.20128732919692993
4725_2,0.00650522205978632
4726_4,0.4581908881664276
4727_1,0.003106015734374523
4728_1,0.0692179873585701
4729_1,0.017120257019996643
472_4,0.8248425126075745
4730_1,0.05452125519514084
4731_1,0.2961454689502716
4732_2,0.12898313999176025
4733_1,0.008998005650937557
4734_1,0.00029383160290308297
4735_1,0.008749994449317455
4736_1,0.005085018463432789
4737_3,0.19486211240291595
4738_1,0.002166671911254525
4739_4,0.0542900487780571
473_1,0.0037561452481895685
4740_1,0.007947687990963459
4741_1,0.0019223822746425867
4742_1,0.010705215856432915
4743_4,0.04947600141167641
4744_1,0.001335408422164619
4745_1,0.004590537399053574
4746_1,0.027480144053697586
4747_2,0.011193051934242249
4748_1,0.002980243181809783
4749_3,0.0032483418472111225
474_4,0.4092349410057068
4750_2,0.1586257368326187
4751_2,0.010744626633822918
4752_1,0.0003884562465827912
4753_1,0.07654961198568344
4754_1,0.005691349972039461
4755_2,0.00498474994674325
4756_4,0.02402208372950554
4757_2,0.040576495230197906
4758_4,0.1306564211845398
4759_4,0.025485578924417496
475_1,0.10532017052173615
4760_4,0.027813011780381203
4761_2,0.0028074150905013084
4762_3,0.0023536337539553642
4763_1,0.017593448981642723
4764_1,0.0039991592057049274
4765_3,0.015797225758433342
4766_1,0.17579232156276703
4767_3,0.09841670095920563
4768_2,0.21545977890491486
4769_1,0.0017358481418341398
476_1,0.052260592579841614
4770_1,0.010961799882352352
4771_1,0.08049750328063965
4772_1,0.004479138646274805
4773_1,0.10861299932003021
4774_2,0.011081300675868988
4775_2,0.021023789420723915
4776_2,0.19072015583515167
4777_1,0.006149196997284889
4778_4,0.016985008493065834
4779_1,0.020060859620571136
477_2,0.27217134833335876
4780_1,0.14568164944648743
4781_1,0.0030705491080880165
4782_1,0.009651998989284039
4783_1,0.059554070234298706
4784_1,0.06941577792167664
4785_1,0.005562121048569679
4786_4,0.03002236783504486
4787_3,0.8820008039474487
4788_1,0.987891435623169
4789_4,0.5023964643478394
478_3,0.3063637912273407
4790_1,0.0012131412513554096
4791_1,0.21705888211727142
4792_2,0.00745541974902153
4793_1,0.004430367145687342
4794_1,0.0013415112625807524
4795_1,0.007517792750149965
4796_2,0.008406901732087135
4797_1,0.38881009817123413
4798_2,0.4639934301376343
4799_2,0.1908455193042755
479_3,0.496410608291626
47_2,0.027468761429190636
4800_1,0.002861493034288287
4801_2,0.02815891243517399
4802_1,0.08507254719734192
4803_4,0.18378512561321259
4804_2,0.0007633127388544381
4805_4,0.9406946897506714
4806_4,0.6415295600891113
4807_4,0.14535638689994812
4808_4,0.14866629242897034
4809_3,0.10307712852954865
480_3,0.20299820601940155
4810_3,0.07539380341768265
4811_1,0.004261375870555639
4812_1,0.0026352261193096638
4813_1,0.010484232567250729
4814_2,0.0061049009673297405
4815_1,0.021014146506786346
4816_1,0.014376766979694366
4817_1,0.0047431509010493755
4818_1,0.0046074106357991695
4819_2,0.00619678245857358
481_2,0.18822674453258514
4820_4,0.4816654622554779
4821_2,0.024772757664322853
4822_1,0.007739861961454153
4823_1,0.7303193211555481
4824_1,0.15772835910320282
4825_1,0.008976936340332031
4826_1,0.003576069138944149
4827_1,0.019650859758257866
4828_4,0.006153284106403589
4829_3,0.237226665019989
482_1,0.06632669270038605
4830_1,0.03052711859345436
4831_1,0.001202102517709136
4832_1,0.014361194334924221
4833_1,0.004451214801520109
4834_2,0.049742188304662704
4835_1,0.002494470216333866
4836_1,0.009251145645976067
4837_4,0.9203650951385498
4838_2,0.0040161446668207645
4839_1,0.03317730501294136
483_2,0.04640974849462509
4840_1,0.011931858025491238
4841_3,0.6306200623512268
4842_1,0.01496776845306158
4843_1,0.004949471913278103
4844_1,0.015980275347828865
4845_1,0.002997663104906678
4846_1,0.005503994412720203
4847_1,0.06158222258090973
4848_3,0.5822020173072815
4849_3,0.5666925311088562
484_1,0.010252607986330986
4850_4,0.5229038596153259
4851_4,0.7751574516296387
4852_3,0.019455797970294952
4853_2,0.19920778274536133
4854_2,0.06195767596364021
4855_2,0.9829519391059875
4856_4,0.73305344581604
4857_1,0.0031607404816895723
4858_3,0.3304288685321808
4859_1,0.010892007499933243
485_4,0.22446207702159882
4860_1,0.3318440914154053
4861_1,0.03845004737377167
4862_1,0.18719126284122467
4863_3,0.46635085344314575
4864_4,0.02187717892229557
4865_1,0.021610017865896225
4866_3,0.02484496310353279
4867_4,0.019091442227363586
4868_4,0.01722998172044754
4869_2,0.004073289688676596
486_4,0.026750074699521065
4870_2,0.10466201603412628
4871_4,0.0029092913027852774
4872_3,0.5729060769081116
4873_3,0.08457061648368835
4874_1,0.046816710382699966
4875_3,0.08552800118923187
4876_2,0.007769574411213398
4877_1,0.005580877885222435
4878_1,0.007853697054088116
4879_4,0.0053000845946371555
487_3,0.009111737832427025
4880_1,0.05180436745285988
4881_3,0.6814454197883606
4882_3,0.2700425684452057
4883_3,0.007855264469981194
4884_4,0.2897995412349701
4885_3,0.20307393372058868
4886_3,0.36445048451423645
4887_3,0.01934170164167881
4888_2,0.16746418178081512
4889_4,0.9689763188362122
488_4,0.11334347724914551
4890_3,0.9546594619750977
4891_3,0.0031321337446570396
4892_1,0.0055169337429106236
4893_1,0.03536086156964302
4894_3,0.6416062712669373
4895_1,0.004570170771330595
4896_2,0.09072259068489075
4897_2,0.0281649399548769
4898_4,0.808156430721283
4899_3,0.2367735207080841
489_1,0.007810610346496105
48_4,0.5368568301200867
4900_1,0.07915719598531723
4901_4,0.026806090027093887
4902_4,0.9514323472976685
4903_3,0.3123243749141693
4904_1,0.0008744834922254086
4905_3,0.003707270370796323
4906_1,0.0013872338458895683
4907_1,0.0018472044030204415
4908_3,0.019061366096138954
4909_3,0.017418768256902695
490_2,0.9918122291564941
4910_3,0.27667903900146484
4911_2,0.07442355901002884
4912_2,0.008439926430583
4913_1,0.003082919865846634
4914_2,0.010023767128586769
4915_2,0.012543431483209133
4916_4,0.03027384728193283
4917_4,0.0021382602863013744
4918_3,0.09379377216100693
4919_4,0.017636233940720558
491_2,0.00723703159019351
4920_1,0.0018515412230044603
4921_2,0.0009869931964203715
4922_1,0.0036942954175174236
4923_3,0.0911920964717865
4924_4,0.11724212765693665
4925_3,0.00023223865719046444
4926_1,0.2739419937133789
4927_1,0.002401426900178194
4928_1,0.02492094226181507
4929_1,0.020293591544032097
492_1,0.004892862401902676
4930_1,0.04665299132466316
4931_1,0.014633982442319393
4932_3,0.1496594250202179
4933_4,0.0031766167376190424
4934_2,0.09100533276796341
4935_2,0.003757780184969306
4936_2,0.06578309834003448
4937_4,0.04373936355113983
4938_1,0.0015616652090102434
4939_2,0.013909251429140568
493_1,0.09362825751304626
4940_3,0.006789886858314276
4941_2,0.0028646865393966436
4942_2,0.008918613195419312
4943_2,0.005896404851227999
4944_1,0.04186580702662468
4945_3,0.1913379728794098
4946_1,0.002990276087075472
4947_1,0.024950344115495682
4948_2,0.0012842610012739897
4949_2,0.11212161928415298
494_2,0.009170345962047577
4950_1,0.001338356640189886
4951_3,0.08927910774946213
4952_3,0.00576770631596446
4953_2,0.009380122646689415
4954_3,0.0610414482653141
4955_4,0.08498240262269974
4956_1,0.014201750047504902
4957_2,0.13562902808189392
4958_3,0.11757059395313263
4959_4,0.07071509212255478
495_2,0.16420435905456543
4960_3,0.025956574827432632
4961_2,0.3610045313835144
4962_4,0.08778773248195648
4963_4,0.0943111851811409
4964_1,0.0038417044561356306
4965_3,0.32651227712631226
4966_4,0.13008160889148712
4967_3,0.026296986266970634
4968_4,0.10028371959924698
4969_2,0.003011988243088126
496_3,0.5318472385406494
4970_3,0.9829282164573669
4971_1,0.013968735001981258
4972_1,0.014354722574353218
4973_4,0.09485343843698502
4974_1,0.015463829040527344
4975_3,0.011861752718687057
4976_1,0.04741046950221062
4977_4,0.32369542121887207
4978_1,0.12135414034128189
4979_1,0.004958434961736202
497_2,0.007209019735455513
4980_1,0.008568779565393925
4981_1,0.002515121130272746
4982_3,0.024322189390659332
4983_1,0.010682936757802963
4984_4,0.8087502121925354
4985_4,0.018156979233026505
4986_3,0.007453020662069321
4987_4,0.008623596280813217
4988_1,0.014326873235404491
4989_2,0.0004886201350018382
498_1,0.004891158081591129
4990_4,0.0646853893995285
4991_3,0.9600160717964172
4992_1,0.0008259458700194955
4993_3,0.002946621971204877
4994_1,0.003569340566173196
4995_1,0.09663115441799164
4996_2,0.008277792483568192
4997_1,0.01176536176353693
4998_1,0.0063627418130636215
4999_3,0.0029026016127318144
499_2,0.08321617543697357
49_4,0.42395511269569397
4_4,0.13682442903518677
5000_4,0.004836730193346739
5001_1,0.09391672909259796
5002_1,0.008850052021443844
5003_1,0.006781273987144232
5004_1,0.053201474249362946
5005_1,0.04083644226193428
5006_4,0.2436549961566925
5007_4,0.25377440452575684
5008_4,0.03474845737218857
5009_1,0.11113874614238739
500_1,0.00365127413533628
5010_1,0.23790472745895386
5011_4,0.01580745354294777
5012_3,0.09903483837842941
5013_1,0.00511845713481307
5014_1,0.0016491563292220235
5015_1,0.02565627172589302
5016_2,0.0021713883616030216
5017_4,0.9096136689186096
5018_3,0.13283641636371613
5019_1,0.22307148575782776
501_1,0.00939486175775528
5020_2,0.0011516629019752145
5021_1,0.0011852155439555645
5022_1,0.001330642495304346
5023_4,0.0163253266364336
5024_1,0.048470839858055115
5025_3,0.2567385733127594
5026_3,0.793630063533783
5027_1,0.07747191190719604
5028_4,0.0031366408802568913
5029_3,0.0711778774857521
502_4,0.4289883077144623
5030_4,0.03464983031153679
5031_3,0.06766267865896225
5032_1,0.043022915720939636
5033_1,0.1341095268726349
5034_1,0.6402959823608398
5035_1,0.0010229065082967281
5036_4,0.12591424584388733
5037_2,0.21891158819198608
5038_4,0.011981074698269367
5039_3,0.017197778448462486
503_2,0.05551876127719879
5040_1,0.0036836855579167604
5041_1,0.00878904014825821
5042_1,0.07748404145240784
5043_2,0.007876944728195667
5044_3,0.004434971604496241
5045_2,0.12975487112998962
5046_1,0.11015375703573227
5047_3,0.8178356289863586
5048_4,0.04676651954650879
5049_4,0.0011266360525041819
504_1,0.009142667055130005
5050_2,0.006347282789647579
5051_4,0.8442639112472534
5052_3,0.003819552483037114
5053_4,0.03673126548528671
5054_3,0.11878134310245514
5055_2,0.004098726436495781
5056_4,0.009332826361060143
5057_1,0.04344018176198006
5058_3,0.021673351526260376
5059_4,0.16655145585536957
505_1,0.03327690064907074
5060_3,0.02228320948779583
5061_4,0.18158520758152008
5062_1,0.03372670337557793
5063_2,0.011582013219594955
5064_3,0.0194097850471735
5065_3,0.011530791409313679
5066_1,0.007986416108906269
5067_2,0.18788008391857147
5068_3,0.08450695872306824
5069_3,0.6387581825256348
506_2,0.03150377422571182
5070_2,0.08419166505336761
5071_2,0.5435689091682434
5072_1,0.17027515172958374
5073_4,0.820218563079834
5074_3,0.44095152616500854
5075_4,0.3505977690219879
5076_1,0.004388328641653061
5077_3,0.0022911198902875185
5078_2,0.045825425535440445
5079_2,0.001726958784274757
507_1,0.0036677697207778692
5080_2,0.005476354621350765
5081_2,0.002316313562914729
5082_1,0.0040380279533565044
5083_4,0.08953522145748138
5084_4,0.1730072796344757
5085_2,0.3903004825115204
5086_4,0.003165079280734062
5087_1,0.6491590738296509
5088_1,0.055075936019420624
5089_2,0.001336426823399961
508_4,0.0603736937046051
5090_1,0.002658725716173649
5091_1,0.4707310199737549
5092_1,0.0016111658187583089
5093_4,0.04536525160074234
5094_3,0.013561663217842579
5095_3,0.02077578939497471
5096_3,0.05775056406855583
5097_4,0.06486467272043228
5098_1,0.08775495737791061
5099_4,0.718959629535675
509_3,0.06297744810581207
50_3,0.04612928628921509
5100_4,0.04322810843586922
5101_4,0.2522825300693512
5102_3,0.9964381456375122
5103_1,0.020145056769251823
5104_3,0.15497955679893494
5105_3,0.12863828241825104
5106_1,0.09678954631090164
5107_4,0.07557471096515656
5108_2,0.008365748450160027
5109_4,0.011533085256814957
510_2,0.014314742758870125
5110_4,0.39455103874206543
5111_4,0.03537081554532051
5112_4,0.06727699190378189
5113_4,0.6417176723480225
5114_3,0.025479694828391075
5115_3,0.7992843985557556
5116_2,0.021419113501906395
5117_1,0.002192519139498472
5118_4,0.021053466945886612
5119_2,0.030229954048991203
511_3,0.008246113546192646
5120_2,0.1434476226568222
5121_1,0.012271136045455933
5122_1,0.11946562677621841
5123_4,0.589625358581543
5124_4,0.9082574844360352
5125_1,0.2073114812374115
5126_4,0.04079495370388031
5127_2,0.023238029330968857
5128_1,0.016454407945275307
5129_4,0.6511865258216858
512_2,0.004030949901789427
5130_1,0.0028163061942905188
5131_3,0.007766362279653549
5132_1,0.01565384492278099
5133_1,0.036924004554748535
5134_3,0.015153653919696808
5135_2,0.005931383930146694
5136_2,0.11233165860176086
5137_1,0.0015095951966941357
5138_2,0.016255659982562065
5139_3,0.1000380888581276
513_1,0.013716597110033035
5140_2,0.3498259484767914
5141_1,0.15920692682266235
5142_1,0.011923665180802345
5143_2,0.10650388151407242
5144_1,0.0014923440758138895
5145_4,0.8956745266914368
5146_3,0.7646932005882263
5147_1,0.03828594833612442
5148_2,0.0032487635035067797
5149_3,0.27675068378448486
514_3,0.020788835361599922
5150_3,0.054842427372932434
5151_4,0.04508371651172638
5152_4,0.21217671036720276
5153_4,0.07886697351932526
5154_3,0.679367184638977
5155_3,0.0051728468388319016
5156_4,0.4702901244163513
5157_4,0.0314536914229393
5158_1,0.0018339753150939941
5159_3,0.5667978525161743
515_1,0.0033043846487998962
5160_3,0.05804205313324928
5161_1,0.0007273568771779537
5162_1,0.021989159286022186
5163_1,0.08990148454904556
5164_4,0.019100194796919823
5165_2,0.07366503030061722
5166_1,0.001730019343085587
5167_2,0.022624049335718155
5168_1,0.007640525233000517
5169_1,0.31939882040023804
516_1,0.00270683690905571
5170_1,0.024484848603606224
5171_4,0.20786653459072113
5172_1,0.05435159429907799
5173_2,0.01827281154692173
5174_1,0.029433276504278183
5175_1,0.007625218015164137
5176_1,0.0012087373761460185
5177_1,0.06552760303020477
5178_3,0.39253664016723633
5179_4,0.015090648084878922
517_1,0.0015877948608249426
5180_1,0.025237949565052986
5181_1,0.003554900176823139
5182_3,0.0050310841761529446
5183_1,0.00015826015442144126
5184_1,0.003754596458747983
5185_1,0.009457975625991821
5186_1,0.0007471829303540289
5187_1,0.18791276216506958
5188_2,0.0030939176212996244
5189_1,0.0020334175787866116
518_4,0.03802378848195076
5190_4,0.5008307695388794
5191_1,0.07058189064264297
5192_2,0.18803717195987701
5193_1,0.014263861812651157
5194_1,0.5788288116455078
5195_4,0.032821301370859146
5196_4,0.005168216302990913
5197_4,0.8796623349189758
5198_1,0.006266364827752113
5199_3,0.8277388215065002
519_1,0.0030405083671212196
51_4,0.14564818143844604
5200_1,0.008542666211724281
5201_3,0.29696059226989746
5202_1,0.002473131287842989
5203_1,0.5063576698303223
5204_1,0.016168534755706787
5205_2,0.0023795180022716522
5206_3,0.5258655548095703
5207_3,0.04219510778784752
5208_3,0.029959486797451973
5209_4,0.014184089377522469
520_2,0.004674987867474556
5210_4,0.09437338262796402
5211_1,0.051564738154411316
5212_4,0.6642361283302307
5213_4,0.03925665095448494
5214_1,0.02227049134671688
5215_1,0.028468618169426918
5216_1,0.11027426272630692
5217_1,0.0009767601732164621
5218_1,0.17324838042259216
5219_1,0.10064509510993958
521_1,0.0017972523346543312
5220_1,0.0018064342439174652
5221_1,0.44551727175712585
5222_2,0.0070947217755019665
5223_1,0.014499782584607601
5224_1,0.05584503337740898
5225_1,0.005483373533934355
5226_1,0.11885286122560501
5227_3,0.0034386413171887398
5228_4,0.7013761401176453
5229_3,0.01675253175199032
522_2,0.17879387736320496
5230_4,0.15554995834827423
5231_1,0.026457130908966064
5232_2,0.04674580693244934
5233_1,0.2122991681098938
5234_1,0.09840201586484909
5235_4,0.04505987465381622
5236_1,0.21316589415073395
5237_2,0.007408405188471079
5238_2,0.0050442153587937355
5239_2,0.06649630516767502
523_1,0.006310261320322752
5240_1,0.0023070869501680136
5241_1,0.011751032434403896
5242_1,0.9650108814239502
5243_1,0.00106867216527462
5244_3,0.05630892142653465
5245_1,0.01927970163524151
5246_2,0.012051280587911606
5247_1,0.005229823756963015
5248_1,0.9089886546134949
5249_1,0.0017284916248172522
524_1,0.13627472519874573
5250_1,0.06796693801879883
5251_2,0.0049515534192323685
5252_4,0.29954034090042114
5253_4,0.17078110575675964
5254_3,0.004937050864100456
5255_1,0.8511386513710022
5256_3,0.08968004584312439
5257_1,0.007048300467431545
5258_1,0.03340499475598335
5259_4,0.23077024519443512
525_3,0.03704346716403961
5260_4,0.04066937044262886
5261_3,0.018198808655142784
5262_2,0.13129517436027527
5263_1,0.013977735303342342
5264_2,0.07416562736034393
5265_3,0.002103380626067519
5266_4,0.05240028724074364
5267_4,0.03465680405497551
5268_4,0.19028587639331818
5269_1,0.28263553977012634
526_3,0.19195640087127686
5270_1,0.19916552305221558
5271_2,0.20641867816448212
5272_3,0.5283442735671997
5273_3,0.014505269937217236
5274_1,0.03858576714992523
5275_1,0.5292518734931946
5276_4,0.11330481618642807
5277_3,0.008334193378686905
5278_1,0.0051724789664149284
5279_1,0.00869886763393879
527_2,0.5573354363441467
5280_4,0.17986571788787842
5281_1,0.8717890381813049
5282_1,0.018772348761558533
5283_2,0.006789433769881725
5284_2,0.004389695357531309
5285_2,0.09491424262523651
5286_1,0.003565777326002717
5287_1,0.026609789580106735
5288_3,0.005834808107465506
5289_1,0.3166119456291199
528_1,0.0039631095714867115
5290_2,0.06173267960548401
5291_1,0.0304297786206007
5292_3,0.9902523756027222
5293_4,0.7193635106086731
5294_1,0.09938632696866989
5295_1,0.0010649971663951874
5296_2,0.0016118515050038695
5297_4,0.030187087133526802
5298_1,0.38728412985801697
5299_2,0.08271770924329758
529_1,0.01594022661447525
52_4,0.13976886868476868
5300_1,0.005558123346418142
5301_4,0.017003735527396202
5302_1,0.005225070286542177
5303_1,0.006614082958549261
5304_1,0.25295594334602356
5305_3,0.08201901614665985
5306_1,0.005738021805882454
5307_1,0.06338644027709961
5308_3,0.05119671672582626
5309_1,0.47539597749710083
530_2,0.0683388039469719
5310_2,0.018555965274572372
5311_3,0.17446641623973846
5312_4,0.04510102793574333
5313_4,0.3002380430698395
5314_2,0.013982863165438175
5315_4,0.7269238233566284
5316_2,0.7354140877723694
5317_4,0.0022631085012108088
5318_2,0.006630862597376108
5319_4,0.4961807429790497
531_2,0.05150984972715378
5320_4,0.18968713283538818
5321_4,0.4625031650066376
5322_4,0.0016676695086061954
5323_4,0.01083268504589796
5324_3,0.010631776414811611
5325_4,0.3442825973033905
5326_2,0.0025398957077413797
5327_1,0.003296279814094305
5328_4,0.09878651797771454
5329_1,0.0004966803244315088
532_3,0.11546090990304947
5330_4,0.002289888449013233
5331_4,0.4172978103160858
5332_2,0.025633106008172035
5333_3,0.10142287611961365
5334_1,0.054558996111154556
5335_4,0.406987726688385
5336_4,0.014062345027923584
5337_3,0.17685657739639282
5338_4,0.002061331644654274
5339_1,0.18942663073539734
533_1,0.0004660717095248401
5340_3,0.010917403735220432
5341_4,0.8333731293678284
5342_4,0.06024866923689842
5343_4,0.005870535038411617
5344_3,0.06274907290935516
5345_2,0.0011140581918880343
5346_3,0.006688946392387152
5347_3,0.9596967101097107
5348_2,0.4788156747817993
5349_1,0.012502073310315609
534_4,0.9126763343811035
5350_1,0.02712399698793888
5351_4,0.06593956053256989
5352_1,0.00045687914825975895
5353_4,0.12358425557613373
5354_4,0.022585412487387657
5355_1,0.0015601626364514232
5356_3,0.029695071280002594
5357_2,0.034405481070280075
5358_1,0.01911512017250061
5359_3,0.010110209695994854
535_4,0.12568865716457367
5360_3,0.15102173388004303
5361_4,0.036682698875665665
5362_2,0.01903662085533142
5363_3,0.06140310689806938
5364_3,0.11142510175704956
5365_1,0.22511225938796997
5366_1,0.1586572676897049
5367_1,0.0019527857657521963
5368_4,0.5971495509147644
5369_3,0.687899112701416
536_3,0.003546440741047263
5370_2,0.2064947932958603
5371_1,0.010754006914794445
5372_1,0.06473135948181152
5373_1,0.22949732840061188
5374_1,0.005334453657269478
5375_1,0.48391422629356384
5376_2,0.021606523543596268
5377_3,0.11143911629915237
5378_2,0.16529080271720886
5379_2,0.050288110971450806
537_2,0.022626932710409164
5380_1,0.05471066012978554
5381_1,0.027932990342378616
5382_4,0.0032588744070380926
5383_3,0.37189123034477234
5384_2,0.013288685120642185
5385_1,0.08396315574645996
5386_3,0.0010143577819690108
5387_1,0.0026582705322653055
5388_3,0.3555317223072052
5389_4,0.7746341824531555
538_4,0.9557764530181885
5390_2,0.00727597763761878
5391_1,0.1548818051815033
5392_4,0.5690616369247437
5393_1,0.02600763738155365
5394_1,0.003368403296917677
5395_1,0.038028549402952194
5396_1,0.12717363238334656
5397_3,0.2969694435596466
5398_2,0.09592577815055847
5399_1,0.016776757314801216
539_3,0.3493209481239319
53_4,0.1158636286854744
5400_2,0.0049921246245503426
5401_1,0.0065493215806782246
5402_2,0.025634784251451492
5403_1,0.0017494854982942343
5404_1,0.010730655863881111
5405_2,0.0013236053055152297
5406_1,0.013383792713284492
5407_1,0.01830921322107315
5408_1,0.002161262556910515
5409_1,0.008886259980499744
540_1,0.16147403419017792
5410_1,0.017653506249189377
5411_1,0.02131384052336216
5412_1,0.05444049462676048
5413_1,0.06007116660475731
5414_1,0.10840470343828201
5415_2,0.004970695357769728
5416_1,0.009516640566289425
5417_1,0.03093457780778408
5418_1,0.054451413452625275
5419_1,0.0006548975361511111
541_1,0.02633189782500267
5420_4,0.12870681285858154
5421_1,0.010670064017176628
5422_4,0.25674477219581604
5423_2,0.2693392336368561
5424_2,0.5707699060440063
5425_1,0.04452783986926079
5426_1,0.001446787966415286
5427_2,0.0009312566253356636
5428_3,0.0016533146845176816
5429_2,0.4005630910396576
542_4,0.1193133220076561
5430_3,0.759671151638031
5431_2,0.019378039985895157
5432_3,0.02473992295563221
5433_1,0.2133375108242035
5434_1,0.015615549869835377
5435_1,0.010789493098855019
5436_2,0.5832999348640442
5437_1,0.20816384255886078
5438_3,0.00138846505433321
5439_1,0.01100027747452259
543_4,0.8683539032936096
5440_1,0.08314444124698639
5441_1,0.20111392438411713
5442_2,0.006822378374636173
5443_1,0.002547611715272069
5444_2,0.008538419380784035
5445_2,0.05365879088640213
5446_3,0.13304537534713745
5447_3,0.5329798460006714
5448_4,0.03399132937192917
5449_4,0.2770293653011322
544_4,0.9273709654808044
5450_4,0.004347817972302437
5451_3,0.10686801373958588
5452_4,0.10893453657627106
5453_3,0.3957347571849823
5454_4,0.00752035528421402
5455_4,0.5485989451408386
5456_3,0.06975939869880676
5457_3,0.057475894689559937
5458_4,0.11616380512714386
5459_1,0.054807398468256
545_4,0.07679840177297592
5460_4,0.11988462507724762
5461_2,0.9409912824630737
5462_2,0.004973323084414005
5463_1,0.032057132571935654
5464_1,0.04895494878292084
5465_4,0.3712369203567505
5466_2,0.05358503758907318
5467_2,0.0143744433298707
5468_3,0.040233779698610306
5469_4,0.5406966805458069
546_3,0.0615682527422905
5470_1,0.011354662477970123
5471_2,0.015639228746294975
5472_2,0.0067728846333920956
5473_3,0.2566297948360443
5474_3,0.008563579991459846
5475_2,0.01905021257698536
5476_1,0.020799187943339348
5477_2,0.003910833969712257
5478_3,0.2846828103065491
5479_1,0.8555873036384583
547_4,0.036923542618751526
5480_1,0.45388177037239075
5481_1,0.012051474303007126
5482_2,0.052496347576379776
5483_2,0.03564821556210518
5484_1,0.21755459904670715
5485_4,0.010161501355469227
5486_4,0.032448962330818176
5487_4,0.010704336687922478
5488_2,0.00971548818051815
5489_2,0.012060504406690598
548_4,0.5073670744895935
5490_4,0.0032168894540518522
5491_4,0.8941863179206848
5492_1,0.02069726586341858
5493_3,0.11908205598592758
5494_3,0.0664735808968544
5495_4,0.004536868073046207
5496_1,0.014602786861360073
5497_1,0.00949929840862751
5498_1,0.08520308881998062
5499_2,0.0029256592970341444
549_3,0.8931014537811279
54_3,0.2691298723220825
5500_3,0.020567921921610832
5501_3,0.1907605081796646
5502_1,0.009231263771653175
5503_4,0.08192528039216995
5504_1,0.0012564936187118292
5505_3,0.016243107616901398
5506_4,0.009901409037411213
5507_4,0.021466299891471863
5508_2,0.2542785108089447
5509_3,0.019013836979866028
550_3,0.020391710102558136
5510_1,0.0012239458737894893
5511_1,0.06073435768485069
5512_3,0.6635105013847351
5513_1,0.1005343571305275
5514_3,0.008762766607105732
5515_3,0.011624757200479507
5516_3,0.03159487619996071
5517_2,0.05443616956472397
5518_4,0.963084876537323
5519_1,0.8496437072753906
551_4,0.014259161427617073
5520_4,0.9354360699653625
5521_4,0.3887884020805359
5522_3,0.9184988737106323
5523_2,0.8819276094436646
5524_1,0.05377236753702164
5525_1,0.0058067007921636105
5526_4,0.09319888800382614
5527_4,0.07284483313560486
5528_3,0.8531767725944519
5529_4,0.9949523210525513
552_2,0.5206267237663269
5530_3,0.050467874854803085
5531_2,0.0056910039857029915
5532_4,0.07193071395158768
5533_1,0.6816520094871521
5534_1,0.012417585588991642
5535_1,0.02238563261926174
5536_1,0.04193960502743721
5537_1,0.0019397350260987878
5538_3,0.009816878475248814
5539_1,0.5596269965171814
553_1,0.021203096956014633
5540_2,0.07980453222990036
5541_3,0.05460705608129501
5542_2,0.08253037929534912
5543_1,0.004933730233460665
5544_3,0.011248622089624405
5545_4,0.02816789783537388
5546_4,0.1428373008966446
5547_1,0.11816045641899109
5548_1,0.13546161353588104
5549_3,0.0008165917824953794
554_4,0.10790283977985382
5550_3,0.023445894941687584
5551_3,0.4772776663303375
5552_2,0.095757395029068
5553_1,0.043700069189071655
5554_4,0.025138234719634056
5555_4,0.0424640066921711
5556_2,0.17292359471321106
5557_3,0.010825145989656448
5558_2,0.0057821511290967464
5559_3,0.10706078261137009
555_4,0.04829476401209831
5560_3,0.03155171871185303
5561_1,0.003266359446570277
5562_2,0.0034028419759124517
5563_1,0.05158820375800133
5564_1,0.0024308725260198116
5565_1,0.008668106980621815
5566_3,0.004263045731931925
5567_3,0.021296974271535873
5568_1,0.0819489136338234
5569_4,0.8347614407539368
556_1,0.001251707784831524
5570_2,0.005937665700912476
5571_1,0.0007150681340135634
5572_1,0.010096918791532516
5573_1,0.002032683929428458
5574_1,0.006200748961418867
5575_1,0.002025395864620805
5576_1,0.15616263449192047
5577_1,0.016559287905693054
5578_1,0.005048222839832306
5579_3,0.06256778538227081
557_4,0.21854108572006226
5580_1,0.0029873147141188383
5581_2,0.035501204431056976
5582_1,0.4963019788265228
5583_1,0.0015806840965524316
5584_1,0.005059126764535904
5585_1,0.006422732956707478
5586_1,0.013182404451072216
5587_3,0.04248115047812462
5588_2,0.06533484905958176
5589_1,0.016219519078731537
558_2,0.0008933115168474615
5590_4,0.05800195038318634
5591_4,0.10366397351026535
5592_2,0.016629312187433243
5593_2,0.002373569179326296
5594_4,0.28228411078453064
5595_4,0.16172172129154205
5596_1,0.0030772972386330366
5597_3,0.023735059425234795
5598_1,0.009690527804195881
5599_2,0.006767747458070517
559_4,0.8433308005332947
55_4,0.013452217914164066
5600_1,0.010673990473151207
5601_1,0.0036948046181350946
5602_1,0.01615303009748459
5603_2,0.0016056816093623638
5604_1,0.02345949411392212
5605_1,0.020775359123945236
5606_3,0.027930710464715958
5607_3,0.02870158664882183
5608_3,0.009224750101566315
5609_4,0.03373505175113678
560_3,0.007192500866949558
5610_1,0.003394945291802287
5611_1,0.016338281333446503
5612_4,0.09098648279905319
5613_2,0.040463659912347794
5614_4,0.10729781538248062
5615_1,0.29272839426994324
5616_3,0.009577340446412563
5617_2,0.00387345883063972
5618_4,0.009557665325701237
5619_3,0.25823044776916504
561_1,0.005180199630558491
5620_1,0.012864753603935242
5621_1,0.012877961620688438
5622_4,0.02632514014840126
5623_4,0.0224346611648798
5624_3,0.042542487382888794
5625_2,0.06657732278108597
5626_3,0.20344099402427673
5627_3,0.0019314390374347568
5628_1,0.013838935643434525
5629_1,0.010529279708862305
562_1,0.009772075340151787
5630_2,0.0017994196387007833
5631_2,0.04842719808220863
5632_1,0.001563136582262814
5633_2,0.002766077406704426
5634_4,0.001825931714847684
5635_4,0.35394397377967834
5636_3,0.16287054121494293
5637_2,0.0013880948536098003
5638_2,0.007241300772875547
5639_1,0.0035753336269408464
563_4,0.9583901762962341
5640_3,0.3647320866584778
5641_1,0.005963335279375315
5642_1,0.013995765708386898
5643_3,0.030352873727679253
5644_1,0.4695591628551483
5645_3,0.020502077415585518
5646_1,0.2463868260383606
5647_2,0.002806244418025017
5648_1,0.0010614985367283225
5649_1,0.010413117706775665
564_4,0.23135462403297424
5650_2,0.0020420728251338005
5651_2,0.002599429339170456
5652_1,0.5723282098770142
5653_3,0.01475947443395853
5654_1,0.3400765657424927
5655_1,0.5723282098770142
5656_4,0.1725933700799942
5657_1,0.005576560739427805
5658_1,0.5723282098770142
5659_1,0.1297004669904709
565_2,0.9676360487937927
5660_1,0.09261177480220795
5661_4,0.054984208196401596
5662_1,0.6512957811355591
5663_1,0.0398833304643631
5664_1,0.010745168663561344
5665_2,0.3282698392868042
5666_1,0.0013171341270208359
5667_1,0.3880899250507355
5668_1,0.027995165437459946
5669_1,0.006099247373640537
566_3,0.8364349007606506
5670_1,0.007413041777908802
5671_3,0.03335108608007431
5672_1,0.6677575707435608
5673_1,0.054107505828142166
5674_1,0.009866458363831043
5675_2,0.021561719477176666
5676_1,0.012618032284080982
5677_2,0.2855999767780304
5678_2,0.17058520019054413
5679_1,0.022823655977845192
567_3,0.9271862506866455
5680_2,0.001244102488271892
5681_2,0.42964473366737366
5682_1,0.9666468501091003
5683_1,0.03740415722131729
5684_1,0.0010554142063483596
5685_1,0.0049370694905519485
5686_2,0.1223880723118782
5687_1,0.09341870248317719
5688_1,0.01708916947245598
5689_1,0.0029817132744938135
568_4,0.10573328286409378
5690_2,0.004086724016815424
5691_1,0.07170084863901138
5692_2,0.009935799054801464
5693_1,0.017719881609082222
5694_4,0.005804881919175386
5695_1,0.045148059725761414
5696_2,0.18651753664016724
5697_3,0.06760257482528687
5698_1,0.003673746483400464
5699_1,0.010587768629193306
569_4,0.485082745552063
56_3,0.0255388505756855
5700_1,0.004221224691718817
5701_2,0.04960867762565613
5702_3,0.02757217548787594
5703_3,0.01485837809741497
5704_4,0.002261214191094041
5705_1,0.003423658898100257
5706_4,0.8200640082359314
5707_1,0.00701175956055522
5708_4,0.14644797146320343
5709_3,0.03565951809287071
570_1,0.0012545298086479306
5710_3,0.11875791102647781
5711_4,0.7949849367141724
5712_2,0.01622457057237625
5713_2,0.1308957040309906
5714_4,0.0039574201218783855
5715_3,0.07923693209886551
5716_2,0.005486705340445042
5717_1,0.06799159198999405
5718_2,0.222123384475708
5719_2,0.46835002303123474
571_1,0.1759863793849945
5720_1,0.08375632762908936
5721_4,0.00726994639262557
5722_3,0.0029941906686872244
5723_2,0.016915617510676384
5724_3,0.01919603906571865
5725_4,0.019937017932534218
5726_4,0.008476953953504562
5727_3,0.0005972462822683156
5728_1,0.000955250347033143
5729_4,0.05074571073055267
572_3,0.2122369259595871
5730_3,0.011395566165447235
5731_4,0.026119289919734
5732_4,0.4566930830478668
5733_4,0.24443335831165314
5734_1,0.1831076741218567
5735_1,0.0077474904246628284
5736_1,0.017144424840807915
5737_3,0.016466530039906502
5738_4,0.0015527628129348159
5739_4,0.16771423816680908
573_3,0.05411959066987038
5740_4,0.013839326798915863
5741_2,0.03285140544176102
5742_3,0.0018354388885200024
5743_2,0.06982722133398056
5744_3,0.8060298562049866
5745_4,0.0410202331840992
5746_4,0.018886232748627663
5747_1,0.012238549068570137
5748_1,0.025026358664035797
5749_4,0.009516515769064426
574_4,0.010080726817250252
5750_2,0.26838433742523193
5751_3,0.19002270698547363
5752_2,0.48091405630111694
5753_1,0.5720909833908081
5754_3,0.577655553817749
5755_2,0.008763959631323814
5756_3,0.062136210501194
5757_3,0.001757066580466926
5758_3,0.02894890308380127
5759_3,0.006481578573584557
575_4,0.014928105287253857
5760_2,0.029785197228193283
5761_3,0.06775283068418503
5762_1,0.002261258428916335
5763_4,0.27925702929496765
5764_4,0.05293922498822212
5765_4,0.001519894110970199
5766_1,0.0027862805873155594
5767_3,0.013112795539200306
5768_3,0.03547745198011398
5769_1,0.019903868436813354
576_4,0.01567145809531212
5770_1,0.15921910107135773
5771_3,0.0008849958539940417
5772_2,0.018901558592915535
5773_3,0.0018369018798694015
5774_1,0.0020606389734894037
5775_3,0.06775283068418503
5776_1,0.03310459479689598
5777_1,0.003252090886235237
5778_4,0.03990209847688675
5779_1,0.013328589498996735
577_3,0.00653063366189599
5780_2,0.04241528734564781
5781_1,0.014041929505765438
5782_1,0.002524095121771097
5783_3,0.06621050089597702
5784_3,0.019073056057095528
5785_3,0.627526581287384
5786_3,0.29532885551452637
5787_3,0.425587922334671
5788_4,0.6028626561164856
5789_1,0.02226915955543518
578_2,0.07583488523960114
5790_4,0.04976895824074745
5791_4,0.14091096818447113
5792_1,0.43582600355148315
5793_4,0.03968709707260132
5794_4,0.8439520001411438
5795_1,0.044436633586883545
5796_1,0.0027752842288464308
5797_3,0.0018988187657669187
5798_1,0.0026742215268313885
5799_3,0.0022210862953215837
579_1,0.035967446863651276
57_4,0.1762579381465912
5800_2,0.12055990099906921
5801_2,0.022086836397647858
5802_4,0.7689212560653687
5803_2,0.01046169362962246
5804_3,0.017374558374285698
5805_2,0.00247855088673532
5806_3,0.002658561337739229
5807_1,0.02531624771654606
5808_1,0.0023325246293097734
5809_1,0.010766822844743729
580_3,0.04374587908387184
5810_1,0.015242908149957657
5811_4,0.2774658203125
5812_4,0.31340277194976807
5813_4,0.3069259822368622
5814_1,0.8550418019294739
5815_1,0.1326082944869995
5816_1,0.10820025205612183
5817_1,0.0008574392995797098
5818_3,0.14252625405788422
5819_2,0.05052779242396355
581_4,0.2282465696334839
5820_1,0.5045316815376282
5821_3,0.016878558322787285
5822_1,0.0013783742906525731
5823_3,0.08428393304347992
5824_4,0.6680993437767029
5825_4,0.2820524573326111
5826_3,0.01249383483082056
5827_4,0.9547690153121948
5828_4,0.652820348739624
5829_2,0.011377586051821709
582_4,0.04322771355509758
5830_3,0.0011750813573598862
5831_2,0.10495205223560333
5832_1,0.0734562873840332
5833_1,0.0011360737262293696
5834_2,0.24126942455768585
5835_4,0.06256265193223953
5836_2,0.0020211152732372284
5837_1,0.012653185054659843
5838_2,0.32046079635620117
5839_4,0.039207905530929565
583_2,0.015801548957824707
5840_2,0.014536344446241856
5841_1,0.015901466831564903
5842_3,0.0008110346971079707
5843_1,0.0007716788677498698
5844_3,0.10778144001960754
5845_4,0.008304022252559662
5846_4,0.5448600053787231
5847_1,0.002781919203698635
5848_4,0.8348160982131958
5849_4,0.614286482334137
584_3,0.043003764003515244
5850_2,0.003973917104303837
5851_4,0.07750050723552704
5852_1,0.00408468721434474
5853_1,0.006959130521863699
5854_4,0.3660169541835785
5855_4,0.019219141453504562
5856_1,0.07786211371421814
5857_1,0.3911738395690918
5858_1,0.006705829408019781
5859_1,0.0039721885696053505
585_1,0.7001184225082397
5860_1,0.002378709614276886
5861_1,0.02113957889378071
5862_1,0.0038447491824626923
5863_1,0.002546955132856965
5864_1,0.2682444751262665
5865_1,0.06464642286300659
5866_1,0.011496687307953835
5867_2,0.0076227569952607155
5868_1,0.010079585015773773
5869_1,0.010639583691954613
586_2,0.174785315990448
5870_1,0.008507376536726952
5871_2,0.06288536638021469
5872_1,0.026398299261927605
5873_3,0.6087226271629333
5874_2,0.0009154375875368714
5875_3,0.021935615688562393
5876_1,0.005601854529231787
5877_4,0.1427358090877533
5878_3,0.6503164768218994
5879_3,0.12657466530799866
587_3,0.043312981724739075
5880_1,0.006991082336753607
5881_1,0.0020934459753334522
5882_4,0.022859327495098114
5883_2,0.05906190723180771
5884_3,0.18243545293807983
5885_4,0.983337938785553
5886_1,0.7630832195281982
5887_1,0.03163231909275055
5888_3,0.06703215837478638
5889_3,0.30642151832580566
588_2,0.005517839454114437
5890_3,0.02939540334045887
5891_3,0.010696874931454659
5892_3,0.110666424036026
5893_1,0.2593156099319458
5894_3,0.0099500035867095
5895_3,0.20811589062213898
5896_1,0.0028334646485745907
5897_3,0.15655411779880524
5898_3,0.06060006096959114
5899_1,0.46938061714172363
589_2,0.003557806136086583
58_3,0.008620599284768105
5900_1,0.1971988081932068
5901_3,0.44728031754493713
5902_2,0.017056651413440704
5903_1,0.01107327826321125
5904_3,0.3372930884361267
5905_2,0.03532213717699051
5906_2,0.40844276547431946
5907_1,0.008220486342906952
5908_4,0.6326741576194763
5909_1,0.08488219976425171
590_1,0.03183368220925331
5910_2,0.0812278762459755
5911_3,0.05880223214626312
5912_4,0.09390926361083984
5913_1,0.0020331928972154856
5914_4,0.5859236121177673
5915_4,0.9251479506492615
5916_1,0.014628835022449493
5917_2,0.053375933319330215
5918_4,0.20022256672382355
5919_4,0.008549042046070099
591_1,0.11069373041391373
5920_2,0.0017391134751960635
5921_3,0.022689608857035637
5922_1,0.006109948735684156
5923_3,0.8687416911125183
5924_1,0.4165748953819275
5925_1,0.004450982436537743
5926_2,0.05317163094878197
5927_2,0.04014572873711586
5928_4,0.3234277665615082
5929_4,0.9003192782402039
592_3,0.05883016809821129
5930_3,0.04275519773364067
5931_3,0.03470383957028389
5932_1,0.7659910917282104
5933_1,0.37558168172836304
5934_3,0.04557357728481293
5935_1,0.01675097830593586
5936_3,0.1014973595738411
5937_4,0.041760850697755814
5938_2,0.016010988503694534
5939_1,0.004445008467882872
593_1,0.004354399163275957
5940_1,0.014151828363537788
5941_1,0.9648985266685486
5942_4,0.896210253238678
5943_4,0.15838156640529633
5944_4,0.1336497813463211
5945_2,0.022939985617995262
5946_1,0.009012746624648571
5947_1,0.011305650696158409
5948_2,0.008547949604690075
5949_4,0.15274697542190552
594_1,0.00899991113692522
5950_4,0.17870073020458221
5951_2,0.006793376989662647
5952_1,0.006625873036682606
5953_1,0.0010751636000350118
5954_2,0.033095359802246094
5955_2,0.1771038919687271
5956_1,0.00485998997464776
5957_1,0.026059433817863464
5958_1,0.004759857431054115
5959_3,0.02132624015212059
595_1,0.0324244499206543
5960_1,0.013143141753971577
5961_3,0.013590297661721706
5962_3,0.1386527419090271
5963_2,0.004019361920654774
5964_3,0.00236234487965703
5965_1,0.0008794876048341393
5966_4,0.8384480476379395
5967_4,0.5252828598022461
5968_1,0.0013251511845737696
5969_1,0.2502829134464264
596_1,0.14023244380950928
5970_4,0.5055558681488037
5971_4,0.6641957759857178
5972_3,0.0021041668951511383
5973_3,0.05040561780333519
5974_2,0.0032377017196267843
5975_3,0.08672318607568741
5976_2,0.020599467679858208
5977_1,0.5354539752006531
5978_2,0.0012594303116202354
5979_2,0.0047208513133227825
597_4,0.1465883105993271
5980_2,0.011753171682357788
5981_3,0.003399051958695054
5982_1,0.0058630649000406265
5983_1,0.0208789873868227
5984_2,0.03823394328355789
5985_2,0.03898601979017258
5986_2,0.10782159119844437
5987_1,0.0066778226755559444
5988_3,0.0019222631817683578
5989_4,0.0017305482178926468
598_1,0.005044353660196066
5990_1,0.001641960465349257
5991_2,0.0034602913074195385
5992_2,0.01181437261402607
5993_1,0.0063444143161177635
5994_3,0.015331126749515533
5995_3,0.5390002727508545
5996_3,0.06364178657531738
5997_3,0.1953115165233612
5998_3,0.16441747546195984
5999_1,0.005308230873197317
599_1,0.005033915862441063
59_3,0.3757462799549103
5_4,0.7441662549972534
6000_4,0.0191753339022398
6001_3,0.012112931348383427
6002_3,0.003793547162786126
6003_4,0.0754726231098175
6004_3,0.06493881344795227
6005_1,0.10471857339143753
6006_4,0.002833335194736719
6007_1,0.006936863996088505
6008_2,0.01792864128947258
6009_1,0.0007117242203094065
600_1,0.0058922357857227325
6010_3,0.14908242225646973
6011_3,0.008485523983836174
6012_3,0.033976174890995026
6013_3,0.8791544437408447
6014_4,0.29093530774116516
6015_1,0.04826349392533302
6016_1,0.1044168472290039
6017_4,0.05674343183636665
6018_2,0.002252286532893777
6019_1,0.42028263211250305
601_3,0.0056186458095908165
6020_4,0.09289266169071198
6021_4,0.020818455144762993
6022_3,0.0021574690472334623
6023_3,0.07912015914916992
6024_1,0.03657928854227066
6025_4,0.4113062024116516
6026_3,0.21707944571971893
6027_4,0.1459091156721115
6028_1,0.15785537660121918
6029_1,0.004243549425154924
602_1,0.001057107700034976
6030_3,0.3173343539237976
6031_3,0.24505187571048737
6032_3,0.013466082513332367
6033_1,0.012250134721398354
6034_4,0.022273514419794083
6035_3,0.0097697414457798
6036_3,0.1404792070388794
6037_4,0.012834631837904453
6038_3,0.01152318436652422
6039_1,0.07065562903881073
603_4,0.01590871438384056
6040_4,0.10320422053337097
6041_3,0.01518128253519535
6042_2,0.035893846303224564
6043_3,0.22521883249282837
6044_1,0.1069888323545456
6045_3,0.01835418865084648
6046_2,0.915615975856781
6047_4,0.022102857008576393
6048_1,0.053831540048122406
6049_4,0.06744196265935898
604_3,0.00796728115528822
6050_2,0.02001570537686348
6051_2,0.031151356175541878
6052_4,0.736801266670227
6053_3,0.005550485569983721
6054_1,0.002560639288276434
6055_1,0.013947608880698681
6056_1,0.34092339873313904
6057_2,0.0007088289130479097
6058_1,0.16077184677124023
6059_1,0.004685258958488703
605_4,0.14300969243049622
6060_2,0.008648297749459743
6061_4,0.04977985471487045
6062_2,0.15035483241081238
6063_3,0.002797974506393075
6064_1,0.6195265650749207
6065_4,0.8380817174911499
6066_4,0.6304823160171509
6067_1,0.010498340241611004
6068_2,0.08355791121721268
6069_3,0.00892686191946268
606_1,0.01691647432744503
6070_3,0.03667179122567177
6071_3,0.07483647763729095
6072_3,0.86436527967453
6073_4,0.03610152751207352
6074_3,0.05051705241203308
6075_1,0.36165809631347656
6076_2,0.41772252321243286
6077_2,0.29359084367752075
6078_2,0.0020062716212123632
6079_4,0.8847607970237732
607_1,0.0025118577759712934
6080_4,0.10038340836763382
6081_4,0.213972806930542
6082_3,0.004783607553690672
6083_1,0.016803158447146416
6084_4,0.2174830138683319
6085_1,0.0005660150782205164
6086_1,0.006945429369807243
6087_4,0.9154791831970215
6088_1,0.8211368322372437
6089_3,0.03150401636958122
608_1,0.004146184306591749
6090_1,0.0010651139309629798
6091_3,0.4405326247215271
6092_1,0.8161642551422119
6093_1,0.0015054983086884022
6094_4,0.3549400866031647
6095_3,0.019025858491659164
6096_3,0.2401575893163681
6097_1,0.8112219572067261
6098_2,0.002805792260915041
6099_4,0.027226697653532028
609_1,0.03980409726500511
60_1,0.5661572217941284
6100_1,0.0016904097283259034
6101_1,0.0015903414459899068
6102_1,0.006438458804041147
6103_1,0.9718456268310547
6104_1,0.018322553485631943
6105_1,0.03553323447704315
6106_3,0.12911413609981537
6107_1,0.2623494863510132
6108_1,0.001202313811518252
6109_2,0.5226566195487976
610_1,0.007680561393499374
6110_4,0.9878488779067993
6111_3,0.13645806908607483
6112_1,0.002592668170109391
6113_1,0.6017727255821228
6114_2,0.20768961310386658
6115_2,0.5025727152824402
6116_2,0.13170510530471802
6117_1,0.017710646614432335
6118_4,0.16679953038692474
6119_2,0.019465666264295578
611_1,0.6670073866844177
6120_2,0.022481853142380714
6121_1,0.23865224421024323
6122_1,0.9134253263473511
6123_3,0.05921459197998047
6124_3,0.002749370876699686
6125_1,0.016904830932617188
6126_4,0.032608047127723694
6127_2,0.019753484055399895
6128_3,0.11765053868293762
6129_1,0.0046136826276779175
612_3,0.6830829977989197
6130_4,0.35439568758010864
6131_1,0.0021336034405976534
6132_1,0.18846827745437622
6133_1,0.09302119165658951
6134_2,0.03443535789847374
6135_4,0.14448291063308716
6136_4,0.0025150233414024115
6137_3,0.003602504264563322
6138_4,0.16382408142089844
6139_2,0.18121466040611267
613_4,0.9582107663154602
6140_4,0.16465483605861664
6141_3,0.13919493556022644
6142_2,0.9552611708641052
6143_4,0.12557227909564972
6144_1,0.028401434421539307
6145_1,0.0016453899443149567
6146_1,0.011567195877432823
6147_1,0.8847475051879883
6148_4,0.005566679872572422
6149_3,0.023431094363331795
614_2,0.041269127279520035
6150_1,0.05172128230333328
6151_2,0.017489079385995865
6152_3,0.304333359003067
6153_2,0.005248223431408405
6154_3,0.5676872730255127
6155_4,0.44173839688301086
6156_1,0.006104652304202318
6157_3,0.02121882326900959
6158_2,0.018911754712462425
6159_2,0.023595601320266724
615_3,0.24186967313289642
6160_1,0.026032669469714165
6161_2,0.44448450207710266
6162_2,0.004287786781787872
6163_2,0.021704474464058876
6164_1,0.0015751327155157924
6165_2,0.061197731643915176
6166_4,0.2079504430294037
6167_1,0.003766454756259918
6168_2,0.00812304113060236
6169_4,0.004234811291098595
616_1,0.016972322016954422
6170_4,0.977134644985199
6171_2,0.7587652802467346
6172_4,0.12488660216331482
6173_1,0.0006387124885804951
6174_3,0.001995997503399849
6175_4,0.11253750324249268
6176_4,0.035410698503255844
6177_4,0.004186277277767658
6178_4,0.053557638078927994
6179_4,0.10930770635604858
617_4,0.01635843887925148
6180_2,0.06722941994667053
6181_4,0.15528373420238495
6182_2,0.8878777623176575
6183_4,0.21282854676246643
6184_1,0.027501143515110016
6185_4,0.2998965382575989
6186_4,0.10715580731630325
6187_4,0.040659595280885696
6188_4,0.032031528651714325
6189_4,0.01999763958156109
618_1,0.06741552799940109
6190_1,0.9792079329490662
6191_3,0.12758664786815643
6192_3,0.2650465667247772
6193_1,0.7086096405982971
6194_1,0.008648441173136234
6195_1,0.08544647693634033
6196_2,0.22269386053085327
6197_4,0.4682377874851227
6198_4,0.37942126393318176
6199_1,0.001661806832998991
619_1,0.0045212325640022755
61_1,0.3034917116165161
6200_4,0.14552496373653412
6201_1,0.000800871173851192
6202_1,0.0017612283118069172
6203_2,0.0011322200298309326
6204_1,0.0537324920296669
6205_1,0.014576522633433342
6206_1,0.018957367166876793
6207_4,0.2577667534351349
6208_1,0.012387494556605816
6209_1,0.004977489821612835
620_2,0.010077148675918579
6210_2,0.046991679817438126
6211_3,0.020640242844820023
6212_1,0.0035326839424669743
6213_2,0.739984929561615
6214_4,0.11797340214252472
6215_1,0.06200476363301277
6216_1,0.08841762691736221
6217_1,0.027273567393422127
6218_1,0.16321265697479248
6219_1,0.017590539529919624
621_2,0.03652404993772507
6220_1,0.0005965908640064299
6221_1,0.992548406124115
6222_1,0.0013325167819857597
6223_2,0.503886342048645
6224_1,0.12341242283582687
6225_4,0.23558585345745087
6226_3,0.02931220829486847
6227_4,0.002904680557549
6228_1,0.020295100286602974
6229_1,0.0012944764457643032
622_1,0.002110178815200925
6230_4,0.06778579950332642
6231_2,0.09152571111917496
6232_4,0.07031074166297913
6233_3,0.09065200388431549
6234_3,0.02199544943869114
6235_1,0.037964146584272385
6236_2,0.012334595434367657
6237_1,0.008582641370594501
6238_2,0.6482940316200256
6239_3,0.014597784727811813
623_2,0.04047214984893799
6240_1,0.002340576844289899
6241_3,0.004463082179427147
6242_3,0.2817048132419586
6243_1,0.04574377089738846
6244_1,0.031786125153303146
6245_2,0.563992977142334
6246_4,0.5805738568305969
6247_3,0.47051286697387695
6248_2,0.27122849225997925
6249_3,0.030939364805817604
624_3,0.8696931600570679
6250_1,0.2395910918712616
6251_1,0.0012772157788276672
6252_1,0.0015778758097440004
6253_1,0.014291967265307903
6254_4,0.3856890797615051
6255_1,0.010997268371284008
6256_2,0.01656702347099781
6257_4,0.0025579810608178377
6258_2,0.0018469291971996427
6259_4,0.38725563883781433
625_2,0.6757887601852417
6260_2,0.013100164011120796
6261_1,0.02738831378519535
6262_4,0.01257503405213356
6263_2,0.00036437425296753645
6264_3,0.10813876986503601
6265_2,0.29166102409362793
6266_4,0.08353797346353531
6267_1,0.0017069862224161625
6268_1,0.2547915577888489
6269_4,0.3595895767211914
626_4,0.3177219331264496
6270_3,0.0042572543025016785
6271_4,0.008778112940490246
6272_1,0.43264108896255493
6273_1,0.0037807028274983168
6274_1,0.03141200914978981
6275_1,0.0664958655834198
6276_1,0.015806561335921288
6277_1,0.004917519632726908
6278_4,0.22228829562664032
6279_4,0.3503943085670471
627_1,0.02716131880879402
6280_2,0.12082209438085556
6281_1,0.0013373380061239004
6282_1,0.06277912855148315
6283_4,0.737430989742279
6284_4,0.009103466756641865
6285_1,0.11653873324394226
6286_1,0.26227080821990967
6287_3,0.012071764096617699
6288_2,0.012767442502081394
6289_1,0.024729778990149498
628_1,0.0026991411577910185
6290_3,0.004209151491522789
6291_1,0.0032967515289783478
6292_2,0.022833410650491714
6293_3,0.18427354097366333
6294_4,0.04322366043925285
6295_1,0.010315614752471447
6296_1,0.011994273401796818
6297_4,0.5762113928794861
6298_4,0.0546615831553936
6299_4,0.026609307155013084
629_4,0.03766488656401634
62_2,0.0037023723125457764
6300_3,0.04216822609305382
6301_4,0.02446930482983589
6302_4,0.05456556752324104
6303_4,0.033464230597019196
6304_4,0.11469833552837372
6305_4,0.7597936391830444
6306_1,0.0039488826878368855
6307_4,0.6285824775695801
6308_1,0.006342130713164806
6309_4,0.7905353903770447
630_3,0.07494202256202698
6310_1,0.02508097141981125
6311_2,0.0357988178730011
6312_1,0.021748144179582596
6313_1,0.021061981096863747
6314_3,0.9371074438095093
6315_4,0.20312143862247467
6316_4,0.969170331954956
6317_3,0.4463048577308655
6318_1,0.10167006403207779
6319_1,0.013969075866043568
631_4,0.2130861133337021
6320_2,0.33084192872047424
6321_4,0.5812782645225525
6322_4,0.0016616341890767217
6323_4,0.013032377697527409
6324_3,0.09015591442584991
6325_3,0.050636712461709976
6326_4,0.3898639380931854
6327_2,0.14289599657058716
6328_1,0.0037010940723121166
6329_1,0.19544363021850586
632_1,0.005487658083438873
6330_4,0.010001609101891518
6331_1,0.002193005522713065
6332_4,0.008832557126879692
6333_3,0.026273667812347412
6334_3,0.0584711953997612
6335_3,0.4018741548061371
6336_1,0.13661342859268188
6337_1,0.018877483904361725
6338_3,0.10681408643722534
6339_3,0.015235432423651218
633_1,0.0016081011854112148
6340_1,0.015794076025485992
6341_3,0.025078745558857918
6342_3,0.18748657405376434
6343_3,0.25972384214401245
6344_4,0.23212827742099762
6345_4,0.0013837128644809127
6346_1,0.02301263064146042
6347_1,0.0071044424548745155
6348_1,0.01430207397788763
6349_1,0.004674757365137339
634_1,0.003181184409186244
6350_1,0.0007271760841831565
6351_4,0.012339703738689423
6352_1,0.9089967012405396
6353_1,0.04724261164665222
6354_2,0.5695320963859558
6355_1,0.003639673348516226
6356_1,0.002525185700505972
6357_2,0.06737871468067169
6358_4,0.5632439255714417
6359_3,0.74409019947052
635_2,0.22956842184066772
6360_4,0.018115896731615067
6361_4,0.2783663272857666
6362_3,0.1356075555086136
6363_3,0.007752473000437021
6364_4,0.0007910463609732687
6365_1,0.005510865245014429
6366_4,0.1565336436033249
6367_4,0.2880313992500305
6368_3,0.022122304886579514
6369_2,0.5373094081878662
636_1,0.04160251095890999
6370_2,0.6098781228065491
6371_3,0.018123790621757507
6372_1,0.16487668454647064
6373_4,0.13006968796253204
6374_3,0.007027982734143734
6375_4,0.003091648919507861
6376_2,0.016552239656448364
6377_1,0.15353958308696747
6378_1,0.20115047693252563
6379_1,0.13762220740318298
637_3,0.007745092734694481
6380_4,0.6062930822372437
6381_1,0.05415647104382515
6382_1,0.0015428058104589581
6383_3,0.034251268953084946
6384_3,0.028354808688163757
6385_3,0.08403295278549194
6386_4,0.0020836694166064262
6387_3,0.04770781844854355
6388_3,0.20479640364646912
6389_2,0.007803215179592371
638_1,0.0017078242963179946
6390_2,0.0306490957736969
6391_1,0.028796572238206863
6392_2,0.07609552890062332
6393_3,0.9935537576675415
6394_4,0.08908232301473618
6395_3,0.017127715051174164
6396_4,0.8975107073783875
6397_4,0.9896296858787537
6398_4,0.22028867900371552
6399_3,0.05706675350666046
639_1,0.007640033029019833
63_1,0.00042828518780879676
6400_2,0.016228780150413513
6401_1,0.0010551160667091608
6402_2,0.33049705624580383
6403_3,0.35637184977531433
6404_1,0.0005445717833936214
6405_3,0.002415657741948962
6406_4,0.2116776555776596
6407_1,0.0028182407841086388
6408_2,0.04236854240298271
6409_2,0.005339805502444506
640_1,0.0026212625671178102
6410_4,0.037433747202157974
6411_2,0.08059271425008774
6412_1,0.010811970569193363
6413_1,0.03014754317700863
6414_2,0.11609985679388046
6415_1,0.018092334270477295
6416_1,0.012594829313457012
6417_4,0.003082694485783577
6418_4,0.642945408821106
6419_3,0.01645864173769951
641_1,0.0020562545396387577
6420_1,0.032010264694690704
6421_1,0.001284404774196446
6422_1,0.0016869055107235909
6423_1,0.0030877478420734406
6424_2,0.06378444284200668
6425_1,0.008720669895410538
6426_3,0.3745552599430084
6427_1,0.010432722046971321
6428_1,0.010327684693038464
6429_1,0.0049426076002418995
642_2,0.0016597227659076452
6430_3,0.13094882667064667
6431_1,0.016089199110865593
6432_1,0.002719373442232609
6433_1,0.0725238099694252
6434_2,0.019438374787569046
6435_2,0.024772757664322853
6436_1,0.007739861961454153
6437_1,0.7303193211555481
6438_1,0.15772831439971924
6439_1,0.008976931683719158
643_4,0.01723608747124672
6440_1,0.003576069138944149
6441_1,0.07930810749530792
6442_3,0.6448392868041992
6443_1,0.01611219346523285
6444_1,0.019650859758257866
6445_3,0.008955000899732113
6446_4,0.031008953228592873
6447_2,0.024269863963127136
6448_4,0.2771017253398895
6449_1,0.00046668120194226503
644_2,0.006627549417316914
6450_1,0.07450372725725174
6451_3,0.2032587081193924
6452_4,0.08786219358444214
6453_2,0.16121934354305267
6454_3,0.35583236813545227
6455_2,0.004320635460317135
6456_2,0.557383120059967
6457_2,0.0328679159283638
6458_3,0.00505863269791007
6459_2,0.0163214523345232
645_1,0.0012099965242668986
6460_4,0.9135233163833618
6461_2,0.9891451001167297
6462_2,0.2925127446651459
6463_4,0.0351237989962101
6464_4,0.0055976915173232555
6465_4,0.11247407644987106
6466_1,0.059798140078783035
6467_1,0.2903063893318176
6468_1,0.038963742554187775
6469_4,0.12105073034763336
646_1,0.6008647680282593
6470_2,0.0407358817756176
6471_2,0.8747482895851135
6472_2,0.01419132575392723
6473_3,0.7189449667930603
6474_1,0.017436111345887184
6475_3,0.8992244005203247
6476_2,0.06403710693120956
6477_1,0.39384058117866516
6478_1,0.0025599864311516285
6479_3,0.5355595350265503
647_1,0.13017870485782623
6480_1,0.014201309531927109
6481_2,0.3920285999774933
6482_3,0.00787187460809946
6483_4,0.3872663974761963
6484_3,0.012285935692489147
6485_1,0.012238440103828907
6486_3,0.29502731561660767
6487_1,0.0020744483917951584
6488_3,0.07413370907306671
6489_1,0.21642743051052094
648_3,0.05349769443273544
6490_1,0.0006861943402327597
6491_4,0.04472075775265694
6492_4,0.14989571273326874
6493_4,0.0015799723332747817
6494_2,0.009143945761024952
6495_4,0.17163191735744476
6496_4,0.8540367484092712
6497_4,0.05405500903725624
6498_2,0.030595023185014725
6499_1,0.009818890132009983
649_2,0.23486177623271942
64_3,0.8059967160224915
6500_1,0.0022092065773904324
6501_4,0.37493687868118286
6502_3,0.3718460500240326
6503_1,0.28817617893218994
6504_1,0.03466816991567612
6505_2,0.04101700335741043
6506_2,0.26178693771362305
6507_4,0.25204360485076904
6508_1,0.01500082015991211
6509_4,0.19162248075008392
650_3,0.49514240026474
6510_2,0.10445011407136917
6511_3,0.030243471264839172
6512_3,0.66556316614151
6513_4,0.6811593174934387
6514_2,0.05846472457051277
6515_3,0.01250522956252098
6516_1,0.9777787327766418
6517_3,0.003170318901538849
6518_4,0.006543107330799103
6519_2,0.023151518777012825
651_1,0.4570007622241974
6520_4,0.001054082764312625
6521_1,0.0059693302027881145
6522_3,0.09073145687580109
6523_3,0.010267090052366257
6524_3,0.2862057089805603
6525_3,0.8687416911125183
6526_1,0.016419636085629463
6527_1,0.0234211552888155
6528_2,0.03163361921906471
6529_1,0.00595784280449152
652_1,0.008954298682510853
6530_4,0.030393846333026886
6531_1,0.49228519201278687
6532_2,0.19986025989055634
6533_1,0.0028532438445836306
6534_1,0.01675291918218136
6535_1,0.05220019817352295
6536_1,0.026048174127936363
6537_1,0.007322699297219515
6538_3,0.009455171413719654
6539_2,0.022659866139292717
653_1,0.7660232782363892
6540_1,0.018294677138328552
6541_1,0.71269690990448
6542_3,0.03339572250843048
6543_2,0.028202736750245094
6544_1,0.0013709304621443152
6545_2,0.2511753737926483
6546_3,0.04373190179467201
6547_4,0.5840520858764648
6548_4,0.7721596360206604
6549_1,0.0008243740885518491
654_3,0.40399691462516785
6550_4,0.0583171620965004
6551_4,0.12241065502166748
6552_1,0.004207351244986057
6553_1,0.0012640462955459952
6554_1,0.004189168568700552
6555_1,0.0029397837352007627
6556_1,0.44343170523643494
6557_4,0.03654981032013893
6558_1,0.005509143229573965
6559_2,0.003226520959287882
655_3,0.2974807918071747
6560_1,0.017058249562978745
6561_4,0.006091409362852573
6562_4,0.010050119832158089
6563_4,0.10970302671194077
6564_2,0.006261717062443495
6565_1,0.003472051350399852
6566_4,0.02825659140944481
6567_2,0.0064891851507127285
6568_2,0.016562270000576973
6569_1,0.0016713555669412017
656_4,0.31871023774147034
6570_1,0.01369479764252901
6571_4,0.13135963678359985
6572_3,0.15281794965267181
6573_1,0.011821890249848366
6574_3,0.32947421073913574
6575_1,0.27774369716644287
6576_1,0.019615989178419113
6577_1,0.042772579938173294
6578_4,0.030735520645976067
6579_3,0.028220374137163162
657_1,0.002616585697978735
6580_2,0.12249147146940231
6581_1,0.009976466186344624
6582_1,0.6990918517112732
6583_1,0.020528221502900124
6584_1,0.022250190377235413
6585_1,0.002964187180623412
6586_1,0.00874936580657959
6587_4,0.028055410832166672
6588_3,0.11160619556903839
6589_2,0.45693692564964294
658_3,0.7944047451019287
6590_3,0.9325361251831055
6591_2,0.09707380086183548
6592_1,0.20323005318641663
6593_4,0.5211930871009827
6594_4,0.0995417982339859
6595_1,0.0005708638927899301
6596_1,0.011611111462116241
6597_2,0.2804638147354126
6598_1,0.009096621535718441
6599_3,0.28615042567253113
659_1,0.0014153167139738798
65_2,0.45265811681747437
6600_1,0.003292609704658389
6601_2,0.5018436312675476
6602_1,0.04635174572467804
6603_4,0.18338024616241455
6604_1,0.12318000942468643
6605_1,0.026492595672607422
6606_4,0.3227566182613373
6607_2,0.05624902620911598
6608_1,0.05668381601572037
6609_2,0.0771920457482338
660_2,0.0583510547876358
6610_4,0.030521303415298462
6611_2,0.10710978507995605
6612_1,0.01816469244658947
6613_2,0.004566864110529423
6614_2,0.8526987433433533
6615_1,0.0017824048409238458
6616_2,0.6176876425743103
6617_3,0.5566568970680237
6618_1,0.9553282856941223
6619_1,0.01122607383877039
661_1,0.0014898874796926975
6620_1,0.03142015263438225
6621_4,0.026578113436698914
6622_2,0.06710205972194672
6623_1,0.04291301965713501
6624_4,0.0214846208691597
6625_1,0.07677552103996277
6626_1,0.027018224820494652
6627_2,0.01459939032793045
6628_1,0.29140138626098633
6629_1,0.00682810926809907
662_4,0.019644903019070625
6630_1,0.0038882754743099213
6631_2,0.0009033883106894791
6632_1,0.0052268109284341335
6633_1,0.005682355258613825
6634_1,0.002818184671923518
6635_1,0.19069449603557587
6636_1,0.016911497339606285
6637_1,0.9937189817428589
6638_1,0.027920246124267578
6639_2,0.001355439773760736
663_1,0.07032988220453262
6640_1,0.0022077984176576138
6641_3,0.0338507704436779
6642_2,0.007218752987682819
6643_2,0.252920925617218
6644_1,0.002783488715067506
6645_1,0.12184927612543106
6646_1,0.1804734319448471
6647_1,0.026466505602002144
6648_2,0.0028386549092829227
6649_3,0.004206294193863869
664_3,0.0014540281845256686
6650_1,0.5179474949836731
6651_1,0.006470769643783569
6652_2,0.010108020156621933
6653_4,0.04053960740566254
6654_3,0.11901465803384781
6655_2,0.20285162329673767
6656_1,0.006632058881223202
6657_3,0.051453426480293274
6658_1,0.08214670419692993
6659_2,0.052698392421007156
665_1,0.0064745256677269936
6660_2,0.005661701317876577
6661_3,0.25035494565963745
6662_2,0.007738279644399881
6663_3,0.01500614732503891
6664_4,0.06494584679603577
6665_1,0.008880726993083954
6666_2,0.0061270371079444885
6667_2,0.7042480707168579
6668_1,0.0034741538111120462
6669_1,0.003084333147853613
666_4,0.14855609834194183
6670_3,0.06869256496429443
6671_4,0.45365965366363525
6672_4,0.007239717524498701
6673_3,0.007942099124193192
6674_2,0.00477213691920042
6675_3,0.3354851305484772
6676_3,0.043068259954452515
6677_2,0.014495567418634892
6678_1,0.12005792558193207
6679_4,0.11288008838891983
667_4,0.00612058537080884
6680_3,0.30862343311309814
6681_3,0.30862343311309814
6682_3,0.0675472617149353
6683_3,0.11602733284235
6684_3,0.1309228241443634
6685_1,0.08265980333089828
6686_2,0.006885801441967487
6687_1,0.44261434674263
6688_1,0.004183997865766287
6689_1,0.0017177385743707418
668_4,0.25023114681243896
6690_2,0.06133020296692848
6691_3,0.00853068009018898
6692_4,0.13340994715690613
6693_1,0.03195055574178696
6694_1,0.004785602912306786
6695_2,0.02546791359782219
6696_2,0.026236185804009438
6697_4,0.25716036558151245
6698_3,0.6011999845504761
6699_1,0.0024025333113968372
669_2,0.029634276404976845
66_3,0.45040011405944824
6700_1,0.07150405645370483
6701_4,0.11872712522745132
6702_2,0.004598743747919798
6703_1,0.044668495655059814
6704_1,0.0028503756038844585
6705_1,0.049494899809360504
6706_4,0.7726004123687744
6707_4,0.11161806434392929
6708_4,0.07771244645118713
6709_4,0.018044326454401016
670_3,0.42283904552459717
6710_1,0.0631227120757103
6711_1,0.00765237445011735
6712_2,0.9251191020011902
6713_1,0.7995151877403259
6714_4,0.0009090927778743207
6715_1,0.009830115363001823
6716_1,0.0245746411383152
6717_1,0.004558480344712734
6718_1,0.0028219674713909626
6719_3,0.02370232157409191
671_3,0.8027612566947937
6720_2,0.0007446694653481245
6721_1,0.03327801078557968
6722_1,0.034041453152894974
6723_1,0.029771635308861732
6724_1,0.040583886206150055
6725_4,0.013320696540176868
6726_1,0.0017145745223388076
6727_1,0.06775535643100739
6728_1,0.2210124433040619
6729_1,0.006742344703525305
672_4,0.6677934527397156
6730_1,0.013232306577265263
6731_3,0.22107252478599548
6732_3,0.007238140795379877
6733_1,0.0016529086278751493
6734_2,0.7574781179428101
6735_1,0.0035763902124017477
6736_2,0.07595698535442352
6737_3,0.01927279494702816
6738_2,0.015945514664053917
6739_3,0.2945113182067871
673_2,0.3027797043323517
6740_1,0.02679464966058731
6741_2,0.1882328987121582
6742_1,0.0005725777009502053
6743_1,0.0015817839885130525
6744_2,0.5347223281860352
6745_4,0.6312347054481506
6746_1,0.040342383086681366
6747_1,0.1888704150915146
6748_3,0.02138630487024784
6749_3,0.012276414781808853
674_3,0.4211269021034241
6750_4,0.38152065873146057
6751_1,0.003761124797165394
6752_1,0.004665953107178211
6753_1,0.009393286891281605
6754_1,0.0030488362535834312
6755_1,0.014147385023534298
6756_4,0.3557145297527313
6757_4,0.0804985910654068
6758_3,0.000909669790416956
6759_4,0.40765154361724854
675_2,0.13497605919837952
6760_2,0.07169913500547409
6761_3,0.2730143666267395
6762_3,0.015658171847462654
6763_3,0.49769365787506104
6764_4,0.7135998010635376
6765_3,0.03426005691289902
6766_1,0.07867473363876343
6767_1,0.0025037035811692476
6768_4,0.574582040309906
6769_4,0.7329009175300598
676_1,0.8745740056037903
6770_1,0.047782931476831436
6771_4,0.43710067868232727
6772_4,0.5362957715988159
6773_4,0.42769530415534973
6774_4,0.46942949295043945
6775_2,0.0023142234422266483
6776_4,0.7891862392425537
6777_1,0.44071054458618164
6778_4,0.03889526054263115
6779_1,0.09700055420398712
677_1,0.0042611476965248585
6780_1,0.0124460244551301
6781_1,0.002889208495616913
6782_3,0.15027830004692078
6783_4,0.04981528967618942
6784_4,0.3995654582977295
6785_3,0.6269014477729797
6786_4,0.09086523205041885
6787_4,0.3003265857696533
6788_1,0.05129372701048851
6789_3,0.696710467338562
678_1,0.0010560770751908422
6790_1,0.0012742013204842806
6791_1,0.09782721847295761
6792_1,0.0017811524448916316
6793_1,0.0016341481823474169
6794_1,0.0032927009742707014
6795_1,0.01574234664440155
6796_1,0.026047348976135254
6797_3,0.0031767163891345263
6798_3,0.09255024790763855
6799_4,0.34296828508377075
679_4,0.02249983325600624
67_3,0.030427128076553345
6800_4,0.04632691666483879
6801_3,0.12641184031963348
6802_1,0.013734064064919949
6803_1,0.022640783339738846
6804_1,0.007549069821834564
6805_1,0.04195365309715271
6806_1,0.3856130540370941
6807_1,0.976824939250946
6808_4,0.03422404080629349
6809_4,0.5336990356445312
680_2,0.005300627555698156
6810_3,0.0063315825536847115
6811_4,0.009862416423857212
6812_1,0.0037554744631052017
6813_2,0.3743177354335785
6814_3,0.37405925989151
6815_1,0.04383211210370064
6816_2,0.06930134445428848
6817_2,0.6886400580406189
6818_1,0.01037689857184887
6819_3,0.03408022224903107
681_3,0.018323084339499474
6820_2,0.6757802963256836
6821_1,0.8780514597892761
6822_1,0.29839909076690674
6823_4,0.5013272166252136
6824_1,0.007255176547914743
6825_3,0.0551413968205452
6826_3,0.020445460453629494
6827_2,0.0008965010056272149
6828_2,0.019935930147767067
6829_3,0.005028754938393831
682_4,0.42602837085723877
6830_3,0.002172787906602025
6831_4,0.02680058591067791
6832_4,0.17709466814994812
6833_4,0.5547810196876526
6834_3,0.11317316442728043
6835_1,0.4577849507331848
6836_1,0.007466118782758713
6837_3,0.06400462985038757
6838_1,0.18323884904384613
6839_1,0.04339959844946861
683_2,0.3428786098957062
6840_1,0.004325374029576778
6841_1,0.008627763018012047
6842_1,0.738423764705658
6843_4,0.43750831484794617
6844_2,0.0006101987673901021
6845_3,0.004150340799242258
6846_1,0.005591165274381638
6847_3,0.7480524182319641
6848_4,0.032117363065481186
6849_1,0.371900737285614
684_1,0.0014868106227368116
6850_2,0.4333702325820923
6851_1,0.596433162689209
6852_4,0.005760116036981344
6853_3,0.19576643407344818
6854_1,0.015708904713392258
6855_1,0.01154061034321785
6856_2,0.0005374279571697116
6857_2,0.13759446144104004
6858_3,0.20479640364646912
6859_1,0.42115771770477295
685_1,0.012886631302535534
6860_1,0.1484859734773636
6861_1,0.0018763149855658412
6862_1,0.02448463626205921
6863_1,0.7947350144386292
6864_2,0.0064917500130832195
6865_2,0.011599352583289146
6866_1,0.982136070728302
6867_1,0.3457778990268707
6868_4,0.020496824756264687
6869_4,0.006276858039200306
686_4,0.982312023639679
6870_4,0.09167569130659103
6871_3,0.8601369857788086
6872_4,0.003969910088926554
6873_2,0.052750132977962494
6874_1,0.0018971927929669619
6875_1,0.014428413473069668
6876_3,0.6031296253204346
6877_3,0.02619802951812744
6878_4,0.46583184599876404
6879_3,0.5878968834877014
687_3,0.005265755113214254
6880_4,0.1852528154850006
6881_4,0.21732400357723236
6882_4,0.015446946024894714
6883_4,0.06892149895429611
6884_1,0.027475977316498756
6885_3,0.1527145951986313
6886_1,0.029910577461123466
6887_1,0.04371393844485283
6888_3,0.7595628499984741
6889_4,0.018635226413607597
688_4,0.09369994699954987
6890_2,0.004610338248312473
6891_1,0.0015733173349872231
6892_2,0.0033293478190898895
6893_1,0.4490176737308502
6894_2,0.4192509949207306
6895_1,0.012180929072201252
6896_4,0.3284078538417816
6897_2,0.0051552290096879005
6898_1,0.0469033308327198
6899_4,0.038877442479133606
689_3,0.012260264717042446
68_1,0.010137509554624557
6900_1,0.004098657518625259
6901_1,0.3788452744483948
6902_1,0.04509701579809189
6903_2,0.0014887996949255466
6904_4,0.024025270715355873
6905_1,0.006788671016693115
6906_3,0.03000519424676895
6907_2,0.07999760657548904
6908_1,0.02068662829697132
6909_1,0.02576720155775547
690_3,0.4777899980545044
6910_3,0.21331451833248138
6911_4,0.015590210445225239
6912_4,0.009984361007809639
6913_1,0.0015242317458614707
6914_4,0.012085790745913982
6915_2,0.06415706872940063
6916_3,0.03473634272813797
6917_4,0.002230256563052535
6918_4,0.3291880786418915
6919_4,0.3416447639465332
691_2,0.020322108641266823
6920_1,0.019016752019524574
6921_2,0.004934929311275482
6922_3,0.01077777799218893
6923_2,0.028919104486703873
6924_1,0.002033403841778636
6925_4,0.009203111752867699
6926_4,0.2858527898788452
6927_1,0.09761495888233185
6928_1,0.06669677048921585
6929_3,0.04298965260386467
692_4,0.820875883102417
6930_3,0.005395331885665655
6931_1,0.06041213870048523
6932_2,0.07875899970531464
6933_4,0.006147841457277536
6934_3,0.032595593482255936
6935_4,0.05970441922545433
6936_3,0.13278916478157043
6937_4,0.07905586808919907
6938_2,0.11553182452917099
6939_1,0.011750468984246254
693_4,0.587464451789856
6940_1,0.08493776619434357
6941_1,0.02596123330295086
6942_4,0.014901833608746529
6943_4,0.07461787760257721
6944_1,0.0029827593825757504
6945_1,0.000496058666612953
6946_1,0.037633754312992096
6947_1,0.002165639540180564
6948_3,0.0037421395536512136
6949_1,0.005177187267690897
694_4,0.6406106352806091
6950_1,0.011630170978605747
6951_1,0.16325272619724274
6952_4,0.04735610634088516
6953_1,0.21933358907699585
6954_2,0.004595460370182991
6955_4,0.0919354259967804
6956_4,0.8368999361991882
6957_3,0.0059292614459991455
6958_2,0.02585025504231453
6959_3,0.0049449373036623
695_4,0.019470274448394775
6960_4,0.7861818075180054
6961_3,0.840426504611969
6962_4,0.06228489801287651
6963_4,0.022237073630094528
6964_2,0.3073384761810303
6965_3,0.1553286910057068
6966_4,0.03008238412439823
6967_3,0.13676397502422333
6968_4,0.005335339345037937
6969_4,0.0243016816675663
696_4,0.1452980488538742
6970_1,0.06319604068994522
6971_2,0.029162615537643433
6972_1,0.07857982814311981
6973_1,0.03512522205710411
6974_1,0.2576358914375305
6975_1,0.8485986590385437
6976_2,0.05875469371676445
6977_1,0.004603379871696234
6978_1,0.006008666008710861
6979_1,0.007299629505723715
697_4,0.5182199478149414
6980_1,0.002148980973288417
6981_4,0.005108467303216457
6982_1,0.026106661185622215
6983_4,0.13245569169521332
6984_1,0.003500295104458928
6985_1,0.014856159687042236
6986_2,0.000551309552974999
6987_2,0.032811205834150314
6988_1,0.016205037012696266
6989_2,0.0027216451708227396
698_1,0.0051099504344165325
6990_4,0.3022180497646332
6991_2,0.12671425938606262
6992_1,0.4346490204334259
6993_2,0.004989593755453825
6994_4,0.4948769211769104
6995_2,0.3045264184474945
6996_3,0.3708355128765106
6997_3,0.004829476121813059
6998_1,0.040693119168281555
6999_4,0.5233591794967651
699_1,0.0019288375042378902
69_4,0.010436682030558586
6_3,0.08595434576272964
7000_2,0.04231729358434677
7001_4,0.2470696121454239
7002_2,0.2672407925128937
7003_1,0.03931504860520363
7004_4,0.011649567633867264
7005_1,0.08202965557575226
7006_4,0.019134217873215675
7007_3,0.020827729254961014
7008_4,0.5604009628295898
7009_1,0.5925406813621521
700_4,0.7625241875648499
7010_4,0.014693427830934525
7011_2,0.15590830147266388
7012_4,0.04691010341048241
7013_1,0.004236198961734772
7014_3,0.009949637576937675
7015_4,0.8344718217849731
7016_3,0.2732245922088623
7017_2,0.32449567317962646
7018_3,0.012683811597526073
7019_1,0.14960499107837677
701_4,0.2415303885936737
7020_1,0.0037688100710511208
7021_1,0.7034143209457397
7022_1,0.1064969152212143
7023_2,0.00598537502810359
7024_1,0.0022805018816143274
7025_1,0.45760828256607056
7026_1,0.0005792983574792743
7027_1,0.0185503251850605
7028_2,0.011073476634919643
7029_3,0.0038765633944422007
702_1,0.0304169449955225
7030_1,0.16992874443531036
7031_3,0.00682548014447093
7032_1,0.12281297892332077
7033_2,0.0005638233851641417
7034_3,0.045662201941013336
7035_2,0.03259188309311867
7036_1,0.026307154446840286
7037_3,0.46380406618118286
7038_3,0.4575590491294861
7039_4,0.0057548037730157375
703_2,0.00290519162081182
7040_3,0.05179806798696518
7041_1,0.011222315952181816
7042_1,0.0008739812183193862
7043_2,0.14364729821681976
7044_1,0.015395858325064182
7045_1,0.005665514152497053
7046_3,0.0069409082643687725
7047_3,0.025307193398475647
7048_3,0.002574340207502246
7049_3,0.3378366529941559
704_2,0.0019181561656296253
7050_4,0.5771268010139465
7051_4,0.31117793917655945
7052_1,0.05959390476346016
7053_1,0.30893126130104065
7054_1,0.010219009593129158
7055_2,0.004619928076863289
7056_4,0.5926767587661743
7057_4,0.2767246663570404
7058_2,0.09125687181949615
7059_3,0.10618925094604492
705_2,0.8238764405250549
7060_3,0.03376391902565956
7061_2,0.02207924984395504
7062_4,0.2114059180021286
7063_3,0.9218447804450989
7064_4,0.36448904871940613
7065_3,0.003601451637223363
7066_1,0.004615452606230974
7067_1,0.01124767865985632
7068_1,0.00266255927272141
7069_1,0.027479421347379684
706_1,0.9813662767410278
7070_2,0.0032255277037620544
7071_1,0.0016728646587580442
7072_1,0.003970231395214796
7073_4,0.01071412768214941
7074_1,0.0016809800872579217
7075_3,0.2326619029045105
7076_4,0.03984474390745163
7077_4,0.08008062094449997
7078_2,0.11713243275880814
7079_3,0.1234179139137268
707_3,0.10736550390720367
7080_3,0.07338374108076096
7081_4,0.04370621591806412
7082_1,0.08887410908937454
7083_3,0.010103135369718075
7084_4,0.0371641106903553
7085_1,0.0010772772366181016
7086_4,0.5296462178230286
7087_4,0.1926632523536682
7088_3,0.11263279616832733
7089_3,0.9031966924667358
708_3,0.4072512090206146
7090_3,0.015575881116092205
7091_4,0.10360545665025711
7092_1,0.31165605783462524
7093_1,0.03453309088945389
7094_2,0.8614478707313538
7095_1,0.019939035177230835
7096_1,0.015005766414105892
7097_1,0.995559811592102
7098_1,0.9959619641304016
7099_4,0.8060022592544556
709_4,0.6855993270874023
70_1,0.04180832579731941
7100_3,0.035554349422454834
7101_3,0.2740391492843628
7102_1,0.001182953012175858
7103_1,0.15392176806926727
7104_1,0.0050477865152060986
7105_1,0.0014319528127089143
7106_3,0.029881304129958153
7107_3,0.3887339234352112
7108_1,0.030755486339330673
7109_2,0.0009311802568845451
710_3,0.00855635292828083
7110_3,0.0024744269903749228
7111_3,0.014464985579252243
7112_4,0.12911756336688995
7113_2,0.38823843002319336
7114_1,0.009504934772849083
7115_4,0.8252962231636047
7116_4,0.07025378197431564
7117_1,0.010227371007204056
7118_2,0.006157055497169495
7119_2,0.08295638114213943
711_4,0.599010705947876
7120_1,0.010795152746140957
7121_3,0.02649202197790146
7122_1,0.0012117745354771614
7123_1,0.007334624882787466
7124_2,0.012806874699890614
7125_2,0.005768855568021536
7126_1,0.004988987930119038
7127_1,0.006646616384387016
7128_2,0.002608703915029764
7129_1,0.00376408314332366
712_3,0.22825129330158234
7130_1,0.0004818979650735855
7131_1,0.0006034280522726476
7132_3,0.008951405063271523
7133_2,0.012918229214847088
7134_3,0.05651974678039551
7135_3,0.4175530970096588
7136_3,0.006117227487266064
7137_3,0.0031494114082306623
7138_1,0.012243459932506084
7139_4,0.05429163575172424
713_1,0.03059621900320053
7140_4,0.0341675840318203
7141_1,0.1353183090686798
7142_4,0.09514544159173965
7143_3,0.003139818087220192
7144_4,0.9868226051330566
7145_4,0.3910309374332428
7146_1,0.2028559148311615
7147_1,0.29488062858581543
7148_1,0.48406219482421875
7149_3,0.9876900911331177
714_4,0.07219801098108292
7150_4,0.5235129594802856
7151_1,0.014767567627131939
7152_1,0.05373227968811989
7153_2,0.15846218168735504
7154_1,0.0032687957864254713
7155_2,0.02160036936402321
7156_4,0.005541817285120487
7157_1,0.39991840720176697
7158_1,0.7720398306846619
7159_4,0.02196618542075157
715_4,0.5026573538780212
7160_2,0.03322643041610718
7161_4,0.02904442325234413
7162_4,0.5383478403091431
7163_4,0.3537274897098541
7164_1,0.0006420120480470359
7165_3,0.10067418962717056
7166_4,0.6467229723930359
7167_2,0.001415610546246171
7168_3,0.06615766882896423
7169_4,0.5462299585342407
716_2,0.7511072754859924
7170_2,0.1001487597823143
7171_3,0.006075275596231222
7172_3,0.024027004837989807
7173_3,0.02403777465224266
7174_2,0.048324864357709885
7175_3,0.018044743686914444
7176_4,0.19557510316371918
7177_4,0.4737568497657776
7178_1,0.005258985795080662
7179_2,0.004160976968705654
717_4,0.022097455337643623
7180_4,0.006362476386129856
7181_4,0.38781222701072693
7182_1,0.27146875858306885
7183_1,0.0043596141040325165
7184_1,0.0010975102195516229
7185_3,0.003439945401623845
7186_2,0.040810033679008484
7187_3,0.10892587900161743
7188_4,0.021350977942347527
7189_2,0.2927760183811188
718_3,0.01501009427011013
7190_4,0.4379713237285614
7191_3,0.809556245803833
7192_3,0.040922172367572784
7193_1,0.0032776976004242897
7194_2,0.291181355714798
7195_1,0.002904434921219945
7196_4,0.3680552840232849
7197_2,0.00502996239811182
7198_1,0.0046364008449018
7199_2,0.012683405540883541
719_1,0.028310324996709824
71_4,0.6826807856559753
7200_1,0.014895647764205933
7201_1,0.0010406812652945518
7202_1,0.0009993355488404632
7203_1,0.009349646978080273
7204_1,0.006381790153682232
7205_1,0.006795867346227169
7206_3,0.017246372997760773
7207_1,0.0013963597593829036
7208_1,0.011616759933531284
7209_2,0.011969312094151974
720_1,0.012442678213119507
7210_4,0.03702973574399948
7211_1,0.00148666906170547
7212_2,0.013586290180683136
7213_1,0.010202137753367424
7214_2,0.5477394461631775
7215_3,0.013682750053703785
7216_3,0.4782922565937042
7217_2,0.13514308631420135
7218_1,0.44449862837791443
7219_4,0.011355925351381302
721_4,0.3451540172100067
7220_1,0.021764950826764107
7221_3,0.5389999747276306
7222_3,0.002730913693085313
7223_4,0.12740178406238556
7224_2,0.170328751206398
7225_4,0.01475466787815094
7226_4,0.1787296086549759
7227_4,0.8395302295684814
7228_1,0.008542666211724281
7229_3,0.05863916873931885
722_3,0.10571087896823883
7230_1,0.06688916683197021
7231_1,0.03889836370944977
7232_1,0.003691393882036209
7233_2,0.051178328692913055
7234_1,0.10075262188911438
7235_3,0.02494998462498188
7236_4,0.0797797366976738
7237_4,0.023446137085556984
7238_4,0.03455980122089386
7239_4,0.8815180659294128
723_2,0.05414552614092827
7240_2,0.0040000746957957745
7241_2,0.007156091276556253
7242_2,0.002248745644465089
7243_2,0.0443890355527401
7244_1,0.01764657162129879
7245_1,0.013018112629652023
7246_3,0.010256227105855942
7247_4,0.1346851885318756
7248_3,0.20067590475082397
7249_2,0.006809556856751442
724_3,0.08222245424985886
7250_2,0.002050637500360608
7251_1,0.14359134435653687
7252_2,0.01949380710721016
7253_1,0.004112517926841974
7254_2,0.6117793917655945
7255_2,0.19656065106391907
7256_4,0.13888263702392578
7257_4,0.039683226495981216
7258_4,0.09110525995492935
7259_2,0.018219463527202606
725_2,0.03898557275533676
7260_2,0.30052459239959717
7261_4,0.051842063665390015
7262_4,0.9521083831787109
7263_2,0.5339593887329102
7264_4,0.3104695677757263
7265_1,0.03132981061935425
7266_2,0.008579082787036896
7267_1,0.09286284446716309
7268_1,0.13446111977100372
7269_1,0.001329737831838429
726_1,0.009484808892011642
7270_1,0.009533888660371304
7271_1,0.028552984818816185
7272_1,0.014767664484679699
7273_3,0.24267812073230743
7274_1,0.03603631630539894
7275_3,0.4849727153778076
7276_1,0.049541763961315155
7277_2,0.06815117597579956
7278_1,0.004040379077196121
7279_3,0.10637032240629196
727_3,0.28987354040145874
7280_3,0.028539245948195457
7281_4,0.006255737971514463
7282_3,0.7040048837661743
7283_4,0.4437847435474396
7284_1,0.17411255836486816
7285_1,0.006616759113967419
7286_3,0.026183275505900383
7287_4,0.005828963592648506
7288_4,0.01252799667418003
7289_1,0.0025806045159697533
728_1,0.023023800924420357
7290_1,0.010558756068348885
7291_3,0.07898088544607162
7292_3,0.17826780676841736
7293_4,0.040562815964221954
7294_2,0.017539121210575104
7295_1,0.007387984078377485
7296_1,0.5095068216323853
7297_1,0.003253459231927991
7298_1,0.015308208763599396
7299_1,0.0035225562751293182
729_1,0.035194359719753265
72_4,0.7100912928581238
7300_1,0.005549095571041107
7301_1,0.0115785151720047
7302_1,0.09766118228435516
7303_1,0.029512591660022736
7304_1,0.010448023676872253
7305_1,0.16809731721878052
7306_1,0.056483834981918335
7307_1,0.08298587799072266
7308_3,0.47661110758781433
7309_3,0.9572104811668396
730_1,0.0030642615165561438
7310_3,0.8726674318313599
7311_1,0.03753415122628212
7312_3,0.048247940838336945
7313_4,0.35198402404785156
7314_1,0.24027040600776672
7315_3,0.0022875280119478703
7316_2,0.01221595611423254
7317_2,0.17181719839572906
7318_2,0.014563905075192451
7319_2,0.00969229731708765
731_4,0.06459961086511612
7320_2,0.011417719535529613
7321_2,0.002111036330461502
7322_3,0.8537200689315796
7323_1,0.005396273452788591
7324_4,0.007185578346252441
7325_4,0.8380328416824341
7326_1,0.089666947722435
7327_1,0.016646889969706535
7328_1,0.007439297158271074
7329_2,0.011362907476723194
732_3,0.011023917235434055
7330_1,0.00027696843608282506
7331_1,0.12698817253112793
7332_1,0.00342353037558496
7333_1,0.0034477778244763613
7334_4,0.008183917962014675
7335_3,0.04572371393442154
7336_3,0.06122560799121857
7337_1,0.08431325852870941
7338_1,0.003076213411986828
7339_4,0.1574784219264984
733_1,0.005881037563085556
7340_3,0.00541121419519186
7341_3,0.5637969970703125
7342_2,0.0007298252312466502
7343_1,0.03321869298815727
7344_1,0.022178446874022484
7345_4,0.003906205529347062
7346_3,0.02003209851682186
7347_1,0.026620257645845413
7348_1,0.0027148628141731024
7349_1,0.3234840929508209
734_1,0.001884268131107092
7350_1,0.012850942090153694
7351_1,0.001608378253877163
7352_3,0.025852693244814873
7353_3,0.021105876192450523
7354_4,0.008483164943754673
7355_2,0.2536902129650116
7356_4,0.03885643556714058
7357_4,0.009326858446002007
7358_1,0.011587783694267273
7359_1,0.016106242313981056
735_1,0.00148233980871737
7360_1,0.006217240355908871
7361_1,0.0018888282356783748
7362_4,0.0877976268529892
7363_3,0.8331125974655151
7364_1,0.013398810289800167
7365_4,0.0070227934047579765
7366_2,0.06423774361610413
7367_2,0.005509415175765753
7368_3,0.020893217995762825
7369_3,0.2270965576171875
736_2,0.015087954699993134
7370_2,0.06191333383321762
7371_1,0.02154260315001011
7372_1,0.0057946424931287766
7373_2,0.013346673920750618
7374_2,0.0049027809873223305
7375_1,0.0037824702449142933
7376_2,0.12669776380062103
7377_3,0.5582467913627625
7378_4,0.4847969114780426
7379_1,0.000995893613435328
737_1,0.008711293339729309
7380_1,0.329185426235199
7381_1,0.06351228058338165
7382_1,0.0026132503990083933
7383_1,0.8613438606262207
7384_1,0.0009972621919587255
7385_2,0.0025596432387828827
7386_4,0.005346226971596479
7387_3,0.3976607322692871
7388_2,0.005913619417697191
7389_4,0.8006709814071655
738_1,0.37686803936958313
7390_3,0.002389919478446245
7391_2,0.0013026170199736953
7392_1,0.016277750954031944
7393_3,0.0883748009800911
7394_1,0.01631646230816841
7395_4,0.36123281717300415
7396_1,0.004583613947033882
7397_3,0.8087473511695862
7398_4,0.002432722132652998
7399_2,0.11379556357860565
739_1,0.001319345086812973
73_4,0.01552601344883442
7400_1,0.002121085999533534
7401_4,0.00595456175506115
7402_2,0.009115819819271564
7403_2,0.015251142904162407
7404_3,0.04170093685388565
7405_4,0.66864013671875
7406_1,0.006219688802957535
7407_4,0.009982345625758171
7408_3,0.060167111456394196
7409_3,0.11914520710706711
740_3,0.005591143853962421
7410_2,0.012421797029674053
7411_4,0.03201468661427498
7412_3,0.06866587698459625
7413_4,0.02839488536119461
7414_4,0.04056674987077713
7415_1,0.0022428478114306927
7416_3,0.4210585057735443
7417_1,0.003825722960755229
7418_2,0.002465996192768216
7419_3,0.13751383125782013
741_1,0.005716301500797272
7420_2,0.014212782494723797
7421_1,0.0734831765294075
7422_1,0.004283348564058542
7423_3,0.029850734397768974
7424_3,0.009602157399058342
7425_1,0.37927475571632385
7426_1,0.006505715195089579
7427_1,0.0019126521656289697
7428_1,0.457059770822525
7429_1,0.008546079508960247
742_2,0.3747814893722534
7430_1,0.0028570701833814383
7431_2,0.10071974992752075
7432_4,0.031773969531059265
7433_2,0.0031416425481438637
7434_2,0.5948890447616577
7435_2,0.005494350101798773
7436_4,0.741032063961029
7437_3,0.03265102952718735
7438_3,0.009965949691832066
7439_3,0.04549102112650871
743_2,0.00906827300786972
7440_1,0.05961162596940994
7441_4,0.0055703818798065186
7442_3,0.022184303030371666
7443_1,0.8620838522911072
7444_4,0.27142244577407837
7445_1,0.006884198170155287
7446_3,0.1425732970237732
7447_3,0.05212586373090744
7448_4,0.13573898375034332
7449_1,0.2107762098312378
744_1,0.8524652123451233
7450_4,0.987556517124176
7451_4,0.10391012579202652
7452_1,0.23095731437206268
7453_1,0.01913316361606121
7454_1,0.0010230167536064982
7455_1,0.0012881462462246418
7456_1,0.0348070003092289
7457_1,0.2572474181652069
7458_1,0.0019337123958393931
7459_3,0.1561446189880371
745_1,0.002114861039444804
7460_1,0.0011926570441573858
7461_3,0.007142890244722366
7462_4,0.006924360059201717
7463_2,0.03870211914181709
7464_1,0.2930413782596588
7465_1,0.01943919062614441
7466_3,0.06153450533747673
7467_4,0.006995631847530603
7468_4,0.006305520888417959
7469_1,0.06565964221954346
746_1,0.06167583912611008
7470_4,0.003718375926837325
7471_1,0.019064584746956825
7472_3,0.3654623031616211
7473_1,0.0048101721331477165
7474_4,0.3171330392360687
7475_1,0.004633305594325066
7476_4,0.007903401739895344
7477_3,0.622825562953949
7478_1,0.032627422362565994
7479_1,0.16190269589424133
747_3,0.012491929344832897
7480_1,0.02215682901442051
7481_1,0.02685634046792984
7482_1,0.0032469588331878185
7483_1,0.22829610109329224
7484_1,0.0007465545786544681
7485_2,0.0025484797079116106
7486_2,0.16801880300045013
7487_1,0.02475835010409355
7488_4,0.01307245809584856
7489_2,0.0018311701714992523
748_1,0.0055432990193367004
7490_3,0.017015263438224792
7491_3,0.004407536704093218
7492_2,0.0029632204677909613
7493_1,0.011671378277242184
7494_2,0.13451142609119415
7495_4,0.22114862501621246
7496_1,0.006741547025740147
7497_1,0.002140884520485997
7498_1,0.011881789192557335
7499_2,0.0010473440634086728
749_1,0.02211267128586769
74_4,0.012939631938934326
7500_1,0.021728362888097763
7501_3,0.057856325060129166
7502_3,0.017137888818979263
7503_2,0.002432094654068351
7504_3,0.10280387103557587
7505_4,0.1648699939250946
7506_1,0.00289910682477057
7507_1,0.0013861913466826081
7508_1,0.0034359823912382126
7509_1,0.12250788509845734
750_2,0.0698157325387001
7510_1,0.010038171894848347
7511_1,0.03501966968178749
7512_1,0.0007606999715790153
7513_2,0.0322260819375515
7514_1,0.037882424890995026
7515_4,0.018398305401206017
7516_4,0.539271891117096
7517_1,0.02004457637667656
7518_4,0.8588536977767944
7519_1,0.002054373035207391
751_1,0.0036136964336037636
7520_1,0.02274644374847412
7521_1,0.17640618979930878
7522_1,0.01159303355962038
7523_1,0.025499476119875908
7524_1,0.006451668683439493
7525_1,0.10611137747764587
7526_1,0.08780579268932343
7527_1,0.03802816569805145
7528_1,0.02057579532265663
7529_3,0.6898965239524841
752_4,0.016304228454828262
7530_1,0.013805358670651913
7531_1,0.01152789406478405
7532_1,0.007610543165355921
7533_2,0.02268105000257492
7534_4,0.23642250895500183
7535_4,0.620822548866272
7536_1,0.013978641480207443
7537_3,0.37403300404548645
7538_4,0.03694179281592369
7539_2,0.01535509992390871
753_2,0.010531993582844734
7540_2,0.001281243865378201
7541_3,0.009175893850624561
7542_3,0.12388351559638977
7543_1,0.17764174938201904
7544_1,0.010742628946900368
7545_1,0.0165867917239666
7546_1,0.00760791078209877
7547_1,0.01592131145298481
7548_1,0.015047095715999603
7549_2,0.016803227365016937
754_2,0.024937568232417107
7550_1,0.8898724913597107
7551_1,0.004233020357787609
7552_4,0.3633914589881897
7553_1,0.004152762237936258
7554_2,0.0041953036561608315
7555_3,0.04389304667711258
7556_1,0.9259054660797119
7557_4,0.3239547610282898
7558_1,0.017647432163357735
7559_1,0.47714194655418396
755_1,0.009270885027945042
7560_3,0.28841260075569153
7561_4,0.8660072684288025
7562_3,0.31097814440727234
7563_1,0.0018528143409639597
7564_3,0.10724587738513947
7565_3,0.005598675925284624
7566_1,0.0068891290575265884
7567_1,0.1722724586725235
7568_3,0.012530493550002575
7569_4,0.9350368976593018
756_1,0.019618405029177666
7570_2,0.10716646909713745
7571_1,0.001006981241516769
7572_1,0.021664472296833992
7573_3,0.03279893472790718
7574_3,0.08187751471996307
7575_1,0.28020501136779785
7576_1,0.0037297443486750126
7577_3,0.04726254940032959
7578_2,0.7263603806495667
7579_4,0.27217352390289307
757_1,0.0021912804804742336
7580_3,0.49618586897850037
7581_3,0.011098286136984825
7582_1,0.01990775763988495
7583_4,0.07900217920541763
7584_3,0.7540600299835205
7585_3,0.5149489641189575
7586_4,0.010076598264276981
7587_4,0.060337264090776443
7588_4,0.02870061807334423
7589_4,0.46973028779029846
758_3,0.00035786369699053466
7590_1,0.10984829068183899
7591_2,0.21841229498386383
7592_4,0.0024476887192577124
7593_3,0.22617368400096893
7594_2,0.24276654422283173
7595_2,0.0009369199979119003
7596_2,0.0018108160002157092
7597_3,0.4048852324485779
7598_2,0.0014037115033715963
7599_3,0.006804301403462887
759_1,0.03693343698978424
75_1,0.05545293912291527
7600_1,0.20890195667743683
7601_2,0.418933242559433
7602_1,0.0044946554116904736
7603_1,0.007021792232990265
7604_4,0.17618677020072937
7605_2,0.003361549461260438
7606_1,0.006695101968944073
7607_2,0.02490776963531971
7608_2,0.004077392164617777
7609_1,0.028824379667639732
760_1,0.0019352498929947615
7610_1,0.0012760971440002322
7611_2,0.03872571140527725
7612_4,0.35105687379837036
7613_2,0.33991938829421997
7614_4,0.006240839138627052
7615_1,0.0030876186210662127
7616_3,0.02975190430879593
7617_1,0.49894213676452637
7618_3,0.977379322052002
7619_4,0.48178809881210327
761_2,0.24354232847690582
7620_1,0.0694543793797493
7621_1,0.0407535694539547
7622_1,0.027239684015512466
7623_3,0.4536815583705902
7624_4,0.24421510100364685
7625_3,0.004168856423348188
7626_2,0.08632490783929825
7627_1,0.001427433337084949
7628_1,0.02200878970324993
7629_4,0.07500079274177551
762_3,0.018412230536341667
7630_1,0.004199851769953966
7631_2,0.01450452022254467
7632_2,0.033376045525074005
7633_2,0.12911604344844818
7634_2,0.054145004600286484
7635_1,0.02672596648335457
7636_1,0.01834823563694954
7637_4,0.1181885302066803
7638_3,0.26232990622520447
7639_3,0.002345781307667494
763_2,0.10844981670379639
7640_4,0.04811477288603783
7641_2,0.005552665330469608
7642_3,0.008661579340696335
7643_3,0.24533025920391083
7644_4,0.006772720720618963
7645_1,0.00395192950963974
7646_1,0.005348539911210537
7647_1,0.0023709589149802923
7648_1,0.13072258234024048
7649_3,0.2353881448507309
764_2,0.08203420788049698
7650_3,0.00648518418893218
7651_3,0.04382774606347084
7652_3,0.9954802989959717
7653_3,0.8654439449310303
7654_4,0.3963756859302521
7655_4,0.6779115796089172
7656_3,0.2943192422389984
7657_2,0.5186029672622681
7658_1,0.0010281844297423959
7659_3,0.028114590793848038
765_2,0.0293295755982399
7660_1,0.016802702099084854
7661_1,0.03373422101140022
7662_1,0.0067968168295919895
7663_1,0.2039974331855774
7664_1,0.002953800605610013
7665_2,0.12076739966869354
7666_4,0.4653824269771576
7667_1,0.9000624418258667
7668_1,0.0029013901948928833
7669_1,0.02746663987636566
766_2,0.003440082771703601
7670_2,0.033327799290418625
7671_3,0.009032622911036015
7672_3,0.015342517755925655
7673_1,0.003021534066647291
7674_2,0.011687726713716984
7675_3,0.01359667256474495
7676_3,0.4032811224460602
7677_2,0.00971998181194067
7678_2,0.12715643644332886
7679_2,0.01666419580578804
767_1,0.07778917253017426
7680_1,0.08462364971637726
7681_3,0.7780985832214355
7682_3,0.12933914363384247
7683_4,0.4114341735839844
7684_3,0.0027075123507529497
7685_4,0.8297004699707031
7686_1,0.005092777777463198
7687_1,0.042236488312482834
7688_2,0.8939353227615356
7689_2,0.004954890348017216
768_2,0.014307948760688305
7690_3,0.006680961232632399
7691_1,0.012717864476144314
7692_1,0.05735774710774422
7693_1,0.04756595194339752
7694_3,0.006466371938586235
7695_1,0.0028371436055749655
7696_1,0.9125519394874573
7697_4,0.0662354975938797
7698_4,0.16501298546791077
7699_1,0.0007271677604876459
769_3,0.14111725986003876
76_4,0.27572527527809143
7700_1,0.6121556162834167
7701_1,0.0028286396991461515
7702_2,0.004400733392685652
7703_4,0.0022964070085436106
7704_2,0.04873520880937576
7705_1,0.008733000606298447
7706_1,0.041821833699941635
7707_4,0.5656892657279968
7708_1,0.004961421247571707
7709_2,0.028945866972208023
770_3,0.16002364456653595
7710_1,0.0030792963225394487
7711_1,0.0045655458234250546
7712_3,0.44794416427612305
7713_1,0.0016441817861050367
7714_1,0.1873006820678711
7715_1,0.005802143830806017
7716_3,0.029936691746115685
7717_3,0.0008384462562389672
7718_2,0.009019529446959496
7719_3,0.05302682891488075
771_4,0.5512758493423462
7720_1,0.0033430340699851513
7721_4,0.26476341485977173
7722_1,0.006913396995514631
7723_1,0.0046218931674957275
7724_2,0.02413095347583294
7725_3,0.012104683555662632
7726_3,0.11193406581878662
7727_4,0.005476484540849924
7728_1,0.0031034802086651325
7729_1,0.1829981803894043
772_1,0.014364819042384624
7730_1,0.23986868560314178
7731_1,0.006266638170927763
7732_2,0.2809520363807678
7733_3,0.10962977260351181
7734_1,0.0698828399181366
7735_1,0.4208921492099762
7736_1,0.15081004798412323
7737_1,0.6214504837989807
7738_4,0.3154758810997009
7739_1,0.06899316608905792
773_1,0.09070444852113724
7740_2,0.04994535446166992
7741_4,0.1242501363158226
7742_1,0.0024554524570703506
7743_1,0.06226441636681557
7744_1,0.13417531549930573
7745_1,0.008554297499358654
7746_2,0.8271446228027344
7747_1,0.009955612942576408
7748_2,0.0065460121259093285
7749_1,0.018350422382354736
774_4,0.1571473479270935
7750_3,0.2839185893535614
7751_1,0.004032229073345661
7752_3,0.03965528681874275
7753_4,0.24653351306915283
7754_3,0.01988162472844124
7755_3,0.28745028376579285
7756_1,0.0033027424942702055
7757_4,0.004744505975395441
7758_4,0.2069612741470337
7759_1,0.00214754487387836
775_1,0.00799549836665392
7760_2,0.15205320715904236
7761_1,0.017429698258638382
7762_1,0.0027453810907900333
7763_1,0.9096153974533081
7764_2,0.72270268201828
7765_3,0.7244275808334351
7766_1,0.0045340778306126595
7767_4,0.050762176513671875
7768_1,0.05007690563797951
7769_1,0.08782951533794403
776_1,0.6387160420417786
7770_3,0.012534563429653645
7771_1,0.42318010330200195
7772_2,0.003931586630642414
7773_2,0.0024088078644126654
7774_1,0.0026829803828150034
7775_2,0.060897164046764374
7776_1,0.02929672598838806
7777_3,0.3277464210987091
7778_3,0.028580166399478912
7779_3,0.005136266816407442
777_2,0.004372693598270416
7780_2,0.006856185384094715
7781_1,0.013305963948369026
7782_1,0.0038604543078690767
7783_1,0.006506694946438074
7784_1,0.007504718843847513
7785_3,0.2856677174568176
7786_2,0.5755833983421326
7787_3,0.010806076228618622
7788_1,0.0033855910878628492
7789_1,0.0018667608965188265
778_1,0.00527577567845583
7790_3,0.3527446985244751
7791_4,0.025234859436750412
7792_3,0.0019201502436771989
7793_4,0.21497388184070587
7794_1,0.0018392772180959582
7795_1,0.0025324320886284113
7796_1,0.011212214827537537
7797_1,0.10826098173856735
7798_1,0.003542015329003334
7799_2,0.8106010556221008
779_1,0.7245228290557861
77_2,0.01297652255743742
7800_3,0.005277653224766254
7801_1,0.04101692885160446
7802_2,0.39742594957351685
7803_2,0.0007530747097916901
7804_4,0.34275755286216736
7805_1,0.006272615399211645
7806_2,0.14200526475906372
7807_2,0.003955604508519173
7808_1,0.06178462505340576
7809_2,0.0940084382891655
780_3,0.16658203303813934
7810_1,0.02054530940949917
7811_4,0.0741671696305275
7812_1,0.004422445315867662
7813_3,0.05848627910017967
7814_1,0.010356825776398182
7815_1,0.00958949699997902
7816_1,0.0019574230536818504
7817_2,0.02082185447216034
7818_2,0.025414561852812767
7819_1,0.02635534666478634
781_4,0.07963825017213821
7820_1,0.001039103022776544
7821_1,0.003677415195852518
7822_1,0.005161268636584282
7823_1,0.020970163866877556
7824_1,0.0017223547911271453
7825_1,0.022064849734306335
7826_1,0.006974576506763697
7827_4,0.22370079159736633
7828_1,0.0009847924811765552
7829_4,0.06892584264278412
782_3,0.2825320065021515
7830_1,0.041196923702955246
7831_2,0.002012989018112421
7832_2,0.004001241642981768
7833_3,0.003948579076677561
7834_3,0.7097560167312622
7835_1,0.2791721820831299
7836_4,0.02066037803888321
7837_4,0.7886362075805664
7838_4,0.3725438416004181
7839_2,0.052223965525627136
783_1,0.04267844185233116
7840_4,0.01932862401008606
7841_4,0.19979873299598694
7842_1,0.16195464134216309
7843_4,0.054367754608392715
7844_3,0.3829059898853302
7845_2,0.009556055068969727
7846_4,0.2645525634288788
7847_2,0.31654512882232666
7848_2,0.5459263324737549
7849_4,0.6217800974845886
784_4,0.001955773215740919
7850_4,0.754621148109436
7851_4,0.0567031055688858
7852_4,0.012224179692566395
7853_1,0.02090558409690857
7854_1,0.12279543280601501
7855_1,0.03446287661790848
7856_1,0.0015417051035910845
7857_3,0.014979570172727108
7858_3,0.060326069593429565
7859_1,0.006096249911934137
785_2,0.005694021936506033
7860_3,0.627109944820404
7861_3,0.07463540136814117
7862_1,0.004714564420282841
7863_1,0.0005768872215412557
7864_2,0.006121397949755192
7865_1,0.013919627293944359
7866_1,0.029359931126236916
7867_2,0.328077495098114
7868_1,0.0016501547070220113
7869_1,0.0014452470932155848
786_3,0.013220253400504589
7870_1,0.004617950413376093
7871_1,0.011565374210476875
7872_1,0.014561092481017113
7873_1,0.0028683666605502367
7874_1,0.003416197607293725
7875_4,0.03282316401600838
7876_1,0.02646995335817337
7877_4,0.0004866829258389771
7878_3,0.004677455872297287
7879_3,0.08731264621019363
787_1,0.005441808607429266
7880_2,0.03954281657934189
7881_3,0.13657017052173615
7882_3,0.40686824917793274
7883_1,0.0019526351243257523
7884_3,0.5043254494667053
7885_1,0.008152037858963013
7886_3,0.243162602186203
7887_3,0.8158050179481506
7888_4,0.24022452533245087
7889_3,0.17939330637454987
788_1,0.0035205786116421223
7890_2,0.0019186711870133877
7891_1,0.03321290761232376
7892_1,0.004723997786641121
7893_1,0.0009915119735524058
7894_1,0.007768162991851568
7895_1,0.004245695658028126
7896_1,0.011197628453373909
7897_1,0.004238629713654518
7898_1,0.014127825386822224
7899_1,0.011019592173397541
789_1,0.20901267230510712
78_1,0.036462072283029556
7900_1,0.0007750585791654885
7901_1,0.546012818813324
7902_1,0.00410709623247385
7903_1,0.007547823712229729
7904_1,0.0032033221796154976
7905_4,0.8899142146110535
7906_2,0.0017126357415691018
7907_1,0.001608908991329372
7908_1,0.02533770352602005
7909_2,0.10000823438167572
790_1,0.00015856014215387404
7910_2,0.04933260381221771
7911_2,0.02751435711979866
7912_2,0.02133302018046379
7913_1,0.7608423233032227
7914_1,0.7608423233032227
7915_2,0.006585306022316217
7916_3,0.0017083983402699232
7917_1,0.015075317583978176
7918_3,0.04808901995420456
7919_2,0.042062778025865555
791_4,0.13619627058506012
7920_2,0.09816806018352509
7921_3,0.02243986167013645
7922_3,0.0221193078905344
7923_4,0.010930439457297325
7924_2,0.17156919836997986
7925_2,0.0025972863659262657
7926_4,0.1420198380947113
7927_3,0.10198555886745453
7928_4,0.02041996829211712
7929_1,0.0008979278500191867
792_2,0.5285766124725342
7930_3,0.05776132270693779
7931_3,0.05776132270693779
7932_4,0.33470091223716736
7933_1,0.02641509287059307
7934_1,0.478272944688797
7935_3,0.06757120043039322
7936_1,0.008284959010779858
7937_1,0.0024798575323075056
7938_1,0.04361150041222572
7939_1,0.001737590180709958
793_1,0.2956569790840149
7940_1,0.0044668312184512615
7941_1,0.009344561025500298
7942_3,0.5084171891212463
7943_2,0.09230835735797882
7944_1,0.005567806772887707
7945_2,0.7744636535644531
7946_3,0.18546266853809357
7947_4,0.24920596182346344
7948_3,0.059916652739048004
7949_3,0.11365380883216858
794_1,0.03761734813451767
7950_3,0.011547123081982136
7951_3,0.17617854475975037
7952_1,0.024015000090003014
7953_1,0.03307587280869484
7954_2,0.004204664845019579
7955_1,0.0022912004496902227
7956_1,0.010286166332662106
7957_1,0.3547894060611725
7958_4,0.6071176528930664
7959_2,0.09681165963411331
795_3,0.04599245637655258
7960_2,0.5688666105270386
7961_4,0.5249959826469421
7962_1,0.6027297973632812
7963_3,0.2167200893163681
7964_1,0.010053488425910473
7965_4,0.11101105064153671
7966_3,0.007497604005038738
7967_4,0.25480902194976807
7968_4,0.5223580002784729
7969_3,0.008584275841712952
796_4,0.07274653762578964
7970_3,0.0033109402284026146
7971_3,0.05030547454953194
7972_1,0.00695847487077117
7973_4,0.00943158008158207
7974_1,0.02074325829744339
7975_1,0.036572057753801346
7976_3,0.20971930027008057
7977_1,0.009853973053395748
7978_3,0.012082910165190697
7979_3,0.7899569869041443
797_1,0.0031819860450923443
7980_3,0.20617567002773285
7981_4,0.2412632554769516
7982_1,0.00328974612057209
7983_4,0.001947225071489811
7984_2,0.0038342243060469627
7985_1,0.20768532156944275
7986_1,0.0011840092483907938
7987_1,0.07582235336303711
7988_1,0.02046339213848114
7989_3,0.2236829549074173
798_1,0.004536053631454706
7990_1,0.05763644352555275
7991_1,0.009215446189045906
7992_1,0.06335171312093735
7993_1,0.01049602311104536
7994_2,0.030783100053668022
7995_2,0.022718461230397224
7996_3,0.63043612241745
7997_1,0.976913332939148
7998_4,0.805101752281189
7999_1,0.00241398299112916
799_4,0.023941636085510254
79_2,0.02997656911611557
7_1,0.014169621281325817
8000_3,0.14953210949897766
8001_1,0.0019726247992366552
8002_3,0.028703240677714348
8003_3,0.0010803013574331999
8004_1,0.0824485719203949
8005_4,0.1495690643787384
8006_2,0.9480453729629517
8007_1,0.000872486038133502
8008_4,0.02006872184574604
8009_2,0.0031453948467969894
800_3,0.0035905649419873953
8010_4,0.018535874783992767
8011_1,0.30745378136634827
8012_4,0.44965600967407227
8013_3,0.6792214512825012
8014_4,0.9855822920799255
8015_2,0.02156466618180275
8016_1,0.0007732047815807164
8017_3,0.05852639675140381
8018_1,0.4115011990070343
8019_1,0.3723055422306061
801_2,0.20933525264263153
8020_2,0.02271083928644657
8021_1,0.003099453868344426
8022_3,0.23790353536605835
8023_4,0.010038039647042751
8024_2,0.01767081394791603
8025_1,0.00216915481723845
8026_3,0.03711667284369469
8027_1,0.00890947226434946
8028_1,0.10474557429552078
8029_1,0.002187939127907157
802_1,0.008757499977946281
8030_1,0.004929827060550451
8031_1,0.024985771626234055
8032_1,0.001456012367270887
8033_1,0.0064153848215937614
8034_3,0.008131890557706356
8035_3,0.03541092574596405
8036_4,0.12208494544029236
8037_1,0.04363023489713669
8038_2,0.12706656754016876
8039_3,0.01697222702205181
803_3,0.010007692500948906
8040_4,0.08152396976947784
8041_3,0.14878463745117188
8042_1,0.016618430614471436
8043_2,0.010291817598044872
8044_2,0.006590140052139759
8045_1,0.04175062105059624
8046_1,0.0013001590268686414
8047_1,0.005179599393159151
8048_1,0.00955552700906992
8049_3,0.11534463614225388
804_1,0.3341812789440155
8050_1,0.005270360503345728
8051_4,0.512260377407074
8052_4,0.7911275029182434
8053_3,0.001841043820604682
8054_1,0.02547963708639145
8055_2,0.01467604748904705
8056_2,0.008230062201619148
8057_4,0.9251212477684021
8058_1,0.0027383428532630205
8059_3,0.00644620880484581
805_1,0.000756339926738292
8060_3,0.004651206079870462
8061_3,0.00039639658643864095
8062_3,0.21963949501514435
8063_3,0.12000440061092377
8064_1,0.007053634617477655
8065_4,0.006267718970775604
8066_3,0.09574906527996063
8067_1,0.03194893151521683
8068_2,0.10393908619880676
8069_4,0.27925553917884827
806_1,0.04963848739862442
8070_2,0.028224976733326912
8071_2,0.13764691352844238
8072_4,0.11320871114730835
8073_4,0.010537982918322086
8074_4,0.5902966856956482
8075_2,0.22104549407958984
8076_1,0.00141646817792207
8077_1,0.0004935560864396393
8078_3,0.048008259385824203
8079_1,0.035569384694099426
807_3,0.14500951766967773
8080_4,0.41122007369995117
8081_2,0.19211585819721222
8082_1,0.0043064323253929615
8083_1,0.28829771280288696
8084_2,0.0036137031856924295
8085_1,0.3513452708721161
8086_1,0.00245312019251287
8087_1,0.3286786675453186
8088_4,0.2371901422739029
8089_1,0.6810153126716614
808_3,0.0733594223856926
8090_1,0.004212088417261839
8091_1,0.014226063154637814
8092_4,0.0007045848178677261
8093_2,0.0011733699357137084
8094_2,0.0023859376087784767
8095_4,0.31778377294540405
8096_1,0.01930244266986847
8097_2,0.11061148345470428
8098_3,0.02896362543106079
8099_2,0.288411408662796
809_1,0.4854285717010498
80_4,0.012682007625699043
8100_2,0.009228141978383064
8101_2,0.002443333389237523
8102_4,0.5110176205635071
8103_4,0.42041268944740295
8104_4,0.043960992246866226
8105_3,0.6108128428459167
8106_3,0.005277307704091072
8107_2,0.2665218710899353
8108_1,0.009819243103265762
8109_1,0.019224019721150398
810_1,0.7782913446426392
8110_2,0.008135433308780193
8111_1,0.035767149180173874
8112_1,0.006107355002313852
8113_2,0.008058096282184124
8114_3,0.006234661675989628
8115_3,0.13389062881469727
8116_4,0.5586331486701965
8117_4,0.008113227784633636
8118_1,0.0017281576292589307
8119_4,0.033774036914110184
811_1,0.012976516038179398
8120_4,0.1006268635392189
8121_1,0.006178480107337236
8122_1,0.13267694413661957
8123_1,0.004938810132443905
8124_3,0.04133462905883789
8125_2,0.010088535025715828
8126_3,0.3247150480747223
8127_3,0.18813812732696533
8128_4,0.148345485329628
8129_4,0.017052508890628815
812_3,0.015515989623963833
8130_4,0.6836761832237244
8131_1,0.020884446799755096
8132_3,0.0783199742436409
8133_4,0.04368261620402336
8134_2,0.004917808808386326
8135_1,0.0907900333404541
8136_4,0.9924570322036743
8137_1,0.016922511160373688
8138_2,0.06844101846218109
8139_4,0.07571430504322052
813_1,0.2250726819038391
8140_4,0.3509620726108551
8141_4,0.020595701411366463
8142_3,0.03642570599913597
8143_4,0.06508230417966843
8144_3,0.050369732081890106
8145_3,0.032635342329740524
8146_4,0.12336956709623337
8147_4,0.007473899517208338
8148_2,0.13577477633953094
8149_1,0.14677223563194275
814_4,0.006764402147382498
8150_1,0.005417454522103071
8151_2,0.0069379741325974464
8152_1,0.0038989426102489233
8153_2,0.000823626178316772
8154_1,0.008376127108931541
8155_1,0.005482003558427095
8156_1,0.2395000010728836
8157_1,0.4692595601081848
8158_3,0.5474721193313599
8159_4,0.37178632616996765
815_3,0.00421536760404706
8160_3,0.06314440071582794
8161_3,0.002923056483268738
8162_2,0.0005309732514433563
8163_1,0.006050061900168657
8164_2,0.13676732778549194
8165_2,0.023924771696329117
8166_1,0.16306060552597046
8167_1,0.013036566786468029
8168_1,0.37664756178855896
8169_2,0.6868166923522949
816_3,0.8340656757354736
8170_1,0.01138137187808752
8171_1,0.7912456393241882
8172_4,0.1588941514492035
8173_1,0.7041573524475098
8174_4,0.020857417955994606
8175_4,0.00639364356175065
8176_4,0.014771870337426662
8177_1,0.002957576420158148
8178_3,0.017290031537413597
8179_2,0.2416342943906784
817_1,0.001472867326810956
8180_3,0.056717850267887115
8181_3,0.03824988380074501
8182_1,0.22233283519744873
8183_3,0.5669885873794556
8184_4,0.06986043602228165
8185_4,0.5347986221313477
8186_4,0.6459309458732605
8187_1,0.005355870816856623
8188_1,0.16171462833881378
8189_1,0.1771794855594635
818_1,0.005516682751476765
8190_2,0.05614833906292915
8191_3,0.08589763939380646
8192_4,0.9117773771286011
8193_1,0.0019728164188563824
8194_1,0.04464849829673767
8195_1,0.044023409485816956
8196_1,0.0006249317084439099
8197_3,0.0074038272723555565
8198_1,0.009166690520942211
8199_1,0.14087489247322083
819_1,0.0005538922268897295
81_3,0.9894967079162598
8200_2,0.10912983119487762
8201_3,0.5031141638755798
8202_2,0.04133937880396843
8203_3,0.37974879145622253
8204_1,0.01382453553378582
8205_1,0.0028965603560209274
8206_1,0.024851327762007713
8207_1,0.007771617267280817
8208_3,0.004375858698040247
8209_1,0.017675714567303658
820_1,0.0619623139500618
8210_4,0.21202124655246735
8211_3,0.3554929792881012
8212_2,0.0016450867988169193
8213_2,0.0018930509686470032
8214_2,0.00893485452979803
8215_3,0.621434211730957
8216_2,0.00596895394846797
8217_3,0.03015461377799511
8218_1,0.4361320734024048
8219_3,0.48951879143714905
821_1,0.018622785806655884
8220_1,0.2146274745464325
8221_2,0.3214656412601471
8222_1,0.009190036915242672
8223_1,0.04665597900748253
8224_1,0.18414755165576935
8225_1,0.009886826388537884
8226_1,0.02404826693236828
8227_2,0.032217539846897125
8228_2,0.021400989964604378
8229_3,0.2732156813144684
822_1,0.00030100898584350944
8230_3,0.009864567779004574
8231_1,0.002771507017314434
8232_1,0.0031126136891543865
8233_2,0.44263237714767456
8234_2,0.07360994815826416
8235_3,0.0019926680251955986
8236_4,0.03458930552005768
8237_1,0.015477069653570652
8238_1,0.013056398369371891
8239_1,0.3859470784664154
823_1,0.030152829363942146
8240_1,0.37022149562835693
8241_1,0.027619684115052223
8242_4,0.32142743468284607
8243_3,0.019778024405241013
8244_3,0.007785241585224867
8245_4,0.038961585611104965
8246_2,0.1464325189590454
8247_2,0.08635175973176956
8248_3,0.09292978793382645
8249_1,0.29825279116630554
824_4,0.07158606499433517
8250_1,0.5531529784202576
8251_1,0.03514978289604187
8252_4,0.0634259432554245
8253_1,0.95848149061203
8254_2,0.010510209947824478
8255_1,0.9874523282051086
8256_4,0.027435576543211937
8257_2,0.2796469032764435
8258_4,0.0042998818680644035
8259_2,0.027852363884449005
825_1,0.06573371589183807
8260_1,0.01695018820464611
8261_1,0.0061247749254107475
8262_4,0.00656554289162159
8263_4,0.09477751702070236
8264_3,0.1023666188120842
8265_1,0.012002679519355297
8266_2,0.08210726082324982
8267_3,0.03653669357299805
8268_4,0.2556318938732147
8269_3,0.003317405702546239
826_3,0.00684015778824687
8270_1,0.0052269222214818
8271_1,0.0025201125536113977
8272_1,0.0025201125536113977
8273_3,0.00460605975240469
8274_1,0.13301508128643036
8275_2,0.0023570398334413767
8276_3,0.015229114331305027
8277_3,0.009475753642618656
8278_1,0.14809748530387878
8279_2,0.6508263349533081
827_1,0.0861048623919487
8280_4,0.027608735486865044
8281_3,0.0038074266631156206
8282_4,0.03864046931266785
8283_4,0.45947909355163574
8284_4,0.049177419394254684
8285_4,0.004704032558947802
8286_4,0.3278508186340332
8287_2,0.02275026962161064
8288_4,0.016700726002454758
8289_4,0.04073347523808479
828_3,0.02929627150297165
8290_4,0.13520169258117676
8291_4,0.01598946936428547
8292_1,0.18031547963619232
8293_1,0.006555470637977123
8294_4,0.0012754446361213923
8295_3,0.007633585948497057
8296_2,0.0036644430365413427
8297_2,0.02275736816227436
8298_2,0.09397728741168976
8299_2,0.019580207765102386
829_2,0.08368019759654999
82_3,0.006257193628698587
8300_3,0.011138991452753544
8301_4,0.01803484372794628
8302_2,0.0017448629951104522
8303_4,0.01433972641825676
8304_3,0.1402343362569809
8305_3,0.9301416277885437
8306_4,0.24936789274215698
8307_2,0.25377345085144043
8308_1,0.009327471256256104
8309_4,0.0184846930205822
830_4,0.04724597930908203
8310_1,0.009077721275389194
8311_2,0.5038861632347107
8312_4,0.01223997212946415
8313_1,0.00230626598931849
8314_2,0.00877420511096716
8315_4,0.08393702656030655
8316_3,0.11926857382059097
8317_2,0.001017355127260089
8318_4,0.014423809945583344
8319_4,0.9785393476486206
831_4,0.0591212697327137
8320_4,0.06219959259033203
8321_1,0.024359174072742462
8322_4,0.017721857875585556
8323_4,0.0036656339652836323
8324_2,0.006514671724289656
8325_2,0.0840802937746048
8326_4,0.8684230446815491
8327_4,0.8422994017601013
8328_3,0.452695369720459
8329_2,0.0028155497275292873
832_4,0.2731257379055023
8330_3,0.6846592426300049
8331_3,0.005178590305149555
8332_3,0.14912158250808716
8333_3,0.2193853110074997
8334_3,0.3671289384365082
8335_1,0.7167182564735413
8336_2,0.00568926939740777
8337_4,0.002354015363380313
8338_1,0.002739406656473875
8339_3,0.0038137619849294424
833_3,0.3783220648765564
8340_4,0.24475689232349396
8341_2,0.0036566974595189095
8342_2,0.5561195015907288
8343_4,0.21383686363697052
8344_1,0.014124027453362942
8345_4,0.22970537841320038
8346_1,0.903783917427063
8347_1,0.02510213665664196
8348_2,0.006494222674518824
8349_2,0.012518095783889294
834_4,0.7048895955085754
8350_3,0.038418661803007126
8351_3,0.11022280901670456
8352_2,0.20289801061153412
8353_4,0.6076020002365112
8354_4,0.10108237713575363
8355_1,0.042908117175102234
8356_3,0.20728003978729248
8357_2,0.04962886497378349
8358_4,0.013375998474657536
8359_3,0.4020337462425232
835_4,0.0360187366604805
8360_3,0.06562614440917969
8361_2,0.019958944991230965
8362_3,0.65943843126297
8363_2,0.008460506796836853
8364_4,0.9917111396789551
8365_1,0.0062285433523356915
8366_3,0.0170755572617054
8367_4,0.5591452717781067
8368_2,0.008676338940858841
8369_3,0.08380947262048721
836_4,0.10118602961301804
8370_1,0.2300337553024292
8371_1,0.03560172766447067
8372_1,0.0029994449578225613
8373_3,0.1006971076130867
8374_1,0.003344855038449168
8375_4,0.5594214797019958
8376_3,0.20074397325515747
8377_3,0.003386192722246051
8378_4,0.004438945557922125
8379_3,0.1093038022518158
837_4,0.26432034373283386
8380_4,0.12960027158260345
8381_4,0.012292754836380482
8382_2,0.020642114803195
8383_1,0.00892768707126379
8384_1,0.026826299726963043
8385_1,0.054743580520153046
8386_1,0.024032337591052055
8387_1,0.0037808427587151527
8388_1,0.003610314102843404
8389_1,0.04120250046253204
838_4,0.16781552135944366
8390_1,0.0141203748062253
8391_2,0.0014976884704083204
8392_3,0.03417887166142464
8393_1,0.561225175857544
8394_1,0.0037704934366047382
8395_1,0.0019289386691525578
8396_2,0.01984143629670143
8397_1,0.027884220704436302
8398_1,0.0010425221407786012
8399_4,0.0069707403890788555
839_4,0.38776975870132446
83_1,0.11194781213998795
8400_2,0.00911210011690855
8401_3,0.02732590027153492
8402_3,0.06452067941427231
8403_4,0.35876357555389404
8404_1,0.013433043844997883
8405_2,0.08851023763418198
8406_1,0.18652567267417908
8407_4,0.03349043056368828
8408_2,0.10568144172430038
8409_3,0.00935770571231842
840_2,0.12499498575925827
8410_2,0.03925842046737671
8411_2,0.028505288064479828
8412_1,0.08070175349712372
8413_3,0.33373984694480896
8414_3,0.2328452616930008
8415_2,0.9245088696479797
8416_3,0.2815437316894531
8417_1,0.047155652195215225
8418_2,0.005735785234719515
8419_1,0.040292300283908844
841_1,0.06129155680537224
8420_4,0.0208477471023798
8421_1,0.10775668919086456
8422_3,0.15335215628147125
8423_2,0.0030955192632973194
8424_2,0.04463237151503563
8425_3,0.07785337418317795
8426_4,0.7087697982788086
8427_4,0.5421773195266724
8428_2,0.03489803522825241
8429_3,0.4514387845993042
842_1,0.0769757479429245
8430_2,0.7168176174163818
8431_4,0.20867538452148438
8432_3,0.33330366015434265
8433_1,0.0018865911988541484
8434_2,0.04614477977156639
8435_1,0.1684621125459671
8436_1,0.10740671306848526
8437_1,0.1684621125459671
8438_1,0.027639349922537804
8439_1,0.005841641221195459
843_1,0.1691928207874298
8440_1,0.015123666264116764
8441_4,0.16289427876472473
8442_2,0.07325265556573868
8443_1,0.0018629017286002636
8444_4,0.0032463816460222006
8445_1,0.0011761147761717439
8446_3,0.5776074528694153
8447_2,0.1514146327972412
8448_2,0.16202020645141602
8449_1,0.008672287687659264
844_1,0.0033209281973540783
8450_1,0.005267349071800709
8451_4,0.7472872734069824
8452_2,0.225480854511261
8453_2,0.15746177732944489
8454_1,0.0402640700340271
8455_1,0.051446639001369476
8456_1,0.14518481492996216
8457_3,0.7717517614364624
8458_2,0.020110992714762688
8459_3,0.10324747860431671
845_2,0.16991585493087769
8460_2,0.0035485781263560057
8461_4,0.06477944552898407
8462_4,0.5303010940551758
8463_1,0.04127872362732887
8464_2,0.001698625274002552
8465_1,0.0054708728566765785
8466_3,0.386887788772583
8467_1,0.07903022319078445
8468_1,0.011962044052779675
8469_2,0.8410709500312805
846_2,0.13745322823524475
8470_1,0.019053585827350616
8471_2,0.22004976868629456
8472_1,0.03828592970967293
8473_4,0.9335547089576721
8474_1,0.05756683647632599
8475_1,0.0670711100101471
8476_1,0.0016274561639875174
8477_1,0.0057344213128089905
8478_1,0.0038710860535502434
8479_3,0.2456439882516861
847_2,0.1391519010066986
8480_1,0.013913346454501152
8481_1,0.0014861864037811756
8482_1,0.023072661831974983
8483_1,0.12494753301143646
8484_2,0.04567328095436096
8485_1,0.009039788506925106
8486_1,0.012361248023808002
8487_1,0.006980437319725752
8488_4,0.026258276775479317
8489_2,0.061271898448467255
848_2,0.006276451051235199
8490_1,0.4924163520336151
8491_1,0.2791607677936554
8492_1,0.004797976464033127
8493_1,0.04740393906831741
8494_1,0.013637630268931389
8495_1,0.0015131545951589942
8496_1,0.015667589381337166
8497_1,0.03569580987095833
8498_1,0.016632720828056335
8499_1,0.21384954452514648
849_1,0.015508170239627361
84_3,0.003995032049715519
8500_1,0.0021846997551620007
8501_1,0.00738531956449151
8502_4,0.2093135416507721
8503_3,0.5570874810218811
8504_2,0.00780117092654109
8505_3,0.04052414372563362
8506_1,0.2127692997455597
8507_1,0.026476120576262474
8508_3,0.6145963072776794
8509_2,0.8680500984191895
850_4,0.05456051975488663
8510_4,0.08978864550590515
8511_3,0.4665232002735138
8512_4,0.28395897150039673
8513_2,0.026916155591607094
8514_1,0.18206585943698883
8515_2,0.023360295221209526
8516_1,0.08132153004407883
8517_1,0.006817433051764965
8518_2,0.02841464802622795
8519_3,0.06278285384178162
851_1,0.41879579424858093
8520_1,0.0013767527416348457
8521_1,0.0002932282804977149
8522_2,0.002488120924681425
8523_1,0.00026635569520294666
8524_1,0.34863096475601196
8525_2,0.022607367485761642
8526_2,0.017166826874017715
8527_4,0.010979835875332355
8528_1,0.004247407428920269
8529_2,0.027307642623782158
852_4,0.023052144795656204
8530_3,0.016974374651908875
8531_2,0.034269317984580994
8532_3,0.001156592508777976
8533_4,0.08842375874519348
8534_2,0.014310565777122974
8535_2,0.008336582221090794
8536_4,0.004540551919490099
8537_1,0.004654548596590757
8538_3,0.05537591874599457
8539_2,0.1073140799999237
853_1,0.22468046844005585
8540_2,0.039577092975378036
8541_2,0.009304824285209179
8542_4,0.0027677800972014666
8543_1,0.02596416510641575
8544_4,0.0024161648470908403
8545_3,0.0035427086986601353
8546_4,0.001489291782490909
8547_3,0.14008976519107819
8548_2,0.1042138859629631
8549_3,0.054596468806266785
854_1,0.06847438216209412
8550_4,0.09753720462322235
8551_2,0.1823013722896576
8552_1,0.12199247628450394
8553_2,0.04660762473940849
8554_4,0.1381307691335678
8555_3,0.09118986129760742
8556_1,0.00836503691971302
8557_3,0.07217326760292053
8558_4,0.003772912546992302
8559_1,0.010728581808507442
855_4,0.005748614203184843
8560_1,0.004120382014662027
8561_1,0.015547084622085094
8562_2,0.026255378499627113
8563_1,0.006758272647857666
8564_1,0.009560564532876015
8565_1,0.015165913850069046
8566_2,0.005913215689361095
8567_1,0.018487930297851562
8568_4,0.019753742963075638
8569_2,0.002114648465067148
856_3,0.019381888210773468
8570_3,0.006994227878749371
8571_1,0.021018266677856445
8572_4,0.006727151572704315
8573_3,0.0035461392253637314
8574_4,0.12831629812717438
8575_2,0.003801914630457759
8576_3,0.2878411114215851
8577_3,0.03222917765378952
8578_3,0.02798978053033352
8579_2,0.0025038085877895355
857_1,0.0008918449166230857
8580_1,0.504149317741394
8581_3,0.1542820781469345
8582_1,0.03656395152211189
8583_4,0.0014332708669826388
8584_4,0.002362212399020791
8585_4,0.897189199924469
8586_3,0.0027693044394254684
8587_2,0.4785003960132599
8588_1,0.06284908950328827
8589_1,0.004204970318824053
858_4,0.923636794090271
8590_1,0.011185000650584698
8591_4,0.9817688465118408
8592_2,0.7499718070030212
8593_1,0.0012073772959411144
8594_3,0.010322919115424156
8595_4,0.263394296169281
8596_4,0.7130926251411438
8597_2,0.04170926287770271
8598_1,0.006731336936354637
8599_4,0.003348567523062229
859_1,0.19825434684753418
85_2,0.24827097356319427
8600_3,0.14439506828784943
8601_2,0.04407123476266861
8602_1,0.18953819572925568
8603_1,0.006932368502020836
8604_1,0.011291890405118465
8605_3,0.024459971114993095
8606_3,0.23010621964931488
8607_4,0.25116243958473206
8608_1,0.30331432819366455
8609_4,0.5353243947029114
860_4,0.1085592731833458
8610_1,0.02076834812760353
8611_1,0.007723407354205847
8612_2,0.20609845221042633
8613_1,0.19274960458278656
8614_1,0.005569943226873875
8615_4,0.3208785653114319
8616_4,0.03509488329291344
8617_4,0.03233560174703598
8618_2,0.005671825725585222
8619_3,0.004197216592729092
861_4,0.04825982078909874
8620_4,0.06343092769384384
8621_2,0.8449826240539551
8622_2,0.014180656522512436
8623_4,0.007143248803913593
8624_1,0.002380737103521824
8625_2,0.07505243271589279
8626_1,0.0058402628637850285
8627_3,0.018968407064676285
8628_4,0.0033235396258533
8629_1,0.531140148639679
862_3,0.19190001487731934
8630_1,0.0015441580908372998
8631_1,0.06612192094326019
8632_2,0.7554879188537598
8633_1,0.2127952128648758
8634_1,0.013760983943939209
8635_3,0.09421427547931671
8636_1,0.009907115250825882
8637_3,0.1115344688296318
8638_1,0.0018697351915761828
8639_4,0.01621846854686737
863_4,0.10368304699659348
8640_2,0.009395407512784004
8641_1,0.0039663068018853664
8642_1,0.02051401697099209
8643_4,0.16330328583717346
8644_4,0.15543459355831146
8645_1,0.010754960589110851
8646_1,0.006566344760358334
8647_4,0.770951509475708
8648_3,0.020939279347658157
8649_3,0.021435316652059555
864_2,0.04287930205464363
8650_3,0.2915925979614258
8651_1,0.009908827021718025
8652_1,0.0008663870976306498
8653_2,0.010476913303136826
8654_3,0.31661075353622437
8655_1,0.006383600644767284
8656_1,0.0004774552653543651
8657_1,0.0032325400970876217
8658_1,0.05264073237776756
8659_1,0.0013673653593286872
865_3,0.3752554655075073
8660_1,0.021586578339338303
8661_1,0.25553610920906067
8662_4,0.4096643328666687
8663_1,0.16750700771808624
8664_4,0.8430914282798767
8665_4,0.2523746192455292
8666_4,0.12975601851940155
8667_3,0.046065278351306915
8668_2,0.0022230218164622784
8669_1,0.19466902315616608
866_2,0.0011257757432758808
8670_3,0.2072383314371109
8671_3,0.020392002537846565
8672_1,0.05300239846110344
8673_2,0.06246790289878845
8674_1,0.031782012432813644
8675_4,0.463882178068161
8676_4,0.9635271430015564
8677_1,0.12139429152011871
8678_1,0.019206808879971504
8679_4,0.8164085149765015
867_2,0.02148514799773693
8680_1,0.002465109806507826
8681_4,0.004682360682636499
8682_1,0.0018449040362611413
8683_4,0.22154811024665833
8684_2,0.0066144149750471115
8685_4,0.3272998631000519
8686_4,0.19526159763336182
8687_3,0.0026574074290692806
8688_3,0.0018952820682898164
8689_3,0.09593462944030762
868_4,0.03317994624376297
8690_3,0.006196172442287207
8691_1,0.015612472780048847
8692_1,0.0015451957006007433
8693_2,0.0606723390519619
8694_2,0.6708921194076538
8695_2,0.13082848489284515
8696_2,0.1350833624601364
8697_2,0.05855683237314224
8698_1,0.002443707548081875
8699_1,0.07469110190868378
869_1,0.0036620311439037323
86_3,0.41672322154045105
8700_1,0.0029808655381202698
8701_1,0.007769838906824589
8702_2,0.04418354108929634
8703_1,0.025480017066001892
8704_1,0.006939495448023081
8705_1,0.16676343977451324
8706_2,0.018044305965304375
8707_3,0.034800536930561066
8708_1,0.0652271956205368
8709_2,0.6720852851867676
870_4,0.7400781512260437
8710_3,0.41466760635375977
8711_2,0.25303155183792114
8712_1,0.00535972323268652
8713_1,0.004883398301899433
8714_2,0.13752973079681396
8715_1,0.0027977616991847754
8716_3,0.015759868547320366
8717_2,0.0015786137664690614
8718_4,0.22935716807842255
8719_1,0.20587606728076935
871_1,0.03416476771235466
8720_1,0.012605550698935986
8721_1,0.012841666117310524
8722_1,0.05772481858730316
8723_1,0.018230082467198372
8724_1,0.04552610591053963
8725_1,0.3802451491355896
8726_1,0.008968206122517586
8727_1,0.02985815703868866
8728_1,0.9490182995796204
8729_4,0.01170550286769867
872_1,0.001171393902041018
8730_1,0.0023483079858124256
8731_4,0.14015991985797882
8732_4,0.3780338168144226
8733_3,0.04585038870573044
8734_4,0.03717813640832901
8735_3,0.04650465026497841
8736_2,0.014671441167593002
8737_1,0.01317895483225584
8738_4,0.3464358448982239
8739_3,0.004899018444120884
873_3,0.07093310356140137
8740_2,0.0030160921160131693
8741_2,0.76092529296875
8742_3,0.07152042537927628
8743_1,0.0009242129744961858
8744_2,0.02673092670738697
8745_2,0.002374763833358884
8746_4,0.07790269702672958
8747_3,0.0734371542930603
8748_2,0.345456600189209
8749_1,0.23346008360385895
874_4,0.10870156437158585
8750_4,0.02601047046482563
8751_4,0.014650115743279457
8752_4,0.6424310803413391
8753_4,0.9945405125617981
8754_3,0.9256752729415894
8755_2,0.0010704646119847894
8756_1,0.006911394651979208
8757_4,0.003579180222004652
8758_4,0.020174669101834297
8759_3,0.4459741711616516
875_4,0.8795002102851868
8760_1,0.5285000801086426
8761_3,0.457963228225708
8762_3,0.0661538615822792
8763_4,0.38633421063423157
8764_1,0.015933120623230934
8765_1,0.001824900507926941
8766_2,0.001954849809408188
8767_1,0.0023074985947459936
8768_1,0.004416299983859062
8769_1,0.08653216809034348
876_3,0.47359681129455566
8770_2,0.002234538784250617
8771_3,0.0176694318652153
8772_1,0.028100818395614624
8773_1,0.18647168576717377
8774_1,0.0030333499889820814
8775_1,0.0120834456756711
8776_4,0.8572705388069153
8777_1,0.05244484543800354
8778_1,0.15359219908714294
8779_1,0.40392476320266724
877_1,0.3212928771972656
8780_1,0.12346132099628448
8781_2,0.0014637684216722846
8782_4,0.04214485362172127
8783_1,0.028026893734931946
8784_2,0.0006378151592798531
8785_4,0.4255622625350952
8786_4,0.06728266924619675
8787_4,0.002988523570820689
8788_2,0.0032759567257016897
8789_4,0.0340118408203125
878_2,0.03445878252387047
8790_1,0.0013697741087526083
8791_4,0.5886625051498413
8792_3,0.45232218503952026
8793_1,0.02328360080718994
8794_1,0.00687416410073638
8795_2,0.2087303251028061
8796_3,0.008701656013727188
8797_4,0.021866923198103905
8798_1,0.010073002427816391
8799_3,0.04432892054319382
879_3,0.04142259061336517
87_1,0.0008755381568334997
8800_4,0.40734028816223145
8801_1,0.03934560343623161
8802_1,0.014119034633040428
8803_3,0.13400645554065704
8804_4,0.05959205701947212
8805_2,0.0039360411465168
8806_1,0.0027914841193705797
8807_1,0.02306852675974369
8808_1,0.008110257796943188
8809_4,0.02672244980931282
880_3,0.016732107847929
8810_1,0.001464638626202941
8811_1,0.30432677268981934
8812_1,0.030626922845840454
8813_1,0.04492070898413658
8814_1,0.0015044936444610357
8815_4,0.8183854222297668
8816_3,0.13159514963626862
8817_1,0.0031181981321424246
8818_4,0.12360907346010208
8819_3,0.0007345808553509414
881_4,0.014649812132120132
8820_2,0.9155781865119934
8821_4,0.040304236114025116
8822_4,0.05145608261227608
8823_4,0.10986253619194031
8824_4,0.029220551252365112
8825_2,0.0636100172996521
8826_4,0.5863276720046997
8827_1,0.03444144129753113
8828_4,0.09815087914466858
8829_4,0.6189451813697815
882_2,0.046881724148988724
8830_4,0.8134289383888245
8831_1,0.4867135286331177
8832_1,0.33483609557151794
8833_1,0.013357296586036682
8834_1,0.007260543759912252
8835_2,0.05185280367732048
8836_4,0.5441896915435791
8837_4,0.1695941984653473
8838_4,0.21141263842582703
8839_4,0.28594210743904114
883_4,0.5077395439147949
8840_1,0.0038147985469549894
8841_4,0.7604919672012329
8842_1,0.003772683208808303
8843_4,0.02923957072198391
8844_2,0.16761153936386108
8845_4,0.018151946365833282
8846_1,0.00838028360158205
8847_1,0.009772738441824913
8848_1,0.003013363340869546
8849_2,0.035362228751182556
884_1,0.14613796770572662
8850_2,0.02071503922343254
8851_3,0.00651572085916996
8852_3,0.2538143992424011
8853_1,0.0029042523819953203
8854_3,0.6829027533531189
8855_2,0.16366207599639893
8856_4,0.07880353182554245
8857_4,0.012095359154045582
8858_1,0.0014403255190700293
8859_1,0.0008048114832490683
885_3,0.006745229475200176
8860_1,0.006653152871876955
8861_3,0.07351665198802948
8862_1,0.30479535460472107
8863_4,0.0034198034554719925
8864_1,0.004279762972146273
8865_1,0.0008398311329074204
8866_1,0.014531686902046204
8867_2,0.001467325841076672
8868_1,0.0076601384207606316
8869_1,0.022070620208978653
886_2,0.006855341140180826
8870_4,0.27556097507476807
8871_2,0.0016726896865293384
8872_4,0.045451659709215164
8873_4,0.12710723280906677
8874_3,0.04101232439279556
8875_2,0.012856483459472656
8876_1,0.0019492036662995815
8877_3,0.6554271578788757
8878_3,0.0828360989689827
8879_4,0.9631337523460388
887_2,0.9266150593757629
8880_3,0.010623066686093807
8881_4,0.8529701232910156
8882_3,0.14848734438419342
8883_3,0.012098266743123531
8884_3,0.04236409813165665
8885_3,0.03537556529045105
8886_1,0.003377373330295086
8887_1,0.003843663027510047
8888_4,0.1267920881509781
8889_1,0.0027441384736448526
888_1,0.0018402202986180782
8890_3,0.0018804578576236963
8891_2,0.004740491043776274
8892_2,0.0032022781670093536
8893_4,0.3142900764942169
8894_2,0.02011284790933132
8895_1,0.006007352843880653
8896_1,0.01713126339018345
8897_1,0.008187809027731419
8898_2,0.05344657599925995
8899_4,0.01720358431339264
889_3,0.08582375943660736
88_3,0.286673367023468
8900_1,0.007256134878844023
8901_1,0.016830217093229294
8902_1,0.029475003480911255
8903_3,0.0569911003112793
8904_2,0.003911728970706463
8905_2,0.006230674218386412
8906_1,0.00920709129422903
8907_1,0.10557947307825089
8908_1,0.003571664448827505
8909_3,0.10109252482652664
890_1,0.001491602510213852
8910_1,0.02139146625995636
8911_1,0.0913785770535469
8912_2,0.3136163055896759
8913_1,0.40195661783218384
8914_1,0.02195736952126026
8915_1,0.18221376836299896
8916_3,0.5906794667243958
8917_4,0.04101257398724556
8918_4,0.006591120734810829
8919_3,0.29561829566955566
891_1,0.6877626180648804
8920_3,0.27021461725234985
8921_1,0.00400762353092432
8922_3,0.3136163055896759
8923_2,0.002950547495856881
8924_1,0.012278727255761623
8925_4,0.10549908131361008
8926_3,0.037985604256391525
8927_3,0.32491761445999146
8928_2,0.04014458879828453
8929_1,0.11868143826723099
892_1,0.00483036320656538
8930_2,0.017725087702274323
8931_1,0.0035151694901287556
8932_1,0.001117867766879499
8933_4,0.2634921073913574
8934_1,0.0521811917424202
8935_1,0.012825481593608856
8936_1,0.010152909904718399
8937_3,0.3368169963359833
8938_3,0.14520494639873505
8939_2,0.0011204297188669443
893_1,0.01717977412045002
8940_3,0.7664121389389038
8941_3,0.5242710113525391
8942_1,0.01297704130411148
8943_3,0.32509708404541016
8944_3,0.03017190471291542
8945_4,0.09809695184230804
8946_1,0.020721133798360825
8947_4,0.6046419739723206
8948_1,0.051293712109327316
8949_3,0.696710467338562
894_1,0.16190767288208008
8950_1,0.0012742013204842806
8951_1,0.0978272408246994
8952_1,0.001781151513569057
8953_1,0.0016341481823474169
8954_1,0.0032927009742707014
8955_1,0.01574234664440155
8956_1,0.026047343388199806
8957_1,0.0008812702144496143
8958_1,0.018050994724035263
8959_1,0.1271812915802002
895_1,0.0048082079738378525
8960_1,0.0010365562047809362
8961_4,0.00898289866745472
8962_1,0.003745586145669222
8963_4,0.010710119269788265
8964_3,0.051284436136484146
8965_1,0.20538997650146484
8966_4,0.13965582847595215
8967_1,0.06286858022212982
8968_3,0.0023202886804938316
8969_3,0.4416006803512573
896_1,0.014129606075584888
8970_1,0.3807488679885864
8971_4,0.00899339746683836
8972_2,0.008756234310567379
8973_2,0.003683223621919751
8974_3,0.7746473550796509
8975_3,0.058200664818286896
8976_1,0.252398818731308
8977_4,0.10286946594715118
8978_4,0.721076488494873
8979_1,0.009348454885184765
897_1,0.0010262028081342578
8980_3,0.3587167263031006
8981_4,0.9803481698036194
8982_1,0.08161135762929916
8983_4,0.060189686715602875
8984_1,0.006196788512170315
8985_1,0.001129292300902307
8986_2,0.06828581541776657
8987_2,0.008072512224316597
8988_1,0.007462073117494583
8989_4,0.04791327565908432
898_3,0.2258741706609726
8990_1,0.0041726743802428246
8991_3,0.038921043276786804
8992_2,0.017437616363167763
8993_1,0.004574563354253769
8994_1,0.009454537183046341
8995_3,0.014790304936468601
8996_4,0.5501157641410828
8997_2,0.0012580384500324726
8998_4,0.04350863769650459
8999_2,0.011804467998445034
899_3,0.11466165632009506
89_3,0.0017597953556105494
8_2,0.013339224271476269
9000_2,0.6729317307472229
9001_1,0.1638009399175644
9002_1,0.007441326044499874
9003_1,0.019123973324894905
9004_4,0.06905857473611832
9005_3,0.21877913177013397
9006_3,0.03126806393265724
9007_2,0.09228135645389557
9008_2,0.16763392090797424
9009_3,0.010908710770308971
900_1,0.0215541273355484
9010_2,0.18292798101902008
9011_3,0.04800212010741234
9012_4,0.3935181796550751
9013_2,0.3097754418849945
9014_2,0.01229525450617075
9015_2,0.6909852623939514
9016_3,0.06876979023218155
9017_4,0.020323600620031357
9018_3,0.1654682457447052
9019_3,0.16292327642440796
901_1,0.0009365834994241595
9020_3,0.17811954021453857
9021_3,0.17262399196624756
9022_2,0.007149136159569025
9023_3,0.016788402572274208
9024_3,0.05571920797228813
9025_3,0.064036063849926
9026_4,0.12881207466125488
9027_1,0.021002452820539474
9028_2,0.0946672260761261
9029_4,0.1944665163755417
902_3,0.030807357281446457
9030_1,0.0005327439866960049
9031_2,0.02780204638838768
9032_4,0.3917371332645416
9033_4,0.11026589572429657
9034_4,0.48267969489097595
9035_1,0.03106357343494892
9036_1,0.008599426597356796
9037_3,0.9525614976882935
9038_4,0.013835233636200428
9039_4,0.010224138386547565
903_4,0.05642591044306755
9040_1,0.18195916712284088
9041_1,0.06296304613351822
9042_1,0.0015730627346783876
9043_3,0.2153027206659317
9044_3,0.008560067042708397
9045_1,0.18387368321418762
9046_1,0.005956420209258795
9047_1,0.003576753893867135
9048_4,0.00623515248298645
9049_4,0.0092731062322855
904_3,0.009246296249330044
9050_3,0.018779467791318893
9051_4,0.2574564218521118
9052_3,0.18784669041633606
9053_4,0.3278384208679199
9054_1,0.04419943690299988
9055_4,0.5647535920143127
9056_4,0.0021103585604578257
9057_4,0.6909348368644714
9058_2,0.015721989795565605
9059_1,0.058541905134916306
905_3,0.0271115954965353
9060_3,0.0123444814234972
9061_4,0.023098334670066833
9062_3,0.505342423915863
9063_3,0.17432165145874023
9064_3,0.3448404371738434
9065_4,0.14991110563278198
9066_3,0.5331141948699951
9067_4,0.8120681047439575
9068_3,0.016588402912020683
9069_3,0.7224053144454956
906_4,0.753471851348877
9070_4,0.8636645674705505
9071_3,0.7698199152946472
9072_4,0.5667533278465271
9073_4,0.743851363658905
9074_3,0.09441714733839035
9075_4,0.750045120716095
9076_3,0.01874280348420143
9077_3,0.007128128316253424
9078_2,0.19155514240264893
9079_4,0.026797281578183174
907_3,0.0271115954965353
9080_1,0.131498783826828
9081_2,0.09241817146539688
9082_1,0.029529094696044922
9083_2,0.026471538469195366
9084_2,0.008450755849480629
9085_4,0.11293013393878937
9086_3,0.11202479153871536
9087_2,0.5149266719818115
9088_4,0.1456688940525055
9089_3,0.014021770097315311
908_3,0.08937834203243256
9090_1,0.01484923716634512
9091_1,0.5931570529937744
9092_3,0.00971884187310934
9093_4,0.08252585679292679
9094_4,0.6473155617713928
9095_3,0.015529133379459381
9096_3,0.9138526320457458
9097_3,0.1949421912431717
9098_3,0.03862498328089714
9099_1,0.0022994056344032288
909_4,0.5882211923599243
90_2,0.7647726535797119
9100_2,0.023561276495456696
9101_2,0.019867602735757828
9102_1,0.06694740802049637
9103_1,0.15743161737918854
9104_2,0.1808071881532669
9105_1,0.0006360414554364979
9106_1,0.002234447281807661
9107_2,0.07594990730285645
9108_1,0.0019178212387487292
9109_2,0.016668008640408516
910_4,0.32066768407821655
9110_4,0.4742843508720398
9111_1,0.004217874724417925
9112_3,0.11076414585113525
9113_1,0.2093725949525833
9114_1,0.0017014755867421627
9115_3,0.24130211770534515
9116_3,0.7116515040397644
9117_4,0.46482452750205994
9118_1,0.10672781616449356
9119_1,0.00571697112172842
911_1,0.00683717243373394
9120_3,0.007109294645488262
9121_3,0.9263755679130554
9122_2,0.5681092739105225
9123_3,0.8730364441871643
9124_2,0.013199479319155216
9125_4,0.6900507211685181
9126_4,0.01800592988729477
9127_2,0.048281628638505936
9128_1,0.7362686395645142
9129_1,0.05773887783288956
912_1,0.0028578133787959814
9130_4,0.3804264962673187
9131_1,0.781676173210144
9132_2,0.15959742665290833
9133_3,0.8951961994171143
9134_1,0.04494018480181694
9135_3,0.31371763348579407
9136_1,0.03966974839568138
9137_1,0.0050218598917126656
9138_1,0.14773935079574585
9139_2,0.12001705914735794
913_1,0.04384986311197281
9140_2,0.06870245933532715
9141_2,0.03952523693442345
9142_4,0.538544774055481
9143_1,0.1782231330871582
9144_4,0.20255115628242493
9145_3,0.1432305872440338
9146_3,0.01147168967872858
9147_2,0.2069159597158432
9148_3,0.00745058711618185
9149_3,0.028763318434357643
914_1,0.002537319902330637
9150_4,0.04982324317097664
9151_2,0.08368773758411407
9152_2,0.037880659103393555
9153_1,0.005641616880893707
9154_2,0.055723872035741806
9155_3,0.001252206857316196
9156_3,0.003435939783230424
9157_3,0.016224686056375504
9158_4,0.19214029610157013
9159_3,0.6382100582122803
915_4,0.4234585464000702
9160_4,0.2778852880001068
9161_1,0.11093869060277939
9162_2,0.0009537284495308995
9163_3,0.01695481315255165
9164_4,0.42793190479278564
9165_2,0.01767982356250286
9166_4,0.044951293617486954
9167_3,0.4247094392776489
9168_1,0.09307249635457993
9169_1,0.012626043520867825
916_3,0.01724264770746231
9170_3,0.012559437192976475
9171_3,0.008668475784361362
9172_1,0.004034634679555893
9173_3,0.0018150096293538809
9174_1,0.04464642331004143
9175_1,0.0728956013917923
9176_1,0.003855277318507433
9177_1,0.002498642774298787
9178_2,0.37698012590408325
9179_3,0.005386128090322018
917_4,0.41144976019859314
9180_3,0.01530495285987854
9181_1,0.08693867176771164
9182_3,0.473854660987854
9183_3,0.4071672856807709
9184_1,0.030501192435622215
9185_1,0.028109433129429817
9186_2,0.16701799631118774
9187_1,0.0027930322103202343
9188_3,0.9272271394729614
9189_2,0.5830169916152954
918_4,0.2715283930301666
9190_4,0.014593957923352718
9191_1,0.005954674910753965
9192_1,0.008505712263286114
9193_1,0.012191686779260635
9194_1,0.6335292458534241
9195_4,0.007337062619626522
9196_1,0.0015221519861370325
9197_1,0.010495621711015701
9198_1,0.008160778321325779
9199_1,0.03362535312771797
919_4,0.2653798758983612
91_4,0.42598530650138855
9200_3,0.9503150582313538
9201_2,0.11266026645898819
9202_2,0.000885217625182122
9203_1,0.009041291661560535
9204_2,0.003577592084184289
9205_1,0.00190582440700382
9206_3,0.37678787112236023
9207_4,0.21128688752651215
9208_2,0.22358480095863342
9209_3,0.5139947533607483
920_1,0.002163537545129657
9210_1,0.0033459521364420652
9211_3,0.11371853947639465
9212_2,0.002893933793529868
9213_1,0.13385353982448578
9214_1,0.3730705678462982
9215_1,0.07713550329208374
9216_1,0.0018382890848442912
9217_1,0.0004126879503019154
9218_3,0.06745430827140808
9219_1,0.06453776359558105
921_1,0.006371538154780865
9220_4,0.14280834794044495
9221_4,0.964874804019928
9222_1,0.16609224677085876
9223_2,0.012027198448777199
9224_1,0.4247431755065918
9225_1,0.10641664266586304
9226_1,0.005589985754340887
9227_1,0.7294487953186035
9228_4,0.6577932238578796
9229_1,0.03315776214003563
922_3,0.038965724408626556
9230_3,0.10781965404748917
9231_1,0.002737813862040639
9232_1,0.008640681393444538
9233_4,0.013661010190844536
9234_1,0.3831433057785034
9235_4,0.052961867302656174
9236_1,0.005253117065876722
9237_4,0.5836928486824036
9238_3,0.7535085678100586
9239_4,0.08360608667135239
923_4,0.6917134523391724
9240_2,0.008325268514454365
9241_3,0.007071575615555048
9242_1,0.05747105926275253
9243_1,0.7007938027381897
9244_4,0.7921870350837708
9245_1,0.0003669849829748273
9246_4,0.010399772785604
9247_2,0.033613692969083786
9248_1,0.045668937265872955
9249_1,0.003926066681742668
924_4,0.19847922027111053
9250_1,0.0007591401226818562
9251_2,0.02855151705443859
9252_3,0.10770776867866516
9253_4,0.8838868141174316
9254_3,0.03604425862431526
9255_4,0.35268306732177734
9256_2,0.026447756215929985
9257_4,0.281766802072525
9258_1,0.019756261259317398
9259_1,0.01088352408260107
925_2,0.024847226217389107
9260_4,0.7889636158943176
9261_2,0.026694199070334435
9262_3,0.024421807378530502
9263_4,0.6031321287155151
9264_1,0.01527797058224678
9265_3,0.11810342967510223
9266_2,0.0016661571571603417
9267_4,0.9593409895896912
9268_2,0.003985954448580742
9269_1,0.004665215965360403
926_4,0.006091109476983547
9270_4,0.45399752259254456
9271_1,0.0026907287538051605
9272_4,0.48811250925064087
9273_1,0.010606125928461552
9274_3,0.5192428827285767
9275_3,0.40482157468795776
9276_4,0.13422811031341553
9277_4,0.004879780579358339
9278_1,0.03507402539253235
9279_4,0.44122314453125
927_3,0.448792427778244
9280_3,0.020498687401413918
9281_2,0.34987637400627136
9282_4,0.18442845344543457
9283_3,0.012568711303174496
9284_3,0.20052076876163483
9285_1,0.016250789165496826
9286_1,0.07384484261274338
9287_1,0.3722306787967682
9288_4,0.15829554200172424
9289_1,0.026602787896990776
928_1,0.0007265345775522292
9290_1,0.2583785653114319
9291_4,0.15990808606147766
9292_4,0.5080808401107788
9293_4,0.7300862669944763
9294_3,0.7205620408058167
9295_3,0.050369299948215485
9296_1,0.00031336539541371167
9297_1,0.000839577114675194
9298_1,0.002818447072058916
9299_1,0.0026748930104076862
929_2,0.034253526479005814
92_1,0.010439489036798477
9300_3,0.023343348875641823
9301_3,0.01962852105498314
9302_4,0.4438725411891937
9303_3,0.033677708357572556
9304_1,0.016332602128386497
9305_3,0.06296223402023315
9306_1,0.0003879814175888896
9307_3,0.007094539701938629
9308_1,0.15550857782363892
9309_2,0.0017371699213981628
930_3,0.038794584572315216
9310_1,0.019071271643042564
9311_1,0.10508343577384949
9312_1,0.0020279919262975454
9313_4,0.7715611457824707
9314_2,0.44712555408477783
9315_2,0.8119269013404846
9316_4,0.9695153832435608
9317_2,0.011336552910506725
9318_3,0.06485263258218765
9319_1,0.018901802599430084
931_4,0.1469600945711136
9320_1,0.00679577374830842
9321_2,0.048151422291994095
9322_1,0.12188632041215897
9323_2,0.08025675266981125
9324_4,0.09058158844709396
9325_1,0.002800330286845565
9326_3,0.02100890874862671
9327_4,0.00581392552703619
9328_2,0.00734002934768796
9329_1,0.008062099106609821
932_2,0.38852351903915405
9330_1,0.002083997940644622
9331_1,0.005918739829212427
9332_3,0.002798591973260045
9333_4,0.6898448467254639
9334_3,0.20348389446735382
9335_4,0.03719264268875122
9336_3,0.3815234303474426
9337_4,0.7942391633987427
9338_1,0.0023441901430487633
9339_3,0.20989400148391724
933_3,0.32317274808883667
9340_3,0.1453300565481186
9341_2,0.06926780194044113
9342_1,0.003000043798238039
9343_3,0.20969191193580627
9344_1,0.0053423428907990456
9345_1,0.2604256570339203
9346_2,0.0019233794882893562
9347_2,0.0717853382229805
9348_3,0.008473096415400505
9349_1,0.23319050669670105
934_1,0.00218988792039454
9350_3,0.0413079634308815
9351_3,0.8239758610725403
9352_4,0.13804350793361664
9353_4,0.9715948700904846
9354_4,0.96873539686203
9355_4,0.3671329915523529
9356_1,0.0015345519641414285
9357_2,0.005108118522912264
9358_1,0.6984362602233887
9359_3,0.19398315250873566
935_4,0.3468383550643921
9360_1,0.019828736782073975
9361_2,0.01329664047807455
9362_2,0.011013851501047611
9363_2,0.0611838735640049
9364_4,0.21073496341705322
9365_1,0.000978644471615553
9366_1,0.0012614675797522068
9367_4,0.11258890479803085
9368_4,0.17173945903778076
9369_2,0.017256494611501694
936_2,0.10648752748966217
9370_1,0.11905166506767273
9371_1,0.24424850940704346
9372_1,0.004411700647324324
9373_1,0.15531088411808014
9374_1,0.013532531447708607
9375_4,0.11930210888385773
9376_3,0.01660827361047268
9377_1,0.007595176342874765
9378_1,0.018852487206459045
9379_2,0.05408436432480812
937_4,0.25389400124549866
9380_2,0.2709822356700897
9381_4,0.896499514579773
9382_4,0.06718123704195023
9383_3,0.20032501220703125
9384_2,0.053633831441402435
9385_1,0.0937439352273941
9386_1,0.016773821786046028
9387_1,0.00613440154120326
9388_2,0.12550592422485352
9389_1,0.001629962120205164
938_1,0.17598256468772888
9390_1,0.0037329525221139193
9391_1,0.013928532600402832
9392_1,0.013216795399785042
9393_4,0.04475248605012894
9394_1,0.5008606910705566
9395_2,0.00018135046411771327
9396_1,0.0041643413715064526
9397_1,0.01597372442483902
9398_3,0.05259763076901436
9399_1,0.0033088666386902332
939_4,0.09617387503385544
93_1,0.24406756460666656
9400_1,0.018746377900242805
9401_1,0.013670593500137329
9402_1,0.004685316700488329
9403_1,0.002618861384689808
9404_1,0.008234914392232895
9405_3,0.12181470543146133
9406_1,0.09255417436361313
9407_3,0.31915128231048584
9408_4,0.1697990745306015
9409_1,0.004151872359216213
940_3,0.002897326136007905
9410_1,0.0016450241673737764
9411_1,0.004413889721035957
9412_2,0.002580750733613968
9413_1,0.0033586749341338873
9414_1,0.0012620949419215322
9415_3,0.995760977268219
9416_3,0.0016501129139214754
9417_2,0.0007316839182749391
9418_2,0.01320890337228775
9419_1,0.07352766394615173
941_2,0.001619467744603753
9420_3,0.029404275119304657
9421_1,0.0015321040991693735
9422_3,0.007879032753407955
9423_1,0.17226196825504303
9424_1,0.03718138113617897
9425_2,0.006515751127153635
9426_2,0.037532906979322433
9427_4,0.18420928716659546
9428_2,0.013320490717887878
9429_4,0.19049356877803802
942_1,0.002543880371376872
9430_3,0.5162819027900696
9431_3,0.3491833508014679
9432_4,0.9363427758216858
9433_1,0.49528080224990845
9434_1,0.005043338984251022
9435_1,0.040585294365882874
9436_1,0.01078096590936184
9437_3,0.7809208631515503
9438_4,0.041515789926052094
9439_1,0.0018622137140482664
943_3,0.025879275053739548
9440_1,0.009458748623728752
9441_1,0.01789885386824608
9442_1,0.01262273732572794
9443_1,0.020979592576622963
9444_1,0.0025754733942449093
9445_1,0.002456784714013338
9446_1,0.0020566442981362343
9447_4,0.9324561953544617
9448_2,0.0065596988424658775
9449_4,0.20483864843845367
944_2,0.02095438353717327
9450_1,0.036863259971141815
9451_1,0.001458992250263691
9452_2,0.0007671586936339736
9453_1,0.008207783102989197
9454_1,0.21245135366916656
9455_1,0.0005742473877035081
9456_4,0.04973984509706497
9457_1,0.008323229849338531
9458_1,0.07579027861356735
9459_4,0.2280372828245163
945_2,0.004608933348208666
9460_1,0.005082712508738041
9461_1,0.6660688519477844
9462_2,0.062174178659915924
9463_2,0.0014948643511161208
9464_1,0.002866583177819848
9465_1,0.013933436945080757
9466_1,0.9691949486732483
9467_4,0.6055413484573364
9468_2,0.11812791228294373
9469_4,0.08787998557090759
946_1,0.5966792702674866
9470_4,0.3812020719051361
9471_2,0.8405300378799438
9472_3,0.5349966883659363
9473_1,0.017505882307887077
9474_4,0.015661325305700302
9475_4,0.7494990825653076
9476_3,0.8343828916549683
9477_1,0.006192174274474382
9478_1,0.0035861488431692123
9479_1,0.014812675304710865
947_3,0.2925785183906555
9480_3,0.0010556544875726104
9481_4,0.3619152903556824
9482_1,0.00513442512601614
9483_2,0.04305294156074524
9484_2,0.07109067589044571
9485_3,0.030006399378180504
9486_3,0.015590773895382881
9487_1,0.5215891599655151
9488_4,0.003730413969606161
9489_2,0.2331097573041916
948_1,0.006626626942306757
9490_4,0.6854854226112366
9491_3,0.9712381362915039
9492_4,0.09718447178602219
9493_4,0.03631443530321121
9494_1,0.004913328681141138
9495_2,0.014954683370888233
9496_1,0.16289997100830078
9497_3,0.5948334336280823
9498_1,0.004934933036565781
9499_2,0.05877246707677841
949_3,0.1031510978937149
94_2,0.08854702860116959
9500_2,0.0004336554557085037
9501_4,0.008807470090687275
9502_4,0.003911479841917753
9503_4,0.006003692280501127
9504_3,0.13133268058300018
9505_3,0.6852340698242188
9506_3,0.061238743364810944
9507_4,0.7159205079078674
9508_1,0.0021920164581388235
9509_3,0.808875322341919
950_1,0.2268878072500229
9510_3,0.9934832453727722
9511_1,0.028676053509116173
9512_1,0.017461780458688736
9513_2,0.02412966452538967
9514_1,0.01349037978798151
9515_1,0.0027599274180829525
9516_1,0.007909835316240788
9517_2,0.0036243603099137545
9518_1,0.04309876635670662
9519_1,0.08055749535560608
951_1,0.5274727940559387
9520_1,0.008486462756991386
9521_1,0.048762425780296326
9522_1,0.2656462788581848
9523_1,0.004894686862826347
9524_3,0.05445443466305733
9525_2,0.0016146363923326135
9526_3,0.49959322810173035
9527_3,0.017243601381778717
9528_1,0.9937641024589539
9529_2,0.010921708308160305
952_1,0.3966594636440277
9530_1,0.09428882598876953
9531_1,0.007734832353889942
9532_1,0.029302166774868965
9533_4,0.0010904724476858974
9534_4,0.12913431227207184
9535_2,0.006273169070482254
9536_1,0.001346944598481059
9537_1,0.002037639496847987
9538_1,0.00687674293294549
9539_1,0.06949032843112946
953_2,0.31971433758735657
9540_1,0.013142094947397709
9541_1,0.053159624338150024
9542_1,0.002878703875467181
9543_1,0.006975504569709301
9544_1,0.01886552944779396
9545_4,0.7405695915222168
9546_2,0.03434540331363678
9547_1,0.04261074960231781
9548_1,0.011036989279091358
9549_4,0.0007572168251499534
954_4,0.11815749853849411
9550_1,0.14410483837127686
9551_2,0.003906535916030407
9552_2,0.18146324157714844
9553_2,0.006057972088456154
9554_3,0.0036826967261731625
9555_4,0.14873969554901123
9556_1,0.12619641423225403
9557_4,0.07931755483150482
9558_3,0.3802325129508972
9559_4,0.06185678020119667
955_4,0.11627975851297379
9560_3,0.0049324845895171165
9561_2,0.006209646351635456
9562_4,0.9714838862419128
9563_2,0.3453863859176636
9564_3,0.02757217548787594
9565_3,0.01485837809741497
9566_4,0.002261214191094041
9567_1,0.0034236605279147625
9568_4,0.8200640082359314
9569_3,0.7007068991661072
956_3,0.017435435205698013
9570_2,0.003178430488333106
9571_2,0.06758397817611694
9572_4,0.8709705471992493
9573_4,0.9213575124740601
9574_1,0.0017101363046094775
9575_3,0.008592428639531136
9576_3,0.012829985469579697
9577_3,0.006093035917729139
9578_3,0.026102356612682343
9579_2,0.015190539881587029
957_2,0.01176732499152422
9580_1,0.5503964424133301
9581_3,0.4320763051509857
9582_4,0.23852112889289856
9583_2,0.5020138025283813
9584_1,0.0011141834547743201
9585_2,0.024809623137116432
9586_2,0.9850660562515259
9587_2,0.12732332944869995
9588_3,0.06415124982595444
9589_4,0.5594162344932556
958_4,0.05792895331978798
9590_1,0.6753910779953003
9591_4,0.019537722691893578
9592_2,0.010320504195988178
9593_1,0.005267074331641197
9594_1,0.018683649599552155
9595_3,0.024623071774840355
9596_2,0.4535825252532959
9597_3,0.29190129041671753
9598_2,0.6955689787864685
9599_2,0.07657887041568756
959_4,0.005747987423092127
95_3,0.5208539366722107
9600_1,0.0017476675566285849
9601_1,0.009057738818228245
9602_1,0.001282558892853558
9603_1,0.03554161638021469
9604_3,0.014788201078772545
9605_2,0.027376145124435425
9606_4,0.5237084031105042
9607_1,0.1607310175895691
9608_1,0.004007844254374504
9609_1,0.004968148656189442
960_3,0.025100579485297203
9610_1,0.009188343770802021
9611_1,0.36154085397720337
9612_2,0.12690143287181854
9613_1,0.12235162407159805
9614_3,0.0017147893086075783
9615_2,0.006785701494663954
9616_4,0.006177086848765612
9617_4,0.10650081932544708
9618_1,0.022473566234111786
9619_1,0.2717706859111786
961_1,0.016959596425294876
9620_1,0.08299950510263443
9621_2,0.06959662586450577
9622_4,0.01656256429851055
9623_2,0.2595634460449219
9624_1,0.015994422137737274
9625_2,0.005286830011755228
9626_4,0.7729898691177368
9627_2,0.04161306470632553
9628_4,0.03094363957643509
9629_3,0.0528227761387825
962_4,0.01303818728774786
9630_1,0.00053739472059533
9631_4,0.2547641098499298
9632_3,0.04956230893731117
9633_4,0.951675534248352
9634_4,0.06752540171146393
9635_3,0.0023364792577922344
9636_2,0.13622699677944183
9637_1,0.04350317269563675
9638_3,0.8201062083244324
9639_2,0.16720350086688995
963_2,0.023883605375885963
9640_1,0.024527616798877716
9641_4,0.10019698739051819
9642_4,0.00931884441524744
9643_3,0.19678963720798492
9644_4,0.4430554509162903
9645_4,0.003040499519556761
9646_1,0.009490669704973698
9647_1,0.023379269987344742
9648_3,0.04450874775648117
9649_3,0.7820542454719543
964_3,0.07944769412279129
9650_4,0.10092481970787048
9651_3,0.11003842204809189
9652_3,0.009195057675242424
9653_3,0.5092913508415222
9654_1,0.04268326610326767
9655_3,0.10921233147382736
9656_3,0.6640011668205261
9657_4,0.26972800493240356
9658_1,0.002183392643928528
9659_1,0.0037286102306097746
965_3,0.017066998407244682
9660_1,0.04304946959018707
9661_3,0.0010717603145167232
9662_1,0.01643362082540989
9663_3,0.0712580531835556
9664_2,0.09394192695617676
9665_4,0.6999146938323975
9666_1,0.0031375314574688673
9667_3,0.1001531332731247
9668_3,0.06181831657886505
9669_2,0.1459735482931137
966_4,0.04857666417956352
9670_3,0.12149953097105026
9671_3,0.004532521590590477
9672_1,0.005056357942521572
9673_1,0.01918834075331688
9674_1,0.0012113514821976423
9675_1,0.007702382281422615
9676_1,0.18956995010375977
9677_1,0.08945012837648392
9678_2,0.00738501874729991
9679_1,0.018015839159488678
967_2,0.016893787309527397
9680_1,0.0045881872065365314
9681_1,0.0007371816318482161
9682_1,0.26223260164260864
9683_1,0.010791090317070484
9684_1,0.010757691226899624
9685_1,0.0036354633048176765
9686_1,0.15032148361206055
9687_1,0.0035807485692203045
9688_3,0.0783931165933609
9689_1,0.010745517909526825
968_2,0.014076115563511848
9690_2,0.13606412708759308
9691_1,0.0018754685297608376
9692_1,0.0007836915319785476
9693_3,0.4524749219417572
9694_3,0.13738852739334106
9695_1,0.006177651230245829
9696_2,0.005459536332637072
9697_1,0.004346797708421946
9698_1,0.006383105181157589
9699_1,0.0010272793006151915
969_4,0.253040611743927
96_1,0.009007416665554047
9700_4,0.966629147529602
9701_4,0.5447678565979004
9702_1,0.006914490833878517
9703_1,0.3591076731681824
9704_1,0.25605452060699463
9705_1,0.004450956825166941
9706_1,0.021116239950060844
9707_1,0.0008425026899203658
9708_2,0.039370860904455185
9709_1,0.037819553166627884
970_4,0.3297571837902069
9710_2,0.010992903262376785
9711_1,0.0011196560226380825
9712_2,0.06992688775062561
9713_3,0.020890885964035988
9714_3,0.034435730427503586
9715_2,0.12399723380804062
9716_1,0.0008380500366911292
9717_3,0.018836265429854393
9718_4,0.011604590341448784
9719_1,0.15446431934833527
971_3,0.020115680992603302
9720_2,0.006938546430319548
9721_4,0.052685074508190155
9722_4,0.5597639679908752
9723_2,0.00973877590149641
9724_1,0.028523266315460205
9725_1,0.014486986212432384
9726_3,0.000800524780061096
9727_2,0.018088966608047485
9728_2,0.006857244297862053
9729_1,0.003999879118055105
972_1,0.39348340034484863
9730_1,0.012998363003134727
9731_3,0.14601628482341766
9732_1,0.03034225106239319
9733_4,0.04562276601791382
9734_4,0.2168373018503189
9735_3,0.020125744864344597
9736_4,0.48175349831581116
9737_4,0.41803938150405884
9738_4,0.4424402117729187
9739_3,0.03935564309358597
973_4,0.3887324333190918
9740_3,0.09753865003585815
9741_2,0.006389607209712267
9742_2,0.007092575542628765
9743_1,0.005711414851248264
9744_1,0.016163228079676628
9745_1,0.0014581428840756416
9746_1,0.0005391051527112722
9747_1,0.005166505463421345
9748_1,0.005527019966393709
9749_4,0.5005530714988708
974_4,0.3040136694908142
9750_3,0.24098972976207733
9751_1,0.006089043337851763
9752_1,0.012083131819963455
9753_1,0.17308783531188965
9754_4,0.7401217222213745
9755_4,0.5461193919181824
9756_4,0.9643683433532715
9757_3,0.08543924242258072
9758_1,0.003626410150900483
9759_1,0.008059787563979626
975_4,0.07984074205160141
9760_2,0.0379972867667675
9761_2,0.06380394846200943
9762_2,0.1759624034166336
9763_3,0.3195757567882538
9764_4,0.38706186413764954
9765_1,0.0015550028765574098
9766_3,0.9915136694908142
9767_1,0.21067863702774048
9768_1,0.002377743599936366
9769_3,0.01589052937924862
976_3,0.10132033377885818
9770_4,0.8222472071647644
9771_4,0.023068515583872795
9772_1,0.020576760172843933
9773_3,0.05112035572528839
9774_1,0.005466261878609657
9775_4,0.2121182084083557
9776_1,0.026925044134259224
9777_1,0.24130317568778992
9778_1,0.004447165410965681
9779_2,0.007630090694874525
977_4,0.09917605668306351
9780_4,0.005098168272525072
9781_4,0.05077580362558365
9782_4,0.06794308871030807
9783_3,0.006726505234837532
9784_3,0.1042337566614151
9785_3,0.001372713828459382
9786_1,0.0023620394058525562
9787_1,0.00577002065256238
9788_1,0.0010475198505446315
9789_1,0.0042291125282645226
978_1,0.22768154740333557
9790_4,0.0035816465970128775
9791_2,0.6372931599617004
9792_3,0.6110351085662842
9793_3,0.02116450108587742
9794_4,0.03314262628555298
9795_1,0.004724840633571148
9796_2,0.028063887730240822
9797_4,0.004688453394919634
9798_2,0.0128157464787364
9799_2,0.0028065796941518784
979_3,0.7091628313064575
97_1,0.007109610363841057
9800_1,0.029851792380213737
9801_2,0.12699387967586517
9802_3,0.016607562080025673
9803_3,0.07384057343006134
9804_1,0.0014790298882871866
9805_4,0.09287804365158081
9806_3,0.06714697182178497
9807_2,0.0012241062941029668
9808_3,0.08163892477750778
9809_4,0.03806456923484802
980_2,0.006060006096959114
9810_1,0.05139388144016266
9811_3,0.04221893846988678
9812_1,0.013999697752296925
9813_1,0.04984665662050247
9814_1,0.2523813247680664
9815_3,0.021192055195569992
9816_3,0.062459614127874374
9817_2,0.0009360606782138348
9818_3,0.04336487874388695
9819_4,0.39877286553382874
981_1,0.09063726663589478
9820_2,0.03493434935808182
9821_3,0.7278433442115784
9822_1,0.011731402017176151
9823_4,0.11620164662599564
9824_1,0.0022850611712783575
9825_2,0.11671491712331772
9826_4,0.05295703560113907
9827_4,0.3236682116985321
9828_4,0.04396051913499832
9829_2,0.024883976206183434
982_4,0.03517654165625572
9830_2,0.9442059397697449
9831_1,0.003597232513129711
9832_3,0.061937376856803894
9833_4,0.13790369033813477
9834_1,0.5029340386390686
9835_4,0.020849287509918213
9836_3,0.9383553862571716
9837_4,0.5462799072265625
9838_4,0.1629314124584198
9839_3,0.1153680682182312
983_4,0.6884679794311523
9840_2,0.9455353617668152
9841_4,0.02493826486170292
9842_1,0.008333137258887291
9843_2,0.008147057145833969
9844_4,0.01405864953994751
9845_3,0.0036232825368642807
9846_3,0.007700491696596146
9847_1,0.023192856460809708
9848_4,0.11890438199043274
9849_1,0.004015511367470026
984_3,0.914274275302887
9850_2,0.14982566237449646
9851_2,0.14517417550086975
9852_4,0.009630072861909866
9853_1,0.0011239616433158517
9854_3,0.1179363802075386
9855_2,0.02022629790008068
9856_4,0.40355995297431946
9857_3,0.1363709419965744
9858_4,0.07527206838130951
9859_4,0.013088425621390343
985_4,0.5839251279830933
9860_4,0.02407008968293667
9861_1,0.5841396450996399
9862_3,0.8383961319923401
9863_4,0.267352819442749
9864_4,0.9494710564613342
9865_2,0.5919909477233887
9866_2,0.014043278060853481
9867_2,0.0007628633175045252
9868_1,0.016329325735569
9869_1,0.3103730082511902
986_3,0.08810596913099289
9870_1,0.02394094504415989
9871_1,0.004545952193439007
9872_1,0.08362976461648941
9873_2,0.0058196065947413445
9874_3,0.5480941534042358
9875_4,0.017975641414523125
9876_2,0.0012041275622323155
9877_1,0.26269498467445374
9878_1,0.23229174315929413
9879_2,0.026025785133242607
987_4,0.06684566289186478
9880_1,0.4723736643791199
9881_2,0.2803475558757782
9882_2,0.0060744211077690125
9883_1,0.14046290516853333
9884_1,0.004584923852235079
9885_2,0.5740258693695068
9886_2,0.7154697179794312
9887_2,0.8916056156158447
9888_3,0.025699179619550705
9889_1,0.10991809517145157
988_3,0.040458694100379944
9890_1,0.016102157533168793
9891_1,0.0035059815272688866
9892_2,0.021710580214858055
9893_3,0.3249647617340088
9894_4,0.037562280893325806
9895_4,0.625312089920044
9896_3,0.33512675762176514
9897_1,0.017335541546344757
9898_1,0.013428405858576298
9899_1,0.04624241217970848
989_4,0.040474094450473785
98_1,0.4345511794090271
9900_1,0.06403858959674835
9901_1,0.004762489814311266
9902_1,0.005465789698064327
9903_4,0.008329245261847973
9904_3,0.003974411636590958
9905_4,0.021396812051534653
9906_1,0.004347817972302437
9907_2,0.0030195063445717096
9908_1,0.001243008067831397
9909_1,0.010333213023841381
990_1,0.003997093066573143
9910_1,0.012504605576395988
9911_1,0.021577952429652214
9912_1,0.003394479164853692
9913_1,0.01601373590528965
9914_3,0.005308130290359259
9915_2,0.0488453283905983
9916_2,0.004065138287842274
9917_2,0.18243107199668884
9918_1,0.01833091303706169
9919_4,0.0986822172999382
991_4,0.005889329127967358
9920_2,0.11651293188333511
9921_2,0.02355264686048031
9922_3,0.0017360399942845106
9923_3,0.0018531105015426874
9924_1,0.01497136801481247
9925_3,0.7785672545433044
9926_4,0.26900526881217957
9927_3,0.044005271047353745
9928_3,0.8283659815788269
9929_3,0.015910042449831963
992_1,0.010601638816297054
9930_3,0.2204587161540985
9931_4,0.2819823622703552
9932_2,0.012102632783353329
9933_1,0.028675556182861328
9934_2,0.00457516685128212
9935_3,0.2379845529794693
9936_1,0.01870279759168625
9937_4,0.014912808313965797
9938_3,0.0070134419947862625
9939_2,0.8754565715789795
993_3,0.2237832099199295
9940_1,0.9710085391998291
9941_4,0.7313834428787231
9942_3,0.8597674369812012
9943_1,0.004987314343452454
9944_1,0.0003590008709579706
9945_3,0.0031177299097180367
9946_2,0.026417605578899384
9947_3,0.4217888414859772
9948_2,0.004104933701455593
9949_3,0.004967792890965939
994_3,0.004424715414643288
9950_3,0.005494271870702505
9951_4,0.02344697341322899
9952_3,0.006182853132486343
9953_3,0.0035529884044080973
9954_4,0.00905202142894268
9955_3,0.7564220428466797
9956_4,0.2570299506187439
9957_4,0.03237859159708023
9958_4,0.06137846037745476
9959_4,0.009245903231203556
995_1,0.1193818747997284
9960_2,0.02267351932823658
9961_3,0.02709667943418026
9962_4,0.5060142278671265
9963_3,0.3483109772205353
9964_3,0.023379549384117126
9965_1,0.007333375513553619
9966_1,0.002265714341774583
9967_1,0.10580853372812271
9968_1,0.0019597653299570084
9969_3,0.8191894292831421
996_3,0.043156545609235764
9970_4,0.4795845150947571
9971_1,0.033603422343730927
9972_3,0.0159137062728405
9973_4,0.022298386320471764
9974_3,0.5369147062301636
9975_4,0.2445395290851593
9976_4,0.25331830978393555
9977_1,0.025831684470176697
9978_3,0.013041016645729542
9979_4,0.3431042432785034
997_3,0.026270469650626183
9980_2,0.0010099125793203712
9981_1,0.004875257611274719
9982_1,0.03783169761300087
9983_3,0.015163407661020756
9984_4,0.463534951210022
9985_1,0.035035889595746994
9986_2,0.0703764408826828
9987_1,0.000735544424969703
9988_1,0.8280953764915466
9989_1,0.006880091968923807
998_2,0.0712505653500557
9990_1,0.060608264058828354
9991_1,0.0030434206128120422
9992_4,0.7472583651542664
9993_2,0.038451552391052246
9994_3,0.02989162877202034
9995_2,0.654308021068573
9996_2,0.01039176620543003
9997_2,0.011086784303188324
9998_1,0.009192235767841339
9999_1,0.19160933792591095
999_3,0.4819534718990326
99_3,0.29827675223350525
9_4,0.34113550186157227
0_10,0.8908995985984802
10000_7,0.9884790778160095
10001_9,0.8603023886680603
10002_8,0.9934821724891663
10003_8,0.9978927969932556
10004_9,0.9966980218887329
10005_8,0.9800091981887817
10006_7,0.9096800088882446
10007_10,0.9872346520423889
10008_8,0.9049472808837891
10009_10,0.9720160365104675
1000_9,0.99583899974823
10010_9,0.9893430471420288
10011_9,0.9954972267150879
10012_9,0.6568546295166016
10013_9,0.97954261302948
10014_7,0.3953067362308502
10015_8,0.7566633820533752
10016_8,0.986592710018158
10017_8,0.9965922236442566
10018_8,0.9688895344734192
10019_8,0.9869623780250549
1001_10,0.997772753238678
10020_8,0.9842090010643005
10021_9,0.9964543581008911
10022_10,0.9995924830436707
10023_8,0.46162286400794983
10024_9,0.3715886175632477
10025_8,0.7942693829536438
10026_10,0.8372371196746826
10027_8,0.9178295731544495
10028_10,0.9836506247520447
10029_10,0.9775550365447998
1002_9,0.99583899974823
10030_7,0.7819320559501648
10031_8,0.8485705852508545
10032_8,0.949833333492279
10033_8,0.8442085385322571
10034_9,0.7773339748382568
10035_10,0.9913169145584106
10036_10,0.9658403992652893
10037_7,0.9937803149223328
10038_7,0.40101730823516846
10039_8,0.9886791110038757
1003_8,0.9783211946487427
10040_10,0.9959422945976257
10041_8,0.31981635093688965
10042_8,0.973924458026886
10043_10,0.9985002279281616
10044_8,0.986214816570282
10045_7,0.9542830586433411
10046_10,0.8319600224494934
10047_10,0.9946427345275879
10048_8,0.9877123236656189
10049_8,0.9979854822158813
1004_10,0.9943568110466003
10050_8,0.9979031085968018
10051_8,0.993766188621521
10052_7,0.9829943180084229
10053_10,0.953671932220459
10054_7,0.7224255204200745
10055_10,0.7936971187591553
10056_8,0.9100759029388428
10057_8,0.47919613122940063
10058_8,0.9936145544052124
10059_10,0.9742484092712402
1005_7,0.6384643316268921
10060_10,0.9891161322593689
10061_10,0.9919276237487793
10062_9,0.5786594152450562
10063_10,0.9990972280502319
10064_10,0.9926778078079224
10065_8,0.9952023029327393
10066_7,0.8132367134094238
10067_7,0.9825803637504578
10068_8,0.9875960350036621
10069_10,0.9925416707992554
1006_8,0.6784412264823914
10070_10,0.995453953742981
10071_8,0.9761652946472168
10072_10,0.9932246804237366
10073_7,0.011211475357413292
10074_7,0.38090360164642334
10075_10,0.9995183944702148
10076_10,0.9983404874801636
10077_7,0.9620195031166077
10078_10,0.9844712615013123
10079_10,0.22922265529632568
1007_9,0.9834058284759521
10080_10,0.9981354475021362
10081_10,0.8001596927642822
10082_8,0.7272173166275024
10083_10,0.9923127293586731
10084_10,0.9971445202827454
10085_10,0.994628369808197
10086_10,0.5630178451538086
10087_7,0.8156728744506836
10088_8,0.6433120965957642
10089_9,0.9980499744415283
1008_10,0.49195173382759094
10090_10,0.9965393543243408
10091_10,0.8710164427757263
10092_8,0.8317151069641113
10093_10,0.9819783568382263
10094_9,0.9661839604377747
10095_9,0.9562208652496338
10096_9,0.9930965304374695
10097_10,0.9793426990509033
10098_9,0.9651575684547424
10099_9,0.28223922848701477
1009_8,0.9883252382278442
100_10,0.9800670146942139
10100_10,0.9962408542633057
10101_9,0.9506490230560303
10102_8,0.8630269169807434
10103_9,0.5393142104148865
10104_10,0.9977141618728638
10105_8,0.8074875473976135
10106_10,0.6001235246658325
10107_9,0.9959943294525146
10108_8,0.9961399435997009
10109_10,0.9810584783554077
1010_9,0.998150646686554
10110_10,0.9988279938697815
10111_10,0.9611091613769531
10112_10,0.999397873878479
10113_9,0.9991768002510071
10114_8,0.9348778128623962
10115_8,0.9949514865875244
10116_10,0.9964442849159241
10117_9,0.9827971458435059
10118_8,0.8568233251571655
10119_10,0.9946178793907166
1011_8,0.9867346286773682
10120_10,0.6510273218154907
10121_10,0.9932152032852173
10122_10,0.990799069404602
10123_10,0.9978623986244202
10124_8,0.9932003617286682
10125_8,0.9971452355384827
10126_9,0.9879223704338074
10127_10,0.9534109234809875
10128_10,0.9947562217712402
10129_10,0.9239131808280945
1012_8,0.07179620862007141
10130_8,0.974197506904602
10131_7,0.9842110276222229
10132_10,0.6934621930122375
10133_8,0.8785495162010193
10134_7,0.8876202702522278
10135_8,0.9001250267028809
10136_10,0.9932827949523926
10137_10,0.8962234258651733
10138_10,0.8905182480812073
10139_10,0.7120488882064819
1013_7,0.9960927367210388
10140_10,0.9961975812911987
10141_8,0.6975656151771545
10142_10,0.9979208111763
10143_9,0.9706355333328247
10144_8,0.9973270893096924
10145_8,0.999514102935791
10146_10,0.9791331887245178
10147_7,0.9848671555519104
10148_10,0.997643768787384
10149_9,0.9845020174980164
1014_8,0.02661002427339554
10150_8,0.9930517673492432
10151_8,0.7244068384170532
10152_9,0.999299168586731
10153_10,0.6673033833503723
10154_10,0.9794108867645264
10155_7,0.2841874957084656
10156_8,0.9952474236488342
10157_8,0.8422102928161621
10158_9,0.995724081993103
10159_7,0.9630029797554016
1015_8,0.9867346286773682
10160_7,0.7817845344543457
10161_7,0.8555182814598083
10162_10,0.9922189712524414
10163_7,0.9976844787597656
10164_9,0.4994102716445923
10165_9,0.9806663393974304
10166_8,0.9870184659957886
10167_9,0.934882402420044
10168_9,0.9912837743759155
10169_8,0.9725850224494934
1016_7,0.7711642980575562
10170_8,0.9699199795722961
10171_8,0.989769697189331
10172_9,0.9610397815704346
10173_8,0.9888923764228821
10174_9,0.6072290539741516
10175_7,0.9276667833328247
10176_9,0.9971944093704224
10177_10,0.9984509944915771
10178_10,0.94317227602005
10179_10,0.9036715030670166
1017_7,0.36260417103767395
10180_8,0.5250920653343201
10181_10,0.8881834745407104
10182_10,0.9945517182350159
10183_9,0.9976025223731995
10184_9,0.9781810641288757
10185_10,0.9693554043769836
10186_10,0.9743054509162903
10187_10,0.9941586256027222
10188_10,0.9271544814109802
10189_10,0.987555205821991
1018_7,0.9873213768005371
10190_10,0.3200555741786957
10191_10,0.9765729308128357
10192_10,0.8753736615180969
10193_7,0.9958910942077637
10194_7,0.3720262944698334
10195_10,0.9613736271858215
10196_8,0.9684860706329346
10197_8,0.9596481919288635
10198_8,0.05252544954419136
10199_10,0.9896315932273865
1019_10,0.9968048334121704
101_9,0.9051510095596313
10200_7,0.96834397315979
10201_7,0.9237691164016724
10202_9,0.9946621060371399
10203_10,0.9967153072357178
10204_10,0.9673216938972473
10205_10,0.9905780553817749
10206_8,0.888270378112793
10207_10,0.896123468875885
10208_10,0.9906540513038635
10209_7,0.8049267530441284
1020_7,0.39778923988342285
10210_7,0.899523138999939
10211_8,0.9960896968841553
10212_7,0.5003303289413452
10213_7,0.6896460652351379
10214_10,0.6211363673210144
10215_10,0.14903821051120758
10216_10,0.9955611228942871
10217_7,0.12118946760892868
10218_7,0.6057219505310059
10219_9,0.8207988142967224
1021_7,0.8770021200180054
10220_10,0.999001681804657
10221_8,0.7494714260101318
10222_8,0.9659874439239502
10223_10,0.992658793926239
10224_9,0.7708032131195068
10225_10,0.5073102712631226
10226_10,0.9888178110122681
10227_7,0.2577839493751526
10228_10,0.3834831118583679
10229_10,0.9119154214859009
1022_10,0.9775882959365845
10230_7,0.9838586449623108
10231_9,0.9955085515975952
10232_10,0.9962245225906372
10233_7,0.9119778871536255
10234_9,0.9991700649261475
10235_10,0.9871275424957275
10236_10,0.2535167336463928
10237_10,0.9751017093658447
10238_7,0.9921870231628418
10239_9,0.6606253981590271
1023_10,0.971032977104187
10240_10,0.5626065135002136
10241_10,0.9982078075408936
10242_8,0.9616048336029053
10243_9,0.9929306507110596
10244_7,0.4320836365222931
10245_9,0.9801942110061646
10246_9,0.9907958507537842
10247_10,0.9945493340492249
10248_9,0.9033145308494568
10249_8,0.9900729656219482
1024_9,0.9955765008926392
10250_10,0.9903371334075928
10251_10,0.9550498723983765
10252_10,0.8594915270805359
10253_7,0.9928379654884338
10254_8,0.9904138445854187
10255_10,0.987208902835846
10256_10,0.9855721592903137
10257_10,0.9964759945869446
10258_8,0.9831941723823547
10259_10,0.12756378948688507
1025_10,0.9975678324699402
10260_10,0.9565451145172119
10261_8,0.9197112321853638
10262_7,0.8937707543373108
10263_7,0.757124662399292
10264_8,0.9739550948143005
10265_9,0.8215863704681396
10266_7,0.872320294380188
10267_7,0.9216057062149048
10268_7,0.9569569230079651
10269_8,0.8946868181228638
1026_10,0.8074274063110352
10270_10,0.9236543774604797
10271_8,0.9495511054992676
10272_7,0.996475875377655
10273_10,0.9994151592254639
10274_8,0.8063658475875854
10275_9,0.9436086416244507
10276_8,0.9545977711677551
10277_10,0.997868537902832
10278_7,0.997401237487793
10279_9,0.8968944549560547
1027_9,0.9514175057411194
10280_8,0.7290784120559692
10281_9,0.99918133020401
10282_10,0.9907751679420471
10283_10,0.9245935678482056
10284_9,0.6885547637939453
10285_9,0.9943850040435791
10286_10,0.5707602500915527
10287_10,0.6022692322731018
10288_8,0.9813603162765503
10289_9,0.9967260360717773
1028_10,0.9950801134109497
10290_10,0.9885441660881042
10291_9,0.9879353046417236
10292_10,0.757392168045044
10293_9,0.9194608330726624
10294_9,0.9763606786727905
10295_10,0.970200777053833
10296_8,0.9985542893409729
10297_10,0.99896240234375
10298_9,0.26664769649505615
10299_10,0.9976369142532349
1029_10,0.9759578108787537
102_8,0.05251928046345711
10300_10,0.9807369709014893
10301_10,0.9744457602500916
10302_7,0.9195674657821655
10303_9,0.999211311340332
10304_7,0.9306782484054565
10305_10,0.9983044862747192
10306_8,0.5641388893127441
10307_7,0.46982020139694214
10308_10,0.8019611239433289
10309_8,0.966394305229187
1030_9,0.9103280305862427
10310_8,0.646332859992981
10311_10,0.9978456497192383
10312_9,0.8392746448516846
10313_10,0.9773763418197632
10314_9,0.9957333207130432
10315_10,0.9982905983924866
10316_10,0.7330009341239929
10317_10,0.9543942213058472
10318_8,0.95721834897995
10319_8,0.791032612323761
1031_10,0.9954575300216675
10320_10,0.951044499874115
10321_10,0.9188653230667114
10322_9,0.46021413803100586
10323_10,0.9470973610877991
10324_8,0.9734419584274292
10325_9,0.9324332475662231
10326_10,0.6938520669937134
10327_7,0.9900415539741516
10328_10,0.9904084205627441
10329_10,0.9395688772201538
1032_10,0.9958129525184631
10330_9,0.9963202476501465
10331_9,0.9238439202308655
10332_10,0.9813833832740784
10333_10,0.7412756681442261
10334_7,0.9066901803016663
10335_7,0.8672380447387695
10336_7,0.9258778691291809
10337_10,0.9961916208267212
10338_9,0.9743614196777344
10339_8,0.9876940250396729
1033_9,0.9801148772239685
10340_7,0.8063897490501404
10341_7,0.8952692151069641
10342_9,0.9922270774841309
10343_9,0.9787455797195435
10344_9,0.9966855645179749
10345_7,0.9962104558944702
10346_9,0.9945770502090454
10347_10,0.5485119819641113
10348_10,0.6840678453445435
10349_8,0.9593834280967712
1034_10,0.9271040558815002
10350_9,0.9890144467353821
10351_8,0.9540656805038452
10352_10,0.8478186130523682
10353_10,0.011365319602191448
10354_7,0.06656184047460556
10355_10,0.8763360977172852
10356_7,0.11298113316297531
10357_7,0.3874286115169525
10358_7,0.3436686098575592
10359_8,0.9657042026519775
1035_9,0.9888628721237183
10360_9,0.9767993092536926
10361_9,0.9653811454772949
10362_7,0.7065087556838989
10363_7,0.6777514219284058
10364_10,0.9741095900535583
10365_7,0.9821041226387024
10366_8,0.17124508321285248
10367_8,0.9919722080230713
10368_8,0.9960190653800964
10369_9,0.9965701103210449
1036_10,0.975883424282074
10370_10,0.9911423921585083
10371_8,0.9246224164962769
10372_10,0.9976943135261536
10373_10,0.9913962483406067
10374_10,0.9849873185157776
10375_8,0.9970114231109619
10376_10,0.25091686844825745
10377_8,0.2531717121601105
10378_8,0.9078192114830017
10379_9,0.961517870426178
1037_10,0.9776312708854675
10380_7,0.9880192875862122
10381_8,0.8943866491317749
10382_10,0.6957143545150757
10383_8,0.9932681918144226
10384_7,0.9372158646583557
10385_10,0.833511471748352
10386_7,0.859220027923584
10387_9,0.9951932430267334
10388_10,0.9946434497833252
10389_7,0.7393860816955566
1038_10,0.5561089515686035
10390_7,0.9976319074630737
10391_9,0.6503944396972656
10392_8,0.9702741503715515
10393_9,0.9817854762077332
10394_9,0.861395537853241
10395_10,0.02604726515710354
10396_8,0.5714333653450012
10397_10,0.991919994354248
10398_10,0.9424219727516174
10399_10,0.9916388392448425
1039_10,0.9538106322288513
103_10,0.9992330074310303
10400_9,0.44843682646751404
10401_7,0.5628902912139893
10402_8,0.9943276047706604
10403_10,0.9680757522583008
10404_9,0.9925256967544556
10405_7,0.9687031507492065
10406_8,0.9355135560035706
10407_10,0.9800062775611877
10408_10,0.9965069890022278
10409_10,0.6655337810516357
1040_9,0.9953542947769165
10410_10,0.3012387156486511
10411_10,0.9936460256576538
10412_8,0.9885973334312439
10413_8,0.5955562591552734
10414_10,0.98521488904953
10415_7,0.7316650748252869
10416_9,0.9968233108520508
10417_7,0.9899514317512512
10418_8,0.9970095157623291
10419_8,0.9985853433609009
1041_10,0.9938817024230957
10420_9,0.9943948984146118
10421_8,0.20756258070468903
10422_9,0.6269099712371826
10423_9,0.9949107766151428
10424_7,0.9783517718315125
10425_10,0.9289402365684509
10426_8,0.9958385229110718
10427_10,0.9882017970085144
10428_10,0.9827666282653809
10429_9,0.9951504468917847
1042_7,0.7707487940788269
10430_10,0.9329906105995178
10431_10,0.9814649224281311
10432_10,0.9986710548400879
10433_8,0.9990099668502808
10434_8,0.9984568357467651
10435_7,0.9496850371360779
10436_8,0.9257647395133972
10437_9,0.9945205450057983
10438_9,0.9894152879714966
10439_8,0.9247860908508301
1043_9,0.9630995988845825
10440_7,0.9928241968154907
10441_9,0.958640992641449
10442_8,0.8973203897476196
10443_7,0.3669944405555725
10444_9,0.9990135431289673
10445_10,0.720220685005188
10446_10,0.8518349528312683
10447_7,0.6199644207954407
10448_7,0.6787641048431396
10449_10,0.9801893830299377
1044_8,0.9962816834449768
10450_7,0.9713139533996582
10451_7,0.7840178608894348
10452_8,0.9986806511878967
10453_10,0.9643786549568176
10454_8,0.8865054845809937
10455_9,0.8505768179893494
10456_10,0.9854773879051208
10457_8,0.9958083629608154
10458_7,0.6673946976661682
10459_10,0.9927482008934021
1045_9,0.9969863295555115
10460_10,0.9901100993156433
10461_10,0.9995754361152649
10462_10,0.9983055591583252
10463_10,0.9868956208229065
10464_10,0.9919127225875854
10465_10,0.9945737719535828
10466_8,0.9194750189781189
10467_9,0.9630789160728455
10468_10,0.9378376603126526
10469_10,0.6825136542320251
1046_9,0.9866864681243896
10470_10,0.9930973649024963
10471_10,0.992668628692627
10472_10,0.9889410138130188
10473_10,0.9799843430519104
10474_10,0.9951019287109375
10475_10,0.8867148756980896
10476_10,0.9321392178535461
10477_9,0.996669590473175
10478_10,0.997244119644165
10479_10,0.9711063504219055
1047_8,0.9853237867355347
10480_8,0.7476142048835754
10481_9,0.9970186948776245
10482_10,0.9957675933837891
10483_8,0.9951202273368835
10484_10,0.9955867528915405
10485_10,0.9968538880348206
10486_10,0.8935588598251343
10487_7,0.09523580223321915
10488_7,0.8417180180549622
10489_8,0.9978885054588318
1048_8,0.9042379260063171
10490_9,0.9983388185501099
10491_7,0.9977920055389404
10492_8,0.9966802597045898
10493_10,0.9954838752746582
10494_8,0.733880341053009
10495_8,0.9978189468383789
10496_10,0.9960945248603821
10497_10,0.6280792951583862
10498_10,0.5827455520629883
10499_8,0.07418767362833023
1049_9,0.9968923926353455
104_10,0.5785172581672668
10500_7,0.9702577590942383
10501_10,0.9428979158401489
10502_7,0.45853662490844727
10503_8,0.9676876068115234
10504_7,0.8281782865524292
10505_7,0.366990327835083
10506_8,0.6656069755554199
10507_7,0.9133029580116272
10508_7,0.6665567755699158
10509_8,0.981282114982605
1050_9,0.3359113931655884
10510_7,0.9786377549171448
10511_10,0.9986750483512878
10512_9,0.9953873753547668
10513_7,0.939822793006897
10514_9,0.05601317062973976
10515_8,0.9102572798728943
10516_10,0.7957237362861633
10517_10,0.9985805749893188
10518_7,0.7366398572921753
10519_8,0.4367181360721588
1051_10,0.9979090690612793
10520_10,0.9926526546478271
10521_10,0.9663351774215698
10522_10,0.9949253797531128
10523_9,0.669382631778717
10524_10,0.9993915557861328
10525_7,0.960153341293335
10526_10,0.9354512095451355
10527_10,0.9191734194755554
10528_8,0.9895456433296204
10529_7,0.983843982219696
1052_10,0.9668750762939453
10530_10,0.9989437460899353
10531_10,0.9699649214744568
10532_9,0.9983041286468506
10533_10,0.37144580483436584
10534_10,0.9267261028289795
10535_10,0.9985175728797913
10536_8,0.9962060451507568
10537_9,0.997498095035553
10538_10,0.9314209222793579
10539_8,0.5420297384262085
1053_10,0.9991118311882019
10540_10,0.7542232275009155
10541_8,0.737250804901123
10542_10,0.034265756607055664
10543_7,0.6612817645072937
10544_10,0.8968103528022766
10545_10,0.9960789084434509
10546_10,0.9919580221176147
10547_10,0.9985144734382629
10548_10,0.9985560774803162
10549_10,0.9991494417190552
1054_9,0.9874716401100159
10550_8,0.4939954876899719
10551_10,0.9983830451965332
10552_7,0.5456082820892334
10553_7,0.6607025265693665
10554_9,0.9851637482643127
10555_10,0.9584280252456665
10556_10,0.9965820908546448
10557_8,0.9835171699523926
10558_9,0.9689480662345886
10559_7,0.8932968974113464
1055_10,0.995081901550293
10560_9,0.9996954202651978
10561_9,0.9978781938552856
10562_7,0.8410424590110779
10563_9,0.8002782464027405
10564_7,0.9723932147026062
10565_10,0.9811949133872986
10566_9,0.9612995982170105
10567_8,0.9993927478790283
10568_10,0.9984097480773926
10569_7,0.9950356483459473
1056_8,0.9931192398071289
10570_10,0.9894092082977295
10571_10,0.9933104515075684
10572_10,0.990895688533783
10573_10,0.9989534616470337
10574_10,0.998633086681366
10575_10,0.995248019695282
10576_9,0.9905491471290588
10577_9,0.9587148427963257
10578_10,0.9813597202301025
10579_10,0.9849417209625244
1057_8,0.9917164444923401
10580_10,0.9942268133163452
10581_10,0.0016164282569661736
10582_10,0.20778930187225342
10583_10,0.9979742169380188
10584_8,0.2819144129753113
10585_8,0.36225128173828125
10586_9,0.9874007105827332
10587_10,0.9089260697364807
10588_10,0.9722489714622498
10589_10,0.9374751448631287
1058_10,0.9992603659629822
10590_9,0.22822809219360352
10591_10,0.9988023042678833
10592_8,0.33646726608276367
10593_8,0.4515276551246643
10594_10,0.28670990467071533
10595_10,0.7504326105117798
10596_10,0.995717465877533
10597_10,0.9951856732368469
10598_10,0.687707245349884
10599_8,0.05442674830555916
1059_10,0.9980810880661011
105_8,0.9655408263206482
10600_10,0.7615850567817688
10601_10,0.9847636818885803
10602_8,0.06294034421443939
10603_8,0.8971419930458069
10604_8,0.9342426657676697
10605_10,0.9895296692848206
10606_10,0.9901784658432007
10607_7,0.9898052215576172
10608_10,0.9906062483787537
10609_9,0.9375969767570496
1060_8,0.7508327960968018
10610_7,0.9713067412376404
10611_7,0.9911350011825562
10612_9,0.9811153411865234
10613_8,0.9501116275787354
10614_9,0.992485761642456
10615_8,0.8769593238830566
10616_10,0.8979541063308716
10617_8,0.9891417026519775
10618_10,0.995612621307373
10619_9,0.9854690432548523
1061_8,0.9963160157203674
10620_9,0.9871247410774231
10621_10,0.8948583602905273
10622_10,0.9270290732383728
10623_8,0.9906159043312073
10624_10,0.996122419834137
10625_8,0.9928720593452454
10626_8,0.9508621692657471
10627_9,0.9814318418502808
10628_9,0.9528159499168396
10629_10,0.7401691675186157
1062_8,0.9850426912307739
10630_7,0.7426980137825012
10631_9,0.9871160387992859
10632_9,0.9813985228538513
10633_8,0.7124408483505249
10634_8,0.7225170135498047
10635_10,0.9756366610527039
10636_8,0.9829553961753845
10637_9,0.9261434078216553
10638_9,0.9066584706306458
10639_10,0.3370102047920227
1063_10,0.9425657391548157
10640_7,0.9978315234184265
10641_8,0.9918245673179626
10642_10,0.9971268773078918
10643_9,0.07883314043283463
10644_8,0.9859323501586914
10645_10,0.5336381793022156
10646_10,0.9672030210494995
10647_10,0.9938429594039917
10648_9,0.9241834282875061
10649_10,0.9930885434150696
1064_8,0.9995198249816895
10650_9,0.9779695272445679
10651_9,0.9963387250900269
10652_9,0.9550881385803223
10653_10,0.916860818862915
10654_8,0.995895504951477
10655_10,0.5418832898139954
10656_8,0.6303521394729614
10657_10,0.9600508809089661
10658_9,0.9911732077598572
10659_10,0.979508638381958
1065_9,0.9179674983024597
10660_10,0.8630015254020691
10661_9,0.9984623193740845
10662_10,0.9252650141716003
10663_10,0.8705300092697144
10664_9,0.9991679191589355
10665_10,0.7896519899368286
10666_10,0.9420761466026306
10667_10,0.7675084471702576
10668_7,0.8855788111686707
10669_7,0.9876761436462402
1066_8,0.9221559166908264
10670_9,0.9614831805229187
10671_9,0.3898189067840576
10672_7,0.8602102994918823
10673_9,0.9970853924751282
10674_7,0.9952616691589355
10675_8,0.9280180931091309
10676_8,0.9858759045600891
10677_10,0.9592352509498596
10678_7,0.9678786396980286
10679_8,0.9460597634315491
1067_9,0.9935137033462524
10680_7,0.747698962688446
10681_8,0.9107732772827148
10682_10,0.6050395369529724
10683_8,0.7559342384338379
10684_7,0.9729089736938477
10685_7,0.9085981845855713
10686_7,0.9393134117126465
10687_7,0.9953685998916626
10688_10,0.9884856939315796
10689_10,0.9855044484138489
1068_10,0.9981783628463745
10690_7,0.9979636669158936
10691_10,0.9892478585243225
10692_10,0.7690997123718262
10693_10,0.9885839223861694
10694_10,0.997499406337738
10695_10,0.989183783531189
10696_10,0.9143520593643188
10697_10,0.9933328032493591
10698_8,0.9946249127388
10699_8,0.8081218600273132
1069_10,0.9644050002098083
106_9,0.9077503085136414
10700_10,0.8475490212440491
10701_10,0.33636417984962463
10702_10,0.9992731213569641
10703_9,0.3270646929740906
10704_10,0.8489559292793274
10705_10,0.9986394047737122
10706_10,0.9967501163482666
10707_9,0.9967053532600403
10708_9,0.4866192638874054
10709_8,0.9246643781661987
1070_10,0.982434093952179
10710_10,0.9971816539764404
10711_10,0.995799720287323
10712_8,0.7978305220603943
10713_10,0.9965355396270752
10714_9,0.9984040856361389
10715_9,0.8348090648651123
10716_8,0.9987242817878723
10717_9,0.9609627723693848
10718_10,0.9960629343986511
10719_7,0.9654417037963867
1071_9,0.8527336716651917
10720_8,0.9939370155334473
10721_7,0.9992281198501587
10722_7,0.9947294592857361
10723_9,0.6335875988006592
10724_10,0.9654582738876343
10725_7,0.359455943107605
10726_7,0.9836837649345398
10727_9,0.997973620891571
10728_8,0.9108840227127075
10729_9,0.9766037464141846
1072_8,0.7202898859977722
10730_10,0.8616253137588501
10731_9,0.6178823709487915
10732_10,0.9337984323501587
10733_10,0.9668676853179932
10734_8,0.4313240349292755
10735_10,0.996557354927063
10736_9,0.9841246604919434
10737_9,0.7197120785713196
10738_8,0.7509450912475586
10739_9,0.9973891377449036
1073_8,0.9464675188064575
10740_10,0.990868091583252
10741_9,0.9981011748313904
10742_10,0.9975136518478394
10743_7,0.7285736799240112
10744_8,0.9964693784713745
10745_8,0.4665718078613281
10746_8,0.7925893664360046
10747_7,0.9764205813407898
10748_8,0.9465145468711853
10749_8,0.4812469780445099
1074_7,0.5970005989074707
10750_7,0.9820205569267273
10751_10,0.8779025077819824
10752_7,0.6807383894920349
10753_8,0.786329448223114
10754_8,0.823337733745575
10755_9,0.21851298213005066
10756_7,0.7088198661804199
10757_10,0.8728809952735901
10758_10,0.998871386051178
10759_9,0.8112179636955261
1075_9,0.9997901320457458
10760_8,0.8667445778846741
10761_8,0.2401086837053299
10762_9,0.9988023042678833
10763_9,0.998290479183197
10764_10,0.9915267825126648
10765_10,0.9985853433609009
10766_8,0.9820221662521362
10767_10,0.9721713662147522
10768_8,0.9768855571746826
10769_7,0.9717897772789001
1076_8,0.9082108736038208
10770_7,0.9680845141410828
10771_8,0.9885552525520325
10772_10,0.8920613527297974
10773_7,0.9950672388076782
10774_10,0.9974057078361511
10775_10,0.8743666410446167
10776_10,0.8308701515197754
10777_9,0.998066246509552
10778_10,0.9889459013938904
10779_9,0.8285163044929504
1077_10,0.9827317595481873
10780_7,0.5122991800308228
10781_10,0.9724873900413513
10782_8,0.9782891273498535
10783_7,0.9467104077339172
10784_9,0.7602217793464661
10785_10,0.9942076206207275
10786_7,0.79934161901474
10787_10,0.8911097645759583
10788_10,0.9962511658668518
10789_8,0.9778741002082825
1078_9,0.9679815173149109
10790_10,0.9838248491287231
10791_9,0.7296509742736816
10792_8,0.9759498238563538
10793_7,0.9826738238334656
10794_10,0.999060332775116
10795_10,0.9621333479881287
10796_8,0.8136422038078308
10797_10,0.7796281576156616
10798_10,0.8656771183013916
10799_10,0.9602584838867188
1079_8,0.998336672782898
107_10,0.931717038154602
10800_8,0.8087735176086426
10801_10,0.8093875050544739
10802_8,0.05498162657022476
10803_9,0.931239664554596
10804_8,0.5011631846427917
10805_7,0.9468854665756226
10806_8,0.9961473941802979
10807_7,0.9910051822662354
10808_8,0.8412761092185974
10809_10,0.9924355149269104
1080_8,0.923549234867096
10810_8,0.9636490941047668
10811_9,0.9975524544715881
10812_9,0.990290105342865
10813_7,0.8079149127006531
10814_9,0.9888246655464172
10815_8,0.9857177734375
10816_10,0.9985093474388123
10817_8,0.9460359811782837
10818_10,0.997548520565033
10819_9,0.982099175453186
1081_10,0.9688359498977661
10820_8,0.98562091588974
10821_8,0.9978983402252197
10822_8,0.9854302406311035
10823_9,0.989636242389679
10824_7,0.7022779583930969
10825_7,0.987041711807251
10826_10,0.9283281564712524
10827_9,0.9964442849159241
10828_9,0.993823766708374
10829_9,0.9682556986808777
1082_9,0.8800975680351257
10830_9,0.9982598423957825
10831_7,0.9873977303504944
10832_9,0.9894088506698608
10833_9,0.6148074865341187
10834_10,0.990313708782196
10835_9,0.33882763981819153
10836_9,0.9877409338951111
10837_10,0.9078201055526733
10838_8,0.5576909184455872
10839_9,0.9995378255844116
1083_7,0.8886010646820068
10840_9,0.9725496172904968
10841_10,0.9578014612197876
10842_10,0.9995730519294739
10843_10,0.9933686852455139
10844_10,0.9992333650588989
10845_10,0.9034857749938965
10846_10,0.9578014612197876
10847_10,0.9987137317657471
10848_9,0.9680163264274597
10849_10,0.9951203465461731
1084_8,0.9823435544967651
10850_10,0.9838594198226929
10851_9,0.7345794439315796
10852_9,0.9501332640647888
10853_8,0.981988787651062
10854_10,0.7867103219032288
10855_10,0.9991993308067322
10856_10,0.9709627032279968
10857_9,0.9910205006599426
10858_10,0.8879572153091431
10859_9,0.9567142128944397
1085_9,0.5399006605148315
10860_10,0.9969176054000854
10861_10,0.9900688529014587
10862_9,0.9974691867828369
10863_10,0.9626702070236206
10864_7,0.9965271353721619
10865_8,0.9257625937461853
10866_9,0.6819138526916504
10867_9,0.9929347634315491
10868_9,0.9857186675071716
10869_7,0.8255488872528076
1086_10,0.9496583938598633
10870_8,0.9602424502372742
10871_7,0.9949086308479309
10872_9,0.8671754002571106
10873_8,0.2512958347797394
10874_7,0.5473237633705139
10875_7,0.980889618396759
10876_7,0.5250943303108215
10877_10,0.9913567304611206
10878_10,0.9800715446472168
10879_10,0.9990217685699463
1087_10,0.9982357025146484
10880_10,0.9896378517150879
10881_10,0.9631364941596985
10882_9,0.5962170958518982
10883_10,0.9646780490875244
10884_9,0.9168364405632019
10885_10,0.9931282997131348
10886_7,0.9944539666175842
10887_10,0.9940986633300781
10888_10,0.9732810258865356
10889_9,0.995567262172699
1088_8,0.9608210921287537
10890_10,0.9958704113960266
10891_10,0.9946574568748474
10892_8,0.9775941371917725
10893_8,0.9984326958656311
10894_10,0.9968639612197876
10895_10,0.9764650464057922
10896_10,0.9924584031105042
10897_10,0.9989485144615173
10898_7,0.9122079610824585
10899_8,0.9761141538619995
1089_10,0.5223989486694336
108_10,0.9293540716171265
10900_7,0.9400388598442078
10901_10,0.9434452056884766
10902_8,0.9594656229019165
10903_8,0.9883474707603455
10904_9,0.9718775153160095
10905_8,0.9990798234939575
10906_10,0.6400385499000549
10907_8,0.9987220168113708
10908_8,0.4933449625968933
10909_7,0.996245801448822
1090_8,0.9891153573989868
10910_8,0.9958006739616394
10911_8,0.3662337362766266
10912_8,0.9926992058753967
10913_7,0.6961608529090881
10914_7,0.6886442303657532
10915_8,0.9994000196456909
10916_7,0.8061036467552185
10917_8,0.9562174677848816
10918_8,0.7476356029510498
10919_7,0.9822084307670593
1091_7,0.6254358291625977
10920_8,0.9430791735649109
10921_10,0.9934833645820618
10922_8,0.9807665348052979
10923_7,0.7395164966583252
10924_10,0.9960368275642395
10925_8,0.9918209314346313
10926_10,0.9976669549942017
10927_9,0.8417826294898987
10928_10,0.9965863227844238
10929_7,0.9856061339378357
1092_9,0.9233124852180481
10930_7,0.20179061591625214
10931_10,0.9967871904373169
10932_8,0.9979187846183777
10933_8,0.85969078540802
10934_8,0.9901427030563354
10935_8,0.9009093046188354
10936_7,0.48731017112731934
10937_8,0.9329322576522827
10938_7,0.4260580539703369
10939_8,0.9710221886634827
1093_8,0.9948480129241943
10940_10,0.693192720413208
10941_10,0.7982988953590393
10942_7,0.551898717880249
10943_9,0.7699772715568542
10944_7,0.11652741581201553
10945_8,0.46202513575553894
10946_7,0.40451735258102417
10947_8,0.9594461917877197
10948_8,0.5991513729095459
10949_9,0.9973510503768921
1094_7,0.8988154530525208
10950_8,0.5982164144515991
10951_7,0.9791924953460693
10952_10,0.9957433342933655
10953_9,0.43316587805747986
10954_7,0.9694319367408752
10955_10,0.727013885974884
10956_8,0.9905201196670532
10957_10,0.9723277688026428
10958_8,0.9741129875183105
10959_8,0.9903164505958557
1095_8,0.9993894100189209
10960_9,0.9974576830863953
10961_9,0.995418906211853
10962_7,0.9759140610694885
10963_8,0.9696437120437622
10964_7,0.8629224300384521
10965_8,0.9934365749359131
10966_8,0.9886093139648438
10967_10,0.9124888777732849
10968_8,0.9696566462516785
10969_8,0.9082393646240234
1096_7,0.9914672374725342
10970_7,0.9877966046333313
10971_7,0.993413507938385
10972_10,0.9679076671600342
10973_7,0.9186162352561951
10974_8,0.9222586154937744
10975_10,0.9896535277366638
10976_8,0.7920543551445007
10977_9,0.9942635893821716
10978_10,0.9982169270515442
10979_8,0.9969658255577087
1097_9,0.953488290309906
10980_10,0.9901257753372192
10981_9,0.9985443353652954
10982_10,0.8657252788543701
10983_10,0.9907091856002808
10984_10,0.9967579245567322
10985_9,0.9756059050559998
10986_10,0.9936856627464294
10987_10,0.9969013929367065
10988_10,0.8329956531524658
10989_8,0.9957398176193237
1098_9,0.9963262677192688
10990_8,0.9944909811019897
10991_10,0.8044326305389404
10992_10,0.9980158805847168
10993_10,0.9856589436531067
10994_10,0.9800370931625366
10995_10,0.997917115688324
10996_9,0.9586700201034546
10997_10,0.9843027591705322
10998_10,0.9677637219429016
10999_8,0.7258058190345764
1099_7,0.9991447925567627
109_8,0.03898632898926735
10_7,0.7014192342758179
11000_7,0.9613423347473145
11001_7,0.968105137348175
11002_8,0.9958938360214233
11003_8,0.9908554553985596
11004_9,0.9983177185058594
11005_7,0.9722450375556946
11006_8,0.9096882939338684
11007_8,0.9957725405693054
11008_10,0.7831867337226868
11009_10,0.9300512075424194
1100_9,0.8113815784454346
11010_9,0.09198363125324249
11011_10,0.8294200897216797
11012_10,0.9838408827781677
11013_10,0.9958107471466064
11014_10,0.8840699195861816
11015_10,0.9926647543907166
11016_8,0.9225512146949768
11017_8,0.5607788562774658
11018_9,0.9335899353027344
11019_10,0.9933366775512695
1101_8,0.6175909638404846
11020_10,0.9253205060958862
11021_10,0.9895552396774292
11022_8,0.9492577910423279
11023_8,0.9976305961608887
11024_9,0.9990746974945068
11025_10,0.9540530443191528
11026_9,0.5913780331611633
11027_10,0.9039462208747864
11028_10,0.9979337453842163
11029_8,0.9975086450576782
1102_9,0.17500732839107513
11030_10,0.9973922967910767
11031_10,0.9846791625022888
11032_7,0.8780483603477478
11033_10,0.99808669090271
11034_8,0.8203524947166443
11035_10,0.9953606724739075
11036_7,0.3415940999984741
11037_8,0.9089089632034302
11038_10,0.9953808784484863
11039_8,0.986674964427948
1103_10,0.41588065028190613
11040_8,0.967311680316925
11041_10,0.9884762763977051
11042_8,0.9803662896156311
11043_10,0.9961444139480591
11044_7,0.4748177230358124
11045_8,0.30258285999298096
11046_9,0.9796512722969055
11047_7,0.9697805047035217
11048_8,0.9716461300849915
11049_9,0.9798278212547302
1104_9,0.200675830245018
11050_8,0.9911710619926453
11051_8,0.9470213651657104
11052_8,0.9494491219520569
11053_10,0.9966548681259155
11054_8,0.9947580695152283
11055_9,0.9838215708732605
11056_7,0.921683669090271
11057_8,0.9016463160514832
11058_8,0.5052679181098938
11059_8,0.9760586023330688
1105_10,0.9791051745414734
11060_7,0.1626036912202835
11061_10,0.9964332580566406
11062_10,0.8650766015052795
11063_10,0.9859364032745361
11064_8,0.8339476585388184
11065_10,0.7350048422813416
11066_7,0.9964298605918884
11067_10,0.9964413046836853
11068_10,0.9922278523445129
11069_7,0.9966408014297485
1106_9,0.9782065153121948
11070_8,0.9955961108207703
11071_10,0.9857812523841858
11072_8,0.9385945200920105
11073_7,0.8836658596992493
11074_8,0.9933825731277466
11075_8,0.9074642062187195
11076_10,0.9913043975830078
11077_10,0.9626387357711792
11078_8,0.9737586975097656
11079_8,0.3914683759212494
1107_9,0.969170331954956
11080_10,0.3818889856338501
11081_10,0.8958739638328552
11082_8,0.973655641078949
11083_7,0.9715363383293152
11084_7,0.983711302280426
11085_7,0.5122684240341187
11086_8,0.9745116233825684
11087_9,0.9950301647186279
11088_7,0.6382154822349548
11089_7,0.8757196664810181
1108_8,0.21905238926410675
11090_8,0.9037091732025146
11091_8,0.994554877281189
11092_9,0.9978426694869995
11093_10,0.9969379901885986
11094_7,0.6040148735046387
11095_8,0.9049692749977112
11096_10,0.9708629250526428
11097_9,0.985839307308197
11098_8,0.7849196791648865
11099_10,0.9931085109710693
1109_10,0.9961885809898376
110_10,0.9101758003234863
11100_9,0.9906388521194458
11101_8,0.9663863778114319
11102_9,0.9942712783813477
11103_10,0.9985955357551575
11104_7,0.883124053478241
11105_9,0.9785788655281067
11106_7,0.8687974810600281
11107_7,0.9725826382637024
11108_10,0.9819816946983337
11109_7,0.9863860607147217
1110_7,0.9983614087104797
11110_10,0.9957457184791565
11111_10,0.997319757938385
11112_9,0.9596242308616638
11113_10,0.9877517223358154
11114_8,0.14254814386367798
11115_7,0.7180277705192566
11116_10,0.9718269109725952
11117_7,0.99432373046875
11118_10,0.9987491369247437
11119_8,0.9247155785560608
1111_7,0.5754685401916504
11120_7,0.2670869529247284
11121_9,0.9865711331367493
11122_8,0.9964526891708374
11123_8,0.9778516292572021
11124_8,0.9715102314949036
11125_7,0.9715943932533264
11126_7,0.9973000884056091
11127_7,0.9972896575927734
11128_7,0.9634062051773071
11129_9,0.9121823906898499
1112_8,0.9812513589859009
11130_8,0.9866868257522583
11131_10,0.9006727337837219
11132_7,0.9964151382446289
11133_10,0.9953371286392212
11134_10,0.9779489040374756
11135_7,0.9710595011711121
11136_10,0.968871533870697
11137_10,0.9977053999900818
11138_7,0.997291624546051
11139_10,0.9956232905387878
1113_8,0.9697134494781494
11140_10,0.9848645925521851
11141_10,0.9840600490570068
11142_10,0.1792537420988083
11143_9,0.9575121402740479
11144_7,0.9881787896156311
11145_8,0.9329365491867065
11146_7,0.9353711605072021
11147_10,0.9970791339874268
11148_9,0.9830245971679688
11149_8,0.9992470741271973
1114_10,0.9921283721923828
11150_8,0.8748037815093994
11151_9,0.9336493611335754
11152_10,0.9704682230949402
11153_10,0.9775646924972534
11154_7,0.9298049211502075
11155_10,0.939785361289978
11156_10,0.4843912720680237
11157_9,0.8473405838012695
11158_7,0.6487282514572144
11159_10,0.9937258362770081
1115_9,0.16056512296199799
11160_7,0.9459549188613892
11161_9,0.9349502325057983
11162_7,0.9941269159317017
11163_8,0.3887827694416046
11164_10,0.9456478953361511
11165_10,0.9961883425712585
11166_10,0.922268271446228
11167_10,0.9823634624481201
11168_9,0.9128944277763367
11169_8,0.9983330368995667
1116_7,0.9995958209037781
11170_10,0.9934266805648804
11171_10,0.9997876286506653
11172_10,0.997427761554718
11173_10,0.44500023126602173
11174_8,0.7934216856956482
11175_10,0.9194218516349792
11176_10,0.8505430221557617
11177_7,0.9861690998077393
11178_10,0.9387999773025513
11179_10,0.9576117396354675
1117_9,0.9948021173477173
11180_10,0.9907123446464539
11181_8,0.8866884112358093
11182_8,0.575692355632782
11183_9,0.9988120794296265
11184_10,0.9971688389778137
11185_10,0.9741088151931763
11186_10,0.9984111785888672
11187_10,0.6616341471672058
11188_8,0.4740302562713623
11189_10,0.9968112111091614
1118_7,0.9940582513809204
11190_9,0.9191242456436157
11191_10,0.9462420344352722
11192_7,0.9814792275428772
11193_7,0.3024899661540985
11194_7,0.4335530698299408
11195_9,0.2392536997795105
11196_10,0.997793436050415
11197_7,0.9896302819252014
11198_10,0.9718775153160095
11199_9,0.9601714611053467
1119_8,0.8484650254249573
111_10,0.8988521695137024
11200_10,0.9389721155166626
11201_10,0.6741172671318054
11202_10,0.7401508688926697
11203_10,0.8712000846862793
11204_10,0.8024274706840515
11205_9,0.9835599660873413
11206_9,0.45612433552742004
11207_10,0.5495547652244568
11208_10,0.1616000086069107
11209_10,0.7363271713256836
1120_9,0.9892792105674744
11210_8,0.20395919680595398
11211_10,0.9819784760475159
11212_10,0.9985552430152893
11213_10,0.9952520132064819
11214_10,0.9479954838752747
11215_8,0.5465471744537354
11216_9,0.898563802242279
11217_9,0.9722285866737366
11218_8,0.996077835559845
11219_8,0.9894127249717712
1121_7,0.7812581062316895
11220_10,0.8474171757698059
11221_10,0.9974340796470642
11222_10,0.9976750016212463
11223_8,0.988810122013092
11224_7,0.8974776864051819
11225_10,0.9225338697433472
11226_9,0.5901967883110046
11227_10,0.9989525079727173
11228_10,0.9981993436813354
11229_9,0.9978426694869995
1122_8,0.8073176145553589
11230_8,0.6442033052444458
11231_10,0.9985907673835754
11232_8,0.21092458069324493
11233_10,0.9970445036888123
11234_10,0.8273193836212158
11235_10,0.9541299939155579
11236_10,0.9798046350479126
11237_10,0.573683500289917
11238_10,0.4707087576389313
11239_10,0.9949371814727783
1123_10,0.9987115859985352
11240_10,0.9985777139663696
11241_10,0.8225650191307068
11242_8,0.34511852264404297
11243_8,0.7607072591781616
11244_8,0.8718758821487427
11245_10,0.961255669593811
11246_10,0.9705528020858765
11247_10,0.2799258828163147
11248_10,0.9956875443458557
11249_10,0.4301961064338684
1124_8,0.9974159002304077
11250_10,0.998112678527832
11251_7,0.9977249503135681
11252_7,0.03925211727619171
11253_10,0.982608437538147
11254_10,0.9799160957336426
11255_9,0.9849265813827515
11256_9,0.982555627822876
11257_10,0.9948975443840027
11258_8,0.894551157951355
11259_10,0.9838693737983704
1125_10,0.9908617734909058
11260_10,0.7132262587547302
11261_10,0.6029604077339172
11262_8,0.9655486941337585
11263_10,0.9958372116088867
11264_10,0.9934614896774292
11265_10,0.9448754191398621
11266_10,0.8787703514099121
11267_10,0.9994937181472778
11268_8,0.9690616726875305
11269_7,0.2734416723251343
1126_10,0.9691281914710999
11270_10,0.2875751852989197
11271_9,0.9452419281005859
11272_8,0.98104327917099
11273_10,0.2666913568973541
11274_8,0.351521760225296
11275_8,0.35305219888687134
11276_7,0.4274972081184387
11277_9,0.5909924507141113
11278_10,0.9834347367286682
11279_10,0.8376780152320862
1127_10,0.9323074817657471
11280_10,0.07742107659578323
11281_9,0.7288835048675537
11282_10,0.9926106333732605
11283_8,0.10182072222232819
11284_10,0.8163555264472961
11285_8,0.2308005690574646
11286_8,0.8446168899536133
11287_9,0.7085209488868713
11288_10,0.8831084966659546
11289_10,0.019419584423303604
1128_10,0.8960851430892944
11290_7,0.663549542427063
11291_10,0.981387734413147
11292_10,0.7296607494354248
11293_8,0.22164422273635864
11294_8,0.24982702732086182
11295_8,0.9994127750396729
11296_7,0.7365370392799377
11297_8,0.9951900243759155
11298_8,0.9917178153991699
11299_7,0.9966480135917664
1129_9,0.957706868648529
112_10,0.8994600176811218
11300_8,0.8444703817367554
11301_10,0.9955804944038391
11302_9,0.9962204098701477
11303_8,0.9952220320701599
11304_9,0.9901662468910217
11305_7,0.8437376618385315
11306_10,0.9992677569389343
11307_8,0.7196775674819946
11308_10,0.9929999113082886
11309_10,0.9954166412353516
1130_8,0.9809483289718628
11310_10,0.9936601519584656
11311_10,0.8657187819480896
11312_9,0.8444856405258179
11313_10,0.9676839113235474
11314_8,0.421035498380661
11315_7,0.2735256254673004
11316_10,0.9973891377449036
11317_7,0.6631796360015869
11318_8,0.44689884781837463
11319_7,0.9711055755615234
1131_10,0.945860743522644
11320_8,0.8826128244400024
11321_8,0.5690559148788452
11322_8,0.9892956614494324
11323_7,0.5540505051612854
11324_10,0.9935089349746704
11325_9,0.58583003282547
11326_9,0.9437600374221802
11327_8,0.9981216788291931
11328_9,0.7643882036209106
11329_9,0.9499624371528625
1132_8,0.9911934733390808
11330_8,0.9868892431259155
11331_8,0.8532182574272156
11332_8,0.9515875577926636
11333_9,0.9991798996925354
11334_7,0.9976726174354553
11335_9,0.9195092916488647
11336_9,0.6450259685516357
11337_8,0.9785380959510803
11338_9,0.8352243304252625
11339_9,0.9989963173866272
1133_8,0.9987388253211975
11340_8,0.7997878193855286
11341_10,0.9783703684806824
11342_10,0.9989151954650879
11343_8,0.9970765113830566
11344_9,0.8765557408332825
11345_8,0.9908644556999207
11346_8,0.9195353388786316
11347_9,0.8565800189971924
11348_8,0.9917997717857361
11349_10,0.747818648815155
1134_8,0.9416779279708862
11350_9,0.9865322709083557
11351_10,0.9934925436973572
11352_9,0.9989258646965027
11353_10,0.9861225485801697
11354_10,0.9940859079360962
11355_10,0.9828391671180725
11356_10,0.997648298740387
11357_7,0.37794849276542664
11358_9,0.9932205677032471
11359_8,0.8631744980812073
1135_8,0.9980631470680237
11360_10,0.9976968169212341
11361_10,0.9266328811645508
11362_10,0.9985575079917908
11363_10,0.8344342708587646
11364_10,0.9971007704734802
11365_10,0.6536005139350891
11366_10,0.6709463000297546
11367_10,0.9418299198150635
11368_10,0.9594532251358032
11369_10,0.8890520334243774
1136_8,0.34543782472610474
11370_10,0.9954437017440796
11371_10,0.9930419921875
11372_9,0.7493143677711487
11373_10,0.8904638886451721
11374_10,0.9894980192184448
11375_10,0.9985686540603638
11376_10,0.996554970741272
11377_10,0.9926872253417969
11378_7,0.6290947198867798
11379_10,0.9316390156745911
1137_10,0.9967304468154907
11380_10,0.993732750415802
11381_10,0.9976490139961243
11382_10,0.9984812140464783
11383_10,0.9977717995643616
11384_7,0.9889436960220337
11385_10,0.9879863858222961
11386_10,0.9560579061508179
11387_10,0.9873809814453125
11388_10,0.9537441730499268
11389_10,0.17186547815799713
1138_8,0.929469883441925
11390_10,0.9966889023780823
11391_10,0.9613258242607117
11392_10,0.043456267565488815
11393_10,0.651177704334259
11394_10,0.2493278682231903
11395_10,0.9448340535163879
11396_10,0.5173052549362183
11397_10,0.9913190007209778
11398_9,0.9987474679946899
11399_10,0.9511309862136841
1139_10,0.34246626496315
113_8,0.35043469071388245
11400_8,0.9940497875213623
11401_10,0.994260311126709
11402_9,0.991564154624939
11403_9,0.8559474945068359
11404_8,0.9471423625946045
11405_8,0.9821803569793701
11406_8,0.6863341331481934
11407_7,0.9698134660720825
11408_7,0.8757309913635254
11409_9,0.8666291832923889
1140_9,0.9661838412284851
11410_7,0.040522992610931396
11411_8,0.9383101463317871
11412_7,0.9344895482063293
11413_10,0.9991274476051331
11414_7,0.7684760689735413
11415_7,0.7891234755516052
11416_7,0.9865311980247498
11417_7,0.6227373480796814
11418_7,0.9210858345031738
11419_8,0.9957172274589539
1141_10,0.8811588883399963
11420_7,0.1971030831336975
11421_10,0.9651519060134888
11422_7,0.7081097960472107
11423_8,0.8958641886711121
11424_8,0.9099524021148682
11425_10,0.9800602197647095
11426_7,0.994124710559845
11427_7,0.8330358862876892
11428_7,0.31784090399742126
11429_7,0.9947609305381775
1142_7,0.8384311199188232
11430_7,0.5651466250419617
11431_7,0.9936792254447937
11432_7,0.9949637651443481
11433_7,0.9479802250862122
11434_9,0.9958599209785461
11435_9,0.9182435870170593
11436_9,0.9976121187210083
11437_9,0.9995157718658447
11438_9,0.997655987739563
11439_8,0.9961263537406921
1143_8,0.981124758720398
11440_8,0.9978376030921936
11441_10,0.9356663227081299
11442_10,0.9988853335380554
11443_8,0.8987494111061096
11444_8,0.11597336828708649
11445_8,0.9300525188446045
11446_7,0.8180879354476929
11447_8,0.9703370928764343
11448_8,0.9581809639930725
11449_8,0.09775403887033463
1144_10,0.9966168999671936
11450_10,0.9456804990768433
11451_7,0.9854360222816467
11452_7,0.9789966344833374
11453_7,0.31762635707855225
11454_7,0.014472927898168564
11455_10,0.9663916230201721
11456_10,0.9224504232406616
11457_10,0.7253204584121704
11458_10,0.91060471534729
11459_10,0.9479381442070007
1145_9,0.9865165948867798
11460_10,0.7618405222892761
11461_9,0.9610535502433777
11462_10,0.906575083732605
11463_9,0.9786902070045471
11464_8,0.8591545224189758
11465_10,0.78096604347229
11466_8,0.7242175936698914
11467_7,0.8848302960395813
11468_8,0.9856207370758057
11469_8,0.9876513481140137
1146_10,0.9969979524612427
11470_10,0.9698523283004761
11471_7,0.35266992449760437
11472_7,0.21971997618675232
11473_10,0.9434593319892883
11474_10,0.9995775818824768
11475_7,0.7962959408760071
11476_10,0.8879566192626953
11477_10,0.6396838426589966
11478_10,0.8311370611190796
11479_8,0.952505886554718
1147_10,0.9690822958946228
11480_10,0.9958233833312988
11481_10,0.43578895926475525
11482_7,0.513146698474884
11483_10,0.9656925201416016
11484_10,0.9794635772705078
11485_9,0.8450190424919128
11486_8,0.9966944456100464
11487_8,0.9858881831169128
11488_7,0.9180949926376343
11489_10,0.9994732737541199
1148_8,0.7763668298721313
11490_10,0.7289764881134033
11491_10,0.9976536631584167
11492_10,0.9696176052093506
11493_7,0.9150707125663757
11494_8,0.9802691340446472
11495_8,0.9446989297866821
11496_8,0.5611333250999451
11497_7,0.9964236617088318
11498_9,0.9981480836868286
11499_8,0.990233302116394
1149_8,0.9906176924705505
114_10,0.8875778317451477
11500_8,0.9744044542312622
11501_8,0.9861629605293274
11502_10,0.9994192123413086
11503_8,0.218094140291214
11504_10,0.5706808567047119
11505_10,0.9991644620895386
11506_10,0.9871657490730286
11507_10,0.8801814317703247
11508_9,0.9602867364883423
11509_10,0.894835889339447
1150_9,0.9979519248008728
11510_9,0.9777387976646423
11511_10,0.8404974937438965
11512_8,0.9638654589653015
11513_10,0.9944333434104919
11514_8,0.9819403290748596
11515_7,0.9020287990570068
11516_7,0.02563927136361599
11517_8,0.5773053169250488
11518_10,0.8667160272598267
11519_7,0.07240767031908035
1151_9,0.969260573387146
11520_7,0.986809492111206
11521_10,0.982235312461853
11522_8,0.9966920614242554
11523_7,0.7048470973968506
11524_10,0.9985976815223694
11525_7,0.2523827850818634
11526_8,0.9039848446846008
11527_10,0.9837518930435181
11528_9,0.9787077903747559
11529_8,0.8990218043327332
1152_8,0.9074220657348633
11530_8,0.997520387172699
11531_8,0.9967827796936035
11532_8,0.9984976053237915
11533_9,0.9984764456748962
11534_7,0.7352490425109863
11535_10,0.9989311099052429
11536_7,0.9900925755500793
11537_7,0.9653541445732117
11538_8,0.6043685674667358
11539_10,0.9984945058822632
1153_8,0.5724462866783142
11540_10,0.045981135219335556
11541_9,0.2900855243206024
11542_10,0.9990235567092896
11543_10,0.6550969481468201
11544_10,0.9145267009735107
11545_10,0.9901345372200012
11546_10,0.9917239546775818
11547_9,0.9843571782112122
11548_10,0.9960017800331116
11549_10,0.5487457513809204
1154_10,0.921510636806488
11550_10,0.9930081367492676
11551_7,0.9106536507606506
11552_10,0.9711078405380249
11553_7,0.956419825553894
11554_10,0.9945688247680664
11555_7,0.9382013082504272
11556_9,0.6859941482543945
11557_7,0.9712164402008057
11558_9,0.9769534468650818
11559_9,0.8445501327514648
1155_7,0.9986701011657715
11560_8,0.930742084980011
11561_8,0.9358383417129517
11562_8,0.9482904076576233
11563_8,0.9499167203903198
11564_7,0.4307723343372345
11565_7,0.9543949961662292
11566_8,0.9911519885063171
11567_9,0.9963886737823486
11568_10,0.5434849262237549
11569_7,0.8735665678977966
1156_9,0.9750443696975708
11570_10,0.9972122311592102
11571_9,0.923517107963562
11572_8,0.9922479391098022
11573_10,0.9957038760185242
11574_10,0.9973717927932739
11575_10,0.5514031648635864
11576_10,0.9966402053833008
11577_10,0.4882253408432007
11578_10,0.9939855933189392
11579_10,0.5310879349708557
1157_9,0.17902334034442902
11580_7,0.6771264672279358
11581_7,0.8193323612213135
11582_7,0.9552671909332275
11583_10,0.9962132573127747
11584_10,0.9895393252372742
11585_7,0.980387270450592
11586_9,0.9971578121185303
11587_8,0.7985734939575195
11588_7,0.9846078753471375
11589_9,0.915630042552948
1158_7,0.9974367022514343
11590_10,0.9847337603569031
11591_10,0.9801223874092102
11592_10,0.9885066747665405
11593_10,0.9997729659080505
11594_9,0.9807916283607483
11595_9,0.9966651797294617
11596_10,0.9163156747817993
11597_9,0.9938176274299622
11598_10,0.08670589327812195
11599_7,0.6237080097198486
1159_8,0.8323988914489746
115_9,0.8562277555465698
11600_10,0.9337692856788635
11601_9,0.6145195364952087
11602_8,0.971362829208374
11603_10,0.6172817349433899
11604_8,0.9970247149467468
11605_7,0.0348581001162529
11606_8,0.988567590713501
11607_7,0.9910528063774109
11608_9,0.502727210521698
11609_10,0.9633700251579285
1160_10,0.9982267022132874
11610_10,0.9180018305778503
11611_7,0.9968051910400391
11612_10,0.9820873141288757
11613_7,0.9182576537132263
11614_9,0.9700203537940979
11615_8,0.9458785653114319
11616_7,0.9135501980781555
11617_8,0.9762962460517883
11618_10,0.43250179290771484
11619_9,0.22478553652763367
1161_10,0.9917699098587036
11620_8,0.994902491569519
11621_8,0.9894649982452393
11622_10,0.9995214939117432
11623_10,0.9960399866104126
11624_10,0.99626225233078
11625_10,0.9961504936218262
11626_9,0.9964895844459534
11627_8,0.3565467596054077
11628_10,0.9796121716499329
11629_10,0.6640352010726929
1162_10,0.9991338849067688
11630_7,0.8531147837638855
11631_7,0.7170021533966064
11632_10,0.28481799364089966
11633_8,0.307517945766449
11634_10,0.4516495168209076
11635_7,0.6897757649421692
11636_9,0.5979143381118774
11637_8,0.7402502298355103
11638_10,0.9849573373794556
11639_7,0.9704177379608154
1163_10,0.985840916633606
11640_10,0.6476068496704102
11641_9,0.8491859436035156
11642_8,0.8860354423522949
11643_7,0.7069298028945923
11644_10,0.9656206369400024
11645_7,0.9656855463981628
11646_8,0.7826084494590759
11647_10,0.8871179819107056
11648_10,0.6480548977851868
11649_9,0.8989856839179993
1164_9,0.9874446392059326
11650_8,0.9817408919334412
11651_9,0.9875362515449524
11652_9,0.9757949709892273
11653_8,0.9963410496711731
11654_9,0.8899582624435425
11655_10,0.9663493633270264
11656_8,0.17341136932373047
11657_10,0.9921243786811829
11658_8,0.9755550622940063
11659_10,0.9987439513206482
1165_7,0.9898926615715027
11660_10,0.9736427664756775
11661_10,0.9871347546577454
11662_10,0.888828694820404
11663_10,0.9994970560073853
11664_9,0.9947651624679565
11665_9,0.996399998664856
11666_10,0.9985930323600769
11667_8,0.984904408454895
11668_9,0.9863469004631042
11669_10,0.2651946544647217
1166_10,0.9090805649757385
11670_7,0.509939432144165
11671_10,0.9627707600593567
11672_8,0.9974905252456665
11673_10,0.9939000606536865
11674_10,0.9789589047431946
11675_10,0.7448683381080627
11676_10,0.7448683381080627
11677_10,0.9267236590385437
11678_10,0.9984326958656311
11679_10,0.9901604652404785
1167_10,0.9714967012405396
11680_9,0.9949876070022583
11681_10,0.9835366606712341
11682_8,0.9968031644821167
11683_9,0.650787889957428
11684_10,0.9789589047431946
11685_10,0.9733662009239197
11686_10,0.9661211967468262
11687_10,0.9433498978614807
11688_7,0.7815844416618347
11689_7,0.9069103598594666
1168_10,0.9968326687812805
11690_10,0.9987239241600037
11691_7,0.231711283326149
11692_9,0.9021813869476318
11693_10,0.9996201992034912
11694_8,0.9977158308029175
11695_8,0.8479152917861938
11696_10,0.9749774932861328
11697_7,0.9924759268760681
11698_10,0.0891382172703743
11699_8,0.7259429693222046
1169_10,0.9972112774848938
116_10,0.7379194498062134
11700_9,0.9506350159645081
11701_8,0.3191419541835785
11702_8,0.4679412841796875
11703_7,0.9880262613296509
11704_10,0.9592077136039734
11705_8,0.988595187664032
11706_8,0.9663993120193481
11707_10,0.9803264141082764
11708_7,0.9817467927932739
11709_9,0.9912009239196777
1170_10,0.9926133155822754
11710_7,0.9948928356170654
11711_9,0.987764298915863
11712_7,0.7683113217353821
11713_9,0.9875489473342896
11714_7,0.9578237533569336
11715_7,0.8790771961212158
11716_10,0.20779874920845032
11717_10,0.9938317537307739
11718_7,0.9985113739967346
11719_9,0.9863638281822205
1171_8,0.9921842217445374
11720_7,0.9964823722839355
11721_9,0.9981318116188049
11722_9,0.993895947933197
11723_10,0.9990315437316895
11724_7,0.8617345690727234
11725_10,0.9934417009353638
11726_10,0.9722795486450195
11727_8,0.9933724403381348
11728_7,0.44950467348098755
11729_10,0.8739525079727173
1172_7,0.976260244846344
11730_8,0.9804192185401917
11731_7,0.6451370120048523
11732_7,0.9679058790206909
11733_10,0.9753807187080383
11734_10,0.9022998809814453
11735_8,0.9112071990966797
11736_9,0.41210469603538513
11737_10,0.9884284138679504
11738_9,0.9903941750526428
11739_8,0.9976934790611267
1173_7,0.9113206267356873
11740_7,0.5419549345970154
11741_10,0.994835615158081
11742_9,0.9955511093139648
11743_9,0.9954521059989929
11744_7,0.9897699356079102
11745_9,0.9984833598136902
11746_8,0.9957945346832275
11747_10,0.9986096620559692
11748_8,0.9672033786773682
11749_7,0.8770893812179565
1174_7,0.9762479662895203
11750_10,0.9936030507087708
11751_9,0.9935287833213806
11752_10,0.9955109357833862
11753_8,0.9828569293022156
11754_10,0.9981914162635803
11755_7,0.9967053532600403
11756_9,0.9472838044166565
11757_9,0.9995871186256409
11758_7,0.9987433552742004
11759_10,0.9965999722480774
1175_8,0.9828741550445557
11760_7,0.3391954004764557
11761_7,0.6126540899276733
11762_8,0.9032175540924072
11763_8,0.9834820032119751
11764_7,0.9637377858161926
11765_8,0.39606139063835144
11766_7,0.9879422783851624
11767_8,0.9959264993667603
11768_8,0.9959264993667603
11769_10,0.9855486750602722
1176_9,0.9993082284927368
11770_10,0.9984519481658936
11771_7,0.49759602546691895
11772_7,0.669704794883728
11773_10,0.9537642002105713
11774_10,0.9943581223487854
11775_10,0.9936098456382751
11776_10,0.3755514323711395
11777_9,0.9272302985191345
11778_10,0.9876309037208557
11779_10,0.6735311150550842
1177_8,0.7335149645805359
11780_8,0.8424966931343079
11781_10,0.0900934711098671
11782_8,0.08240732550621033
11783_10,0.978861927986145
11784_10,0.34178319573402405
11785_10,0.6011542081832886
11786_10,0.9904487729072571
11787_10,0.9813035726547241
11788_10,0.9863972067832947
11789_9,0.996098518371582
1178_10,0.9819736480712891
11790_10,0.9908333420753479
11791_10,0.9962926506996155
11792_10,0.9835050702095032
11793_7,0.9830752611160278
11794_8,0.9989751577377319
11795_8,0.9054368734359741
11796_10,0.19303525984287262
11797_9,0.9594239592552185
11798_10,0.9990328550338745
11799_10,0.9722735285758972
1179_7,0.5756242871284485
117_10,0.9941786527633667
11800_10,0.9505370259284973
11801_10,0.7578921318054199
11802_10,0.998451828956604
11803_8,0.9348992705345154
11804_10,0.9907203912734985
11805_7,0.29105648398399353
11806_10,0.9864422082901001
11807_8,0.9983861446380615
11808_8,0.9034808278083801
11809_10,0.9911004900932312
1180_7,0.9729755520820618
11810_10,0.9982643723487854
11811_10,0.998102605342865
11812_8,0.9958691000938416
11813_10,0.9941243529319763
11814_10,0.9960000514984131
11815_10,0.9445141553878784
11816_9,0.9917775392532349
11817_10,0.996048629283905
11818_8,0.9971259236335754
11819_10,0.8970972299575806
1181_10,0.975581169128418
11820_10,0.9988232254981995
11821_10,0.9924753308296204
11822_10,0.9943970441818237
11823_8,0.9959942102432251
11824_10,0.9973254203796387
11825_10,0.9970556497573853
11826_10,0.9944592714309692
11827_10,0.9933363199234009
11828_7,0.9116107225418091
11829_8,0.9883754253387451
1182_7,0.8470542430877686
11830_10,0.3523354232311249
11831_8,0.34863221645355225
11832_10,0.9976779818534851
11833_10,0.9964956641197205
11834_8,0.9933776259422302
11835_10,0.9994760155677795
11836_7,0.5514079332351685
11837_9,0.7724901437759399
11838_10,0.9991579055786133
11839_10,0.9756098985671997
1183_10,0.9788779616355896
11840_10,0.9645758867263794
11841_9,0.950019121170044
11842_10,0.991524338722229
11843_9,0.8850045800209045
11844_9,0.9945348501205444
11845_7,0.9817351698875427
11846_9,0.2609442472457886
11847_8,0.9931128621101379
11848_10,0.9865459203720093
11849_9,0.9995185136795044
1184_10,0.2774755656719208
11850_7,0.6656720042228699
11851_8,0.25465914607048035
11852_7,0.14223836362361908
11853_9,0.9601834416389465
11854_7,0.9432933926582336
11855_10,0.9477912187576294
11856_7,0.9668939113616943
11857_10,0.9753411412239075
11858_7,0.9590398073196411
11859_8,0.6932082176208496
1185_10,0.9995086193084717
11860_10,0.986710250377655
11861_9,0.9241785407066345
11862_7,0.18164581060409546
11863_8,0.7453278303146362
11864_7,0.9919384121894836
11865_7,0.8708012700080872
11866_10,0.9064650535583496
11867_8,0.3937089741230011
11868_8,0.9911895990371704
11869_10,0.9984548091888428
1186_10,0.9765525460243225
11870_8,0.9852095246315002
11871_8,0.9630858898162842
11872_7,0.9978891015052795
11873_8,0.9010187387466431
11874_8,0.8032206892967224
11875_8,0.9958769083023071
11876_10,0.9944838881492615
11877_10,0.9961429238319397
11878_9,0.9948134422302246
11879_10,0.9660037159919739
1187_7,0.8320415616035461
11880_10,0.9539661407470703
11881_10,0.6290836930274963
11882_10,0.09458871930837631
11883_10,0.9919486045837402
11884_10,0.9975765347480774
11885_9,0.9118480086326599
11886_9,0.9483398199081421
11887_8,0.988778293132782
11888_10,0.9554231762886047
11889_10,0.9976504445075989
1188_10,0.9949216246604919
11890_10,0.9646816253662109
11891_10,0.9921923279762268
11892_10,0.9957066178321838
11893_10,0.9981274008750916
11894_8,0.9590912461280823
11895_10,0.9978443384170532
11896_10,0.8006699085235596
11897_10,0.9973244667053223
11898_9,0.9842743277549744
11899_10,0.9960646033287048
1189_10,0.9986224174499512
118_10,0.9799933433532715
11900_10,0.9983466863632202
11901_10,0.9785818457603455
11902_10,0.9908011555671692
11903_10,0.888502299785614
11904_8,0.9870826005935669
11905_10,0.9743459224700928
11906_8,0.9082260131835938
11907_9,0.9981368780136108
11908_9,0.9791145324707031
11909_10,0.9937397241592407
1190_10,0.8075697422027588
11910_10,0.9508149027824402
11911_8,0.05237198248505592
11912_7,0.997614860534668
11913_7,0.9925664663314819
11914_7,0.06854026019573212
11915_9,0.9958898425102234
11916_10,0.9944158792495728
11917_10,0.9915233850479126
11918_10,0.9989609718322754
11919_10,0.9875425100326538
1191_7,0.9974263310432434
11920_9,0.9970389604568481
11921_7,0.9976389408111572
11922_9,0.9960132837295532
11923_8,0.8844929337501526
11924_10,0.9931066632270813
11925_10,0.7369656562805176
11926_8,0.3569502532482147
11927_8,0.9968708157539368
11928_8,0.9909135103225708
11929_10,0.9901248216629028
1192_10,0.9676697254180908
11930_8,0.42041656374931335
11931_8,0.9888516068458557
11932_10,0.7528049349784851
11933_10,0.9955182671546936
11934_8,0.9942595958709717
11935_9,0.9873486757278442
11936_8,0.9278478026390076
11937_9,0.9844878315925598
11938_9,0.9984203577041626
11939_7,0.5272533893585205
1193_10,0.9916417598724365
11940_10,0.8996004462242126
11941_7,0.8486083149909973
11942_8,0.9726300239562988
11943_7,0.9988070726394653
11944_8,0.37519124150276184
11945_7,0.9227851629257202
11946_7,0.977985143661499
11947_10,0.8688403367996216
11948_10,0.9375473260879517
11949_9,0.988145112991333
1194_10,0.9980788230895996
11950_7,0.5464187860488892
11951_10,0.5167308449745178
11952_7,0.9990518689155579
11953_10,0.9896714687347412
11954_9,0.8993995785713196
11955_9,0.9900299310684204
11956_8,0.7168530225753784
11957_10,0.2865138351917267
11958_8,0.364495187997818
11959_10,0.9959807395935059
1195_10,0.9727808237075806
11960_7,0.9728727340698242
11961_8,0.9854334592819214
11962_8,0.9155236482620239
11963_9,0.9796390533447266
11964_9,0.973741888999939
11965_8,0.8545839190483093
11966_8,0.7813736796379089
11967_9,0.4906100630760193
11968_8,0.3317165970802307
11969_10,0.2159477025270462
1196_9,0.998329222202301
11970_10,0.9164934754371643
11971_8,0.02226087637245655
11972_7,0.15644575655460358
11973_10,0.9729046821594238
11974_7,0.3112894892692566
11975_8,0.8887351155281067
11976_10,0.41673851013183594
11977_10,0.9874251484870911
11978_10,0.8720169067382812
11979_10,0.4227709472179413
1197_9,0.9977622032165527
11980_10,0.9981556534767151
11981_10,0.4625017046928406
11982_9,0.9980989098548889
11983_10,0.9824222922325134
11984_8,0.18561528623104095
11985_8,0.8924596905708313
11986_7,0.9501014351844788
11987_10,0.6904457807540894
11988_10,0.9344499111175537
11989_8,0.9924709796905518
1198_10,0.9984493255615234
11990_10,0.8889763951301575
11991_10,0.055095165967941284
11992_10,0.9727909564971924
11993_10,0.7628583908081055
11994_9,0.9879845380783081
11995_7,0.9009001851081848
11996_7,0.46400758624076843
11997_7,0.06495316326618195
11998_8,0.9989203214645386
11999_8,0.016606910154223442
1199_10,0.9943086504936218
119_9,0.9796887040138245
11_8,0.9577478766441345
12000_9,0.9837666749954224
12001_8,0.9871082901954651
12002_8,0.9938821792602539
12003_9,0.18313074111938477
12004_9,0.9104485511779785
12005_7,0.9196513295173645
12006_10,0.9755321741104126
12007_8,0.6867115497589111
12008_8,0.9681419134140015
12009_10,0.8470889329910278
1200_10,0.9863090515136719
12010_8,0.23068273067474365
12011_8,0.7993366122245789
12012_10,0.9713682532310486
12013_7,0.9683383703231812
12014_10,0.9763382077217102
12015_8,0.8677055239677429
12016_7,0.9384247660636902
12017_8,0.9924553632736206
12018_10,0.9965528249740601
12019_10,0.7469522356987
1201_10,0.9742644429206848
12020_10,0.6720690131187439
12021_8,0.8839418292045593
12022_10,0.47832727432250977
12023_8,0.989909291267395
12024_10,0.9171860814094543
12025_9,0.957684338092804
12026_9,0.9995050430297852
12027_10,0.8618078231811523
12028_10,0.986084520816803
12029_10,0.7194904088973999
1202_9,0.9968088269233704
12030_8,0.803398609161377
12031_10,0.975209653377533
12032_7,0.15038982033729553
12033_7,0.6337746381759644
12034_10,0.23723280429840088
12035_9,0.9863730669021606
12036_7,0.9108790755271912
12037_7,0.5122527480125427
12038_10,0.9933738708496094
12039_8,0.9745650887489319
1203_7,0.9714744687080383
12040_9,0.997714638710022
12041_7,0.9439260959625244
12042_9,0.9984256029129028
12043_9,0.9951617121696472
12044_10,0.999129593372345
12045_10,0.9967622756958008
12046_10,0.9994577765464783
12047_8,0.46312397718429565
12048_7,0.998836100101471
12049_8,0.9970529079437256
1204_8,0.995855987071991
12050_9,0.9135239124298096
12051_10,0.9934225678443909
12052_8,0.7678386569023132
12053_9,0.9728444218635559
12054_9,0.9896133542060852
12055_8,0.9887263178825378
12056_9,0.9756695628166199
12057_10,0.9814204573631287
12058_9,0.43655717372894287
12059_10,0.9946156144142151
1205_10,0.9979175925254822
12060_10,0.9855140447616577
12061_8,0.9954313039779663
12062_10,0.8752387166023254
12063_10,0.9970697164535522
12064_10,0.7640356421470642
12065_10,0.9073478579521179
12066_10,0.9921499490737915
12067_7,0.8085442781448364
12068_7,0.9753840565681458
12069_10,0.9863938689231873
1206_10,0.9963622689247131
12070_8,0.23996411263942719
12071_10,0.9486181735992432
12072_9,0.9447962641716003
12073_10,0.9988448619842529
12074_10,0.994750440120697
12075_10,0.6588937640190125
12076_10,0.9996230602264404
12077_8,0.9496220350265503
12078_8,0.7303879261016846
12079_10,0.722591757774353
1207_10,0.9095039963722229
12080_10,0.9947066903114319
12081_10,0.9593100547790527
12082_10,0.9944412112236023
12083_10,0.9932471513748169
12084_10,0.9882470965385437
12085_10,0.5086662173271179
12086_9,0.8827877044677734
12087_10,0.9516021609306335
12088_7,0.851996898651123
12089_10,0.991869330406189
1208_10,0.9270399212837219
12090_8,0.9556252956390381
12091_8,0.9941409230232239
12092_8,0.9970347881317139
12093_8,0.9530181884765625
12094_10,0.8981931805610657
12095_9,0.9737414121627808
12096_10,0.996638298034668
12097_10,0.9446024298667908
12098_10,0.6298070549964905
12099_8,0.9886085987091064
1209_7,0.994188666343689
120_9,0.9954901337623596
12100_10,0.9697476625442505
12101_8,0.9779370427131653
12102_10,0.9968306422233582
12103_10,0.9992994070053101
12104_7,0.9659942388534546
12105_10,0.997040331363678
12106_10,0.9988264441490173
12107_9,0.9842329025268555
12108_10,0.9753201603889465
12109_10,0.9924741387367249
1210_8,0.97479647397995
12110_7,0.7067316174507141
12111_8,0.977330207824707
12112_8,0.2096531242132187
12113_7,0.9365760087966919
12114_9,0.8831723928451538
12115_7,0.8756441473960876
12116_9,0.984283447265625
12117_10,0.9987784028053284
12118_8,0.9861511588096619
12119_10,0.8910980224609375
1211_8,0.9914823770523071
12120_7,0.3478735387325287
12121_9,0.7041946649551392
12122_10,0.986775815486908
12123_7,0.7009478807449341
12124_8,0.9992627501487732
12125_7,0.9962456822395325
12126_8,0.9993155002593994
12127_10,0.9349002242088318
12128_7,0.7870864868164062
12129_10,0.9799498915672302
1212_7,0.8727350234985352
12130_8,0.9976153373718262
12131_8,0.9984960556030273
12132_8,0.8878282308578491
12133_7,0.9598076939582825
12134_7,0.9589969515800476
12135_8,0.9817239046096802
12136_8,0.6316800713539124
12137_8,0.809840977191925
12138_7,0.11902789771556854
12139_7,0.5284280180931091
1213_7,0.09163057059049606
12140_8,0.9645248651504517
12141_9,0.7791550755500793
12142_8,0.9962904453277588
12143_9,0.885534405708313
12144_8,0.9938114285469055
12145_9,0.9376758933067322
12146_8,0.9010700583457947
12147_10,0.9987800717353821
12148_9,0.9917330741882324
12149_10,0.949249804019928
1214_7,0.5231629014015198
12150_10,0.9839747548103333
12151_10,0.9750075340270996
12152_10,0.3723617494106293
12153_7,0.8585283160209656
12154_7,0.2137160748243332
12155_10,0.458956241607666
12156_8,0.8217718601226807
12157_7,0.9811556339263916
12158_10,0.9026720523834229
12159_8,0.9627900719642639
1215_10,0.9765729308128357
12160_8,0.9678581953048706
12161_8,0.33352774381637573
12162_8,0.9672588109970093
12163_7,0.907397449016571
12164_8,0.9049293994903564
12165_8,0.8856868147850037
12166_10,0.9588676691055298
12167_7,0.9843738079071045
12168_10,0.9758061170578003
12169_8,0.9919791221618652
1216_10,0.8753736615180969
12170_9,0.9257329702377319
12171_9,0.2356783002614975
12172_8,0.7531669735908508
12173_9,0.8788914084434509
12174_10,0.9034466743469238
12175_9,0.9406575560569763
12176_10,0.9533563256263733
12177_8,0.9642773270606995
12178_7,0.16880865395069122
12179_7,0.7444277405738831
1217_7,0.9958910942077637
12180_7,0.6530260443687439
12181_10,0.9971038699150085
12182_10,0.6765725612640381
12183_9,0.964743971824646
12184_10,0.9954909682273865
12185_10,0.9960624575614929
12186_10,0.8828083872795105
12187_8,0.9923054575920105
12188_10,0.9957492351531982
12189_10,0.9959852695465088
1218_10,0.9887793064117432
12190_9,0.9653505682945251
12191_9,0.8526203036308289
12192_7,0.9774658679962158
12193_8,0.9763088822364807
12194_10,0.9872740507125854
12195_10,0.9993165731430054
12196_7,0.15503686666488647
12197_7,0.7776249647140503
12198_10,0.9728121757507324
12199_7,0.6808855533599854
1219_9,0.9991795420646667
121_8,0.5235278606414795
12200_10,0.8845762014389038
12201_10,0.9971917271614075
12202_10,0.9746702909469604
12203_10,0.9664521813392639
12204_10,0.9279347658157349
12205_10,0.2003718912601471
12206_10,0.6242567896842957
12207_9,0.9806708097457886
12208_9,0.9898966550827026
12209_9,0.9697607755661011
1220_10,0.9771276712417603
12210_10,0.7311327457427979
12211_10,0.8184427618980408
12212_10,0.9901404976844788
12213_10,0.9946327209472656
12214_10,0.8682693243026733
12215_10,0.6014804840087891
12216_10,0.8321905136108398
12217_9,0.971387505531311
12218_8,0.9916099905967712
12219_7,0.9934466481208801
1221_10,0.9930382370948792
12220_8,0.32006970047950745
12221_10,0.9728322625160217
12222_7,0.06463278830051422
12223_7,0.7903138995170593
12224_9,0.974898099899292
12225_10,0.9738398790359497
12226_7,0.4010970890522003
12227_7,0.9078495502471924
12228_9,0.9940891265869141
12229_9,0.9984501600265503
1222_8,0.9749794602394104
12230_7,0.976965069770813
12231_7,0.9542431235313416
12232_8,0.9733500480651855
12233_10,0.9866484999656677
12234_7,0.8238518834114075
12235_8,0.8877843022346497
12236_10,0.9809276461601257
12237_10,0.9973956346511841
12238_10,0.0016915906453505158
12239_7,0.026108698919415474
1223_8,0.9940540194511414
12240_10,0.13841235637664795
12241_8,0.2587490677833557
12242_8,0.7527704238891602
12243_10,0.9827327728271484
12244_8,0.9977501034736633
12245_10,0.9995406866073608
12246_9,0.9879767298698425
12247_9,0.9825465679168701
12248_9,0.9947728514671326
12249_7,0.9729225039482117
1224_8,0.9803062677383423
12250_10,0.9900876879692078
12251_8,0.9961780309677124
12252_8,0.9985212683677673
12253_10,0.9929021000862122
12254_7,0.986807644367218
12255_9,0.9985652565956116
12256_9,0.837358832359314
12257_7,0.9960044026374817
12258_10,0.9971306920051575
12259_8,0.5260893702507019
1225_7,0.9822262525558472
12260_7,0.2809322774410248
12261_7,0.9987861514091492
12262_7,0.661254346370697
12263_10,0.9981048107147217
12264_7,0.9848606586456299
12265_9,0.9177823662757874
12266_7,0.9625109434127808
12267_8,0.9890347719192505
12268_9,0.9993793964385986
12269_9,0.9981303811073303
1226_7,0.9833961129188538
12270_9,0.9084902405738831
12271_10,0.9412439465522766
12272_8,0.9973811507225037
12273_9,0.99962317943573
12274_9,0.997925877571106
12275_7,0.8332619667053223
12276_9,0.9764547944068909
12277_7,0.501741886138916
12278_7,0.9547246694564819
12279_9,0.8173576593399048
1227_7,0.08016309142112732
12280_7,0.9981088638305664
12281_8,0.8256316781044006
12282_10,0.9895830154418945
12283_8,0.9981421232223511
12284_10,0.739025354385376
12285_10,0.996694803237915
12286_10,0.7710967659950256
12287_9,0.7375829219818115
12288_7,0.9572044014930725
12289_10,0.5487456917762756
1228_7,0.45612338185310364
12290_10,0.9930081367492676
12291_7,0.9106536507606506
12292_10,0.9711078405380249
12293_7,0.956419825553894
12294_10,0.9945688247680664
12295_7,0.9382013082504272
12296_9,0.6859941482543945
12297_7,0.9712164402008057
12298_9,0.9769534468650818
12299_9,0.808127224445343
1229_7,0.43096017837524414
122_8,0.3670279085636139
12300_10,0.9575046300888062
12301_10,0.9774558544158936
12302_9,0.9854512214660645
12303_10,0.8536339402198792
12304_10,0.8586604595184326
12305_9,0.9828726649284363
12306_10,0.7264310717582703
12307_9,0.9948073029518127
12308_10,0.9417808651924133
12309_10,0.9853261709213257
1230_10,0.9988788962364197
12310_10,0.9992961883544922
12311_10,0.999350368976593
12312_10,0.981194794178009
12313_10,0.9987056255340576
12314_10,0.9989584684371948
12315_10,0.9858086109161377
12316_9,0.9976669549942017
12317_10,0.9989618062973022
12318_10,0.9897881746292114
12319_10,0.988492488861084
1231_7,0.2938920855522156
12320_10,0.9723839163780212
12321_9,0.9971093535423279
12322_8,0.9803562164306641
12323_9,0.9959619641304016
12324_10,0.9941887855529785
12325_10,0.9169780611991882
12326_10,0.9097476005554199
12327_10,0.999271810054779
12328_7,0.9936714172363281
12329_8,0.5269162654876709
1232_8,0.8796959519386292
12330_8,0.4024703800678253
12331_9,0.5501190423965454
12332_7,0.2670655846595764
12333_7,0.0721476599574089
12334_8,0.8689060807228088
12335_7,0.7563740015029907
12336_7,0.4636367857456207
12337_9,0.9851260185241699
12338_8,0.4032958745956421
12339_7,0.9072004556655884
1233_10,0.9978756904602051
12340_8,0.9764403700828552
12341_7,0.867612898349762
12342_7,0.09591041505336761
12343_7,0.9395327568054199
12344_10,0.9389899969100952
12345_10,0.9672494530677795
12346_8,0.22489532828330994
12347_10,0.9725548028945923
12348_10,0.998202919960022
12349_9,0.9002775549888611
1234_10,0.9854975938796997
12350_10,0.9931942224502563
12351_8,0.9598371386528015
12352_8,0.37477463483810425
12353_7,0.9040327072143555
12354_8,0.5060458779335022
12355_8,0.9640911221504211
12356_10,0.007149839773774147
12357_7,0.3539622128009796
12358_7,0.9641644954681396
12359_7,0.22948430478572845
1235_8,0.9991807341575623
12360_7,0.6674337983131409
12361_9,0.9997556805610657
12362_10,0.9962524771690369
12363_7,0.9919695258140564
12364_7,0.8918681740760803
12365_10,0.9424505233764648
12366_9,0.9956167936325073
12367_9,0.9963201284408569
12368_9,0.9381555318832397
12369_10,0.9786060452461243
1236_7,0.8029782176017761
12370_10,0.8812885880470276
12371_10,0.9982611536979675
12372_9,0.9405724406242371
12373_10,0.9982154369354248
12374_10,0.9969525337219238
12375_10,0.6810486912727356
12376_10,0.19201785326004028
12377_10,0.1524406373500824
12378_7,0.33210813999176025
12379_7,0.26705050468444824
1237_7,0.9947649240493774
12380_7,0.24093568325042725
12381_10,0.977769136428833
12382_9,0.6884573101997375
12383_10,0.6710677742958069
12384_10,0.7339816689491272
12385_10,0.704463541507721
12386_10,0.05109540373086929
12387_8,0.6058083176612854
12388_7,0.8821967840194702
12389_8,0.9882302284240723
1238_8,0.9439592361450195
12390_7,0.9737181067466736
12391_8,0.9466649293899536
12392_10,0.9909430146217346
12393_7,0.5860838890075684
12394_7,0.12343871593475342
12395_10,0.9841663837432861
12396_9,0.9376795887947083
12397_10,0.8992921710014343
12398_10,0.98973149061203
12399_10,0.9770357608795166
1239_10,0.30941876769065857
123_10,0.9921100735664368
12400_8,0.9526812434196472
12401_10,0.9977476000785828
12402_10,0.9072545766830444
12403_10,0.9625579714775085
12404_10,0.9980970025062561
12405_10,0.9768276214599609
12406_10,0.997809112071991
12407_10,0.992327868938446
12408_10,0.9576448798179626
12409_10,0.9900174736976624
1240_9,0.9903298616409302
12410_10,0.9042772054672241
12411_8,0.9934008717536926
12412_7,0.9137064218521118
12413_9,0.24750342965126038
12414_8,0.9817004799842834
12415_8,0.9992339611053467
12416_7,0.9245203137397766
12417_9,0.15446901321411133
12418_7,0.7767284512519836
12419_8,0.5860670208930969
1241_7,0.16607441008090973
12420_10,0.5650837421417236
12421_8,0.9992567896842957
12422_7,0.18144464492797852
12423_9,0.9818376898765564
12424_7,0.354576051235199
12425_10,0.996875524520874
12426_7,0.3560124635696411
12427_8,0.9548521041870117
12428_7,0.7842167615890503
12429_10,0.5490142107009888
1242_7,0.8570955991744995
12430_8,0.8078042268753052
12431_8,0.9913333058357239
12432_7,0.8753544092178345
12433_8,0.9580727219581604
12434_8,0.2608626186847687
12435_8,0.9934675097465515
12436_10,0.9727423191070557
12437_8,0.9804368615150452
12438_10,0.6832112669944763
12439_8,0.9818199872970581
1243_7,0.8953542709350586
12440_7,0.6682870984077454
12441_9,0.35141584277153015
12442_10,0.8470147848129272
12443_10,0.9363507628440857
12444_10,0.8193137645721436
12445_10,0.9663553237915039
12446_9,0.9846490025520325
12447_7,0.9866707921028137
12448_10,0.9965043067932129
12449_8,0.9988127946853638
1244_9,0.9477056264877319
12450_7,0.9648122191429138
12451_10,0.9893010258674622
12452_8,0.9443292617797852
12453_10,0.8351828455924988
12454_10,0.8351828455924988
12455_10,0.9562161564826965
12456_8,0.9497438669204712
12457_8,0.8422222137451172
12458_10,0.6321830153465271
12459_10,0.9402822852134705
1245_8,0.9901342988014221
12460_8,0.9937042593955994
12461_8,0.9223485589027405
12462_9,0.9923186302185059
12463_10,0.26979416608810425
12464_8,0.9984034895896912
12465_10,0.9964434504508972
12466_10,0.9988443851470947
12467_10,0.9946229457855225
12468_10,0.9944871068000793
12469_7,0.9533196091651917
1246_9,0.9062676429748535
12470_7,0.9605149030685425
12471_8,0.996232807636261
12472_10,0.9958261847496033
12473_8,0.9896250367164612
12474_8,0.9329196214675903
12475_8,0.9342374801635742
12476_8,0.9751757383346558
12477_7,0.5903893709182739
12478_9,0.9949615001678467
12479_9,0.9361751675605774
1247_9,0.999152421951294
12480_8,0.9627368450164795
12481_10,0.996928870677948
12482_9,0.995192289352417
12483_7,0.966950535774231
12484_9,0.7116162776947021
12485_8,0.9799262881278992
12486_9,0.9597911238670349
12487_7,0.9718306660652161
12488_8,0.9379932880401611
12489_10,0.9780924320220947
1248_8,0.999169111251831
12490_10,0.9177109599113464
12491_9,0.9951245188713074
12492_10,0.9973432421684265
12493_7,0.988295316696167
12494_8,0.9813023209571838
12495_10,0.2561206519603729
12496_10,0.8013019561767578
12497_10,0.950873851776123
12498_7,0.2222789227962494
12499_10,0.7491819262504578
1249_9,0.6088574528694153
124_10,0.9676745533943176
1250_9,0.9992281198501587
1251_10,0.9992408752441406
1252_7,0.9146588444709778
1253_9,0.8252444863319397
1254_10,0.9994701743125916
1255_8,0.9959232807159424
1256_7,0.9844834208488464
1257_10,0.4525524079799652
1258_10,0.8525158762931824
1259_10,0.7915115356445312
125_7,0.7597121596336365
1260_10,0.9972610473632812
1261_7,0.07790111750364304
1262_8,0.9986294507980347
1263_9,0.9911682605743408
1264_9,0.9226911664009094
1265_10,0.9966806769371033
1266_8,0.996687114238739
1267_8,0.9996192455291748
1268_8,0.6198862195014954
1269_10,0.9793258905410767
126_10,0.9795681238174438
1270_8,0.964699387550354
1271_9,0.9972501397132874
1272_8,0.8979904055595398
1273_7,0.9718590378761292
1274_7,0.992255687713623
1275_7,0.998862624168396
1276_9,0.9685716032981873
1277_7,0.9840633869171143
1278_10,0.9577218294143677
1279_8,0.22555609047412872
127_10,0.9940330386161804
1280_9,0.9752190709114075
1281_9,0.9973694086074829
1282_10,0.9910091161727905
1283_10,0.9900516867637634
1284_9,0.8943494558334351
1285_9,0.9902334213256836
1286_8,0.9839990735054016
1287_8,0.9928827285766602
1288_8,0.9644908308982849
1289_8,0.9985666871070862
128_10,0.9998050332069397
1290_10,0.9974047541618347
1291_7,0.8783671259880066
1292_8,0.6372421979904175
1293_10,0.998374342918396
1294_7,0.9835844039916992
1295_8,0.9252938032150269
1296_8,0.8454322814941406
1297_7,0.4166775345802307
1298_8,0.958670437335968
1299_9,0.8765148520469666
129_9,0.9963346719741821
12_9,0.9918116331100464
1300_9,0.992683470249176
1301_9,0.9295267462730408
1302_8,0.6002945899963379
1303_10,0.9962660670280457
1304_8,0.44013237953186035
1305_9,0.941579282283783
1306_8,0.912062406539917
1307_10,0.9451351761817932
1308_8,0.9221954345703125
1309_7,0.7977133393287659
130_9,0.9827614426612854
1310_8,0.9921128749847412
1311_9,0.2849787473678589
1312_10,0.9987015724182129
1313_9,0.9963011741638184
1314_8,0.9953893423080444
1315_10,0.9771721959114075
1316_10,0.996738851070404
1317_10,0.9989272952079773
1318_8,0.9972971081733704
1319_10,0.9944835305213928
131_7,0.9046912789344788
1320_9,0.9905010461807251
1321_10,0.9984325766563416
1322_9,0.9329922795295715
1323_9,0.9996993541717529
1324_10,0.9991376399993896
1325_9,0.25058361887931824
1326_8,0.9813511371612549
1327_9,0.9934112429618835
1328_9,0.9940847754478455
1329_7,0.07632207125425339
132_9,0.9910849928855896
1330_10,0.9799388647079468
1331_9,0.8511742353439331
1332_7,0.7813843488693237
1333_7,0.5784487128257751
1334_10,0.8670300841331482
1335_7,0.8985395431518555
1336_10,0.5920069217681885
1337_10,0.9128945469856262
1338_7,0.8177914023399353
1339_8,0.8407147526741028
133_8,0.9052675366401672
1340_10,0.97409987449646
1341_10,0.9899909496307373
1342_10,0.9550502300262451
1343_10,0.9802196621894836
1344_10,0.9258328676223755
1345_9,0.9032312035560608
1346_7,0.8631529211997986
1347_8,0.9976736903190613
1348_8,0.9263031482696533
1349_9,0.983629047870636
134_8,0.9963397979736328
1350_8,0.4066818654537201
1351_7,0.941822350025177
1352_7,0.9947999715805054
1353_7,0.7568464875221252
1354_7,0.9693519473075867
1355_7,0.8237032890319824
1356_8,0.9952333569526672
1357_9,0.9662221074104309
1358_10,0.989051878452301
1359_10,0.41889452934265137
135_9,0.9797206521034241
1360_7,0.07598019391298294
1361_9,0.8641980290412903
1362_9,0.9607656002044678
1363_10,0.9912185072898865
1364_10,0.9279754757881165
1365_8,0.4771200716495514
1366_10,0.9242778420448303
1367_10,0.8496912121772766
1368_8,0.02190825715661049
1369_7,0.4456954896450043
136_9,0.9950430393218994
1370_10,0.5438651442527771
1371_8,0.46993711590766907
1372_10,0.9914081692695618
1373_10,0.08578179031610489
1374_9,0.8927907943725586
1375_10,0.9838189482688904
1376_8,0.02143903076648712
1377_10,0.9055595397949219
1378_10,0.7851196527481079
1379_10,0.8866541385650635
137_7,0.9538105130195618
1380_9,0.7472885251045227
1381_7,0.11314652115106583
1382_10,0.1975044310092926
1383_10,0.5770382285118103
1384_9,0.9918155074119568
1385_7,0.9973853230476379
1386_10,0.9379773139953613
1387_8,0.9014607667922974
1388_8,0.604771077632904
1389_7,0.5673278570175171
138_8,0.28694772720336914
1390_8,0.9985924363136292
1391_7,0.6396318674087524
1392_7,0.40458232164382935
1393_8,0.5805732607841492
1394_9,0.9468895196914673
1395_7,0.3492383062839508
1396_8,0.996852457523346
1397_10,0.1557234227657318
1398_8,0.7599767446517944
1399_7,0.7262778282165527
139_9,0.9447129368782043
13_9,0.9930709004402161
1400_7,0.29600441455841064
1401_10,0.9936107993125916
1402_8,0.9755240082740784
1403_7,0.620633065700531
1404_10,0.9988616704940796
1405_10,0.9909351468086243
1406_10,0.9849907755851746
1407_7,0.8958221673965454
1408_10,0.8992134928703308
1409_10,0.2757294476032257
140_9,0.9842967391014099
1410_7,0.9408296942710876
1411_10,0.996600329875946
1412_7,0.9900392889976501
1413_9,0.5640575885772705
1414_10,0.9962689876556396
1415_9,0.7899127006530762
1416_7,0.9682101011276245
1417_9,0.9926322102546692
1418_10,0.9988052845001221
1419_10,0.9135035276412964
141_8,0.9928170442581177
1420_8,0.9855281710624695
1421_10,0.9245690703392029
1422_10,0.8362796902656555
1423_10,0.8362796902656555
1424_10,0.8362796902656555
1425_8,0.9247838258743286
1426_7,0.9807135462760925
1427_10,0.9847672581672668
1428_10,0.955864429473877
1429_7,0.34064608812332153
142_8,0.9960000514984131
1430_10,0.9952589869499207
1431_7,0.23696371912956238
1432_10,0.8822684288024902
1433_8,0.9971434473991394
1434_10,0.9974848031997681
1435_10,0.9959225654602051
1436_9,0.9965985417366028
1437_8,0.9663022756576538
1438_9,0.9975144863128662
1439_8,0.8194543123245239
143_8,0.6440857648849487
1440_8,0.9823800325393677
1441_8,0.9971434473991394
1442_8,0.9558629393577576
1443_7,0.6045324206352234
1444_8,0.17742100358009338
1445_9,0.4849015176296234
1446_9,0.9691839814186096
1447_9,0.939778745174408
1448_8,0.2511870563030243
1449_8,0.9997826218605042
144_9,0.9822039604187012
1450_10,0.1371787190437317
1451_7,0.9003651738166809
1452_9,0.9730212688446045
1453_10,0.9978677034378052
1454_8,0.9989587068557739
1455_10,0.992057740688324
1456_8,0.8911649584770203
1457_10,0.9767041206359863
1458_8,0.9076358079910278
1459_7,0.9897339940071106
145_9,0.9419814944267273
1460_9,0.979241669178009
1461_7,0.8498327136039734
1462_9,0.9109008312225342
1463_9,0.9268260598182678
1464_9,0.85859614610672
1465_7,0.9905139207839966
1466_8,0.9909845590591431
1467_10,0.9903270602226257
1468_7,0.9838590025901794
1469_9,0.9493274688720703
146_8,0.9938395619392395
1470_8,0.7670710682868958
1471_10,0.9911732077598572
1472_10,0.07263840734958649
1473_7,0.052070822566747665
1474_7,0.4769268333911896
1475_7,0.8907768130302429
1476_8,0.8406972885131836
1477_8,0.8782429695129395
1478_8,0.31803953647613525
1479_8,0.35450106859207153
147_10,0.9597198367118835
1480_7,0.17787805199623108
1481_10,0.9929163455963135
1482_10,0.967861533164978
1483_8,0.9181081056594849
1484_10,0.9991132616996765
1485_10,0.6018226742744446
1486_9,0.2825946509838104
1487_9,0.9235312342643738
1488_10,0.8483237624168396
1489_10,0.9803927540779114
148_9,0.18781669437885284
1490_9,0.9760779142379761
1491_10,0.9814556241035461
1492_9,0.9018368124961853
1493_10,0.9876492619514465
1494_10,0.9940000772476196
1495_9,0.9636910557746887
1496_10,0.9990910291671753
1497_10,0.8893890380859375
1498_10,0.9712435007095337
1499_9,0.9262689352035522
149_9,0.9934073686599731
14_8,0.9981452226638794
1500_9,0.2780880630016327
1501_9,0.6951146125793457
1502_10,0.34974581003189087
1503_8,0.38529103994369507
1504_9,0.9846360683441162
1505_7,0.7927407026290894
1506_7,0.870803952217102
1507_8,0.8384240865707397
1508_7,0.15898723900318146
1509_8,0.42551761865615845
150_9,0.9345219135284424
1510_8,0.10788501799106598
1511_9,0.22660639882087708
1512_9,0.998251736164093
1513_8,0.9495822787284851
1514_7,0.065737284719944
1515_7,0.3644964098930359
1516_7,0.9683706760406494
1517_9,0.982874870300293
1518_10,0.9579031467437744
1519_9,0.9661287665367126
151_8,0.9755656719207764
1520_8,0.3439873158931732
1521_8,0.9699828028678894
1522_10,0.8649387955665588
1523_10,0.9426246285438538
1524_10,0.9950962662696838
1525_10,0.8623411655426025
1526_7,0.8300443887710571
1527_10,0.9996066689491272
1528_9,0.9986090064048767
1529_10,0.9978025555610657
152_10,0.9943481087684631
1530_10,0.9254840612411499
1531_9,0.1413794904947281
1532_10,0.9916509985923767
1533_10,0.9861654043197632
1534_10,0.37701186537742615
1535_7,0.7490943074226379
1536_10,0.9474884271621704
1537_10,0.8569389581680298
1538_7,0.07913770526647568
1539_10,0.991958737373352
153_8,0.6865431666374207
1540_10,0.9845116138458252
1541_10,0.9966541528701782
1542_7,0.6436967253684998
1543_7,0.9871357083320618
1544_10,0.8474870324134827
1545_7,0.6803015470504761
1546_7,0.9727433323860168
1547_9,0.7906678318977356
1548_10,0.8272628784179688
1549_10,0.9755115509033203
154_9,0.9686319231987
1550_7,0.8494828939437866
1551_7,0.9069711565971375
1552_10,0.9960429668426514
1553_10,0.994101345539093
1554_8,0.8936026096343994
1555_10,0.9979029893875122
1556_9,0.9935932755470276
1557_10,0.5967060923576355
1558_9,0.994196891784668
1559_10,0.9954719543457031
155_8,0.7222360968589783
1560_10,0.997701108455658
1561_10,0.7760973572731018
1562_8,0.974312424659729
1563_8,0.9725515246391296
1564_8,0.9984380602836609
1565_7,0.5525164604187012
1566_8,0.9909874796867371
1567_7,0.6299552321434021
1568_9,0.9937618374824524
1569_8,0.9899469017982483
156_9,0.9957844614982605
1570_8,0.5718616843223572
1571_8,0.8463244438171387
1572_8,0.9742039442062378
1573_8,0.987497091293335
1574_9,0.9453479051589966
1575_8,0.9731350541114807
1576_7,0.6789635419845581
1577_8,0.11358156055212021
1578_7,0.10122523456811905
1579_7,0.031338129192590714
157_10,0.9972671270370483
1580_8,0.6899981498718262
1581_8,0.0944211333990097
1582_8,0.07315901666879654
1583_8,0.9128666520118713
1584_7,0.15228383243083954
1585_8,0.7688273787498474
1586_7,0.2789498269557953
1587_9,0.5993958115577698
1588_7,0.9396159052848816
1589_9,0.9979355335235596
158_9,0.95621657371521
1590_10,0.9946342706680298
1591_10,0.9823306798934937
1592_10,0.998559296131134
1593_10,0.7407715916633606
1594_8,0.9954041242599487
1595_10,0.835420548915863
1596_8,0.990693986415863
1597_7,0.5713908672332764
1598_10,0.4929203689098358
1599_7,0.029488934203982353
159_10,0.9989144802093506
15_10,0.9875120520591736
1600_10,0.951233446598053
1601_10,0.9467809796333313
1602_10,0.9615426659584045
1603_10,0.8538424968719482
1604_8,0.9951501488685608
1605_9,0.9546103477478027
1606_10,0.8561525344848633
1607_9,0.35237962007522583
1608_7,0.9460062384605408
1609_10,0.997427761554718
160_10,0.9576478004455566
1610_8,0.9918922185897827
1611_10,0.931446373462677
1612_8,0.8762145042419434
1613_10,0.8286442756652832
1614_10,0.9974257349967957
1615_9,0.986296534538269
1616_8,0.9932737350463867
1617_7,0.028357932344079018
1618_10,0.01664554513990879
1619_10,0.15122821927070618
161_7,0.20634637773036957
1620_7,0.6160585880279541
1621_9,0.9821151494979858
1622_9,0.6442878842353821
1623_8,0.9810092449188232
1624_8,0.9652207493782043
1625_9,0.984401285648346
1626_7,0.9930546879768372
1627_10,0.9412506222724915
1628_8,0.2778155207633972
1629_8,0.48477646708488464
162_8,0.3239874541759491
1630_7,0.7344023585319519
1631_7,0.9088372588157654
1632_7,0.950441300868988
1633_8,0.8762091994285583
1634_7,0.6939185857772827
1635_7,0.9180537462234497
1636_8,0.981462836265564
1637_10,0.9951788187026978
1638_10,0.9993290901184082
1639_10,0.9941482543945312
163_7,0.5707983374595642
1640_8,0.9738941192626953
1641_10,0.9997267127037048
1642_10,0.9920645356178284
1643_10,0.9965466856956482
1644_9,0.9452725648880005
1645_10,0.9987521171569824
1646_7,0.05116027221083641
1647_10,0.9060303568840027
1648_9,0.8883348107337952
1649_10,0.9228886961936951
164_7,0.33083608746528625
1650_9,0.7856898903846741
1651_10,0.9950100183486938
1652_10,0.9847260117530823
1653_10,0.9871464967727661
1654_10,0.9774273633956909
1655_9,0.9979807734489441
1656_7,0.998274564743042
1657_9,0.9566200375556946
1658_10,0.9817495346069336
1659_7,0.9090998768806458
165_7,0.653416097164154
1660_8,0.9990280866622925
1661_10,0.6143476963043213
1662_7,0.9906538128852844
1663_9,0.9926848411560059
1664_9,0.9930723309516907
1665_8,0.991917073726654
1666_9,0.9935221076011658
1667_10,0.9402913451194763
1668_7,0.991416871547699
1669_9,0.30276402831077576
166_7,0.694317102432251
1670_8,0.9878667593002319
1671_7,0.9895116686820984
1672_10,0.9918023943901062
1673_8,0.9961209893226624
1674_9,0.998630702495575
1675_9,0.9817443490028381
1676_10,0.9995518326759338
1677_10,0.9611031413078308
1678_9,0.9613224267959595
1679_10,0.998105525970459
167_10,0.9914273023605347
1680_10,0.9956990480422974
1681_10,0.9748824238777161
1682_10,0.9828481674194336
1683_9,0.6920552849769592
1684_8,0.9777166247367859
1685_10,0.9820383787155151
1686_10,0.9938750863075256
1687_10,0.9989967942237854
1688_10,0.9972612857818604
1689_8,0.7534142732620239
168_8,0.872344970703125
1690_9,0.9299106597900391
1691_10,0.9565724730491638
1692_10,0.40565162897109985
1693_7,0.9962726831436157
1694_7,0.8889416456222534
1695_7,0.9961453676223755
1696_10,0.8634679913520813
1697_7,0.9707089066505432
1698_10,0.9336172342300415
1699_8,0.7633950114250183
169_7,0.955075204372406
16_8,0.8388517498970032
1700_8,0.8683147430419922
1701_7,0.9560608863830566
1702_7,0.8098354935646057
1703_7,0.9931777715682983
1704_8,0.9823158383369446
1705_7,0.5139516592025757
1706_9,0.7876818776130676
1707_8,0.8535038828849792
1708_7,0.21128003299236298
1709_7,0.4731800854206085
170_7,0.22982047498226166
1710_10,0.9616143107414246
1711_8,0.4038858115673065
1712_8,0.963114321231842
1713_9,0.9968656897544861
1714_10,0.7174400091171265
1715_8,0.8851327300071716
1716_9,0.9582147002220154
1717_10,0.9812279343605042
1718_10,0.98832768201828
1719_10,0.9743779897689819
171_7,0.9926128387451172
1720_10,0.8999009728431702
1721_10,0.9760663509368896
1722_10,0.9989215135574341
1723_10,0.9990602135658264
1724_10,0.9976669549942017
1725_9,0.9903466105461121
1726_10,0.9772977828979492
1727_10,0.9939208030700684
1728_10,0.9582778215408325
1729_10,0.745254635810852
172_7,0.887942373752594
1730_10,0.8415987491607666
1731_10,0.997616171836853
1732_8,0.7273969054222107
1733_8,0.9979397654533386
1734_10,0.8407686948776245
1735_10,0.890169084072113
1736_10,0.978446364402771
1737_8,0.9649983644485474
1738_8,0.9893607497215271
1739_10,0.9873889684677124
173_7,0.8696898221969604
1740_9,0.9957410097122192
1741_10,0.920414388179779
1742_7,0.6442153453826904
1743_8,0.438823401927948
1744_8,0.9989251494407654
1745_8,0.9697447419166565
1746_10,0.9703233242034912
1747_8,0.9865297079086304
1748_10,0.9470981359481812
1749_10,0.42118600010871887
174_7,0.875698983669281
1750_10,0.9842200875282288
1751_10,0.9859147071838379
1752_10,0.975918710231781
1753_7,0.9930219054222107
1754_8,0.9052312970161438
1755_10,0.9947983026504517
1756_10,0.9406085014343262
1757_10,0.9934027791023254
1758_8,0.9957692623138428
1759_10,0.9963086247444153
175_8,0.38369062542915344
1760_9,0.8925004601478577
1761_10,0.9839276671409607
1762_10,0.5847135782241821
1763_10,0.998404324054718
1764_8,0.9949453473091125
1765_10,0.8871156573295593
1766_9,0.9266030788421631
1767_10,0.9989597797393799
1768_8,0.7998533844947815
1769_10,0.998991072177887
176_9,0.5392115116119385
1770_10,0.9958595633506775
1771_10,0.9612551331520081
1772_9,0.929440975189209
1773_7,0.9646381139755249
1774_7,0.3402526378631592
1775_10,0.9700639843940735
1776_7,0.9521913528442383
1777_10,0.48721200227737427
1778_10,0.13060341775417328
1779_9,0.26426181197166443
177_8,0.09261786937713623
1780_10,0.039861422032117844
1781_10,0.9278714060783386
1782_8,0.9596579074859619
1783_10,0.9539757370948792
1784_8,0.9604401588439941
1785_8,0.897462010383606
1786_8,0.9681977033615112
1787_7,0.9904146194458008
1788_10,0.9926871061325073
1789_7,0.5918946266174316
178_10,0.997514009475708
1790_10,0.9970526695251465
1791_10,0.28952106833457947
1792_8,0.8965067863464355
1793_9,0.9146193861961365
1794_9,0.9521580934524536
1795_8,0.6181934475898743
1796_8,0.762519896030426
1797_10,0.93802809715271
1798_10,0.9816499352455139
1799_9,0.9252740144729614
179_10,0.9902432560920715
17_8,0.9302510023117065
1800_9,0.9834324717521667
1801_10,0.9983254075050354
1802_7,0.9284536242485046
1803_10,0.9964614510536194
1804_8,0.9956860542297363
1805_7,0.9969550371170044
1806_9,0.9912598729133606
1807_7,0.862623929977417
1808_9,0.9890754222869873
1809_7,0.9896696209907532
180_10,0.9994335770606995
1810_10,0.9771983623504639
1811_9,0.9950804710388184
1812_8,0.6111855506896973
1813_9,0.5889719724655151
1814_10,0.9775677919387817
1815_10,0.9743083715438843
1816_10,0.9924501180648804
1817_10,0.9836199283599854
1818_10,0.9828745126724243
1819_10,0.9967851638793945
181_10,0.9976500868797302
1820_10,0.9987069368362427
1821_8,0.9989129304885864
1822_8,0.9965894222259521
1823_9,0.9965001344680786
1824_10,0.9979144930839539
1825_10,0.9986028075218201
1826_10,0.985471248626709
1827_10,0.9746062755584717
1828_9,0.9912727475166321
1829_8,0.980661153793335
182_10,0.9049611687660217
1830_9,0.9966180920600891
1831_9,0.9978824257850647
1832_7,0.9990672469139099
1833_9,0.9987928867340088
1834_9,0.9976150989532471
1835_8,0.9972686767578125
1836_7,0.9931465983390808
1837_9,0.9950944185256958
1838_10,0.9929696917533875
1839_8,0.9849861264228821
183_10,0.976909339427948
1840_10,0.9977272152900696
1841_10,0.9813492894172668
1842_10,0.996997594833374
1843_9,0.9705061912536621
1844_9,0.9982977509498596
1845_10,0.9981074333190918
1846_8,0.9993956089019775
1847_10,0.9934743046760559
1848_9,0.9861962795257568
1849_10,0.9978391528129578
184_9,0.9808798432350159
1850_10,0.9759697318077087
1851_10,0.9853079915046692
1852_10,0.7890006899833679
1853_8,0.8786498308181763
1854_10,0.9938511848449707
1855_10,0.9989907145500183
1856_7,0.09674778580665588
1857_7,0.6431505084037781
1858_8,0.25260400772094727
1859_10,0.9874566197395325
185_10,0.9889665246009827
1860_10,0.9921067953109741
1861_7,0.9781072735786438
1862_8,0.1685415655374527
1863_9,0.997271716594696
1864_8,0.9996786117553711
1865_8,0.8014771938323975
1866_9,0.9986482262611389
1867_9,0.9853684306144714
1868_10,0.8143357038497925
1869_10,0.996167004108429
186_9,0.9883930087089539
1870_8,0.9426991939544678
1871_10,0.9953718781471252
1872_7,0.9088879823684692
1873_7,0.5157744884490967
1874_9,0.8540269732475281
1875_7,0.858083963394165
1876_10,0.8572728633880615
1877_7,0.020931968465447426
1878_8,0.9904778003692627
1879_7,0.612238883972168
187_10,0.9983750581741333
1880_7,0.3271219730377197
1881_10,0.47259652614593506
1882_7,0.9546942114830017
1883_9,0.9847074151039124
1884_7,0.760500967502594
1885_8,0.1128607988357544
1886_10,0.99730384349823
1887_7,0.31349533796310425
1888_9,0.9969210624694824
1889_8,0.3635891377925873
188_10,0.9843379855155945
1890_10,0.9813180565834045
1891_10,0.9792223572731018
1892_10,0.9275455474853516
1893_8,0.7819113731384277
1894_10,0.03747261315584183
1895_10,0.13897192478179932
1896_10,0.6253312826156616
1897_10,0.5234711170196533
1898_10,0.5862137079238892
1899_10,0.9354221820831299
189_9,0.9996453523635864
18_8,0.9953125715255737
1900_8,0.6701646447181702
1901_10,0.18516187369823456
1902_10,0.9820290207862854
1903_10,0.9622599482536316
1904_10,0.5797083377838135
1905_8,0.4087698459625244
1906_7,0.42206546664237976
1907_10,0.8256794810295105
1908_10,0.9613451957702637
1909_9,0.32248198986053467
190_9,0.9967561364173889
1910_8,0.9825791120529175
1911_8,0.41302427649497986
1912_8,0.7839423418045044
1913_10,0.27826812863349915
1914_8,0.6072384119033813
1915_8,0.6510959267616272
1916_7,0.7609373331069946
1917_10,0.9944446682929993
1918_10,0.9946619868278503
1919_8,0.9991201758384705
191_9,0.9494330286979675
1920_10,0.9805265665054321
1921_8,0.9666640162467957
1922_10,0.280755877494812
1923_9,0.9050841927528381
1924_10,0.9498531222343445
1925_9,0.8762652277946472
1926_8,0.9387714266777039
1927_9,0.7985630631446838
1928_9,0.9960259199142456
1929_10,0.3204297125339508
192_10,0.9985957741737366
1930_9,0.9978691339492798
1931_10,0.9983032941818237
1932_10,0.9991733431816101
1933_9,0.9969697594642639
1934_7,0.5257740020751953
1935_7,0.2867458164691925
1936_7,0.7471135854721069
1937_10,0.9973446726799011
1938_7,0.9592647552490234
1939_8,0.5223098993301392
193_9,0.6530031561851501
1940_9,0.5038648247718811
1941_7,0.9418849349021912
1942_9,0.9918752312660217
1943_7,0.7306931018829346
1944_9,0.7450990080833435
1945_8,0.9354158043861389
1946_7,0.9799073934555054
1947_8,0.9614070057868958
1948_10,0.9989112615585327
1949_10,0.9935091137886047
194_7,0.9822774529457092
1950_9,0.8731268644332886
1951_7,0.9971237778663635
1952_7,0.2487253099679947
1953_10,0.9002676010131836
1954_8,0.914412260055542
1955_10,0.9989259839057922
1956_10,0.9981637597084045
1957_10,0.833175539970398
1958_10,0.9983331561088562
1959_9,0.6558222770690918
195_10,0.9981922507286072
1960_9,0.9759176969528198
1961_9,0.9998764991760254
1962_7,0.7172031998634338
1963_10,0.9697365164756775
1964_8,0.98990797996521
1965_10,0.7671639323234558
1966_9,0.9967041611671448
1967_10,0.27220356464385986
1968_8,0.8561265468597412
1969_10,0.9332960844039917
196_9,0.992434024810791
1970_8,0.9960206151008606
1971_7,0.6777310371398926
1972_7,0.7011693120002747
1973_9,0.914470911026001
1974_9,0.9847604632377625
1975_9,0.8776598572731018
1976_8,0.995465874671936
1977_9,0.9898669719696045
1978_7,0.9955523610115051
1979_10,0.8860641121864319
197_10,0.9965936541557312
1980_8,0.9834764003753662
1981_10,0.6909980177879333
1982_8,0.9952557682991028
1983_9,0.6549612879753113
1984_8,0.9589352011680603
1985_10,0.9528788328170776
1986_8,0.9625005125999451
1987_10,0.875829815864563
1988_8,0.991950273513794
1989_8,0.3858918845653534
198_7,0.9784533381462097
1990_7,0.9329810738563538
1991_7,0.9878414273262024
1992_10,0.803544819355011
1993_10,0.970490038394928
1994_10,0.9276098608970642
1995_10,0.4914681613445282
1996_10,0.6796234250068665
1997_8,0.9754003882408142
1998_8,0.07762908935546875
1999_7,0.6588388681411743
199_8,0.7404817938804626
19_10,0.998393714427948
1_10,0.998214602470398
2000_9,0.8180894255638123
2001_8,0.5636572241783142
2002_9,0.16629357635974884
2003_10,0.9227381348609924
2004_10,0.9617772698402405
2005_10,0.7067011594772339
2006_10,0.9981935620307922
2007_10,0.9983893632888794
2008_10,0.9990047812461853
2009_9,0.9984257221221924
200_8,0.9908113479614258
2010_10,0.9945800304412842
2011_10,0.9836910963058472
2012_9,0.9573141932487488
2013_7,0.7277825474739075
2014_7,0.9810532927513123
2015_10,0.9979650974273682
2016_10,0.9973074197769165
2017_10,0.9953019618988037
2018_10,0.9953019618988037
2019_10,0.9464924335479736
201_9,0.9941938519477844
2020_7,0.9565876722335815
2021_10,0.9728280901908875
2022_9,0.7362156510353088
2023_7,0.9559118151664734
2024_8,0.9990506768226624
2025_9,0.9892686009407043
2026_7,0.9908026456832886
2027_8,0.9961077570915222
2028_8,0.823255181312561
2029_8,0.5967864990234375
202_9,0.9962323307991028
2030_8,0.9969480633735657
2031_10,0.9787736535072327
2032_7,0.5787288546562195
2033_8,0.9649064540863037
2034_7,0.873424768447876
2035_8,0.9852471351623535
2036_7,0.9934619665145874
2037_7,0.6784652471542358
2038_8,0.912486732006073
2039_10,0.9994713664054871
203_10,0.9967309236526489
2040_10,0.9978615641593933
2041_7,0.7447840571403503
2042_8,0.9665575623512268
2043_7,0.8801817893981934
2044_10,0.9942726492881775
2045_10,0.9175150394439697
2046_9,0.9908739328384399
2047_9,0.854499101638794
2048_10,0.7956882119178772
2049_10,0.9897676110267639
204_9,0.9994725584983826
2050_10,0.9979864358901978
2051_7,0.9295384883880615
2052_10,0.9968668818473816
2053_8,0.9947814345359802
2054_9,0.9498231410980225
2055_9,0.9419599175453186
2056_10,0.8990331888198853
2057_10,0.9797379970550537
2058_9,0.9968716502189636
2059_10,0.9902190566062927
205_10,0.9888906478881836
2060_10,0.4628210961818695
2061_8,0.9772608876228333
2062_9,0.9951707720756531
2063_10,0.9277253150939941
2064_8,0.29706016182899475
2065_8,0.7456972599029541
2066_10,0.9424628019332886
2067_9,0.9916325211524963
2068_9,0.9872559309005737
2069_10,0.9883661866188049
206_10,0.9963215589523315
2070_10,0.823573112487793
2071_10,0.9152188897132874
2072_8,0.5244700312614441
2073_10,0.9099986553192139
2074_9,0.9654470086097717
2075_9,0.22416220605373383
2076_10,0.9335246682167053
2077_10,0.9052672982215881
2078_10,0.9598404169082642
2079_10,0.9925385117530823
207_9,0.9885709881782532
2080_10,0.9886156916618347
2081_10,0.9989168643951416
2082_8,0.9959779977798462
2083_7,0.9669974446296692
2084_9,0.503265917301178
2085_7,0.989627480506897
2086_10,0.9987149238586426
2087_9,0.9914630055427551
2088_9,0.9870336055755615
2089_10,0.999129593372345
208_10,0.6397810578346252
2090_10,0.6693688035011292
2091_10,0.996199905872345
2092_10,0.9920099973678589
2093_8,0.9929781556129456
2094_10,0.9978377223014832
2095_9,0.9765785932540894
2096_9,0.9851807355880737
2097_8,0.9625700116157532
2098_8,0.9979998469352722
2099_7,0.150778129696846
209_10,0.9917712807655334
20_9,0.9828540086746216
2100_7,0.9951258301734924
2101_8,0.9908384680747986
2102_9,0.9984006285667419
2103_8,0.9924061894416809
2104_10,0.9993637204170227
2105_9,0.9969239830970764
2106_8,0.9719834327697754
2107_7,0.7281210422515869
2108_8,0.18261374533176422
2109_10,0.9890894293785095
210_9,0.45179012417793274
2110_7,0.6328011155128479
2111_8,0.9080371856689453
2112_7,0.9968602657318115
2113_7,0.9981655478477478
2114_10,0.9963153004646301
2115_10,0.9618967175483704
2116_10,0.8119666576385498
2117_10,0.9937092065811157
2118_10,0.9227561354637146
2119_9,0.9936516284942627
211_10,0.9288181662559509
2120_10,0.960097074508667
2121_10,0.995192289352417
2122_10,0.9984500408172607
2123_8,0.9965452551841736
2124_8,0.9965452551841736
2125_10,0.998066246509552
2126_9,0.9864575266838074
2127_8,0.9917313456535339
2128_9,0.9807737469673157
2129_9,0.993819534778595
212_7,0.5423380732536316
2130_7,0.013332259841263294
2131_8,0.9881153106689453
2132_8,0.8838361501693726
2133_10,0.9953269958496094
2134_7,0.4408189654350281
2135_9,0.35660114884376526
2136_9,0.0834207683801651
2137_9,0.9927559494972229
2138_9,0.9955944418907166
2139_10,0.9954078793525696
213_10,0.824916660785675
2140_7,0.0405738390982151
2141_7,0.9391697645187378
2142_9,0.9948087930679321
2143_9,0.8045694828033447
2144_9,0.10642096400260925
2145_8,0.7834944128990173
2146_9,0.5354015827178955
2147_10,0.805362343788147
2148_7,0.9281763434410095
2149_10,0.9993249177932739
214_9,0.9193463325500488
2150_9,0.9981404542922974
2151_10,0.9843335747718811
2152_7,0.8751190900802612
2153_10,0.9757722616195679
2154_8,0.9993178844451904
2155_10,0.9105338454246521
2156_10,0.7659627199172974
2157_10,0.9957440495491028
2158_10,0.010931135155260563
2159_7,0.20549148321151733
215_8,0.8813518285751343
2160_7,0.012530445121228695
2161_7,0.9867064356803894
2162_7,0.9968187808990479
2163_8,0.7460066080093384
2164_7,0.6060271859169006
2165_8,0.9986549615859985
2166_8,0.86905437707901
2167_9,0.9139630794525146
2168_10,0.9991865754127502
2169_7,0.7531207203865051
216_10,0.4689834713935852
2170_8,0.984315812587738
2171_10,0.6532983183860779
2172_9,0.9930290579795837
2173_8,0.9966992735862732
2174_7,0.9636303186416626
2175_8,0.9931291341781616
2176_8,0.9616865515708923
2177_7,0.9065098166465759
2178_7,0.8243650197982788
2179_7,0.7299229502677917
217_8,0.976441502571106
2180_8,0.988923966884613
2181_7,0.1429261714220047
2182_8,0.9834704995155334
2183_7,0.6766647696495056
2184_7,0.9477560520172119
2185_10,0.9941936135292053
2186_10,0.9682528972625732
2187_9,0.9957500696182251
2188_9,0.9977434873580933
2189_8,0.9937034249305725
218_10,0.9533268213272095
2190_10,0.98936927318573
2191_10,0.8819738626480103
2192_10,0.9667401313781738
2193_10,0.9854373931884766
2194_10,0.9991075396537781
2195_9,0.9676957726478577
2196_8,0.987355649471283
2197_10,0.9978829026222229
2198_9,0.6311519742012024
2199_10,0.99013352394104
219_8,0.7599382996559143
21_9,0.9875780940055847
2200_10,0.9914484620094299
2201_10,0.9974472522735596
2202_8,0.9990078806877136
2203_10,0.990497887134552
2204_10,0.9979069232940674
2205_8,0.992186427116394
2206_10,0.9965217113494873
2207_10,0.9955992698669434
2208_10,0.7335332632064819
2209_8,0.692783534526825
220_10,0.7360203266143799
2210_8,0.8888502717018127
2211_7,0.9927815794944763
2212_8,0.9909583330154419
2213_8,0.937778115272522
2214_8,0.9944676160812378
2215_7,0.944121778011322
2216_7,0.6976069808006287
2217_8,0.9179555177688599
2218_10,0.985416829586029
2219_10,0.9857160449028015
221_9,0.7369102835655212
2220_9,0.5230961441993713
2221_8,0.7112106084823608
2222_10,0.9779859781265259
2223_10,0.6179006099700928
2224_10,0.8905198574066162
2225_10,0.8178936243057251
2226_10,0.7628611922264099
2227_10,0.9572252631187439
2228_10,0.9892439842224121
2229_10,0.9478725790977478
222_10,0.8489612936973572
2230_9,0.686447262763977
2231_7,0.33174780011177063
2232_7,0.7914898991584778
2233_9,0.8997229933738708
2234_7,0.9974833130836487
2235_7,0.7916660904884338
2236_7,0.9940541386604309
2237_7,0.6450932025909424
2238_7,0.9929601550102234
2239_8,0.8987168669700623
223_10,0.9405441284179688
2240_10,0.2341195046901703
2241_10,0.9964795708656311
2242_9,0.776831865310669
2243_7,0.9742261171340942
2244_7,0.8534043431282043
2245_10,0.8989163041114807
2246_10,0.6352803707122803
2247_10,0.8945446014404297
2248_10,0.8598188757896423
2249_9,0.9945374131202698
224_10,0.9051309823989868
2250_8,0.9621862173080444
2251_9,0.9945887327194214
2252_9,0.9897236824035645
2253_10,0.9962568283081055
2254_7,0.9946449995040894
2255_9,0.9968411922454834
2256_9,0.9975696206092834
2257_10,0.9799370169639587
2258_10,0.997399091720581
2259_9,0.9902222156524658
225_10,0.6547349095344543
2260_8,0.8822651505470276
2261_10,0.9737528562545776
2262_7,0.9566624760627747
2263_10,0.9989252686500549
2264_7,0.47693926095962524
2265_9,0.9978004097938538
2266_9,0.9992795586585999
2267_9,0.9982256293296814
2268_10,0.9983081817626953
2269_7,0.9961774349212646
226_9,0.9330919981002808
2270_8,0.9936723709106445
2271_10,0.9238139986991882
2272_8,0.9993138313293457
2273_9,0.9998559951782227
2274_10,0.9968632459640503
2275_9,0.9967049956321716
2276_8,0.9862301349639893
2277_8,0.9997327923774719
2278_10,0.9991183876991272
2279_8,0.9881491661071777
227_10,0.9871845841407776
2280_10,0.9288618564605713
2281_8,0.916148841381073
2282_8,0.9513490796089172
2283_10,0.9979773163795471
2284_9,0.9785110354423523
2285_8,0.9910757541656494
2286_9,0.9765947461128235
2287_10,0.9991405010223389
2288_8,0.9887903928756714
2289_8,0.9979771971702576
228_10,0.9307218194007874
2290_10,0.938458263874054
2291_8,0.9973751306533813
2292_10,0.8916255235671997
2293_8,0.995776891708374
2294_9,0.9949087500572205
2295_8,0.9853281378746033
2296_9,0.8974534869194031
2297_9,0.8760904669761658
2298_9,0.9961754083633423
2299_10,0.9959267377853394
229_10,0.44855159521102905
22_8,0.9715922474861145
2300_9,0.9099380373954773
2301_8,0.9986591339111328
2302_8,0.9981569647789001
2303_10,0.9450318217277527
2304_7,0.9614416360855103
2305_8,0.9708988666534424
2306_8,0.9981977343559265
2307_8,0.9739174246788025
2308_9,0.9642927050590515
2309_10,0.8231658935546875
230_7,0.7610594034194946
2310_10,0.9982024431228638
2311_9,0.9965356588363647
2312_10,0.9958465695381165
2313_8,0.6729736924171448
2314_10,0.9682949185371399
2315_10,0.9976340532302856
2316_8,0.5896233320236206
2317_7,0.43562451004981995
2318_8,0.9942787885665894
2319_8,0.9808812141418457
231_8,0.8849905133247375
2320_10,0.39491355419158936
2321_8,0.9987553358078003
2322_7,0.3163560628890991
2323_8,0.9712362289428711
2324_9,0.9962730407714844
2325_7,0.8210042715072632
2326_9,0.9754734039306641
2327_10,0.9666865468025208
2328_9,0.7146310210227966
2329_10,0.9776689410209656
232_7,0.9659940004348755
2330_10,0.9320881366729736
2331_9,0.9867169857025146
2332_8,0.879723072052002
2333_8,0.9106259346008301
2334_9,0.9772807955741882
2335_9,0.8132279515266418
2336_10,0.9989134073257446
2337_9,0.9812144041061401
2338_10,0.9871861338615417
2339_9,0.9977042078971863
233_8,0.9937756061553955
2340_10,0.9982022047042847
2341_10,0.9807519912719727
2342_10,0.9957738518714905
2343_8,0.9861539602279663
2344_10,0.8687077760696411
2345_8,0.9965023994445801
2346_10,0.9993606209754944
2347_10,0.9961521029472351
2348_9,0.9304830431938171
2349_8,0.9968692660331726
234_7,0.9985718727111816
2350_8,0.941821813583374
2351_7,0.9084315896034241
2352_7,0.9678089618682861
2353_7,0.9847937226295471
2354_8,0.7931544184684753
2355_7,0.9296584129333496
2356_7,0.23061345517635345
2357_7,0.7795840501785278
2358_7,0.835360050201416
2359_10,0.30249184370040894
235_7,0.996644139289856
2360_7,0.9701898694038391
2361_10,0.9964873790740967
2362_10,0.9759597182273865
2363_10,0.9864885210990906
2364_10,0.9940350651741028
2365_8,0.694507896900177
2366_7,0.9955775737762451
2367_10,0.5482013821601868
2368_8,0.9628980755805969
2369_8,0.629341185092926
236_10,0.9987292885780334
2370_8,0.9680411219596863
2371_10,0.9830867052078247
2372_10,0.48071905970573425
2373_10,0.41531699895858765
2374_7,0.2862091362476349
2375_7,0.17643624544143677
2376_9,0.4076266288757324
2377_9,0.6810303926467896
2378_10,0.9891263842582703
2379_9,0.9490962624549866
237_8,0.9966533780097961
2380_8,0.7669669985771179
2381_7,0.654978334903717
2382_7,0.9758516550064087
2383_8,0.8401090502738953
2384_8,0.9987239241600037
2385_9,0.9934095144271851
2386_9,0.9893001317977905
2387_10,0.9932290315628052
2388_10,0.9994469285011292
2389_9,0.9875653386116028
238_9,0.9500471949577332
2390_9,0.9934185743331909
2391_9,0.9979047775268555
2392_10,0.9851265549659729
2393_10,0.9930920600891113
2394_10,0.9992258548736572
2395_9,0.961835503578186
2396_8,0.8867033123970032
2397_8,0.995591402053833
2398_10,0.9989750385284424
2399_10,0.998180627822876
239_9,0.9704866409301758
23_10,0.9570670127868652
2400_8,0.9997606873512268
2401_7,0.6563900113105774
2402_10,0.8873507976531982
2403_10,0.9968050718307495
2404_8,0.983816385269165
2405_9,0.46844416856765747
2406_9,0.9919588565826416
2407_10,0.42363810539245605
2408_8,0.9335951209068298
2409_8,0.8820597529411316
240_9,0.9844253063201904
2410_7,0.9724152088165283
2411_8,0.4740632474422455
2412_10,0.9890222549438477
2413_9,0.8913546204566956
2414_7,0.6666191220283508
2415_7,0.9065693020820618
2416_7,0.9804943799972534
2417_8,0.9817644953727722
2418_8,0.9776115417480469
2419_7,0.6870079636573792
241_7,0.9963621497154236
2420_8,0.9971611499786377
2421_8,0.9825847744941711
2422_7,0.4651702642440796
2423_9,0.9603920578956604
2424_9,0.9186912178993225
2425_10,0.9979933500289917
2426_10,0.5797622799873352
2427_8,0.9799646139144897
2428_9,0.44664230942726135
2429_10,0.9753895998001099
242_10,0.9946927428245544
2430_8,0.9585972428321838
2431_9,0.9178239703178406
2432_10,0.999437153339386
2433_8,0.9978353381156921
2434_9,0.988419771194458
2435_10,0.9941363334655762
2436_10,0.7710130214691162
2437_10,0.9881750345230103
2438_10,0.9977218508720398
2439_10,0.998116135597229
243_9,0.9937065243721008
2440_8,0.9808639287948608
2441_10,0.9945979118347168
2442_10,0.9966607093811035
2443_10,0.9968855977058411
2444_10,0.9367003440856934
2445_8,0.9941072463989258
2446_10,0.6240938901901245
2447_7,0.7920945882797241
2448_7,0.9603720903396606
2449_9,0.9334957003593445
244_9,0.9942440390586853
2450_10,0.9964624047279358
2451_10,0.975864827632904
2452_7,0.8544843792915344
2453_9,0.9990971088409424
2454_10,0.9842047095298767
2455_8,0.991161584854126
2456_10,0.9977543950080872
2457_10,0.9641749262809753
2458_8,0.988959550857544
2459_9,0.9956992864608765
245_8,0.9957876801490784
2460_7,0.9822340607643127
2461_7,0.9823989272117615
2462_10,0.8581664562225342
2463_10,0.9977803826332092
2464_10,0.9567038416862488
2465_7,0.8832151293754578
2466_7,0.9713737368583679
2467_9,0.9542165994644165
2468_10,0.8954317569732666
2469_10,0.9988273978233337
246_10,0.997079610824585
2470_9,0.9989981055259705
2471_7,0.5592916011810303
2472_10,0.6991037726402283
2473_10,0.6865755319595337
2474_10,0.9299777746200562
2475_10,0.9944998025894165
2476_10,0.913113534450531
2477_10,0.906869649887085
2478_9,0.7018147706985474
2479_9,0.8373969197273254
247_8,0.9938157796859741
2480_10,0.41616520285606384
2481_10,0.8645921945571899
2482_10,0.996417760848999
2483_9,0.9979243278503418
2484_8,0.4975765347480774
2485_10,0.9440326690673828
2486_8,0.9644874334335327
2487_9,0.8359065651893616
2488_9,0.40941232442855835
2489_10,0.9896049499511719
248_7,0.999768078327179
2490_9,0.2667800188064575
2491_10,0.9230283498764038
2492_9,0.9731999635696411
2493_10,0.9808892607688904
2494_8,0.9889667630195618
2495_7,0.9927515983581543
2496_8,0.5322707891464233
2497_7,0.994335949420929
2498_7,0.9676291942596436
2499_10,0.9916947484016418
249_7,0.9922027587890625
24_10,0.9075844287872314
2500_8,0.9933567643165588
2501_7,0.9825571179389954
2502_8,0.998531699180603
2503_10,0.9955244064331055
2504_7,0.9862281084060669
2505_10,0.9984283447265625
2506_7,0.9967665672302246
2507_10,0.9858906269073486
2508_10,0.9874042272567749
2509_7,0.9968326687812805
250_10,0.9863828420639038
2510_7,0.9993119239807129
2511_10,0.9957096576690674
2512_9,0.9973304271697998
2513_8,0.9886592626571655
2514_7,0.25629135966300964
2515_8,0.9801751971244812
2516_10,0.537489116191864
2517_7,0.5812121629714966
2518_8,0.9741917252540588
2519_7,0.9878596663475037
251_8,0.8019949197769165
2520_9,0.978445291519165
2521_10,0.9996139407157898
2522_10,0.9579910039901733
2523_10,0.9949501752853394
2524_10,0.9990373849868774
2525_8,0.7446174621582031
2526_10,0.8430783152580261
2527_9,0.8055751323699951
2528_10,0.7154930233955383
2529_10,0.19792959094047546
252_9,0.9876147508621216
2530_9,0.876721203327179
2531_9,0.46944355964660645
2532_8,0.9578213691711426
2533_8,0.9808400273323059
2534_10,0.9901233315467834
2535_10,0.6880496144294739
2536_10,0.9538130164146423
2537_7,0.3151845932006836
2538_10,0.8409419655799866
2539_10,0.9576752781867981
253_10,0.9965113997459412
2540_9,0.6511664986610413
2541_10,0.9360241293907166
2542_9,0.9045040011405945
2543_9,0.9985979199409485
2544_10,0.9802417755126953
2545_10,0.9951247572898865
2546_9,0.4386948049068451
2547_7,0.6789022088050842
2548_7,0.9238005876541138
2549_7,0.9814791679382324
254_10,0.833206057548523
2550_10,0.9986580610275269
2551_10,0.9589823484420776
2552_10,0.8485333323478699
2553_8,0.9920135140419006
2554_10,0.9914413690567017
2555_8,0.9908893704414368
2556_8,0.5705684423446655
2557_9,0.8915031552314758
2558_10,0.9718054533004761
2559_10,0.9907387495040894
255_10,0.9875217080116272
2560_7,0.6344536542892456
2561_10,0.9518711566925049
2562_10,0.986443281173706
2563_7,0.824968159198761
2564_8,0.9816762208938599
2565_8,0.9580856561660767
2566_9,0.9667690992355347
2567_9,0.8579105138778687
2568_8,0.6947247385978699
2569_9,0.9974964261054993
256_10,0.9425491094589233
2570_8,0.9845400452613831
2571_7,0.9207614064216614
2572_10,0.9979687333106995
2573_10,0.26569363474845886
2574_10,0.8640233278274536
2575_10,0.9951536655426025
2576_9,0.9961001873016357
2577_8,0.8979849219322205
2578_8,0.9963622689247131
2579_9,0.9886000752449036
257_9,0.9804896712303162
2580_10,0.977942943572998
2581_9,0.9645168781280518
2582_10,0.9945427179336548
2583_8,0.988072395324707
2584_9,0.9940097332000732
2585_8,0.36847713589668274
2586_9,0.9688549637794495
2587_9,0.9573333859443665
2588_8,0.04094378650188446
2589_10,0.6931654214859009
258_8,0.8916767835617065
2590_10,0.8658472895622253
2591_9,0.9796430468559265
2592_8,0.9046792984008789
2593_10,0.01726980321109295
2594_10,0.6692832112312317
2595_7,0.22466637194156647
2596_10,0.9863790273666382
2597_10,0.16759523749351501
2598_10,0.996785044670105
2599_10,0.7266576290130615
259_10,0.9287603497505188
25_10,0.9970093965530396
2600_10,0.9692856669425964
2601_10,0.05099368095397949
2602_10,0.8868175148963928
2603_9,0.39461827278137207
2604_7,0.5555331110954285
2605_9,0.9942606687545776
2606_7,0.8794522881507874
2607_10,0.9078693985939026
2608_7,0.9974647760391235
2609_7,0.9012274742126465
260_10,0.9919765591621399
2610_7,0.8413804769515991
2611_8,0.8523658514022827
2612_10,0.27634018659591675
2613_10,0.9761919975280762
2614_10,0.9788354635238647
2615_10,0.6113930940628052
2616_10,0.21103012561798096
2617_10,0.9988206028938293
2618_10,0.8422750234603882
2619_10,0.4902281165122986
261_9,0.9959697723388672
2620_9,0.9863948822021484
2621_9,0.4876177906990051
2622_8,0.7475871443748474
2623_9,0.9919004440307617
2624_10,0.959604024887085
2625_10,0.9873650670051575
2626_10,0.9856171011924744
2627_10,0.9974095225334167
2628_10,0.9969723224639893
2629_10,0.998664140701294
262_9,0.8561121225357056
2630_10,0.9794736504554749
2631_9,0.06652595847845078
2632_9,0.9947338104248047
2633_7,0.9690995216369629
2634_10,0.9886052012443542
2635_10,0.11719559133052826
2636_7,0.5077574253082275
2637_10,0.9802185893058777
2638_7,0.5045555233955383
2639_7,0.7820942401885986
263_10,0.9711139798164368
2640_8,0.9982157945632935
2641_8,0.9605038166046143
2642_8,0.993017315864563
2643_9,0.995859682559967
2644_10,0.9673355221748352
2645_10,0.9963036775588989
2646_10,0.6753023266792297
2647_10,0.9954395890235901
2648_10,0.9961662292480469
2649_9,0.9132583141326904
264_10,0.993021547794342
2650_10,0.5562036037445068
2651_10,0.9914140701293945
2652_7,0.9321402907371521
2653_10,0.9879187941551208
2654_7,0.04158305004239082
2655_10,0.5918233394622803
2656_10,0.9831839203834534
2657_10,0.7991614937782288
2658_10,0.42148321866989136
2659_10,0.9611268043518066
265_9,0.9098257422447205
2660_9,0.9958957433700562
2661_10,0.9637274146080017
2662_10,0.9965069890022278
2663_10,0.9563462138175964
2664_10,0.9668466448783875
2665_10,0.9986613988876343
2666_10,0.993125319480896
2667_10,0.015303910709917545
2668_10,0.9499200582504272
2669_7,0.3696507215499878
266_8,0.9958974123001099
2670_8,0.9242561459541321
2671_7,0.8225599527359009
2672_10,0.9758742451667786
2673_9,0.03610987588763237
2674_7,0.7850052714347839
2675_7,0.04365275427699089
2676_10,0.9884578585624695
2677_10,0.9917123317718506
2678_10,0.981296956539154
2679_9,0.9950060248374939
267_10,0.8833734393119812
2680_9,0.9920456409454346
2681_10,0.9845400452613831
2682_10,0.9861059188842773
2683_10,0.7539297342300415
2684_10,0.984811544418335
2685_10,0.9976167678833008
2686_10,0.997826874256134
2687_9,0.9960298538208008
2688_9,0.9300177097320557
2689_9,0.9935727119445801
268_10,0.8195515275001526
2690_9,0.944229245185852
2691_7,0.8608163595199585
2692_7,0.9266107678413391
2693_9,0.9331945180892944
2694_10,0.9969685673713684
2695_9,0.7170305848121643
2696_10,0.946062445640564
2697_10,0.9991303086280823
2698_10,0.9751391410827637
2699_9,0.9645736813545227
269_8,0.8674914240837097
26_10,0.9907716512680054
2700_10,0.992033064365387
2701_10,0.8566905856132507
2702_7,0.9955784678459167
2703_7,0.9952799081802368
2704_9,0.9925744533538818
2705_7,0.4742400348186493
2706_10,0.7335348725318909
2707_8,0.8648106455802917
2708_9,0.9946633577346802
2709_10,0.9725375175476074
270_8,0.989436149597168
2710_7,0.9630382061004639
2711_8,0.9392989277839661
2712_8,0.9225858449935913
2713_8,0.9540007710456848
2714_9,0.9542601704597473
2715_9,0.8737203478813171
2716_10,0.9913075566291809
2717_8,0.9933346509933472
2718_9,0.1371491253376007
2719_8,0.9516226649284363
271_7,0.9680602550506592
2720_8,0.9876313805580139
2721_8,0.9944605827331543
2722_10,0.9709976315498352
2723_8,0.9806050062179565
2724_7,0.6702336668968201
2725_10,0.9975689053535461
2726_10,0.9461334347724915
2727_9,0.9879640340805054
2728_7,0.9721332788467407
2729_8,0.9722340106964111
272_10,0.7695352435112
2730_7,0.9470421075820923
2731_10,0.9968738555908203
2732_7,0.8842830657958984
2733_8,0.8148565888404846
2734_7,0.9856164455413818
2735_9,0.998026430606842
2736_9,0.9802314639091492
2737_10,0.9775755405426025
2738_10,0.9483650922775269
2739_10,0.5018848776817322
273_10,0.9949436783790588
2740_10,0.833446741104126
2741_10,0.982581615447998
2742_10,0.9911052584648132
2743_10,0.9980452060699463
2744_8,0.65584397315979
2745_10,0.619982898235321
2746_8,0.9972689747810364
2747_7,0.6450570821762085
2748_8,0.9910776615142822
2749_8,0.39517277479171753
274_9,0.9956563711166382
2750_8,0.9968763589859009
2751_10,0.998043417930603
2752_10,0.9943351149559021
2753_9,0.789315402507782
2754_9,0.8785795569419861
2755_10,0.8139246702194214
2756_8,0.987992525100708
2757_10,0.9978596568107605
2758_9,0.9911918044090271
2759_8,0.9961436986923218
275_10,0.7788273692131042
2760_8,0.9990512728691101
2761_10,0.96499103307724
2762_8,0.9004837870597839
2763_7,0.9873989820480347
2764_10,0.948552668094635
2765_9,0.6230496168136597
2766_10,0.9646700620651245
2767_10,0.9041998386383057
2768_10,0.9865807294845581
2769_10,0.9714149236679077
276_10,0.9980344176292419
2770_10,0.45245036482810974
2771_9,0.5848206877708435
2772_10,0.9655649065971375
2773_8,0.9960163235664368
2774_10,0.9394556283950806
2775_10,0.45044440031051636
2776_10,0.9864723682403564
2777_9,0.9810186624526978
2778_10,0.9997938275337219
2779_10,0.9835435152053833
277_9,0.9931067824363708
2780_7,0.2700308859348297
2781_7,0.6051883101463318
2782_8,0.9307326674461365
2783_10,0.9593966007232666
2784_10,0.8797167539596558
2785_8,0.9869973659515381
2786_8,0.9759090542793274
2787_10,0.9950975775718689
2788_9,0.9985345602035522
2789_8,0.9712632298469543
278_10,0.9790170788764954
2790_10,0.9940663576126099
2791_8,0.9913648366928101
2792_9,0.9887407422065735
2793_10,0.7830315828323364
2794_9,0.8238991498947144
2795_7,0.007095158100128174
2796_7,0.8805519342422485
2797_8,0.9684075713157654
2798_9,0.9960675239562988
2799_8,0.9942569136619568
279_10,0.59494549036026
27_9,0.9812279343605042
2800_8,0.9899100661277771
2801_10,0.9790086150169373
2802_8,0.8672378659248352
2803_8,0.9975374937057495
2804_9,0.9980915188789368
2805_8,0.9981715679168701
2806_9,0.9750438928604126
2807_10,0.8488154411315918
2808_10,0.9765062928199768
2809_7,0.9764595627784729
280_10,0.9855072498321533
2810_9,0.9984549283981323
2811_8,0.6202121376991272
2812_10,0.9947904348373413
2813_10,0.9696746468544006
2814_10,0.8789186477661133
2815_9,0.8800410032272339
2816_9,0.883584201335907
2817_10,0.7498044371604919
2818_10,0.9499680995941162
2819_7,0.1637103259563446
281_8,0.997982382774353
2820_10,0.9988937973976135
2821_10,0.9960108995437622
2822_9,0.6504180431365967
2823_10,0.5152388215065002
2824_10,0.9417969584465027
2825_10,0.1719723641872406
2826_9,0.977384626865387
2827_9,0.9961344003677368
2828_10,0.41384589672088623
2829_10,0.38905611634254456
282_10,0.8535888195037842
2830_9,0.9765424728393555
2831_9,0.9894585609436035
2832_7,0.9948516488075256
2833_8,0.9714785814285278
2834_9,0.4863702952861786
2835_7,0.9967411160469055
2836_8,0.8269595503807068
2837_10,0.9889365434646606
2838_10,0.9937937259674072
2839_8,0.9908815622329712
283_8,0.9791437983512878
2840_9,0.8680521845817566
2841_9,0.9989707469940186
2842_9,0.9823405742645264
2843_7,0.1270136833190918
2844_10,0.9815524220466614
2845_8,0.9467040300369263
2846_9,0.8119088411331177
2847_8,0.9872629046440125
2848_7,0.7887859344482422
2849_7,0.9941602945327759
284_10,0.3129214942455292
2850_9,0.9417980909347534
2851_8,0.8240872025489807
2852_7,0.30146417021751404
2853_7,0.7665141820907593
2854_7,0.9512068033218384
2855_10,0.956153154373169
2856_8,0.9426783323287964
2857_7,0.5555499792098999
2858_9,0.9904161691665649
2859_8,0.9940979480743408
285_10,0.9921188354492188
2860_8,0.9238777160644531
2861_8,0.7129690647125244
2862_9,0.707883894443512
2863_8,0.25249630212783813
2864_9,0.10553393512964249
2865_7,0.341702401638031
2866_9,0.903151273727417
2867_8,0.967082142829895
2868_7,0.7773646712303162
2869_8,0.9485585689544678
286_10,0.8960637450218201
2870_10,0.4693455696105957
2871_8,0.7545216083526611
2872_9,0.8615955710411072
2873_10,0.9966421127319336
2874_9,0.22223250567913055
2875_8,0.8639612197875977
2876_7,0.7220460176467896
2877_8,0.16277483105659485
2878_7,0.9359233379364014
2879_7,0.1216668039560318
287_8,0.9803298711776733
2880_10,0.8947762846946716
2881_9,0.47976499795913696
2882_10,0.9678255915641785
2883_8,0.9975872039794922
2884_9,0.9370696544647217
2885_9,0.9947287440299988
2886_7,0.992965579032898
2887_9,0.8235542178153992
2888_10,0.8099967837333679
2889_10,0.9904856085777283
288_7,0.021118536591529846
2890_10,0.9975726008415222
2891_10,0.747556209564209
2892_10,0.8199969530105591
2893_10,0.9902142286300659
2894_10,0.9972941279411316
2895_7,0.3940877616405487
2896_10,0.9850667715072632
2897_10,0.9952344298362732
2898_10,0.5862799882888794
2899_10,0.9933335185050964
289_8,0.9912493228912354
28_9,0.9842968583106995
2900_10,0.9546259045600891
2901_7,0.11394528299570084
2902_8,0.707901656627655
2903_7,0.987389326095581
2904_7,0.9257681965827942
2905_7,0.22545358538627625
2906_8,0.9737553000450134
2907_8,0.960548460483551
2908_8,0.9962574243545532
2909_7,0.16722817718982697
290_9,0.9992138147354126
2910_7,0.996020495891571
2911_10,0.9794624447822571
2912_8,0.9416834115982056
2913_8,0.6340711712837219
2914_10,0.98488450050354
2915_9,0.9622883200645447
2916_7,0.9887175559997559
2917_9,0.9593048691749573
2918_9,0.9023885726928711
2919_10,0.9992740750312805
291_9,0.9871847033500671
2920_10,0.9993341565132141
2921_7,0.9966778755187988
2922_9,0.9703843593597412
2923_8,0.9944171905517578
2924_8,0.8887905478477478
2925_10,0.9906312823295593
2926_7,0.37883272767066956
2927_9,0.57671719789505
2928_9,0.6280907392501831
2929_8,0.9810184240341187
292_10,0.995410144329071
2930_10,0.9497549533843994
2931_8,0.37708860635757446
2932_7,0.6188704967498779
2933_10,0.9407152533531189
2934_10,0.983153760433197
2935_7,0.14989253878593445
2936_8,0.9944751858711243
2937_8,0.954472005367279
2938_10,0.604493260383606
2939_8,0.9602764248847961
293_10,0.03113466128706932
2940_7,0.7108560800552368
2941_9,0.994968593120575
2942_10,0.9986914992332458
2943_10,0.9961244463920593
2944_8,0.9868877530097961
2945_8,0.9514073133468628
2946_8,0.9925393462181091
2947_10,0.9114071726799011
2948_9,0.9987439513206482
2949_10,0.9850822687149048
294_8,0.8249858021736145
2950_10,0.9986743927001953
2951_10,0.9847437739372253
2952_10,0.9786179065704346
2953_10,0.9955761432647705
2954_9,0.9597001075744629
2955_9,0.9992027878761292
2956_7,0.7851472496986389
2957_8,0.864276647567749
2958_7,0.9423810839653015
2959_7,0.7347187399864197
295_8,0.5194252729415894
2960_7,0.9904279708862305
2961_10,0.9961135387420654
2962_7,0.7391612529754639
2963_9,0.9934924244880676
2964_7,0.09031879156827927
2965_7,0.19546504318714142
2966_10,0.9548447132110596
2967_9,0.8252984881401062
2968_7,0.7391612529754639
2969_9,0.9934924244880676
296_9,0.9923559427261353
2970_10,0.9978324770927429
2971_10,0.9880151152610779
2972_10,0.9669564366340637
2973_8,0.9894946217536926
2974_7,0.9925034046173096
2975_10,0.9880151152610779
2976_10,0.992439866065979
2977_10,0.9691996574401855
2978_8,0.9894639253616333
2979_9,0.9973077774047852
297_10,0.9956806898117065
2980_7,0.9981644749641418
2981_8,0.5370272994041443
2982_10,0.994647204875946
2983_7,0.9957119226455688
2984_10,0.9889714121818542
2985_9,0.4167173206806183
2986_10,0.9830957055091858
2987_8,0.456177681684494
2988_10,0.9937376976013184
2989_8,0.7136417627334595
298_10,0.6270678043365479
2990_10,0.9549440741539001
2991_8,0.7044557332992554
2992_10,0.9968074560165405
2993_10,0.8228247165679932
2994_8,0.9614729285240173
2995_10,0.9969584941864014
2996_9,0.976134181022644
2997_7,0.6384655237197876
2998_8,0.2967028021812439
2999_9,0.8974931240081787
299_8,0.9594276547431946
29_10,0.9974028468132019
2_7,0.907778799533844
3000_8,0.9820558428764343
3001_7,0.9657388925552368
3002_7,0.9908905625343323
3003_10,0.9768184423446655
3004_10,0.894022524356842
3005_10,0.9964891672134399
3006_10,0.8492148518562317
3007_10,0.9778001308441162
3008_8,0.9870497584342957
3009_7,0.9409823417663574
300_9,0.9979046583175659
3010_7,0.5027734637260437
3011_7,0.9989494681358337
3012_7,0.8554632067680359
3013_9,0.9908610582351685
3014_7,0.2061443030834198
3015_7,0.857287585735321
3016_8,0.21671408414840698
3017_9,0.9571571946144104
3018_9,0.9996302127838135
3019_9,0.9940128922462463
301_10,0.995954155921936
3020_8,0.7063494920730591
3021_9,0.8583410382270813
3022_7,0.3136122226715088
3023_7,0.506822943687439
3024_7,0.8261985778808594
3025_8,0.9906504154205322
3026_10,0.9408714175224304
3027_9,0.9948211908340454
3028_7,0.4362636208534241
3029_7,0.9785400629043579
302_10,0.9883807897567749
3030_9,0.9902222156524658
3031_7,0.997175931930542
3032_9,0.9529753923416138
3033_10,0.9970418810844421
3034_10,0.23386125266551971
3035_8,0.8532834053039551
3036_10,0.020922763273119926
3037_8,0.757473349571228
3038_8,0.5308085083961487
3039_8,0.7276747226715088
303_10,0.9783632755279541
3040_8,0.9943197965621948
3041_9,0.7833526730537415
3042_10,0.9942718744277954
3043_10,0.9748904705047607
3044_7,0.9940603375434875
3045_9,0.9980156421661377
3046_8,0.9036340117454529
3047_10,0.9903132915496826
3048_10,0.9980365633964539
3049_9,0.8330071568489075
304_10,0.9421073794364929
3050_7,0.31561630964279175
3051_10,0.9166377186775208
3052_8,0.9977884292602539
3053_8,0.9908125996589661
3054_7,0.6391218900680542
3055_7,0.9850637912750244
3056_9,0.9877027869224548
3057_9,0.996276319026947
3058_10,0.9829517006874084
3059_8,0.8419451713562012
305_10,0.8290472030639648
3060_10,0.8091321587562561
3061_8,0.9031466841697693
3062_10,0.98487788438797
3063_10,0.9883025288581848
3064_10,0.9962043166160583
3065_10,0.9748322367668152
3066_10,0.9839277863502502
3067_7,0.26144126057624817
3068_10,0.997113823890686
3069_9,0.9971946477890015
306_10,0.9975491166114807
3070_10,0.9964973330497742
3071_8,0.9899446964263916
3072_10,0.9759429097175598
3073_10,0.9051031470298767
3074_10,0.9918546676635742
3075_7,0.8992767333984375
3076_10,0.9772384762763977
3077_9,0.9796109199523926
3078_10,0.997235119342804
3079_9,0.9974446296691895
307_10,0.25534069538116455
3080_10,0.9714635610580444
3081_8,0.9941174983978271
3082_9,0.9866863489151001
3083_8,0.9779905080795288
3084_10,0.9904783964157104
3085_7,0.9763712882995605
3086_7,0.9890612363815308
3087_9,0.8653194308280945
3088_8,0.9953752160072327
3089_8,0.8321406245231628
308_9,0.9862838983535767
3090_8,0.8832492232322693
3091_10,0.8549447059631348
3092_8,0.964182436466217
3093_8,0.746308445930481
3094_10,0.999085545539856
3095_10,0.854690432548523
3096_10,0.9475522637367249
3097_9,0.023658813908696175
3098_8,0.6446283459663391
3099_8,0.6710677742958069
309_10,0.9971976280212402
30_9,0.9853366017341614
3100_7,0.562548816204071
3101_8,0.8777836561203003
3102_10,0.8958537578582764
3103_7,0.8117160201072693
3104_7,0.6347116231918335
3105_7,0.971077024936676
3106_7,0.9647995829582214
3107_10,0.984329879283905
3108_8,0.8927105069160461
3109_8,0.9931038022041321
310_9,0.9689077138900757
3110_8,0.9855024814605713
3111_10,0.978003978729248
3112_10,0.9670044779777527
3113_10,0.9798296689987183
3114_7,0.9936375617980957
3115_8,0.9750573039054871
3116_8,0.9975783228874207
3117_10,0.8904789090156555
3118_9,0.9727745056152344
3119_9,0.9886215329170227
311_10,0.998391330242157
3120_10,0.8218168020248413
3121_10,0.9888895750045776
3122_7,0.8063730001449585
3123_10,0.8477796912193298
3124_10,0.8888643980026245
3125_7,0.8535962700843811
3126_9,0.9925360679626465
3127_8,0.9839486479759216
3128_7,0.9710157513618469
3129_7,0.6657477617263794
312_10,0.9839913845062256
3130_9,0.9960333704948425
3131_9,0.9859942197799683
3132_8,0.9952280521392822
3133_10,0.9420561790466309
3134_10,0.9965419173240662
3135_9,0.9897266030311584
3136_9,0.9014553427696228
3137_8,0.951045572757721
3138_8,0.9939852356910706
3139_9,0.9574611186981201
313_10,0.9506145715713501
3140_10,0.730297327041626
3141_10,0.691546618938446
3142_9,0.9855911731719971
3143_7,0.7895286679267883
3144_9,0.995486319065094
3145_9,0.9868173003196716
3146_9,0.9983547329902649
3147_10,0.9337900876998901
3148_10,0.9979372024536133
3149_10,0.9225975871086121
314_10,0.9985492825508118
3150_10,0.9848968982696533
3151_10,0.9960786700248718
3152_10,0.9941821694374084
3153_10,0.906211793422699
3154_10,0.9589881896972656
3155_10,0.9638900756835938
3156_10,0.9562511444091797
3157_10,0.989092230796814
3158_10,0.8896879553794861
3159_10,0.9808010458946228
315_8,0.9968022108078003
3160_10,0.32854336500167847
3161_10,0.9557257890701294
3162_10,0.9557257890701294
3163_8,0.32854336500167847
3164_10,0.03578795865178108
3165_10,0.976040244102478
3166_10,0.6540966033935547
3167_10,0.944205641746521
3168_7,0.9991791844367981
3169_9,0.9861040711402893
316_10,0.9681292772293091
3170_10,0.8145488500595093
3171_8,0.9890944361686707
3172_10,0.9506439566612244
3173_7,0.8768929839134216
3174_7,0.962796688079834
3175_8,0.876630425453186
3176_9,0.7362698316574097
3177_10,0.8542558550834656
3178_10,0.9813992381095886
3179_9,0.9895390868186951
317_10,0.8533535003662109
3180_10,0.9272204637527466
3181_10,0.997753918170929
3182_9,0.9902674555778503
3183_8,0.9979878664016724
3184_10,0.9987795948982239
3185_10,0.9656287431716919
3186_8,0.9892983436584473
3187_8,0.48535120487213135
3188_9,0.9967901110649109
3189_10,0.995283305644989
318_10,0.9371657371520996
3190_10,0.993855893611908
3191_10,0.9778693318367004
3192_8,0.9954056739807129
3193_10,0.993646502494812
3194_10,0.9799522757530212
3195_8,0.9823410511016846
3196_7,0.03383231163024902
3197_9,0.9962025284767151
3198_10,0.906795084476471
3199_10,0.9770159125328064
319_10,0.610415518283844
31_10,0.9136363863945007
3200_8,0.9924221634864807
3201_9,0.8905451893806458
3202_10,0.9937726855278015
3203_8,0.9832298159599304
3204_7,0.8098944425582886
3205_9,0.9846522808074951
3206_10,0.9996008276939392
3207_10,0.9954518675804138
3208_10,0.9944518208503723
3209_10,0.9963964819908142
320_7,0.37586742639541626
3210_10,0.9988055229187012
3211_10,0.9895570874214172
3212_10,0.9350336790084839
3213_10,0.9279850125312805
3214_10,0.9989290833473206
3215_10,0.9890872240066528
3216_10,0.9854454398155212
3217_10,0.9870843291282654
3218_10,0.9996981620788574
3219_10,0.9963191747665405
321_10,0.8971019387245178
3220_10,0.9926115870475769
3221_10,0.9916291236877441
3222_10,0.9940069913864136
3223_7,0.056570298969745636
3224_10,0.7817217111587524
3225_10,0.9345399141311646
3226_10,0.9997734427452087
3227_10,0.9977408647537231
3228_7,0.9949068427085876
3229_7,0.8679414987564087
322_8,0.19019591808319092
3230_9,0.8073877692222595
3231_9,0.999206006526947
3232_10,0.7386280298233032
3233_9,0.993811845779419
3234_7,0.9601092338562012
3235_9,0.6003032922744751
3236_10,0.9565641283988953
3237_7,0.6138017177581787
3238_8,0.9937286376953125
3239_8,0.7413954734802246
323_10,0.9895778894424438
3240_9,0.9882557392120361
3241_9,0.7323907017707825
3242_8,0.979627251625061
3243_9,0.9759573340415955
3244_9,0.7776598334312439
3245_9,0.9996410608291626
3246_10,0.943771481513977
3247_10,0.5462274551391602
3248_8,0.9958397150039673
3249_9,0.9972086548805237
324_10,0.9875197410583496
3250_10,0.9920856356620789
3251_8,0.9881723523139954
3252_9,0.9663827419281006
3253_9,0.9956667423248291
3254_8,0.8964197039604187
3255_9,0.993224561214447
3256_10,0.2929435074329376
3257_8,0.984200656414032
3258_7,0.9427962899208069
3259_7,0.9948937892913818
325_10,0.9977608919143677
3260_10,0.9950951337814331
3261_7,0.9948819875717163
3262_7,0.9411588311195374
3263_10,0.9960685968399048
3264_8,0.8854711055755615
3265_7,0.9319289326667786
3266_10,0.9891629219055176
3267_8,0.6888066530227661
3268_10,0.99759441614151
3269_8,0.972096860408783
326_9,0.9414570331573486
3270_8,0.9789974093437195
3271_9,0.9937382936477661
3272_10,0.9725273847579956
3273_9,0.8742491602897644
3274_7,0.9971743822097778
3275_8,0.9682460427284241
3276_10,0.9982509016990662
3277_7,0.95771723985672
3278_10,0.9982187151908875
3279_9,0.9981580376625061
327_10,0.9030826091766357
3280_10,0.9961626529693604
3281_10,0.9925434589385986
3282_8,0.4965006411075592
3283_9,0.9843623638153076
3284_10,0.9937757253646851
3285_8,0.9502320885658264
3286_7,0.9231241345405579
3287_10,0.836370587348938
3288_8,0.9742701053619385
3289_10,0.999612033367157
328_10,0.9747810363769531
3290_7,0.9901248216629028
3291_10,0.997139573097229
3292_7,0.5347486138343811
3293_9,0.9866923689842224
3294_7,0.974765419960022
3295_7,0.9858298897743225
3296_10,0.9978723526000977
3297_10,0.593563973903656
3298_10,0.9975376129150391
3299_10,0.997769832611084
329_10,0.9972350001335144
32_10,0.998534083366394
3300_8,0.996863842010498
3301_8,0.9584983587265015
3302_7,0.16976560652256012
3303_10,0.9284216165542603
3304_8,0.619354248046875
3305_7,0.9950358271598816
3306_8,0.9880189299583435
3307_8,0.6405165195465088
3308_7,0.97765052318573
3309_8,0.9713144898414612
330_10,0.9905497431755066
3310_8,0.745509922504425
3311_8,0.606962263584137
3312_7,0.9691805839538574
3313_8,0.3612288534641266
3314_9,0.19243688881397247
3315_8,0.7840296626091003
3316_7,0.9663354158401489
3317_8,0.011040732264518738
3318_7,0.9802557229995728
3319_10,0.9875719547271729
331_10,0.7657613754272461
3320_7,0.9703893065452576
3321_9,0.9349473118782043
3322_7,0.3897571563720703
3323_10,0.990492045879364
3324_9,0.6775986552238464
3325_10,0.9993913173675537
3326_9,0.8506208658218384
3327_8,0.9396539926528931
3328_8,0.8457663059234619
3329_9,0.9663267135620117
332_10,0.9982706308364868
3330_10,0.7831363677978516
3331_10,0.9059234857559204
3332_10,0.5647103190422058
3333_7,0.9716851115226746
3334_7,0.9974547028541565
3335_9,0.9753302931785583
3336_7,0.8809627890586853
3337_7,0.9822929501533508
3338_7,0.7764089703559875
3339_7,0.9693566560745239
333_10,0.9975269436836243
3340_10,0.9852839708328247
3341_8,0.3696575462818146
3342_10,0.9022650122642517
3343_10,0.9763849973678589
3344_7,0.6546680331230164
3345_10,0.9963486194610596
3346_8,0.9888695478439331
3347_8,0.9931856393814087
3348_9,0.25213900208473206
3349_10,0.9988273978233337
334_9,0.8869057893753052
3350_8,0.924151599407196
3351_7,0.9534434676170349
3352_7,0.9933606386184692
3353_10,0.9791265726089478
3354_9,0.9707401990890503
3355_9,0.6457107067108154
3356_10,0.8882584571838379
3357_7,0.9868959784507751
3358_8,0.6085332632064819
3359_9,0.9870664477348328
335_10,0.9913860559463501
3360_10,0.994572103023529
3361_10,0.9927202463150024
3362_10,0.8934311270713806
3363_7,0.6583526134490967
3364_7,0.874674916267395
3365_8,0.8804613947868347
3366_10,0.9215983748435974
3367_9,0.8802219033241272
3368_8,0.8138365745544434
3369_7,0.8307998180389404
336_10,0.9935092329978943
3370_7,0.6039919257164001
3371_9,0.8901114463806152
3372_7,0.9137920141220093
3373_8,0.8020157217979431
3374_10,0.6422772407531738
3375_7,0.930566668510437
3376_8,0.04636751487851143
3377_9,0.9306676387786865
3378_10,0.9195842146873474
3379_9,0.96647047996521
337_9,0.9979423880577087
3380_8,0.9957931041717529
3381_10,0.9062434434890747
3382_10,0.9972297549247742
3383_8,0.9989959597587585
3384_10,0.9968752861022949
3385_10,0.9989334940910339
3386_10,0.9964697360992432
3387_10,0.9926430583000183
3388_10,0.9984044432640076
3389_10,0.908094584941864
338_10,0.9612969756126404
3390_10,0.800426185131073
3391_10,0.9947226047515869
3392_10,0.9865397810935974
3393_10,0.9761934280395508
3394_10,0.9976050853729248
3395_9,0.9993957281112671
3396_10,0.9841862320899963
3397_10,0.9716743230819702
3398_9,0.9773714542388916
3399_8,0.9845149517059326
339_10,0.9734647870063782
33_7,0.8736184239387512
3400_10,0.9206724166870117
3401_10,0.9982839226722717
3402_9,0.9797987937927246
3403_10,0.9981579184532166
3404_10,0.99216228723526
3405_10,0.9991140961647034
3406_10,0.9082894325256348
3407_10,0.9289939403533936
3408_9,0.9872781038284302
3409_10,0.9963253140449524
340_9,0.9894627928733826
3410_10,0.9982012510299683
3411_10,0.9752375483512878
3412_7,0.853390634059906
3413_10,0.9526388645172119
3414_7,0.8468251824378967
3415_7,0.5411393642425537
3416_10,0.9291030168533325
3417_9,0.9758812785148621
3418_8,0.7923389077186584
3419_9,0.5018742680549622
341_9,0.978194534778595
3420_10,0.8964738845825195
3421_7,0.5499967932701111
3422_10,0.9026882648468018
3423_9,0.9913331866264343
3424_8,0.9371891617774963
3425_8,0.9647470712661743
3426_10,0.9954272508621216
3427_10,0.9946193695068359
3428_7,0.8600981831550598
3429_8,0.9263300895690918
342_10,0.03691525384783745
3430_7,0.9516961574554443
3431_10,0.8606943488121033
3432_8,0.9962834715843201
3433_10,0.9931746125221252
3434_8,0.9745148420333862
3435_9,0.9109041094779968
3436_8,0.5966013073921204
3437_7,0.8912381529808044
3438_8,0.7521811127662659
3439_9,0.834839403629303
343_9,0.9960799813270569
3440_10,0.9979678988456726
3441_9,0.9832704663276672
3442_10,0.9800058603286743
3443_9,0.9774905443191528
3444_10,0.9906140565872192
3445_10,0.9981599450111389
3446_10,0.9926551580429077
3447_10,0.9385504126548767
3448_10,0.9971156120300293
3449_7,0.143466979265213
344_9,0.7261245846748352
3450_9,0.8205088973045349
3451_7,0.9938066005706787
3452_7,0.986244261264801
3453_8,0.9659407138824463
3454_8,0.9847539663314819
3455_8,0.9965997338294983
3456_10,0.9994243383407593
3457_9,0.4039474129676819
3458_9,0.9990981817245483
3459_9,0.9906104207038879
345_7,0.9103002548217773
3460_8,0.9949029684066772
3461_8,0.9004813432693481
3462_9,0.8799790740013123
3463_8,0.9833241105079651
3464_10,0.984650194644928
3465_10,0.9994243383407593
3466_10,0.9900130033493042
3467_7,0.9949217438697815
3468_10,0.9934589266777039
3469_10,0.9937460422515869
346_7,0.5819121599197388
3470_8,0.9993587136268616
3471_10,0.8561123013496399
3472_8,0.26708289980888367
3473_10,0.9769836068153381
3474_10,0.9987620115280151
3475_9,0.10522463172674179
3476_9,0.4379464089870453
3477_8,0.9878716468811035
3478_9,0.7603774666786194
3479_10,0.9992201328277588
347_7,0.7620260119438171
3480_9,0.9977284073829651
3481_10,0.9793707132339478
3482_9,0.9910652041435242
3483_10,0.9945606589317322
3484_10,0.9839667677879333
3485_7,0.7242066264152527
3486_8,0.9258888959884644
3487_9,0.9968855977058411
3488_8,0.9962963461875916
3489_7,0.9257104992866516
348_7,0.4919893443584442
3490_7,0.5974478125572205
3491_7,0.0975971594452858
3492_9,0.8976244330406189
3493_9,0.8176569938659668
3494_9,0.8952680826187134
3495_7,0.03169325739145279
3496_7,0.915010929107666
3497_10,0.5211502313613892
3498_10,0.6149827241897583
3499_10,0.13115668296813965
349_10,0.9924037456512451
34_8,0.9704549908638
3500_8,0.5340768694877625
3501_10,0.9972608089447021
3502_9,0.7078568935394287
3503_8,0.9542334675788879
3504_8,0.6806299686431885
3505_8,0.993740439414978
3506_9,0.9972755312919617
3507_10,0.9972867965698242
3508_10,0.9752428531646729
3509_8,0.9979179501533508
350_10,0.7143089175224304
3510_9,0.9889450669288635
3511_10,0.9782167673110962
3512_7,0.9877129793167114
3513_8,0.9869846105575562
3514_10,0.9963197708129883
3515_8,0.9727805852890015
3516_7,0.15773700177669525
3517_8,0.9831302762031555
3518_9,0.9940245747566223
3519_10,0.9987782835960388
351_10,0.9971605539321899
3520_9,0.9914259910583496
3521_8,0.966821551322937
3522_8,0.5618103742599487
3523_7,0.9364616274833679
3524_8,0.9936360120773315
3525_7,0.890709638595581
3526_7,0.6565694212913513
3527_10,0.9965071082115173
3528_10,0.9957141280174255
3529_8,0.41906237602233887
352_10,0.988017201423645
3530_8,0.8076362609863281
3531_9,0.9813174605369568
3532_7,0.9467865228652954
3533_10,0.9741625189781189
3534_10,0.999567449092865
3535_10,0.9912378191947937
3536_10,0.5571027994155884
3537_9,0.9369697570800781
3538_8,0.4509168863296509
3539_9,0.9599154591560364
353_10,0.9803161025047302
3540_9,0.8887467980384827
3541_8,0.9969186782836914
3542_9,0.8937526941299438
3543_10,0.9843823313713074
3544_8,0.9694511890411377
3545_7,0.8738964200019836
3546_8,0.9197032451629639
3547_7,0.8381120562553406
3548_8,0.5045596361160278
3549_8,0.9492919445037842
354_10,0.9902812242507935
3550_7,0.5442391633987427
3551_7,0.9725905656814575
3552_7,0.6298016309738159
3553_8,0.36466526985168457
3554_10,0.9314452409744263
3555_9,0.8446366190910339
3556_9,0.6421645879745483
3557_9,0.9751973748207092
3558_10,0.8810441493988037
3559_7,0.9815743565559387
355_10,0.9197474122047424
3560_8,0.8495288491249084
3561_7,0.9953134059906006
3562_8,0.9357720613479614
3563_8,0.9683130383491516
3564_8,0.4219580292701721
3565_8,0.9932429194450378
3566_9,0.9585549831390381
3567_7,0.937198281288147
3568_8,0.6570271849632263
3569_10,0.9905647039413452
356_9,0.9880266189575195
3570_8,0.8146371841430664
3571_9,0.9963991641998291
3572_10,0.9870926141738892
3573_9,0.993447482585907
3574_9,0.9930684566497803
3575_7,0.05501195788383484
3576_7,0.9092534780502319
3577_8,0.9856607913970947
3578_9,0.9708342552185059
3579_8,0.31692057847976685
357_7,0.6289092898368835
3580_10,0.9998435974121094
3581_10,0.955089807510376
3582_10,0.9644365310668945
3583_10,0.7062801718711853
3584_10,0.7633414268493652
3585_10,0.9970781803131104
3586_10,0.9902746677398682
3587_10,0.9956444501876831
3588_10,0.9625043869018555
3589_10,0.9982722997665405
358_9,0.8773103952407837
3590_9,0.966661810874939
3591_10,0.9564386606216431
3592_10,0.9716336727142334
3593_10,0.9954087138175964
3594_10,0.9966467022895813
3595_10,0.9936792254447937
3596_7,0.9870206117630005
3597_10,0.9974449872970581
3598_9,0.8324174880981445
3599_7,0.2939983010292053
359_7,0.9830042123794556
35_9,0.9879006147384644
3600_8,0.9398059248924255
3601_9,0.9951115250587463
3602_10,0.9947853684425354
3603_7,0.8088885545730591
3604_7,0.7917481660842896
3605_8,0.9530520439147949
3606_7,0.9969758987426758
3607_8,0.9648839235305786
3608_8,0.9982115030288696
3609_8,0.9603265523910522
360_9,0.9982909560203552
3610_8,0.5806989073753357
3611_9,0.9928941130638123
3612_7,0.9817476868629456
3613_7,0.9805037975311279
3614_10,0.966386079788208
3615_8,0.9882269501686096
3616_7,0.9698278903961182
3617_8,0.9424607753753662
3618_10,0.9508737325668335
3619_8,0.9633370637893677
361_9,0.944736123085022
3620_8,0.00999849196523428
3621_10,0.15312469005584717
3622_7,0.008956745266914368
3623_10,0.9849606156349182
3624_8,0.9168611168861389
3625_8,0.9326233863830566
3626_7,0.18239295482635498
3627_8,0.869329035282135
3628_10,0.9981703758239746
3629_9,0.9928205609321594
362_9,0.944736123085022
3630_8,0.9586978554725647
3631_7,0.9899465441703796
3632_9,0.9984760880470276
3633_9,0.9898492097854614
3634_10,0.9915162324905396
3635_9,0.9982736110687256
3636_10,0.9944232106208801
3637_10,0.3638842701911926
3638_10,0.9950214624404907
3639_7,0.9920260310173035
363_10,0.9990742206573486
3640_10,0.993273138999939
3641_9,0.4799554646015167
3642_7,0.038250718265771866
3643_7,0.4723491966724396
3644_9,0.17767682671546936
3645_7,0.9296638369560242
3646_8,0.9767058491706848
3647_10,0.9980587363243103
3648_10,0.8918977975845337
3649_9,0.8175650835037231
364_10,0.9673247337341309
3650_10,0.9765080213546753
3651_10,0.9706467986106873
3652_10,0.9988957643508911
3653_10,0.9963561296463013
3654_8,0.907507598400116
3655_8,0.986833393573761
3656_10,0.9963674545288086
3657_8,0.9846477508544922
3658_10,0.994474470615387
3659_9,0.885248601436615
365_10,0.9625476002693176
3660_8,0.9953977465629578
3661_10,0.9995874762535095
3662_9,0.9954103827476501
3663_10,0.9976970553398132
3664_8,0.9989783763885498
3665_10,0.8029429912567139
3666_9,0.9933672547340393
3667_10,0.9081169962882996
3668_9,0.638930082321167
3669_8,0.3142273426055908
366_8,0.9998315572738647
3670_8,0.9619361162185669
3671_9,0.9563049077987671
3672_9,0.9906331300735474
3673_10,0.999568521976471
3674_8,0.8895722031593323
3675_7,0.9194502234458923
3676_10,0.9858030080795288
3677_9,0.9955211877822876
3678_10,0.9566789865493774
3679_10,0.974450409412384
367_8,0.857062578201294
3680_9,0.9978150129318237
3681_10,0.9676342606544495
3682_9,0.9939449429512024
3683_10,0.9945435523986816
3684_10,0.999334990978241
3685_10,0.9214478731155396
3686_10,0.9837585091590881
3687_8,0.9932321310043335
3688_7,0.8910977244377136
3689_7,0.6776690483093262
368_8,0.9984354376792908
3690_8,0.7415053248405457
3691_10,0.8214348554611206
3692_10,0.9986194372177124
3693_10,0.9659536480903625
3694_10,0.9749345779418945
3695_7,0.23785848915576935
3696_9,0.8569192886352539
3697_10,0.9956358075141907
3698_9,0.5405343770980835
3699_9,0.7176552414894104
369_8,0.9334972500801086
36_8,0.9734772443771362
3700_10,0.9986141920089722
3701_10,0.9847704172134399
3702_8,0.9647279977798462
3703_8,0.9996517896652222
3704_8,0.21747702360153198
3705_7,0.7138398885726929
3706_10,0.5633881092071533
3707_10,0.9575703144073486
3708_10,0.9909594058990479
3709_10,0.9897550940513611
370_8,0.9830280542373657
3710_10,0.9995189905166626
3711_7,0.9944379329681396
3712_10,0.9986899495124817
3713_10,0.9995624423027039
3714_9,0.983190655708313
3715_10,0.999584972858429
3716_7,0.8242031931877136
3717_10,0.8016261458396912
3718_10,0.9828384518623352
3719_10,0.7660762071609497
371_8,0.9973393082618713
3720_7,0.9834138751029968
3721_10,0.6681730151176453
3722_10,0.9961878657341003
3723_10,0.9990642666816711
3724_10,0.9869025945663452
3725_7,0.9778591990470886
3726_7,0.19046714901924133
3727_10,0.9685908555984497
3728_8,0.9960438013076782
3729_8,0.904762327671051
372_9,0.9822047352790833
3730_10,0.8624038100242615
3731_7,0.9979466795921326
3732_7,0.33426180481910706
3733_8,0.9263098239898682
3734_8,0.9924277663230896
3735_8,0.9867761731147766
3736_7,0.995681643486023
3737_9,0.9957335591316223
3738_7,0.9665419459342957
3739_8,0.9529569149017334
373_10,0.9586126208305359
3740_8,0.9859864711761475
3741_8,0.9866079092025757
3742_9,0.9961782693862915
3743_10,0.9738662242889404
3744_7,0.9643270969390869
3745_10,0.47945597767829895
3746_7,0.8993327617645264
3747_7,0.9922106266021729
3748_7,0.986850380897522
3749_8,0.927973210811615
374_9,0.9777822494506836
3750_7,0.8688405156135559
3751_10,0.9928140044212341
3752_10,0.5224355459213257
3753_10,0.53397536277771
3754_10,0.6804171204566956
3755_9,0.974123477935791
3756_7,0.8053748607635498
3757_8,0.9986188411712646
3758_8,0.8860214352607727
3759_7,0.5831114649772644
375_10,0.8516215682029724
3760_7,0.14531558752059937
3761_8,0.9378238916397095
3762_9,0.9804564714431763
3763_7,0.08712644129991531
3764_10,0.6530749797821045
3765_7,0.36216774582862854
3766_10,0.9705050587654114
3767_8,0.5476721525192261
3768_8,0.9497203230857849
3769_8,0.9736579060554504
376_10,0.9391642212867737
3770_10,0.5019875168800354
3771_9,0.7761359810829163
3772_8,0.9242926836013794
3773_8,0.9503124952316284
3774_10,0.9912880063056946
3775_10,0.9991068243980408
3776_10,0.9847059845924377
3777_10,0.9796930551528931
3778_9,0.974799394607544
3779_8,0.9541257619857788
377_9,0.7139759659767151
3780_7,0.6617400646209717
3781_9,0.9703214168548584
3782_9,0.9963386058807373
3783_10,0.9759172797203064
3784_8,0.9862863421440125
3785_8,0.7767940163612366
3786_9,0.9950167536735535
3787_8,0.9962604641914368
3788_10,0.9965164661407471
3789_9,0.9395038485527039
378_9,0.998522937297821
3790_7,0.867436945438385
3791_9,0.6659470796585083
3792_8,0.9953077435493469
3793_9,0.8948838114738464
3794_10,0.9719406366348267
3795_9,0.9558191299438477
3796_10,0.8559666872024536
3797_8,0.9709947109222412
3798_10,0.8393705487251282
3799_8,0.985275149345398
379_10,0.9980928301811218
37_9,0.9990056157112122
3800_7,0.878737211227417
3801_7,0.007558682467788458
3802_10,0.5437400937080383
3803_10,0.7169762849807739
3804_10,0.8812788724899292
3805_8,0.9380626082420349
3806_8,0.5571807622909546
3807_10,0.9750688672065735
3808_10,0.9919331669807434
3809_9,0.9967185854911804
380_9,0.8535012602806091
3810_7,0.48579034209251404
3811_9,0.9190447926521301
3812_10,0.84086674451828
3813_10,0.9978342652320862
3814_7,0.489943265914917
3815_10,0.8908603191375732
3816_7,0.2602245807647705
3817_9,0.9752722382545471
3818_10,0.8686214089393616
3819_10,0.99334716796875
381_10,0.9955124258995056
3820_9,0.9436357021331787
3821_10,0.9937188625335693
3822_8,0.98639315366745
3823_10,0.7819777727127075
3824_8,0.9868082404136658
3825_10,0.9588602185249329
3826_10,0.6731282472610474
3827_9,0.9884815216064453
3828_10,0.7096343040466309
3829_10,0.9951010346412659
382_10,0.5925264358520508
3830_10,0.9849120378494263
3831_9,0.9961580634117126
3832_10,0.9457802176475525
3833_10,0.9965059757232666
3834_10,0.9992541670799255
3835_9,0.953294038772583
3836_10,0.9986221790313721
3837_10,0.9971189498901367
3838_9,0.9664071202278137
3839_10,0.9993672966957092
383_9,0.9396690726280212
3840_10,0.9983684420585632
3841_7,0.5350516438484192
3842_7,0.8957422971725464
3843_7,0.9879786968231201
3844_7,0.9667208194732666
3845_9,0.9616860151290894
3846_7,0.9778239727020264
3847_7,0.8704994320869446
3848_9,0.9923081398010254
3849_8,0.9987865090370178
384_9,0.5749653577804565
3850_9,0.9973723888397217
3851_10,0.9981719255447388
3852_7,0.9465397000312805
3853_10,0.9983885288238525
3854_9,0.9984654188156128
3855_10,0.9942657351493835
3856_7,0.9935643076896667
3857_8,0.9772868156433105
3858_10,0.9783716201782227
3859_10,0.9255596399307251
385_9,0.364439457654953
3860_8,0.9857872724533081
3861_10,0.2895660996437073
3862_8,0.9910535216331482
3863_10,0.9976092576980591
3864_10,0.9992625117301941
3865_8,0.9443556070327759
3866_9,0.9995569586753845
3867_8,0.9985257983207703
3868_7,0.995126485824585
3869_7,0.9742708206176758
386_10,0.9691306948661804
3870_10,0.9917494058609009
3871_10,0.9971103668212891
3872_10,0.5368697047233582
3873_7,0.9050777554512024
3874_7,0.19915516674518585
3875_9,0.9569533467292786
3876_9,0.9962916374206543
3877_9,0.9962819218635559
3878_10,0.9027639627456665
3879_9,0.9788441061973572
387_8,0.9921185970306396
3880_10,0.9895426034927368
3881_10,0.9967768788337708
3882_8,0.971738874912262
3883_7,0.8030568957328796
3884_10,0.9929229021072388
3885_7,0.601990282535553
3886_8,0.9948524832725525
3887_10,0.9781585931777954
3888_7,0.9933080673217773
3889_7,0.8720449805259705
388_10,0.992420494556427
3890_8,0.9975733160972595
3891_8,0.9983232617378235
3892_8,0.9136326909065247
3893_8,0.9858394265174866
3894_9,0.9984279870986938
3895_7,0.3306724429130554
3896_8,0.7809582352638245
3897_7,0.9958561062812805
3898_8,0.976106584072113
3899_10,0.9962371587753296
389_10,0.9232118725776672
38_8,0.9994346499443054
3900_8,0.9961636066436768
3901_9,0.9989151954650879
3902_9,0.9591965079307556
3903_8,0.9775764346122742
3904_9,0.9979549646377563
3905_9,0.9788416028022766
3906_8,0.9168362617492676
3907_7,0.9946675300598145
3908_10,0.9885641932487488
3909_10,0.6836448907852173
390_10,0.9870848059654236
3910_9,0.24426470696926117
3911_10,0.9990096092224121
3912_9,0.987536609172821
3913_8,0.2847966253757477
3914_10,0.4866885244846344
3915_8,0.5659459829330444
3916_10,0.7790990471839905
3917_10,0.9911481142044067
3918_8,0.9793213605880737
3919_9,0.9604173898696899
391_10,0.9936171770095825
3920_9,0.9602009057998657
3921_8,0.9679885506629944
3922_7,0.9839921593666077
3923_10,0.9819527268409729
3924_7,0.9285368323326111
3925_8,0.819903552532196
3926_7,0.802638053894043
3927_9,0.6109013557434082
3928_7,0.04128887504339218
3929_8,0.9948487281799316
392_7,0.9636014103889465
3930_8,0.8222552537918091
3931_10,0.5485265851020813
3932_8,0.5625859498977661
3933_7,0.956693708896637
3934_10,0.9880329370498657
3935_7,0.9512419700622559
3936_8,0.9906703233718872
3937_8,0.9710826277732849
3938_8,0.9461451172828674
3939_7,0.4953590929508209
393_7,0.9967341423034668
3940_9,0.9973751306533813
3941_8,0.24360455572605133
3942_8,0.895207405090332
3943_10,0.8781746625900269
3944_9,0.9773741960525513
3945_7,0.9201862215995789
3946_10,0.6804136037826538
3947_8,0.9959341287612915
3948_7,0.9927589893341064
3949_10,0.9984246492385864
394_9,0.9919794797897339
3950_10,0.9942143559455872
3951_10,0.9931859970092773
3952_10,0.9984210729598999
3953_9,0.9979382157325745
3954_10,0.9957287907600403
3955_10,0.9996522665023804
3956_10,0.9983254075050354
3957_10,0.994507372379303
3958_9,0.9958133101463318
3959_10,0.9920389652252197
395_8,0.33468374609947205
3960_10,0.9940365552902222
3961_7,0.9932160973548889
3962_9,0.9944401979446411
3963_7,0.9192270636558533
3964_7,0.7807182669639587
3965_10,0.9946960210800171
3966_10,0.9817824959754944
3967_9,0.9210981726646423
3968_10,0.8738195896148682
3969_8,0.9539303779602051
396_7,0.9772822856903076
3970_10,0.9954961538314819
3971_8,0.42053428292274475
3972_9,0.9747545719146729
3973_10,0.8833780884742737
3974_7,0.3061828911304474
3975_10,0.9961739182472229
3976_7,0.9120981097221375
3977_10,0.9941493272781372
3978_7,0.9618588089942932
3979_8,0.39880526065826416
397_7,0.6354271173477173
3980_8,0.9081003665924072
3981_7,0.9156141877174377
3982_7,0.7055732011795044
3983_10,0.7185342907905579
3984_10,0.9865921139717102
3985_10,0.9767760038375854
3986_9,0.9840191602706909
3987_8,0.9985257983207703
3988_7,0.854673445224762
3989_8,0.9944743514060974
398_8,0.9075331091880798
3990_10,0.9993745684623718
3991_8,0.5706785917282104
3992_8,0.988040030002594
3993_9,0.9951881170272827
3994_8,0.9902117848396301
3995_9,0.9915061593055725
3996_10,0.9220672249794006
3997_9,0.9987780451774597
3998_10,0.66596919298172
3999_9,0.9987159967422485
399_8,0.981116533279419
39_9,0.9998613595962524
3_7,0.7948178052902222
4000_10,0.9924532771110535
4001_8,0.9990686774253845
4002_10,0.9956433773040771
4003_10,0.92149817943573
4004_7,0.9578472971916199
4005_10,0.9248985648155212
4006_7,0.3232589066028595
4007_7,0.5836947560310364
4008_8,0.9928396940231323
4009_8,0.9637539386749268
400_10,0.9809829592704773
4010_9,0.7724746465682983
4011_8,0.9919734001159668
4012_10,0.995259702205658
4013_7,0.17321109771728516
4014_9,0.7513923048973083
4015_10,0.9913933277130127
4016_10,0.9993995428085327
4017_8,0.9990137815475464
4018_10,0.9984773993492126
4019_7,0.2818204462528229
401_10,0.9322715997695923
4020_7,0.8520979881286621
4021_7,0.9937689900398254
4022_7,0.9659326076507568
4023_7,0.9829239249229431
4024_10,0.9907258749008179
4025_8,0.9984311461448669
4026_9,0.9967963099479675
4027_9,0.9985626339912415
4028_7,0.9970837235450745
4029_10,0.9981322884559631
402_8,0.990912675857544
4030_8,0.9850319623947144
4031_7,0.3240891098976135
4032_8,0.9638170003890991
4033_8,0.950107991695404
4034_7,0.9919477105140686
4035_9,0.9955497980117798
4036_10,0.9502299427986145
4037_10,0.9849568009376526
4038_9,0.9503260850906372
4039_9,0.9923062920570374
403_7,0.6543276906013489
4040_10,0.9993714690208435
4041_10,0.5322152972221375
4042_10,0.9966995120048523
4043_10,0.9925306439399719
4044_10,0.997658371925354
4045_10,0.9089961051940918
4046_10,0.43423858284950256
4047_10,0.9989522695541382
4048_10,0.9969680905342102
4049_9,0.9880034923553467
404_8,0.9948498606681824
4050_10,0.9934914708137512
4051_10,0.7034369707107544
4052_7,0.4749239683151245
4053_9,0.9807112812995911
4054_10,0.9989311099052429
4055_8,0.9943552017211914
4056_8,0.9990787506103516
4057_7,0.983119547367096
4058_8,0.9996896982192993
4059_9,0.9747047424316406
405_10,0.6577523946762085
4060_8,0.04279857128858566
4061_9,0.8183291554450989
4062_7,0.998976469039917
4063_8,0.6724880337715149
4064_8,0.9918751120567322
4065_9,0.9906256198883057
4066_8,0.9468168616294861
4067_8,0.29261064529418945
4068_9,0.9965113997459412
4069_8,0.9891401529312134
406_7,0.05160488188266754
4070_10,0.9988735318183899
4071_8,0.9915949702262878
4072_7,0.9752591848373413
4073_7,0.9984303116798401
4074_10,0.9913608431816101
4075_7,0.9305229783058167
4076_7,0.2488149255514145
4077_8,0.6833202838897705
4078_8,0.7709976434707642
4079_8,0.9580831527709961
407_7,0.9931074976921082
4080_10,0.9865560531616211
4081_9,0.8983667492866516
4082_10,0.990031361579895
4083_8,0.9983494281768799
4084_8,0.9927436113357544
4085_10,0.9773845076560974
4086_10,0.956434428691864
4087_10,0.9818292856216431
4088_9,0.9583038091659546
4089_10,0.7954784035682678
408_7,0.976482629776001
4090_7,0.9769065976142883
4091_7,0.9877511262893677
4092_9,0.999249279499054
4093_7,0.9142462611198425
4094_10,0.9962102174758911
4095_10,0.30802682042121887
4096_7,0.9941127896308899
4097_7,0.9978172779083252
4098_8,0.16221387684345245
4099_9,0.5693035125732422
409_8,0.9991853833198547
40_8,0.9867066740989685
4100_8,0.6195023655891418
4101_8,0.9859282970428467
4102_10,0.9966057538986206
4103_10,0.6629209518432617
4104_10,0.9976884126663208
4105_10,0.9975742697715759
4106_9,0.9901907444000244
4107_8,0.9955790638923645
4108_10,0.9059607982635498
4109_7,0.8165299296379089
410_10,0.9972111582756042
4110_7,0.9375864267349243
4111_10,0.9603574275970459
4112_8,0.9846961498260498
4113_8,0.9894168972969055
4114_8,0.8942779302597046
4115_8,0.9996472597122192
4116_7,0.9919909834861755
4117_10,0.9955130219459534
4118_7,0.9638490676879883
4119_7,0.9857516884803772
411_8,0.24672538042068481
4120_8,0.9384673833847046
4121_10,0.9558378458023071
4122_8,0.995532751083374
4123_8,0.9959380626678467
4124_7,0.26449331641197205
4125_8,0.9536058902740479
4126_8,0.9739927649497986
4127_10,0.9931309819221497
4128_10,0.9045029282569885
4129_8,0.994097113609314
412_7,0.8512939214706421
4130_8,0.9298737645149231
4131_9,0.9975718855857849
4132_7,0.9854660034179688
4133_10,0.9946829676628113
4134_7,0.3946414589881897
4135_8,0.8452786803245544
4136_7,0.9609343409538269
4137_8,0.9902194142341614
4138_8,0.9903616905212402
4139_9,0.9920642971992493
413_8,0.984434187412262
4140_9,0.9238338470458984
4141_7,0.9277872443199158
4142_10,0.9685612320899963
4143_9,0.9996383190155029
4144_8,0.9842404127120972
4145_8,0.9068543910980225
4146_7,0.02909056842327118
4147_8,0.9979562759399414
4148_7,0.9438338875770569
4149_8,0.5944269895553589
414_9,0.0664420872926712
4150_7,0.9602569937705994
4151_10,0.8018918037414551
4152_8,0.9801769256591797
4153_8,0.9962745904922485
4154_8,0.8833985924720764
4155_8,0.916278064250946
4156_8,0.9853744506835938
4157_10,0.9835457801818848
4158_10,0.9938395619392395
4159_10,0.9959339499473572
415_10,0.7197523713111877
4160_9,0.9922327995300293
4161_9,0.9845877885818481
4162_8,0.9867444634437561
4163_8,0.6770241260528564
4164_9,0.9871724247932434
4165_10,0.8485897779464722
4166_10,0.8399970531463623
4167_10,0.9878387451171875
4168_10,0.9816230535507202
4169_8,0.9887821078300476
416_10,0.04118100926280022
4170_9,0.9368755221366882
4171_10,0.9306414127349854
4172_10,0.9053205847740173
4173_10,0.9338372945785522
4174_10,0.9945145845413208
4175_7,0.8979194760322571
4176_9,0.9741941094398499
4177_9,0.8836480379104614
4178_9,0.9866151809692383
4179_9,0.7046892642974854
417_10,0.9980881810188293
4180_10,0.9236035346984863
4181_10,0.9685838222503662
4182_10,0.9320620894432068
4183_10,0.9871553182601929
4184_10,0.6502753496170044
4185_9,0.674690306186676
4186_10,0.7847063541412354
4187_7,0.9201347231864929
4188_10,0.9383206367492676
4189_9,0.9906616806983948
418_9,0.9879522919654846
4190_10,0.9401808977127075
4191_10,0.02308046817779541
4192_10,0.41653338074684143
4193_7,0.8867427110671997
4194_10,0.9382979869842529
4195_7,0.9952473044395447
4196_8,0.11279348284006119
4197_10,0.9787943363189697
4198_10,0.5392377376556396
4199_8,0.965251088142395
419_9,0.9975710511207581
41_9,0.9986864924430847
4200_10,0.6417149305343628
4201_9,0.9265936613082886
4202_9,0.9700018763542175
4203_10,0.9894350171089172
4204_8,0.9863502383232117
4205_7,0.9831104278564453
4206_7,0.5528701543807983
4207_8,0.7994053363800049
4208_8,0.9704406261444092
4209_8,0.9983065128326416
420_10,0.9850777387619019
4210_7,0.9988068342208862
4211_7,0.34896206855773926
4212_7,0.7341035008430481
4213_10,0.8512222766876221
4214_7,0.82902991771698
4215_7,0.8712054491043091
4216_8,0.9479387998580933
4217_8,0.9521365761756897
4218_9,0.9914963245391846
4219_10,0.9123576879501343
421_9,0.9981080293655396
4220_8,0.3402102589607239
4221_8,0.9791356921195984
4222_7,0.37344756722450256
4223_10,0.9869007468223572
4224_9,0.994765043258667
4225_7,0.9262844324111938
4226_9,0.997978150844574
4227_7,0.6772043108940125
4228_7,0.6346262693405151
4229_9,0.4547312557697296
422_10,0.8909849524497986
4230_10,0.952357292175293
4231_8,0.9908801317214966
4232_9,0.33076223731040955
4233_8,0.8009491562843323
4234_9,0.9957680702209473
4235_7,0.9680468440055847
4236_8,0.7680321335792542
4237_8,0.9649798274040222
4238_7,0.9645776748657227
4239_10,0.992994487285614
423_10,0.7880166172981262
4240_10,0.9984318614006042
4241_7,0.9789109230041504
4242_9,0.9538401365280151
4243_9,0.9594231843948364
4244_10,0.9914467334747314
4245_8,0.9895506501197815
4246_9,0.6914042234420776
4247_8,0.3530731797218323
4248_10,0.9532489776611328
4249_7,0.8032394647598267
424_10,0.9919624924659729
4250_8,0.6326621174812317
4251_10,0.8634871244430542
4252_10,0.6559335589408875
4253_9,0.25252458453178406
4254_10,0.8192659020423889
4255_9,0.8169966340065002
4256_10,0.859664797782898
4257_9,0.836262047290802
4258_10,0.9711747169494629
4259_10,0.9982617497444153
425_10,0.23338893055915833
4260_8,0.6735390424728394
4261_8,0.8291768431663513
4262_10,0.8176804780960083
4263_9,0.9932647943496704
4264_8,0.791861891746521
4265_10,0.4704056978225708
4266_10,0.9612535834312439
4267_10,0.9982728958129883
4268_8,0.9786715507507324
4269_7,0.9869408011436462
426_9,0.006171995308250189
4270_10,0.9435556530952454
4271_10,0.9954213500022888
4272_9,0.9958791732788086
4273_10,0.8853445053100586
4274_7,0.9979305267333984
4275_9,0.8667493462562561
4276_10,0.9989493489265442
4277_8,0.9898902177810669
4278_9,0.8994114995002747
4279_8,0.6005072593688965
427_10,0.9188740849494934
4280_9,0.99431312084198
4281_7,0.9699798822402954
4282_7,0.10159249603748322
4283_9,0.9753435254096985
4284_9,0.9683704972267151
4285_8,0.9806250333786011
4286_8,0.9970569610595703
4287_9,0.541623592376709
4288_8,0.27003711462020874
4289_10,0.9826274514198303
428_10,0.9792801737785339
4290_7,0.1136108934879303
4291_7,0.9716401100158691
4292_7,0.5266129374504089
4293_7,0.9883171916007996
4294_7,0.9623619318008423
4295_7,0.9919849634170532
4296_9,0.787126898765564
4297_8,0.9839076995849609
4298_8,0.9820543527603149
4299_10,0.9906717538833618
429_10,0.8631689548492432
42_10,0.9992663264274597
4300_10,0.9972121119499207
4301_9,0.005459215026348829
4302_7,0.9812613725662231
4303_9,0.9837580323219299
4304_8,0.9875760078430176
4305_7,0.991358757019043
4306_7,0.9949280023574829
4307_9,0.996505618095398
4308_10,0.9395012855529785
4309_9,0.9844474792480469
430_10,0.9952592253684998
4310_10,0.9742751121520996
4311_7,0.7215381264686584
4312_8,0.612155556678772
4313_10,0.9880421161651611
4314_10,0.5815503001213074
4315_10,0.6453008651733398
4316_7,0.5644838213920593
4317_9,0.9552409648895264
4318_9,0.97734135389328
4319_9,0.9978334307670593
431_9,0.9189267754554749
4320_10,0.5126670598983765
4321_9,0.6186058521270752
4322_10,0.9944213032722473
4323_7,0.9824062585830688
4324_10,0.9979420304298401
4325_9,0.996567964553833
4326_10,0.9911120533943176
4327_9,0.6820585131645203
4328_10,0.9263073801994324
4329_10,0.9946056008338928
432_10,0.9736643433570862
4330_8,0.995080828666687
4331_8,0.4389134347438812
4332_10,0.9025173187255859
4333_9,0.7231572866439819
4334_10,0.9648737907409668
4335_9,0.8785004019737244
4336_10,0.9806666970252991
4337_10,0.5888610482215881
4338_9,0.991870641708374
4339_8,0.27841925621032715
433_8,0.9709048271179199
4340_9,0.874114453792572
4341_7,0.06313572078943253
4342_7,0.3954903185367584
4343_10,0.765855073928833
4344_10,0.9950743317604065
4345_10,0.9689291715621948
4346_7,0.4072546064853668
4347_10,0.9892886877059937
4348_8,0.4970531165599823
4349_10,0.947821319103241
434_8,0.1439429074525833
4350_10,0.9204260110855103
4351_10,0.9845479130744934
4352_9,0.36404284834861755
4353_10,0.9935657382011414
4354_9,0.9970701932907104
4355_8,0.9820963144302368
4356_10,0.8918697834014893
4357_10,0.9676487445831299
4358_10,0.9986699819564819
4359_10,0.9112390875816345
435_7,0.9941626191139221
4360_10,0.9307971000671387
4361_9,0.9818972945213318
4362_10,0.5045030117034912
4363_10,0.9757046699523926
4364_10,0.9931026697158813
4365_7,0.5466840863227844
4366_10,0.9617770910263062
4367_9,0.7530345916748047
4368_10,0.9045884013175964
4369_10,0.9869085550308228
436_10,0.9797689318656921
4370_7,0.6893931031227112
4371_7,0.05445905029773712
4372_7,0.766636848449707
4373_10,0.8969364762306213
4374_9,0.9953128099441528
4375_9,0.9098352193832397
4376_10,0.975602388381958
4377_10,0.6300221681594849
4378_7,0.9931738972663879
4379_10,0.9989858269691467
437_9,0.5475654602050781
4380_9,0.9987016916275024
4381_9,0.9408063888549805
4382_7,0.8807745575904846
4383_10,0.9827303886413574
4384_10,0.9988836646080017
4385_8,0.5498918294906616
4386_9,0.9847614765167236
4387_9,0.9987767338752747
4388_10,0.988918125629425
4389_10,0.9965808987617493
438_9,0.9861798882484436
4390_8,0.9962674975395203
4391_8,0.7871800661087036
4392_10,0.9960585832595825
4393_10,0.90263831615448
4394_10,0.9986752867698669
4395_10,0.9853787422180176
4396_10,0.9956067204475403
4397_7,0.9821273684501648
4398_10,0.992638111114502
4399_9,0.9973044395446777
439_10,0.9953509569168091
43_10,0.9967747330665588
4400_10,0.9969319105148315
4401_10,0.7468917369842529
4402_10,0.9930607080459595
4403_10,0.9971012473106384
4404_10,0.9566410183906555
4405_7,0.5148476958274841
4406_9,0.989589512348175
4407_8,0.9950291514396667
4408_10,0.9931637644767761
4409_10,0.9839809536933899
440_8,0.9818358421325684
4410_8,0.9718619585037231
4411_10,0.962017834186554
4412_10,0.909599244594574
4413_7,0.971811056137085
4414_7,0.06700310111045837
4415_9,0.81826251745224
4416_10,0.9763096570968628
4417_10,0.9911836385726929
4418_10,0.9911836385726929
4419_10,0.9911836385726929
441_10,0.9935823082923889
4420_10,0.9911836385726929
4421_10,0.9891493916511536
4422_10,0.9911836385726929
4423_10,0.999212384223938
4424_9,0.8397883176803589
4425_9,0.9943126440048218
4426_10,0.9955278038978577
4427_7,0.8721987009048462
4428_10,0.9992237091064453
4429_7,0.8951343894004822
442_10,0.9956603646278381
4430_7,0.9173091650009155
4431_9,0.9764434099197388
4432_10,0.7205458283424377
4433_9,0.955094575881958
4434_9,0.9224303364753723
4435_10,0.972931444644928
4436_10,0.9708722233772278
4437_8,0.99483722448349
4438_9,0.9912933707237244
4439_9,0.9894104599952698
443_8,0.9971189498901367
4440_8,0.9000403881072998
4441_9,0.9416298270225525
4442_10,0.9857324957847595
4443_9,0.9599441289901733
4444_8,0.9462853670120239
4445_10,0.9931896328926086
4446_10,0.9475293159484863
4447_9,0.4838254451751709
4448_9,0.9675708413124084
4449_7,0.9852052330970764
444_10,0.9787606596946716
4450_10,0.9841581583023071
4451_9,0.7735016942024231
4452_8,0.9983419179916382
4453_10,0.9995808005332947
4454_8,0.752627968788147
4455_7,0.935935378074646
4456_10,0.9997469782829285
4457_10,0.9985305070877075
4458_7,0.9343288540840149
4459_9,0.9635815024375916
445_9,0.9680342078208923
4460_8,0.9185112714767456
4461_8,0.9468478560447693
4462_7,0.9219126105308533
4463_7,0.49378588795661926
4464_8,0.9929681420326233
4465_8,0.8320069909095764
4466_9,0.9812761545181274
4467_10,0.6756657361984253
4468_9,0.9765031337738037
4469_9,0.9740267992019653
446_10,0.6656465530395508
4470_7,0.9621237516403198
4471_8,0.9965870380401611
4472_8,0.9148165583610535
4473_8,0.6812190413475037
4474_7,0.7409554123878479
4475_10,0.9967644214630127
4476_8,0.9716827273368835
4477_10,0.9942337870597839
4478_9,0.9986770749092102
4479_10,0.9483783841133118
447_10,0.9934104084968567
4480_10,0.21617966890335083
4481_8,0.8766336441040039
4482_10,0.9764297008514404
4483_10,0.070342056453228
4484_10,0.9756717085838318
4485_8,0.9948793649673462
4486_7,0.734746515750885
4487_9,0.9786196351051331
4488_10,0.828797459602356
4489_10,0.8086140751838684
448_8,0.9993628859519958
4490_10,0.9950996041297913
4491_10,0.9972285628318787
4492_10,0.9490641355514526
4493_9,0.9937708973884583
4494_8,0.9732533693313599
4495_7,0.9232714176177979
4496_10,0.8962827920913696
4497_9,0.9703447222709656
4498_9,0.9788976907730103
4499_8,0.9817408919334412
449_9,0.9845494031906128
44_8,0.9586958885192871
4500_9,0.8018712997436523
4501_9,0.9927383065223694
4502_8,0.5586913228034973
4503_10,0.9997722506523132
4504_7,0.8488202691078186
4505_9,0.9996329545974731
4506_7,0.9739616513252258
4507_10,0.6245623230934143
4508_10,0.8791206479072571
4509_9,0.9981074333190918
450_10,0.9709986448287964
4510_7,0.984611451625824
4511_7,0.9979676604270935
4512_9,0.9940930008888245
4513_8,0.801253616809845
4514_10,0.9983524084091187
4515_10,0.9996284246444702
4516_10,0.9954327344894409
4517_9,0.9966018199920654
4518_10,0.9949358701705933
4519_10,0.999297022819519
451_8,0.963969349861145
4520_10,0.9971857666969299
4521_7,0.15865685045719147
4522_7,0.9964876174926758
4523_9,0.9496532082557678
4524_8,0.8646093606948853
4525_8,0.9885388016700745
4526_7,0.6507344245910645
4527_8,0.9243387579917908
4528_10,0.8442031741142273
4529_7,0.9888737201690674
452_10,0.9987455606460571
4530_8,0.9294336438179016
4531_7,0.980121374130249
4532_10,0.9772845506668091
4533_8,0.5450708270072937
4534_7,0.04441394284367561
4535_10,0.989972710609436
4536_10,0.9975506663322449
4537_10,0.9322832226753235
4538_10,0.9989045858383179
4539_10,0.9849684834480286
453_9,0.7377898693084717
4540_10,0.9939354062080383
4541_9,0.970892608165741
4542_10,0.9819946885108948
4543_10,0.9696497917175293
4544_9,0.134004607796669
4545_9,0.7412331104278564
4546_9,0.9205836057662964
4547_10,0.9953017234802246
4548_10,0.7328103184700012
4549_8,0.996749758720398
454_10,0.9677629470825195
4550_10,0.9245457649230957
4551_10,0.9819341897964478
4552_8,0.06812383234500885
4553_8,0.9986270666122437
4554_8,0.9950006604194641
4555_9,0.30740082263946533
4556_8,0.9890110492706299
4557_9,0.9980579018592834
4558_8,0.9918088316917419
4559_10,0.2702958583831787
455_10,0.9975417852401733
4560_9,0.9702776074409485
4561_10,0.9959940910339355
4562_9,0.9886399507522583
4563_7,0.8713653683662415
4564_10,0.7590612173080444
4565_8,0.5180208086967468
4566_10,0.9898967742919922
4567_10,0.7948883771896362
4568_10,0.9983841180801392
4569_10,0.9944493770599365
456_8,0.9770836234092712
4570_7,0.8892913460731506
4571_7,0.9976917505264282
4572_10,0.9213683009147644
4573_10,0.4553632140159607
4574_8,0.9814056754112244
4575_10,0.943549633026123
4576_10,0.9782443642616272
4577_8,0.4773373603820801
4578_10,0.9612969756126404
4579_8,0.9836471676826477
457_8,0.9949001669883728
4580_10,0.8667850494384766
4581_8,0.9900839328765869
4582_7,0.16252781450748444
4583_8,0.076497882604599
4584_10,0.826168954372406
4585_10,0.4682973027229309
4586_10,0.7630863189697266
4587_8,0.6358128786087036
4588_9,0.348199725151062
4589_10,0.6228078007698059
458_9,0.9845320582389832
4590_10,0.9960320591926575
4591_7,0.0727040246129036
4592_10,0.8091585040092468
4593_8,0.9613099694252014
4594_8,0.6975260972976685
4595_8,0.888527512550354
4596_7,0.12339503318071365
4597_7,0.3775164484977722
4598_10,0.6963858008384705
4599_9,0.802334725856781
459_9,0.9718694090843201
45_9,0.997923731803894
4600_8,0.030355378985404968
4601_9,0.9616199731826782
4602_8,0.5696297287940979
4603_8,0.2755136489868164
4604_7,0.9876320362091064
4605_7,0.9353373050689697
4606_10,0.9948017597198486
4607_7,0.9170961380004883
4608_8,0.9662065505981445
4609_10,0.9935435056686401
460_8,0.9990253448486328
4610_9,0.9952468276023865
4611_10,0.9670135974884033
4612_10,0.8946145176887512
4613_9,0.41258448362350464
4614_8,0.9878588318824768
4615_9,0.9908537864685059
4616_9,0.9949028491973877
4617_10,0.8502343893051147
4618_7,0.9690957069396973
4619_10,0.989072859287262
461_8,0.9874304533004761
4620_8,0.03733989596366882
4621_8,0.9569761753082275
4622_8,0.21693280339241028
4623_10,0.9394966959953308
4624_9,0.9927172660827637
4625_10,0.9898966550827026
4626_8,0.934429407119751
4627_7,0.996248185634613
4628_10,0.9570168852806091
4629_9,0.5600762963294983
462_7,0.9867182374000549
4630_10,0.9970415234565735
4631_10,0.9855747222900391
4632_7,0.9962843060493469
4633_10,0.9889094233512878
4634_10,0.9838809370994568
4635_10,0.5801238417625427
4636_10,0.9964392781257629
4637_9,0.9856653213500977
4638_10,0.946221113204956
4639_10,0.5844699740409851
463_8,0.8889921307563782
4640_10,0.9584791660308838
4641_10,0.8680473566055298
4642_10,0.997870683670044
4643_7,0.9126436710357666
4644_9,0.15581946074962616
4645_10,0.7479235529899597
4646_10,0.8585395812988281
4647_10,0.9970730543136597
4648_10,0.8814737796783447
4649_10,0.9969874024391174
464_10,0.9978057742118835
4650_10,0.9889094233512878
4651_10,0.9889094233512878
4652_10,0.9889094233512878
4653_10,0.3603271245956421
4654_10,0.8864569664001465
4655_8,0.985317051410675
4656_10,0.7992995977401733
4657_7,0.8169392943382263
4658_7,0.06159020587801933
4659_10,0.16745179891586304
465_10,0.8931520581245422
4660_10,0.9936732053756714
4661_10,0.5015692114830017
4662_8,0.9200611710548401
4663_7,0.9915372133255005
4664_7,0.9978906512260437
4665_7,0.45915013551712036
4666_7,0.9925766587257385
4667_7,0.46264219284057617
4668_8,0.754676878452301
4669_8,0.9128879904747009
466_9,0.9948457479476929
4670_7,0.9316134452819824
4671_7,0.9954864382743835
4672_8,0.9986950755119324
4673_8,0.07179560512304306
4674_7,0.7193189263343811
4675_8,0.9761921167373657
4676_8,0.9954383969306946
4677_8,0.9733068943023682
4678_9,0.9896759390830994
4679_8,0.9966715574264526
467_9,0.8751893639564514
4680_7,0.9987939596176147
4681_8,0.9744030833244324
4682_7,0.9690641760826111
4683_9,0.9801523089408875
4684_9,0.8963038325309753
4685_8,0.9981701374053955
4686_10,0.9110585451126099
4687_10,0.9623100757598877
4688_10,0.9976450800895691
4689_10,0.9187415242195129
468_8,0.9990897178649902
4690_10,0.9978926777839661
4691_10,0.9973815083503723
4692_10,0.37142643332481384
4693_10,0.9958537817001343
4694_10,0.937794029712677
4695_10,0.9455743432044983
4696_9,0.9888521432876587
4697_9,0.9919939041137695
4698_10,0.9960808157920837
4699_10,0.9973815083503723
469_8,0.6593248248100281
46_10,0.9966394901275635
4700_10,0.8552237749099731
4701_10,0.9226179718971252
4702_10,0.2961540222167969
4703_10,0.9778549671173096
4704_9,0.9986538887023926
4705_10,0.9887928366661072
4706_10,0.7088243961334229
4707_7,0.9877057671546936
4708_10,0.9694681167602539
4709_10,0.9940392971038818
470_10,0.9987506866455078
4710_10,0.9991170763969421
4711_9,0.9975090026855469
4712_9,0.989007830619812
4713_7,0.8613946437835693
4714_8,0.9488593935966492
4715_9,0.9854336977005005
4716_10,0.9171306490898132
4717_10,0.9994168281555176
4718_8,0.31744757294654846
4719_10,0.9967092275619507
471_10,0.9938669800758362
4720_10,0.998166561126709
4721_10,0.970892608165741
4722_8,0.884070098400116
4723_8,0.8597831130027771
4724_10,0.9935044050216675
4725_7,0.9766545295715332
4726_10,0.9945502877235413
4727_10,0.2160959392786026
4728_7,0.5153220295906067
4729_9,0.45018327236175537
472_10,0.6296652555465698
4730_10,0.993855893611908
4731_9,0.9913681149482727
4732_10,0.1987820267677307
4733_9,0.9695942997932434
4734_9,0.5187475681304932
4735_9,0.30184951424598694
4736_8,0.6024903655052185
4737_9,0.7380481362342834
4738_10,0.9158166646957397
4739_10,0.872847318649292
473_9,0.9331769943237305
4740_9,0.3186694085597992
4741_10,0.11366843432188034
4742_10,0.9664002060890198
4743_10,0.9444460868835449
4744_9,0.7739571928977966
4745_8,0.7559678554534912
4746_9,0.7487062811851501
4747_8,0.9309019446372986
4748_8,0.9256315231323242
4749_7,0.9889134764671326
474_8,0.9975878000259399
4750_8,0.9802581071853638
4751_7,0.9851903319358826
4752_7,0.8952456116676331
4753_9,0.9904552102088928
4754_8,0.7985081672668457
4755_8,0.9949783682823181
4756_8,0.9909035563468933
4757_10,0.9964616894721985
4758_10,0.9954503178596497
4759_9,0.997650682926178
475_10,0.9985160231590271
4760_9,0.9947801828384399
4761_7,0.9682784676551819
4762_8,0.6357503533363342
4763_7,0.3621269762516022
4764_7,0.9702612161636353
4765_7,0.9897773861885071
4766_8,0.9977152347564697
4767_9,0.530629575252533
4768_9,0.9641066193580627
4769_8,0.9041552543640137
476_9,0.9121867418289185
4770_10,0.9275034070014954
4771_10,0.9869984984397888
4772_9,0.2198677957057953
4773_7,0.9761101007461548
4774_8,0.45795392990112305
4775_7,0.8697221279144287
4776_8,0.9948850274085999
4777_10,0.9967215657234192
4778_10,0.9968331456184387
4779_10,0.9977401494979858
477_8,0.9920539855957031
4780_10,0.9649736881256104
4781_8,0.978253960609436
4782_10,0.8610754013061523
4783_10,0.4647007882595062
4784_10,0.9408530592918396
4785_10,0.47343266010284424
4786_9,0.6490418910980225
4787_8,0.9989569187164307
4788_9,0.8965920805931091
4789_10,0.9922417402267456
478_9,0.9502661824226379
4790_7,0.6306211948394775
4791_10,0.9935152530670166
4792_9,0.9865871071815491
4793_10,0.9709936380386353
4794_9,0.5934109091758728
4795_8,0.6411440968513489
4796_10,0.9900087118148804
4797_8,0.9807857871055603
4798_9,0.926341712474823
4799_8,0.9833235144615173
479_9,0.9932276606559753
47_10,0.9995241165161133
4800_10,0.13294611871242523
4801_10,0.9974984526634216
4802_8,0.9197969436645508
4803_10,0.9537674784660339
4804_7,0.9767026305198669
4805_9,0.9800004959106445
4806_8,0.8716775178909302
4807_10,0.9979304075241089
4808_7,0.9987428784370422
4809_9,0.9940419793128967
480_10,0.7103491425514221
4810_7,0.9499208927154541
4811_8,0.9755496382713318
4812_9,0.9855339527130127
4813_8,0.9855586290359497
4814_7,0.970553457736969
4815_7,0.14102019369602203
4816_8,0.967769205570221
4817_8,0.8468875288963318
4818_10,0.979205310344696
4819_7,0.8014132976531982
481_7,0.8025293946266174
4820_10,0.9322142004966736
4821_8,0.9815219640731812
4822_8,0.7566049098968506
4823_8,0.9176912307739258
4824_8,0.7551578879356384
4825_9,0.9172319173812866
4826_9,0.8931952118873596
4827_7,0.6154459118843079
4828_8,0.4163505733013153
4829_7,0.6091259121894836
482_9,0.8673834800720215
4830_7,0.7758475542068481
4831_8,0.9957210421562195
4832_8,0.956719696521759
4833_9,0.7749285697937012
4834_7,0.9774639010429382
4835_10,0.713300883769989
4836_10,0.4176168441772461
4837_10,0.986747145652771
4838_9,0.9994847774505615
4839_7,0.9694510102272034
483_10,0.39251020550727844
4840_7,0.990532398223877
4841_9,0.7952468395233154
4842_9,0.8075621724128723
4843_10,0.9980905652046204
4844_7,0.6413748264312744
4845_10,0.9483077526092529
4846_8,0.9567634463310242
4847_10,0.9987396597862244
4848_10,0.8943890333175659
4849_9,0.993353009223938
484_8,0.9926267266273499
4850_7,0.9969515800476074
4851_7,0.9924099445343018
4852_8,0.9782155156135559
4853_7,0.5031309723854065
4854_8,0.2838408648967743
4855_9,0.9967639446258545
4856_8,0.1191057339310646
4857_8,0.897584855556488
4858_10,0.17009370028972626
4859_10,0.21273517608642578
485_10,0.9893397688865662
4860_10,0.9954532384872437
4861_8,0.9675072431564331
4862_9,0.9974932670593262
4863_7,0.5686498880386353
4864_8,0.7067988514900208
4865_8,0.9848419427871704
4866_7,0.9692708849906921
4867_10,0.984562337398529
4868_7,0.1378820836544037
4869_8,0.8525479435920715
486_10,0.6827492117881775
4870_10,0.8630868792533875
4871_8,0.9169721603393555
4872_8,0.9622450470924377
4873_8,0.0534525141119957
4874_9,0.2670850157737732
4875_10,0.981842041015625
4876_10,0.9973629117012024
4877_9,0.4880722761154175
4878_9,0.7157819271087646
4879_8,0.9963662624359131
487_10,0.4691765010356903
4880_10,0.9464064836502075
4881_9,0.8610403537750244
4882_9,0.9927790760993958
4883_7,0.7609034776687622
4884_9,0.9877888560295105
4885_10,0.9986110925674438
4886_8,0.9962277412414551
4887_10,0.15242932736873627
4888_8,0.46658214926719666
4889_10,0.997890055179596
488_8,0.9830961227416992
4890_9,0.7582871913909912
4891_10,0.9056627750396729
4892_10,0.9985010623931885
4893_8,0.9925146698951721
4894_8,0.9467836022377014
4895_10,0.9960632920265198
4896_7,0.9499666094779968
4897_8,0.9581321477890015
4898_7,0.19888702034950256
4899_9,0.7387691140174866
489_9,0.9991487264633179
48_9,0.9855386018753052
4900_7,0.6063494682312012
4901_10,0.9173879027366638
4902_8,0.9748752117156982
4903_7,0.7888105511665344
4904_7,0.8606383800506592
4905_9,0.954766035079956
4906_10,0.9873477220535278
4907_8,0.9530452489852905
4908_9,0.9063711166381836
4909_10,0.9884127974510193
490_8,0.12699919939041138
4910_8,0.9985125660896301
4911_7,0.9884911775588989
4912_10,0.9048448204994202
4913_10,0.9976498484611511
4914_7,0.7592289447784424
4915_10,0.9934645295143127
4916_10,0.20208430290222168
4917_8,0.7010126709938049
4918_8,0.618598461151123
4919_7,0.9872838258743286
491_9,0.9951759576797485
4920_10,0.9962806105613708
4921_10,0.9992021918296814
4922_10,0.9951373934745789
4923_9,0.9657121896743774
4924_10,0.9982671737670898
4925_10,0.5635972023010254
4926_8,0.9420225620269775
4927_10,0.9961238503456116
4928_10,0.9843971133232117
4929_10,0.9945225715637207
492_10,0.9321122765541077
4930_10,0.9987634420394897
4931_8,0.9417069554328918
4932_10,0.9928479194641113
4933_8,0.9717439413070679
4934_7,0.9989763498306274
4935_10,0.9974173307418823
4936_9,0.9978623986244202
4937_9,0.9961339235305786
4938_10,0.9992517828941345
4939_10,0.9944949746131897
493_7,0.7708628177642822
4940_10,0.9826579689979553
4941_9,0.9165340065956116
4942_10,0.996271014213562
4943_9,0.9664964079856873
4944_10,0.9964179992675781
4945_10,0.8406584858894348
4946_8,0.8422459363937378
4947_9,0.9025892019271851
4948_10,0.999782145023346
4949_8,0.9937745332717896
494_10,0.8477935791015625
4950_10,0.9967954754829407
4951_9,0.46131935715675354
4952_10,0.6101115345954895
4953_7,0.9501739740371704
4954_7,0.4134661555290222
4955_7,0.9973817467689514
4956_9,0.10178841650485992
4957_8,0.7968983054161072
4958_7,0.8736089468002319
4959_10,0.092493437230587
495_10,0.8523368239402771
4960_9,0.9965846538543701
4961_8,0.9911361932754517
4962_7,0.7372320294380188
4963_8,0.4847079813480377
4964_10,0.8691933155059814
4965_10,0.9938147068023682
4966_7,0.970640242099762
4967_7,0.9949105381965637
4968_10,0.9987636804580688
4969_9,0.9898540377616882
496_9,0.9986717700958252
4970_9,0.9549670219421387
4971_8,0.9855761528015137
4972_8,0.47314685583114624
4973_10,0.9963811039924622
4974_7,0.9734284281730652
4975_8,0.9937863349914551
4976_7,0.8456557393074036
4977_9,0.9228684306144714
4978_9,0.9956106543540955
4979_7,0.9920036196708679
497_9,0.8175902366638184
4980_7,0.9866753220558167
4981_8,0.9237348437309265
4982_7,0.991024374961853
4983_7,0.9980536699295044
4984_9,0.9980011582374573
4985_7,0.7736384272575378
4986_9,0.9279797077178955
4987_8,0.9977728724479675
4988_10,0.9887067079544067
4989_7,0.751445472240448
498_10,0.9992349147796631
4990_7,0.05987570434808731
4991_10,0.9547683596611023
4992_8,0.3311728537082672
4993_7,0.953535258769989
4994_8,0.8455936908721924
4995_7,0.9313093423843384
4996_9,0.8447874784469604
4997_8,0.8335056900978088
4998_10,0.9545190930366516
4999_10,0.998077392578125
499_8,0.9337725043296814
49_10,0.999455988407135
4_10,0.9993106126785278
5000_10,0.9872888326644897
5001_8,0.9975326061248779
5002_10,0.9357553720474243
5003_10,0.9634743332862854
5004_9,0.9954415559768677
5005_8,0.3742159903049469
5006_10,0.17219005525112152
5007_10,0.9686393737792969
5008_9,0.9767104983329773
5009_10,0.8849267959594727
500_10,0.9467668533325195
5010_10,0.985526442527771
5011_10,0.8947219848632812
5012_7,0.9749047756195068
5013_9,0.8694553971290588
5014_10,0.6824720501899719
5015_7,0.9930443167686462
5016_8,0.9633025527000427
5017_8,0.9936634302139282
5018_10,0.8654541969299316
5019_9,0.9044858813285828
501_10,0.9983532428741455
5020_10,0.9972770810127258
5021_8,0.9964859485626221
5022_8,0.9752098917961121
5023_7,0.9879946112632751
5024_9,0.9941315054893494
5025_8,0.9888563752174377
5026_10,0.5305390954017639
5027_8,0.9989274144172668
5028_8,0.5948848724365234
5029_7,0.5620617866516113
502_7,0.6568249464035034
5030_8,0.9356986880302429
5031_7,0.998708963394165
5032_8,0.9946895837783813
5033_7,0.6767845749855042
5034_7,0.9959225654602051
5035_7,0.9743040800094604
5036_8,0.9989105463027954
5037_10,0.9601842164993286
5038_8,0.9993042945861816
5039_7,0.6078126430511475
503_9,0.9938457608222961
5040_8,0.5970615744590759
5041_8,0.9931955337524414
5042_7,0.46059316396713257
5043_9,0.9558363556861877
5044_10,0.9995205402374268
5045_8,0.9340885281562805
5046_9,0.9989100694656372
5047_10,0.9801183938980103
5048_10,0.9965800642967224
5049_9,0.9390829205513
504_8,0.11808771640062332
5050_8,0.9966859221458435
5051_8,0.9905450344085693
5052_10,0.995730459690094
5053_8,0.9937617182731628
5054_8,0.9938198924064636
5055_10,0.9616537094116211
5056_7,0.5832779407501221
5057_8,0.9666224718093872
5058_8,0.9599589705467224
5059_10,0.9626929759979248
505_9,0.9366889595985413
5060_7,0.040823232382535934
5061_9,0.9917381405830383
5062_7,0.83717942237854
5063_8,0.8973961472511292
5064_8,0.6960291862487793
5065_7,0.7341045141220093
5066_10,0.9983318448066711
5067_10,0.9340653419494629
5068_9,0.9963854551315308
5069_8,0.10400514304637909
506_8,0.9457727670669556
5070_10,0.995354175567627
5071_8,0.55875563621521
5072_9,0.7425721883773804
5073_8,0.8240650296211243
5074_8,0.9132047295570374
5075_8,0.9812110662460327
5076_9,0.7440708875656128
5077_9,0.9819013476371765
5078_7,0.7523550987243652
5079_8,0.9976389408111572
507_7,0.8436565399169922
5080_8,0.8972357511520386
5081_10,0.9983139038085938
5082_10,0.987697184085846
5083_10,0.4117310643196106
5084_7,0.89939945936203
5085_8,0.6930715441703796
5086_8,0.7071431875228882
5087_8,0.9693143367767334
5088_7,0.4755156934261322
5089_9,0.8128132224082947
508_7,0.9492963552474976
5090_8,0.9923622608184814
5091_10,0.9968576431274414
5092_9,0.9982865452766418
5093_10,0.9985283613204956
5094_10,0.9942103624343872
5095_9,0.9982609152793884
5096_10,0.9986823201179504
5097_8,0.9943051934242249
5098_10,0.999556839466095
5099_10,0.9198178052902222
509_7,0.4563813805580139
50_10,0.9992074370384216
5100_10,0.8979778289794922
5101_10,0.9992973804473877
5102_10,0.994773805141449
5103_10,0.9982764720916748
5104_8,0.9785464406013489
5105_8,0.9857856631278992
5106_10,0.9909668564796448
5107_10,0.9964373111724854
5108_7,0.9146003127098083
5109_8,0.9927778840065002
510_7,0.6345747113227844
5110_10,0.9371389150619507
5111_7,0.883640706539154
5112_10,0.998071014881134
5113_8,0.9194926023483276
5114_8,0.9986396431922913
5115_10,0.9895601272583008
5116_10,0.9716550707817078
5117_7,0.9917743802070618
5118_10,0.9774442315101624
5119_7,0.7776883244514465
511_7,0.9808821082115173
5120_9,0.9105137586593628
5121_8,0.9935830235481262
5122_10,0.7755259275436401
5123_10,0.9978657364845276
5124_10,0.9838452339172363
5125_9,0.9293131828308105
5126_8,0.9488703608512878
5127_10,0.9694232940673828
5128_7,0.985985517501831
5129_9,0.9883239269256592
512_8,0.9985533356666565
5130_9,0.953795313835144
5131_8,0.6055130362510681
5132_9,0.9988574981689453
5133_10,0.9865131974220276
5134_9,0.09758687019348145
5135_9,0.9356291890144348
5136_8,0.9954162836074829
5137_10,0.885924220085144
5138_8,0.9876948595046997
5139_9,0.9828729033470154
513_8,0.9446531534194946
5140_8,0.36680683493614197
5141_10,0.9986808896064758
5142_10,0.989170491695404
5143_8,0.9744684100151062
5144_10,0.9773478507995605
5145_8,0.958824098110199
5146_7,0.8642910122871399
5147_7,0.7185285091400146
5148_7,0.9181170463562012
5149_7,0.9864631295204163
514_9,0.9993282556533813
5150_7,0.933381974697113
5151_9,0.9947243332862854
5152_10,0.6681676506996155
5153_8,0.9921207427978516
5154_10,0.9973642230033875
5155_7,0.9916943907737732
5156_8,0.9832744002342224
5157_10,0.9291530847549438
5158_9,0.9539706110954285
5159_9,0.9952319264411926
515_9,0.7240637540817261
5160_10,0.955845296382904
5161_10,0.9909616112709045
5162_9,0.7661776542663574
5163_10,0.8125545978546143
5164_10,0.3610738217830658
5165_8,0.6748205423355103
5166_10,0.9988083839416504
5167_10,0.9780074954032898
5168_8,0.995169460773468
5169_10,0.9982233643531799
516_9,0.8294803500175476
5170_8,0.8796058893203735
5171_10,0.997081458568573
5172_7,0.9108349680900574
5173_10,0.9739089608192444
5174_10,0.9977282881736755
5175_10,0.9992691874504089
5176_10,0.9976065158843994
5177_8,0.8937170505523682
5178_8,0.2811580300331116
5179_10,0.9240326881408691
517_8,0.9040640592575073
5180_8,0.9915522336959839
5181_10,0.9981892704963684
5182_10,0.9771250486373901
5183_9,0.9094600677490234
5184_8,0.5660231709480286
5185_7,0.9561918377876282
5186_7,0.018864210695028305
5187_8,0.9522501826286316
5188_7,0.6364215612411499
5189_9,0.9890884160995483
518_10,0.49435994029045105
5190_8,0.7624741792678833
5191_8,0.7974139451980591
5192_9,0.9724124073982239
5193_8,0.9745059013366699
5194_10,0.39959192276000977
5195_10,0.918483316898346
5196_7,0.9943321943283081
5197_10,0.9889140725135803
5198_10,0.9933189153671265
5199_10,0.9918875098228455
519_7,0.19124369323253632
51_10,0.9996174573898315
5200_9,0.666248083114624
5201_8,0.42209556698799133
5202_10,0.7533755898475647
5203_9,0.9827049374580383
5204_9,0.9685113430023193
5205_10,0.898356020450592
5206_10,0.9577008485794067
5207_10,0.8086577653884888
5208_8,0.5186612606048584
5209_10,0.8593356609344482
520_10,0.9972586631774902
5210_10,0.8555169701576233
5211_10,0.8584428429603577
5212_8,0.4725987911224365
5213_10,0.9846506118774414
5214_8,0.990024209022522
5215_10,0.38089361786842346
5216_10,0.9969357252120972
5217_8,0.997437596321106
5218_7,0.8674768805503845
5219_7,0.6043655872344971
521_7,0.5429578423500061
5220_10,0.16108925640583038
5221_7,0.9365074038505554
5222_7,0.9776393175125122
5223_8,0.9447423219680786
5224_7,0.9804028272628784
5225_8,0.9298964738845825
5226_7,0.3601933419704437
5227_8,0.9557901620864868
5228_9,0.9101906418800354
5229_10,0.21841689944267273
522_10,0.9967494010925293
5230_9,0.9985904097557068
5231_9,0.598854124546051
5232_8,0.7956404685974121
5233_9,0.9584003686904907
5234_10,0.9745712280273438
5235_8,0.9824472069740295
5236_8,0.9773077964782715
5237_10,0.9921382069587708
5238_7,0.728268027305603
5239_8,0.9898245930671692
523_9,0.546598494052887
5240_9,0.968910276889801
5241_10,0.7987461686134338
5242_10,0.9308879971504211
5243_7,0.49738064408302307
5244_10,0.9908985495567322
5245_10,0.9954153299331665
5246_9,0.1760159283876419
5247_10,0.6339042782783508
5248_9,0.8411239981651306
5249_9,0.9853690266609192
524_9,0.9285330176353455
5250_10,0.9989657402038574
5251_9,0.9612164497375488
5252_10,0.9890003204345703
5253_9,0.994384765625
5254_9,0.9977937936782837
5255_7,0.06492895632982254
5256_8,0.9891476631164551
5257_10,0.9793997406959534
5258_7,0.9959123730659485
5259_7,0.07758625596761703
525_9,0.9934934973716736
5260_10,0.9576471447944641
5261_9,0.9377114176750183
5262_8,0.9985779523849487
5263_9,0.5541806221008301
5264_9,0.9960558414459229
5265_10,0.8664007186889648
5266_7,0.9441387057304382
5267_8,0.9699186086654663
5268_10,0.9940986633300781
5269_9,0.11150061339139938
526_10,0.8770059943199158
5270_10,0.4095474183559418
5271_10,0.9781411290168762
5272_10,0.9242493510246277
5273_10,0.987511157989502
5274_8,0.6273316740989685
5275_7,0.97268146276474
5276_8,0.057776547968387604
5277_10,0.9986045956611633
5278_8,0.9647245407104492
5279_9,0.9904438853263855
527_10,0.9830160737037659
5280_10,0.9947429895401001
5281_10,0.9954758286476135
5282_10,0.9995686411857605
5283_10,0.9983536005020142
5284_10,0.9948022365570068
5285_10,0.9629650115966797
5286_9,0.996900200843811
5287_10,0.9914482831954956
5288_7,0.9913083910942078
5289_8,0.9756079912185669
528_7,0.9992467164993286
5290_8,0.9319769740104675
5291_8,0.9865064024925232
5292_10,0.9957605004310608
5293_9,0.9933487772941589
5294_10,0.9989402890205383
5295_9,0.9761174321174622
5296_7,0.9822331666946411
5297_10,0.9977497458457947
5298_9,0.9955841898918152
5299_8,0.999279797077179
529_10,0.9994208812713623
52_10,0.9933639764785767
5300_7,0.9913954138755798
5301_9,0.9797680974006653
5302_10,0.9945291876792908
5303_10,0.9965391159057617
5304_10,0.9942036271095276
5305_7,0.932661235332489
5306_10,0.9925008416175842
5307_10,0.9997361302375793
5308_10,0.7706842422485352
5309_10,0.9357356429100037
530_10,0.939957857131958
5310_9,0.9888610243797302
5311_9,0.6309687495231628
5312_7,0.9164470434188843
5313_7,0.9129270315170288
5314_8,0.9978950023651123
5315_10,0.9709609150886536
5316_10,0.9857825040817261
5317_10,0.9582780599594116
5318_8,0.9986490607261658
5319_9,0.9981207251548767
531_10,0.9950242638587952
5320_10,0.959385871887207
5321_9,0.8652093410491943
5322_7,0.7075579166412354
5323_9,0.9770284295082092
5324_10,0.9935637712478638
5325_8,0.9883143901824951
5326_8,0.9861226081848145
5327_10,0.8890782594680786
5328_10,0.9344624876976013
5329_8,0.7130957841873169
532_8,0.12922383844852448
5330_8,0.39399778842926025
5331_9,0.9872720837593079
5332_8,0.9906653165817261
5333_10,0.9782201051712036
5334_7,0.9857254028320312
5335_8,0.9991884827613831
5336_8,0.5765147805213928
5337_10,0.9731361865997314
5338_8,0.6888219714164734
5339_9,0.8325130343437195
533_10,0.9948030114173889
5340_8,0.5704566240310669
5341_7,0.9867410063743591
5342_9,0.9947532415390015
5343_8,0.9698330760002136
5344_7,0.9639087915420532
5345_10,0.22038684785366058
5346_10,0.9951893091201782
5347_9,0.9967402815818787
5348_7,0.7156198620796204
5349_9,0.9945248365402222
534_10,0.9978722333908081
5350_10,0.9976186156272888
5351_8,0.985739529132843
5352_10,0.38442856073379517
5353_10,0.9941471815109253
5354_10,0.9833521246910095
5355_10,0.9878531694412231
5356_7,0.19413678348064423
5357_10,0.9981027245521545
5358_9,0.9939805269241333
5359_9,0.940322756767273
535_10,0.9993759989738464
5360_10,0.9982346296310425
5361_9,0.9912575483322144
5362_10,0.9385411739349365
5363_8,0.9950319528579712
5364_10,0.9987479448318481
5365_8,0.9605751633644104
5366_10,0.998704195022583
5367_7,0.8665029406547546
5368_8,0.9955390095710754
5369_10,0.9784145355224609
536_7,0.49695199728012085
5370_9,0.9713360667228699
5371_7,0.4256173074245453
5372_8,0.99540776014328
5373_7,0.85745769739151
5374_9,0.9907586574554443
5375_7,0.9342132210731506
5376_7,0.9525235295295715
5377_8,0.9857838153839111
5378_7,0.9988521337509155
5379_8,0.9998496770858765
537_10,0.9993603825569153
5380_8,0.9975270628929138
5381_10,0.9994664788246155
5382_9,0.9926705360412598
5383_8,0.9941493272781372
5384_10,0.645524263381958
5385_8,0.6918801665306091
5386_10,0.6472712159156799
5387_8,0.03457887843251228
5388_8,0.5864803194999695
5389_9,0.9955894947052002
538_8,0.9981756210327148
5390_7,0.5803135633468628
5391_7,0.9919301867485046
5392_7,0.8352245092391968
5393_8,0.7576620578765869
5394_8,0.46019288897514343
5395_10,0.9994860887527466
5396_10,0.9949113726615906
5397_8,0.9248358607292175
5398_10,0.9962313771247864
5399_8,0.9424102902412415
539_7,0.937208354473114
53_7,0.7041636109352112
5400_9,0.9868240356445312
5401_7,0.6092349290847778
5402_7,0.8709827065467834
5403_10,0.9991905093193054
5404_7,0.9898282289505005
5405_7,0.9382057189941406
5406_7,0.851044237613678
5407_8,0.8029559254646301
5408_7,0.38458648324012756
5409_7,0.9731662273406982
540_8,0.5805589556694031
5410_7,0.4328001141548157
5411_10,0.996378481388092
5412_10,0.9576318860054016
5413_10,0.992763102054596
5414_9,0.9964832067489624
5415_9,0.979225754737854
5416_8,0.5021815299987793
5417_10,0.9975975155830383
5418_9,0.9942692518234253
5419_10,0.9239675402641296
541_7,0.7288723587989807
5420_10,0.9959439635276794
5421_9,0.6227346658706665
5422_10,0.9561736583709717
5423_10,0.9667249917984009
5424_10,0.9881987571716309
5425_10,0.9768324494361877
5426_10,0.9742432832717896
5427_10,0.9554588794708252
5428_10,0.9972162246704102
5429_8,0.9918684959411621
542_7,0.9600480198860168
5430_8,0.9572829008102417
5431_7,0.9905663132667542
5432_9,0.4770442247390747
5433_7,0.9156618714332581
5434_7,0.724920392036438
5435_7,0.9399858117103577
5436_9,0.9915594458580017
5437_8,0.007470759563148022
5438_8,0.6886346936225891
5439_8,0.8212422728538513
543_8,0.9573267102241516
5440_8,0.9946105480194092
5441_9,0.966502845287323
5442_8,0.9467867016792297
5443_7,0.8392086625099182
5444_10,0.9776458144187927
5445_9,0.9820512533187866
5446_7,0.22774986922740936
5447_7,0.34192147850990295
5448_7,0.7447279095649719
5449_7,0.08128204196691513
544_8,0.9107182025909424
5450_7,0.9226737022399902
5451_8,0.900477409362793
5452_8,0.660194456577301
5453_8,0.9609578847885132
5454_7,0.9495072364807129
5455_8,0.9480972290039062
5456_9,0.8086228966712952
5457_8,0.9607211947441101
5458_9,0.9979336261749268
5459_9,0.6309031248092651
545_7,0.9724903106689453
5460_10,0.9990993738174438
5461_7,0.9933652281761169
5462_8,0.9839353561401367
5463_10,0.3926902115345001
5464_10,0.9925945401191711
5465_10,0.8999155759811401
5466_10,0.9979957342147827
5467_10,0.9993602633476257
5468_10,0.9746868014335632
5469_10,0.9808667898178101
546_7,0.9939680099487305
5470_7,0.8339696526527405
5471_10,0.9985796213150024
5472_10,0.9907827973365784
5473_8,0.9791633486747742
5474_8,0.8999518752098083
5475_8,0.9648562669754028
5476_7,0.993749737739563
5477_9,0.9978220462799072
5478_9,0.9891321063041687
5479_10,0.9993637204170227
547_7,0.37123095989227295
5480_7,0.650690495967865
5481_10,0.9956943988800049
5482_8,0.9919705390930176
5483_10,0.9958285689353943
5484_10,0.9492992162704468
5485_10,0.9972841739654541
5486_7,0.2872917950153351
5487_8,0.9658350944519043
5488_8,0.9809513092041016
5489_8,0.9606034755706787
548_10,0.9979099631309509
5490_9,0.9981319308280945
5491_10,0.9947103261947632
5492_10,0.9943776726722717
5493_10,0.9997230172157288
5494_7,0.803473711013794
5495_10,0.9896280765533447
5496_8,0.9991037249565125
5497_8,0.9989700317382812
5498_9,0.9992473125457764
5499_8,0.9286688566207886
549_10,0.9939422011375427
54_10,0.9915687441825867
5500_9,0.9994785189628601
5501_7,0.9728020429611206
5502_10,0.7412384152412415
5503_10,0.8909001350402832
5504_10,0.8796732425689697
5505_7,0.9657499194145203
5506_9,0.9685815572738647
5507_7,0.48121872544288635
5508_7,0.21111391484737396
5509_9,0.5733057856559753
550_8,0.9324558973312378
5510_9,0.8272064328193665
5511_10,0.1241481602191925
5512_10,0.9623752236366272
5513_10,0.998687207698822
5514_10,0.9609455466270447
5515_10,0.988895058631897
5516_8,0.6860153675079346
5517_10,0.9717243909835815
5518_10,0.7585889101028442
5519_7,0.9300935864448547
551_9,0.9863096475601196
5520_10,0.3576827049255371
5521_8,0.29877710342407227
5522_10,0.9916525483131409
5523_8,0.9624433517456055
5524_10,0.5484483242034912
5525_7,0.5304273366928101
5526_9,0.985162079334259
5527_7,0.4976539611816406
5528_8,0.5873986482620239
5529_10,0.9890312552452087
552_9,0.6736865639686584
5530_9,0.5110200047492981
5531_9,0.9191873669624329
5532_8,0.8380767107009888
5533_7,0.7295210957527161
5534_8,0.4209974408149719
5535_8,0.9228010177612305
5536_10,0.5632820725440979
5537_7,0.8138195872306824
5538_8,0.9810701608657837
5539_7,0.04186420142650604
553_9,0.9760121703147888
5540_7,0.4274388253688812
5541_7,0.6722756028175354
5542_8,0.9650919437408447
5543_7,0.9786520600318909
5544_8,0.9878346920013428
5545_8,0.924433708190918
5546_10,0.9735313653945923
5547_8,0.8486195802688599
5548_9,0.9733571410179138
5549_10,0.9899201393127441
554_9,0.9986234903335571
5550_8,0.9863362312316895
5551_8,0.8881959319114685
5552_8,0.978640615940094
5553_8,0.9985185265541077
5554_10,0.979300320148468
5555_10,0.9932851791381836
5556_10,0.996702253818512
5557_10,0.9978755712509155
5558_10,0.934777557849884
5559_10,0.9901397824287415
555_7,0.7436046600341797
5560_10,0.9934403300285339
5561_8,0.9918026328086853
5562_9,0.9513291120529175
5563_10,0.8063526749610901
5564_10,0.7816392779350281
5565_10,0.9900171160697937
5566_10,0.9807175993919373
5567_10,0.9750469923019409
5568_8,0.7875642776489258
5569_10,0.9895312786102295
556_7,0.9642819762229919
5570_10,0.9975679516792297
5571_10,0.9400120973587036
5572_7,0.8410692811012268
5573_10,0.9632332921028137
5574_10,0.9794349670410156
5575_8,0.9984682202339172
5576_10,0.9823680520057678
5577_9,0.9810113906860352
5578_10,0.9994902610778809
5579_10,0.9923393726348877
557_9,0.9639920592308044
5580_10,0.9986035227775574
5581_10,0.5841798186302185
5582_10,0.9565101265907288
5583_10,0.9615768790245056
5584_8,0.7700268626213074
5585_8,0.937000572681427
5586_10,0.9903457760810852
5587_8,0.8484072685241699
5588_10,0.24795667827129364
5589_10,0.06965728104114532
558_10,0.6471514105796814
5590_8,0.9899398684501648
5591_9,0.9982670545578003
5592_8,0.7347346544265747
5593_10,0.8833034038543701
5594_10,0.9961146116256714
5595_10,0.7555152177810669
5596_9,0.9983797073364258
5597_9,0.3378693461418152
5598_8,0.6009947061538696
5599_10,0.9918835163116455
559_10,0.8731099963188171
55_10,0.9750624895095825
5600_10,0.9959908127784729
5601_10,0.6478900909423828
5602_10,0.9934968948364258
5603_9,0.9636947512626648
5604_8,0.2191815823316574
5605_10,0.43248143792152405
5606_7,0.07788965851068497
5607_8,0.8931819796562195
5608_8,0.5624445080757141
5609_10,0.9727497696876526
560_8,0.9991012811660767
5610_7,0.9206538200378418
5611_9,0.9948208332061768
5612_10,0.7381398677825928
5613_7,0.9993532299995422
5614_10,0.910089373588562
5615_9,0.998869001865387
5616_10,0.9934067726135254
5617_7,0.9765990376472473
5618_7,0.8590912818908691
5619_10,0.6801358461380005
561_10,0.9970445036888123
5620_10,0.9930376410484314
5621_9,0.642776370048523
5622_8,0.7451252937316895
5623_10,0.5987211465835571
5624_10,0.9765026569366455
5625_9,0.9982327222824097
5626_10,0.993540346622467
5627_10,0.2693289816379547
5628_10,0.9945853352546692
5629_10,0.9667093753814697
562_8,0.30887719988822937
5630_8,0.9922027587890625
5631_9,0.8884484767913818
5632_10,0.9762436747550964
5633_8,0.9581181406974792
5634_8,0.9937020540237427
5635_9,0.9594001173973083
5636_8,0.9964398741722107
5637_10,0.9979376792907715
5638_10,0.9989274144172668
5639_9,0.975853681564331
563_10,0.8316377997398376
5640_9,0.22073425352573395
5641_7,0.22671110928058624
5642_8,0.692335307598114
5643_7,0.8463209271430969
5644_9,0.9714062809944153
5645_10,0.6042857766151428
5646_10,0.9927177429199219
5647_10,0.5942713618278503
5648_9,0.8983821868896484
5649_7,0.9562029838562012
564_9,0.1690513789653778
5650_10,0.8582284450531006
5651_10,0.9786933660507202
5652_10,0.8046292066574097
5653_10,0.9742591381072998
5654_10,0.7777450680732727
5655_10,0.0850842297077179
5656_8,0.8643226027488708
5657_10,0.8649729490280151
5658_9,0.9252049922943115
5659_10,0.9930496215820312
565_8,0.20418959856033325
5660_10,0.9703003168106079
5661_10,0.935240626335144
5662_8,0.8427754044532776
5663_10,0.9921471476554871
5664_10,0.9087314605712891
5665_10,0.7081159949302673
5666_10,0.9985800981521606
5667_10,0.8879773020744324
5668_10,0.9987562894821167
5669_10,0.9983319640159607
566_9,0.29188236594200134
5670_8,0.9956978559494019
5671_8,0.6853611469268799
5672_7,0.11339512467384338
5673_8,0.8598794341087341
5674_7,0.6731882095336914
5675_9,0.9844114184379578
5676_7,0.9406159520149231
5677_10,0.9982460737228394
5678_10,0.9736407995223999
5679_7,0.7327582836151123
567_9,0.13819891214370728
5680_7,0.3602486848831177
5681_9,0.9971460700035095
5682_10,0.3572956323623657
5683_9,0.8346166610717773
5684_8,0.9881772398948669
5685_9,0.9841679930686951
5686_8,0.9576635360717773
5687_9,0.9627935290336609
5688_7,0.7132887244224548
5689_8,0.100394107401371
568_9,0.381659597158432
5690_8,0.9903242588043213
5691_7,0.9812309145927429
5692_8,0.9771409034729004
5693_7,0.939243495464325
5694_9,0.9749310612678528
5695_10,0.9832964539527893
5696_9,0.09034951776266098
5697_7,0.9859294295310974
5698_8,0.20253987610340118
5699_7,0.9656539559364319
569_7,0.9351933002471924
56_10,0.9944416880607605
5700_9,0.4326423108577728
5701_10,0.9973405003547668
5702_10,0.966819703578949
5703_8,0.9621472954750061
5704_9,0.9298835396766663
5705_10,0.9965516328811646
5706_9,0.9818944334983826
5707_10,0.9876109957695007
5708_8,0.9434007406234741
5709_9,0.9630047082901001
570_9,0.7614631652832031
5710_10,0.9964812994003296
5711_10,0.9159919023513794
5712_10,0.9769384264945984
5713_10,0.9987032413482666
5714_10,0.9904239773750305
5715_10,0.9783557653427124
5716_10,0.783528208732605
5717_10,0.5685964226722717
5718_10,0.9984473586082458
5719_8,0.9872807860374451
571_10,0.9984446167945862
5720_10,0.993880033493042
5721_10,0.7123500108718872
5722_9,0.9565818905830383
5723_8,0.9778801798820496
5724_8,0.9484090805053711
5725_10,0.9039623737335205
5726_10,0.9941344857215881
5727_7,0.9410587549209595
5728_10,0.7901730537414551
5729_10,0.9641115069389343
572_10,0.9219046831130981
5730_10,0.9764915108680725
5731_9,0.9982365369796753
5732_10,0.6797304749488831
5733_9,0.790790319442749
5734_10,0.9884350299835205
5735_7,0.8627964854240417
5736_8,0.9923579096794128
5737_7,0.848909318447113
5738_7,0.6971262693405151
5739_7,0.6749830842018127
573_10,0.9909142255783081
5740_10,0.9956455826759338
5741_10,0.9972456693649292
5742_10,0.9741684198379517
5743_10,0.9861214756965637
5744_10,0.007890483364462852
5745_7,0.524539053440094
5746_10,0.9991003274917603
5747_7,0.8523962497711182
5748_9,0.9340677261352539
5749_8,0.4441293179988861
574_10,0.9040579199790955
5750_8,0.9981847405433655
5751_10,0.9825103878974915
5752_7,0.9954214692115784
5753_10,0.7110196352005005
5754_10,0.986049473285675
5755_8,0.963075578212738
5756_9,0.012753386981785297
5757_8,0.9877482652664185
5758_7,0.7167187333106995
5759_10,0.6516311168670654
575_7,0.06986219435930252
5760_10,0.09838666766881943
5761_10,0.9263312220573425
5762_9,0.3068484365940094
5763_10,0.7713876962661743
5764_10,0.9790682792663574
5765_7,0.9292739629745483
5766_7,0.04120619222521782
5767_10,0.9117132425308228
5768_9,0.9978524446487427
5769_9,0.9667038917541504
576_8,0.9582110643386841
5770_7,0.2933312654495239
5771_8,0.8418169021606445
5772_9,0.9543290734291077
5773_10,0.9572792053222656
5774_10,0.9796335697174072
5775_10,0.989565372467041
5776_8,0.3687818944454193
5777_10,0.9727654457092285
5778_7,0.5293604135513306
5779_10,0.6506301164627075
577_8,0.7889038324356079
5780_9,0.09666872769594193
5781_7,0.15771816670894623
5782_10,0.8438158631324768
5783_9,0.479156494140625
5784_9,0.9679044485092163
5785_8,0.1314101219177246
5786_10,0.858802080154419
5787_8,0.8532628417015076
5788_10,0.7218141555786133
5789_10,0.9903454184532166
578_9,0.9600525498390198
5790_9,0.7162569761276245
5791_10,0.9835157990455627
5792_10,0.9985774755477905
5793_8,0.9799029231071472
5794_8,0.9725645184516907
5795_8,0.985262393951416
5796_9,0.8219330310821533
5797_7,0.9958856701850891
5798_10,0.9417327642440796
5799_10,0.7940676212310791
579_10,0.9996557235717773
57_10,0.9918278455734253
5800_7,0.7728239297866821
5801_9,0.25345680117607117
5802_8,0.5166469812393188
5803_9,0.8910627961158752
5804_10,0.9721874594688416
5805_10,0.9958884119987488
5806_10,0.9962279796600342
5807_10,0.9952309727668762
5808_10,0.9976810216903687
5809_10,0.9934367537498474
580_10,0.991050124168396
5810_7,0.9596522450447083
5811_7,0.9986550807952881
5812_8,0.9634289741516113
5813_10,0.9942952990531921
5814_10,0.9969084858894348
5815_9,0.9343631863594055
5816_10,0.9632091522216797
5817_8,0.603607714176178
5818_10,0.9773768782615662
5819_10,0.6359871625900269
581_9,0.9965901374816895
5820_9,0.9960487484931946
5821_10,0.9946753978729248
5822_10,0.9990391731262207
5823_10,0.8684900999069214
5824_10,0.8092820048332214
5825_10,0.9295307397842407
5826_10,0.9934408068656921
5827_10,0.9932716488838196
5828_10,0.9908729791641235
5829_10,0.9431064128875732
582_10,0.8563334345817566
5830_10,0.9774984121322632
5831_10,0.9992222785949707
5832_10,0.998705267906189
5833_7,0.6097279191017151
5834_7,0.9299899339675903
5835_10,0.9848353862762451
5836_10,0.8651387095451355
5837_10,0.9989399313926697
5838_10,0.9981397390365601
5839_9,0.13597416877746582
583_8,0.9678635597229004
5840_10,0.9976251721382141
5841_10,0.981846034526825
5842_10,0.9933744072914124
5843_10,0.9266383051872253
5844_9,0.9946140646934509
5845_10,0.9980046153068542
5846_10,0.8836700320243835
5847_7,0.9813134670257568
5848_7,0.9488325715065002
5849_7,0.91078120470047
584_10,0.9608213901519775
5850_8,0.9982807636260986
5851_7,0.9799929261207581
5852_7,0.046189337968826294
5853_8,0.8861129283905029
5854_10,0.9988310933113098
5855_7,0.9975622892379761
5856_7,0.9751798510551453
5857_7,0.5142462849617004
5858_8,0.6737020611763
5859_9,0.6571778059005737
585_10,0.962253212928772
5860_7,0.6936838626861572
5861_8,0.7369254231452942
5862_7,0.9699724912643433
5863_10,0.4533076882362366
5864_10,0.0053090741857886314
5865_10,0.9582664370536804
5866_8,0.6060830354690552
5867_7,0.6851040124893188
5868_7,0.7529717087745667
5869_10,0.9974290728569031
586_8,0.9904696345329285
5870_8,0.9991433620452881
5871_10,0.5862382054328918
5872_10,0.5627731084823608
5873_10,0.46869024634361267
5874_10,0.9578171968460083
5875_8,0.6069116592407227
5876_10,0.08694105595350266
5877_10,0.9973491430282593
5878_10,0.8012452125549316
5879_10,0.9990020394325256
587_8,0.8737508058547974
5880_10,0.9987785220146179
5881_10,0.99868243932724
5882_9,0.99349045753479
5883_10,0.9973697662353516
5884_9,0.9926226139068604
5885_10,0.9865911602973938
5886_8,0.9918557405471802
5887_10,0.94634610414505
5888_10,0.9973052740097046
5889_10,0.9302936792373657
588_7,0.5017483830451965
5890_10,0.998534083366394
5891_10,0.9984098672866821
5892_10,0.8973188996315002
5893_10,0.9941158294677734
5894_10,0.9575270414352417
5895_10,0.962701678276062
5896_10,0.8893049359321594
5897_10,0.9993113279342651
5898_9,0.9993457198143005
5899_10,0.9965890645980835
589_10,0.9800818562507629
58_8,0.9994764924049377
5900_10,0.9978639483451843
5901_10,0.6488120555877686
5902_7,0.9279801249504089
5903_9,0.5553652048110962
5904_10,0.8616569638252258
5905_9,0.9971070885658264
5906_10,0.9849557280540466
5907_7,0.165890172123909
5908_10,0.9989627599716187
5909_8,0.9814622402191162
590_7,0.9383556842803955
5910_7,0.7969470620155334
5911_9,0.9915719032287598
5912_10,0.9956602454185486
5913_10,0.9973456263542175
5914_10,0.8508347868919373
5915_8,0.8920244574546814
5916_7,0.9978925585746765
5917_8,0.9113345146179199
5918_7,0.8824774026870728
5919_8,0.9395539164543152
591_8,0.662388265132904
5920_7,0.9248940944671631
5921_10,0.9712419509887695
5922_8,0.9924697279930115
5923_10,0.9503694772720337
5924_8,0.986248791217804
5925_9,0.965675950050354
5926_9,0.9950428009033203
5927_8,0.9935791492462158
5928_8,0.9911156892776489
5929_8,0.05268172174692154
592_10,0.9941936135292053
5930_8,0.7458399534225464
5931_8,0.7640478610992432
5932_7,0.5981224775314331
5933_7,0.8396579027175903
5934_9,0.9932079911231995
5935_7,0.9799838662147522
5936_8,0.5388468503952026
5937_9,0.9976235032081604
5938_10,0.7333972454071045
5939_7,0.24806445837020874
593_10,0.9386023283004761
5940_9,0.7841838002204895
5941_8,0.8729711174964905
5942_7,0.9454625248908997
5943_8,0.8669272065162659
5944_7,0.9331835508346558
5945_10,0.9968327879905701
5946_7,0.10819189995527267
5947_7,0.6832517385482788
5948_9,0.8128238320350647
5949_7,0.9416976571083069
594_9,0.5900392532348633
5950_10,0.4403429925441742
5951_9,0.9102285504341125
5952_9,0.994792640209198
5953_8,0.9920057654380798
5954_10,0.9779989719390869
5955_9,0.9508022665977478
5956_7,0.9969807267189026
5957_9,0.9027214646339417
5958_9,0.9864969849586487
5959_7,0.7151826620101929
595_10,0.9876495003700256
5960_8,0.983609676361084
5961_8,0.9300761818885803
5962_9,0.9508813619613647
5963_10,0.9931479096412659
5964_7,0.6202207803726196
5965_7,0.3834810256958008
5966_7,0.8716612458229065
5967_7,0.7575165033340454
5968_8,0.9718409180641174
5969_10,0.8809347748756409
596_10,0.9047385454177856
5970_9,0.8096937537193298
5971_10,0.0854366198182106
5972_9,0.9847944378852844
5973_9,0.984171450138092
5974_10,0.9963220357894897
5975_10,0.9966583251953125
5976_10,0.989894449710846
5977_10,0.9181555509567261
5978_10,0.9874846339225769
5979_10,0.9001170992851257
597_9,0.9941158294677734
5980_10,0.9899420738220215
5981_10,0.739364504814148
5982_9,0.9928346872329712
5983_10,0.9960999488830566
5984_10,0.9985232949256897
5985_9,0.9340435862541199
5986_9,0.9952661991119385
5987_7,0.8887773752212524
5988_10,0.9993399977684021
5989_10,0.9938739538192749
598_9,0.9348737597465515
5990_10,0.990532398223877
5991_9,0.9943162798881531
5992_10,0.9982162117958069
5993_10,0.9972501397132874
5994_10,0.9963668584823608
5995_8,0.9580173492431641
5996_8,0.7289175987243652
5997_7,0.654128909111023
5998_7,0.24541877210140228
5999_8,0.8530681133270264
599_9,0.9975294470787048
59_10,0.996802568435669
5_7,0.7958749532699585
6000_10,0.9803019165992737
6001_9,0.9973453879356384
6002_7,0.998630702495575
6003_9,0.9884269833564758
6004_8,0.49664488434791565
6005_9,0.9558632373809814
6006_8,0.993529736995697
6007_10,0.9910287261009216
6008_10,0.9870093464851379
6009_8,0.9824104309082031
600_8,0.903769314289093
6010_10,0.9989771842956543
6011_10,0.9817488193511963
6012_8,0.8434377908706665
6013_7,0.8107214570045471
6014_9,0.9884164333343506
6015_9,0.6264205574989319
6016_7,0.9123159050941467
6017_10,0.9962683916091919
6018_7,0.9965307116508484
6019_10,0.9992021918296814
601_10,0.9456550478935242
6020_9,0.9950659275054932
6021_10,0.9934393763542175
6022_8,0.9688942432403564
6023_10,0.9966205358505249
6024_7,0.410359263420105
6025_8,0.7098322510719299
6026_8,0.997227132320404
6027_9,0.9766469597816467
6028_10,0.9806795120239258
6029_9,0.7903357148170471
602_10,0.9899988770484924
6030_9,0.47324278950691223
6031_9,0.7178210616111755
6032_7,0.9801499843597412
6033_8,0.996565043926239
6034_10,0.9839233756065369
6035_8,0.9964258074760437
6036_7,0.5282784104347229
6037_10,0.9277361631393433
6038_10,0.9982506632804871
6039_9,0.24814137816429138
603_8,0.9952608942985535
6040_8,0.7123663425445557
6041_8,0.9222297072410583
6042_10,0.5682180523872375
6043_9,0.8195652961730957
6044_10,0.994724452495575
6045_7,0.9177044630050659
6046_10,0.3794717788696289
6047_10,0.657069206237793
6048_10,0.5180291533470154
6049_9,0.8852518796920776
604_10,0.9990578293800354
6050_10,0.3015947937965393
6051_9,0.9928616881370544
6052_10,0.9668993353843689
6053_8,0.9441490769386292
6054_10,0.8470589518547058
6055_10,0.9992687106132507
6056_10,0.29443272948265076
6057_8,0.37989264726638794
6058_8,0.9078075885772705
6059_10,0.9390753507614136
605_10,0.9822956323623657
6060_9,0.9773491024971008
6061_10,0.7491536736488342
6062_8,0.9967081546783447
6063_9,0.9976468682289124
6064_9,0.9974767565727234
6065_8,0.9833816289901733
6066_9,0.9775100350379944
6067_10,0.9927470088005066
6068_10,0.9988133907318115
6069_10,0.9698367714881897
606_9,0.7118601202964783
6070_10,0.9986995458602905
6071_10,0.982150673866272
6072_10,0.9428302645683289
6073_10,0.9976274371147156
6074_7,0.9782238602638245
6075_10,0.9886715412139893
6076_9,0.9967367053031921
6077_9,0.9981489181518555
6078_8,0.41156890988349915
6079_7,0.7898998856544495
607_10,0.9878982901573181
6080_9,0.6853774785995483
6081_10,0.988050639629364
6082_8,0.998996913433075
6083_10,0.997350811958313
6084_10,0.9955161213874817
6085_8,0.9969444870948792
6086_9,0.9882832765579224
6087_9,0.9673929810523987
6088_10,0.998353123664856
6089_10,0.9929705262184143
608_8,0.9965391159057617
6090_10,0.9990864992141724
6091_9,0.9315302968025208
6092_10,0.999158501625061
6093_9,0.9917090535163879
6094_10,0.9968738555908203
6095_9,0.9895763397216797
6096_9,0.1890144646167755
6097_10,0.9975835084915161
6098_9,0.9851203560829163
6099_7,0.9155756235122681
609_7,0.1938297301530838
60_8,0.9758574366569519
6100_10,0.8068851232528687
6101_10,0.9978834986686707
6102_10,0.9242284297943115
6103_7,0.9391771554946899
6104_10,0.8828033804893494
6105_10,0.9930757284164429
6106_9,0.9555944204330444
6107_8,0.060122665017843246
6108_8,0.8242583870887756
6109_10,0.8038985133171082
610_9,0.5839219689369202
6110_10,0.08382584154605865
6111_8,0.7032667994499207
6112_8,0.4955782890319824
6113_10,0.9893655776977539
6114_10,0.1803736537694931
6115_10,0.9979918003082275
6116_10,0.41349902749061584
6117_10,0.9982860684394836
6118_10,0.8925466537475586
6119_10,0.9036069512367249
611_10,0.9799960255622864
6120_8,0.854540228843689
6121_9,0.8586148619651794
6122_8,0.17654266953468323
6123_10,0.21303126215934753
6124_10,0.011971843428909779
6125_7,0.08613108098506927
6126_8,0.47133928537368774
6127_7,0.1260633021593094
6128_10,0.03148799389600754
6129_8,0.09470727294683456
612_9,0.9887714982032776
6130_9,0.9968246221542358
6131_7,0.9872545599937439
6132_10,0.9983522891998291
6133_8,0.3475753962993622
6134_7,0.7850332856178284
6135_9,0.9913660287857056
6136_10,0.9637119174003601
6137_10,0.9406042695045471
6138_10,0.9962994456291199
6139_10,0.999670147895813
613_10,0.9837890863418579
6140_7,0.9293879270553589
6141_10,0.9935718774795532
6142_10,0.8630321025848389
6143_9,0.9284117817878723
6144_10,0.9812569618225098
6145_8,0.9925457835197449
6146_9,0.8230464458465576
6147_10,0.7110262513160706
6148_9,0.9920485615730286
6149_10,0.6827022433280945
614_10,0.9984259605407715
6150_7,0.9290257096290588
6151_10,0.9994639754295349
6152_8,0.9799594879150391
6153_10,0.18634626269340515
6154_10,0.7728685140609741
6155_10,0.9988971948623657
6156_8,0.9996169805526733
6157_9,0.9784576296806335
6158_10,0.9917730689048767
6159_8,0.9954504370689392
615_8,0.917539119720459
6160_10,0.9804593324661255
6161_8,0.9992820620536804
6162_10,0.9971073269844055
6163_8,0.9236105680465698
6164_10,0.9984061121940613
6165_8,0.9734172224998474
6166_7,0.986634373664856
6167_10,0.6185546517372131
6168_8,0.9925774931907654
6169_8,0.9939258694648743
616_10,0.8137763142585754
6170_10,0.9841099381446838
6171_10,0.9998582601547241
6172_9,0.9984992742538452
6173_10,0.997957706451416
6174_8,0.8292447328567505
6175_10,0.8684509992599487
6176_8,0.991597592830658
6177_8,0.994321346282959
6178_10,0.9957660436630249
6179_10,0.9993608593940735
617_9,0.9804186224937439
6180_10,0.997520387172699
6181_8,0.9233803749084473
6182_8,0.9981434345245361
6183_9,0.9509347081184387
6184_8,0.7053290009498596
6185_9,0.9579482078552246
6186_7,0.9948686361312866
6187_10,0.9828400015830994
6188_10,0.9965848922729492
6189_7,0.9063674211502075
618_7,0.8901102542877197
6190_8,0.9557165503501892
6191_10,0.5155951976776123
6192_10,0.5013085007667542
6193_10,0.4812912046909332
6194_10,0.9985055923461914
6195_10,0.9906163811683655
6196_7,0.9979098439216614
6197_7,0.9516192078590393
6198_10,0.985270619392395
6199_8,0.9665123224258423
619_10,0.9475618600845337
61_9,0.9987385869026184
6200_8,0.3804827928543091
6201_9,0.8752198815345764
6202_7,0.05815985053777695
6203_10,0.8587536811828613
6204_10,0.8571147918701172
6205_9,0.9989088773727417
6206_7,0.9928529858589172
6207_7,0.7903145551681519
6208_7,0.9978379607200623
6209_8,0.9368681907653809
620_8,0.9880000948905945
6210_8,0.9959516525268555
6211_8,0.8287083506584167
6212_10,0.9867470264434814
6213_8,0.4430190622806549
6214_8,0.984929621219635
6215_8,0.6714861392974854
6216_7,0.9381731748580933
6217_10,0.4529273509979248
6218_8,0.9150207042694092
6219_10,0.985052227973938
621_7,0.6452398300170898
6220_10,0.9774402379989624
6221_8,0.9922164678573608
6222_9,0.9921091198921204
6223_7,0.965869128704071
6224_8,0.9136380553245544
6225_8,0.5523903369903564
6226_7,0.7606013417243958
6227_8,0.9427982568740845
6228_7,0.966455340385437
6229_8,0.9786787629127502
622_10,0.9978758096694946
6230_7,0.9290482401847839
6231_9,0.6137173175811768
6232_9,0.656242847442627
6233_8,0.9964498281478882
6234_8,0.9784432649612427
6235_10,0.9779560565948486
6236_7,0.3304211497306824
6237_8,0.9442915916442871
6238_8,0.513265073299408
6239_8,0.6823694705963135
623_8,0.9773882031440735
6240_10,0.9983945488929749
6241_10,0.998051643371582
6242_8,0.97707599401474
6243_8,0.8630775213241577
6244_10,0.9974797368049622
6245_8,0.9076288342475891
6246_10,0.8870751857757568
6247_10,0.09601926058530807
6248_8,0.9887597560882568
6249_9,0.9987819790840149
624_10,0.6201099753379822
6250_9,0.9251633882522583
6251_10,0.9984626770019531
6252_8,0.567488431930542
6253_10,0.9699815511703491
6254_7,0.996554970741272
6255_10,0.3192236125469208
6256_8,0.13512320816516876
6257_8,0.7090034484863281
6258_8,0.9674654006958008
6259_7,0.5839998722076416
625_10,0.9868883490562439
6260_9,0.9970197081565857
6261_8,0.9964483976364136
6262_8,0.9147283434867859
6263_10,0.9576906561851501
6264_8,0.9953311085700989
6265_8,0.9983651041984558
6266_7,0.9957345128059387
6267_7,0.9989193677902222
6268_8,0.05563875287771225
6269_10,0.9890555143356323
626_10,0.9991626739501953
6270_10,0.016353853046894073
6271_9,0.8098480105400085
6272_9,0.7640908360481262
6273_10,0.7055359482765198
6274_10,0.9945952296257019
6275_9,0.013504995964467525
6276_8,0.9980833530426025
6277_10,0.94383305311203
6278_9,0.7395405173301697
6279_8,0.9927532076835632
627_7,0.40496626496315
6280_7,0.9958500862121582
6281_7,0.994356095790863
6282_10,0.9956680536270142
6283_8,0.9069738984107971
6284_7,0.9935546517372131
6285_8,0.535550057888031
6286_10,0.4415321350097656
6287_7,0.9838961362838745
6288_10,0.9478819370269775
6289_7,0.014225367456674576
628_8,0.7334185242652893
6290_7,0.8699647188186646
6291_7,0.20146983861923218
6292_8,0.9959489107131958
6293_10,0.9960231781005859
6294_7,0.9161511659622192
6295_8,0.8070491552352905
6296_10,0.5486539006233215
6297_10,0.9961813688278198
6298_7,0.9939634203910828
6299_8,0.9919881820678711
629_7,0.45783868432044983
62_8,0.9669702649116516
6300_7,0.9813089966773987
6301_7,0.9121886491775513
6302_8,0.932773232460022
6303_9,0.9983684420585632
6304_9,0.9844108819961548
6305_10,0.996758759021759
6306_10,0.8884995579719543
6307_9,0.9980965256690979
6308_8,0.9954921007156372
6309_9,0.9703594446182251
630_7,0.8978245258331299
6310_10,0.9743531942367554
6311_9,0.9838836789131165
6312_9,0.9275217652320862
6313_8,0.9790113568305969
6314_10,0.9923447966575623
6315_8,0.9967435598373413
6316_9,0.9770786166191101
6317_9,0.9818260669708252
6318_7,0.9660006761550903
6319_10,0.39220359921455383
631_10,0.9988211989402771
6320_10,0.608073890209198
6321_9,0.9789963960647583
6322_9,0.5749884843826294
6323_9,0.9880167245864868
6324_10,0.9986261129379272
6325_9,0.9327858090400696
6326_8,0.9986891150474548
6327_7,0.8653708100318909
6328_10,0.9903826117515564
6329_7,0.7505662441253662
632_8,0.9933659434318542
6330_10,0.9991849064826965
6331_10,0.9384497404098511
6332_10,0.5491902828216553
6333_9,0.9215093851089478
6334_8,0.9860144853591919
6335_10,0.9922946691513062
6336_10,0.9379905462265015
6337_7,0.689010739326477
6338_7,0.8574680089950562
6339_10,0.9919925928115845
633_10,0.8661770820617676
6340_7,0.989465594291687
6341_9,0.9983468055725098
6342_9,0.7522287368774414
6343_8,0.9812284111976624
6344_9,0.9997962117195129
6345_9,0.7994891405105591
6346_10,0.9842889904975891
6347_8,0.9856770038604736
6348_8,0.9690724611282349
6349_9,0.956367552280426
634_10,0.7573996186256409
6350_8,0.9931666254997253
6351_7,0.9758839011192322
6352_9,0.9976497292518616
6353_7,0.987815797328949
6354_10,0.949887216091156
6355_9,0.9181279540061951
6356_9,0.996218740940094
6357_10,0.8230902552604675
6358_10,0.9978964328765869
6359_8,0.9982864260673523
635_8,0.9674633741378784
6360_7,0.46868062019348145
6361_7,0.9848664402961731
6362_10,0.13892829418182373
6363_7,0.7678410410881042
6364_10,0.9708136916160583
6365_7,0.08579905331134796
6366_9,0.9806215167045593
6367_10,0.9983261227607727
6368_7,0.7907251119613647
6369_9,0.7719520926475525
636_9,0.9753862023353577
6370_10,0.9900487661361694
6371_10,0.47303253412246704
6372_9,0.9947868585586548
6373_10,0.9836855530738831
6374_10,0.9173923134803772
6375_10,0.9946913123130798
6376_10,0.9762526154518127
6377_8,0.9928845167160034
6378_9,0.9813491702079773
6379_8,0.31501907110214233
637_9,0.9915823340415955
6380_9,0.31133797764778137
6381_9,0.9742631316184998
6382_10,0.9983069896697998
6383_10,0.9836560487747192
6384_10,0.9893223643302917
6385_10,0.9966249465942383
6386_7,0.9886386394500732
6387_7,0.29844045639038086
6388_10,0.9932156205177307
6389_8,0.3733479380607605
638_7,0.9841414093971252
6390_10,0.5213437080383301
6391_7,0.94283527135849
6392_10,0.9983434677124023
6393_10,0.9876839518547058
6394_10,0.9960129261016846
6395_10,0.9967138767242432
6396_8,0.9884500503540039
6397_7,0.18227359652519226
6398_9,0.9905574321746826
6399_10,0.6993635296821594
639_7,0.9640395045280457
63_10,0.8708770275115967
6400_10,0.9820418953895569
6401_10,0.9959167838096619
6402_10,0.9905939102172852
6403_10,0.9775477647781372
6404_10,0.9904026985168457
6405_10,0.765325129032135
6406_10,0.8223724961280823
6407_10,0.4521753787994385
6408_7,0.8440467119216919
6409_10,0.9750688672065735
640_9,0.9989550113677979
6410_8,0.9931910634040833
6411_8,0.25331681966781616
6412_10,0.7993649244308472
6413_8,0.9615747332572937
6414_9,0.2703389525413513
6415_8,0.9835054278373718
6416_10,0.9831125140190125
6417_8,0.9808694124221802
6418_8,0.9970203042030334
6419_7,0.9970340728759766
641_8,0.6935590505599976
6420_8,0.9878638386726379
6421_7,0.9040257930755615
6422_8,0.99859219789505
6423_8,0.9848863482475281
6424_8,0.9025014042854309
6425_9,0.9995655417442322
6426_7,0.8868229389190674
6427_7,0.9970340728759766
6428_8,0.9767943024635315
6429_10,0.962445855140686
642_9,0.9936321377754211
6430_10,0.9923473596572876
6431_8,0.996841549873352
6432_9,0.9537598490715027
6433_7,0.9977007508277893
6434_9,0.9853748083114624
6435_10,0.006026855204254389
6436_10,0.9933841824531555
6437_7,0.8346797227859497
6438_7,0.9738553762435913
6439_7,0.9160001873970032
643_7,0.9433650970458984
6440_7,0.9969737529754639
6441_7,0.9644613265991211
6442_8,0.3086583912372589
6443_10,0.5672454237937927
6444_7,0.9970206618309021
6445_10,0.9924578666687012
6446_10,0.9914937019348145
6447_10,0.901736855506897
6448_9,0.9885990619659424
6449_8,0.9777234196662903
644_8,0.5573657751083374
6450_10,0.997253954410553
6451_9,0.9812142848968506
6452_10,0.9961451292037964
6453_10,0.997904896736145
6454_8,0.9675856828689575
6455_7,0.9367486834526062
6456_9,0.9921539425849915
6457_10,0.9991232752799988
6458_7,0.7948129773139954
6459_7,0.9922316074371338
645_10,0.998337984085083
6460_8,0.9314396381378174
6461_10,0.9572335481643677
6462_8,0.9767905473709106
6463_10,0.9994953870773315
6464_9,0.9998301267623901
6465_8,0.9916995763778687
6466_10,0.999484658241272
6467_7,0.99528968334198
6468_8,0.9960924983024597
6469_7,0.9667250514030457
646_9,0.9966778755187988
6470_8,0.73421311378479
6471_7,0.9896204471588135
6472_7,0.9932229518890381
6473_10,0.5137765407562256
6474_7,0.9994264841079712
6475_10,0.9749309420585632
6476_8,0.9725406169891357
6477_9,0.9282574653625488
6478_10,0.9903692603111267
6479_10,0.9881207942962646
647_9,0.044742051512002945
6480_10,0.9924694895744324
6481_7,0.8984411954879761
6482_7,0.9656239748001099
6483_10,0.9507599472999573
6484_10,0.9171948432922363
6485_10,0.05096232891082764
6486_10,0.988788902759552
6487_7,0.9935579895973206
6488_7,0.9777147769927979
6489_8,0.9950740933418274
648_8,0.9808185696601868
6490_8,0.9968093037605286
6491_10,0.7995248436927795
6492_7,0.9905016422271729
6493_9,0.6873680949211121
6494_8,0.9683670997619629
6495_8,0.27828627824783325
6496_8,0.8852270245552063
6497_10,0.9847635626792908
6498_10,0.9847635626792908
6499_8,0.1327451765537262
649_7,0.9478987455368042
64_10,0.9927189350128174
6500_7,0.9620745778083801
6501_10,0.9974230527877808
6502_9,0.7582255005836487
6503_7,0.4008620083332062
6504_9,0.9990060925483704
6505_8,0.9978972673416138
6506_8,0.9982839226722717
6507_8,0.9955925345420837
6508_9,0.9502949714660645
6509_8,0.9606549143791199
650_10,0.9880365133285522
6510_7,0.026046358048915863
6511_7,0.9678217768669128
6512_7,0.6476733088493347
6513_7,0.8917953372001648
6514_8,0.9851843118667603
6515_9,0.9910626411437988
6516_10,0.999024510383606
6517_8,0.8139299750328064
6518_10,0.9934050440788269
6519_9,0.9904754757881165
651_9,0.9971871972084045
6520_8,0.9976650476455688
6521_8,0.7445491552352905
6522_10,0.37157121300697327
6523_10,0.9899871945381165
6524_9,0.9957947731018066
6525_10,0.30293208360671997
6526_7,0.5175046920776367
6527_10,0.9672274589538574
6528_10,0.9942386150360107
6529_10,0.9823617339134216
652_8,0.9812830686569214
6530_9,0.8479583859443665
6531_10,0.9921106696128845
6532_9,0.9892372488975525
6533_10,0.21455243229866028
6534_8,0.9973318576812744
6535_7,0.9780799150466919
6536_10,0.9772637486457825
6537_10,0.9551829695701599
6538_9,0.26548200845718384
6539_9,0.9948529601097107
653_10,0.9968037605285645
6540_7,0.9255020618438721
6541_7,0.9245442152023315
6542_9,0.8497792482376099
6543_10,0.45471835136413574
6544_10,0.042602695524692535
6545_10,0.9560405015945435
6546_10,0.9800787568092346
6547_10,0.9975118637084961
6548_8,0.7832450270652771
6549_7,0.9854491353034973
654_9,0.9980423450469971
6550_7,0.9296907782554626
6551_7,0.978523850440979
6552_10,0.9974600672721863
6553_10,0.9727585911750793
6554_8,0.7852575778961182
6555_7,0.9938223361968994
6556_8,0.9846286773681641
6557_7,0.990807831287384
6558_8,0.9276056885719299
6559_7,0.8970639109611511
655_10,0.9423347115516663
6560_10,0.9884997010231018
6561_8,0.9823330044746399
6562_8,0.9981383085250854
6563_8,0.8962342143058777
6564_7,0.9985729455947876
6565_8,0.8934985995292664
6566_7,0.8757525682449341
6567_8,0.5968225002288818
6568_8,0.9966099858283997
6569_9,0.9946967363357544
656_7,0.9738597869873047
6570_8,0.01638786680996418
6571_10,0.9739018082618713
6572_9,0.5383252501487732
6573_9,0.9673469066619873
6574_10,0.9983398914337158
6575_10,0.9981608986854553
6576_10,0.9741344451904297
6577_10,0.9923978447914124
6578_7,0.3062390983104706
6579_7,0.9112902283668518
657_10,0.9885467290878296
6580_7,0.9816803932189941
6581_10,0.9959993362426758
6582_8,0.04242110997438431
6583_7,0.9973203539848328
6584_7,0.9930579662322998
6585_9,0.9897852540016174
6586_8,0.9928382039070129
6587_9,0.9627969264984131
6588_9,0.9587936997413635
6589_9,0.9942939877510071
658_7,0.7169403433799744
6590_7,0.9707213640213013
6591_7,0.9509329199790955
6592_10,0.9998384714126587
6593_8,0.6580871343612671
6594_10,0.989815354347229
6595_9,0.958652675151825
6596_10,0.8196711540222168
6597_9,0.9738544821739197
6598_10,0.977616548538208
6599_7,0.8381646871566772
659_8,0.9928268790245056
65_7,0.9812942743301392
6600_10,0.8223339319229126
6601_9,0.967205286026001
6602_7,0.7384229898452759
6603_10,0.9705538749694824
6604_7,0.9978684186935425
6605_10,0.7662088871002197
6606_9,0.6710280776023865
6607_9,0.9983208775520325
6608_9,0.9944544434547424
6609_9,0.7534452080726624
660_8,0.9908329844474792
6610_10,0.9789059162139893
6611_7,0.9973418116569519
6612_8,0.9945527911186218
6613_10,0.9852160215377808
6614_10,0.9786726236343384
6615_9,0.9984702467918396
6616_8,0.9898226261138916
6617_7,0.6286856532096863
6618_7,0.9089218378067017
6619_10,0.9890742897987366
661_9,0.28732505440711975
6620_10,0.9824362993240356
6621_10,0.9755784869194031
6622_9,0.9543449282646179
6623_7,0.9690203070640564
6624_7,0.4554137885570526
6625_8,0.986427366733551
6626_7,0.03924311324954033
6627_7,0.9695485830307007
6628_10,0.9804746508598328
6629_10,0.9946891069412231
662_9,0.5189294815063477
6630_10,0.9928870797157288
6631_10,0.9176868200302124
6632_10,0.9679226279258728
6633_8,0.6635679602622986
6634_9,0.9639280438423157
6635_10,0.8785840272903442
6636_8,0.9005445241928101
6637_8,0.9746169447898865
6638_10,0.8978351950645447
6639_8,0.985091507434845
663_9,0.9744877815246582
6640_9,0.9940829873085022
6641_9,0.8394286036491394
6642_9,0.9951111674308777
6643_10,0.9487195611000061
6644_10,0.8986599445343018
6645_10,0.9342942833900452
6646_10,0.9974619150161743
6647_10,0.9943729639053345
6648_9,0.07361280173063278
6649_10,0.8951205611228943
664_9,0.9722307324409485
6650_8,0.9748582243919373
6651_7,0.960637092590332
6652_8,0.9970682263374329
6653_7,0.5399596095085144
6654_10,0.994181215763092
6655_7,0.08258816599845886
6656_8,0.4987795352935791
6657_10,0.923416793346405
6658_7,0.9740524888038635
6659_7,0.9477678537368774
665_10,0.9704989790916443
6660_7,0.7331456542015076
6661_9,0.9914554953575134
6662_9,0.9846157431602478
6663_10,0.9895206689834595
6664_8,0.8527261018753052
6665_8,0.9966733455657959
6666_8,0.9962959885597229
6667_9,0.9991303086280823
6668_10,0.9886986613273621
6669_9,0.41933542490005493
666_7,0.1645878553390503
6670_7,0.9715060591697693
6671_8,0.869888424873352
6672_10,0.7164347171783447
6673_8,0.9919137954711914
6674_10,0.9683464169502258
6675_7,0.9761059880256653
6676_10,0.9998044371604919
6677_8,0.9976063966751099
6678_10,0.9436674118041992
6679_9,0.7053859829902649
667_10,0.8014936447143555
6680_9,0.9941462278366089
6681_10,0.9734882712364197
6682_10,0.8845697045326233
6683_9,0.9597839713096619
6684_9,0.998727023601532
6685_7,0.6475124955177307
6686_10,0.9618396162986755
6687_9,0.9822792410850525
6688_9,0.9947705864906311
6689_9,0.9979748129844666
668_10,0.23870962858200073
6690_8,0.9508594870567322
6691_9,0.9100387692451477
6692_8,0.9730948805809021
6693_10,0.9969580173492432
6694_9,0.9833381772041321
6695_7,0.7458709478378296
6696_9,0.7526651620864868
6697_7,0.6038963198661804
6698_10,0.829599916934967
6699_8,0.1095157265663147
669_10,0.23938457667827606
66_10,0.8446078300476074
6700_7,0.9239016175270081
6701_7,0.17005902528762817
6702_7,0.7762444019317627
6703_8,0.985283374786377
6704_10,0.9225090146064758
6705_8,0.9847106337547302
6706_10,0.9817450642585754
6707_10,0.9982388019561768
6708_10,0.9768466353416443
6709_9,0.8182932734489441
670_7,0.9958919286727905
6710_8,0.9587406516075134
6711_7,0.5343983769416809
6712_8,0.7495396137237549
6713_8,0.705513060092926
6714_7,0.6891787052154541
6715_7,0.5007189512252808
6716_8,0.9586610198020935
6717_8,0.9927641749382019
6718_10,0.7645471096038818
6719_7,0.7823493480682373
671_8,0.9974744915962219
6720_7,0.284061461687088
6721_8,0.5482747554779053
6722_10,0.009081658907234669
6723_7,0.9973668456077576
6724_10,0.8901243805885315
6725_8,0.9933480620384216
6726_9,0.9936131834983826
6727_10,0.8351213932037354
6728_9,0.5667474269866943
6729_8,0.9887778162956238
672_8,0.9583890438079834
6730_7,0.5221194624900818
6731_10,0.7489981055259705
6732_9,0.5809380412101746
6733_10,0.9326800107955933
6734_10,0.9977309107780457
6735_10,0.9875022172927856
6736_9,0.998195469379425
6737_10,0.9693886041641235
6738_10,0.9918265342712402
6739_7,0.9438737630844116
673_8,0.9214058518409729
6740_10,0.9932460784912109
6741_9,0.9988994598388672
6742_10,0.9822789430618286
6743_8,0.8118695616722107
6744_7,0.9915140271186829
6745_7,0.7433930039405823
6746_7,0.9839942455291748
6747_8,0.9868888854980469
6748_8,0.7247501611709595
6749_10,0.9952241778373718
674_9,0.9966649413108826
6750_10,0.48000940680503845
6751_8,0.9989952445030212
6752_10,0.9896450042724609
6753_9,0.1907225400209427
6754_10,0.9899846315383911
6755_8,0.948456883430481
6756_9,0.23658913373947144
6757_10,0.9620929956436157
6758_10,0.9983766078948975
6759_10,0.7584618926048279
675_8,0.5190836191177368
6760_7,0.0626651868224144
6761_10,0.9948548078536987
6762_8,0.540101945400238
6763_8,0.9877119660377502
6764_10,0.9941516518592834
6765_10,0.9923332929611206
6766_8,0.9309127330780029
6767_9,0.9158123135566711
6768_8,0.9975447058677673
6769_7,0.9625863432884216
676_7,0.9966636300086975
6770_8,0.9987379908561707
6771_9,0.6270462870597839
6772_7,0.3935694694519043
6773_8,0.9802556037902832
6774_9,0.993550181388855
6775_9,0.8175990581512451
6776_9,0.6891744136810303
6777_10,0.9792647361755371
6778_8,0.9903610944747925
6779_10,0.9971432089805603
677_9,0.9487349390983582
6780_8,0.8330733776092529
6781_7,0.49114713072776794
6782_10,0.9700983166694641
6783_10,0.9231079816818237
6784_7,0.933484673500061
6785_7,0.9338325262069702
6786_10,0.4765350818634033
6787_10,0.9714284539222717
6788_9,0.9929682612419128
6789_10,0.9989952445030212
678_7,0.9698554873466492
6790_9,0.9579406976699829
6791_10,0.8012386560440063
6792_9,0.999879002571106
6793_10,0.9934011101722717
6794_10,0.9916736483573914
6795_10,0.9538241624832153
6796_10,0.9950776696205139
6797_10,0.9813752174377441
6798_8,0.8207636475563049
6799_10,0.9993259906768799
679_10,0.8754441142082214
67_10,0.9975727200508118
6800_10,0.9992688298225403
6801_8,0.9910445213317871
6802_7,0.9761032462120056
6803_9,0.962035059928894
6804_8,0.9721108675003052
6805_10,0.9971838593482971
6806_10,0.9521733522415161
6807_10,0.9929935336112976
6808_9,0.9961082339286804
6809_8,0.9918237328529358
680_8,0.9523360133171082
6810_8,0.74861741065979
6811_8,0.7875353693962097
6812_8,0.5648175477981567
6813_10,0.525366485118866
6814_10,0.9965547323226929
6815_10,0.9990154504776001
6816_10,0.9393803477287292
6817_10,0.9990732669830322
6818_9,0.9915709495544434
6819_10,0.9925518035888672
681_7,0.9565281867980957
6820_10,0.9963318705558777
6821_7,0.9427348375320435
6822_8,0.99427729845047
6823_8,0.9814026951789856
6824_7,0.942401111125946
6825_9,0.9712889790534973
6826_7,0.13092441856861115
6827_8,0.8058027625083923
6828_8,0.991043210029602
6829_10,0.9965399503707886
682_9,0.9021106362342834
6830_9,0.3748707175254822
6831_8,0.8434434533119202
6832_7,0.39133957028388977
6833_10,0.988602340221405
6834_10,0.9991505146026611
6835_10,0.994762122631073
6836_7,0.9993508458137512
6837_7,0.9885197281837463
6838_9,0.9986633062362671
6839_8,0.77065110206604
683_7,0.7723685503005981
6840_10,0.9809932708740234
6841_10,0.999150276184082
6842_8,0.9824221730232239
6843_10,0.9865807294845581
6844_10,0.8828288316726685
6845_10,0.9540639519691467
6846_8,0.9692938327789307
6847_10,0.9990146160125732
6848_8,0.9945323467254639
6849_8,0.7111340165138245
684_9,0.3816501200199127
6850_10,0.9988940358161926
6851_7,0.7204686999320984
6852_7,0.8956463932991028
6853_8,0.934354841709137
6854_7,0.9610206484794617
6855_7,0.7580673694610596
6856_7,0.061506230384111404
6857_10,0.9893497824668884
6858_8,0.9984478950500488
6859_8,0.983447790145874
685_8,0.605877161026001
6860_8,0.46248945593833923
6861_7,0.3734385669231415
6862_7,0.5484282970428467
6863_9,0.9991310238838196
6864_7,0.8529258966445923
6865_7,0.9898256659507751
6866_9,0.9759233593940735
6867_8,0.797151505947113
6868_9,0.9287710189819336
6869_7,0.9258490204811096
686_8,0.8380929231643677
6870_8,0.5159396529197693
6871_9,0.7985481023788452
6872_8,0.37605249881744385
6873_8,0.6290508508682251
6874_7,0.431142121553421
6875_8,0.9036597013473511
6876_10,0.9981510043144226
6877_7,0.9749577045440674
6878_9,0.9948943853378296
6879_8,0.9647564888000488
687_9,0.9983909130096436
6880_7,0.33977481722831726
6881_8,0.9975493550300598
6882_7,0.5795533657073975
6883_10,0.7993191480636597
6884_7,0.990786075592041
6885_7,0.5667317509651184
6886_9,0.485330730676651
6887_10,0.9941505789756775
6888_10,0.9954888224601746
6889_10,0.979242205619812
688_7,0.05577254295349121
6890_10,0.9895992279052734
6891_10,0.9738684892654419
6892_10,0.997901201248169
6893_7,0.28814399242401123
6894_7,0.9978508949279785
6895_7,0.05901118740439415
6896_10,0.9580941796302795
6897_7,0.06330922245979309
6898_10,0.9678075313568115
6899_8,0.9922980666160583
689_7,0.7932747602462769
68_9,0.9988641738891602
6900_8,0.9817768931388855
6901_8,0.9854855537414551
6902_7,0.9485945105552673
6903_10,0.887118935585022
6904_9,0.9917820692062378
6905_9,0.9990600943565369
6906_9,0.9714245200157166
6907_8,0.9760934710502625
6908_9,0.9949830770492554
6909_9,0.9903049468994141
690_10,0.8145451545715332
6910_8,0.9655681848526001
6911_9,0.9988645315170288
6912_7,0.9441574811935425
6913_9,0.9969483017921448
6914_10,0.9858859777450562
6915_10,0.5978221297264099
6916_9,0.9996477365493774
6917_9,0.9971390962600708
6918_10,0.9489549398422241
6919_10,0.6420794129371643
691_7,0.9264653325080872
6920_7,0.9933671355247498
6921_8,0.9204856753349304
6922_8,0.9657766819000244
6923_9,0.9953255653381348
6924_9,0.955308198928833
6925_10,0.9937088489532471
6926_10,0.9970139265060425
6927_7,0.61196368932724
6928_8,0.8088371753692627
6929_8,0.9681844711303711
692_7,0.8969653844833374
6930_7,0.005459621548652649
6931_7,0.5479928255081177
6932_10,0.1869678795337677
6933_7,0.19218188524246216
6934_10,0.9924606680870056
6935_9,0.8888906836509705
6936_9,0.5995916724205017
6937_7,0.2821885347366333
6938_8,0.006155909039080143
6939_10,0.6154462099075317
693_9,0.8680772185325623
6940_10,0.49486860632896423
6941_8,0.7940352559089661
6942_10,0.939253568649292
6943_8,0.9783473014831543
6944_10,0.370773583650589
6945_9,0.7678272724151611
6946_9,0.730654239654541
6947_10,0.9761894941329956
6948_9,0.9806442260742188
6949_9,0.9993093013763428
694_8,0.9935722351074219
6950_10,0.9991856217384338
6951_10,0.9564022421836853
6952_8,0.9913941025733948
6953_9,0.9778885841369629
6954_10,0.9949955940246582
6955_9,0.9954202175140381
6956_8,0.9811135530471802
6957_8,0.9930735230445862
6958_10,0.9794837236404419
6959_9,0.9969165325164795
695_10,0.33140063285827637
6960_10,0.9955399632453918
6961_9,0.9742259979248047
6962_9,0.9918437600135803
6963_8,0.02848977968096733
6964_8,0.06837990880012512
6965_10,0.9456889629364014
6966_7,0.848381519317627
6967_9,0.9680328965187073
6968_10,0.5831946134567261
6969_10,0.8349862694740295
696_10,0.9911971092224121
6970_10,0.8215141892433167
6971_8,0.9927220940589905
6972_7,0.9951700568199158
6973_7,0.505496084690094
6974_7,0.9567784667015076
6975_8,0.9873020648956299
6976_10,0.9694929122924805
6977_9,0.1415860503911972
6978_8,0.9185535907745361
6979_10,0.9915174841880798
697_10,0.9983341097831726
6980_9,0.7871401309967041
6981_7,0.2715795636177063
6982_10,0.9222642183303833
6983_7,0.9776444435119629
6984_8,0.9836702346801758
6985_7,0.8339571952819824
6986_8,0.05002939701080322
6987_10,0.9622118473052979
6988_9,0.6309818029403687
6989_10,0.9867472648620605
698_10,0.9894561171531677
6990_8,0.9983137845993042
6991_7,0.9267199635505676
6992_9,0.8047160506248474
6993_8,0.30646181106567383
6994_8,0.9155455231666565
6995_8,0.8926438689231873
6996_9,0.8561137318611145
6997_10,0.9857072234153748
6998_7,0.9789062738418579
6999_10,0.9540411233901978
699_9,0.9990342855453491
69_10,0.8787090182304382
6_7,0.9444332122802734
7000_8,0.8353736400604248
7001_10,0.9936187267303467
7002_10,0.911431610584259
7003_10,0.9952799081802368
7004_8,0.9156444668769836
7005_8,0.9721625447273254
7006_8,0.9724223017692566
7007_10,0.9893418550491333
7008_10,0.94832444190979
7009_10,0.9610956311225891
700_7,0.9778584837913513
7010_10,0.9929177761077881
7011_10,0.9972733855247498
7012_9,0.958801805973053
7013_10,0.9842431545257568
7014_10,0.990728497505188
7015_10,0.9962368011474609
7016_10,0.9882858395576477
7017_10,0.26558762788772583
7018_10,0.9730888605117798
7019_10,0.9980024695396423
701_8,0.6636267900466919
7020_8,0.9975873231887817
7021_10,0.9923833012580872
7022_8,0.9974972605705261
7023_7,0.9365676641464233
7024_10,0.9977537989616394
7025_9,0.9984245300292969
7026_10,0.9854163527488708
7027_9,0.9928326606750488
7028_10,0.32685330510139465
7029_10,0.9335471987724304
702_7,0.9848065972328186
7030_10,0.9990816116333008
7031_10,0.9994552731513977
7032_10,0.9998384714126587
7033_10,0.988290548324585
7034_10,0.9975913763046265
7035_10,0.9990881681442261
7036_10,0.994378387928009
7037_9,0.9185851812362671
7038_9,0.8833257555961609
7039_8,0.9345143437385559
703_8,0.9691089391708374
7040_10,0.9896174669265747
7041_10,0.9795310497283936
7042_8,0.9470881819725037
7043_10,0.34557217359542847
7044_10,0.774149477481842
7045_7,0.4738606810569763
7046_7,0.9505391716957092
7047_10,0.9952086806297302
7048_7,0.8539525270462036
7049_8,0.9792490601539612
704_8,0.9845357537269592
7050_8,0.9483633041381836
7051_7,0.3789902329444885
7052_7,0.48264485597610474
7053_10,0.8871524930000305
7054_7,0.8730423450469971
7055_8,0.9942025542259216
7056_7,0.9863843321800232
7057_7,0.03350554779171944
7058_10,0.9920329451560974
7059_8,0.11001124233007431
705_10,0.9986289739608765
7060_9,0.8053217530250549
7061_9,0.8774327635765076
7062_9,0.9646617770195007
7063_9,0.9451837539672852
7064_9,0.9965227842330933
7065_8,0.9835642576217651
7066_10,0.9876033663749695
7067_10,0.9898738861083984
7068_10,0.9850133061408997
7069_10,0.9073134064674377
706_10,0.9993391633033752
7070_10,0.9864841103553772
7071_10,0.5755636096000671
7072_8,0.984443187713623
7073_10,0.9810734987258911
7074_10,0.994901180267334
7075_10,0.9965558052062988
7076_10,0.9987163543701172
7077_10,0.9979191422462463
7078_10,0.995937705039978
7079_7,0.9843130111694336
707_10,0.9937998652458191
7080_9,0.9764142036437988
7081_8,0.9985296726226807
7082_10,0.6854318380355835
7083_9,0.9970550537109375
7084_8,0.732828676700592
7085_7,0.9174043536186218
7086_8,0.802381157875061
7087_10,0.893456220626831
7088_7,0.9934020638465881
7089_9,0.9794798493385315
708_10,0.841903805732727
7090_10,0.9947494864463806
7091_7,0.9436296224594116
7092_8,0.9950062036514282
7093_10,0.9899598360061646
7094_7,0.7339288592338562
7095_7,0.9819083213806152
7096_10,0.9953598380088806
7097_10,0.6907045245170593
7098_10,0.944301187992096
7099_10,0.9296495318412781
709_9,0.998777449131012
70_8,0.9963582158088684
7100_7,0.9813210368156433
7101_7,0.9813210368156433
7102_8,0.6559461355209351
7103_8,0.9546173214912415
7104_7,0.06445097923278809
7105_8,0.35608819127082825
7106_8,0.9897415637969971
7107_7,0.7339674830436707
7108_8,0.573158323764801
7109_7,0.897367537021637
710_10,0.9892320036888123
7110_7,0.9045191407203674
7111_7,0.9793218970298767
7112_8,0.6082068085670471
7113_7,0.6678675413131714
7114_8,0.9327244162559509
7115_8,0.9633582830429077
7116_7,0.13520780205726624
7117_10,0.9977745413780212
7118_10,0.8966519832611084
7119_7,0.6742225885391235
711_10,0.39973706007003784
7120_10,0.7639673948287964
7121_10,0.19664143025875092
7122_10,0.9931621551513672
7123_10,0.9519286751747131
7124_10,0.9964285492897034
7125_8,0.953287661075592
7126_10,0.7340570092201233
7127_10,0.9976943135261536
7128_9,0.9951424598693848
7129_8,0.9961022138595581
712_9,0.9919804334640503
7130_9,0.9946804642677307
7131_9,0.5884823203086853
7132_9,0.9720825552940369
7133_9,0.4972948133945465
7134_9,0.9614921808242798
7135_9,0.942897379398346
7136_10,0.9927448034286499
7137_8,0.4892224967479706
7138_8,0.9512295722961426
7139_10,0.9559998512268066
713_8,0.9500263333320618
7140_10,0.9838320016860962
7141_7,0.5677323937416077
7142_8,0.99356609582901
7143_10,0.9999104738235474
7144_10,0.970253586769104
7145_10,0.9897071123123169
7146_9,0.9980170726776123
7147_10,0.9985823631286621
7148_9,0.996401309967041
7149_8,0.7625535726547241
714_10,0.9964964985847473
7150_10,0.8397442102432251
7151_10,0.9928094148635864
7152_10,0.9976062774658203
7153_8,0.5117643475532532
7154_10,0.9869575500488281
7155_9,0.9975066781044006
7156_10,0.9852160215377808
7157_10,0.9917469024658203
7158_10,0.9021791815757751
7159_10,0.935554027557373
715_10,0.9765032529830933
7160_10,0.9802023768424988
7161_10,0.9656467437744141
7162_9,0.9936749339103699
7163_10,0.8222473859786987
7164_8,0.9763668179512024
7165_10,0.9628094434738159
7166_9,0.9948698282241821
7167_8,0.8697261810302734
7168_10,0.9924737215042114
7169_10,0.9978278279304504
716_10,0.8577568531036377
7170_9,0.9935758709907532
7171_9,0.8076035380363464
7172_9,0.990985631942749
7173_10,0.9722248911857605
7174_7,0.7329971194267273
7175_7,0.6998947858810425
7176_10,0.2327265739440918
7177_10,0.2740643620491028
7178_10,0.9918493032455444
7179_10,0.998916506767273
717_8,0.9849334359169006
7180_7,0.5559703707695007
7181_9,0.8445404767990112
7182_7,0.9654945731163025
7183_10,0.9666392803192139
7184_9,0.9922405481338501
7185_8,0.9831816554069519
7186_7,0.9555078744888306
7187_7,0.6836496591567993
7188_7,0.9733564853668213
7189_9,0.9046316742897034
718_10,0.9985095858573914
7190_8,0.9467764496803284
7191_7,0.8512153625488281
7192_8,0.9747734665870667
7193_9,0.9970397353172302
7194_9,0.9972532391548157
7195_10,0.9826689958572388
7196_8,0.7659690976142883
7197_10,0.9938288331031799
7198_10,0.9007837176322937
7199_10,0.99221271276474
719_7,0.29047879576683044
71_9,0.9989113807678223
7200_8,0.9942296743392944
7201_8,0.9571066498756409
7202_10,0.997669517993927
7203_10,0.9960023760795593
7204_9,0.8104076981544495
7205_10,0.9849703311920166
7206_10,0.9659028053283691
7207_9,0.04552488401532173
7208_8,0.9983736276626587
7209_9,0.939190685749054
720_10,0.9670320153236389
7210_10,0.990959882736206
7211_7,0.6808138489723206
7212_9,0.24592937529087067
7213_10,0.9965176582336426
7214_10,0.9408460855484009
7215_10,0.9955493211746216
7216_10,0.9997730851173401
7217_7,0.8424275517463684
7218_9,0.9851685762405396
7219_10,0.9929932951927185
721_10,0.9611316323280334
7220_8,0.2187640368938446
7221_10,0.989977240562439
7222_7,0.6872081756591797
7223_10,0.4983633756637573
7224_9,0.7724159359931946
7225_10,0.996996283531189
7226_8,0.9986464381217957
7227_7,0.4615289866924286
7228_10,0.9988090991973877
7229_9,0.9346834421157837
722_10,0.49550971388816833
7230_10,0.8022297620773315
7231_7,0.9973141551017761
7232_8,0.8597967028617859
7233_7,0.3367606997489929
7234_10,0.9948998093605042
7235_8,0.30093637108802795
7236_10,0.5136839747428894
7237_10,0.44734978675842285
7238_10,0.9990472197532654
7239_7,0.9742019176483154
723_10,0.9762982130050659
7240_7,0.974005401134491
7241_9,0.807280957698822
7242_9,0.9989342093467712
7243_10,0.9406984448432922
7244_8,0.9298139214515686
7245_10,0.9993513226509094
7246_10,0.9929012060165405
7247_9,0.8730920553207397
7248_7,0.9293736219406128
7249_8,0.97376549243927
724_10,0.9911614656448364
7250_8,0.9980043768882751
7251_9,0.9923432469367981
7252_10,0.9965993762016296
7253_10,0.9920350909233093
7254_9,0.9981753826141357
7255_9,0.9826837182044983
7256_10,0.9985262155532837
7257_8,0.9970707893371582
7258_9,0.9960504174232483
7259_10,0.9740106463432312
725_8,0.7877242565155029
7260_7,0.9736947417259216
7261_9,0.9937252402305603
7262_8,0.33473286032676697
7263_10,0.7991974353790283
7264_8,0.9952935576438904
7265_7,0.9150424003601074
7266_7,0.7073260545730591
7267_8,0.9761652946472168
7268_10,0.9973975419998169
7269_8,0.9841436147689819
726_7,0.8985643982887268
7270_7,0.8366864919662476
7271_9,0.9898533225059509
7272_10,0.9988246560096741
7273_8,0.9983794689178467
7274_8,0.9904938340187073
7275_10,0.9860278367996216
7276_10,0.9934359788894653
7277_10,0.9889453053474426
7278_7,0.9805136322975159
7279_10,0.9838289618492126
727_8,0.9965123534202576
7280_10,0.9980219602584839
7281_8,0.7371916174888611
7282_8,0.9788357615470886
7283_9,0.9946020841598511
7284_9,0.9890810251235962
7285_9,0.9979705214500427
7286_8,0.9658975601196289
7287_10,0.999237060546875
7288_9,0.9975800514221191
7289_10,0.9992086291313171
728_10,0.9130555987358093
7290_10,0.999002993106842
7291_9,0.9890223741531372
7292_9,0.18946528434753418
7293_10,0.985944926738739
7294_10,0.9739676713943481
7295_9,0.8710739612579346
7296_10,0.9864410758018494
7297_8,0.6008046865463257
7298_8,0.9784533977508545
7299_9,0.9794808626174927
729_10,0.9471207857131958
72_8,0.7515289187431335
7300_9,0.6709983944892883
7301_7,0.5385432243347168
7302_10,0.9985297918319702
7303_10,0.9623380303382874
7304_8,0.9971928000450134
7305_10,0.9732891917228699
7306_9,0.9859303832054138
7307_10,0.5645981431007385
7308_7,0.6272213459014893
7309_7,0.9871009588241577
730_9,0.9945850968360901
7310_7,0.931463360786438
7311_8,0.6103929281234741
7312_10,0.514098048210144
7313_7,0.3988872468471527
7314_10,0.99869304895401
7315_7,0.8119404315948486
7316_9,0.9424080848693848
7317_8,0.6440036296844482
7318_10,0.9944986701011658
7319_8,0.8952655792236328
731_8,0.9697195887565613
7320_10,0.996340811252594
7321_7,0.954253613948822
7322_10,0.8732728958129883
7323_10,0.713902473449707
7324_8,0.7247089147567749
7325_10,0.999174177646637
7326_10,0.9969968795776367
7327_10,0.9961634874343872
7328_9,0.9971250891685486
7329_7,0.9767075181007385
732_8,0.49746614694595337
7330_7,0.9936105608940125
7331_7,0.9766402244567871
7332_7,0.9970321655273438
7333_10,0.9978206157684326
7334_10,0.9970099925994873
7335_10,0.10280466079711914
7336_7,0.567133367061615
7337_10,0.9958561062812805
7338_8,0.9939104318618774
7339_10,0.9907121062278748
733_7,0.7455512285232544
7340_10,0.9649067521095276
7341_10,0.98643559217453
7342_10,0.7296364307403564
7343_10,0.9933686852455139
7344_10,0.9959885478019714
7345_9,0.9987075328826904
7346_10,0.9923352599143982
7347_9,0.9984915256500244
7348_10,0.9918978214263916
7349_10,0.9721310138702393
734_7,0.6459500789642334
7350_10,0.9965484738349915
7351_8,0.9288050532341003
7352_7,0.8367189764976501
7353_10,0.9711243510246277
7354_8,0.3096908926963806
7355_8,0.4007219672203064
7356_8,0.8735494613647461
7357_10,0.9833472371101379
7358_10,0.9961041212081909
7359_10,0.9971178770065308
735_7,0.23544299602508545
7360_9,0.8572508692741394
7361_8,0.8970277309417725
7362_10,0.7617915868759155
7363_10,0.9293651580810547
7364_10,0.9570571780204773
7365_8,0.9480103254318237
7366_7,0.9741871953010559
7367_9,0.9844316840171814
7368_7,0.6200891733169556
7369_10,0.9849351644515991
736_8,0.273560106754303
7370_7,0.9647700190544128
7371_9,0.7639197111129761
7372_7,0.47666624188423157
7373_7,0.9992278814315796
7374_7,0.999402642250061
7375_8,0.9142014980316162
7376_8,0.9629492163658142
7377_10,0.9658206105232239
7378_7,0.9435484409332275
7379_7,0.6460843086242676
737_7,0.9949344992637634
7380_10,0.16374868154525757
7381_9,0.20745545625686646
7382_10,0.9950388073921204
7383_10,0.995342493057251
7384_8,0.9848713278770447
7385_8,0.4315486550331116
7386_8,0.9825731515884399
7387_8,0.5354279279708862
7388_7,0.9988719820976257
7389_9,0.9988652467727661
738_10,0.2709237039089203
7390_10,0.7743935585021973
7391_9,0.8925891518592834
7392_9,0.2854132354259491
7393_10,0.1920178085565567
7394_10,0.1524406373500824
7395_7,0.33210813999176025
7396_7,0.26705050468444824
7397_7,0.24093568325042725
7398_10,0.977769136428833
7399_9,0.6884573101997375
739_10,0.9948676824569702
73_10,0.9804890155792236
7400_10,0.6710677742958069
7401_10,0.7339816689491272
7402_10,0.704463541507721
7403_10,0.05109540373086929
7404_8,0.9980193376541138
7405_10,0.998866081237793
7406_8,0.9540552496910095
7407_8,0.9836038947105408
7408_9,0.8840768337249756
7409_8,0.9958879351615906
740_8,0.5611535906791687
7410_8,0.841298520565033
7411_10,0.9984083771705627
7412_7,0.3194211721420288
7413_7,0.8580760359764099
7414_9,0.9777752757072449
7415_10,0.9666997790336609
7416_10,0.9929954409599304
7417_7,0.7288469672203064
7418_10,0.9978262782096863
7419_8,0.9555280208587646
741_7,0.40047210454940796
7420_7,0.7730012536048889
7421_10,0.9872084259986877
7422_10,0.9542118310928345
7423_9,0.08467163890600204
7424_10,0.9941923022270203
7425_9,0.9904819130897522
7426_10,0.9974437952041626
7427_10,0.9992449283599854
7428_7,0.9977654218673706
7429_8,0.9807478189468384
742_8,0.029080726206302643
7430_8,0.9933673739433289
7431_9,0.9972467422485352
7432_9,0.9151133298873901
7433_10,0.9245910048484802
7434_10,0.8983373641967773
7435_10,0.9982155561447144
7436_10,0.9662110805511475
7437_10,0.9975597858428955
7438_10,0.9971110820770264
7439_10,0.9975824356079102
743_7,0.41888847947120667
7440_10,0.9989339709281921
7441_9,0.9323431253433228
7442_7,0.1934468001127243
7443_8,0.9943629503250122
7444_7,0.988731324672699
7445_10,0.9892643094062805
7446_10,0.9116952419281006
7447_8,0.9951187372207642
7448_10,0.9980646967887878
7449_10,0.9954082369804382
744_10,0.05874970555305481
7450_9,0.8593780398368835
7451_10,0.8462266325950623
7452_10,0.9727081656455994
7453_10,0.9465202689170837
7454_10,0.9991121888160706
7455_9,0.9842703938484192
7456_10,0.9737874269485474
7457_10,0.6875705122947693
7458_10,0.7198435664176941
7459_10,0.9875868558883667
745_10,0.992380678653717
7460_9,0.8879507780075073
7461_8,0.8231173753738403
7462_10,0.9814002513885498
7463_9,0.9705397486686707
7464_10,0.9971447587013245
7465_7,0.9893575310707092
7466_8,0.9811698794364929
7467_8,0.6165044903755188
7468_10,0.9867303371429443
7469_10,0.9977522492408752
746_7,0.07038211822509766
7470_8,0.8737941384315491
7471_10,0.9995983242988586
7472_9,0.8490606546401978
7473_7,0.9846296906471252
7474_9,0.8041923642158508
7475_9,0.9940721392631531
7476_10,0.966064989566803
7477_10,0.9949167966842651
7478_10,0.9787408709526062
7479_8,0.9935476183891296
747_8,0.7736138105392456
7480_8,0.5155482888221741
7481_8,0.7727373838424683
7482_10,0.991936445236206
7483_8,0.972831666469574
7484_8,0.37602564692497253
7485_7,0.34509211778640747
7486_10,0.9911304712295532
7487_9,0.9983684420585632
7488_7,0.9703624844551086
7489_10,0.9615658521652222
748_7,0.6360970139503479
7490_7,0.9889200329780579
7491_10,0.9954202771186829
7492_7,0.9887970685958862
7493_10,0.9882758259773254
7494_9,0.1219964474439621
7495_7,0.9842467308044434
7496_8,0.9959981441497803
7497_8,0.9924707412719727
7498_10,0.9915691018104553
7499_9,0.9443113803863525
749_7,0.98945552110672
74_10,0.9976568222045898
7500_10,0.8350786566734314
7501_8,0.9921114444732666
7502_8,0.9543437361717224
7503_8,0.9977134466171265
7504_8,0.9066916704177856
7505_9,0.7949482798576355
7506_7,0.5067400336265564
7507_8,0.9141802787780762
7508_10,0.9514899849891663
7509_10,0.9959773421287537
750_7,0.3245876729488373
7510_7,0.10387755185365677
7511_7,0.9939320087432861
7512_10,0.9868179559707642
7513_10,0.9658036231994629
7514_7,0.400709867477417
7515_9,0.5261000394821167
7516_7,0.19972389936447144
7517_10,0.9538646340370178
7518_9,0.9085519313812256
7519_9,0.9903282523155212
751_7,0.9546653032302856
7520_7,0.9828901886940002
7521_10,0.991890549659729
7522_10,0.9985706806182861
7523_10,0.9802097082138062
7524_9,0.989862322807312
7525_10,0.866230845451355
7526_9,0.9895272254943848
7527_7,0.8199605345726013
7528_7,0.0919581726193428
7529_7,0.9210889935493469
752_10,0.9971246123313904
7530_9,0.9993372559547424
7531_10,0.8551362752914429
7532_9,0.8889245986938477
7533_10,0.997665286064148
7534_9,0.9847483038902283
7535_10,0.5057568550109863
7536_9,0.9968626499176025
7537_8,0.9097674489021301
7538_7,0.6403071880340576
7539_10,0.9978541731834412
753_7,0.1375279426574707
7540_9,0.975274920463562
7541_8,0.9464737176895142
7542_9,0.9790381193161011
7543_10,0.8349666595458984
7544_10,0.9888647794723511
7545_10,0.8722326159477234
7546_10,0.9629389643669128
7547_9,0.983677864074707
7548_9,0.5931699872016907
7549_10,0.8944990634918213
754_9,0.3039079010486603
7550_10,0.9837010502815247
7551_10,0.9814744591712952
7552_8,0.9986782670021057
7553_10,0.9949652552604675
7554_10,0.8957555890083313
7555_10,0.9984627962112427
7556_10,0.942891001701355
7557_10,0.9093245267868042
7558_10,0.9893816709518433
7559_8,0.98613041639328
755_10,0.9504987597465515
7560_10,0.9994962215423584
7561_10,0.9946724772453308
7562_9,0.9983892440795898
7563_9,0.9973353743553162
7564_8,0.98613041639328
7565_10,0.970302402973175
7566_9,0.8141577243804932
7567_9,0.7429907917976379
7568_10,0.9950276017189026
7569_10,0.9738035798072815
756_7,0.566188633441925
7570_10,0.9965611100196838
7571_10,0.9959226846694946
7572_10,0.9945306181907654
7573_10,0.9936491847038269
7574_10,0.983132004737854
7575_9,0.9669053554534912
7576_10,0.9935168027877808
7577_10,0.9458547830581665
7578_9,0.9997217059135437
7579_10,0.9988417029380798
757_9,0.7674103379249573
7580_10,0.7678975462913513
7581_10,0.8580607771873474
7582_10,0.9815179705619812
7583_9,0.9937212467193604
7584_10,0.8728581070899963
7585_10,0.9930316209793091
7586_9,0.7797921895980835
7587_8,0.9912136197090149
7588_10,0.990549623966217
7589_7,0.9448359608650208
758_10,0.998365581035614
7590_7,0.9934104084968567
7591_7,0.8113243579864502
7592_9,0.9948097467422485
7593_9,0.9778329730033875
7594_8,0.2915920317173004
7595_10,0.9759325981140137
7596_10,0.5157626867294312
7597_10,0.9927067160606384
7598_8,0.9730250835418701
7599_7,0.6635599136352539
759_10,0.9949530959129333
75_10,0.943493664264679
7600_8,0.9627977013587952
7601_8,0.8890539407730103
7602_10,0.9519318342208862
7603_10,0.9744768142700195
7604_8,0.9458088874816895
7605_10,0.9945265650749207
7606_10,0.9354416131973267
7607_10,0.9962171912193298
7608_8,0.9938384890556335
7609_8,0.16138267517089844
760_7,0.9845571517944336
7610_10,0.9969730377197266
7611_7,0.27687984704971313
7612_9,0.9969779253005981
7613_8,0.9422864317893982
7614_7,0.985660195350647
7615_10,0.9994459748268127
7616_8,0.9956650137901306
7617_7,0.9979245662689209
7618_10,0.9991686344146729
7619_8,0.9945409893989563
761_10,0.9954984188079834
7620_9,0.9934265613555908
7621_7,0.40251097083091736
7622_8,0.35324737429618835
7623_8,0.17886587977409363
7624_10,0.11330784857273102
7625_10,0.6327279210090637
7626_7,0.9388633370399475
7627_10,0.9334601759910583
7628_7,0.4563344419002533
7629_8,0.8963922262191772
762_7,0.12801292538642883
7630_10,0.2247026562690735
7631_7,0.5156958699226379
7632_7,0.9945012331008911
7633_7,0.7307233810424805
7634_7,0.29021155834198
7635_7,0.6643848419189453
7636_8,0.938283383846283
7637_7,0.9923709630966187
7638_10,0.6844848394393921
7639_7,0.1741519719362259
763_10,0.9982576966285706
7640_9,0.9839637875556946
7641_8,0.9949978590011597
7642_7,0.6323055624961853
7643_8,0.9921889305114746
7644_7,0.9074074625968933
7645_7,0.9701472520828247
7646_8,0.803205668926239
7647_8,0.04322879761457443
7648_7,0.9963744282722473
7649_7,0.9511656761169434
764_8,0.9989756345748901
7650_8,0.8696746826171875
7651_10,0.9955155253410339
7652_10,0.9714800715446472
7653_7,0.9902205467224121
7654_10,0.9882757663726807
7655_7,0.8751127123832703
7656_10,0.9952290058135986
7657_10,0.9876343011856079
7658_10,0.9910628795623779
7659_10,0.9976611137390137
765_9,0.982020914554596
7660_8,0.9638784527778625
7661_9,0.3666505217552185
7662_9,0.9790688157081604
7663_10,0.9924278855323792
7664_8,0.9564842581748962
7665_9,0.5126208662986755
7666_8,0.3445906639099121
7667_7,0.7632757425308228
7668_10,0.990502119064331
7669_9,0.9915792942047119
766_8,0.9983213543891907
7670_10,0.8487419486045837
7671_10,0.9912170171737671
7672_9,0.4361661374568939
7673_10,0.9969877600669861
7674_9,0.9975734353065491
7675_10,0.9535951614379883
7676_9,0.9876161217689514
7677_10,0.9794297218322754
7678_9,0.9959617257118225
7679_9,0.8805504441261292
767_7,0.9328603744506836
7680_10,0.9882704019546509
7681_10,0.9988528490066528
7682_10,0.9491506814956665
7683_7,0.941719114780426
7684_10,0.9974787831306458
7685_10,0.9381468296051025
7686_10,0.9543700218200684
7687_10,0.9944012761116028
7688_10,0.9990056157112122
7689_7,0.846250593662262
768_10,0.9990785121917725
7690_10,0.8885772228240967
7691_7,0.9532867670059204
7692_10,0.9245026707649231
7693_10,0.9972681999206543
7694_10,0.9762751460075378
7695_10,0.9981533885002136
7696_10,0.995101809501648
7697_7,0.7348818778991699
7698_7,0.9758111238479614
7699_9,0.9938696622848511
769_9,0.9960790276527405
76_8,0.9968937635421753
7700_8,0.48902207612991333
7701_7,0.9739253520965576
7702_10,0.9993996620178223
7703_8,0.48184648156166077
7704_10,0.4752131700515747
7705_10,0.9931967258453369
7706_8,0.6896570920944214
7707_10,0.9672571420669556
7708_10,0.9987723231315613
7709_9,0.9970716238021851
770_10,0.9706409573554993
7710_8,0.9967711567878723
7711_8,0.9956458210945129
7712_7,0.9820297360420227
7713_8,0.9988884329795837
7714_8,0.9885079264640808
7715_8,0.9970045685768127
7716_10,0.6648571491241455
7717_8,0.9535311460494995
7718_9,0.9980514049530029
7719_7,0.780799150466919
771_9,0.7864667773246765
7720_8,0.9947600960731506
7721_8,0.9901459813117981
7722_7,0.9467024207115173
7723_8,0.43988341093063354
7724_7,0.9922385811805725
7725_7,0.9575332403182983
7726_10,0.9985353946685791
7727_10,0.9986311793327332
7728_9,0.9718605875968933
7729_9,0.9986369013786316
772_10,0.9905847907066345
7730_8,0.901960015296936
7731_9,0.9990658164024353
7732_9,0.8456429243087769
7733_8,0.5040143132209778
7734_10,0.9964840412139893
7735_8,0.9826648831367493
7736_7,0.9201721549034119
7737_10,0.9963887929916382
7738_8,0.9943084120750427
7739_10,0.9975443482398987
773_8,0.9995678067207336
7740_10,0.9905285239219666
7741_10,0.997521698474884
7742_8,0.9557642340660095
7743_7,0.8960936665534973
7744_10,0.9634459018707275
7745_9,0.9919217824935913
7746_10,0.9998134970664978
7747_10,0.9961989521980286
7748_9,0.9821292161941528
7749_9,0.9880079030990601
774_8,0.999847412109375
7750_7,0.9942405223846436
7751_10,0.8862346410751343
7752_10,0.9674900770187378
7753_10,0.9729678630828857
7754_9,0.961098849773407
7755_10,0.9955145716667175
7756_10,0.9794649481773376
7757_10,0.99490886926651
7758_8,0.8860040307044983
7759_9,0.9902467727661133
775_9,0.9992130994796753
7760_10,0.9193896651268005
7761_10,0.994867205619812
7762_9,0.6842170357704163
7763_10,0.9975994229316711
7764_8,0.9950764775276184
7765_9,0.9987217783927917
7766_10,0.9844225645065308
7767_10,0.9985516667366028
7768_10,0.978297233581543
7769_10,0.9992125034332275
776_8,0.998214602470398
7770_10,0.999336302280426
7771_10,0.9972497820854187
7772_8,0.996801495552063
7773_10,0.975976288318634
7774_10,0.995802104473114
7775_10,0.9661137461662292
7776_10,0.989574134349823
7777_9,0.9786185026168823
7778_10,0.997688889503479
7779_10,0.9852042198181152
777_10,0.9877581000328064
7780_10,0.9972326159477234
7781_10,0.9981344938278198
7782_10,0.6294069886207581
7783_10,0.9828479290008545
7784_10,0.9986960291862488
7785_10,0.9639125466346741
7786_7,0.9937329888343811
7787_10,0.9984186887741089
7788_10,0.9921987652778625
7789_10,0.990202009677887
778_9,0.9967108964920044
7790_10,0.9223312139511108
7791_9,0.9970296621322632
7792_10,0.9919402003288269
7793_10,0.9977235198020935
7794_10,0.9995736479759216
7795_10,0.2615465819835663
7796_10,0.9977990984916687
7797_10,0.9927709698677063
7798_10,0.9921966791152954
7799_10,0.9739606380462646
779_8,0.9951569437980652
77_10,0.9918724894523621
7800_10,0.9985156655311584
7801_10,0.9648870229721069
7802_9,0.9854208827018738
7803_10,0.9453935027122498
7804_10,0.9955644607543945
7805_10,0.439347505569458
7806_8,0.925948977470398
7807_10,0.995677649974823
7808_9,0.9855654835700989
7809_10,0.9970646500587463
780_9,0.9441093802452087
7810_10,0.9530203342437744
7811_10,0.9561847448348999
7812_9,0.9946892261505127
7813_7,0.8845434784889221
7814_8,0.9955254197120667
7815_7,0.8503490090370178
7816_7,0.9380044937133789
7817_7,0.5496129393577576
7818_8,0.9818059802055359
7819_10,0.999546229839325
781_9,0.9977642297744751
7820_7,0.998542308807373
7821_7,0.9403242468833923
7822_8,0.9997827410697937
7823_7,0.9990196228027344
7824_7,0.9423078298568726
7825_10,0.9597218632698059
7826_9,0.9080853462219238
7827_10,0.9681914448738098
7828_10,0.9745771884918213
7829_7,0.42975324392318726
782_9,0.857873260974884
7830_10,0.9988011121749878
7831_8,0.0070331222377717495
7832_8,0.10577326267957687
7833_9,0.13066865503787994
7834_8,0.007756153121590614
7835_7,0.7390640377998352
7836_9,0.9476262331008911
7837_9,0.9851598739624023
7838_9,0.9985098242759705
7839_8,0.9928905963897705
783_8,0.9148821234703064
7840_9,0.9242205023765564
7841_7,0.41551122069358826
7842_8,0.9291200637817383
7843_8,0.9912585616111755
7844_9,0.9943338632583618
7845_8,0.9797472953796387
7846_9,0.9649533629417419
7847_10,0.9977230429649353
7848_10,0.9428218007087708
7849_9,0.9988424181938171
784_10,0.9988188147544861
7850_10,0.935754120349884
7851_8,0.7077754139900208
7852_8,0.9768103361129761
7853_8,0.983022153377533
7854_8,0.9822927117347717
7855_7,0.6545798778533936
7856_10,0.9887968301773071
7857_10,0.9723517894744873
7858_8,0.9334270358085632
7859_8,0.8556144833564758
785_7,0.6502944827079773
7860_10,0.9532949924468994
7861_8,0.732485830783844
7862_8,0.9939979314804077
7863_9,0.5951095223426819
7864_8,0.9671252965927124
7865_7,0.8291912078857422
7866_7,0.9912585616111755
7867_10,0.9984954595565796
7868_8,0.9859867691993713
7869_10,0.9746226072311401
786_10,0.9884299039840698
7870_10,0.9977172613143921
7871_9,0.9686001539230347
7872_10,0.9977256655693054
7873_10,0.964001476764679
7874_8,0.29372161626815796
7875_7,0.15445013344287872
7876_9,0.8081820607185364
7877_10,0.9900420904159546
7878_7,0.9767569899559021
7879_10,0.9973456263542175
787_9,0.9426239728927612
7880_10,0.9742859601974487
7881_7,0.8282736539840698
7882_8,0.8867818713188171
7883_9,0.9868778586387634
7884_9,0.8245724439620972
7885_8,0.9980286955833435
7886_8,0.9955517649650574
7887_7,0.6703028082847595
7888_10,0.9801068305969238
7889_7,0.9767097234725952
788_10,0.9989062547683716
7890_10,0.6792430281639099
7891_10,0.9507270455360413
7892_10,0.36981698870658875
7893_8,0.6566560864448547
7894_9,0.9807037115097046
7895_7,0.7095461487770081
7896_8,0.43897631764411926
7897_9,0.9719203114509583
7898_10,0.8529298901557922
7899_8,0.4429812729358673
789_8,0.7577729821205139
78_8,0.7027368545532227
7900_9,0.9985753297805786
7901_8,0.9927994012832642
7902_9,0.9972936511039734
7903_10,0.9487104415893555
7904_10,0.9912518858909607
7905_10,0.977393627166748
7906_10,0.7865592241287231
7907_10,0.9987536668777466
7908_7,0.9973215460777283
7909_9,0.8282967209815979
790_10,0.4125208556652069
7910_10,0.7756497859954834
7911_7,0.3706304728984833
7912_7,0.9941385984420776
7913_9,0.9988889098167419
7914_8,0.8643425703048706
7915_7,0.9478548169136047
7916_10,0.9637631773948669
7917_8,0.23242917656898499
7918_8,0.5400773882865906
7919_9,0.9718086123466492
791_10,0.9830155968666077
7920_10,0.9980611205101013
7921_7,0.9867697954177856
7922_8,0.8808634281158447
7923_9,0.2075941562652588
7924_8,0.8629839420318604
7925_10,0.9520999789237976
7926_7,0.8555235862731934
7927_10,0.9983969330787659
7928_10,0.9243117570877075
7929_9,0.2815638482570648
792_8,0.46491092443466187
7930_10,0.9962506890296936
7931_9,0.36958152055740356
7932_10,0.6866217851638794
7933_8,0.8957686424255371
7934_10,0.9790307879447937
7935_9,0.6064871549606323
7936_10,0.996584415435791
7937_10,0.9881840944290161
7938_10,0.9740704298019409
7939_10,0.8213891386985779
793_8,0.9767377972602844
7940_10,0.999415397644043
7941_10,0.9663591384887695
7942_10,0.998391330242157
7943_9,0.544533371925354
7944_10,0.9979434609413147
7945_9,0.9527981281280518
7946_8,0.9069352746009827
7947_10,0.9616098403930664
7948_8,0.824589729309082
7949_10,0.9443213939666748
794_7,0.9943617582321167
7950_8,0.9601091146469116
7951_7,0.9897543787956238
7952_7,0.9920448064804077
7953_9,0.9117047190666199
7954_9,0.9871476292610168
7955_10,0.9501216411590576
7956_10,0.645224928855896
7957_9,0.7995267510414124
7958_10,0.8182433843612671
7959_10,0.9890430569648743
795_10,0.9197636842727661
7960_10,0.978375256061554
7961_10,0.9459141492843628
7962_10,0.9977527260780334
7963_10,0.9844115376472473
7964_9,0.9716892838478088
7965_9,0.9765691757202148
7966_8,0.9965006113052368
7967_8,0.9966810345649719
7968_8,0.99741131067276
7969_10,0.9833487272262573
796_10,0.9962473511695862
7970_10,0.9158471822738647
7971_8,0.934417188167572
7972_10,0.9051056504249573
7973_9,0.9926069974899292
7974_10,0.9009875059127808
7975_10,0.999742329120636
7976_10,0.7253850698471069
7977_7,0.6157841086387634
7978_10,0.8773137927055359
7979_8,0.9845656752586365
797_10,0.9329197406768799
7980_7,0.9697797298431396
7981_7,0.982673704624176
7982_10,0.9984453320503235
7983_10,0.9952406883239746
7984_9,0.6753677725791931
7985_8,0.9964280724525452
7986_8,0.9961901903152466
7987_8,0.9571655988693237
7988_9,0.7210086584091187
7989_10,0.9957603812217712
798_10,0.8976331353187561
7990_9,0.9910855889320374
7991_10,0.9984983205795288
7992_9,0.9956958293914795
7993_10,0.961788535118103
7994_10,0.6069101691246033
7995_10,0.9508042931556702
7996_10,0.99638831615448
7997_9,0.9374407529830933
7998_10,0.9135885834693909
7999_7,0.9603424668312073
799_7,0.6638678908348083
79_8,0.9848398566246033
7_9,0.9992682337760925
8000_10,0.46709272265434265
8001_9,0.9949912428855896
8002_9,0.8181838989257812
8003_9,0.9042704105377197
8004_10,0.9911575317382812
8005_10,0.9704746007919312
8006_9,0.9931443929672241
8007_10,0.9939968585968018
8008_10,0.9979872703552246
8009_10,0.742925226688385
800_8,0.8917532563209534
8010_9,0.9892743229866028
8011_9,0.9891881346702576
8012_7,0.08082391321659088
8013_9,0.7782222032546997
8014_10,0.9816710948944092
8015_9,0.5674635171890259
8016_8,0.998313307762146
8017_10,0.852087140083313
8018_10,0.9987754225730896
8019_8,0.992877185344696
801_8,0.9947361350059509
8020_9,0.23670318722724915
8021_9,0.9303898811340332
8022_7,0.6964154243469238
8023_10,0.9180484414100647
8024_10,0.992868959903717
8025_7,0.9644030332565308
8026_10,0.9839770197868347
8027_10,0.9978646636009216
8028_9,0.9171819090843201
8029_8,0.9303093552589417
802_7,0.5206143856048584
8030_10,0.9939517378807068
8031_9,0.9956235289573669
8032_10,0.9980822801589966
8033_9,0.8746592998504639
8034_9,0.992194414138794
8035_10,0.988105058670044
8036_8,0.929020881652832
8037_7,0.9946439266204834
8038_10,0.9972391128540039
8039_8,0.9949986934661865
803_10,0.5206143856048584
8040_8,0.9835507273674011
8041_8,0.9814407825469971
8042_7,0.9083359837532043
8043_9,0.990103006362915
8044_9,0.9604776501655579
8045_9,0.9905989766120911
8046_8,0.9562500715255737
8047_10,0.9571276903152466
8048_7,0.1921049952507019
8049_7,0.9314931631088257
804_8,0.9779801368713379
8050_7,0.8422729969024658
8051_10,0.4060887098312378
8052_10,0.7692089080810547
8053_8,0.8612380027770996
8054_8,0.6777702569961548
8055_9,0.984980046749115
8056_8,0.38169625401496887
8057_9,0.9886513948440552
8058_10,0.9298740029335022
8059_8,0.9490832686424255
805_10,0.9894744157791138
8060_9,0.9902572631835938
8061_9,0.9924449324607849
8062_10,0.9950173497200012
8063_10,0.9944340586662292
8064_8,0.8885742425918579
8065_7,0.8698635101318359
8066_7,0.8838895559310913
8067_8,0.9870684146881104
8068_10,0.975894570350647
8069_8,0.9654051661491394
806_10,0.9957728981971741
8070_8,0.4045712649822235
8071_8,0.5732973217964172
8072_10,0.9823461174964905
8073_10,0.9981862902641296
8074_10,0.9879553318023682
8075_9,0.8679460287094116
8076_10,0.2488594800233841
8077_7,0.05269352346658707
8078_8,0.8963299989700317
8079_10,0.908523678779602
807_10,0.9667524695396423
8080_7,0.6356450915336609
8081_7,0.9789581298828125
8082_7,0.9574680924415588
8083_8,0.9235287308692932
8084_8,0.9617860913276672
8085_9,0.6912440061569214
8086_9,0.9967095851898193
8087_10,0.7391685247421265
8088_10,0.9974580407142639
8089_9,0.939687192440033
808_10,0.9678075909614563
8090_8,0.9704417586326599
8091_7,0.9993902444839478
8092_7,0.9942873120307922
8093_7,0.8453848958015442
8094_7,0.9954202175140381
8095_10,0.9920702576637268
8096_7,0.8945028781890869
8097_7,0.9924903512001038
8098_7,0.7527516484260559
8099_9,0.7301418781280518
809_10,0.9922439455986023
80_7,0.86175936460495
8100_8,0.9906925559043884
8101_8,0.9005332589149475
8102_9,0.9778258800506592
8103_10,0.9779446721076965
8104_8,0.982792854309082
8105_8,0.9900926947593689
8106_10,0.2540273070335388
8107_10,0.9832130074501038
8108_10,0.8894516825675964
8109_9,0.9980541467666626
810_9,0.9985161423683167
8110_8,0.8716996312141418
8111_10,0.9960554838180542
8112_9,0.9729123711585999
8113_8,0.9989751577377319
8114_8,0.9405041933059692
8115_8,0.992403507232666
8116_10,0.8356872797012329
8117_10,0.9825155735015869
8118_9,0.9796395301818848
8119_10,0.9959355592727661
811_10,0.9889451861381531
8120_7,0.9930270314216614
8121_8,0.9316551685333252
8122_9,0.9966723918914795
8123_9,0.9712375402450562
8124_8,0.9330170750617981
8125_8,0.9330170750617981
8126_7,0.9806233644485474
8127_10,0.9644938111305237
8128_8,0.9899048209190369
8129_9,0.9782924056053162
812_7,0.9797325134277344
8130_10,0.9993653893470764
8131_9,0.9996219873428345
8132_7,0.995439350605011
8133_8,0.9978742599487305
8134_7,0.0044399346224963665
8135_8,0.39490389823913574
8136_7,0.5192536115646362
8137_8,0.9762864708900452
8138_9,0.42707517743110657
8139_10,0.9951810240745544
813_10,0.9964367151260376
8140_7,0.3906979262828827
8141_10,0.9986546039581299
8142_10,0.9912166595458984
8143_7,0.8195449709892273
8144_10,0.9996393918991089
8145_9,0.9984568357467651
8146_9,0.9968156218528748
8147_10,0.9903922080993652
8148_10,0.9795892834663391
8149_10,0.990253746509552
814_7,0.9527965784072876
8150_10,0.9598748087882996
8151_9,0.998276948928833
8152_10,0.6706735491752625
8153_10,0.9980121850967407
8154_10,0.9449645280838013
8155_9,0.8526056408882141
8156_10,0.9987943172454834
8157_10,0.9958364963531494
8158_8,0.9897292852401733
8159_7,0.9536508917808533
815_7,0.2650976777076721
8160_10,0.997093915939331
8161_10,0.9742091298103333
8162_9,0.9892828464508057
8163_7,0.9654778242111206
8164_8,0.9175678491592407
8165_10,0.994384765625
8166_10,0.9879399538040161
8167_10,0.9959469437599182
8168_10,0.9855387210845947
8169_8,0.9187853932380676
816_7,0.8764637112617493
8170_10,0.9964364767074585
8171_10,0.6968790888786316
8172_10,0.9933566451072693
8173_10,0.9982022047042847
8174_9,0.9995743632316589
8175_10,0.9988507032394409
8176_7,0.9723066687583923
8177_8,0.7786386013031006
8178_7,0.9958357810974121
8179_8,0.9887425899505615
817_7,0.9773943424224854
8180_9,0.8345727920532227
8181_10,0.9930981993675232
8182_10,0.9976016879081726
8183_7,0.9267256855964661
8184_9,0.9967664480209351
8185_9,0.9799532890319824
8186_8,0.8235694766044617
8187_8,0.9641387462615967
8188_10,0.997238039970398
8189_7,0.13490140438079834
818_9,0.8277819156646729
8190_9,0.9882169365882874
8191_10,0.9598999619483948
8192_9,0.9851741194725037
8193_9,0.9958472847938538
8194_8,0.024425307288765907
8195_8,0.99910968542099
8196_10,0.996468186378479
8197_8,0.9926403164863586
8198_8,0.9974397420883179
8199_9,0.9958009123802185
819_7,0.2793140113353729
81_9,0.32303550839424133
8200_10,0.7792371511459351
8201_7,0.9991278052330017
8202_7,0.47474879026412964
8203_7,0.8061509132385254
8204_7,0.9796602129936218
8205_10,0.08803663402795792
8206_10,0.9973215460777283
8207_8,0.999872088432312
8208_7,0.12625493109226227
8209_10,0.9848237037658691
820_9,0.9212334156036377
8210_10,0.9907084703445435
8211_9,0.9680975675582886
8212_9,0.9989953637123108
8213_10,0.15764735639095306
8214_7,0.949207067489624
8215_10,0.7945559620857239
8216_8,0.9936026930809021
8217_8,0.99504554271698
8218_9,0.873714029788971
8219_8,0.9911144971847534
821_10,0.9848850965499878
8220_10,0.94539874792099
8221_10,0.9978037476539612
8222_10,0.932607114315033
8223_10,0.9575180411338806
8224_10,0.9911309480667114
8225_8,0.9780410528182983
8226_9,0.9965468049049377
8227_7,0.998145580291748
8228_7,0.8356832265853882
8229_8,0.8880007863044739
822_10,0.26070156693458557
8230_7,0.9341269135475159
8231_7,0.9705133438110352
8232_7,0.9471108317375183
8233_8,0.9597893357276917
8234_7,0.29701244831085205
8235_7,0.9935682415962219
8236_8,0.8515026569366455
8237_10,0.9990020394325256
8238_10,0.9846460223197937
8239_9,0.9973533153533936
823_7,0.9506349563598633
8240_10,0.9720115065574646
8241_9,0.9982892870903015
8242_10,0.864369809627533
8243_7,0.056680820882320404
8244_10,0.9848146438598633
8245_10,0.9822478890419006
8246_8,0.8334669470787048
8247_10,0.8354697823524475
8248_8,0.9851179122924805
8249_7,0.9963734745979309
824_8,0.976912260055542
8250_8,0.5954854488372803
8251_7,0.9559832811355591
8252_8,0.7732308506965637
8253_8,0.9242584705352783
8254_8,0.9547868371009827
8255_8,0.9519742727279663
8256_10,0.9744247198104858
8257_10,0.3856787383556366
8258_10,0.984321117401123
8259_10,0.9966006875038147
825_8,0.9916653037071228
8260_10,0.8655695915222168
8261_10,0.8550880551338196
8262_10,0.9574739933013916
8263_8,0.9905459880828857
8264_10,0.9903180599212646
8265_10,0.9933003187179565
8266_10,0.9995579123497009
8267_10,0.8826071619987488
8268_10,0.9870554208755493
8269_10,0.9795799255371094
826_8,0.9740809798240662
8270_10,0.9536508917808533
8271_10,0.9990401864051819
8272_10,0.9712333083152771
8273_9,0.995752215385437
8274_10,0.9984065890312195
8275_10,0.8839181065559387
8276_10,0.983945906162262
8277_9,0.959494411945343
8278_10,0.9745791554450989
8279_10,0.9989538192749023
827_8,0.9501460790634155
8280_10,0.9976323843002319
8281_9,0.9984027743339539
8282_10,0.9938305020332336
8283_10,0.9547414779663086
8284_9,0.9978252649307251
8285_10,0.9949800372123718
8286_9,0.986781656742096
8287_10,0.9734176993370056
8288_10,0.969785749912262
8289_10,0.9937527775764465
828_7,0.8888075947761536
8290_10,0.9569265842437744
8291_10,0.9982190728187561
8292_10,0.9901455044746399
8293_7,0.995125949382782
8294_9,0.9539666175842285
8295_10,0.998474657535553
8296_8,0.9904394149780273
8297_10,0.9911218881607056
8298_8,0.8463062047958374
8299_8,0.6001525521278381
829_10,0.9846732020378113
82_10,0.9468532800674438
8300_7,0.7081629037857056
8301_8,0.3664935231208801
8302_8,0.977951169013977
8303_10,0.9445421099662781
8304_7,0.3268808424472809
8305_10,0.9926436543464661
8306_7,0.5822027325630188
8307_10,0.7454495429992676
8308_10,0.04451876878738403
8309_8,0.8181856870651245
830_7,0.9609869718551636
8310_7,0.9454294443130493
8311_8,0.5740461945533752
8312_10,0.9625058174133301
8313_8,0.9540504813194275
8314_7,0.672685444355011
8315_8,0.9522690176963806
8316_10,0.9030991196632385
8317_10,0.9962168335914612
8318_10,0.9945245981216431
8319_10,0.9357151985168457
831_7,0.9915531277656555
8320_10,0.9936262369155884
8321_10,0.688998281955719
8322_10,0.7931029796600342
8323_10,0.7865220308303833
8324_10,0.998420238494873
8325_10,0.9709237217903137
8326_10,0.9939587116241455
8327_9,0.9985415935516357
8328_10,0.957953691482544
8329_10,0.9904564023017883
832_7,0.8131789565086365
8330_9,0.9875412583351135
8331_10,0.8805261254310608
8332_10,0.9955065250396729
8333_8,0.933967649936676
8334_10,0.9546793699264526
8335_7,0.8842538595199585
8336_8,0.3885836899280548
8337_7,0.8226891160011292
8338_7,0.9812255501747131
8339_8,0.9854694604873657
833_7,0.7067720890045166
8340_7,0.9832031726837158
8341_10,0.17263013124465942
8342_9,0.40830495953559875
8343_10,0.8304770588874817
8344_7,0.03895552456378937
8345_10,0.328975111246109
8346_8,0.8676150441169739
8347_10,0.991955578327179
8348_8,0.8930723667144775
8349_10,0.9952536821365356
834_8,0.9800541400909424
8350_10,0.9415637254714966
8351_7,0.9858907461166382
8352_10,0.9979872703552246
8353_10,0.9989221096038818
8354_8,0.9792208671569824
8355_7,0.9245328307151794
8356_8,0.9846155047416687
8357_10,0.7856982350349426
8358_7,0.47312331199645996
8359_7,0.33568674325942993
835_8,0.9390048980712891
8360_7,0.11025771498680115
8361_8,0.9878076910972595
8362_7,0.6476386189460754
8363_7,0.987785816192627
8364_8,0.6114502549171448
8365_9,0.978857159614563
8366_7,0.9968680739402771
8367_10,0.9966453909873962
8368_10,0.9978931546211243
8369_7,0.9977622032165527
836_9,0.9932235479354858
8370_8,0.9906598925590515
8371_10,0.9891275763511658
8372_10,0.9843870997428894
8373_7,0.9714822173118591
8374_7,0.8042929172515869
8375_8,0.9838485717773438
8376_7,0.4601137936115265
8377_8,0.9885468482971191
8378_7,0.9978811144828796
8379_8,0.9693713188171387
837_8,0.9379132390022278
8380_7,0.39956364035606384
8381_9,0.9746418595314026
8382_9,0.9869759678840637
8383_10,0.9758928418159485
8384_10,0.8141317367553711
8385_10,0.9902070164680481
8386_10,0.9285155534744263
8387_9,0.9985972046852112
8388_9,0.8501347899436951
8389_10,0.8844022750854492
838_7,0.88565593957901
8390_8,0.7713146209716797
8391_9,0.9718199372291565
8392_8,0.6842601299285889
8393_10,0.9938704967498779
8394_9,0.7900916934013367
8395_10,0.9972061514854431
8396_10,0.616081953048706
8397_10,0.7928863763809204
8398_7,0.5306784510612488
8399_8,0.9254770278930664
839_10,0.995144784450531
83_10,0.9943183064460754
8400_7,0.6185010075569153
8401_10,0.9977568984031677
8402_7,0.9523677825927734
8403_7,0.9103231430053711
8404_10,0.9764909744262695
8405_7,0.984110951423645
8406_7,0.6480674743652344
8407_10,0.9970986843109131
8408_10,0.9944190382957458
8409_10,0.9791553616523743
840_8,0.0716746598482132
8410_7,0.5951213240623474
8411_10,0.9511746168136597
8412_10,0.990134060382843
8413_10,0.6123548746109009
8414_10,0.8286899328231812
8415_10,0.9975038170814514
8416_10,0.9956521391868591
8417_9,0.9903848171234131
8418_9,0.9987932443618774
8419_10,0.997475802898407
841_9,0.9959673881530762
8420_9,0.528994083404541
8421_10,0.9881595373153687
8422_10,0.995465874671936
8423_10,0.11906921863555908
8424_9,0.9160112142562866
8425_8,0.7553789615631104
8426_8,0.9919983744621277
8427_10,0.9258869290351868
8428_9,0.8573388457298279
8429_8,0.8710756301879883
842_10,0.9984800219535828
8430_10,0.6780681014060974
8431_8,0.150704026222229
8432_10,0.983731746673584
8433_9,0.9946931004524231
8434_10,0.9856593608856201
8435_9,0.996040940284729
8436_10,0.9965985417366028
8437_10,0.9713369607925415
8438_8,0.9781689643859863
8439_7,0.9815335869789124
843_10,0.9808725118637085
8440_7,0.7004637122154236
8441_8,0.9949355721473694
8442_8,0.8204088807106018
8443_7,0.9803044199943542
8444_9,0.9796274900436401
8445_9,0.9980186223983765
8446_10,0.1224508136510849
8447_10,0.45731914043426514
8448_10,0.948093831539154
8449_9,0.9120558500289917
844_10,0.8864593505859375
8450_7,0.7416412234306335
8451_8,0.7955017685890198
8452_10,0.9936543703079224
8453_10,0.9972999691963196
8454_8,0.9971415400505066
8455_7,0.9368957877159119
8456_10,0.9853657484054565
8457_9,0.9544941186904907
8458_8,0.2394624948501587
8459_10,0.9939384460449219
845_10,0.4863773286342621
8460_8,0.7108659744262695
8461_7,0.02317206561565399
8462_7,0.9982495903968811
8463_10,0.3820805549621582
8464_8,0.9505578875541687
8465_10,0.6233343482017517
8466_8,0.18774083256721497
8467_10,0.9971158504486084
8468_8,0.9194279909133911
8469_8,0.9067569375038147
846_7,0.5524599552154541
8470_10,0.49677667021751404
8471_9,0.7822091579437256
8472_10,0.9939570426940918
8473_9,0.9949586987495422
8474_8,0.9565973877906799
8475_7,0.901835024356842
8476_8,0.9987848401069641
8477_10,0.9979754090309143
8478_9,0.9832218289375305
8479_9,0.9978575110435486
847_7,0.9576451778411865
8480_10,0.9881194233894348
8481_10,0.9721493721008301
8482_9,0.9862658381462097
8483_10,0.9454755783081055
8484_7,0.5630530714988708
8485_8,0.1864088624715805
8486_7,0.6162009239196777
8487_10,0.9830462336540222
8488_9,0.9447008371353149
8489_7,0.643552839756012
848_9,0.9972996115684509
8490_10,0.9989051818847656
8491_8,0.2836543023586273
8492_7,0.9665552973747253
8493_8,0.8763410449028015
8494_9,0.9972877502441406
8495_10,0.9021905064582825
8496_10,0.9994893074035645
8497_10,0.9993522763252258
8498_7,0.983775794506073
8499_10,0.9003470540046692
849_7,0.8946400880813599
84_10,0.998689591884613
8500_10,0.8868297934532166
8501_10,0.9964104294776917
8502_10,0.9638921618461609
8503_7,0.39220961928367615
8504_8,0.951793909072876
8505_8,0.6839190721511841
8506_10,0.9809563755989075
8507_7,0.5646629333496094
8508_9,0.9930201172828674
8509_10,0.9914398193359375
850_7,0.7304869294166565
8510_8,0.2796728312969208
8511_8,0.992749810218811
8512_10,0.9894870519638062
8513_10,0.8548175692558289
8514_10,0.9414790272712708
8515_10,0.6931759119033813
8516_10,0.32322564721107483
8517_8,0.8853257894515991
8518_7,0.9785848259925842
8519_8,0.604423463344574
851_7,0.7650370001792908
8520_7,0.9607749581336975
8521_8,0.9807053208351135
8522_8,0.9248239994049072
8523_10,0.9949585795402527
8524_9,0.9997311234474182
8525_7,0.8585764765739441
8526_7,0.46344730257987976
8527_7,0.8031562566757202
8528_7,0.982541024684906
8529_7,0.5510575771331787
852_7,0.9654836058616638
8530_10,0.7020639181137085
8531_10,0.02831984870135784
8532_7,0.23181797564029694
8533_8,0.8842460513114929
8534_10,0.9104213714599609
8535_9,0.31744280457496643
8536_7,0.9974070191383362
8537_9,0.3045027256011963
8538_8,0.9843757748603821
8539_8,0.7779830694198608
853_7,0.9932749271392822
8540_9,0.9346484541893005
8541_10,0.07826994359493256
8542_9,0.9940440058708191
8543_10,0.9909318685531616
8544_10,0.9776817560195923
8545_9,0.9513296484947205
8546_9,0.8477959036827087
8547_10,0.986400842666626
8548_10,0.9465928077697754
8549_8,0.6494089961051941
854_7,0.9952174425125122
8550_9,0.9980672001838684
8551_10,0.9887791872024536
8552_9,0.9976285099983215
8553_10,0.9905484318733215
8554_9,0.9248403310775757
8555_7,0.9827516674995422
8556_10,0.9893826246261597
8557_10,0.9813416004180908
8558_7,0.8021120429039001
8559_7,0.645124614238739
855_9,0.95099276304245
8560_8,0.29375436902046204
8561_9,0.9735631942749023
8562_10,0.685305118560791
8563_10,0.26708635687828064
8564_10,0.9449511170387268
8565_9,0.008990980684757233
8566_8,0.1575310379266739
8567_10,0.8456355333328247
8568_9,0.9267212748527527
8569_8,0.5419893264770508
856_7,0.8608381748199463
8570_8,0.1575310379266739
8571_10,0.9562053680419922
8572_10,0.9801575541496277
8573_7,0.12442078441381454
8574_10,0.9989376664161682
8575_7,0.8083847165107727
8576_8,0.9290156364440918
8577_9,0.9936304688453674
8578_8,0.9957258701324463
8579_10,0.9972549080848694
857_7,0.9831951260566711
8580_10,0.967253565788269
8581_8,0.9290156364440918
8582_10,0.9961057305335999
8583_7,0.8938906788825989
8584_7,0.9938293099403381
8585_8,0.932047963142395
8586_7,0.9910652041435242
8587_7,0.9973850846290588
8588_9,0.9944173097610474
8589_8,0.9858719706535339
858_7,0.17341001331806183
8590_8,0.9856325387954712
8591_7,0.9936703443527222
8592_10,0.9945906400680542
8593_9,0.614834725856781
8594_10,0.998108983039856
8595_10,0.9988025426864624
8596_7,0.4879189729690552
8597_8,0.8223369121551514
8598_8,0.9733487963676453
8599_7,0.24895833432674408
859_8,0.5220370292663574
85_10,0.9965577721595764
8600_10,0.9926511645317078
8601_8,0.9732977747917175
8602_9,0.8486371636390686
8603_10,0.9517903327941895
8604_10,0.8483928442001343
8605_8,0.8981426954269409
8606_9,0.9464406371116638
8607_10,0.881157398223877
8608_10,0.9713809490203857
8609_7,0.9082004427909851
860_7,0.9973152279853821
8610_8,0.35314229130744934
8611_9,0.9760596752166748
8612_8,0.8264353275299072
8613_8,0.7034753561019897
8614_7,0.9943866729736328
8615_10,0.9975975155830383
8616_8,0.9905208349227905
8617_8,0.995194137096405
8618_7,0.8466827869415283
8619_8,0.9810872673988342
861_9,0.8139501810073853
8620_7,0.7278250455856323
8621_8,0.813730776309967
8622_10,0.9358880519866943
8623_8,0.9398679137229919
8624_10,0.43162694573402405
8625_9,0.9275302886962891
8626_9,0.9506527185440063
8627_10,0.9945346117019653
8628_7,0.9956386685371399
8629_7,0.720815122127533
862_9,0.9530297517776489
8630_7,0.9973573088645935
8631_10,0.8986722826957703
8632_8,0.8349671959877014
8633_7,0.6922310590744019
8634_7,0.7191119194030762
8635_10,0.9981499910354614
8636_9,0.9231933355331421
8637_10,0.9973968267440796
8638_10,0.931806743144989
8639_8,0.9690592288970947
863_10,0.7508373856544495
8640_10,0.9818876385688782
8641_10,0.9933255910873413
8642_10,0.869820237159729
8643_9,0.9963400363922119
8644_10,0.9736775755882263
8645_10,0.9644350409507751
8646_8,0.6450459957122803
8647_10,0.9408740401268005
8648_10,0.48221448063850403
8649_8,0.9679397344589233
864_10,0.8925225734710693
8650_7,0.6462898850440979
8651_7,0.9235749840736389
8652_8,0.7824655175209045
8653_10,0.9971899390220642
8654_8,0.9593334197998047
8655_7,0.9968834519386292
8656_7,0.6870150566101074
8657_7,0.9218716621398926
8658_10,0.6937035918235779
8659_9,0.9250206351280212
865_10,0.7400377988815308
8660_9,0.9325799345970154
8661_7,0.9296464323997498
8662_9,0.36739009618759155
8663_8,0.44890376925468445
8664_10,0.8684238791465759
8665_8,0.9856496453285217
8666_9,0.9249876737594604
8667_10,0.6914899349212646
8668_8,0.4115552306175232
8669_9,0.825805127620697
866_10,0.9662868976593018
8670_9,0.8681209683418274
8671_9,0.9897874593734741
8672_9,0.9958179593086243
8673_9,0.9919518232345581
8674_10,0.9891111254692078
8675_10,0.9895310401916504
8676_10,0.8403761386871338
8677_8,0.9627450108528137
8678_9,0.9839767217636108
8679_10,0.9974961876869202
867_9,0.9910089373588562
8680_8,0.2045508772134781
8681_7,0.8584586977958679
8682_10,0.9927507638931274
8683_8,0.8700896501541138
8684_8,0.9095286130905151
8685_7,0.495008647441864
8686_10,0.9788154363632202
8687_8,0.9981389045715332
8688_7,0.9924581050872803
8689_10,0.8520045280456543
868_7,0.254181832075119
8690_7,0.9538636803627014
8691_7,0.8784401416778564
8692_8,0.9824525117874146
8693_10,0.9991762042045593
8694_7,0.9943378567695618
8695_8,0.9061678647994995
8696_9,0.9707029461860657
8697_8,0.9874181747436523
8698_7,0.9553845524787903
8699_10,0.9957836866378784
869_7,0.9546515345573425
86_10,0.1261674165725708
8700_8,0.9933592677116394
8701_7,0.9901851415634155
8702_10,0.8892216682434082
8703_10,0.9272062182426453
8704_9,0.9508562684059143
8705_10,0.8312950134277344
8706_8,0.8968796730041504
8707_7,0.7768707871437073
8708_10,0.9936257600784302
8709_10,0.9844953417778015
870_7,0.9950271248817444
8710_10,0.9983294606208801
8711_10,0.5091668963432312
8712_10,0.9710289239883423
8713_9,0.9389748573303223
8714_9,0.8948759436607361
8715_8,0.9871066212654114
8716_9,0.9862996935844421
8717_8,0.9764144420623779
8718_10,0.9980752468109131
8719_8,0.8384511470794678
871_10,0.9936471581459045
8720_7,0.5698050856590271
8721_7,0.9911690950393677
8722_9,0.9958505630493164
8723_8,0.3725806176662445
8724_8,0.9815938472747803
8725_8,0.9714553356170654
8726_8,0.908276379108429
8727_9,0.9833093285560608
8728_7,0.9421810507774353
8729_8,0.9981011748313904
872_9,0.688890278339386
8730_7,0.9911983609199524
8731_7,0.8024082183837891
8732_8,0.9896162748336792
8733_9,0.9931640028953552
8734_7,0.9521477222442627
8735_9,0.7715548276901245
8736_8,0.9905081987380981
8737_8,0.9968036413192749
8738_10,0.9888275861740112
8739_7,0.9662246704101562
873_8,0.9936343431472778
8740_9,0.9687919616699219
8741_10,0.8104304671287537
8742_10,0.6039102673530579
8743_10,0.9994305968284607
8744_10,0.9969431757926941
8745_8,0.3429117500782013
8746_10,0.999886155128479
8747_10,0.8293882608413696
8748_10,0.9752403497695923
8749_9,0.18626683950424194
874_8,0.9913216233253479
8750_9,0.9902239441871643
8751_10,0.14363786578178406
8752_9,0.9996563196182251
8753_10,0.9894256591796875
8754_10,0.8797102570533752
8755_9,0.9812923669815063
8756_10,0.9938520193099976
8757_10,0.6809755563735962
8758_10,0.9913425445556641
8759_10,0.9940020442008972
875_10,0.997239351272583
8760_9,0.9781780242919922
8761_9,0.9945577383041382
8762_10,0.9370410442352295
8763_10,0.995901882648468
8764_9,0.3907773196697235
8765_8,0.9779833555221558
8766_9,0.9783458113670349
8767_10,0.5271353721618652
8768_7,0.4979434609413147
8769_8,0.47564318776130676
876_10,0.9948910474777222
8770_8,0.997298538684845
8771_7,0.7964676022529602
8772_8,0.9957135915756226
8773_8,0.9825718402862549
8774_7,0.9685391783714294
8775_10,0.9993423819541931
8776_10,0.9982415437698364
8777_10,0.6419588923454285
8778_10,0.9783318042755127
8779_8,0.9953345656394958
877_10,0.18151850998401642
8780_8,0.9425373673439026
8781_7,0.5932776927947998
8782_9,0.867813766002655
8783_7,0.2361987829208374
8784_7,0.21307341754436493
8785_10,0.9978590607643127
8786_8,0.9477270841598511
8787_8,0.976552426815033
8788_9,0.9345365762710571
8789_7,0.9892101883888245
878_10,0.9503350257873535
8790_8,0.9854950904846191
8791_8,0.9970020651817322
8792_10,0.9956285953521729
8793_9,0.9970754384994507
8794_10,0.9942423701286316
8795_10,0.9869385957717896
8796_10,0.9908419847488403
8797_8,0.9934036135673523
8798_10,0.9992431402206421
8799_10,0.9922876358032227
879_10,0.9855561852455139
87_10,0.9930180311203003
8800_10,0.9943793416023254
8801_9,0.9813324213027954
8802_10,0.999356210231781
8803_8,0.9969730377197266
8804_10,0.9934704303741455
8805_10,0.9397082328796387
8806_9,0.9885497689247131
8807_9,0.895923912525177
8808_9,0.7853531241416931
8809_10,0.9838491678237915
880_8,0.9647048115730286
8810_10,0.9750359654426575
8811_7,0.8650296926498413
8812_10,0.9968089461326599
8813_9,0.9962366223335266
8814_8,0.9797059893608093
8815_9,0.9731769561767578
8816_8,0.6350202560424805
8817_9,0.9967357516288757
8818_10,0.9922764897346497
8819_10,0.9989572763442993
881_8,0.9889788031578064
8820_10,0.9952504634857178
8821_8,0.9936052560806274
8822_10,0.746941864490509
8823_8,0.9975928664207458
8824_10,0.9978470802307129
8825_8,0.9948541522026062
8826_8,0.6001336574554443
8827_7,0.3424987494945526
8828_9,0.7036364078521729
8829_8,0.7926638722419739
882_9,0.9153848886489868
8830_9,0.6766351461410522
8831_10,0.10292171686887741
8832_9,0.871861457824707
8833_9,0.9751183986663818
8834_9,0.9403334856033325
8835_8,0.6708734035491943
8836_8,0.9736635684967041
8837_10,0.5867090821266174
8838_9,0.42697325348854065
8839_10,0.9939747452735901
883_8,0.9201992154121399
8840_10,0.9910427331924438
8841_9,0.962978720664978
8842_9,0.993094801902771
8843_10,0.9966408014297485
8844_10,0.48901867866516113
8845_9,0.9909617304801941
8846_9,0.7653329372406006
8847_10,0.9555683732032776
8848_8,0.9508751034736633
8849_10,0.9975571632385254
884_8,0.9972043633460999
8850_10,0.9734485149383545
8851_10,0.9990192651748657
8852_9,0.9976059198379517
8853_10,0.9918243288993835
8854_10,0.996469259262085
8855_10,0.9528047442436218
8856_10,0.7347583174705505
8857_10,0.4606679379940033
8858_8,0.9898646473884583
8859_10,0.9926090836524963
885_8,0.957534909248352
8860_10,0.7123277187347412
8861_10,0.9746900200843811
8862_9,0.9722541570663452
8863_10,0.9986623525619507
8864_10,0.9668312668800354
8865_10,0.9973974227905273
8866_10,0.9078344106674194
8867_10,0.9809974431991577
8868_7,0.5169500112533569
8869_8,0.9835334420204163
886_7,0.9986610412597656
8870_9,0.9980171918869019
8871_9,0.8375601768493652
8872_9,0.9764353632926941
8873_10,0.8715053796768188
8874_8,0.9923021793365479
8875_10,0.9978888630867004
8876_8,0.999159574508667
8877_8,0.9994561076164246
8878_10,0.99709153175354
8879_7,0.6141241788864136
887_8,0.9767879247665405
8880_7,0.9681820273399353
8881_8,0.9814922213554382
8882_8,0.8714685440063477
8883_8,0.945823609828949
8884_10,0.9884576201438904
8885_8,0.992020308971405
8886_7,0.99440997838974
8887_9,0.3256497085094452
8888_9,0.7973436117172241
8889_9,0.5580845475196838
888_8,0.9518999457359314
8890_7,0.604657769203186
8891_8,0.9758954644203186
8892_7,0.9506078958511353
8893_7,0.8535243272781372
8894_7,0.518898069858551
8895_9,0.8313506841659546
8896_8,0.9332121014595032
8897_7,0.9967566132545471
8898_7,0.7985053658485413
8899_7,0.9297412633895874
889_7,0.4153207838535309
88_10,0.9967568516731262
8900_7,0.9917187690734863
8901_10,0.9880123138427734
8902_8,0.3262585699558258
8903_10,0.9456191062927246
8904_8,0.9025523662567139
8905_10,0.9028711318969727
8906_9,0.9739355444908142
8907_10,0.9907089471817017
8908_10,0.9749295711517334
8909_10,0.8792465925216675
890_9,0.8191385865211487
8910_10,0.9973666071891785
8911_10,0.8551952242851257
8912_10,0.5990026593208313
8913_8,0.34506669640541077
8914_9,0.8680310845375061
8915_7,0.7450833320617676
8916_7,0.9441207051277161
8917_10,0.9905005693435669
8918_7,0.4134056866168976
8919_10,0.9923751950263977
891_9,0.7809489369392395
8920_9,0.9786085486412048
8921_8,0.8147424459457397
8922_10,0.9954492449760437
8923_8,0.993547260761261
8924_7,0.951043426990509
8925_10,0.943658709526062
8926_10,0.6719745993614197
8927_8,0.9958672523498535
8928_9,0.99712735414505
8929_7,0.36659377813339233
892_8,0.4593617022037506
8930_8,0.9877542853355408
8931_10,0.9250311255455017
8932_9,0.9989684820175171
8933_8,0.9971504807472229
8934_9,0.9266835451126099
8935_7,0.9941391944885254
8936_7,0.9213184118270874
8937_7,0.9998890161514282
8938_8,0.9558250308036804
8939_8,0.9884260892868042
893_8,0.990172266960144
8940_10,0.876208484172821
8941_8,0.9419143199920654
8942_8,0.984031081199646
8943_10,0.9795780777931213
8944_10,0.9406145215034485
8945_7,0.9223810434341431
8946_9,0.8617282509803772
8947_8,0.9853388071060181
8948_9,0.997183620929718
8949_10,0.9883911609649658
894_7,0.053720541298389435
8950_7,0.4711989760398865
8951_9,0.9889718890190125
8952_9,0.9985300302505493
8953_7,0.9833190441131592
8954_7,0.24405302107334137
8955_8,0.9677627086639404
8956_10,0.9977194666862488
8957_8,0.8089719414710999
8958_8,0.9992914199829102
8959_9,0.9861365556716919
895_8,0.8489705920219421
8960_8,0.9203618764877319
8961_9,0.9915169477462769
8962_8,0.9766266942024231
8963_7,0.9641895294189453
8964_7,0.9816633462905884
8965_8,0.7440120577812195
8966_8,0.9921922087669373
8967_7,0.9965483546257019
8968_7,0.42251408100128174
8969_7,0.9587011337280273
896_8,0.962096631526947
8970_9,0.9315056800842285
8971_10,0.9990917444229126
8972_7,0.41001278162002563
8973_7,0.6012496948242188
8974_8,0.9786230325698853
8975_8,0.49574002623558044
8976_8,0.9817994236946106
8977_9,0.9824146628379822
8978_10,0.9767119884490967
8979_9,0.9983214735984802
897_8,0.5680243372917175
8980_8,0.8641042113304138
8981_9,0.9751141667366028
8982_9,0.9952945113182068
8983_9,0.9902111291885376
8984_8,0.9660590887069702
8985_7,0.9960947632789612
8986_10,0.9978142976760864
8987_7,0.533754825592041
8988_7,0.08610300719738007
8989_9,0.5640727877616882
898_9,0.9747620224952698
8990_8,0.46140798926353455
8991_8,0.7445570230484009
8992_8,0.9950047135353088
8993_10,0.990050733089447
8994_10,0.9813612103462219
8995_10,0.9926751255989075
8996_9,0.9929556846618652
8997_10,0.9965993762016296
8998_7,0.597657322883606
8999_9,0.8837134838104248
899_9,0.8502378463745117
89_10,0.9858605861663818
8_9,0.27460646629333496
9000_8,0.9956516623497009
9001_8,0.9889302849769592
9002_7,0.9702214002609253
9003_10,0.9902181029319763
9004_8,0.9980608820915222
9005_7,0.6140270233154297
9006_10,0.9874094128608704
9007_8,0.12355397641658783
9008_10,0.9709818959236145
9009_7,0.4216139316558838
900_9,0.9713523983955383
9010_8,0.9984544515609741
9011_10,0.9966446161270142
9012_10,0.8150013089179993
9013_10,0.9847436547279358
9014_9,0.8850109577178955
9015_10,0.9985003471374512
9016_8,0.3355599343776703
9017_7,0.9922438263893127
9018_7,0.3626989722251892
9019_9,0.9273136258125305
901_9,0.9972817897796631
9020_10,0.5719969272613525
9021_10,0.9901200532913208
9022_8,0.9945157170295715
9023_10,0.9922289252281189
9024_8,0.9226940274238586
9025_10,0.47808781266212463
9026_7,0.9681894183158875
9027_9,0.9643779397010803
9028_7,0.651324450969696
9029_7,0.7766766548156738
902_10,0.7603470683097839
9030_7,0.8254978656768799
9031_9,0.022701947018504143
9032_7,0.9858378767967224
9033_10,0.9946115016937256
9034_10,0.994885265827179
9035_9,0.9884472489356995
9036_8,0.6415079236030579
9037_7,0.1762305051088333
9038_10,0.9015361070632935
9039_8,0.876276969909668
903_10,0.43079912662506104
9040_9,0.9951533079147339
9041_8,0.7916435599327087
9042_10,0.9655842781066895
9043_10,0.9586377739906311
9044_8,0.9998132586479187
9045_8,0.9909562468528748
9046_10,0.9996728897094727
9047_7,0.9956372380256653
9048_7,0.8513908982276917
9049_10,0.15626007318496704
904_10,0.048599258065223694
9050_9,0.9565238356590271
9051_8,0.7921371459960938
9052_7,0.11131644994020462
9053_10,0.30565887689590454
9054_8,0.7289256453514099
9055_7,0.9182640314102173
9056_10,0.9983566403388977
9057_10,0.9997645020484924
9058_9,0.99735426902771
9059_10,0.9926450252532959
905_10,0.9645686745643616
9060_7,0.9985290765762329
9061_10,0.6387397050857544
9062_10,0.9968419075012207
9063_10,0.9861636757850647
9064_7,0.768496572971344
9065_10,0.9838011860847473
9066_10,0.999024510383606
9067_8,0.3929738402366638
9068_7,0.030776074156165123
9069_7,0.9333922266960144
906_7,0.9963397979736328
9070_10,0.8889058232307434
9071_8,0.9984134435653687
9072_10,0.9593530297279358
9073_8,0.8783485293388367
9074_9,0.6113157868385315
9075_8,0.9918220639228821
9076_7,0.7023066282272339
9077_9,0.7299734354019165
9078_7,0.9952374696731567
9079_7,0.98201984167099
907_7,0.9672482013702393
9080_7,0.9170830249786377
9081_8,0.9981860518455505
9082_8,0.8812112808227539
9083_9,0.9942705631256104
9084_9,0.6516368389129639
9085_8,0.8719872236251831
9086_9,0.9943517446517944
9087_9,0.9981896281242371
9088_7,0.9875419735908508
9089_8,0.8993128538131714
908_9,0.9919758439064026
9090_8,0.9994279742240906
9091_8,0.9983685612678528
9092_8,0.8746657967567444
9093_7,0.8135637640953064
9094_9,0.7060818076133728
9095_10,0.8106642961502075
9096_7,0.8293724656105042
9097_10,0.9969589710235596
9098_10,0.9828133583068848
9099_7,0.992728590965271
909_10,0.9846630096435547
90_9,0.9857454299926758
9100_10,0.9956166744232178
9101_10,0.9769645929336548
9102_10,0.997752845287323
9103_10,0.5488892793655396
9104_7,0.7155638337135315
9105_10,0.9167078137397766
9106_10,0.9940975904464722
9107_10,0.99234938621521
9108_10,0.9957731366157532
9109_10,0.9950770735740662
910_10,0.9940604567527771
9110_10,0.9963374137878418
9111_7,0.9956532716751099
9112_10,0.9630885124206543
9113_10,0.9933492541313171
9114_10,0.998830258846283
9115_10,0.9838714599609375
9116_10,0.8911014199256897
9117_10,0.9977262616157532
9118_10,0.992871105670929
9119_10,0.9957951307296753
911_10,0.99622642993927
9120_9,0.9496532082557678
9121_8,0.9050840139389038
9122_8,0.9991793036460876
9123_10,0.9833958148956299
9124_7,0.9283903241157532
9125_9,0.9106665849685669
9126_10,0.7751273512840271
9127_8,0.9976553916931152
9128_8,0.7909321784973145
9129_9,0.976405918598175
912_10,0.843966007232666
9130_9,0.935320258140564
9131_10,0.9994875192642212
9132_9,0.917647659778595
9133_7,0.9753645062446594
9134_8,0.9966429471969604
9135_10,0.989368736743927
9136_10,0.5777049660682678
9137_9,0.9969083666801453
9138_10,0.9967984557151794
9139_10,0.994232714176178
913_10,0.9798807501792908
9140_10,0.8170549273490906
9141_10,0.9871029257774353
9142_8,0.9112083911895752
9143_8,0.9686599969863892
9144_10,0.45922717452049255
9145_10,0.9581813216209412
9146_8,0.8749926686286926
9147_10,0.4984956383705139
9148_9,0.9769549369812012
9149_8,0.9784090518951416
914_10,0.9974714517593384
9150_8,0.6989002227783203
9151_7,0.946255087852478
9152_8,0.9687047004699707
9153_9,0.9261118173599243
9154_9,0.9858962893486023
9155_10,0.7489050030708313
9156_8,0.9620718955993652
9157_10,0.4888921082019806
9158_10,0.9914950132369995
9159_9,0.9359546899795532
915_10,0.8733503818511963
9160_9,0.471027135848999
9161_7,0.1901911497116089
9162_9,0.7833987474441528
9163_10,0.9921051263809204
9164_9,0.9415900707244873
9165_8,0.9915988445281982
9166_7,0.9937018156051636
9167_8,0.9959443211555481
9168_9,0.9103642702102661
9169_9,0.8337833881378174
916_10,0.9811643958091736
9170_8,0.9967952370643616
9171_7,0.6786606311798096
9172_7,0.8819032311439514
9173_10,0.996076762676239
9174_8,0.9993579983711243
9175_8,0.9542547464370728
9176_8,0.9843064546585083
9177_8,0.9460940361022949
9178_8,0.9986942410469055
9179_8,0.9909371733665466
917_9,0.9913120865821838
9180_7,0.9820340871810913
9181_8,0.9053277969360352
9182_7,0.9711170196533203
9183_7,0.8750330805778503
9184_7,0.9235411286354065
9185_10,0.9956254959106445
9186_10,0.9903772473335266
9187_8,0.43132221698760986
9188_8,0.9576497673988342
9189_10,0.9121090769767761
918_10,0.1847057193517685
9190_8,0.8224456310272217
9191_8,0.48266085982322693
9192_7,0.743529200553894
9193_10,0.6659799218177795
9194_10,0.9607409834861755
9195_7,0.9981592297554016
9196_8,0.9944696426391602
9197_9,0.994056224822998
9198_7,0.9901440143585205
9199_10,0.9940522313117981
919_10,0.9885522127151489
91_10,0.9957959651947021
9200_10,0.9807048439979553
9201_10,0.9990135431289673
9202_10,0.9818545579910278
9203_9,0.519318699836731
9204_8,0.9937528967857361
9205_9,0.2802954614162445
9206_10,0.9970126152038574
9207_10,0.9852407574653625
9208_10,0.9875320792198181
9209_10,0.9511034488677979
920_10,0.9786357283592224
9210_10,0.9926871061325073
9211_9,0.9920037388801575
9212_10,0.9787881374359131
9213_10,0.9994204044342041
9214_9,0.9971799850463867
9215_10,0.9645301103591919
9216_10,0.6879923939704895
9217_9,0.9352022409439087
9218_10,0.9652636051177979
9219_10,0.7963270545005798
921_9,0.9976656436920166
9220_8,0.4356149435043335
9221_10,0.92206871509552
9222_10,0.9866636991500854
9223_8,0.9846048951148987
9224_10,0.49054673314094543
9225_9,0.9992103576660156
9226_10,0.6918208599090576
9227_8,0.3501434028148651
9228_10,0.9726884365081787
9229_8,0.0640714094042778
922_8,0.9672456383705139
9230_8,0.8120526671409607
9231_8,0.4406154751777649
9232_8,0.9461283683776855
9233_8,0.9633411169052124
9234_9,0.9978234767913818
9235_9,0.19610382616519928
9236_10,0.9497271180152893
9237_8,0.9649609327316284
9238_7,0.8896300196647644
9239_10,0.8913619518280029
923_10,0.9979568719863892
9240_8,0.991792619228363
9241_7,0.6194745898246765
9242_8,0.6316633820533752
9243_10,0.7382413148880005
9244_9,0.9631903767585754
9245_10,0.9937372207641602
9246_10,0.998964786529541
9247_10,0.9918518662452698
9248_10,0.2645586133003235
9249_9,0.9915578365325928
924_10,0.8177794814109802
9250_9,0.9450544714927673
9251_10,0.9566311836242676
9252_10,0.7804855704307556
9253_10,0.9852821826934814
9254_10,0.9959852695465088
9255_10,0.7942124605178833
9256_8,0.9985224604606628
9257_10,0.9812502264976501
9258_9,0.9977389574050903
9259_9,0.9530781507492065
925_10,0.9801161289215088
9260_10,0.8280273675918579
9261_10,0.9736469388008118
9262_10,0.9871394038200378
9263_8,0.9352574348449707
9264_10,0.9940261840820312
9265_9,0.9772024750709534
9266_8,0.9972925782203674
9267_10,0.9975153207778931
9268_9,0.9993249177932739
9269_9,0.9950237274169922
926_10,0.9885891675949097
9270_10,0.4337788224220276
9271_10,0.99787437915802
9272_8,0.7550600171089172
9273_8,0.7563003301620483
9274_8,0.9036020636558533
9275_7,0.9512851238250732
9276_8,0.9922553300857544
9277_10,0.9969099164009094
9278_7,0.9485950469970703
9279_8,0.9857985973358154
927_10,0.9829287528991699
9280_7,0.8731381297111511
9281_9,0.057409387081861496
9282_9,0.9964556694030762
9283_9,0.9562950730323792
9284_9,0.9886162877082825
9285_10,0.9899161458015442
9286_10,0.9091647863388062
9287_10,0.9995286464691162
9288_8,0.9578437805175781
9289_10,0.8732879161834717
928_10,0.14857810735702515
9290_10,0.07333637773990631
9291_10,0.9871971607208252
9292_10,0.5158042311668396
9293_10,0.9536374807357788
9294_8,0.7112993001937866
9295_10,0.1785719245672226
9296_10,0.9017066955566406
9297_10,0.9967181086540222
9298_8,0.5152804851531982
9299_9,0.9955095052719116
929_10,0.9374716877937317
92_8,0.9858707785606384
9300_9,0.9102064967155457
9301_8,0.9670668840408325
9302_7,0.7015026807785034
9303_8,0.8870982527732849
9304_9,0.5904871225357056
9305_7,0.9799128770828247
9306_8,0.8415050506591797
9307_8,0.8355954885482788
9308_7,0.9866891503334045
9309_8,0.9879820942878723
930_10,0.9981203675270081
9310_8,0.7520877122879028
9311_10,0.9993108510971069
9312_8,0.9536771178245544
9313_9,0.9884111881256104
9314_10,0.9742361903190613
9315_8,0.5129420161247253
9316_7,0.9594268798828125
9317_10,0.9694082140922546
9318_7,0.9831660985946655
9319_9,0.9195474982261658
931_9,0.5495193004608154
9320_9,0.996823787689209
9321_10,0.9984394907951355
9322_10,0.999229907989502
9323_7,0.9968863129615784
9324_10,0.9350389838218689
9325_9,0.9866820573806763
9326_10,0.9992004036903381
9327_9,0.9875885844230652
9328_10,0.9969667792320251
9329_10,0.9573333859443665
932_9,0.9922853708267212
9330_9,0.8135366439819336
9331_7,0.9837465882301331
9332_10,0.9904289245605469
9333_8,0.9984068274497986
9334_9,0.9918975830078125
9335_8,0.9898534417152405
9336_7,0.7699127793312073
9337_10,0.9348039627075195
9338_10,0.9491751790046692
9339_8,0.9833947420120239
933_10,0.9965226650238037
9340_10,0.9609014391899109
9341_10,0.962636411190033
9342_8,0.8777077198028564
9343_10,0.42819520831108093
9344_10,0.9993708729743958
9345_10,0.9986458420753479
9346_8,0.9973592162132263
9347_10,0.9367003440856934
9348_10,0.9953173398971558
9349_7,0.26618635654449463
934_10,0.9983797073364258
9350_8,0.5898571014404297
9351_7,0.10212063044309616
9352_10,0.4999850392341614
9353_8,0.9276587963104248
9354_9,0.9970120191574097
9355_10,0.9990022778511047
9356_8,0.9961928129196167
9357_8,0.9943357110023499
9358_8,0.9960694313049316
9359_9,0.9974539875984192
935_10,0.996729850769043
9360_7,0.9328448176383972
9361_10,0.957053005695343
9362_9,0.9088010191917419
9363_8,0.8129745721817017
9364_9,0.9063897132873535
9365_8,0.9989286065101624
9366_8,0.9819301962852478
9367_10,0.9648705720901489
9368_9,0.9808446168899536
9369_8,0.9937978386878967
936_9,0.9895824193954468
9370_8,0.7125555872917175
9371_9,0.9579958319664001
9372_8,0.9849351644515991
9373_7,0.986555814743042
9374_7,0.5692568421363831
9375_8,0.9978989362716675
9376_8,0.9373565316200256
9377_8,0.751853883266449
9378_7,0.885090708732605
9379_9,0.9631583094596863
937_10,0.9968351721763611
9380_9,0.6360747814178467
9381_9,0.7460324168205261
9382_10,0.9995579123497009
9383_7,0.012945564463734627
9384_7,0.13279330730438232
9385_10,0.8966086506843567
9386_7,0.10598330199718475
9387_7,0.06231484189629555
9388_10,0.8001959919929504
9389_9,0.23496697843074799
938_10,0.9728294610977173
9390_10,0.9783573150634766
9391_8,0.4629368484020233
9392_9,0.7985744476318359
9393_9,0.560041069984436
9394_8,0.7362919449806213
9395_8,0.8834984302520752
9396_8,0.8203376531600952
9397_10,0.9921690821647644
9398_10,0.996036946773529
9399_10,0.9990293979644775
939_8,0.7168323993682861
93_9,0.9896309971809387
9400_10,0.9969233870506287
9401_7,0.9437865614891052
9402_8,0.8558318614959717
9403_10,0.9934276342391968
9404_9,0.8957626819610596
9405_7,0.7039691805839539
9406_8,0.9709866642951965
9407_10,0.9896609783172607
9408_7,0.7403783798217773
9409_10,0.9981479644775391
940_7,0.9316170811653137
9410_8,0.8494355082511902
9411_7,0.9717739224433899
9412_8,0.9886015057563782
9413_7,0.9972718358039856
9414_10,0.9676302075386047
9415_9,0.8281294703483582
9416_9,0.9883565306663513
9417_8,0.9923039078712463
9418_7,0.8014000654220581
9419_10,0.9672832489013672
941_10,0.9891747236251831
9420_7,0.9659210443496704
9421_7,0.9943574070930481
9422_7,0.9378948211669922
9423_8,0.9525937438011169
9424_9,0.9850589036941528
9425_7,0.9988371729850769
9426_7,0.9900847673416138
9427_7,0.9919865131378174
9428_7,0.926072359085083
9429_7,0.9545677900314331
942_10,0.9988189339637756
9430_8,0.9959050416946411
9431_7,0.9249127507209778
9432_7,0.970954954624176
9433_7,0.9973627924919128
9434_10,0.3290516138076782
9435_7,0.9228492379188538
9436_8,0.8991079330444336
9437_10,0.8571327924728394
9438_10,0.6252973675727844
9439_9,0.4558207094669342
943_8,0.988892138004303
9440_9,0.920260488986969
9441_10,0.9958166480064392
9442_8,0.27105969190597534
9443_10,0.7958683371543884
9444_10,0.8800396919250488
9445_10,0.9916472434997559
9446_8,0.9588157534599304
9447_10,0.9983762502670288
9448_10,0.9752750396728516
9449_10,0.994669497013092
944_8,0.9859035611152649
9450_10,0.9974735379219055
9451_10,0.7835860252380371
9452_10,0.5304934978485107
9453_7,0.07596056163311005
9454_9,0.7838021516799927
9455_10,0.9818577766418457
9456_10,0.9776917695999146
9457_9,0.7804571390151978
9458_9,0.2787216305732727
9459_9,0.9949097037315369
945_7,0.0671713724732399
9460_9,0.9877387285232544
9461_8,0.6581787467002869
9462_10,0.9990697503089905
9463_10,0.9755011200904846
9464_8,0.9073924422264099
9465_8,0.9136918187141418
9466_9,0.9442853331565857
9467_9,0.9967659711837769
9468_9,0.8224208354949951
9469_10,0.970978319644928
946_7,0.5845445990562439
9470_9,0.9389560222625732
9471_10,0.9981169700622559
9472_8,0.995623767375946
9473_9,0.9868466258049011
9474_7,0.6047535538673401
9475_8,0.9847769737243652
9476_7,0.4630739688873291
9477_8,0.99819415807724
9478_7,0.9721354246139526
9479_10,0.9725558161735535
947_8,0.12601108849048615
9480_10,0.9645650386810303
9481_10,0.9646613001823425
9482_10,0.9914161562919617
9483_9,0.8198478817939758
9484_10,0.9163433313369751
9485_9,0.930755078792572
9486_10,0.9167789220809937
9487_10,0.9042560458183289
9488_9,0.9086547493934631
9489_10,0.9809290766716003
948_8,0.35809212923049927
9490_10,0.9938487410545349
9491_10,0.9938780665397644
9492_10,0.42182546854019165
9493_10,0.237837553024292
9494_7,0.6552850604057312
9495_10,0.9985203146934509
9496_8,0.90560382604599
9497_7,0.9765188097953796
9498_9,0.9919390082359314
9499_7,0.6369286775588989
949_8,0.7225017547607422
94_10,0.6841309070587158
9500_7,0.8441806435585022
9501_7,0.9731022119522095
9502_10,0.996900200843811
9503_10,0.9905663132667542
9504_9,0.9182953834533691
9505_8,0.8857883810997009
9506_10,0.9821277856826782
9507_9,0.9866183400154114
9508_9,0.993036687374115
9509_10,0.906218945980072
950_10,0.99735426902771
9510_10,0.9959343671798706
9511_9,0.7295452952384949
9512_10,0.9511457681655884
9513_9,0.7898528575897217
9514_8,0.9859561920166016
9515_7,0.9843742251396179
9516_10,0.953789234161377
9517_10,0.9916118383407593
9518_9,0.9962356686592102
9519_8,0.9948898553848267
951_10,0.9937823414802551
9520_9,0.9826985597610474
9521_9,0.9666309356689453
9522_10,0.9980554580688477
9523_10,0.9454417824745178
9524_9,0.9885662198066711
9525_9,0.9898461103439331
9526_10,0.988224983215332
9527_7,0.9883127808570862
9528_10,0.9964044094085693
9529_10,0.9924152493476868
952_10,0.9888689517974854
9530_10,0.49491026997566223
9531_9,0.9921714067459106
9532_10,0.9759483337402344
9533_10,0.9977648258209229
9534_9,0.9664870500564575
9535_9,0.9639464616775513
9536_9,0.9971238970756531
9537_10,0.9967893362045288
9538_10,0.2595653235912323
9539_10,0.9971845746040344
953_10,0.9756129384040833
9540_10,0.9971006512641907
9541_8,0.9866107106208801
9542_10,0.9978668093681335
9543_10,0.9939132332801819
9544_7,0.9652606248855591
9545_10,0.3438909649848938
9546_10,0.5349838733673096
9547_8,0.05852021276950836
9548_8,0.9782877564430237
9549_10,0.9535900950431824
954_8,0.9974256157875061
9550_9,0.9804868102073669
9551_7,0.9971837401390076
9552_10,0.9462988376617432
9553_9,0.9305435419082642
9554_10,0.9597470760345459
9555_9,0.8352922797203064
9556_8,0.9866466522216797
9557_9,0.995426595211029
9558_10,0.9977735877037048
9559_9,0.9321553707122803
955_10,0.9946342706680298
9560_9,0.9597538113594055
9561_10,0.5456401109695435
9562_10,0.8940902948379517
9563_10,0.8778080940246582
9564_9,0.9309586882591248
9565_9,0.99619460105896
9566_9,0.10909096896648407
9567_7,0.4360727369785309
9568_10,0.9913029670715332
9569_7,0.9724002480506897
956_10,0.996781587600708
9570_10,0.9865540862083435
9571_10,0.9486392140388489
9572_7,0.9847917556762695
9573_10,0.8294265866279602
9574_10,0.9976227879524231
9575_8,0.9958723187446594
9576_10,0.9221711158752441
9577_10,0.9994589686393738
9578_8,0.6377869248390198
9579_10,0.9242241978645325
957_10,0.9985924363136292
9580_7,0.8933848142623901
9581_10,0.9878837466239929
9582_7,0.6650332808494568
9583_9,0.9609779119491577
9584_7,0.37100300192832947
9585_7,0.05359451100230217
9586_8,0.9372320175170898
9587_7,0.08670087903738022
9588_9,0.9761951565742493
9589_10,0.08048586547374725
958_10,0.9722217321395874
9590_10,0.6735782623291016
9591_10,0.09177471697330475
9592_10,0.6419516205787659
9593_9,0.9594999551773071
9594_10,0.9549737572669983
9595_10,0.2857043147087097
9596_10,0.9742986559867859
9597_10,0.9291266798973083
9598_10,0.9952907562255859
9599_10,0.4464751183986664
959_8,0.7934725880622864
95_10,0.9772082567214966
9600_9,0.22432538866996765
9601_10,0.23466794192790985
9602_8,0.9231159090995789
9603_10,0.7105998396873474
9604_10,0.9703001976013184
9605_10,0.9116750359535217
9606_10,0.9744439721107483
9607_10,0.9859519004821777
9608_8,0.9826812148094177
9609_7,0.742314875125885
960_8,0.962684690952301
9610_9,0.8442622423171997
9611_7,0.7426304221153259
9612_10,0.9988981485366821
9613_8,0.9636542201042175
9614_10,0.9955238103866577
9615_8,0.9406864643096924
9616_10,0.9940213561058044
9617_9,0.9901208877563477
9618_8,0.9897130727767944
9619_7,0.8337528705596924
961_8,0.99647456407547
9620_7,0.5404472947120667
9621_7,0.9936674237251282
9622_9,0.8653625249862671
9623_8,0.9865942001342773
9624_10,0.8990775942802429
9625_8,0.9950001239776611
9626_8,0.4886425733566284
9627_8,0.9963741898536682
9628_9,0.9544946551322937
9629_9,0.9834972620010376
962_9,0.9371687769889832
9630_10,0.9464966654777527
9631_7,0.9574812650680542
9632_7,0.3644186854362488
9633_8,0.9909630417823792
9634_9,0.9825407862663269
9635_8,0.17758816480636597
9636_10,0.9944792985916138
9637_8,0.9251950979232788
9638_8,0.9938629865646362
9639_7,0.9986684322357178
963_8,0.9963952898979187
9640_8,0.9986439347267151
9641_8,0.9927495718002319
9642_7,0.9202789068222046
9643_7,0.9946547746658325
9644_10,0.9995298385620117
9645_8,0.9545181393623352
9646_10,0.9921587705612183
9647_8,0.3398267924785614
9648_8,0.5499266386032104
9649_10,0.9812995791435242
964_7,0.80986088514328
9650_7,0.9455082416534424
9651_8,0.9760001301765442
9652_10,0.9772176146507263
9653_10,0.9958179593086243
9654_8,0.6938356161117554
9655_10,0.9995812773704529
9656_9,0.9981551766395569
9657_10,0.9986405968666077
9658_8,0.9949653744697571
9659_8,0.9930626749992371
965_9,0.4413664937019348
9660_8,0.9931299090385437
9661_10,0.6751397252082825
9662_7,0.9940821528434753
9663_9,0.9876675605773926
9664_7,0.5978080630302429
9665_10,0.9981617331504822
9666_10,0.9956373572349548
9667_8,0.9926195740699768
9668_10,0.9977658987045288
9669_10,0.9836652874946594
966_10,0.383269339799881
9670_10,0.9989390969276428
9671_9,0.737862229347229
9672_10,0.9980375170707703
9673_7,0.19490845501422882
9674_9,0.9984843134880066
9675_9,0.9509879946708679
9676_9,0.9823931455612183
9677_10,0.996891438961029
9678_9,0.9649198651313782
9679_10,0.2747974991798401
967_7,0.13701210916042328
9680_10,0.2221924364566803
9681_10,0.998247504234314
9682_9,0.944841206073761
9683_7,0.050190649926662445
9684_10,0.996613085269928
9685_10,0.22384388744831085
9686_10,0.6794582009315491
9687_10,0.7523507475852966
9688_10,0.5451207160949707
9689_10,0.3723975718021393
968_8,0.998540997505188
9690_10,0.22009384632110596
9691_9,0.8428051471710205
9692_9,0.027830811217427254
9693_7,0.02968970686197281
9694_10,0.30071595311164856
9695_8,0.6346209645271301
9696_8,0.6538083553314209
9697_8,0.9951978325843811
9698_10,0.23796777427196503
9699_10,0.067726269364357
969_9,0.9957934617996216
96_10,0.9993883371353149
9700_9,0.33121511340141296
9701_9,0.8985622525215149
9702_8,0.36734676361083984
9703_7,0.8314075469970703
9704_7,0.45106595754623413
9705_10,0.7036947011947632
9706_7,0.04778939485549927
9707_7,0.031748007982969284
9708_8,0.4251163601875305
9709_8,0.733595609664917
970_7,0.5885695815086365
9710_9,0.8597965240478516
9711_9,0.9836195111274719
9712_10,0.7011129856109619
9713_8,0.09342959523200989
9714_9,0.72917240858078
9715_8,0.943543016910553
9716_8,0.9485194087028503
9717_10,0.8390878438949585
9718_10,0.9953935146331787
9719_10,0.9419278502464294
971_10,0.972469687461853
9720_10,0.9885213375091553
9721_9,0.9138579964637756
9722_7,0.9890411496162415
9723_10,0.9988625049591064
9724_10,0.9868167042732239
9725_10,0.9996470212936401
9726_7,0.9412519931793213
9727_7,0.9762797951698303
9728_8,0.9282984733581543
9729_8,0.9941805601119995
972_7,0.9949422478675842
9730_10,0.9835370182991028
9731_10,0.9936863780021667
9732_10,0.07239636033773422
9733_10,0.7231796979904175
9734_8,0.9720115065574646
9735_7,0.09151555597782135
9736_7,0.8712156414985657
9737_10,0.9820579290390015
9738_10,0.9518765211105347
9739_8,0.9911235570907593
973_10,0.9954324960708618
9740_10,0.281660258769989
9741_10,0.8306663036346436
9742_9,0.8788579702377319
9743_10,0.9490617513656616
9744_10,0.9982630610466003
9745_7,0.9802513718605042
9746_10,0.9752935171127319
9747_10,0.7593944072723389
9748_9,0.45717310905456543
9749_8,0.7052740454673767
974_10,0.12907014787197113
9750_9,0.8728024959564209
9751_9,0.9976401329040527
9752_8,0.9747741222381592
9753_8,0.2317086160182953
9754_7,0.9493212699890137
9755_7,0.991314709186554
9756_10,0.9801861047744751
9757_10,0.8642544746398926
9758_10,0.994343638420105
9759_10,0.8029111623764038
975_7,0.721521258354187
9760_10,0.9018905162811279
9761_7,0.8574931621551514
9762_8,0.9791423082351685
9763_9,0.7968860268592834
9764_10,0.9921607375144958
9765_10,0.9949488639831543
9766_7,0.3671768009662628
9767_10,0.994779109954834
9768_10,0.9949488639831543
9769_9,0.9942019581794739
976_8,0.9782819151878357
9770_10,0.995197594165802
9771_10,0.9806477427482605
9772_10,0.975255012512207
9773_10,0.9992976188659668
9774_10,0.9967812299728394
9775_9,0.8158553838729858
9776_10,0.9850244522094727
9777_9,0.9900913238525391
9778_10,0.9728111624717712
9779_10,0.33371642231941223
977_9,0.7453619837760925
9780_10,0.9993152618408203
9781_10,0.869156539440155
9782_10,0.9977916479110718
9783_9,0.9690006971359253
9784_10,0.30530986189842224
9785_10,0.013101909309625626
9786_8,0.9804770946502686
9787_8,0.9983543157577515
9788_10,0.35394346714019775
9789_10,0.19428838789463043
978_7,0.7721984386444092
9790_10,0.4002147912979126
9791_10,0.9721469283103943
9792_10,0.8552704453468323
9793_10,0.7291491031646729
9794_10,0.9446437954902649
9795_9,0.7955100536346436
9796_10,0.9737849235534668
9797_10,0.8444051742553711
9798_10,0.993186354637146
9799_10,0.9975194334983826
979_10,0.9763060212135315
97_7,0.9765585660934448
9800_9,0.9803923964500427
9801_10,0.9833870530128479
9802_9,0.8893537521362305
9803_9,0.9929971098899841
9804_10,0.9846103191375732
9805_10,0.9959518909454346
9806_10,0.9740508794784546
9807_9,0.799498975276947
9808_10,0.8205737471580505
9809_8,0.8911330699920654
980_7,0.9509556293487549
9810_10,0.921496570110321
9811_10,0.8194619417190552
9812_10,0.9994853734970093
9813_10,0.9933897256851196
9814_10,0.8643213510513306
9815_8,0.9696348905563354
9816_9,0.9488542675971985
9817_8,0.9976982474327087
9818_10,0.7884738445281982
9819_10,0.9537245035171509
981_9,0.08379272371530533
9820_10,0.9789779186248779
9821_10,0.9989301562309265
9822_7,0.5655566453933716
9823_8,0.7968586683273315
9824_8,0.3913850486278534
9825_7,0.9098058342933655
9826_8,0.8463289737701416
9827_9,0.9836304187774658
9828_7,0.7417107224464417
9829_7,0.9908570647239685
982_8,0.9995018243789673
9830_10,0.950986921787262
9831_10,0.9219933152198792
9832_7,0.4795905351638794
9833_7,0.963982105255127
9834_8,0.9553642272949219
9835_8,0.9967195391654968
9836_10,0.9967838525772095
9837_7,0.3494928479194641
9838_7,0.918095052242279
9839_8,0.24012954533100128
983_7,0.5265036821365356
9840_7,0.273969829082489
9841_8,0.31118616461753845
9842_7,0.6853528022766113
9843_7,0.4399247467517853
9844_8,0.4731638729572296
9845_8,0.8370053172111511
9846_7,0.4284139573574066
9847_10,0.9977686405181885
9848_9,0.9923187494277954
9849_8,0.48033642768859863
984_8,0.9995144605636597
9850_8,0.9898819327354431
9851_8,0.9463749527931213
9852_9,0.9755570292472839
9853_10,0.9013022780418396
9854_10,0.9856995940208435
9855_9,0.0406312569975853
9856_10,0.9893544912338257
9857_10,0.9728071093559265
9858_10,0.9941220879554749
9859_8,0.6804083585739136
985_10,0.9795376658439636
9860_10,0.9699006676673889
9861_7,0.3504682779312134
9862_9,0.9423627853393555
9863_10,0.9298628568649292
9864_8,0.8510271906852722
9865_10,0.9604849815368652
9866_10,0.9370278716087341
9867_8,0.8503592014312744
9868_10,0.9961016178131104
9869_7,0.9719845652580261
986_10,0.9501596689224243
9870_8,0.5355985760688782
9871_7,0.5286881923675537
9872_8,0.9964404702186584
9873_9,0.9736995697021484
9874_7,0.9738386273384094
9875_10,0.999281108379364
9876_8,0.8803603053092957
9877_8,0.15693217515945435
9878_9,0.9988981485366821
9879_9,0.6073523759841919
987_7,0.9450621604919434
9880_8,0.9921826720237732
9881_10,0.7759752869606018
9882_10,0.9965582489967346
9883_10,0.9992583394050598
9884_10,0.3803554177284241
9885_7,0.9462147355079651
9886_10,0.9951180219650269
9887_9,0.9957822561264038
9888_8,0.949352502822876
9889_9,0.9966188669204712
988_8,0.9995163679122925
9890_10,0.9664404988288879
9891_10,0.999680757522583
9892_10,0.994164764881134
9893_8,0.9770339131355286
9894_8,0.9173142910003662
9895_10,0.9958792924880981
9896_9,0.5267060995101929
9897_9,0.9982688426971436
9898_10,0.998506486415863
9899_9,0.9993399977684021
989_7,0.847615659236908
98_9,0.48160457611083984
9900_9,0.9782519340515137
9901_10,0.9968336224555969
9902_8,0.9915054440498352
9903_7,0.9511504769325256
9904_8,0.9989306330680847
9905_10,0.9978466033935547
9906_9,0.999466598033905
9907_7,0.46422481536865234
9908_7,0.21242313086986542
9909_9,0.9892551898956299
990_7,0.8330504298210144
9910_8,0.3506791293621063
9911_10,0.9962551593780518
9912_10,0.9519761204719543
9913_8,0.9879114627838135
9914_8,0.7933034300804138
9915_10,0.9777404069900513
9916_8,0.023208629339933395
9917_10,0.9504987597465515
9918_9,0.9557154774665833
9919_9,0.8041843771934509
991_7,0.9699661731719971
9920_8,0.9711044430732727
9921_9,0.7115439772605896
9922_8,0.6983942985534668
9923_8,0.9946749210357666
9924_8,0.9747323393821716
9925_9,0.9424583911895752
9926_8,0.6677739024162292
9927_7,0.1694415807723999
9928_7,0.19092829525470734
9929_7,0.9982759952545166
992_7,0.9898293614387512
9930_9,0.999618649482727
9931_9,0.998102605342865
9932_10,0.8364976644515991
9933_7,0.9049332141876221
9934_8,0.9952427744865417
9935_8,0.7544191479682922
9936_10,0.9996448755264282
9937_7,0.061179500073194504
9938_8,0.3357047736644745
9939_8,0.9750628471374512
993_8,0.9009243249893188
9940_8,0.8972405791282654
9941_9,0.999643087387085
9942_8,0.9375089406967163
9943_10,0.9968836903572083
9944_8,0.684278130531311
9945_10,0.9782668352127075
9946_7,0.8791416883468628
9947_9,0.6193221211433411
9948_7,0.8795344233512878
9949_8,0.18108098208904266
994_7,0.5967144966125488
9950_8,0.9968736171722412
9951_8,0.7071952819824219
9952_7,0.902061402797699
9953_10,0.596924901008606
9954_8,0.6312366724014282
9955_9,0.9848548769950867
9956_10,0.9287495613098145
9957_10,0.406181275844574
9958_8,0.9799878597259521
9959_7,0.9183465242385864
995_7,0.9969261288642883
9960_10,0.9963154196739197
9961_9,0.9973280429840088
9962_10,0.9951399564743042
9963_8,0.9969877600669861
9964_8,0.5850496292114258
9965_8,0.9668996930122375
9966_10,0.9909282326698303
9967_10,0.9270698428153992
9968_10,0.994440495967865
9969_10,0.9767925143241882
996_7,0.8697348237037659
9970_10,0.9739784002304077
9971_9,0.9966017007827759
9972_9,0.9853892922401428
9973_9,0.9978717565536499
9974_8,0.44520795345306396
9975_8,0.8462493419647217
9976_9,0.979516327381134
9977_7,0.8470011353492737
9978_9,0.998230516910553
9979_8,0.9884220957756042
997_7,0.876763641834259
9980_8,0.9973105192184448
9981_7,0.7768182158470154
9982_8,0.9953091740608215
9983_7,0.9448795914649963
9984_9,0.9855467081069946
9985_9,0.9559838175773621
9986_10,0.9661286473274231
9987_9,0.9930163621902466
9988_10,0.9878908395767212
9989_10,0.9991162419319153
998_7,0.9930262565612793
9990_10,0.9653131365776062
9991_8,0.9959355592727661
9992_10,0.9986780285835266
9993_10,0.9626787304878235
9994_10,0.9961280822753906
9995_8,0.9948117733001709
9996_10,0.9938759207725525
9997_10,0.9874967336654663
9998_8,0.9994920492172241
9999_10,0.9942057728767395
999_8,0.9768149256706238
99_10,0.9974356293678284
9_7,0.9436299800872803
