"id","sentiment"
"12311_10",0.998316
"8348_2",0.001879
"5828_4",0.356106
"7186_2",0.004617
"12128_7",0.996291
"2913_8",0.997578
"4396_1",0.002473
"395_2",0.041002
"10616_1",0.001494
"9074_9",0.992343
"9252_3",0.178898
"9896_9",0.997982
"574_4",0.002248
"11182_8",0.997892
"11656_4",0.005815
"2322_4",0.045367
"8703_1",0.003377
"7483_1",0.002772
"6007_10",0.995140
"12424_4",0.002691
"4672_1",0.002491
"10841_3",0.001816
"8954_7",0.009446
"7392_1",0.003079
"10288_8",0.998146
"5343_4",0.001916
"4950_1",0.001844
"9257_4",0.022897
"8689_3",0.004429
"4480_2",0.002718
"9286_10",0.995980
"12245_10",0.998453
"7529_7",0.994232
"4_4",0.002728
"5299_2",0.009545
"12077_8",0.997141
"10701_2",0.002278
"11579_1",0.003255
"10993_1",0.002064
"8913_1",0.003154
"1350_3",0.003529
"3804_2",0.001979
"5025_3",0.108724
"5170_8",0.996221
"8225_8",0.997097
"6427_7",0.997960
"3165_3",0.003755
"7902_9",0.997646
"8208_3",0.003911
"3577_8",0.995731
"4865_1",0.001607
"9063_3",0.002671
"1106_1",0.003302
"1117_9",0.998315
"1050_4",0.459299
"10755_9",0.984446
"2729_8",0.964419
"10072_10",0.997410
"2904_7",0.995067
"4584_2",0.991793
"189_4",0.010424
"6302_4",0.010660
"8138_9",0.989524
"1262_1",0.001921
"2199_10",0.997431
"6551_7",0.161957
"8082_7",0.993008
"4897_8",0.997098
"7360_1",0.002027
"11012_10",0.995970
"12046_1",0.003423
"2331_2",0.003689
"8961_9",0.998286
"751_7",0.015029
"9884_10",0.996633
"10016_8",0.997996
"8023_10",0.997810
"2628_1",0.001976
"5832_1",0.007936
"7302_1",0.001821
"4501_3",0.016776
"1121_7",0.994457
"8334_3",0.067544
"9789_10",0.855909
"4230_10",0.998345
"824_4",0.006924
"6803_9",0.966793
"3086_7",0.996784
"1135_8",0.997948
"10136_1",0.001572
"11129_3",0.002737
"2072_8",0.007830
"9501_7",0.993261
"319_10",0.997907
"1693_7",0.998256
"10886_1",0.001568
"9406_8",0.997753
"10376_10",0.986985
"9902_1",0.001633
"9938_8",0.181829
"7080_9",0.996827
"11944_8",0.938792
"5249_1",0.001759
"9599_2",0.006078
"9620_1",0.002060
"11244_1",0.002014
"6841_10",0.998024
"10050_4",0.988837
"10512_9",0.997056
"11327_3",0.001706
"10681_8",0.997539
"808_3",0.007811
"546_7",0.998274
"10765_1",0.001820
"7189_9",0.997562
"6005_9",0.996677
"11915_9",0.998511
"5740_10",0.998306
"7097_10",0.989543
"9573_10",0.996761
"5084_4",0.003417
"12332_7",0.983782
"8154_1",0.002524
"5610_1",0.002020
"5323_9",0.996441
"11034_8",0.990566
"3977_2",0.008826
"12380_7",0.742493
"1737_8",0.968954
"6030_9",0.997662
"5918_7",0.993433
"7061_9",0.998046
"266_8",0.998259
"1375_10",0.997753
"8648_3",0.004872
"10146_10",0.998305
"4578_10",0.996792
"4685_8",0.995507
"11843_9",0.995224
"5467_10",0.998323
"10140_10",0.998364
"7721_8",0.995827
"11208_10",0.935129
"1063_10",0.997181
"8260_10",0.992525
"3182_9",0.995510
"2797_8",0.995903
"7613_2",0.002739
"11624_4",0.003124
"4847_10",0.998000
"10684_7",0.996936
"6312_1",0.002216
"4925_3",0.001893
"4125_1",0.001552
"2394_10",0.998356
"12105_10",0.998472
"7812_1",0.001574
"1061_8",0.997271
"9343_3",0.004392
"7696_10",0.997943
"9355_10",0.998263
"782_9",0.998320
"9882_10",0.998331
"10642_10",0.998324
"7410_2",0.001743
"9591_4",0.002458
"11902_3",0.004903
"3495_7",0.985979
"6733_1",0.001681
"4552_1",0.001866
"6722_1",0.008839
"188_10",0.998216
"5099_10",0.961403
"10313_1",0.002183
"6756_9",0.996312
"6622_2",0.001910
"4807_10",0.998369
"7173_3",0.002252
"11321_8",0.996290
"7909_9",0.918053
"8012_7",0.002956
"8615_4",0.001806
"8117_10",0.997561
"1892_10",0.997416
"4617_1",0.001999
"1893_8",0.997824
"5435_1",0.001844
"162_3",0.001952
"6516_10",0.997720
"11588_7",0.996666
"2006_1",0.001683
"1594_4",0.002737
"1472_1",0.001713
"3647_1",0.010112
"174_7",0.996326
"5539_7",0.857524
"3384_10",0.998271
"3811_4",0.720516
"4079_8",0.997485
"1179_7",0.993816
"3069_9",0.997855
"3769_8",0.997125
"9247_10",0.997058
"10434_1",0.001902
"1147_10",0.997292
"5344_7",0.996221
"8073_10",0.998353
"7833_3",0.001879
"8370_1",0.001658
"9007_8",0.003535
"6624_7",0.010438
"6683_3",0.002156
"12275_7",0.998176
"11927_8",0.997956
"1560_10",0.998377
"1325_9",0.498775
"3548_8",0.017387
"607_1",0.001738
"6702_7",0.485406
"5702_3",0.002238
"11345_8",0.997295
"3428_4",0.009042
"7209_9",0.998455
"8425_8",0.997761
"3087_1",0.002832
"1119_8",0.997618
"5715_3",0.002235
"8645_1",0.001596
"2149_3",0.002189
"10403_10",0.998157
"5628_1",0.002018
"5570_10",0.997509
"1613_3",0.002646
"1454_4",0.009634
"5094_3",0.003626
"7982_1",0.002833
"6894_2",0.003609
"6554_1",0.001549
"4721_3",0.003702
"6904_4",0.002673
"893_8",0.997778
"4605_4",0.034037
"11516_7",0.124158
"11718_7",0.997945
"5956_1",0.001718
"7455_9",0.993217
"6396_4",0.997566
"1223_8",0.997892
"8556_1",0.004095
"6108_8",0.987248
"11690_1",0.001569
"3778_9",0.996915
"3627_4",0.003691
"8256_4",0.022999
"533_1",0.001958
"5235_4",0.002266
"621_2",0.002240
"5365_1",0.003133
"8180_3",0.001885
"7396_7",0.988400
"9776_10",0.998184
"8175_10",0.998006
"3128_1",0.001828
"4606_1",0.002730
"6158_2",0.002128
"3281_10",0.947340
"4723_4",0.005614
"11994_3",0.064578
"7701_1",0.001596
"103_3",0.002786
"8908_10",0.998015
"8876_1",0.001768
"7519_9",0.997583
"12456_8",0.997655
"9514_8",0.995029
"8680_8",0.987799
"12402_10",0.996397
"362_2",0.003315
"9825_7",0.996753
"2913_3",0.003558
"7164_8",0.996612
"11177_7",0.997815
"5707_10",0.997993
"8103_10",0.997739
"6289_1",0.001657
"11754_1",0.007486
"11640_10",0.997392
"9933_7",0.968956
"185_10",0.996227
"242_10",0.997625
"9369_8",0.987959
"7453_10",0.997258
"7514_7",0.991911
"10860_2",0.001631
"8663_8",0.275939
"9108_1",0.001661
"7941_1",0.002040
"10116_1",0.001815
"9841_4",0.985374
"4512_9",0.998130
"4853_2",0.012494
"2664_4",0.022059
"9966_10",0.997905
"5167_2",0.001984
"3894_2",0.001857
"3929_8",0.994870
"7165_10",0.997672
"5451_8",0.995147
"2947_4",0.005436
"4611_10",0.997828
"5807_1",0.001675
"9464_8",0.997838
"3124_10",0.997335
"2705_4",0.010024
"12187_8",0.998225
"12319_10",0.998100
"9874_3",0.876582
"3406_4",0.933383
"2327_10",0.998190
"605_10",0.997036
"8080_4",0.010969
"3074_10",0.997787
"2499_3",0.004496
"1013_1",0.002239
"11535_1",0.001870
"4118_7",0.921332
"10492_8",0.997933
"2129_4",0.002429
"9814_10",0.997151
"10671_9",0.997086
"5980_10",0.998266
"2755_2",0.004546
"5461_2",0.005624
"11979_1",0.001795
"8810_1",0.001719
"852_7",0.996570
"10961_4",0.773095
"7436_4",0.003795
"11281_3",0.003169
"4208_3",0.004457
"8213_10",0.997382
"9851_2",0.010338
"4713_7",0.998011
"9528_1",0.997520
"3595_10",0.998013
"5785_3",0.002265
"10370_3",0.002634
"1980_3",0.987603
"8800_4",0.994664
"4437_3",0.002560
"28_3",0.002130
"12171_1",0.987382
"9359_3",0.002762
"3831_9",0.998300
"10962_7",0.992612
"1500_9",0.973583
"11470_10",0.996311
"11843_3",0.003575
"11200_4",0.019585
"1067_1",0.001734
"3333_1",0.001907
"4487_4",0.018589
"6428_1",0.002051
"575_7",0.950617
"10904_9",0.995385
"11821_2",0.014043
"11605_1",0.002015
"1111_7",0.994153
"10295_1",0.003106
"1146_4",0.002177
"2405_9",0.436221
"11081_10",0.990919
"2201_10",0.997779
"4844_1",0.002188
"11007_8",0.997356
"6535_7",0.996999
"2653_4",0.002698
"8245_10",0.994267
"9951_8",0.997738
"6133_8",0.994809
"10006_2",0.001751
"7350_1",0.001880
"4509_9",0.998257
"948_1",0.001811
"3987_1",0.002184
"2947_10",0.997369
"6041_3",0.192852
"2946_1",0.001644
"11967_4",0.001768
"1185_10",0.997946
"10323_2",0.072070
"11706_2",0.001649
"3663_1",0.003084
"5602_10",0.998218
"4870_10",0.996848
"1994_1",0.002759
"10807_7",0.991937
"6871_3",0.819300
"1175_2",0.002895
"10919_7",0.996848
"8127_10",0.998054
"12497_4",0.943782
"3274_1",0.957651
"2568_3",0.001701
"840_2",0.001560
"5626_10",0.998475
"7561_10",0.998351
"4600_3",0.002844
"3324_9",0.996567
"8899_7",0.996922
"5592_8",0.995954
"12483_4",0.001777
"7874_1",0.001601
"5878_10",0.998107
"4303_9",0.994436
"9421_1",0.002038
"10269_4",0.004022
"10615_2",0.004815
"2634_10",0.995955
"7522_1",0.001763
"9289_10",0.996340
"4636_10",0.998120
"1241_7",0.529356
"9458_9",0.996387
"11690_10",0.998115
"7176_4",0.991469
"6212_10",0.997817
"6319_1",0.002077
"5229_3",0.005308
"466_9",0.998546
"8693_2",0.002094
"2952_10",0.997920
"1128_1",0.001961
"3975_10",0.997580
"11365_10",0.996818
"2074_9",0.997681
"9768_10",0.998235
"4895_1",0.001721
"5726_10",0.997348
"9993_10",0.995955
"11319_2",0.003089
"10561_2",0.022979
"5455_8",0.977387
"10684_3",0.003372
"3652_3",0.002620
"7825_1",0.001726
"8806_1",0.001722
"275_10",0.994019
"2246_1",0.001716
"11968_2",0.014526
"2528_1",0.008445
"8491_8",0.989580
"13_1",0.019228
"4530_8",0.997596
"5207_3",0.003554
"11648_10",0.973841
"8260_1",0.002170
"10730_10",0.997833
"10402_3",0.028092
"8077_1",0.001668
"8598_8",0.957333
"2809_3",0.002664
"12490_10",0.993518
"1447_9",0.997775
"1605_3",0.002359
"2311_4",0.001958
"3235_9",0.997064
"5725_10",0.997823
"9025_10",0.997529
"6049_9",0.996377
"4803_10",0.997847
"191_9",0.997844
"420_3",0.024000
"5238_2",0.001719
"1280_9",0.998010
"9408_4",0.002722
"819_1",0.001617
"1656_4",0.003086
"9964_3",0.015406
"10404_4",0.002100
"12369_10",0.998463
"6423_1",0.001646
"9942_8",0.983702
"1519_1",0.002067
"100_10",0.998421
"3216_10",0.998440
"3909_10",0.997409
"5034_7",0.998226
"14_8",0.998276
"5891_3",0.001998
"8496_10",0.998352
"7429_1",0.001901
"9457_1",0.001873
"9602_8",0.995778
"4198_1",0.002258
"154_2",0.001942
"5070_2",0.002417
"4207_8",0.990486
"7758_8",0.997104
"4439_9",0.998431
"12042_1",0.001859
"7244_1",0.001934
"6854_1",0.002281
"11932_10",0.996865
"4151_10",0.997902
"7265_1",0.002947
"10272_7",0.995425
"4256_4",0.002736
"1225_7",0.997473
"956_10",0.998334
"6389_2",0.001900
"1365_4",0.002565
"4752_7",0.993184
"276_10",0.998379
"8766_9",0.994710
"11225_10",0.998197
"6920_1",0.001704
"11536_1",0.001708
"1923_9",0.997826
"11460_10",0.993526
"10054_7",0.991077
"10845_1",0.001572
"10231_4",0.739436
"9430_8",0.997218
"3226_2",0.002566
"4298_3",0.002951
"10635_4",0.001940
"10567_4",0.002366
"5460_10",0.998253
"7310_7",0.966342
"10330_2",0.001854
"5151_9",0.645229
"11_3",0.004652
"1448_8",0.988911
"10130_8",0.997362
"2199_3",0.001927
"1761_10",0.997705
"2782_1",0.001665
"7618_10",0.998126
"85_10",0.997645
"5730_3",0.002626
"3641_1",0.002789
"8190_9",0.998070
"9533_10",0.998356
"9508_1",0.001862
"237_8",0.997851
"3981_7",0.996350
"7194_9",0.997608
"10584_8",0.964188
"248_2",0.001614
"8358_4",0.001626
"1218_1",0.001697
"4191_10",0.022968
"3090_8",0.979838
"11923_2",0.002184
"1640_8",0.995134
"9972_3",0.002748
"11818_4",0.964319
"4350_10",0.997580
"877_10",0.871491
"10017_8",0.997586
"7975_10",0.998275
"8436_1",0.816492
"6024_7",0.936132
"3112_1",0.001972
"951_10",0.997723
"1622_1",0.001667
"191_3",0.215861
"5669_1",0.001680
"1891_4",0.007892
"12173_9",0.986989
"7887_7",0.011817
"3256_10",0.997136
"5419_1",0.002572
"7635_1",0.001731
"8297_2",0.045210
"7137_8",0.956825
"7562_3",0.217185
"9944_1",0.001654
"4288_1",0.001735
"8087_1",0.997964
"4771_10",0.996602
"10482_10",0.773845
"5324_10",0.998306
"3080_1",0.003882
"10923_7",0.996791
"1753_7",0.997695
"317_10",0.994977
"12474_8",0.988305
"773_8",0.997819
"388_1",0.002274
"12141_2",0.004527
"5667_1",0.902914
"1071_9",0.997488
"2897_10",0.997198
"9481_4",0.996129
"12025_1",0.001923
"8879_7",0.997653
"5683_1",0.002530
"7026_1",0.001622
"2439_1",0.002930
"3631_7",0.635920
"1650_9",0.995734
"5378_7",0.998369
"9745_1",0.001726
"11563_8",0.997068
"299_8",0.997277
"9471_2",0.008059
"1866_1",0.001838
"2639_4",0.002785
"5122_1",0.008439
"12341_7",0.689647
"2936_8",0.997807
"8647_10",0.997717
"4255_9",0.997401
"7262_8",0.927898
"8413_10",0.981127
"10080_1",0.002041
"3973_1",0.035581
"8752_9",0.998472
"4018_2",0.001903
"7669_1",0.002459
"10421_4",0.002604
"7854_8",0.996352
"162_8",0.013743
"11614_9",0.997148
"11343_8",0.995932
"1708_7",0.241405
"7115_4",0.004342
"10498_10",0.991803
"2944_8",0.998159
"10474_3",0.006116
"1263_1",0.002108
"1693_4",0.010752
"9600_9",0.060456
"11173_2",0.002286
"3961_2",0.002617
"8011_1",0.004070
"7386_8",0.996649
"8787_8",0.997601
"12349_9",0.996585
"1776_4",0.002264
"5885_4",0.993662
"220_4",0.002468
"5547_8",0.998173
"2853_1",0.001866
"2157_2",0.002334
"11667_2",0.003607
"194_7",0.998042
"1633_1",0.002014
"6897_2",0.004638
"11568_2",0.007624
"9219_1",0.004193
"477_8",0.997756
"8980_3",0.006034
"4612_10",0.998167
"8030_10",0.998169
"1846_8",0.998355
"2786_8",0.998212
"2634_1",0.001887
"3110_8",0.997849
"11587_8",0.015566
"11262_8",0.997610
"5680_7",0.982328
"4583_4",0.007089
"1451_1",0.001768
"4244_4",0.584233
"6176_4",0.001645
"8851_10",0.998358
"908_9",0.997315
"7494_9",0.992238
"8061_3",0.002208
"789_1",0.002494
"2374_7",0.900935
"11225_3",0.002557
"4467_4",0.001670
"8516_10",0.853021
"4121_10",0.995621
"10267_7",0.991831
"6040_8",0.996831
"8338_7",0.997325
"2903_7",0.997864
"6662_9",0.998244
"5333_10",0.997385
"7470_4",0.001986
"8813_1",0.002710
"4514_3",0.018278
"9584_7",0.980773
"11706_8",0.997037
"11538_8",0.915730
"4210_1",0.001557
"8984_1",0.001726
"3431_4",0.003235
"4973_10",0.997825
"12260_1",0.001853
"4267_10",0.997890
"9906_9",0.998202
"670_7",0.953715
"6270_3",0.002086
"5164_4",0.002880
"9741_2",0.004367
"3761_8",0.997857
"2651_2",0.055070
"7448_10",0.997856
"7184_9",0.997117
"1313_9",0.998142
"10654_8",0.997967
"7151_1",0.001646
"2320_10",0.975592
"12033_7",0.974864
"6429_1",0.001708
"1420_4",0.993905
"3002_7",0.978231
"1299_1",0.001804
"7897_9",0.991438
"1529_4",0.002804
"9760_2",0.001795
"11318_1",0.002933
"2217_3",0.010219
"11641_2",0.001607
"7238_10",0.998244
"7710_8",0.998155
"12011_8",0.996571
"4495_7",0.995446
"11144_4",0.003182
"5625_2",0.001947
"2926_7",0.986060
"8538_8",0.995517
"8875_10",0.998306
"10881_10",0.994692
"1662_7",0.997422
"4560_9",0.959110
"6714_4",0.002090
"9059_10",0.998259
"6631_10",0.997917
"8520_1",0.001655
"918_4",0.988683
"3102_10",0.984396
"3611_2",0.002535
"8434_10",0.997716
"681_7",0.997707
"7386_4",0.002242
"7566_9",0.987718
"10110_10",0.998404
"10486_10",0.995182
"1492_3",0.003598
"11823_1",0.001819
"2331_9",0.995707
"2200_2",0.002209
"9547_1",0.003425
"785_2",0.002235
"5101_4",0.020330
"5657_10",0.982503
"6902_7",0.994820
"1490_9",0.998009
"7148_9",0.998197
"7387_8",0.995144
"8277_9",0.998263
"6912_7",0.996169
"170_2",0.002714
"7702_10",0.998353
"4393_3",0.002545
"2608_3",0.012223
"4931_8",0.993095
"10589_10",0.997193
"8623_4",0.002550
"6057_2",0.002132
"2704_9",0.998200
"1790_2",0.004913
"12370_1",0.001552
"159_1",0.001809
"343_9",0.969052
"2128_9",0.998184
"11181_8",0.991180
"11775_10",0.997849
"3514_10",0.998096
"6993_2",0.001521
"2866_9",0.997293
"1000_9",0.993749
"11772_7",0.996604
"3355_9",0.994433
"8519_8",0.996999
"7879_3",0.003276
"4332_10",0.997440
"5403_1",0.001712
"1514_7",0.402417
"7904_1",0.001813
"10550_2",0.002479
"11442_10",0.998252
"2821_3",0.002544
"5766_1",0.001800
"8061_9",0.996940
"2166_1",0.001952
"6206_1",0.002192
"11124_2",0.014552
"7625_10",0.912595
"90_9",0.997795
"7959_10",0.998306
"7029_10",0.996841
"779_8",0.998027
"1101_4",0.002365
"11189_4",0.005754
"9790_4",0.003098
"10861_1",0.001909
"5902_2",0.004530
"9545_10",0.973433
"3730_1",0.001503
"4951_9",0.990774
"3295_1",0.002649
"9495_2",0.005098
"2876_1",0.008784
"2796_1",0.001941
"10338_3",0.005011
"10913_7",0.004003
"4685_2",0.002741
"11586_1",0.002127
"4904_7",0.511931
"7110_7",0.994940
"2086_4",0.014097
"7372_7",0.153204
"135_9",0.997629
"7038_3",0.020861
"1119_2",0.001954
"5057_8",0.996365
"3479_10",0.998457
"6489_8",0.996445
"4910_8",0.997924
"5979_10",0.996975
"11304_1",0.001719
"2102_9",0.997786
"8048_1",0.002019
"12153_7",0.898230
"4832_8",0.997449
"3079_9",0.998312
"8254_2",0.002736
"7981_7",0.995275
"611_1",0.013928
"307_10",0.992630
"8861_3",0.001870
"4635_4",0.025873
"6197_7",0.082411
"6739_3",0.002449
"8588_9",0.997862
"8461_7",0.012773
"10089_1",0.001839
"2609_7",0.043762
"1418_3",0.016934
"2661_10",0.994753
"1253_9",0.997820
"8815_9",0.996488
"9867_8",0.997956
"2155_1",0.002291
"12259_4",0.001983
"11224_3",0.002953
"4781_1",0.001499
"4354_9",0.998396
"9629_9",0.998003
"3629_9",0.998159
"6445_10",0.998432
"9526_10",0.998423
"5138_2",0.005161
"349_10",0.996184
"2099_7",0.992465
"4411_1",0.002133
"8127_3",0.002744
"5225_8",0.995090
"7970_3",0.004087
"5688_7",0.996091
"12099_3",0.003706
"6020_4",0.018165
"3892_8",0.997595
"2098_8",0.998271
"4851_7",0.997927
"10967_10",0.997229
"6230_4",0.002116
"2211_2",0.680665
"11978_10",0.997614
"8802_1",0.002000
"11010_3",0.002674
"10083_2",0.007852
"5588_10",0.987337
"958_10",0.998260
"6771_4",0.049208
"6767_9",0.996472
"7302_10",0.997595
"5324_3",0.003734
"7737_10",0.998205
"8603_10",0.007656
"3029_7",0.998091
"8640_2",0.002200
"2139_1",0.002025
"6305_10",0.998140
"6884_7",0.997613
"5534_8",0.980928
"7619_8",0.998251
"10057_8",0.997851
"972_7",0.997653
"6245_8",0.978063
"6627_7",0.996977
"3621_10",0.011135
"2290_4",0.994273
"24_4",0.804477
"5689_1",0.001573
"6497_4",0.004069
"12405_4",0.995318
"11720_7",0.998142
"10088_1",0.001739
"9258_9",0.997720
"354_4",0.995314
"4770_10",0.997101
"1035_3",0.004047
"739_1",0.001668
"6267_7",0.998250
"1562_8",0.997964
"1438_1",0.001999
"281_8",0.998383
"1818_1",0.002440
"3943_3",0.002099
"8116_4",0.005502
"6984_1",0.002259
"5330_4",0.002199
"8821_8",0.990925
"10484_10",0.998287
"1886_4",0.005683
"7943_2",0.018124
"6438_7",0.995875
"8931_10",0.996412
"10538_10",0.996498
"534_10",0.998479
"7329_2",0.002403
"6614_2",0.002433
"710_10",0.997604
"3120_4",0.003141
"9046_1",0.002081
"5638_2",0.002567
"2455_4",0.003084
"2652_3",0.002386
"11006_4",0.003113
"5065_3",0.002575
"9805_10",0.998278
"7092_8",0.997691
"1735_10",0.996722
"3609_1",0.002022
"1201_10",0.998364
"11024_9",0.998349
"3807_10",0.997652
"4483_10",0.998245
"4510_7",0.980647
"8037_1",0.001811
"1760_1",0.005352
"133_8",0.989431
"9039_8",0.993638
"8462_4",0.945284
"2468_10",0.997678
"7684_3",0.002076
"10350_9",0.997651
"1199_10",0.998090
"8560_1",0.001643
"6405_3",0.002387
"1295_1",0.001675
"6420_1",0.002067
"12183_9",0.998008
"11619_1",0.002407
"1415_9",0.994354
"9414_1",0.001658
"7640_4",0.003474
"9211_9",0.996966
"557_9",0.998127
"4501_9",0.997715
"8711_10",0.751589
"2402_1",0.004907
"4586_10",0.994740
"176_3",0.003586
"3545_1",0.001963
"8932_1",0.001516
"5829_10",0.997814
"3409_10",0.998504
"3636_3",0.013591
"12048_7",0.998430
"10468_10",0.997827
"11546_10",0.990312
"9444_10",0.998285
"6275_1",0.002618
"152_4",0.866695
"4767_9",0.996897
"6751_1",0.001810
"10245_4",0.003868
"5407_8",0.992972
"1923_1",0.002597
"515_9",0.997082
"9988_1",0.092883
"5928_8",0.997894
"10163_4",0.979147
"7969_10",0.998013
"1494_4",0.006054
"11211_10",0.998346
"1957_1",0.001497
"8484_7",0.989418
"848_2",0.002151
"5177_1",0.006708
"10667_10",0.994161
"3075_1",0.002387
"9443_10",0.998125
"1572_8",0.997475
"11285_8",0.996091
"3125_1",0.004632
"9265_9",0.998215
"4072_1",0.001963
"6390_2",0.003655
"6496_4",0.773414
"8766_2",0.002015
"7787_10",0.998137
"5897_10",0.998300
"9027_1",0.002676
"1538_2",0.002259
"1220_3",0.002034
"8600_3",0.003485
"11432_2",0.005722
"1424_4",0.680760
"7344_10",0.998294
"10842_1",0.002101
"10332_10",0.997829
"4340_4",0.008691
"4868_4",0.004235
"11216_9",0.993388
"12027_10",0.995791
"6785_7",0.987184
"8773_8",0.997185
"8119_4",0.802559
"10138_10",0.996370
"7197_2",0.001752
"1536_3",0.004322
"9981_7",0.997284
"4753_1",0.004058
"2795_7",0.003855
"6672_4",0.002700
"10805_7",0.050871
"5866_1",0.001840
"570_1",0.001667
"11965_8",0.997419
"3288_1",0.003296
"8135_1",0.002008
"10094_9",0.997677
"5845_10",0.998268
"3570_8",0.992990
"1240_1",0.008182
"231_1",0.002259
"10628_9",0.997674
"3536_1",0.003097
"1852_10",0.995763
"8202_7",0.997001
"5907_7",0.817895
"1759_10",0.996274
"4492_10",0.996025
"4844_7",0.983699
"3189_10",0.998047
"3403_10",0.997965
"5874_2",0.001834
"7809_10",0.998200
"3632_9",0.998062
"11767_2",0.947981
"9925_3",0.002245
"4218_1",0.003215
"12036_7",0.988654
"8973_2",0.002062
"2464_10",0.996351
"4094_1",0.002203
"10592_1",0.003876
"10648_9",0.998196
"3887_10",0.997889
"9092_8",0.997460
"10666_10",0.997763
"8389_10",0.998125
"5281_10",0.998099
"6946_1",0.001748
"1132_1",0.001815
"10052_4",0.006727
"768_10",0.998300
"5432_3",0.001847
"7424_3",0.002568
"2366_2",0.004426
"2865_3",0.003765
"7806_2",0.001947
"8878_3",0.057903
"6298_7",0.998041
"4517_4",0.001947
"12018_10",0.998260
"3662_1",0.002285
"11393_10",0.996180
"2071_10",0.997357
"8217_8",0.997872
"6568_2",0.002399
"3840_10",0.998438
"1666_3",0.015297
"2360_7",0.988368
"5778_4",0.014839
"5341_4",0.030928
"4044_2",0.001718
"2503_3",0.008260
"4095_10",0.997324
"2092_2",0.003966
"2707_3",0.002039
"573_10",0.997620
"6441_7",0.997640
"7565_3",0.001741
"9499_7",0.795657
"657_10",0.998241
"8840_10",0.998255
"1407_4",0.005658
"12453_2",0.002644
"8273_9",0.997669
"8366_7",0.996970
"10643_9",0.992462
"9998_1",0.002082
"1385_1",0.001884
"1354_4",0.002700
"4674_7",0.997564
"3515_4",0.004608
"10426_8",0.995386
"10226_3",0.003929
"10391_4",0.005036
"9968_1",0.001906
"2893_3",0.003214
"2546_9",0.959642
"37_1",0.001806
"1757_10",0.997701
"1569_8",0.997646
"1466_3",0.002495
"7783_1",0.001561
"9506_10",0.998216
"10835_3",0.002056
"2917_9",0.997257
"2495_7",0.998134
"1686_10",0.998398
"2414_7",0.969545
"5318_8",0.998320
"8858_8",0.996257
"8112_1",0.001839
"6532_2",0.002830
"2526_10",0.997781
"11089_7",0.996792
"4297_8",0.997937
"3179_9",0.998252
"5832_10",0.998277
"10539_8",0.987055
"9226_10",0.986164
"9878_1",0.002757
"7940_10",0.998269
"7195_10",0.987233
"2979_1",0.002408
"3597_10",0.998470
"2931_8",0.027829
"8571_10",0.009999
"12148_1",0.001541
"4047_2",0.001650
"6164_10",0.998227
"2214_8",0.997932
"5903_1",0.009344
"7931_9",0.996807
"1205_3",0.011126
"5983_10",0.998384
"10424_7",0.996493
"11032_7",0.989314
"1303_10",0.973591
"10390_1",0.001822
"8349_2",0.002283
"3605_8",0.994657
"12273_1",0.001727
"60_1",0.001819
"3879_9",0.997178
"12431_4",0.001988
"4499_2",0.001962
"5786_10",0.993340
"5521_4",0.662028
"793_8",0.987063
"7948_3",0.002571
"9022_2",0.001867
"11071_1",0.002231
"4991_3",0.118324
"8226_1",0.002430
"8762_3",0.002547
"6918_4",0.706485
"844_10",0.995138
"11503_8",0.997244
"7406_8",0.997679
"7743_1",0.003908
"514_3",0.002096
"10927_9",0.997611
"3731_7",0.998265
"8870_4",0.018590
"11099_10",0.998429
"8456_10",0.131458
"10944_7",0.966822
"7168_3",0.003097
"3378_10",0.993537
"8203_3",0.005734
"5676_1",0.001860
"5061_9",0.998176
"6238_8",0.992498
"1136_8",0.993745
"6234_3",0.002906
"9510_3",0.995926
"9632_7",0.994220
"4357_1",0.981350
"1176_9",0.998146
"10821_8",0.998214
"4143_4",0.005153
"5074_8",0.140906
"11673_1",0.001926
"11072_2",0.001911
"1816_4",0.980075
"3974_7",0.852477
"796_4",0.478037
"8540_2",0.002323
"10959_8",0.997012
"4576_10",0.997352
"7030_1",0.002119
"3340_10",0.997757
"3223_3",0.001928
"3030_1",0.006448
"4194_1",0.001742
"11322_1",0.001880
"1785_1",0.002192
"7109_2",0.001759
"4120_1",0.002093
"3024_7",0.988658
"589_2",0.001594
"2480_10",0.904788
"4878_1",0.003319
"571_1",0.980434
"12156_8",0.993046
"7547_9",0.997299
"6577_10",0.998094
"7101_3",0.745225
"1731_3",0.009832
"10424_1",0.002305
"9056_10",0.998126
"11959_3",0.915706
"6952_4",0.001995
"8709_10",0.959889
"4716_10",0.997863
"2393_10",0.996938
"4007_7",0.009126
"1196_2",0.005800
"8483_1",0.001945
"1840_3",0.003467
"6108_1",0.002656
"4621_8",0.997516
"11332_4",0.997283
"8800_10",0.997798
"886_7",0.998431
"6495_8",0.049566
"6193_10",0.997375
"10297_1",0.002026
"4233_1",0.001727
"3121_10",0.997549
"1681_10",0.997241
"5789_1",0.001883
"6446_10",0.998296
"479_9",0.997760
"6401_1",0.002059
"7602_1",0.001705
"10792_1",0.001730
"11436_9",0.998046
"6944_1",0.002323
"6275_9",0.190566
"7314_10",0.997940
"8887_9",0.997718
"1835_8",0.995485
"8403_7",0.997593
"2090_1",0.003775
"12310_1",0.004917
"9795_9",0.998156
"4260_1",0.001626
"3214_4",0.002522
"10974_8",0.996630
"3374_10",0.994840
"2251_2",0.001807
"2325_7",0.997497
"28_9",0.997899
"1758_2",0.002478
"1222_8",0.994449
"1229_4",0.003097
"9791_2",0.461012
"3433_4",0.005863
"10847_10",0.998344
"5020_2",0.001734
"9652_3",0.001987
"1739_10",0.997117
"10441_4",0.016143
"9002_7",0.994033
"4304_8",0.997548
"290_9",0.998100
"1339_8",0.995560
"10899_1",0.004338
"8723_8",0.991168
"12487_7",0.981105
"10384_7",0.014645
"4673_4",0.002235
"11679_1",0.002272
"3938_2",0.006133
"2253_10",0.998148
"198_7",0.998171
"3346_3",0.002617
"11543_3",0.002231
"8463_1",0.003090
"1297_2",0.001888
"4689_1",0.001723
"4681_1",0.001737
"961_8",0.997865
"9865_2",0.003372
"770_3",0.002942
"10495_2",0.003255
"6302_8",0.997218
"6232_4",0.003161
"10098_1",0.002927
"8905_2",0.001838
"8853_10",0.997530
"6081_10",0.998391
"12_4",0.003770
"1291_7",0.772424
"1679_1",0.017078
"996_7",0.993637
"3343_10",0.996911
"6083_10",0.998485
"98_9",0.996678
"962_4",0.004193
"4857_8",0.958834
"12394_7",0.062878
"1321_10",0.997620
"8994_10",0.997959
"7788_1",0.001876
"9708_8",0.985437
"9523_1",0.001890
"11785_4",0.003070
"5440_1",0.002521
"1091_7",0.997122
"11584_10",0.881983
"5369_3",0.742031
"3165_10",0.997298
"3686_10",0.998339
"7069_10",0.018888
"427_3",0.002021
"895_8",0.988998
"4565_8",0.962820
"5139_9",0.995071
"5027_1",0.002370
"503_9",0.997686
"7630_1",0.001779
"8552_1",0.002321
"4322_3",0.003447
"3492_3",0.099383
"5301_4",0.001888
"752_4",0.002148
"4307_2",0.001752
"4901_10",0.997911
"233_2",0.002312
"10789_8",0.998300
"270_8",0.998287
"11442_1",0.002274
"3688_7",0.989987
"9928_7",0.997594
"6563_8",0.978774
"3437_7",0.873783
"10495_8",0.997937
"8775_10",0.998310
"12172_3",0.003058
"10085_10",0.998167
"8394_9",0.995990
"2607_10",0.997372
"6645_10",0.997313
"301_10",0.997816
"2153_10",0.998020
"1967_3",0.002128
"9604_10",0.993362
"10665_10",0.996062
"5409_1",0.001695
"6707_10",0.998162
"3847_7",0.992167
"9261_10",0.997980
"3772_1",0.001677
"8950_1",0.002206
"6591_2",0.002747
"2765_9",0.996090
"4166_10",0.997453
"11418_3",0.002126
"7137_3",0.002946
"3710_2",0.001962
"1153_4",0.020913
"4155_8",0.910491
"9221_10",0.997131
"8917_10",0.998087
"6066_4",0.730354
"5366_10",0.998233
"2520_9",0.997966
"11677_2",0.001933
"4032_2",0.001678
"4041_2",0.001726
"474_4",0.002183
"6392_2",0.002482
"6545_10",0.998194
"5009_10",0.993664
"3060_10",0.995072
"11033_10",0.998133
"297_10",0.998442
"9099_1",0.001937
"10496_10",0.866199
"5619_3",0.006454
"4226_1",0.002807
"10483_8",0.998304
"1966_9",0.997707
"4024_2",0.001612
"6448_9",0.998310
"4252_1",0.001604
"250_10",0.997888
"10753_3",0.002097
"1005_7",0.682114
"4415_9",0.995728
"240_4",0.975135
"108_10",0.996242
"1393_1",0.914626
"4236_2",0.009834
"9208_2",0.015252
"7156_10",0.998250
"6490_1",0.001992
"3518_3",0.001784
"10308_1",0.001510
"8706_2",0.003128
"8674_10",0.998319
"8240_10",0.998157
"11890_10",0.997731
"976_3",0.002398
"5025_8",0.998017
"10206_8",0.995394
"11921_3",0.002504
"8344_7",0.023284
"295_8",0.310350
"2121_1",0.201729
"6978_8",0.997335
"707_3",0.002989
"751_1",0.001924
"1931_10",0.998493
"7197_10",0.997450
"11032_3",0.002468
"416_10",0.995574
"1384_2",0.004761
"4114_2",0.002034
"9450_10",0.998313
"6877_7",0.988277
"5092_9",0.997412
"3402_9",0.993774
"9517_10",0.997599
"8566_2",0.002290
"4493_1",0.004052
"842_1",0.005236
"4926_1",0.154218
"3398_9",0.997051
"8857_10",0.991551
"3696_9",0.998022
"1952_1",0.002051
"5516_3",0.002420
"3297_10",0.996803
"8396_2",0.001992
"1928_4",0.006128
"7216_10",0.998300
"1648_3",0.002631
"9312_8",0.994293
"4392_2",0.001789
"4740_9",0.012945
"2985_4",0.002187
"6407_10",0.995628
"4015_1",0.003414
"911_10",0.998510
"7898_1",0.001850
"5241_10",0.997738
"4955_4",0.963369
"4199_1",0.002849
"8319_4",0.971052
"6340_1",0.002635
"2003_1",0.001622
"11213_3",0.555279
"5109_4",0.002811
"9400_1",0.002421
"10719_7",0.997457
"6848_8",0.997915
"11398_1",0.002687
"2606_7",0.014664
"5646_1",0.003128
"4103_10",0.947317
"8906_9",0.997595
"6997_10",0.997875
"9990_1",0.004195
"6573_1",0.002187
"8530_10",0.996110
"8382_9",0.997002
"4207_2",0.928133
"8794_10",0.998273
"917_9",0.997666
"10739_9",0.997844
"4286_1",0.001865
"1763_1",0.002254
"5173_10",0.992716
"1764_1",0.003053
"3614_3",0.821787
"3880_10",0.995737
"4059_1",0.001751
"8786_8",0.954965
"9553_2",0.002892
"10599_8",0.026523
"1048_4",0.006584
"8136_7",0.037614
"8715_8",0.997570
"7667_7",0.996111
"5647_2",0.001936
"6267_1",0.001893
"12444_10",0.994689
"7390_10",0.997258
"7260_7",0.997412
"6170_10",0.998237
"2181_2",0.002156
"6196_7",0.998000
"12058_9",0.944118
"8915_7",0.993450
"6816_10",0.998451
"730_9",0.998067
"5808_10",0.997947
"6256_2",0.002557
"5157_4",0.005634
"7970_10",0.997924
"6991_7",0.997953
"7112_4",0.037424
"12136_4",0.013045
"1554_8",0.997840
"8289_4",0.012513
"12452_8",0.996499
"6181_8",0.995185
"6237_8",0.997534
"9724_10",0.998064
"7991_1",0.001612
"8185_4",0.003002
"12162_1",0.001965
"8330_9",0.993903
"84_3",0.002280
"4879_4",0.002287
"1173_7",0.995441
"11095_2",0.001831
"9934_8",0.998190
"10791_9",0.998001
"5260_10",0.997311
"3123_3",0.005772
"7500_1",0.002074
"9472_8",0.997681
"6349_9",0.997047
"8706_8",0.997753
"12385_4",0.011020
"12409_4",0.011599
"809_10",0.998293
"11380_2",0.002668
"4975_8",0.998181
"5069_3",0.002655
"8132_7",0.998371
"5628_10",0.998177
"12329_8",0.753435
"8217_3",0.002300
"251_2",0.013925
"2901_7",0.994410
"4588_1",0.001884
"2647_10",0.993599
"6020_9",0.998105
"7171_3",0.007850
"5880_10",0.998009
"4842_9",0.998262
"10657_10",0.996939
"11858_7",0.997543
"4656_4",0.008625
"9293_10",0.997911
"10702_10",0.997856
"6277_10",0.996298
"7223_10",0.958351
"11150_8",0.997380
"4768_9",0.997565
"5703_8",0.997829
"9249_9",0.997482
"12051_10",0.997945
"5740_4",0.004612
"4882_3",0.006345
"11575_10",0.990557
"385_1",0.002260
"1569_3",0.004114
"7449_1",0.001907
"1977_4",0.001975
"6134_7",0.997126
"2384_8",0.997403
"2437_10",0.994896
"643_7",0.993974
"7334_10",0.998359
"12228_9",0.997985
"8579_2",0.001866
"4093_4",0.001741
"233_8",0.997742
"11852_7",0.997528
"11027_4",0.009973
"5409_7",0.997550
"9332_10",0.997821
"6530_9",0.996293
"7815_1",0.001536
"8317_10",0.997800
"5382_9",0.998137
"3183_3",0.013635
"4997_8",0.946172
"11553_7",0.997473
"718_3",0.002004
"7128_9",0.997465
"11977_1",0.001789
"10820_3",0.005681
"3539_9",0.997165
"2386_1",0.001819
"9837_4",0.994817
"2941_1",0.002355
"6669_1",0.002001
"10927_1",0.001729
"57_10",0.998111
"12252_2",0.016691
"8926_3",0.966582
"3044_2",0.003896
"9758_10",0.997891
"4584_10",0.997465
"1467_1",0.001930
"7846_9",0.987881
"1982_8",0.994345
"5705_1",0.002113
"9754_7",0.996933
"9594_1",0.001884
"7405_10",0.997811
"8469_2",0.994631
"3713_10",0.998318
"3381_10",0.996931
"1913_10",0.982911
"9423_8",0.997050
"115_9",0.989402
"9784_10",0.997968
"1148_4",0.002905
"2911_10",0.998135
"11328_9",0.997571
"5087_1",0.002097
"3983_10",0.994502
"5216_1",0.002305
"7961_10",0.997772
"10134_7",0.997893
"9379_2",0.003597
"4715_1",0.001684
"6501_10",0.998254
"4146_4",0.002583
"12159_1",0.002277
"11661_10",0.993676
"7995_2",0.004417
"693_9",0.996965
"1411_10",0.998325
"7091_7",0.998200
"2576_1",0.002098
"8207_1",0.002108
"10877_10",0.997441
"5444_10",0.997491
"9409_1",0.001922
"10020_1",0.001899
"2349_8",0.996679
"4942_10",0.997999
"2839_1",0.001562
"9419_1",0.001569
"10661_1",0.002051
"5659_10",0.997276
"639_7",0.995232
"5946_7",0.992040
"7231_7",0.997177
"4220_4",0.159620
"3698_4",0.917050
"1060_2",0.002372
"2398_3",0.002408
"11073_3",0.002179
"8336_2",0.001576
"5975_3",0.022293
"4727_1",0.004700
"1596_8",0.998163
"5471_2",0.002473
"11204_10",0.138898
"8810_10",0.997710
"11125_3",0.004078
"9607_10",0.996484
"6517_3",0.002965
"10232_1",0.002462
"7708_10",0.998157
"1753_1",0.002360
"10946_7",0.487816
"668_4",0.002693
"3794_4",0.998331
"6867_1",0.941633
"9428_7",0.993188
"12366_9",0.998339
"12056_9",0.996023
"901_1",0.001510
"7714_8",0.997673
"6389_8",0.901119
"4148_7",0.995507
"5062_1",0.002707
"6835_1",0.003955
"2901_3",0.008603
"4724_10",0.998456
"764_2",0.003003
"6729_1",0.001763
"8284_4",0.005174
"11928_1",0.005479
"386_1",0.001525
"35_9",0.998139
"4458_4",0.003278
"9627_2",0.004619
"8112_9",0.996735
"6026_8",0.996470
"12188_3",0.003022
"3477_3",0.007033
"12242_8",0.928565
"11594_4",0.472126
"11360_10",0.998435
"10299_1",0.001559
"3829_10",0.998023
"8324_2",0.001947
"1285_9",0.997697
"11370_10",0.997643
"8051_4",0.376354
"4420_10",0.998020
"3843_7",0.997757
"10520_2",0.002149
"12146_8",0.997862
"1502_10",0.996998
"6227_4",0.001944
"3191_10",0.995989
"4569_2",0.002230
"7647_8",0.989454
"6372_9",0.997872
"2105_2",0.004427
"4180_1",0.015653
"11212_10",0.998182
"1811_9",0.998410
"2868_3",0.001826
"3773_3",0.003368
"8386_1",0.001861
"1072_8",0.991723
"10588_1",0.002992
"8858_1",0.001813
"10831_1",0.001679
"11926_8",0.983448
"11521_10",0.998126
"4037_10",0.998384
"5119_7",0.994315
"11438_9",0.998483
"8275_2",0.001662
"4879_8",0.998013
"4520_10",0.998348
"2510_7",0.991563
"510_2",0.002496
"1283_1",0.001619
"3733_8",0.997572
"7708_1",0.001780
"12219_1",0.002579
"11654_4",0.003183
"3229_7",0.996451
"3579_8",0.998075
"1534_4",0.004144
"7498_10",0.997751
"11392_10",0.992203
"2949_1",0.001795
"407_7",0.971547
"12388_3",0.002453
"7779_3",0.001928
"12409_10",0.998400
"199_8",0.996881
"9330_1",0.002806
"6196_2",0.859490
"1576_2",0.002141
"12123_4",0.172656
"871_1",0.001977
"867_9",0.992938
"12186_1",0.002107
"11357_1",0.001872
"9327_4",0.005523
"3092_8",0.112607
"6097_1",0.002513
"4170_4",0.002594
"3724_3",0.006153
"4219_1",0.011529
"12233_10",0.998255
"12050_9",0.991488
"124_10",0.998319
"9521_9",0.997500
"7991_10",0.998002
"12284_1",0.001734
"8452_10",0.997781
"986_3",0.002619
"8504_8",0.991481
"9427_7",0.997124
"2359_3",0.003332
"7026_10",0.997767
"8726_8",0.990229
"4971_1",0.003091
"2990_1",0.002170
"5285_2",0.003202
"9953_10",0.992421
"2170_8",0.997114
"10963_8",0.990837
"9176_8",0.997671
"9639_7",0.997520
"1781_1",0.001636
"1293_10",0.996856
"10225_10",0.996990
"3821_1",0.002725
"1206_10",0.998240
"5513_1",0.002542
"12475_2",0.006545
"11508_9",0.998146
"6358_4",0.993902
"9646_1",0.001749
"7957_9",0.997781
"5183_9",0.997343
"8322_10",0.994172
"4171_1",0.974192
"6498_2",0.003242
"11893_1",0.005681
"8209_10",0.997868
"4866_3",0.002058
"1077_3",0.002209
"10916_7",0.740152
"6027_4",0.006341
"9308_7",0.998003
"7130_1",0.001690
"3326_4",0.002868
"6680_3",0.019722
"1707_8",0.011952
"5106_1",0.002034
"1408_10",0.998075
"6773_8",0.998230
"940_3",0.002901
"10890_10",0.998137
"3678_10",0.998346
"6871_9",0.995201
"10196_8",0.997652
"12369_1",0.002051
"4070_10",0.998193
"11755_7",0.998110
"9095_3",0.002028
"10863_1",0.001740
"7109_7",0.996650
"1844_3",0.001842
"8228_2",0.002214
"9631_4",0.001953
"3920_4",0.004242
"19_1",0.002077
"3929_2",0.006690
"1506_2",0.002003
"6877_3",0.668997
"12154_7",0.113962
"6572_3",0.002868
"1557_2",0.002147
"11836_7",0.860882
"9380_9",0.992435
"11725_4",0.002680
"6317_9",0.998039
"5022_1",0.007703
"132_1",0.001549
"9303_8",0.856102
"4739_10",0.987646
"11228_10",0.998486
"7913_1",0.408128
"1304_3",0.002290
"2725_10",0.996873
"8484_2",0.002048
"1866_9",0.998414
"12446_9",0.997594
"11406_1",0.001857
"7056_4",0.847361
"8615_10",0.997516
"12284_10",0.985757
"3279_9",0.998169
"9243_1",0.002405
"11_8",0.373869
"427_10",0.996697
"5446_7",0.561977
"846_7",0.008872
"2545_4",0.832729
"8635_10",0.997654
"4410_8",0.997899
"875_10",0.998650
"392_2",0.001855
"8819_3",0.001920
"12202_1",0.001814
"1370_4",0.996379
"340_2",0.003548
"179_1",0.002079
"11332_8",0.997589
"10396_4",0.004626
"8321_1",0.001821
"6384_3",0.002813
"5951_9",0.997743
"8137_1",0.002052
"12009_10",0.996070
"2103_8",0.997856
"11153_2",0.001583
"4945_10",0.994890
"3193_3",0.002009
"921_9",0.998146
"10446_10",0.996913
"9961_9",0.998424
"11420_4",0.011692
"6954_2",0.002109
"8430_2",0.004588
"6749_3",0.009427
"5997_7",0.986827
"7611_7",0.052975
"6292_8",0.998293
"11314_1",0.001560
"5143_2",0.003063
"9517_2",0.002143
"8259_2",0.002309
"5114_8",0.998263
"3574_9",0.998301
"11464_3",0.003197
"11457_10",0.998083
"2496_3",0.971056
"6795_1",0.003283
"1904_2",0.001785
"11524_2",0.001752
"8223_1",0.003629
"5566_3",0.001756
"3550_7",0.024956
"6059_10",0.995216
"4580_10",0.994983
"177_1",0.002984
"8790_8",0.993237
"7784_1",0.001876
"11892_1",0.013225
"6235_10",0.967195
"6493_4",0.003704
"764_8",0.998064
"4052_7",0.114258
"1663_1",0.002104
"10437_1",0.003059
"1009_3",0.003303
"11664_4",0.002439
"8909_10",0.997756
"9200_3",0.996987
"7919_9",0.997440
"8603_1",0.003285
"6976_2",0.992971
"4261_1",0.002687
"6636_1",0.001660
"10707_9",0.998178
"1155_7",0.998201
"7050_4",0.004517
"1360_3",0.002730
"8176_7",0.997247
"3301_8",0.992944
"6684_3",0.003266
"2742_3",0.003696
"7159_4",0.002614
"8944_3",0.002791
"2077_4",0.003357
"7145_10",0.995869
"6216_7",0.996292
"8606_9",0.997310
"10608_10",0.996411
"8441_4",0.006956
"1782_8",0.996937
"10939_8",0.994994
"2702_7",0.997712
"9210_1",0.002036
"9075_8",0.998097
"3412_3",0.004055
"2859_8",0.997879
"6326_4",0.021719
"94_2",0.002836
"3691_10",0.997044
"2679_9",0.994061
"1568_4",0.002938
"3540_9",0.996423
"3710_10",0.998470
"5691_1",0.003321
"9699_10",0.900428
"9207_4",0.003672
"286_1",0.027956
"10891_1",0.001662
"6177_8",0.997293
"9817_2",0.001614
"8871_9",0.943771
"290_1",0.001544
"8388_9",0.996874
"9195_7",0.998290
"1164_9",0.998144
"2332_8",0.996380
"5406_7",0.991361
"2476_3",0.002501
"11381_3",0.003432
"6518_10",0.997156
"3474_1",0.002811
"603_8",0.997817
"5448_4",0.001766
"3624_8",0.997357
"11569_1",0.003279
"9353_8",0.997295
"3119_2",0.003677
"382_4",0.004620
"8569_8",0.972420
"2312_10",0.997698
"7531_1",0.002673
"7150_4",0.020358
"5496_8",0.998008
"1979_1",0.003188
"4158_2",0.002602
"4790_7",0.993945
"11971_1",0.001884
"197_10",0.997629
"3453_8",0.997832
"915_4",0.029792
"6991_2",0.017231
"7524_9",0.997117
"7474_4",0.954630
"284_2",0.002852
"12483_7",0.996829
"1141_10",0.995508
"7739_1",0.001877
"6488_3",0.010642
"3117_1",0.003567
"6224_8",0.987903
"9737_4",0.005484
"2399_10",0.998032
"1044_8",0.997752
"1153_8",0.997991
"11664_9",0.998233
"10015_4",0.808153
"7622_1",0.782908
"8743_10",0.998162
"356_3",0.003749
"838_7",0.519785
"4922_10",0.998014
"3623_10",0.997469
"9424_1",0.002216
"8473_4",0.991451
"9996_10",0.997825
"11242_2",0.997360
"11889_10",0.998195
"11131_10",0.998442
"386_10",0.997988
"6534_8",0.998099
"11420_7",0.147121
"3119_9",0.998023
"2708_2",0.027029
"2817_10",0.921297
"9425_7",0.998116
"11019_2",0.007855
"1747_1",0.011756
"4493_9",0.958856
"4728_1",0.002502
"6856_2",0.002569
"10273_1",0.002309
"4822_8",0.993920
"10475_10",0.996321
"2678_3",0.005165
"9979_8",0.997989
"8090_1",0.002022
"10022_4",0.003809
"5137_1",0.002731
"6787_10",0.998348
"4027_9",0.998314
"208_10",0.996223
"569_7",0.997472
"761_10",0.997526
"2603_9",0.082918
"11692_9",0.997353
"4374_2",0.001806
"5581_10",0.998127
"10601_1",0.933960
"637_3",0.002338
"10238_2",0.012156
"6717_1",0.001550
"9145_10",0.976931
"1047_4",0.371529
"6173_1",0.001624
"985_10",0.996344
"4964_1",0.001650
"7104_1",0.001640
"6293_3",0.994088
"9060_3",0.002552
"1894_4",0.005303
"4650_10",0.998245
"12475_8",0.997295
"7563_9",0.998474
"10996_9",0.996733
"8315_4",0.010187
"710_3",0.002549
"3856_7",0.996720
"10613_8",0.996315
"12141_9",0.996372
"4666_1",0.001516
"292_3",0.007191
"3316_7",0.997122
"10482_4",0.002137
"9703_1",0.004840
"6905_9",0.998221
"9138_10",0.998347
"10417_2",0.994023
"7977_1",0.001679
"9350_8",0.992654
"4514_10",0.998453
"3964_4",0.994298
"6014_4",0.179411
"10198_2",0.002862
"9059_1",0.002129
"11254_10",0.997362
"2032_7",0.997762
"6895_7",0.012375
"6921_2",0.004148
"9174_8",0.997976
"367_8",0.996234
"11410_7",0.003245
"9387_7",0.008269
"2227_10",0.996193
"334_2",0.001735
"334_9",0.997732
"10893_8",0.997983
"9414_10",0.994779
"9725_1",0.001962
"10779_9",0.995752
"8654_8",0.995939
"9032_7",0.997692
"9775_4",0.741900
"7687_1",0.002701
"12206_4",0.002234
"7720_8",0.997790
"6774_9",0.997817
"12469_1",0.002022
"7249_2",0.003963
"5146_3",0.004531
"8629_7",0.918310
"5292_3",0.988565
"8937_7",0.998265
"9221_4",0.991304
"3203_8",0.998210
"6964_2",0.707888
"6120_8",0.208279
"6962_9",0.997517
"4139_1",0.001601
"3957_4",0.004046
"9305_3",0.991762
"6863_1",0.002548
"2164_4",0.962947
"12378_7",0.002182
"10834_10",0.997891
"633_10",0.995115
"10071_8",0.997584
"8167_1",0.002289
"4232_9",0.996666
"6710_8",0.986020
"6055_1",0.002516
"8169_8",0.998128
"10291_9",0.997557
"8149_10",0.998060
"2499_10",0.996895
"4370_2",0.001988
"4031_1",0.001552
"11372_3",0.004289
"9619_1",0.172458
"8822_4",0.043907
"7096_10",0.998235
"7009_10",0.997986
"2442_10",0.998397
"442_10",0.998069
"4783_1",0.003277
"11837_9",0.928609
"5214_8",0.998127
"134_8",0.997260
"10948_1",0.002374
"3011_7",0.998475
"4339_4",0.986011
"9638_3",0.244698
"7186_7",0.998026
"7702_2",0.003159
"6586_8",0.997926
"2420_8",0.997392
"1911_8",0.987286
"4707_4",0.048775
"3954_10",0.997075
"12071_3",0.010368
"10010_9",0.998213
"8844_2",0.007831
"12312_1",0.002218
"4874_1",0.001799
"7270_7",0.995060
"3497_1",0.001741
"9928_3",0.041385
"11109_1",0.001732
"9016_8",0.994693
"1125_10",0.996610
"9695_8",0.984296
"5756_9",0.369299
"11452_2",0.002431
"8488_4",0.005606
"9825_2",0.002030
"7054_7",0.993157
"4359_10",0.997877
"11411_8",0.994151
"9618_8",0.996330
"12226_4",0.009808
"7752_10",0.998317
"9274_3",0.816077
"12069_10",0.998121
"4591_2",0.001802
"6065_8",0.996894
"2344_10",0.995791
"10299_10",0.998433
"8934_9",0.997693
"5041_8",0.998170
"3885_7",0.992964
"3994_8",0.997782
"11907_9",0.997894
"10181_10",0.997688
"2714_9",0.997284
"1571_8",0.997649
"6621_4",0.003347
"1062_2",0.003389
"379_10",0.998405
"62_8",0.995892
"1926_8",0.995892
"3428_7",0.995084
"2175_8",0.997101
"2006_10",0.998201
"8633_7",0.992157
"12158_2",0.001813
"11572_8",0.997995
"8859_10",0.998048
"10919_2",0.003229
"4131_3",0.044552
"6893_1",0.003580
"9217_1",0.001711
"1893_2",0.002096
"1719_2",0.002123
"5107_4",0.003019
"2284_3",0.002143
"1430_10",0.997377
"5207_10",0.993212
"2800_8",0.998034
"7550_1",0.512381
"9035_9",0.994697
"11548_10",0.996469
"6037_4",0.878602
"518_4",0.200239
"12237_2",0.001793
"10266_7",0.994528
"12032_1",0.001843
"2494_4",0.002162
"8062_3",0.303003
"4665_1",0.002003
"6082_8",0.998192
"7225_4",0.005108
"9080_1",0.002690
"9606_4",0.002915
"494_2",0.002420
"6274_10",0.997983
"4170_9",0.996159
"9218_10",0.996986
"10377_8",0.995270
"10597_10",0.997331
"958_4",0.010990
"9958_4",0.535404
"129_9",0.998456
"2804_9",0.997981
"8935_1",0.001974
"12229_3",0.008027
"5048_4",0.002727
"6509_4",0.002479
"1812_8",0.997899
"5695_1",0.002934
"2021_10",0.998227
"9892_2",0.007535
"9239_10",0.996484
"5398_2",0.002549
"4458_7",0.981956
"11730_8",0.997430
"9853_1",0.001712
"2258_10",0.998466
"9345_10",0.997920
"64_3",0.005207
"10423_9",0.997356
"2220_9",0.997929
"192_10",0.998324
"12143_9",0.998179
"2113_7",0.997362
"5294_10",0.998445
"7025_9",0.998228
"6300_3",0.003372
"8043_2",0.001728
"6628_1",0.005301
"12138_3",0.762242
"1333_7",0.230235
"10515_3",0.001562
"11949_9",0.998018
"2854_1",0.001618
"142_8",0.997370
"3706_1",0.001525
"6149_10",0.993707
"8429_3",0.003457
"6151_10",0.998179
"4861_8",0.921051
"8764_9",0.996509
"540_1",0.004134
"10693_1",0.002014
"2346_4",0.011861
"1532_4",0.003694
"1099_2",0.002383
"3818_10",0.993563
"2617_10",0.906237
"1709_1",0.001475
"4649_10",0.997781
"4085_10",0.997436
"4478_9",0.998056
"1032_10",0.997907
"3642_7",0.003060
"5656_8",0.997708
"11916_3",0.285714
"6672_10",0.995517
"4225_7",0.994505
"996_3",0.002727
"7421_10",0.997858
"9431_7",0.976744
"11121_9",0.998385
"5054_8",0.997115
"9187_8",0.994865
"9096_7",0.925532
"10318_8",0.997502
"5348_2",0.006595
"6666_8",0.998318
"6648_9",0.062190
"1405_10",0.997717
"8981_4",0.994506
"10248_9",0.998266
"4101_8",0.998044
"3076_4",0.009893
"1598_1",0.001796
"8430_10",0.996929
"9999_1",0.003687
"805_1",0.001726
"7821_7",0.995995
"10849_10",0.998368
"8400_7",0.992867
"4807_4",0.010617
"8353_4",0.004715
"10445_10",0.866576
"7058_2",0.011339
"9715_2",0.003318
"10934_3",0.002049
"8215_10",0.998018
"7268_10",0.998039
"5521_8",0.992524
"8565_1",0.002586
"8197_3",0.002379
"12004_9",0.996726
"10257_3",0.005088
"6260_2",0.001812
"10481_9",0.998496
"7598_2",0.001627
"8106_10",0.997837
"8049_3",0.008105
"7124_2",0.004944
"3858_1",0.002246
"1445_9",0.025462
"6346_1",0.002622
"678_7",0.996487
"10247_1",0.020515
"1287_8",0.997750
"11873_1",0.002085
"7198_1",0.002503
"3237_7",0.875825
"2029_8",0.997894
"26_10",0.998196
"9153_1",0.002026
"12004_2",0.004362
"4105_10",0.998413
"1168_10",0.998000
"5312_4",0.027416
"2907_1",0.001761
"7247_9",0.994783
"107_10",0.998058
"412_2",0.017243
"2078_4",0.685307
"7997_9",0.004580
"12397_10",0.997873
"10052_7",0.997935
"6559_7",0.191128
"12143_4",0.046610
"3496_7",0.988250
"3569_10",0.968836
"9270_10",0.010103
"2811_3",0.007629
"9673_7",0.003101
"325_1",0.002362
"11741_3",0.001999
"10562_7",0.980730
"5687_9",0.997230
"4601_4",0.002966
"5698_8",0.002502
"11257_4",0.007091
"4391_1",0.001796
"4703_10",0.998229
"12191_3",0.001653
"113_8",0.997543
"9831_1",0.001981
"7388_7",0.998317
"1661_10",0.998211
"3703_2",0.002262
"6077_2",0.016873
"935_4",0.237200
"7617_7",0.998303
"7387_3",0.008009
"7889_7",0.988582
"803_3",0.002000
"9557_9",0.998251
"4299_10",0.996896
"6785_3",0.026185
"5185_7",0.995369
"9590_1",0.956600
"10811_9",0.998282
"34_1",0.002425
"12221_2",0.002849
"6436_10",0.997820
"8299_2",0.004163
"7242_9",0.997717
"3247_10",0.514412
"8466_3",0.004440
"5784_9",0.996286
"794_7",0.997067
"4986_3",0.002896
"7786_7",0.997680
"9324_10",0.994524
"2095_9",0.997755
"10798_1",0.002052
"4193_1",0.002150
"12063_10",0.997444
"3976_7",0.997619
"8657_1",0.001715
"2850_4",0.954699
"4522_7",0.997820
"6028_1",0.024382
"6000_4",0.002007
"8712_1",0.004881
"3969_8",0.997714
"4245_4",0.004794
"3873_7",0.995606
"68_9",0.998156
"890_9",0.998065
"5922_1",0.002130
"2582_2",0.001893
"5704_4",0.002015
"9307_8",0.963890
"4114_8",0.996477
"5540_7",0.996810
"157_10",0.998173
"748_1",0.003380
"7045_1",0.001928
"9526_3",0.003132
"6519_2",0.002785
"11254_4",0.003438
"9498_1",0.002506
"7192_8",0.995079
"2388_1",0.001933
"12002_8",0.996913
"8394_1",0.002646
"10656_8",0.997089
"7261_9",0.997517
"10434_8",0.990954
"139_9",0.595652
"4538_1",0.001806
"4038_2",0.001467
"12228_4",0.015121
"3619_8",0.995344
"10411_3",0.031642
"7278_1",0.001794
"2304_3",0.002976
"5636_3",0.089635
"8833_9",0.997277
"504_1",0.004297
"12313_1",0.001733
"11161_1",0.002731
"72_4",0.007693
"4976_1",0.004254
"10018_8",0.961706
"12142_8",0.997171
"4821_8",0.994747
"9058_2",0.002048
"6347_1",0.001567
"3346_8",0.997608
"1481_10",0.996057
"10178_1",0.002213
"2851_8",0.995263
"12095_3",0.002167
"11978_3",0.982246
"7172_9",0.998090
"8450_1",0.001504
"7464_1",0.009864
"12327_1",0.029301
"5622_4",0.003579
"9170_3",0.002468
"10955_10",0.980191
"6161_2",0.006573
"11222_10",0.998347
"3844_7",0.997218
"11443_3",0.002306
"4004_7",0.276825
"11015_10",0.998063
"3860_1",0.001835
"11600_2",0.004387
"6849_8",0.997448
"1966_1",0.002920
"4828_8",0.991266
"675_8",0.016742
"9068_7",0.992970
"5924_8",0.998389
"10733_10",0.996785
"8369_7",0.998180
"5213_4",0.002956
"2558_4",0.003647
"47_10",0.998101
"2601_10",0.132106
"7360_9",0.998113
"1289_1",0.002410
"9875_4",0.967911
"2449_1",0.007085
"10020_8",0.997914
"6761_3",0.994922
"7544_10",0.997815
"4380_3",0.002207
"3946_10",0.997751
"6968_10",0.935817
"3006_2",0.003018
"11942_1",0.001898
"2715_9",0.998268
"6065_4",0.972529
"6866_1",0.007844
"6620_10",0.998216
"3177_1",0.003065
"4051_10",0.825600
"880_3",0.002045
"6504_1",0.001980
"12193_3",0.001745
"8570_3",0.001907
"8025_1",0.001590
"12316_1",0.002101
"10842_10",0.998557
"2066_10",0.996408
"4416_10",0.997634
"5327_1",0.001873
"3500_1",0.001718
"4072_7",0.994067
"5833_7",0.980458
"2989_8",0.995568
"1905_8",0.996088
"5421_1",0.002040
"1479_8",0.997411
"5092_1",0.001777
"4840_1",0.004947
"54_10",0.998212
"9203_9",0.985751
"3949_2",0.001658
"3615_1",0.001686
"8748_10",0.998031
"108_2",0.002565
"2280_4",0.966405
"6454_3",0.251159
"4071_1",0.001746
"2022_9",0.997476
"2600_1",0.001645
"2482_10",0.997981
"7347_9",0.997765
"7190_4",0.008653
"7174_7",0.989194
"5823_3",0.316901
"8051_10",0.989051
"7503_2",0.001847
"2341_1",0.002916
"516_9",0.997799
"8309_4",0.002901
"10789_4",0.018586
"11286_1",0.002132
"4770_1",0.001937
"7262_4",0.993916
"11636_9",0.884503
"2340_1",0.002349
"3407_3",0.001813
"2922_9",0.996538
"9708_2",0.003812
"2362_3",0.002730
"3729_8",0.998328
"2265_9",0.997938
"1439_1",0.001648
"8020_2",0.002360
"5581_2",0.539513
"6503_1",0.002457
"10101_9",0.997857
"7853_8",0.997740
"6229_1",0.001711
"1351_7",0.995414
"2764_10",0.989866
"4617_10",0.005143
"1265_2",0.002193
"11424_4",0.411470
"219_8",0.988683
"2241_10",0.998165
"8400_2",0.004323
"4399_1",0.001592
"9110_4",0.231359
"294_1",0.002368
"4646_4",0.002873
"8267_3",0.002168
"8829_4",0.995048
"3174_7",0.998035
"6557_4",0.002912
"8286_4",0.775702
"2611_8",0.969542
"3422_4",0.977301
"4632_4",0.867394
"6448_4",0.003137
"11485_3",0.014692
"8526_7",0.728934
"10172_9",0.991206
"5043_2",0.002405
"7865_1",0.002255
"6343_8",0.997913
"9225_9",0.997709
"2764_4",0.002148
"8446_10",0.033587
"3329_9",0.998018
"9142_8",0.997698
"9567_1",0.002113
"7933_8",0.997675
"5655_10",0.975939
"12076_10",0.998324
"6455_7",0.997585
"7202_10",0.998016
"7747_10",0.998336
"9072_10",0.996660
"11374_10",0.998456
"3032_9",0.997698
"3065_10",0.997375
"1216_10",0.994763
"732_8",0.996600
"7586_4",0.004702
"12012_10",0.992494
"5280_4",0.003523
"2687_4",0.021372
"7659_3",0.001768
"2813_4",0.007103
"6992_9",0.983415
"5468_10",0.998228
"10035_1",0.001779
"10283_10",0.997886
"5439_8",0.996699
"8930_2",0.002733
"8681_7",0.996664
"8521_1",0.001545
"4213_1",0.008313
"9751_1",0.001683
"935_10",0.997714
"5082_1",0.001995
"1802_1",0.002265
"11455_10",0.997478
"1794_9",0.997872
"3708_10",0.997732
"6174_8",0.052610
"2210_8",0.932898
"6259_7",0.936532
"12471_8",0.997523
"3260_10",0.996717
"4717_1",0.002627
"8673_2",0.002744
"6362_3",0.424346
"7986_1",0.001786
"10555_3",0.003489
"10468_2",0.002202
"5354_10",0.997559
"5760_2",0.002784
"1380_2",0.003278
"12054_9",0.998043
"3794_10",0.997383
"7842_1",0.004013
"2236_7",0.996917
"8449_1",0.001830
"9993_2",0.002071
"6947_1",0.001676
"11369_10",0.992118
"8186_4",0.003028
"7017_2",0.982196
"725_8",0.997678
"9298_8",0.995344
"1695_7",0.996853
"7762_1",0.002557
"3466_10",0.084592
"1794_4",0.001693
"3804_10",0.995690
"7642_3",0.002029
"9538_10",0.004815
"10107_2",0.001731
"4755_8",0.989169
"9679_1",0.001728
"11300_1",0.001810
"8747_3",0.008972
"4145_1",0.001673
"8066_7",0.987191
"6306_10",0.997757
"6021_10",0.998224
"4860_10",0.998107
"4608_2",0.001627
"2380_1",0.001934
"9709_8",0.996025
"8057_4",0.996494
"8624_1",0.001845
"6117_10",0.998052
"3641_9",0.996504
"8710_3",0.005977
"9158_10",0.998025
"1129_2",0.001980
"8320_4",0.006068
"10219_4",0.012131
"6625_1",0.003409
"1988_1",0.004348
"5032_1",0.006879
"1042_7",0.697677
"1895_4",0.003544
"10057_1",0.001963
"9898_10",0.998303
"3809_2",0.002340
"7994_2",0.005223
"2751_4",0.017093
"3102_1",0.001589
"12393_7",0.970512
"4521_7",0.795490
"11169_8",0.997658
"7227_4",0.996548
"4956_9",0.005939
"7592_9",0.995001
"656_7",0.992569
"11534_3",0.002072
"774_8",0.998252
"7756_1",0.002779
"2720_8",0.997994
"11227_10",0.998339
"10462_3",0.916976
"4041_10",0.996517
"7327_1",0.001736
"4056_8",0.998339
"11684_10",0.997947
"5544_8",0.997720
"3799_8",0.997583
"3593_10",0.998075
"4602_4",0.509102
"2123_2",0.001543
"9773_10",0.998112
"10956_4",0.011215
"5139_3",0.003390
"8804_10",0.998477
"1784_2",0.026380
"11022_1",0.001841
"9366_1",0.001801
"12113_7",0.994580
"2375_7",0.889854
"3911_10",0.997985
"10834_2",0.001620
"9319_1",0.001970
"3923_3",0.959261
"4630_10",0.998000
"2625_10",0.996150
"10159_7",0.997319
"2339_1",0.003359
"8577_3",0.002556
"4062_7",0.996139
"6677_2",0.001610
"7818_8",0.997516
"4939_2",0.003406
"6937_4",0.940859
"1286_1",0.002104
"878_2",0.003412
"2357_7",0.990258
"3397_3",0.992450
"11214_10",0.972298
"8045_1",0.001966
"2943_1",0.002965
"1518_10",0.996264
"2792_9",0.998040
"6437_7",0.268770
"8734_7",0.997573
"6165_2",0.003291
"11956_2",0.001577
"7021_1",0.004122
"3369_1",0.991683
"5829_2",0.002183
"11742_9",0.997867
"11370_1",0.003359
"1502_1",0.006420
"9933_1",0.001950
"4619_10",0.998011
"6842_1",0.052553
"2770_10",0.997256
"2343_4",0.002343
"3071_8",0.997533
"3046_8",0.997656
"8354_4",0.002704
"5632_10",0.998270
"3901_4",0.006698
"6950_10",0.998454
"2431_9",0.995349
"10614_9",0.998341
"41_4",0.128499
"5039_3",0.512875
"2827_1",0.002122
"2860_8",0.996938
"6868_9",0.998354
"4597_3",0.942630
"8795_10",0.996470
"11941_7",0.995881
"12442_1",0.001991
"9736_7",0.995850
"1102_9",0.996098
"4291_7",0.998030
"4523_1",0.002228
"5349_1",0.002922
"3363_7",0.987593
"11393_3",0.006211
"1647_1",0.002394
"6143_4",0.148221
"1863_1",0.002014
"10099_9",0.993653
"4163_8",0.992305
"9357_8",0.997794
"10941_10",0.996847
"6883_10",0.997708
"11090_4",0.113106
"3480_1",0.018235
"10795_1",0.860695
"5865_1",0.002269
"2484_8",0.995051
"3023_4",0.003240
"2818_2",0.003737
"719_7",0.010549
"5297_4",0.005014
"12194_10",0.998166
"2929_8",0.997061
"7911_2",0.002031
"10619_9",0.997498
"5192_9",0.997166
"2170_1",0.033612
"4659_10",0.992285
"8536_7",0.996037
"11119_1",0.002661
"7887_3",0.164015
"11742_1",0.005329
"5867_7",0.996585
"7538_7",0.950430
"1834_9",0.998320
"6499_8",0.004672
"2073_10",0.029035
"3881_10",0.992025
"802_7",0.992993
"1733_1",0.001921
"11527_1",0.002636
"4316_2",0.002017
"9812_1",0.004539
"8911_10",0.996091
"7687_10",0.998107
"4240_10",0.997559
"1778_1",0.002221
"11822_1",0.001618
"7820_1",0.001520
"235_4",0.006671
"8373_7",0.995634
"92_1",0.001498
"716_10",0.880836
"4028_7",0.997194
"5533_7",0.975776
"2605_9",0.997442
"6665_1",0.002607
"178_10",0.998092
"9886_2",0.022673
"11779_10",0.972150
"5124_4",0.002560
"1956_2",0.002834
"2933_1",0.002190
"8737_1",0.001854
"8755_9",0.998361
"5032_8",0.998322
"9246_10",0.998160
"9610_1",0.002024
"7011_2",0.068729
"1602_1",0.018562
"3367_1",0.001622
"2756_8",0.997851
"12042_9",0.998315
"2641_3",0.001812
"9202_10",0.998269
"1953_2",0.002303
"5303_1",0.001673
"975_7",0.994256
"2447_4",0.652717
"294_8",0.995883
"11643_7",0.995042
"8743_1",0.001744
"2661_4",0.027790
"8638_10",0.996985
"4793_10",0.997665
"7461_8",0.996890
"830_4",0.002217
"5770_7",0.980932
"1989_1",0.002356
"5514_3",0.002375
"5842_3",0.001645
"11813_1",0.002109
"7811_10",0.997461
"7707_4",0.005659
"1205_10",0.998039
"10326_10",0.997847
"4881_9",0.996929
"8244_10",0.997936
"7647_1",0.001740
"4376_10",0.997962
"6744_2",0.002013
"6769_7",0.998354
"494_10",0.996361
"6188_4",0.002788
"5859_1",0.001631
"6801_3",0.003644
"10990_8",0.997429
"6057_8",0.993895
"3017_1",0.004676
"7617_1",0.002715
"8340_7",0.979787
"746_7",0.979097
"9290_10",0.995989
"1525_10",0.996929
"11044_7",0.995689
"9367_10",0.997903
"5705_10",0.997436
"11375_10",0.998068
"11320_1",0.001577
"754_9",0.993697
"7040_10",0.998149
"10740_4",0.001846
"8839_10",0.997875
"11614_4",0.002351
"10867_9",0.998188
"12406_10",0.997342
"12081_10",0.997640
"8763_10",0.997770
"4103_1",0.001886
"5600_1",0.003148
"5345_2",0.001626
"10679_8",0.994034
"11709_1",0.002264
"6872_4",0.001879
"9096_3",0.994585
"3417_9",0.998032
"5154_3",0.947147
"6071_10",0.997619
"5685_9",0.998237
"7937_10",0.997455
"3628_1",0.001849
"7374_2",0.001929
"1862_8",0.010811
"6602_1",0.001819
"1401_10",0.997712
"12157_3",0.002928
"5636_8",0.998072
"2049_10",0.998475
"9402_8",0.997071
"12455_10",0.997042
"11062_2",0.001976
"9163_10",0.995982
"2879_7",0.013578
"2840_9",0.992972
"9893_8",0.996969
"11857_1",0.007257
"7776_10",0.997891
"10365_7",0.996680
"6186_7",0.992515
"7071_1",0.001723
"5132_1",0.001603
"8971_4",0.039965
"3415_1",0.001821
"3622_1",0.001736
"7446_10",0.997878
"4644_9",0.830429
"3923_10",0.997833
"3503_8",0.996334
"8685_7",0.016888
"1683_2",0.002561
"3417_4",0.012869
"10443_3",0.003928
"4620_3",0.962630
"5658_1",0.002388
"4185_1",0.001885
"3727_10",0.998323
"5334_1",0.001912
"7113_7",0.073564
"8713_1",0.001967
"2865_7",0.012216
"2956_4",0.002585
"2455_8",0.997903
"97_7",0.026184
"6789_10",0.998310
"8639_8",0.997222
"1563_8",0.994115
"3169_9",0.998068
"7627_10",0.996095
"1649_10",0.998281
"2287_10",0.998070
"9479_1",0.002331
"7705_1",0.001778
"10803_2",0.003406
"6076_9",0.989365
"4263_3",0.013571
"4726_10",0.998217
"11738_9",0.998211
"9250_9",0.998152
"2638_1",0.001599
"11357_7",0.987090
"12135_3",0.005695
"7296_10",0.997693
"10674_7",0.996963
"7674_9",0.998358
"5575_1",0.001599
"8120_7",0.997089
"1617_1",0.002228
"7090_3",0.002971
"3793_4",0.002996
"2658_10",0.989783
"9942_3",0.963026
"9520_9",0.997855
"10638_1",0.002194
"9066_10",0.998170
"3408_4",0.002734
"7526_1",0.028662
"10821_3",0.002805
"5887_10",0.997606
"12470_3",0.003192
"4033_8",0.983897
"1949_10",0.997498
"9859_4",0.004907
"11183_9",0.998028
"8533_4",0.007585
"10236_10",0.991904
"6111_3",0.085604
"5475_8",0.996770
"3342_3",0.005772
"8335_1",0.967444
"4812_9",0.997847
"2306_4",0.984245
"4596_7",0.152815
"10431_2",0.002849
"5077_9",0.996254
"1301_9",0.997405
"8979_9",0.997823
"4226_9",0.997830
"5544_3",0.005058
"7954_2",0.001799
"3935_4",0.005178
"7076_4",0.005299
"10208_10",0.997579
"3737_3",0.002701
"1689_8",0.988419
"6585_9",0.998257
"6096_3",0.010356
"11052_4",0.004239
"7783_10",0.993756
"5157_10",0.995915
"5465_10",0.997083
"11361_10",0.996678
"7560_3",0.017059
"9781_4",0.009531
"11681_10",0.998248
"6127_7",0.988416
"1799_9",0.997075
"10849_2",0.002703
"4274_7",0.967144
"15_10",0.989043
"11338_1",0.001484
"5750_2",0.002619
"9335_8",0.997794
"8359_7",0.982716
"9527_7",0.998279
"1336_1",0.001614
"9893_3",0.010051
"11229_9",0.997686
"5948_9",0.996587
"9733_4",0.009967
"6377_8",0.997908
"1427_10",0.996889
"9023_3",0.001856
"2151_2",0.001817
"1744_1",0.001962
"6367_10",0.998057
"9143_8",0.997042
"6176_8",0.998379
"11388_10",0.997659
"1493_10",0.996547
"6615_1",0.001716
"4654_2",0.003771
"599_9",0.997816
"7256_10",0.997763
"11993_1",0.003973
"992_7",0.997925
"8871_2",0.001793
"11483_1",0.001706
"3322_1",0.524828
"9827_4",0.644828
"8063_3",0.002835
"7397_3",0.006067
"3040_4",0.002286
"11682_2",0.002844
"8738_10",0.998379
"9905_4",0.003826
"6437_1",0.001694
"4319_9",0.997982
"5353_4",0.400898
"12207_9",0.987741
"6166_7",0.997025
"12243_4",0.004722
"1219_1",0.001669
"10292_10",0.998390
"10132_10",0.997455
"6898_10",0.997766
"8469_8",0.970003
"10393_1",0.877317
"7509_1",0.002287
"9468_9",0.996832
"9002_1",0.001695
"891_9",0.978077
"5156_4",0.801977
"2321_1",0.001662
"11859_8",0.995346
"12262_7",0.987808
"6198_4",0.896042
"5699_1",0.001759
"4252_10",0.540162
"10618_10",0.998605
"3226_10",0.998428
"7227_7",0.989576
"11047_7",0.997506
"9569_7",0.995862
"8933_4",0.996678
"4513_8",0.996381
"1271_9",0.998159
"6327_2",0.003095
"10012_9",0.996482
"10090_3",0.005034
"8564_1",0.001923
"10905_8",0.997214
"6828_2",0.002111
"1730_1",0.002091
"3404_3",0.002149
"12428_1",0.001989
"5180_1",0.014978
"10554_9",0.996494
"527_2",0.042728
"10296_8",0.998452
"543_4",0.002814
"10235_3",0.006312
"3743_4",0.005376
"8792_3",0.004964
"3597_1",0.002231
"12320_1",0.002752
"11672_8",0.998346
"7237_4",0.897504
"3726_7",0.042149
"6643_2",0.001731
"2743_10",0.998060
"10184_9",0.997870
"1929_1",0.005033
"666_7",0.021235
"4548_4",0.001968
"4153_4",0.003643
"7356_4",0.003812
"8843_10",0.998342
"7552_8",0.998048
"6494_8",0.996511
"3547_7",0.996369
"810_1",0.575802
"7672_9",0.996385
"4945_3",0.003562
"12427_8",0.996536
"749_7",0.998209
"10706_10",0.998369
"10969_1",0.001633
"340_9",0.998408
"2154_8",0.998354
"3715_1",0.002276
"2388_10",0.997700
"5905_2",0.017251
"3774_10",0.997365
"3070_1",0.002948
"4789_10",0.997721
"1509_2",0.001729
"2350_8",0.997204
"11137_1",0.001510
"10987_1",0.001773
"5815_1",0.024769
"7272_10",0.998268
"4651_10",0.998245
"4184_1",0.002088
"9636_10",0.997653
"8592_10",0.996893
"3068_3",0.002982
"8899_4",0.001947
"10018_1",0.001508
"5821_10",0.998389
"3232_4",0.005206
"10795_10",0.997879
"7461_3",0.002171
"10874_7",0.987326
"9672_10",0.997884
"1908_10",0.991423
"4014_9",0.208531
"10488_3",0.001954
"2501_7",0.998050
"12339_3",0.084811
"2698_10",0.997600
"1674_1",0.027527
"10366_8",0.003453
"12059_10",0.998254
"8285_4",0.003681
"4120_8",0.997274
"4238_7",0.997343
"10516_1",0.002243
"2478_9",0.995960
"7807_2",0.001918
"10704_1",0.001790
"791_4",0.240872
"2514_4",0.992139
"3095_10",0.986262
"1770_10",0.998020
"11115_2",0.064785
"10797_1",0.004782
"11347_1",0.001870
"7077_10",0.998392
"403_1",0.001673
"5852_7",0.005454
"8451_8",0.998353
"7013_1",0.001803
"10346_9",0.998224
"3055_7",0.994741
"4687_1",0.012785
"8467_10",0.997935
"11363_10",0.997965
"277_9",0.998287
"1715_2",0.857987
"9249_1",0.001726
"1895_10",0.287176
"5505_3",0.001774
"1323_9",0.998437
"4200_10",0.996874
"682_4",0.016863
"12020_4",0.003486
"5824_10",0.993963
"4475_10",0.998505
"891_1",0.003901
"2713_8",0.995406
"2084_9",0.996241
"1535_3",0.005355
"7862_8",0.998201
"8055_9",0.997782
"6604_7",0.986365
"7714_1",0.002535
"5606_7",0.996226
"7277_10",0.998405
"3197_1",0.001576
"406_7",0.006537
"6948_9",0.997951
"4196_8",0.994438
"1723_10",0.997528
"11625_4",0.003729
"1259_1",0.001948
"5283_10",0.997015
"8407_4",0.003389
"5561_8",0.997803
"7653_3",0.004921
"8646_1",0.002183
"8053_8",0.994084
"1879_7",0.994369
"1645_2",0.003576
"12222_7",0.120578
"3966_1",0.004203
"4754_1",0.002127
"8920_9",0.997406
"11920_9",0.998306
"4747_2",0.003615
"2108_8",0.463602
"9017_7",0.998360
"994_7",0.960808
"11155_10",0.996997
"6249_9",0.997884
"5926_9",0.998200
"12486_1",0.698891
"4918_8",0.996585
"1357_9",0.996646
"6051_2",0.003682
"4589_10",0.993751
"12401_4",0.003331
"4083_8",0.998329
"10373_10",0.998281
"7467_8",0.678588
"2220_1",0.001619
"6882_7",0.977449
"10551_10",0.998272
"4043_10",0.998221
"11078_8",0.972479
"4280_9",0.998372
"8594_10",0.998468
"10652_9",0.997019
"2206_10",0.998011
"9014_2",0.003004
"10215_4",0.005683
"3549_2",0.001813
"10445_1",0.001660
"10819_9",0.995372
"10691_1",0.002165
"3855_10",0.998397
"7809_2",0.012658
"3022_7",0.997331
"694_8",0.996218
"13_9",0.997393
"10972_10",0.998032
"9187_1",0.002222
"12354_3",0.813074
"4793_1",0.001721
"10696_1",0.003163
"12446_1",0.001533
"1488_10",0.998057
"904_10",0.046785
"11057_1",0.001885
"2132_8",0.995403
"1406_10",0.997947
"11366_3",0.003005
"9957_4",0.308625
"12096_1",0.001550
"3827_3",0.002431
"11686_2",0.001587
"4387_9",0.998321
"9955_9",0.010461
"12103_10",0.998504
"11506_10",0.998066
"793_1",0.960862
"8001_1",0.001696
"8823_4",0.006325
"1787_7",0.997846
"5484_10",0.997342
"3557_9",0.997637
"615_8",0.996090
"410_2",0.005757
"5800_2",0.002351
"3143_4",0.003567
"11359_2",0.002147
"7016_10",0.997819
"3711_2",0.002233
"8580_10",0.966614
"5615_9",0.997671
"9202_2",0.001753
"4776_2",0.003482
"8436_10",0.998019
"2097_8",0.991977
"6935_4",0.217968
"2656_1",0.002338
"11446_7",0.996078
"5392_4",0.002791
"6451_9",0.998224
"11054_8",0.997625
"8677_8",0.979851
"8761_3",0.013513
"9297_1",0.001671
"12480_2",0.002273
"11736_9",0.994353
"4156_8",0.997720
"1955_10",0.996475
"12350_1",0.053331
"5439_1",0.001787
"1342_10",0.997546
"7271_1",0.003167
"1868_4",0.064171
"4497_9",0.996690
"1729_10",0.997997
"4593_8",0.994589
"11296_7",0.997430
"9573_4",0.915570
"11678_2",0.003509
"6790_9",0.996865
"12298_2",0.001701
"9839_3",0.010611
"1348_1",0.002760
"7004_8",0.997235
"10414_10",0.996675
"3826_3",0.001942
"9313_4",0.972240
"10543_3",0.002123
"6909_9",0.996598
"11377_10",0.998133
"2591_9",0.994552
"11355_2",0.001966
"9274_8",0.967767
"4521_4",0.008823
"12208_9",0.997769
"4948_2",0.001821
"3732_1",0.002091
"12096_10",0.998085
"7135_3",0.010281
"10310_8",0.997919
"1959_1",0.001622
"10383_1",0.002336
"106_9",0.998173
"7085_7",0.994734
"11070_8",0.997458
"6850_10",0.998365
"12476_4",0.813260
"1917_10",0.997922
"1341_3",0.003615
"4062_1",0.002820
"5594_4",0.003240
"11963_1",0.445722
"2777_9",0.997731
"9871_7",0.909972
"949_8",0.909551
"7436_10",0.998248
"738_10",0.986343
"4893_1",0.002210
"6100_10",0.963587
"10219_9",0.996333
"4004_2",0.008286
"5945_10",0.997974
"10183_9",0.998001
"3465_10",0.998543
"4408_1",0.001708
"5810_7",0.992966
"188_3",0.003118
"7835_1",0.024747
"1648_9",0.992886
"7971_8",0.997823
"11809_1",0.003602
"5352_10",0.977786
"1476_8",0.997300
"602_10",0.997517
"9669_2",0.002477
"93_9",0.996739
"10787_10",0.951853
"10958_8",0.997693
"6608_1",0.001929
"7058_10",0.997559
"4401_10",0.996257
"9315_8",0.026507
"9670_3",0.003642
"10537_3",0.001883
"1033_2",0.002531
"12085_10",0.996918
"9373_7",0.998187
"8302_2",0.002024
"10138_2",0.002675
"6814_10",0.998245
"9778_1",0.001631
"5149_7",0.997994
"6191_3",0.865316
"7466_3",0.002872
"10051_2",0.001844
"5262_2",0.002617
"2906_1",0.001702
"8625_9",0.988494
"2118_4",0.771485
"11547_3",0.005151
"11384_7",0.997326
"123_10",0.998305
"11115_7",0.993883
"9348_10",0.997788
"568_9",0.939181
"7731_9",0.998066
"6548_8",0.988733
"9235_4",0.004454
"430_10",0.998205
"10790_1",0.002004
"10691_10",0.996903
"2324_9",0.997977
"11031_1",0.002876
"5465_4",0.038541
"5545_4",0.002356
"5546_10",0.997626
"9010_2",0.002032
"7205_10",0.997734
"7580_10",0.997858
"2052_3",0.002411
"6284_7",0.997116
"12001_3",0.001733
"3458_9",0.998460
"9013_2",0.004116
"5839_4",0.884015
"10809_10",0.998281
"3077_2",0.003055
"11373_3",0.002982
"7083_9",0.998372
"10846_10",0.998219
"11815_10",0.997918
"4730_1",0.001777
"3320_7",0.126217
"4782_10",0.997384
"3410_3",0.002164
"5142_10",0.997812
"3947_1",0.003133
"3016_8",0.939048
"12114_4",0.642077
"11039_8",0.988980
"5902_7",0.995176
"5351_8",0.996807
"1654_10",0.997049
"5731_4",0.009579
"10985_9",0.992002
"8724_1",0.002129
"9854_3",0.003647
"2054_1",0.001489
"11385_4",0.981512
"5919_4",0.003949
"9898_1",0.002557
"11874_8",0.994324
"4496_3",0.968450
"5231_1",0.001710
"10070_3",0.002064
"2345_8",0.998053
"9311_10",0.997486
"1036_10",0.998197
"6603_4",0.002246
"2138_9",0.970060
"10546_10",0.998281
"3217_10",0.997419
"12188_10",0.998382
"5986_2",0.160095
"352_10",0.998155
"8557_3",0.002774
"10453_10",0.997953
"4397_4",0.001981
"673_2",0.007852
"10305_10",0.998454
"11985_1",0.001556
"3457_1",0.002548
"500_1",0.001837
"10637_9",0.984033
"8144_10",0.998550
"8485_1",0.001642
"1632_7",0.993159
"2404_8",0.997838
"11489_10",0.998282
"7590_1",0.001740
"12460_2",0.963297
"11729_10",0.996478
"2796_7",0.994725
"8015_2",0.001998
"8258_4",0.001817
"2272_3",0.004400
"7178_10",0.994531
"8476_8",0.998064
"3411_4",0.009100
"8319_10",0.997346
"11799_10",0.998269
"8585_4",0.814336
"4640_10",0.995996
"12199_1",0.002590
"8380_7",0.997398
"8712_10",0.997915
"12482_9",0.997480
"4813_1",0.001897
"119_9",0.996990
"7850_10",0.993014
"5536_1",0.002610
"10576_1",0.001937
"2803_1",0.002213
"11788_4",0.001915
"6681_3",0.019722
"2503_10",0.997269
"88_3",0.002888
"7389_4",0.008573
"8793_9",0.998283
"4911_7",0.997990
"6495_4",0.002722
"10670_1",0.002822
"2203_10",0.998190
"7588_10",0.994132
"7095_7",0.997491
"6748_8",0.994483
"10348_1",0.003504
"2568_8",0.687302
"10292_2",0.004146
"1112_3",0.002625
"5322_7",0.975215
"4291_4",0.002582
"1212_7",0.464233
"7963_10",0.995854
"6156_1",0.002066
"713_1",0.002754
"11606_8",0.996785
"10975_10",0.998327
"4638_10",0.997717
"800_8",0.995613
"1389_3",0.017064
"10045_1",0.001872
"3529_1",0.002198
"1921_2",0.002297
"4824_8",0.989570
"10688_10",0.997007
"84_10",0.998058
"225_3",0.002572
"9756_10",0.995819
"7601_8",0.974714
"6342_3",0.003244
"7711_1",0.002154
"12133_7",0.997269
"8026_3",0.007951
"4551_10",0.998138
"545_4",0.004693
"343_1",0.012872
"10788_4",0.976149
"8711_2",0.004410
"5493_10",0.997752
"9358_1",0.005400
"2185_3",0.003194
"9720_2",0.002652
"4481_8",0.996705
"6528_2",0.001822
"11928_8",0.997182
"6591_7",0.996447
"10876_1",0.003869
"11253_10",0.995754
"2190_3",0.004126
"4281_3",0.001825
"7971_3",0.004541
"11649_2",0.001935
"5199_3",0.095337
"12258_3",0.012715
"5922_8",0.998267
"11136_1",0.001912
"7941_10",0.996405
"1412_7",0.998237
"11053_3",0.060783
"5586_10",0.997408
"5762_9",0.996207
"8328_3",0.005251
"10354_4",0.003689
"3563_8",0.997306
"8246_2",0.009983
"7740_10",0.998311
"4972_1",0.001808
"832_4",0.951988
"11386_10",0.997500
"1273_3",0.006484
"5085_2",0.006469
"11414_4",0.990645
"885_8",0.997966
"3943_10",0.996188
"898_9",0.994326
"8168_10",0.997773
"9779_10",0.997879
"830_7",0.997438
"77_10",0.998014
"648_8",0.996012
"10629_10",0.994833
"89_10",0.998392
"11955_9",0.998321
"7883_9",0.997492
"243_4",0.042778
"5148_2",0.001585
"1056_3",0.997689
"5206_10",0.997951
"8777_10",0.997379
"2969_2",0.001656
"6729_8",0.998334
"11860_1",0.011257
"6307_4",0.004082
"11589_1",0.003160
"8016_1",0.001678
"3461_8",0.998135
"8767_1",0.001808
"7692_10",0.997047
"12281_8",0.996828
"7763_1",0.081536
"5301_9",0.993014
"5112_10",0.997451
"10757_10",0.991716
"1066_8",0.994811
"5413_10",0.998495
"2733_3",0.004919
"8534_10",0.996769
"5915_8",0.997314
"10566_3",0.002242
"10900_7",0.734740
"3120_10",0.998400
"4394_1",0.001880
"3090_1",0.003655
"4379_10",0.998114
"5259_7",0.004715
"10792_8",0.997127
"2599_1",0.001882
"1912_2",0.002208
"2517_1",0.993234
"2946_8",0.998022
"3020_8",0.998156
"1850_4",0.424171
"9463_2",0.001745
"1721_10",0.998211
"7952_7",0.998257
"1806_9",0.997852
"11403_9",0.995301
"2013_7",0.993250
"5556_10",0.998378
"1746_3",0.004469
"11125_7",0.996985
"9270_4",0.003906
"7343_10",0.998202
"12465_10",0.998174
"8550_9",0.997800
"6213_8",0.344673
"10861_10",0.998082
"4109_7",0.991064
"8652_1",0.001538
"11546_1",0.002182
"9133_7",0.019364
"5964_3",0.001932
"1575_1",0.002196
"1337_4",0.010955
"7610_1",0.001679
"49_10",0.998358
"6505_2",0.002368
"7177_10",0.034771
"5947_7",0.980873
"1723_3",0.001815
"9055_7",0.996371
"7972_1",0.003239
"5340_8",0.990040
"6938_8",0.041298
"12400_8",0.991735
"552_9",0.998078
"11844_9",0.997878
"1080_1",0.001739
"3078_10",0.998317
"8713_9",0.997089
"7300_1",0.002686
"12464_1",0.002131
"3812_10",0.826883
"3313_4",0.013709
"6880_4",0.010173
"5478_9",0.995627
"10951_7",0.995419
"3327_8",0.996848
"6332_10",0.990451
"4385_8",0.995116
"2387_10",0.997926
"5756_3",0.004749
"4020_7",0.978764
"6190_8",0.998141
"517_8",0.996344
"9018_3",0.028033
"9449_10",0.998405
"10715_3",0.002177
"8195_8",0.997191
"9605_10",0.118212
"4309_9",0.998193
"1783_4",0.002104
"1658_10",0.997825
"1403_7",0.988442
"4268_1",0.001573
"4822_1",0.001975
"717_4",0.004538
"7768_10",0.997951
"7803_2",0.002110
"7190_8",0.996790
"11035_1",0.001672
"6288_10",0.995211
"10690_1",0.001938
"714_10",0.998401
"9210_10",0.997881
"12462_1",0.002096
"9325_1",0.001727
"8370_8",0.997943
"10583_1",0.003862
"4016_10",0.998108
"6465_4",0.454455
"1512_9",0.997091
"4769_8",0.998148
"11160_7",0.996887
"2175_1",0.001529
"12261_7",0.997827
"685_8",0.994867
"9208_10",0.790778
"6296_1",0.001544
"8210_4",0.002814
"11237_4",0.003389
"8139_10",0.997929
"6996_3",0.009730
"5168_1",0.003938
"5528_3",0.006630
"6635_1",0.950428
"1670_8",0.997872
"7099_4",0.030284
"2239_1",0.977080
"7313_4",0.002544
"3304_2",0.001684
"10505_1",0.001728
"9681_10",0.997818
"7569_4",0.223768
"9926_4",0.020704
"8339_8",0.998003
"8553_10",0.997236
"387_1",0.002080
"4715_9",0.996546
"11447_1",0.002573
"7425_1",0.004668
"10514_1",0.002126
"6979_10",0.997891
"3104_1",0.001543
"6833_4",0.700477
"5931_3",0.003112
"12103_2",0.002345
"9413_1",0.001822
"2730_7",0.034885
"7293_10",0.997684
"8479_9",0.997887
"9099_7",0.994226
"2061_4",0.009698
"4680_7",0.996640
"4067_1",0.003487
"4663_2",0.002231
"3069_1",0.001615
"8739_7",0.997630
"8279_2",0.004222
"11078_1",0.140065
"7917_1",0.001593
"7636_8",0.994656
"5071_8",0.673876
"1720_10",0.998033
"885_3",0.004418
"734_1",0.001977
"6309_9",0.998184
"4346_3",0.001881
"4087_10",0.998031
"678_1",0.001638
"8348_8",0.996387
"3572_2",0.003300
"10285_1",0.026505
"11126_4",0.009202
"8071_2",0.001881
"8150_10",0.997753
"4652_4",0.028152
"3674_8",0.997081
"1046_9",0.996019
"1986_8",0.997969
"2516_1",0.003045
"11758_1",0.003370
"4747_8",0.990985
"10426_4",0.003755
"4331_1",0.001601
"9146_3",0.002496
"312_10",0.997850
"4160_9",0.998399
"5277_3",0.002002
"4896_7",0.996844
"4327_9",0.666110
"4136_3",0.010356
"2324_2",0.827586
"10407_10",0.996873
"5081_10",0.998363
"2892_2",0.005603
"367_3",0.002227
"6523_3",0.001850
"9037_7",0.996047
"8790_1",0.001699
"1839_8",0.997006
"4149_3",0.001736
"7950_3",0.002639
"1686_2",0.004520
"7855_1",0.001629
"2844_10",0.997957
"4006_1",0.010857
"1077_10",0.998080
"9294_3",0.014825
"8866_1",0.002326
"8414_3",0.002094
"11736_3",0.002551
"11683_9",0.896045
"6399_10",0.986827
"4876_2",0.002092
"8818_10",0.997963
"8874_3",0.004024
"2595_7",0.840330
"9287_1",0.003487
"11446_3",0.003889
"10016_3",0.836484
"10381_8",0.996464
"2222_1",0.201752
"10875_7",0.992082
"5708_8",0.989473
"2727_9",0.996897
"823_1",0.001804
"3616_2",0.001755
"10522_1",0.002956
"5340_3",0.003379
"4218_9",0.995880
"6551_4",0.006689
"4506_7",0.997288
"487_3",0.003567
"3215_2",0.003709
"3884_10",0.998302
"8163_1",0.002154
"4878_9",0.014891
"10428_10",0.997180
"6394_10",0.998311
"5318_2",0.001810
"4829_3",0.018967
"9175_8",0.996953
"10213_7",0.078922
"1484_10",0.998305
"9646_10",0.998004
"755_1",0.002075
"4988_1",0.002043
"10640_3",0.005629
"2780_4",0.002020
"5867_2",0.002000
"9212_10",0.926779
"8554_4",0.002108
"4703_3",0.382846
"8779_8",0.997969
"953_10",0.997390
"10349_8",0.997816
"3280_10",0.997717
"3646_8",0.997879
"6054_1",0.001629
"4894_3",0.468408
"11235_10",0.991913
"513_8",0.997798
"4166_1",0.001962
"742_8",0.996146
"7671_10",0.998036
"2835_4",0.995532
"8556_10",0.998314
"4764_7",0.996477
"1626_3",0.001801
"6883_4",0.002405
"1014_4",0.008049
"9419_10",0.997741
"7918_8",0.995754
"8912_2",0.003022
"7996_3",0.003714
"5045_2",0.003015
"9612_2",0.011345
"1658_2",0.003672
"4373_2",0.001700
"11771_7",0.996285
"5458_4",0.012207
"10492_1",0.001810
"5551_8",0.997273
"811_1",0.002551
"12209_9",0.994263
"1514_1",0.001995
"6684_9",0.998011
"4604_7",0.998070
"3350_1",0.001932
"3336_7",0.995813
"9645_4",0.003252
"1664_9",0.996303
"5109_8",0.998033
"9294_8",0.991194
"7439_3",0.001907
"9098_10",0.997842
"10353_2",0.004462
"2356_4",0.015402
"884_1",0.979057
"704_2",0.001617
"9429_4",0.985197
"11563_1",0.001626
"10345_7",0.967998
"12301_4",0.006715
"1021_7",0.969813
"6353_1",0.002178
"2608_7",0.998070
"10508_1",0.001929
"263_1",0.001584
"10127_10",0.998127
"11517_4",0.930903
"4758_4",0.204444
"2210_4",0.124493
"12396_1",0.001523
"9405_7",0.991283
"5945_2",0.005708
"1931_3",0.010466
"3972_9",0.996371
"7949_3",0.008849
"1958_10",0.998199
"5834_7",0.996182
"11040_1",0.002335
"9453_1",0.001522
"5841_10",0.998123
"1144_10",0.998323
"5678_2",0.003060
"11361_3",0.001960
"5999_1",0.001564
"11810_4",0.004770
"10502_1",0.002645
"11821_10",0.998030
"8270_10",0.903896
"4627_4",0.970636
"5588_2",0.004579
"4877_1",0.002686
"2289_8",0.994712
"2582_10",0.997463
"8749_1",0.002283
"1653_1",0.001710
"7060_3",0.003253
"4299_1",0.001932
"7198_10",0.996241
"5597_9",0.996382
"11592_10",0.998482
"1516_1",0.002034
"1428_10",0.996857
"9349_7",0.996364
"4182_10",0.976993
"522_10",0.997050
"1942_9",0.997865
"2570_8",0.997540
"1188_2",0.004994
"7454_10",0.998050
"6859_8",0.998078
"4278_9",0.998169
"3538_8",0.996519
"6499_1",0.002388
"7715_1",0.001830
"5847_1",0.002171
"2109_10",0.997912
"7570_2",0.001948
"3725_1",0.001687
"8736_2",0.681336
"2007_10",0.998287
"9738_10",0.996021
"2763_7",0.996814
"9081_2",0.900270
"6647_10",0.998029
"11207_1",0.002757
"5182_3",0.001946
"2171_10",0.996204
"9091_1",0.069278
"3970_3",0.004780
"7432_9",0.998098
"2169_2",0.001638
"720_1",0.002513
"866_2",0.001594
"567_3",0.947485
"11812_8",0.995782
"11195_9",0.994448
"5877_10",0.997903
"5526_9",0.996413
"792_8",0.997632
"8673_9",0.998020
"5163_1",0.001658
"4722_8",0.997679
"11423_8",0.995208
"3239_8",0.998142
"2235_4",0.117880
"5799_3",0.001796
"8592_2",0.002363
"5229_10",0.992333
"9285_10",0.998072
"6092_1",0.389862
"8940_10",0.997242
"12220_8",0.017411
"4417_10",0.998020
"10462_10",0.998381
"3241_9",0.989811
"8744_10",0.998359
"1016_3",0.688433
"7382_10",0.997789
"8458_8",0.996653
"629_4",0.018599
"1971_3",0.003256
"4471_4",0.002695
"7890_2",0.002757
"10164_4",0.979695
"2176_8",0.950235
"2500_2",0.008761
"1155_2",0.003072
"7102_8",0.990790
"3618_10",0.997981
"4940_3",0.002421
"10263_3",0.002570
"12495_10",0.184828
"7170_9",0.998112
"7322_3",0.002552
"2938_10",0.050421
"8128_8",0.997581
"4900_1",0.002100
"5672_7",0.182724
"3387_10",0.998168
"806_1",0.002576
"7385_2",0.001617
"3043_4",0.003694
"6845_10",0.995689
"979_3",0.986728
"6853_3",0.002371
"4871_4",0.006911
"12172_8",0.991473
"4105_2",0.001897
"3171_4",0.006712
"8686_10",0.997704
"10187_1",0.001502
"5305_7",0.024100
"1728_10",0.998152
"11284_4",0.972223
"443_2",0.014458
"8542_9",0.998215
"7634_2",0.004643
"2598_1",0.016251
"124_2",0.012245
"10145_8",0.997738
"63_1",0.001601
"5522_3",0.078249
"1264_9",0.997583
"12181_10",0.996204
"6508_1",0.003761
"2146_3",0.011182
"5449_4",0.030360
"2660_9",0.998561
"6594_4",0.002239
"6285_8",0.997557
"12200_10",0.997431
"6710_1",0.003662
"10399_10",0.996903
"6703_1",0.001617
"5795_8",0.997146
"3427_4",0.006009
"11306_10",0.998208
"6641_3",0.002380
"9364_9",0.919402
"6963_8",0.309023
"6896_10",0.994450
"10154_10",0.997259
"4690_10",0.998422
"8125_8",0.997105
"4978_1",0.004008
"4999_3",0.001928
"8921_8",0.996017
"6089_3",0.002974
"12279_9",0.995336
"1209_7",0.995505
"2083_7",0.947232
"10162_10",0.997700
"1266_4",0.209008
"10892_8",0.997871
"4864_4",0.002692
"10743_7",0.042483
"6427_1",0.001536
"8633_1",0.004973
"6158_10",0.997931
"4952_3",0.001654
"7508_10",0.996529
"637_9",0.864352
"6734_2",0.020455
"10685_1",0.002328
"6269_4",0.002281
"9073_8",0.989569
"9551_2",0.002003
"5499_2",0.002112
"3573_4",0.002180
"12089_1",0.002060
"3962_1",0.003018
"2169_7",0.990693
"959_8",0.995174
"10514_9",0.988770
"4430_7",0.993682
"10802_1",0.004231
"280_10",0.998112
"8041_3",0.013808
"9040_9",0.998022
"10653_1",0.005591
"10783_7",0.997934
"4711_1",0.001629
"1523_4",0.974437
"3903_1",0.001581
"4216_8",0.007548
"10108_1",0.001898
"4098_4",0.001860
"9433_7",0.989019
"11013_10",0.997950
"3968_10",0.996309
"7916_3",0.004189
"5859_9",0.995209
"11194_7",0.990617
"9376_3",0.002301
"1808_4",0.005038
"12029_3",0.004095
"5854_4",0.025914
"6573_9",0.998031
"6747_8",0.976885
"4366_1",0.002386
"5868_7",0.996840
"7712_3",0.002886
"11617_1",0.001619
"5362_10",0.997359
"1950_1",0.001677
"9724_1",0.002195
"7537_8",0.997352
"6950_1",0.001692
"6035_8",0.998186
"11191_4",0.436493
"4759_9",0.998244
"1228_7",0.109904
"10380_1",0.007919
"271_7",0.996555
"7826_9",0.977565
"4336_2",0.002234
"4209_2",0.004534
"4898_7",0.962775
"2987_1",0.001577
"9976_4",0.002794
"7521_10",0.997772
"5680_2",0.007158
"4310_10",0.997338
"4484_10",0.998339
"5748_9",0.997977
"6798_3",0.002783
"9598_10",0.997682
"4834_2",0.002589
"2505_10",0.998386
"1984_8",0.994058
"476_1",0.003017
"11578_1",0.001893
"2223_3",0.012134
"8215_3",0.073189
"3108_1",0.002009
"4371_1",0.002243
"12399_4",0.970426
"4913_1",0.001734
"8431_8",0.985582
"3445_10",0.998286
"8268_10",0.998111
"4271_10",0.998067
"2136_3",0.002911
"2479_1",0.002349
"11798_2",0.002347
"2893_10",0.997945
"7754_3",0.002236
"7568_10",0.997719
"6221_8",0.997914
"1687_10",0.998456
"4744_1",0.001641
"3730_10",0.997230
"7543_10",0.994890
"4449_1",0.001684
"2802_8",0.997585
"2834_2",0.001866
"11243_2",0.004404
"6638_10",0.997375
"3299_1",0.002486
"1378_10",0.997765
"1867_9",0.998309
"3371_1",0.003400
"1340_10",0.997148
"1810_10",0.997957
"11773_10",0.994952
"2111_1",0.002146
"2234_4",0.006293
"4958_7",0.996539
"3514_1",0.002313
"8488_9",0.991112
"1650_4",0.003811
"6538_3",0.002502
"9930_9",0.997722
"10594_1",0.001675
"6248_8",0.995355
"1384_9",0.997145
"11526_3",0.003169
"9847_10",0.998411
"8994_1",0.002554
"11595_1",0.001684
"9840_7",0.980907
"1027_9",0.998260
"11691_2",0.002705
"1154_10",0.997613
"4599_4",0.003242
"2126_1",0.044905
"10719_3",0.001890
"11925_2",0.001782
"1938_2",0.002296
"7233_7",0.007907
"1747_8",0.998044
"4994_8",0.993305
"10696_10",0.993052
"7348_10",0.997508
"9121_8",0.997548
"902_10",0.996754
"8046_1",0.001527
"3604_7",0.988594
"4886_8",0.997349
"2821_10",0.998125
"10180_8",0.997420
"11376_10",0.997408
"11195_2",0.001878
"5625_9",0.998247
"9284_9",0.998280
"6747_1",0.033010
"3910_9",0.524388
"11412_7",0.997835
"2456_10",0.998089
"6105_10",0.998098
"5732_10",0.994662
"1960_9",0.997048
"6363_7",0.990767
"9596_10",0.996768
"8605_3",0.003719
"174_2",0.001889
"8251_1",0.002182
"8567_10",0.994050
"7007_3",0.006835
"2418_8",0.997580
"12030_8",0.992541
"7626_7",0.992898
"6070_3",0.005526
"802_1",0.001546
"10801_10",0.991971
"8559_1",0.001615
"2495_2",0.979327
"10777_9",0.998466
"2958_7",0.995874
"3701_10",0.998079
"2754_9",0.997581
"1210_1",0.001646
"7830_10",0.998090
"4523_9",0.997151
"12408_4",0.003470
"5748_1",0.002083
"3982_2",0.002388
"9658_8",0.997233
"73_10",0.997539
"3952_1",0.004318
"4064_8",0.992905
"9835_4",0.918283
"12463_1",0.003006
"905_10",0.996853
"5634_8",0.996601
"800_3",0.001852
"11576_10",0.998162
"8546_4",0.002532
"8456_1",0.009889
"163_1",0.001840
"7616_3",0.002272
"17_3",0.004388
"620_2",0.002055
"4250_4",0.004771
"4403_1",0.001728
"7107_3",0.954431
"9691_9",0.995438
"4069_8",0.997593
"3747_7",0.996817
"7930_10",0.997998
"1088_3",0.003346
"3683_1",0.002531
"11138_1",0.002215
"1825_10",0.997968
"9888_3",0.002932
"8079_10",0.998233
"1508_2",0.001860
"2471_4",0.003202
"5238_7",0.996992
"4947_9",0.997883
"1791_10",0.985198
"5824_4",0.002802
"10408_2",0.004466
"6053_8",0.997373
"6811_4",0.002170
"6398_4",0.005549
"137_7",0.983933
"3920_9",0.996234
"8179_2",0.003222
"10602_8",0.029020
"10509_8",0.996846
"7346_3",0.002786
"2663_1",0.003244
"1342_2",0.011999
"5714_4",0.002061
"9669_10",0.998001
"6038_3",0.028367
"11957_10",0.991703
"750_2",0.001964
"12386_10",0.098287
"7178_1",0.001580
"8070_8",0.990273
"8993_1",0.002396
"1178_4",0.021743
"10457_8",0.998254
"5287_1",0.002100
"3098_8",0.931726
"3505_8",0.998147
"10271_1",0.003764
"4354_3",0.001602
"4817_1",0.002474
"11313_1",0.002475
"9023_10",0.998001
"8404_1",0.001760
"11847_1",0.002354
"5374_9",0.998181
"1009_8",0.997630
"4197_1",0.001593
"10803_9",0.987363
"6609_9",0.994495
"519_1",0.001686
"7675_3",0.004822
"10204_10",0.995825
"10565_1",0.018171
"1641_1",0.004195
"11170_10",0.998165
"451_2",0.058903
"4526_7",0.953884
"5639_9",0.998238
"5642_1",0.002264
"9159_3",0.997661
"11173_10",0.974934
"10772_10",0.977058
"11172_10",0.997738
"10213_4",0.610876
"11256_9",0.998189
"5863_1",0.001521
"5125_1",0.003093
"5624_10",0.996445
"10355_10",0.037243
"6623_1",0.001892
"3674_1",0.001816
"540_8",0.865007
"5202_10",0.986110
"9644_10",0.997831
"4780_1",0.002834
"2002_9",0.056400
"7228_10",0.998166
"4036_2",0.001407
"9925_9",0.997590
"1137_10",0.997528
"5679_1",0.001831
"9162_2",0.001656
"2849_3",0.001768
"3546_4",0.001798
"7164_1",0.001869
"1749_10",0.991559
"11988_2",0.001763
"365_10",0.997952
"7340_10",0.997880
"1543_3",0.004081
"6008_2",0.011542
"2230_4",0.007670
"10105_3",0.002039
"5443_1",0.001603
"5024_1",0.004356
"5630_8",0.995392
"7603_10",0.998462
"12205_10",0.888087
"5910_7",0.997967
"7006_8",0.997165
"3287_10",0.995239
"3136_1",0.002559
"6547_4",0.006414
"9329_1",0.001966
"1679_10",0.998336
"1659_7",0.996561
"2015_1",0.001677
"5236_1",0.002145
"2201_2",0.002201
"6026_3",0.010292
"12093_8",0.997983
"11394_10",0.031039
"9512_1",0.002197
"8401_3",0.003445
"5239_8",0.997847
"5018_10",0.997320
"38_8",0.998118
"2968_7",0.025793
"5359_3",0.002009
"10419_4",0.012240
"1551_4",0.006534
"11346_1",0.008655
"809_1",0.001855
"9823_4",0.792012
"10125_8",0.997446
"8819_10",0.998494
"9038_4",0.003306
"1968_1",0.002180
"6642_2",0.001643
"9015_10",0.998461
"12198_2",0.002198
"2758_9",0.988153
"9206_3",0.002235
"4370_7",0.993936
"1985_2",0.012064
"3031_7",0.997092
"10172_1",0.001949
"4527_1",0.001627
"5458_9",0.998125
"6534_1",0.001863
"4347_1",0.001675
"11152_10",0.997600
"9238_3",0.957580
"6161_8",0.998293
"2299_1",0.002185
"1133_1",0.131918
"11774_3",0.005816
"1095_2",0.002064
"11311_10",0.996032
"1126_1",0.001804
"2385_9",0.996993
"10710_10",0.996736
"10106_1",0.001636
"3363_1",0.001742
"11480_10",0.998326
"5183_1",0.001525
"7100_7",0.994084
"752_10",0.997922
"11958_8",0.995981
"2518_1",0.004719
"4744_9",0.996136
"53_7",0.993697
"12289_1",0.005287
"9239_4",0.261339
"8758_10",0.997396
"9050_9",0.997149
"10390_7",0.998413
"11780_8",0.487597
"9518_1",0.001736
"3442_1",0.002001
"6316_9",0.998143
"2826_9",0.997999
"5908_10",0.998106
"3720_7",0.998079
"8481_1",0.001963
"1188_10",0.998125
"2784_10",0.998190
"12352_3",0.984636
"1771_10",0.995963
"5255_1",0.405699
"328_4",0.002752
"313_10",0.994875
"10530_1",0.001912
"4866_7",0.996074
"8936_1",0.001556
"10029_10",0.997750
"12383_10",0.986600
"1922_1",0.001603
"3012_7",0.989293
"11593_3",0.183439
"8661_1",0.002161
"10457_1",0.001780
"8074_4",0.997505
"11993_10",0.843473
"6_7",0.997744
"2542_9",0.997711
"11454_3",0.002714
"6776_4",0.966499
"9466_1",0.021297
"11100_4",0.003218
"6429_10",0.996889
"11218_3",0.988874
"8310_1",0.002079
"7432_4",0.003166
"10115_1",0.001973
"11127_7",0.998271
"3306_2",0.002211
"6998_7",0.008086
"12166_2",0.003094
"7792_10",0.997384
"9250_1",0.001707
"3351_7",0.994655
"3350_8",0.998194
"2393_3",0.003541
"5473_3",0.023172
"73_4",0.451646
"1504_1",0.001612
"10317_10",0.997136
"5795_1",0.002282
"1511_9",0.990816
"2537_2",0.005068
"8010_4",0.002732
"1616_3",0.003785
"4332_2",0.001603
"8499_1",0.002476
"1636_8",0.994860
"7752_3",0.002059
"5848_7",0.954128
"5370_2",0.002525
"10600_10",0.996884
"5501_3",0.001842
"9948_7",0.991930
"10683_4",0.023316
"10013_4",0.003245
"11704_2",0.002018
"431_9",0.997877
"11855_10",0.967619
"2671_7",0.765069
"5831_2",0.002727
"7920_10",0.997944
"276_1",0.644244
"6245_2",0.011053
"89_3",0.002520
"7871_1",0.001790
"1707_1",0.002142
"6640_1",0.001656
"723_10",0.997418
"11391_1",0.002386
"3534_3",0.001425
"10449_10",0.998031
"180_10",0.998499
"5128_1",0.004736
"471_10",0.998468
"2341_10",0.998119
"3204_7",0.886848
"1818_10",0.998150
"4489_10",0.992536
"12034_10",0.988424
"11264_10",0.998196
"8077_7",0.041529
"12206_10",0.990838
"11549_3",0.002404
"8993_10",0.997413
"1937_4",0.005236
"7778_3",0.085048
"9714_9",0.993618
"7219_4",0.005272
"6518_4",0.001855
"8421_10",0.998083
"10563_2",0.002597
"2527_9",0.998357
"11147_10",0.998177
"832_7",0.984366
"8972_7",0.876413
"2311_9",0.997851
"6794_1",0.001708
"1769_10",0.997911
"11130_1",0.001828
"8331_3",0.003011
"5564_10",0.996039
"2594_10",0.994219
"11037_1",0.002013
"6679_9",0.997235
"419_4",0.012267
"2635_10",0.997092
"4436_4",0.004193
"10972_1",0.002193
"708_3",0.477786
"9113_1",0.001790
"1438_9",0.998275
"2048_4",0.001658
"4488_10",0.996403
"7889_3",0.020400
"11498_9",0.998078
"8780_1",0.015196
"2036_7",0.996513
"1861_1",0.272688
"581_4",0.008875
"9253_10",0.997932
"977_4",0.992567
"5693_7",0.996712
"6515_9",0.997997
"9378_1",0.002657
"6695_2",0.002747
"8507_1",0.012372
"829_2",0.002139
"11023_8",0.998363
"70_1",0.004055
"3669_8",0.997022
"10033_8",0.997476
"9158_4",0.002429
"817_1",0.001820
"4679_1",0.001582
"8133_4",0.003813
"3531_1",0.001836
"10742_1",0.002330
"5579_3",0.009781
"9041_1",0.002478
"4938_1",0.002873
"4246_9",0.970415
"4275_9",0.992748
"6819_3",0.001786
"6327_7",0.037791
"6101_10",0.995076
"11852_2",0.001885
"10252_10",0.996953
"4348_8",0.894508
"5328_4",0.005796
"11964_9",0.997903
"8634_1",0.002840
"3702_8",0.998160
"1677_2",0.003799
"5907_1",0.003308
"8432_10",0.998373
"3570_3",0.956948
"9624_10",0.996993
"11466_4",0.006829
"9062_10",0.998327
"12336_1",0.001837
"3476_1",0.002773
"7033_2",0.001601
"2660_3",0.006245
"741_1",0.001956
"11490_1",0.002032
"6580_7",0.997700
"1807_3",0.004970
"4785_1",0.001707
"6319_10",0.996051
"4437_8",0.997842
"3533_10",0.998288
"12119_3",0.004582
"151_8",0.998080
"7829_7",0.005585
"5497_1",0.001967
"7477_10",0.997958
"5879_10",0.997952
"8068_10",0.997999
"7989_3",0.993041
"8480_10",0.996584
"10352_10",0.997724
"120_2",0.001925
"10135_3",0.004395
"8091_1",0.001787
"8505_8",0.994177
"3282_1",0.005965
"11570_10",0.998143
"11052_8",0.987372
"5549_10",0.998242
"3891_8",0.996859
"3537_9",0.997612
"8503_3",0.019574
"3995_4",0.991177
"10979_3",0.003194
"11681_1",0.002967
"536_7",0.997723
"11739_8",0.998267
"6951_10",0.998254
"6210_2",0.002070
"1449_4",0.986036
"11860_10",0.996728
"11149_8",0.998156
"4021_7",0.997041
"5104_3",0.062049
"2989_3",0.001779
"10112_10",0.998460
"6718_1",0.001584
"7654_4",0.972873
"9481_10",0.997977
"7984_2",0.001601
"1348_8",0.998144
"11079_8",0.955418
"9554_10",0.996823
"8617_8",0.998054
"315_8",0.998109
"6085_8",0.997991
"1823_9",0.998441
"3208_10",0.998316
"924_4",0.006320
"6479_10",0.996629
"7017_10",0.991782
"8595_4",0.015068
"4532_10",0.998450
"5145_4",0.071575
"2358_7",0.242332
"11151_4",0.005604
"10238_7",0.997548
"564_9",0.092923
"4054_10",0.998263
"8852_9",0.998034
"10137_10",0.997558
"7014_3",0.002687
"1533_4",0.001637
"8257_2",0.003582
"8719_8",0.992436
"5041_1",0.001795
"1469_9",0.992518
"11726_3",0.001944
"2002_1",0.001769
"12293_3",0.003784
"3672_1",0.001785
"11110_10",0.998143
"3931_1",0.883436
"6972_1",0.003308
"10186_1",0.001529
"9265_3",0.010740
"7412_3",0.024147
"5427_2",0.001890
"5006_4",0.003497
"3199_1",0.001643
"6256_8",0.725576
"418_9",0.996513
"8834_9",0.997228
"5093_10",0.998005
"3190_2",0.001765
"12360_4",0.001827
"9477_1",0.001977
"6085_1",0.001552
"7773_10",0.998198
"255_4",0.009493
"1661_1",0.001576
"1627_10",0.998295
"9204_2",0.004592
"3704_8",0.009930
"11898_9",0.997458
"1137_1",0.002465
"101_9",0.997037
"1142_1",0.001691
"5314_8",0.998352
"10932_4",0.001758
"9639_2",0.004416
"12125_7",0.997945
"10998_1",0.001692
"5186_7",0.980403
"10340_1",0.028615
"7419_8",0.996918
"6929_3",0.002582
"7238_4",0.002811
"10869_7",0.984827
"4106_1",0.001571
"6589_2",0.977728
"9619_7",0.994773
"7116_4",0.927649
"8889_1",0.001560
"3901_9",0.998282
"7052_7",0.954094
"6439_1",0.001715
"5309_1",0.002656
"4515_3",0.003639
"3029_4",0.004014
"10310_1",0.001882
"12350_10",0.997776
"532_8",0.875674
"11145_8",0.997866
"75_10",0.997440
"6137_3",0.001563
"1637_2",0.001880
"12327_10",0.998439
"2177_7",0.996916
"1879_1",0.002918
"8745_2",0.001680
"3099_8",0.996982
"7354_4",0.002878
"10103_1",0.001497
"3296_10",0.998041
"8494_9",0.998101
"3423_4",0.994643
"7609_8",0.008288
"4265_10",0.987157
"1872_7",0.956722
"10987_10",0.997861
"2849_7",0.998313
"628_1",0.002055
"1391_1",0.001977
"7456_1",0.001776
"12150_1",0.002155
"7718_9",0.998365
"5787_3",0.013423
"12162_8",0.990258
"11670_7",0.989939
"1784_8",0.983868
"7483_8",0.995857
"9564_9",0.995813
"10832_9",0.994736
"12230_1",0.001755
"2291_8",0.997335
"8416_3",0.003452
"9486_10",0.998303
"8153_10",0.998316
"5164_10",0.995824
"6347_8",0.997604
"7773_2",0.003164
"12215_1",0.001676
"10039_8",0.993952
"9803_9",0.998313
"1589_1",0.003743
"1615_9",0.997313
"119_3",0.001925
"623_8",0.997552
"10427_1",0.002008
"11697_4",0.220608
"6168_2",0.001994
"2658_3",0.007350
"1841_4",0.002015
"10572_1",0.002390
"6964_8",0.152637
"5172_1",0.002858
"989_7",0.026145
"159_10",0.998293
"5240_1",0.001755
"11777_1",0.001675
"8350_3",0.002615
"2565_1",0.001860
"7694_10",0.997754
"7759_1",0.001839
"3003_4",0.003896
"7128_2",0.001765
"8147_4",0.004846
"6595_9",0.998231
"8949_3",0.838400
"9848_4",0.002629
"7496_8",0.998077
"11857_10",0.996690
"3237_1",0.002344
"5404_1",0.002023
"10699_8",0.910871
"6138_4",0.005443
"909_4",0.617742
"11833_10",0.998450
"11817_10",0.998420
"171_2",0.002244
"2517_7",0.973013
"10307_7",0.979485
"370_2",0.008765
"5995_8",0.997037
"4612_1",0.001984
"6561_8",0.979488
"7454_1",0.001510
"2951_2",0.001894
"8860_1",0.001879
"411_3",0.003466
"664_3",0.001686
"4345_10",0.996907
"4452_1",0.007956
"2833_2",0.001862
"10374_3",0.014643
"9322_1",0.004662
"9923_3",0.002437
"8687_3",0.539091
"7567_9",0.980436
"137_3",0.002000
"7872_1",0.001645
"6968_4",0.003545
"1540_10",0.998323
"9157_10",0.988429
"4102_10",0.997270
"6645_1",0.002438
"7630_10",0.987531
"3958_9",0.968725
"11437_9",0.997246
"6982_1",0.001982
"4870_2",0.006842
"3545_7",0.997163
"204_1",0.001809
"6844_10",0.995650
"4736_1",0.001882
"9120_9",0.996799
"1608_1",0.002010
"1251_10",0.998197
"12315_10",0.997086
"11754_10",0.998461
"2399_3",0.003353
"11499_8",0.995670
"3870_10",0.995659
"5503_10",0.997670
"4045_10",0.997941
"3063_1",0.002910
"10914_7",0.896118
"8509_10",0.996967
"5872_1",0.004386
"5729_4",0.002470
"10865_2",0.002016
"10218_4",0.014623
"2096_4",0.007823
"11344_1",0.003062
"10623_2",0.002036
"11241_10",0.996384
"7254_2",0.034724
"7892_1",0.001606
"3472_8",0.996759
"11637_4",0.004347
"11853_9",0.997975
"1096_7",0.997880
"8508_3",0.005731
"9400_10",0.998166
"1128_10",0.996675
"5989_10",0.998164
"8021_1",0.001643
"7860_10",0.998125
"1131_10",0.997273
"5589_1",0.002244
"5662_8",0.998349
"2161_7",0.973066
"323_10",0.998264
"2431_1",0.005094
"10147_7",0.997783
"2956_7",0.993919
"12005_3",0.011759
"477_2",0.002638
"202_9",0.997893
"5710_10",0.997883
"2262_7",0.995354
"7103_8",0.996004
"10237_3",0.002892
"12151_1",0.003663
"7485_2",0.009855
"2438_10",0.997872
"4069_2",0.002513
"5593_2",0.001700
"11163_1",0.007134
"6754_10",0.998270
"9147_2",0.001957
"9614_10",0.997684
"4427_7",0.977607
"1382_1",0.002124
"11132_7",0.983407
"6371_3",0.003637
"11221_4",0.003435
"10071_2",0.004166
"4936_2",0.001927
"1797_3",0.868010
"6692_4",0.017501
"5816_1",0.006198
"6163_2",0.001989
"2042_8",0.996306
"856_3",0.002255
"1233_10",0.998245
"9537_10",0.998117
"9504_9",0.997500
"788_10",0.998299
"3399_8",0.997044
"7142_4",0.001774
"10371_4",0.033555
"760_7",0.997049
"3614_10",0.998273
"3314_1",0.003275
"3447_10",0.997244
"12240_10",0.958849
"10083_10",0.998430
"9936_10",0.997543
"7651_10",0.998180
"1470_1",0.002277
"2703_7",0.996516
"5637_10",0.998399
"6102_1",0.001858
"8991_8",0.995851
"9606_10",0.997382
"10568_4",0.002341
"7126_10",0.995944
"4203_10",0.997446
"4486_2",0.002230
"3408_9",0.997240
"2867_8",0.996159
"7338_8",0.997998
"8065_4",0.002295
"2510_3",0.001812
"2110_7",0.988044
"4097_4",0.003877
"7484_8",0.077792
"5789_10",0.997555
"8070_2",0.002080
"867_2",0.386766
"1364_3",0.002924
"10654_2",0.001560
"12417_4",0.972129
"10470_10",0.998253
"6544_10",0.018779
"8904_8",0.997365
"10282_2",0.008316
"497_9",0.998199
"2659_10",0.996802
"9609_7",0.996748
"3010_3",0.005640
"9134_1",0.002486
"8990_1",0.001949
"6960_4",0.082969
"9566_9",0.989855
"7923_4",0.002642
"4542_10",0.998071
"7185_3",0.001911
"1918_10",0.998038
"2316_8",0.995806
"5846_10",0.997047
"1023_10",0.997865
"7141_7",0.997306
"3724_10",0.997931
"3617_2",0.002470
"7095_1",0.001641
"12201_10",0.997931
"10309_2",0.876294
"5584_8",0.997761
"2063_10",0.998091
"10874_1",0.001937
"4084_2",0.001962
"2765_1",0.001857
"11390_3",0.002703
"4676_1",0.002872
"2130_7",0.005200
"12032_7",0.003485
"9671_3",0.002442
"816_7",0.996799
"11320_8",0.968094
"1458_8",0.997584
"1938_7",0.996140
"2861_8",0.992574
"5768_9",0.986127
"5049_9",0.997252
"8083_1",0.969902
"4825_1",0.001715
"1740_9",0.998195
"3034_10",0.440767
"9977_7",0.989459
"8459_10",0.997761
"1103_10",0.978734
"3783_10",0.997896
"754_2",0.002615
"5580_10",0.998483
"3472_2",0.001892
"2640_3",0.005694
"5400_2",0.008353
"5881_10",0.998481
"10970_4",0.020160
"8842_1",0.002317
"5336_8",0.954863
"1398_1",0.003319
"12310_10",0.998263
"6012_8",0.946694
"1508_7",0.115488
"2981_8",0.993512
"576_8",0.996104
"9683_7",0.926215
"10336_1",0.002972
"3345_3",0.008138
"7683_7",0.996535
"6366_9",0.997683
"6741_9",0.998323
"11396_2",0.003240
"4964_10",0.997959
"12285_10",0.998375
"11018_9",0.998019
"3902_9",0.994846
"4147_8",0.996534
"1748_10",0.996978
"10084_3",0.770083
"3265_7",0.992128
"6160_1",0.002149
"2984_10",0.997985
"1305_1",0.001624
"9075_4",0.990745
"11710_7",0.989881
"2443_10",0.998020
"938_10",0.997565
"1392_7",0.008135
"10406_8",0.966036
"4302_7",0.935209
"2836_8",0.992925
"2365_3",0.002696
"98_1",0.002297
"8325_10",0.998275
"300_9",0.998286
"7667_1",0.997021
"4313_10",0.997509
"12450_3",0.028045
"8582_1",0.039380
"11325_9",0.860594
"8482_1",0.001868
"7304_8",0.997902
"9439_1",0.001691
"2656_10",0.997629
"4306_3",0.003161
"10079_1",0.001547
"11172_1",0.002289
"6095_9",0.998525
"5698_1",0.002659
"35_1",0.002590
"6043_3",0.002301
"2261_1",0.001721
"4784_10",0.995477
"10936_7",0.987970
"5316_10",0.998112
"8361_8",0.997490
"10373_2",0.003121
"500_10",0.997729
"371_4",0.072488
"3434_4",0.002277
"3654_2",0.002052
"11280_2",0.025555
"6542_9",0.996713
"10313_10",0.998044
"7267_1",0.008267
"11897_3",0.003350
"7321_2",0.003460
"1516_7",0.993376
"1640_1",0.002240
"9456_10",0.995452
"2769_10",0.996608
"6280_7",0.997461
"12399_10",0.998206
"6206_7",0.997423
"8836_4",0.916749
"5254_9",0.997926
"10903_1",0.002511
"3966_10",0.997352
"4048_10",0.998521
"1528_9",0.998394
"6219_10",0.997571
"8280_4",0.006379
"7974_10",0.990863
"6956_8",0.997777
"5975_10",0.998090
"6759_10",0.997326
"963_2",0.003256
"12158_10",0.998173
"148_1",0.949865
"8831_1",0.950596
"11556_9",0.996730
"9038_10",0.991963
"4421_10",0.997565
"5236_8",0.995050
"3753_10",0.996950
"9334_3",0.004614
"2444_4",0.002571
"2890_3",0.003338
"9132_9",0.997610
"11413_10",0.997852
"3424_4",0.992959
"1258_3",0.002286
"5277_10",0.998106
"706_10",0.998461
"3527_10",0.998341
"4081_9",0.983947
"3895_2",0.004617
"11528_2",0.002075
"7285_9",0.998082
"12339_7",0.980835
"729_1",0.002501
"6291_1",0.002683
"12296_9",0.996730
"5913_10",0.998492
"7770_10",0.998292
"9546_2",0.003092
"2383_4",0.996295
"6802_7",0.994582
"5445_2",0.004912
"687_3",0.002385
"9982_8",0.997937
"11830_10",0.800790
"4271_1",0.001940
"7279_10",0.997854
"1599_7",0.010113
"10880_10",0.998351
"2838_10",0.998179
"4234_9",0.997513
"7674_2",0.004273
"6156_8",0.998410
"11657_4",0.002392
"11738_2",0.001820
"11962_8",0.996549
"10966_8",0.921009
"6421_1",0.002157
"1476_3",0.002454
"7022_8",0.998334
"11500_8",0.996905
"6263_2",0.001508
"8989_9",0.993361
"2395_9",0.996523
"9311_1",0.009923
"6386_4",0.002181
"91_4",0.233970
"3759_3",0.002721
"11766_2",0.007623
"11290_7",0.767214
"5627_3",0.024927
"3278_1",0.003893
"9682_9",0.998124
"11894_1",0.001673
"10387_9",0.998183
"884_8",0.998185
"8408_2",0.002449
"5772_2",0.116075
"11422_1",0.011725
"9709_1",0.002813
"701_8",0.995387
"2721_8",0.998011
"4875_3",0.002029
"6356_1",0.001656
"7446_3",0.003440
"2440_4",0.032845
"9732_1",0.001853
"9109_10",0.993859
"7578_2",0.009212
"11017_8",0.994277
"12498_1",0.001563
"4942_2",0.001865
"4939_10",0.998479
"8451_4",0.016282
"6274_1",0.002137
"11635_4",0.005011
"8931_1",0.001775
"109_4",0.993309
"11744_7",0.988406
"5351_4",0.874489
"1120_9",0.997299
"10494_2",0.003166
"5317_10",0.998226
"6139_2",0.006069
"12322_8",0.998042
"11239_3",0.007088
"4815_7",0.985312
"11979_10",0.995263
"254_10",0.991984
"10286_3",0.001907
"6457_10",0.997955
"4662_8",0.996825
"6298_4",0.002352
"2704_4",0.427726
"11313_10",0.995375
"187_10",0.998430
"1166_1",0.001995
"12126_3",0.001647
"1813_9",0.994554
"6282_10",0.998244
"10525_7",0.997982
"8887_1",0.005385
"11605_7",0.011624
"6533_1",0.001649
"1210_8",0.996279
"11904_8",0.995344
"10659_10",0.997579
"7004_4",0.001854
"10260_10",0.997958
"11997_7",0.007681
"7850_4",0.968219
"2085_3",0.001881
"11839_1",0.001903
"419_9",0.998353
"4157_10",0.997162
"8253_8",0.998116
"11268_2",0.001837
"12119_10",0.992618
"10259_10",0.016324
"978_1",0.056315
"6848_4",0.004214
"9368_4",0.007539
"7863_9",0.995459
"4157_3",0.002290
"4184_10",0.996573
"2888_1",0.001691
"8073_4",0.014143
"1755_1",0.008611
"7688_2",0.137066
"5966_7",0.996258
"10673_9",0.997976
"4110_7",0.040738
"699_9",0.998077
"9240_2",0.002330
"3651_10",0.998184
"3933_7",0.995186
"2960_7",0.997768
"10664_1",0.001787
"358_9",0.996939
"11200_10",0.995401
"4471_8",0.998311
"11661_2",0.005550
"12304_1",0.002156
"2442_4",0.591098
"7134_9",0.996838
"4214_2",0.002143
"4869_8",0.971627
"6372_1",0.005623
"10236_4",0.042709
"12189_1",0.001932
"9715_8",0.989566
"5751_10",0.994118
"166_7",0.992500
"11889_2",0.002419
"5098_1",0.003590
"8126_7",0.998060
"9302_7",0.994242
"10430_10",0.997598
"445_9",0.998133
"4550_10",0.997959
"10995_10",0.998385
"7154_1",0.002319
"3983_3",0.019523
"1446_9",0.997152
"865_10",0.996060
"3012_1",0.001865
"3562_3",0.004352
"2551_1",0.001897
"6440_1",0.002719
"10241_10",0.998290
"1542_7",0.956887
"1405_2",0.002330
"11835_10",0.998276
"4023_3",0.002801
"1287_1",0.001539
"11059_2",0.002396
"2583_8",0.978297
"1550_2",0.005294
"11382_3",0.002547
"5567_10",0.998090
"11033_1",0.001777
"5543_1",0.001698
"8631_10",0.996981
"10871_1",0.001651
"6955_9",0.997708
"6254_4",0.017292
"2179_4",0.004587
"7559_8",0.998356
"12431_8",0.996596
"279_10",0.997297
"2127_8",0.997929
"3803_10",0.992719
"12200_1",0.001770
"3480_9",0.997297
"5156_8",0.998148
"1718_2",0.001910
"12145_9",0.997667
"1560_4",0.977220
"11646_1",0.001621
"10378_4",0.006315
"8281_3",0.001854
"10393_9",0.997589
"1402_4",0.009540
"3958_4",0.003407
"3676_1",0.001575
"3709_1",0.001571
"10668_7",0.996484
"11972_1",0.002232
"4842_1",0.001933
"1889_8",0.998051
"3990_1",0.002733
"6467_7",0.066414
"5928_4",0.892989
"4639_10",0.993561
"4748_8",0.997833
"5417_10",0.997603
"2351_4",0.020901
"4365_1",0.002560
"3591_2",0.001925
"5914_10",0.995497
"8099_2",0.002842
"5510_1",0.001553
"314_10",0.997984
"8544_10",0.998354
"3799_1",0.002201
"5650_2",0.002209
"1646_7",0.192350
"11586_9",0.998038
"2389_9",0.997677
"908_3",0.008696
"654_9",0.998255
"6323_9",0.998121
"3014_7",0.994723
"11312_9",0.996033
"5457_3",0.001833
"6071_3",0.002690
"12459_1",0.002294
"8639_4",0.002122
"3600_8",0.995503
"9052_3",0.302284
"528_1",0.001788
"7692_1",0.003406
"6885_3",0.002583
"11395_4",0.980811
"11763_1",0.007877
"3631_1",0.001755
"4296_3",0.002730
"4810_3",0.004169
"6660_2",0.001850
"850_7",0.994982
"6731_10",0.997306
"12129_1",0.001790
"11525_7",0.997638
"5782_10",0.970379
"4613_2",0.001927
"4460_8",0.997788
"2992_10",0.998141
"570_9",0.997958
"5908_4",0.005271
"4677_4",0.002964
"5791_10",0.997875
"5718_10",0.997820
"12453_10",0.796747
"8364_8",0.996481
"7761_10",0.989195
"3459_1",0.002879
"9169_1",0.001837
"12022_2",0.959141
"10869_1",0.001936
"4997_1",0.001728
"2430_8",0.005733
"5011_4",0.002832
"3011_1",0.001788
"8425_3",0.002696
"6517_8",0.997946
"9300_9",0.997522
"840_8",0.974153
"2662_10",0.998258
"2724_1",0.002009
"5654_10",0.996434
"5574_10",0.998057
"5606_3",0.001945
"7717_8",0.997723
"11202_10",0.997080
"6889_10",0.998313
"3712_10",0.998261
"3042_3",0.002334
"7858_8",0.995086
"4902_8",0.997793
"11885_1",0.002020
"7582_1",0.001812
"8450_7",0.991958
"9368_9",0.995271
"7616_8",0.997653
"4443_3",0.015817
"2344_1",0.001627
"11861_9",0.997297
"7738_8",0.997915
"327_10",0.997879
"8175_4",0.002579
"10189_10",0.998055
"8691_1",0.003055
"12236_2",0.001715
"7341_3",0.048012
"3261_1",0.001808
"8809_4",0.001872
"3735_3",0.002377
"9339_8",0.995636
"8242_4",0.342454
"6787_4",0.685193
"4379_4",0.003458
"5967_4",0.045124
"5568_8",0.994877
"4579_4",0.009076
"7066_1",0.001910
"12323_1",0.002195
"2673_9",0.993576
"2639_7",0.996925
"8323_10",0.996263
"246_10",0.997421
"653_1",0.002995
"2407_1",0.002863
"2795_1",0.001697
"11793_4",0.911521
"2848_4",0.134946
"6040_4",0.015895
"9388_2",0.003952
"909_10",0.998415
"2567_2",0.005087
"4473_8",0.997685
"4451_3",0.717378
"10296_1",0.004549
"5111_7",0.146683
"8281_9",0.998431
"4957_8",0.983695
"8249_1",0.093914
"1572_3",0.002625
"5718_2",0.023031
"5959_3",0.002468
"3013_9",0.997598
"3544_1",0.002011
"11250_10",0.997971
"5162_9",0.996906
"8872_9",0.997942
"11122_8",0.998229
"991_4",0.003381
"6322_9",0.985046
"7065_8",0.997846
"9704_7",0.171702
"4317_9",0.993821
"11622_10",0.998204
"10725_7",0.994664
"6549_1",0.001667
"9062_3",0.003241
"10253_7",0.989941
"4035_9",0.998142
"5437_1",0.008321
"1779_1",0.001961
"8740_2",0.001621
"10175_7",0.997392
"5331_4",0.001924
"9506_3",0.002766
"11199_4",0.002567
"9948_2",0.002444
"252_9",0.994862
"1094_3",0.006585
"9145_3",0.005683
"506_8",0.997458
"7126_1",0.002700
"3317_1",0.003207
"11439_4",0.003041
"6583_1",0.002204
"2805_8",0.998317
"1841_10",0.998085
"2698_3",0.405864
"6956_4",0.012536
"7664_8",0.985614
"97_1",0.002039
"4588_9",0.994232
"5220_1",0.001641
"45_2",0.003011
"5812_4",0.022809
"6625_8",0.984733
"2816_9",0.957207
"11463_1",0.006094
"158_9",0.996286
"6633_1",0.001876
"1184_10",0.989482
"3967_1",0.015028
"6653_7",0.972456
"6093_1",0.002255
"2932_7",0.990437
"1522_1",0.001498
"2529_1",0.004078
"1475_1",0.002982
"2027_8",0.998185
"1854_1",0.002246
"6269_10",0.995872
"2184_7",0.996870
"4923_3",0.813809
"10827_9",0.998308
"10885_10",0.998203
"3281_1",0.001701
"1468_7",0.928158
"104_1",0.002081
"3898_3",0.002669
"10973_7",0.996700
"8900_7",0.996502
"10735_1",0.002318
"4992_1",0.001548
"368_8",0.998338
"6709_4",0.002233
"10453_1",0.001622
"139_4",0.942300
"12079_1",0.001650
"7001_4",0.002848
"10533_3",0.888317
"2307_8",0.996888
"7241_9",0.997714
"7717_3",0.001845
"6223_2",0.002959
"9500_2",0.001879
"669_10",0.996712
"1596_3",0.039065
"3576_7",0.986064
"8263_8",0.998213
"6832_4",0.003526
"5158_9",0.996865
"5899_10",0.998337
"5794_4",0.517234
"8854_10",0.997233
"11036_7",0.840956
"8803_3",0.083926
"5733_4",0.004968
"5268_10",0.998258
"12297_2",0.001872
"6862_1",0.002134
"5515_3",0.002852
"3382_10",0.998427
"6738_2",0.001568
"3832_1",0.001719
"10210_7",0.996908
"12080_3",0.032850
"7748_2",0.001925
"4788_1",0.998187
"182_10",0.997574
"4478_4",0.003412
"6544_1",0.002843
"2705_7",0.990092
"10334_1",0.001569
"10374_10",0.997697
"2031_1",0.001752
"4671_7",0.998105
"6231_9",0.984021
"9077_3",0.001961
"6381_1",0.002606
"216_2",0.003368
"9956_4",0.569175
"10882_9",0.009876
"6192_10",0.010843
"10442_8",0.997158
"3199_10",0.997432
"7649_3",0.007098
"1793_9",0.997198
"7987_1",0.003612
"1678_1",0.003163
"8176_4",0.006982
"4674_2",0.006585
"5751_3",0.933782
"6904_9",0.997733
"8869_1",0.001540
"6844_2",0.001731
"8744_2",0.001925
"5430_3",0.987192
"1556_9",0.997532
"10830_9",0.997943
"5642_8",0.995807
"3337_1",0.002578
"5339_1",0.001745
"9198_1",0.002268
"5759_10",0.997173
"10632_9",0.996539
"2067_9",0.997067
"3442_10",0.993785
"3341_4",0.004160
"9055_4",0.014730
"5793_8",0.648393
"896_8",0.975560
"1804_2",0.002184
"1134_8",0.996939
"5532_8",0.993044
"2453_9",0.998317
"8113_2",0.002074
"12046_10",0.998460
"11873_8",0.995898
"4525_8",0.978045
"10377_2",0.011451
"2008_1",0.002109
"10288_1",0.002579
"1083_7",0.544960
"2415_2",0.016503
"6688_9",0.997876
"4448_9",0.996431
"9407_10",0.996507
"3976_4",0.867301
"3930_8",0.996810
"3950_10",0.997444
"5645_3",0.011755
"6064_9",0.998457
"8064_1",0.001951
"3643_1",0.002017
"10321_1",0.001893
"5858_1",0.007232
"8535_9",0.966996
"3643_7",0.023983
"10041_1",0.002830
"11014_10",0.990277
"11776_4",0.004371
"8227_7",0.996716
"11445_8",0.996475
"8756_10",0.997758
"9328_10",0.998010
"11734_10",0.996232
"10118_1",0.002886
"9690_2",0.003628
"7713_8",0.998389
"545_7",0.994283
"10603_8",0.994296
"5925_9",0.993389
"3105_1",0.001656
"10134_4",0.005260
"6354_2",0.058374
"9866_2",0.003742
"7553_10",0.998008
"11324_2",0.733885
"10532_1",0.002100
"439_1",0.001837
"11265_10",0.998152
"6568_8",0.998373
"9218_3",0.003870
"1939_2",0.004419
"4215_7",0.997477
"9968_10",0.997248
"12022_10",0.986630
"897_8",0.983704
"7129_8",0.997926
"7414_4",0.006658
"8118_9",0.995328
"6179_4",0.002756
"10124_8",0.998309
"7379_7",0.993597
"1075_9",0.998233
"2594_3",0.001714
"11482_4",0.012279
"7675_10",0.997218
"3127_8",0.988158
"7440_10",0.998060
"10215_10",0.994811
"5098_10",0.998293
"10534_2",0.001667
"12364_7",0.679601
"5191_1",0.001796
"4179_9",0.989314
"1433_3",0.002105
"12177_8",0.996990
"9519_8",0.998239
"5781_7",0.997654
"10031_8",0.986762
"2631_4",0.001683
"195_4",0.020787
"11432_7",0.961268
"3952_10",0.998119
"5805_2",0.001894
"5555_10",0.998147
"7161_4",0.003732
"1399_1",0.002604
"8332_3",0.002215
"2132_2",0.021297
"12031_1",0.004677
"8480_1",0.001803
"11103_4",0.008462
"12124_3",0.002301
"12072_9",0.998149
"9371_9",0.886735
"2144_4",0.004688
"5668_10",0.998201
"11790_10",0.997891
"6933_7",0.951346
"4932_10",0.997140
"216_10",0.994463
"5862_7",0.042587
"11669_3",0.002331
"7488_4",0.011945
"6402_10",0.997661
"3244_9",0.993647
"5108_7",0.994931
"10854_1",0.001924
"3404_10",0.998146
"4282_7",0.089443
"483_10",0.994311
"2110_4",0.008598
"6199_8",0.997382
"7942_10",0.997831
"314_2",0.001691
"6395_3",0.002114
"274_1",0.001889
"3421_2",0.002950
"4100_1",0.001699
"9232_1",0.002120
"7152_10",0.998347
"10721_7",0.997865
"3565_3",0.002403
"4223_1",0.001886
"3543_10",0.998210
"1256_7",0.995689
"6567_2",0.002002
"10658_9",0.996699
"1381_1",0.002210
"2591_1",0.001667
"4775_2",0.004073
"1743_8",0.986758
"3004_1",0.004622
"11712_7",0.412621
"2966_2",0.002583
"3139_1",0.002176
"989_4",0.003002
"2141_1",0.001612
"8224_1",0.001991
"10222_8",0.987192
"6540_1",0.002169
"7427_10",0.998307
"5519_1",0.967484
"945_2",0.001860
"3996_3",0.003954
"10202_9",0.998155
"1328_9",0.996624
"11425_2",0.001906
"1252_4",0.013549
"10086_1",0.040629
"3946_3",0.004604
"11834_8",0.996891
"10710_1",0.005337
"1858_8",0.996448
"1532_10",0.998015
"7082_10",0.014772
"9813_10",0.997866
"38_1",0.001778
"271_4",0.968570
"7184_1",0.001888
"11866_10",0.996275
"5983_1",0.002180
"5026_10",0.997655
"9030_1",0.001844
"11133_1",0.001607
"10130_2",0.001787
"8357_2",0.004247
"9824_1",0.038294
"7264_4",0.012779
"12449_2",0.015974
"1735_1",0.004426
"618_7",0.995170
"6421_7",0.994930
"6294_4",0.011127
"2174_2",0.001969
"5985_2",0.002497
"7121_10",0.014760
"7912_7",0.994596
"5015_1",0.002409
"6476_2",0.002487
"9954_8",0.996538
"10122_10",0.998237
"9334_9",0.988310
"11751_3",0.405425
"11607_7",0.998021
"11310_10",0.998142
"300_1",0.003277
"6520_4",0.002412
"6735_10",0.998467
"10008_8",0.997543
"7817_7",0.973963
"3634_10",0.998504
"5927_2",0.002745
"3414_3",0.002026
"12266_1",0.004680
"11276_7",0.995088
"5478_3",0.004760
"6992_1",0.003120
"8039_8",0.996451
"11491_4",0.311411
"7823_7",0.995810
"8662_9",0.998280
"9921_2",0.002965
"2058_9",0.998117
"3321_9",0.998225
"8634_7",0.930751
"2161_4",0.510039
"3441_9",0.997867
"10096_1",0.001757
"774_4",0.216809
"12086_9",0.996673
"1968_8",0.972990
"3269_1",0.002030
"2988_10",0.997502
"853_1",0.002331
"5303_10",0.998424
"11628_10",0.997931
"7772_2",0.002608
"2712_1",0.001711
"7362_4",0.002517
"3681_2",0.003268
"2066_1",0.001598
"7089_3",0.980838
"7393_10",0.970708
"7284_1",0.003155
"12199_7",0.052420
"3512_1",0.003034
"4349_2",0.003985
"11825_1",0.001953
"8351_3",0.002284
"467_3",0.005930
"2523_10",0.996217
"12078_8",0.997730
"1418_10",0.998475
"6552_10",0.998253
"10070_10",0.997681
"10031_2",0.002540
"7179_2",0.001582
"4533_1",0.003508
"11788_10",0.998055
"833_3",0.003770
"9777_1",0.001974
"6930_7",0.004469
"2310_10",0.998354
"2924_8",0.988074
"7252_10",0.997890
"10216_10",0.995672
"104_10",0.989168
"4283_4",0.003868
"6351_4",0.002571
"1272_4",0.005442
"11226_9",0.997078
"3342_10",0.996471
"3326_9",0.995369
"3541_8",0.998383
"8142_10",0.997172
"6491_10",0.997311
"2125_10",0.998052
"7008_10",0.998341
"5347_9",0.997410
"8420_9",0.997519
"10767_3",0.951070
"12094_1",0.001780
"11904_1",0.001604
"2635_1",0.001513
"4074_10",0.997639
"2470_1",0.049089
"5888_3",0.002234
"9164_4",0.005248
"11312_1",0.001925
"2588_3",0.002019
"9177_1",0.001919
"10361_9",0.997584
"9216_10",0.996979
"5754_3",0.003660
"12314_10",0.998242
"9044_3",0.123506
"5677_2",0.001912
"6664_4",0.002908
"2308_3",0.003013
"7377_3",0.913401
"9149_8",0.997300
"5244_3",0.002767
"10656_3",0.006581
"10885_1",0.001641
"4296_9",0.975547
"1770_2",0.033015
"4940_10",0.998300
"3984_10",0.997970
"2976_10",0.997648
"2767_1",0.001617
"11848_2",0.002098
"3096_10",0.731373
"9792_3",0.006964
"9785_10",0.003114
"10264_8",0.996546
"12277_7",0.994020
"8110_8",0.987116
"10396_8",0.997616
"3233_2",0.003926
"1903_1",0.008498
"4743_10",0.996718
"1417_9",0.998103
"2662_1",0.002689
"11231_4",0.972737
"9747_10",0.997307
"27_4",0.002990
"3310_2",0.015547
"3212_10",0.998463
"5608_3",0.001555
"1241_4",0.002890
"5543_7",0.992821
"7945_9",0.998134
"3705_7",0.934667
"1598_10",0.267930
"4273_10",0.997361
"5985_9",0.997281
"531_2",0.993293
"6744_7",0.929268
"10270_1",0.002199
"11199_9",0.997937
"9755_4",0.934454
"12080_10",0.998108
"5600_10",0.998374
"12216_10",0.994612
"10783_4",0.052355
"3307_1",0.002079
"10954_7",0.981317
"9959_4",0.002402
"10223_10",0.997779
"12130_1",0.998149
"11939_7",0.056595
"12318_10",0.998229
"6204_10",0.998165
"2927_9",0.209868
"2779_10",0.997849
"3661_1",0.002407
"9068_3",0.002564
"1970_2",0.124379
"7539_10",0.998079
"9241_3",0.001857
"9350_3",0.010053
"7885_8",0.997979
"1078_9",0.992396
"6062_2",0.002136
"1215_10",0.995073
"1561_3",0.004931
"2159_1",0.002458
"8637_10",0.998082
"8375_4",0.004227
"2864_1",0.002158
"186_9",0.998243
"1669_9",0.996054
"6936_9",0.993723
"7541_3",0.003759
"1515_7",0.769802
"5039_7",0.993599
"9269_1",0.003000
"4965_10",0.998008
"10028_3",0.005918
"3547_4",0.025697
"6070_10",0.998627
"11334_7",0.998100
"4980_7",0.861364
"5063_2",0.002822
"11637_8",0.917224
"310_1",0.002558
"9847_1",0.002410
"4433_9",0.996843
"4535_1",0.002565
"11209_10",0.997589
"242_3",0.002686
"6150_7",0.005319
"7499_2",0.001794
"10073_7",0.773736
"7352_3",0.002886
"6616_2",0.003364
"2148_1",0.002548
"322_1",0.002563
"638_1",0.002064
"3236_10",0.998170
"11913_7",0.995948
"7188_4",0.001935
"3999_2",0.001899
"1397_1",0.002051
"11768_8",0.996689
"10301_2",0.009511
"7486_10",0.996740
"7915_2",0.001695
"103_10",0.998382
"2249_1",0.366689
"11559_9",0.997265
"11374_4",0.002002
"7639_3",0.004487
"11922_3",0.006272
"6068_10",0.998643
"7681_3",0.810485
"3097_1",0.001882
"10233_3",0.003796
"9111_1",0.001876
"7240_2",0.002289
"10394_9",0.035838
"792_2",0.007474
"440_1",0.001689
"11141_1",0.001814
"7488_7",0.997786
"2731_4",0.004836
"11632_10",0.139364
"7577_3",0.009943
"12047_8",0.997761
"7055_8",0.997900
"394_9",0.995884
"777_2",0.002252
"6460_8",0.997406
"10412_2",0.001844
"9910_8",0.980451
"826_8",0.997954
"7381_1",0.003477
"1700_8",0.975495
"1131_2",0.002695
"6796_10",0.996218
"7084_8",0.997909
"5735_1",0.001925
"6290_7",0.998024
"10506_8",0.989477
"2276_8",0.983545
"6221_1",0.998041
"1404_4",0.981121
"1440_1",0.002250
"8199_9",0.998129
"1145_2",0.002488
"5546_4",0.009212
"816_3",0.274661
"10535_10",0.998245
"2_3",0.001957
"6735_1",0.001878
"2684_4",0.002419
"1765_10",0.985741
"4346_7",0.988672
"1157_9",0.754915
"4216_1",0.001721
"3937_8",0.997987
"11140_10",0.996861
"1635_1",0.003174
"4457_10",0.997222
"7250_8",0.997858
"3801_7",0.004634
"7892_10",0.993883
"11022_8",0.998335
"5856_7",0.011922
"345_7",0.024563
"10809_3",0.174720
"9474_4",0.001972
"5775_10",0.997598
"2845_3",0.003049
"1383_10",0.997477
"9171_7",0.976020
"10866_9",0.996328
"12161_8",0.986929
"9118_1",0.002362
"9122_8",0.998166
"5142_1",0.001742
"2798_9",0.997945
"2260_8",0.990167
"11677_10",0.997120
"2788_1",0.001609
"8896_8",0.998081
"7685_10",0.996877
"760_1",0.001654
"7811_4",0.007562
"1964_8",0.998168
"5059_10",0.995206
"4568_1",0.001636
"7475_1",0.002227
"11400_3",0.001947
"6082_3",0.001805
"7961_4",0.734546
"7502_8",0.997558
"11351_10",0.998308
"9851_8",0.995921
"1172_1",0.002002
"1815_10",0.997804
"6218_8",0.996006
"9628_9",0.996894
"2312_3",0.003061
"5014_10",0.997587
"7845_8",0.996761
"4468_9",0.997921
"2247_10",0.998181
"4408_10",0.998077
"2957_2",0.002525
"4716_1",0.001614
"9909_1",0.002819
"8611_1",0.002196
"5055_10",0.997122
"5828_10",0.997906
"1147_1",0.001697
"11716_10",0.010908
"5289_8",0.998173
"5566_10",0.998009
"3389_2",0.002326
"6169_4",0.001733
"12019_10",0.997573
"4136_7",0.977376
"2421_3",0.002060
"607_10",0.998063
"4084_8",0.994720
"7333_1",0.001820
"8208_7",0.994531
"2971_10",0.997938
"7508_1",0.002386
"988_8",0.998519
"1124_8",0.998230
"3658_10",0.998288
"5155_7",0.997678
"11362_2",0.006359
"8776_10",0.997900
"7294_10",0.995822
"10853_8",0.994066
"871_10",0.998598
"11513_1",0.002654
"5605_10",0.987057
"1235_8",0.148015
"623_2",0.012961
"1271_2",0.016342
"7590_7",0.960432
"5075_4",0.003767
"6175_4",0.003913
"10629_1",0.001621
"1474_7",0.917685
"9077_9",0.996518
"11630_7",0.993218
"11060_2",0.001911
"664_9",0.997443
"4778_10",0.998219
"3535_1",0.001782
"1130_1",0.001627
"10718_1",0.001760
"3334_1",0.001871
"7133_2",0.002113
"12073_1",0.001841
"7877_10",0.997801
"12286_10",0.996728
"8675_4",0.013268
"8968_7",0.025872
"8118_1",0.001450
"12109_10",0.997365
"6476_8",0.998009
"12248_2",0.001657
"9444_1",0.001670
"9932_10",0.995825
"6863_9",0.998438
"7810_1",0.003260
"5463_1",0.002322
"8385_10",0.997017
"5560_3",0.002000
"12391_2",0.004649
"3644_9",0.995705
"1225_1",0.001997
"375_1",0.001607
"11515_7",0.995706
"3812_1",0.001960
"10747_1",0.002394
"8059_8",0.996062
"633_1",0.001828
"9189_10",0.997297
"11404_8",0.996987
"11871_8",0.997416
"2883_8",0.998228
"9048_4",0.002748
"1066_1",0.001823
"630_3",0.020047
"61_9",0.998160
"9264_10",0.998238
"5132_9",0.998250
"5796_9",0.997722
"11232_2",0.002342
"327_1",0.001786
"9787_8",0.998242
"7780_2",0.001911
"2533_2",0.001923
"7349_10",0.997626
"2593_1",0.962887
"4672_8",0.998114
"11191_10",0.993254
"1301_1",0.001912
"10632_4",0.002263
"10750_1",0.001927
"2621_2",0.987154
"12045_4",0.029773
"4276_10",0.998387
"9960_2",0.003177
"3307_8",0.991389
"3007_10",0.996255
"7204_9",0.996500
"3988_7",0.994871
"4129_8",0.998403
"2071_1",0.001761
"7310_3",0.484358
"855_9",0.997922
"5380_1",0.001742
"5067_2",0.002202
"6320_2",0.016803
"1019_3",0.001587
"8216_2",0.002444
"3814_7",0.994459
"7888_4",0.015612
"3419_2",0.002125
"3039_8",0.998162
"12039_4",0.006347
"1191_7",0.997814
"2361_1",0.001752
"8291_10",0.998392
"4954_3",0.003542
"12430_1",0.002265
"7634_7",0.039650
"11902_10",0.998296
"1603_10",0.009601
"9395_8",0.013628
"9384_2",0.002433
"11687_1",0.001783
"4148_3",0.025430
"171_7",0.984028
"11814_4",0.002158
"8124_3",0.813047
"11387_1",0.001904
"3249_9",0.998127
"3591_10",0.998133
"10171_8",0.107025
"1100_9",0.997344
"7144_4",0.998179
"8060_9",0.997561
"11063_10",0.997916
"3481_2",0.002247
"7413_4",0.004749
"11121_2",0.026570
"4700_2",0.002678
"1566_4",0.018651
"11731_3",0.006434
"7346_10",0.998027
"7890_10",0.994462
"11704_10",0.994270
"4635_10",0.006332
"2369_8",0.566464
"9655_10",0.998312
"2115_2",0.003007
"6408_7",0.990094
"10470_1",0.002073
"11512_8",0.998270
"11523_7",0.995156
"10379_3",0.002334
"9164_9",0.996777
"3150_1",0.004788
"2880_3",0.002752
"1608_7",0.994909
"2406_9",0.997648
"260_10",0.998059
"10658_3",0.003065
"10609_1",0.002925
"6861_7",0.673330
"10058_2",0.897844
"11618_10",0.996703
"3727_4",0.012944
"1924_10",0.996254
"7471_1",0.003455
"1856_7",0.082540
"10132_3",0.019718
"4010_2",0.001818
"11752_2",0.011837
"11122_2",0.001553
"11065_1",0.001624
"1211_1",0.001879
"8973_7",0.006437
"1888_9",0.997745
"8521_8",0.959724
"6671_4",0.107435
"4241_3",0.009257
"10925_4",0.002850
"4030_2",0.001571
"9410_1",0.001574
"10004_2",0.002564
"599_1",0.001685
"8656_1",0.001749
"10087_7",0.996168
"5118_10",0.995578
"9780_4",0.002510
"586_2",0.002401
"6464_4",0.005515
"7482_1",0.001689
"11075_8",0.997835
"11984_1",0.001947
"6808_9",0.998157
"6178_10",0.964766
"12196_7",0.313470
"7771_10",0.998258
"10801_1",0.006277
"1243_2",0.001899
"4028_2",0.001527
"700_4",0.850373
"758_10",0.998463
"5393_8",0.996485
"3552_4",0.167157
"3440_10",0.998392
"12357_7",0.966637
"10850_2",0.004866
"5083_10",0.988114
"790_10",0.967185
"302_3",0.002561
"11160_3",0.003890
"1170_1",0.003398
"6341_3",0.001747
"289_1",0.005258
"3075_7",0.997145
"12016_7",0.422096
"5998_3",0.002110
"5295_1",0.001615
"9712_2",0.003312
"9689_10",0.951668
"9441_1",0.001655
"7426_10",0.997954
"612_9",0.996328
"4331_8",0.555966
"1016_7",0.802500
"4463_7",0.994717
"9520_1",0.001958
"1557_10",0.997263
"6277_1",0.002267
"2279_3",0.002730
"11591_10",0.997490
"3503_1",0.001892
"9814_1",0.002427
"11342_4",0.077228
"5133_1",0.004661
"11189_10",0.997548
"2343_8",0.993772
"2234_7",0.996849
"926_4",0.007054
"9829_2",0.001947
"3338_7",0.989786
"4272_9",0.997868
"4826_1",0.002719
"10529_3",0.034398
"12398_1",0.002413
"6965_10",0.997115
"10737_9",0.998284
"9356_1",0.001731
"2087_3",0.001724
"5802_4",0.784042
"6514_8",0.998010
"11607_4",0.044535
"9117_4",0.424579
"2011_10",0.994251
"11952_4",0.028234
"8753_4",0.997903
"5338_8",0.997138
"10799_3",0.739128
"6388_3",0.002288
"4667_1",0.001833
"11302_9",0.997928
"6587_4",0.853730
"6822_8",0.996612
"9725_10",0.998546
"7237_10",0.994684
"7710_1",0.001685
"6090_1",0.003049
"9864_4",0.729515
"9759_1",0.001636
"8926_10",0.973477
"2454_1",0.004333
"4364_1",0.001735
"10672_1",0.002217
"7703_4",0.001876
"7289_1",0.001620
"6370_2",0.010023
"8898_7",0.998136
"245_8",0.996409
"7786_2",0.034582
"12092_8",0.992878
"12495_3",0.004290
"2762_2",0.002128
"11009_1",0.002254
"7735_1",0.078063
"5377_8",0.987217
"6074_3",0.002346
"2133_1",0.001732
"2291_1",0.002877
"767_1",0.006224
"2677_3",0.003918
"5801_2",0.001653
"11416_7",0.994993
"7083_3",0.007240
"7268_1",0.001908
"8613_1",0.002261
"446_10",0.998173
"6513_7",0.967165
"11229_4",0.002007
"11155_4",0.002460
"10298_9",0.996635
"1521_8",0.998218
"5682_1",0.055937
"11575_3",0.002416
"10144_1",0.001899
"5819_10",0.997297
"7287_4",0.002072
"11507_10",0.997221
"10458_7",0.996153
"5935_1",0.002162
"4126_1",0.001507
"3777_10",0.995456
"1720_3",0.001703
"11112_2",0.002109
"6222_9",0.998339
"8019_1",0.003335
"10067_4",0.003886
"5991_9",0.998106
"10203_10",0.997823
"2485_1",0.001670
"5910_2",0.002552
"3940_9",0.998153
"9140_10",0.993015
"9558_10",0.998042
"4582_7",0.711775
"3323_1",0.002131
"5038_4",0.002265
"12405_10",0.996019
"11620_4",0.002113
"8774_7",0.965284
"10164_9",0.994420
"4112_3",0.013854
"629_7",0.785304
"2732_7",0.897828
"4356_3",0.903219
"514_9",0.998145
"168_1",0.001539
"7157_1",0.002844
"11193_7",0.004403
"12163_1",0.001859
"259_2",0.001917
"9977_1",0.002147
"5169_10",0.998158
"7439_10",0.998298
"10261_1",0.002723
"6623_7",0.975080
"2834_9",0.995101
"2930_10",0.995553
"3232_10",0.997811
"533_10",0.997549
"6006_4",0.001803
"9029_4",0.003433
"7738_4",0.816402
"52_4",0.004536
"374_4",0.041348
"4502_1",0.016995
"10309_8",0.988385
"7541_8",0.991812
"1874_1",0.003993
"6884_1",0.001581
"7285_1",0.001810
"3385_2",0.002800
"7078_2",0.002662
"10788_10",0.998155
"6361_7",0.995411
"5761_10",0.997283
"8946_1",0.001976
"393_1",0.002294
"458_4",0.007727
"7435_10",0.998053
"10816_2",0.001966
"1606_10",0.998461
"1742_3",0.002517
"7167_8",0.972586
"1249_9",0.997735
"473_9",0.998523
"3475_9",0.991074
"2316_3",0.002113
"3739_2",0.004259
"4746_9",0.995768
"9924_8",0.997393
"2202_8",0.998449
"11531_1",0.006603
"11138_7",0.997051
"3402_1",0.001616
"4547_10",0.998172
"2786_2",0.016115
"1570_8",0.997365
"3095_3",0.002938
"4745_1",0.002173
"165_4",0.003673
"1578_4",0.004074
"495_10",0.997806
"12414_1",0.002701
"1383_1",0.677416
"10438_3",0.001874
"812_3",0.002452
"9588_9",0.997369
"7785_10",0.997856
"11169_4",0.002867
"7476_10",0.997043
"8196_1",0.001634
"6526_7",0.982476
"1695_3",0.002795
"11077_10",0.996552
"7642_7",0.993644
"7618_3",0.969625
"353_10",0.998184
"210_9",0.437408
"9455_10",0.997237
"520_2",0.001745
"7615_10",0.998332
"7475_9",0.997827
"6894_7",0.997995
"8622_2",0.002191
"11149_3",0.002617
"6154_3",0.002779
"2514_7",0.995843
"4359_1",0.007900
"8797_4",0.003744
"10023_8",0.936373
"1212_4",0.956313
"9985_1",0.002166
"4182_1",0.001787
"10662_10",0.997455
"3907_7",0.998024
"11342_10",0.998387
"1483_3",0.003587
"10510_7",0.989409
"8522_2",0.001723
"6049_4",0.005095
"2687_9",0.998345
"9766_7",0.987521
"6792_1",0.001833
"5990_10",0.997972
"11699_2",0.002736
"3446_4",0.004169
"10448_7",0.739552
"5629_1",0.002071
"2831_1",0.001812
"4351_10",0.997311
"2547_1",0.002019
"2778_2",0.003082
"7307_10",0.933295
"11148_3",0.002302
"907_3",0.002145
"2184_1",0.002606
"2030_8",0.998088
"11051_4",0.003819
"9150_4",0.009340
"12418_7",0.994100
"10724_10",0.996941
"8876_8",0.998237
"1620_7",0.995554
"12423_9",0.996705
"3642_1",0.008188
"10214_10",0.997714
"4575_3",0.027693
"2692_7",0.994768
"3919_1",0.001963
"11971_8",0.002539
"11676_10",0.689087
"8047_1",0.001765
"4009_8",0.997878
"7929_9",0.996645
"2432_10",0.997413
"8933_8",0.997520
"1375_1",0.003506
"1861_7",0.997531
"10897_10",0.998334
"2828_10",0.003028
"4568_10",0.998274
"1535_7",0.995143
"7282_8",0.996651
"12365_10",0.992710
"6682_3",0.003732
"1393_8",0.985231
"7270_1",0.002263
"1680_10",0.996555
"8207_8",0.997992
"8612_2",0.004442
"5640_9",0.997324
"96_10",0.998461
"12093_2",0.005059
"2068_9",0.997672
"9799_10",0.998089
"8730_1",0.001566
"1000_3",0.012159
"742_2",0.014513
"10432_10",0.998156
"9425_2",0.003216
"11636_3",0.002583
"6564_2",0.001806
"5706_9",0.998130
"8594_3",0.002317
"9488_9",0.996049
"12283_8",0.997140
"6579_3",0.002129
"6738_10",0.998353
"9007_2",0.001680
"2723_8",0.997925
"5115_3",0.027930
"9469_10",0.996526
"1444_1",0.001982
"5688_1",0.002215
"12390_4",0.009913
"1681_1",0.001699
"9048_7",0.994683
"10207_3",0.003895
"3817_9",0.997749
"2200_10",0.996769
"4250_8",0.998106
"12213_10",0.997821
"11602_4",0.052189
"4507_4",0.007507
"3817_1",0.001774
"9394_1",0.002164
"9129_1",0.003451
"3675_7",0.996424
"1670_4",0.993582
"1151_1",0.004804
"8818_4",0.025278
"4810_7",0.978854
"4979_1",0.001678
"80_4",0.008928
"5506_9",0.990351
"7451_10",0.996510
"4539_10",0.998123
"6914_10",0.997454
"2807_10",0.996043
"10229_10",0.998188
"10908_8",0.780452
"7709_9",0.998090
"10872_9",0.997680
"8487_1",0.001541
"1140_9",0.997955
"558_10",0.997723
"9935_8",0.994626
"1084_8",0.997086
"6185_9",0.996588
"9278_7",0.041054
"3756_7",0.997492
"4308_1",0.001509
"121_8",0.997611
"11072_8",0.993490
"9420_7",0.997238
"3955_1",0.002232
"9591_10",0.008653
"11176_1",0.001940
"11882_2",0.002009
"12458_10",0.978962
"303_10",0.998119
"3779_8",0.992973
"1805_4",0.018403
"12054_2",0.001919
"1990_4",0.004188
"7331_1",0.002376
"6243_8",0.994552
"7201_1",0.001483
"6230_7",0.992888
"11252_3",0.002352
"8379_8",0.997039
"11890_1",0.003530
"6977_1",0.001783
"5481_1",0.001699
"6013_7",0.042621
"11638_4",0.009040
"3302_1",0.002484
"4837_4",0.948794
"737_1",0.004252
"6128_3",0.004452
"3749_4",0.002730
"580_3",0.003847
"11031_10",0.998092
"6644_1",0.001854
"8517_1",0.001743
"4883_3",0.002321
"4273_4",0.005280
"404_1",0.002141
"12108_10",0.997915
"10005_8",0.055295
"7140_4",0.007574
"258_8",0.997551
"6746_7",0.997855
"7189_2",0.003947
"11626_4",0.006186
"10785_10",0.996381
"11007_1",0.004422
"8987_7",0.992146
"275_1",0.002200
"2554_10",0.998315
"2682_1",0.001808
"3797_1",0.001700
"7383_1",0.002152
"9816_9",0.995695
"11057_8",0.989120
"11901_3",0.003223
"11501_3",0.103273
"11999_2",0.001930
"740_3",0.002140
"3109_8",0.997369
"2773_8",0.998018
"5725_4",0.003116
"4423_3",0.002495
"4035_2",0.001604
"6550_7",0.737344
"711_4",0.991637
"10773_4",0.017007
"11202_1",0.001840
"1054_2",0.001544
"2207_10",0.998308
"9809_4",0.019774
"11349_10",0.996297
"5195_4",0.001910
"6881_4",0.968828
"7537_3",0.003616
"99_3",0.002552
"6589_9",0.998005
"11781_10",0.993964
"4337_3",0.002296
"4928_10",0.997778
"6310_1",0.001886
"11867_8",0.123668
"9462_2",0.003221
"12224_9",0.963526
"1195_3",0.002322
"11324_10",0.998001
"11272_4",0.002973
"2461_7",0.997729
"4034_7",0.996886
"2340_10",0.998502
"9827_9",0.997259
"4660_4",0.004188
"2448_1",0.001573
"7485_7",0.804494
"7003_10",0.997190
"6204_1",0.004020
"1920_10",0.997598
"6824_1",0.002318
"6668_10",0.998459
"7359_1",0.003921
"2753_4",0.263373
"7320_10",0.997675
"3661_10",0.998203
"1059_1",0.003997
"5067_10",0.998017
"5724_3",0.002569
"11265_2",0.001706
"11331_1",0.002388
"5398_10",0.998222
"9328_2",0.001959
"100_4",0.011418
"6118_10",0.997768
"320_3",0.001801
"4395_10",0.998250
"7256_4",0.006982
"3949_10",0.997933
"7097_1",0.997150
"6971_2",0.003849
"9855_2",0.003866
"457_8",0.998257
"9929_7",0.887188
"9574_10",0.997994
"12261_4",0.180111
"5228_9",0.998100
"11684_2",0.001557
"7913_9",0.998020
"9595_3",0.003268
"10501_10",0.986703
"10610_7",0.997440
"8573_7",0.986787
"1823_2",0.002160
"12070_4",0.003964
"6995_8",0.997611
"4929_1",0.002018
"2555_4",0.003039
"6583_7",0.998051
"2490_1",0.002350
"8203_7",0.996979
"7861_3",0.001837
"2548_2",0.009783
"12291_7",0.995638
"756_1",0.003937
"9275_7",0.983034
"9234_9",0.997758
"10598_10",0.997914
"8252_8",0.675390
"3585_2",0.001667
"11561_1",0.001881
"690_10",0.997086
"7203_10",0.998271
"11141_10",0.997406
"5583_10",0.997332
"7341_10",0.998219
"10623_8",0.998446
"868_4",0.002674
"778_9",0.998010
"4653_10",0.964879
"7450_4",0.998112
"8836_8",0.998112
"226_9",0.015035
"464_10",0.998112
"2850_9",0.997531
"10242_8",0.979854
"2403_10",0.998465
"3397_10",0.998024
"1003_4",0.995996
"10940_10",0.962990
"3349_10",0.998466
"5909_1",0.001750
"12021_8",0.994321
"5019_1",0.047807
"1809_7",0.998022
"4435_10",0.998239
"10029_1",0.002436
"8234_2",0.004631
"3760_1",0.003015
"10952_10",0.998138
"1487_9",0.997904
"46_10",0.995480
"4917_4",0.002185
"2000_9",0.997966
"10974_2",0.009937
"11275_8",0.995566
"1816_10",0.998478
"4848_3",0.024231
"11730_3",0.033016
"1903_10",0.997619
"12331_9",0.984900
"10360_9",0.998264
"9243_10",0.997425
"10115_8",0.998281
"11417_3",0.001891
"6259_4",0.013814
"316_10",0.996375
"1100_4",0.997293
"7919_2",0.008243
"1871_2",0.001665
"12488_8",0.996089
"10239_9",0.995819
"7832_2",0.001848
"8808_1",0.001564
"7241_2",0.002217
"4412_2",0.004372
"807_10",0.994166
"9728_8",0.818724
"5665_2",0.002056
"491_2",0.003028
"7938_1",0.003488
"3513_8",0.997469
"8942_1",0.001955
"11520_7",0.869439
"11478_3",0.996322
"5627_10",0.997981
"3462_2",0.003514
"5161_10",0.997930
"6545_2",0.002026
"6513_4",0.984833
"3032_1",0.001676
"7403_2",0.002430
"11878_3",0.001923
"11348_8",0.998112
"4979_7",0.993353
"7131_1",0.001738
"3972_3",0.007048
"2925_2",0.004955
"5346_3",0.001782
"10709_3",0.003491
"10999_2",0.001788
"5974_10",0.994868
"9008_10",0.998163
"1324_10",0.998367
"10454_8",0.009950
"8336_8",0.943557
"5869_10",0.998331
"9922_3",0.001717
"2081_2",0.003660
"5811_7",0.997092
"1619_10",0.990745
"5461_7",0.997085
"9152_2",0.002406
"9071_8",0.997904
"4688_10",0.998101
"8956_10",0.998095
"1883_4",0.002870
"5707_1",0.001621
"7529_3",0.963412
"83_1",0.001888
"10440_1",0.001629
"3673_1",0.001666
"6983_4",0.004426
"2546_4",0.011130
"6698_3",0.003994
"10689_3",0.012029
"9986_10",0.997466
"5614_10",0.562531
"10094_4",0.004459
"12468_10",0.997796
"3828_10",0.996266
"10524_2",0.001546
"2016_2",0.002718
"7583_4",0.002484
"4795_8",0.994470
"7564_3",0.014340
"1366_3",0.006023
"508_4",0.013766
"9509_3",0.388501
"1587_3",0.002046
"12376_4",0.561535
"2525_8",0.993986
"2877_2",0.003545
"9485_9",0.998006
"12023_8",0.996921
"11544_10",0.997993
"198_3",0.002227
"4390_1",0.001661
"993_8",0.996914
"7965_9",0.997987
"8865_1",0.001583
"6638_1",0.002004
"141_8",0.995799
"136_2",0.002262
"3004_10",0.998183
"3457_9",0.998114
"11488_1",0.002209
"644_2",0.002789
"8387_9",0.996663
"5026_3",0.111059
"8936_7",0.997530
"453_4",0.004042
"8547_3",0.004441
"10542_4",0.001928
"5231_9",0.996441
"9592_10",0.994934
"8591_7",0.997446
"6686_10",0.998238
"7246_10",0.998415
"2194_4",0.014360
"11533_9",0.998371
"6109_10",0.995906
"9092_3",0.002533
"11223_8",0.997269
"10829_9",0.998279
"9857_3",0.007952
"2223_10",0.997383
"8052_10",0.912483
"11604_3",0.003147
"4448_1",0.983074
"5394_8",0.613921
"10168_9",0.995225
"11943_4",0.002869
"7311_8",0.995211
"1362_9",0.762448
"9165_8",0.997978
"12294_10",0.997106
"6086_9",0.998230
"608_8",0.998152
"4592_10",0.978343
"708_10",0.997058
"6548_4",0.992886
"7552_4",0.974437
"9263_8",0.984644
"5393_1",0.002065
"220_10",0.991417
"10640_7",0.997902
"4086_10",0.996103
"11026_3",0.002711
"12466_10",0.998468
"905_3",0.002145
"92_8",0.997237
"11362_10",0.997055
"5030_8",0.997034
"2909_7",0.019055
"8402_7",0.997482
"4046_10",0.997240
"4065_9",0.994511
"6460_4",0.102297
"11108_1",0.002645
"1139_1",0.001513
"2457_3",0.018687
"2675_7",0.994305
"9360_1",0.002049
"5750_8",0.997068
"7125_2",0.475626
"6637_8",0.997798
"3290_7",0.994829
"3979_8",0.997647
"2100_1",0.001645
"10836_1",0.002214
"10904_3",0.002034
"5226_7",0.997682
"22_8",0.994708
"2726_10",0.997040
"11405_8",0.997033
"11204_2",0.001986
"6201_9",0.996421
"1653_10",0.997318
"9500_7",0.996856
"12104_7",0.997286
"1499_3",0.003715
"1415_1",0.001628
"11285_2",0.004299
"4481_1",0.112148
"10249_8",0.998347
"2391_9",0.997748
"2186_3",0.004349
"56_10",0.998375
"127_10",0.998230
"5509_9",0.514304
"9855_9",0.004197
"7522_10",0.997089
"11751_9",0.996659
"3330_3",0.012486
"4055_8",0.998371
"3694_3",0.002387
"6911_4",0.003878
"9677_10",0.997902
"9706_1",0.002298
"426_4",0.003841
"2995_2",0.008023
"7914_8",0.997111
"11344_9",0.994367
"680_8",0.997693
"2094_3",0.947347
"2009_9",0.998240
"7309_7",0.996566
"138_1",0.001637
"2689_9",0.998217
"6050_2",0.002269
"8987_2",0.003081
"2053_8",0.997271
"12245_4",0.023903
"12020_10",0.130140
"10364_10",0.996940
"11581_1",0.001688
"12079_10",0.996753
"6537_1",0.002170
"2739_10",0.994977
"8719_1",0.003040
"9436_1",0.001822
"5029_3",0.003097
"8321_10",0.981983
"7135_9",0.994707
"9512_10",0.997317
"6397_7",0.933317
"9457_9",0.991338
"7740_2",0.003148
"10591_2",0.002051
"9856_4",0.001812
"2456_1",0.010609
"10543_7",0.995009
"544_4",0.987157
"3679_10",0.998377
"9042_1",0.002231
"5368_8",0.997283
"8276_3",0.002502
"1984_2",0.002520
"4205_7",0.987625
"5765_7",0.998176
"5202_1",0.002108
"4127_4",0.985998
"12316_9",0.997889
"657_1",0.001590
"12205_2",0.003271
"3426_10",0.998170
"5616_10",0.997038
"11644_3",0.003116
"795_10",0.997990
"12416_2",0.006964
"115_3",0.001609
"55_10",0.998095
"11187_10",0.987100
"9072_4",0.929748
"875_4",0.014614
"4196_1",0.001936
"293_10",0.004483
"5564_1",0.001825
"6811_8",0.995150
"9135_3",0.002642
"9964_8",0.995849
"981_9",0.043262
"8506_10",0.997641
"4459_9",0.997376
"7609_1",0.002076
"6246_10",0.997011
"5989_4",0.002585
"11839_10",0.995676
"9186_2",0.003985
"3411_10",0.990154
"8677_1",0.004877
"9125_4",0.007568
"2166_8",0.989295
"11827_4",0.007390
"2574_2",0.002130
"4789_4",0.922887
"1093_4",0.002176
"8195_1",0.003490
"11011_10",0.564279
"3944_9",0.982514
"10606_10",0.997073
"5029_7",0.280682
"9496_8",0.996484
"9256_8",0.998239
"5640_3",0.004050
"8164_8",0.991884
"10413_3",0.020685
"4838_2",0.001750
"12265_9",0.997447
"6222_1",0.001871
"883_8",0.995482
"395_8",0.953336
"1182_7",0.992288
"8701_7",0.996715
"8863_4",0.003111
"10943_3",0.001983
"10692_10",0.989607
"11872_7",0.998110
"4729_9",0.995820
"920_10",0.997615
"9352_4",0.003662
"10095_9",0.998182
"8986_2",0.002098
"7061_2",0.001653
"2746_1",0.001801
"10359_8",0.995582
"6826_7",0.004501
"7075_3",0.034057
"8237_10",0.997981
"9103_10",0.996790
"6538_9",0.990490
"3085_4",0.964722
"10759_9",0.427408
"12249_2",0.002248
"6774_4",0.006954
"3564_2",0.084798
"144_2",0.001575
"12112_3",0.001951
"8166_10",0.998100
"10817_8",0.997981
"7462_10",0.998366
"7626_2",0.002846
"8221_2",0.008544
"2528_10",0.054132
"6765_3",0.002175
"1267_8",0.998340
"8257_10",0.995629
"11501_8",0.998227
"11196_10",0.998460
"10006_7",0.994470
"2104_2",0.001636
"9067_8",0.671663
"4760_4",0.002870
"4372_7",0.995813
"3441_2",0.001952
"10439_3",0.005357
"6604_1",0.001990
"10689_10",0.997259
"11289_4",0.002701
"2051_7",0.994919
"42_10",0.998229
"1567_7",0.004713
"4890_9",0.993481
"2583_1",0.001730
"5376_2",0.002764
"2539_10",0.995310
"390_4",0.003866
"11509_1",0.001644
"7481_8",0.988423
"10840_2",0.002092
"9433_1",0.986937
"7774_10",0.998368
"2654_7",0.004177
"9582_7",0.995635
"1780_3",0.017972
"4032_8",0.970892
"3130_9",0.998206
"1920_3",0.002770
"5056_7",0.996955
"4537_10",0.996603
"2505_1",0.002151
"3942_2",0.001961
"483_2",0.003804
"2771_3",0.001960
"4872_8",0.983557
"7897_1",0.001501
"12039_8",0.998272
"11008_4",0.004943
"4090_7",0.996310
"3051_4",0.004206
"5700_1",0.001752
"3498_10",0.996735
"5676_7",0.997195
"5565_1",0.002297
"9347_10",0.992648
"4178_1",0.008531
"6303_4",0.007371
"1579_7",0.765442
"5783_9",0.670997
"4001_8",0.997531
"11698_2",0.002263
"7029_3",0.001996
"268_3",0.001705
"7098_1",0.997874
"6608_9",0.997892
"1123_1",0.002170
"7523_10",0.991023
"10647_3",0.002838
"12232_8",0.998219
"8103_4",0.932446
"7336_7",0.997311
"7049_8",0.997400
"9694_3",0.017559
"5894_3",0.002422
"10981_4",0.002991
"10104_10",0.998415
"5752_7",0.997758
"2622_2",0.001802
"11529_2",0.002080
"5040_1",0.002083
"1870_8",0.997618
"7368_3",0.003717
"843_1",0.003493
"4972_8",0.994072
"4615_9",0.997991
"8191_10",0.996057
"6940_10",0.014650
"4924_4",0.008735
"10392_2",0.001705
"3339_7",0.780698
"3594_10",0.997606
"10354_7",0.584568
"6594_10",0.997600
"11311_1",0.001869
"4409_10",0.998287
"1669_4",0.523530
"7819_1",0.002689
"6704_1",0.001741
"667_10",0.996173
"6444_1",0.007552
"1223_3",0.002024
"10089_9",0.997745
"6699_1",0.001526
"814_7",0.980260
"2363_10",0.997253
"1697_2",0.004255
"6345_4",0.002123
"10109_1",0.002075
"4563_7",0.993570
"1924_1",0.002493
"11416_2",0.003215
"539_7",0.997161
"5937_9",0.997760
"1912_8",0.997125
"4135_3",0.003151
"4141_7",0.995533
"7217_2",0.020571
"5538_3",0.001983
"2657_10",0.998078
"6279_4",0.922438
"7706_1",0.002932
"10409_10",0.996078
"6780_1",0.002303
"6251_10",0.998044
"12227_1",0.002010
"1146_10",0.998474
"10977_9",0.997090
"3857_1",0.001673
"7622_8",0.981229
"2548_7",0.994900
"8602_9",0.997572
"8885_8",0.997135
"472_4",0.016552
"11700_9",0.997896
"10268_3",0.001868
"7569_10",0.998257
"475_1",0.002248
"4719_1",0.001980
"8851_3",0.001942
"6320_10",0.994339
"4290_7",0.899013
"7936_10",0.997896
"4616_1",0.001990
"3616_7",0.997155
"4849_3",0.011617
"3689_7",0.895040
"11224_7",0.991922
"8893_7",0.120516
"11126_7",0.998181
"4816_8",0.995502
"5895_3",0.002054
"9373_1",0.002931
"2445_3",0.008996
"556_1",0.001533
"11855_1",0.996957
"11346_8",0.997430
"8621_8",0.996937
"10259_3",0.010051
"2354_3",0.003480
"8477_10",0.997948
"11408_7",0.042067
"8490_1",0.003267
"175_8",0.977685
"3376_1",0.002180
"3888_7",0.998066
"11655_2",0.011092
"9630_10",0.996873
"8121_1",0.001635
"10758_4",0.002144
"1979_10",0.998108
"9702_8",0.992741
"1064_1",0.002482
"850_4",0.004459
"1624_1",0.561057
"5885_10",0.998215
"8246_8",0.995482
"4073_7",0.996681
"5116_2",0.004122
"5379_2",0.001841
"75_1",0.003464
"5895_10",0.997803
"10651_9",0.996928
"1776_7",0.994221
"8500_1",0.002219
"11026_9",0.998066
"12195_1",0.002838
"1832_7",0.998413
"11424_8",0.996080
"1744_8",0.998476
"9699_1",0.001671
"11840_10",0.994837
"8955_1",0.003283
"1571_4",0.008594
"6434_9",0.998111
"7214_10",0.997718
"153_4",0.995593
"3914_1",0.910749
"5005_8",0.997421
"8283_4",0.404052
"8846_1",0.001925
"3708_1",0.973386
"5123_10",0.998352
"2868_7",0.998138
"6395_10",0.998282
"5788_4",0.207984
"2380_8",0.996836
"462_7",0.998133
"11697_7",0.998390
"3577_3",0.002941
"5569_4",0.006677
"348_1",0.001709
"9194_10",0.998054
"1001_4",0.004232
"6869_4",0.007959
"7182_1",0.003396
"2089_4",0.002177
"3496_1",0.993253
"938_1",0.002101
"10325_9",0.988941
"786_10",0.998129
"4562_9",0.998012
"2566_9",0.997730
"10732_3",0.005317
"7621_1",0.005212
"11747_10",0.998380
"11271_4",0.009328
"9057_10",0.998460
"12374_3",0.003559
"9130_9",0.979305
"9735_3",0.004329
"4305_7",0.997443
"10477_9",0.997965
"5498_9",0.998333
"4452_8",0.997361
"7993_1",0.002660
"3245_9",0.998327
"11289_10",0.433632
"2678_10",0.998227
"6836_1",0.001685
"10936_3",0.001987
"6870_4",0.002517
"10109_10",0.793652
"9907_7",0.010179
"4801_2",0.003639
"3684_10",0.998411
"12305_9",0.998357
"530_10",0.996540
"10977_2",0.001779
"9819_10",0.997921
"5057_1",0.006813
"8703_10",0.997029
"8997_2",0.001884
"5766_7",0.982658
"9436_8",0.995663
"39_9",0.998010
"6052_4",0.006374
"9748_9",0.996211
"8395_1",0.001571
"688_7",0.006578
"4688_3",0.002391
"6287_3",0.002207
"1945_8",0.996937
"11830_2",0.009154
"4042_2",0.001491
"10160_3",0.002417
"2069_4",0.003537
"11039_1",0.013930
"6675_3",0.023652
"9189_2",0.014757
"3683_10",0.998134
"5536_10",0.996009
"11089_1",0.002305
"9064_7",0.996623
"2079_1",0.001849
"648_3",0.004163
"12300_10",0.998334
"5755_8",0.986749
"3460_1",0.001742
"151_2",0.002779
"6990_4",0.006160
"11356_10",0.997811
"3062_2",0.001615
"4310_1",0.002636
"9393_9",0.902000
"5886_1",0.025569
"7359_10",0.998090
"3210_1",0.001741
"4689_10",0.997291
"11111_10",0.998463
"1413_3",0.003999
"2502_8",0.998241
"10737_2",0.011488
"6525_10",0.993791
"4416_4",0.001858
"1705_4",0.026138
"1485_10",0.995488
"4406_9",0.996996
"3365_8",0.997714
"6825_9",0.998207
"9214_1",0.546760
"8171_1",0.006556
"12138_7",0.005753
"2421_8",0.996801
"7727_4",0.002028
"8236_8",0.988006
"4802_8",0.997097
"5429_2",0.004366
"6584_1",0.987355
"5429_8",0.992775
"2124_8",0.997959
"11670_3",0.002183
"7527_1",0.002320
"11193_3",0.013646
"3647_10",0.996324
"2084_3",0.003936
"8481_10",0.997883
"2458_8",0.998291
"8705_1",0.004481
"4919_4",0.011467
"1621_1",0.001587
"6059_1",0.002055
"4132_1",0.389862
"10953_9",0.996274
"6692_8",0.998406
"3604_3",0.002127
"6432_1",0.001833
"10932_8",0.998013
"7248_3",0.928612
"3837_4",0.002341
"8770_8",0.997782
"12067_7",0.996689
"7351_1",0.002369
"11556_1",0.132762
"8220_1",0.007051
"8008_4",0.099143
"6500_1",0.002657
"8303_4",0.004084
"6765_10",0.998047
"4701_3",0.033887
"8956_1",0.002134
"11443_8",0.996823
"7119_7",0.996655
"11761_2",0.009272
"9921_9",0.946665
"2275_9",0.998353
"8849_2",0.002766
"2791_3",0.002552
"9105_10",0.997702
"1991_7",0.998204
"41_9",0.998428
"9259_1",0.005874
"3785_3",0.195690
"12335_3",0.002724
"7020_1",0.002028
"9490_4",0.056230
"11296_1",0.002013
"7641_2",0.004209
"8163_7",0.990382
"7342_10",0.996392
"766_8",0.998116
"5399_1",0.002239
"1565_7",0.995823
"12_9",0.997791
"11574_10",0.997944
"8194_8",0.993755
"6110_10",0.290675
"8108_1",0.001968
"3852_4",0.002608
"11474_2",0.001727
"11554_10",0.997106
"1798_3",0.003064
"11814_10",0.998326
"5072_9",0.993913
"4389_10",0.996443
"8148_10",0.998134
"5840_2",0.002945
"1972_7",0.993321
"10169_3",0.002328
"8651_1",0.001712
"6399_3",0.001775
"8965_1",0.003018
"8853_1",0.003454
"2841_9",0.998378
"6658_1",0.003153
"11515_1",0.001712
"4474_1",0.002894
"8221_10",0.997738
"12204_10",0.997855
"10671_1",0.001696
"7335_3",0.009212
"4050_3",0.861541
"9465_8",0.996800
"11620_8",0.997233
"11998_8",0.998215
"11188_2",0.002446
"6656_1",0.001546
"3416_4",0.003780
"11558_9",0.994633
"2752_4",0.004021
"10330_9",0.997384
"9323_7",0.997632
"12232_4",0.620711
"5699_7",0.997360
"1020_2",0.006991
"1161_1",0.002171
"10187_10",0.997131
"4585_10",0.008384
"7570_10",0.993587
"9752_1",0.003360
"4956_1",0.001712
"1355_2",0.002468
"10456_1",0.001572
"8757_10",0.997312
"2286_3",0.001961
"1297_7",0.931038
"5326_8",0.998276
"11535_10",0.998356
"4783_10",0.995047
"4292_2",0.004005
"2856_1",0.002256
"450_10",0.995502
"9611_1",0.323103
"2403_1",0.012227
"2037_7",0.989134
"9580_1",0.003575
"1694_7",0.990972
"11385_10",0.998227
"493_1",0.002231
"9013_10",0.998043
"11235_3",0.161344
"10793_3",0.002387
"2197_10",0.997044
"1887_2",0.001913
"6617_7",0.997046
"12028_1",0.001642
"5413_1",0.002573
"1134_1",0.001836
"1290_2",0.002650
"12241_8",0.974434
"965_3",0.867392
"2044_10",0.998182
"7782_10",0.995516
"6087_4",0.985998
"3600_2",0.002755
"1588_3",0.968765
"10421_8",0.743264
"3390_10",0.915796
"6531_1",0.001862
"9792_10",0.995753
"3755_9",0.998269
"11471_7",0.975894
"10427_10",0.998261
"4011_3",0.002805
"8784_7",0.061145
"10714_9",0.998392
"6031_9",0.991920
"8130_10",0.998335
"4772_9",0.994141
"6599_7",0.996222
"11335_2",0.002663
"6412_1",0.002489
"998_7",0.996434
"9542_10",0.998198
"1490_3",0.001959
"4142_10",0.994853
"8371_10",0.998376
"5457_8",0.997424
"5001_8",0.997586
"150_9",0.998181
"8487_10",0.997317
"10024_3",0.002145
"3687_8",0.997473
"6171_10",0.998542
"5462_8",0.998234
"1372_4",0.011234
"7361_8",0.997116
"1030_9",0.994763
"3341_8",0.995225
"7677_2",0.003380
"6584_7",0.998271
"2372_10",0.817538
"5898_9",0.998240
"7370_7",0.996178
"3018_9",0.998356
"4899_9",0.983303
"2385_4",0.003897
"8433_9",0.998290
"1989_8",0.974345
"10401_7",0.046860
"5668_1",0.002874
"11516_3",0.001841
"12419_1",0.002172
"5402_7",0.914799
"10537_9",0.998344
"117_10",0.996939
"6756_4",0.752476
"4051_3",0.002353
"9687_10",0.996047
"11011_2",0.001832
"8460_8",0.996458
"5155_3",0.003994
"2473_2",0.001906
"4074_1",0.001824
"4730_10",0.997937
"5310_2",0.002297
"6630_10",0.998065
"4363_1",0.001633
"1022_3",0.011307
"8247_10",0.993000
"7437_10",0.998072
"3846_7",0.997894
"7298_1",0.001445
"11955_4",0.003476
"9448_10",0.994909
"142_1",0.001663
"2260_3",0.001551
"9012_4",0.895851
"5321_9",0.975164
"527_10",0.998141
"2898_3",0.002386
"12302_9",0.997862
"1463_4",0.515364
"5278_1",0.001623
"6450_1",0.002898
"9704_1",0.007218
"2673_2",0.001796
"10175_2",0.001634
"8006_2",0.006518
"9492_4",0.009221
"4595_3",0.770655
"9499_2",0.001833
"7869_1",0.001860
"4047_10",0.998437
"4962_7",0.995771
"4052_2",0.002007
"1423_10",0.947829
"7376_2",0.003434
"1067_9",0.970460
"3289_1",0.002191
"5780_9",0.021913
"2965_2",0.007572
"4127_10",0.998477
"10156_3",0.022945
"11164_1",0.002397
"1422_10",0.947829
"9470_4",0.004036
"7733_3",0.102612
"3814_3",0.002188
"9900_1",0.001710
"5363_3",0.002636
"2878_7",0.993684
"11647_2",0.001700
"1729_1",0.001926
"2263_1",0.003215
"11707_2",0.002429
"10722_7",0.998040
"6321_9",0.990041
"7339_10",0.998005
"8003_9",0.997609
"11009_10",0.994369
"9458_1",0.003487
"10359_1",0.001758
"5530_3",0.002273
"3377_9",0.997501
"2256_9",0.998338
"9036_1",0.001803
"7621_7",0.589238
"9992_4",0.274192
"1004_10",0.995412
"6339_3",0.002937
"5554_10",0.997520
"10128_10",0.998088
"4540_10",0.998185
"1410_7",0.992994
"7072_1",0.003303
"4324_4",0.003998
"9611_7",0.010758
"7571_10",0.998198
"11337_1",0.002213
"1169_1",0.002606
"10881_4",0.001981
"8782_4",0.075930
"5357_10",0.997018
"9318_7",0.997302
"9071_3",0.997910
"485_4",0.002885
"3164_2",0.028409
"1343_10",0.997656
"571_10",0.998412
"6749_10",0.998035
"1945_4",0.005959
"8132_3",0.004445
"12380_4",0.002590
"11183_4",0.009834
"10526_10",0.994797
"7234_10",0.998269
"3054_7",0.993853
"5217_1",0.001627
"7106_8",0.997200
"11043_10",0.997996
"8447_2",0.007979
"9744_10",0.997985
"10638_9",0.994180
"8778_10",0.995692
"3666_9",0.997203
"4223_10",0.997325
"1642_2",0.005088
"10541_8",0.996876
"8067_1",0.001808
"11116_10",0.022433
"8701_1",0.002348
"6422_8",0.997944
"9168_1",0.002424
"4130_1",0.003049
"8492_1",0.002046
"6430_3",0.003557
"9306_8",0.978387
"10487_7",0.995983
"6687_1",0.006081
"11869_1",0.001745
"9224_10",0.997792
"1625_9",0.996334
"8651_7",0.992270
"3702_4",0.004157
"4470_7",0.011074
"31_4",0.004317
"11316_10",0.998285
"5961_8",0.988436
"4428_2",0.001622
"2540_4",0.072513
"4855_2",0.035917
"9997_2",0.002093
"12214_2",0.002460
"12383_2",0.004328
"12344_4",0.025629
"8147_10",0.998235
"2019_10",0.998019
"8161_3",0.003183
"7312_10",0.978643
"9310_8",0.994888
"11966_1",0.001762
"8962_1",0.001977
"5661_4",0.002184
"5765_4",0.002062
"10934_8",0.997384
"5801_9",0.781260
"190_2",0.001787
"880_8",0.992303
"10677_10",0.995959
"10520_10",0.998122
"6697_7",0.948141
"11582_1",0.002004
"1986_1",0.001758
"6021_4",0.001997
"7220_8",0.994328
"5870_1",0.001680
"1459_7",0.996167
"1733_8",0.997618
"7060_9",0.997703
"5249_9",0.998131
"8845_9",0.998232
"10133_8",0.993286
"3041_9",0.998311
"11504_1",0.003295
"6261_8",0.998365
"2942_10",0.998437
"5522_10",0.996900
"4260_8",0.996512
"1600_2",0.003538
"1698_10",0.993725
"5823_10",0.997346
"2413_9",0.981258
"7316_9",0.993397
"5963_2",0.001782
"9960_10",0.997285
"6014_9",0.998183
"2357_4",0.002275
"9788_10",0.810609
"8100_2",0.003002
"4099_9",0.987864
"10894_2",0.002091
"7940_1",0.002112
"3605_4",0.010445
"11270_3",0.002683
"2306_8",0.997026
"3825_10",0.998341
"161_7",0.988476
"12121_9",0.995745
"7916_10",0.991631
"10598_4",0.002400
"3484_10",0.998221
"8967_1",0.002188
"4005_2",0.002442
"10355_4",0.992539
"5215_10",0.990448
"943_3",0.002079
"11786_10",0.998051
"5938_2",0.001850
"998_2",0.001807
"4333_4",0.002047
"6606_9",0.993487
"5251_2",0.022421
"4152_4",0.946633
"3148_2",0.006442
"3344_7",0.188038
"9832_3",0.018009
"2689_3",0.004873
"3400_10",0.996406
"4000_4",0.208013
"3934_3",0.544185
"9014_9",0.995558
"2339_9",0.997978
"8833_1",0.002832
"10197_8",0.998039
"8811_1",0.008097
"1805_7",0.998340
"2238_7",0.995197
"2487_9",0.782640
"1737_1",0.001985
"4085_2",0.002804
"5665_10",0.994202
"9721_4",0.005233
"10577_9",0.997959
"8892_7",0.932725
"4503_10",0.998601
"9348_3",0.002259
"10382_10",0.998430
"8339_3",0.001735
"5199_10",0.997777
"1897_1",0.001853
"3578_9",0.998411
"9192_7",0.986690
"12154_2",0.002241
"5089_2",0.001865
"8988_7",0.083268
"10170_8",0.974272
"6690_8",0.998088
"2549_2",0.002773
"6546_3",0.002090
"5283_2",0.002214
"8131_9",0.998208
"4745_8",0.996899
"7251_1",0.003975
"1829_8",0.997958
"11922_9",0.997742
"10322_1",0.002098
"3163_4",0.002031
"11849_9",0.998187
"11809_10",0.997655
"1275_3",0.003733
"11694_4",0.004093
"12112_8",0.005338
"11212_4",0.986053
"5124_10",0.997826
"5362_2",0.002021
"2680_9",0.997888
"11181_4",0.008599
"4345_1",0.002607
"8916_7",0.942015
"10042_8",0.997803
"10324_8",0.997849
"4425_3",0.097366
"9133_3",0.061937
"11028_10",0.998328
"1941_7",0.996221
"10142_3",0.289904
"4572_1",0.002085
"10512_1",0.001780
"7180_7",0.996070
"3948_1",0.001855
"1238_4",0.024026
"5269_9",0.994213
"12346_8",0.980140
"11481_4",0.997563
"1943_3",0.002027
"4742_1",0.002002
"2433_1",0.001911
"4422_3",0.002311
"342_1",0.002318
"736_8",0.997560
"3036_10",0.095742
"9336_7",0.261097
"9205_1",0.001580
"9923_8",0.967068
"8875_2",0.002831
"2023_7",0.993729
"4102_1",0.019802
"11345_1",0.001739
"6736_9",0.998369
"7839_8",0.997347
"8572_10",0.997816
"7211_1",0.002211
"6666_2",0.001869
"1978_7",0.998356
"3156_1",0.003927
"3333_7",0.805458
"3720_4",0.025073
"1450_3",0.007369
"8563_10",0.997001
"9087_9",0.997537
"6843_10",0.997810
"3485_7",0.995173
"4259_10",0.998460
"10186_10",0.997385
"3312_3",0.002580
"7624_4",0.038411
"7930_3",0.003318
"8407_10",0.997230
"1771_4",0.980411
"11919_4",0.003639
"425_2",0.001796
"11795_2",0.003028
"6767_1",0.002778
"2996_9",0.997886
"990_1",0.001942
"3757_3",0.021721
"2981_2",0.003433
"10277_2",0.001984
"662_9",0.034071
"5311_3",0.002468
"3796_10",0.996629
"3846_1",0.001874
"5651_2",0.001774
"6649_3",0.002239
"10779_2",0.002965
"4548_10",0.996704
"7275_10",0.998328
"1605_9",0.995717
"3580_4",0.006013
"5712_2",0.002017
"5287_10",0.995223
"3230_9",0.988627
"7936_1",0.001778
"9983_3",0.001667
"9959_7",0.996254
"5739_4",0.002793
"4308_10",0.997020
"4854_8",0.995964
"8620_7",0.995077
"7923_9",0.997931
"11686_10",0.997716
"8253_1",0.004930
"11030_4",0.050728
"3995_9",0.997435
"10763_9",0.998094
"6780_8",0.997826
"10895_1",0.001559
"11778_1",0.109000
"8512_10",0.997459
"1061_1",0.001987
"10584_3",0.002111
"212_4",0.002646
"1908_2",0.001930
"10958_1",0.002979
"980_7",0.996713
"2686_10",0.998188
"2088_1",0.004533
"6075_1",0.002250
"9782_10",0.997855
"9180_3",0.003648
"2478_3",0.002078
"1634_2",0.001677
"6810_8",0.968928
"2562_10",0.997502
"3841_7",0.985657
"5387_1",0.001546
"9047_7",0.997228
"4962_4",0.042622
"8597_8",0.998052
"1515_1",0.001442
"1974_1",0.257955
"9935_3",0.958073
"2404_4",0.006736
"8638_1",0.001618
"8720_1",0.002410
"11411_2",0.002762
"7676_3",0.077869
"11756_9",0.997894
"4195_1",0.001598
"11787_10",0.997504
"11838_1",0.002380
"11748_1",0.001874
"7309_3",0.089915
"502_4",0.682661
"1239_10",0.995564
"8925_4",0.002419
"4242_1",0.001941
"2112_2",0.001507
"6359_8",0.998273
"8034_9",0.998115
"807_3",0.227598
"7852_4",0.002507
"8014_10",0.993147
"4823_8",0.997915
"8448_10",0.955756
"3564_8",0.013329
"858_4",0.997533
"8529_7",0.975544
"6515_3",0.001919
"2646_10",0.997068
"4278_1",0.009663
"5641_7",0.994125
"5382_4",0.003316
"3300_8",0.997442
"4849_9",0.997906
"12013_1",0.002590
"107_4",0.910887
"10046_10",0.996445
"9141_10",0.997467
"10297_10",0.998209
"634_10",0.996599
"438_2",0.001692
"11794_8",0.998101
"3937_4",0.010070
"3602_4",0.008152
"11851_1",0.001743
"8690_7",0.996326
"2697_2",0.002530
"805_10",0.998228
"7572_1",0.001841
"10553_1",0.001639
"5246_2",0.002251
"2064_8",0.996725
"11856_1",0.002262
"9026_7",0.992836
"4449_7",0.620711
"8579_10",0.998101
"8503_7",0.986990
"5734_1",0.062364
"11507_1",0.001885
"7956_10",0.998045
"11245_2",0.001640
"6142_2",0.005890
"10657_1",0.002267
"7992_1",0.001819
"11347_9",0.950785
"5278_8",0.998062
"6362_10",0.003143
"10214_2",0.002731
"9184_7",0.995967
"2666_10",0.998089
"7527_7",0.996829
"2001_1",0.002351
"12000_4",0.009953
"10302_3",0.003352
"7160_10",0.997742
"2757_10",0.998415
"3792_3",0.016033
"6199_1",0.001574
"10467_3",0.002682
"531_10",0.998316
"8193_9",0.996726
"248_7",0.998013
"187_1",0.002059
"5193_8",0.872108
"5138_8",0.997424
"8467_1",0.008007
"11029_8",0.998321
"667_4",0.007576
"3714_1",0.001797
"8102_4",0.993236
"9195_4",0.001878
"1432_3",0.002596
"9095_10",0.751949
"11510_2",0.009706
"5644_1",0.009833
"2556_8",0.997997
"11887_2",0.003168
"5374_1",0.003754
"5356_3",0.004130
"10209_1",0.002171
"2001_8",0.994074
"6088_1",0.814233
"6140_4",0.993618
"11494_4",0.040378
"11631_7",0.991241
"4818_1",0.001732
"10914_1",0.001654
"4472_8",0.997986
"8735_9",0.997727
"11190_1",0.007580
"462_4",0.003306
"6566_4",0.002978
"4598_4",0.938308
"11566_1",0.002418
"2560_3",0.002208
"11969_4",0.001994
"8765_1",0.001976
"9957_10",0.952198
"5210_10",0.992646
"5007_10",0.997959
"10290_10",0.998290
"10319_1",0.003202
"1848_2",0.001589
"1319_3",0.002127
"11248_10",0.998086
"379_1",0.002160
"3469_10",0.998489
"437_2",0.001807
"3648_1",0.003562
"8834_1",0.002115
"3316_1",0.001902
"9563_2",0.048642
"4500_9",0.998270
"6226_3",0.005461
"5653_3",0.002408
"5415_2",0.001637
"6725_4",0.002755
"9462_10",0.997770
"3471_3",0.052148
"7259_2",0.003830
"8181_3",0.001904
"10749_1",0.002692
"12283_1",0.001723
"402_1",0.001696
"8024_10",0.998216
"11114_1",0.001708
"461_1",0.001791
"10025_2",0.002051
"3358_4",0.023770
"2022_1",0.002088
"12493_7",0.997560
"4131_9",0.998048
"9852_4",0.004615
"7122_1",0.001763
"1994_10",0.997593
"10723_9",0.864337
"3900_8",0.998028
"7741_10",0.998320
"4287_9",0.994067
"10195_10",0.995442
"10941_3",0.001634
"1615_1",0.001818
"12337_3",0.002788
"2259_2",0.002143
"6179_10",0.998288
"138_8",0.997878
"6482_3",0.003764
"10362_4",0.001663
"1341_10",0.996762
"8299_8",0.983570
"7839_2",0.002348
"6659_7",0.995267
"7143_10",0.998574
"12445_1",0.001571
"3796_3",0.002558
"4180_10",0.998255
"7775_10",0.998130
"8946_9",0.997119
"1936_7",0.993691
"8387_1",0.001834
"10092_8",0.994441
"5729_10",0.997374
"1399_7",0.996855
"4011_8",0.996743
"7868_8",0.998308
"3546_8",0.989264
"8643_9",0.996649
"6033_1",0.001801
"428_10",0.997739
"3385_10",0.998589
"3073_2",0.001577
"4169_8",0.997738
"8191_3",0.011105
"211_3",0.001997
"297_2",0.002851
"4286_8",0.992079
"535_10",0.998371
"4851_4",0.002644
"9707_1",0.001794
"9740_10",0.643653
"5410_1",0.001717
"1436_1",0.002797
"3766_10",0.996005
"2483_9",0.998261
"1937_10",0.997841
"2939_3",0.012950
"3372_1",0.001811
"7825_10",0.997910
"7780_10",0.998104
"7656_10",0.998271
"4850_7",0.995944
"5083_4",0.002248
"10429_1",0.001951
"8009_2",0.002128
"10879_4",0.004764
"7328_1",0.002182
"10055_1",0.001955
"11715_7",0.468412
"1547_1",0.001672
"7665_9",0.991746
"6061_10",0.989409
"10800_1",0.001834
"10234_3",0.002854
"11334_2",0.934301
"3106_1",0.003011
"12173_3",0.001762
"2076_10",0.998389
"4414_7",0.995460
"7679_9",0.994704
"2010_1",0.001623
"9460_9",0.989493
"11261_4",0.004119
"7500_10",0.845094
"9503_4",0.003689
"5937_4",0.003695
"87_10",0.997396
"2968_1",0.001615
"6728_9",0.996959
"9954_4",0.002003
"5875_8",0.993238
"12429_10",0.996085
"11247_10",0.984097
"8879_4",0.996016
"2999_1",0.002274
"11448_8",0.956859
"3629_1",0.002040
"1302_1",0.003517
"10851_1",0.002613
"9533_4",0.001611
"4078_2",0.001705
"7813_3",0.002585
"11284_10",0.997586
"3509_8",0.998204
"11198_3",0.002616
"9197_9",0.998226
"3603_3",0.980691
"6472_7",0.997955
"2410_2",0.009293
"10240_10",0.997092
"6507_4",0.004121
"1511_2",0.004671
"5475_2",0.001993
"5728_1",0.001585
"5294_1",0.002224
"12024_10",0.997197
"2355_1",0.007887
"4088_9",0.998293
"2580_10",0.993731
"9423_1",0.001872
"6836_7",0.998028
"11806_1",0.001586
"8412_1",0.003113
"770_10",0.995762
"1029_10",0.996009
"11288_4",0.915896
"690_3",0.007107
"1925_9",0.997911
"2116_10",0.998044
"8597_2",0.005197
"8734_4",0.004059
"5549_3",0.001868
"5447_7",0.917984
"2519_4",0.027148
"11323_7",0.981777
"9338_1",0.001615
"3299_10",0.998207
"10585_8",0.993719
"3945_7",0.005015
"813_1",0.002629
"1300_9",0.997837
"5849_7",0.996391
"5535_8",0.997625
"3612_2",0.001729
"11064_2",0.003169
"376_10",0.029392
"8504_2",0.001731
"8198_1",0.001678
"6485_1",0.001574
"9011_3",0.009769
"6766_1",0.002754
"7282_3",0.010862
"1450_10",0.964590
"10644_8",0.997464
"5424_2",0.988705
"86_3",0.003171
"1221_1",0.001775
"2309_3",0.164851
"5190_4",0.003381
"11498_1",0.004191
"11959_10",0.997411
"10465_10",0.998208
"3922_4",0.978683
"9710_9",0.993002
"2014_1",0.002615
"3791_9",0.997204
"3548_4",0.003577
"6001_3",0.002704
"11920_4",0.010092
"10152_9",0.998462
"10305_1",0.014864
"10626_1",0.003128
"3057_3",0.950587
"5387_8",0.006339
"8138_2",0.002627
"11134_1",0.002509
"8341_2",0.001823
"6687_9",0.998115
"671_3",0.076572
"1156_2",0.002170
"11841_9",0.997905
"7193_9",0.997626
"2257_10",0.998386
"5261_3",0.008461
"10475_2",0.003602
"11175_2",0.033969
"8122_9",0.998143
"6266_7",0.998504
"4340_9",0.997378
"331_4",0.508646
"854_7",0.998268
"6800_10",0.998355
"982_8",0.996960
"5916_7",0.993137
"5871_2",0.006204
"4106_9",0.998148
"8506_1",0.006371
"4610_9",0.997767
"5086_4",0.003548
"453_9",0.996221
"4611_3",0.004392
"3764_4",0.001977
"7644_4",0.002327
"4037_2",0.001545
"1595_10",0.997086
"7792_3",0.003494
"10068_3",0.004203
"7199_10",0.997684
"2050_3",0.002836
"2460_7",0.997761
"9299_1",0.001699
"6297_4",0.005163
"7797_10",0.998445
"11272_8",0.998034
"7808_9",0.996759
"5806_3",0.002329
"4573_10",0.863195
"3935_7",0.991676
"3502_1",0.002271
"5744_10",0.003342
"10548_10",0.998435
"3746_7",0.149725
"3851_10",0.997846
"2648_2",0.002507
"11397_3",0.003130
"1024_4",0.054869
"4034_2",0.001555
"7010_10",0.996837
"10429_9",0.998264
"8086_1",0.001501
"6463_4",0.006918
"3540_3",0.004164
"7608_8",0.997497
"5123_4",0.929184
"8139_4",0.002444
"2535_10",0.822401
"4187_1",0.002146
"1711_4",0.002619
"6197_4",0.002963
"4953_7",0.997000
"578_9",0.993694
"4244_10",0.997290
"3893_8",0.994704
"4903_7",0.995859
"9850_8",0.998353
"11450_3",0.002276
"4926_8",0.997609
"804_1",0.020610
"5933_7",0.994896
"4407_1",0.002239
"7951_7",0.973669
"9759_10",0.997445
"3936_8",0.993972
"6998_1",0.006490
"8967_7",0.972907
"5061_4",0.007127
"7787_3",0.002405
"8320_10",0.998457
"967_7",0.529817
"11996_7",0.983109
"4233_8",0.994869
"2494_8",0.939923
"6804_8",0.997862
"1452_3",0.003448
"10327_7",0.995883
"1510_1",0.003350
"7223_4",0.003238
"2280_10",0.994214
"4092_9",0.998159
"11305_1",0.002061
"10599_1",0.001972
"9545_4",0.006748
"6423_8",0.997951
"12314_1",0.001794
"8470_1",0.002629
"8957_8",0.996367
"1725_9",0.997738
"11127_1",0.008201
"6570_8",0.995319
"10477_1",0.002499
"5503_4",0.004154
"12251_8",0.997431
"3474_10",0.998268
"7269_1",0.001584
"997_3",0.002823
"10781_10",0.997681
"6598_10",0.997648
"9225_1",0.002009
"20_9",0.998132
"9671_9",0.995009
"8627_3",0.002408
"12404_4",0.992728
"1110_7",0.998047
"6979_1",0.001690
"9082_1",0.003206
"3626_7",0.966082
"4856_4",0.995474
"11510_9",0.998123
"7024_10",0.998403
"1501_9",0.046958
"4185_9",0.014169
"8671_9",0.998380
"2225_10",0.997845
"199_4",0.989938
"6027_9",0.996842
"359_4",0.007668
"4065_3",0.002283
"12333_7",0.992496
"1963_10",0.994735
"9106_1",0.002367
"10478_1",0.008209
"10859_9",0.997903
"357_1",0.001940
"6982_10",0.997977
"460_8",0.997952
"9266_2",0.002403
"351_10",0.998095
"9562_10",0.996954
"9784_3",0.004475
"5949_7",0.997463
"6489_1",0.097560
"1607_9",0.997012
"4482_10",0.996854
"8816_8",0.067392
"2427_1",0.002789
"4838_9",0.998102
"10961_9",0.993395
"6708_10",0.998148
"1045_9",0.993499
"3607_3",0.002641
"4325_9",0.998396
"4779_1",0.002274
"4624_9",0.998055
"4564_10",0.991152
"7132_9",0.996980
"506_2",0.002034
"5939_1",0.001774
"3219_10",0.998062
"8620_4",0.004864
"2049_1",0.001673
"3367_9",0.985572
"7408_9",0.996466
"8850_2",0.002432
"870_4",0.004460
"8056_8",0.197764
"11367_10",0.996845
"6160_10",0.997383
"6712_8",0.888983
"5267_8",0.997717
"1191_1",0.001901
"1513_3",0.192205
"4741_10",0.156029
"9807_2",0.001661
"6926_10",0.998004
"6382_10",0.998172
"6636_8",0.996836
"6592_10",0.998340
"11308_10",0.997165
"10853_3",0.002887
"1774_7",0.667339
"8259_10",0.998381
"8649_8",0.996525
"10739_2",0.002170
"9843_7",0.952782
"5984_10",0.998267
"8658_1",0.002674
"10386_1",0.005509
"3271_4",0.012418
"6167_1",0.001622
"529_1",0.001711
"5696_2",0.003084
"1601_10",0.991293
"10744_8",0.990017
"6121_9",0.150037
"2598_10",0.998337
"9209_10",0.996849
"3831_1",0.002393
"7171_9",0.996801
"1850_10",0.997365
"8728_7",0.997975
"7698_7",0.997993
"5954_10",0.998195
"7104_7",0.002935
"5617_2",0.002629
"3896_1",0.004636
"4355_1",0.003076
"4212_7",0.994687
"622_1",0.001781
"3368_8",0.996560
"2870_1",0.001980
"12107_9",0.997858
"8016_8",0.998130
"8752_4",0.986339
"10653_10",0.998150
"7245_10",0.998344
"9742_9",0.996899
"7637_4",0.492290
"11903_10",0.997746
"9818_3",0.002629
"373_2",0.004649
"110_10",0.998337
"2450_10",0.998371
"9009_3",0.001722
"9132_2",0.002441
"11076_1",0.002029
"4285_4",0.004796
"109_8",0.011060
"2585_8",0.997884
"7781_1",0.002341
"1359_10",0.995889
"9773_3",0.004623
"10328_10",0.998097
"12063_1",0.006875
"12061_1",0.001660
"555_7",0.996682
"2288_4",0.001895
"1259_10",0.987038
"12098_1",0.001867
"6493_9",0.992148
"324_3",0.003940
"7834_8",0.010271
"8918_7",0.996364
"10736_9",0.998046
"5272_3",0.003031
"4302_1",0.005905
"646_1",0.005459
"10868_9",0.998111
"9654_8",0.995086
"10790_10",0.998337
"10589_3",0.003662
"6364_10",0.996201
"8477_1",0.001668
"6938_2",0.007240
"9420_3",0.003489
"1527_10",0.998414
"5769_1",0.001632
"1655_9",0.998331
"3917_10",0.997389
"8666_4",0.015464
"11820_2",0.439829
"11633_8",0.997460
"6136_4",0.001710
"10293_1",0.001806
"1084_1",0.001990
"12287_9",0.998197
"11297_1",0.002120
"6913_1",0.001912
"11371_10",0.996199
"9937_4",0.100106
"11341_10",0.996959
"5233_9",0.996656
"4358_10",0.998382
"10735_10",0.998185
"5234_1",0.002039
"7523_1",0.002511
"5758_3",0.002302
"11916_10",0.998046
"10276_8",0.997494
"5950_4",0.235761
"10329_10",0.997983
"8419_1",0.001706
"3343_4",0.001751
"3640_3",0.004261
"10160_7",0.954976
"1181_10",0.998297
"9181_1",0.003958
"5778_7",0.006123
"3659_9",0.010605
"4695_10",0.997546
"25_10",0.998150
"6127_2",0.002032
"1343_2",0.038705
"1110_4",0.002437
"12166_10",0.997954
"1853_8",0.996089
"6651_1",0.001677
"4927_1",0.001859
"10933_3",0.977292
"6911_9",0.998090
"467_9",0.989602
"2267_4",0.003203
"9005_3",0.003262
"10493_1",0.002088
"8159_7",0.996402
"10039_1",0.003346
"5147_1",0.006604
"12176_10",0.996275
"9299_9",0.998097
"2824_10",0.994992
"7695_1",0.001919
"8870_9",0.997957
"4063_8",0.990059
"396_2",0.004316
"9016_3",0.010267
"10148_10",0.998258
"2028_8",0.997653
"3738_7",0.994791
"11365_1",0.022418
"9987_9",0.998402
"4050_10",0.998124
"8028_9",0.982405
"10161_7",0.996417
"5997_3",0.160032
"7771_1",0.120828
"765_9",0.997637
"6558_1",0.001831
"9148_9",0.997878
"10100_10",0.998467
"11870_3",0.002914
"143_4",0.002381
"5865_10",0.997056
"2364_10",0.996706
"4695_2",0.001699
"3150_10",0.997531
"4181_10",0.997886
"8121_8",0.997542
"3263_10",0.998246
"9178_8",0.998155
"11323_2",0.004702
"8922_10",0.998511
"7884_3",0.469294
"6474_1",0.002190
"9697_8",0.997729
"9184_1",0.002002
"9483_9",0.997836
"5353_10",0.996889
"5978_2",0.002360
"7162_4",0.830303
"12175_3",0.001820
"8229_8",0.997011
"8618_2",0.001920
"854_1",0.002575
"1379_10",0.996369
"10833_9",0.993913
"2244_4",0.002689
"8145_3",0.002464
"9069_3",0.008113
"691_7",0.995632
"421_1",0.003450
"951_1",0.026933
"4966_4",0.005695
"9116_10",0.997491
"7903_10",0.997098
"3684_3",0.006636
"9435_1",0.002680
"4998_1",0.001770
"9698_1",0.002360
"209_10",0.968611
"10314_9",0.997859
"6677_8",0.998017
"3044_7",0.997591
"1322_1",0.001940
"3185_1",0.003138
"6619_1",0.002782
"3765_7",0.064754
"3348_9",0.983494
"11833_4",0.006204
"2250_1",0.001652
"7760_10",0.997163
"8619_8",0.998204
"5790_9",0.997719
"9197_1",0.002561
"4350_2",0.001736
"11545_10",0.997669
"12448_10",0.997373
"7160_2",0.001828
"5966_4",0.984197
"5284_10",0.996963
"5276_8",0.464165
"7498_1",0.002112
"10729_9",0.995870
"1827_3",0.001843
"3111_1",0.001650
"8298_8",0.052392
"12447_7",0.995992
"8035_3",0.991119
"1203_7",0.997527
"7620_1",0.002217
"2375_4",0.002062
"4026_2",0.001850
"1925_1",0.002113
"3658_1",0.001616
"114_10",0.997800
"3386_2",0.003490
"377_9",0.866637
"8855_10",0.996817
"10476_10",0.998377
"9073_4",0.013232
"3255_2",0.002110
"2918_9",0.995665
"5221_7",0.997127
"7546_1",0.001922
"8080_7",0.984830
"7434_10",0.993483
"1772_1",0.001601
"2690_9",0.992201
"7133_9",0.997647
"9947_9",0.987151
"11865_1",0.003787
"6346_10",0.997669
"2945_3",0.002228
"3625_8",0.995041
"694_4",0.002835
"6795_10",0.996235
"9353_4",0.997334
"12345_10",0.997527
"5316_2",0.017349
"12204_2",0.004174
"2186_10",0.997884
"5568_1",0.002458
"11080_1",0.002175
"228_1",0.001864
"7795_1",0.003031
"4886_3",0.007627
"11547_9",0.995784
"7494_2",0.003230
"5466_2",0.005891
"3655_8",0.997864
"4790_1",0.001676
"12370_10",0.991864
"546_3",0.004366
"11818_8",0.998343
"9426_7",0.997168
"1524_3",0.004870
"6486_3",0.005272
"5288_3",0.043775
"6797_3",0.001921
"8130_4",0.730083
"4064_1",0.001883
"4832_1",0.001982
"7232_1",0.001937
"7279_3",0.003949
"8356_3",0.137883
"3556_4",0.252997
"4097_7",0.998268
"7801_1",0.003778
"8393_1",0.005089
"5847_7",0.996746
"4470_4",0.002753
"6922_3",0.001842
"1094_7",0.991176
"10740_10",0.997988
"4933_8",0.996442
"7794_10",0.998278
"7218_1",0.007263
"12470_7",0.224589
"2980_7",0.998208
"10896_4",0.008945
"8652_8",0.996395
"3638_4",0.004276
"9497_3",0.779650
"9266_8",0.998176
"7392_9",0.994883
"10_7",0.975571
"2466_7",0.991544
"1612_2",0.120206
"10262_7",0.995464
"2193_4",0.004478
"179_10",0.998063
"6025_4",0.323989
"7633_7",0.992676
"9716_1",0.001646
"9487_10",0.997601
"9800_9",0.998238
"6424_8",0.996837
"835_4",0.002880
"11351_4",0.002722
"5508_2",0.002239
"12395_1",0.007127
"11986_7",0.961109
"9947_3",0.828855
"11529_8",0.996790
"93_1",0.002842
"9914_8",0.987046
"7953_9",0.997270
"9418_2",0.003263
"9089_8",0.997727
"10337_10",0.997867
"4440_1",0.001947
"890_1",0.002318
"6965_3",0.005523
"6540_7",0.997516
"7693_10",0.995881
"6470_2",0.004353
"9262_3",0.003546
"1901_10",0.002785
"5107_10",0.997962
"6013_3",0.004600
"9295_3",0.004776
"3450_9",0.998357
"820_9",0.154104
"3207_10",0.998128
"2620_9",0.974514
"9175_1",0.002450
"3058_3",0.002114
"4648_2",0.012552
"2012_9",0.997554
"8131_1",0.002038
"4808_4",0.003721
"9182_7",0.997849
"6829_3",0.002083
"10736_3",0.001888
"12347_10",0.990217
"9973_9",0.997520
"5320_4",0.006338
"4462_2",0.002868
"2573_10",0.995695
"5580_1",0.002027
"11771_1",0.003896
"10782_2",0.776494
"7719_3",0.002491
"1897_10",0.991821
"8797_8",0.997273
"5464_10",0.997913
"6480_1",0.002504
"10346_4",0.001684
"9386_7",0.997384
"1027_4",0.970865
"11905_10",0.998305
"7804_10",0.997962
"1491_1",0.001780
"6521_1",0.001640
"11835_1",0.001576
"9661_3",0.001608
"9476_7",0.994940
"1398_8",0.987037
"7373_2",0.002231
"10278_7",0.998286
"1422_4",0.061896
"2823_1",0.002028
"2691_3",0.002709
"5825_4",0.007192
"4113_1",0.003146
"10081_10",0.990182
"6700_1",0.001647
"4482_3",0.997558
"652_8",0.996268
"5364_3",0.003211
"2853_7",0.912920
"4328_10",0.996338
"2636_7",0.955766
"10850_10",0.998072
"12059_1",0.001511
"4135_8",0.997222
"6311_2",0.002001
"12379_3",0.001881
"7288_4",0.044287
"1463_9",0.997843
"2112_7",0.996339
"3942_8",0.965544
"7693_1",0.003680
"2451_10",0.997136
"11441_10",0.997168
"11331_8",0.983052
"7233_2",0.001939
"649_2",0.472786
"6388_10",0.998124
"3861_10",0.437458
"4188_10",0.997539
"10556_10",0.998021
"5855_4",0.067733
"7153_2",0.002596
"9710_2",0.002765
"7607_10",0.998317
"4534_7",0.007141
"11074_1",0.001660
"9650_7",0.994008
"10921_4",0.005385
"6121_1",0.004574
"10458_1",0.029412
"9602_1",0.001548
"9693_3",0.012798
"9188_3",0.960174
"6333_9",0.996332
"8905_10",0.998410
"1335_7",0.996743
"11513_10",0.997869
"6925_10",0.998374
"10928_10",0.998097
"12454_1",0.002012
"6286_10",0.997003
"5163_10",0.997630
"10200_7",0.996818
"3501_10",0.998255
"6574_3",0.039794
"5169_1",0.006280
"2640_8",0.998069
"7117_10",0.998080
"3569_3",0.004635
"9810_10",0.988296
"2080_2",0.002103
"3437_2",0.018853
"7503_8",0.998106
"3753_3",0.009029
"10868_1",0.002676
"12385_10",0.987989
"11870_8",0.997696
"6694_9",0.997916
"11824_10",0.998443
"1750_4",0.086105
"572_10",0.648663
"970_4",0.008024
"12211_10",0.010026
"6972_7",0.998104
"1554_1",0.003255
"8868_7",0.996021
"501_1",0.001997
"2023_1",0.001797
"4272_3",0.002622
"2536_10",0.992633
"2819_7",0.003295
"1810_1",0.002199
"11364_3",0.365700
"6086_1",0.001507
"1901_3",0.001965
"2847_3",0.002308
"6224_1",0.002154
"4305_1",0.001968
"3685_3",0.002572
"6292_2",0.002384
"10626_8",0.998090
"10721_4",0.003843
"8086_9",0.998079
"7886_8",0.995686
"6601_2",0.004368
"3806_8",0.986319
"2611_1",0.001804
"1696_10",0.876160
"3823_10",0.012835
"6917_4",0.003458
"9469_4",0.012826
"9498_9",0.998005
"11046_1",0.001889
"6519_9",0.997758
"10676_8",0.994784
"3139_9",0.998137
"1098_9",0.998277
"2588_8",0.006676
"9924_1",0.001715
"2131_3",0.002050
"236_3",0.006479
"5390_2",0.002806
"11292_10",0.949218
"4149_8",0.996601
"610_1",0.005042
"10184_1",0.002752
"9123_3",0.012965
"3220_3",0.006814
"9124_2",0.002054
"9103_1",0.002405
"2896_10",0.998099
"8478_1",0.001584
"11845_2",0.005245
"3646_1",0.079696
"12254_7",0.997523
"857_7",0.997429
"592_3",0.102765
"1276_9",0.998081
"5096_10",0.998191
"10725_1",0.002039
"8426_4",0.032064
"10244_2",0.002217
"4786_9",0.986561
"8358_7",0.274001
"5266_7",0.997442
"3581_10",0.998256
"12349_1",0.075807
"3429_4",0.008229
"9807_9",0.995594
"6631_2",0.001936
"4981_1",0.001934
"273_1",0.003729
"733_7",0.990429
"4982_3",0.008421
"2347_10",0.997420
"6263_10",0.996613
"3699_9",0.997362
"2270_8",0.997528
"8095_10",0.990280
"3347_8",0.996163
"4161_4",0.007250
"3331_3",0.003254
"6845_3",0.001778
"9272_4",0.952942
"997_7",0.189798
"1798_10",0.997816
"4262_10",0.997987
"4868_7",0.997463
"7487_1",0.001791
"8262_10",0.994427
"12397_1",0.002349
"4786_4",0.002712
"3240_9",0.997388
"10992_10",0.998226
"8209_1",0.001982
"6089_10",0.998264
"9735_7",0.997544
"2554_4",0.531055
"8995_10",0.998031
"5732_4",0.006482
"1088_8",0.995630
"12345_4",0.008113
"9364_4",0.062023
"12348_1",0.003265
"3311_2",0.002065
"6707_4",0.003441
"7048_7",0.991009
"9736_4",0.013758
"2975_10",0.997938
"982_4",0.006500
"3227_4",0.002581
"5185_1",0.006580
"2131_8",0.998015
"6941_8",0.996803
"11936_8",0.962648
"2383_8",0.772979
"3057_9",0.998292
"8058_1",0.001702
"4622_8",0.991989
"2208_10",0.965743
"12144_8",0.690704
"2737_10",0.997454
"3550_3",0.061158
"2789_8",0.998295
"11757_9",0.998409
"10676_4",0.017910
"2855_2",0.001601
"2740_3",0.001721
"8609_7",0.996049
"2147_4",0.013565
"8093_2",0.002529
"10335_1",0.003742
"1098_4",0.004339
"6255_10",0.369391
"7276_1",0.001676
"11301_10",0.998218
"1334_3",0.001809
"8983_9",0.997044
"1694_1",0.010874
"9658_1",0.001513
"8438_8",0.986317
"536_3",0.001524
"7074_10",0.998400
"1992_2",0.001886
"5040_8",0.996828
"753_2",0.002301
"7967_4",0.008992
"3763_2",0.008404
"3953_2",0.002420
"3351_4",0.018000
"1704_8",0.997312
"6817_10",0.998268
"11914_4",0.003665
"12071_10",0.991618
"6969_4",0.005169
"11992_1",0.001974
"11532_4",0.021636
"5253_9",0.997855
"5596_9",0.998270
"6560_1",0.001970
"8082_1",0.001816
"864_2",0.002241
"5929_8",0.196931
"10217_4",0.002495
"11277_4",0.017296
"10701_10",0.986018
"1245_8",0.997969
"10024_9",0.988023
"3344_1",0.004632
"12006_10",0.997106
"1031_1",0.004188
"665_10",0.995521
"10460_1",0.131208
"7038_9",0.994725
"7843_8",0.997359
"5095_9",0.997731
"11426_3",0.001639
"265_9",0.997513
"7163_4",0.003567
"77_2",0.003381
"4709_10",0.997779
"11151_9",0.509347
"2269_1",0.003786
"820_1",0.003233
"1451_7",0.005192
"281_1",0.002022
"6598_1",0.001664
"4341_1",0.002151
"9560_3",0.002402
"4698_1",0.004910
"7408_3",0.964501
"11729_4",0.001750
"11489_3",0.004202
"9711_1",0.001608
"9994_10",0.998039
"586_8",0.998278
"8047_10",0.997280
"4531_7",0.981718
"1293_1",0.001709
"7581_3",0.001943
"5129_4",0.993264
"1748_1",0.011106
"8155_1",0.001611
"8827_7",0.159936
"6616_8",0.997783
"1040_9",0.997632
"10942_1",0.002586
"5306_1",0.001809
"8168_1",0.004212
"291_9",0.998332
"383_9",0.996376
"11908_9",0.996992
"7898_10",0.998133
"4043_2",0.001498
"3376_8",0.013034
"3067_7",0.009894
"11496_8",0.997885
"9885_2",0.023075
"3554_10",0.997397
"2986_3",0.873934
"1332_7",0.912773
"5585_8",0.997341
"5981_3",0.001795
"1556_1",0.001752
"8523_10",0.996139
"11792_1",0.001819
"7610_10",0.998338
"12114_9",0.996988
"8589_1",0.001650
"3898_8",0.997528
"5101_10",0.998440
"9607_1",0.004776
"6673_8",0.997723
"7662_1",0.001806
"2241_1",0.003568
"6674_2",0.001693
"7797_1",0.004103
"6400_2",0.002660
"628_8",0.976275
"4898_4",0.008744
"11592_2",0.208569
"1311_2",0.002033
"5494_3",0.007344
"7067_10",0.998186
"11267_10",0.998247
"6797_10",0.997958
"9987_1",0.001648
"9740_3",0.021785
"6743_1",0.001537
"5302_1",0.001781
"8464_8",0.971163
"7846_4",0.109343
"5990_1",0.001584
"10889_2",0.004007
"11406_8",0.997061
"9093_4",0.004413
"8501_1",0.002055
"8431_4",0.002462
"8076_1",0.004752
"6831_8",0.995389
"984_8",0.997028
"369_1",0.002079
"9668_10",0.998402
"2972_10",0.998100
"5611_1",0.002941
"659_1",0.001639
"6360_7",0.942024
"7628_7",0.002156
"5311_9",0.992984
"2005_10",0.997828
"5396_1",0.002983
"1308_3",0.002008
"4737_3",0.208356
"8042_1",0.001687
"11585_3",0.002767
"1182_2",0.002360
"2581_9",0.994894
"10496_1",0.001652
"3561_7",0.926000
"8272_1",0.001972
"6571_4",0.023037
"3125_7",0.994591
"9120_3",0.553063
"12220_1",0.002383
"5783_3",0.005941
"105_8",0.997371
"11885_9",0.995065
"11317_1",0.006211
"7999_7",0.995679
"5800_7",0.997344
"2811_8",0.983750
"7381_9",0.988521
"9828_7",0.993944
"7849_4",0.281768
"8174_4",0.002712
"9320_1",0.001846
"5747_7",0.997926
"11097_3",0.001786
"6472_2",0.002959
"1200_10",0.996955
"10125_4",0.002480
"5422_10",0.996846
"9889_9",0.998090
"7370_2",0.002492
"696_4",0.004772
"8609_4",0.964951
"11850_7",0.992409
"889_7",0.984807
"8695_2",0.002410
"4944_1",0.001932
"6899_8",0.996204
"3388_10",0.998391
"1051_1",0.005381
"431_2",0.004248
"2353_1",0.027908
"5131_3",0.001787
"482_9",0.997240
"1283_10",0.996807
"10884_1",0.001696
"221_9",0.995693
"8688_3",0.002274
"9891_10",0.998125
"705_10",0.997593
"5604_1",0.001660
"4960_3",0.002606
"12439_1",0.001988
"8897_1",0.001672
"3549_8",0.995114
"7301_7",0.996505
"8183_3",0.006778
"7751_10",0.998197
"9084_9",0.996385
"3048_1",0.001819
"8443_1",0.001601
"3373_3",0.002162
"3867_4",0.005795
"604_3",0.002426
"2162_1",0.001811
"4367_9",0.998009
"10255_10",0.997768
"1909_9",0.988482
"1446_3",0.002513
"1247_1",0.002151
"2703_1",0.004100
"921_1",0.002079
"156_9",0.991929
"7516_4",0.560874
"6155_4",0.003416
"8991_3",0.962873
"3813_3",0.004128
"551_4",0.082506
"12326_1",0.001915
"5102_3",0.997282
"10901_3",0.001756
"1517_1",0.001922
"8762_10",0.997613
"1282_10",0.998380
"2531_9",0.995236
"7764_8",0.998325
"2906_8",0.997176
"6730_7",0.073760
"7749_9",0.998292
"7765_3",0.015131
"12412_7",0.996847
"582_4",0.003209
"5792_1",0.002886
"2174_7",0.992439
"7605_10",0.998275
"2721_1",0.001718
"2151_10",0.998309
"8152_1",0.001769
"6488_7",0.995513
"9446_8",0.997303
"10617_8",0.997098
"12455_2",0.010741
"7377_10",0.997772
"11891_2",0.441300
"4319_4",0.003237
"1050_9",0.919649
"9109_2",0.002405
"10500_1",0.001790
"11749_7",0.976974
"12250_2",0.003929
"1193_2",0.005238
"8313_8",0.998067
"8918_4",0.001953
"7122_10",0.997919
"6210_8",0.997809
"10050_8",0.997935
"4921_10",0.998447
"1857_7",0.996962
"9718_10",0.998152
"2482_1",0.001824
"2624_1",0.002601
"3284_2",0.001672
"11435_3",0.006255
"10971_7",0.997892
"2606_4",0.996074
"7540_9",0.998217
"10929_4",0.997260
"8566_8",0.013912
"4693_1",0.002026
"1281_2",0.003160
"267_1",0.001583
"2133_10",0.995820
"6762_8",0.997092
"1043_9",0.997420
"2812_4",0.002120
"6981_4",0.002291
"4038_9",0.998097
"4256_10",0.996925
"8206_1",0.002057
"2060_2",0.002781
"7372_1",0.001774
"732_3",0.002332
"5367_7",0.992363
"9765_10",0.998235
"8843_4",0.002667
"9723_10",0.998557
"11966_8",0.962844
"5087_8",0.987659
"9379_9",0.997775
"9615_2",0.001868
"991_7",0.991565
"4461_4",0.070512
"5857_1",0.001959
"2358_3",0.003277
"5247_10",0.986092
"12430_8",0.991431
"5943_4",0.004431
"11917_10",0.998031
"4144_4",0.992160
"3128_7",0.995274
"5152_10",0.997253
"8028_1",0.002145
"788_1",0.001958
"9552_2",0.817813
"12051_4",0.002394
"701_4",0.080958
"5738_7",0.018910
"5953_1",0.001777
"3694_10",0.997982
"12371_10",0.997528
"650_10",0.998447
"3772_8",0.995773
"3919_9",0.996396
"12420_10",0.996796
"6164_1",0.002035
"12202_10",0.997886
"4142_3",0.002349
"285_4",0.004080
"9190_4",0.002361
"9297_10",0.998184
"2857_1",0.001669
"5576_10",0.998094
"7603_1",0.001604
"1987_10",0.989611
"6978_1",0.001693
"2390_3",0.002642
"662_4",0.002155
"7957_1",0.754980
"3009_2",0.003323
"9574_1",0.001595
"703_2",0.002542
"11871_4",0.002474
"8056_2",0.003428
"11468_2",0.004691
"7549_10",0.997558
"4506_1",0.004677
"160_1",0.001880
"2400_1",0.005114
"146_8",0.997080
"1174_7",0.997180
"1623_2",0.002302
"2909_1",0.004915
"9284_3",0.002645
"753_7",0.032873
"456_1",0.084624
"329_1",0.002128
"1996_10",0.997804
"7468_10",0.996129
"11219_3",0.986995
"5749_8",0.994019
"1563_2",0.003169
"9713_8",0.959392
"12467_2",0.002125
"5686_2",0.002057
"6424_2",0.002093
"11137_10",0.998202
"5613_7",0.995985
"2113_2",0.001809
"8623_8",0.500976
"2086_10",0.997970
"6846_8",0.998155
"3230_2",0.001740
"4973_4",0.004333
"2935_2",0.002890
"12176_1",0.001892
"6272_9",0.989748
"728_10",0.997884
"9843_2",0.003472
"4897_2",0.004389
"12121_3",0.002134
"11934_4",0.007378
"1453_2",0.001878
"9676_9",0.996879
"3072_10",0.997940
"6667_2",0.991376
"8932_9",0.998391
"9452_10",0.993803
"953_2",0.008105
"3268_3",0.005019
"6276_1",0.001913
"2522_3",0.002733
"2630_10",0.997732
"2031_10",0.997937
"3754_10",0.610008
"10791_1",0.002432
"7755_3",0.008380
"11180_10",0.998002
"8020_9",0.992754
"3767_4",0.995602
"3519_10",0.997474
"8180_9",0.996916
"11639_4",0.006716
"7540_2",0.001969
"4746_1",0.005085
"4027_1",0.002006
"952_1",0.004123
"4070_1",0.929060
"8346_1",0.976118
"1499_9",0.990677
"1601_4",0.002377
"1698_1",0.003423
"3055_3",0.004179
"7744_1",0.002709
"3183_8",0.997997
"9482_1",0.002031
"3712_4",0.676391
"9260_4",0.963950
"10042_1",0.002058
"3873_3",0.003866
"11273_10",0.994382
"2918_1",0.775850
"1292_3",0.002206
"1837_2",0.054633
"4650_4",0.011339
"8686_4",0.009695
"11307_8",0.986515
"10044_2",0.002132
"12035_1",0.001910
"2259_9",0.997360
"6582_1",0.187040
"10194_1",0.002107
"7932_10",0.952883
"8064_8",0.984564
"5017_4",0.991390
"6456_9",0.998290
"10768_8",0.997871
"9479_10",0.997306
"9734_4",0.003413
"2245_1",0.001801
"7275_3",0.007743
"1193_10",0.997874
"3883_4",0.002617
"5456_3",0.953521
"10014_2",0.002621
"8045_9",0.997435
"9093_7",0.996764
"9971_1",0.001785
"1052_3",0.010157
"10952_1",0.002190
"3449_7",0.017623
"2488_1",0.005043
"8422_3",0.004073
"1541_10",0.998280
"11863_1",0.001750
"10102_2",0.004629
"3838_9",0.996389
"8538_3",0.003462
"12432_1",0.001978
"6339_10",0.997776
"1860_10",0.997829
"11402_1",0.001875
"10770_2",0.007421
"8046_8",0.997392
"2748_3",0.990072
"361_9",0.996528
"8427_10",0.998144
"11792_10",0.997474
"10331_9",0.997335
"3506_1",0.001727
"7374_7",0.998228
"5658_9",0.997465
"7170_2",0.006040
"6144_1",0.001855
"5035_7",0.998387
"4566_3",0.002891
"9544_1",0.001621
"1959_9",0.989540
"2390_9",0.997559
"4960_9",0.998211
"3425_2",0.001956
"4000_10",0.998324
"12418_3",0.005638
"9771_10",0.998297
"621_7",0.997315
"3510_1",0.002119
"6893_7",0.910730
"3680_9",0.998296
"3118_9",0.996527
"5433_7",0.989371
"8381_9",0.997908
"10205_10",0.998204
"1437_1",0.001671
"5675_2",0.002315
"1597_7",0.994080
"1549_1",0.003192
"11391_10",0.997721
"12101_8",0.997955
"9356_8",0.995219
"10128_1",0.003080
"11249_4",0.017738
"12441_2",0.001514
"7486_2",0.003998
"4905_9",0.970889
"5441_1",0.003989
"2613_10",0.994994
"10351_3",0.002786
"10459_10",0.998312
"2565_8",0.998248
"1338_1",0.001591
"823_7",0.994977
"8924_7",0.996436
"1382_10",0.983567
"4150_7",0.006511
"6004_8",0.987588
"2508_10",0.993168
"10935_8",0.998205
"692_7",0.994486
"7778_10",0.998264
"2016_10",0.998382
"1042_3",0.003648
"7823_1",0.006300
"149_1",0.020178
"5551_3",0.004023
"366_8",0.997832
"3483_10",0.998404
"278_1",0.001821
"9951_4",0.007983
"2731_10",0.998092
"4403_10",0.998373
"5307_1",0.004414
"8185_9",0.998300
"11059_8",0.997402
"10273_10",0.998427
"5336_4",0.003371
"5147_7",0.957159
"1525_1",0.002514
"8507_7",0.990283
"8501_10",0.997900
"2424_2",0.030911
"8959_9",0.998324
"11318_8",0.997648
"1270_8",0.994486
"1655_1",0.001862
"10161_1",0.001827
"8531_10",0.979727
"9144_4",0.004604
"1201_2",0.002491
"11822_10",0.998332
"11486_3",0.001813
"8038_10",0.998503
"1981_2",0.014968
"11901_10",0.998317
"5441_9",0.997435
"11709_9",0.998126
"9333_8",0.998196
"7881_3",0.003476
"2815_9",0.994040
"3251_3",0.001922
"1792_3",0.001957
"8625_2",0.002321
"4221_3",0.004696
"2742_10",0.998260
"11118_4",0.965019
"11613_3",0.003966
"6104_1",0.002671
"3046_1",0.001678
"8729_4",0.002445
"1827_10",0.997910
"762_7",0.993112
"8855_2",0.002010
"7573_3",0.001940
"8616_4",0.015087
"4830_7",0.996889
"6646_1",0.075691
"8746_4",0.064731
"1875_7",0.986793
"1221_10",0.998142
"11842_2",0.001692
"3002_1",0.002372
"5776_1",0.001899
"5479_10",0.998169
"6034_4",0.001964
"10984_1",0.003699
"12043_2",0.002360
"4961_8",0.998142
"9601_10",0.014580
"2216_4",0.002326
"1189_10",0.998290
"8461_4",0.002092
"2575_10",0.998336
"3782_1",0.002228
"8927_8",0.998122
"7006_4",0.003645
"6103_7",0.970212
"3218_10",0.998521
"797_10",0.996557
"76_4",0.791733
"9497_7",0.989913
"9637_1",0.002455
"1070_10",0.997823
"9732_10",0.001649
"8144_3",0.010061
"6247_10",0.197209
"10230_7",0.997562
"10731_3",0.001921
"740_8",0.992557
"2145_8",0.997860
"834_8",0.994130
"6621_10",0.998229
"1749_4",0.005956
"5730_10",0.997912
"11167_4",0.003252
"1106_9",0.997992
"8152_10",0.996937
"11968_8",0.557701
"7728_9",0.997967
"237_1",0.001788
"10754_1",0.001875
"1055_10",0.998213
"65_7",0.996480
"4092_3",0.003191
"3337_7",0.996527
"3163_8",0.012956
"7645_1",0.001579
"10883_1",0.002196
"4597_7",0.996595
"11850_1",0.002008
"1025_10",0.998217
"11908_2",0.006284
"7838_4",0.975763
"7725_7",0.996249
"8146_9",0.998382
"3741_8",0.998456
"323_2",0.004241
"8244_3",0.001941
"4593_1",0.001873
"6902_1",0.002186
"1791_1",0.001705
"11490_10",0.997957
"4200_1",0.002381
"1611_2",0.910249
"3215_10",0.998225
"5864_10",0.003625
"3776_1",0.008725
"6356_9",0.997580
"9139_10",0.996584
"5115_10",0.997981
"3064_10",0.998120
"149_9",0.997164
"2873_3",0.003159
"3790_1",0.001805
"3136_9",0.996930
"1696_3",0.007803
"4961_2",0.986015
"11918_10",0.998318
"3663_10",0.998211
"8115_3",0.938715
"3690_8",0.986315
"11431_1",0.001957
"3830_10",0.989853
"11896_10",0.997897
"8753_10",0.997354
"10121_1",0.004083
"1142_7",0.997977
"7188_7",0.982313
"7044_1",0.001813
"11750_4",0.001807
"7688_10",0.998005
"12292_10",0.997927
"5533_1",0.019391
"4147_4",0.004539
"8515_2",0.004916
"10756_3",0.254156
"11899_10",0.997536
"11867_2",0.002784
"7814_8",0.998064
"1855_10",0.998368
"10357_2",0.002024
"5218_1",0.003606
"6641_9",0.986651
"5777_10",0.995162
"11982_1",0.002006
"10980_10",0.998140
"8585_8",0.973375
"941_2",0.002446
"1697_7",0.994438
"9872_8",0.998260
"2377_4",0.002963
"2033_8",0.998089
"5864_1",0.002545
"4295_7",0.998022
"2610_1",0.001772
"1730_10",0.143665
"11095_8",0.996353
"1699_8",0.993168
"344_9",0.997276
"7136_3",0.002686
"2402_10",0.989317
"472_10",0.997732
"170_7",0.988220
"7019_1",0.003844
"11798_10",0.998400
"7549_2",0.001865
"8414_10",0.996045
"573_3",0.002960
"6678_1",0.938297
"10002_3",0.003323
"3905_3",0.991134
"1849_4",0.004096
"7959_2",0.003615
"597_4",0.008468
"2719_8",0.996780
"10519_1",0.002157
"6112_1",0.001739
"1322_9",0.997340
"12415_8",0.997678
"6727_1",0.002302
"12393_1",0.001814
"8545_9",0.997283
"528_7",0.998069
"12267_8",0.998101
"5842_10",0.993947
"8471_2",0.080047
"3912_9",0.990743
"4831_8",0.998177
"5767_3",0.002338
"10631_9",0.997895
"8069_8",0.998081
"190_9",0.998094
"12343_7",0.997184
"645_1",0.001681
"10326_1",0.001620
"11271_9",0.981218
"11808_8",0.996989
"3200_2",0.001908
"4518_2",0.001665
"8307_2",0.002555
"2057_10",0.997543
"3705_1",0.001576
"11581_7",0.996827
"11777_9",0.995640
"1367_3",0.011823
"12248_9",0.998060
"2994_8",0.997778
"5170_1",0.002817
"8781_7",0.829563
"9137_1",0.002014
"9970_4",0.020054
"3412_7",0.811652
"9399_1",0.001701
"7917_8",0.003306
"1157_1",0.005885
"12489_10",0.997922
"5365_8",0.998175
"9295_10",0.965679
"11505_1",0.001480
"8647_4",0.002767
"6609_2",0.002296
"6859_1",0.004247
"2436_10",0.995673
"4255_4",0.424171
"12347_1",0.006969
"4237_4",0.001718
"11687_10",0.995219
"2964_7",0.982491
"2836_4",0.003141
"1944_4",0.940514
"3218_1",0.002208
"2752_10",0.998545
"9994_3",0.002555
"11566_8",0.997088
"5741_10",0.998255
"7127_10",0.997601
"11864_2",0.001607
"5159_9",0.998208
"658_3",0.007217
"10177_3",0.006422
"4843_1",0.001754
"1441_1",0.003781
"2741_2",0.001937
"6045_3",0.017405
"7020_8",0.998279
"2120_1",0.001819
"2336_1",0.001838
"10167_9",0.997601
"10251_3",0.002509
"9335_4",0.002543
"6670_3",0.003079
"9937_7",0.005995
"3258_7",0.995265
"3234_7",0.997413
"3601_1",0.001877
"5635_9",0.112154
"11427_7",0.997179
"3349_4",0.003380
"1334_10",0.997704
"10474_10",0.998168
"2361_10",0.998006
"1471_2",0.002287
"10705_10",0.997395
"10559_7",0.957096
"3070_10",0.997202
"10087_1",0.001969
"1952_7",0.630939
"682_9",0.965318
"6576_10",0.997401
"956_3",0.003614
"3960_1",0.001909
"62_2",0.002201
"3200_8",0.998276
"2127_1",0.003015
"6878_9",0.998387
"1600_10",0.997338
"11995_7",0.783924
"5239_2",0.002100
"6018_7",0.998063
"9185_1",0.002603
"4707_7",0.984746
"12407_10",0.997807
"5831_10",0.998440
"2264_7",0.996155
"7226_8",0.996809
"6337_7",0.995963
"5047_3",0.993631
"228_10",0.997156
"4230_1",0.002251
"4058_8",0.997791
"5634_4",0.002174
"11680_1",0.001997
"1320_9",0.998144
"12461_8",0.998241
"10076_10",0.998286
"9170_8",0.996433
"4519_10",0.998121
"5906_2",0.002441
"2065_8",0.994241
"8453_10",0.998042
"262_1",0.001702
"454_10",0.998217
"11532_8",0.998188
"8169_2",0.929641
"6873_8",0.993498
"10061_4",0.002780
"11565_4",0.002439
"258_1",0.002149
"5896_1",0.002002
"4395_1",0.001769
"3774_1",0.002041
"12340_8",0.968417
"7497_8",0.998100
"4321_2",0.004506
"6258_2",0.001748
"3950_1",0.001543
"9998_8",0.998271
"3524_8",0.998190
"2003_10",0.997857
"10366_3",0.048523
"2602_10",0.998132
"8684_8",0.997421
"12268_9",0.998145
"4846_8",0.996953
"5969_1",0.002735
"173_4",0.002137
"2790_10",0.998147
"2637_1",0.001902
"10239_1",0.001731
"5120_9",0.997924
"3802_10",0.994011
"6897_7",0.009151
"8478_9",0.984796
"2441_4",0.258901
"4827_1",0.007552
"4326_1",0.002008
"252_3",0.002068
"7201_8",0.992987
"801_2",0.018230
"10008_4",0.003920
"6740_10",0.998291
"674_3",0.770083
"6341_9",0.998126
"1882_7",0.993195
"10843_10",0.997664
"1593_4",0.006532
"3592_1",0.315323
"4658_4",0.967146
"2564_2",0.002807
"7229_9",0.997067
"4186_1",0.001637
"10227_3",0.002171
"4580_3",0.007191
"10367_3",0.007329
"10034_9",0.992452
"6834_10",0.998515
"11326_9",0.997618
"4683_1",0.002702
"5596_1",0.002597
"4238_3",0.002117
"11881_10",0.995835
"11910_2",0.003758
"934_1",0.002173
"3660_8",0.998379
"365_1",0.001652
"3677_9",0.997831
"6522_10",0.013261
"3167_10",0.997716
"6104_10",0.997510
"2584_2",0.003182
"4264_8",0.997195
"5648_9",0.997291
"1863_9",0.997928
"7464_10",0.998297
"7643_8",0.997284
"7030_10",0.998505
"2768_2",0.001667
"3845_1",0.001603
"11590_10",0.997880
"8578_3",0.004295
"8733_9",0.997026
"4099_1",0.002521
"5810_1",0.001824
"442_3",0.057659
"1374_9",0.984669
"7704_10",0.013271
"4526_1",0.001993
"2978_8",0.998371
"3096_1",0.001890
"1589_9",0.998298
"11197_7",0.998168
"6751_8",0.997722
"10043_10",0.998354
"4045_2",0.001524
"7706_8",0.997036
"1876_10",0.995614
"4224_9",0.998233
"10833_1",0.001843
"11549_10",0.996495
"7081_8",0.998243
"6410_8",0.997646
"10609_9",0.997151
"9910_1",0.001846
"4474_7",0.997233
"9775_9",0.997944
"9245_10",0.998281
"11514_8",0.998049
"3182_4",0.862208
"3127_3",0.002617
"7311_1",0.002317
"4266_10",0.997793
"12410_10",0.997563
"7548_1",0.002067
"10446_2",0.004527
"4854_2",0.004669
"1152_8",0.998176
"11660_4",0.053663
"3452_2",0.001815
"2401_7",0.993455
"11703_7",0.996035
"4053_2",0.002207
"4882_9",0.997575
"8050_7",0.965050
"9053_4",0.014789
"12313_10",0.998590
"12085_1",0.001792
"2130_2",0.002341
"8499_10",0.997558
"9230_3",0.005230
"2697_10",0.998359
"7682_3",0.002214
"1473_7",0.947112
"3124_4",0.001751
"10694_10",0.998145
"11541_9",0.990675
"7033_10",0.994038
"305_10",0.997478
"12164_8",0.896571
"7594_2",0.103275
"2101_3",0.002618
"9579_2",0.002072
"1482_4",0.979890
"4362_1",0.002492
"1263_9",0.998204
"2543_9",0.998110
"8642_1",0.001851
"229_1",0.002850
"12045_10",0.998345
"810_9",0.998186
"5188_7",0.990919
"2690_1",0.002651
"922_3",0.003528
"10957_10",0.998109
"9275_3",0.001840
"7289_10",0.998507
"1809_2",0.001838
"11846_1",0.993111
"5888_10",0.998473
"1506_7",0.996334
"6255_1",0.001683
"4995_7",0.990086
"2423_1",0.001805
"4030_8",0.996072
"4839_7",0.994869
"364_1",0.002320
"3510_9",0.997613
"2092_10",0.998407
"600_1",0.001861
"5490_9",0.998359
"9442_8",0.484939
"5330_8",0.997598
"10858_10",0.982575
"2746_8",0.994916
"848_9",0.992659
"6713_1",0.991366
"8274_10",0.998370
"2507_1",0.002307
"4558_1",0.002658
"957_2",0.002390
"11667_8",0.993816
"2374_2",0.002253
"8156_1",0.006428
"1080_8",0.994247
"11274_8",0.994111
"12467_10",0.998395
"5941_1",0.996695
"6205_1",0.002815
"4517_9",0.997586
"102_4",0.002833
"6022_8",0.997348
"10054_3",0.002166
"3907_3",0.001730
"5232_8",0.900317
"10064_2",0.651959
"6529_1",0.002002
"11003_1",0.001521
"9151_7",0.994823
"6612_8",0.994218
"12189_10",0.998062
"6510_2",0.002051
"3129_7",0.985720
"7864_2",0.002153
"11603_3",0.942998
"10741_9",0.998308
"2235_7",0.994959
"2125_2",0.007995
"2050_10",0.997770
"8397_1",0.002665
"5275_1",0.009728
"7755_10",0.998240
"12065_4",0.988962
"269_8",0.997542
"1933_2",0.005609
"9182_3",0.021093
"3153_10",0.998095
"3922_7",0.995842
"2674_3",0.002217
"7407_4",0.004455
"737_7",0.997015
"5223_1",0.002742
"10937_1",0.002942
"9026_4",0.003297
"1564_8",0.997486
"1724_10",0.997430
"1224_3",0.920250
"8536_4",0.003482
"11215_8",0.992497
"3063_10",0.998273
"9559_9",0.991672
"5165_2",0.002005
"9396_1",0.002790
"6404_1",0.001728
"6019_1",0.959467
"7249_8",0.987746
"1765_1",0.001732
"7685_4",0.174952
"8196_10",0.998313
"11749_1",0.004674
"1257_10",0.989183
"3488_8",0.997579
"8605_8",0.996846
"6697_4",0.102459
"11540_1",0.001589
"6262_4",0.016423
"1998_8",0.997065
"3019_1",0.001977
"1087_2",0.002095
"8356_8",0.991593
"10036_10",0.998204
"10547_10",0.997089
"2562_1",0.001832
"5096_3",0.002526
"12128_1",0.002459
"2574_10",0.997377
"10144_8",0.998334
"3678_1",0.002007
"2579_2",0.002299
"6695_7",0.846374
"1465_7",0.998201
"11846_9",0.993400
"1219_9",0.998133
"4936_9",0.998566
"12382_4",0.487911
"8807_1",0.001685
"7700_1",0.002686
"4209_8",0.998143
"10178_10",0.997500
"9835_8",0.993595
"161_3",0.003113
"670_3",0.003076
"7158_10",0.992858
"9502_4",0.002486
"9880_1",0.002414
"39_3",0.989156
"11161_9",0.982815
"12026_9",0.998281
"4439_3",0.002057
"8303_10",0.996726
"408_7",0.996135
"1065_9",0.975376
"5188_2",0.001752
"929_10",0.998460
"4765_7",0.998058
"2117_4",0.008201
"6653_4",0.003918
"2342_1",0.001996
"8445_1",0.001546
"1708_1",0.001950
"7995_10",0.996987
"1104_4",0.004615
"3847_1",0.001914
"7276_10",0.998226
"11269_7",0.008970
"3158_1",0.003218
"11061_1",0.001589
"851_7",0.988833
"8214_2",0.002149
"9174_1",0.002408
"7040_3",0.002855
"4082_4",0.004838
"3553_8",0.994115
"6733_10",0.997948
"4910_3",0.094355
"10149_1",0.002068
"5609_4",0.002083
"4174_3",0.003716
"9213_1",0.005964
"2881_9",0.997220
"1408_3",0.016977
"10832_1",0.004363
"7216_3",0.917179
"9905_10",0.998370
"9050_3",0.003456
"3789_4",0.002220
"6490_8",0.997459
"7649_7",0.996850
"6901_8",0.997003
"11597_9",0.998253
"3259_1",0.001570
"5936_3",0.003196
"1214_2",0.296751
"2840_1",0.001607
"1956_10",0.997715
"2392_2",0.002434
"239_9",0.997928
"6860_8",0.987858
"1716_9",0.997328
"9595_10",0.948193
"1630_1",0.002585
"11293_3",0.004088
"8288_10",0.997745
"6618_7",0.995870
"12378_1",0.001743
"11560_1",0.001964
"12124_8",0.998272
"486_10",0.989057
"6654_3",0.002808
"6915_10",0.996599
"8773_1",0.005779
"10211_4",0.932103
"5769_9",0.997713
"10038_4",0.002143
"3737_9",0.998071
"11512_1",0.007189
"8025_7",0.965501
"397_7",0.993148
"10670_9",0.996460
"11648_4",0.002432
"10361_1",0.001665
"12439_8",0.998272
"9958_8",0.990030
"8659_1",0.001574
"12400_1",0.002228
"10680_7",0.991795
"2435_10",0.992301
"5506_4",0.002040
"9025_3",0.003817
"5749_4",0.001966
"5090_1",0.001512
"2688_9",0.995674
"8397_10",0.996671
"8610_8",0.858959
"9398_10",0.998144
"5144_10",0.997698
"10797_10",0.995502
"9623_2",0.002455
"3269_8",0.997695
"5480_7",0.997253
"43_1",0.002163
"4156_1",0.005047
"1629_1",0.001895
"6536_10",0.997684
"8384_1",0.001729
"2820_10",0.997636
"7976_3",0.002403
"3745_10",0.787770
"11258_8",0.997411
"7908_7",0.997675
"9166_7",0.993120
"8976_8",0.997718
"3692_1",0.001837
"4937_4",0.004291
"11935_9",0.998150
"7722_7",0.997754
"8757_4",0.002624
"1218_10",0.994264
"3620_8",0.008303
"9017_4",0.002645
"8300_3",0.001959
"11325_4",0.002566
"1093_8",0.998556
"166_4",0.004736
"6088_10",0.998164
"2149_10",0.998280
"4884_9",0.992860
"9786_1",0.003009
"4258_3",0.002443
"9890_1",0.007689
"8911_1",0.012052
"11618_3",0.003178
"4510_1",0.001919
"3173_4",0.004528
"10418_1",0.001973
"8954_1",0.001708
"723_2",0.002405
"1164_1",0.001534
"11404_4",0.003548
"5737_3",0.003098
"10073_3",0.002297
"1900_8",0.022479
"9532_10",0.997009
"839_4",0.009391
"4562_1",0.007365
"3963_3",0.002508
"5220_10",0.838563
"663_9",0.997271
"10156_8",0.996728
"3759_7",0.170423
"5153_4",0.106150
"7580_3",0.001846
"12403_10",0.996950
"4893_8",0.998297
"892_8",0.995549
"79_2",0.001783
"10716_8",0.998044
"11452_7",0.984835
"1214_7",0.981729
"8901_10",0.992855
"12221_10",0.998210
"2055_9",0.858761
"5911_3",0.002700
"10866_3",0.001959
"10063_1",0.001651
"10563_9",0.995013
"11931_8",0.016026
"1180_1",0.001885
"8194_1",0.002276
"7837_4",0.997049
"1876_1",0.002346
"9203_1",0.002251
"10091_1",0.002148
"2434_9",0.997248
"7908_1",0.002148
"8591_4",0.368898
"4222_7",0.972560
"11430_4",0.996030
"757_1",0.001556
"6442_8",0.996781
"10056_8",0.996958
"3179_2",0.002728
"3130_3",0.466713
"11921_7",0.997813
"4139_9",0.998140
"195_10",0.997999
"6286_1",0.004065
"5701_2",0.003201
"7470_8",0.998313
"9205_9",0.907890
"10683_8",0.994972
"672_4",0.033569
"604_10",0.998387
"7757_10",0.998114
"5228_4",0.991100
"3998_10",0.997292
"7444_4",0.979685
"9684_10",0.996867
"8455_7",0.997347
"3989_8",0.997151
"1115_3",0.004001
"6469_4",0.002866
"4524_8",0.447537
"3103_7",0.964931
"3108_8",0.997724
"2219_10",0.998110
"10269_8",0.867422
"838_4",0.004182
"5367_1",0.001717
"9110_10",0.997971
"5736_1",0.002147
"5100_4",0.094692
"3399_4",0.004875
"7575_9",0.997692
"7954_9",0.998524
"870_7",0.997054
"3811_9",0.814027
"8011_9",0.997426
"8172_10",0.998231
"3209_4",0.001961
"7380_10",0.989575
"10210_3",0.002851
"8162_9",0.997995
"10784_9",0.998240
"482_1",0.002073
"1452_9",0.997236
"2686_4",0.008800
"543_8",0.996759
"495_2",0.001980
"2887_9",0.996932
"11780_1",0.001666
"9742_2",0.001754
"1762_1",0.001702
"5264_9",0.997628
"7958_4",0.433288
"6010_10",0.998308
"1284_9",0.990456
"10420_3",0.002542
"7736_7",0.978174
"1178_10",0.998176
"529_10",0.998356
"4063_4",0.003569
"10480_8",0.995605
"2412_2",0.002675
"5206_3",0.016193
"11963_9",0.994118
"663_1",0.001932
"352_4",0.003744
"7504_3",0.994129
"8678_1",0.002658
"2330_2",0.996824
"12282_1",0.001785
"6485_10",0.941377
"9306_1",0.001545
"7468_4",0.002006
"12207_1",0.002049
"6701_7",0.273941
"9861_7",0.947325
"6318_7",0.991272
"11612_1",0.002292
"4800_10",0.008804
"5360_3",0.029767
"4977_4",0.007454
"1678_9",0.994778
"5017_8",0.996222
"3087_9",0.554197
"1915_8",0.761541
"574_10",0.995734
"6062_8",0.998526
"2860_4",0.994807
"1800_4",0.026085
"1928_9",0.995901
"9890_10",0.997940
"12159_8",0.994758
"649_7",0.987916
"8708_1",0.002797
"8181_10",0.998415
"3495_1",0.001756
"11612_10",0.994291
"6919_10",0.997389
"12217_9",0.996860
"9276_4",0.005008
"3520_9",0.997666
"6492_4",0.923710
"3900_2",0.024783
"12298_9",0.994633
"12394_1",0.001793
"4873_8",0.928851
"4797_1",0.014692
"3197_9",0.998266
"2474_10",0.997211
"4042_10",0.998503
"10641_1",0.001754
"10882_2",0.002449
"4803_4",0.117460
"7459_10",0.997543
"1828_1",0.001777
"1718_10",0.998452
"9603_1",0.001891
"940_7",0.982551
"3074_4",0.002599
"8802_10",0.998445
"7180_4",0.001941
"5250_1",0.002851
"2734_7",0.997710
"2354_8",0.994102
"6805_1",0.002449
"11156_4",0.003689
"2734_3",0.014401
"12216_1",0.002517
"660_8",0.996829
"8978_10",0.997495
"6272_1",0.009541
"8294_4",0.002116
"11956_8",0.997419
"3265_1",0.001555
"705_2",0.153608
"9058_9",0.998115
"3582_3",0.003406
"6985_1",0.001701
"5611_9",0.991341
"9491_3",0.005461
"9945_3",0.001710
"1840_10",0.998175
"12280_3",0.002063
"1932_10",0.998256
"8682_10",0.998176
"5418_9",0.998035
"3354_9",0.997648
"8078_3",0.005785
"7747_1",0.014305
"2669_7",0.987148
"9180_7",0.997253
"1320_1",0.001653
"7742_8",0.998393
"6232_9",0.995429
"3459_9",0.998442
"1008_2",0.003345
"7987_8",0.997195
"5078_7",0.987438
"10660_10",0.980006
"10325_2",0.002323
"4951_3",0.003639
"10502_7",0.876323
"7548_9",0.962366
"2870_10",0.992394
"8136_4",0.991291
"9870_8",0.017655
"7588_4",0.005429
"7845_2",0.001830
"10334_7",0.997479
"4860_1",0.006374
"4855_9",0.991943
"1337_10",0.996118
"6403_3",0.006328
"9447_10",0.998224
"4724_3",0.037305
"10895_10",0.998393
"2171_4",0.005376
"5361_9",0.997560
"11056_2",0.001616
"9772_10",0.997970
"5719_8",0.998262
"3050_7",0.890653
"4406_1",0.002569
"9833_4",0.046685
"1217_2",0.002975
"2632_1",0.001972
"3250_1",0.996262
"5130_9",0.995424
"3526_7",0.793172
"2793_3",0.002119
"10708_3",0.004452
"6415_8",0.996554
"11258_2",0.002516
"11451_1",0.076553
"7724_2",0.005194
"4276_4",0.001611
"6058_1",0.002108
"4086_1",0.004056
"3670_8",0.997908
"7125_8",0.997044
"9377_8",0.994356
"763_2",0.003080
"7882_8",0.997557
"757_9",0.996804
"389_1",0.003892
"9102_10",0.997858
"9384_7",0.967548
"5684_8",0.995180
"12090_4",0.005883
"12002_4",0.001805
"5443_7",0.995086
"8782_9",0.994460
"9878_9",0.997876
"9640_1",0.003087
"999_3",0.005321
"6249_3",0.982975
"1656_7",0.998308
"6649_10",0.986122
"4630_1",0.009485
"11300_8",0.996511
"5894_10",0.862488
"3198_1",0.001605
"7924_2",0.009504
"6318_1",0.006040
"8075_2",0.898099
"10005_2",0.972613
"6431_8",0.997770
"635_2",0.422577
"1803_3",0.003389
"5721_4",0.002260
"1116_7",0.997978
"1456_4",0.010581
"51_10",0.998421
"7155_9",0.997883
"929_2",0.001897
"12269_1",0.001756
"10597_1",0.001594
"9005_7",0.928504
"10467_9",0.998305
"2251_9",0.997712
"1977_9",0.998528
"8539_8",0.766750
"2416_1",0.001746
"8508_9",0.994734
"10401_1",0.001892
"12217_2",0.003985
"5484_1",0.002517
"3833_10",0.998292
"465_4",0.003872
"7591_7",0.990993
"11485_9",0.996971
"3728_1",0.001574
"5538_8",0.998107
"10751_4",0.002917
"8883_8",0.996354
"6581_1",0.001879
"5476_1",0.002082
"4338_9",0.998260
"10343_1",0.002930
"2914_10",0.998400
"6103_1",0.891521
"7691_1",0.004204
"3444_3",0.002587
"2397_8",0.998119
"8255_8",0.997255
"1660_1",0.001760
"10154_2",0.997569
"2138_3",0.003044
"9614_3",0.001951
"2682_10",0.998055
"1813_3",0.002881
"10581_3",0.002009
"3733_4",0.002079
"5210_4",0.001878
"11961_8",0.997728
"7928_4",0.003839
"12156_4",0.003728
"11025_4",0.027729
"11233_10",0.998184
"473_1",0.001936
"6648_2",0.001946
"2451_1",0.001844
"7679_2",0.001615
"2954_9",0.998149
"9652_10",0.998490
"724_3",0.018212
"7592_4",0.002465
"7669_9",0.997917
"3816_1",0.001726
"1401_4",0.007108
"8551_2",0.003636
"7901_8",0.998035
"10552_4",0.001895
"330_10",0.997540
"232_4",0.003543
"12351_8",0.997497
"12451_10",0.998255
"5884_9",0.990289
"603_4",0.002612
"3415_7",0.008076
"8727_1",0.003185
"10099_4",0.010034
"7989_10",0.998290
"2329_2",0.002792
"5774_1",0.001946
"8201_3",0.437617
"3491_1",0.001875
"12210_10",0.865429
"7604_8",0.991619
"1676_10",0.997920
"6477_9",0.997477
"2521_10",0.998398
"9140_2",0.002517
"2463_4",0.002288
"587_8",0.997461
"7120_10",0.100991
"7734_10",0.998453
"7322_10",0.994283
"3803_2",0.001793
"2417_4",0.002615
"7757_4",0.001679
"478_9",0.995360
"12269_9",0.998429
"10472_3",0.002218
"2858_9",0.997829
"414_9",0.004720
"2552_4",0.001751
"11615_8",0.997159
"201_2",0.001634
"5624_3",0.003761
"5080_8",0.982674
"4507_10",0.937389
"1527_3",0.003624
"6282_1",0.002244
"3911_1",0.001724
"4616_9",0.997104
"9562_4",0.968555
"9975_8",0.980945
"7584_10",0.997788
"1121_1",0.002602
"382_10",0.996316
"11309_1",0.001669
"5424_10",0.998029
"8697_8",0.995654
"12420_2",0.010448
"5052_10",0.997605
"1037_1",0.003927
"346_7",0.017785
"2285_8",0.997777
"10867_1",0.001748
"4335_9",0.996302
"9088_7",0.959184
"11037_8",0.986564
"1993_4",0.003450
"11469_3",0.002345
"1834_2",0.001754
"10723_4",0.003962
"5377_3",0.007892
"1812_1",0.005419
"2760_8",0.997671
"12062_10",0.951639
"1847_1",0.001559
"1280_3",0.021307
"2106_8",0.996182
"5414_1",0.024248
"4930_10",0.998424
"5024_9",0.997960
"5295_9",0.977591
"5427_10",0.998104
"10526_2",0.002128
"5517_2",0.183728
"3971_8",0.974252
"12260_7",0.992013
"3676_10",0.998031
"4132_7",0.997799
"6721_8",0.995027
"2381_7",0.997442
"818_1",0.001692
"6503_7",0.969126
"12068_7",0.996513
"8847_1",0.001743
"10698_8",0.995750
"2347_3",0.001999
"9337_10",0.907374
"9070_4",0.446863
"7962_10",0.998532
"12183_4",0.002630
"12410_3",0.995705
"7988_9",0.954314
"8980_8",0.993422
"8568_4",0.007034
"8374_7",0.997201
"3561_4",0.021566
"692_4",0.990282
"4259_1",0.003923
"1627_1",0.002051
"7064_9",0.998219
"5410_7",0.997413
"10003_3",0.005104
"12068_3",0.002090
"8048_7",0.160164
"2590_1",0.001939
"3464_2",0.996963
"8423_10",0.026787
"5036_4",0.114198
"10030_3",0.069769
"5500_9",0.997829
"10129_10",0.996540
"1549_10",0.997166
"6463_10",0.998357
"1026_2",0.003617
"6681_10",0.997901
"11004_1",0.001753
"6191_10",0.997600
"9253_4",0.993711
"3193_10",0.998305
"7563_1",0.001667
"3104_7",0.997334
"6369_9",0.998136
"606_1",0.002258
"6069_10",0.998420
"6966_7",0.996883
"8945_4",0.003144
"4920_1",0.001984
"7358_10",0.997623
"9665_10",0.998080
"5005_1",0.002618
"12324_2",0.001859
"1878_1",0.001682
"5917_2",0.002294
"11912_7",0.997649
"11692_1",0.002017
"11505_10",0.998368
"5416_8",0.996613
"12072_1",0.002369
"4436_10",0.996220
"11762_1",0.002136
"5805_10",0.997634
"9464_1",0.001913
"9412_2",0.001853
"11262_4",0.007099
"853_7",0.995737
"7087_4",0.002533
"1896_10",0.997586
"9749_4",0.808538
"7431_2",0.003035
"10253_3",0.001891
"10675_4",0.780486
"4275_4",0.002828
"5399_8",0.998015
"9388_10",0.825217
"7019_10",0.998404
"10223_2",0.001863
"10216_1",0.003153
"2097_3",0.004318
"4243_3",0.002539
"8672_1",0.001856
"1260_3",0.002554
"1734_10",0.994522
"2955_9",0.998275
"12033_1",0.001835
"8243_3",0.002115
"8741_2",0.176139
"6481_7",0.998071
"7053_1",0.002190
"1624_8",0.988002
"2900_1",0.002500
"4328_1",0.001728
"11732_7",0.998091
"746_1",0.002672
"6004_3",0.002001
"6162_2",0.002187
"9375_4",0.008460
"10924_4",0.005243
"6304_4",0.003004
"10035_10",0.997888
"8867_2",0.001479
"9781_10",0.997427
"8902_8",0.657428
"1006_8",0.009290
"7230_1",0.001705
"8788_9",0.997797
"2079_10",0.998356
"11987_3",0.001942
"2724_7",0.993436
"8534_2",0.002011
"7052_1",0.003767
"4390_8",0.997973
"520_10",0.987145
"3936_3",0.004574
"5160_3",0.002419
"10519_8",0.995619
"8906_1",0.001722
"8750_4",0.338225
"8606_3",0.005259
"12038_2",0.880169
"2939_8",0.997006
"5721_10",0.997806
"6798_8",0.997864
"11820_10",0.998197
"6435_10",0.002127
"404_8",0.997950
"6066_9",0.997995
"7921_3",0.003824
"5468_3",0.010283
"7034_10",0.998452
"4309_3",0.003169
"8201_7",0.997804
"3656_10",0.998376
"8786_4",0.990947
"10564_3",0.003453
"7401_4",0.002216
"1163_1",0.002563
"9915_10",0.998278
"11080_10",0.607144
"4710_10",0.998467
"131_1",0.132773
"6387_3",0.002117
"3906_1",0.001690
"2075_1",0.001809
"11663_10",0.998459
"6149_3",0.002370
"6703_8",0.997633
"2440_8",0.997559
"10500_7",0.012745
"7349_1",0.003038
"10695_1",0.001757
"6905_1",0.002282
"4902_4",0.019574
"5298_9",0.997887
"6701_4",0.008111
"1344_10",0.995224
"284_10",0.997624
"9114_10",0.997967
"12102_10",0.997504
"11448_2",0.002240
"1053_10",0.997609
"8341_10",0.996931
"433_1",0.002171
"9534_4",0.002342
"6471_2",0.004984
"8971_10",0.997919
"433_8",0.996144
"298_10",0.995982
"5965_1",0.001691
"10408_10",0.998351
"9112_3",0.002203
"6726_9",0.998306
"1048_8",0.996671
"11046_9",0.990998
"4808_7",0.997583
"7027_9",0.998402
"12435_8",0.998372
"5480_1",0.010844
"8823_8",0.998125
"554_9",0.998037
"7167_2",0.001571
"10762_3",0.002629
"9036_8",0.997037
"12185_4",0.026524
"7763_10",0.998410
"10271_8",0.980434
"1159_8",0.997126
"11063_1",0.001935
"12479_4",0.001740
"11179_4",0.004372
"1736_1",0.001708
"4840_7",0.997753
"8233_2",0.028456
"1082_9",0.983563
"8378_7",0.992853
"7777_9",0.998458
"1883_9",0.997100
"7350_10",0.997735
"704_8",0.997516
"6554_8",0.995803
"1750_10",0.996090
"4969_2",0.001851
"10339_8",0.997831
"1902_4",0.025582
"5578_1",0.001643
"5502_1",0.002563
"7250_2",0.001761
"8856_4",0.001757
"10840_9",0.997366
"9730_10",0.994609
"11146_2",0.002008
"5988_3",0.001642
"9734_8",0.996736
"12338_8",0.080130
"9813_1",0.005966
"8928_2",0.090092
"5431_2",0.001930
"9467_9",0.997613
"4933_4",0.004513
"11280_10",0.035961
"10279_9",0.998079
"7024_1",0.001580
"9115_3",0.006642
"5701_10",0.998342
"9539_1",0.002310
"7655_7",0.997178
"4518_10",0.998115
"3039_4",0.763018
"8654_3",0.008750
"8893_4",0.957828
"3598_9",0.998258
"6443_1",0.002789
"3843_1",0.001913
"3848_9",0.997870
"3149_1",0.003344
"2152_1",0.001740
"11564_1",0.001588
"4391_8",0.990595
"950_10",0.998374
"10531_10",0.997240
"904_3",0.002276
"5293_9",0.998467
"2173_1",0.002276
"5992_2",0.001838
"782_3",0.008371
"1295_8",0.997712
"9659_1",0.001874
"2214_3",0.001907
"10772_3",0.002239
"7515_9",0.990952
"7294_2",0.003364
"7761_1",0.003800
"9027_9",0.996078
"6595_1",0.001610
"11003_8",0.997365
"601_10",0.997509
"2991_8",0.975008
"10937_8",0.987175
"7545_1",0.002034
"9747_1",0.001767
"7653_7",0.704068
"6886_1",0.002050
"8054_8",0.980201
"7299_9",0.998375
"2289_3",0.957511
"6569_1",0.001656
"10909_2",0.004509
"4022_7",0.989776
"5407_1",0.001840
"10211_8",0.073039
"9194_1",0.002599
"8113_8",0.998203
"12010_1",0.002868
"7373_7",0.997089
"3535_10",0.997757
"5265_10",0.997440
"7032_1",0.004016
"3391_10",0.998368
"969_9",0.996861
"450_2",0.009286
"12296_3",0.013785
"10855_10",0.997260
"2741_10",0.997126
"12403_1",0.001622
"6118_4",0.003830
"9001_1",0.006564
"172_4",0.002041
"4405_7",0.994304
"8923_8",0.997623
"5396_10",0.998131
"7183_1",0.001941
"3261_7",0.997602
"7445_10",0.998248
"11412_2",0.003309
"4765_3",0.006454
"5248_9",0.997146
"3172_2",0.002124
"10813_4",0.487777
"8054_1",0.001804
"5535_1",0.001638
"1306_8",0.997669
"135_3",0.077406
"10646_10",0.995889
"9906_1",0.001795
"8156_10",0.998411
"2806_1",0.002522
"9501_4",0.002119
"1882_3",0.004979
"11895_4",0.001866
"5420_10",0.998233
"11791_10",0.998158
"3798_2",0.001696
"3282_8",0.991839
"1278_1",0.005988
"1011_4",0.003037
"5263_9",0.980173
"11301_1",0.001704
"1946_7",0.997105
"3246_10",0.998292
"4130_8",0.995696
"4172_10",0.993180
"2619_2",0.001713
"5197_4",0.032015
"6060_9",0.997589
"7430_1",0.001793
"3511_10",0.997982
"6970_1",0.002371
"931_4",0.002511
"12374_10",0.998155
"10217_7",0.995090
"964_7",0.993639
"4859_1",0.001690
"5525_1",0.004260
"11471_1",0.002203
"5030_4",0.004106
"12177_2",0.001991
"8892_2",0.001969
"1073_4",0.011773
"7406_1",0.001603
"6345_9",0.997173
"7395_7",0.002182
"9952_7",0.996601
"5851_4",0.010263
"6880_7",0.988045
"642_9",0.997822
"6271_9",0.997419
"10983_1",0.001881
"5602_1",0.002049
"3834_1",0.001929
"6961_3",0.960309
"10102_8",0.996358
"6988_1",0.001561
"5803_9",0.995312
"6009_1",0.001729
"10294_2",0.002972
"9811_10",0.142771
"11298_8",0.996421
"4625_10",0.998431
"11263_3",0.001868
"11502_3",0.010568
"9690_10",0.069758
"4453_10",0.998247
"9741_10",0.997812
"12191_9",0.917674
"8019_8",0.998487
"2298_4",0.014330
"1489_4",0.001975
"4228_7",0.970744
"10905_1",0.002132
"5103_10",0.998188
"5641_1",0.001907
"11567_1",0.001745
"4040_10",0.998234
"4777_10",0.998257
"9612_10",0.998353
"3830_1",0.001993
"8781_2",0.001684
"9415_3",0.997659
"9171_3",0.002287
"478_3",0.002545
"10979_8",0.997783
"7073_4",0.004012
"5419_10",0.995562
"8505_3",0.002681
"7559_1",0.980162
"3827_9",0.974543
"9242_1",0.006129
"3133_10",0.994863
"9051_4",0.765047
"8604_10",0.997836
"4811_8",0.997489
"10697_10",0.997880
"6142_10",0.998010
"6740_1",0.004216
"7806_8",0.997561
"8326_4",0.993642
"12425_3",0.002536
"11113_1",0.001867
"8096_1",0.001597
"512_8",0.997748
"11144_7",0.995777
"2073_4",0.001761
"6966_4",0.007013
"12122_3",0.722629
"429_10",0.997133
"10294_9",0.998460
"9955_3",0.005932
"10878_10",0.996530
"9365_1",0.001774
"7317_8",0.995810
"2863_8",0.977169
"11935_3",0.009865
"2180_2",0.016936
"267_10",0.998254
"72_8",0.994546
"936_9",0.997242
"2363_4",0.004853
"11722_9",0.998115
"1353_7",0.984757
"3883_7",0.992328
"9475_8",0.997844
"2328_2",0.002542
"11982_9",0.997873
"10413_8",0.997342
"1277_2",0.005958
"6299_4",0.002658
"7536_9",0.998285
"8368_2",0.906595
"634_1",0.002616
"10095_3",0.933888
"8821_4",0.004536
"5669_10",0.998400
"4600_8",0.988896
"10859_1",0.001820
"140_9",0.995683
"153_8",0.989314
"8013_9",0.979044
"12389_1",0.036762
"8443_7",0.998292
"12290_10",0.993611
"12152_10",0.997563
"6442_3",0.331400
"7557_4",0.586271
"3699_4",0.860858
"6461_2",0.994125
"8641_10",0.998148
"10771_1",0.002343
"10539_2",0.002308
"10406_1",0.003856
"9617_4",0.003576
"9403_10",0.997865
"3015_1",0.004290
"181_10",0.997909
"2879_4",0.003611
"1758_8",0.997358
"9992_10",0.997892
"10769_7",0.007414
"5616_3",0.004638
"721_4",0.037872
"3035_1",0.002082
"7877_4",0.002439
"5554_4",0.001897
"1475_7",0.984718
"1538_7",0.996206
"3499_10",0.991578
"8815_4",0.383193
"5817_8",0.003262
"4179_1",0.002023
"3719_10",0.997771
"2538_2",0.001926
"4873_3",0.004048
"7283_9",0.997230
"1997_4",0.006433
"11036_4",0.002223
"4123_4",0.980327
"3520_3",0.001930
"10320_1",0.001966
"10185_10",0.998093
"10193_1",0.003801
"2506_7",0.998416
"9868_10",0.997849
"5603_2",0.001767
"8392_3",0.003515
"5322_4",0.001809
"12117_10",0.998061
"2411_8",0.907478
"9393_4",0.002393
"5968_8",0.997449
"6860_1",0.002693
"12144_4",0.909811
"2706_10",0.996587
"5655_1",0.002388
"2555_8",0.993365
"6091_9",0.998080
"712_9",0.997294
"9445_10",0.997826
"1777_10",0.547240
"490_8",0.988832
"318_10",0.227481
"10143_9",0.995570
"3608_8",0.997459
"686_4",0.987606
"12147_1",0.001587
"6782_10",0.996535
"5560_10",0.998383
"11621_8",0.997256
"11909_10",0.996845
"11938_9",0.998090
"1877_1",0.001902
"1298_1",0.001640
"11154_3",0.001517
"10898_7",0.977731
"9980_8",0.997736
"9719_10",0.997818
"516_1",0.001674
"2541_1",0.001938
"23_10",0.997667
"3517_1",0.002262
"10839_9",0.998468
"11461_9",0.995006
"10150_2",0.001590
"10664_9",0.998511
"6750_10",0.995487
"11165_4",0.989726
"3463_4",0.002012
"287_1",0.001620
"5582_1",0.002171
"1136_1",0.001723
"10316_1",0.001720
"1684_8",0.994566
"3556_9",0.886496
"11680_9",0.998089
"10775_10",0.998372
"5558_2",0.001803
"6203_10",0.996322
"4057_4",0.069066
"9010_8",0.998221
"1033_9",0.997786
"12116_9",0.997874
"8401_10",0.998244
"9863_4",0.005725
"2777_1",0.001880
"5797_3",0.002185
"9929_3",0.002093
"4177_1",0.002835
"2205_8",0.998341
"2839_8",0.998330
"7161_10",0.998099
"11724_4",0.007046
"10369_9",0.998052
"8702_2",0.004191
"1028_10",0.996023
"7226_4",0.009850
"8799_3",0.004828
"1573_8",0.996703
"12041_7",0.994473
"6207_7",0.995872
"399_8",0.995812
"1034_2",0.001833
"1610_4",0.976622
"596_10",0.997690
"6474_7",0.998186
"4464_3",0.002330
"10637_2",0.006745
"3272_10",0.998121
"10194_7",0.986065
"11906_3",0.002537
"3666_3",0.014752
"6148_4",0.004536
"4595_8",0.770837
"6146_1",0.001789
"7512_10",0.998201
"12333_1",0.001656
"3490_4",0.364652
"8495_1",0.001584
"955_4",0.003865
"10582_10",0.996117
"9477_8",0.997780
"7132_3",0.001951
"5214_1",0.005028
"8258_10",0.996544
"10387_1",0.001774
"268_10",0.994900
"8153_2",0.001851
"7353_3",0.002588
"7847_10",0.997991
"12028_10",0.998139
"2998_8",0.976154
"2641_8",0.998052
"11923_8",0.996191
"12322_1",0.002371
"11816_3",0.004213
"7111_3",0.001901
"8107_10",0.986897
"8835_8",0.903465
"10142_10",0.998081
"4445_3",0.001918
"976_8",0.997449
"1996_4",0.178529
"11496_3",0.004322
"1644_4",0.001979
"8573_3",0.001949
"10835_9",0.971524
"11531_8",0.996136
"5802_8",0.994912
"2501_3",0.004257
"530_2",0.001896
"1051_10",0.998418
"6629_1",0.001867
"10350_1",0.033030
"2943_10",0.998189
"7661_1",0.002136
"8359_3",0.021553
"10218_7",0.980795
"10548_1",0.001705
"906_7",0.984732
"2708_9",0.652027
"12478_4",0.004164
"10222_1",0.002569
"3560_2",0.001631
"3371_9",0.995085
"10009_3",0.002647
"3142_3",0.003076
"3876_9",0.995885
"6662_2",0.002098
"4691_1",0.008597
"2491_4",0.991019
"12485_4",0.047444
"1716_3",0.970584
"10767_10",0.995657
"4083_2",0.003815
"7656_3",0.011789
"2532_8",0.995775
"11243_8",0.995883
"11878_9",0.998338
"3627_8",0.154036
"9049_10",0.261115
"2950_4",0.628505
"4553_8",0.998225
"10414_1",0.006670
"4281_7",0.998136
"7905_4",0.996377
"10800_8",0.980369
"1562_4",0.003550
"7604_4",0.005130
"5752_2",0.005614
"9465_1",0.002064
"2701_4",0.018241
"12432_7",0.991098
"7583_9",0.997912
"4003_10",0.997783
"11082_2",0.003921
"7650_3",0.001979
"2215_7",0.997693
"6597_9",0.997261
"12268_1",0.002633
"8650_7",0.997347
"8311_2",0.004915
"10764_10",0.997834
"5462_2",0.002667
"10303_9",0.998158
"12132_4",0.008525
"11786_2",0.003732
"6248_2",0.003042
"5570_2",0.003795
"8367_4",0.036293
"2416_7",0.996967
"4073_1",0.002682
"4642_2",0.002460
"580_10",0.997526
"3328_4",0.005256
"9524_9",0.997970
"11980_2",0.319424
"7812_9",0.997259
"3567_7",0.997712
"9592_2",0.002249
"8421_1",0.003190
"2618_1",0.001717
"2367_3",0.003349
"10613_1",0.001752
"7657_2",0.002508
"10992_4",0.004074
"10663_4",0.427569
"9589_4",0.693692
"5184_8",0.995906
"7352_7",0.997187
"6483_4",0.004915
"914_10",0.998323
"1239_4",0.008948
"4465_4",0.950722
"82_10",0.993680
"3696_4",0.007091
"1507_8",0.991729
"12211_3",0.002158
"4003_3",0.002099
"3738_3",0.004255
"12089_10",0.998106
"593_1",0.001726
"7555_3",0.002139
"9897_9",0.998369
"299_1",0.002684
"2774_3",0.002210
"4723_8",0.995964
"1636_2",0.021855
"3383_8",0.997888
"5360_10",0.998076
"11542_10",0.997876
"1964_1",0.001811
"10323_10",0.974800
"5166_1",0.002148
"12371_1",0.001533
"7426_1",0.001752
"11832_4",0.008469
"684_9",0.991729
"519_7",0.977252
"1712_8",0.997343
"5973_9",0.997956
"2820_3",0.002655
"5023_7",0.996883
"2625_1",0.002002
"2699_9",0.997678
"7123_1",0.001711
"7327_10",0.998105
"944_8",0.997255
"9757_10",0.998199
"12491_9",0.997998
"12301_10",0.998248
"421_9",0.998123
"6655_2",0.003125
"610_9",0.994850
"3020_1",0.002351
"1797_10",0.998350
"1248_3",0.001949
"2524_10",0.998218
"10596_3",0.005822
"9326_3",0.001797
"9346_2",0.002347
"3890_8",0.998347
"7836_9",0.996902
"12388_7",0.996995
"3205_2",0.002114
"1547_9",0.998361
"2706_1",0.001983
"391_10",0.997812
"1544_10",0.998313
"7861_8",0.470629
"1448_2",0.003111
"6451_3",0.002249
"12187_3",0.007318
"11702_4",0.993005
"5947_1",0.005334
"1282_3",0.002366
"7492_2",0.001586
"7724_7",0.996172
"1564_1",0.769864
"4425_9",0.996164
"9416_9",0.997152
"10826_10",0.996302
"4402_10",0.996326
"9332_3",0.001935
"5856_1",0.001960
"2784_2",0.002468
"3216_1",0.087547
"8057_9",0.997693
"526_10",0.996521
"4376_1",0.001918
"9513_9",0.992820
"9972_9",0.996522
"339_1",0.002654
"11898_1",0.002084
"9282_4",0.003221
"2303_4",0.002038
"10199_1",0.001583
"11660_10",0.998454
"714_4",0.005592
"9283_9",0.993917
"2972_2",0.128472
"9060_7",0.998227
"3562_8",0.993954
"11064_8",0.991374
"4190_10",0.991979
"12472_10",0.998463
"2942_1",0.002750
"9560_9",0.997429
"2692_4",0.002283
"12057_1",0.001617
"11197_2",0.003595
"5827_4",0.997002
"4752_1",0.001852
"8114_3",0.002467
"5643_7",0.997514
"9127_2",0.004024
"10540_10",0.990286
"7342_2",0.001773
"4651_4",0.707005
"8798_1",0.002183
"5973_3",0.003448
"8314_2",0.001587
"7856_1",0.001923
"1255_4",0.002768
"9615_8",0.981486
"7261_4",0.164939
"9700_9",0.004793
"5938_10",0.997919
"970_7",0.992341
"7715_8",0.998210
"4643_2",0.004054
"7069_1",0.002397
"8600_10",0.997535
"10275_3",0.002967
"9519_1",0.001693
"8861_10",0.986840
"8558_4",0.002235
"7495_4",0.007671
"4727_10",0.478654
"9647_8",0.990989
"7192_3",0.728119
"8772_8",0.998047
"1198_4",0.002127
"4249_7",0.980457
"6816_2",0.003006
"10243_9",0.998152
"8365_1",0.001643
"2529_10",0.994709
"2538_10",0.997579
"5946_1",0.001798
"6716_8",0.996899
"2633_7",0.996536
"10513_1",0.004463
"4847_1",0.002422
"2552_10",0.996382
"7166_9",0.998077
"398_8",0.997195
"6925_4",0.002215
"9873_9",0.996952
"3598_4",0.002158
"5996_3",0.003921
"4024_10",0.998392
"3184_10",0.997549
"3801_2",0.001957
"1722_10",0.998488
"9344_1",0.001755
"2874_2",0.001799
"2914_4",0.002431
"9643_3",0.007877
"1756_10",0.998177
"2781_1",0.002484
"3559_1",0.001516
"6250_1",0.004600
"10960_9",0.998057
"565_8",0.863400
"8749_9",0.978833
"11273_4",0.004893
"6933_4",0.013504
"7295_1",0.001643
"12267_1",0.001909
"9844_4",0.004478
"1949_3",0.021970
"10048_1",0.001958
"7242_2",0.002217
"1722_2",0.001577
"9869_1",0.005751
"609_1",0.003637
"9383_7",0.890560
"6593_4",0.025014
"3284_10",0.997834
"6190_1",0.242207
"8305_10",0.995811
"20_1",0.003606
"10037_1",0.002326
"1751_10",0.997699
"6821_7",0.997085
"4780_10",0.996322
"1290_10",0.998281
"10777_2",0.001770
"3450_1",0.001974
"747_3",0.003196
"9262_10",0.998006
"7206_10",0.998255
"3700_4",0.051792
"2953_4",0.006938
"6828_8",0.995996
"10831_7",0.997864
"5014_1",0.001728
"11679_10",0.998059
"3476_9",0.997084
"12052_8",0.991678
"8635_3",0.005329
"6475_10",0.997432
"8531_2",0.003058
"9018_7",0.969335
"1492_9",0.996814
"10993_10",0.997335
"1896_2",0.001947
"8241_1",0.003613
"3568_8",0.011009
"9424_9",0.997255
"3791_1",0.001981
"2117_10",0.998127
"4679_8",0.997431
"1217_7",0.997249
"7969_3",0.002007
"2271_10",0.997375
"5772_9",0.995285
"1347_8",0.998234
"11800_1",0.001693
"8820_10",0.998231
"10014_7",0.004776
"9864_8",0.995718
"6926_4",0.014643
"1842_10",0.997995
"756_7",0.850452
"7657_10",0.998430
"12416_7",0.945711
"833_7",0.941752
"8746_10",0.998331
"6374_10",0.995044
"24_10",0.990748
"5133_10",0.997470
"2937_1",0.004575
"9845_8",0.997098
"6236_7",0.003294
"8525_7",0.148537
"10398_10",0.995588
"6555_7",0.984699
"5873_3",0.995634
"12235_8",0.995061
"8972_2",0.004473
"6313_1",0.002245
"3277_1",0.004040
"9661_10",0.996488
"11759_4",0.002495
"7960_2",0.010805
"2710_7",0.992515
"3152_1",0.002120
"3186_8",0.998108
"6180_2",0.002794
"3303_1",0.002358
"250_1",0.002588
"8902_1",0.001738
"7964_9",0.997879
"78_1",0.001686
"9162_9",0.997165
"11868_8",0.995333
"8522_8",0.832814
"8517_8",0.994860
"12341_4",0.011889
"3300_1",0.001893
"2961_10",0.998198
"11309_10",0.997450
"381_10",0.998413
"6537_10",0.997903
"4623_10",0.997990
"12425_10",0.998007
"817_7",0.995915
"1853_3",0.003684
"3586_10",0.998491
"6148_9",0.997954
"5020_10",0.998110
"6486_10",0.997239
"560_8",0.998379
"11210_3",0.526157
"4714_1",0.001573
"7175_7",0.996666
"10289_9",0.997833
"2497_2",0.838092
"6359_3",0.008793
"4905_3",0.001834
"4701_10",0.998143
"292_10",0.997915
"4010_9",0.996690
"1591_2",0.995455
"619_10",0.997710
"8563_1",0.001585
"488_4",0.011148
"3148_10",0.998262
"2046_4",0.002780
"11560_8",0.995962
"8694_7",0.997523
"11041_10",0.996105
"6159_8",0.998033
"10205_1",0.002916
"7840_9",0.939896
"3298_10",0.997754
"2854_7",0.997994
"3521_8",0.998107
"8317_2",0.002882
"10564_7",0.994628
"7951_3",0.002559
"9834_8",0.997621
"4809_9",0.998037
"4675_1",0.005171
"9493_10",0.995075
"7841_4",0.990330
"8076_10",0.317730
"3242_8",0.997947
"11666_3",0.044820
"9341_2",0.984801
"10384_1",0.002363
"1558_9",0.998270
"9790_10",0.965142
"12149_2",0.002133
"11533_4",0.001974
"4438_3",0.518295
"11177_4",0.002107
"8657_7",0.997947
"4485_4",0.094669
"1313_3",0.002448
"7383_10",0.998499
"11875_8",0.995525
"9838_7",0.979139
"33_3",0.001758
"5747_1",0.002919
"1420_8",0.996876
"7292_9",0.997489
"5218_7",0.913842
"3359_9",0.985631
"10947_8",0.996497
"219_1",0.001701
"6374_3",0.002039
"9686_10",0.996791
"6757_10",0.995188
"1003_8",0.995928
"9313_9",0.997357
"6175_10",0.997739
"5391_7",0.997354
"1085_1",0.002126
"9054_1",0.030041
"8543_10",0.997886
"686_8",0.997960
"6959_3",0.011201
"11014_4",0.005735
"9204_8",0.997101
"9029_7",0.996911
"10441_9",0.997907
"5245_10",0.998119
"1480_7",0.966945
"6426_3",0.119426
"1700_1",0.002214
"2783_10",0.998295
"6152_8",0.997127
"12282_10",0.998088
"2948_4",0.002602
"11974_2",0.002148
"5944_7",0.933681
"9370_8",0.839552
"711_10",0.997177
"6169_8",0.998354
"12329_1",0.001805
"4904_1",0.001661
"2070_3",0.003183
"25_3",0.002189
"1819_4",0.002347
"8642_10",0.995511
"11504_10",0.996509
"10193_7",0.997249
"8917_4",0.002084
"9380_2",0.004090
"10048_8",0.998214
"7288_9",0.997565
"8128_4",0.002562
"7800_3",0.002068
"5852_1",0.001670
"8027_1",0.001695
"10317_1",0.001892
"10280_8",0.039400
"3959_10",0.998160
"6115_10",0.998462
"6078_8",0.642370
"12273_9",0.997759
"1497_10",0.996084
"2969_9",0.997863
"2577_1",0.001919
"4519_1",0.002280
"8596_4",0.003361
"254_3",0.007431
"7005_8",0.996517
"5426_10",0.997692
"965_9",0.946135
"2044_4",0.004827
"9006_3",0.002509
"11462_10",0.989083
"4990_7",0.006895
"163_7",0.988955
"3134_3",0.005830
"2922_4",0.005236
"5777_1",0.001624
"6340_7",0.981268
"7896_1",0.002008
"2321_8",0.996613
"2187_1",0.997641
"1831_9",0.998301
"9321_10",0.998068
"9970_10",0.997888
"2978_4",0.002651
"7491_3",0.002399
"2491_10",0.997432
"749_1",0.002425
"4751_2",0.002416
"3276_1",0.001644
"10889_9",0.998118
"5887_1",0.002232
"8806_9",0.998486
"8569_2",0.002063
"3209_10",0.998413
"7139_10",0.997962
"5052_3",0.002042
"5773_3",0.002237
"1663_9",0.997987
"3575_7",0.009771
"12017_1",0.001735
"12460_8",0.998042
"7925_2",0.001523
"1643_10",0.998442
"4537_1",0.002004
"10651_3",0.002611
"12075_10",0.997829
"4823_1",0.001694
"5392_7",0.994413
"5436_9",0.995642
"3088_8",0.997932
"6607_9",0.996523
"7648_1",0.002024
"1073_8",0.997859
"4587_8",0.996090
"9463_10",0.998139
"11962_1",0.001688
"8718_4",0.015171
"7781_10",0.998193
"11495_2",0.002488
"2772_4",0.752509
"4029_1",0.001477
"2080_10",0.997971
"6250_9",0.997342
"2985_9",0.875534
"2935_7",0.968839
"7900_1",0.001741
"2433_8",0.998231
"12366_1",0.002365
"10910_2",0.002393
"5265_3",0.001968
"9603_10",0.100382
"11989_3",0.003932
"2929_4",0.809599
"1796_1",0.001562
"10659_2",0.009363
"4978_9",0.997411
"11823_8",0.998350
"1732_8",0.997989
"1103_4",0.004013
"8958_1",0.003103
"8607_4",0.496747
"5820_9",0.998155
"8885_3",0.002177
"3718_10",0.994595
"3822_1",0.006996
"9886_10",0.998106
"9806_10",0.994975
"10009_10",0.998056
"5979_2",0.001722
"11937_3",0.003230
"4776_8",0.997292
"9009_7",0.993238
"8094_7",0.996593
"828_3",0.004623
"3318_1",0.001702
"3558_4",0.007072
"7967_8",0.997671
"5275_7",0.996912
"5130_1",0.001526
"1327_9",0.997680
"11526_8",0.993101
"32_10",0.998244
"10697_1",0.001704
"9966_1",0.001522
"3132_1",0.007247
"967_2",0.001780
"6483_10",0.997633
"698_10",0.997060
"7848_2",0.004562
"9349_1",0.002314
"10532_9",0.998061
"11819_2",0.002357
"6812_1",0.001784
"5401_1",0.002275
"3528_1",0.001594
"12239_1",0.001887
"1479_4",0.001779
"2732_4",0.905488
"6806_10",0.998334
"2119_9",0.997761
"8565_9",0.002596
"1914_8",0.996652
"4835_1",0.001657
"1029_2",0.001565
"9228_4",0.002834
"2391_2",0.002771
"9674_9",0.998337
"9404_9",0.995261
"5987_1",0.004365
"9237_8",0.997883
"9879_2",0.002359
"1370_10",0.964549
"10662_1",0.004185
"6937_7",0.993830
"6355_9",0.995411
"3784_4",0.013153
"9136_10",0.994235
"9557_4",0.021435
"12013_7",0.997949
"1114_4",0.035189
"6890_10",0.997232
"3238_8",0.998232
"1790_10",0.998123
"4277_8",0.997745
"2257_4",0.014998
"7677_10",0.997292
"1618_4",0.003194
"7314_1",0.002687
"10332_1",0.002093
"7746_2",0.995931
"9303_3",0.002036
"12321_9",0.998238
"10341_2",0.001916
"7745_9",0.998300
"11104_7",0.997730
"10855_1",0.001911
"10300_1",0.003744
"2037_2",0.002985
"7754_9",0.997104
"9503_10",0.998055
"396_7",0.997863
"583_2",0.001767
"4469_3",0.035755
"11038_1",0.003929
"2285_4",0.766446
"5069_8",0.297732
"8736_8",0.996109
"9486_3",0.004260
"11669_10",0.980362
"8598_1",0.001794
"1344_3",0.001771
"11789_3",0.024854
"9605_2",0.002014
"10122_2",0.001851
"3752_10",0.997116
"3864_4",0.002335
"10505_7",0.932608
"3822_8",0.997775
"8146_4",0.009937
"11114_8",0.992699
"7847_2",0.003131
"10300_10",0.996528
"7021_10",0.997920
"8_9",0.583295
"7199_2",0.008254
"9392_9",0.996957
"8234_7",0.955215
"12328_7",0.993890
"9918_9",0.980095
"10066_7",0.980210
"5482_2",0.001977
"6914_4",0.002292
"4665_7",0.182891
"613_4",0.048213
"577_8",0.997744
"12490_4",0.985278
"8637_3",0.004517
"11815_4",0.003424
"9490_10",0.998422
"4388_3",0.001605
"11778_10",0.997146
"4988_10",0.998098
"6590_3",0.997051
"4761_7",0.536176
"8828_4",0.002374
"10382_3",0.003489
"3321_1",0.216332
"2550_10",0.998376
"12104_1",0.005214
"6431_1",0.001886
"8829_8",0.988277
"858_7",0.997648
"197_1",0.003486
"3599_7",0.983445
"10808_2",0.008131
"12050_4",0.011197
"6348_1",0.002086
"11051_8",0.990223
"11216_4",0.022777
"8360_3",0.005788
"9570_2",0.002965
"8040_4",0.058902
"3664_8",0.998076
"10003_8",0.998362
"3763_7",0.995110
"9692_9",0.989289
"4503_1",0.001892
"10985_2",0.002724
"121_4",0.006498
"5651_10",0.997738
"9416_3",0.002282
"9128_8",0.992938
"8955_8",0.997043
"8787_4",0.005257
"1622_9",0.997602
"762_3",0.002074
"6915_2",0.002262
"8998_4",0.002496
"8200_10",0.997283
"1878_8",0.997467
"5969_10",0.997754
"8000_3",0.010916
"8161_10",0.998208
"9805_4",0.002274
"3815_10",0.997211
"3783_3",0.246697
"4924_10",0.998163
"7952_1",0.003418
"4060_8",0.036819
"775_1",0.001843
"696_10",0.998483
"8751_10",0.987899
"6073_10",0.998164
"9982_1",0.004854
"3706_10",0.997225
"5996_8",0.995484
"3107_10",0.998072
"8913_8",0.996748
"8982_9",0.998397
"8938_3",0.021619
"3008_3",0.001862
"3787_2",0.002485
"6146_9",0.994443
"5664_1",0.003083
"2408_3",0.004538
"6153_2",0.002246
"7023_7",0.997649
"2571_3",0.001829
"6808_4",0.002027
"6425_9",0.998356
"11139_4",0.009600
"320_7",0.057239
"3098_1",0.001786
"5369_10",0.836753
"480_3",0.008003
"7884_9",0.996922
"5247_1",0.001917
"3192_2",0.001605
"12127_1",0.001657
"1237_7",0.997959
"612_3",0.025463
"6016_7",0.984233
"10490_1",0.002324
"5180_8",0.997361
"3122_4",0.004160
"2845_8",0.997330
"9000_8",0.998023
"448_2",0.002679
"1207_10",0.997979
"11989_8",0.997045
"11102_9",0.998155
"1761_1",0.002287
"9815_3",0.006110
"12023_1",0.012983
"9901_10",0.998462
"11740_2",0.040204
"4702_10",0.996980
"4885_3",0.003253
"0_2",0.002168
"2273_2",0.001818
"11340_8",0.980073
"12012_4",0.010034
"10534_10",0.995314
"8424_2",0.003655
"8716_3",0.003422
"7154_10",0.998069
"5001_1",0.001968
"6511_3",0.001830
"3308_7",0.993759
"2720_2",0.002992
"1183_10",0.997774
"12387_2",0.001545
"6580_2",0.002311
"4431_9",0.997957
"11828_7",0.956678
"6737_10",0.997854
"7505_4",0.014847
"4798_2",0.025863
"4773_1",0.001629
"6719_3",0.001765
"6475_3",0.003948
"11733_3",0.002781
"9360_7",0.105832
"5571_1",0.001692
"10316_10",0.996881
"5068_3",0.017365
"11188_8",0.696963
"7291_3",0.002211
"6233_3",0.004553
"11710_1",0.004092
"3780_7",0.984430
"3210_10",0.998443
"2885_3",0.002333
"2912_4",0.004696
"3320_4",0.002028
"11275_4",0.588631
"8406_1",0.002262
"8275_10",0.788734
"4862_9",0.997923
"11817_2",0.003307
"302_10",0.994635
"11341_1",0.020021
"4626_1",0.001593
"1030_2",0.001937
"4799_8",0.997504
"4845_1",0.001651
"3458_1",0.001697
"9535_9",0.997851
"6553_10",0.997498
"486_4",0.003358
"11162_7",0.997245
"7689_7",0.983403
"12058_1",0.001486
"3740_1",0.002232
"11656_8",0.975199
"9795_1",0.001692
"1947_1",0.001977
"1468_1",0.001778
"4158_10",0.995398
"5876_1",0.001852
"12084_4",0.021448
"5434_7",0.972689
"7984_9",0.976768
"2217_8",0.997646
"2300_4",0.005290
"8707_7",0.952781
"3345_10",0.998422
"7375_8",0.987332
"1150_2",0.002215
"8557_10",0.998104
"5590_8",0.994662
"5270_1",0.002212
"10339_4",0.005799
"6789_3",0.838400
"4289_1",0.004476
"693_4",0.006295
"326_1",0.995638
"9786_8",0.994748
"6610_10",0.998216
"11350_9",0.995191
"10907_1",0.001875
"3285_8",0.997096
"10964_4",0.014095
"5411_1",0.003850
"6188_10",0.989993
"7110_3",0.002732
"7355_8",0.982954
"12116_1",0.148346
"1187_1",0.001667
"12167_7",0.994762
"5530_9",0.920365
"2829_10",0.588977
"9549_4",0.001843
"8805_10",0.997602
"10265_3",0.259375
"5227_3",0.002224
"8693_10",0.998201
"6331_10",0.998112
"9079_4",0.002174
"7200_1",0.001968
"9322_10",0.998501
"2899_4",0.001855
"6478_10",0.997346
"4659_1",0.001716
"6755_1",0.001845
"10385_10",0.997856
"11861_1",0.001705
"5483_10",0.998414
"4012_10",0.998164
"7146_9",0.998386
"3782_9",0.996292
"12181_4",0.003945
"10663_10",0.982719
"4712_1",0.001984
"11071_10",0.994413
"11171_3",0.001742
"9043_10",0.998023
"9912_10",0.996968
"7306_9",0.997536
"12382_9",0.996641
"11654_9",0.998412
"8848_1",0.001695
"4076_3",0.002452
"8248_3",0.070498
"10011_1",0.002462
"11769_1",0.001926
"4164_9",0.998105
"1831_1",0.001920
"4164_1",0.002332
"318_3",0.004785
"7221_10",0.998106
"10912_8",0.998194
"1321_4",0.946659
"7712_7",0.917972
"2680_4",0.001827
"8374_1",0.001775
"995_7",0.997932
"2009_1",0.002600
"3905_9",0.989947
"3348_3",0.005994
"6466_1",0.001848
"11900_10",0.998486
"1634_7",0.939924
"8245_4",0.033838
"8561_1",0.001974
"2072_2",0.001754
"12060_10",0.992143
"8178_3",0.005526
"8778_1",0.003129
"10489_8",0.995972
"10118_8",0.980404
"3470_8",0.998355
"8014_4",0.990661
"582_10",0.997532
"8984_8",0.998165
"9085_8",0.996878
"8894_2",0.002363
"3762_2",0.008479
"3815_2",0.001563
"5903_9",0.996438
"8907_10",0.998309
"6140_7",0.995671
"9279_4",0.140945
"2948_9",0.998349
"10588_10",0.997738
"8239_1",0.001990
"6986_2",0.002173
"5308_3",0.002010
"11984_8",0.774792
"9984_4",0.969097
"11803_8",0.998128
"2925_10",0.997299
"11396_10",0.993021
"8998_7",0.975835
"4511_7",0.998148
"5780_2",0.002310
"9838_4",0.002461
"422_10",0.974281
"11389_10",0.997106
"8511_3",0.167222
"2089_10",0.998223
"5818_3",0.003975
"566_9",0.976899
"452_10",0.998213
"4451_9",0.998040
"6105_1",0.003612
"2158_10",0.002244
"10395_2",0.026853
"11291_3",0.001712
"2408_8",0.997383
"3698_9",0.917632
"6060_2",0.001772
"9509_10",0.997321
"7136_10",0.996651
"5557_10",0.997999
"7155_2",0.001941
"11421_10",0.997804
"3620_4",0.031999
"2176_4",0.005612
"8970_1",0.239674
"11186_10",0.997819
"9604_3",0.003052
"6047_10",0.997812
"4487_9",0.997310
"11880_3",0.002023
"2650_2",0.002561
"5279_1",0.001951
"9289_1",0.002898
"11673_10",0.998220
"6890_2",0.001836
"2668_10",0.996937
"942_1",0.001742
"264_1",0.002363
"10157_1",0.021868
"791_10",0.997688
"11434_9",0.994781
"5630_2",0.002444
"9392_1",0.002081
"12471_3",0.010702
"8593_9",0.747745
"10333_10",0.997986
"9146_8",0.993925
"5404_7",0.985369
"7662_9",0.997891
"11068_1",0.001873
"4460_2",0.005711
"5002_10",0.997727
"9269_9",0.997659
"1639_10",0.998028
"9045_1",0.002185
"9944_8",0.066397
"4091_4",0.002360
"6889_4",0.002801
"71_9",0.997679
"10173_8",0.997152
"2513_8",0.991420
"7507_1",0.001619
"1235_2",0.002928
"3325_1",0.003157
"4146_7",0.004013
"7286_8",0.995260
"4096_1",0.001741
"3897_7",0.997136
"11240_10",0.997834
"4109_1",0.001850
"9566_4",0.002015
"2038_8",0.998220
"6985_7",0.991321
"6967_9",0.997673
"11020_10",0.997895
"3291_1",0.001905
"9763_3",0.006354
"1943_7",0.989777
"7599_7",0.943175
"8158_8",0.998144
"4140_3",0.001856
"11840_2",0.001836
"9675_1",0.001741
"10878_1",0.001479
"10760_1",0.001837
"260_1",0.001857
"8188_10",0.998147
"3260_1",0.001957
"6172_9",0.997194
"10021_3",0.003986
"7784_10",0.998151
"4066_1",0.006937
"12325_10",0.995597
"9894_8",0.997041
"1242_1",0.002052
"2059_1",0.001807
"10686_7",0.995348
"8110_2",0.001998
"8398_7",0.996794
"6096_9",0.983343
"9422_3",0.019279
"2919_4",0.997026
"10248_1",0.339901
"7480_1",0.002451
"3248_8",0.996796
"10264_2",0.001941
"7401_10",0.994731
"10528_1",0.008871
"7623_8",0.013218
"3968_2",0.002680
"10918_4",0.002451
"5146_7",0.997240
"12466_4",0.003637
"10395_10",0.892150
"3862_8",0.997872
"2247_1",0.002481
"2979_9",0.998312
"3271_9",0.998128
"5225_1",0.001595
"5662_1",0.004875
"12087_3",0.997724
"10765_10",0.998336
"1256_4",0.006908
"2057_1",0.001603
"2610_7",0.981413
"2065_2",0.001989
"4410_3",0.430107
"6847_10",0.998290
"1927_1",0.003032
"4201_9",0.995927
"2578_8",0.997942
"74_10",0.998036
"8324_10",0.997913
"4762_8",0.941082
"10612_3",0.002722
"11353_10",0.073746
"10709_8",0.997945
"3978_7",0.997906
"954_4",0.004193
"2493_10",0.994840
"8293_7",0.997198
"9454_1",0.002699
"8982_1",0.001969
"5201_3",0.036176
"9758_1",0.001628
"5999_8",0.995117
"11000_1",0.001530
"647_1",0.004250
"7345_9",0.998365
"5105_3",0.004174
"9488_4",0.003298
"11810_10",0.997969
"5343_8",0.991158
"1671_7",0.997002
"6414_2",0.005105
"3749_8",0.995086
"2310_2",0.001957
"8460_2",0.001669
"12305_1",0.001834
"11672_1",0.002175
"11726_10",0.997513
"11659_2",0.005894
"8684_2",0.002197
"6546_10",0.997308
"1980_8",0.995232
"3113_10",0.997259
"8440_1",0.001876
"7473_7",0.997632
"726_7",0.996133
"11165_10",0.997948
"9830_2",0.005662
"6409_10",0.997910
"11455_3",0.002527
"993_3",0.004536
"3186_1",0.003138
"11631_4",0.002160
"3225_1",0.001724
"4442_1",0.001776
"6775_9",0.998457
"230_7",0.993872
"5971_4",0.028172
"763_10",0.998470
"9943_10",0.998081
"10098_9",0.996540
"7219_10",0.995883
"6348_8",0.997683
"5774_10",0.994669
"1842_4",0.002229
"3544_8",0.993218
"5661_10",0.998474
"8698_1",0.002212
"7576_1",0.001945
"584_3",0.777163
"9963_8",0.994136
"11653_8",0.998465
"4269_1",0.001682
"728_1",0.002010
"7118_2",0.001673
"6305_4",0.998269
"5970_4",0.003339
"4729_1",0.001682
"7638_10",0.996867
"2709_10",0.996576
"1461_7",0.995130
"5302_10",0.998115
"3589_10",0.998398
"3897_4",0.005875
"9883_1",0.003150
"9903_4",0.002099
"9789_1",0.001718
"2971_4",0.002266
"5015_7",0.997678
"9215_1",0.002493
"8553_2",0.003188
"5671_3",0.004788
"748_7",0.994578
"8222_10",0.997722
"9336_3",0.007713
"1585_1",0.002530
"10634_8",0.997820
"4549_8",0.997857
"7014_10",0.998163
"2412_10",0.996727
"5779_10",0.990773
"11949_4",0.016521
"6879_8",0.121035
"4432_2",0.011994
"5825_10",0.996150
"10422_9",0.988404
"4575_10",0.989841
"11520_1",0.004759
"6612_1",0.001983
"4206_7",0.994976
"1611_10",0.997613
"8170_10",0.998312
"96_1",0.001523
"715_10",0.997477
"10032_8",0.007299
"2585_1",0.003057
"7477_3",0.790687
"2778_10",0.998367
"6807_1",0.997143
"6378_1",0.438191
"1752_10",0.997982
"2305_8",0.996577
"7423_3",0.002399
"496_9",0.997991
"10829_1",0.002231
"7012_9",0.996091
"7701_7",0.997803
"6858_8",0.998018
"2723_4",0.004581
"5720_1",0.003110
"1531_9",0.012533
"3052_8",0.997869
"2728_7",0.996642
"2275_4",0.002365
"11211_1",0.010830
"4603_3",0.010085
"2273_9",0.998415
"11662_2",0.007602
"4887_3",0.002558
"8155_9",0.998140
"2373_4",0.007096
"1754_1",0.002001
"12247_9",0.997898
"10327_1",0.002285
"8968_3",0.002006
"370_8",0.997636
"559_10",0.997507
"8273_3",0.086535
"8125_2",0.002709
"8666_9",0.781480
"4827_7",0.995016
"9737_10",0.997292
"5604_8",0.113561
"8331_10",0.997393
"886_2",0.001668
"4413_7",0.989140
"4116_7",0.998062
"3675_1",0.009571
"496_3",0.015536
"8837_4",0.029078
"3099_2",0.001835
"5518_4",0.444238
"6953_9",0.997966
"1240_9",0.994652
"8614_1",0.002838
"1628_8",0.989219
"1673_3",0.006372
"10806_8",0.997896
"780_9",0.997439
"6957_8",0.997936
"10903_8",0.997032
"9908_7",0.447039
"4696_9",0.997320
"3816_7",0.997482
"489_9",0.998465
"2254_1",0.001981
"122_8",0.836563
"3171_8",0.957830
"54_3",0.692161
"8826_4",0.018990
"7686_1",0.001457
"10875_3",0.001705
"4858_10",0.988691
"1268_8",0.019924
"3497_10",0.994875
"6527_1",0.001951
"1345_9",0.997453
"10092_4",0.002792
"11571_9",0.994116
"2899_10",0.998285
"5381_10",0.998242
"8722_1",0.002086
"10521_10",0.998431
"296_9",0.996691
"6184_1",0.002442
"6657_10",0.997588
"5972_9",0.996187
"8599_7",0.007381
"6125_1",0.002159
"5834_2",0.002875
"12479_9",0.996730
"3253_2",0.002693
"4986_9",0.997833
"6439_7",0.996693
"9659_8",0.997588
"3375_3",0.002128
"3155_10",0.997787
"3478_9",0.923818
"6251_1",0.001649
"6281_1",0.001552
"4669_8",0.997635
"2843_2",0.001696
"8137_8",0.998259
"9390_10",0.998224
"11401_3",0.001858
"1455_4",0.007358
"8418_9",0.998307
"7064_4",0.005615
"7467_4",0.011716
"12492_10",0.998368
"1969_4",0.002076
"5388_8",0.996719
"3287_2",0.002345
"3493_1",0.002576
"11682_8",0.997718
"7860_3",0.010963
"5507_4",0.002500
"11741_10",0.998003
"8041_8",0.996795
"3525_7",0.997085
"12256_9",0.998053
"1559_10",0.998529
"5477_9",0.997294
"736_2",0.002111
"29_10",0.998271
"12257_7",0.997605
"11184_3",0.200953
"5323_4",0.002101
"11315_3",0.007791
"1400_4",0.011397
"7978_3",0.003196
"6543_10",0.990719
"2120_10",0.996887
"3033_10",0.998049
"4096_7",0.997666
"10945_1",0.003937
"10726_7",0.997374
"10568_10",0.998302
"8966_8",0.996278
"12274_4",0.002246
"10560_4",0.002201
"12352_8",0.101369
"5860_1",0.002351
"11828_1",0.002527
"10752_7",0.973200
"6501_4",0.002338
"561_1",0.002373
"6796_1",0.002134
"2626_4",0.987249
"9089_3",0.001869
"10921_10",0.998352
"6969_10",0.666268
"1039_1",0.002408
"9561_2",0.002335
"2651_10",0.997273
"8929_7",0.997216
"6434_2",0.531803
"3954_1",0.001986
"12408_10",0.995678
"9230_8",0.998200
"6626_1",0.045475
"1913_2",0.001944
"9277_10",0.997234
"8177_8",0.996990
"7174_2",0.005508
"10000_7",0.997308
"849_1",0.002394
"9768_1",0.002040
"2852_7",0.971109
"7872_10",0.996591
"7331_7",0.997050
"9716_8",0.996266
"5672_1",0.136684
"11305_7",0.995609
"4750_2",0.002467
"3606_7",0.998009
"10329_1",0.001505
"4407_8",0.996576
"4298_8",0.997767
"1526_3",0.003336
"1177_8",0.995208
"8366_3",0.003158
"1848_9",0.997656
"9689_1",0.001739
"4883_7",0.908549
"10485_10",0.738267
"10851_9",0.958637
"1550_7",0.995226
"5088_7",0.994590
"7420_7",0.997806
"8306_4",0.230219
"7474_9",0.997837
"5297_10",0.998451
"9105_1",0.001452
"4806_8",0.998030
"11659_10",0.998271
"5491_4",0.112378
"4175_1",0.002397
"8726_1",0.001854
"9049_4",0.001936
"3266_10",0.997410
"1396_1",0.004351
"8364_4",0.135920
"3945_2",0.001717
"196_4",0.002457
"279_1",0.001641
"12203_2",0.001683
"8613_8",0.995960
"3839_10",0.998316
"2780_7",0.008129
"10493_10",0.997898
"6866_9",0.997765
"4044_10",0.998425
"2435_1",0.001637
"1976_4",0.989933
"8649_3",0.002029
"7299_1",0.001725
"6018_2",0.001901
"9729_8",0.998300
"3154_10",0.992621
"950_1",0.002212
"1409_4",0.006577
"5175_10",0.998422
"9722_4",0.003866
"4077_2",0.002059
"7067_1",0.002279
"10984_10",0.998141
"7117_1",0.002781
"2121_10",0.998158
"1386_10",0.997923
"12236_10",0.997782
"11844_1",0.001704
"8085_9",0.994819
"333_3",0.014904
"6522_3",0.003662
"249_7",0.995643
"1199_1",0.001743
"499_8",0.996222
"10033_1",0.001545
"7699_9",0.996567
"4829_7",0.991603
"665_1",0.001499
"6743_8",0.012164
"10153_10",0.723746
"4757_2",0.373976
"6942_10",0.998284
"3895_7",0.995686
"11128_1",0.014462
"4404_3",0.002812
"10811_1",0.001683
"1165_7",0.119532
"10907_8",0.997572
"1859_10",0.998310
"5836_10",0.997512
"10158_2",0.854991
"899_3",0.005061
"8631_1",0.951974
"7153_8",0.997217
"847_2",0.002342
"4418_10",0.998020
"12320_10",0.992570
"11242_8",0.959362
"7046_7",0.994510
"1819_10",0.997406
"1651_10",0.995904
"8280_10",0.998364
"2062_9",0.997996
"4781_8",0.997833
"10314_1",0.004021
"1934_1",0.002201
"12230_7",0.997664
"6689_9",0.998322
"987_4",0.003267
"9881_2",0.004512
"4571_7",0.998112
"569_4",0.017259
"11392_3",0.012513
"10716_2",0.002472
"7643_3",0.007186
"7429_8",0.994054
"11315_7",0.822849
"3097_9",0.995364
"10398_1",0.002038
"6299_8",0.718251
"5951_2",0.002382
"8930_8",0.998302
"1852_4",0.001897
"2857_7",0.997090
"4544_9",0.982882
"9492_10",0.865440
"1947_8",0.987009
"9178_2",0.002273
"6290_3",0.002224
"6313_8",0.998215
"6975_8",0.997011
"12258_10",0.998378
"3970_10",0.998475
"8096_7",0.986746
"10872_3",0.001639
"3660_1",0.001970
"7958_10",0.998316
"652_1",0.001715
"10331_1",0.001906
"2368_4",0.002025
"12367_1",0.001678
"12125_3",0.004927
"5785_8",0.977273
"5213_10",0.990819
"6334_8",0.996977
"8005_4",0.005636
"8405_7",0.995310
"4629_2",0.001921
"9342_8",0.994313
"11634_3",0.008786
"2878_2",0.003319
"6195_1",0.002496
"6994_8",0.998078
"12170_3",0.014225
"7384_1",0.001652
"1047_8",0.997044
"669_2",0.002514
"2976_1",0.002124
"4718_1",0.002271
"1203_1",0.001791
"9113_10",0.997348
"2928_1",0.002973
"10734_8",0.994543
"6469_7",0.997603
"2896_3",0.003268
"12061_8",0.998399
"240_9",0.997733
"8580_1",0.017267
"1961_1",0.991683
"6145_1",0.001584
"11028_4",0.985328
"7664_1",0.001525
"3022_1",0.798666
"7893_8",0.444631
"1149_8",0.997763
"8301_8",0.943705
"8210_10",0.997287
"9949_8",0.975729
"2961_4",0.047026
"9796_10",0.997415
"4397_7",0.996945
"2936_3",0.002748
"11382_10",0.998415
"11671_1",0.002181
"10864_1",0.001608
"11253_4",0.003307
"4692_3",0.003175
"11905_2",0.005892
"12066_1",0.089448
"789_8",0.995559
"7700_8",0.989840
"7697_7",0.991453
"8628_4",0.002759
"5719_2",0.011953
"4761_2",0.001670
"8777_1",0.003595
"3525_1",0.004285
"11990_4",0.004587
"432_10",0.998119
"4115_3",0.014253
"10888_10",0.995832
"6995_2",0.015820
"11910_10",0.990522
"8895_1",0.001822
"12149_10",0.972314
"11782_8",0.199685
"12139_7",0.974671
"380_2",0.003165
"5242_10",0.997106
"3542_9",0.997268
"6821_1",0.023878
"6931_1",0.002028
"5958_9",0.990144
"5332_2",0.002038
"2630_2",0.001573
"6387_7",0.996965
"7899_8",0.991692
"11017_3",0.002229
"11800_10",0.998167
"10926_10",0.997511
"9866_10",0.850253
"3203_2",0.002464
"11276_4",0.002718
"8342_2",0.418887
"6167_10",0.995046
"36_3",0.002108
"3340_1",0.001788
"3997_9",0.998247
"2627_10",0.998189
"4204_1",0.002432
"1018_4",0.993506
"10951_1",0.001525
"5315_4",0.993338
"6301_7",0.997519
"12038_10",0.998112
"3164_10",0.997893
"10989_8",0.998050
"2449_9",0.998132
"4375_1",0.001967
"7037_3",0.005589
"33_7",0.997740
"7457_10",0.994146
"2082_3",0.002585
"1316_10",0.998456
"9097_3",0.005157
"5804_10",0.997537
"9411_1",0.002017
"118_10",0.998481
"560_3",0.017692
"8914_9",0.986016
"2745_4",0.306247
"2607_1",0.001736
"4405_4",0.085619
"10451_1",0.002067
"1887_7",0.993835
"725_2",0.002211
"5118_4",0.002789
"9536_1",0.001663
"127_3",0.004859
"2833_8",0.998049
"131_7",0.992539
"7789_10",0.995914
"6294_7",0.998062
"3872_4",0.002342
"5454_7",0.997400
"11162_1",0.001911
"1685_1",0.001483
"8352_2",0.164078
"5003_1",0.001903
"262_9",0.997588
"8233_8",0.997727
"1814_10",0.997545
"1967_10",0.303895
"7545_10",0.996675
"12386_2",0.007949
"9531_9",0.998047
"3013_1",0.001821
"6835_10",0.997826
"1279_3",0.927959
"2411_1",0.002546
"9537_1",0.001575
"3446_10",0.998199
"656_4",0.008488
"7085_1",0.001733
"8355_1",0.002594
"1869_3",0.011396
"2317_2",0.001850
"11228_4",0.002872
"3987_8",0.997942
"509_3",0.001939
"5168_8",0.997468
"9267_10",0.998143
"912_10",0.997880
"10275_9",0.997353
"2855_10",0.997264
"6079_4",0.024104
"2728_1",0.002303
"9895_4",0.122694
"8230_7",0.989795
"5152_4",0.008692
"4137_8",0.997887
"919_10",0.997989
"1481_1",0.013133
"2468_1",0.001672
"383_1",0.002219
"11552_4",0.002076
"856_7",0.997066
"9047_1",0.002119
"2300_9",0.996794
"1346_7",0.993013
"6316_4",0.018860
"7983_10",0.996035
"9685_10",0.494105
"2745_10",0.959704
"8149_1",0.001847
"9478_1",0.001804
"3126_3",0.008138
"11629_10",0.995622
"5858_8",0.996998
"200_8",0.998249
"7721_4",0.004931
"12334_8",0.997427
"9582_4",0.002291
"5696_9",0.995819
"3823_3",0.004540
"11571_4",0.008659
"1349_9",0.998045
"4306_7",0.997370
"6924_1",0.004795
"10639_10",0.122940
"5674_1",0.004225
"11321_1",0.001673
"771_4",0.646474
"3519_1",0.001926
"2378_2",0.002296
"5677_10",0.998354
"2807_4",0.008323
"10165_9",0.998065
"6940_1",0.002686
"11015_3",0.006157
"1055_3",0.002239
"11055_9",0.997111
"8173_1",0.237908
"10743_1",0.002176
"11927_3",0.241680
"8785_4",0.008829
"10995_1",0.001693
"11899_1",0.001630
"10078_10",0.997836
"11831_8",0.981414
"8182_1",0.003779
"9664_2",0.001697
"12229_9",0.998311
"6076_2",0.001920
"8529_2",0.002889
"4686_1",0.004284
"8174_9",0.998342
"7395_4",0.032627
"1803_10",0.998433
"2508_1",0.001470
"452_2",0.002681
"8830_4",0.797720
"3240_4",0.949112
"578_2",0.004209
"3093_2",0.002212
"9543_1",0.002207
"9065_4",0.003459
"534_4",0.945437
"9762_2",0.002601
"3037_1",0.003407
"4632_7",0.997728
"5064_8",0.980345
"9962_10",0.997938
"9340_10",0.993616
"5881_1",0.001763
"4642_10",0.998175
"5293_4",0.014479
"6721_1",0.003661
"9869_7",0.997712
"7070_10",0.998317
"12486_9",0.997860
"4943_9",0.995195
"7939_10",0.975235
"5786_3",0.002719
"10357_7",0.357078
"7147_10",0.998317
"8627_10",0.997251
"3370_1",0.005914
"4117_10",0.997975
"8178_7",0.997737
"968_8",0.997877
"5931_8",0.988752
"6459_2",0.002032
"2480_3",0.002760
"5511_10",0.955425
"7554_2",0.002017
"9276_8",0.997360
"140_2",0.004867
"2776_10",0.998290
"3690_1",0.064485
"6369_2",0.004136
"7438_10",0.997904
"872_9",0.964528
"2389_2",0.007835
"2882_3",0.007213
"10404_9",0.997705
"5790_4",0.005143
"2382_7",0.997945
"7798_1",0.001826
"272_1",0.001891
"298_1",0.002211
"11414_7",0.971342
"9255_4",0.969145
"5914_4",0.003554
"2974_7",0.996736
"6739_7",0.991737
"1229_7",0.993051
"2268_10",0.997320
"2352_7",0.991031
"9329_10",0.998218
"11380_10",0.998021
"215_4",0.002645
"9915_2",0.002024
"541_1",0.002319
"10975_2",0.002156
"6946_9",0.993476
"3286_7",0.997614
"7482_10",0.997867
"48_4",0.007544
"10046_4",0.007072
"6295_1",0.001590
"6417_4",0.001720
"2401_4",0.002758
"8608_1",0.675609
"3500_8",0.986910
"11903_3",0.001954
"4012_2",0.004701
"11415_4",0.689399
"5835_4",0.003059
"9039_4",0.006081
"6526_1",0.003701
"6379_8",0.997002
"6136_10",0.997464
"6094_4",0.004310
"11608_9",0.465508
"3745_3",0.100990
"10694_1",0.001899
"3222_10",0.998389
"3394_4",0.001877
"7790_10",0.998086
"2982_10",0.998145
"12253_3",0.997059
"5900_1",0.751680
"3398_4",0.844057
"10038_7",0.994457
"1520_8",0.510756
"11756_2",0.052077
"6228_1",0.002077
"6226_7",0.996075
"4377_10",0.998236
"9730_1",0.001933
"11088_4",0.006354
"7867_10",0.998151
"5072_1",0.002164
"7935_3",0.020604
"4536_3",0.003001
"6989_2",0.001675
"8101_8",0.997786
"3364_7",0.926209
"7862_1",0.002120
"8562_2",0.006528
"9783_9",0.997188
"7272_1",0.002404
"1025_3",0.003830
"9432_7",0.968651
"4153_8",0.998136
"8528_1",0.001698
"8427_4",0.003682
"5417_1",0.002495
"6575_1",0.007070
"10041_8",0.995223
"7589_4",0.844166
"10391_9",0.997888
"1400_7",0.993881
"9428_2",0.002964
"7106_3",0.002214
"5695_10",0.997845
"6430_10",0.998238
"11722_4",0.004689
"11328_1",0.001708
"9020_3",0.006063
"183_10",0.997622
"6674_10",0.998331
"5495_10",0.997921
"2237_7",0.990221
"11943_7",0.995812
"5872_10",0.997374
"5043_9",0.997387
"3869_1",0.008438
"5113_4",0.048712
"4671_3",0.002014
"9220_4",0.046232
"7330_1",0.001593
"5344_3",0.002192
"11965_1",0.002581
"7620_9",0.997114
"7044_10",0.997890
"6296_10",0.996656
"8204_1",0.002003
"7661_9",0.997047
"11708_2",0.009399
"2415_7",0.993679
"7840_4",0.002793
"2628_10",0.998351
"4633_3",0.012173
"7320_2",0.001670
"11755_1",0.008960
"2589_2",0.001991
"5044_10",0.998444
"5189_1",0.001749
"7926_7",0.996673
"2454_10",0.998154
"3368_1",0.001604
"12223_7",0.978243
"7348_1",0.001692
"12007_8",0.997174
"5501_7",0.996051
"4025_8",0.998171
"6447_10",0.995903
"5438_3",0.034898
"7910_10",0.995234
"377_1",0.001813
"409_8",0.997618
"2150_9",0.997823
"11986_2",0.003014
"2544_2",0.006566
"5141_10",0.998014
"8305_3",0.987614
"8329_10",0.998213
"2333_8",0.952697
"5171_4",0.001932
"5412_10",0.997917
"1081_10",0.997509
"10773_7",0.998320
"1969_10",0.997092
"8276_10",0.997604
"1244_1",0.002025
"7113_2",0.002269
"9535_2",0.003527
"4627_7",0.998155
"10757_4",0.040399
"10091_10",0.996922
"5211_10",0.516829
"7510_7",0.994402
"11674_10",0.997947
"5299_8",0.995793
"3515_8",0.997610
"10143_3",0.049680
"2274_10",0.998164
"2372_3",0.985587
"3116_8",0.998138
"7340_3",0.003760
"1394_9",0.998379
"2047_9",0.996628
"8587_2",0.168958
"11579_10",0.983267
"942_10",0.998451
"9355_4",0.188130
"8812_10",0.998434
"4732_2",0.002342
"3180_10",0.997996
"310_9",0.994898
"3980_8",0.996791
"6923_2",0.004673
"2424_9",0.996758
"1092_4",0.002951
"9238_7",0.993249
"2382_2",0.001705
"3579_1",0.004495
"6801_8",0.996934
"3768_8",0.996371
"11717_10",0.997861
"10001_9",0.997545
"355_10",0.997317
"8896_1",0.003584
"9772_1",0.002978
"7624_10",0.041383
"1102_3",0.001685
"10949_9",0.997795
"1269_10",0.997291
"11768_4",0.001572
"5555_4",0.992358
"2233_9",0.995831
"6567_8",0.996507
"12130_8",0.997154
"8587_7",0.998468
"10973_1",0.002152
"3863_10",0.998307
"9220_8",0.903805
"7579_10",0.998365
"4411_10",0.949902
"2093_8",0.992860
"10883_10",0.997978
"3583_3",0.001801
"1396_8",0.996136
"1930_3",0.005545
"8779_1",0.007296
"12478_9",0.997831
"176_9",0.995256
"11733_10",0.987062
"11368_1",0.001594
"4077_8",0.997460
"11056_7",0.996011
"5567_3",0.007660
"8549_3",0.002550
"9743_1",0.001920
"6916_9",0.997672
"6147_1",0.818931
"7820_7",0.997288
"1352_7",0.991991
"5337_10",0.998070
"12285_3",0.002337
"8992_2",0.002828
"4644_2",0.002076
"9793_10",0.997809
"2359_10",0.998226
"2137_9",0.998009
"10559_3",0.002126
"2679_3",0.004074
"10010_2",0.002610
"11987_10",0.996106
"8824_10",0.998097
"11418_7",0.996374
"2423_9",0.997701
"1576_7",0.989518
"7947_4",0.003469
"1714_10",0.997891
"6006_8",0.997720
"939_8",0.997890
"3755_4",0.006588
"3213_3",0.004689
"164_2",0.002214
"1123_10",0.997905
"7397_7",0.742493
"822_1",0.001527
"5631_2",0.011008
"10464_10",0.998042
"11397_10",0.998386
"10679_3",0.002083
"8205_1",0.001860
"6947_10",0.995396
"2000_1",0.001649
"4075_7",0.997378
"1388_8",0.903454
"446_1",0.002170
"1063_2",0.001753
"6030_3",0.003018
"5613_2",0.002129
"8759_3",0.778073
"12169_1",0.010254
"5111_4",0.005071
"2891_4",0.010378
"827_1",0.002578
"6229_8",0.996953
"2212_4",0.985070
"4788_9",0.997019
"8859_1",0.001622
"9798_10",0.998129
"9763_9",0.992272
"3889_7",0.996981
"3275_8",0.989045
"5106_10",0.997910
"7576_10",0.997357
"9405_3",0.003335
"7108_1",0.005072
"9794_10",0.996752
"2653_10",0.822452
"10545_10",0.997869
"12306_10",0.998010
"4696_2",0.001693
"7982_10",0.998240
"11066_3",0.006500
"10034_1",0.002064
"6035_3",0.002869
"9518_9",0.997308
"1266_8",0.997714
"11336_9",0.997335
"4159_10",0.998399
"9375_8",0.997675
"5204_1",0.001787
"3360_10",0.998054
"5659_1",0.011285
"8839_4",0.056611
"4529_7",0.996801
"3283_2",0.006823
"5376_7",0.998165
"5379_8",0.998024
"5266_4",0.002121
"7463_9",0.994923
"3595_1",0.002020
"3141_10",0.997234
"9986_2",0.017001
"4279_1",0.002321
"1427_4",0.004517
"8357_10",0.993718
"715_4",0.010454
"8482_9",0.997640
"3091_10",0.993411
"5735_7",0.434538
"3100_4",0.002945
"11447_8",0.995140
"4577_1",0.003198
"10287_10",0.996247
"3384_3",0.002399
"3820_9",0.997214
"8883_3",0.002919
"11279_10",0.004318
"3093_8",0.995075
"10465_3",0.001864
"4423_10",0.997829
"601_3",0.004956
"1902_10",0.998206
"1509_8",0.995716
"3019_9",0.997998
"11994_9",0.998003
"4246_2",0.002990
"842_10",0.997960
"4917_8",0.998229
"68_1",0.003357
"6613_2",0.001999
"7230_10",0.997769
"6183_4",0.003152
"338_10",0.993440
"6182_8",0.997712
"2409_1",0.004068
"9965_8",0.997985
"1336_10",0.462273
"4456_2",0.002164
"12437_8",0.998035
"8437_10",0.997927
"409_4",0.002709
"2303_10",0.214130
"2144_9",0.983402
"2302_8",0.997889
"385_9",0.987748
"3617_8",0.996895
"5450_7",0.779402
"6882_4",0.002211
"2980_4",0.012042
"9828_4",0.002793
"10745_8",0.997244
"3478_1",0.058408
"2167_2",0.002126
"5562_2",0.001978
"8771_7",0.012869
"8372_10",0.998198
"10749_8",0.995626
"7394_10",0.985812
"3711_7",0.997576
"5375_1",0.003746
"7881_7",0.990552
"7023_2",0.001788
"206_10",0.998367
"4760_9",0.997247
"12026_1",0.001777
"12182_10",0.994933
"1821_8",0.998298
"10828_1",0.001841
"2446_10",0.964366
"5327_10",0.998260
"5727_3",0.001588
"11460_4",0.007717
"6484_10",0.998007
"3555_4",0.008117
"10641_8",0.998283
"650_3",0.011010
"1467_10",0.998321
"7651_3",0.002412
"11459_4",0.005678
"9255_10",0.990862
"7888_10",0.998314
"4118_2",0.002592
"2540_9",0.996197
"2152_7",0.990774
"2614_10",0.997744
"2892_10",0.998175
"3878_1",0.001935
"273_10",0.998364
"5565_10",0.177866
"444_10",0.996762
"11062_10",0.998124
"5184_1",0.001592
"12140_3",0.002062
"3254_8",0.932594
"11537_7",0.005475
"7606_10",0.998392
"6120_2",0.002402
"7416_10",0.997621
"10759_3",0.008458
"12255_9",0.997766
"1114_10",0.998134
"6827_8",0.983601
"10246_2",0.004022
"204_9",0.998528
"5816_10",0.996375
"2693_9",0.997848
"2578_2",0.003123
"4958_3",0.007338
"7873_10",0.997280
"8795_2",0.003415
"1431_3",0.002106
"11635_7",0.058702
"1327_3",0.001829
"10813_7",0.979511
"9764_4",0.004274
"5861_8",0.986341
"8995_3",0.002067
"2243_1",0.001780
"11708_7",0.996961
"1998_2",0.003143
"11887_8",0.998283
"4836_10",0.990777
"1603_4",0.003758
"9860_4",0.003514
"1728_1",0.002359
"12108_1",0.001986
"9756_4",0.987458
"1325_3",0.010997
"5174_1",0.002109
"9917_2",0.002154
"6101_1",0.001815
"2010_10",0.998304
"1132_8",0.997806
"8516_1",0.001950
"3563_1",0.002082
"2362_10",0.995165
"10971_1",0.002253
"8672_9",0.997411
"2863_2",0.001867
"2750_1",0.002382
"8599_4",0.002177
"12115_7",0.381669
"4921_2",0.001774
"2975_2",0.002164
"4245_8",0.998044
"10778_10",0.998046
"7816_7",0.996740
"9131_1",0.834721
"5541_3",0.004378
"7956_1",0.003139
"780_3",0.002949
"1052_10",0.995728
"6842_8",0.998236
"8279_10",0.998195
"9653_3",0.013989
"3025_1",0.002208
"1174_1",0.002498
"1039_10",0.997697
"4609_10",0.997245
"2150_1",0.002073
"6289_7",0.013817
"2963_2",0.002131
"8801_1",0.008656
"5196_7",0.996832
"5723_2",0.002036
"10530_10",0.998239
"9473_1",0.003193
"3355_3",0.001961
"5388_3",0.958960
"12102_2",0.002255
"11038_10",0.985844
"9672_1",0.001882
"6875_8",0.997166
"4754_8",0.995849
"6814_3",0.006679
"8937_3",0.003664
"7077_4",0.993936
"1782_1",0.001735
"631_4",0.235597
"7876_1",0.001858
"74_4",0.004749
"2846_9",0.949440
"4190_1",0.002361
"7843_4",0.330473
"7528_7",0.968930
"2396_8",0.996410
"790_1",0.001579
"2020_7",0.995748
"2526_1",0.001555
"8104_8",0.997886
"12372_2",0.003345
"417_1",0.018169
"1318_2",0.002096
"4530_1",0.001822
"2370_4",0.997452
"1886_10",0.997970
"9386_1",0.001779
"7863_1",0.001558
"3864_10",0.998075
"6559_2",0.001823
"7855_7",0.997635
"1672_1",0.001992
"8453_2",0.009365
"8373_3",0.002157
"9770_10",0.998391
"12009_1",0.002771
"2770_3",0.004790
"4618_7",0.997467
"9797_10",0.998196
"6605_1",0.006752
"10176_1",0.005289
"8949_10",0.998208
"5401_7",0.985786
"3295_7",0.997972
"4791_1",0.002242
"4016_1",0.002084
"4314_10",0.987414
"2903_1",0.001441
"3835_9",0.994472
"7532_1",0.002001
"729_10",0.997069
"5753_1",0.004877
"11976_2",0.002246
"3027_1",0.004328
"9721_9",0.997056
"11295_3",0.041259
"3241_1",0.001990
"5389_9",0.998389
"9889_1",0.013801
"3522_4",0.001916
"10865_8",0.997985
"1015_8",0.997133
"5048_10",0.998254
"2671_2",0.005128
"2841_4",0.010697
"4928_1",0.003728
"10499_1",0.010184
"9409_10",0.997885
"974_10",0.157896
"11582_7",0.994637
"9988_10",0.997902
"3463_8",0.994608
"5194_1",0.227843
"3377_4",0.002076
"4352_1",0.002376
"10862_1",0.001870
"1545_7",0.193551
"9801_10",0.997699
"1905_2",0.002230
"12276_9",0.998009
"7544_1",0.001442
"10056_1",0.002194
"3623_1",0.002525
"4013_7",0.995381
"1294_4",0.003851
"10285_9",0.997982
"7793_10",0.998432
"3809_9",0.998388
"4586_3",0.002613
"7511_1",0.013636
"10873_4",0.002557
"4888_8",0.988306
"4349_10",0.966370
"1531_3",0.002577
"8884_3",0.003447
"7336_3",0.566754
"9688_10",0.996253
"7208_1",0.001810
"4355_8",0.997908
"6098_2",0.002459
"9106_10",0.997005
"6422_1",0.001752
"2054_9",0.993640
"550_8",0.983915
"402_8",0.992189
"11832_10",0.998412
"10256_10",0.998413
"6131_1",0.001640
"11907_4",0.003313
"4459_4",0.003911
"8555_7",0.997186
"5079_2",0.001836
"10304_2",0.002518
"10489_1",0.002332
"566_3",0.010705
"1999_1",0.001946
"590_1",0.005824
"11159_1",0.001940
"10612_9",0.997936
"10810_2",0.697038
"11658_4",0.002392
"1950_9",0.990029
"8977_4",0.414030
"9040_1",0.001784
"2891_10",0.996644
"2966_10",0.997971
"8665_4",0.010559
"6600_1",0.002259
"9308_1",0.002123
"7870_10",0.998092
"10511_1",0.002020
"7235_8",0.092231
"132_9",0.998060
"1575_8",0.996036
"3328_8",0.997763
"3273_1",0.001592
"9475_4",0.219200
"10938_7",0.610922
"8143_7",0.974251
"9003_10",0.994721
"9854_10",0.998486
"9932_2",0.003415
"1017_7",0.975085
"4386_9",0.997435
"1105_3",0.003213
"7315_7",0.008633
"37_9",0.998415
"8409_10",0.997508
"12118_1",0.005082
"1665_8",0.997884
"10284_1",0.001961
"8922_3",0.003022
"2524_2",0.326655
"11205_2",0.001754
"4676_8",0.996569
"10479_4",0.033772
"9849_8",0.979706
"4841_3",0.858647
"9153_9",0.998249
"9279_8",0.997998
"11008_10",0.998094
"614_10",0.998475
"167_2",0.001637
"2041_1",0.001782
"6509_8",0.997604
"9832_7",0.995226
"5939_7",0.084028
"3267_3",0.004483
"3555_9",0.993394
"1668_7",0.023389
"11048_1",0.002275
"1856_3",0.004702
"4426_10",0.997936
"8457_3",0.004909
"6603_10",0.997693
"4738_1",0.008794
"11762_8",0.995309
"2078_10",0.998378
"6754_1",0.003374
"11721_2",0.003217
"11558_3",0.961651
"973_10",0.994300
"814_4",0.002183
"2102_3",0.002669
"11394_4",0.986539
"312_4",0.001732
"2994_1",0.001766
"5649_7",0.997607
"7281_8",0.996822
"2756_4",0.002745
"2137_1",0.003073
"8696_2",0.006376
"1158_3",0.149708
"4531_1",0.002447
"10047_10",0.998359
"683_7",0.826111
"8645_10",0.996485
"889_3",0.003317
"4202_2",0.001871
"3859_10",0.997775
"5038_8",0.998330
"6906_9",0.997359
"4154_8",0.997435
"9548_1",0.002602
"4434_9",0.983575
"9235_9",0.991787
"2368_8",0.995734
"8391_2",0.001554
"1391_7",0.994158
"4317_1",0.002155
"8345_4",0.063491
"8610_1",0.001761
"2888_10",0.997807
"5597_3",0.004229
"4900_7",0.871039
"3016_2",0.002604
"1057_2",0.002788
"5143_8",0.991933
"6932_2",0.002556
"7879_10",0.995287
"9300_3",0.002236
"12142_2",0.002800
"3426_3",0.047964
"7977_7",0.993463
"1573_3",0.017615
"336_10",0.998203
"4248_10",0.997327
"9693_7",0.003829
"7753_4",0.013576
"2290_10",0.997624
"9156_8",0.997506
"5526_4",0.001948
"3896_8",0.997085
"8520_7",0.995350
"3566_4",0.905379
"6386_7",0.997531
"4201_1",0.998286
"372_9",0.998066
"6768_8",0.993996
"9177_8",0.996397
"1079_1",0.003592
"934_10",0.998431
"11918_2",0.002604
"4867_4",0.005442
"12449_8",0.998134
"7907_10",0.998390
"4508_3",0.011672
"1075_2",0.001921
"11466_8",0.992699
"10935_2",0.015845
"4826_9",0.986221
"4814_7",0.996961
"8676_4",0.004920
"1058_1",0.001666
"7831_2",0.001951
"1150_9",0.998368
"5395_1",0.001926
"5435_7",0.996207
"1745_1",0.002050
"11278_4",0.002192
"8629_1",0.006328
"3145_9",0.998123
"8108_10",0.997878
"6377_1",0.002901
"10298_1",0.002728
"12265_1",0.004189
"11930_8",0.029147
"2511_10",0.998402
"7955_1",0.001750
"2335_9",0.997955
"3194_10",0.998140
"6724_10",0.988301
"9406_1",0.874926
"11369_1",0.002127
"1972_4",0.004005
"6900_8",0.997149
"7813_7",0.998004
"785_7",0.987149
"6368_3",0.008023
"2163_1",0.001665
"11487_8",0.997756
"4292_7",0.996960
"7451_4",0.002612
"11465_2",0.001825
"7641_8",0.996507
"8250_8",0.997729
"4490_1",0.002112
"10452_1",0.002752
"7442_3",0.002675
"3027_9",0.998501
"235_7",0.998106
"3750_7",0.992890
"8700_1",0.002245
"3584_10",0.997795
"7217_7",0.996864
"7769_10",0.998517
"10149_9",0.995437
"7607_2",0.001710
"7749_1",0.001984
"12067_1",0.001759
"388_10",0.997757
"6596_1",0.002508
"10242_2",0.003481
"3853_1",0.001607
"5726_4",0.003450
"9031_9",0.839502
"1543_7",0.994589
"1442_8",0.998024
"6336_10",0.996860
"5929_4",0.471657
"3378_3",0.924510
"183_4",0.014732
"3518_9",0.998106
"5870_8",0.998270
"5053_4",0.001981
"7330_7",0.994993
"9553_9",0.994311
"9552_10",0.997921
"8515_10",0.005632
"1666_9",0.997793
"6661_3",0.003063
"8721_1",0.004800
"1368_1",0.002147
"5076_9",0.996323
"12353_2",0.013483
"1099_7",0.996020
"8669_9",0.997321
"2564_8",0.997488
"4369_10",0.997956
"11951_4",0.003806
"11384_3",0.015484
"7459_3",0.005187
"6776_9",0.997130
"6673_3",0.001998
"2500_8",0.998028
"8739_3",0.001907
"3828_1",0.003042
"7945_2",0.032514
"7934_10",0.997668
"4571_1",0.002232
"11689_7",0.994715
"3681_10",0.997421
"5110_4",0.004535
"5953_8",0.990998
"10906_4",0.001916
"3424_8",0.996559
"6492_7",0.851014
"10450_1",0.001775
"4856_8",0.886938
"12019_1",0.001982
"1390_8",0.997827
"6452_4",0.009416
"4916_4",0.001808
"3979_3",0.002376
"6023_3",0.002395
"5762_1",0.001553
"4176_9",0.998206
"7194_2",0.003087
"3143_7",0.236266
"954_8",0.997853
"5291_1",0.002711
"2258_1",0.008313
"5412_1",0.001686
"4088_3",0.002156
"4312_1",0.001828
"517_1",0.001599
"5601_1",0.001635
"288_1",0.002021
"234_3",0.003313
"6665_8",0.998319
"6957_3",0.002228
"4454_2",0.002421
"3270_8",0.997888
"4500_3",0.140173
"7551_1",0.001498
"9033_4",0.978022
"2619_10",0.089118
"10093_10",0.997693
"5483_2",0.004289
"8383_1",0.001623
"11683_1",0.002509
"10649_1",0.370128
"181_3",0.896100
"3668_2",0.002481
"3769_1",0.002067
"11519_3",0.030636
"5716_10",0.997370
"10918_8",0.988171
"3103_1",0.001618
"7210_10",0.997669
"2515_8",0.995005
"8424_9",0.879286
"1404_10",0.997718
"3158_10",0.996560
"4996_2",0.002290
"5493_3",0.010960
"8540_9",0.996701
"8960_8",0.997546
"11274_3",0.003026
"11067_10",0.998499
"3335_2",0.002594
"6578_4",0.002041
"916_10",0.998071
"3844_1",0.002277
"7108_8",0.993410
"565_2",0.969502
"11622_3",0.005065
"10700_1",0.001755
"10483_1",0.015709
"8951_9",0.997799
"6326_8",0.998087
"3035_8",0.997419
"2292_10",0.997942
"11013_4",0.003412
"10618_1",0.001637
"11544_1",0.001731
"7550_10",0.972353
"289_8",0.997723
"6571_10",0.998314
"6056_10",0.524461
"10814_1",0.001677
"9377_1",0.001903
"1577_8",0.004544
"9268_9",0.998234
"10116_10",0.998253
"7411_10",0.998302
"12279_4",0.923721
"3575_1",0.002637
"8105_8",0.989386
"6092_10",0.998429
"12406_1",0.002001
"1117_2",0.001777
"12358_7",0.985683
"4469_9",0.997691
"7055_2",0.002501
"10412_8",0.996982
"12155_10",0.995652
"11222_3",0.002283
"9622_9",0.996889
"8992_8",0.987843
"5305_3",0.782118
"8111_10",0.998222
"3436_1",0.002031
"2748_8",0.997683
"6527_10",0.997990
"672_8",0.997935
"8172_4",0.027460
"5513_10",0.998120
"741_7",0.235390
"8886_7",0.997063
"6939_1",0.002079
"12235_1",0.002043
"10607_1",0.001706
"4708_10",0.996640
"9034_10",0.998014
"6600_10",0.995333
"2934_1",0.002379
"12168_10",0.997762
"9362_9",0.997608
"9627_8",0.997403
"9547_8",0.973967
"4108_2",0.001556
"10293_9",0.991189
"10105_8",0.997670
"11864_7",0.997390
"2843_7",0.033229
"836_9",0.996617
"6201_1",0.001549
"8192_4",0.271295
"2596_1",0.002300
"6847_3",0.010169
"8794_1",0.002163
"7281_4",0.001744
"9678_2",0.003310
"10950_3",0.010620
"5845_4",0.004284
"6187_10",0.996819
"4684_9",0.981401
"10852_1",0.044988
"11542_3",0.002335
"5385_1",0.003682
"9597_3",0.004735
"8975_3",0.683853
"10766_3",0.144211
"4236_8",0.994877
"118_1",0.001478
"7278_7",0.998078
"11069_7",0.997814
"1002_3",0.021599
"4210_7",0.997801
"8514_10",0.995293
"9676_1",0.002450
"11826_10",0.997508
"8216_8",0.997333
"575_4",0.003342
"3867_8",0.994154
"321_10",0.997768
"1654_1",0.002219
"973_4",0.004350
"8796_3",0.003832
"145_1",0.001615
"2649_2",0.002784
"2432_2",0.006998
"5713_10",0.997344
"6851_1",0.919238
"3523_7",0.996831
"9862_9",0.994343
"8888_9",0.953278
"12343_1",0.001887
"2298_9",0.998309
"7129_1",0.001821
"12163_7",0.626670
"1090_1",0.001737
"8249_7",0.998133
"3716_7",0.992427
"8095_4",0.002213
"9739_8",0.998106
"7041_1",0.002231
"7673_10",0.998028
"210_4",0.005527
"283_8",0.989999
"12361_9",0.998108
"9254_10",0.998171
"5598_1",0.001593
"128_10",0.998477
"11557_7",0.996596
"10232_10",0.993551
"10747_7",0.997435
"9984_9",0.998266
"9618_1",0.004203
"7976_10",0.989881
"5788_10",0.991434
"7378_4",0.014116
"2047_3",0.003096
"10053_10",0.997914
"8399_4",0.002515
"7925_10",0.997879
"6830_9",0.993370
"2530_9",0.996535
"9521_1",0.003414
"784_10",0.998357
"10417_7",0.998126
"2198_9",0.998327
"8219_8",0.997134
"6896_4",0.006960
"5341_7",0.998150
"2386_9",0.996610
"2323_8",0.982501
"9028_2",0.003081
"6983_7",0.994500
"9885_7",0.997317
"11720_1",0.001853
"8409_3",0.003190
"5797_7",0.997525
"7729_9",0.998539
"10591_10",0.998180
"9593_9",0.997741
"6364_4",0.001689
"7215_3",0.002281
"3653_2",0.001964
"4533_8",0.990332
"10899_8",0.997703
"8312_10",0.997572
"9543_10",0.998342
"5608_8",0.014656
"1432_10",0.995946
"5562_9",0.996946
"12171_9",0.983599
"4428_10",0.998574
"2062_2",0.006387
"8468_8",0.994177
"827_8",0.997256
"11539_3",0.002018
"4215_3",0.001551
"11310_3",0.009301
"4525_1",0.001630
"2093_1",0.001584
"11238_4",0.003208
"5523_8",0.998241
"9848_9",0.998385
"10000_4",0.001819
"10304_7",0.998439
"511_3",0.003851
"1807_7",0.995747
"9080_7",0.990792
"1808_9",0.997528
"6283_8",0.996293
"5913_1",0.001575
"685_1",0.303261
"9505_8",0.996157
"7152_1",0.001898
"11292_1",0.001770
"8334_10",0.997480
"11476_1",0.001681
"3431_10",0.995361
"4019_1",0.002130
"7292_3",0.005250
"1990_7",0.996037
"1574_1",0.009736
"5516_8",0.997459
"4687_10",0.997201
"11493_2",0.001796
"771_9",0.997650
"8864_1",0.001757
"3001_7",0.994974
"423_2",0.003577
"5062_7",0.106636
"5198_1",0.002333
"7303_1",0.001639
"7433_2",0.002541
"3085_7",0.997912
"3293_9",0.997993
"12426_7",0.996612
"5775_3",0.004749
"7358_1",0.001649
"3851_2",0.001990
"4785_10",0.945118
"9650_4",0.001850
"553_9",0.998075
"401_10",0.997802
"11522_8",0.997880
"5222_7",0.996967
"5042_7",0.994350
"2638_7",0.804660
"11883_10",0.998232
"11476_10",0.996734
"4999_10",0.998290
"10360_1",0.001970
"3443_9",0.998302
"1138_1",0.991325
"1898_10",0.997077
"6069_3",0.002453
"12101_2",0.001875
"1953_10",0.983426
"8679_10",0.998345
"10348_10",0.996789
"2208_3",0.013193
"3886_8",0.997882
"3734_2",0.003189
"1330_10",0.986835
"4639_3",0.004238
"6837_7",0.992123
"6520_8",0.998003
"653_10",0.997936
"5373_1",0.728850
"8074_10",0.997007
"3906_8",0.971918
"9264_1",0.001945
"2160_2",0.032597
"624_3",0.994942
"3899_1",0.002641
"2181_7",0.002526
"7932_4",0.970234
"8278_1",0.003861
"7162_9",0.997881
"185_4",0.003242
"1997_8",0.995088
"7295_9",0.017397
"1083_3",0.002195
"4678_2",0.002822
"4859_10",0.996801
"9091_8",0.998052
"397_3",0.001797
"11157_9",0.748547
"11261_10",0.996418
"10828_9",0.997673
"2452_7",0.996052
"10268_7",0.998128
"10306_1",0.002183
"18_8",0.998205
"7998_10",0.997597
"8574_10",0.998033
"2953_10",0.997741
"8996_9",0.994907
"7389_9",0.998272
"202_4",0.002244
"5612_4",0.009754
"9916_8",0.986985
"7606_1",0.002060
"1585_8",0.959779
"11803_2",0.003584
"236_10",0.997166
"7827_4",0.002520
"5423_2",0.009869
"3625_1",0.002527
"9887_9",0.998311
"3429_8",0.996366
"372_2",0.002306
"1228_4",0.003147
"7891_10",0.995944
"4387_1",0.001523
"6067_1",0.002517
"7822_1",0.001918
"10898_2",0.001607
"512_2",0.002135
"647_9",0.151196
"5361_4",0.002013
"8583_4",0.002040
"2858_2",0.024165
"4920_10",0.997969
"6857_2",0.002408
"925_2",0.002002
"2959_3",0.003039
"11481_10",0.013436
"10824_1",0.978079
"1577_4",0.003157
"2231_7",0.894096
"11545_3",0.062009
"1539_2",0.002601
"9657_4",0.003421
"10362_7",0.994493
"11131_2",0.002078
"9833_7",0.997355
"8495_10",0.997747
"11781_2",0.004437
"1056_8",0.997931
"9402_1",0.001658
"6212_1",0.002607
"3151_1",0.002291
"5921_3",0.007114
"2198_4",0.003087
"269_2",0.724509
"11464_8",0.997399
"30_4",0.008180
"5300_1",0.001961
"2277_3",0.002007
"10410_10",0.995574
"5233_1",0.004814
"4336_10",0.932900
"3084_10",0.997660
"2908_8",0.997186
"2814_4",0.934265
"8347_10",0.998286
"2319_1",0.002105
"16_1",0.001772
"821_10",0.997818
"2793_10",0.997791
"9909_9",0.996073
"6934_3",0.438839
"9138_1",0.001890
"702_1",0.002134
"3886_3",0.002404
"8311_8",0.997273
"9199_1",0.001950
"1254_10",0.998128
"6590_7",0.996953
"3040_8",0.998284
"849_7",0.997442
"7555_10",0.998362
"9668_3",0.673543
"10942_7",0.984699
"11343_2",0.003448
"7906_10",0.996378
"11671_10",0.994422
"126_4",0.097418
"9623_8",0.998046
"2872_3",0.001859
"11895_10",0.998261
"3245_1",0.001923
"6145_8",0.998232
"1022_10",0.995333
"6261_1",0.016753
"6888_3",0.011370
"12443_1",0.001720
"7433_10",0.996500
"6512_7",0.986818
"4161_9",0.998317
"6745_7",0.900701
"1993_10",0.995393
"6325_3",0.004343
"12484_9",0.992315
"2204_10",0.998233
"8065_7",0.983149
"1705_7",0.988158
"9370_1",0.002984
"6150_1",0.001832
"3587_10",0.998236
"1906_1",0.002272
"5706_4",0.995853
"3854_9",0.997891
"9655_3",0.002550
"6736_2",0.002237
"2096_9",0.821074
"2846_2",0.157088
"11849_1",0.002253
"5224_1",0.002555
"2987_8",0.995243
"11058_8",0.992517
"2917_3",0.002598
"459_9",0.996643
"9418_7",0.995169
"5803_2",0.003646
"6742_10",0.998472
"2268_4",0.003642
"6832_7",0.997979
"4834_7",0.997406
"9532_1",0.019890
"8197_8",0.998496
"7728_1",0.002527
"1958_2",0.005169
"5380_8",0.996896
"4896_2",0.001915
"9529_2",0.002025
"3322_7",0.996112
"7629_4",0.003660
"9962_4",0.515324
"9277_4",0.002217
"1071_2",0.002097
"8266_2",0.004485
"6812_8",0.996483
"3196_7",0.539121
"3430_2",0.003892
"6052_10",0.996722
"221_3",0.002046
"3244_1",0.005086
"4846_1",0.001640
"2876_7",0.954412
"4247_4",0.001864
"11608_1",0.001982
"564_4",0.009661
"1978_2",0.004542
"4089_10",0.973060
"1633_8",0.937083
"8983_4",0.058001
"10909_7",0.989253
"8135_8",0.025541
"12238_1",0.001720
"9564_3",0.002238
"10174_9",0.996574
"1690_9",0.997942
"4756_8",0.997126
"10718_10",0.998571
"3489_7",0.201958
"2124_1",0.001661
"3842_3",0.001751
"2700_4",0.003534
"5960_8",0.998084
"6193_1",0.002611
"6719_7",0.986005
"7922_8",0.997026
"12132_8",0.994293
"10169_8",0.991961
"1486_4",0.006812
"8455_1",0.009184
"10019_1",0.001614
"7028_10",0.997320
"787_9",0.998162
"2414_4",0.002306
"7182_7",0.010423
"5548_9",0.997166
"3963_7",0.996971
"1584_7",0.989166
"6825_3",0.002715
"6588_3",0.003310
"10573_3",0.003592
"6693_10",0.996192
"5541_7",0.996740
"12053_9",0.997454
"3662_9",0.998088
"6829_10",0.998107
"285_10",0.997175
"1270_4",0.006089
"4320_10",0.041387
"1333_3",0.001804
"6618_1",0.996580
"10119_1",0.001747
"2886_1",0.001916
"8811_7",0.996711
"11087_9",0.997972
"3436_8",0.995428
"10479_10",0.997121
"8365_9",0.997844
"12140_8",0.996100
"6981_7",0.951474
"10447_2",0.001850
"10352_1",0.001845
"943_8",0.994824
"513_1",0.002281
"11192_1",0.015322
"587_3",0.002627
"3420_10",0.974938
"10030_7",0.983018
"3026_10",0.998293
"3145_1",0.006923
"2230_9",0.981989
"5193_1",0.001823
"11337_8",0.998385
"3601_9",0.998120
"3628_10",0.998271
"4952_10",0.992162
"1775_10",0.997862
"8141_4",0.004041
"572_3",0.003140
"6732_3",0.002340
"4274_4",0.003652
"5892_3",0.021711
"7035_10",0.998415
"5354_4",0.254718
"4264_4",0.002720
"8151_9",0.998260
"376_2",0.001940
"5352_1",0.002515
"1365_8",0.995213
"8272_10",0.998139
"6942_4",0.015308
"9067_4",0.906623
"11428_1",0.002471
"7308_3",0.943726
"8349_10",0.998250
"11336_4",0.989081
"551_9",0.998140
"4721_10",0.997536
"4862_1",0.003063
"5469_4",0.005039
"3834_10",0.998140
"4717_10",0.998459
"4202_9",0.996282
"5335_4",0.314429
"7587_8",0.996344
"10827_4",0.009370
"3432_1",0.001711
"6110_4",0.039269
"5618_7",0.925064
"11808_1",0.001793
"9293_4",0.961876
"2163_8",0.988708
"4802_1",0.003435
"5476_7",0.997278
"9991_1",0.003296
"2681_10",0.997923
"11728_2",0.994080
"1466_8",0.997792
"4853_7",0.996502
"3668_9",0.998053
"5334_7",0.996013
"12017_8",0.998246
"2046_9",0.997916
"2652_7",0.994964
"2250_8",0.995128
"2253_1",0.002049
"9733_10",0.902563
"3_4",0.959803
"6129_8",0.080006
"6858_3",0.002288
"371_8",0.977217
"1111_3",0.003571
"12330_1",0.002582
"3219_1",0.001717
"11372_9",0.997636
"1434_4",0.014015
"8232_7",0.990609
"7883_1",0.001620
"9151_2",0.712058
"10574_3",0.003620
"9376_8",0.997139
"7737_1",0.005287
"7410_8",0.997855
"10488_7",0.991345
"5906_10",0.998324
"5308_10",0.998143
"11266_2",0.001706
"7627_1",0.001965
"218_3",0.002300
"9031_2",0.002256
"3427_10",0.998064
"8532_3",0.001761
"6588_9",0.998232
"9744_1",0.001644
"3061_1",0.007253
"11668_9",0.998248
"9331_1",0.002425
"238_9",0.997685
"10593_8",0.996102
"4441_9",0.995646
"3717_3",0.001924
"5618_4",0.003354
"4353_10",0.998097
"1268_2",0.003194
"5178_3",0.005486
"2991_1",0.003015
"9976_9",0.997987
"7891_1",0.002094
"445_3",0.003158
"11158_7",0.863489
"10328_1",0.002360
"9137_9",0.997420
"7399_2",0.002670
"1187_7",0.994263
"10642_1",0.001894
"3939_3",0.003349
"5310_9",0.997709
"2087_9",0.998444
"57_4",0.001936
"4645_10",0.997051
"1734_4",0.037066
"8924_1",0.001545
"4418_3",0.001854
"9403_1",0.001835
"12065_10",0.998327
"6763_3",0.328947
"3882_8",0.997227
"7286_3",0.006634
"9259_9",0.997414
"5134_3",0.002184
"10166_4",0.991627
"8362_3",0.030982
"9701_4",0.010608
"4227_7",0.996977
"8483_10",0.997810
"6002_3",0.002389
"5815_9",0.998179
"9385_10",0.996987
"11047_1",0.003481
"6306_1",0.001935
"9141_2",0.002140
"4594_1",0.003268
"10471_4",0.052137
"48_9",0.998027
"8133_8",0.997390
"8493_1",0.002961
"3425_8",0.991221
"5731_9",0.997980
"4373_10",0.997792
"4366_10",0.995720
"6123_10",0.653616
"1430_3",0.001817
"508_7",0.967572
"11600_10",0.997627
"11767_8",0.996689
"1597_1",0.001896
"7257_8",0.995469
"244_2",0.002042
"116_4",0.036585
"7856_10",0.998003
"7640_9",0.997824
"10956_8",0.997828
"11002_3",0.568107
"11666_10",0.998211
"7683_4",0.005649
"10846_4",0.001920
"1317_2",0.001906
"5_7",0.049712
"8526_2",0.003074
"1526_7",0.997242
"3144_9",0.998161
"241_7",0.998267
"8953_1",0.001851
"5919_8",0.997363
"7983_4",0.002495
"5222_2",0.001783
"1662_1",0.002113
"5830_10",0.998048
"859_1",0.001757
"10761_8",0.006179
"12037_7",0.990362
"2629_10",0.998468
"1019_10",0.998026
"11270_10",0.333973
"620_8",0.993957
"6718_10",0.991531
"1402_8",0.062194
"6804_1",0.003542
"11743_1",0.002846
"3117_10",0.997084
"7441_9",0.994386
"4553_2",0.001649
"5182_10",0.998036
"81_9",0.988967
"8343_10",0.997001
"2030_1",0.001502
"7866_7",0.997359
"11132_1",0.002630
"879_3",0.002481
"6547_10",0.997517
"11166_4",0.003599
"7427_1",0.001618
"5848_4",0.027656
"10734_2",0.001937
"11263_10",0.998060
"9761_7",0.012029
"7582_10",0.998176
"3849_1",0.001439
"8242_10",0.998409
"309_10",0.996915
"5492_1",0.003233
"4294_2",0.051756
"7222_7",0.988097
"3365_1",0.001497
"11084_7",0.997295
"50_10",0.998353
"3234_1",0.004427
"10155_7",0.978275
"1181_1",0.001694
"1505_3",0.001818
"11926_1",0.001587
"12174_3",0.003901
"4589_4",0.001731
"12421_8",0.998011
"1079_8",0.997413
"4852_8",0.996767
"11753_8",0.998001
"11257_10",0.997348
"8270_1",0.001862
"7690_3",0.002607
"12354_8",0.986138
"11419_8",0.997594
"7587_4",0.031236
"818_9",0.161500
"10431_10",0.998163
"12056_4",0.995132
"7595_10",0.998045
"2601_1",0.001806
"10022_10",0.998290
"4124_1",0.004700
"11573_10",0.998219
"9868_1",0.001668
"7093_1",0.003709
"4993_3",0.001720
"3192_8",0.997311
"8269_10",0.997776
"5767_10",0.996077
"8440_7",0.987328
"1038_10",0.958491
"525_9",0.998430
"689_3",0.001882
"10989_1",0.002428
"6166_4",0.003840
"6452_10",0.997884
"3217_1",0.001566
"11629_4",0.002758
"4338_1",0.001848
"2822_1",0.001689
"11252_7",0.101744
"11097_9",0.997491
"7124_10",0.998263
"261_3",0.002501
"7828_10",0.997950
"9030_7",0.148074
"9723_2",0.001747
"6924_9",0.998140
"11945_4",0.019929
"11811_2",0.002203
"3115_8",0.996356
"4381_9",0.998286
"676_1",0.040629
"8002_9",0.996503
"9209_3",0.042858
"1677_10",0.998122
"7094_7",0.997601
"12193_8",0.993901
"1227_7",0.760609
"9186_10",0.997975
"6117_1",0.001699
"8621_2",0.989298
"9729_1",0.001821
"12239_7",0.727400
"2465_2",0.002327
"4360_10",0.997982
"10538_1",0.001863
"3439_4",0.029434
"256_10",0.992760
"7114_1",0.003864
"3206_3",0.027057
"229_10",0.896593
"7501_3",0.003603
"3639_1",0.009196
"9751_9",0.998097
"8277_3",0.002727
"5276_4",0.017244
"1804_8",0.998361
"8497_1",0.001767
"7742_1",0.001978
"9755_7",0.031753
"8429_8",0.997162
"769_3",0.967792
"7452_10",0.997541
"1004_4",0.002170
"6393_10",0.989640
"7457_1",0.002461
"8182_10",0.998386
"11589_9",0.997575
"4718_8",0.993157
"5315_10",0.998129
"9927_3",0.007891
"6391_1",0.001878
"532_3",0.003387
"10544_10",0.997015
"3576_4",0.003146
"5420_4",0.006193
"7140_10",0.998108
"11018_4",0.001720
"7443_8",0.997737
"7399_9",0.996641
"12129_10",0.997223
"6876_3",0.010481
"9227_1",0.988674
"4983_1",0.001856
"2502_1",0.002635
"2584_9",0.998250
"5637_2",0.002017
"6497_10",0.998063
"8464_2",0.002476
"2070_10",0.255094
"4574_3",0.003826
"1642_10",0.995328
"356_9",0.997881
"8052_4",0.995866
"2457_10",0.997929
"6322_4",0.002239
"2218_10",0.997263
"10669_7",0.997892
"5296_2",0.002450
"1118_1",0.002070
"8588_1",0.002582
"12348_10",0.998101
"7990_9",0.960739
"819_7",0.011044
"10552_7",0.012120
"9126_4",0.002241
"11190_9",0.996501
"6696_2",0.004613
"4906_10",0.997780
"6809_4",0.015280
"10032_1",0.002668
"2694_10",0.998128
"6411_8",0.997847
"11967_9",0.982271
"10190_1",0.001897
"316_1",0.001975
"5644_9",0.983088
"12083_10",0.998178
"9280_3",0.007401
"11735_2",0.008398
"5219_1",0.001850
"6810_3",0.001934
"7817_2",0.001825
"6753_9",0.282125
"16_8",0.997775
"3908_1",0.002342
"11502_10",0.998498
"523_1",0.001661
"11213_10",0.998211
"5058_8",0.995927
"3290_1",0.003462
"2954_4",0.006457
"7148_1",0.047414
"4455_7",0.993915
"1873_7",0.995847
"4796_2",0.002604
"6317_3",0.015405
"11153_10",0.997391
"3319_1",0.001953
"1247_9",0.998332
"9119_1",0.001621
"7904_10",0.997826
"4892_1",0.001829
"4608_8",0.976694
"4756_4",0.002218
"230_1",0.112866
"6730_1",0.003015
"6639_8",0.849149
"1726_1",0.002894
"4540_2",0.002272
"1898_1",0.001729
"877_1",0.002719
"10416_9",0.998102
"1359_2",0.054974
"8886_1",0.001807
"553_1",0.001783
"5252_10",0.998462
"8808_9",0.997895
"8792_10",0.998501
"11723_10",0.997859
"6977_9",0.865793
"5050_2",0.001657
"6413_8",0.997421
"9880_8",0.997470
"5827_10",0.998423
"5271_10",0.997670
"12231_2",0.002499
"9913_1",0.002700
"3058_10",0.997981
"1278_10",0.981658
"4923_9",0.997449
"4662_1",0.001679
"10857_2",0.005024
"5033_7",0.989236
"7681_10",0.995441
"8916_3",0.008568
"10603_3",0.004319
"8940_3",0.949842
"2381_1",0.029875
"9188_8",0.996939
"5290_8",0.966958
"6746_1",0.124714
"1001_10",0.997953
"1190_1",0.001780
"1858_1",0.001714
"5645_10",0.997134
"3021_9",0.998032
"9801_2",0.965365
"2498_4",0.001900
"7972_10",0.997209
"1200_1",0.001842
"9626_4",0.089749
"11750_10",0.998058
"9571_10",0.997658
"11593_10",0.998302
"4432_10",0.996684
"10324_1",0.003052
"9123_10",0.998095
"10155_1",0.003246
"12237_10",0.998017
"2828_2",0.008286
"6375_4",0.003796
"8264_10",0.997980
"6131_7",0.997662
"2950_10",0.998230
"3584_1",0.001813
"3077_9",0.997490
"8867_10",0.997994
"4189_9",0.998137
"2297_9",0.996473
"3607_8",0.998075
"339_10",0.998033
"6450_10",0.997449
"8537_9",0.986579
"5663_10",0.998042
"7179_10",0.997827
"1929_10",0.968157
"7363_10",0.997350
"7073_10",0.997939
"8472_10",0.998147
"2397_4",0.006092
"5710_3",0.023195
"12429_1",0.001715
"4841_9",0.965405
"5819_2",0.002330
"7112_8",0.975744
"1087_10",0.998017
"10766_8",0.997360
"10675_8",0.984664
"11953_3",0.004462
"1927_9",0.997384
"10455_9",0.992956
"451_8",0.993212
"10796_8",0.960442
"5288_7",0.997635
"4368_2",0.001690
"10456_10",0.997898
"9981_1",0.001854
"11403_1",0.003488
"5219_7",0.991720
"11929_4",0.063486
"5481_10",0.998139
"3829_4",0.002489
"11367_4",0.040364
"8154_10",0.998094
"2754_2",0.003130
"2299_10",0.998272
"8868_1",0.001593
"4566_10",0.997002
"6688_1",0.002347
"2666_4",0.001926
"11892_10",0.998065
"2667_10",0.991102
"9244_9",0.995541
"12498_7",0.021212
"3493_9",0.996975
"7565_10",0.997233
"2916_7",0.997040
"12473_8",0.993303
"3142_9",0.997687
"3289_10",0.998129
"11159_10",0.996975
"8428_2",0.001698
"4152_8",0.983010
"10754_8",0.997449
"11718_1",0.002028
"5408_1",0.001684
"5686_8",0.997478
"7479_8",0.996742
"5160_10",0.981032
"3138_1",0.002074
"10343_9",0.998304
"9524_3",0.015204
"7794_1",0.001661
"5433_1",0.002405
"3380_8",0.997308
"7222_3",0.001734
"1751_4",0.996074
"3914_10",0.984728
"8022_3",0.003025
"3975_4",0.002677
"8177_1",0.002016
"5670_1",0.002120
"203_10",0.998284
"4315_2",0.220905
"8296_8",0.982698
"971_10",0.997887
"12018_1",0.002046
"3714_9",0.998109
"4342_2",0.006579
"4965_3",0.002325
"5126_8",0.996732
"10686_3",0.956104
"7290_10",0.998399
"8474_8",0.998082
"7633_2",0.005112
"2226_10",0.994685
"1436_9",0.897376
"813_10",0.997830
"11865_7",0.995530
"4937_9",0.998360
"4613_9",0.003739
"8129_9",0.996542
"2376_4",0.044669
"6861_1",0.001617
"9104_2",0.006906
"10590_3",0.001835
"11021_4",0.002171
"9480_10",0.996451
"12212_10",0.997096
"11766_7",0.998042
"5356_7",0.991117
"9572_7",0.997669
"3264_8",0.998394
"11794_1",0.001750
"11739_2",0.038048
"731_8",0.995902
"6278_9",0.988219
"625_10",0.998504
"7252_2",0.002419
"5171_10",0.998368
"9149_3",0.002805
"10780_3",0.002410
"1568_9",0.998084
"7291_9",0.998060
"2288_8",0.997355
"3126_9",0.995971
"3352_7",0.997022
"9455_1",0.001580
"1709_7",0.993910
"9309_2",0.001828
"994_3",0.002260
"4173_10",0.996005
"113_3",0.002933
"10472_10",0.996303
"7193_1",0.001630
"9978_3",0.003144
"783_8",0.995679
"7585_10",0.998015
"2135_9",0.101295
"10887_10",0.997998
"4075_2",0.002803
"10521_2",0.002054
"844_1",0.004632
"6691_3",0.002212
"3879_4",0.004477
"3511_1",0.001818
"332_1",0.042800
"7398_4",0.004122
"1845_1",0.002226
"3890_3",0.007205
"3781_9",0.997955
"3723_1",0.001625
"2908_1",0.001738
"7625_3",0.002447
"6310_10",0.997928
"9432_4",0.996282
"1820_10",0.998405
"6809_8",0.998347
"9911_1",0.001787
"12001_8",0.991322
"7266_7",0.998184
"263_10",0.998081
"2109_3",0.842914
"7293_4",0.991679
"8874_8",0.998023
"2143_4",0.977854
"4307_9",0.998285
"4176_1",0.001725
"8369_3",0.679845
"12317_1",0.001720
"1687_4",0.002050
"12082_1",0.002051
"3396_10",0.997687
"9129_9",0.997222
"10090_10",0.998046
"11841_1",0.004894
"12447_4",0.002349
"11624_10",0.997961
"8624_10",0.026098
"9290_1",0.002921
"1108_8",0.985595
"4300_10",0.998349
"2553_4",0.018618
"10550_8",0.950989
"8884_10",0.987334
"6760_2",0.002653
"1177_3",0.332306
"9939_2",0.989067
"2100_7",0.997533
"9677_1",0.003728
"2511_4",0.001704
"4115_8",0.997549
"437_9",0.997505
"6698_10",0.997872
"11049_9",0.996053
"10168_4",0.006687
"8071_8",0.996936
"12474_4",0.996017
"3775_10",0.997814
"7478_10",0.998345
"4312_8",0.994905
"3105_7",0.995957
"640_9",0.998155
"6891_1",0.001580
"1849_10",0.998371
"8528_7",0.994885
"9032_4",0.940792
"11743_9",0.998533
"2813_10",0.996753
"846_2",0.005954
"3695_4",0.970641
"5972_3",0.001884
"4831_1",0.001641
"11826_1",0.001842
"7684_10",0.995715
"7042_8",0.996938
"10247_10",0.998188
"6766_8",0.990495
"2091_2",0.010341
"5108_2",0.001801
"10644_1",0.003724
"5955_2",0.002734
"9451_10",0.997855
"11518_10",0.116074
"3871_1",0.001779
"5013_1",0.001649
"5056_4",0.269884
"3688_1",0.001627
"2325_2",0.011497
"6330_4",0.003673
"8783_1",0.001875
"3848_3",0.002185
"5901_10",0.995002
"10947_3",0.002401
"4590_10",0.997577
"4337_10",0.002643
"11029_3",0.004888
"10980_3",0.004349
"165_7",0.948235
"474_8",0.997856
"3175_8",0.997804
"11764_1",0.002122
"2164_7",0.809397
"8891_8",0.997572
"8294_9",0.997344
"6602_7",0.011679
"8187_8",0.995723
"2609_2",0.002697
"6506_8",0.997657
"2207_1",0.001702
"2467_9",0.998055
"7440_1",0.002529
"6417_8",0.817131
"12278_7",0.996757
"4495_3",0.317803
"8223_10",0.997056
"3659_4",0.960663
"1120_3",0.002081
"9713_3",0.023337
"808_10",0.997782
"11164_10",0.998181
"3536_10",0.997744
"10930_1",0.001966
"6868_4",0.002883
"2248_1",0.001961
"3624_4",0.011803
"1442_1",0.001647
"10167_4",0.003330
"10645_10",0.971223
"4414_1",0.483360
"6409_2",0.001780
"10486_1",0.002246
"2983_7",0.997841
"4985_4",0.003144
"3566_9",0.998170
"8340_4",0.071995
"10246_9",0.993636
"7380_1",0.294305
"12381_3",0.167570
"11723_4",0.001991
"7478_1",0.002856
"900_9",0.996783
"3364_2",0.002834
"6570_1",0.002667
"9309_8",0.997026
"6044_1",0.002237
"9261_2",0.001747
"5690_8",0.996876
"5326_2",0.002093
"11179_10",0.995042
"8908_1",0.001660
"10224_9",0.997538
"7318_10",0.998105
"11098_8",0.978746
"10120_1",0.001950
"4561_2",0.003539
"4409_3",0.003720
"4301_9",0.002449
"9254_3",0.002021
"10717_9",0.997536
"10619_2",0.041884
"5924_1",0.010522
"11657_10",0.998006
"6373_4",0.003482
"10469_10",0.994249
"5531_9",0.988134
"1089_10",0.997100
"5082_10",0.997944
"4267_1",0.001734
"3006_10",0.997469
"9318_3",0.002502
"11877_1",0.001932
"7274_1",0.002420
"12450_7",0.996045
"148_9",0.557262
"10353_10",0.080131
"1368_8",0.989664
"9408_7",0.991418
"5739_7",0.992852
"7036_10",0.998178
"11554_2",0.002467
"4601_9",0.997700
"10376_3",0.566565
"2486_8",0.997842
"5745_4",0.002710
"873_3",0.002820
"7009_1",0.002804
"542_7",0.996066
"12008_8",0.998352
"8040_8",0.997959
"4048_2",0.002028
"4895_10",0.997357
"11789_9",0.997512
"5084_7",0.992569
"9207_10",0.997659
"923_4",0.005531
"106_3",0.898810
"1125_1",0.001720
"839_10",0.996978
"5285_10",0.997212
"7444_7",0.970716
"1566_8",0.997914
"3285_1",0.001877
"6203_2",0.002508
"11147_3",0.002533
"11152_3",0.001783
"3335_9",0.996619
"6689_1",0.001606
"6557_7",0.997885
"3362_10",0.997784
"101_3",0.269811
"10692_4",0.001906
"4462_7",0.996538
"265_1",0.002355
"1369_3",0.091689
"9112_10",0.996410
"7870_1",0.001605
"6102_10",0.997988
"3973_10",0.996768
"8232_1",0.002114
"3177_10",0.996869
"11598_10",0.023202
"882_2",0.256873
"5660_10",0.998235
"1685_10",0.998085
"2064_1",0.002032
"2296_9",0.997274
"3648_10",0.995295
"5486_4",0.004555
"2496_8",0.997557
"9579_10",0.947981
"10776_10",0.997775
"5889_10",0.992597
"8292_1",0.003250
"10547_3",0.001841
"10415_7",0.988786
"10741_1",0.002139
"10196_1",0.001758
"12155_2",0.002128
"2224_3",0.005526
"10356_7",0.114450
"7202_1",0.001487
"11973_10",0.992844
"1792_8",0.995571
"7894_9",0.997573
"11413_1",0.019451
"10596_10",0.997366
"2462_2",0.578382
"9451_1",0.001570
"2895_1",0.002688
"2513_4",0.009855
"11950_7",0.993554
"10566_9",0.997599
"2209_4",0.950385
"9292_4",0.115287
"5575_8",0.997798
"1688_4",0.002761
"440_8",0.997604
"6324_10",0.998112
"8296_2",0.002658
"9460_1",0.002540
"3992_8",0.998165
"11425_10",0.997974
"147_4",0.006041
"2897_4",0.900905
"6214_4",0.004349
"11157_4",0.003873
"4204_8",0.997527
"7255_2",0.007436
"8435_1",0.002795
"11354_2",0.002199
"2136_9",0.994705
"295_1",0.009001
"335_10",0.998284
"8791_4",0.042919
"2817_1",0.001786
"1629_8",0.981361
"6826_3",0.002952
"5550_8",0.997996
"3572_10",0.997947
"4543_10",0.997781
"2789_1",0.002032
"12288_7",0.995360
"9769_9",0.997695
"1257_1",0.006153
"6180_10",0.996216
"8881_8",0.996820
"7075_10",0.997602
"10254_1",0.001966
"12214_10",0.995705
"829_10",0.997455
"5633_8",0.995361
"6202_7",0.010693
"4843_10",0.998403
"7564_8",0.998356
"3539_4",0.185860
"9634_9",0.997245
"7578_9",0.998240
"6642_9",0.998235
"3438_8",0.990112
"11407_4",0.012473
"9891_1",0.001898
"3875_4",0.003349
"6447_2",0.002482
"5027_8",0.997614
"11415_7",0.996840
"7762_9",0.004753
"7263_10",0.997971
"6556_1",0.004146
"5491_10",0.998273
"3418_8",0.993555
"4137_1",0.002513
"5519_7",0.997314
"3435_9",0.995771
"10199_10",0.977634
"5212_4",0.018287
"11891_10",0.998204
"4989_7",0.005185
"2883_3",0.006096
"9154_2",0.025874
"8384_10",0.996082
"4082_10",0.996984
"4334_2",0.002344
"5652_10",0.995684
"4544_2",0.003469
"4987_8",0.997942
"9648_3",0.001805
"10755_4",0.531206
"4386_1",0.002014
"4619_4",0.005372
"5860_7",0.987970
"11492_1",0.002162
"2126_9",0.997790
"8355_7",0.997724
"6560_10",0.998177
"4026_9",0.998095
"4019_7",0.987739
"455_10",0.998011
"6637_1",0.998175
"7490_3",0.014536
"10533_10",0.967197
"7417_7",0.964322
"3392_2",0.002309
"460_1",0.006843
"5364_10",0.998617
"234_7",0.998264
"709_4",0.007518
"2753_9",0.996301
"9434_10",0.987662
"2835_7",0.996455
"6849_1",0.001888
"11186_3",0.002215
"10902_8",0.996908
"2617_2",0.001606
"7423_9",0.995564
"4699_1",0.002886
"12312_10",0.997846
"6185_4",0.452682
"3742_3",0.002290
"1314_8",0.996101
"7985_1",0.979843
"3669_4",0.002939
"2791_8",0.995852
"2295_8",0.998364
"12111_1",0.001858
"11827_10",0.998340
"10191_1",0.003577
"5264_2",0.024239
"11002_8",0.998270
"12423_2",0.001723
"3551_7",0.993098
"10804_3",0.941802
"3670_4",0.003411
"8408_10",0.997787
"1307_10",0.997399
"10906_10",0.992036
"4039_2",0.001614
"1010_9",0.997889
"8764_1",0.003377
"10894_10",0.997900
"1249_1",0.001726
"1844_9",0.998267
"3252_9",0.997847
"12272_1",0.002536
"5599_10",0.998367
"6265_8",0.998132
"4497_4",0.003971
"3925_2",0.001910
"7935_9",0.994926
"12146_1",0.001653
"2345_3",0.006721
"11171_10",0.998447
"6726_1",0.001566
"11129_9",0.995206
"616_10",0.997928
"11349_3",0.003042
"2485_10",0.998086
"3212_4",0.003622
"5578_10",0.998486
"2252_9",0.998016
"11643_3",0.003903
"12081_4",0.003821
"4104_10",0.997791
"4504_7",0.994111
"6354_10",0.996903
"12118_8",0.997625
"9680_10",0.995304
"7173_10",0.997813
"1965_3",0.002162
"2674_7",0.946010
"1425_1",0.001839
"4017_8",0.998105
"3835_2",0.604179
"1335_4",0.035905
"627_1",0.003438
"8330_3",0.994619
"8907_1",0.001789
"11801_10",0.997829
"3231_1",0.001799
"860_4",0.015978
"2902_8",0.998189
"11550_4",0.373013
"4944_10",0.998092
"10190_10",0.431348
"4090_3",0.001833
"3863_1",0.001770
"3904_9",0.998270
"917_4",0.005444
"5540_2",0.002139
"9183_7",0.966613
"2570_4",0.002840
"11868_1",0.001859
"7438_3",0.003324
"10484_2",0.002942
"1988_8",0.998129
"46_2",0.034464
"6624_4",0.002537
"4666_7",0.983926
"11479_4",0.002884
"308_1",0.001558
"5400_9",0.996547
"5258_1",0.001821
"432_3",0.001696
"7245_1",0.001703
"7082_1",0.002043
"9698_10",0.988393
"1085_9",0.996399
"9999_10",0.998187
"4235_7",0.988999
"11603_10",0.996561
"4457_3",0.742984
"5022_8",0.997303
"12278_3",0.007469
"12076_2",0.002949
"7239_4",0.006159
"4691_10",0.997908
"9820_2",0.003061
"5932_1",0.003430
"10265_9",0.997849
"9247_2",0.001638
"4581_3",0.187769
"11060_7",0.988546
"10349_2",0.002502
"9821_3",0.017248
"3375_7",0.994041
"5515_10",0.997949
"3921_8",0.988628
"6671_8",0.997991
"7051_7",0.997630
"743_7",0.992821
"8230_3",0.023693
"11203_2",0.002521
"11616_1",0.002462
"8033_9",0.996703
"1472_10",0.995883
"1932_3",0.003034
"6827_2",0.001668
"6912_4",0.002673
"12024_1",0.001715
"10625_1",0.003113
"9528_10",0.998349
"6663_3",0.002744
"10727_1",0.002449
"6646_10",0.998204
"7632_7",0.997811
"8518_2",0.001846
"6398_9",0.997850
"488_8",0.996196
"4133_1",0.002255
"4128_10",0.997805
"5883_10",0.998122
"10240_1",0.001656
"8791_8",0.998361
"10917_8",0.997604
"9097_10",0.998221
"8438_1",0.001578
"7536_1",0.003831
"7542_3",0.192205
"3928_7",0.995047
"12477_2",0.003383
"9157_3",0.002788
"2694_2",0.995961
"3632_3",0.049684
"7169_10",0.997432
"6931_7",0.026737
"11474_10",0.998304
"2252_1",0.002031
"1261_7",0.447132
"523_9",0.824711
"12233_2",0.001523
"4731_9",0.995478
"12376_10",0.970708
"11834_4",0.010468
"7063_9",0.993393
"5289_1",0.002338
"9632_3",0.003675
"11086_1",0.001706
"8224_10",0.998099
"8013_3",0.975509
"8003_3",0.001687
"2281_8",0.994281
"4643_7",0.992352
"7942_3",0.002194
"11067_2",0.001929
"5577_1",0.001815
"5796_1",0.001640
"11514_1",0.002086
"1867_1",0.002523
"4804_2",0.001917
"4547_1",0.001518
"6391_7",0.989495
"6260_9",0.998218
"5355_10",0.892167
"12358_4",0.894945
"860_7",0.998054
"3768_1",0.161807
"8742_3",0.989184
"10786_4",0.003215
"5337_3",0.003196
"11260_10",0.995112
"7364_1",0.003255
"4434_2",0.002340
"10604_8",0.996736
"9587_7",0.049508
"738_1",0.008843
"3757_8",0.998045
"6970_10",0.997037
"6194_1",0.003443
"4559_10",0.267608
"2334_3",0.003421
"10636_3",0.004267
"4192_1",0.001645
"1579_4",0.043078
"7168_10",0.997993
"3789_9",0.983879
"5617_7",0.995082
"5757_8",0.998093
"1431_7",0.004652
"6130_4",0.005110
"12092_3",0.070337
"7918_3",0.004056
"5386_10",0.997140
"2794_9",0.993402
"2394_2",0.002449
"10690_7",0.998420
"6406_4",0.002269
"12288_2",0.001858
"7405_4",0.498200
"6153_10",0.004753
"5577_9",0.998100
"1462_1",0.002428
"7732_9",0.996805
"9046_10",0.998186
"11086_8",0.996889
"1426_7",0.995866
"12174_10",0.997151
"5537_1",0.001514
"11746_1",0.001894
"12203_10",0.998189
"11585_7",0.996909
"9765_1",0.001998
"6295_8",0.997494
"3991_4",0.010586
"11134_10",0.996133
"12379_7",0.988400
"7316_2",0.003520
"6955_4",0.004059
"8092_7",0.998134
"9788_1",0.001563
"9494_1",0.001743
"721_10",0.998095
"1250_9",0.998491
"3204_2",0.002915
"6539_9",0.997017
"7944_1",0.001965
"8632_8",0.997239
"2787_10",0.998323
"11497_1",0.002298
"8577_9",0.998033
"2717_8",0.993511
"3251_8",0.997554
"11714_7",0.996978
"3868_7",0.997990
"7394_1",0.617277
"481_7",0.993085
"5237_2",0.002203
"11148_9",0.996825
"11946_7",0.997574
"7301_1",0.002145
"384_9",0.996810
"8535_2",0.002287
"8067_8",0.997034
"8452_2",0.001958
"7361_1",0.001507
"4017_3",0.002836
"6304_9",0.997757
"7326_10",0.998183
"399_1",0.002109
"9003_1",0.001735
"11314_8",0.361080
"4909_10",0.997200
"10463_10",0.998058
"7355_2",0.007368
"3553_2",0.010638
"4404_10",0.997957
"9304_1",0.001912
"7903_1",0.001720
"4429_3",0.004617
"6287_7",0.994296
"10461_1",0.001744
"668_10",0.942484
"7560_10",0.998238
"2785_1",0.001545
"2801_10",0.998074
"4318_9",0.997979
"244_9",0.997833
"12435_2",0.002179
"2788_9",0.997967
"2537_7",0.966405
"928_1",0.001772
"3312_7",0.998039
"12147_10",0.998446
"5414_9",0.996941
"9871_1",0.001645
"1308_8",0.997771
"7668_1",0.002068
"5571_10",0.997747
"2052_10",0.998043
"7089_9",0.997571
"6411_2",0.003526
"8514_1",0.001988
"5921_10",0.998201
"3264_1",0.001600
"319_1",0.004172
"3433_10",0.998169
"1610_8",0.997969
"8002_3",0.001925
"8099_9",0.988196
"5418_1",0.002175
"6247_3",0.009177
"5153_8",0.996739
"12201_1",0.002063
"8900_1",0.003035
"10908_2",0.003975
"598_1",0.005922
"10590_9",0.991566
"6706_10",0.998165
"12299_9",0.997146
"2159_7",0.983389
"186_1",0.001557
"3008_8",0.997129
"831_7",0.997772
"2717_3",0.005251
"5174_10",0.998370
"3088_3",0.004327
"6262_8",0.995517
"12303_1",0.002283
"9904_8",0.998136
"10097_10",0.998125
"6242_8",0.997147
"9653_10",0.998376
"12499_1",0.002175
"894_1",0.939640
"8935_7",0.997002
"3184_2",0.004157
"2226_4",0.004173
"592_10",0.998114
"2173_8",0.998458
"10967_2",0.001867
"3332_3",0.013408
"1074_2",0.005352
"2396_4",0.001865
"2627_4",0.979931
"5982_9",0.998281
"1386_1",0.001816
"7325_4",0.957301
"112_2",0.002652
"8856_10",0.997372
"1948_1",0.002476
"5791_4",0.023028
"1007_9",0.998173
"3758_3",0.002006
"6455_2",0.001666
"6464_9",0.998495
"5403_10",0.998231
"7076_10",0.998212
"6123_3",0.002739
"2832_7",0.997566
"9287_10",0.998276
"3665_10",0.997376
"4488_4",0.003911
"5861_1",0.001662
"2222_10",0.997828
"9608_1",0.002379
"6225_4",0.002312
"5643_3",0.006443
"8720_7",0.239324
"4955_7",0.997586
"6839_1",0.001779
"7396_1",0.002635
"6234_8",0.996041
"10423_1",0.004182
"2158_1",0.001629
"6929_8",0.997669
"7593_3",0.821624
"636_1",0.001557
"2747_7",0.964935
"7398_10",0.997695
"6852_4",0.002761
"9938_3",0.001649
"3989_3",0.988500
"1104_9",0.932411
"5897_3",0.002350
"5254_3",0.001821
"4824_1",0.006516
"10945_8",0.980716
"11486_8",0.997731
"2542_1",0.002024
"1824_10",0.998189
"10181_2",0.001982
"2492_9",0.995244
"8111_1",0.002451
"5844_9",0.998325
"1369_7",0.003352
"10775_4",0.002532
"9617_9",0.988936
"4709_1",0.002023
"7043_2",0.003672
"5166_10",0.997505
"1604_8",0.998080
"8576_8",0.997736
"1916_7",0.973003
"10286_10",0.996822
"10241_1",0.001959
"12441_9",0.998197
"4529_1",0.002587
"1553_3",0.004175
"3985_4",0.010439
"5542_8",0.996234
"10857_9",0.996700
"7600_1",0.002067
"12095_9",0.997236
"3134_10",0.998232
"9472_3",0.045700
"1058_10",0.998249
"7328_9",0.998151
"3865_3",0.002704
"7409_3",0.002412
"4795_1",0.001687
"11596_10",0.997037
"3758_8",0.962637
"5099_4",0.003663
"7707_10",0.997565
"1412_3",0.002637
"4720_10",0.998541
"978_7",0.997464
"6165_8",0.997886
"1307_1",0.001762
"2322_7",0.994373
"5328_10",0.992112
"11934_8",0.997675
"1940_3",0.004328
"6270_10",0.002673
"5262_8",0.998190
"4068_9",0.998266
"1208_3",0.893376
"10220_3",0.003655
"5091_1",0.002079
"2738_1",0.001688
"8909_3",0.012190
"932_2",0.416749
"863_10",0.996316
"454_1",0.003245
"10525_4",0.002561
"175_4",0.035497
"4551_1",0.001809
"5666_1",0.001719
"4324_10",0.997344
"8189_1",0.005372
"12064_10",0.994985
"8622_10",0.993236
"1115_9",0.775743
"9593_1",0.002592
"5579_10",0.997853
"3467_1",0.005833
"11409_1",0.001789
"8682_1",0.002374
"7866_1",0.001996
"6111_8",0.962082
"524_9",0.998080
"9837_7",0.996744
"2215_1",0.003326
"6840_10",0.997167
"7384_8",0.998309
"6353_7",0.992583
"8650_3",0.758989
"1890_10",0.996786
"10402_8",0.996876
"3770_4",0.002462
"3086_1",0.001830
"1487_3",0.005225
"2995_10",0.998105
"2356_7",0.983522
"5320_10",0.994508
"3235_1",0.001663
"6802_1",0.002298
"11329_9",0.940997
"1143_8",0.995703
"5768_3",0.968071
"8004_1",0.002031
"5453_3",0.016520
"11288_10",0.079736
"3278_10",0.997540
"11856_7",0.991372
"12057_10",0.998061
"1825_4",0.002067
"3319_10",0.998207
"5956_7",0.997517
"4875_10",0.994050
"562_1",0.002872
"11359_8",0.993415
"12454_10",0.796747
"10621_2",0.002731
"10407_2",0.002173
"3532_2",0.002488
"10162_4",0.017473
"7084_4",0.014130
"167_10",0.993854
"3362_1",0.037688
"6370_10",0.998310
"2281_3",0.985172
"10454_1",0.001911
"12387_8",0.990063
"8375_8",0.967053
"9656_3",0.007495
"9387_1",0.002477
"4907_1",0.001925
"4697_9",0.998197
"4217_1",0.002012
"8860_10",0.993558
"7312_3",0.015664
"9326_10",0.997922
"3785_8",0.989285
"2255_1",0.003273
"9950_3",0.388738
"558_2",0.001755
"413_8",0.994608
"7837_9",0.995780
"9192_1",0.001980
"7_1",0.002004
"9674_1",0.001872
"9771_4",0.002203
"3331_10",0.993751
"11444_8",0.167382
"3009_7",0.997727
"5584_1",0.002065
"12044_10",0.998260
"5952_9",0.997534
"4989_2",0.001551
"5722_3",0.002775
"6207_4",0.004451
"7646_1",0.001822
"1811_3",0.002459
"1197_3",0.002353
"709_9",0.998415
"8554_9",0.997604
"1706_9",0.952524
"10060_10",0.998165
"6818_1",0.002006
"7255_9",0.997528
"3790_7",0.996092
"7833_9",0.003044
"7448_4",0.003628
"3456_1",0.003169
"3881_3",0.001665
"11049_1",0.003190
"1269_1",0.003295
"7803_10",0.998136
"1413_9",0.982598
"1289_8",0.998295
"3967_9",0.995689
"7533_10",0.997748
"5372_8",0.996283
"1518_1",0.002142
"10752_3",0.961642
"4863_3",0.001688
"699_1",0.001600
"11537_3",0.013006
"9241_7",0.997097
"876_3",0.669838
"11234_4",0.827938
"5942_4",0.982495
"1778_10",0.994360
"2631_9",0.163129
"7425_9",0.997612
"3410_10",0.998357
"9155_10",0.997309
"4396_10",0.998147
"8894_7",0.998096
"6034_10",0.991937
"12105_1",0.002268
"11645_7",0.995426
"1821_4",0.076994
"9028_7",0.981814
"4670_7",0.992039
"4720_3",0.002324
"10001_1",0.001848
"8363_2",0.001737
"5681_9",0.997688
"8165_10",0.997737
"11961_2",0.001655
"406_1",0.001679
"8313_1",0.001564
"11945_7",0.325626
"9454_9",0.995446
"9523_10",0.997162
"10516_10",0.997862
"6036_3",0.010131
"5046_1",0.001856
"9019_9",0.993535
"5471_10",0.997538
"11862_7",0.002220
"651_1",0.330006
"3131_9",0.997755
"9912_1",0.001813
"6231_2",0.002493
"5523_2",0.491960
"1817_1",0.004221
"8880_7",0.998086
"6080_4",0.003010
"9940_1",0.997786
"3409_4",0.041638
"3713_4",0.012933
"3447_3",0.032095
"3460_8",0.998275
"9397_10",0.997910
"5528_8",0.992906
"7658_10",0.998391
"5893_10",0.998272
"1646_1",0.001845
"9620_7",0.069675
"66_3",0.995473
"1691_10",0.998145
"4311_7",0.981137
"12091_1",0.002054
"5391_1",0.001844
"576_4",0.002570
"4734_9",0.081836
"6008_10",0.997276
"8527_7",0.989771
"6048_10",0.981740
"5102_10",0.998409
"6794_10",0.997746
"3473_3",0.002512
"2025_9",0.997813
"9728_2",0.015197
"10704_10",0.997485
"9094_4",0.994756
"7838_9",0.998204
"5779_1",0.001692
"5342_4",0.425539
"9291_10",0.998088
"7028_2",0.007116
"1331_9",0.923629
"9913_8",0.995216
"10250_10",0.997621
"9227_8",0.997200
"6278_4",0.010389
"2302_1",0.006645
"7000_2",0.002263
"416_2",0.002612
"6846_1",0.001857
"3253_9",0.998368
"1712_1",0.001709
"9720_10",0.994225
"769_9",0.998327
"6635_10",0.997908
"1421_10",0.682019
"6803_1",0.001952
"4290_4",0.005875
"2465_7",0.996736
"70_8",0.997979
"5176_10",0.998201
"305_2",0.003004
"11094_3",0.003334
"1109_10",0.997895
"95_3",0.883388
"2378_10",0.997867
"3270_3",0.002270
"6999_4",0.961940
"7594_8",0.617002
"9549_10",0.996995
"8263_4",0.023925
"10379_9",0.997384
"11187_1",0.518662
"2278_3",0.007646
"11180_4",0.012309
"745_10",0.997467
"9794_4",0.026452
"6565_1",0.002293
"9608_8",0.997633
"12222_1",0.001636
"9330_9",0.993122
"3611_9",0.998343
"1775_4",0.010533
"3635_1",0.003758
"3893_1",0.001998
"2802_1",0.003561
"2481_10",0.580299
"1540_3",0.832728
"2205_4",0.002934
"10970_7",0.994231
"8287_2",0.001623
"484_1",0.001905
"249_2",0.003312
"12073_10",0.997959
"1443_7",0.996223
"4985_7",0.995934
"12247_1",0.006029
"3170_3",0.002056
"2900_10",0.998207
"1930_9",0.997864
"12309_10",0.997973
"10720_8",0.998061
"5260_4",0.003901
"5212_8",0.998066
"3872_10",0.996709
"9705_1",0.002450
"10367_8",0.997718
"10063_10",0.998446
"9682_1",0.006296
"7356_8",0.993695
"6045_7",0.987317
"3181_10",0.997802
"7212_9",0.992564
"8801_9",0.997933
"2910_3",0.008053
"5031_7",0.998371
"1416_1",0.001882
"8903_10",0.998188
"10620_4",0.002536
"8957_1",0.001924
"3374_1",0.002920
"9196_1",0.002543
"5167_10",0.997555
"10900_1",0.005801
"5405_2",0.002184
"1546_1",0.089691
"12331_4",0.005855
"4733_9",0.998083
"6682_10",0.997953
"1356_8",0.996324
"2301_2",0.001566
"11565_7",0.989868
"8731_7",0.995213
"1638_10",0.998358
"7280_3",0.012208
"51_4",0.003294
"355_4",0.022792
"485_10",0.997961
"554_4",0.002666
"8059_3",0.002361
"3645_4",0.033086
"7332_7",0.997739
"10877_2",0.002132
"10837_1",0.001446
"6273_10",0.998040
"11773_2",0.002614
"744_1",0.002214
"9762_8",0.998423
"831_4",0.005789
"4450_3",0.002399
"5338_4",0.001932
"6741_2",0.003125
"5962_9",0.991950
"10363_3",0.008984
"9063_10",0.998251
"2739_1",0.002729
"5920_2",0.001737
"5200_9",0.997813
"6498_10",0.998063
"591_1",0.008700
"8010_9",0.997799
"369_8",0.997628
"9971_9",0.998372
"11735_8",0.996538
"11278_10",0.996967
"1464_9",0.986373
"3787_8",0.994708
"10097_2",0.002631
"3728_8",0.998102
"9996_2",0.002650
"8676_10",0.992453
"9718_4",0.001961
"9280_7",0.994236
"8343_4",0.004819
"3505_1",0.002654
"8863_10",0.998263
"5682_10",0.942722
"4704_2",0.101216
"11106_7",0.980944
"10541_2",0.503662
"6601_9",0.998062
"11387_10",0.995674
"8864_10",0.997061
"7139_4",0.008649
"10068_8",0.940168
"2572_1",0.001761
"3819_10",0.997759
"11954_1",0.001511
"2525_4",0.007294
"12440_7",0.997376
"1489_10",0.997940
"12422_7",0.971156
"5463_10",0.995390
"5684_1",0.001580
"30_9",0.998157
"1255_8",0.998345
"3993_4",0.003267
"10386_7",0.008898
"10111_10",0.995739
"2915_9",0.061707
"4621_1",0.002562
"3671_9",0.997810
"1069_4",0.006277
"2060_10",0.996587
"3788_2",0.004568
"3_7",0.983057
"7722_1",0.001652
"9601_1",0.001699
"3294_3",0.002968
"4361_1",0.002000
"6626_7",0.979214
"5799_10",0.988629
"332_10",0.998461
"4320_4",0.005386
"4545_9",0.998101
"6029_1",0.001666
"6329_1",0.109728
"5586_1",0.001845
"9401_1",0.003057
"7087_10",0.995913
"5200_1",0.002213
"9707_7",0.003273
"5006_10",0.007836
"4702_4",0.014668
"11207_10",0.996357
"3593_1",0.002514
"3050_3",0.590885
"6036_7",0.058100
"2221_2",0.004156
"6895_1",0.005750
"5678_10",0.998026
"8395_10",0.998208
"8193_1",0.001781
"11689_4",0.001852
"10207_10",0.997781
"5028_4",0.002663
"26_3",0.004289
"11774_10",0.997162
"59_3",0.001819
"7339_4",0.006659
"2141_7",0.173300
"10647_10",0.998078
"7703_8",0.981793
"5904_10",0.997713
"11952_7",0.992238
"6355_1",0.001857
"7465_1",0.002053
"1244_9",0.997616
"5129_9",0.998042
"4015_10",0.998116
"435_1",0.001843
"8974_3",0.030414
"2294_2",0.004091
"5028_8",0.996552
"3850_1",0.001671
"3162_10",0.996594
"7690_10",0.995874
"10957_1",0.008280
"8809_10",0.994418
"8509_2",0.006315
"2314_1",0.001810
"2587_9",0.997902
"6823_8",0.998428
"9761_2",0.002788
"2699_4",0.022641
"10291_3",0.003334
"3015_7",0.998008
"10059_10",0.997640
"8018_1",0.002379
"9487_1",0.003771
"12074_4",0.002648
"2051_1",0.002344
"3997_1",0.002011
"9323_2",0.195968
"10231_9",0.997585
"10129_2",0.001757
"1491_10",0.997097
"5601_10",0.996040
"6980_9",0.997629
"8952_1",0.001833
"12021_1",0.002347
"11719_1",0.001663
"4620_8",0.936490
"9819_4",0.745008
"1682_2",0.519461
"5635_4",0.008852
"4634_10",0.997808
"8725_8",0.995684
"9919_9",0.997150
"5839_9",0.969286
"10643_1",0.002682
"4447_9",0.994285
"7614_7",0.815802
"441_4",0.027413
"1713_1",0.001711
"507_7",0.997362
"6592_1",0.004833
"6378_9",0.998062
"10206_4",0.359392
"11627_8",0.130678
"11991_4",0.845971
"5759_3",0.001678
"2655_3",0.003715
"8628_7",0.997470
"12364_2",0.002647
"11107_7",0.958273
"3166_2",0.002797
"4168_1",0.004109
"10876_7",0.976608
"5609_10",0.993901
"600_8",0.997480
"7243_2",0.002606
"7300_9",0.996372
"9144_10",0.984282
"4539_3",0.064538
"8007_10",0.995838
"8486_1",0.001824
"6213_2",0.002214
"4742_10",0.995565
"1421_1",0.001922
"4061_9",0.996120
"10451_7",0.993588
"1062_8",0.994748
"12281_1",0.001998
"5994_3",0.001964
"10055_10",0.996832
"2602_1",0.007557
"11107_4",0.002555
"4007_3",0.031116
"10444_9",0.998360
"1635_7",0.113386
"12049_8",0.997615
"3988_3",0.093703
"12414_8",0.993403
"7074_1",0.001789
"11854_7",0.994963
"2445_8",0.998188
"2187_9",0.995042
"11675_10",0.689087
"5648_1",0.001919
"1614_4",0.017670
"9395_2",0.001636
"5372_1",0.002127
"12082_10",0.998148
"12029_10",0.995958
"983_4",0.536571
"11356_3",0.035128
"4254_10",0.995245
"6017_4",0.621911
"2330_10",0.766510
"1089_1",0.002064
"8017_3",0.002729
"5248_1",0.546699
"9041_8",0.997140
"3855_1",0.001898
"10976_1",0.001953
"7926_4",0.020804
"7758_4",0.002554
"8081_7",0.992562
"9267_4",0.994066
"6381_9",0.997077
"6172_4",0.504177
"12411_8",0.997892
"5216_10",0.998064
"10999_8",0.995090
"2460_1",0.003421
"7815_7",0.995332
"8586_7",0.973056
"21_1",0.002408
"2467_1",0.001586
"7979_8",0.997185
"3744_7",0.994471
"7205_1",0.001669
"6862_7",0.992348
"12031_10",0.997858
"12458_1",0.001787
"10410_1",0.001775
"2624_10",0.996771
"12083_1",0.002278
"47_2",0.002695
"676_7",0.997662
"5425_10",0.995779
"1899_2",0.002054
"9666_1",0.001777
"3151_10",0.998297
"1745_8",0.276263
"7646_8",0.993481
"10011_9",0.998168
"10061_10",0.998408
"6792_9",0.998453
"5150_3",0.002617
"593_10",0.996939
"6170_4",0.995786
"2029_2",0.001692
"3026_4",0.005136
"1086_10",0.998154
"1594_8",0.998208
"227_1",0.001777
"5932_7",0.964790
"2681_1",0.010586
"4270_10",0.997576
"10065_1",0.001845
"6640_9",0.998149
"1160_10",0.998089
"3078_1",0.008993
"1546_7",0.997747
"12315_1",0.001773
"8699_1",0.002833
"11438_4",0.002070
"2034_7",0.993983
"7899_1",0.002693
"1006_3",0.001916
"3732_7",0.026015
"11094_7",0.915797
"1477_4",0.008451
"8912_10",0.997606
"8140_4",0.996708
"7542_9",0.998099
"2556_1",0.989458
"10075_10",0.998270
"12212_2",0.008906
"218_10",0.991010
"8385_1",0.001946
"5716_2",0.001869
"11655_10",0.997179
"6235_1",0.001826
"2823_10",0.609818
"7094_2",0.214424
"465_10",0.998498
"4968_4",0.001948
"222_10",0.996589
"464_4",0.002791
"2593_10",0.997242
"11946_3",0.002403
"6083_1",0.002153
"8158_3",0.002951
"2646_3",0.002946
"8282_4",0.005041
"12482_2",0.001709
"1020_7",0.087588
"7554_10",0.998546
"4492_2",0.002491
"4468_4",0.002339
"7365_8",0.997557
"9777_9",0.997721
"9505_3",0.009143
"10546_1",0.004244
"2179_7",0.992092
"9325_9",0.995587
"9042_10",0.998241
"7631_2",0.002227
"1583_2",0.003276
"10449_2",0.002888
"8021_9",0.998071
"9282_9",0.998138
"5261_9",0.997339
"9127_8",0.997731
"6408_2",0.005588
"7306_1",0.001794
"2955_4",0.002624
"6401_10",0.994570
"278_10",0.998391
"1954_8",0.020353
"2592_8",0.996599
"2040_10",0.998096
"4779_10",0.997427
"7274_8",0.995871
"8094_2",0.003239
"9359_9",0.988637
"10732_10",0.997100
"7824_7",0.992542
"493_7",0.995663
"2458_2",0.009329
"67_3",0.002432
"1495_1",0.002284
"2984_1",0.003120
"9979_4",0.007669
"2790_1",0.003637
"8948_1",0.002002
"4249_1",0.857206
"5994_10",0.998193
"5119_2",0.001966
"6539_2",0.001576
"12006_2",0.002614
"555_4",0.002545
"9508_9",0.993944
"2282_2",0.002095
"4119_7",0.996272
"1224_8",0.997751
"492_10",0.998084
"7062_9",0.800401
"6663_10",0.998136
"9410_8",0.997931
"6033_8",0.997549
"4704_9",0.998473
"1347_3",0.003302
"6920_7",0.998172
"7736_1",0.004914
"2884_3",0.003627
"1870_2",0.004540
"4058_3",0.002185
"3089_8",0.997624
"932_9",0.997869
"5666_10",0.998238
"5770_1",0.002139
"10982_10",0.997442
"5977_1",0.002582
"7678_2",0.004636
"7788_10",0.997789
"6328_1",0.002204
"5806_10",0.998232
"595_1",0.005134
"8235_7",0.996772
"10822_2",0.001904
"12353_7",0.768843
"5381_1",0.004058
"504_8",0.995784
"4876_10",0.997479
"5244_10",0.997773
"12010_8",0.997176
"7263_2",0.429047
"10315_10",0.998061
"9967_1",0.001633
"126_10",0.994979
"3861_1",0.001536
"10221_8",0.992461
"7844_3",0.905278
"10976_8",0.996756
"9372_8",0.988972
"5633_2",0.001841
"3833_4",0.002497
"5256_8",0.997734
"8840_1",0.002013
"2122_10",0.998203
"4607_4",0.002286
"12025_9",0.993938
"10884_9",0.991497
"2473_10",0.973108
"12330_8",0.934626
"6997_3",0.002593
"4505_9",0.997593
"1302_8",0.997523
"4382_3",0.003627
"9645_8",0.993304
"4138_2",0.002459
"2419_1",0.002783
"3059_8",0.996956
"8239_9",0.998320
"105_3",0.003338
"1129_9",0.996576
"9065_10",0.998154
"3249_1",0.001655
"4864_8",0.995011
"11748_8",0.998100
"561_10",0.998341
"1261_1",0.002604
"10944_1",0.001978
"11503_1",0.008088
"8089_9",0.997373
"3224_10",0.998061
"4550_3",0.976461
"8097_7",0.992292
"11042_1",0.003176
"4590_3",0.002970
"10838_8",0.993841
"5500_3",0.005233
"6779_10",0.997398
"7489_2",0.001553
"4145_8",0.997484
"2477_2",0.967686
"11428_7",0.222142
"5178_8",0.995765
"1604_1",0.001922
"2269_7",0.994295
"683_2",0.003920
"12373_10",0.998300
"12362_10",0.996050
"1486_9",0.970879
"4922_1",0.001648
"5689_8",0.858345
"11287_9",0.984757
"4578_4",0.002615
"361_1",0.008224
"6750_4",0.991661
"10004_9",0.997468
"3649_9",0.996439
"12485_8",0.998053
"4867_10",0.997966
"10463_2",0.002871
"8449_9",0.998129
"10573_10",0.998419
"12488_3",0.002450
"1649_2",0.002187
"12064_1",0.007323
"4892_10",0.998262
"8877_3",0.003845
"11816_9",0.998112
"10235_10",0.997150
"8204_7",0.989580
"8608_10",0.996072
"475_10",0.998328
"10150_8",0.997661
"4661_10",0.329954
"434_8",0.997035
"10121_10",0.998004
"438_9",0.996749
"2866_1",0.004866
"10667_2",0.003624
"9575_8",0.997767
"910_10",0.998546
"1631_7",0.996360
"10585_3",0.010920
"1060_8",0.997523
"8817_1",0.004268
"10511_10",0.998370
"11854_2",0.005091
"4429_7",0.997460
"7462_4",0.002738
"7668_10",0.997814
"6258_8",0.995021
"12481_1",0.002051
"3948_7",0.982195
"624_10",0.997215
"6418_8",0.998288
"4211_7",0.970931
"10606_1",0.001911
"3052_1",0.001666
"12091_8",0.998455
"5559_10",0.997973
"6462_8",0.998217
"6215_1",0.003460
"10996_1",0.001880
"1139_10",0.992062
"11400_8",0.995661
"10075_3",0.002657
"9034_4",0.007587
"8963_7",0.996045
"622_10",0.998191
"4570_3",0.120749
"12242_2",0.001941
"10595_1",0.002661
"5524_1",0.006032
"10074_3",0.378108
"10761_4",0.898520
"5215_1",0.001747
"7480_8",0.995839
"3940_4",0.147942
"375_10",0.027523
"11998_3",0.002633
"11759_10",0.998227
"12180_7",0.993897
"9000_2",0.107092
"4251_3",0.020182
"7944_10",0.997857
"12444_1",0.007892
"7400_1",0.002061
"4122_8",0.998046
"8849_10",0.998313
"5656_4",0.010890
"4091_7",0.998022
"8699_10",0.997898
"8750_9",0.997462
"3813_10",0.998046
"1836_4",0.052994
"1644_9",0.997759
"5764_10",0.996769
"1328_1",0.024202
"2332_2",0.475314
"1851_1",0.001918
"9281_2",0.002264
"9870_1",0.001911
"3201_1",0.001705
"9589_10",0.008886
"3137_1",0.002594
"10655_10",0.997293
"10722_1",0.008599
"10338_9",0.997741
"2561_4",0.972115
"8646_8",0.966806
"10077_7",0.994860
"2091_10",0.997843
"12110_7",0.992765
"8961_4",0.002963
"10497_1",0.001577
"3909_3",0.006692
"2535_3",0.097344
"8969_3",0.918902
"160_10",0.998090
"10280_4",0.003349
"5117_1",0.002543
"2371_4",0.002675
"12014_10",0.997746
"8665_8",0.998392
"5386_3",0.001523
"1284_1",0.001623
"6541_7",0.864250
"6919_4",0.003525
"7066_10",0.997837
"1189_3",0.003288
"247_8",0.998240
"4144_8",0.996864
"1788_10",0.993359
"3875_9",0.997898
"9484_2",0.002285
"6650_1",0.003719
"526_3",0.004065
"10810_8",0.849982
"3361_2",0.002303
"3721_1",0.003890
"8024_2",0.002097
"11882_10",0.972276
"6015_1",0.001844
"10950_8",0.994389
"10595_10",0.997813
"6215_8",0.943725
"7506_1",0.001818
"9448_2",0.001955
"10267_4",0.018063
"1890_4",0.010746
"11388_1",0.001733
"4033_2",0.001485
"10188_1",0.002733
"3685_10",0.997156
"2329_10",0.995391
"2672_10",0.996857
"3356_10",0.987825
"7505_9",0.996176
"8789_7",0.989418
"4655_1",0.001704
"7490_7",0.994462
"10703_9",0.661989
"2088_9",0.997916
"5114_3",0.002150
"3317_8",0.007081
"2826_2",0.983793
"8346_8",0.216503
"2036_1",0.002144
"11081_2",0.001935
"5313_7",0.992184
"266_4",0.013969
"7378_7",0.943837
"7420_2",0.012853
"9637_8",0.998415
"8788_2",0.002953
"4953_2",0.002178
"8212_9",0.994350
"10437_9",0.997832
"9397_1",0.002257
"4598_10",0.996766
"2772_10",0.990018
"83_10",0.998225
"6217_1",0.001856
"11725_10",0.998158
"4380_9",0.998104
"2974_1",0.001788
"12363_7",0.998043
"3246_1",0.001822
"6087_9",0.998086
"3419_9",0.998253
"6587_9",0.996360
"2450_1",0.002451
"2475_10",0.998133
"11551_7",0.995638
"7614_4",0.002505
"10136_10",0.998239
"5844_3",0.002332
"7473_1",0.001735
"6772_4",0.022218
"6253_1",0.001723
"4036_10",0.996497
"11948_10",0.996756
"11435_9",0.998333
"6106_9",0.996502
"12271_1",0.003505
"12030_3",0.002851
"11640_3",0.001913
"5589_10",0.961148
"6352_1",0.994457
"2523_4",0.993802
"8198_8",0.997198
"7283_4",0.005104
"4330_3",0.008728
"7882_3",0.033874
"9815_8",0.998143
"1714_1",0.001755
"3836_1",0.002552
"8618_7",0.882599
"1759_3",0.007330
"9317_2",0.002158
"6186_4",0.007950
"3779_1",0.001769
"10096_9",0.998442
"3277_7",0.996096
"6023_10",0.998047
"4863_7",0.996495
"11194_2",0.002808
"11227_2",0.002025
"11983_1",0.002803
"337_9",0.997814
"11441_3",0.005916
"6668_1",0.001921
"4333_9",0.996897
"3773_8",0.996659
"5370_9",0.998060
"4959_10",0.036782
"9431_3",0.003953
"6834_3",0.002991
"9952_3",0.002234
"9810_1",0.002386
"697_4",0.008291
"4528_3",0.001979
"5817_1",0.001625
"9052_7",0.991072
"11494_8",0.997328
"4516_1",0.001627
"2810_9",0.997595
"1105_10",0.997405
"6873_2",0.002045
"8171_10",0.997573
"9568_10",0.996388
"879_10",0.998122
"8493_8",0.777574
"9437_10",0.996412
"3841_1",0.001958
"3852_7",0.862111
"7414_9",0.997955
"6048_1",0.001601
"2921_1",0.001739
"6752_1",0.001638
"7997_1",0.031931
"640_1",0.001624
"9576_3",0.006188
"4110_4",0.262398
"11407_7",0.992810
"410_10",0.998120
"11167_10",0.998083
"8383_10",0.994015
"392_7",0.994747
"1459_4",0.003616
"11929_10",0.997237
"12362_4",0.002738
"4046_2",0.001468
"2597_10",0.996741
"11246_4",0.002046
"8692_8",0.997718
"3986_9",0.997536
"391_1",0.002651
"2504_7",0.997509
"11644_10",0.998030
"1788_1",0.005049
"5286_1",0.001681
"3486_1",0.998155
"4486_7",0.860380
"4614_3",0.990754
"11360_4",0.001785
"2315_10",0.998378
"3637_10",0.993369
"6479_3",0.005187
"10306_8",0.997595
"2225_1",0.003400
"9688_3",0.001716
"8999_2",0.002307
"6793_1",0.001851
"1785_8",0.997212
"3902_1",0.002206
"3805_1",0.001546
"6867_8",0.989051
"761_2",0.017141
"9493_4",0.003429
"4805_4",0.997572
"583_8",0.996782
"9470_9",0.998020
"9859_8",0.932979
"6633_8",0.997221
"518_10",0.942058
"10730_1",0.003147
"1855_4",0.002510
"5191_8",0.946682
"9191_1",0.001882
"1113_3",0.004353
"2973_8",0.997103
"10712_1",0.002003
"7729_1",0.002861
"2730_1",0.002647
"10170_1",0.001635
"8238_10",0.998220
"9495_10",0.997954
"11652_1",0.005561
"4911_2",0.002812
"7514_1",0.001576
"8164_2",0.002550
"10389_7",0.961620
"7557_10",0.991515
"852_4",0.003669
"1584_1",0.008098
"2387_2",0.002848
"6073_4",0.002372
"7047_10",0.997309
"6338_7",0.997535
"1741_4",0.003375
"3697_1",0.005565
"5444_2",0.003106
"10082_1",0.003178
"6135_4",0.005823
"9242_8",0.997174
"7864_8",0.998432
"3466_2",0.002501
"9852_9",0.998103
"12390_7",0.007241
"5189_9",0.997959
"6771_9",0.997967
"223_3",0.993728
"8322_4",0.005424
"4465_8",0.997027
"6597_2",0.003658
"3477_8",0.997559
"4736_8",0.994404
"4581_8",0.998027
"5898_3",0.001931
"12335_7",0.989061
"7321_7",0.998221
"128_4",0.003227
"9116_3",0.102365
"9152_8",0.998216
"3613_3",0.008440
"1095_8",0.998390
"225_10",0.995994
"12445_10",0.996928
"596_1",0.002813
"6693_1",0.002813
"7535_4",0.992580
"3135_4",0.192521
"7435_2",0.002867
"758_3",0.001926
"11838_10",0.997994
"8539_2",0.001982
"671_8",0.989872
"53_4",0.010572
"8718_10",0.997799
"10447_7",0.997155
"86_10",0.994087
"7042_1",0.001596
"5821_3",0.002364
"4604_4",0.002478
"7906_2",0.001605
"11449_2",0.004279
"6505_8",0.998111
"8160_3",0.004501
"1054_9",0.998081
"6300_7",0.996111
"10058_8",0.997650
"3990_10",0.998323
"9233_4",0.003106
"9314_2",0.002287
"4213_10",0.995329
"3407_10",0.998374
"1982_1",0.003460
"9686_1",0.001942
"11246_10",0.025663
"617_4",0.374538
"12182_1",0.001649
"5687_1",0.024614
"1559_2",0.001774
"3596_7",0.997086
"4991_10",0.997728
"3315_8",0.996846
"1192_1",0.002155
"1454_8",0.997772
"9836_3",0.005247
"8088_4",0.002994
"1651_2",0.002314
"4641_10",0.996098
"10624_1",0.011798
"2902_2",0.971588
"10435_7",0.996972
"11623_2",0.001994
"1609_1",0.002089
"2623_1",0.001993
"4444_8",0.996849
"12412_3",0.002149
"8496_1",0.001837
"4279_8",0.994768
"9053_10",0.960847
"11747_3",0.012946
"9754_4",0.990432
"1795_2",0.004546
"6017_10",0.998153
"8964_7",0.996130
"1118_7",0.998327
"11564_7",0.993565
"9897_1",0.001947
"7731_1",0.001753
"7391_2",0.001570
"6670_7",0.997426
"8347_1",0.001964
"5000_4",0.001980
"3513_1",0.001627
"9427_4",0.273041
"6840_1",0.001752
"9217_9",0.998275
"5545_8",0.997765
"9858_10",0.998545
"1909_2",0.001983
"8416_10",0.997545
"11079_3",0.002794
"4638_4",0.790822
"324_10",0.997892
"9126_10",0.997966
"9069_7",0.997607
"10555_10",0.998106
"9626_8",0.995290
"6629_10",0.998211
"8419_10",0.998280
"5437_8",0.002322
"2463_10",0.998061
"10540_1",0.004267
"10579_1",0.002087
"11517_8",0.952275
"5306_10",0.993609
"4996_9",0.997213
"8251_7",0.993249
"7382_1",0.001786
"4284_9",0.998234
"772_10",0.997915
"5394_1",0.001644
"10576_9",0.996978
"635_8",0.998122
"9315_2",0.002780
"9642_4",0.001756
"7225_10",0.998001
"1806_3",0.047829
"4484_1",0.003315
"4912_10",0.997925
"4837_10",0.980503
"11025_10",0.997467
"1419_10",0.997603
"8789_4",0.003328
"1507_1",0.012560
"6478_1",0.001938
"7774_1",0.001633
"7805_10",0.995525
"11142_10",0.991329
"3832_10",0.995630
"1830_3",0.002132
"2676_4",0.004726
"1595_1",0.001917
"8044_9",0.997136
"8476_1",0.001609
"5190_8",0.134139
"4941_2",0.002116
"10114_8",0.997844
"11931_3",0.002882
"11970_10",0.967154
"5572_1",0.001902
"32_3",0.062586
"10026_10",0.997610
"10554_2",0.002752
"6440_7",0.997834
"7636_1",0.005959
"7973_9",0.998217
"2920_10",0.998212
"9531_1",0.001632
"568_4",0.014072
"6091_3",0.044552
"5700_9",0.998307
"4934_7",0.998047
"5988_10",0.998516
"5162_1",0.002927
"1043_4",0.002432
"11574_2",0.005151
"2592_1",0.001927
"4881_3",0.696020
"447_10",0.998437
"6922_8",0.997611
"9314_10",0.997875
"10693_10",0.991006
"257_9",0.998437
"2090_10",0.996043
"7826_1",0.001794
"7851_4",0.004860
"1606_1",0.002392
"4446_1",0.002495
"10655_2",0.001867
"11116_2",0.003022
"1631_1",0.002007
"11696_10",0.997743
"2114_3",0.002470
"10728_8",0.997554
"8006_9",0.996652
"5963_10",0.979310
"2094_10",0.996910
"10113_1",0.001605
"2832_4",0.003858
"9600_1",0.001829
"7776_1",0.001987
"567_9",0.104110
"4700_10",0.996640
"1143_1",0.001998
"7853_1",0.001946
"11178_1",0.004044
"7770_3",0.002222
"11696_2",0.001870
"6077_9",0.998211
"5952_1",0.001562
"507_1",0.002221
"11888_3",0.241593
"7857_3",0.003908
"1381_7",0.991505
"5080_2",0.002069
"9831_10",0.997164
"7231_1",0.002842
"6012_3",0.002404
"6843_4",0.038725
"7120_1",0.001568
"9248_1",0.791609
"5313_4",0.951364
"8434_2",0.008057
"10224_2",0.002589
"7303_10",0.996603
"1796_8",0.005125
"9302_4",0.005352
"2232_4",0.004369
"5333_3",0.001923
"1340_3",0.002531
"5472_2",0.001620
"1768_3",0.002560
"3140_1",0.002025
"6264_3",0.182414
"6699_8",0.983429
"2085_7",0.995201
"5319_4",0.002632
"7561_4",0.471387
"992_1",0.001709
"193_4",0.002098
"19_10",0.998392
"6225_8",0.995771
"933_10",0.998089
"11245_10",0.997666
"6152_3",0.101044
"10163_7",0.998122
"9382_4",0.003929
"4655_8",0.995133
"5195_10",0.998293
"8989_4",0.049546
"5309_10",0.997984
"2183_2",0.001779
"7597_10",0.996463
"1272_8",0.997361
"10107_9",0.998221
"3067_1",0.001595
"390_10",0.997820
"5746_4",0.002719
"7145_4",0.005932
"1612_8",0.969662
"7968_4",0.979338
"3793_9",0.996782
"2719_1",0.354349
"1645_10",0.998029
"9934_2",0.004012
"9288_4",0.012708
"937_4",0.003929
"10385_1",0.001738
"3726_1",0.001688
"2700_10",0.998224
"11824_1",0.001649
"4133_10",0.995250
"9873_2",0.001659
"8769_1",0.002261
"11806_10",0.997770
"903_4",0.004753
"727_3",0.031033
"2426_2",0.001809
"8663_1",0.006943
"11163_8",0.997021
"1505_7",0.995746
"4758_10",0.998069
"2119_4",0.004312
"7351_8",0.997371
"5638_10",0.998406
"11236_10",0.996598
"9351_3",0.003328
"8732_4",0.017319
"4771_1",0.005251
"4094_10",0.998100
"8314_7",0.050921
"5273_10",0.997839
"1773_1",0.001676
"7415_1",0.002469
"677_1",0.001969
"5585_1",0.002181
"1523_10",0.991877
"6855_1",0.001620
"6634_9",0.998062
"3866_2",0.005663
"7165_3",0.003082
"7516_7",0.996014
"2239_8",0.987783
"1248_8",0.998158
"6839_8",0.997393
"2648_10",0.998169
"5246_9",0.992888
"9445_1",0.001590
"4323_4",0.035917
"4356_10",0.997648
"9447_4",0.936583
"4022_3",0.002921
"6239_3",0.002252
"447_4",0.005179
"6717_8",0.892681
"2470_9",0.997705
"4816_1",0.001723
"1682_10",0.997362
"67_10",0.996571
"724_10",0.998473
"7678_9",0.986443
"2889_4",0.011840
"7487_9",0.997117
"1411_4",0.025531
"7447_8",0.995940
"3856_1",0.001885
"4412_10",0.982040
"8939_2",0.002125
"3314_9",0.995004
"2776_1",0.341219
"7986_8",0.998238
"12084_10",0.997536
"9529_10",0.998399
"11599_7",0.311134
"11688_3",0.002723
"11559_1",0.001821
"5838_2",0.002862
"6397_4",0.997086
"3551_4",0.011179
"5646_10",0.997759
"7760_2",0.002029
"4983_7",0.997668
"3870_1",0.002374
"5621_9",0.970351
"8716_9",0.997902
"2017_10",0.997792
"579_10",0.998201
"2659_1",0.001529
"10364_2",0.004789
"837_8",0.030104
"226_4",0.002311
"4836_1",0.001749
"11389_3",0.005512
"5284_2",0.001925
"4277_4",0.007003
"3821_10",0.996693
"6593_8",0.996188
"5060_7",0.003889
"5121_8",0.992791
"3810_7",0.013725
"3941_8",0.751606
"12291_1",0.001815
"1082_1",0.003871
"931_9",0.997827
"10202_4",0.908089
"11004_9",0.998302
"5243_7",0.984410
"2861_1",0.001866
"11992_10",0.991492
"11358_9",0.997895
"3996_10",0.994471
"12434_8",0.514404
"8310_7",0.997747
"3894_9",0.998389
"3021_1",0.002559
"1652_10",0.998415
"90_2",0.982939
"283_1",0.010761
"9809_8",0.916236
"2693_2",0.980085
"5717_1",0.002237
"6051_9",0.993665
"4542_1",0.001590
"5104_8",0.997149
"10139_10",0.520457
"6129_1",0.001821
"859_8",0.996754
"3107_1",0.001679
"2595_2",0.002417
"2676_10",0.996713
"3634_2",0.002033
"6953_1",0.002276
"4430_4",0.002433
"79_8",0.995662
"7318_2",0.002407
"863_4",0.003482
"6393_3",0.481574
"6910_3",0.420813
"4438_9",0.997817
"4242_9",0.994053
"5813_4",0.002118
"203_3",0.001982
"7333_10",0.998380
"11658_8",0.997831
"11206_4",0.002394
"6208_7",0.997824
"7273_8",0.993906
"5518_10",0.996745
"7092_1",0.085620
"10508_7",0.997359
"1196_9",0.997999
"10037_7",0.996424
"6468_8",0.997971
"8502_4",0.005693
"1017_1",0.002769
"4_10",0.998270
"8439_1",0.002019
"7048_3",0.002189
"3238_1",0.001985
"11610_1",0.008042
"3468_10",0.998365
"184_3",0.005872
"12227_7",0.965807
"4872_3",0.007548
"11139_10",0.997961
"4316_7",0.011159
"3071_1",0.002792
"335_2",0.001932
"10847_1",0.001911
"4646_10",0.996746
"9382_10",0.998227
"6577_1",0.002067
"4549_1",0.001555
"2459_9",0.997403
"102_8",0.996140
"1581_1",0.001753
"2439_10",0.998408
"6988_9",0.972578
"2024_1",0.001672
"12375_1",0.002078
"6084_4",0.004125
"6617_3",0.001850
"815_3",0.003108
"1857_1",0.002461
"7428_1",0.001978
"5943_8",0.995910
"11811_10",0.998156
"10844_1",0.001541
"1275_7",0.998419
"1910_1",0.002050
"3306_8",0.998051
"4735_1",0.001684
"10819_1",0.001988
"9571_2",0.002264
"1037_10",0.998142
"7177_4",0.168617
"5066_10",0.998091
"4888_2",0.003340
"10646_2",0.003380
"7929_1",0.001668
"5181_1",0.001791
"1387_1",0.012900
"1304_8",0.997109
"2108_1",0.001932
"9875_10",0.998378
"10200_1",0.002870
"11665_9",0.998216
"6685_1",0.002290
"10234_9",0.997997
"6622_9",0.995728
"9703_7",0.992957
"7504_8",0.995370
"1267_3",0.019682
"902_3",0.003673
"10674_2",0.004900
"5237_10",0.996336
"5270_10",0.997537
"1701_7",0.972640
"3222_2",0.002157
"6116_10",0.014119
"11543_10",0.994396
"8189_7",0.421545
"8737_8",0.998214
"6856_7",0.996875
"2035_8",0.996224
"5011_10",0.997804
"6135_9",0.998144
"9172_1",0.001634
"5822_1",0.002463
"8816_3",0.003650
"1124_1",0.001675
"5422_4",0.935403
"3275_2",0.002812
"2076_2",0.002462
"5223_8",0.997026
"1814_3",0.005520
"6171_2",0.002299
"3228_1",0.002134
"3693_3",0.002822
"8891_2",0.002487
"1171_8",0.996501
"9496_1",0.015985
"8702_10",0.992375
"11287_4",0.001986
"2157_10",0.998037
"6058_8",0.998105
"4025_2",0.001574
"5097_8",0.998406
"2335_1",0.001928
"6945_1",0.001611
"2970_4",0.002252
"10473_10",0.998177
"10139_1",0.002383
"7680_10",0.997799
"10705_1",0.001767
"9883_10",0.998305
"2808_10",0.997732
"6543_2",0.003142
"3482_3",0.003654
"2547_7",0.991650
"8378_4",0.002022
"7746_10",0.998100
"5007_4",0.002477
"1623_8",0.997662
"10762_9",0.998338
"8604_1",0.002015
"868_7",0.136463
"7902_1",0.001530
"3644_1",0.003498
"330_1",0.001606
"2519_7",0.029382
"716_2",0.994699
"9908_1",0.002091
"1410_2",0.003456
"1154_4",0.012260
"589_10",0.997262
"10182_3",0.007777
"6872_8",0.997372
"7232_8",0.993122
"4339_8",0.996677
"6652_2",0.001757
"8692_1",0.001606
"4585_2",0.996029
"5846_4",0.766768
"4401_1",0.001985
"4848_10",0.996890
"1727_1",0.001745
"8038_2",0.002200
"2532_1",0.002376
"11010_9",0.996086
"4915_10",0.997956
"6047_4",0.002274
"10358_3",0.027213
"697_10",0.998360
"7648_7",0.997940
"5495_4",0.003545
"6611_2",0.003431
"12099_8",0.998256
"1109_1",0.001849
"6874_1",0.001905
"8072_4",0.042456
"11231_10",0.998063
"10871_7",0.994948
"9990_10",0.998028
"645_10",0.997962
"9345_1",0.002236
"5298_1",0.003195
"5971_10",0.991704
"5079_8",0.996059
"6022_3",0.001674
"4954_7",0.995290
"5063_8",0.996172
"843_10",0.997886
"556_7",0.996739
"1498_1",0.001604
"9374_7",0.021241
"8728_1",0.932134
"8297_10",0.822726
"5760_10",0.991441
"7403_10",0.098287
"964_3",0.009039
"8842_9",0.997947
"11552_10",0.997927
"5592_2",0.004271
"3531_9",0.995843
"9383_3",0.003399
"6576_1",0.002103
"125_3",0.003596
"8382_2",0.002161
"3786_9",0.996646
"8636_9",0.996587
"12225_10",0.844659
"8958_8",0.998210
"5981_10",0.984409
"9594_10",0.992013
"9802_3",0.002083
"4353_3",0.280827
"10567_8",0.998536
"3982_7",0.991547
"3292_7",0.066299
"1739_3",0.001933
"3356_3",0.004510
"5253_4",0.002754
"1186_10",0.998465
"12218_8",0.997783
"1361_9",0.997876
"11423_4",0.002893
"5649_1",0.001509
"11988_10",0.997237
"393_7",0.997564
"8081_2",0.002307
"10290_1",0.002887
"5548_1",0.006005
"2266_3",0.004696
"341_1",0.001715
"2081_10",0.998271
"6268_1",0.004556
"2267_9",0.998325
"82_3",0.002523
"11259_10",0.997597
"6760_7",0.993974
"6352_9",0.998233
"10733_3",0.032508
"7418_2",0.001705
"11562_8",0.997056
"8895_9",0.997338
"7911_7",0.958986
"4885_10",0.998474
"542_4",0.003589
"6099_7",0.997930
"5355_1",0.001795
"3969_1",0.002034
"11541_4",0.989118
"6413_1",0.002381
"3725_7",0.996537
"11757_1",0.003868
"7663_1",0.009848
"3161_3",0.925966
"9119_10",0.996592
"7726_3",0.550870
"1764_8",0.997985
"7211_7",0.992778
"8069_4",0.003450
"7119_2",0.003634
"1163_10",0.998035
"5836_2",0.001948
"1921_8",0.997811
"892_1",0.001674
"7629_8",0.995216
"5605_1",0.001635
"3955_10",0.998354
"5093_4",0.007234
"6366_4",0.002822
"11267_2",0.001706
"522_2",0.003666
"7659_10",0.998446
"11779_4",0.243004
"5226_1",0.004050
"8767_10",0.968333
"1315_4",0.002217
"8179_8",0.997583
"10270_10",0.998025
"8218_1",0.011713
"4363_10",0.998238
"9701_9",0.970398
"9774_10",0.998522
"8326_10",0.995207
"1529_10",0.998257
"9090_8",0.998304
"8596_7",0.111218
"3508_1",0.003216
"2272_8",0.998160
"1226_7",0.828678
"40_8",0.997163
"1159_1",0.002288
"11508_1",0.001538
"2869_8",0.988325
"4068_1",0.001672
"7510_1",0.001833
"2967_3",0.002993
"8307_10",0.287820
"9920_8",0.998064
"9102_1",0.924119
"3586_4",0.970366
"2278_10",0.998077
"9459_9",0.998382
"3080_10",0.996928
"8960_1",0.001535
"11294_8",0.979429
"5241_1",0.001943
"4515_10",0.998305
"5855_7",0.993092
"12107_2",0.001888
"6435_2",0.002271
"5813_10",0.998328
"12008_1",0.001620
"1613_10",0.996531
"9381_9",0.994295
"4467_10",0.996779
"1439_8",0.997003
"1021_2",0.001862
"2718_1",0.002072
"11439_8",0.997479
"10931_10",0.998331
"4326_10",0.997380
"6216_1",0.001863
"10369_4",0.003649
"1586_7",0.993294
"1310_2",0.001958
"293_1",0.001719
"5968_1",0.001666
"9338_10",0.995505
"418_4",0.002762
"4522_1",0.001606
"3925_8",0.993137
"9748_1",0.001447
"7142_8",0.998356
"8862_1",0.002987
"10812_2",0.001908
"3262_7",0.984125
"11540_10",0.007873
"1236_2",0.003106
"10321_10",0.997237
"5782_1",0.001588
"11765_8",0.947000
"6365_7",0.717153
"6265_2",0.002953
"5426_1",0.002033
"5312_7",0.992571
"1786_3",0.004348
"10137_2",0.002988
"9816_3",0.001983
"11925_10",0.981832
"3041_3",0.005612
"6742_1",0.001623
"10786_7",0.998357
"10687_4",0.004260
"7057_7",0.004120
"7532_9",0.997910
"4162_8",0.997601
"9911_10",0.997582
"2369_3",0.004103
"2967_9",0.996842
"9515_7",0.987506
"12035_9",0.992984
"9088_4",0.013406
"3037_8",0.997514
"1198_10",0.998125
"8186_8",0.995459
"3455_8",0.998058
"6676_3",0.784797
"4071_8",0.995193
"2244_7",0.995297
"1252_7",0.494547
"12178_3",0.001796
"5623_4",0.003361
"10938_1",0.001617
"2265_4",0.159620
"7442_7",0.011221
"7676_9",0.996706
"10666_1",0.001948
"9430_3",0.560939
"8329_2",0.002117
"11933_10",0.998298
"7868_1",0.001661
"6471_7",0.997838
"2191_1",0.002659
"3918_1",0.001616
"9767_10",0.997784
"11297_8",0.932979
"6763_8",0.998254
"2621_9",0.996621
"4056_4",0.002974
"8584_4",0.001940
"4541_9",0.998309
"1474_4",0.780625
"3748_7",0.997059
"1314_1",0.001885
"6195_10",0.997489
"3485_1",0.001885
"5448_7",0.017517
"12392_10",0.074315
"5807_10",0.998056
"11783_4",0.991426
"5693_1",0.002199
"5031_3",0.002132
"9684_1",0.002605
"924_10",0.995693
"12254_3",0.003482
"277_1",0.004639
"4384_10",0.998068
"8288_4",0.003113
"3056_3",0.003326
"4683_9",0.997655
"907_7",0.995138
"6720_7",0.979564
"12192_1",0.005490
"11090_8",0.977845
"4682_7",0.997736
"11698_10",0.997970
"1530_1",0.002323
"3017_9",0.998365
"9702_1",0.003060
"5761_3",0.004749
"9920_2",0.993913
"8250_1",0.277682
"11900_3",0.029447
"6128_10",0.005769
"8667_10",0.998046
"8304_3",0.006795
"1049_9",0.997285
"10262_4",0.009089
"7315_3",0.003401
"4935_10",0.998376
"2453_1",0.001838
"4820_10",0.995087
"3111_10",0.997867
"10351_8",0.996630
"146_1",0.001747
"6093_9",0.998234
"7215_10",0.998291
"6098_9",0.998117
"2873_10",0.997982
"2683_10",0.997639
"6886_9",0.997852
"4992_8",0.988606
"1038_1",0.003345
"988_3",0.004170
"212_7",0.011015
"6838_1",0.006232
"4865_8",0.995210
"6908_9",0.997536
"8548_10",0.996112
"2297_4",0.003808
"3455_4",0.011682
"5743_2",0.005540
"5820_1",0.052031
"4636_3",0.005483
"8184_4",0.005090
"7413_7",0.998029
"10750_7",0.997069
"10064_10",0.998305
"408_3",0.003864
"10388_10",0.997491
"8380_4",0.002362
"8904_2",0.008035
"10854_10",0.997498
"11511_10",0.997828
"259_10",0.998401
"1580_1",0.001569
"11775_1",0.001828
"8674_1",0.002024
"9540_10",0.998532
"6177_4",0.001823
"11074_8",0.997494
"7191_7",0.957639
"7496_1",0.001753
"4424_9",0.996571
"5733_9",0.988962
"2887_2",0.002767
"239_2",0.003061
"10920_1",0.002209
"10342_9",0.998015
"12321_1",0.001647
"1833_3",0.002297
"5494_7",0.996605
"8687_8",0.997740
"1076_8",0.997808
"7638_3",0.038323
"1361_3",0.008928
"1884_4",0.005730
"2056_10",0.998176
"5_4",0.006468
"1034_10",0.996544
"4008_8",0.997428
"4239_4",0.003081
"7257_4",0.008070
"9541_8",0.998235
"5869_1",0.001812
"1326_4",0.001694
"936_2",0.002805
"10473_4",0.010292
"12413_2",0.002189
"5934_9",0.009409
"2419_7",0.994622
"49_4",0.033844
"2129_9",0.997133
"12356_1",0.001910
"9268_2",0.002516
"7915_7",0.994690
"11405_3",0.577996
"7526_9",0.998111
"6639_2",0.001760
"7939_1",0.001531
"8934_1",0.002297
"2422_1",0.001630
"3885_4",0.003491
"1703_3",0.979961
"7530_9",0.997936
"5833_1",0.001714
"9858_4",0.003152
"12307_3",0.002461
"9341_10",0.997189
"4490_10",0.998100
"9292_10",0.992582
"7830_1",0.002246
"5329_1",0.001632
"5205_10",0.997913
"2172_1",0.001761
"8857_4",0.001718
"7933_1",0.001920
"12277_4",0.850316
"9853_10",0.986420
"5927_8",0.996879
"4453_4",0.002052
"3034_1",0.001708
"3469_1",0.001884
"12014_2",0.003002
"3802_3",0.003196
"10911_8",0.009702
"7519_1",0.002139
"4155_1",0.002161
"7873_1",0.001690
"7002_10",0.998351
"11597_1",0.002009
"9043_3",0.004325
"7623_3",0.778912
"6615_9",0.998279
"5982_1",0.001742
"492_1",0.001601
"7105_1",0.001524
"7072_8",0.997642
"7585_3",0.290534
"114_2",0.003965
"675_2",0.006327
"5141_1",0.006512
"11299_1",0.002003
"7008_4",0.003919
"4963_4",0.039111
"9363_8",0.995137
"12419_8",0.994897
"499_2",0.002720
"4741_1",0.001622
"3160_10",0.012956
"4605_7",0.976356
"7181_4",0.008219
"2620_3",0.001829
"7101_7",0.994084
"3358_8",0.994052
"11150_3",0.824315
"11555_3",0.062142
"11975_2",0.010251
"44_8",0.998229
"4699_10",0.997908
"6042_2",0.002431
"10368_3",0.009224
"2409_8",0.986130
"5933_1",0.004999
"7460_1",0.002177
"11653_3",0.996450
"1699_4",0.928204
"6189_4",0.002343
"12263_10",0.998317
"700_7",0.995347
"1974_9",0.998119
"4664_1",0.022157
"2083_3",0.003825
"3454_1",0.001845
"3196_4",0.993103
"7920_2",0.002041
"10257_10",0.998275
"12344_10",0.995569
"130_9",0.997867
"315_4",0.012659
"5923_10",0.998488
"1234_10",0.995671
"7402_2",0.002102
"4634_1",0.001731
"2558_10",0.997571
"11220_10",0.963658
"7652_10",0.997769
"1070_1",0.002093
"3018_1",0.210330
"6365_1",0.001860
"6081_4",0.129881
"1015_4",0.013357
"7071_10",0.993683
"4682_1",0.001823
"5242_1",0.008018
"5125_9",0.997889
"11299_7",0.997881
"7445_1",0.001732
"8206_10",0.997254
"7878_7",0.998227
"11630_4",0.008437
"9391_8",0.993845
"4755_2",0.001729
"36_8",0.998107
"617_9",0.997385
"987_7",0.995310
"1185_1",0.001558
"11135_1",0.001731
"6457_2",0.002965
"8337_7",0.998044
"9931_9",0.997676
"6932_10",0.993162
"9504_3",0.007932
"2333_2",0.002694
"10397_10",0.997408
"6200_4",0.004550
"8004_10",0.997590
"10818_10",0.997779
"164_7",0.372706
"6945_9",0.996369
"2551_10",0.998184
"10887_3",0.001755
"8942_8",0.998116
"6779_1",0.002397
"9818_10",0.998278
"11352_4",0.002875
"1035_9",0.997630
"9212_2",0.001745
"8530_3",0.005698
"7858_3",0.002447
"1777_4",0.003917
"6976_10",0.997656
"9426_2",0.002162
"2154_1",0.002436
"7037_9",0.977566
"1501_1",0.002333
"12448_2",0.001708
"1005_2",0.002116
"8031_1",0.002776
"8084_8",0.997636
"11933_3",0.001690
"3206_10",0.998193
"10197_2",0.017130
"8838_9",0.013678
"7720_1",0.002053
"9739_3",0.001966
"8312_4",0.002526
"3492_9",0.996682
"1133_8",0.998322
"3255_9",0.997235
"10625_8",0.995767
"12307_9",0.997332
"325_10",0.998437
"4393_10",0.997619
"8755_2",0.001677
"2645_4",0.002340
"10712_8",0.989675
"10358_7",0.989707
"10913_1",0.003307
"8406_7",0.994812
"12131_8",0.997350
"8306_7",0.993088
"8722_9",0.998284
"6363_3",0.002060
"6876_10",0.998102
"10802_8",0.598084
"6078_2",0.002463
"4558_8",0.997849
"643_4",0.004859
"9956_10",0.996182
"7267_8",0.996878
"10491_7",0.997806
"5105_8",0.997452
"7213_10",0.997833
"8442_2",0.012191
"11035_10",0.997726
"9961_3",0.079329
"2616_1",0.002463
"7666_4",0.023414
"548_4",0.052981
"2425_10",0.997855
"4173_1",0.001808
"3558_10",0.995200
"4117_3",0.014349
"9803_3",0.003267
"1545_1",0.001848
"6564_7",0.997782
"1306_1",0.002423
"632_1",0.001791
"3132_8",0.996990
"5755_2",0.002099
"5282_1",0.001943
"5891_10",0.998591
"3961_7",0.997920
"4107_1",0.510995
"2370_8",0.996131
"1363_1",0.002053
"5359_9",0.998343
"759_10",0.997493
"727_8",0.997439
"1875_1",0.002329
"10586_1",0.001812
"4906_1",0.002222
"11685_4",0.002327
"1632_1",0.003785
"4913_10",0.998219
"11375_1",0.002629
"423_10",0.996517
"5957_9",0.997342
"9389_1",0.001584
"10450_7",0.996866
"4205_1",0.005201
"2983_1",0.001597
"7895_1",0.001583
"2761_4",0.001980
"3359_1",0.001559
"687_9",0.998101
"8150_1",0.002287
"1647_10",0.997536
"10920_8",0.997477
"4813_8",0.997318
"4628_10",0.998297
"5738_4",0.002408
"11255_3",0.002640
"7801_10",0.997736
"3258_2",0.002515
"10513_7",0.725910
"9358_8",0.997844
"6864_2",0.001957
"3038_8",0.994020
"6928_1",0.026725
"10277_10",0.998566
"9231_1",0.001856
"8098_7",0.996388
"11550_10",0.993611
"10233_7",0.997077
"180_3",0.006884
"538_8",0.997863
"4977_9",0.996972
"11386_3",0.003521
"1045_3",0.005436
"61_1",0.016796
"6907_8",0.992562
"11368_10",0.984204
"10_3",0.002003
"7034_3",0.003946
"3051_10",0.997100
"362_9",0.996587
"8037_7",0.996900
"11408_4",0.004468
"8783_7",0.987923
"1755_10",0.998042
"3610_3",0.005404
"1376_3",0.003155
"4970_9",0.993171
"7802_9",0.997297
"4169_1",0.001548
"2063_4",0.997897
"2825_10",0.998008
"10758_10",0.998364
"10778_2",0.002256
"979_10",0.997515
"11700_4",0.988630
"7848_10",0.008696
"1294_7",0.997377
"4806_4",0.010334
"10159_4",0.003999
"3461_4",0.898756
"10312_1",0.003510
"4297_1",0.001798
"5081_2",0.006528
"2156_1",0.002237
"8417_1",0.002059
"10182_10",0.998350
"11732_2",0.001987
"10078_3",0.002061
"4772_1",0.001975
"6187_4",0.006744
"4219_10",0.998209
"5208_8",0.994345
"4935_2",0.001722
"6528_10",0.998097
"4080_1",0.002245
"6147_10",0.983558
"1352_2",0.003095
"5675_9",0.987032
"3024_4",0.002169
"6930_3",0.010920
"7005_1",0.002281
"380_9",0.996684
"5923_3",0.006242
"1246_9",0.998075
"3081_8",0.997218
"11913_3",0.007348
"4112_8",0.995347
"1440_8",0.998128
"12123_7",0.319813
"3731_1",0.001877
"420_10",0.996570
"5862_1",0.001516
"10864_7",0.998010
"3484_1",0.001796
"9438_4",0.007882
"7032_10",0.998341
"7670_2",0.003453
"5251_9",0.997762
"5296_7",0.990623
"9161_7",0.656750
"6446_4",0.003349
"11694_8",0.987494
"1674_9",0.998181
"8831_10",0.965506
"11813_10",0.998449
"3380_1",0.001722
"8653_10",0.998202
"10485_1",0.002337
"3771_9",0.995774
"5534_1",0.001978
"2_7",0.988794
"2334_9",0.998244
"8327_4",0.004146
"8552_9",0.998334
"9117_10",0.996447
"11953_10",0.998274
"7015_4",0.014296
"9649_10",0.998383
"1701_1",0.010517
"1946_3",0.005298
"1536_10",0.997863
"6419_7",0.997960
"6619_10",0.997940
"3715_10",0.998301
"6001_9",0.998308
"4555_9",0.997717
"6367_4",0.003359
"8350_10",0.995207
"8376_7",0.997691
"8231_1",0.001565
"11595_9",0.998316
"10372_4",0.048445
"2711_8",0.997292
"407_4",0.001895
"10798_10",0.997985
"5358_1",0.001772
"158_1",0.001738
"6578_7",0.983994
"217_8",0.996800
"4535_10",0.998082
"4887_10",0.996343
"5595_4",0.023501
"1837_9",0.997608
"7723_1",0.001919
"1935_7",0.150623
"7357_4",0.001964
"3293_3",0.002159
"5176_1",0.001668
"10930_7",0.994724
"4618_1",0.003180
"15_2",0.003200
"4009_1",0.003240
"3854_1",0.001715
"2889_10",0.997641
"2737_1",0.499784
"9811_3",0.002777
"12016_2",0.002321
"8470_10",0.984435
"2965_7",0.005053
"6620_1",0.001872
"7447_3",0.002218
"1197_9",0.998296
"9750_9",0.998159
"3001_1",0.002210
"8068_2",0.002702
"5660_1",0.003333
"5595_10",0.995502
"4377_4",0.007811
"7354_8",0.996491
"11858_1",0.001531
"7611_2",0.002048
"6855_7",0.996278
"11522_1",0.001968
"21_9",0.998119
"3423_9",0.995448
"2061_8",0.998163
"5594_10",0.996314
"6106_3",0.002599
"9222_1",0.066330
"2305_3",0.003982
"12493_4",0.050532
"8841_9",0.996793
"3824_8",0.997886
"703_8",0.996399
"1638_1",0.001864
"11339_4",0.002577
"10173_1",0.002065
"6481_2",0.020068
"9468_2",0.693645
"1830_9",0.998313
"9940_8",0.057968
"7768_1",0.001984
"414_2",0.002474
"9554_3",0.002209
"2894_4",0.002042
"2509_7",0.997452
"2430_2",0.990104
"10244_7",0.990152
"2874_9",0.032651
"4615_4",0.996909
"9011_10",0.997411
"8977_9",0.996822
"6709_9",0.903813
"7963_3",0.029815
"7531_10",0.998193
"5058_3",0.019209
"2875_2",0.015667
"9191_8",0.996179
"2596_10",0.996965
"9660_8",0.998150
"3682_1",0.002329
"4189_1",0.001480
"739_10",0.998105
"836_4",0.002577
"2422_7",0.023524
"4318_1",0.001830
"1443_2",0.017544
"2782_8",0.996950
"10260_1",0.992317
"10624_10",0.982082
"3288_8",0.993780
"155_2",0.002224
"4941_9",0.997438
"1449_8",0.997644
"10575_1",0.001670
"3568_4",0.994228
"261_9",0.998044
"10420_9",0.997959
"4008_1",0.006858
"4263_9",0.993111
"11924_4",0.021814
"11488_7",0.996126
"1599_1",0.004300
"11383_10",0.997298
"1800_9",0.995381
"9705_10",0.997327
"10044_8",0.982985
"471_3",0.004671
"3494_9",0.998074
"11492_10",0.989361
"257_3",0.018487
"10745_1",0.003581
"7305_1",0.003905
"6239_8",0.996532
"3068_10",0.997722
"2862_1",0.001818
"11217_4",0.008099
"10650_9",0.997140
"3588_10",0.998142
"8345_10",0.914662
"9980_2",0.001806
"8901_1",0.005807
"5438_8",0.998119
"10879_10",0.998450
"9064_3",0.004330
"193_9",0.990251
"470_4",0.003828
"5128_7",0.995947
"10542_10",0.982848
"205_10",0.996603
"8091_7",0.998455
"11383_3",0.004366
"10274_2",0.002773
"7865_7",0.997011
"7525_1",0.513623
"2168_2",0.001671
"11082_8",0.995567
"1991_2",0.003763
"10524_10",0.997949
"4628_3",0.003232
"4269_7",0.997920
"7367_2",0.002726
"1390_1",0.002814
"7158_1",0.004413
"12442_10",0.997894
"8388_1",0.001583
"7980_7",0.991699
"3054_1",0.001987
"11143_2",0.030165
"2238_1",0.002034
"949_3",0.001976
"42_4",0.004613
"4093_7",0.998371
"3657_3",0.005312
"9812_10",0.998531
"6879_3",0.003383
"2189_8",0.996455
"11804_1",0.001698
"5280_10",0.998300
"411_8",0.561412
"5673_1",0.001881
"11633_2",0.001779
"10389_1",0.001689
"9516_10",0.996179
"12169_8",0.997676
"232_7",0.996060
"6061_4",0.003364
"6755_8",0.993631
"2880_10",0.996204
"4187_7",0.959873
"4175_7",0.996957
"11674_3",0.005010
"10397_1",0.002484
"4334_10",0.997703
"7654_10",0.998127
"1657_9",0.997993
"2025_2",0.002900
"2276_4",0.002423
"1957_10",0.997812
"11627_4",0.008437
"11799_4",0.006738
"10251_10",0.997225
"1231_4",0.003339
"8302_8",0.997246
"12342_7",0.158602
"8105_3",0.995059
"3892_4",0.001899
"8473_9",0.997213
"448_8",0.997760
"7317_2",0.001952
"2074_1",0.001987
"12249_7",0.716467
"5467_2",0.002096
"12109_1",0.001999
"11511_1",0.001859
"9476_3",0.995984
"1170_10",0.997527
"8970_9",0.997241
"12308_1",0.001718
"3101_8",0.996783
"3066_1",0.001561
"11519_7",0.059746
"5314_2",0.001900
"9160_4",0.003863
"6512_3",0.009290
"7836_4",0.041992
"11429_1",0.002178
"12043_9",0.998109
"270_1",0.001626
"821_1",0.002563
"4572_10",0.997792
"11437_1",0.001675
"4899_3",0.002653
"8226_9",0.996679
"5445_9",0.997788
"2459_2",0.989755
"12192_7",0.997769
"5459_9",0.991987
"7308_7",0.994152
"11308_1",0.001967
"4122_3",0.004038
"144_9",0.997180
"12145_4",0.002980
"8511_8",0.997249
"11319_7",0.996049
"9257_10",0.997974
"6737_3",0.001994
"9327_9",0.998142
"1246_1",0.001848
"11239_10",0.998266
"2915_1",0.001917
"6019_10",0.998394
"1151_9",0.996885
"11796_2",0.003718
"10400_9",0.960545
"9599_10",0.995245
"2283_3",0.002165
"5474_3",0.002822
"2670_3",0.001812
"6_3",0.026013
"69_4",0.015802
"11234_10",0.997261
"6575_10",0.998283
"9391_1",0.001950
"12053_1",0.001543
"1387_8",0.996623
"2649_9",0.996296
"9004_4",0.003242
"8723_1",0.002102
"11609_1",0.001730
"9585_2",0.001659
"2736_1",0.001748
"6607_2",0.003277
"11939_2",0.001590
"2024_8",0.997913
"1503_8",0.839225
"10177_10",0.998473
"10266_1",0.001701
"547_7",0.993571
"5272_10",0.997526
"5204_9",0.997762
"9369_2",0.002193
"6273_1",0.001701
"10825_7",0.997538
"644_8",0.992831
"347_1",0.002292
"12309_1",0.015774
"5502_10",0.998059
"7203_1",0.001755
"8714_2",0.004206
"713_8",0.998034
"10289_1",0.003352
"7666_8",0.971090
"6753_1",0.002587
"6350_1",0.001608
"11232_8",0.996940
"10551_1",0.002314
"5967_7",0.992357
"1049_3",0.001703
"11238_10",0.672376
"8043_9",0.997614
"8751_4",0.986814
"6514_2",0.003591
"1461_3",0.002895
"12137_8",0.996628
"9884_1",0.002132
"4652_10",0.998245
"3169_4",0.002255
"4138_8",0.997793
"6125_7",0.028359
"7298_8",0.997232
"4602_8",0.015954
"3523_1",0.017624
"10990_1",0.003221
"9278_1",0.001575
"2614_3",0.002652
"4762_3",0.002057
"2557_9",0.997480
"9390_1",0.001625
"7144_10",0.997561
"6655_7",0.366165
"9806_3",0.005732
"986_10",0.997167
"9969_10",0.993437
"8915_1",0.002526
"3888_2",0.006314
"1963_1",0.003400
"10523_9",0.997400
"9995_2",0.011088
"4491_1",0.002728
"926_10",0.998464
"5679_7",0.991216
"5201_8",0.944893
"9785_3",0.001498
"337_1",0.001640
"4129_3",0.002974
"9231_8",0.772919
"2058_2",0.001497
"4801_10",0.997934
"2116_1",0.003644
"11539_10",0.998381
"200_4",0.080095
"8271_10",0.998364
"10088_8",0.982230
"10816_10",0.997380
"80_7",0.961094
"9331_7",0.997062
"3866_9",0.998266
"4534_3",0.008082
"8981_9",0.996947
"510_7",0.997237
"4980_1",0.001530
"3336_1",0.003567
"1934_7",0.504081
"2815_4",0.998105
"6606_4",0.018061
"11802_1",0.002887
"6312_9",0.997864
"1914_2",0.002175
"1970_8",0.998510
"9791_10",0.997916
"3721_10",0.993469
"7947_10",0.997950
"8009_10",0.996949
"3370_7",0.521754
"8943_3",0.025920
"5873_10",0.997292
"7379_1",0.001864
"3585_10",0.998370
"6934_10",0.998012
"5841_1",0.017221
"1354_7",0.997726
"9215_10",0.993524
"2668_4",0.002076
"8441_8",0.965848
"5255_7",0.342319
"3649_1",0.002233
"1169_10",0.998275
"2366_7",0.998198
"4229_1",0.001559
"29_3",0.004472
"6109_2",0.003955
"11174_4",0.001619
"12477_7",0.008127
"11713_1",0.001768
"2231_2",0.008296
"7598_8",0.996873
"5095_3",0.002297
"3062_10",0.998095
"11451_7",0.996672
"7100_3",0.001744
"11005_1",0.001708
"9902_8",0.997921
"8850_10",0.996509
"5542_2",0.010810
"9371_1",0.012394
"8042_7",0.997357
"1757_1",0.001992
"2256_1",0.002023
"9793_3",0.002365
"11791_2",0.004280
"4814_2",0.002095
"630_7",0.998386
"10622_10",0.998096
"5781_1",0.003340
"7422_10",0.997128
"10084_10",0.997595
"9550_9",0.994856
"11646_8",0.989594
"110_1",0.004270
"4811_1",0.002397
"9559_4",0.002801
"2755_10",0.998147
"698_1",0.001911
"8437_1",0.002795
"1470_8",0.970957
"11449_8",0.006388
"8078_8",0.997418
"238_1",0.002689
"4950_10",0.998330
"10793_7",0.996687
"8497_10",0.998246
"9160_9",0.633784
"8472_1",0.001904
"1583_8",0.995330
"2923_3",0.003258
"9770_4",0.993491
"10706_2",0.014069
"4573_2",0.002368
"11176_10",0.998173
"616_1",0.002532
"4574_8",0.997827
"8465_10",0.994126
"4049_9",0.997987
"3707_3",0.001525
"4398_10",0.997871
"11727_1",0.004924
"7244_8",0.997326
"549_3",0.113128
"9461_1",0.180781
"6748_3",0.002350
"7093_10",0.997792
"9115_10",0.997954
"8284_9",0.998267
"469_8",0.997783
"1281_9",0.998411
"2816_3",0.100352
"11001_7",0.979148
"6987_2",0.001564
"5428_3",0.002204
"5992_10",0.998450
"2315_1",0.001764
"7329_7",0.996629
"3956_1",0.001652
"11453_1",0.002435
"726_1",0.001693
"10517_1",0.002383
"4494_8",0.997111
"11980_10",0.998138
"2926_1",0.227476
"1671_2",0.006259
"8291_4",0.002105
"948_8",0.984970
"8122_1",0.006519
"9343_10",0.996957
"6011_10",0.996808
"7156_4",0.001965
"9596_2",0.002875
"10583_10",0.998123
"3190_10",0.997491
"10841_10",0.998219
"6122_8",0.868759
"1315_10",0.990353
"3667_1",0.014002
"4225_2",0.002017
"11268_8",0.997479
"412_7",0.997203
"4891_10",0.998128
"4791_10",0.997651
"4463_2",0.003718
"3173_7",0.971576
"2937_8",0.997836
"9438_10",0.993160
"9900_9",0.997207
"424_10",0.997745
"955_10",0.998302
"10060_3",0.001917
"6063_9",0.998471
"1960_1",0.001604
"1456_8",0.994878
"1859_2",0.002727
"1262_8",0.997673
"5325_4",0.006631
"5944_4",0.012000
"2805_4",0.008935
"11591_1",0.001650
"3257_1",0.007735
"11444_3",0.002085
"5446_3",0.002518
"11801_1",0.009679
"8653_2",0.001577
"10939_1",0.001851
"10079_10",0.994142
"8188_1",0.002313
"3825_3",0.007140
"6659_2",0.002158
"9779_2",0.002359
"2852_2",0.002027
"11117_7",0.978623
"4367_3",0.199992
"7538_4",0.005248
"9183_3",0.002639
"1910_8",0.994475
"4563_4",0.009161
"7743_7",0.997845
"6770_1",0.001746
"10133_4",0.005613
"6279_8",0.997402
"7907_1",0.001821
"1458_2",0.002001
"12427_1",0.231735
"3221_10",0.997538
"1614_10",0.998156
"2761_10",0.995744
"5151_4",0.002262
"8803_8",0.998422
"10726_1",0.001582
"824_8",0.997735
"12377_10",0.985812
"3401_3",0.002339
"3603_7",0.168515
"3655_4",0.002502
"9963_3",0.007529
"4266_1",0.001552
"1176_4",0.007938
"959_4",0.004027
"4494_1",0.002038
"12381_10",0.997695
"4603_8",0.993447
"625_2",0.026453
"7597_3",0.002921
"594_9",0.995605
"10998_10",0.997354
"5122_10",0.997506
"9820_10",0.997696
"2428_1",0.001671
"10928_1",0.001887
"9083_2",0.025597
"8669_1",0.002301
"9159_9",0.994864
"4171_10",0.997078
"7985_8",0.997341
"4181_1",0.001731
"4577_8",0.993854
"910_4",0.136887
"10673_4",0.959749
"1530_10",0.997267
"2436_4",0.012802
"3934_10",0.997735
"9273_1",0.002922
"3188_9",0.998336
"1826_4",0.008014
"4777_1",0.002242
"7449_10",0.998245
"490_2",0.959382
"1351_1",0.001732
"9172_7",0.994915
"6211_8",0.998178
"7114_8",0.991950
"1316_2",0.001804
"6531_10",0.997226
"4381_3",0.002189
"10347_1",0.003152
"5497_8",0.998094
"7041_10",0.998005
"4466_4",0.001924
"1690_1",0.001879
"912_1",0.001737
"10342_1",0.001733
"6323_4",0.002815
"3243_1",0.006758
"9143_1",0.003320
"7175_3",0.002349
"1962_7",0.986097
"11135_7",0.992612
"8524_1",0.003333
"10026_3",0.002853
"3031_4",0.979799
"1766_2",0.002153
"6042_10",0.993389
"3357_7",0.998155
"11065_10",0.997254
"11641_9",0.997803
"4389_2",0.002129
"10946_1",0.001701
"6385_10",0.998131
"5520_4",0.041656
"8036_8",0.997518
"4726_4",0.990373
"1510_8",0.084638
"11016_8",0.998085
"893_1",0.001747
"655_3",0.005210
"12226_7",0.661727
"3878_10",0.996182
"8589_8",0.997281
"4108_10",0.987332
"8586_3",0.002062
"2326_9",0.997838
"155_8",0.848334
"11073_7",0.738834
"1672_10",0.997419
"1715_8",0.988841
"10443_7",0.995500
"9673_1",0.002200
"10731_9",0.997299
"4427_3",0.009097
"422_3",0.004054
"7121_3",0.003419
"4415_4",0.959583
"11599_1",0.003953
"6015_9",0.961029
"3470_1",0.002531
"3951_10",0.998206
"2665_10",0.998090
"10295_10",0.998218
"3220_10",0.998186
"4748_1",0.001782
"189_9",0.998484
"3502_9",0.931699
"10561_9",0.998030
"5051_4",0.972274
"7644_7",0.995288
"559_4",0.987090
"3236_1",0.002549
"9985_9",0.997623
"3512_7",0.989137
"10318_1",0.001508
"3509_1",0.005250
"7686_10",0.996100
"8947_8",0.997568
"6783_10",0.998455
"9836_10",0.998165
"971_3",0.001962
"1127_1",0.002013
"8953_7",0.995954
"5763_10",0.997690
"9147_10",0.898856
"10688_1",0.001613
"2148_7",0.994035
"8997_10",0.998151
"3094_10",0.998470
"1152_3",0.009113
"1907_10",0.995996
"1845_10",0.998056
"6852_7",0.996200
"5573_10",0.998283
"8709_2",0.004073
"2882_10",0.998042
"11230_8",0.964534
"10124_3",0.004355
"12361_1",0.009820
"8117_4",0.002940
"1192_10",0.998155
"1657_4",0.004470
"10319_8",0.984914
"10954_1",0.003494
"2048_10",0.996954
"5763_4",0.006216
"9491_10",0.998317
"4081_3",0.613200
"4877_9",0.997296
"10981_9",0.998220
"11440_1",0.001788
"7608_2",0.002189
"194_1",0.002544
"7116_7",0.021941
"2118_10",0.997947
"9997_10",0.998131
"3880_1",0.001932
"4197_10",0.998020
"1166_10",0.887316
"3504_8",0.997653
"3170_10",0.998363
"1477_8",0.996152
"881_8",0.997584
"10229_2",0.003665
"9515_1",0.001695
"6714_7",0.961994
"8570_8",0.013912
"6892_10",0.998182
"8710_10",0.998486
"9135_10",0.998190
"10924_10",0.997813
"5252_4",0.004419
"6581_10",0.998359
"8837_10",0.998088
"3820_1",0.001779
"9914_3",0.002947
"3141_1",0.001888
"7893_1",0.001848
"306_1",0.002837
"2527_3",0.010001
"8148_2",0.015032
"9778_10",0.998054
"10438_9",0.998431
"5230_4",0.661999
"1691_1",0.003326
"6124_10",0.987084
"5256_3",0.134159
"4294_7",0.994818
"10575_10",0.998382
"9610_9",0.996083
"563_10",0.978456
"6328_10",0.997836
"6903_2",0.001647
"6899_4",0.003787
"7166_4",0.178701
"2993_4",0.011121
"10771_8",0.990899
"11298_1",0.001652
"9101_2",0.001838
"7716_3",0.001802
"2722_1",0.001862
"5227_8",0.997698
"241_1",0.001742
"192_2",0.002098
"9006_10",0.998142
"5505_7",0.008374
"10822_8",0.998136
"1046_1",0.002027
"1865_3",0.002246
"11845_7",0.997999
"6675_7",0.997303
"6240_1",0.001650
"10392_8",0.998183
"3405_10",0.998319
"11919_10",0.998456
"2294_9",0.998062
"1097_3",0.778173
"6888_10",0.998165
"12373_1",0.004173
"11785_10",0.995596
"11805_1",0.001702
"2328_9",0.996809
"2636_1",0.001845
"12359_7",0.997029
"7733_8",0.993980
"9877_1",0.058010
"12266_7",0.997509
"8274_1",0.415132
"11727_8",0.997787
"12389_8",0.997979
"2464_4",0.992846
"4930_1",0.002316
"11304_9",0.997431
"2140_1",0.017149
"11168_9",0.997700
"1772_9",0.997783
"3857_8",0.998055
"4559_3",0.001902
"6986_8",0.973176
"9647_1",0.004316
"11714_1",0.001580
"5436_2",0.008494
"2736_9",0.996083
"4499_8",0.995346
"2701_10",0.997888
"11604_8",0.997006
"6133_1",0.002355
"4151_3",0.993532
"3978_3",0.001895
"1973_9",0.998038
"11752_10",0.998009
"10192_10",0.994763
"8318_4",0.001919
"5685_1",0.001882
"8978_4",0.027920
"12289_10",0.996495
"5603_9",0.997803
"5209_10",0.997567
"8360_7",0.026487
"5690_2",0.002131
"8463_10",0.577524
"5304_10",0.996787
"720_10",0.995542
"9301_3",0.002372
"1392_1",0.009936
"10893_4",0.062103
"1299_9",0.007789
"5552_2",0.002110
"4348_4",0.021850
"12384_4",0.073449
"11947_2",0.003439
"1740_3",0.003175
"7869_10",0.996647
"5959_7",0.992964
"2301_8",0.998369
"5572_7",0.987567
"3716_1",0.772667
"8558_7",0.994922
"12210_1",0.001660
"3744_4",0.004022
"12487_2",0.004088
"5348_7",0.995281
"1065_1",0.001803
"1414_10",0.997773
"2672_4",0.002136
"1014_8",0.023661
"2248_10",0.995003
"2221_8",0.997940
"4576_1",0.001904
"10578_10",0.998460
"8525_2",0.002811
"5332_8",0.994887
"12007_2",0.001780
"1107_2",0.003911
"8295_10",0.998394
"10093_1",0.001571
"6441_1",0.002289
"10422_3",0.001953
"11034_3",0.003116
"3379_9",0.997314
"7512_1",0.001802
"12165_1",0.001904
"11634_10",0.994830
"4567_10",0.995513
"6971_8",0.997764
"2145_3",0.010969
"5639_1",0.001812
"8049_7",0.995074
"7953_1",0.006718
"12440_4",0.002072
"9134_8",0.997202
"5720_10",0.998213
"1851_10",0.997964
"3673_10",0.998224
"9037_3",0.982679
"8547_10",0.998260
"111_10",0.997549
"5279_9",0.997920
"2379_9",0.995652
"6000_10",0.997666
"990_7",0.983039
"1519_9",0.997612
"5987_7",0.995137
"2959_7",0.997839
"8898_2",0.002133
"5746_10",0.998259
"6268_8",0.851027
"5449_7",0.018703
"5561_1",0.001686
"11470_3",0.001766
"11837_1",0.003528
"6761_10",0.998141
"1590_1",0.002130
"927_10",0.997064
"1495_9",0.996062
"10529_7",0.995119
"7704_2",0.004111
"10707_3",0.003476
"3862_1",0.002285
"3612_7",0.998028
"8212_2",0.001877
"10649_10",0.998112
"9767_1",0.002044
"4054_3",0.002587
"9783_3",0.002748
"3116_2",0.002594
"4631_10",0.998258
"7228_1",0.002213
"2744_8",0.972337
"6028_10",0.997162
"10812_9",0.995909
"417_10",0.997944
"11876_10",0.998431
"946_7",0.809255
"8265_10",0.998430
"6833_10",0.998001
"4150_4",0.003031
"899_9",0.997260
"223_10",0.996730
"7369_3",0.004706
"5075_8",0.311352
"6634_1",0.001749
"3486_8",0.995695
"11473_1",0.007529
"3276_10",0.997543
"3272_2",0.004479
"2727_3",0.045628
"4134_7",0.851025
"5744_3",0.014682
"8715_1",0.001998
"4812_1",0.001730
"6841_1",0.002240
"6822_1",0.708006
"3211_4",0.022754
"5489_2",0.002237
"1168_1",0.002486
"3056_9",0.997655
"4516_10",0.997549
"9542_1",0.001739
"4400_10",0.998309
"2766_10",0.998005
"6470_8",0.996559
"5434_1",0.009386
"1406_4",0.079426
"11479_8",0.997245
"9881_10",0.890519
"10276_1",0.001635
"2875_8",0.993514
"1254_2",0.003020
"8017_10",0.970250
"9694_10",0.969176
"9522_1",0.003419
"11379_2",0.003266
"7357_10",0.997842
"6080_9",0.997980
"2039_10",0.998442
"7086_8",0.998036
"4757_10",0.998165
"2472_10",0.995402
"9442_1",0.001541
"12438_10",0.994642
"747_8",0.994780
"6786_4",0.767975
"11942_8",0.993977
"8611_9",0.998073
"9240_8",0.997343
"7411_4",0.001728
"5196_4",0.001770
"5709_3",0.002359
"6758_3",0.002440
"1933_9",0.997138
"4464_8",0.997379
"11100_9",0.053013
"3636_10",0.997317
"12328_1",0.412162
"6783_4",0.002763
"11381_10",0.998510
"4509_3",0.004395
"4775_7",0.446764
"10633_8",0.946447
"9161_1",0.002315
"2277_8",0.998228
"7402_10",0.987989
"2713_1",0.001745
"1312_1",0.001660
"3633_1",0.748271
"8943_10",0.998385
"11734_3",0.050302
"12120_7",0.980935
"6285_1",0.043830
"9296_1",0.001561
"8696_9",0.998134
"7243_10",0.997092
"10135_8",0.749698
"6094_10",0.997994
"6962_4",0.020552
"3916_1",0.001757
"3650_10",0.995844
"58_8",0.998166
"10858_1",0.002272
"11894_8",0.997884
"759_1",0.002101
"10311_1",0.987666
"1127_10",0.997450
"6723_7",0.990214
"4966_7",0.993368
"7196_4",0.013524
"6244_1",0.001904
"9510_10",0.998342
"3471_10",0.997801
"9840_2",0.134996
"11886_9",0.959307
"7880_10",0.996186
"6358_10",0.997285
"6280_2",0.002688
"2580_3",0.002684
"122_4",0.004744
"5713_2",0.002161
"7187_7",0.861326
"8601_8",0.992060
"52_10",0.998327
"2447_7",0.989375
"4828_4",0.001945
"5371_1",0.002578
"5066_1",0.001940
"12184_2",0.010346
"85_2",0.002352
"10067_7",0.997899
"3999_9",0.998405
"11623_10",0.997360
"10826_4",0.002547
"3780_1",0.001844
"10195_1",0.001700
"7875_4",0.001989
"8510_4",0.004718
"9916_2",0.002248
"10023_4",0.006349
"6870_8",0.997034
"4753_9",0.997934
"11120_7",0.081851
"2516_10",0.963142
"1719_10",0.996034
"4426_4",0.003042
"7835_7",0.238620
"5148_7",0.687528
"2997_7",0.992755
"2211_7",0.997235
"626_4",0.982001
"779_1",0.005646
"9712_10",0.995530
"1504_9",0.997757
"8903_3",0.002571
"359_7",0.995290
"7465_7",0.997606
"10966_2",0.005245
"8227_2",0.116674
"10746_2",0.002400
"10356_1",0.017595
"12286_1",0.001571
"11128_7",0.976049
"12489_3",0.003123
"1264_1",0.001780
"3871_10",0.997989
"9248_10",0.110030
"3094_4",0.043704
"7472_9",0.997371
"3537_2",0.014079
"9727_2",0.003706
"5453_8",0.997831
"2283_10",0.998146
"7533_2",0.002332
"6468_1",0.001653
"12274_9",0.997352
"10713_3",0.002284
"8518_7",0.996395
"1838_10",0.998386
"5304_1",0.002616
"4227_1",0.005885
"5342_9",0.996533
"1754_8",0.995032
"4800_1",0.001794
"10717_3",0.010691
"1919_1",0.001521
"6851_7",0.246487
"322_8",0.033281
"3028_4",0.005119
"7463_2",0.002414
"7999_1",0.001893
"3036_1",0.002578
"11154_7",0.994232
"10501_1",0.001879
"12272_8",0.997956
"1738_8",0.997350
"3242_1",0.002165
"6178_4",0.004695
"3405_4",0.878546
"4663_7",0.996843
"11348_1",0.001718
"7304_1",0.001570
"2962_1",0.001928
"11701_8",0.997493
"9354_9",0.998071
"9846_7",0.995641
"12496_10",0.993117
"5652_1",0.002388
"7371_9",0.997465
"10131_3",0.002423
"9826_4",0.006286
"6141_10",0.998274
"7472_3",0.004556
"2622_8",0.957113
"10281_9",0.998435
"8668_2",0.001747
"2348_9",0.997076
"12047_2",0.001802
"11373_10",0.998133
"4254_1",0.001801
"524_1",0.463993
"5808_1",0.002763
"515_1",0.002044
"6414_9",0.996886
"8938_8",0.997161
"12391_8",0.997585
"776_8",0.998037
"12197_7",0.995172
"4582_1",0.832496
"3638_10",0.998208
"6338_3",0.683835
"1165_2",0.002800
"5574_1",0.002327
"7319_2",0.001735
"595_10",0.998062
"6694_1",0.001965
"12209_3",0.005777
"3268_10",0.991151
"12492_4",0.018180
"4738_10",0.998001
"947_3",0.005011
"7726_10",0.995572
"94_10",0.934223
"11760_1",0.012718
"10978_10",0.998359
"10072_1",0.001637
"2346_10",0.997811
"5008_9",0.997499
"5135_2",0.002595
"7979_3",0.996852
"10863_10",0.009651
"2862_9",0.995283
"7562_9",0.998414
"8023_4",0.002602
"341_9",0.997617
"6321_4",0.004547
"9936_1",0.002063
"9581_10",0.998343
"3750_2",0.003154
"8298_2",0.004042
"5900_10",0.997941
"6308_1",0.001909
"1609_10",0.997280
"11054_1",0.001923
"7031_3",0.002026
"9507_9",0.998117
"3121_1",0.001788
"7521_1",0.001978
"4830_1",0.002398
"6686_2",0.002142
"1618_10",0.581927
"2190_10",0.998416
"6943_8",0.912798
"1385_7",0.998217
"544_8",0.997629
"3225_10",0.997972
"1044_3",0.002767
"11691_7",0.024865
"6124_3",0.004853
"7326_1",0.001880
"1471_10",0.995574
"5010_1",0.001715
"2695_9",0.993632
"1222_2",0.002920
"1012_8",0.003251
"5459_1",0.002774
"4734_1",0.001660
"3138_8",0.997998
"5674_7",0.997865
"6815_1",0.001816
"8285_10",0.998169
"5504_10",0.997921
"6800_4",0.002913
"5292_10",0.998310
"5121_1",0.001785
"9861_1",0.426228
"2645_10",0.998443
"9422_7",0.997312
"5144_1",0.001847
"3877_9",0.995700
"7822_8",0.998206
"3324_2",0.003501
"5559_3",0.002327
"9969_3",0.006624
"2296_2",0.025482
"10021_9",0.997954
"11111_1",0.001846
"1371_1",0.001911
"4321_9",0.959866
"9706_7",0.881759
"11782_1",0.001710
"141_1",0.004066
"3106_7",0.997045
"1817_10",0.998035
"4508_10",0.997844
"10922_3",0.002511
"2304_7",0.862609
"2229_4",0.017989
"4283_9",0.998112
"9087_2",0.005289
"6003_9",0.997800
"12126_8",0.998422
"6067_10",0.998130
"8714_9",0.998074
"11932_1",0.002273
"2293_8",0.998248
"6184_8",0.961276
"8448_2",0.009660
"8269_3",0.002195
"7495_7",0.992352
"8282_10",0.998019
"2351_7",0.993826
"11688_7",0.996881
"3805_8",0.993470
"5158_1",0.001559
"12476_8",0.996983
"8265_1",0.005447
"2194_10",0.998171
"3465_3",0.002163
"5234_10",0.998031
"6903_10",0.975190
"8085_1",0.001772
"869_7",0.994642
"12034_1",0.001823
"6297_10",0.998111
"3194_1",0.001954
"8725_1",0.040260
"9563_10",0.997563
"11075_1",0.001733
"5734_10",0.997729
"5357_2",0.001743
"6453_10",0.997147
"3263_3",0.575898
"12360_7",0.998166
"6477_1",0.010114
"11863_8",0.996566
"8459_3",0.005321
"10594_10",0.973350
"2237_1",0.004609
"7511_7",0.992942
"3626_3",0.736116
"6288_2",0.001942
"125_7",0.993425
"3318_7",0.988671
"5525_7",0.007304
"9695_1",0.001584
"5917_8",0.987058
"8486_7",0.950507
"6032_3",0.002308
"7759_9",0.995665
"3456_10",0.998543
"1692_3",0.015460
"2107_3",0.002057
"11215_2",0.002616
"1309_7",0.997156
"6650_8",0.997759
"5722_9",0.998176
"4479_4",0.008594
"347_7",0.996412
"9399_10",0.998312
"2475_1",0.003009
"8229_3",0.069762
"4869_2",0.001766
"9691_1",0.002429
"1227_3",0.002149
"360_3",0.005076
"10047_1",0.001655
"1607_3",0.005043
"797_1",0.004364
"9489_2",0.006464
"1742_7",0.986083
"10531_3",0.054779
"4947_1",0.002215
"10873_8",0.844049
"1429_7",0.993253
"10962_3",0.002008
"3305_4",0.152571
"12160_8",0.991855
"9236_1",0.002283
"3718_1",0.001757
"3434_8",0.995713
"10933_8",0.996930
"798_10",0.997713
"9879_9",0.876925
"6644_10",0.996932
"10978_1",0.002606
"7867_2",0.003861
"4369_2",0.001676
"1251_4",0.003949
"1500_2",0.002460
"7574_10",0.997579
"5470_1",0.002151
"2407_10",0.990432
"3451_3",0.003508
"9385_1",0.010451
"4078_8",0.841733
"3229_1",0.001854
"1786_8",0.991655
"5173_2",0.002546
"1211_8",0.978735
"4303_1",0.004759
"6011_3",0.002455
"4513_4",0.002547
"11745_9",0.998317
"9675_9",0.998141
"11981_3",0.002077
"5977_10",0.983972
"5023_4",0.008276
"8704_9",0.997886
"8644_10",0.995334
"10557_3",0.001719
"6549_7",0.997508
"5557_3",0.001732
"6402_2",0.009621
"2642_4",0.008194
"11796_10",0.987045
"7102_1",0.001757
"7968_8",0.996362
"11764_7",0.874246
"9415_9",0.997263
"4817_8",0.996184
"1007_4",0.004145
"10943_9",0.991849
"7280_10",0.997745
"6068_2",0.002650
"845_10",0.988865
"8377_3",0.001566
"8445_9",0.998418
"563_4",0.990676
"8761_9",0.997227
"1552_1",0.001683
"9630_1",0.001732
"6444_7",0.995465
"3188_1",0.001836
"2142_4",0.003126
"2045_10",0.997986
"2477_10",0.996922
"2597_1",0.001651
"3137_8",0.996200
"1345_1",0.005414
"8498_7",0.996738
"6550_4",0.954637
"9583_9",0.997817
"7506_7",0.995905
"9316_7",0.997257
"11473_10",0.997844
"3003_10",0.997037
"8532_7",0.817047
"5654_1",0.004085
"822_10",0.940943
"1312_10",0.998326
"9665_4",0.901457
"4442_10",0.997740
"11758_7",0.998332
"11185_1",0.010588
"11588_3",0.828569
"3366_10",0.997922
"7050_8",0.975490
"4778_4",0.002538
"1_3",0.002883
"2838_2",0.002463
"6910_8",0.993309
"3257_8",0.998046
"9111_7",0.997246
"6458_7",0.992299
"5622_8",0.996739
"12469_7",0.996111
"9670_10",0.998356
"8092_4",0.001939
"1683_9",0.747814
"6181_4",0.003160
"8965_8",0.995636
"5186_1",0.001567
"1250_2",0.002386
"4705_10",0.997645
"10261_8",0.997666
"350_4",0.978516
"12302_3",0.001960
"776_1",0.983982
"7424_10",0.998362
"10383_8",0.998004
"360_9",0.998339
"5798_10",0.997633
"10720_4",0.014045
"6009_8",0.997876
"2319_8",0.997834
"7053_10",0.997576
"11210_8",0.998270
"1985_10",0.993430
"6056_1",0.003887
"10315_1",0.002007
"9_4",0.009056
"6530_4",0.002946
"1367_10",0.949566
"4564_2",0.002190
"4343_10",0.165247
"654_3",0.006187
"4857_1",0.001764
"1377_10",0.996808
"8072_10",0.998085
"11433_7",0.997768
"6586_1",0.002067
"10255_1",0.004248
"350_10",0.995549
"6853_8",0.996597
"3693_10",0.997483
"2589_10",0.994166
"895_1",0.002270
"6854_7",0.996307
"1274_2",0.003519
"9179_8",0.997921
"10141_8",0.991120
"10727_9",0.998461
"1158_7",0.997420
"9949_3",0.003871
"7798_10",0.997053
"5964_7",0.994629
"11221_10",0.998100
"3053_3",0.003805
"8817_9",0.997303
"5850_2",0.001821
"9635_3",0.002061
"5000_10",0.998397
"10040_2",0.004672
"3065_1",0.003089
"2196_1",0.010327
"12428_7",0.995882
"8454_1",0.003661
"11456_10",0.997231
"5918_4",0.005486
"10687_7",0.997985
"10507_7",0.340880
"9051_8",0.997566
"6315_4",0.003997
"11266_10",0.996669
"5890_3",0.003901
"6257_8",0.989548
"2923_8",0.996914
"2952_1",0.002113
"7269_8",0.998494
"1116_1",0.002331
"11084_1",0.003655
"10287_1",0.001933
"5704_9",0.994873
"11218_8",0.997956
"12275_2",0.005546
"1414_4",0.005049
"7998_4",0.008422
"3286_1",0.001853
"2515_1",0.003276
"851_1",0.003136
"5181_10",0.998489
"5358_9",0.997938
"2677_10",0.997490
"34_8",0.997711
"9232_8",0.994638
"5835_10",0.997556
"10796_4",0.990663
"5553_8",0.998063
"666_4",0.330836
"9450_1",0.001785
"10820_8",0.997623
"7994_10",0.996725
"8948_9",0.998026
"3301_2",0.002501
"2801_1",0.001777
"4934_2",0.002746
"1539_10",0.998107
"10949_4",0.002509
"4394_10",0.998280
"4098_8",0.004498
"1617_7",0.008094
"9569_3",0.003931
"8593_1",0.002512
"3449_1",0.002223
"8372_1",0.001640
"815_7",0.995675
"348_7",0.517463
"7220_1",0.002061
"2633_1",0.001633
"1752_3",0.041102
"3347_2",0.003191
"4967_7",0.997067
"10910_8",0.997983
"3147_1",0.003984
"7791_4",0.006191
"1588_7",0.861272
"8405_2",0.003750
"3826_10",0.997667
"3178_2",0.001970
"4420_4",0.425194
"246_2",0.006963
"8462_7",0.998230
"8264_3",0.006007
"2695_3",0.003153
"7258_4",0.022966
"5787_8",0.995030
"11668_2",0.001988
"5529_4",0.997190
"8923_2",0.001854
"4784_1",0.001822
"7730_1",0.355354
"4455_4",0.004573
"6416_1",0.002172
"87_1",0.001823
"9548_8",0.998054
"1285_1",0.001616
"7695_10",0.997796
"4364_10",0.998221
"9394_8",0.618862
"1253_1",0.002300
"2481_1",0.004178
"6790_1",0.002206
"9989_10",0.998127
"1483_8",0.998052
"8772_1",0.002421
"2993_10",0.994969
"1801_1",0.975077
"9434_1",0.001644
"7938_10",0.998417
"2262_1",0.002012
"5076_1",0.002367
"10994_2",0.002565
"4749_7",0.982760
"8309_8",0.985993
"7031_10",0.998505
"2711_3",0.002877
"8655_7",0.994492
"11329_4",0.995103
"9076_3",0.023144
"11647_10",0.998226
"7934_1",0.003751
"9114_1",0.001824
"6510_7",0.988869
"11487_1",0.001561
"2348_3",0.007913
"12325_1",0.001671
"6405_10",0.947851
"357_7",0.998367
"12253_10",0.855504
"4927_10",0.997330
"8636_1",0.002995
"11184_10",0.997348
"9974_3",0.227668
"6516_1",0.987263
"2167_9",0.990972
"10794_10",0.998101
"966_4",0.003226
"10040_10",0.998029
"5940_9",0.006298
"9181_8",0.994866
"2196_8",0.998040
"6361_4",0.002904
"4243_9",0.513658
"581_9",0.998390
"7195_1",0.001875
"2986_10",0.998392
"4344_1",0.001812
"7176_10",0.996929
"7857_10",0.997157
"6487_1",0.001899
"3692_10",0.998400
"12198_10",0.995887
"10569_7",0.995146
"9850_2",0.938953
"6415_1",0.002256
"6373_10",0.997760
"5103_1",0.002896
"11048_8",0.997489
"2055_1",0.001976
"2920_1",0.002277
"8667_3",0.005079
"7059_3",0.057591
"3887_2",0.002573
"12356_10",0.728494
"5402_2",0.003439
"10274_8",0.996280
"11831_4",0.008216
"5375_7",0.997580
"7875_7",0.781093
"2733_8",0.091547
"6420_8",0.996939
"2240_10",0.860982
"10627_9",0.997839
"7319_8",0.996433
"7782_1",0.001750
"857_1",0.001930
"351_4",0.989723
"9260_10",0.988626
"6891_10",0.997960
"8205_10",0.949608
"1179_3",0.002444
"9061_4",0.006193
"3571_9",0.997631
"11352_9",0.998489
"11770_10",0.998072
"10714_2",0.002704
"5397_3",0.002603
"2360_1",0.001707
"9459_4",0.996333
"7493_1",0.005733
"6799_10",0.998390
"2313_8",0.998019
"7602_10",0.998266
"1731_10",0.997885
"8502_10",0.997481
"5632_1",0.001819
"3723_10",0.997895
"6473_3",0.011692
"3596_3",0.001608
"8583_7",0.996563
"10902_1",0.001708
"1032_1",0.005906
"2931_1",0.002015
"9930_3",0.005399
"11825_10",0.998163
"5384_10",0.995369
"2492_4",0.013920
"5008_4",0.005272
"7334_4",0.002839
"10082_8",0.970166
"1395_1",0.001705
"8140_7",0.039575
"2400_8",0.998309
"11462_2",0.005960
"6632_10",0.997870
"11499_3",0.004351
"5576_1",0.017182
"1172_7",0.998150
"3053_8",0.997473
"4119_1",0.002168
"8165_2",0.010858
"8333_8",0.996975
"2242_1",0.001796
"6132_1",0.001970
"12270_9",0.997591
"11456_4",0.006727
"6898_1",0.001827
"2512_2",0.002497
"7045_7",0.995742
"2808_4",0.002391
"6257_4",0.001676
"1971_7",0.997535
"10565_10",0.997891
"930_10",0.994624
"196_9",0.997483
"6535_1",0.003159
"5257_1",0.001785
"6759_4",0.008201
"5016_2",0.001782
"10959_1",0.020468
"4450_10",0.998405
"6678_10",0.998349
"11286_8",0.996742
"7200_8",0.998331
"6660_7",0.992479
"12481_10",0.998424
"10278_4",0.004692
"6233_8",0.987731
"579_1",0.002012
"8519_3",0.024266
"1220_10",0.997455
"2342_10",0.998237
"1860_1",0.001834
"7273_3",0.969734
"4653_2",0.547911
"6878_4",0.014381
"502_7",0.993411
"2406_2",0.002694
"2021_1",0.001614
"874_8",0.996898
"4949_2",0.041375
"5054_3",0.013030
"689_7",0.997114
"9643_7",0.997511
"6445_3",0.003670
"2377_9",0.994956
"6107_8",0.532941
"10368_8",0.998257
"10444_1",0.001679
"5498_1",0.002620
"1018_7",0.997824
"2718_9",0.108436
"2418_2",0.007279
"7412_7",0.002385
"213_10",0.997052
"9417_2",0.003178
"1194_2",0.001867
"9366_8",0.997758
"4769_1",0.001742
"6667_9",0.998214
"9361_2",0.003666
"2182_8",0.997572
"10677_4",0.975633
"3931_10",0.764810
"120_9",0.998189
"10837_10",0.997854
"10830_1",0.001612
"3679_2",0.002841
"9094_9",0.997105
"7880_2",0.008528
"4969_9",0.997455
"3418_3",0.002181
"5490_4",0.004251
"264_10",0.997735
"1602_10",0.997359
"5019_9",0.985479
"12000_9",0.997194
"10794_4",0.007280
"2504_3",0.987296
"12340_4",0.012048
"7732_2",0.002616
"2028_1",0.001780
"3986_4",0.002042
"5100_10",0.998048
"2135_1",0.003435
"10227_7",0.934098
"4413_1",0.776402
"5205_2",0.001525
"45_9",0.997270
"12151_10",0.995378
"11055_1",0.001936
"2632_9",0.997719
"7047_3",0.002313
"1915_1",0.002580
"9666_10",0.998048
"10027_1",0.002311
"11024_2",0.001936
"6482_7",0.997548
"8060_3",0.002160
"9876_8",0.996594
"3839_1",0.002091
"3682_9",0.997623
"5962_3",0.027291
"222_3",0.001779
"10460_10",0.997939
"8543_1",0.015731
"9443_1",0.001609
"10201_1",0.998024
"5046_9",0.998046
"5899_1",0.005516
"10140_1",0.002032
"5009_1",0.003324
"4626_8",0.997504
"9033_10",0.997900
"3243_9",0.997930
"6379_1",0.001985
"4949_8",0.996713
"6119_10",0.997608
"10336_7",0.996219
"7344_1",0.002258
"3294_7",0.997850
"4385_2",0.002991
"2172_9",0.998181
"8295_3",0.001931
"1031_10",0.997775
"7577_10",0.997691
"6778_4",0.003633
"3154_2",0.003259
"9585_7",0.997923
"3445_2",0.002251
"7416_3",0.788157
"9780_10",0.998497
"480_10",0.997934
"837_4",0.017759
"10166_8",0.998002
"3695_7",0.688342
"12417_9",0.867361
"3932_3",0.002393
"11790_3",0.004691
"6917_9",0.998067
"1975_4",0.626374
"11249_10",0.003707
"7366_7",0.996726
"4579_8",0.997704
"8415_10",0.997924
"2004_1",0.418391
"7599_3",0.002960
"12259_8",0.954713
"11005_7",0.996941
"11914_7",0.489803
"8498_1",0.001806
"944_2",0.001919
"7183_10",0.997316
"4422_10",0.998020
"6791_10",0.996671
"9286_1",0.003791
"3325_10",0.998087
"5599_2",0.001814
"3064_1",0.002093
"209_4",0.002104
"1904_10",0.991868
"10699_3",0.027612
"577_3",0.004328
"3157_1",0.004184
"1582_2",0.002056
"8044_2",0.002458
"11208_1",0.900708
"4708_3",0.124519
"10439_8",0.997205
"11083_7",0.576773
"8066_3",0.001865
"11327_8",0.998293
"9224_1",0.004544
"2165_8",0.962449
"9892_10",0.997985
"4402_1",0.001668
"11804_10",0.998335
"1296_8",0.997259
"10562_1",0.002400
"5003_10",0.998087
"10448_1",0.001800
"3274_7",0.997781
"6344_4",0.022905
"8129_4",0.002582
"9525_2",0.001755
"661_1",0.001926
"9398_3",0.002941
"3639_7",0.997848
"5527_7",0.991259
"7790_3",0.007664
"9550_1",0.007606
"2042_3",0.002646
"366_1",0.001764
"8446_3",0.938360
"7859_1",0.002010
"5587_3",0.003162
"10604_3",0.001751
"5245_1",0.001750
"804_8",0.997262
"9098_3",0.025697
"6240_10",0.998251
"3960_10",0.998228
"10536_8",0.998073
"8793_1",0.002092
"1586_1",0.001632
"7131_9",0.991713
"11338_9",0.998316
"1053_4",0.004302
"11170_4",0.003038
"6806_1",0.003361
"3741_4",0.003859
"1231_7",0.955268
"5499_8",0.998237
"12452_3",0.205680
"5331_9",0.998254
"3302_7",0.026131
"6214_8",0.998347
"6908_1",0.001868
"8510_8",0.056787
"10522_10",0.997421
"2844_2",0.004415
"11797_3",0.002196
"11237_10",0.996653
"6762_3",0.002560
"897_1",0.005059
"10312_9",0.997856
"10272_1",0.001811
"10814_9",0.996211
"4504_1",0.001621
"9389_9",0.991828
"9035_1",0.001762
"11306_1",0.002262
"6309_4",0.055257
"5179_10",0.996291
"6099_4",0.002240
"887_8",0.997369
"10220_10",0.998214
"286_10",0.960712
"5809_10",0.997668
"7725_3",0.002762
"9722_7",0.996779
"9104_7",0.983776
"7313_7",0.997933
"1706_1",0.003292
"11737_4",0.011037
"11203_10",0.997318
"7767_4",0.004162
"1822_1",0.001715
"5113_8",0.993254
"5456_9",0.993994
"6005_1",0.003333
"2026_2",0.001725
"1379_1",0.002476
"3048_10",0.998174
"5070_10",0.951956
"8985_1",0.002129
"1643_1",0.005728
"400_1",0.001585
"7546_10",0.997798
"3438_4",0.007307
"12136_8",0.979806
"6850_2",0.024941
"9054_8",0.997046
"1555_10",0.998360
"7103_1",0.002512
"6218_1",0.001850
"1619_3",0.001551
"5187_8",0.991744
"8575_2",0.002045
"1593_10",0.997460
"3910_1",0.002334
"5743_10",0.994561
"3061_8",0.235891
"9633_8",0.998307
"2488_9",0.987912
"11711_4",0.003212
"11282_10",0.997432
"8919_10",0.996798
"6139_10",0.997939
"8032_1",0.001948
"4287_4",0.004252
"11044_1",0.002701
"11123_8",0.997196
"1828_9",0.997515
"4232_3",0.004335
"7258_9",0.998463
"1078_4",0.003208
"9967_10",0.984189
"4975_3",0.002351
"9974_8",0.987940
"424_2",0.001732
"7181_9",0.997159
"10703_3",0.010728
"3157_10",0.997696
"11096_10",0.998343
"2185_10",0.997799
"2779_4",0.026857
"9342_1",0.001542
"3615_8",0.997338
"6777_10",0.998098
"5440_8",0.993812
"706_1",0.227964
"5909_8",0.997110
"9578_3",0.008327
"3393_4",0.002879
"428_3",0.002912
"651_9",0.998229
"12433_8",0.996230
"8643_4",0.090215
"5826_10",0.998178
"4060_1",0.002611
"3310_8",0.997202
"8941_3",0.013656
"11493_7",0.997413
"7896_8",0.996888
"541_7",0.997308
"10614_1",0.018252
"3751_1",0.001777
"7851_8",0.993348
"5940_1",0.013797
"911_1",0.001541
"1233_1",0.002025
"4995_1",0.653360
"2771_9",0.997780
"5085_8",0.995865
"6521_8",0.995284
"8106_3",0.002099
"2962_7",0.025793
"1621_9",0.997459
"4981_8",0.996190
"11884_2",0.002180
"6038_10",0.997859
"7118_10",0.996661
"10365_1",0.001634
"677_9",0.997975
"95_10",0.998362
"8211_3",0.043046
"11906_8",0.991452
"3038_2",0.004630
"10503_1",0.001643
"11260_4",0.004585
"11333_3",0.001833
"6954_10",0.997237
"143_8",0.443310
"6458_3",0.003024
"8784_2",0.001513
"2604_1",0.002318
"4374_9",0.996442
"1323_3",0.006671
"2647_2",0.331498
"363_3",0.008976
"7556_1",0.764694
"11101_4",0.007267
"8945_7",0.996628
"10630_4",0.003127
"11174_8",0.997437
"7927_3",0.011489
"8433_1",0.001630
"8814_1",0.001758
"11746_8",0.998458
"2462_10",0.997044
"10036_1",0.001541
"10628_1",0.002070
"4782_1",0.001774
"11244_8",0.996207
"4815_1",0.001934
"6974_7",0.998229
"10180_1",0.002252
"3538_1",0.001873
"9319_9",0.997278
"3542_2",0.001916
"5583_1",0.001651
"215_8",0.998166
"6949_1",0.001848
"11401_10",0.997361
"3468_4",0.005251
"9478_7",0.988293
"12368_2",0.003100
"7534_4",0.009371
"9256_2",0.006868
"2192_10",0.997800
"10617_3",0.007651
"1464_1",0.001793
"969_4",0.008506
"702_7",0.982969
"470_10",0.998501
"2575_1",0.001822
"3059_2",0.001964
"7229_3",0.002069
"7437_3",0.002505
"2560_7",0.935073
"8444_4",0.002678
"1900_4",0.997073
"9057_4",0.183232
"10101_4",0.001921
"4914_2",0.001833
"11896_4",0.019654
"10430_1",0.001965
"786_3",0.003398
"9834_1",0.005483
"2040_1",0.001653
"1435_3",0.002458
"168_8",0.993402
"6504_9",0.998075
"3677_1",0.001604
"3652_10",0.998463
"9821_10",0.997847
"8695_8",0.997180
"5728_10",0.997000
"2856_8",0.997457
"11548_3",0.008759
"9435_7",0.996854
"7910_2",0.003430
"4658_7",0.912351
"10111_1",0.001677
"12306_1",0.001673
"6380_9",0.991103
"3507_10",0.997922
"11085_7",0.996826
"4268_8",0.995136
"1702_2",0.035832
"3045_9",0.998324
"3338_2",0.003677
"9288_8",0.998192
"1580_8",0.997890
"11976_10",0.976510
"9216_1",0.001560
"2015_10",0.998034
"7665_2",0.002397
"10545_2",0.002013
"3819_4",0.901735
"8005_10",0.990727
"772_1",0.001689
"3882_3",0.002250
"9001_8",0.998121
"3000_1",0.001554
"3357_4",0.004902
"2559_4",0.093954
"2178_4",0.003689
"2249_9",0.998222
"9616_10",0.998274
"11797_9",0.997663
"9061_10",0.997960
"10994_10",0.997903
"1076_3",0.001818
"10774_2",0.002161
"10983_10",0.997675
"9271_10",0.998024
"3205_9",0.997895
"4987_4",0.460332
"10926_1",0.003790
"9150_8",0.976892
"614_2",0.002927
"12332_4",0.993549
"9100_2",0.003468
"10499_8",0.004273
"6143_9",0.997955
"4113_8",0.995890
"4705_4",0.003154
"3115_1",0.001871
"1041_2",0.007643
"11601_9",0.971089
"11045_8",0.994022
"10615_8",0.978223
"7631_7",0.994051
"11829_3",0.002005
"6941_1",0.002003
"112_10",0.992641
"4220_8",0.985784
"2812_10",0.997952
"10221_2",0.003052
"1944_9",0.989945
"5866_8",0.996831
"11615_1",0.001723
"3066_10",0.997927
"5757_3",0.001844
"10569_1",0.001668
"10633_3",0.001972
"58_3",0.002473
"1126_10",0.997971
"4357_10",0.997966
"6768_4",0.963176
"11354_10",0.998170
"6412_10",0.997924
"7547_1",0.002142
"5198_10",0.997953
"5697_3",0.010114
"9757_3",0.003533
"8034_3",0.001911
"8612_8",0.990512
"8691_7",0.441743
"6731_3",0.004594
"12190_1",0.001970
"3180_1",0.001615
"11068_10",0.997403
"3752_4",0.002247
"1995_3",0.007827
"5517_10",0.997740
"6532_9",0.997948
"4435_1",0.002000
"5527_4",0.004361
"5059_4",0.002641
"12044_4",0.066318
"3479_3",0.002583
"8399_8",0.721051
"8897_7",0.997813
"8342_9",0.985368
"7018_3",0.003126
"2497_7",0.960221
"10152_1",0.001807
"11583_4",0.003639
"3156_10",0.787630
"5259_4",0.003294
"2581_1",0.002000
"5224_7",0.842561
"9024_3",0.002466
"8026_10",0.995693
"9588_3",0.005511
"11001_1",0.001692
"6432_9",0.997943
"8524_9",0.998187
"12457_3",0.001873
"8426_8",0.997919
"11355_10",0.997868
"10337_1",0.001627
"11911_3",0.005982
"2655_10",0.995978
"4265_3",0.018957
"6542_3",0.077820
"9681_1",0.001807
"287_8",0.995276
"1864_1",0.001525
"7655_4",0.028144
"3613_7",0.994020
"11041_1",0.005619
"12070_8",0.845877
"10856_10",0.998264
"7365_4",0.003887
"10025_8",0.996266
"4693_10",0.998160
"9580_7",0.997701
"4669_2",0.003017
"274_9",0.998152
"1570_2",0.009472
"11040_8",0.998039
"2243_7",0.693630
"7043_10",0.983244
"3719_2",0.001699
"7635_7",0.220272
"2327_2",0.001770
"4229_9",0.995758
"4121_3",0.002833
"6064_1",0.001954
"364_10",0.997812
"1161_10",0.997897
"463_1",0.001715
"9291_4",0.993555
"8827_1",0.002341
"2292_1",0.001701
"6935_9",0.995447
"9226_1",0.002027
"7612_4",0.022575
"8575_7",0.473346
"3475_1",0.001980
"1880_7",0.878735
"7265_7",0.998121
"8626_1",0.001564
"733_1",0.002880
"12100_10",0.998260
"1069_10",0.998442
"11364_10",0.997051
"5496_1",0.001758
"7253_1",0.001733
"3159_1",0.019200
"9131_10",0.998498
"413_4",0.985524
"10818_1",0.001586
"479_3",0.163507
"173_7",0.997503
"9522_10",0.998073
"333_10",0.998056
"2819_1",0.001600
"5723_8",0.998035
"99_10",0.998445
"7247_4",0.835115
"4711_9",0.998000
"8555_3",0.002491
"6330_10",0.998384
"8921_1",0.002269
"803_10",0.992993
"6219_1",0.001824
"10077_3",0.002846
"1274_7",0.997910
"2307_3",0.002373
"8114_8",0.997858
"1503_1",0.001619
"2004_10",0.997243
"712_3",0.002713
"557_4",0.987298
"9651_8",0.997695
"11701_4",0.002895
"6325_9",0.997312
"1684_1",0.001621
"1435_10",0.998178
"5754_10",0.997715
"12098_10",0.996256
"3707_10",0.996730
"2521_1",0.018269
"1793_1",0.002426
"2725_3",0.019803
"5051_8",0.998136
"2691_7",0.996817
"4111_10",0.997971
"3239_3",0.002295
"8124_8",0.997105
"4990_4",0.002493
"9565_9",0.998403
"6657_3",0.002971
"5882_4",0.003474
"8571_1",0.845130
"6815_10",0.998168
"487_10",0.937944
"11567_9",0.998304
"10631_1",0.001780
"7070_2",0.001754
"8708_10",0.998149
"1889_4",0.485433
"1838_3",0.003077
"6383_3",0.002265
"4735_9",0.475016
"11430_7",0.990961
"11590_1",0.001695
"11023_3",0.006261
"10870_8",0.997234
"6734_10",0.998075
"10174_1",0.001914
"7905_10",0.993282
"9555_4",0.003997
"6303_9",0.998301
"1426_1",0.001870
"5482_8",0.979432
"7605_2",0.001714
"10249_1",0.002446
"2466_1",0.003925
"4055_1",0.002487
"9839_8",0.993176
"3953_9",0.998317
"6563_4",0.024514
"10776_4",0.004794
"7596_2",0.002647
"10490_9",0.998321
"3800_1",0.001977
"10669_1",0.008778
"6276_8",0.982108
"3110_1",0.001997
"12434_1",0.006953
"10189_1",0.001834
"10639_4",0.003572
"7734_1",0.004244
"8763_4",0.067781
"2702_1",0.004091
"10179_1",0.004198
"2317_7",0.994195
"4677_8",0.996485
"11805_7",0.995944
"1339_2",0.002550
"9919_4",0.006084
"1425_8",0.995837
"3926_7",0.659874
"12395_10",0.998228
"6284_4",0.001910
"11069_1",0.003001
"4998_10",0.998023
"8055_2",0.003056
"9179_3",0.001867
"11577_10",0.996934
"1480_1",0.001661
"4561_10",0.998047
"4698_10",0.998288
"9312_1",0.001782
"6561_4",0.011297
"8353_10",0.998309
"11580_3",0.004671
"10536_2",0.003053
"957_10",0.997232
"1768_8",0.997170
"12197_1",0.001824
"11459_10",0.991803
"2271_3",0.015234
"6973_1",0.003161
"4199_8",0.913114
"6582_8",0.995194
"5843_1",0.002090
"4140_9",0.997176
"11105_3",0.001996
"2395_3",0.001937
"10715_9",0.997958
"6611_7",0.998112
"2043_7",0.997024
"2884_9",0.956898
"4946_8",0.022568
"9642_7",0.981640
"5211_1",0.002019
"10661_9",0.997679
"4368_10",0.374425
"12086_4",0.004534
"6465_8",0.992820
"4706_1",0.001782
"4694_10",0.107585
"12150_10",0.998149
"208_3",0.004565
"2587_3",0.004588
"2804_3",0.018083
"2837_3",0.002093
"11070_1",0.001721
"11909_4",0.005871
"9945_10",0.995552
"9281_9",0.989303
"8458_2",0.009659
"9882_2",0.001828
"172_7",0.996812
"7632_2",0.001867
"12246_9",0.997682
"3889_1",0.001577
"11140_4",0.003447
"5240_9",0.997977
"7965_4",0.009063
"3387_3",0.001892
"10817_4",0.002042
"3332_10",0.968942
"1156_9",0.883039
"6585_1",0.002020
"7931_3",0.003324
"8268_4",0.002044
"6443_10",0.995130
"373_10",0.997764
"5912_4",0.005771
"11475_7",0.984016
"10738_4",0.006675
"11175_10",0.997245
"9008_2",0.010774
"2218_3",0.004912
"585_10",0.997988
"3448_2",0.018338
"3860_8",0.987760
"8335_7",0.960728
"1907_1",0.002093
"9169_9",0.977949
"10375_8",0.998077
"10432_4",0.629994
"11399_1",0.498873
"3430_7",0.997572
"2859_4",0.013241
"3899_10",0.998065
"9648_8",0.998103
"9233_8",0.995382
"10574_10",0.994898
"3489_4",0.020794
"8115_8",0.998266
"11495_8",0.997794
"6885_7",0.989496
"1534_10",0.969566
"11721_9",0.997374
"11610_10",0.993202
"2712_8",0.988986
"3140_10",0.989878
"4880_10",0.997347
"1592_10",0.998276
"425_10",0.997975
"5798_1",0.001564
"2212_8",0.997615
"2685_3",0.001537
"9625_2",0.002263
"8492_7",0.996230
"4932_3",0.975246
"1704_3",0.008058
"301_4",0.012869
"2599_10",0.013101
"2364_4",0.005734
"2323_3",0.003523
"1885_8",0.978899
"1232_1",0.001675
"12055_1",0.001884
"2894_10",0.998277
"5347_3",0.970246
"1799_4",0.038170
"7460_9",0.489305
"8798_10",0.998399
"2134_4",0.474599
"2964_2",0.076611
"345_3",0.008474
"2670_8",0.995966
"10282_10",0.998453
"5587_8",0.991911
"6115_2",0.001952
"6974_1",0.006245
"8500_10",0.997944
"5073_8",0.984623
"5291_8",0.997700
"11728_7",0.604110
"3207_4",0.001898
"2553_8",0.997802
"10896_10",0.997960
"9321_2",0.003014
"1484_4",0.002258
"2106_2",0.007435
"5487_4",0.002042
"4835_10",0.931755
"1023_3",0.003844
"11524_10",0.997988
"10672_7",0.992601
"9769_3",0.002029
"590_7",0.997938
"11530_3",0.002136
"349_2",0.003427
"2165_4",0.003959
"1574_9",0.969380
"2792_1",0.001980
"980_2",0.002116
"5745_7",0.994996
"4323_7",0.972523
"11569_7",0.997268
"3637_1",0.002244
"4511_1",0.003348
"8404_10",0.998082
"8947_4",0.037423
"12317_10",0.997868
"3927_4",0.287508
"461_8",0.998207
"11651_2",0.001739
"7697_4",0.001868
"7799_10",0.997997
"2111_8",0.995863
"9745_7",0.998214
"4419_4",0.005150
"9337_4",0.062232
"3908_10",0.996471
"9211_3",0.004173
"489_1",0.002091
"9229_8",0.398096
"381_1",0.001728
"1355_7",0.996071
"12100_1",0.002806
"6126_4",0.003008
"8315_8",0.998108
"7513_10",0.996952
"5547_1",0.007718
"8050_1",0.001841
"7332_1",0.039098
"9044_8",0.998077
"8491_1",0.006345
"1919_8",0.998519
"4076_7",0.997197
"9251_2",0.004037
"7325_10",0.998441
"177_8",0.986282
"8104_4",0.002038
"919_4",0.003578
"9417_8",0.997782
"9440_9",0.995368
"11105_9",0.997778
"7670_10",0.995701
"7404_8",0.988764
"5120_2",0.002567
"10153_1",0.002806
"1763_10",0.997940
"9316_4",0.914024
"6396_8",0.996684
"8865_10",0.998402
"4552_8",0.004381
"874_4",0.003632
"6690_2",0.001685
"11970_3",0.037431
"1202_4",0.098066
"6024_1",0.002133
"10117_9",0.997765
"9511_1",0.019992
"2314_10",0.995684
"6053_3",0.001858
"10165_2",0.005931
"8410_2",0.003152
"1457_1",0.002381
"9651_3",0.004354
"537_2",0.001915
"7191_3",0.966853
"10258_8",0.997299
"4774_8",0.984230
"3560_8",0.994543
"5960_1",0.002118
"881_4",0.002470
"2420_1",0.001887
"4959_4",0.002915
"7138_1",0.001665
"9317_10",0.996741
"5454_4",0.001826
"7450_9",0.997113
"9679_10",0.996712
"10988_3",0.004695
"2932_3",0.931991
"10110_1",0.001637
"9165_2",0.001765
"11712_2",0.001931
"8979_1",0.002102
"12426_3",0.001922
"1630_7",0.989058
"11990_10",0.673102
"5395_10",0.998240
"896_1",0.001843
"11463_9",0.996940
"7096_1",0.002309
"6198_10",0.997313
"8141_10",0.998257
"2650_10",0.997936
"12337_9",0.997692
"1995_10",0.995443
"6349_1",0.001904
"12270_2",0.001713
"12494_2",0.002214
"7081_4",0.016330
"3010_7",0.988131
"2924_2",0.001950
"3185_10",0.996922
"1377_2",0.399842
"4858_3",0.004722
"4351_3",0.002049
"6865_2",0.001913
"9527_3",0.002122
"6223_7",0.997516
"11598_4",0.612625
"10605_1",0.001800
"4609_2",0.001752
"3736_7",0.998279
"5615_1",0.002323
"11109_7",0.222103
"3924_3",0.002810
"7452_1",0.010711
"4288_8",0.956829
"8825_2",0.002194
"3168_7",0.998526
"6407_1",0.001815
"7016_3",0.004208
"129_1",0.001564
"9808_3",0.002212
"5620_10",0.991660
"6404_10",0.997631
"10781_1",0.002452
"2446_1",0.003141
"2191_10",0.997228
"10848_1",0.001470
"11201_10",0.995914
"6818_9",0.998363
"4607_7",0.160773
"2410_7",0.997736
"9656_9",0.998474
"7841_7",0.987907
"11422_7",0.946052
"7376_8",0.988875
"10804_8",0.994972
"11793_7",0.997963
"509_7",0.974081
"12459_10",0.998249
"354_10",0.994875
"2740_10",0.996076
"1469_1",0.002277
"9219_10",0.965607
"7248_7",0.987596
"5620_1",0.001834
"12160_1",0.003018
"6037_10",0.995791
"8338_1",0.002204
"1954_1",0.037688
"6996_9",0.997308
"9888_8",0.997736
"5470_7",0.996227
"11915_4",0.917255
"7057_4",0.826950
"10320_10",0.996897
"4447_3",0.018362
"9711_9",0.997640
"5077_3",0.001795
"10912_4",0.845806
"3224_3",0.025294
"9946_7",0.982417
"10650_4",0.994200
"9613_1",0.002472
"4909_3",0.001991
"5607_8",0.997607
"3315_1",0.001651
"9271_1",0.002363
"4248_4",0.034783
"5849_4",0.002938
"3944_1",0.001729
"3580_10",0.998026
"4592_1",0.001675
"6375_10",0.998159
"5955_9",0.998068
"11613_7",0.997279
"8278_10",0.997785
"11339_9",0.998440
"6813_2",0.004436
"3747_3",0.002343
"5916_1",0.002024
"3298_1",0.004533
"11303_1",0.001766
"5758_7",0.998033
"11652_9",0.997913
"8748_2",0.033134
"11092_2",0.002550
"8729_8",0.998044
"6332_4",0.005481
"3700_10",0.998388
"10507_2",0.002105
"2287_4",0.001727
"10549_10",0.998456
"3005_10",0.998261
"5657_1",0.001980
"873_8",0.904900
"2274_1",0.013285
"3208_4",0.003057
"2663_10",0.997447
"8134_7",0.004493
"7443_1",0.841871
"7507_8",0.997654
"1423_1",0.002706
"4014_1",0.002027
"9662_1",0.001885
"2512_9",0.998286
"8415_2",0.002537
"7672_3",0.002309
"5925_1",0.001865
"2654_2",0.001887
"1780_10",0.982179
"8813_9",0.997442
"9378_7",0.996969
"12120_3",0.004574
"8985_7",0.998318
"5771_3",0.001547
"7305_10",0.998187
"8681_4",0.009045
"7415_10",0.998223
"9346_8",0.997486
"9750_3",0.001828
"9083_9",0.997560
"12255_2",0.001682
"5035_1",0.002018
"12384_10",0.994731
"8381_4",0.005541
"825_1",0.002146
"2034_1",0.003408
"439_10",0.997344
"5753_10",0.996631
"10370_10",0.997682
"3395_2",0.002269
"8101_2",0.002777
"7885_1",0.003188
"3266_2",0.007979
"4623_4",0.002111
"8123_9",0.998276
"1787_1",0.001744
"4001_4",0.022111
"3530_2",0.001837
"684_1",0.001615
"744_10",0.996118
"8439_7",0.996261
"8678_9",0.997982
"11851_8",0.997253
"1237_2",0.002573
"4557_3",0.001555
"1847_10",0.998348
"4002_1",0.001725
"1620_1",0.002286
"549_10",0.998078
"4984_4",0.978952
"4673_8",0.940478
"1373_1",0.001902
"6927_1",0.264875
"9201_2",0.008547
"4293_7",0.998040
"826_3",0.002932
"6337_1",0.002855
"9978_9",0.998337
"11379_10",0.997979
"3874_1",0.010772
"9943_1",0.001591
"7236_4",0.289555
"7816_1",0.001664
"3849_8",0.998314
"1167_10",0.993631
"9667_3",0.003827
"2506_1",0.001614
"1372_10",0.973192
"6788_9",0.998026
"4792_2",0.001621
"7909_2",0.001884
"2213_2",0.001892
"434_1",0.001834
"9245_1",0.001718
"5822_10",0.998418
"5406_1",0.002966
"2011_1",0.001600
"6805_10",0.998332
"2557_2",0.001806
"4343_1",0.002233
"1493_4",0.002229
"947_8",0.005463
"9494_7",0.993289
"10228_10",0.958676
"707_10",0.998153
"2018_10",0.997792
"11093_10",0.997907
"11113_10",0.998258
"11596_1",0.002730
"7453_1",0.002248
"9045_8",0.997982
"12264_7",0.997982
"7271_9",0.997501
"4560_1",0.005431
"11223_1",0.002011
"3939_7",0.973963
"2714_2",0.007226
"1940_9",0.967724
"3640_10",0.998405
"1724_1",0.001986
"5383_3",0.004710
"7323_10",0.970683
"7345_4",0.002141
"775_9",0.998265
"11995_1",0.001553
"400_10",0.998241
"10279_4",0.003162
"673_8",0.308961
"4168_10",0.996429
"11761_7",0.995929
"491_9",0.997030
"11472_1",0.002425
"10045_7",0.249168
"9449_4",0.002413
"12496_3",0.001944
"12422_1",0.002990
"8159_4",0.017438
"8668_8",0.135607
"7572_10",0.997914
"6696_9",0.995303
"64_10",0.998045
"2715_1",0.266259
"9333_4",0.009403
"3722_10",0.998441
"5692_8",0.997561
"10074_7",0.994499
"1717_3",0.908533
"825_8",0.995375
"7796_10",0.998184
"5550_3",0.005879
"6114_10",0.830902
"4440_8",0.996640
"9616_4",0.002090
"12090_8",0.996078
"10728_1",0.044249
"4419_10",0.998020
"282_1",0.002536
"4825_9",0.996662
"91_10",0.997232
"10399_2",0.002930
"6773_4",0.839827
"1364_10",0.997429
"2806_9",0.996936
"4520_2",0.002163
"8211_9",0.997725
"3594_2",0.002231
"11353_4",0.005293
"307_1",0.002629
"10963_4",0.002034
"4023_7",0.992630
"11450_10",0.994997
"3567_4",0.988270
"4751_7",0.997577
"9798_2",0.002332
"1864_8",0.998489
"3168_2",0.019297
"6506_2",0.010141
"12484_2",0.010131
"11999_8",0.005691
"3571_3",0.004517
"147_10",0.998073
"6691_9",0.998226
"11295_8",0.996921
"9344_10",0.998264
"9513_2",0.002013
"11066_7",0.977481
"4330_8",0.997073
"5194_10",0.996098
"11676_1",0.001974
"4587_1",0.001802
"11964_4",0.055063
"12456_1",0.001756
"6054_10",0.995869
"2140_7",0.682527
"1388_1",0.040503
"10681_2",0.002165
"4614_8",0.998381
"2604_7",0.165308
"4234_1",0.001889
"4261_8",0.994008
"4907_8",0.993486
"4134_4",0.004310
"4125_8",0.995434
"3795_9",0.997790
"1356_4",0.002273
"10711_2",0.004533
"4728_7",0.993835
"8254_8",0.993414
"10769_2",0.010392
"7185_8",0.998310
"2842_9",0.995461
"4565_1",0.002125
"3030_9",0.994514
"2997_1",0.004939
"1311_9",0.037466
"12499_10",0.995104
"9830_10",0.998004
"1774_4",0.029304
"6676_10",0.998417
"6502_9",0.995844
"1521_1",0.512381
"4253_1",0.002536
"2775_2",0.005962
"7324_4",0.001994
"1207_4",0.006921
"9903_7",0.998044
"3195_2",0.003352
"9213_10",0.998352
"7751_1",0.001875
"1616_8",0.997983
"1482_10",0.996605
"6772_7",0.991997
"2008_10",0.997618
"6799_4",0.003344
"5004_9",0.997728
"3487_2",0.002420
"10892_4",0.011131
"10839_4",0.004921
"922_8",0.997718
"4163_1",0.001557
"10738_8",0.997717
"10678_7",0.998252
"5892_10",0.997459
"6202_1",0.001577
"5792_10",0.997821
"12161_4",0.003442
"1097_9",0.998194
"2930_3",0.002169
"4087_3",0.003530
"11875_3",0.014844
"11770_4",0.006073
"847_7",0.997256
"10620_9",0.997774
"1455_10",0.998113
"12294_1",0.001797
"5653_10",0.997983
"1874_9",0.996859
"10487_3",0.015624
"22_3",0.002022
"2760_1",0.002217
"9822_7",0.288370
"1068_10",0.997405
"11117_1",0.001624
"10409_2",0.996938
"1877_7",0.112365
"7347_1",0.002361
"4231_1",0.010270
"1122_1",0.002022
"933_3",0.156267
"11883_4",0.015947
"8386_10",0.997093
"12297_7",0.996596
"11847_8",0.998267
"5511_1",0.002598
"9587_2",0.004242
"10027_8",0.720673
"7210_4",0.006213
"2490_9",0.007566
"4889_10",0.998025
"8192_9",0.998001
"12133_1",0.001613
"2098_1",0.642807
"2941_9",0.997854
"5742_3",0.001922
"10645_4",0.002039
"1162_10",0.998500
"4383_10",0.998080
"5325_8",0.997478
"1324_1",0.003102
"1374_1",0.002433
"116_10",0.997422
"2898_10",0.995266
"8799_10",0.998292
"6654_10",0.998224
"8630_1",0.001820
"3452_7",0.995036
"3609_8",0.996122
"4740_1",0.001503
"8368_10",0.997967
"11960_7",0.983534
"3583_10",0.993784
"1581_8",0.907709
"1378_1",0.022609
"968_2",0.001955
"4524_1",0.001612
"5036_8",0.998180
"12287_3",0.001959
"9236_10",0.987176
"5447_3",0.006298
"11016_1",0.003090
"1935_3",0.006049
"5300_7",0.998136
"7775_2",0.975541
"4398_3",0.001848
"5692_2",0.001900
"3517_8",0.998072
"6007_1",0.002591
"10127_2",0.002235
"6614_10",0.997787
"2767_10",0.992969
"3187_2",0.002434
"6473_10",0.992626
"12263_1",0.001616
"10838_2",0.001854
"7367_9",0.994234
"8873_10",0.997188
"6016_1",0.003240
"10363_7",0.994657
"3541_2",0.002223
"6416_10",0.997785
"4538_10",0.998386
"56_3",0.002785
"7946_8",0.997605
"6003_4",0.004993
"974_4",0.002402
"11651_9",0.998391
"10283_1",0.003642
"12334_2",0.001951
"972_1",0.004019
"1513_8",0.995185
"6141_3",0.003229
"4195_7",0.997608
"10176_9",0.997456
"1918_2",0.001900
"12117_1",0.015954
"7567_1",0.003252
"2949_10",0.998339
"11937_9",0.998127
"8513_2",0.003313
"3913_8",0.372458
"1310_8",0.997306
"10461_10",0.998268
"3309_8",0.995149
"862_9",0.996483
"4040_2",0.001549
"78_8",0.997852
"3491_7",0.007426
"10862_9",0.998471
"4763_7",0.284178
"7421_1",0.004402
"5350_1",0.001881
"11491_10",0.998290
"9975_4",0.004196
"10123_10",0.998083
"11573_1",0.001637
"2337_9",0.998040
"251_8",0.997248
"1942_1",0.001907
"2940_7",0.997404
"4342_7",0.018035
"11250_2",0.004800
"4224_1",0.003975
"10106_10",0.998040
"7764_2",0.002121
"937_10",0.997821
"3112_10",0.997775
"9922_8",0.995652
"3259_7",0.997253
"7828_1",0.001862
"4031_7",0.955865
"1277_7",0.990049
"3162_2",0.005044
"7_9",0.997428
"1832_4",0.424865
"10997_1",0.826986
"10572_10",0.998223
"12194_1",0.001721
"4648_10",0.996723
"7207_9",0.930794
"11000_7",0.995135
"4943_2",0.001993
"10601_10",0.998161
"4731_1",0.056980
"9272_8",0.011958
"11551_1",0.001644
"9074_3",0.006128
"2486_3",0.004433
"618_1",0.002015
"8683_8",0.997357
"2618_10",0.994590
"8471_9",0.997453
"6394_4",0.006587
"6456_2",0.097656
"3195_8",0.997318
"4188_1",0.001997
"3985_10",0.998341
"7099_10",0.997499
"1558_2",0.001621
"2877_8",0.916011
"3928_1",0.002195
"7206_3",0.001748
"8088_10",0.998182
"8167_10",0.998314
"8590_8",0.998409
"6973_7",0.279516
"4974_7",0.997425
"10151_1",0.001598
"5268_4",0.008666
"5258_7",0.998139
"1478_8",0.997382
"5094_10",0.998240
"10126_4",0.268302
"9357_2",0.002186
"7750_3",0.003765
"11628_3",0.006296
"9124_7",0.995760
"1802_7",0.997058
"4820_4",0.009350
"10019_8",0.996650
"154_9",0.997716
"5049_4",0.002119
"4372_1",0.001548
"7807_10",0.998251
"5127_10",0.996773
"11480_2",0.097398
"10145_1",0.002296
"7090_10",0.994808
"1288_1",0.003410
"11316_2",0.001829
"8428_9",0.980958
"1843_9",0.997409
"1916_1",0.001934
"2657_2",0.001909
"10504_1",0.001504
"11621_3",0.008651
"10148_1",0.001574
"3339_4",0.003141
"8202_2",0.011933
"7796_1",0.001777
"4625_2",0.002270
"11859_4",0.004177
"8261_1",0.001666
"4670_3",0.254549
"8412_10",0.997363
"1010_1",0.002510
"436_10",0.998251
"9351_7",0.927715
"3767_8",0.993818
"4794_1",0.001686
"8447_10",0.277003
"6182_2",0.005552
"8754_3",0.004561
"2709_3",0.001803
"5882_9",0.998182
"6916_3",0.116730
"11886_1",0.002198
"123_4",0.997860
"2827_9",0.997658
"11440_8",0.998167
"4100_8",0.995904
"11645_1",0.005980
"7949_10",0.997265
"2017_1",0.001831
"3451_7",0.998194
"10986_10",0.996360
"1541_2",0.986820
"12336_7",0.984417
"9787_1",0.001704
"5282_10",0.998396
"9568_4",0.995853
"8222_1",0.001685
"5415_9",0.995154
"8485_8",0.117511
"6449_1",0.001908
"466_1",0.002138
"11997_1",0.108337
"6144_10",0.998547
"3309_4",0.003676
"8655_1",0.001963
"10141_1",0.054991
"7469_10",0.998118
"4445_10",0.997967
"6651_7",0.993369
"6711_7",0.803732
"3329_4",0.004258
"8000_10",0.997925
"2279_8",0.996639
"5012_7",0.997914
"2437_3",0.005476
"505_9",0.997962
"9070_10",0.996879
"1234_3",0.002827
"4880_1",0.001936
"3981_4",0.011045
"134_1",0.002128
"3211_10",0.998046
"2559_10",0.997178
"4512_3",0.002871
"5957_1",0.003341
"11626_9",0.998546
"915_10",0.998280
"5569_10",0.997081
"12396_9",0.996861
"6494_2",0.002417
"3262_1",0.001753
"3916_10",0.996563
"787_1",0.001943
"11092_9",0.997776
"2818_10",0.998183
"5271_2",0.002934
"4057_7",0.994007
"5042_1",0.002288
"1204_1",0.004525
"3651_2",0.001901
"11763_8",0.990635
"7766_10",0.997368
"3498_1",0.001840
"11578_10",0.997498
"3691_1",0.001749
"11947_10",0.997488
"11475_2",0.001875
"8568_9",0.997408
"8247_2",0.004732
"9544_7",0.994397
"9753_8",0.662828
"6824_7",0.416598
"2799_1",0.002088
"10459_1",0.001606
"1894_10",0.004811
"9726_7",0.996665
"10923_1",0.001669
"7946_3",0.002838
"7509_10",0.997753
"3273_9",0.929080
"2716_3",0.519070
"4622_1",0.001862
"1204_8",0.998041
"71_4",0.330678
"6508_9",0.998334
"7819_10",0.997950
"695_10",0.506882
"10844_10",0.998126
"2413_1",0.988749
"8768_1",0.001807
"4536_10",0.998288
"2576_9",0.998218
"4473_2",0.008035
"65_2",0.008171
"6114_2",0.003439
"7458_1",0.001593
"10815_2",0.003821
"8344_1",0.002890
"1975_9",0.996988
"1659_1",0.001791
"11030_10",0.998450
"5405_7",0.993773
"2539_3",0.002375
"6565_8",0.992926
"1826_10",0.998394
"2577_8",0.995942
"6032_7",0.978304
"3146_9",0.998220
"798_1",0.001864
"63_10",0.997722
"11819_10",0.997394
"2905_7",0.975971
"2716_10",0.996440
"1717_10",0.994961
"1036_3",0.020125
"11583_10",0.997782
"962_9",0.997740
"10203_2",0.002247
"12225_1",0.001530
"10322_9",0.996332
"7601_2",0.004458
"1675_4",0.893532
"8235_3",0.001744
"680_2",0.003047
"5208_3",0.002393
"10678_2",0.985214
"6072_10",0.998325
"1216_1",0.002332
"11434_1",0.001962
"12480_8",0.997116
"8844_10",0.998181
"10506_1",0.001557
"9766_3",0.996437
"7804_4",0.017630
"44_4",0.002298
"11226_1",0.002525
"11378_2",0.003442
"7805_1",0.002430
"4692_10",0.993396
"2928_9",0.985314
"8785_10",0.998128
"3083_8",0.996421
"626_10",0.998185
"9228_10",0.995676
"66_10",0.997189
"3824_3",0.994682
"7115_8",0.996096
"11893_10",0.998350
"1628_1",0.002016
"2236_4",0.004942
"2032_1",0.001681
"6613_10",0.997878
"1582_8",0.007362
"304_2",0.001650
"2441_10",0.998129
"12437_1",0.001683
"9822_1",0.001990
"10481_3",0.257862
"9193_10",0.996742
"3233_9",0.998034
"7430_8",0.998002
"10049_1",0.001831
"6384_10",0.998314
"3993_9",0.997427
"4545_2",0.002280
"11500_4",0.897494
"12127_10",0.998153
"7277_2",0.003225
"8927_3",0.004694
"5970_9",0.955306
"12115_4",0.651905
"6132_10",0.998247
"4178_9",0.998110
"11453_7",0.921019
"6569_9",0.997406
"3924_7",0.993842
"6425_1",0.001696
"1141_1",0.001832
"3366_2",0.005169
"6700_7",0.997986
"7948_8",0.006553
"2750_8",0.997829
"11326_1",0.002033
"231_8",0.997702
"8941_8",0.997348
"8304_7",0.032613
"12179_2",0.002476
"3808_1",0.001874
"2710_1",0.001830
"4833_1",0.002339
"10405_7",0.997806
"449_9",0.997992
"7259_10",0.996490
"8513_10",0.997960
"801_8",0.997625
"11322_8",0.996418
"8417_9",0.998424
"7059_8",0.678761
"681_3",0.001884
"3135_9",0.997680
"7172_3",0.002148
"11061_10",0.998248
"9555_9",0.992640
"1331_1",0.001541
"9155_3",0.001779
"8765_8",0.996721
"4714_8",0.997962
"7593_9",0.997581
"7769_1",0.002215
"5016_8",0.929505
"11917_2",0.001713
"3311_8",0.997058
"6784_4",0.003641
"6685_7",0.898043
"1232_8",0.997568
"765_2",0.005998
"6159_2",0.002650
"12037_3",0.003222
"60_8",0.996539
"6138_10",0.997915
"4759_4",0.002397
"631_10",0.998395
"5993_10",0.997869
"2751_10",0.998083
"7234_1",0.006358
"7966_3",0.002131
"296_4",0.003756
"8252_4",0.004194
"10333_1",0.001503
"5950_10",0.987865
"2735_9",0.998264
"900_1",0.001744
"2350_3",0.549410
"1457_10",0.991874
"10226_10",0.998176
"9198_7",0.996696
"1072_2",0.003330
"8332_10",0.997168
"6264_8",0.998391
"1092_9",0.997838
"11888_10",0.996803
"11702_8",0.996304
"8704_1",0.002292
"11458_10",0.996095
"8218_9",0.996034
"3739_8",0.995002
"4787_3",0.004657
"12097_10",0.985670
"7894_1",0.001637
"11601_2",0.001986
"4417_1",0.005164
"11108_10",0.998231
"5673_8",0.997419
"481_2",0.001877
"6892_2",0.001766
"5203_1",0.010735
"18_1",0.827645
"5488_8",0.994675
"750_7",0.881131
"1478_4",0.002969
"11340_2",0.002219
"8735_3",0.006243
"7404_3",0.002717
"5681_2",0.002443
"5863_10",0.997063
"602_1",0.001574
"9474_7",0.992866
"12075_3",0.012724
"1148_8",0.946499
"2192_4",0.026872
"1394_1",0.001646
"2643_3",0.012989
"8214_7",0.990607
"6728_1",0.002013
"5397_8",0.996700
"7056_7",0.997531
"2669_3",0.002249
"10713_10",0.998423
"1349_4",0.002306
"3254_1",0.001552
"9717_10",0.997426
"11358_4",0.001888
"12262_1",0.001771
"1332_1",0.001577
"6116_2",0.002457
"6324_3",0.002220
"10808_8",0.936718
"11632_4",0.510141
"2881_3",0.006088
"3524_1",0.001431
"10503_8",0.507177
"11525_1",0.001509
"9973_4",0.001728
"9804_1",0.001692
"1865_8",0.997225
"8001_9",0.997821
"5776_8",0.048292
"11848_10",0.997782
"4809_3",0.002945
"841_9",0.997923
"227_10",0.997476
"1833_9",0.998142
"9471_10",0.997806
"960_3",0.002680
"10763_1",0.002873
"1330_1",0.001754
"326_9",0.997333
"3392_10",0.997959
"5883_2",0.002180
"12168_1",0.001790
"7525_10",0.995451
"10578_1",0.003789
"9173_3",0.002451
"7214_2",0.002875
"7163_10",0.997429
"5177_8",0.996445
"3372_7",0.993583
"6041_8",0.997240
"1590_10",0.997694
"31_10",0.997809
"2533_8",0.997712
"7927_10",0.997855
"5037_2",0.003221
"6046_2",0.020028
"2099_3",0.001969
"133_1",0.023392
"205_2",0.002250
"374_9",0.997676
"8944_10",0.997920
"799_4",0.970143
"8832_9",0.996316
"3836_10",0.998356
"2940_1",0.002623
"946_1",0.006646
"9310_1",0.001852
"5853_8",0.283735
"10852_9",0.998419
"4061_4",0.007920
"10301_10",0.997761
"11104_3",0.002279
"9339_3",0.012435
"537_10",0.998326
"8661_7",0.992943
"9381_4",0.011963
"12473_3",0.003802
"5140_8",0.996528
"4624_4",0.001976
"9156_3",0.003049
"5980_2",0.001822
"5920_7",0.997603
"4013_1",0.002943
"11879_2",0.002411
"1317_10",0.998265
"4647_10",0.994834
"2550_1",0.001896
"641_8",0.175020
"10069_10",0.997177
"12215_10",0.018662
"6293_10",0.997830
"1416_7",0.109240
"8561_9",0.996099
"1981_10",0.994467
"1667_2",0.010934
"9680_1",0.001857
"888_1",0.001723
"2202_4",0.002239
"8835_2",0.001934
"9340_3",0.987666
"8742_10",0.996028
"1892_2",0.001609
"11940_10",0.940555
"5976_2",0.002007
"5430_8",0.994300
"9125_9",0.979376
"5217_8",0.997361
"5257_10",0.995899
"5487_8",0.989647
"10815_8",0.997901
"12438_1",0.001837
"11433_3",0.003511
"11570_1",0.109000
"11880_10",0.997464
"1983_3",0.049190
"2916_1",0.001614
"8119_10",0.998335
"10960_2",0.002611
"2798_2",0.001835
"2797_1",0.002811
"9931_4",0.003138
"6244_10",0.989740
"8361_2",0.002251
"7098_10",0.997014
"9107_10",0.997996
"9860_10",0.056446
"10252_1",0.001682
"12015_8",0.987493
"2696_4",0.434367
"9301_8",0.998160
"799_7",0.997332
"9411_7",0.997734
"4172_1",0.001558
"8008_10",0.998420
"11436_1",0.001664
"3464_10",0.998409
"5826_3",0.001800
"5460_4",0.002320
"8920_3",0.189208
"1465_3",0.226574
"7571_1",0.001862
"3416_10",0.996786
"11088_7",0.993440
"7007_10",0.998306
"11317_7",0.996874
"11639_7",0.044180
"1871_10",0.997894
"1551_7",0.995470
"4089_4",0.001698
"8145_9",0.998535
"1243_7",0.997706
"9082_8",0.998099
"11807_8",0.997866
"6154_10",0.997993
"2082_8",0.998035
"9142_4",0.019550
"6126_8",0.995674
"9774_1",0.001973
"5137_10",0.996673
"11085_1",0.001594
"4541_1",0.002146
"10478_10",0.998451
"8479_3",0.001880
"11220_1",0.003004
"0_10",0.997990
"5235_8",0.996927
"457_2",0.002389
"6784_7",0.997649
"11527_10",0.997758
"5935_7",0.997128
"3697_10",0.997414
"8318_10",0.998234
"6770_8",0.996127
"11760_7",0.996366
"10344_9",0.998243
"12363_4",0.773463
"2233_2",0.007046
"12184_10",0.998124
"4668_8",0.996531
"2293_4",0.002374
"5886_8",0.997706
"8403_4",0.934111
"2493_3",0.002341
"7224_2",0.003029
"7753_10",0.998212
"476_9",0.997144
"3760_7",0.009549
"8371_1",0.002452
"2541_10",0.997962
"12052_2",0.002289
"2320_1",0.002591
"5598_8",0.993339
"12342_1",0.001686
"7391_9",0.996024
"2615_1",0.001668
"11251_4",0.039292
"9946_2",0.002246
"10571_10",0.997879
"3984_1",0.001712
"4633_10",0.998245
"548_10",0.998269
"1732_1",0.001603
"3559_7",0.995238
"10212_7",0.995679
"8950_7",0.997000
"8157_10",0.998010
"5986_9",0.998502
"10263_7",0.683176
"2168_10",0.997177
"4424_4",0.026717
"6944_10",0.028451
"11467_7",0.997366
"3630_8",0.996501
"2405_1",0.001642
"7517_1",0.003819
"8116_10",0.994495
"5368_4",0.002527
"2045_1",0.001689
"11303_8",0.998277
"11077_2",0.005244
"6314_10",0.998031
"12137_4",0.002979
"12180_1",0.002047
"6403_10",0.992527
"2019_1",0.001612
"7921_7",0.994603
"3977_10",0.997444
"11277_9",0.997737
"8398_1",0.001819
"1429_3",0.002231
"9628_4",0.003575
"2472_3",0.005240
"5811_4",0.003506
"11663_3",0.001794
"3153_1",0.002161
"11881_2",0.002131
"767_7",0.982994
"12243_10",0.997869
"10969_8",0.997065
"8689_10",0.023814
"1854_10",0.997919
"12392_4",0.002236
"6627_2",0.001549
"6819_10",0.998147
"1587_9",0.052960
"6999_10",0.994558
"9128_1",0.107641
"7141_1",0.003325
"4485_8",0.997987
"7368_7",0.954032
"7698_4",0.016760
"8376_3",0.002573
"1862_1",0.001606
"11217_9",0.997882
"5179_4",0.023488
"6524_3",0.002075
"11877_10",0.997035
"6055_10",0.998400
"9372_1",0.001862
"8029_1",0.002008
"9546_10",0.980310
"5514_10",0.997769
"8869_8",0.997242
"8290_10",0.997938
"11619_9",0.995917
"5949_4",0.020486
"10146_1",0.015558
"11776_10",0.991198
"2146_9",0.995591
"6461_10",0.997920
"10480_4",0.004653
"9021_10",0.995278
"11802_10",0.997838
"9139_2",0.012619
"5590_4",0.138578
"5631_9",0.996976
"6333_3",0.006608
"10455_1",0.001702
"10394_1",0.001763
"8814_8",0.997129
"11264_3",0.002761
"2255_9",0.998477
"3915_8",0.179505
"3386_10",0.998392
"5531_2",0.002163
"1676_4",0.007490
"7711_8",0.998154
"7871_9",0.997673
"11101_8",0.997184
"11562_1",0.001861
"11609_10",0.997614
"9556_1",0.002788
"7149_3",0.997846
"11807_3",0.620808
"12106_10",0.998368
"4763_1",0.051934
"2007_3",0.009352
"8454_8",0.995732
"4656_10",0.995344
"717_8",0.996923
"3501_4",0.372221
"6562_4",0.005750
"3926_1",0.001832
"7497_1",0.002364
"4257_9",0.997318
"4111_1",0.001485
"9865_10",0.995832
"8323_4",0.002529
"2228_4",0.004092
"1180_7",0.997845
"6315_8",0.998370
"12271_10",0.793357
"4567_2",0.007203
"8745_8",0.996307
"4994_1",0.001544
"2842_4",0.003569
"674_9",0.997763
"4431_3",0.004408
"2534_4",0.004311
"378_9",0.997265
"6039_9",0.931757
"9551_7",0.997606
"1273_7",0.009270
"4222_4",0.003203
"7469_1",0.001715
"8733_3",0.851493
"9324_4",0.012779
"8888_4",0.007494
"2872_9",0.995986
"2123_8",0.997959
"4982_7",0.996541
"10668_1",0.070045
"2014_7",0.995512
"4211_3",0.003274
"1202_9",0.995977
"5450_4",0.002646
"2484_1",0.014457
"2427_8",0.997751
"405_3",0.001687
"1_10",0.998409
"4498_4",0.923197
"50_3",0.005684
"10113_9",0.998383
"8919_3",0.013941
"1338_7",0.991117
"9817_8",0.998123
"10824_7",0.582911
"12165_8",0.994386
"11975_8",0.937532
"8537_1",0.006958
"4443_9",0.996800
"207_3",0.001657
"4247_8",0.996906
"11333_9",0.998144
"6357_2",0.002978
"4477_1",0.002293
"8774_1",0.002476
"10049_8",0.997569
"9621_2",0.002745
"5428_10",0.998400
"11693_3",0.010517
"8731_4",0.010179
"11209_1",0.004358
"10581_10",0.002171
"4289_10",0.996348
"511_7",0.996338
"7832_8",0.492239
"2567_9",0.996448
"4931_1",0.002270
"8770_2",0.001618
"8999_9",0.997708
"9918_1",0.001706
"2254_7",0.994060
"4095_1",0.004342
"8601_2",0.002716
"10347_10",0.997045
"2911_4",0.004430
"12157_7",0.997895
"5154_10",0.998312
"27_9",0.998242
"2586_9",0.997736
"6344_9",0.998222
"1888_4",0.001946
"6630_1",0.001580
"3202_10",0.998310
"1517_9",0.997804
"584_10",0.997135
"2683_4",0.363146
"1721_1",0.001663
"4371_7",0.975542
"4697_3",0.016532
"2977_10",0.996840
"1835_3",0.004652
"9872_1",0.002870
"4794_9",0.125828
"5345_10",0.996887
"1230_10",0.997875
"2438_2",0.001578
"5709_9",0.998226
"8007_1",0.001683
"7236_10",0.997375
"7978_10",0.988699
"10608_1",0.001842
"10968_1",0.002501
"3650_1",0.002260
"7966_8",0.995679
"8435_9",0.998225
"6095_3",0.003151
"12457_8",0.997773
"611_10",0.998337
"7589_7",0.994275
"4378_4",0.007811
"9019_3",0.004017
"794_1",0.002479
"5112_4",0.004544
"8698_7",0.996494
"2729_1",0.001750
"9090_1",0.001698
"9641_8",0.996796
"5065_7",0.988381
"3147_10",0.997443
"3971_4",0.002088
"7000_8",0.998028
"6716_1",0.001706
"11482_7",0.013340
"9263_4",0.006943
"7901_1",0.003185
"8213_2",0.001646
"1113_8",0.998132
"1013_7",0.996853
"2195_9",0.997895
"1371_8",0.986395
"7239_7",0.995115
"11376_1",0.001821
"3506_9",0.998142
"3413_2",0.002182
"8641_1",0.001566
"11587_2",0.002634
"7639_7",0.997969
"8100_8",0.996259
"8151_2",0.001531
"10464_2",0.002542
"2043_3",0.005064
"4454_8",0.996295
"6562_8",0.998261
"8549_8",0.986835
"1209_3",0.002084
"2566_4",0.003898
"5871_10",0.997849
"6459_7",0.998033
"11006_8",0.997330
"3313_8",0.996801
"5290_2",0.003743
"9687_1",0.008141
"4165_10",0.997639
"11120_4",0.009052
"3379_2",0.003682
"5814_1",0.056696
"3414_7",0.998264
"7750_7",0.995329
"9727_7",0.984070
"3850_9",0.997968
"5954_2",0.002790
"9685_1",0.001740
"9307_3",0.003819
"8727_9",0.997881
"9746_1",0.001955
"9365_8",0.998445
"3361_10",0.998294
"4554_3",0.001920
"8952_9",0.997818
"4301_1",0.001444
"10764_4",0.995843
"2738_10",0.972788
"3554_1",0.001709
"5724_8",0.994172
"8804_4",0.993432
"468_8",0.998071
"10527_10",0.997690
"5117_7",0.997605
"3390_4",0.807870
"5875_3",0.002579
"10380_7",0.997401
"887_2",0.997282
"2707_8",0.903511
"11371_3",0.003857
"535_4",0.006705
"10700_10",0.982969
"3047_10",0.997441
"5930_3",0.002992
"6044_10",0.977837
"8679_4",0.995949
"2261_10",0.997661
"9577_10",0.998213
"1999_7",0.997875
"6010_3",0.003430
"861_4",0.002893
"4360_2",0.003211
"5373_7",0.851579
"10760_8",0.997084
"12436_10",0.997041
"5149_3",0.371540
"7091_4",0.002096
"5135_9",0.995832
"5552_8",0.996679
"1713_9",0.998294
"11445_4",0.013223
"11146_7",0.997743
"5286_9",0.998240
"10518_1",0.001892
"1122_8",0.989777
"7680_1",0.002504
"11042_8",0.508511
"6336_1",0.001936
"11784_10",0.995518
"8759_10",0.998271
"4362_10",0.998136
"4483_2",0.002499
"7501_8",0.998291
"3516_2",0.001842
"3965_10",0.997854
"4066_8",0.994909
"7802_2",0.003603
"1074_7",0.997237
"4555_3",0.003259
"11477_1",0.001839
"5712_10",0.997635
"1175_8",0.996947
"6283_4",0.003708
"11717_1",0.001594
"8029_8",0.996384
"5794_8",0.996911
"8717_2",0.001906
"10682_10",0.890597
"4610_1",0.004694
"4908_9",0.996803
"8325_2",0.005279
"11330_4",0.006233
"5717_10",0.021335
"11421_3",0.079038
"4725_2",0.002156
"2284_9",0.996267
"12433_1",0.002001
"10799_10",0.996011
"3213_10",0.997869
"10997_10",0.997411
"3482_9",0.998191
"430_4",0.002735
"6524_9",0.996728
"2270_1",0.003233
"6410_4",0.004414
"224_10",0.995297
"10915_8",0.998341
"8882_3",0.002520
"3578_3",0.002516
"7696_1",0.895932
"7307_1",0.002466
"10043_1",0.012148
"6380_4",0.296494
"3109_2",0.002079
"398_4",0.002879
"10498_1",0.001733
"3565_8",0.997856
"7844_9",0.998141
"5879_3",0.048571
"5004_1",0.001789
"9347_2",0.002377
"2213_8",0.997723
"3654_8",0.992776
"642_2",0.001687
"9412_8",0.997225
"7418_10",0.998291
"2012_1",0.001839
"308_9",0.998104
"11695_8",0.993941
"7369_10",0.998018
"7363_3",0.009446
"7834_3",0.003281
"7705_10",0.996837
"4554_8",0.998216
"4773_7",0.997302
"11944_2",0.981291
"12303_10",0.995852
"272_10",0.996157
"11678_10",0.997656
"8157_1",0.020504
"1360_7",0.982348
"1702_7",0.993958
"7409_8",0.998217
"3865_8",0.996997
"8266_10",0.998498
"3543_3",0.009325
"8542_4",0.002092
"2188_4",0.004444
"7928_10",0.663430
"8271_1",0.001972
"2667_3",0.002028
"136_9",0.997579
"2365_8",0.995303
"9516_1",0.002026
"6205_9",0.998294
"12411_1",0.001932
"10549_2",0.235420
"2114_10",0.997212
"8379_3",0.002159
"1555_2",0.001792
"7010_4",0.337112
"10425_1",0.001682
"2970_10",0.998333
"1976_8",0.997156
"4894_8",0.971759
"995_1",0.002324
"12087_10",0.997478
"5002_1",0.001634
"10204_2",0.002384
"7689_2",0.002003
"8685_4",0.959314
"4183_1",0.002872
"7719_7",0.996693
"6350_8",0.998180
"6163_8",0.992236
"11247_4",0.008070
"8962_8",0.996675
"7849_9",0.998048
"4177_9",0.997168
"4680_1",0.006610
"10965_8",0.997109
"3534_10",0.998141
"9782_4",0.011111
"9525_9",0.997829
"3743_10",0.992616
"1688_10",0.998144
"4400_4",0.008794
"1660_8",0.065016
"8241_9",0.998383
"1238_8",0.996789
"1081_3",0.001680
"6151_2",0.001942
"6025_8",0.014796
"661_9",0.959321
"5670_8",0.998078
"6122_1",0.004978
"1767_10",0.998459
"5629_10",0.998314
"8256_10",0.996507
"8572_4",0.002284
"11580_7",0.989471
"525_3",0.005249
"2128_3",0.886588
"10254_8",0.993789
"3082_2",0.002038
"7127_1",0.002074
"9927_7",0.006080
"5694_9",0.997594
"8063_10",0.995260
"10768_1",0.003578
"7375_1",0.001959
"6220_10",0.997738
"4477_10",0.998315
"1350_8",0.997084
"9354_4",0.994945
"9015_2",0.996667
"719_1",0.002031
"10544_3",0.002523
"4496_10",0.996972
"3912_1",0.002329
"10120_10",0.996028
"6958_2",0.001540
"10964_7",0.992058
"4974_1",0.003753
"5591_9",0.997760
"2295_3",0.003738
"17_8",0.997395
"10442_2",0.016428
"3043_10",0.997653
"5243_1",0.001501
"5145_8",0.997365
"5727_7",0.853926
"3406_10",0.997452
"3552_7",0.993234
"1512_1",0.001963
"9214_9",0.997900
"3060_3",0.031333
"9086_3",0.016564
"10428_1",0.007088
"11198_10",0.997342
"1743_4",0.003157
"7795_10",0.992649
"9863_10",0.995489
"182_3",0.910518
"9644_4",0.013617
"10744_2",0.002141
"3393_10",0.994886
"3657_8",0.998100
"10435_1",0.001758
"9206_10",0.998297
"4005_10",0.997011
"5901_3",0.009721
"498_10",0.998315
"9583_2",0.002532
"2336_10",0.998319
"6107_1",0.006395
"7079_7",0.997884
"2769_4",0.962550
"4787_8",0.998030
"11123_1",0.001686
"6466_10",0.998536
"6311_9",0.997213
"1236_7",0.993663
"3635_9",0.998335
"1230_2",0.001944
"8721_7",0.995052
"7878_3",0.002872
"11731_7",0.923737
"8732_8",0.998078
"8083_8",0.735752
"3146_1",0.002457
"11395_10",0.997770
"2998_2",0.001582
"3766_4",0.036488
"353_3",0.003320
"8688_7",0.992440
"6137_10",0.997431
"11950_3",0.043044
"5663_1",0.003953
"1108_3",0.002087
"10425_10",0.997798
"913_10",0.997107
"7852_8",0.995236
"14_1",0.002280
"12062_1",0.001645
"1162_1",0.001975
"8648_10",0.996468
"10605_10",0.997542
"1091_1",0.003382
"7723_8",0.982194
"5474_8",0.996098
"8308_1",0.001843
"9586_8",0.946094
"5317_4",0.001768
"11283_8",0.541196
"9575_3",0.002147
"8846_9",0.955792
"8756_1",0.003032
"7973_4",0.003028
"9845_3",0.001972
"11335_9",0.997950
"456_8",0.995787
"378_1",0.002812
"9176_1",0.001707
"6371_10",0.996185
"3152_10",0.998142
"7441_4",0.001998
"10123_4",0.002505
"6777_1",0.195801
"7479_1",0.003156
"5563_1",0.001649
"9076_7",0.996552
"11744_1",0.008210
"1040_4",0.002509
"920_1",0.001549
"3599_4",0.002123
"9629_3",0.118409
"12346_1",0.006969
"4237_8",0.346522
"6596_10",0.934222
"11576_1",0.001590
"1140_1",0.001555
"2945_8",0.893329
"7518_9",0.993840
"3435_1",0.001934
"8219_3",0.009028
"6758_10",0.997994
"484_8",0.997297
"10012_1",0.001530
"718_10",0.998290
"12293_7",0.997473
"6241_3",0.003764
"10635_10",0.996935
"2563_1",0.002449
"7682_10",0.993930
"4993_7",0.997616
"12153_4",0.016225
"8559_7",0.020952
"9700_4",0.708523
"660_2",0.003341
"11457_4",0.002945
"7146_1",0.008132
"3771_2",0.003520
"8333_3",0.004630
"11740_7",0.996629
"7035_2",0.002032
"7054_1",0.001746
"12292_4",0.002150
"8881_4",0.017885
"7264_8",0.998230
"11168_1",0.002795
"1145_9",0.998371
"781_9",0.998350
"5694_4",0.001906
"2637_10",0.996289
"5812_8",0.956597
"6335_10",0.997632
"10491_3",0.007354
"4684_2",0.001703
"3810_2",0.002482
"12264_3",0.005249
"8018_10",0.997525
"12185_10",0.998051
"3959_3",0.865575
"9829_7",0.998162
"4694_4",0.003542
"3884_1",0.002789
"8027_10",0.997263
"743_2",0.001914
"7036_1",0.001876
"3081_1",0.002700
"4606_10",0.996415
"503_2",0.002108
"6989_10",0.997528
"10059_1",0.002253
"1380_9",0.989305
"3247_1",0.002831
"6308_8",0.998336
"1592_2",0.001720
"3167_1",0.001967
"6357_10",0.997945
"7107_7",0.820546
"5335_8",0.997850
"11948_2",0.002398
"10805_4",0.792398
"638_7",0.993709
"4311_2",0.002075
"11795_8",0.996911
"8031_9",0.995592
"11930_2",0.955036
"7886_3",0.878534
"7253_10",0.998489
"10955_3",0.056785
"10680_2",0.002292
"8754_10",0.993088
"9556_8",0.997206
"3076_10",0.992673
"1544_3",0.004283
"2726_3",0.472733
"8545_3",0.002601
"3175_3",0.002001
"2864_9",0.959826
"547_4",0.004861
"2831_9",0.947736
"5321_4",0.011091
"4675_8",0.997117
"11787_4",0.004267
"2837_10",0.998355
"7730_8",0.997557
"2309_10",0.997901
"9078_7",0.998153
"8160_10",0.998422
"7824_1",0.001590
"9926_8",0.954842
"3507_1",0.019406
"5878_3",0.006587
"6708_4",0.715972
"1096_3",0.002714
"4556_8",0.997747
"3667_10",0.992690
"9565_3",0.002716
"4737_9",0.994283
"12134_1",0.002017
"9413_7",0.986668
"1002_9",0.993749
"4889_4",0.994261
"3453_1",0.005669
"2763_2",0.002885
"8248_8",0.973689
"1881_1",0.014201
"3528_10",0.996249
"3630_1",0.628139
"11390_10",0.998283
"3991_8",0.994418
"7650_8",0.996822
"4527_8",0.996086
"10307_2",0.101672
"8872_4",0.001914
"1741_10",0.996633
"12170_9",0.996713
"11196_4",0.002353
"5524_10",0.857506
"1926_3",0.005115
"1279_8",0.978227
"1444_8",0.993553
"8975_8",0.997726
"7157_10",0.998286
"11973_2",0.001985
"7022_1",0.608966
"6939_10",0.059640
"6732_9",0.283579
"3689_1",0.001816
"10228_1",0.002002
"6314_3",0.004033
"4285_8",0.997166
"10086_10",0.988152
"9899_1",0.002123
"7556_10",0.997340
"12299_3",0.002572
"11872_3",0.012402
"4257_1",0.005026
"3028_7",0.039904
"2545_10",0.998402
"8036_4",0.004735
"5948_2",0.002292
"12113_1",0.004440
"1738_4",0.007411
"9808_10",0.930433
"2629_4",0.003469
"12003_9",0.118907
"6725_8",0.059135
"5383_8",0.997021
"12097_1",0.002489
"11402_9",0.997997
"3877_3",0.002792
"3765_4",0.885452
"11431_7",0.997950
"7419_3",0.006369
"9844_8",0.040405
"9753_1",0.002162
"12377_1",0.996613
"2775_10",0.643926
"11106_1",0.002614
"10015_8",0.993377
"9473_9",0.998069
"3633_9",0.998465
"9022_8",0.998154
"608_1",0.001815
"10724_1",0.002226
"1059_10",0.997980
"8413_3",0.003377
"2013_1",0.001841
"2814_10",0.997139
"9166_4",0.020632
"6566_7",0.979696
"9352_10",0.996375
"8123_1",0.001956
"10825_3",0.002350
"3735_8",0.998193
"7595_2",0.001834
"4946_1",0.003106
"8327_9",0.997570
"5140_2",0.004843
"10986_1",0.001834
"7385_8",0.907628
"3722_1",0.001564
"9799_2",0.089065
"1288_8",0.997226
"8089_1",0.275902
"11279_4",0.969792
"4845_10",0.996830
"8354_8",0.997927
"1373_10",0.978654
"5431_7",0.992000
"1245_2",0.002785
"11429_7",0.997329
"11606_4",0.008908
"4192_10",0.081497
"3443_1",0.002668
"4957_2",0.983806
"4971_8",0.998087
"913_1",0.002026
"10311_10",0.998216
"10558_9",0.997928
"304_10",0.997136
"7499_9",0.998124
"6529_10",0.998229
"2069_10",0.998045
"1366_10",0.997624
"10303_3",0.004386
"4476_8",0.991343
"8032_10",0.997999
"8392_8",0.965161
"10158_9",0.997998
"10886_7",0.996580
"1789_2",0.004416
"3113_1",0.002364
"7713_1",0.001555
"2685_10",0.998103
"9760_10",0.998172
"12401_10",0.997471
"2489_10",0.997772
"6382_1",0.001727
"2352_2",0.001928
"9440_1",0.001816
"10695_10",0.912811
"7297_8",0.359511
"11703_4",0.968284
"4733_1",0.002367
"1769_4",0.005060
"12219_7",0.998324
"1725_1",0.003049
"1711_8",0.043015
"7466_8",0.997575
"6987_10",0.997203
"12351_1",0.001486
"4929_10",0.997940
"10281_4",0.001810
"11555_7",0.995917
"2075_9",0.997715
"755_10",0.997160
"11705_8",0.997115
"1434_10",0.997936
"6189_7",0.763379
"3645_7",0.978392
"2963_9",0.997863
"3487_9",0.997711
"6368_7",0.994385
"2240_1",0.003196
"10126_9",0.998218
"5366_1",0.003169
"8058_10",0.996798
"10746_8",0.977897
"4852_3",0.002237
"5371_7",0.996581
"303_2",0.116157
"7169_4",0.014808
"4284_3",0.004514
"7539_2",0.002734
"11410_1",0.047301
"4710_2",0.002368
"7660_1",0.004248
"10378_8",0.996611
"10580_10",0.997669
"4295_1",0.002616
"4433_1",0.002140
"6959_9",0.998326
"6769_4",0.008873
"11996_1",0.001816
"10341_7",0.981921
"2337_1",0.002142
"11119_8",0.997689
"4228_2",0.001982
"3680_1",0.001952
"11256_1",0.001931
"1884_7",0.994583
"4750_8",0.998237
"4890_3",0.995629
"7159_10",0.998344
"10622_1",0.001596
"11753_1",0.008760
"8352_10",0.998286
"2188_9",0.998290
"6913_9",0.997814
"9193_1",0.001717
"9572_4",0.006758
"5136_2",0.003922
"4799_2",0.002211
"5045_8",0.992633
"9538_1",0.002327
"1565_4",0.003859
"12134_7",0.996017
"1437_8",0.995093
"5319_9",0.998359
"3709_10",0.997315
"2642_8",0.997694
"11143_9",0.998064
"864_10",0.993741
"9283_3",0.002864
"5089_9",0.997874
"9917_10",0.995513
"3800_7",0.996228
"6074_7",0.998007
"6433_7",0.998349
"6715_1",0.002056
"594_1",0.001589
"2469_1",0.002414
"3155_1",0.950589
"7458_10",0.902088
"2020_1",0.001930
"6921_8",0.997701
"9662_7",0.997765
"9567_7",0.997744
"5187_1",0.002076
"6831_4",0.002194
"7829_4",0.015262
"3868_3",0.045292
"2224_10",0.997875
"12015_1",0.001927
"841_1",0.002696
"224_3",0.003021
"4805_9",0.998384
"7513_2",0.003671
"7065_3",0.002172
"6192_3",0.770773
"6075_10",0.998277
"10611_7",0.997803
"10471_10",0.997403
"4198_10",0.982313
"10756_7",0.953902
"11960_1",0.053332
"2885_9",0.997928
"6837_3",0.002233
"1917_2",0.010195
"7143_3",0.001846
"1762_10",0.996554
"12066_10",0.998230
"8410_7",0.024082
"10729_4",0.495407
"6967_3",0.601753
"734_7",0.996795
"1524_10",0.998170
"2479_9",0.960265
"130_4",0.002007
"201_9",0.998259
"6157_9",0.997440
"9362_2",0.004343
"3858_10",0.994143
"9895_10",0.997996
"9953_3",0.002229
"4667_7",0.883757
"1951_1",0.001559
"8724_8",0.997892
"2886_7",0.952295
"7491_10",0.998253
"10403_4",0.994786
"7362_10",0.931251
"9466_9",0.997376
"9079_7",0.997498
"10171_1",0.007844
"9511_9",0.995005
"8775_1",0.002722
"6462_2",0.004655
"3129_2",0.003889
"12461_1",0.001912
"8541_10",0.954845
"4241_7",0.992054
"6533_10",0.049037
"12131_2",0.005735
"11577_4",0.002617
"6063_3",0.002008
"1760_9",0.961391
"3396_1",0.003528
"5385_8",0.996443
"7212_2",0.002003
"3522_8",0.996645
"1397_10",0.972078
"387_8",0.997500
"4143_9",0.997524
"9483_2",0.002521
"3250_10",0.997834
"8758_4",0.005755
"7551_10",0.998136
"2068_1",0.002261
"9534_9",0.998102
"11561_8",0.992345
"3083_2",0.002412
"2973_1",0.011024
"6574_10",0.997734
"5442_2",0.001914
"6343_3",0.005612
"6723_1",0.001831
"6252_8",0.996439
"8465_1",0.001956
"1906_7",0.724510
"7492_7",0.996819
"5508_7",0.687194
"5936_8",0.692171
"5086_8",0.993315
"2134_7",0.997182
"8301_4",0.979137
"8423_2",0.002808
"6241_10",0.998074
"8550_4",0.004948
"3330_10",0.990223
"8825_8",0.996780
"8030_1",0.001934
"4884_4",0.012478
"8391_9",0.996628
"9776_1",0.030265
"1389_7",0.995432
"12224_4",0.004633
"2162_7",0.997612
"8490_10",0.998140
"12003_4",0.003222
"11043_3",0.970137
"7266_2",0.001962
"4480_10",0.988595
"11954_9",0.997262
"3280_2",0.002523
"8084_2",0.001574
"3913_4",0.002384
"7353_10",0.997968
"3161_10",0.996594
"3941_1",0.002506
"7992_9",0.997653
"10742_10",0.998298
"69_10",0.997546
"10415_3",0.002483
"4818_10",0.998254
"5563_10",0.994743
"7018_10",0.998043
"8873_4",0.002394
"10593_3",0.006553
"12251_3",0.003710
"731_4",0.002803
"1195_10",0.998165
"7337_1",0.002266
"2448_7",0.997807
"4444_2",0.002556
"9223_2",0.002964
"463_8",0.998197
"4335_4",0.002047
"9635_8",0.888440
"8738_4",0.755495
"6724_1",0.002103
"5504_1",0.001628
"10185_1",0.004211
"901_9",0.998218
"10452_8",0.998242
"8289_10",0.998088
"10112_1",0.001564
"9950_8",0.997953
"8644_4",0.016203
"11534_7",0.994967
"5708_4",0.003282
"6781_1",0.001953
"3582_10",0.998415
"4591_7",0.919530
"3327_1",0.008675
"9536_9",0.998228
"3047_2",0.006336
"2830_9",0.998324
"4300_1",0.003800
"4160_4",0.008294
"11783_10",0.994791
"6029_9",0.997400
"6907_2",0.002972
"691_2",0.002268
"585_1",0.005901
"11182_3",0.163971
"10433_2",0.001870
"11201_2",0.002938
"588_7",0.979586
"2522_10",0.997517
"7002_2",0.001873
"2059_10",0.998214
"4925_10",0.971727
"7791_9",0.998016
"6392_10",0.997809
"3305_7",0.998203
"11951_10",0.997379
"12167_1",0.001610
"5814_10",0.998180
"2590_10",0.997517
"10571_3",0.002953
"5452_4",0.002652
"6480_10",0.998211
"11050_8",0.997802
"11523_3",0.003161
"6556_8",0.997945
"597_9",0.998126
"4049_3",0.005675
"6652_8",0.998299
"5591_4",0.004966
"12295_1",0.002040
"11478_10",0.997969
"6436_1",0.001975
"2487_2",0.001944
"7520_7",0.998157
"5203_9",0.998454
"6162_10",0.998272
"3840_4",0.965565
"7471_10",0.998435
"5021_1",0.001684
"5593_10",0.995217
"7489_10",0.996684
"1208_10",0.992873
"11983_10",0.995321
"23_4",0.002353
"3622_7",0.993712
"7821_1",0.001787
"9726_3",0.010538
"2890_10",0.998379
"11695_4",0.365927
"3751_10",0.997497
"5136_8",0.997620
"8730_7",0.997076
"4341_7",0.004664
"9148_3",0.001773
"6385_3",0.001729
"8560_8",0.904506
"766_2",0.005134
"8847_10",0.998114
"7455_1",0.001573
"3187_8",0.986569
"9683_1",0.001982
"7744_10",0.997824
"11136_10",0.997357
"214_1",0.002000
"2105_9",0.998387
"1265_10",0.989802
"9122_2",0.641371
"9296_10",0.996293
"8107_2",0.002265
"8134_2",0.002943
"3788_10",0.998357
"2429_10",0.997835
"8567_1",0.002062
"7400_10",0.986600
"1789_7",0.031632
"11098_2",0.002582
"918_10",0.994405
"3389_10",0.995548
"3754_1",0.018147
"8807_9",0.987558
"7900_9",0.998482
"6541_1",0.002811
"981_1",0.002155
"2142_9",0.997105
"1639_1",0.002315
"4162_1",0.001665
"2476_10",0.997221
"9941_4",0.008260
"4020_3",0.002330
"6823_4",0.010251
"6236_2",0.001726
"7793_4",0.051572
"7431_9",0.998232
"6864_7",0.058741
"184_9",0.990097
"735_7",0.979333
"1673_8",0.998524
"6209_1",0.001753
"4167_10",0.997658
"7854_1",0.018499
"6281_7",0.997903
"3045_1",0.002060
"598_9",0.994988
"5411_10",0.998243
"3781_4",0.010151
"10627_2",0.002476
"11283_2",0.313895
"4594_8",0.987108
"12424_7",0.986334
"6705_8",0.997019
"5274_8",0.956869
"2107_7",0.990392
"10685_7",0.137493
"1992_10",0.996777
"6711_1",0.001812
"1899_10",0.996770
"6307_9",0.998467
"5702_10",0.996641
"6865_7",0.997404
"5047_10",0.998016
"2762_8",0.992702
"2830_4",0.004657
"9305_7",0.994152
"4358_1",0.001861
"7558_10",0.998116
"8607_10",0.997415
"4599_9",0.997009
"5267_4",0.002791
"5667_10",0.998249
"10108_8",0.998378
"8432_3",0.002640
"845_2",0.002961
"552_2",0.140374
"169_7",0.997106
"12311_1",0.002443
"5884_3",0.008648
"2938_4",0.987424
"11378_7",0.098961
"7337_10",0.998306
"4378_7",0.995288
"4660_10",0.997407
"2461_4",0.003296
"7011_10",0.997922
"9907_2",0.001621
"6134_2",0.002306
"1548_1",0.010112
"157_3",0.005023
"2189_2",0.002255
"9021_3",0.363641
"7699_1",0.002029
"9298_1",0.001639
"539_3",0.011409
"10243_2",0.002440
"8659_9",0.997692
"10748_8",0.997736
"6757_4",0.003221
"7196_8",0.996943
"2579_9",0.997570
"5896_10",0.997392
"2308_9",0.998296
"12318_1",0.011646
"12244_4",0.008389
"10131_7",0.996565
"3608_4",0.696148
"10891_10",0.998056
"10517_10",0.998363
"2180_8",0.997024
"2498_7",0.997968
"3382_1",0.001660
"12196_4",0.002515
"7079_3",0.008173
"562_8",0.004375
"984_3",0.014130
"7756_10",0.998210
"11553_1",0.001633
"1880_4",0.023694
"9842_7",0.986567
"795_3",0.002065
"11707_10",0.004272
"8457_9",0.991244
"2483_4",0.003962
"4903_3",0.989488
"12223_2",0.001847
"8418_2",0.001838
"6194_10",0.998573
"3214_10",0.998231
"12208_3",0.006679
"7001_10",0.998084
"8533_8",0.994450
"8236_4",0.004238
"2867_1",0.001722
"7876_9",0.997201
"9640_8",0.997920
"11866_3",0.002679
"4262_4",0.003303
"5711_4",0.369933
"214_9",0.993903
"9641_4",0.006044
"9086_9",0.997877
"12088_2",0.002222
"76_8",0.998190
"1537_10",0.997126
"10510_2",0.001537
"778_1",0.002605
"458_9",0.997416
"12472_1",0.002121
"7914_1",0.408128
"8595_10",0.998425
"7741_4",0.005231
"9056_4",0.002334
"538_4",0.004429
"12049_4",0.185644
"9613_8",0.996622
"7051_4",0.019270
"2549_7",0.996736
"12139_3",0.002031
"4006_7",0.306402
"11662_10",0.997014
"497_2",0.001862
"5556_2",0.002817
"8287_10",0.998158
"4712_9",0.996589
"8237_1",0.001495
"4466_9",0.997875
"4141_1",0.002239
"3303_10",0.996497
"5384_2",0.002761
"8494_1",0.002098
"5127_2",0.013104
"6961_9",0.997769
"10856_1",0.002312
"9421_7",0.993928
"3776_10",0.997286
"5958_1",0.001893
"6227_8",0.994913
"10991_1",0.002504
"7996_10",0.998289
"12372_9",0.996346
"1460_2",0.068729
"10183_1",0.002018
"2829_4",0.002227
"9797_4",0.002927
"2988_3",0.001679
"3974_3",0.015377
"11419_4",0.001926
"11472_7",0.982586
"8489_7",0.949346
"11938_4",0.006707
"1057_8",0.996811
"7213_1",0.001816
"2615_10",0.993352
"3101_1",0.001977
"7553_1",0.002471
"10258_1",0.001838
"8551_10",0.997898
"11233_4",0.002173
"2996_4",0.078165
"8670_3",0.031245
"10586_9",0.995378
"501_10",0.998103
"11398_9",0.998304
"9223_8",0.998322
"5432_9",0.352816
"7517_10",0.997888
"11616_7",0.995033
"5055_2",0.001742
"9285_1",0.001867
"5175_1",0.001792
"872_1",0.001919
"8890_7",0.996144
"178_2",0.001707
"10660_4",0.870131
"11461_4",0.012634
"9461_8",0.992452
"3992_3",0.002070
"1173_1",0.002069
"8261_10",0.992217
"10007_4",0.001956
"10751_10",0.996856
"5021_8",0.996839
"10553_7",0.988678
"12464_8",0.997267
"8616_8",0.998062
"9697_1",0.002423
"2800_1",0.002191
"521_1",0.001979
"7535_10",0.997943
"4352_9",0.993610
"2246_10",0.998294
"7039_4",0.003014
"10344_4",0.002344
"12195_10",0.998350
"3671_4",0.005607
"1767_2",0.001920
"6536_1",0.002618
"8951_1",0.003264
"12462_9",0.998324
"8489_2",0.008761
"11884_10",0.998206
"8602_1",0.156961
"9229_1",0.001666
"10611_3",0.002419
"6764_4",0.994515
"2612_1",0.002766
"213_3",0.002463
"1987_2",0.002897
"3082_9",0.997766
"10504_7",0.996421
"8862_9",0.997863
"5512_10",0.987653
"3198_10",0.997406
"11521_1",0.002103
"9841_8",0.988818
"1781_10",0.998182
"8389_1",0.002049
"10225_1",0.001668
"1403_4",0.002681
"3792_8",0.997512
"4361_9",0.998228
"6579_7",0.987407
"3891_2",0.007150
"10782_8",0.996529
"12290_2",0.006213
"1710_1",0.001613
"5507_7",0.997285
"10523_1",0.003222
"6722_10",0.015712
"3401_10",0.997681
"8079_1",0.001940
"5650_10",0.997459
"1843_4",0.005737
"8228_7",0.971459
"1138_8",0.996557
"7943_9",0.994497
"2219_4",0.001608
"11675_4",0.016837
"7748_9",0.997325
"3859_1",0.001579
"1497_1",0.001672
"2115_10",0.998145
"9622_4",0.002078
"9482_10",0.997820
"9084_2",0.053275
"2744_1",0.001879
"6599_3",0.002837
"10991_10",0.995383
"8444_9",0.996168
"1362_3",0.002554
"6820_10",0.997622
"10806_3",0.006861
"5509_3",0.004201
"1939_8",0.994503
"498_1",0.002077
"12238_10",0.272358
"4154_4",0.003031
"11557_1",0.001496
"6658_7",0.991960
"1183_2",0.002250
"3764_10",0.967709
"12421_3",0.007148
"8166_1",0.002184
"88_10",0.998245
"6291_7",0.996868
"4637_2",0.002394
"4194_10",0.996939
"9020_10",0.997711
"9749_8",0.994367
"3308_1",0.001702
"2569_9",0.997683
"9696_8",0.988156
"8680_1",0.002265
"10469_3",0.001776
"6208_1",0.001787
"9862_3",0.893501
"7663_10",0.996745
"811_10",0.997777
"5452_8",0.998072
"4347_10",0.998191
"10922_8",0.996329
"10466_3",0.002341
"11650_8",0.998305
"5126_4",0.002088
"3454_8",0.996479
"11021_10",0.998170
"1160_1",0.002034
"1948_10",0.998268
"8741_10",0.970834
"8996_4",0.992036
"11572_2",0.002833
"2183_7",0.966028
"1779_9",0.995228
"5466_10",0.998056
"1756_1",0.001648
"7777_3",0.001844
"429_3",0.004179
"1736_10",0.996579
"1746_10",0.998234
"7613_8",0.997809
"4315_10",0.997320
"12186_10",0.997875
"4231_8",0.997426
"659_8",0.996960
"7739_10",0.998353
"43_10",0.998394
"2960_4",0.002122
"11665_4",0.005702
"4399_9",0.998401
"6993_8",0.994245
"6523_10",0.997775
"7068_1",0.002019
"3005_1",0.025622
"10419_8",0.998445
"3160_2",0.007313
"1881_10",0.147495
"5623_10",0.986968
"2263_10",0.998282
"5736_8",0.997915
"550_3",0.002200
"368_4",0.023670
"9100_10",0.998125
"930_3",0.009260
"866_10",0.997341
"11251_7",0.997386
"10708_9",0.960740
"247_2",0.002395
"4080_10",0.996402
"2104_10",0.998277
"8_2",0.004917
"1485_3",0.002550
"3133_1",0.003125
"331_10",0.998261
"12213_1",0.002767
"2825_3",0.002273
"8316_3",0.003182
"11102_3",0.002634
"9719_1",0.002056
"1951_7",0.993243
"10577_1",0.001729
"9941_9",0.998364
"12246_1",0.001788
"7579_4",0.018918
"7111_7",0.989040
"1068_3",0.012858
"1872_4",0.764753
"834_4",0.802963
"12088_7",0.989960
"7785_3",0.877160
"7364_10",0.996660
"4441_2",0.002519
"3957_10",0.998405
"7789_1",0.003091
"3296_1",0.002434
"6656_8",0.934348
"7366_2",0.002390
"10579_10",0.998211
"1292_8",0.997232
"3172_10",0.998036
"4948_10",0.998295
"8690_3",0.003478
"3279_1",0.001878
"7221_3",0.003597
"6376_2",0.006980
"4901_4",0.007273
"1591_10",0.998203
"2905_4",0.003112
"8656_7",0.990894
"10100_3",0.013256
"6918_10",0.997385
"7105_8",0.975904
"8220_10",0.986716
"916_3",0.003774
"7831_8",0.010500
"11118_10",0.998276
"7993_10",0.986325
"2665_3",0.004707
"1680_2",0.001876
"632_8",0.997968
"5838_10",0.998038
"4039_9",0.997981
"309_3",0.003448
"6715_7",0.787312
"9130_4",0.005628
"722_10",0.997642
"9485_3",0.002938
"5421_9",0.985897
"2053_4",0.001886
"8824_4",0.003007
"906_4",0.006289
"4325_4",0.061571
"3131_1",0.005201
"4732_10",0.969553
"7628_1",0.001646
"3903_8",0.993720
"2781_7",0.990775
"2530_1",0.002363
"8740_9",0.997696
"9456_4",0.002026
"8705_10",0.997256
"9894_4",0.004932
"7573_10",0.998282
"117_1",0.001715
"1578_7",0.034930
"2822_9",0.994675
"2544_10",0.998107
"10988_10",0.997777
"9846_3",0.001734
"6242_3",0.015425
"5626_3",0.038628
"4053_9",0.997499
"10157_8",0.997378
"10582_2",0.001851
"11091_1",0.001942
"10436_8",0.998179
"3432_8",0.998058
"3007_3",0.857268
"11467_4",0.378763
"9877_8",0.176045
"4839_1",0.001879
"2766_3",0.009184
"11528_9",0.997843
"4327_1",0.001914
"8087_10",0.982077
"3394_10",0.998392
"4690_4",0.660432
"11642_8",0.099501
"2603_1",0.001963
"9578_8",0.997032
"8316_10",0.994009
"8184_9",0.998219
"9764_10",0.998260
"3248_2",0.001661
"5784_3",0.002416
"3686_1",0.001870
"10901_10",0.224648
"606_9",0.997715
"6887_1",0.002042
"4240_4",0.004007
"977_9",0.991063
"2232_7",0.995767
"4107_8",0.997903
"11897_10",0.998359
"10418_8",0.998123
"5274_1",0.001846
"5978_10",0.998032
"6781_7",0.994462
"6704_10",0.996260
"8290_4",0.031425
"9826_8",0.996930
"10066_1",0.007183
"1135_1",0.002949
"6683_9",0.996835
"9991_8",0.975272
"1710_10",0.997247
"4774_2",0.002032
"3621_2",0.185679
"9258_1",0.002468
"12244_8",0.997460
"401_1",0.001710
"11869_10",0.998358
"3092_3",0.004508
"2910_7",0.997904
"961_1",0.012939
"6927_7",0.051873
"4819_2",0.002188
"658_7",0.996836
"5477_2",0.007058
"7766_1",0.002372
"4159_3",0.003709
"5010_10",0.998019
"11093_3",0.007113
"7287_10",0.998489
"3462_9",0.997170
"1652_1",0.001909
"12077_2",0.004517
"3798_10",0.996421
"2696_10",0.997534
"2803_8",0.967666
"11941_2",0.001862
"8090_8",0.996096
"6994_4",0.004260
"1242_7",0.998230
"8828_9",0.995283
"1346_1",0.001716
"468_1",0.003048
"3665_4",0.003130
"4476_4",0.007716
"6043_9",0.989713
"5830_3",0.001800
"3159_10",0.997552
"6975_1",0.995548
"7338_1",0.001566
"1424_10",0.947829
"6487_7",0.997391
"3023_7",0.997468
"4749_3",0.007129
"4596_3",0.015771
"4681_8",0.998134
"4235_1",0.002093
"2912_8",0.993643
"6552_1",0.001597
"4329_1",0.002559
"3876_1",0.002511
"9168_9",0.997783
"8747_10",0.995011
"11842_10",0.997619
"5612_10",0.996334
"10371_8",0.985304
"4804_7",0.997611
"4914_7",0.986294
"2520_3",0.836682
"8053_3",0.002070
"11302_4",0.002973
"4766_1",0.023208
"1820_4",0.003478
"4668_1",0.002451
"3521_2",0.002276
"3467_7",0.997863
"1885_4",0.008407
"4206_1",0.002304
"2774_10",0.997567
"12060_1",0.001962
"5664_10",0.996440
"7078_10",0.997823
"4797_8",0.998072
"2735_3",0.001650
"7981_4",0.006447
"10440_7",0.985654
"11611_7",0.997496
"5553_1",0.002420
"12415_2",0.165341
"10807_3",0.004142
"5539_1",0.005859
"9489_10",0.997579
"11053_10",0.996956
"7493_10",0.996170
"10400_4",0.003855
"9856_10",0.997532
"6813_10",0.997060
"679_10",0.996286
"7502_3",0.002863
"3842_7",0.121815
"7800_10",0.998277
"4253_9",0.997542
"2103_1",0.002650
"9581_3",0.005500
"7335_10",0.995312
"3304_8",0.394779
"12276_3",0.006416
"5451_3",0.003816
"1873_3",0.003120
"5857_7",0.015877
"5423_10",0.997079
"6400_10",0.997847
"6419_3",0.002448
"3775_4",0.002438
"5165_8",0.931472
"6555_1",0.001846
"3806_4",0.002247
"8584_7",0.996628
"5390_7",0.993938
"10965_1",0.002212
"6680_9",0.998539
"5034_1",0.003665
"7718_2",0.001931
"2688_4",0.997446
"9107_2",0.002245
"5993_1",0.001619
"7456_10",0.997828
"8581_8",0.997736
"8852_3",0.003459
"4239_10",0.998097
"9012_10",0.995485
"6661_9",0.998026
"6786_10",0.905332
"12257_3",0.005408
"8700_8",0.997857
"8848_8",0.993371
"11377_4",0.003883
"4722_2",0.009937
"8546_9",0.997074
"3091_4",0.002232
"4124_7",0.010535
"10860_10",0.998489
"2684_10",0.997575
"4968_10",0.998073
"10785_4",0.002289
"4871_8",0.996890
"1064_8",0.997967
"9452_2",0.001588
"9965_1",0.001801
"1358_10",0.995642
"12094_10",0.997924
"415_10",0.997222
"8308_10",0.877307
"11112_9",0.997370
"6271_4",0.002405
"7324_8",0.993429
"7950_8",0.997804
"8880_3",0.002099
"5610_7",0.987726
"3918_8",0.998043
"7209_2",0.002043
"4916_10",0.998478
"6782_3",0.011114
"5607_3",0.003240
"5492_10",0.998269
"2824_3",0.001694
"1533_10",0.997954
"9663_9",0.996341
"11087_3",0.002010
"3360_1",0.002051
"12040_1",0.001714
"329_10",0.998055
"4819_7",0.992625
"11985_8",0.980175
"6491_4",0.002678
"7151_10",0.998024
"6807_10",0.998397
"3353_10",0.997569
"3592_10",0.998149
"928_10",0.975356
"3100_7",0.981624
"7390_3",0.001953
"8466_8",0.985347
"777_10",0.998196
"10007_10",0.998302
"7673_1",0.002950
"8255_1",0.186461
"3734_8",0.997565
"6217_10",0.959211
"2264_1",0.011529
"7637_7",0.997615
"3494_3",0.002875
"1012_1",0.001747
"9796_2",0.002647
"444_2",0.001689
"10968_8",0.995427
"8328_10",0.995036
"2417_8",0.996178
"253_3",0.003863
"3740_8",0.997868
"5904_3",0.009100
"6664_8",0.994925
"12027_1",0.001609
"8658_10",0.957939
"4505_1",0.001667
"1008_10",0.996639
"7922_3",0.003489
"655_10",0.998112
"6383_10",0.997963
"5868_1",0.002536
"7827_10",0.997918
"722_3",0.007008
"3933_4",0.002818
"1358_3",0.002843
"8939_8",0.996903
"9502_10",0.997359
"4798_9",0.998178
"7088_3",0.012337
"9904_3",0.001681
"11214_2",0.002495
"11293_8",0.961287
"11924_10",0.997657
"6168_8",0.998083
"4329_10",0.997996
"10345_3",0.001846
"5512_3",0.003084
"1291_1",0.001688
"7568_3",0.002187
"2747_4",0.008038
"7484_1",0.001577
"3915_2",0.001600
"8527_4",0.004020
"4686_10",0.996992
"6909_1",0.002243
"10587_10",0.995307
"9167_8",0.995573
"4739_4",0.009452
"6266_4",0.030863
"6155_10",0.998076
"11409_9",0.603776
"3874_7",0.810053
"7049_3",0.028757
"11158_2",0.002135
"5714_10",0.997752
"11248_1",0.001551
"8854_3",0.991915
"3191_4",0.032817
"5537_7",0.994084
"4919_7",0.997320
"8109_9",0.998293
"7476_4",0.038023
"5890_10",0.997720
"5837_10",0.998462
"2623_9",0.998213
"5033_1",0.003327
"12055_8",0.997985
"8420_4",0.005682
"5854_10",0.998159
"9631_7",0.995942
"11705_3",0.007883
"3869_7",0.997995
"10836_9",0.995541
"7027_1",0.002599
"55_4",0.003303
"11124_8",0.997871
"3533_3",0.001757
"1552_10",0.998346
"11307_1",0.001539
"11974_7",0.986535
"7246_3",0.002955
"10648_3",0.001628
"11991_10",0.988613
"10494_8",0.997918
"8109_1",0.001791
"4764_1",0.002562
"3527_1",0.002138
"4059_9",0.997556
"3729_4",0.001953
"5073_4",0.984909
"4984_9",0.997284
"2371_10",0.994132
"9597_10",0.997919
"10823_9",0.998137
"3123_10",0.993467
"2951_10",0.997421
"9800_1",0.001951
"1824_3",0.005331
"6238_2",0.006652
"8830_9",0.994759
"12355_8",0.990269
"4002_10",0.997597
"405_10",0.996854
"4314_1",0.007186
"9201_10",0.998235
"10466_8",0.994726
"3736_2",0.002074
"1641_10",0.997712
"3381_1",0.002788
"11711_9",0.997203
"4970_3",0.310977
"6958_10",0.998375
"646_9",0.998039
"3590_9",0.997917
"7218_9",0.997663
"5091_10",0.998272
"8820_2",0.009045
"3938_8",0.990177
"2616_10",0.302774
"7808_1",0.002232
"3508_10",0.998042
"8974_8",0.998034
"4383_4",0.937412
"6360_4",0.825169
"2759_8",0.996102
"7417_1",0.001564
"10880_1",0.002482
"5488_2",0.002643
"8015_9",0.994590
"6484_3",0.002255
"10117_1",0.001637
"11363_1",0.001593
"3334_7",0.997584
"3369_7",0.016510
"9609_1",0.002006
"8396_10",0.997311
"8267_10",0.996893
"10335_7",0.997763
"1973_4",0.003257
"7123_10",0.997907
"6949_9",0.998298
"10652_4",0.004319
"10256_4",0.001937
"4557_9",0.998019
"8929_1",0.002439
"2429_1",0.002561
"3994_1",0.002193
"11454_7",0.004067
"11874_4",0.004255
"4891_3",0.003803
"2216_7",0.997290
"2039_4",0.005130
"505_1",0.002155
"313_1",0.001668
"3383_2",0.003171
"9453_7",0.008282
"426_9",0.007059
"311_10",0.998081
"11291_10",0.997914
"835_8",0.997357
"2143_9",0.996245
"8200_2",0.005720
"11716_2",0.998455
"3786_2",0.870102
"3818_4",0.001882
"12106_1",0.001892
"2605_4",0.003115
"10518_7",0.995446
"3932_8",0.970286
"7515_4",0.006515
"9857_10",0.964483
"449_3",0.822347
"3573_9",0.998212
"10198_8",0.991398
"2286_9",0.997211
"6906_3",0.002403
"3807_2",0.004503
"11602_8",0.985475
"10201_7",0.997209
"8717_8",0.997617
"10411_10",0.997540
"11099_3",0.003445
"5619_10",0.994383
"9252_10",0.997184
"6097_10",0.998375
"6467_1",0.001890
"2757_2",0.002743
"1869_10",0.997391
"5192_2",0.002701
"11399_10",0.997793
"898_3",0.254604
"6820_2",0.003310
"768_2",0.002260
"1783_10",0.974987
"8102_9",0.995956
"7818_2",0.002534
"2444_10",0.997200
"3965_4",0.002325
"7086_4",0.904429
"10556_3",0.145024
"5221_1",0.003161
"4322_10",0.998149
"7371_1",0.001882
"1318_8",0.996253
"8142_3",0.002513
"3413_10",0.996171
"3845_9",0.997980
"7323_1",0.001878
"5273_3",0.003238
"11812_4",0.010328
"5737_7",0.995265
"7260_2",0.003728
"5018_3",0.004649
"7779_10",0.998521
"894_7",0.863826
"11940_3",0.002642
"2471_7",0.997764
"6605_10",0.988786
"282_10",0.941136
"12402_3",0.003601
"7974_1",0.002381
"12280_7",0.997802
"10917_2",0.002098
"12164_1",0.001497
"3181_1",0.002027
"11240_1",0.627704
"11255_9",0.992290
"2318_2",0.003363
"4976_7",0.994653
"1822_8",0.996852
"11724_7",0.993971
"3499_3",0.004474
"9439_9",0.987096
"5469_10",0.997248
"7612_9",0.997948
"3947_8",0.997236
"11269_1",0.001702
"5771_8",0.993773
"4461_8",0.997150
"5683_9",0.998493
"639_1",0.001837
"9896_3",0.995768
"5131_8",0.985446
"5961_3",0.001933
"5741_2",0.002371
"6418_4",0.996336
"5416_1",0.001684
"3114_7",0.948691
"3587_3",0.004100
"5472_10",0.997967
"9802_9",0.996549
"4313_3",0.991318
"2921_7",0.996495
"11468_8",0.996484
"12250_10",0.998082
"3481_10",0.672280
"2067_2",0.001553
"8574_4",0.002581
"861_9",0.995439
"10381_2",0.002206
"5479_1",0.246187
"1107_9",0.995101
"4475_1",0.001748
"469_2",0.003110
"605_4",0.003239
"2182_1",0.001953
"9401_7",0.997857
"2518_8",0.996187
"5329_8",0.992942
"3202_1",0.003187
"256_4",0.172885
"7235_3",0.003176
"4661_3",0.940031
"11045_1",0.002813
"1417_4",0.003240
"4186_10",0.996681
"985_4",0.002477
"6553_1",0.001876
"3118_1",0.002578
"3297_1",0.003857
"5843_10",0.945061
"7645_7",0.995797
"11958_1",0.001782
"10823_3",0.027262
"5097_4",0.991252
"4344_10",0.998352
"5442_8",0.996912
"11969_10",0.601280
"7015_10",0.998105
"1419_4",0.909413
"914_1",0.001524
"11911_8",0.772230
"5930_8",0.879808
"3853_10",0.997615
"9404_1",0.001834
"207_9",0.998074
"2018_1",0.002306
"11192_7",0.996803
"6679_4",0.011723
"1184_3",0.001731
"3291_10",0.997782
"12323_9",0.997635
"7524_1",0.001994
"443_8",0.998240
"7964_1",0.001932
"730_1",0.002071
"8969_7",0.997296
"8581_3",0.007536
"12152_4",0.003646
"4528_10",0.992125
"5984_2",0.001677
"4446_10",0.997686
"7039_8",0.997250
"591_8",0.996943
"6869_7",0.961672
"1836_7",0.998272
"4183_10",0.998300
"8590_1",0.002112
"5647_10",0.992447
"11076_10",0.998194
"11241_1",0.001999
"876_10",0.998266
"8390_1",0.001796
"1462_9",0.997748
"8362_7",0.628165
"3400_1",0.001729
"2318_8",0.997003
"5389_4",0.080119
"8617_4",0.003733
"9200_10",0.997358
"8878_10",0.997895
"12110_1",0.984823
"9101_10",0.998142
"4967_3",0.009263
"12436_1",0.001657
"8845_4",0.004158
"3420_4",0.824501
"7428_7",0.996698
"11769_10",0.997747
"7025_1",0.506131
"1561_10",0.994070
"3704_1",0.001668
"3529_8",0.997183
"12234_4",0.326926
"10600_3",0.002284
"1028_4",0.007871
"6764_10",0.998382
"1815_2",0.003191
"10953_4",0.002787
"2809_7",0.995809
"8393_10",0.998366
"2743_1",0.977485
"10711_10",0.998240
"6173_10",0.998224
"9664_7",0.994255
"6335_3",0.001827
"1665_4",0.002934
"4174_10",0.998142
"2038_1",0.004649
"3717_10",0.989443
"9361_10",0.994907
"415_1",0.006933
"1460_9",0.998371
"5915_4",0.004962
"7187_3",0.002173
"11050_1",0.001745
"8822_10",0.997601
"12407_1",0.002080
"4543_2",0.001543
"10560_9",0.998212
"9108_10",0.998166
"2999_9",0.877702
"1703_7",0.995320
"206_2",0.001953
"2095_3",0.002263
"6454_8",0.997941
"2773_1",0.001671
"6252_1",0.001713
"2848_7",0.066921
"6887_10",0.998196
"8660_1",0.001872
"1675_9",0.996240
"9842_1",0.001871
"9118_10",0.998044
"5793_4",0.002905
"941_10",0.998335
"8832_1",0.002624
"7584_3",0.004858
"9746_10",0.996476
"1965_10",0.997368
"5346_10",0.997752
"9738_4",0.020806
"5905_9",0.997836
"336_1",0.002242
"5621_1",0.001837
"5976_10",0.997916
"3000_8",0.992984
"5172_7",0.997839
"311_3",0.001934
"2035_4",0.980395
"6084_10",0.996722
"7284_9",0.996990
"6449_8",0.994615
"8671_3",0.005873
"636_9",0.984676
"11330_8",0.997912
"1300_1",0.327725
"11538_1",0.001857
"5159_3",0.005018
"3742_9",0.998462
"11281_9",0.991974
"4128_1",0.814233
"4382_7",0.955256
"862_3",0.007140
"5941_8",0.997635
"8576_3",0.010778
"10570_1",0.001953
"10682_3",0.431456
"12497_10",0.997763
"2026_7",0.995674
"9657_10",0.998167
"999_8",0.996934
"1664_2",0.014065
"1795_8",0.918622
"4280_4",0.946414
"952_10",0.998002
"4725_7",0.998150
"8162_2",0.002096
"10062_9",0.275260
"4719_10",0.998226
"10388_4",0.021346
"6183_9",0.998216
"3703_8",0.998355
"11259_4",0.004630
"8578_8",0.998454
"12040_9",0.998387
"6500_7",0.997334
"3473_10",0.998318
"11784_4",0.003309
"613_10",0.998189
"4631_1",0.002514
"2426_10",0.071120
"7088_7",0.996645
"5851_7",0.986782
"3904_2",0.001572
"1329_7",0.292528
"2160_7",0.551996
"4796_10",0.997500
"8760_1",0.005284
"7859_8",0.996301
"4251_10",0.996185
"8143_4",0.014051
"11713_9",0.997329
"5037_10",0.997778
"9621_7",0.995065
"2600_10",0.997802
"2027_1",0.001899
"8225_1",0.002477
"12463_10",0.959614
"7842_8",0.996200
"4768_2",0.075583
"2644_1",0.001755
"4193_7",0.919507
"5150_7",0.994605
"5942_7",0.997676
"8293_1",0.002140
"6046_10",0.022152
"12148_9",0.997987
"966_10",0.979034
"6428_8",0.998157
"12465_2",0.004707
"342_10",0.097649
"9246_4",0.002404
"8683_4",0.010508
"627_7",0.992804
"5614_4",0.013174
"4546_3",0.002973
"4384_1",0.001806
"3144_1",0.004112
"9530_10",0.998003
"10558_4",0.002586
"619_1",0.001943
"11594_9",0.995984
"6511_7",0.993354
"8351_7",0.232354
"9163_3",0.002205
"12078_1",0.001917
"5489_8",0.997208
"4191_1",0.002881
"2373_10",0.046889
"8664_4",0.020510
"4556_2",0.007367
"9004_8",0.998442
"1357_4",0.002299
"152_10",0.998100
"2977_1",0.001775
"8812_1",0.002127
"8544_4",0.003869
"4821_2",0.002271
"7874_8",0.988890
"1689_1",0.001963
"9654_1",0.001853
"9363_2",0.005283
"8959_1",0.001668
"6113_1",0.445811
"10702_1",0.004572
"1839_4",0.004653
"10587_1",0.004818
"11715_3",0.977379
"12252_8",0.997980
"9480_3",0.001599
"6438_1",0.006516
"3762_9",0.997049
"5350_10",0.996541
"3927_9",0.997118
"9598_2",0.005256
"3930_3",0.001773
"6647_1",0.001963
"9251_10",0.997922
"5926_2",0.002733
"11530_8",0.878597
"1625_3",0.041356
"10515_8",0.993267
"11185_10",0.997470
"8675_10",0.998215
"3701_1",0.002243
"9222_10",0.998186
"6253_10",0.997671
"4657_7",0.995629
"10013_9",0.996995
"4938_10",0.998315
"3073_10",0.997577
"9081_8",0.998232
"6928_8",0.997004
"217_3",0.002411
"2927_3",0.008065
"2379_1",0.001758
"10476_2",0.012066
"8640_10",0.998048
"2810_3",0.003330
"6433_1",0.002821
"6390_10",0.962807
"11829_8",0.995354
"7581_10",0.998347
"11836_3",0.032171
"2794_1",0.008188
"5263_1",0.002100
"1041_10",0.998179
"7296_1",0.019926
"10557_8",0.997171
"5339_9",0.997571
"4766_8",0.997923
"8126_3",0.004859
"9876_2",0.001806
"2443_4",0.001959
"10179_10",0.997561
"6211_3",0.003021
"925_10",0.997036
"5050_8",0.998420
"1891_10",0.998103
"4767_3",0.013893
"11625_10",0.998093
"3388_2",0.002245
"4908_3",0.004031
"11205_9",0.992248
"2228_10",0.995727
"11236_1",0.002555
"2367_10",0.997819
"5060_3",0.002997
"3292_1",0.002307
"11282_2",0.002379
"5307_10",0.998518
"6963_4",0.014745
"1319_10",0.998270
"9660_1",0.005141
"7254_9",0.998409
"9441_10",0.998256
"3838_4",0.045057
"6209_8",0.954818
"3049_9",0.997851
"3033_4",0.015203
"784_4",0.001584
"3921_3",0.002035
"9196_8",0.996114
"7652_3",0.992867
"11650_1",0.001817
"1548_10",0.995844
"10770_7",0.991950
"3283_9",0.997625
"1567_1",0.002242
"10405_4",0.003386
"6980_1",0.001613
"12218_4",0.005383
"5250_10",0.998127
"11977_10",0.998135
"10602_2",0.001548
"11178_10",0.997789
"9590_10",0.995573
"1260_10",0.998457
"8367_10",0.998356
"2571_7",0.068152
"7422_1",0.001657
"5486_7",0.504551
"2282_8",0.997896
"6119_2",0.002669
"1433_8",0.998244
"12365_4",0.960646
"10535_3",0.003262
"5464_1",0.001852
"9983_7",0.996756
"10209_7",0.994741
"3777_1",0.075908
"12443_10",0.997934
"1488_4",0.065636
"8670_9",0.994161
"1258_10",0.997868
"9_7",0.997933
"12175_9",0.997218
"211_10",0.994238
"6329_7",0.996757
"8866_10",0.996206
"5911_9",0.998156
"6100_1",0.002433
"6342_9",0.963882
"5455_4",0.844425
"1215_1",0.002198
"11020_3",0.002334
"7975_1",0.002229
"6720_2",0.001756
"8986_10",0.998001
"4874_9",0.997175
"7204_1",0.002026
"2612_10",0.996148
"6923_9",0.998121
"5742_10",0.997727
"5044_3",0.282178
"5013_9",0.996386
"9752_8",0.997960
"1112_8",0.998129
"10925_8",0.998126
"7012_4",0.752682
"11484_10",0.996658
"883_4",0.016878
"2398_10",0.998023
"8990_8",0.975741
"1194_10",0.997941
"2313_1",0.006328
"9584_1",0.001762
"11638_10",0.997907
"5995_3",0.002781
"4456_10",0.998183
"321_1",0.045174
"7147_1",0.004369
"10212_4",0.034274
"7960_10",0.996127
"8022_7",0.996682
"11649_9",0.997153
"8442_8",0.996050
"8976_1",0.003007
"9199_10",0.998365
"8925_10",0.997651
"3079_2",0.001703
"7727_10",0.997754
"2338_1",0.002955
"3221_2",0.001696
"288_7",0.022786
"7150_10",0.997972
"7520_1",0.001895
"11477_10",0.998187
"7765_9",0.998270
"10062_4",0.003363
"10616_10",0.993593
"10592_8",0.994098
"6745_4",0.920539
"7912_2",0.002823
"1130_8",0.989523
"11096_4",0.009353
"10081_1",0.001763
"3808_10",0.997193
"394_4",0.004443
"7080_3",0.003147
"4479_10",0.997403
"11417_7",0.997022
"8402_3",0.641477
"6669_9",0.997060
"1494_10",0.997582
"7980_3",0.002110
"11366_10",0.995894
"7566_1",0.003186
"3778_1",0.002703
"317_2",0.002100
"8475_7",0.995555
"11012_2",0.029234
"11936_4",0.007112
"145_9",0.996704
"11427_1",0.002435
"2204_1",0.002616
"3373_8",0.993616
"4640_4",0.031896
"521_7",0.851766
"2871_2",0.009193
"9823_8",0.913640
"5893_1",0.003525
"8541_2",0.001815
"3403_3",0.004139
"8660_9",0.997776
"7046_3",0.001670
"338_1",0.001847
"9541_1",0.001898
"12179_7",0.993312
"9663_3",0.085261
"6948_3",0.002181
"10308_10",0.998312
"11027_10",0.998031
"6174_3",0.001948
"10151_8",0.997608
"10665_1",0.002035
"6453_2",0.002955
"3619_2",0.001846
"3114_1",0.001907
"1309_2",0.001895
"8468_1",0.002182
"8292_10",0.998183
"1955_1",0.001742
"4498_9",0.998323
"8075_9",0.997967
"10528_8",0.990533
"253_10",0.998151
"9467_4",0.011679
"4018_10",0.997856
"2644_10",0.998373
"7240_7",0.997578
"10929_7",0.994843
"9743_10",0.993128
"4641_3",0.002633
"5711_10",0.998168
"4912_2",0.002187
"455_1",0.003564
"2749_8",0.987424
"8780_8",0.767463
"2626_10",0.998003
"11745_2",0.002297
"6952_8",0.998336
"4645_2",0.001912
"10372_10",0.998036
"4282_2",0.003931
"2195_1",0.001916
"11058_3",0.002562
"9507_4",0.003769
"389_10",0.987357
"4388_10",0.997602
"9540_1",0.002026
"6610_4",0.003283
"8796_10",0.998115
"3746_1",0.001748
"11083_1",0.001938
"9901_1",0.001855
"4165_1",0.002442
"8928_9",0.998374
"8173_10",0.998359
"5161_1",0.001808
"11458_4",0.008582
"11206_9",0.991254
"3532_7",0.995613
"5088_1",0.002473
"11699_8",0.978986
"10114_2",0.001916
"8626_9",0.975876
"6702_2",0.002126
"3504_1",0.013333
"3353_4",0.013088
"6960_10",0.998241
"5529_10",0.997969
"5510_9",0.996425
"1868_10",0.988804
"11166_10",0.971483
"8411_2",0.002705
"9561_10",0.997679
"11290_2",0.005421
"1167_4",0.003239
"9577_3",0.017670
"1496_10",0.998222
"3042_10",0.997248
"4021_4",0.006123
"6643_10",0.996740
"806_10",0.997794
"1520_2",0.001865
"11133_10",0.997305
"2783_1",0.002008
"9570_10",0.997088
"2349_3",0.004728
"2242_9",0.992726
"6113_10",0.998505
"2153_1",0.002212
"9167_3",0.003719
"156_3",0.987099
"10607_7",0.996196
"4270_4",0.001786
"4713_1",0.001544
"2895_7",0.990265
"8240_1",0.003330
"12241_2",0.002889
"2919_10",0.998206
"11110_2",0.003517
"4502_8",0.996067
"11957_1",0.001785
"12338_2",0.003080
"2474_1",0.003309
"781_4",0.002973
"7528_1",0.001989
"3252_2",0.001614
"6778_8",0.994475
"3149_10",0.997808
"436_4",0.001728
"2586_1",0.001771
"3610_8",0.996123
"4392_10",0.997965
"8914_1",0.001831
"2197_1",0.003119
"3323_10",0.997512
"975_4",0.005780
"9407_3",0.002864
"12005_7",0.986803
"1911_1",0.001664
"3956_10",0.998499
"1441_8",0.998244
"10787_3",0.002268
"4569_10",0.998124
"11685_10",0.996879
"7810_10",0.997309
"3951_3",0.001741
"6050_10",0.407954
"2758_2",0.010807
"2664_10",0.997783
"1537_2",0.002851
"7988_1",0.002799
"6090_10",0.998418
"11509_10",0.988703
"2227_3",0.003693
"865_3",0.031990
"7138_8",0.997603
"7924_8",0.994341
"10104_1",0.001567
"3917_2",0.001976
"169_4",0.005099
"8630_7",0.997361
"7895_7",0.994637
"5485_10",0.997195
"8390_8",0.002749
"11497_7",0.997620
"8964_3",0.003932
"4647_4",0.013093
"12231_7",0.996375
"9634_4",0.025513
"8582_10",0.998186
"9237_4",0.043217
"2847_8",0.990825
"10940_1",0.001812
"2990_10",0.998196
"8377_8",0.986524
"1206_3",0.017164
"11719_9",0.998288
"7003_1",0.002003
"8012_4",0.003469
"2572_10",0.994249
"4126_8",0.995659
"9190_8",0.996559
"9625_8",0.998383
"4706_10",0.982748
"8697_2",0.006020
"435_7",0.996463
"81_3",0.649288
"6713_8",0.579468
"5840_10",0.998260
"5671_8",0.997724
"5064_3",0.003182
"1149_3",0.001668
"12324_10",0.998359
"6705_1",0.003494
"243_9",0.998189
"306_10",0.997469
"7134_3",0.002847
"3227_10",0.998498
"1363_10",0.995201
"5134_9",0.883284
"5269_1",0.014846
"10915_4",0.096310
"7591_2",0.002089
"2326_2",0.005705
"688_4",0.225221
"878_10",0.997703
"10245_9",0.998086
"7388_2",0.001881
"4304_1",0.002103
"6752_10",0.996815
"6881_8",0.998031
"10230_2",0.002763
"6901_1",0.003341
"441_10",0.998518
"4743_4",0.002123
"6228_7",0.334452
"2563_7",0.968076
"6237_1",0.002379
"8619_3",0.003688
"2749_4",0.976721
"12355_3",0.041026
"4915_2",0.002278
"12234_7",0.963810
"3756_4",0.010937
"10051_8",0.997112
"5068_9",0.997802
"7767_10",0.998412
"12069_1",0.005480
"10634_3",0.002359
"2787_1",0.002068
"5281_1",0.001806
"1496_1",0.001574
"8963_4",0.002787
"983_7",0.712734
"8337_4",0.001868
"783_1",0.003062
"9939_8",0.997980
"6507_8",0.997893
"3488_4",0.003814
"9304_9",0.993607
"8664_10",0.997414
"2722_10",0.998263
"7716_10",0.961685
"8512_4",0.232895
"6002_7",0.997962
"1213_3",0.996813
"6351_7",0.998384
"3049_4",0.002512
"10897_4",0.002749
"1936_4",0.004566
"12368_9",0.996722
"10982_1",0.001865
"4116_4",0.003012
"8243_7",0.003416
"11506_2",0.003941
"291_3",0.002732
"7745_1",0.002512
"12190_9",0.997537
"7068_10",0.997924
"9649_3",0.002489
"773_1",0.002985
"1727_10",0.998263
"346_2",0.984461
"4629_9",0.898911
"2509_1",0.001830
"3664_3",0.005101
"1024_9",0.997921
"9514_1",0.001816
"3483_3",0.004904
"10053_4",0.378123
"255_10",0.998279
"1922_10",0.899770
"10416_4",0.002098
"9154_9",0.997965
"12359_3",0.004217
"4850_4",0.010361
"12398_10",0.997525
"8910_1",0.001814
"3797_8",0.994739
"2428_9",0.726875
"7062_4",0.921012
"7130_9",0.997968
"7343_1",0.001663
"7735_8",0.997358
"4104_3",0.016411
"11518_1",0.001844
"10784_4",0.037256
"3687_1",0.001794
"796_10",0.997847
"2613_1",0.005368
"3962_9",0.997925
"4637_9",0.997381
"10076_3",0.002078
"2643_9",0.998246
"3588_1",0.952319
"6788_1",0.002002
"1445_4",0.985417
"10630_7",0.271324
"9173_10",0.997277
"3998_3",0.057346
"11853_1",0.002853
"2982_1",0.002352
"2536_4",0.970459
"5912_10",0.998375
"3267_8",0.996981
"8966_4",0.004549
"7671_3",0.002340
"1962_1",0.005914
"3574_1",0.004692
"10580_1",0.002349
"10103_9",0.963221
"2101_8",0.997949
"9804_10",0.998294
"12413_9",0.985819
"9696_2",0.002228
"8988_1",0.001627
"882_9",0.996063
"8098_3",0.003433
"6072_3",0.042291
"9484_10",0.998038
"3448_10",0.998349
"12074_10",0.997710
"5880_1",0.001820
"7658_1",0.001704
"1286_8",0.997559
"7013_10",0.998146
"3590_1",0.002341
"695_4",0.002183
"8889_9",0.994327
"735_1",0.001675
"2041_7",0.009585
"12041_3",0.007125
"4918_3",0.021650
"1428_3",0.001818
"1846_4",0.003709
"11103_10",0.988078
"1026_10",0.997685
"9731_3",0.001870
"7481_1",0.001698
"10191_10",0.995073
"8262_4",0.002473
"903_10",0.993254
"4212_2",0.015248
"11611_1",0.002763
"7814_1",0.001571
"5116_10",0.997935
"150_4",0.003335
"3618_2",0.001638
"10870_1",0.001880
"8523_1",0.001866
"2193_10",0.997386
"10237_10",0.998246
"2139_10",0.998277
"7691_7",0.997345
"9374_1",0.002200
"11426_7",0.997800
"12319_1",0.001691
"6817_2",0.004592
"745_1",0.002250
"6632_1",0.001649
"7149_8",0.992843
"9558_3",0.003080
"10509_1",0.001693
"1528_2",0.260102
"3422_10",0.998141
"6112_8",0.868782
"3606_4",0.958125
"8768_7",0.851304
"2871_8",0.989698
"12404_10",0.997963
"6936_3",0.249394
"855_4",0.002884
"5703_3",0.002716
"9446_1",0.002121
"1407_7",0.288328
"8422_10",0.998284
"40_4",0.038948
"344_4",0.003443
"11019_10",0.998415
"869_1",0.001889
"2245_10",0.997863
"10002_8",0.998231
"5110_10",0.996427
"3201_9",0.997863
"10621_10",0.990543
"1213_7",0.975486
"2147_10",0.977591
"828_7",0.978895
"7600_8",0.996315
"4472_4",0.002775
"2759_2",0.002122
"10890_1",0.004007
"1637_10",0.997752
"1667_10",0.987807
"10433_8",0.998133
"11350_4",0.006804
"9437_3",0.037631
"3748_3",0.003288
"8062_10",0.998151
"11981_10",0.994858
"4214_7",0.996474
"6496_8",0.996912
"4489_4",0.006575
"5965_7",0.995360
"2785_8",0.996542
"6838_9",0.998124
"4678_9",0.993886
"8564_10",0.997381
"4375_9",0.996386
"4654_10",0.996455
"2077_10",0.997039
"12491_4",0.006522
"11483_10",0.997876
"11130_8",0.996077
"2177_2",0.258171
"1376_8",0.900286
"3557_2",0.001982
"8039_3",0.007443
"6951_1",0.002714
"3440_2",0.003439
"10192_1",0.004335
"5874_10",0.997628
"4258_10",0.997910
"8838_4",0.003299
"1090_8",0.997889
"10570_10",0.997954
"3421_7",0.982937
"1626_7",0.997207
"9887_2",0.012161
"4079_4",0.002584
"8826_8",0.004164
"8805_2",0.001586
"9121_3",0.991296
"10916_3",0.012992
"9717_3",0.002579
"8662_4",0.050347
"7393_3",0.022071
"12304_10",0.997821
"7063_3",0.977033
"7955_10",0.990197
"2266_9",0.997054
"3490_7",0.996653
"11145_3",0.002973
"1668_2",0.001608
"1011_8",0.997133
"8300_7",0.846332
"9995_8",0.996714
"1326_8",0.995810
"5232_2",0.002308
"363_10",0.998185
"11772_2",0.002965
"8771_3",0.003352
"927_3",0.686729
"2569_2",0.002314
"5558_10",0.997142
"12375_10",0.997834
"2338_10",0.998302
"5773_10",0.998007
"4664_7",0.997946
"12295_7",0.995917
"4123_8",0.997824
"1553_10",0.998168
"3770_10",0.986750
"12011_2",0.002794
"8033_1",0.001728
"1395_7",0.942931
"8614_7",0.997584
"3784_8",0.993780
"8769_8",0.996461
"888_8",0.996965
"7799_2",0.005963
"6031_3",0.004151
"11584_2",0.002504
"4570_7",0.994233
"6990_8",0.997993
"7290_1",0.001949
"1186_1",0.002005
"1329_4",0.004033
"6793_10",0.998080
"8562_10",0.996553
"8841_4",0.026809
"9234_1",0.003872
"2992_3",0.004070
"3761_4",0.682759
"1144_1",0.001685
"11737_10",0.996524
"6628_10",0.997424
"7619_4",0.047296
"5074_3",0.003471
"2056_1",0.002858
"812_7",0.997010
"615_3",0.003372
"1473_3",0.005180
"11642_1",0.001742
"2957_8",0.990849
"3223_7",0.960854
"4491_10",0.998502
"11617_8",0.994725
"2209_8",0.994049
"10250_4",0.001806
"8707_3",0.003688
"3581_2",0.002092
"3089_2",0.009967
"9367_4",0.011205
"8890_3",0.001635
"4657_3",0.001802
"8474_1",0.007139
"1542_3",0.002920
"9024_8",0.997990
"3176_1",0.003715
"11219_8",0.998357
"1086_2",0.001937
"11230_4",0.004998
"2543_3",0.005881
"3391_4",0.997219
"5876_10",0.995043
"6712_2",0.002413
"12468_1",0.001758
"1801_10",0.998349
"6727_10",0.995452
"3072_3",0.001672
"6079_7",0.995873
"1409_10",0.996795
"7709_2",0.001904
"11484_2",0.006515
"10843_2",0.001691
"3964_7",0.944497
"5691_7",0.997919
"5837_1",0.001962
"963_8",0.997581
"3530_8",0.992184
"6558_8",0.997680
"3084_4",0.004537
"3025_8",0.997532
"9396_8",0.162154
"7530_1",0.001890
"6301_4",0.004756
"2934_10",0.998052
"8286_9",0.997425
"12122_10",0.997191
"2799_8",0.997723
"3516_7",0.991932
"5715_10",0.998327
"6525_3",0.006242
"12308_10",0.970811
"1305_9",0.994629
"8190_2",0.001854
"8170_1",0.023421
"2355_7",0.994457
"9714_3",0.002178
"9667_8",0.990957
"4861_1",0.002054
"10028_10",0.997288
"3256_2",0.009156
"5974_2",0.001641
"9185_10",0.998139
"2507_10",0.997856
"8910_10",0.998281
"6791_1",0.003264
"1692_10",0.883022
"5520_10",0.996208
"10119_10",0.997384
"1226_1",0.001935
"5998_7",0.994606
"4421_1",0.002813
"7660_8",0.997547
"5532_4",0.121116
"2869_3",0.003240
"3795_2",0.001893
"3602_10",0.998375
"1453_10",0.998238
"1298_8",0.995576
"6331_1",0.001891
"7694_3",0.001815
"11568_10",0.971928
"6426_7",0.986961
"609_7",0.975900
"3352_4",0.033453
"12451_3",0.002421
"3228_7",0.997950
"945_7",0.048292
"8283_10",0.997688
"10780_7",0.987586
"2944_1",0.001790
"5697_7",0.950835
"9066_3",0.008620
"6254_7",0.993126
"384_4",0.004519
"1961_9",0.997955
"10085_2",0.006327
"1726_10",0.993793
"7937_1",0.002109
"2561_10",0.996697
"9899_9",0.998133
"8694_2",0.005040
"4217_8",0.997442
"2425_3",0.002137
"5809_1",0.002469
"3122_7",0.791325
"1522_10",0.997865
"5582_10",0.998101
"12357_2",0.002038
"3166_10",0.991561
"3176_9",0.997679
"9320_9",0.998085
"8187_1",0.001564
"5573_1",0.001755
"9078_2",0.002550
"6706_4",0.923774
"8882_8",0.984281
"2489_3",0.814755
"2768_10",0.997872
"2384_3",0.958581
"12494_8",0.997578
"10375_3",0.002671
"403_7",0.993501
"6334_3",0.004098
"9136_1",0.001654
"10698_1",0.002292
"2203_4",0.006970
"2122_1",0.001502
"2904_4",0.003849
"12367_9",0.961379
"9638_8",0.998085
"2005_1",0.001580
"4963_8",0.996467
"7575_1",0.004015
"9989_1",0.002271
"8776_4",0.019824
"10188_10",0.995521
"8238_1",0.001985
"9244_4",0.996890
"11142_2",0.002379
"4365_7",0.992778
"5877_4",0.161977
"12135_8",0.994785
"3526_3",0.072935
"5209_4",0.002376
"5991_2",0.002102
"10888_1",0.003943
"1303_3",0.002395
"5764_4",0.214899
"2933_10",0.998385
"7297_1",0.001766
"11156_10",0.884003
"1353_1",0.003669
"10017_1",0.006248
"4203_3",0.012324
"4546_9",0.997962
"6039_1",0.001856
"5804_3",0.004146
"9085_4",0.005224
"10774_10",0.998410
"2178_7",0.673696
"2958_2",0.002644
"11469_8",0.993150
"5378_2",0.652845
"4583_8",0.005470
"9539_10",0.998577
"5090_8",0.991134
"12036_4",0.020116
"1766_9",0.996521
"11536_7",0.995775
"4792_9",0.997263
"7615_1",0.002428
"9624_1",0.001899
"5230_9",0.998229
"939_4",0.313312
"2353_7",0.996557
"8760_9",0.993719
"3231_9",0.998188
"8183_7",0.994315
"2156_10",0.996235
"245_2",0.002731
"12048_1",0.002083
"6572_9",0.991692
"10848_9",0.998024
"9576_10",0.996560
"3174_1",0.001962
"9824_8",0.346893
"8199_1",0.002417
"10911_3",0.002608
"2452_1",0.350605
"7574_3",0.005428
"8363_7",0.960274
"3672_9",0.997332
"11693_10",0.998467
"9731_10",0.996625
"280_1",0.001852
"10065_8",0.997424
"10284_9",0.993429
"7990_1",0.002439
"12256_4",0.977576
"7558_1",0.001936
"9636_2",0.001940
"8632_2",0.002904
"6157_3",0.023067
"9429_7",0.983192
"1447_1",0.193039
"10948_8",0.993607
"12300_4",0.009430
"10208_1",0.002602
"5889_3",0.090896
"2376_9",0.994437
"3354_2",0.001834
"9530_1",0.962916
"2469_10",0.998386
"2229_10",0.996770
"12326_10",0.997357
"8097_2",0.006567
"6502_3",0.950168
"8877_8",0.998488
"5408_7",0.710443
"3589_4",0.004277
"5934_3",0.002063
"3653_10",0.998413
"6900_1",0.002151
"3395_9",0.998512
"10302_7",0.996574
"10527_3",0.003000
"10080_10",0.997804
"5818_10",0.997419
"3178_10",0.997319
"10636_8",0.997373
"9586_2",0.997173
"8548_2",0.004356
"2851_1",0.001598
"6874_7",0.994546
"5850_8",0.997806
"2392_10",0.996730
"7434_2",0.004895
"11879_10",0.996663
"1190_10",0.997716
"8411_10",0.995668
"4833_9",0.964598
"5853_1",0.001602
"5485_4",0.001754
"111_3",0.003611
"6376_10",0.998135
"5425_1",0.002909
"3189_2",0.002075
"5053_8",0.996836
"1171_1",0.005304
"2206_4",0.004014
"11912_4",0.002828
"9874_7",0.997592
"3439_9",0.998008
"4221_8",0.996643
"6830_3",0.001986
"960_8",0.997880
"11862_1",0.005400
"8231_7",0.995141
"11765_1",0.005504
"9849_1",0.002485
"7518_4",0.830690
"3014_1",0.002440
"2534_10",0.998082
"5197_10",0.998394
"6775_2",0.002178
"4649_1",0.003482
"10748_3",0.002971
"6943_4",0.015790
"9692_1",0.001527
"11972_7",0.978885
"7251_9",0.998113
"459_4",0.978837
"1101_8",0.990750
"358_4",0.002911
"7543_1",0.001995
"3980_3",0.028818
"1276_3",0.003097
"12111_8",0.997945
"11876_4",0.002543
"5473_8",0.996891
"1296_1",0.001931
"7224_9",0.996769
"8035_10",0.998089
"10436_1",0.002643
"8475_1",0.009952
"4293_2",0.002302
"9867_2",0.001560
"4101_1",0.002820
"6220_1",0.001663
"6246_4",0.823690
"2907_8",0.990934
"4532_2",0.001908
"10753_8",0.995273
"328_10",0.997655
"1941_1",0.002210
"7586_9",0.937333
"11294_1",0.001746
"7534_9",0.998331
"2675_3",0.002469
"3837_10",0.997491
"5349_9",0.997263
"641_1",0.002040
"9273_8",0.994373
"8120_4",0.002955
"10610_1",0.001984
"1829_1",0.001403
"6406_10",0.996730
"4029_10",0.997220
"10845_10",0.992935
"2573_4",0.989092
"2033_3",0.015978
"9633_4",0.988522
"6243_1",0.003949
"7596_10",0.997417
"4208_8",0.987997
"6984_8",0.991438
"3656_1",0.001744
"2434_1",0.002263
"10340_7",0.009533
"6130_9",0.995528
"8093_7",0.003149
"7962_1",0.002359
"12178_7",0.005926
"10931_2",0.001909
"6857_10",0.998012
"11091_8",0.998354
"4167_2",0.004907
"679_4",0.020135
"10147_1",0.001724
"6875_1",0.001789
"923_10",0.998501
"6200_8",0.988126
"7208_8",0.997036
"5363_8",0.988615
"4067_8",0.443865
"1773_7",0.996846
"1498_10",0.101558
"10497_10",0.894937
"3444_10",0.998366
"588_2",0.002234
"9678_9",0.997443
"1983_9",0.991806
"5012_3",0.002694
"12240_2",0.001718
"5071_2",0.002714
"5078_2",0.002076
"10069_3",0.004904
"7407_8",0.997866
"7207_1",0.001900
"2155_10",0.996620
"59_10",0.997912
"2531_1",0.002430
"7772_8",0.998329
"11465_10",0.997092
