"id","sentiment"
"12311_10",0.993950
"8348_2",0.000779
"5828_4",0.036700
"7186_2",0.003390
"12128_7",0.982558
"2913_8",0.987005
"4396_1",0.001250
"395_2",0.064831
"10616_1",0.001525
"9074_9",0.988992
"9252_3",0.510344
"9896_9",0.987946
"574_4",0.002444
"11182_8",0.989602
"11656_4",0.002314
"2322_4",0.027143
"8703_1",0.021430
"7483_1",0.001118
"6007_10",0.992169
"12424_4",0.001127
"4672_1",0.000981
"10841_3",0.001738
"8954_7",0.026032
"7392_1",0.001233
"10288_8",0.989254
"5343_4",0.001145
"4950_1",0.000586
"9257_4",0.029284
"8689_3",0.001617
"4480_2",0.003241
"9286_10",0.983986
"12245_10",0.994413
"7529_7",0.971806
"4_4",0.000757
"5299_2",0.003057
"12077_8",0.993734
"10701_2",0.000704
"11579_1",0.001639
"10993_1",0.000697
"8913_1",0.009394
"1350_3",0.000691
"3804_2",0.001259
"5025_3",0.491364
"5170_8",0.981736
"8225_8",0.987958
"6427_7",0.992739
"3165_3",0.002128
"7902_9",0.994636
"8208_3",0.001579
"3577_8",0.988062
"4865_1",0.000557
"9063_3",0.001927
"1106_1",0.002387
"1117_9",0.993926
"1050_4",0.019106
"10755_9",0.984635
"2729_8",0.989830
"10072_10",0.987290
"2904_7",0.986098
"4584_2",0.017729
"189_4",0.241266
"6302_4",0.028114
"8138_9",0.978590
"1262_1",0.000858
"2199_10",0.989254
"6551_7",0.986520
"8082_7",0.992583
"4897_8",0.988358
"7360_1",0.000964
"11012_10",0.993549
"12046_1",0.001097
"2331_2",0.002128
"8961_9",0.994077
"751_7",0.985454
"9884_10",0.992934
"10016_8",0.994325
"8023_10",0.985950
"2628_1",0.000820
"5832_1",0.001835
"7302_1",0.000565
"4501_3",0.101857
"1121_7",0.971752
"8334_3",0.004256
"9789_10",0.992851
"4230_10",0.987399
"824_4",0.366002
"6803_9",0.988939
"3086_7",0.992467
"1135_8",0.994402
"10136_1",0.000624
"11129_3",0.001391
"2072_8",0.025395
"9501_7",0.987351
"319_10",0.989055
"1693_7",0.992123
"10886_1",0.000647
"9406_8",0.992837
"10376_10",0.977989
"9902_1",0.000644
"9938_8",0.980618
"7080_9",0.988458
"11944_8",0.976647
"5249_1",0.000557
"9599_2",0.002689
"9620_1",0.000653
"11244_1",0.000712
"6841_10",0.992423
"10050_4",0.113924
"10512_9",0.990273
"11327_3",0.000612
"10681_8",0.990750
"808_3",0.003884
"546_7",0.994820
"10765_1",0.000601
"7189_9",0.981542
"6005_9",0.986803
"11915_9",0.993867
"5740_10",0.991356
"7097_10",0.977392
"9573_10",0.992934
"5084_4",0.009108
"12332_7",0.978895
"8154_1",0.001607
"5610_1",0.000527
"5323_9",0.989879
"11034_8",0.978198
"3977_2",0.029987
"12380_7",0.952706
"1737_8",0.986058
"6030_9",0.993029
"5918_7",0.987253
"7061_9",0.992047
"266_8",0.993831
"1375_10",0.994358
"8648_3",0.000799
"10146_10",0.993759
"4578_10",0.993649
"4685_8",0.989202
"11843_9",0.990140
"5467_10",0.994667
"10140_10",0.994008
"7721_8",0.993599
"11208_10",0.984078
"1063_10",0.991472
"8260_10",0.875946
"3182_9",0.994089
"2797_8",0.987436
"7613_2",0.002839
"11624_4",0.004737
"4847_10",0.992725
"10684_7",0.931213
"6312_1",0.000934
"4925_3",0.000828
"4125_1",0.000559
"2394_10",0.994800
"12105_10",0.994563
"7812_1",0.001036
"1061_8",0.987520
"9343_3",0.000900
"7696_10",0.994584
"9355_10",0.990997
"782_9",0.994840
"9882_10",0.994531
"10642_10",0.991652
"7410_2",0.001424
"9591_4",0.002256
"11902_3",0.055464
"3495_7",0.987841
"6733_1",0.000888
"4552_1",0.000547
"6722_1",0.183813
"188_10",0.993938
"5099_10",0.987900
"10313_1",0.000960
"6756_9",0.983955
"6622_2",0.000748
"4807_10",0.994303
"7173_3",0.001354
"11321_8",0.989791
"7909_9",0.983004
"8012_7",0.310642
"8615_4",0.000605
"8117_10",0.993397
"1892_10",0.992697
"4617_1",0.000604
"1893_8",0.987771
"5435_1",0.000585
"162_3",0.000712
"6516_10",0.989275
"11588_7",0.989378
"2006_1",0.000609
"1594_4",0.001661
"1472_1",0.000617
"3647_1",0.340403
"174_7",0.976401
"5539_7",0.179315
"3384_10",0.990642
"3811_4",0.984139
"4079_8",0.983565
"1179_7",0.311689
"3069_9",0.994434
"3769_8",0.974917
"9247_10",0.993216
"10434_1",0.000751
"1147_10",0.994089
"5344_7",0.985704
"8073_10",0.994020
"7833_3",0.000769
"8370_1",0.000645
"9007_8",0.001915
"6624_7",0.074366
"6683_3",0.000757
"12275_7",0.993855
"11927_8",0.994358
"1560_10",0.994615
"1325_9",0.013121
"3548_8",0.977263
"607_1",0.000654
"6702_7",0.920397
"5702_3",0.000679
"11345_8",0.987363
"3428_4",0.015204
"7209_9",0.993624
"8425_8",0.987412
"3087_1",0.001156
"1119_8",0.993843
"5715_3",0.003817
"8645_1",0.000683
"2149_3",0.000766
"10403_10",0.988745
"5628_1",0.000583
"5570_10",0.988073
"1613_3",0.003443
"1454_4",0.194674
"5094_3",0.002415
"7982_1",0.001652
"6894_2",0.000818
"6554_1",0.000883
"4721_3",0.051845
"6904_4",0.001779
"893_8",0.989066
"4605_4",0.096365
"11516_7",0.016106
"11718_7",0.994667
"5956_1",0.000526
"7455_9",0.993176
"6396_4",0.991620
"1223_8",0.994180
"8556_1",0.003531
"6108_8",0.759337
"11690_1",0.000656
"3778_9",0.990696
"3627_4",0.003907
"8256_4",0.028844
"533_1",0.000546
"5235_4",0.001294
"621_2",0.001127
"5365_1",0.003148
"8180_3",0.000844
"7396_7",0.212069
"9776_10",0.993673
"8175_10",0.988347
"3128_1",0.000807
"4606_1",0.000968
"6158_2",0.002278
"3281_10",0.986917
"4723_4",0.070049
"11994_3",0.010860
"7701_1",0.000717
"103_3",0.040389
"8908_10",0.994214
"8876_1",0.000613
"7519_9",0.983925
"12456_8",0.993587
"9514_8",0.987544
"8680_8",0.918334
"12402_10",0.991522
"362_2",0.007938
"9825_7",0.963057
"2913_3",0.003622
"7164_8",0.987017
"11177_7",0.993255
"5707_10",0.994413
"8103_10",0.988301
"6289_1",0.001277
"11754_1",0.003650
"11640_10",0.973241
"9933_7",0.989254
"185_10",0.987055
"242_10",0.994477
"9369_8",0.987794
"7453_10",0.985158
"7514_7",0.898098
"10860_2",0.000608
"8663_8",0.342682
"9108_1",0.000554
"7941_1",0.001484
"10116_1",0.000649
"9841_4",0.982440
"4512_9",0.990092
"4853_2",0.004110
"2664_4",0.041037
"9966_10",0.987460
"5167_2",0.001299
"3894_2",0.001061
"3929_8",0.989692
"7165_10",0.993015
"5451_8",0.984590
"2947_4",0.005281
"4611_10",0.993831
"5807_1",0.000760
"9464_8",0.994066
"3124_10",0.988188
"2705_4",0.036186
"12187_8",0.991423
"12319_10",0.989275
"9874_3",0.001652
"3406_4",0.940735
"2327_10",0.993268
"605_10",0.989002
"8080_4",0.010328
"3074_10",0.994157
"2499_3",0.033780
"1013_1",0.006890
"11535_1",0.001014
"4118_7",0.770378
"10492_8",0.993926
"2129_4",0.004046
"9814_10",0.992934
"10671_9",0.988425
"5980_10",0.993807
"2755_2",0.002473
"5461_2",0.003722
"11979_1",0.000700
"8810_1",0.000602
"852_7",0.991272
"10961_4",0.005501
"7436_4",0.007741
"11281_3",0.062103
"4208_3",0.057758
"8213_10",0.994031
"9851_2",0.388299
"4713_7",0.993461
"9528_1",0.990254
"3595_10",0.994626
"5785_3",0.001110
"10370_3",0.001370
"1980_3",0.057918
"8800_4",0.983894
"4437_3",0.001949
"28_3",0.008284
"12171_1",0.019014
"9359_3",0.000790
"3831_9",0.993902
"10962_7",0.987782
"1500_9",0.978323
"11470_10",0.993722
"11843_3",0.000672
"11200_4",0.017883
"1067_1",0.000591
"3333_1",0.003124
"4487_4",0.036357
"6428_1",0.000706
"575_7",0.966283
"10904_9",0.981560
"11821_2",0.008745
"11605_1",0.000767
"1111_7",0.984971
"10295_1",0.004434
"1146_4",0.000757
"2405_9",0.567457
"11081_10",0.971019
"2201_10",0.987265
"4844_1",0.000883
"11007_8",0.992364
"6535_7",0.988414
"2653_4",0.000700
"8245_10",0.988268
"9951_8",0.987782
"6133_8",0.988335
"10006_2",0.000631
"7350_1",0.001604
"4509_9",0.991389
"948_1",0.000960
"3987_1",0.001694
"2947_10",0.989501
"6041_3",0.002059
"2946_1",0.000563
"11967_4",0.001262
"1185_10",0.994259
"10323_2",0.004792
"11706_2",0.000658
"3663_1",0.000754
"5602_10",0.994043
"4870_10",0.984411
"1994_1",0.002083
"10807_7",0.988525
"6871_3",0.696720
"1175_2",0.001282
"10919_7",0.993891
"8127_10",0.990216
"12497_4",0.015044
"3274_1",0.910585
"2568_3",0.001525
"840_2",0.000554
"5626_10",0.993255
"7561_10",0.994336
"4600_3",0.008125
"3324_9",0.993831
"8899_7",0.986891
"5592_8",0.989928
"12483_4",0.005992
"7874_1",0.000593
"5878_10",0.989265
"4303_9",0.993747
"9421_1",0.001012
"10269_4",0.034197
"10615_2",0.007177
"2634_10",0.992753
"7522_1",0.000839
"9289_10",0.990404
"4636_10",0.989830
"1241_7",0.642444
"9458_9",0.989460
"11690_10",0.994123
"7176_4",0.635318
"6212_10",0.994225
"6319_1",0.000707
"5229_3",0.015116
"466_9",0.994820
"8693_2",0.001772
"2952_10",0.993759
"1128_1",0.000714
"3975_10",0.993985
"11365_10",0.988992
"2074_9",0.988335
"9768_10",0.991084
"4895_1",0.000755
"5726_10",0.987818
"9993_10",0.993698
"11319_2",0.001433
"10561_2",0.007666
"5455_8",0.983231
"10684_3",0.002453
"3652_3",0.002301
"7825_1",0.000626
"8806_1",0.000565
"275_10",0.986853
"2246_1",0.000662
"11968_2",0.016947
"2528_1",0.001908
"8491_8",0.987829
"13_1",0.017127
"4530_8",0.992031
"5207_3",0.000546
"11648_10",0.988380
"8260_1",0.003093
"10730_10",0.991084
"10402_3",0.028871
"8077_1",0.000665
"8598_8",0.258607
"2809_3",0.001080
"12490_10",0.988591
"1447_9",0.994303
"1605_3",0.001040
"2311_4",0.000651
"3235_9",0.986191
"5725_10",0.993771
"9025_10",0.990329
"6049_9",0.988906
"4803_10",0.988119
"191_9",0.989034
"420_3",0.017078
"5238_2",0.002726
"1280_9",0.989450
"9408_4",0.004691
"819_1",0.001501
"1656_4",0.001394
"9964_3",0.131173
"10404_4",0.005980
"12369_10",0.991716
"6423_1",0.000608
"9942_8",0.988199
"1519_1",0.000833
"100_10",0.990786
"3216_10",0.993333
"3909_10",0.987688
"5034_7",0.991101
"14_8",0.989317
"5891_3",0.001044
"8496_10",0.994800
"7429_1",0.000618
"9457_1",0.000751
"9602_8",0.983085
"4198_1",0.001103
"154_2",0.001255
"5070_2",0.001968
"4207_8",0.984231
"7758_8",0.993574
"4439_9",0.988842
"12042_1",0.000532
"7244_1",0.001204
"6854_1",0.000997
"11932_10",0.989234
"4151_10",0.992906
"7265_1",0.002170
"10272_7",0.988222
"4256_4",0.709019
"1225_7",0.991339
"956_10",0.994358
"6389_2",0.000856
"1365_4",0.000729
"4752_7",0.986138
"276_10",0.988734
"8766_9",0.988525
"11225_10",0.993268
"6920_1",0.001495
"11536_1",0.000527
"1923_9",0.992093
"11460_10",0.982608
"10054_7",0.983150
"10845_1",0.000504
"10231_4",0.089216
"9430_8",0.988131
"3226_2",0.000726
"4298_3",0.001207
"10635_4",0.000922
"10567_4",0.001016
"5460_10",0.994423
"7310_7",0.987228
"10330_2",0.000732
"5151_9",0.874023
"11_3",0.033211
"1448_8",0.976758
"10130_8",0.989918
"2199_3",0.000981
"1761_10",0.986739
"2782_1",0.000518
"7618_10",0.994402
"85_10",0.993759
"5730_3",0.001274
"3641_1",0.000890
"8190_9",0.989087
"9533_10",0.991891
"9508_1",0.001204
"237_8",0.994112
"3981_7",0.992961
"7194_9",0.988165
"10584_8",0.988734
"248_2",0.000671
"8358_4",0.000724
"1218_1",0.000838
"4191_10",0.970493
"3090_8",0.987652
"11923_2",0.001024
"1640_8",0.988949
"9972_3",0.001165
"11818_4",0.984200
"4350_10",0.988347
"877_10",0.976691
"10017_8",0.993612
"7975_10",0.994677
"8436_1",0.021948
"6024_7",0.974869
"3112_1",0.000651
"951_10",0.992920
"1622_1",0.001534
"191_3",0.020004
"5669_1",0.000645
"1891_4",0.001416
"12173_9",0.992184
"7887_7",0.964623
"3256_10",0.974459
"5419_1",0.000757
"7635_1",0.000781
"8297_2",0.078713
"7137_8",0.967686
"7562_3",0.006693
"9944_1",0.000812
"4288_1",0.000900
"8087_1",0.987399
"4771_10",0.987520
"10482_10",0.986031
"5324_10",0.993891
"3080_1",0.000880
"10923_7",0.991668
"1753_7",0.993914
"317_10",0.986455
"12474_8",0.985057
"773_8",0.993795
"388_1",0.001312
"12141_2",0.002502
"5667_1",0.034036
"1071_9",0.987652
"2897_10",0.986044
"9481_4",0.009784
"12025_1",0.000658
"8879_7",0.991571
"5683_1",0.000621
"7026_1",0.000981
"2439_1",0.000890
"3631_7",0.982591
"1650_9",0.982873
"5378_7",0.994615
"9745_1",0.000807
"11563_8",0.985963
"299_8",0.989751
"9471_2",0.022414
"1866_1",0.000856
"2639_4",0.001430
"5122_1",0.001711
"12341_7",0.978834
"2936_8",0.994100
"8647_10",0.985663
"4255_9",0.993771
"7262_8",0.842992
"8413_10",0.992525
"10080_1",0.000924
"3973_1",0.011823
"8752_9",0.993307
"4018_2",0.000641
"7669_1",0.000595
"10421_4",0.007666
"7854_8",0.994089
"162_8",0.144752
"11614_9",0.985718
"11343_8",0.992568
"1708_7",0.185947
"7115_4",0.066630
"10498_10",0.994281
"2944_8",0.994259
"10474_3",0.005427
"1263_1",0.001118
"1693_4",0.023153
"9600_9",0.913984
"11173_2",0.001694
"3961_2",0.000843
"8011_1",0.013611
"7386_8",0.985882
"8787_8",0.992781
"12349_9",0.992077
"1776_4",0.002274
"5885_4",0.897381
"220_4",0.017678
"5547_8",0.993759
"2853_1",0.000602
"2157_2",0.000707
"11667_2",0.057865
"194_7",0.299515
"1633_1",0.000618
"6897_2",0.000981
"11568_2",0.009126
"9219_1",0.000844
"477_8",0.994123
"8980_3",0.124001
"4612_10",0.993599
"8030_10",0.990441
"1846_8",0.993587
"2786_8",0.993996
"2634_1",0.001022
"3110_8",0.993346
"11587_8",0.503326
"11262_8",0.993587
"5680_7",0.670163
"4583_4",0.017493
"1451_1",0.000701
"4244_4",0.031919
"6176_4",0.000854
"8851_10",0.993902
"908_9",0.988788
"7494_9",0.974797
"8061_3",0.002453
"789_1",0.000692
"2374_7",0.985100
"11225_3",0.001118
"4467_4",0.001221
"8516_10",0.792946
"4121_10",0.987794
"10267_7",0.985215
"6040_8",0.992319
"8338_7",0.989996
"2903_7",0.994445
"6662_9",0.989692
"5333_10",0.994347
"7470_4",0.001534
"8813_1",0.004126
"4514_3",0.218586
"9584_7",0.846705
"11706_8",0.987042
"11538_8",0.940572
"4210_1",0.000841
"8984_1",0.000587
"3431_4",0.031203
"4973_10",0.988447
"12260_1",0.000484
"4267_10",0.994477
"9906_9",0.988624
"670_7",0.987472
"6270_3",0.000620
"5164_4",0.000826
"9741_2",0.002213
"3761_8",0.994423
"2651_2",0.006824
"7448_10",0.989450
"7184_9",0.993255
"1313_9",0.980967
"10654_8",0.993819
"7151_1",0.000675
"2320_10",0.990910
"12033_7",0.969871
"6429_1",0.000609
"1420_4",0.986311
"3002_7",0.984381
"1299_1",0.000742
"7897_9",0.988268
"1529_4",0.002521
"9760_2",0.001697
"11318_1",0.003765
"2217_3",0.047514
"11641_2",0.000931
"7238_10",0.986954
"7710_8",0.992510
"12011_8",0.981275
"4495_7",0.991356
"11144_4",0.002200
"5625_2",0.001034
"2926_7",0.958343
"8538_8",0.990235
"8875_10",0.993612
"10881_10",0.985732
"1662_7",0.992988
"4560_9",0.985580
"6714_4",0.001549
"9059_10",0.992837
"6631_10",0.988073
"8520_1",0.001172
"918_4",0.221688
"3102_10",0.984855
"3611_2",0.001088
"8434_10",0.994358
"681_7",0.993015
"7386_4",0.000883
"7566_9",0.958809
"10110_10",0.994531
"10486_10",0.987580
"1492_3",0.003573
"11823_1",0.001059
"2331_9",0.988039
"2200_2",0.001067
"9547_1",0.000642
"785_2",0.000719
"5101_4",0.029312
"5657_10",0.986324
"6902_7",0.982658
"1490_9",0.990178
"7148_9",0.989055
"7387_8",0.968768
"8277_9",0.989419
"6912_7",0.987628
"170_2",0.001421
"7702_10",0.994402
"4393_3",0.000974
"2608_3",0.011398
"4931_8",0.987723
"10589_10",0.991716
"8623_4",0.000936
"6057_2",0.001230
"2704_9",0.994467
"1790_2",0.129403
"12370_1",0.000654
"159_1",0.000578
"343_9",0.989662
"2128_9",0.993961
"11181_8",0.988414
"11775_10",0.985257
"3514_10",0.994247
"6993_2",0.000595
"2866_9",0.993747
"1000_9",0.993268
"11772_7",0.991101
"3355_9",0.979056
"8519_8",0.988234
"7879_3",0.003344
"4332_10",0.992865
"5403_1",0.002274
"1514_7",0.153740
"7904_1",0.000579
"10550_2",0.003210
"11442_10",0.988971
"2821_3",0.005011
"5766_1",0.000585
"8061_9",0.981893
"2166_1",0.000680
"6206_1",0.001080
"11124_2",0.001405
"7625_10",0.986929
"90_9",0.988245
"7959_10",0.994008
"7029_10",0.988027
"779_8",0.990962
"1101_4",0.000823
"11189_4",0.004774
"9790_4",0.004256
"10861_1",0.000677
"5902_2",0.002145
"9545_10",0.980894
"3730_1",0.000624
"4951_9",0.986311
"3295_1",0.001279
"9495_2",0.001758
"2876_1",0.004340
"2796_1",0.002360
"10338_3",0.009108
"10913_7",0.002035
"4685_2",0.001277
"11586_1",0.000812
"4904_7",0.977735
"7110_7",0.980710
"2086_4",0.022955
"7372_7",0.978488
"135_9",0.989244
"7038_3",0.021328
"1119_2",0.001016
"5057_8",0.992865
"3479_10",0.994830
"6489_8",0.987191
"4910_8",0.992879
"5979_10",0.989254
"11304_1",0.000782
"2102_9",0.988085
"8048_1",0.000892
"12153_7",0.971537
"4832_8",0.986337
"3079_9",0.994573
"8254_2",0.001507
"7981_7",0.987806
"611_1",0.006351
"307_10",0.987652
"8861_3",0.000692
"4635_4",0.021328
"6197_7",0.992319
"6739_3",0.001221
"8588_9",0.988569
"8461_7",0.026456
"10089_1",0.001325
"2609_7",0.845560
"1418_3",0.005501
"2661_10",0.987363
"1253_9",0.993320
"8815_9",0.989850
"9867_8",0.994880
"2155_1",0.000764
"12259_4",0.001317
"11224_3",0.000964
"4781_1",0.000679
"4354_9",0.990140
"9629_9",0.992077
"3629_9",0.994509
"6445_10",0.994870
"9526_10",0.994303
"5138_2",0.002415
"349_10",0.992809
"2099_7",0.985468
"4411_1",0.002328
"8127_3",0.000465
"5225_8",0.987865
"7970_3",0.010966
"5688_7",0.986098
"12099_3",0.182280
"6020_4",0.023309
"3892_8",0.990874
"2098_8",0.990551
"4851_7",0.987568
"10967_10",0.981683
"6230_4",0.010902
"2211_2",0.985143
"11978_10",0.987399
"8802_1",0.000688
"11010_3",0.002332
"10083_2",0.071138
"5588_10",0.726935
"958_10",0.992988
"6771_4",0.077448
"6767_9",0.992108
"7302_10",0.993333
"5324_3",0.001534
"7737_10",0.992583
"8603_10",0.260342
"3029_7",0.982906
"8640_2",0.001061
"2139_1",0.000647
"6305_10",0.994077
"6884_7",0.994043
"5534_8",0.742515
"7619_8",0.992139
"10057_8",0.987876
"972_7",0.993855
"6245_8",0.982305
"6627_7",0.988646
"3621_10",0.022759
"2290_4",0.975367
"24_4",0.100437
"5689_1",0.001040
"6497_4",0.004382
"12405_4",0.976423
"11720_7",0.991456
"10088_1",0.000691
"9258_9",0.993710
"354_4",0.904903
"4770_10",0.993587
"1035_3",0.007446
"739_1",0.000839
"6267_7",0.991238
"1562_8",0.994303
"1438_1",0.000613
"281_8",0.994292
"1818_1",0.003344
"3943_3",0.001832
"8116_4",0.004054
"6984_1",0.001441
"5330_4",0.000667
"8821_8",0.992539
"10484_10",0.987700
"1886_4",0.011642
"7943_2",0.001504
"6438_7",0.986350
"8931_10",0.991652
"10538_10",0.981542
"534_10",0.994541
"7329_2",0.000962
"6614_2",0.000999
"710_10",0.994247
"3120_4",0.003377
"9046_1",0.000760
"5638_2",0.002265
"2455_4",0.002200
"2652_3",0.001325
"11006_4",0.003105
"5065_3",0.000974
"9805_10",0.994840
"7092_8",0.989378
"1735_10",0.978031
"3609_1",0.000609
"1201_10",0.994146
"11024_9",0.993136
"3807_10",0.993096
"4483_10",0.991136
"4510_7",0.987723
"8037_1",0.000725
"1760_1",0.001127
"133_8",0.989986
"9039_8",0.988039
"8462_4",0.645116
"2468_10",0.994890
"7684_3",0.000744
"10350_9",0.994594
"1199_10",0.989202
"8560_1",0.000725
"6405_3",0.000991
"1295_1",0.000582
"6420_1",0.000646
"12183_9",0.994423
"11619_1",0.000664
"1415_9",0.987240
"9414_1",0.000570
"7640_4",0.000798
"9211_9",0.991603
"557_9",0.993562
"4501_9",0.994477
"8711_10",0.983534
"2402_1",0.002482
"4586_10",0.987520
"176_3",0.012171
"3545_1",0.000931
"8932_1",0.000779
"5829_10",0.993320
"3409_10",0.990551
"3636_3",0.004191
"12048_7",0.994499
"10468_10",0.988788
"11546_10",0.987993
"9444_10",0.993448
"6275_1",0.000625
"152_4",0.314156
"4767_9",0.986218
"6751_1",0.001356
"10245_4",0.124160
"5407_8",0.988414
"1923_1",0.000683
"515_9",0.987302
"9988_1",0.237178
"5928_8",0.987688
"10163_4",0.074433
"7969_10",0.989358
"1494_4",0.008125
"11211_10",0.989234
"1957_1",0.000718
"8484_7",0.431652
"848_2",0.000810
"5177_1",0.007816
"10667_10",0.985594
"3075_1",0.000757
"9443_10",0.989182
"1572_8",0.990533
"11285_8",0.984063
"3125_1",0.023087
"9265_9",0.992510
"4072_1",0.001163
"6390_2",0.000809
"6496_4",0.014145
"8766_2",0.000594
"7787_10",0.992961
"5897_10",0.993359
"9027_1",0.000792
"1538_2",0.000602
"1220_3",0.000773
"8600_3",0.021085
"11432_2",0.007504
"1424_4",0.270866
"7344_10",0.994594
"10842_1",0.001034
"10332_10",0.994380
"4340_4",0.003069
"4868_4",0.002873
"11216_9",0.990945
"12027_10",0.984708
"6785_7",0.923420
"8773_8",0.988414
"8119_4",0.019290
"10138_10",0.994434
"7197_2",0.001002
"1536_3",0.000608
"9981_7",0.987387
"4753_1",0.001671
"2795_7",0.003286
"6672_4",0.000885
"10805_7",0.786500
"5866_1",0.000700
"570_1",0.000576
"11965_8",0.993189
"3288_1",0.000754
"8135_1",0.000689
"10094_9",0.987900
"5845_10",0.991603
"3570_8",0.982271
"1240_1",0.004682
"231_1",0.001835
"10628_9",0.989551
"3536_1",0.000593
"1852_10",0.993843
"8202_7",0.992169
"5907_7",0.975924
"1759_10",0.985594
"4492_10",0.991700
"4844_7",0.971966
"3189_10",0.991875
"3403_10",0.993255
"5874_2",0.000770
"7809_10",0.992423
"3632_9",0.994180
"11767_2",0.987923
"9925_3",0.001367
"4218_1",0.001391
"12036_7",0.451221
"8973_2",0.000803
"2464_10",0.990910
"4094_1",0.000838
"10592_1",0.005281
"10648_9",0.992047
"3887_10",0.987387
"9092_8",0.988668
"10666_10",0.992711
"8389_10",0.992975
"5281_10",0.989531
"6946_1",0.000608
"1132_1",0.000527
"10052_4",0.007432
"768_10",0.994380
"5432_3",0.001466
"7424_3",0.006266
"2366_2",0.002890
"2865_3",0.023803
"7806_2",0.000699
"8878_3",0.019327
"6298_7",0.987253
"4517_4",0.000803
"12018_10",0.994225
"3662_1",0.000677
"11393_10",0.987818
"2071_10",0.987067
"8217_8",0.985271
"6568_2",0.001226
"3840_10",0.994729
"1666_3",0.020685
"2360_7",0.987652
"5778_4",0.006062
"5341_4",0.004849
"4044_2",0.000611
"2503_3",0.245582
"4095_10",0.979629
"2092_2",0.029591
"2707_3",0.000989
"573_10",0.992739
"6441_7",0.985896
"7565_3",0.000745
"9499_7",0.813090
"657_10",0.994180
"8840_10",0.992274
"1407_4",0.019179
"12453_2",0.003057
"8273_9",0.993771
"8366_7",0.988211
"10643_9",0.984956
"9998_1",0.001250
"1385_1",0.000719
"1354_4",0.005544
"4674_7",0.986165
"3515_4",0.032744
"10426_8",0.992423
"10226_3",0.001481
"10391_4",0.001082
"9968_1",0.001120
"2893_3",0.001297
"2546_9",0.993255
"37_1",0.000561
"1757_10",0.988981
"1569_8",0.987191
"1466_3",0.001262
"7783_1",0.000634
"9506_10",0.993307
"10835_3",0.000964
"2917_9",0.983069
"2495_7",0.988679
"1686_10",0.994541
"2414_7",0.980072
"5318_8",0.989918
"8858_8",0.988928
"8112_1",0.000628
"6532_2",0.001002
"2526_10",0.989389
"11089_7",0.994100
"4297_8",0.992823
"3179_9",0.993549
"5832_10",0.994100
"10539_8",0.984971
"9226_10",0.983036
"9878_1",0.002627
"7940_10",0.993574
"7195_10",0.984767
"2979_1",0.000908
"3597_10",0.992000
"2931_8",0.212968
"8571_10",0.113040
"12148_1",0.000569
"4047_2",0.000647
"6164_10",0.990750
"2214_8",0.989244
"5903_1",0.001367
"7931_9",0.987841
"1205_3",0.013121
"5983_10",0.989928
"10424_7",0.984546
"11032_7",0.972389
"1303_10",0.986403
"10390_1",0.000732
"8349_2",0.001620
"3605_8",0.987338
"12273_1",0.000607
"60_1",0.000583
"3879_9",0.987240
"12431_4",0.000966
"4499_2",0.000831
"5786_10",0.959875
"5521_4",0.973368
"793_8",0.986533
"7948_3",0.000830
"9022_2",0.001341
"11071_1",0.000726
"4991_3",0.154695
"8226_1",0.001322
"8762_3",0.010714
"6918_4",0.337422
"844_10",0.991204
"11503_8",0.582788
"7406_8",0.994573
"7743_1",0.017510
"514_3",0.000871
"10927_9",0.992795
"3731_7",0.994749
"8870_4",0.483039
"11099_10",0.988874
"8456_10",0.988188
"10944_7",0.973062
"7168_3",0.001632
"3378_10",0.974917
"8203_3",0.023871
"5676_1",0.000876
"5061_9",0.994369
"6238_8",0.984898
"1136_8",0.957198
"6234_3",0.000766
"9510_3",0.989347
"9632_7",0.843380
"4357_1",0.992334
"1176_9",0.994413
"10821_8",0.994325
"4143_4",0.103024
"5074_8",0.986649
"11673_1",0.000718
"11072_2",0.000662
"1816_4",0.982083
"3974_7",0.984590
"796_4",0.006438
"8540_2",0.002673
"10959_8",0.988992
"4576_10",0.976913
"7030_1",0.002174
"3340_10",0.991828
"3223_3",0.000711
"3030_1",0.068040
"4194_1",0.000822
"11322_1",0.000895
"1785_1",0.000833
"7109_2",0.000725
"4120_1",0.000552
"3024_7",0.993056
"589_2",0.000606
"2480_10",0.989234
"4878_1",0.000754
"571_1",0.000856
"12156_8",0.987314
"7547_9",0.982708
"6577_10",0.993734
"7101_3",0.073364
"1731_3",0.005100
"10424_1",0.003594
"9056_10",0.994573
"11959_3",0.001444
"6952_4",0.000712
"8709_10",0.971618
"4716_10",0.994191
"2393_10",0.994347
"4007_7",0.017062
"1196_2",0.006290
"8483_1",0.000637
"1840_3",0.003370
"6108_1",0.001055
"4621_8",0.987277
"11332_4",0.991118
"8800_10",0.983847
"886_7",0.988403
"6495_8",0.503357
"6193_10",0.987818
"10297_1",0.000609
"4233_1",0.000938
"3121_10",0.987946
"1681_10",0.993385
"5789_1",0.000726
"6446_10",0.987664
"479_9",0.990006
"6401_1",0.001028
"7602_1",0.001341
"10792_1",0.000817
"11436_9",0.988591
"6944_1",0.001328
"6275_9",0.620226
"7314_10",0.994657
"8887_9",0.985143
"1835_8",0.984336
"8403_7",0.992568
"2090_1",0.002141
"12310_1",0.003622
"9795_9",0.994541
"4260_1",0.000787
"3214_4",0.003299
"10974_8",0.992437
"3374_10",0.964921
"2251_2",0.000669
"2325_7",0.987853
"28_9",0.986662
"1758_2",0.000999
"1222_8",0.994112
"1229_4",0.001188
"9791_2",0.455903
"3433_4",0.005200
"10847_10",0.994247
"5020_2",0.000608
"9652_3",0.001026
"1739_10",0.987664
"10441_4",0.986675
"9002_7",0.979919
"4304_8",0.993722
"290_9",0.988290
"1339_8",0.987568
"10899_1",0.001731
"8723_8",0.991204
"12487_7",0.988369
"10384_7",0.075041
"4673_4",0.000764
"11679_1",0.000977
"3938_2",0.007681
"2253_10",0.994626
"198_7",0.988928
"3346_3",0.017712
"11543_3",0.000989
"8463_1",0.000585
"1297_2",0.000512
"4689_1",0.000563
"4681_1",0.000725
"961_8",0.993807
"9865_2",0.001179
"770_3",0.005011
"10495_2",0.001042
"6302_8",0.984884
"6232_4",0.001088
"10098_1",0.000938
"8905_2",0.000531
"8853_10",0.988602
"6081_10",0.993950
"12_4",0.003052
"1291_7",0.984708
"1679_1",0.000929
"996_7",0.472440
"3343_10",0.993902
"6083_10",0.990441
"98_9",0.819677
"962_4",0.001484
"4857_8",0.987688
"12394_7",0.146575
"1321_10",0.989470
"8994_10",0.994358
"7788_1",0.000985
"9708_8",0.985718
"9523_1",0.000671
"11785_4",0.001034
"5440_1",0.001274
"1091_7",0.986494
"11584_10",0.987853
"5369_3",0.056757
"3165_10",0.986125
"3686_10",0.994380
"7069_10",0.957596
"427_3",0.004477
"895_8",0.983150
"4565_8",0.614163
"5139_9",0.944842
"5027_1",0.001546
"503_9",0.992988
"7630_1",0.002071
"8552_1",0.000719
"4322_3",0.001389
"3492_3",0.432198
"5301_4",0.001012
"752_4",0.005775
"4307_2",0.000514
"4901_10",0.990624
"233_2",0.000966
"10789_8",0.994089
"270_8",0.993587
"11442_1",0.001356
"3688_7",0.988820
"9928_7",0.986363
"6563_8",0.986701
"3437_7",0.989470
"10495_8",0.994225
"8775_10",0.994413
"12172_3",0.000598
"10085_10",0.994477
"8394_9",0.975036
"2607_10",0.987520
"6645_10",0.987640
"301_10",0.988788
"2153_10",0.993029
"1967_3",0.001561
"9604_10",0.990750
"10665_10",0.988885
"5409_1",0.000590
"6707_10",0.992906
"3847_7",0.984884
"9261_10",0.993795
"3772_1",0.000699
"8950_1",0.001073
"6591_2",0.022629
"2765_9",0.976129
"4166_10",0.985923
"11418_3",0.000758
"7137_3",0.001179
"3710_2",0.000981
"1153_4",0.021166
"4155_8",0.986572
"9221_10",0.991221
"8917_10",0.992393
"6066_4",0.011778
"5366_10",0.994066
"2520_9",0.991170
"11677_2",0.000886
"4032_2",0.000649
"4041_2",0.000626
"474_4",0.001042
"6392_2",0.000895
"6545_10",0.988885
"5009_10",0.991844
"3060_10",0.992975
"11033_10",0.993783
"297_10",0.994303
"9099_1",0.000789
"10496_10",0.987375
"5619_3",0.001335
"4226_1",0.000915
"10483_8",0.993950
"1966_9",0.993612
"4024_2",0.000893
"6448_9",0.993973
"4252_1",0.002694
"250_10",0.994636
"10753_3",0.001724
"1005_7",0.707582
"4415_9",0.987616
"240_4",0.839208
"108_10",0.988906
"1393_1",0.078078
"4236_2",0.004007
"9208_2",0.028816
"7156_10",0.994434
"6490_1",0.001188
"3518_3",0.000509
"10308_1",0.000591
"8706_2",0.001645
"8674_10",0.987387
"8240_10",0.994646
"11890_10",0.988949
"976_3",0.009090
"5025_8",0.992108
"10206_8",0.987104
"11921_3",0.000729
"8344_7",0.871256
"295_8",0.140985
"2121_1",0.003118
"6978_8",0.991652
"707_3",0.003538
"751_1",0.000575
"1931_10",0.994749
"7197_10",0.986803
"11032_3",0.000874
"416_10",0.894697
"1384_2",0.001768
"4114_2",0.000836
"9450_10",0.994077
"6877_7",0.979334
"5092_9",0.990587
"3402_9",0.467879
"9517_10",0.993926
"8566_2",0.002145
"4493_1",0.000681
"842_1",0.007332
"4926_1",0.095349
"3398_9",0.989098
"8857_10",0.987520
"3696_9",0.993673
"1952_1",0.001059
"5516_3",0.000669
"3297_10",0.989909
"8396_2",0.000940
"1928_4",0.001860
"7216_10",0.993255
"1648_3",0.000671
"9312_8",0.989460
"4392_2",0.003524
"4740_9",0.980949
"2985_4",0.000953
"6407_10",0.984649
"4015_1",0.040389
"911_10",0.990927
"7898_1",0.000593
"5241_10",0.988027
"4955_4",0.065545
"4199_1",0.000725
"8319_4",0.981997
"6340_1",0.001156
"2003_1",0.000555
"11213_3",0.410184
"5109_4",0.001073
"9400_1",0.001629
"10719_7",0.993410
"6848_8",0.991101
"11398_1",0.001419
"2606_7",0.533094
"5646_1",0.001639
"4103_10",0.220426
"8906_9",0.986598
"6997_10",0.991603
"9990_1",0.001190
"6573_1",0.000883
"8530_10",0.983801
"8382_9",0.994077
"4207_2",0.145479
"8794_10",0.994563
"917_9",0.992947
"10739_9",0.994636
"4286_1",0.000544
"1763_1",0.000747
"5173_10",0.993499
"1764_1",0.000846
"3614_3",0.031649
"3880_10",0.993686
"4059_1",0.001004
"8786_8",0.986311
"9553_2",0.002079
"10599_8",0.945045
"1048_4",0.158304
"8136_7",0.738928
"8715_8",0.987399
"7667_7",0.980506
"5647_2",0.000651
"6267_1",0.000590
"12444_10",0.991489
"7390_10",0.994180
"7260_7",0.988646
"6170_10",0.990569
"2181_2",0.000785
"6196_7",0.994146
"12058_9",0.875468
"8915_7",0.964221
"6816_10",0.994089
"730_9",0.994314
"5808_10",0.994123
"6256_2",0.000632
"5157_4",0.004792
"7970_10",0.987958
"6991_7",0.988347
"7112_4",0.182207
"12136_4",0.138229
"1554_8",0.993843
"8289_4",0.072112
"12452_8",0.986520
"6181_8",0.984546
"6237_8",0.992906
"9724_10",0.988447
"7991_1",0.000734
"8185_4",0.022500
"12162_1",0.000728
"8330_9",0.986429
"84_3",0.000594
"4879_4",0.001570
"1173_7",0.984486
"11095_2",0.000933
"9934_8",0.988842
"10791_9",0.993722
"5260_10",0.992823
"3123_3",0.003729
"7500_1",0.001610
"9472_8",0.986853
"6349_9",0.990254
"8706_8",0.982840
"12385_4",0.696371
"12409_4",0.006004
"809_10",0.988436
"11380_2",0.002918
"4975_8",0.994594
"5069_3",0.006098
"8132_7",0.994552
"5628_10",0.993961
"12329_8",0.986442
"8217_3",0.001156
"251_2",0.046943
"2901_7",0.993537
"4588_1",0.000916
"2647_10",0.988917
"6020_9",0.993759
"7171_3",0.002627
"5880_10",0.989470
"4842_9",0.994531
"10657_10",0.994563
"11858_7",0.993771
"4656_4",0.038647
"9293_10",0.994203
"10702_10",0.994020
"6277_10",0.983036
"7223_10",0.981858
"11150_8",0.986790
"4768_9",0.990874
"5703_8",0.988436
"9249_9",0.993795
"12051_10",0.993176
"5740_4",0.002003
"4882_3",0.435646
"11575_10",0.985759
"385_1",0.000796
"1569_3",0.001312
"7449_1",0.000767
"1977_4",0.003154
"6134_7",0.993499
"2384_8",0.994358
"2437_10",0.988039
"643_7",0.985691
"7334_10",0.994008
"12228_9",0.994303
"8579_2",0.000844
"4093_4",0.000579
"233_8",0.986764
"11852_7",0.989202
"11027_4",0.070560
"5409_7",0.992077
"9332_10",0.990962
"6530_9",0.986311
"7815_1",0.000579
"8317_10",0.994077
"5382_9",0.994552
"3183_3",0.048949
"4997_8",0.986954
"11553_7",0.992988
"718_3",0.000922
"7128_9",0.985172
"11977_1",0.000613
"10820_3",0.000863
"3539_9",0.991684
"2386_1",0.000668
"9837_4",0.894005
"2941_1",0.000620
"6669_1",0.000977
"10927_1",0.000615
"57_10",0.994790
"12252_2",0.003299
"8926_3",0.006877
"3044_2",0.001748
"9758_10",0.989751
"4584_10",0.987472
"1467_1",0.000739
"7846_9",0.988755
"1982_8",0.992437
"5705_1",0.000742
"9754_7",0.989967
"9594_1",0.000554
"7405_10",0.994890
"8469_2",0.547434
"3713_10",0.994880
"3381_10",0.993333
"1913_10",0.982288
"9423_8",0.986520
"115_9",0.983754
"9784_10",0.983069
"1148_4",0.003052
"2911_10",0.993831
"11328_9",0.993487
"5087_1",0.001312
"3983_10",0.824815
"5216_1",0.001138
"7961_10",0.992626
"10134_7",0.990422
"9379_2",0.003034
"4715_1",0.000675
"6501_10",0.993202
"4146_4",0.007771
"12159_1",0.000902
"11661_10",0.984396
"7995_2",0.004755
"693_9",0.988347
"1411_10",0.993996
"7091_7",0.988403
"2576_1",0.000974
"8207_1",0.000605
"10877_10",0.990839
"5444_10",0.993189
"9409_1",0.001008
"10020_1",0.000899
"2349_8",0.985909
"4942_10",0.989622
"2839_1",0.001042
"9419_1",0.000734
"10661_1",0.001555
"5659_10",0.993950
"639_7",0.988863
"5946_7",0.972046
"7231_7",0.994281
"4220_4",0.520588
"3698_4",0.252108
"1060_2",0.000804
"2398_3",0.001061
"11073_3",0.000979
"8336_2",0.000632
"5975_3",0.008478
"4727_1",0.003136
"1596_8",0.988863
"5471_2",0.000809
"11204_10",0.988906
"8810_10",0.989771
"11125_3",0.000769
"9607_10",0.992108
"6517_3",0.001492
"10232_1",0.000565
"7708_10",0.992611
"1753_1",0.002145
"10946_7",0.979334
"668_4",0.018725
"3794_4",0.990292
"6867_1",0.030909
"9428_7",0.987640
"12366_9",0.990496
"12056_9",0.988547
"901_1",0.000778
"7714_8",0.991322
"6389_8",0.933673
"4148_7",0.986828
"5062_1",0.001252
"6835_1",0.005220
"2901_3",0.001555
"4724_10",0.993574
"764_2",0.001579
"6729_1",0.000606
"8284_4",0.047914
"11928_1",0.001136
"386_1",0.000707
"35_9",0.989652
"4458_4",0.003235
"9627_2",0.001492
"8112_9",0.993096
"6026_8",0.993189
"12188_3",0.013071
"3477_3",0.559110
"12242_8",0.982840
"11594_4",0.040769
"11360_10",0.991032
"10299_1",0.000681
"3829_10",0.988188
"8324_2",0.001167
"1285_9",0.993599
"11370_10",0.994729
"8051_4",0.970799
"4420_10",0.993320
"3843_7",0.989055
"10520_2",0.000958
"12146_8",0.987853
"1502_10",0.992364
"6227_4",0.000758
"3191_10",0.973720
"4569_2",0.001014
"7647_8",0.993333
"6372_9",0.984411
"2105_2",0.000801
"4180_1",0.000642
"11212_10",0.990015
"1811_9",0.992334
"2868_3",0.000731
"3773_3",0.000748
"8386_1",0.000712
"1072_8",0.984048
"10588_1",0.001724
"8858_1",0.000876
"10831_1",0.004783
"11926_8",0.991620
"11521_10",0.994247
"4037_10",0.994573
"5119_7",0.990624
"11438_9",0.994477
"8275_2",0.001172
"4879_8",0.992668
"4520_10",0.994626
"2510_7",0.984679
"510_2",0.001240
"1283_1",0.000637
"3733_8",0.992654
"7708_1",0.001252
"12219_1",0.001561
"11654_4",0.029873
"3229_7",0.965609
"3579_8",0.991938
"1534_4",0.004547
"7498_10",0.993938
"11392_10",0.985043
"2949_1",0.001419
"407_7",0.986649
"12388_3",0.000679
"7779_3",0.000735
"12409_10",0.992496
"199_8",0.993163
"9330_1",0.001678
"6196_2",0.987628
"1576_2",0.000893
"12123_4",0.031203
"871_1",0.000665
"867_9",0.957198
"12186_1",0.001961
"11357_1",0.000624
"9327_4",0.001014
"3092_8",0.986138
"6097_1",0.005261
"4170_4",0.001375
"3724_3",0.161254
"4219_1",0.015410
"12233_10",0.991472
"12050_9",0.942771
"124_10",0.988142
"9521_9",0.992626
"7991_10",0.988569
"12284_1",0.001362
"8452_10",0.987993
"986_3",0.003081
"8504_8",0.988458
"9427_7",0.986752
"2359_3",0.001046
"7026_10",0.993950
"8726_8",0.987338
"4971_1",0.001181
"2990_1",0.001006
"5285_2",0.005261
"9953_10",0.982271
"2170_8",0.991554
"10963_8",0.986098
"9176_8",0.986205
"9639_7",0.993771
"1781_1",0.000647
"1293_10",0.988657
"10225_10",0.992934
"3821_1",0.000964
"1206_10",0.988874
"5513_1",0.001552
"12475_2",0.011823
"11508_9",0.991406
"6358_4",0.970409
"9646_1",0.000602
"7957_9",0.994191
"5183_9",0.989087
"8322_10",0.985882
"4171_1",0.411998
"6498_2",0.001114
"11893_1",0.005719
"8209_10",0.994043
"4866_3",0.000722
"1077_3",0.001255
"10916_7",0.975060
"6027_4",0.047470
"9308_7",0.989265
"7130_1",0.000676
"3326_4",0.002166
"6680_3",0.018924
"1707_8",0.770206
"5106_1",0.000822
"1408_10",0.993985
"6773_8",0.991049
"940_3",0.035211
"10890_10",0.986701
"3678_10",0.994605
"6871_9",0.984694
"10196_8",0.993333
"12369_1",0.000612
"4070_10",0.993499
"11755_7",0.992920
"9095_3",0.001284
"10863_1",0.000606
"7109_7",0.993831
"1844_3",0.000683
"8228_2",0.000830
"9631_4",0.000858
"3920_4",0.764034
"19_1",0.000689
"3929_2",0.001302
"1506_2",0.001604
"6877_3",0.062046
"12154_7",0.985759
"6572_3",0.000806
"1557_2",0.000665
"11836_7",0.974532
"9380_9",0.983723
"11725_4",0.001190
"6317_9",0.988657
"5022_1",0.003930
"132_1",0.000495
"9303_8",0.454170
"4739_10",0.970268
"11228_10",0.993461
"7913_1",0.092606
"1304_3",0.001934
"2725_10",0.994123
"8484_2",0.000735
"1866_9",0.988810
"12446_9",0.992184
"11406_1",0.000991
"7056_4",0.161320
"8615_10",0.993242
"12284_10",0.985186
"3279_9",0.994259
"9243_1",0.001147
"11_8",0.979687
"427_10",0.993807
"5446_7",0.986636
"846_7",0.049727
"2545_4",0.018194
"8635_10",0.991084
"4410_8",0.994100
"875_10",0.993281
"392_2",0.000706
"8819_3",0.001116
"12202_1",0.001145
"1370_4",0.317691
"340_2",0.001354
"179_1",0.000699
"11332_8",0.988971
"10396_4",0.005210
"8321_1",0.000962
"6384_3",0.001498
"5951_9",0.993150
"8137_1",0.001378
"12009_10",0.992467
"2103_8",0.993961
"11153_2",0.002031
"4945_10",0.991969
"3193_3",0.001073
"921_9",0.989317
"10446_10",0.989234
"9961_9",0.994369
"11420_4",0.070945
"6954_2",0.000726
"8430_2",0.052668
"6749_3",0.007317
"5997_7",0.735095
"7611_7",0.986891
"6292_8",0.994191
"11314_1",0.000886
"5143_2",0.002884
"9517_2",0.000725
"8259_2",0.000957
"5114_8",0.994347
"3574_9",0.989460
"11464_3",0.012723
"11457_10",0.994584
"2496_3",0.334182
"6795_1",0.000915
"1904_2",0.001084
"11524_2",0.000514
"8223_1",0.005333
"5566_3",0.000724
"3550_7",0.975036
"6059_10",0.993002
"4580_10",0.978631
"177_1",0.002453
"8790_8",0.980839
"7784_1",0.000503
"11892_1",0.001299
"6235_10",0.980034
"6493_4",0.003922
"764_8",0.994646
"4052_7",0.038107
"1663_1",0.000841
"10437_1",0.001555
"1009_3",0.003160
"11664_4",0.001356
"8909_10",0.992199
"9200_3",0.993397
"7919_9",0.993189
"8603_1",0.000718
"6976_2",0.759961
"4261_1",0.000795
"6636_1",0.000858
"10707_9",0.993843
"1155_7",0.990235
"7050_4",0.037047
"1360_3",0.000828
"8176_7",0.993150
"3301_8",0.978426
"6684_3",0.001151
"2742_3",0.001800
"7159_4",0.002468
"8944_3",0.005512
"2077_4",0.001992
"7145_10",0.993397
"6216_7",0.992364
"8606_9",0.989045
"10608_10",0.988447
"8441_4",0.002668
"1782_8",0.989531
"10939_8",0.992781
"2702_7",0.994369
"9210_1",0.000699
"9075_8",0.994520
"3412_3",0.000987
"2859_8",0.988256
"6326_4",0.514248
"94_2",0.000987
"3691_10",0.991938
"2679_9",0.987142
"1568_4",0.000940
"3540_9",0.987544
"3710_10",0.994369
"5691_1",0.000490
"9699_10",0.993831
"9207_4",0.000938
"286_1",0.002812
"10891_1",0.000624
"6177_8",0.989460
"9817_2",0.000815
"8871_9",0.985100
"290_1",0.000712
"8388_9",0.988369
"9195_7",0.994259
"1164_9",0.991153
"2332_8",0.982220
"5406_7",0.988558
"2476_3",0.001259
"11381_3",0.012601
"6518_10",0.986611
"3474_1",0.004503
"603_8",0.990102
"5448_4",0.002239
"3624_8",0.988131
"11569_1",0.001055
"9353_8",0.988799
"3119_2",0.001688
"382_4",0.022393
"8569_8",0.955277
"2312_10",0.993574
"7531_1",0.000663
"7150_4",0.005110
"5496_8",0.994314
"1979_1",0.001094
"4158_2",0.001879
"4790_7",0.454926
"11971_1",0.000576
"197_10",0.988613
"3453_8",0.986520
"915_4",0.011442
"6991_2",0.020646
"7524_9",0.989119
"7474_4",0.068413
"284_2",0.001305
"12483_7",0.979590
"1141_10",0.986739
"7739_1",0.000989
"6488_3",0.005150
"3117_1",0.007548
"6224_8",0.979707
"9737_4",0.029535
"2399_10",0.994880
"1044_8",0.990803
"1153_8",0.991780
"11664_9",0.993649
"10015_4",0.142530
"7622_1",0.001832
"8743_10",0.993831
"356_3",0.017459
"838_7",0.955775
"4922_10",0.989358
"3623_10",0.993673
"9424_1",0.000684
"8473_4",0.868660
"9996_10",0.994402
"11242_2",0.991406
"11889_10",0.993448
"11131_10",0.994520
"386_10",0.988085
"6534_8",0.994499
"11420_7",0.275081
"3119_9",0.994225
"2708_2",0.001504
"2817_10",0.968620
"9425_7",0.991032
"11019_2",0.003216
"1747_1",0.236869
"4493_9",0.989612
"4728_1",0.032559
"6856_2",0.000831
"10273_1",0.005741
"4822_8",0.987448
"10475_10",0.984664
"2678_3",0.001980
"9979_8",0.994123
"8090_1",0.001642
"10022_4",0.001731
"5137_1",0.001053
"6787_10",0.990892
"4027_9",0.993879
"208_10",0.992510
"569_7",0.985370
"761_10",0.994646
"2603_9",0.170992
"11692_9",0.986403
"4374_2",0.000981
"5581_10",0.992379
"10601_1",0.422356
"637_3",0.001504
"10238_2",0.026506
"6717_1",0.000630
"9145_10",0.991891
"1047_4",0.140867
"6173_1",0.000527
"985_10",0.992229
"4964_1",0.000608
"7104_1",0.000618
"6293_3",0.037538
"9060_3",0.002795
"1894_4",0.017678
"4650_10",0.985800
"12475_8",0.986533
"7563_9",0.993807
"10996_9",0.993698
"8315_4",0.005888
"710_3",0.060032
"3856_7",0.988657
"10613_8",0.982856
"12141_9",0.986258
"4666_1",0.000665
"292_3",0.001528
"3316_7",0.984094
"10482_4",0.020964
"9703_1",0.002204
"6905_9",0.994520
"9138_10",0.987923
"10417_2",0.031085
"7977_1",0.000594
"9350_8",0.986533
"4514_10",0.994292
"3964_4",0.959039
"6014_4",0.124372
"10198_2",0.001008
"9059_1",0.000718
"11254_10",0.990803
"2032_7",0.993461
"6895_7",0.528381
"6921_2",0.001610
"9174_8",0.993255
"367_8",0.985286
"11410_7",0.018511
"9387_7",0.984215
"2227_10",0.992823
"334_2",0.001042
"334_9",0.992865
"10893_8",0.994281
"9414_10",0.984664
"9725_1",0.000501
"10779_9",0.985271
"8654_8",0.980784
"9032_7",0.993083
"9775_4",0.329688
"7687_1",0.002912
"12206_4",0.001059
"7720_8",0.992467
"6774_9",0.986929
"12469_1",0.000695
"7249_2",0.004820
"5146_3",0.004849
"8629_7",0.807878
"5292_3",0.826362
"8937_7",0.989879
"9221_4",0.076961
"3203_8",0.994281
"6964_2",0.343645
"6120_8",0.989337
"6962_9",0.990732
"4139_1",0.000697
"3957_4",0.000809
"9305_3",0.487765
"6863_1",0.006290
"2164_4",0.634260
"12378_7",0.001402
"10834_10",0.990997
"633_10",0.988142
"10071_8",0.984139
"8167_1",0.000677
"4232_9",0.993346
"6710_8",0.986815
"6055_1",0.001501
"8169_8",0.993359
"10291_9",0.990140
"8149_10",0.994031
"2499_10",0.989296
"4370_2",0.000617
"4031_1",0.000708
"11372_3",0.012031
"9619_1",0.103567
"8822_4",0.290981
"7096_10",0.994488
"7009_10",0.990551
"2442_10",0.994552
"442_10",0.993423
"4783_1",0.001131
"11837_9",0.958731
"5214_8",0.985370
"134_8",0.988085
"10948_1",0.001002
"3011_7",0.994369
"4339_4",0.969179
"9638_3",0.014448
"7186_7",0.992725
"7702_2",0.004886
"6586_8",0.992906
"2420_8",0.987604
"1911_8",0.896750
"4707_4",0.108472
"3954_10",0.987640
"12071_3",0.014365
"10010_9",0.994347
"8844_2",0.002328
"12312_1",0.000576
"4874_1",0.001061
"7270_7",0.985356
"3497_1",0.000751
"9928_3",0.366753
"11109_1",0.001127
"9016_8",0.991032
"1125_10",0.993448
"9695_8",0.979668
"5756_9",0.954647
"11452_2",0.001092
"8488_4",0.001765
"9825_2",0.003810
"7054_7",0.970240
"4359_10",0.988853
"11411_8",0.978031
"9618_8",0.987759
"12226_4",0.032101
"7752_10",0.993410
"9274_3",0.990839
"12069_10",0.993474
"4591_2",0.000958
"6065_8",0.986980
"2344_10",0.986507
"10299_10",0.989672
"8934_9",0.994225
"5041_8",0.991922
"3885_7",0.974117
"3994_8",0.989087
"11907_9",0.994054
"10181_10",0.990197
"2714_9",0.988369
"1571_8",0.993624
"6621_4",0.005888
"1062_2",0.001546
"379_10",0.988723
"62_8",0.981927
"1926_8",0.988906
"3428_7",0.993855
"2175_8",0.990514
"2006_10",0.993524
"8633_7",0.962001
"12158_2",0.000594
"11572_8",0.989491
"8859_10",0.990197
"10919_2",0.000651
"4131_3",0.035982
"6893_1",0.003953
"9217_1",0.000557
"1893_2",0.002157
"1719_2",0.000938
"5107_4",0.001149
"2284_3",0.001028
"1430_10",0.988624
"5207_10",0.986416
"2800_8",0.988885
"7550_1",0.000635
"9035_9",0.988199
"11548_10",0.994657
"6037_4",0.206014
"518_4",0.357652
"12237_2",0.000626
"10266_7",0.984124
"12032_1",0.000503
"2494_4",0.000742
"8062_3",0.020626
"4665_1",0.000839
"6082_8",0.989480
"7225_4",0.065366
"9080_1",0.069101
"9606_4",0.002801
"494_2",0.000977
"6274_10",0.989244
"4170_9",0.989306
"9218_10",0.979295
"10377_8",0.980655
"10597_10",0.991136
"958_4",0.002884
"9958_4",0.121165
"129_9",0.993612
"2804_9",0.988635
"8935_1",0.001059
"12229_3",0.000725
"5048_4",0.000949
"6509_4",0.001800
"1812_8",0.988863
"5695_1",0.020352
"2021_10",0.994563
"9892_2",0.000617
"9239_10",0.992123
"5398_2",0.000540
"4458_7",0.982938
"11730_8",0.989511
"9853_1",0.000673
"2258_10",0.993973
"9345_10",0.993698
"64_3",0.003248
"10423_9",0.989501
"2220_9",0.976038
"192_10",0.987616
"12143_9",0.988602
"2113_7",0.994008
"5294_10",0.994940
"7025_9",0.994860
"6300_3",0.022244
"8043_2",0.001149
"6628_1",0.004512
"12138_3",0.140513
"1333_7",0.308919
"10515_3",0.000703
"11949_9",0.993661
"2854_1",0.000655
"142_8",0.990892
"3706_1",0.000764
"6149_10",0.992289
"8429_3",0.004290
"6151_10",0.990329
"4861_8",0.986507
"8764_9",0.982254
"540_1",0.004062
"10693_1",0.002341
"2346_4",0.024008
"1532_4",0.006463
"1099_2",0.001579
"3818_10",0.971833
"2617_10",0.987676
"1709_1",0.000755
"4649_10",0.993487
"4085_10",0.993512
"4478_9",0.993029
"1032_10",0.989702
"3642_7",0.081155
"5656_8",0.988481
"11916_3",0.000957
"6672_10",0.993524
"4225_7",0.925432
"996_3",0.007432
"7421_10",0.989066
"9431_7",0.938124
"11121_9",0.993914
"5054_8",0.985200
"9187_8",0.987080
"9096_7",0.989034
"10318_8",0.991828
"5348_2",0.001484
"6666_8",0.988949
"6648_9",0.977436
"1405_10",0.989850
"8981_4",0.987993
"10248_9",0.994066
"4101_8",0.994236
"3076_4",0.006376
"1598_1",0.000983
"8430_10",0.993096
"9999_1",0.039825
"805_1",0.000708
"7821_7",0.390760
"10849_10",0.994573
"8400_7",0.871857
"4807_4",0.010209
"8353_4",0.010694
"10445_10",0.979861
"7058_2",0.147555
"9715_2",0.001129
"10934_3",0.001026
"8215_10",0.991587
"7268_10",0.991969
"5521_8",0.991732
"8565_1",0.000747
"8197_3",0.000744
"12004_9",0.992975
"10257_3",0.015262
"6260_2",0.000933
"10481_9",0.991472
"7598_2",0.000644
"8106_10",0.987363
"8049_3",0.001008
"7124_2",0.003069
"3858_1",0.000999
"1445_9",0.730915
"6346_1",0.001317
"678_7",0.985356
"10247_1",0.001516
"1287_8",0.994920
"11873_1",0.000913
"7198_1",0.002174
"3237_7",0.965414
"2029_8",0.986688
"26_10",0.994043
"9153_1",0.001359
"12004_2",0.020864
"4105_10",0.994380
"1168_10",0.988939
"5312_4",0.011597
"2907_1",0.002170
"7247_9",0.981203
"107_10",0.989296
"412_2",0.010777
"2078_4",0.973011
"7997_9",0.683472
"12397_10",0.993281
"10052_7",0.991603
"6559_7",0.984501
"12143_4",0.112308
"3496_7",0.693778
"3569_10",0.982048
"9270_10",0.977371
"2811_3",0.007303
"9673_7",0.057758
"325_1",0.001279
"11741_3",0.001038
"10562_7",0.970127
"5687_9",0.983263
"4601_4",0.002103
"5698_8",0.621056
"11257_4",0.006904
"4391_1",0.000590
"4703_10",0.993926
"12191_3",0.000687
"113_8",0.993902
"9831_1",0.000683
"7388_7",0.991522
"1661_10",0.988403
"3703_2",0.001312
"6077_2",0.003057
"935_4",0.024031
"7617_7",0.994900
"7387_3",0.001310
"7889_7",0.503540
"803_3",0.000629
"9557_9",0.993096
"4299_10",0.986917
"6785_3",0.218753
"5185_7",0.993524
"9590_1",0.677207
"10811_9",0.993029
"34_1",0.000750
"12221_2",0.001738
"6436_10",0.993333
"8299_2",0.001372
"7242_9",0.987568
"3247_10",0.984336
"8466_3",0.004792
"5784_9",0.984620
"794_7",0.991153
"4986_3",0.002406
"7786_7",0.985882
"9324_10",0.985014
"2095_9",0.994077
"10798_1",0.004547
"4193_1",0.000888
"12063_10",0.993926
"3976_7",0.986350
"8657_1",0.001202
"2850_4",0.233969
"4522_7",0.993698
"6028_1",0.288193
"6000_4",0.002516
"8712_1",0.001090
"3969_8",0.993698
"4245_4",0.046163
"3873_7",0.994054
"68_9",0.993686
"890_9",0.984927
"5922_1",0.001127
"2582_2",0.004126
"5704_4",0.001284
"9307_8",0.990624
"4114_8",0.989368
"5540_7",0.990714
"157_10",0.987240
"748_1",0.007177
"7045_1",0.000859
"9526_3",0.015087
"6519_2",0.001110
"11254_4",0.006603
"9498_1",0.001165
"7192_8",0.989811
"2388_1",0.000968
"12002_8",0.969469
"8394_1",0.000575
"10656_8",0.988949
"7261_9",0.993042
"10434_8",0.987829
"139_9",0.824744
"4538_1",0.000886
"4038_2",0.000647
"12228_4",0.029396
"3619_8",0.986363
"10411_3",0.007548
"7278_1",0.000579
"2304_3",0.001427
"5636_3",0.005220
"8833_9",0.992289
"504_1",0.003930
"12313_1",0.000513
"11161_1",0.003216
"72_4",0.010653
"4976_1",0.001589
"10018_8",0.988447
"12142_8",0.986468
"4821_8",0.975832
"9058_2",0.000933
"6347_1",0.000611
"3346_8",0.978713
"1481_10",0.990025
"10178_1",0.000568
"2851_8",0.985552
"12095_3",0.000825
"11978_3",0.083965
"7172_9",0.991439
"8450_1",0.000684
"7464_1",0.053010
"12327_1",0.642152
"5622_4",0.001607
"9170_3",0.002226
"10955_10",0.046768
"6161_2",0.014365
"11222_10",0.988917
"3844_7",0.982305
"11443_3",0.000863
"4004_7",0.948107
"11015_10",0.989409
"3860_1",0.000668
"11600_2",0.023220
"6849_8",0.982971
"1966_1",0.002369
"4828_8",0.976446
"675_8",0.980894
"9068_7",0.979531
"5924_8",0.993973
"10733_10",0.988591
"8369_7",0.991938
"5213_4",0.028008
"2558_4",0.002801
"47_10",0.994477
"2601_10",0.184400
"7360_9",0.992583
"1289_1",0.000660
"9875_4",0.015160
"2449_1",0.001510
"10020_8",0.990857
"6761_3",0.992077
"7544_10",0.994236
"4380_3",0.001694
"3946_10",0.985271
"6968_10",0.983247
"3006_2",0.003022
"11942_1",0.000580
"2715_9",0.994434
"6065_4",0.984456
"6866_1",0.000902
"6620_10",0.994031
"3177_1",0.000770
"4051_10",0.950915
"880_3",0.000927
"6504_1",0.001086
"12193_3",0.000906
"8570_3",0.000673
"8025_1",0.000590
"12316_1",0.000697
"10842_10",0.994790
"2066_10",0.990821
"4416_10",0.989087
"5327_1",0.000621
"3500_1",0.000770
"4072_7",0.994292
"5833_7",0.987688
"2989_8",0.985663
"1905_8",0.988734
"5421_1",0.000629
"1479_8",0.989771
"5092_1",0.000669
"4840_1",0.001176
"54_10",0.994509
"9203_9",0.990064
"3949_2",0.000542
"3615_1",0.000555
"8748_10",0.991684
"108_2",0.000866
"2280_4",0.458621
"6454_3",0.016737
"4071_1",0.000561
"2022_9",0.984306
"2600_1",0.000883
"2482_10",0.990385
"7347_9",0.994488
"7190_4",0.006476
"7174_7",0.798776
"5823_3",0.005609
"8051_10",0.948058
"7503_2",0.000902
"2341_1",0.005302
"516_9",0.988050
"8309_4",0.003254
"10789_4",0.113678
"11286_1",0.000789
"4770_1",0.000672
"7262_4",0.751443
"11636_9",0.979413
"2340_1",0.000815
"3407_3",0.001107
"2922_9",0.988896
"9708_2",0.003517
"2362_3",0.001416
"3729_8",0.994112
"2265_9",0.989870
"1439_1",0.000588
"8020_2",0.004315
"5581_2",0.355243
"6503_1",0.000863
"10101_9",0.988222
"7853_8",0.992539
"6229_1",0.000621
"1351_7",0.810179
"2764_10",0.991954
"4617_10",0.987277
"1265_2",0.002153
"11424_4",0.005642
"219_8",0.979453
"2241_10",0.993973
"8400_2",0.001375
"4399_1",0.000597
"9110_4",0.353819
"294_1",0.001875
"4646_4",0.004565
"8267_3",0.002987
"8829_4",0.581927
"3174_7",0.993636
"6557_4",0.002406
"8286_4",0.324530
"2611_8",0.985855
"3422_4",0.043325
"4632_4",0.032930
"6448_4",0.002283
"11485_3",0.010923
"8526_7",0.215681
"10172_9",0.988073
"5043_2",0.001138
"7865_1",0.001120
"6343_8",0.993661
"9225_9",0.994860
"2764_4",0.000995
"8446_10",0.767820
"3329_9",0.992016
"9142_8",0.993268
"9567_1",0.000742
"7933_8",0.989811
"5655_10",0.973894
"12076_10",0.994146
"6455_7",0.993843
"7202_10",0.992229
"7747_10",0.994979
"9072_10",0.988853
"11374_10",0.994646
"3032_9",0.992334
"3065_10",0.993961
"1216_10",0.989682
"732_8",0.980072
"7586_4",0.000975
"12012_10",0.987865
"5280_4",0.001312
"2687_4",0.012384
"7659_3",0.000710
"2813_4",0.196518
"6992_9",0.984575
"5468_10",0.994949
"10035_1",0.000533
"10283_10",0.991875
"5439_8",0.989066
"8930_2",0.000947
"8681_7",0.987338
"8521_1",0.000902
"4213_1",0.003497
"9751_1",0.000739
"935_10",0.988016
"5082_1",0.000731
"1802_1",0.000772
"11455_10",0.985649
"1794_9",0.984411
"3708_10",0.994626
"6174_8",0.988481
"2210_8",0.986636
"6259_7",0.945601
"12471_8",0.985440
"3260_10",0.989275
"4717_1",0.002323
"8673_2",0.000614
"6362_3",0.009541
"7986_1",0.000651
"10555_3",0.001652
"10468_2",0.001391
"5354_10",0.988981
"5760_2",0.000664
"1380_2",0.001375
"12054_9",0.991204
"3794_10",0.987240
"7842_1",0.001167
"2236_7",0.992139
"8449_1",0.000721
"9993_2",0.000815
"6947_1",0.000604
"11369_10",0.988657
"8186_4",0.002993
"7017_2",0.518120
"725_8",0.992823
"9298_8",0.992364
"1695_7",0.988096
"7762_1",0.001744
"3466_10",0.989751
"1794_4",0.000922
"3804_10",0.993512
"7642_3",0.001207
"9538_10",0.417665
"10107_2",0.000654
"4755_8",0.988992
"9679_1",0.000582
"11300_1",0.000571
"8747_3",0.005480
"4145_1",0.000639
"8066_7",0.125386
"6306_10",0.993686
"6021_10",0.991764
"4860_10",0.990404
"4608_2",0.000668
"2380_1",0.004934
"9709_8",0.993807
"8057_4",0.979056
"8624_1",0.000909
"6117_10",0.987314
"3641_9",0.993069
"8710_3",0.008062
"9158_10",0.993499
"1129_2",0.000707
"8320_4",0.003862
"10219_4",0.110423
"6625_1",0.000699
"1988_1",0.004290
"5032_1",0.000745
"1042_7",0.040961
"1895_4",0.002387
"10057_1",0.000953
"9898_10",0.994749
"3809_2",0.000968
"7994_2",0.003463
"2751_4",0.001893
"3102_1",0.000651
"12393_7",0.886076
"4521_7",0.469399
"11169_8",0.990385
"7227_4",0.987723
"4956_9",0.227212
"7592_9",0.985936
"656_7",0.988591
"11534_3",0.000677
"774_8",0.994860
"7756_1",0.000533
"2720_8",0.988928
"11227_10",0.989561
"10462_3",0.013454
"4041_10",0.993069
"7327_1",0.000792
"4056_8",0.994225
"11684_10",0.991389
"5544_8",0.994203
"3799_8",0.991636
"3593_10",0.994477
"4602_4",0.012456
"2123_2",0.000555
"9773_10",0.994336
"10956_4",0.962953
"5139_3",0.001814
"8804_10",0.991136
"1784_2",0.003922
"11022_1",0.000653
"9366_1",0.001158
"12113_7",0.983053
"2375_7",0.611868
"3911_10",0.994325
"10834_2",0.001775
"9319_1",0.000859
"3923_3",0.326808
"4630_10",0.989066
"2625_10",0.991780
"10159_7",0.988085
"2339_1",0.000918
"8577_3",0.000874
"4062_7",0.989265
"6677_2",0.000570
"7818_8",0.993320
"4939_2",0.001112
"6937_4",0.452294
"1286_1",0.001238
"878_2",0.000975
"2357_7",0.978426
"3397_3",0.937153
"11214_10",0.980506
"8045_1",0.001800
"2943_1",0.000672
"1518_10",0.992934
"2792_9",0.988712
"6437_7",0.140042
"8734_7",0.988635
"6165_2",0.000995
"11956_2",0.000735
"7021_1",0.007907
"3369_1",0.428409
"5829_2",0.001817
"11742_9",0.988470
"11370_1",0.000985
"1502_1",0.018003
"9933_1",0.000558
"4619_10",0.993855
"6842_1",0.002213
"2770_10",0.991538
"2343_4",0.002292
"3071_8",0.987532
"3046_8",0.993029
"8354_4",0.005100
"5632_10",0.989119
"3901_4",0.008968
"6950_10",0.993795
"2431_9",0.986284
"10614_9",0.994146
"41_4",0.003248
"5039_3",0.086787
"2827_1",0.001174
"2860_8",0.982691
"6868_9",0.992568
"4597_3",0.012265
"8795_10",0.989692
"11941_7",0.985057
"12442_1",0.000947
"9736_7",0.994100
"1102_9",0.984366
"4291_7",0.990121
"4523_1",0.000599
"5349_1",0.005459
"3363_7",0.978733
"11393_3",0.435361
"1647_1",0.000641
"6143_4",0.001492
"1863_1",0.000611
"10099_9",0.985129
"4163_8",0.985257
"9357_8",0.993961
"10941_10",0.988481
"6883_10",0.993843
"11090_4",0.559440
"3480_1",0.074433
"10795_1",0.976535
"5865_1",0.001040
"2484_8",0.988027
"3023_4",0.002319
"2818_2",0.000861
"719_7",0.360180
"5297_4",0.006693
"12194_10",0.993281
"2929_8",0.992626
"7911_2",0.000767
"10619_9",0.991985
"5192_9",0.994584
"2170_1",0.001216
"4659_10",0.984017
"8536_7",0.968944
"11119_1",0.000962
"7887_3",0.168241
"11742_1",0.003847
"5867_7",0.989662
"7538_7",0.974117
"1834_9",0.994135
"6499_8",0.260107
"2073_10",0.978010
"3881_10",0.993042
"802_7",0.993136
"1733_1",0.000646
"11527_1",0.007191
"4316_2",0.001250
"9812_1",0.015815
"8911_10",0.946941
"7687_10",0.993891
"4240_10",0.993698
"1778_1",0.001364
"11822_1",0.001042
"7820_1",0.000653
"235_4",0.003204
"8373_7",0.981927
"92_1",0.000566
"716_10",0.992077
"4028_7",0.994203
"5533_7",0.796292
"2605_9",0.992711
"6665_1",0.001004
"178_10",0.993268
"9886_2",0.014282
"11779_10",0.978405
"5124_4",0.002581
"1956_2",0.000689
"2933_1",0.000859
"8737_1",0.000899
"8755_9",0.994135
"5032_8",0.994214
"9246_10",0.994031
"9610_1",0.001255
"7011_2",0.585690
"1602_1",0.001484
"3367_1",0.000654
"2756_8",0.989592
"12042_9",0.994369
"2641_3",0.000577
"9202_10",0.993973
"1953_2",0.002884
"5303_1",0.000695
"975_7",0.992753
"2447_4",0.050191
"294_8",0.978343
"11643_7",0.991875
"8743_1",0.001002
"2661_4",0.011072
"8638_10",0.987640
"4793_10",0.988917
"7461_8",0.986125
"830_4",0.005980
"5770_7",0.888324
"1989_1",0.000801
"5514_3",0.000843
"5842_3",0.000578
"11813_1",0.000924
"7811_10",0.987747
"7707_4",0.023465
"1205_10",0.990786
"10326_10",0.991938
"4881_9",0.993015
"8244_10",0.993759
"7647_1",0.000700
"4376_10",0.993734
"6744_2",0.002051
"6769_7",0.990273
"494_10",0.990927
"6188_4",0.004248
"5859_1",0.000609
"6801_3",0.005140
"10990_8",0.993294
"6057_8",0.985186
"3017_1",0.003722
"7617_1",0.002116
"8340_7",0.983198
"746_7",0.952794
"9290_10",0.990025
"1525_10",0.991668
"11044_7",0.985086
"9367_10",0.988514
"5705_10",0.988004
"11375_10",0.989098
"11320_1",0.000732
"754_9",0.984927
"7040_10",0.994203
"10740_4",0.001120
"8839_10",0.992016
"11614_4",0.002187
"10867_9",0.994739
"12406_10",0.994910
"12081_10",0.994336
"8763_10",0.993216
"4103_1",0.000560
"5600_1",0.000899
"5345_2",0.001038
"10679_8",0.993150
"11709_1",0.000975
"6872_4",0.000900
"9096_3",0.940681
"3417_9",0.994225
"5154_3",0.040999
"6071_10",0.987568
"5685_9",0.993661
"7937_10",0.993385
"3628_1",0.000888
"7374_2",0.000784
"1862_8",0.612194
"6602_1",0.000739
"1401_10",0.987923
"12157_3",0.001534
"5636_8",0.989389
"2049_10",0.989419
"9402_8",0.988591
"12455_10",0.990197
"11062_2",0.000789
"9163_10",0.987472
"2879_7",0.244634
"2840_9",0.989751
"9893_8",0.994247
"11857_1",0.002059
"7776_10",0.990102
"10365_7",0.886420
"6186_7",0.983053
"7071_1",0.000664
"5132_1",0.000617
"8971_4",0.152537
"3415_1",0.000591
"3622_1",0.000750
"7446_10",0.988701
"4644_9",0.860721
"3923_10",0.988602
"3503_8",0.992259
"8685_7",0.338159
"1683_2",0.001255
"3417_4",0.014644
"10443_3",0.003573
"4620_3",0.640108
"5658_1",0.000861
"4185_1",0.000594
"3727_10",0.992000
"5334_1",0.000647
"7113_7",0.701458
"8713_1",0.000707
"2865_7",0.285073
"2956_4",0.008093
"2455_8",0.993649
"97_7",0.238018
"6789_10",0.991289
"8639_8",0.987806
"1563_8",0.993747
"3169_9",0.987923
"7627_10",0.988712
"1649_10",0.994247
"2287_10",0.994499
"9479_1",0.000729
"7705_1",0.000731
"10803_2",0.001694
"6076_9",0.992697
"4263_3",0.022074
"4726_10",0.988313
"11738_9",0.994066
"9250_9",0.993891
"2638_1",0.000856
"11357_7",0.992510
"12135_3",0.008985
"7296_10",0.989286
"10674_7",0.984002
"7674_9",0.994719
"5575_1",0.000525
"8120_7",0.991456
"1617_1",0.000586
"7090_3",0.001495
"3793_4",0.001063
"2658_10",0.985129
"9942_3",0.984855
"9520_9",0.985909
"10638_1",0.001592
"9066_10",0.994066
"3408_4",0.001652
"7526_1",0.002149
"10821_3",0.000985
"5887_10",0.986085
"12470_3",0.000515
"4033_8",0.987580
"1949_10",0.993410
"9859_4",0.001501
"11183_9",0.989182
"8533_4",0.272799
"10236_10",0.991032
"6111_3",0.001768
"5475_8",0.994031
"3342_3",0.003729
"8335_1",0.018370
"4812_9",0.989223
"2306_4",0.277473
"4596_7",0.975992
"10431_2",0.000785
"5077_9",0.989850
"1301_9",0.988992
"8979_9",0.987935
"4226_9",0.991049
"5544_3",0.003052
"7954_2",0.000908
"3935_4",0.021410
"7076_4",0.022608
"10208_10",0.993661
"3737_3",0.004158
"1689_8",0.993268
"6585_9",0.992795
"6096_3",0.001042
"11052_4",0.013716
"7783_10",0.983502
"5157_10",0.989296
"5465_10",0.994236
"11361_10",0.989234
"7560_3",0.088112
"9781_4",0.002546
"11681_10",0.988268
"6127_7",0.044890
"1799_9",0.993229
"10849_2",0.000900
"4274_7",0.986481
"15_10",0.987888
"11338_1",0.000658
"5750_2",0.001131
"9335_8",0.986031
"8359_7",0.972231
"9527_7",0.989140
"1336_1",0.000873
"9893_3",0.001410
"11229_9",0.987472
"5948_9",0.993549
"9733_4",0.038214
"6377_8",0.993759
"1427_10",0.993229
"9023_3",0.002747
"2151_2",0.000810
"1744_1",0.000609
"6367_10",0.993661
"9143_8",0.988569
"6176_8",0.988635
"11388_10",0.993722
"1493_10",0.979056
"6615_1",0.000782
"4654_2",0.002439
"599_9",0.987853
"7256_10",0.994636
"11993_1",0.001107
"992_7",0.988313
"8871_2",0.001775
"11483_1",0.000579
"3322_1",0.000981
"9827_4",0.118896
"8063_3",0.004839
"7397_3",0.003390
"3040_4",0.000931
"11682_2",0.000858
"8738_10",0.987888
"9905_4",0.001912
"6437_1",0.000750
"4319_9",0.989286
"5353_4",0.019069
"12207_9",0.988701
"6166_7",0.990140
"12243_4",0.034717
"1219_1",0.000991
"10292_10",0.989692
"10132_10",0.994552
"6898_10",0.991389
"8469_8",0.980281
"10393_1",0.095265
"7509_1",0.001427
"9468_9",0.992393
"9002_1",0.000484
"891_9",0.979707
"5156_4",0.265166
"2321_1",0.000757
"11859_8",0.991084
"12262_7",0.983769
"6198_4",0.262369
"5699_1",0.000703
"4252_10",0.985510
"10618_10",0.993320
"3226_10",0.994770
"7227_7",0.990292
"11047_7",0.982987
"9569_7",0.982288
"8933_4",0.978976
"4513_8",0.994203
"1271_9",0.993734
"6327_2",0.000599
"10012_9",0.993831
"10090_3",0.001195
"8564_1",0.001012
"10905_8",0.994270
"6828_2",0.002817
"1730_1",0.001302
"3404_3",0.001259
"12428_1",0.001118
"5180_1",0.005292
"10554_9",0.985286
"527_2",0.090253
"10296_8",0.993307
"543_4",0.001116
"10235_3",0.065725
"3743_4",0.956715
"8792_3",0.008413
"3597_1",0.002099
"12320_1",0.000764
"11672_8",0.993950
"7237_4",0.178240
"3726_7",0.963984
"6643_2",0.003559
"2743_10",0.993747
"10184_9",0.994054
"1929_1",0.002850
"666_7",0.097734
"4548_4",0.001211
"4153_4",0.001123
"7356_4",0.003477
"8843_10",0.994336
"7552_8",0.989702
"6494_8",0.994531
"3547_7",0.979977
"810_1",0.014828
"7672_9",0.986324
"4945_3",0.000913
"12427_8",0.990514
"749_7",0.994169
"10706_10",0.989909
"10969_1",0.000828
"340_9",0.990254
"2154_8",0.994270
"3715_1",0.000634
"2388_10",0.994646
"5905_2",0.001495
"3774_10",0.994031
"3070_1",0.000854
"4789_10",0.984516
"1509_2",0.000744
"2350_8",0.989870
"11137_1",0.000672
"10987_1",0.001107
"5815_1",0.001972
"7272_10",0.993686
"4651_10",0.985800
"4184_1",0.000530
"9636_10",0.973266
"8592_10",0.984855
"3068_3",0.002023
"8899_4",0.000807
"10018_1",0.000667
"5821_10",0.993831
"3232_4",0.077518
"10795_10",0.993710
"7461_3",0.000504
"10874_7",0.660577
"9672_10",0.993710
"1908_10",0.983660
"4014_9",0.796609
"10488_3",0.001026
"2501_7",0.992214
"12339_3",0.017611
"2698_10",0.993359
"1674_1",0.000936
"10366_8",0.030072
"12059_10",0.994636
"8285_4",0.002941
"4120_8",0.993524
"4238_7",0.993649
"10516_1",0.000613
"2478_9",0.983940
"7807_2",0.000851
"10704_1",0.001078
"791_4",0.006904
"2514_4",0.040846
"3095_10",0.977349
"1770_10",0.994434
"11115_2",0.022824
"10797_1",0.002208
"11347_1",0.000772
"7077_10",0.993831
"403_1",0.000787
"5852_7",0.709221
"8451_8",0.992920
"7013_1",0.000895
"10346_9",0.992934
"3055_7",0.984869
"4687_1",0.001860
"8467_10",0.994369
"11363_10",0.992961
"277_9",0.992452
"1715_2",0.103658
"9249_1",0.000640
"1895_10",0.399131
"5505_3",0.002581
"1323_9",0.994770
"4200_10",0.993524
"682_4",0.143008
"12020_4",0.076270
"5824_10",0.987265
"4475_10",0.994314
"891_1",0.002323
"2713_8",0.482368
"2084_9",0.987055
"1535_3",0.000886
"7862_8",0.985759
"8055_9",0.987688
"6604_7",0.987302
"7714_1",0.000718
"5606_7",0.984679
"7277_10",0.994636
"3197_1",0.000706
"406_7",0.003538
"6948_9",0.986675
"4196_8",0.980986
"1723_10",0.991067
"11625_4",0.014309
"1259_1",0.001129
"5283_10",0.988492
"8407_4",0.003636
"5561_8",0.991322
"7653_3",0.000983
"8646_1",0.001218
"8053_8",0.983816
"1879_7",0.764276
"1645_2",0.007923
"12222_7",0.064653
"3966_1",0.002305
"4754_1",0.000614
"8920_9",0.993385
"11920_9",0.991732
"4747_2",0.007417
"2108_8",0.971564
"9017_7",0.993819
"994_7",0.557514
"11155_10",0.988447
"6249_9",0.985663
"5926_9",0.991187
"12486_1",0.003383
"4918_8",0.983085
"1357_9",0.992879
"6051_2",0.000675
"4589_10",0.976758
"12401_4",0.004174
"4083_8",0.989541
"10373_10",0.989192
"7467_8",0.970909
"2220_1",0.001006
"6882_7",0.992554
"10551_10",0.994708
"4043_10",0.993807
"11078_8",0.986297
"4280_9",0.993397
"8594_10",0.993747
"10652_9",0.994043
"2206_10",0.988679
"9014_2",0.003337
"10215_4",0.001036
"3549_2",0.000574
"10445_1",0.000656
"10819_9",0.988211
"10691_1",0.002673
"3855_10",0.993902
"7809_2",0.066085
"3022_7",0.977841
"694_8",0.988073
"13_9",0.993549
"10972_10",0.993524
"9187_1",0.001383
"12354_3",0.308737
"4793_1",0.001427
"10696_1",0.000631
"12446_1",0.000565
"1488_10",0.992437
"904_10",0.686212
"11057_1",0.001346
"2132_8",0.993722
"1406_10",0.993722
"11366_3",0.001537
"9957_4",0.980015
"12096_1",0.000639
"3827_3",0.001779
"11686_2",0.000836
"4387_9",0.992139
"9955_9",0.987104
"12103_10",0.988073
"11506_10",0.991969
"793_1",0.000897
"8001_1",0.000931
"8823_4",0.348728
"1787_7",0.991684
"5484_10",0.993771
"3557_9",0.994214
"615_8",0.989662
"410_2",0.000706
"5800_2",0.241982
"3143_4",0.004391
"11359_2",0.001315
"7016_10",0.993914
"3711_2",0.001408
"8580_10",0.988853
"5615_9",0.985896
"9202_2",0.000710
"4776_2",0.001410
"8436_10",0.994157
"2097_8",0.718100
"6935_4",0.952264
"2656_1",0.000866
"11446_7",0.964153
"5392_4",0.007219
"6451_9",0.993996
"11054_8",0.988734
"8677_8",0.984215
"8761_3",0.009449
"9297_1",0.000541
"12480_2",0.001138
"11736_9",0.985566
"4156_8",0.985100
"1955_10",0.986058
"12350_1",0.016372
"5439_1",0.000551
"1342_10",0.986967
"7271_1",0.003403
"1868_4",0.013020
"4497_9",0.991032
"1729_10",0.986649
"4593_8",0.980692
"11296_7",0.983597
"9573_4",0.026032
"11678_2",0.001405
"6790_9",0.989440
"12298_2",0.001779
"9839_3",0.011115
"1348_1",0.002149
"7004_8",0.987604
"10414_10",0.992865
"3826_3",0.002551
"9313_4",0.770270
"10543_3",0.001129
"6909_9",0.983738
"11377_10",0.994054
"2591_9",0.992016
"11355_2",0.000717
"9274_8",0.988657
"4521_4",0.005210
"12208_9",0.989223
"4948_2",0.001053
"3732_1",0.000934
"12096_10",0.994467
"7135_3",0.166675
"10310_8",0.990197
"1959_1",0.000654
"10383_1",0.015968
"106_9",0.989306
"7085_7",0.993083
"11070_8",0.994605
"6850_10",0.991828
"12476_4",0.024261
"1917_10",0.994180
"1341_3",0.003922
"4062_1",0.004046
"5594_4",0.004963
"11963_1",0.002292
"2777_9",0.990892
"9871_7",0.973770
"949_8",0.965706
"7436_10",0.994584
"738_10",0.983550
"4893_1",0.001211
"6100_10",0.956957
"10219_9",0.992934
"4004_2",0.006039
"5945_10",0.994456
"10183_9",0.989077
"3465_10",0.994760
"4408_1",0.000659
"5810_7",0.987628
"188_3",0.004538
"7835_1",0.088269
"1648_9",0.986688
"7971_8",0.994169
"11809_1",0.003357
"5352_10",0.983470
"1476_8",0.986828
"602_10",0.989761
"9669_2",0.002027
"93_9",0.976558
"10787_10",0.988016
"10958_8",0.986098
"6608_1",0.000691
"7058_10",0.988723
"4401_10",0.986611
"9315_8",0.099908
"9670_3",0.004102
"10537_3",0.000719
"1033_2",0.002341
"12085_10",0.988624
"9373_7",0.988949
"8302_2",0.000892
"10138_2",0.001138
"6814_10",0.994077
"9778_1",0.000675
"5149_7",0.992334
"6191_3",0.133021
"7466_3",0.001163
"10051_2",0.002063
"5262_2",0.001082
"2906_1",0.000721
"8625_9",0.976038
"2118_4",0.024215
"11547_3",0.002647
"11384_7",0.990025
"123_10",0.991204
"11115_7",0.947575
"9348_10",0.990714
"568_9",0.984170
"7731_9",0.992481
"6548_8",0.991828
"9235_4",0.002157
"430_10",0.994303
"10790_1",0.000929
"10691_10",0.993216
"2324_9",0.994840
"11031_1",0.000904
"5465_4",0.008495
"5545_4",0.003093
"5546_10",0.990962
"9010_2",0.000636
"7205_10",0.993268
"7580_10",0.992823
"2052_3",0.001063
"6284_7",0.991406
"12001_3",0.000718
"3458_9",0.994719
"9013_2",0.001968
"5839_4",0.830525
"10809_10",0.994314
"3077_2",0.000729
"11373_3",0.000906
"7083_9",0.994979
"10846_10",0.992554
"11815_10",0.994830
"4730_1",0.000707
"3320_7",0.984501
"4782_10",0.993069
"3410_3",0.000839
"5142_10",0.988842
"3947_1",0.001394
"3016_8",0.335315
"12114_4",0.309989
"11039_8",0.970042
"5902_7",0.989582
"5351_8",0.987017
"1654_10",0.992481
"5731_4",0.012576
"10985_9",0.989470
"8724_1",0.001075
"9854_3",0.001469
"2054_1",0.000585
"11385_4",0.024940
"5919_4",0.001744
"9898_1",0.000809
"11874_8",0.983723
"4496_3",0.152789
"5231_1",0.001010
"10070_3",0.001817
"2345_8",0.993710
"9311_10",0.994413
"1036_10",0.994347
"6603_4",0.001362
"2138_9",0.983769
"10546_10",0.992711
"3217_10",0.985773
"12188_10",0.994467
"5986_2",0.014560
"352_10",0.994563
"8557_3",0.001322
"10453_10",0.988580
"4397_4",0.000693
"673_2",0.071138
"10305_10",0.994477
"11985_1",0.000557
"3457_1",0.001704
"500_1",0.000772
"10637_9",0.966379
"8144_10",0.993891
"8485_1",0.000712
"1632_7",0.969556
"2404_8",0.993636
"11489_10",0.990821
"7590_1",0.000787
"12460_2",0.004700
"11729_10",0.984486
"2796_7",0.972389
"8015_2",0.000672
"8258_4",0.000834
"2272_3",0.001455
"7178_10",0.988050
"8476_8",0.988690
"3411_4",0.011288
"8319_10",0.993819
"11799_10",0.994573
"8585_4",0.698921
"4640_10",0.991732
"12199_1",0.000999
"8380_7",0.979215
"8712_10",0.994434
"12482_9",0.987911
"4813_1",0.000779
"119_9",0.988154
"7850_10",0.986688
"5536_1",0.001174
"10576_1",0.000724
"2803_1",0.000725
"11788_4",0.000732
"6681_3",0.018851
"2503_10",0.994456
"88_3",0.000798
"7389_4",0.080864
"8793_9",0.988050
"4911_7",0.984185
"6495_4",0.002507
"10670_1",0.000536
"2203_10",0.993636
"7588_10",0.981346
"7095_7",0.993216
"6748_8",0.974773
"10348_1",0.002862
"2568_8",0.977521
"10292_2",0.012747
"1112_3",0.000744
"5322_7",0.982856
"4291_4",0.001110
"1212_7",0.983518
"7963_10",0.985990
"6156_1",0.000662
"713_1",0.001221
"11606_8",0.990216
"10975_10",0.992016
"4638_10",0.990569
"800_8",0.991684
"1389_3",0.007636
"10045_1",0.000878
"3529_1",0.000839
"1921_2",0.001226
"4824_8",0.987460
"10688_10",0.984531
"84_10",0.993985
"225_3",0.002434
"9756_10",0.992423
"7601_8",0.987387
"6342_3",0.004256
"7711_1",0.000608
"12133_7",0.985855
"8026_3",0.005251
"4551_10",0.992031
"545_4",0.005854
"343_1",0.003511
"10788_4",0.347752
"8711_2",0.001595
"5493_10",0.994820
"9358_1",0.097648
"2185_3",0.001343
"9720_2",0.000983
"4481_8",0.994573
"6528_2",0.000563
"11928_8",0.987865
"6591_7",0.984351
"10876_1",0.000849
"11253_10",0.990422
"2190_3",0.007403
"4281_3",0.000703
"7971_3",0.003892
"11649_2",0.000602
"5199_3",0.024423
"12258_3",0.056705
"5922_8",0.994531
"11136_1",0.000704
"7941_10",0.991554
"1412_7",0.994636
"11053_3",0.391173
"5586_10",0.993722
"5762_9",0.989399
"8328_3",0.013377
"10354_4",0.006944
"3563_8",0.987544
"8246_2",0.059428
"7740_10",0.987240
"4972_1",0.000747
"832_4",0.025347
"11386_10",0.989055
"1273_3",0.001901
"5085_2",0.028114
"11414_4",0.001765
"885_8",0.994314
"3943_10",0.966945
"898_9",0.994054
"8168_10",0.994259
"9779_10",0.993294
"830_7",0.993150
"77_10",0.994292
"648_8",0.988602
"10629_10",0.987496
"89_10",0.990980
"11955_9",0.989034
"7883_9",0.988863
"243_4",0.058993
"5148_2",0.000822
"1056_3",0.991969
"5206_10",0.993973
"8777_10",0.987735
"2969_2",0.000636
"6729_8",0.994729
"11860_1",0.004451
"6307_4",0.001558
"11589_1",0.002839
"8016_1",0.000659
"3461_8",0.994456
"8767_1",0.000685
"7692_10",0.992139
"12281_8",0.986533
"7763_1",0.585523
"5301_9",0.983785
"5112_10",0.994434
"10757_10",0.987042
"1066_8",0.985328
"5413_10",0.992123
"2733_3",0.005140
"8534_10",0.987794
"5915_8",0.986455
"10566_3",0.003622
"10900_7",0.975060
"3120_10",0.987829
"4394_1",0.000561
"3090_1",0.000798
"4379_10",0.993973
"5259_7",0.034068
"10792_8",0.988679
"2599_1",0.000685
"1912_2",0.000734
"2517_1",0.985552
"2946_8",0.987387
"3020_8",0.985896
"1850_4",0.321061
"9463_2",0.000915
"1721_10",0.994077
"7952_7",0.991554
"1806_9",0.993807
"11403_9",0.986585
"2013_7",0.983470
"5556_10",0.990750
"1746_3",0.001092
"11125_7",0.992510
"9270_4",0.003862
"7343_10",0.994031
"12465_10",0.994043
"8550_9",0.985814
"6213_8",0.985342
"10861_10",0.994605
"4109_7",0.798462
"8652_1",0.000704
"11546_1",0.000789
"9133_7",0.332175
"5964_3",0.002516
"1575_1",0.000757
"1337_4",0.016689
"7610_1",0.000538
"49_10",0.994800
"6505_2",0.000634
"7177_10",0.985552
"5947_7",0.436667
"1723_3",0.000717
"9055_7",0.989161
"7972_1",0.001063
"5340_8",0.978447
"6938_8",0.070624
"12400_8",0.990660
"552_9",0.989161
"11844_9",0.994066
"1080_1",0.000757
"3078_10",0.994605
"8713_9",0.992154
"7300_1",0.002521
"12464_1",0.003087
"3812_10",0.979609
"3313_4",0.023220
"6880_4",0.018352
"5478_9",0.988939
"10951_7",0.988256
"3327_8",0.992640
"6332_10",0.993176
"4385_8",0.988723
"2387_10",0.994770
"5756_3",0.000721
"4020_7",0.984956
"6190_8",0.994214
"517_8",0.986205
"9018_3",0.119049
"9449_10",0.994303
"10715_3",0.000991
"8195_8",0.988766
"9605_10",0.985482
"4309_9",0.993524
"1783_4",0.000732
"1658_10",0.988788
"1403_7",0.992611
"4268_1",0.000760
"4822_1",0.000815
"717_4",0.009055
"7768_10",0.988580
"7803_2",0.000985
"7190_8",0.990159
"11035_1",0.000524
"6288_10",0.616431
"10690_1",0.014323
"714_10",0.993320
"9210_10",0.994708
"12462_1",0.000586
"9325_1",0.000628
"8370_8",0.989612
"10583_1",0.003817
"4016_10",0.989572
"6465_4",0.088347
"1512_9",0.988971
"4769_8",0.993649
"11160_7",0.988657
"2175_1",0.000672
"12261_7",0.988369
"685_8",0.993771
"9208_10",0.119357
"6296_1",0.000729
"8210_4",0.002392
"11237_4",0.003136
"8139_10",0.992554
"6996_3",0.006706
"5168_1",0.002269
"5528_3",0.004673
"6635_1",0.002023
"1670_8",0.992626
"7099_4",0.017243
"2239_1",0.987935
"7313_4",0.009596
"3304_2",0.000642
"10505_1",0.000521
"9681_10",0.992879
"7569_4",0.380097
"9926_4",0.048137
"8339_8",0.993624
"8553_10",0.994488
"387_1",0.000804
"4715_9",0.987993
"11447_1",0.002296
"7425_1",0.001317
"10514_1",0.004839
"6979_10",0.994100
"3104_1",0.000680
"6833_4",0.215145
"5931_3",0.004877
"12103_2",0.000908
"9413_1",0.000672
"2730_7",0.047470
"7293_10",0.994281
"8479_9",0.994336
"9099_7",0.976714
"2061_4",0.290025
"4680_7",0.993229
"4067_1",0.016215
"4663_2",0.000810
"3069_1",0.001197
"8739_7",0.993359
"8279_2",0.002196
"11078_1",0.000871
"7917_1",0.000949
"7636_8",0.991356
"5071_8",0.985936
"1720_10",0.993242
"885_3",0.004434
"734_1",0.000825
"6309_9",0.993961
"4346_3",0.000876
"4087_10",0.993843
"678_1",0.000628
"8348_8",0.993176
"3572_2",0.000871
"10285_1",0.036769
"11126_4",0.362997
"8071_2",0.000991
"8150_10",0.993710
"4652_4",0.116362
"3674_8",0.987228
"1046_9",0.988536
"1986_8",0.989399
"2516_1",0.001607
"11758_1",0.004039
"4747_8",0.974239
"10426_4",0.460592
"4331_1",0.000704
"9146_3",0.002392
"312_10",0.986713
"4160_9",0.989682
"5277_3",0.000942
"4896_7",0.983940
"4327_9",0.957755
"4136_3",0.001040
"2324_2",0.145844
"10407_10",0.987946
"5081_10",0.994563
"2892_2",0.000801
"367_3",0.001772
"6523_3",0.000693
"9037_7",0.988369
"8790_1",0.000653
"1839_8",0.993867
"4149_3",0.000712
"7950_3",0.000664
"1686_2",0.010489
"7855_1",0.000650
"2844_10",0.989119
"4006_1",0.000593
"1077_10",0.989161
"9294_3",0.004619
"8866_1",0.000854
"8414_3",0.001016
"11736_3",0.001748
"11683_9",0.880129
"6399_10",0.989317
"4876_2",0.000587
"8818_10",0.994584
"8874_3",0.034750
"2595_7",0.982624
"9287_1",0.000866
"11446_3",0.007275
"10016_3",0.010530
"10381_8",0.993879
"2222_1",0.011137
"10875_7",0.988108
"5708_8",0.987700
"2727_9",0.986841
"823_1",0.001200
"3616_2",0.000586
"10522_1",0.002314
"5340_3",0.060197
"4218_9",0.992947
"6551_4",0.373019
"4506_7",0.989182
"487_3",0.000636
"3215_2",0.002747
"3884_10",0.994358
"8163_1",0.000868
"4878_9",0.982457
"10428_10",0.989652
"6394_10",0.994270
"5318_2",0.000758
"4829_3",0.044974
"9175_8",0.992289
"10213_7",0.520801
"1484_10",0.991067
"9646_10",0.994626
"755_1",0.001639
"4988_1",0.001034
"10640_3",0.034815
"2780_4",0.000897
"5867_2",0.000806
"9212_10",0.986879
"8554_4",0.121217
"4703_3",0.974215
"8779_8",0.987688
"953_10",0.993242
"10349_8",0.984351
"3280_10",0.989450
"3646_8",0.988906
"6054_1",0.000731
"4894_3",0.064831
"11235_10",0.982185
"513_8",0.992123
"4166_1",0.000721
"742_8",0.804214
"7671_10",0.994810
"2835_4",0.990910
"8556_10",0.994820
"4764_7",0.988436
"1626_3",0.000856
"6883_4",0.001490
"1014_4",0.713057
"9419_10",0.987993
"7918_8",0.985704
"8912_2",0.000668
"7996_3",0.002383
"5045_2",0.000849
"9612_2",0.003877
"1658_2",0.001419
"4373_2",0.000823
"11771_7",0.992795
"5458_4",0.004915
"10492_1",0.000684
"5551_8",0.988734
"811_1",0.000931
"12209_9",0.988234
"1514_1",0.000792
"6684_9",0.990441
"4604_7",0.987042
"3350_1",0.001449
"3336_7",0.990768
"9645_4",0.019106
"1664_9",0.987460
"5109_8",0.993136
"9294_8",0.977414
"7439_3",0.004982
"9098_10",0.984898
"10353_2",0.001481
"2356_4",0.010469
"884_1",0.016931
"704_2",0.000818
"9429_4",0.008745
"11563_1",0.001167
"10345_7",0.409341
"12301_4",0.007621
"1021_7",0.969411
"6353_1",0.000658
"2608_7",0.991305
"10508_1",0.176175
"263_1",0.000692
"10127_10",0.992304
"11517_4",0.726862
"4758_4",0.036016
"2210_4",0.519003
"12396_1",0.000559
"9405_7",0.949995
"5945_2",0.000966
"1931_3",0.009394
"3972_9",0.993734
"7949_3",0.023780
"1958_10",0.990254
"5834_7",0.988470
"11040_1",0.000745
"9453_1",0.000717
"5841_10",0.992539
"1144_10",0.990478
"5678_2",0.017883
"11361_3",0.000635
"5999_1",0.001057
"11810_4",0.096791
"10502_1",0.000605
"11821_10",0.988820
"8270_10",0.975390
"4627_4",0.981167
"5588_2",0.003693
"4877_1",0.001107
"2289_8",0.985704
"2582_10",0.989034
"8749_1",0.001472
"1653_1",0.000618
"7060_3",0.002742
"4299_1",0.000703
"7198_10",0.986649
"5597_9",0.993216
"11592_10",0.994325
"1516_1",0.001475
"1428_10",0.993202
"9349_7",0.993015
"4182_10",0.989811
"522_10",0.991101
"1942_9",0.995027
"2570_8",0.994259
"1188_2",0.001464
"7454_10",0.994380
"6859_8",0.989389
"4278_9",0.994840
"3538_8",0.980986
"6499_1",0.001965
"7715_1",0.000736
"5847_1",0.000699
"2109_10",0.994292
"7570_2",0.001259
"3725_1",0.000621
"8736_2",0.078289
"2007_10",0.989511
"9738_10",0.986044
"2763_7",0.988380
"9081_2",0.001704
"6647_10",0.989572
"11207_1",0.031619
"5182_3",0.000693
"2171_10",0.989682
"9091_1",0.416797
"3970_3",0.021105
"7432_9",0.993771
"2169_2",0.000734
"720_1",0.001775
"866_2",0.000704
"567_3",0.756133
"11812_8",0.991554
"11195_9",0.989077
"5877_10",0.988981
"5526_9",0.988712
"792_8",0.987711
"8673_9",0.993961
"5163_1",0.000536
"4722_8",0.990441
"11423_8",0.982856
"3239_8",0.982757
"2235_4",0.067731
"5799_3",0.000658
"8592_2",0.000736
"5229_10",0.993015
"9285_10",0.993474
"6092_1",0.028248
"8940_10",0.985923
"12220_8",0.226655
"4417_10",0.993320
"10462_10",0.994325
"3241_9",0.976513
"8744_10",0.994391
"1016_3",0.285571
"7382_10",0.992654
"8458_8",0.992626
"629_4",0.004442
"1971_3",0.001145
"4471_4",0.001513
"7890_2",0.001114
"10164_4",0.987154
"2176_8",0.987290
"2500_2",0.001768
"1155_2",0.001372
"7102_8",0.991828
"3618_10",0.994336
"4940_3",0.006745
"10263_3",0.001125
"12495_10",0.982971
"7170_9",0.994499
"7322_3",0.000685
"2938_10",0.733834
"8128_8",0.993891
"4900_1",0.001828
"5672_7",0.264881
"3387_10",0.993950
"806_1",0.000846
"7385_2",0.000676
"3043_4",0.001751
"6845_10",0.990496
"979_3",0.054550
"6853_3",0.000607
"4871_4",0.002208
"12172_8",0.992184
"4105_2",0.000642
"3171_4",0.016324
"8686_10",0.993879
"10187_1",0.000691
"5305_7",0.566708
"1728_10",0.993189
"11284_4",0.073099
"443_2",0.002785
"8542_9",0.994677
"7634_2",0.001610
"2598_1",0.001734
"124_2",0.001435
"10145_8",0.994729
"63_1",0.000772
"5522_3",0.030676
"1264_9",0.993759
"12181_10",0.990569
"6508_1",0.003248
"2146_3",0.001367
"5449_4",0.006850
"2660_9",0.988657
"6594_4",0.005140
"6285_8",0.981736
"12200_10",0.971537
"6710_1",0.036288
"10399_10",0.987104
"6703_1",0.000514
"5795_8",0.987228
"3427_4",0.002269
"11306_10",0.994959
"6641_3",0.013742
"9364_9",0.986111
"6963_8",0.084417
"6896_10",0.981962
"10154_10",0.993855
"4690_10",0.994423
"8125_8",0.991032
"4978_1",0.001886
"4999_3",0.000736
"8921_8",0.992975
"6089_3",0.001214
"12279_9",0.988234
"1209_7",0.985800
"2083_7",0.983085
"10162_10",0.994135
"1266_4",0.013402
"10892_8",0.986572
"4864_4",0.001652
"10743_7",0.704465
"6427_1",0.000583
"8633_1",0.049773
"6158_10",0.988885
"4952_3",0.000614
"7508_10",0.991289
"637_9",0.982922
"6734_2",0.015015
"10685_1",0.001075
"6269_4",0.001197
"9073_8",0.983166
"9551_2",0.001915
"5499_2",0.001589
"3573_4",0.001022
"12089_1",0.001016
"3962_1",0.000874
"2169_7",0.935817
"959_8",0.993268
"10514_9",0.908049
"4430_7",0.197290
"10802_1",0.077448
"280_10",0.992583
"8041_3",0.046163
"9040_9",0.989440
"10653_1",0.004886
"10783_7",0.993333
"4711_1",0.000784
"1523_4",0.046163
"3903_1",0.000812
"4216_8",0.991505
"10108_1",0.000725
"4098_4",0.001028
"9433_7",0.988723
"11013_10",0.990054
"3968_10",0.994043
"7916_3",0.000958
"5859_9",0.986111
"11194_7",0.973190
"9376_3",0.000645
"1808_4",0.010777
"12029_3",0.002895
"5854_4",0.008594
"6573_9",0.987935
"6747_8",0.992047
"4366_1",0.000798
"5868_7",0.987723
"7712_3",0.058993
"11617_1",0.000485
"5362_10",0.987676
"1950_1",0.000798
"9724_1",0.000679
"7537_8",0.984694
"6950_1",0.001094
"6035_8",0.994467
"11191_4",0.019644
"4759_9",0.993636
"1228_7",0.971374
"10380_1",0.008968
"271_7",0.973968
"7826_9",0.986636
"4336_2",0.000671
"4209_2",0.009413
"4898_7",0.985608
"2987_1",0.000679
"9976_4",0.008462
"7521_10",0.987228
"5680_2",0.001094
"4310_10",0.978094
"4484_10",0.994157
"5748_9",0.994605
"6798_3",0.001394
"9598_10",0.990348
"4834_2",0.000955
"2505_10",0.994520
"1984_8",0.683274
"476_1",0.000659
"11578_1",0.000595
"2223_3",0.008348
"8215_3",0.003093
"3108_1",0.001555
"4371_1",0.000695
"12399_4",0.049773
"4913_1",0.000767
"8431_8",0.987387
"3445_10",0.993587
"8268_10",0.994135
"4271_10",0.993549
"2136_3",0.001294
"2479_1",0.000745
"11798_2",0.002051
"2893_10",0.993574
"7754_3",0.002673
"7568_10",0.993042
"6221_8",0.994054
"1687_10",0.994445
"4744_1",0.000897
"3730_10",0.993985
"7543_10",0.989306
"4449_1",0.000583
"2802_8",0.989692
"2834_2",0.000893
"11243_2",0.001846
"6638_10",0.985398
"3299_1",0.000739
"1378_10",0.985635
"1867_9",0.988324
"3371_1",0.001078
"1340_10",0.982971
"1810_10",0.994247
"11773_10",0.978692
"2111_1",0.004839
"2234_4",0.025785
"4958_7",0.960249
"3514_1",0.003802
"8488_9",0.991620
"1650_4",0.001408
"6538_3",0.000665
"9930_9",0.989368
"10594_1",0.000641
"6248_8",0.987568
"1384_9",0.987544
"11526_3",0.011266
"9847_10",0.994445
"8994_1",0.000815
"11595_1",0.000741
"9840_7",0.866359
"1027_9",0.992795
"11691_2",0.000902
"1154_10",0.984231
"4599_4",0.001097
"2126_1",0.166675
"10719_3",0.001048
"11925_2",0.000895
"1938_2",0.001160
"7233_7",0.976446
"1747_8",0.988712
"4994_8",0.993123
"10696_10",0.986429
"7348_10",0.982372
"9121_8",0.991860
"902_10",0.992031
"8046_1",0.001080
"3604_7",0.988874
"4886_8",0.987782
"2821_10",0.993783
"10180_8",0.982100
"11376_10",0.992289
"11195_2",0.001772
"5625_9",0.993176
"9284_9",0.991356
"6747_1",0.003069
"3910_9",0.981436
"11412_7",0.991255
"2456_10",0.994043
"6105_10",0.992093
"5732_10",0.992139
"1960_9",0.992031
"6363_7",0.985115
"9596_10",0.983754
"8605_3",0.001561
"174_2",0.000620
"8251_1",0.000770
"8567_10",0.960621
"7007_3",0.009179
"2418_8",0.991084
"12030_8",0.985704
"7626_7",0.964855
"6070_3",0.001868
"802_1",0.001230
"10801_10",0.972415
"8559_1",0.000679
"2495_2",0.492005
"10777_9",0.994688
"2958_7",0.991538
"3701_10",0.994008
"2754_9",0.990997
"1210_1",0.001824
"7830_10",0.994605
"4523_9",0.985454
"12408_4",0.011620
"5748_1",0.000736
"3982_2",0.000782
"9658_8",0.987030
"73_10",0.993710
"3952_1",0.001097
"4064_8",0.986980
"9835_4",0.457409
"12463_1",0.000583
"905_10",0.990441
"5634_8",0.993294
"800_3",0.000785
"11576_10",0.990197
"8546_4",0.001821
"8456_1",0.131842
"163_1",0.000913
"7616_3",0.000691
"17_3",0.005302
"620_2",0.001279
"4250_4",0.008495
"4403_1",0.000599
"7107_3",0.344636
"9691_9",0.993831
"4069_8",0.988853
"3747_7",0.992154
"7930_10",0.994563
"1088_3",0.001343
"3683_1",0.000750
"11138_1",0.007621
"1825_10",0.988949
"9888_3",0.001579
"8079_10",0.980205
"1508_2",0.000598
"2471_4",0.002468
"5238_7",0.987876
"4947_9",0.994531
"1791_10",0.985370
"5824_4",0.006654
"10408_2",0.001582
"6053_8",0.994520
"6811_4",0.001282
"6398_4",0.069732
"137_7",0.466390
"3920_9",0.976935
"8179_2",0.003608
"10602_8",0.982474
"10509_8",0.992274
"7346_3",0.001658
"2663_1",0.000706
"1342_2",0.329311
"5714_4",0.001399
"9669_10",0.986244
"6038_3",0.034197
"11957_10",0.990140
"750_2",0.001604
"12386_10",0.885780
"7178_1",0.000736
"8070_8",0.991828
"8993_1",0.000641
"1178_4",0.006771
"10457_8",0.994584
"5287_1",0.000812
"3098_8",0.983101
"3505_8",0.992481
"10271_1",0.017661
"4354_3",0.000871
"4817_1",0.002918
"11313_1",0.001026
"9023_10",0.991571
"8404_1",0.001573
"11847_1",0.001059
"5374_9",0.992781
"1009_8",0.994292
"4197_1",0.000489
"10803_9",0.992334
"6609_9",0.985622
"519_1",0.000838
"7675_3",0.001546
"10204_10",0.988906
"10565_1",0.005969
"1641_1",0.001262
"11170_10",0.992892
"451_2",0.001498
"4526_7",0.573350
"5639_9",0.993136
"5642_1",0.000747
"9159_3",0.993661
"11173_10",0.986178
"10772_10",0.986777
"11172_10",0.994531
"10213_4",0.276397
"11256_9",0.992988
"5863_1",0.000834
"5125_1",0.001078
"5624_10",0.987104
"10355_10",0.017763
"6623_1",0.000799
"3674_1",0.000559
"540_8",0.974435
"5202_10",0.993320
"9644_10",0.989347
"4780_1",0.001084
"2002_9",0.042009
"7228_10",0.994800
"4036_2",0.000592
"9925_9",0.983247
"1137_10",0.994043
"5679_1",0.001120
"9162_2",0.000590
"2849_3",0.000764
"3546_4",0.000671
"7164_1",0.000619
"1749_10",0.985677
"11988_2",0.001772
"365_10",0.990910
"7340_10",0.989234
"1543_3",0.002411
"6008_2",0.001487
"2230_4",0.002296
"10105_3",0.000647
"5443_1",0.000839
"5024_1",0.001145
"5630_8",0.988712
"7603_10",0.993002
"12205_10",0.883034
"5910_7",0.992423
"7006_8",0.988745
"3287_10",0.990310
"3136_1",0.000586
"6547_4",0.065306
"9329_1",0.000918
"1679_10",0.994157
"1659_7",0.986777
"2015_1",0.001097
"5236_1",0.001930
"2201_2",0.000968
"6026_3",0.014010
"12093_8",0.985814
"11394_10",0.976869
"9512_1",0.000796
"8401_3",0.002174
"5239_8",0.994314
"5018_10",0.994100
"38_8",0.994790
"2968_7",0.770465
"5359_3",0.000839
"10419_4",0.675136
"1551_4",0.014532
"11346_1",0.000936
"809_1",0.000751
"9823_4",0.019947
"10125_8",0.991668
"8819_10",0.994509
"9038_4",0.002043
"1968_1",0.003622
"6642_2",0.000558
"9015_10",0.993410
"12198_2",0.000947
"2758_9",0.984231
"9206_3",0.001200
"4370_7",0.972178
"1985_2",0.000890
"3031_7",0.987794
"10172_1",0.000848
"4527_1",0.000594
"5458_9",0.990422
"6534_1",0.000742
"4347_1",0.000689
"11152_10",0.988108
"9238_3",0.961498
"6161_8",0.994667
"2299_1",0.000680
"1133_1",0.010673
"11774_3",0.002516
"1095_2",0.001170
"11311_10",0.985855
"1126_1",0.000557
"2385_9",0.994688
"10710_10",0.988569
"10106_1",0.000591
"3363_1",0.001186
"11480_10",0.994456
"5183_1",0.000651
"7100_7",0.983343
"752_10",0.986904
"11958_8",0.986777
"2518_1",0.004664
"4744_9",0.492249
"53_7",0.986954
"12289_1",0.045649
"9239_4",0.006501
"8758_10",0.992795
"9050_9",0.987399
"10390_7",0.994214
"11780_8",0.882276
"9518_1",0.000712
"3442_1",0.001075
"6316_9",0.993612
"2826_9",0.993771
"5908_10",0.994541
"3720_7",0.987326
"8481_1",0.000874
"1188_10",0.994770
"2784_10",0.993216
"12352_3",0.145115
"1771_10",0.987806
"5255_1",0.572641
"328_4",0.419280
"313_10",0.986350
"10530_1",0.000763
"4866_7",0.981507
"8936_1",0.000558
"10029_10",0.987652
"12383_10",0.978774
"1922_1",0.000863
"3012_7",0.404713
"11593_3",0.007969
"8661_1",0.001086
"10457_1",0.002278
"8074_4",0.994054
"11993_10",0.311322
"6_7",0.992334
"2542_9",0.992865
"11454_3",0.002200
"6776_4",0.984855
"9466_1",0.300130
"11100_4",0.002305
"6429_10",0.986649
"11218_3",0.189972
"8310_1",0.001598
"7432_4",0.024822
"10115_1",0.010798
"11127_7",0.989013
"3306_2",0.002477
"6998_7",0.963678
"12166_2",0.000815
"7792_10",0.993524
"9250_1",0.000715
"3351_7",0.987818
"3350_8",0.993015
"2393_3",0.034197
"5473_3",0.001294
"73_4",0.009376
"1504_1",0.000522
"10317_10",0.993397
"5795_1",0.001247
"1511_9",0.977671
"2537_2",0.001282
"8010_4",0.000649
"1616_3",0.003154
"4332_2",0.001988
"8499_1",0.000874
"1636_8",0.984738
"7752_3",0.003787
"5848_7",0.955569
"5370_2",0.010550
"10600_10",0.993771
"5501_3",0.000991
"9948_7",0.986416
"10683_4",0.075380
"10013_4",0.058723
"11704_2",0.004434
"431_9",0.993926
"11855_10",0.989491
"2671_7",0.980224
"5831_2",0.001202
"7920_10",0.986942
"276_1",0.001570
"6245_2",0.020725
"89_3",0.002444
"7871_1",0.000592
"1707_1",0.000491
"6640_1",0.000644
"723_10",0.994112
"11391_1",0.001051
"3534_3",0.000624
"10449_10",0.993015
"180_10",0.994719
"5128_1",0.001681
"471_10",0.994626
"2341_10",0.993996
"3204_7",0.231093
"1818_10",0.993461
"4489_10",0.987092
"12034_10",0.985186
"11264_10",0.993843
"8077_7",0.979707
"12206_10",0.305892
"11549_3",0.001002
"8993_10",0.989860
"1937_4",0.005533
"7778_3",0.020216
"9714_9",0.433899
"7219_4",0.001607
"6518_4",0.000687
"8421_10",0.988917
"10563_2",0.002561
"2527_9",0.994605
"11147_10",0.993333
"832_7",0.980394
"8972_7",0.247760
"2311_9",0.993474
"6794_1",0.001279
"1769_10",0.993029
"11130_1",0.002200
"8331_3",0.001419
"5564_10",0.949716
"2594_10",0.991684
"11037_1",0.000650
"6679_9",0.981436
"419_4",0.002975
"2635_10",0.991187
"4436_4",0.049359
"10972_1",0.000955
"708_3",0.936634
"9113_1",0.000584
"1438_9",0.993255
"2048_4",0.000722
"4488_10",0.982014
"7889_3",0.010902
"11498_9",0.994739
"8780_1",0.114715
"2036_7",0.981113
"1861_1",0.088583
"581_4",0.027092
"9253_10",0.992781
"977_4",0.755050
"5693_7",0.986828
"6515_9",0.994434
"9378_1",0.001112
"6695_2",0.001053
"8507_1",0.000940
"829_2",0.000676
"11023_8",0.993985
"70_1",0.003299
"3669_8",0.991748
"10033_8",0.992739
"9158_4",0.002221
"817_1",0.001067
"4679_1",0.000580
"8133_4",0.010881
"3531_1",0.000742
"10742_1",0.000890
"5579_3",0.002975
"9041_1",0.000972
"4938_1",0.000615
"4246_9",0.970437
"4275_9",0.989066
"6819_3",0.000653
"6327_7",0.986442
"6101_10",0.989460
"11852_2",0.000541
"10252_10",0.984767
"4348_8",0.992379
"5328_4",0.001343
"11964_9",0.987946
"8634_1",0.007651
"3702_8",0.994146
"1677_2",0.007053
"5907_1",0.001458
"8432_10",0.987841
"3570_3",0.886764
"9624_10",0.991716
"11466_4",0.006706
"9062_10",0.989531
"12336_1",0.000822
"3476_1",0.002571
"7033_2",0.000784
"2660_3",0.002149
"741_1",0.000719
"11490_1",0.002468
"6580_7",0.991084
"1807_3",0.003657
"4785_1",0.000640
"6319_10",0.988347
"4437_8",0.988971
"3533_10",0.994135
"12119_3",0.001589
"151_8",0.989801
"7829_7",0.920039
"5497_1",0.000766
"7477_10",0.993807
"5879_10",0.989275
"8068_10",0.994169
"7989_3",0.985000
"8480_10",0.989378
"10352_10",0.993083
"120_2",0.001167
"10135_3",0.018107
"8091_1",0.000772
"8505_8",0.987652
"3282_1",0.001661
"11570_10",0.990044
"11052_8",0.985482
"5549_10",0.994563
"3891_8",0.993281
"3537_9",0.993163
"8503_3",0.125065
"3995_4",0.054199
"10979_3",0.001343
"11681_1",0.056185
"536_7",0.993636
"11739_8",0.994100
"6951_10",0.994760
"6210_2",0.000754
"1449_4",0.408848
"11860_10",0.993268
"11149_8",0.994380
"4021_7",0.985482
"5104_3",0.010130
"2989_3",0.000618
"10112_10",0.990839
"6718_1",0.000519
"7654_4",0.195825
"9481_10",0.992000
"7984_2",0.000665
"1348_8",0.991187
"11079_8",0.974043
"9554_10",0.991255
"8617_8",0.994552
"315_8",0.989662
"6085_8",0.988380
"1823_9",0.989223
"3208_10",0.990927
"924_4",0.003552
"6479_10",0.989938
"7017_10",0.993242
"8595_4",0.021906
"4532_10",0.990140
"5145_4",0.051942
"2358_7",0.975739
"11151_4",0.003292
"10238_7",0.980821
"564_9",0.029648
"4054_10",0.994605
"8852_9",0.993346
"10137_10",0.994112
"7014_3",0.001287
"1533_4",0.001402
"8257_2",0.106970
"8719_8",0.988222
"5041_1",0.002823
"1469_9",0.993448
"11726_3",0.000795
"2002_1",0.000668
"12293_3",0.001367
"3672_1",0.000601
"11110_10",0.989996
"3931_1",0.001567
"6972_1",0.006004
"10186_1",0.000836
"9265_3",0.001167
"7412_3",0.002736
"5427_2",0.000764
"5006_4",0.002310
"3199_1",0.000772
"6256_8",0.521563
"418_9",0.992837
"8834_9",0.985314
"5093_10",0.994573
"3190_2",0.000647
"12360_4",0.000669
"9477_1",0.000849
"6085_1",0.000559
"7773_10",0.992289
"255_4",0.188026
"1661_1",0.000637
"1627_10",0.994488
"9204_2",0.001044
"3704_8",0.976378
"11898_9",0.994563
"1137_1",0.002023
"101_9",0.977841
"1142_1",0.000890
"5314_8",0.993423
"10932_4",0.000611
"9639_2",0.012723
"12125_7",0.993474
"10998_1",0.000751
"5186_7",0.983470
"10340_1",0.007651
"7419_8",0.983470
"6929_3",0.002642
"7238_4",0.001262
"10869_7",0.983894
"4106_1",0.000615
"6589_2",0.854035
"9619_7",0.992739
"7116_4",0.068787
"8889_1",0.000544
"3901_9",0.993985
"7052_7",0.975437
"6439_1",0.000922
"5309_1",0.001002
"4515_3",0.003057
"3029_4",0.002601
"10310_1",0.000634
"12350_10",0.988380
"532_8",0.985524
"11145_8",0.982288
"75_10",0.991272
"6137_3",0.001078
"1637_2",0.001230
"12327_10",0.990197
"2177_7",0.988108
"1879_1",0.000883
"8745_2",0.000773
"3099_8",0.989830
"7354_4",0.000751
"10103_1",0.000685
"3296_10",0.994169
"8494_9",0.994467
"3423_4",0.014323
"7609_8",0.002806
"4265_10",0.990404
"1872_7",0.498840
"10987_10",0.990478
"2849_7",0.985538
"628_1",0.001016
"1391_1",0.000736
"7456_1",0.000568
"12150_1",0.000680
"7718_9",0.993673
"5787_3",0.033780
"12162_8",0.988165
"11670_7",0.976401
"1784_8",0.985746
"7483_8",0.982203
"9564_9",0.982691
"10832_9",0.978895
"12230_1",0.000555
"2291_8",0.994358
"8416_3",0.033621
"9486_10",0.993891
"8153_10",0.994157
"5164_10",0.987472
"6347_8",0.993612
"7773_2",0.002449
"12215_1",0.000574
"10039_8",0.921605
"9803_9",0.994043
"1589_1",0.001310
"1615_9",0.994157
"119_3",0.000692
"623_8",0.993083
"10427_1",0.000655
"11697_4",0.014365
"6168_2",0.000775
"2658_3",0.012649
"1841_4",0.001386
"10572_1",0.001118
"6964_8",0.542803
"5172_1",0.000995
"989_7",0.065545
"159_10",0.989409
"5240_1",0.001233
"11777_1",0.000654
"8350_3",0.000650
"2565_1",0.000595
"7694_10",0.987580
"7759_1",0.001803
"3003_4",0.005100
"7128_2",0.000579
"8147_4",0.021906
"6595_9",0.992795
"8949_3",0.084116
"9848_4",0.008031
"7496_8",0.988635
"11857_10",0.988062
"3237_1",0.001055
"5404_1",0.001016
"10699_8",0.973368
"6138_4",0.023331
"909_4",0.078926
"11833_10",0.994646
"11817_10",0.989889
"171_2",0.041931
"2517_7",0.974580
"10307_7",0.014560
"370_2",0.016482
"5995_8",0.992597
"4612_1",0.000983
"6561_8",0.741089
"7454_1",0.000679
"2951_2",0.000656
"8860_1",0.002213
"411_3",0.000806
"664_3",0.000736
"4345_10",0.985100
"4452_1",0.004382
"2833_2",0.000574
"10374_3",0.093099
"9322_1",0.000750
"9923_3",0.001564
"8687_3",0.001992
"7567_9",0.984456
"137_3",0.001226
"7872_1",0.000585
"6968_4",0.056288
"1540_10",0.989501
"9157_10",0.990857
"4102_10",0.990025
"6645_1",0.001330
"7630_10",0.360095
"3958_9",0.983707
"11437_9",0.989967
"6982_1",0.004746
"4870_2",0.008678
"3545_7",0.991652
"204_1",0.000539
"6844_10",0.992988
"4736_1",0.000619
"9120_9",0.992906
"1608_1",0.004007
"1251_10",0.994434
"12315_10",0.983182
"11754_10",0.994708
"2399_3",0.011442
"11499_8",0.985510
"3870_10",0.986879
"5503_10",0.993423
"4045_10",0.990140
"3063_1",0.000601
"10914_7",0.561786
"8509_10",0.988335
"5872_1",0.001034
"5729_4",0.001839
"10865_2",0.000714
"10218_4",0.184253
"2096_4",0.950686
"11344_1",0.000866
"10623_2",0.002834
"11241_10",0.977735
"7254_2",0.015218
"7892_1",0.000604
"3472_8",0.979413
"11637_4",0.012723
"11853_9",0.993255
"1096_7",0.994336
"8508_3",0.144089
"9400_10",0.988425
"1128_10",0.988165
"5989_10",0.994677
"8021_1",0.000653
"7860_10",0.989602
"1131_10",0.993549
"5589_1",0.001082
"5662_8",0.989491
"2161_7",0.987616
"323_10",0.989378
"2431_1",0.001481
"10147_7",0.992525
"2956_7",0.986828
"12005_3",0.352118
"477_2",0.001765
"202_9",0.989996
"5710_10",0.994531
"2262_7",0.989347
"7103_8",0.970909
"10237_3",0.008661
"12151_1",0.000608
"7485_2",0.003566
"2438_10",0.994292
"4069_2",0.000650
"5593_2",0.000546
"11163_1",0.017883
"6754_10",0.993216
"9147_2",0.002162
"9614_10",0.982524
"4427_7",0.987265
"1382_1",0.000849
"11132_7",0.644701
"6371_3",0.083965
"11221_4",0.007403
"10071_2",0.000958
"4936_2",0.000897
"1797_3",0.468943
"6692_4",0.056236
"5816_1",0.003383
"6163_2",0.000647
"2042_8",0.991652
"856_3",0.001114
"1233_10",0.994552
"9537_10",0.994100
"9504_9",0.988602
"788_10",0.992364
"3399_8",0.994123
"7142_4",0.000478
"10371_4",0.183887
"760_7",0.988096
"3614_10",0.992349
"3314_1",0.004610
"3447_10",0.986917
"12240_10",0.886125
"10083_10",0.993562
"9936_10",0.984094
"7651_10",0.993673
"1470_1",0.001444
"2703_7",0.987640
"5637_10",0.989541
"6102_1",0.002482
"8991_8",0.989642
"9606_10",0.990696
"10568_4",0.002941
"7126_10",0.983723
"4203_10",0.988547
"4486_2",0.000735
"3408_9",0.994043
"2867_8",0.993636
"7338_8",0.988050
"8065_4",0.003010
"2510_3",0.001904
"2110_7",0.954520
"4097_4",0.001555
"7484_8",0.781164
"5789_10",0.984246
"8070_2",0.000957
"867_2",0.009578
"1364_3",0.003416
"10654_2",0.000770
"12417_4",0.206494
"10470_10",0.989909
"6544_10",0.949059
"8904_8",0.983375
"10282_2",0.050424
"497_9",0.994594
"2659_10",0.993747
"9609_7",0.990997
"3010_3",0.001744
"9134_1",0.001356
"8990_1",0.000991
"6960_4",0.151529
"9566_9",0.988358
"7923_4",0.000962
"4542_10",0.990927
"7185_3",0.000878
"1918_10",0.993783
"2316_8",0.980413
"5846_10",0.986205
"1023_10",0.991170
"7141_7",0.992920
"3724_10",0.990083
"3617_2",0.000642
"7095_1",0.000612
"12201_10",0.993783
"10309_2",0.214198
"5584_8",0.993307
"2063_10",0.986071
"10874_1",0.000719
"4084_2",0.000699
"2765_1",0.000677
"11390_3",0.010550
"4676_1",0.001149
"2130_7",0.037503
"12032_7",0.014928
"9671_3",0.000892
"816_7",0.987302
"11320_8",0.980858
"1458_8",0.988646
"1938_7",0.989108
"2861_8",0.982389
"5768_9",0.538194
"5049_9",0.991118
"8083_1",0.285322
"4825_1",0.000922
"1740_9",0.989213
"3034_10",0.981840
"9977_7",0.992767
"8459_10",0.991356
"1103_10",0.978281
"3783_10",0.988245
"754_2",0.003450
"5580_10",0.993599
"3472_2",0.000545
"2640_3",0.002047
"5400_2",0.001149
"5881_10",0.991272
"10970_4",0.807726
"8842_1",0.000664
"5336_8",0.987203
"1398_1",0.002806
"12310_10",0.991255
"6012_8",0.918297
"1508_7",0.485112
"2981_8",0.992597
"576_8",0.993855
"9683_7",0.977778
"10336_1",0.001469
"3345_3",0.212722
"7683_7",0.983295
"6366_9",0.993110
"6741_9",0.994900
"11396_2",0.000744
"4964_10",0.993996
"12285_10",0.994423
"11018_9",0.994066
"3902_9",0.992274
"4147_8",0.982674
"1748_10",0.988503
"10084_3",0.151467
"3265_7",0.976197
"6160_1",0.000826
"2984_10",0.988928
"1305_1",0.000548
"9075_4",0.981113
"11710_7",0.987042
"2443_10",0.994123
"938_10",0.987640
"1392_7",0.286518
"10406_8",0.970771
"4302_7",0.983327
"2836_8",0.988268
"2365_3",0.003112
"98_1",0.001238
"8325_10",0.992597
"300_9",0.990624
"7667_1",0.978834
"4313_10",0.986297
"12450_3",0.007846
"8582_1",0.001136
"11325_9",0.947088
"8482_1",0.000606
"7304_8",0.993843
"9439_1",0.000513
"2656_10",0.988391
"4306_3",0.000623
"10079_1",0.000667
"11172_1",0.000809
"6095_9",0.990945
"5698_1",0.000663
"35_1",0.002047
"6043_3",0.002314
"2261_1",0.001623
"4784_10",0.985215
"10936_7",0.510985
"5316_10",0.994089
"8361_8",0.979590
"10373_2",0.004691
"500_10",0.994467
"371_4",0.115411
"3434_4",0.000949
"3654_2",0.000656
"11280_2",0.002507
"6542_9",0.993599
"10313_10",0.991844
"7267_1",0.009917
"11897_3",0.002993
"7321_2",0.000561
"1516_7",0.976736
"1640_1",0.000960
"9456_10",0.987092
"2769_10",0.989672
"6280_7",0.991587
"12399_10",0.993110
"6206_7",0.991439
"8836_4",0.155015
"5254_9",0.994100
"10903_1",0.000697
"3966_10",0.990569
"4048_10",0.994214
"1528_9",0.992753
"6219_10",0.989368
"8280_4",0.009126
"7974_10",0.726668
"6956_8",0.989572
"5975_10",0.990551
"6759_10",0.992047
"963_2",0.000634
"12158_10",0.990533
"148_1",0.108425
"8831_1",0.147310
"11556_9",0.975507
"9038_10",0.993795
"4421_10",0.993574
"5236_8",0.983455
"3753_10",0.988154
"9334_3",0.036528
"2444_4",0.010591
"2890_3",0.002890
"9132_9",0.988458
"11413_10",0.993574
"3424_4",0.025492
"1258_3",0.001741
"5277_10",0.993123
"706_10",0.991373
"3527_10",0.992879
"4081_9",0.987841
"3895_2",0.001110
"11528_2",0.000812
"7285_9",0.994247
"12339_7",0.989409
"729_1",0.001744
"6291_1",0.001655
"12296_9",0.975507
"5913_10",0.991636
"7770_10",0.994552
"9546_2",0.001383
"2383_4",0.973620
"6802_7",0.994413
"5445_2",0.006241
"687_3",0.001383
"9982_8",0.994281
"11830_10",0.710126
"4271_1",0.000823
"7279_10",0.994358
"1599_7",0.039195
"10880_10",0.993574
"2838_10",0.993069
"4234_9",0.990140
"7674_2",0.003337
"6156_8",0.991844
"11657_4",0.000841
"11738_2",0.003416
"11962_8",0.982339
"10966_8",0.983878
"6421_1",0.000681
"1476_3",0.000594
"7022_8",0.993649
"11500_8",0.992123
"6263_2",0.000625
"8989_9",0.953966
"2395_9",0.994031
"9311_1",0.000892
"6386_4",0.000707
"91_4",0.079210
"3759_3",0.001370
"11766_2",0.031262
"11290_7",0.944125
"5627_3",0.002561
"3278_1",0.000784
"9682_9",0.986271
"11894_1",0.000563
"10387_9",0.989275
"884_8",0.993474
"8408_2",0.000812
"5772_2",0.061933
"11422_1",0.000764
"9709_1",0.001579
"701_8",0.993747
"2721_8",0.988391
"4875_3",0.001367
"6356_1",0.000531
"7446_3",0.002673
"2440_4",0.014560
"9732_1",0.000769
"9109_10",0.987351
"7578_2",0.027954
"11017_8",0.986337
"12498_1",0.000767
"4942_2",0.000818
"4939_10",0.987688
"8451_4",0.023198
"6274_1",0.000785
"11635_4",0.001380
"8931_1",0.000649
"109_4",0.075109
"11744_7",0.988906
"5351_4",0.344526
"1120_9",0.994719
"10494_2",0.000806
"5317_10",0.994336
"6139_2",0.002128
"12322_8",0.993771
"11239_3",0.000983
"4815_7",0.985977
"11979_10",0.979255
"254_10",0.991812
"10286_3",0.000793
"6457_10",0.987604
"4662_8",0.980931
"6298_4",0.007332
"2704_4",0.648313
"11313_10",0.994180
"187_10",0.989561
"1166_1",0.000576
"12126_3",0.000651
"1813_9",0.988668
"6282_10",0.993123
"10525_7",0.992809
"8887_1",0.002153
"11605_7",0.007816
"6533_1",0.000864
"1210_8",0.986058
"11904_8",0.993795
"10659_10",0.993524
"7004_4",0.003267
"10260_10",0.994520
"11997_7",0.169543
"7850_4",0.042962
"2085_3",0.002987
"11839_1",0.000899
"419_9",0.992668
"4157_10",0.988657
"8253_8",0.987302
"11268_2",0.000861
"12119_10",0.988108
"10259_10",0.102934
"978_1",0.001466
"6848_4",0.001364
"9368_4",0.001717
"7863_9",0.985773
"4157_3",0.000571
"4184_10",0.985909
"2888_1",0.000721
"8073_4",0.003907
"1755_1",0.001610
"7688_2",0.007741
"5966_7",0.990216
"10673_9",0.993320
"4110_7",0.950778
"699_9",0.992988
"9240_2",0.001024
"3651_10",0.994520
"3933_7",0.984605
"2960_7",0.990980
"10664_1",0.000825
"358_9",0.981364
"11200_10",0.987993
"4471_8",0.985072
"11661_2",0.002369
"12304_1",0.001697
"2442_4",0.370966
"7134_9",0.993410
"4214_2",0.003477
"4869_8",0.986058
"6372_1",0.002477
"10236_4",0.054803
"12189_1",0.001576
"9715_8",0.988668
"5751_10",0.992139
"166_7",0.986992
"11889_2",0.001262
"5098_1",0.042603
"8126_7",0.990786
"9302_7",0.983455
"10430_10",0.986815
"445_9",0.993783
"4550_10",0.989066
"10995_10",0.993710
"7154_1",0.000736
"3983_3",0.030243
"1446_9",0.989171
"865_10",0.985510
"3012_1",0.000922
"3562_3",0.015937
"2551_1",0.000579
"6440_1",0.001996
"10241_10",0.994780
"1542_7",0.200714
"1405_2",0.001002
"11835_10",0.989450
"4023_3",0.000691
"1287_1",0.000607
"11059_2",0.002482
"2583_8",0.986218
"1550_2",0.001957
"11382_3",0.000647
"5567_10",0.994325
"11033_1",0.000642
"5543_1",0.000658
"8631_10",0.993294
"10871_1",0.000642
"6955_9",0.994225
"6254_4",0.003679
"2179_4",0.017426
"7559_8",0.992961
"12431_8",0.993333
"279_10",0.992725
"2127_8",0.994959
"3803_10",0.983660
"12200_1",0.000641
"3480_9",0.989045
"5156_8",0.989171
"1718_2",0.000817
"12145_9",0.989602
"1560_4",0.962813
"11646_1",0.000949
"10378_4",0.006476
"8281_3",0.000787
"10393_9",0.983263
"1402_4",0.086787
"3958_4",0.009055
"3676_1",0.000617
"3709_1",0.000598
"10668_7",0.949995
"11972_1",0.000729
"4842_1",0.000688
"1889_8",0.990839
"3990_1",0.000708
"6467_7",0.986853
"5928_4",0.031292
"4639_10",0.981185
"4748_8",0.994698
"5417_10",0.992795
"2351_4",0.008332
"4365_1",0.000667
"3591_2",0.000826
"5914_10",0.990962
"8099_2",0.001218
"5510_1",0.000734
"314_10",0.990422
"8544_10",0.990910
"3799_1",0.001397
"5650_2",0.000621
"1646_7",0.969353
"11586_9",0.994380
"2389_9",0.994626
"908_3",0.032314
"654_9",0.990997
"6323_9",0.988679
"3014_7",0.990533
"11312_9",0.989732
"5457_3",0.000826
"6071_3",0.001832
"12459_1",0.000747
"8639_4",0.000863
"3600_8",0.991204
"9052_3",0.030243
"528_1",0.000628
"7692_1",0.013584
"6885_3",0.003773
"11395_4",0.190122
"11763_1",0.010530
"3631_1",0.000624
"4296_3",0.000873
"4810_3",0.001228
"6660_2",0.000617
"850_7",0.993397
"6731_10",0.993242
"12129_1",0.000679
"11525_7",0.993423
"5782_10",0.986416
"4613_2",0.000601
"4460_8",0.985510
"2992_10",0.988199
"570_9",0.989275
"5908_4",0.011869
"4677_4",0.001821
"5791_10",0.992865
"5718_10",0.994123
"12453_10",0.986803
"8364_8",0.977862
"7761_10",0.988324
"3459_1",0.001030
"9169_1",0.001145
"12022_2",0.038394
"10869_1",0.000712
"4997_1",0.000599
"2430_8",0.474844
"5011_4",0.002341
"3011_1",0.001127
"8425_3",0.001170
"6517_8",0.993636
"9300_9",0.988690
"840_8",0.987676
"2662_10",0.986904
"2724_1",0.001549
"5654_10",0.984321
"5574_10",0.994054
"5606_3",0.000761
"7717_8",0.987117
"11202_10",0.992809
"6889_10",0.994509
"3712_10",0.994423
"3042_3",0.001984
"7858_8",0.987865
"4902_8",0.989034
"11885_1",0.001267
"7582_1",0.000580
"8450_7",0.971456
"9368_9",0.989582
"7616_8",0.994292
"4443_3",0.495941
"2344_1",0.000567
"11861_9",0.985496
"7738_8",0.994247
"327_10",0.990083
"8175_4",0.005512
"10189_10",0.993636
"8691_1",0.000604
"12236_2",0.000605
"7341_3",0.017243
"3261_1",0.004134
"8809_4",0.002850
"3735_3",0.001061
"9339_8",0.966976
"8242_4",0.055875
"6787_4",0.060418
"4379_4",0.001008
"5967_4",0.049959
"5568_8",0.982558
"4579_4",0.017013
"7066_1",0.001014
"12323_1",0.000692
"2673_9",0.973190
"2639_7",0.991522
"8323_10",0.985440
"246_10",0.989286
"653_1",0.005051
"2407_1",0.001782
"2795_1",0.000594
"11793_4",0.940463
"2848_4",0.003173
"6040_4",0.012007
"9388_2",0.002208
"909_10",0.992244
"2567_2",0.042642
"4473_8",0.992626
"4451_3",0.004207
"10296_1",0.138113
"5111_7",0.270191
"8281_9",0.993938
"4957_8",0.972493
"8249_1",0.562567
"1572_3",0.000968
"5718_2",0.003204
"5959_3",0.001160
"3013_9",0.986954
"3544_1",0.000722
"11250_10",0.991969
"5162_9",0.983769
"8872_9",0.993996
"11122_8",0.992364
"991_4",0.002521
"6322_9",0.988799
"7065_8",0.976625
"9704_7",0.976691
"4317_9",0.983502
"11622_10",0.994303
"10725_7",0.990551
"6549_1",0.001026
"9062_3",0.017177
"10253_7",0.988745
"4035_9",0.991554
"5437_1",0.002795
"1779_1",0.000663
"8740_2",0.000673
"10175_7",0.990980
"5331_4",0.002071
"9506_3",0.001620
"11199_4",0.001452
"9948_2",0.000699
"252_9",0.988369
"1094_3",0.002392
"9145_3",0.005911
"506_8",0.993015
"7126_1",0.000609
"3317_1",0.000977
"11439_4",0.001800
"6583_1",0.000793
"2805_8",0.993926
"1841_10",0.993843
"2698_3",0.034848
"6956_4",0.008594
"7664_8",0.546224
"97_1",0.000671
"4588_9",0.352954
"5220_1",0.000625
"45_2",0.002541
"5812_4",0.065965
"6625_8",0.798383
"2816_9",0.699652
"11463_1",0.001430
"158_9",0.989996
"6633_1",0.000629
"1184_10",0.533094
"3967_1",0.005281
"6653_7",0.355579
"6093_1",0.000906
"2932_7",0.168446
"1522_1",0.000662
"2529_1",0.029704
"1475_1",0.001002
"2027_8",0.992554
"1854_1",0.001262
"6269_10",0.989771
"2184_7",0.982423
"4923_3",0.025107
"10827_9",0.994391
"10885_10",0.992539
"3281_1",0.000801
"1468_7",0.971211
"104_1",0.000856
"3898_3",0.001558
"10973_7",0.991907
"8900_7",0.992711
"10735_1",0.001727
"4992_1",0.000606
"368_8",0.993423
"6709_4",0.000717
"10453_1",0.000653
"139_4",0.331769
"12079_1",0.000725
"7001_4",0.006109
"10533_3",0.317982
"2307_8",0.991684
"7241_9",0.988256
"7717_3",0.001391
"6223_2",0.000888
"9500_2",0.000660
"669_10",0.974556
"1596_3",0.166743
"3576_7",0.960694
"8263_8",0.989378
"6832_4",0.009286
"5158_9",0.987338
"5899_10",0.988810
"5794_4",0.010798
"8854_10",0.988668
"11036_7",0.197754
"8803_3",0.152600
"5733_4",0.003795
"5268_10",0.988414
"12297_2",0.001131
"6862_1",0.021677
"5515_3",0.002112
"3382_10",0.994749
"6738_2",0.000604
"3832_1",0.001330
"10210_7",0.984767
"12080_3",0.124160
"7748_2",0.000833
"4788_1",0.989244
"182_10",0.993636
"4478_4",0.001668
"6544_1",0.000781
"2705_7",0.985143
"10334_1",0.000576
"10374_10",0.993096
"2031_1",0.000548
"4671_7",0.991954
"6231_9",0.983816
"9077_3",0.000712
"6381_1",0.001172
"216_2",0.000940
"9956_4",0.930078
"10882_9",0.188175
"6192_10",0.990102
"10442_8",0.994157
"3199_10",0.991796
"7649_3",0.005664
"1793_9",0.988154
"7987_1",0.003010
"1678_1",0.004460
"8176_4",0.001623
"4674_2",0.001138
"5751_3",0.041579
"6904_9",0.989692
"8869_1",0.000649
"6844_2",0.000936
"8744_2",0.001065
"5430_3",0.013274
"1556_9",0.988613
"10830_9",0.989150
"5642_8",0.988347
"3337_1",0.002265
"5339_1",0.000734
"9198_1",0.000735
"5759_10",0.993512
"10632_9",0.987676
"2067_9",0.988701
"3442_10",0.988492
"3341_4",0.010756
"9055_4",0.057918
"5793_8",0.983676
"896_8",0.981113
"1804_2",0.000769
"1134_8",0.988492
"5532_8",0.969382
"2453_9",0.993926
"8113_2",0.001131
"12046_10",0.994369
"11873_8",0.983597
"4525_8",0.987556
"10377_2",0.012077
"2008_1",0.000712
"10288_1",0.001522
"1083_7",0.195517
"2415_2",0.022307
"6688_9",0.993710
"4448_9",0.992062
"9407_10",0.993461
"3976_4",0.208098
"3930_8",0.993372
"3950_10",0.985841
"5645_3",0.004062
"6064_9",0.994270
"8064_1",0.000792
"3643_1",0.000664
"10321_1",0.000577
"5858_1",0.065068
"8535_9",0.993083
"3643_7",0.166404
"10041_1",0.000590
"11014_10",0.922482
"11776_4",0.001455
"8227_7",0.987338
"11445_8",0.991272
"8756_10",0.987375
"9328_10",0.991891
"11734_10",0.988928
"10118_1",0.000785
"9690_2",0.018564
"7713_8",0.990064
"545_7",0.987042
"10603_8",0.987544
"5925_9",0.986675
"3105_1",0.000588
"10134_4",0.016215
"6354_2",0.028167
"9866_2",0.016785
"7553_10",0.989850
"11324_2",0.008594
"10532_1",0.001040
"439_1",0.000620
"11265_10",0.994303
"6568_8",0.992865
"9218_3",0.001800
"1939_2",0.000927
"4215_7",0.991221
"9968_10",0.993973
"12022_10",0.491669
"897_8",0.047470
"7129_8",0.992525
"7414_4",0.002430
"8118_9",0.990678
"6179_4",0.001359
"10124_8",0.991187
"7379_7",0.983247
"1075_9",0.994214
"2594_3",0.000818
"11482_4",0.005501
"7675_10",0.985143
"3127_8",0.993123
"7440_10",0.994203
"10215_10",0.992077
"5098_10",0.993015
"10534_2",0.000632
"12364_7",0.522415
"5191_1",0.000520
"4179_9",0.982840
"1433_3",0.000844
"12177_8",0.991187
"9519_8",0.992184
"5781_7",0.368108
"10031_8",0.988154
"2631_4",0.000614
"195_4",0.979881
"11432_7",0.986598
"3952_10",0.993926
"5805_2",0.000767
"5555_10",0.992077
"7161_4",0.037362
"1399_1",0.013096
"8332_3",0.001875
"2132_2",0.013849
"12031_1",0.002581
"8480_1",0.000645
"11103_4",0.001882
"12124_3",0.001312
"12072_9",0.994225
"9371_9",0.239394
"2144_4",0.001279
"5668_10",0.992229
"11790_10",0.994467
"6933_7",0.969900
"4932_10",0.993879
"216_10",0.978115
"5862_7",0.550758
"11669_3",0.001075
"7488_4",0.017476
"6402_10",0.991587
"3244_9",0.990892
"5108_7",0.473901
"10854_1",0.000881
"3404_10",0.994800
"4282_7",0.044556
"483_10",0.990121
"2110_4",0.004062
"6199_8",0.989140
"7942_10",0.988755
"314_2",0.000615
"6395_3",0.001796
"274_1",0.001022
"3421_2",0.001879
"4100_1",0.000717
"9232_1",0.003396
"7152_10",0.993938
"10721_7",0.990714
"3565_3",0.003953
"4223_1",0.000577
"3543_10",0.994270
"1256_7",0.985426
"6567_2",0.001001
"10658_9",0.987841
"1381_1",0.000815
"2591_1",0.000767
"4775_2",0.000977
"1743_8",0.585516
"3004_1",0.049866
"11712_7",0.040351
"2966_2",0.000839
"3139_1",0.000605
"989_4",0.001351
"2141_1",0.000748
"8224_1",0.000707
"10222_8",0.987544
"6540_1",0.000669
"7427_10",0.994636
"5519_1",0.233969
"945_2",0.001123
"3996_3",0.003900
"10202_9",0.994520
"1328_9",0.985896
"11425_2",0.001207
"1252_4",0.002710
"10086_1",0.011575
"3946_3",0.001073
"11834_8",0.984501
"10710_1",0.069858
"1858_8",0.992654
"1532_10",0.994467
"7082_10",0.974988
"9813_10",0.991423
"38_1",0.000582
"271_4",0.940517
"7184_1",0.000781
"11866_10",0.989140
"5983_1",0.000618
"5026_10",0.991668
"9030_1",0.001195
"11133_1",0.000604
"10130_2",0.000651
"8357_2",0.009214
"9824_1",0.000787
"7264_4",0.007741
"12449_2",0.001322
"1735_1",0.006958
"618_7",0.993397
"6421_7",0.975946
"6294_4",0.006376
"2174_2",0.001101
"5985_2",0.001090
"7121_10",0.979136
"7912_7",0.970013
"5015_1",0.000766
"6476_2",0.002526
"9954_8",0.992920
"10122_10",0.993474
"9334_9",0.981577
"11751_3",0.001579
"11607_7",0.988256
"11310_10",0.988712
"300_1",0.000680
"6520_4",0.001136
"6735_10",0.991049
"10008_8",0.987117
"7817_7",0.979413
"3634_10",0.994708
"5927_2",0.001151
"3414_3",0.000755
"12266_1",0.001413
"11276_7",0.975273
"5478_3",0.004839
"6992_1",0.001573
"8039_8",0.984767
"11491_4",0.370610
"7823_7",0.993985
"8662_9",0.988199
"9921_2",0.000999
"2058_9",0.990642
"3321_9",0.994043
"8634_7",0.145601
"2161_4",0.407455
"3441_9",0.988188
"10096_1",0.000523
"774_4",0.002136
"12086_9",0.985691
"1968_8",0.984094
"3269_1",0.000630
"2988_10",0.990292
"853_1",0.000639
"5303_10",0.988177
"11628_10",0.993612
"7772_2",0.000861
"2712_1",0.000684
"7362_4",0.001279
"3681_2",0.000779
"2066_1",0.000595
"7089_3",0.083591
"7393_10",0.985800
"7284_1",0.000861
"12199_7",0.976558
"3512_1",0.001059
"4349_2",0.000623
"11825_1",0.001158
"8351_3",0.001857
"467_3",0.001846
"2523_10",0.993150
"12078_8",0.992988
"1418_10",0.994391
"6552_10",0.992753
"10070_10",0.992031
"10031_2",0.006145
"7179_2",0.000739
"4533_1",0.003254
"11788_10",0.994667
"833_3",0.005292
"9777_1",0.000851
"6930_7",0.006451
"2310_10",0.991538
"2924_8",0.985759
"7252_10",0.993587
"10216_10",0.989491
"104_10",0.288118
"4283_4",0.004737
"6351_4",0.000751
"1272_4",0.005281
"11226_9",0.985286
"3342_10",0.989948
"3326_9",0.993110
"3541_8",0.989430
"8142_10",0.992289
"6491_10",0.992379
"2125_10",0.994445
"7008_10",0.988657
"5347_9",0.992108
"8420_9",0.993002
"10767_3",0.016340
"12094_1",0.000530
"11904_1",0.000796
"2635_1",0.000886
"4074_10",0.993524
"2470_1",0.172939
"5888_3",0.001800
"9164_4",0.013020
"11312_1",0.001235
"2588_3",0.001678
"9177_1",0.000646
"10361_9",0.994281
"9216_10",0.992865
"5754_3",0.001099
"12314_10",0.993649
"9044_3",0.087019
"5677_2",0.001513
"6664_4",0.003173
"2308_3",0.011823
"7377_3",0.930899
"9149_8",0.988458
"5244_3",0.001665
"10656_3",0.002699
"10885_1",0.000514
"4296_9",0.975785
"1770_2",0.028734
"4940_10",0.993436
"3984_10",0.985594
"2976_10",0.990404
"2767_1",0.000752
"11848_2",0.000615
"3096_10",0.986494
"9792_3",0.005100
"9785_10",0.020567
"10264_8",0.986271
"12277_7",0.985896
"8110_8",0.978343
"10396_8",0.987265
"3233_2",0.001589
"1903_1",0.001525
"4743_10",0.993499
"1417_9",0.986071
"2662_1",0.001051
"11231_4",0.973113
"9747_10",0.993636
"27_4",0.009784
"3310_2",0.006015
"3212_10",0.994477
"5608_3",0.000664
"1241_4",0.003504
"5543_7",0.978281
"7945_9",0.994112
"3705_7",0.987216
"1598_10",0.978976
"4273_10",0.994031
"5985_9",0.985800
"531_2",0.021166
"6744_7",0.987142
"10270_1",0.000831
"11199_9",0.993136
"9755_4",0.581660
"12080_10",0.993961
"5600_10",0.989013
"12216_10",0.987604
"10783_4",0.049681
"3307_1",0.000834
"10954_7",0.981806
"9959_4",0.009108
"10223_10",0.994325
"12130_1",0.993698
"11939_7",0.984351
"12318_10",0.987818
"6204_10",0.988874
"2927_9",0.457652
"2779_10",0.992654
"3661_1",0.000790
"9068_3",0.000645
"1970_2",0.003802
"7539_10",0.992597
"9241_3",0.000676
"9350_3",0.006290
"7885_8",0.994509
"1078_9",0.979374
"6062_2",0.002627
"1215_10",0.972960
"1561_3",0.004039
"2159_1",0.000886
"8637_10",0.993795
"8375_4",0.000822
"2864_1",0.000958
"186_9",0.988668
"1669_9",0.988624
"6936_9",0.986311
"7541_3",0.001897
"1515_7",0.196132
"5039_7",0.983470
"9269_1",0.000565
"4965_10",0.993255
"10028_3",0.019253
"3547_4",0.469338
"6070_10",0.992611
"11334_7",0.992823
"4980_7",0.241624
"5063_2",0.003267
"11637_8",0.987448
"310_1",0.001901
"9847_1",0.000776
"4433_9",0.988591
"4535_1",0.001632
"11209_10",0.987460
"242_3",0.088662
"6150_7",0.977306
"7499_2",0.000725
"10073_7",0.303138
"7352_3",0.004374
"6616_2",0.001546
"2148_1",0.000893
"322_1",0.001008
"638_1",0.000744
"3236_10",0.993722
"11913_7",0.989928
"7188_4",0.001020
"3999_2",0.001310
"1397_1",0.000626
"11768_8",0.993512
"10301_2",0.077308
"7486_10",0.986151
"7915_2",0.000644
"103_10",0.993661
"2249_1",0.069858
"11559_9",0.993710
"11374_4",0.000719
"7639_3",0.007275
"11922_3",0.000699
"6068_10",0.992879
"7681_3",0.959535
"3097_1",0.000574
"10233_3",0.001020
"9111_1",0.000754
"7240_2",0.000725
"10394_9",0.575200
"792_2",0.003160
"440_1",0.000535
"11141_1",0.000701
"7488_7",0.983613
"2731_4",0.050284
"11632_10",0.290100
"7577_3",0.001620
"12047_8",0.992697
"7055_8",0.989002
"394_9",0.988569
"777_2",0.001105
"6460_8",0.989741
"10412_2",0.001127
"9910_8",0.942612
"826_8",0.992481
"7381_1",0.000580
"1700_8",0.990803
"1131_2",0.002918
"6796_10",0.978031
"7084_8",0.993734
"5735_1",0.000767
"6290_7",0.985057
"10506_8",0.992452
"2276_8",0.988668
"6221_1",0.051606
"1404_4",0.244814
"1440_1",0.000775
"8199_9",0.994657
"1145_2",0.001156
"5546_4",0.079210
"816_3",0.571602
"10535_10",0.988613
"2_3",0.000739
"6735_1",0.000535
"2684_4",0.001048
"1765_10",0.978094
"4346_7",0.757077
"1157_9",0.016996
"4216_1",0.001623
"3937_8",0.993410
"11140_10",0.992906
"1635_1",0.001257
"4457_10",0.988256
"7250_8",0.986559
"3801_7",0.017883
"7892_10",0.979116
"11022_8",0.991505
"5856_7",0.021125
"345_7",0.981577
"10809_3",0.006985
"9474_4",0.002157
"5775_10",0.987117
"2845_3",0.003063
"1383_10",0.978733
"9171_7",0.986125
"10866_9",0.992823
"12161_8",0.986494
"9118_1",0.001761
"9122_8",0.988853
"5142_1",0.000583
"2798_9",0.991828
"2260_8",0.993448
"11677_10",0.992304
"2788_1",0.000537
"8896_8",0.986942
"7685_10",0.986572
"760_1",0.000920
"7811_4",0.016850
"1964_8",0.994708
"5059_10",0.986017
"4568_1",0.000949
"7475_1",0.000631
"11400_3",0.000718
"6082_3",0.000632
"7961_4",0.284974
"7502_8",0.990533
"11351_10",0.987544
"9851_8",0.986178
"1172_1",0.001176
"1815_10",0.991305
"6218_8",0.988536
"9628_9",0.971374
"2312_3",0.007346
"5014_10",0.990310
"7845_8",0.989119
"4468_9",0.988211
"2247_10",0.994325
"4408_10",0.994077
"2957_2",0.016122
"4716_1",0.000608
"9909_1",0.000873
"8611_1",0.000504
"5055_10",0.991356
"5828_10",0.973869
"1147_1",0.000744
"11716_10",0.082994
"5289_8",0.987782
"5566_10",0.992000
"3389_2",0.000803
"6169_4",0.000675
"12019_10",0.993807
"4136_7",0.861013
"2421_3",0.000809
"607_10",0.990102
"4084_8",0.989572
"7333_1",0.001069
"8208_7",0.975762
"2971_10",0.994203
"7508_1",0.000728
"988_8",0.992961
"1124_8",0.988222
"3658_10",0.990348
"5155_7",0.984124
"11362_2",0.002256
"8776_10",0.989830
"7294_10",0.992795
"10853_8",0.987876
"871_10",0.995008
"11513_1",0.000881
"5605_10",0.539908
"1235_8",0.986337
"623_2",0.000876
"1271_2",0.015425
"7590_7",0.986403
"5075_4",0.001223
"6175_4",0.006526
"10629_1",0.000654
"1474_7",0.983311
"9077_9",0.989791
"11630_7",0.934575
"11060_2",0.000662
"664_9",0.993636
"4778_10",0.993423
"3535_1",0.000696
"1130_1",0.000747
"10718_1",0.000546
"3334_1",0.000892
"7133_2",0.000871
"12073_1",0.001882
"7877_10",0.988481
"12286_10",0.986468
"8675_4",0.007247
"8968_7",0.410642
"8118_1",0.000570
"12109_10",0.989347
"6476_8",0.990441
"12248_2",0.001546
"9444_1",0.000558
"9932_10",0.988874
"6863_9",0.993807
"7810_1",0.001430
"5463_1",0.000739
"8385_10",0.987228
"5560_3",0.002283
"12391_2",0.001055
"3644_9",0.986891
"1225_1",0.000617
"375_1",0.000993
"11515_7",0.986891
"3812_1",0.000809
"10747_1",0.001904
"8059_8",0.993307
"633_1",0.000587
"9189_10",0.987302
"11404_8",0.994157
"11871_8",0.993624
"2883_8",0.994236
"9048_4",0.034782
"1066_1",0.000653
"630_3",0.001604
"61_9",0.990660
"9264_10",0.992934
"5132_9",0.994531
"5796_9",0.986967
"11232_2",0.001375
"327_1",0.001927
"9787_8",0.988992
"7780_2",0.000680
"2533_2",0.000785
"7349_10",0.992988
"2593_1",0.744517
"4672_8",0.992892
"11191_10",0.979334
"1301_1",0.000618
"10632_4",0.000856
"10750_1",0.001207
"2621_2",0.006706
"12045_4",0.132122
"4276_10",0.994708
"9960_2",0.012336
"3307_8",0.633361
"3007_10",0.990696
"7204_9",0.992289
"3988_7",0.994336
"4129_8",0.994303
"2071_1",0.002099
"7310_3",0.218628
"855_9",0.992934
"5380_1",0.000521
"5067_2",0.001893
"6320_2",0.013223
"1019_3",0.000947
"8216_2",0.035881
"3814_7",0.293303
"7888_4",0.525582
"3419_2",0.000773
"3039_8",0.994488
"12039_4",0.007984
"1191_7",0.987240
"2361_1",0.000573
"8291_10",0.994605
"4954_3",0.010632
"12430_1",0.024751
"7634_7",0.044183
"11902_10",0.993698
"1603_10",0.985704
"9395_8",0.976602
"9384_2",0.001751
"11687_1",0.000625
"4148_3",0.074838
"171_7",0.987399
"11814_4",0.010449
"8124_3",0.339089
"11387_1",0.000806
"3249_9",0.992108
"3591_10",0.992988
"10171_8",0.807954
"1100_9",0.974410
"7144_4",0.994270
"8060_9",0.985115
"11063_10",0.994719
"3481_2",0.000814
"7413_4",0.002561
"11121_2",0.003118
"4700_2",0.000676
"1566_4",0.001744
"11731_3",0.002141
"7346_10",0.994236
"7890_10",0.979881
"11704_10",0.989531
"4635_10",0.576561
"2369_8",0.987520
"9655_10",0.995123
"2115_2",0.002063
"6408_7",0.411628
"10470_1",0.000620
"11512_8",0.994698
"11523_7",0.989440
"10379_3",0.000899
"9164_9",0.992711
"3150_1",0.001289
"2880_3",0.008000
"1608_7",0.986520
"2406_9",0.994456
"260_10",0.991339
"10658_3",0.006302
"10609_1",0.000586
"6861_7",0.202759
"10058_2",0.131006
"11618_10",0.987203
"3727_4",0.008847
"1924_10",0.986675
"7471_1",0.003377
"1856_7",0.800731
"10132_3",0.049635
"4010_2",0.001233
"11752_2",0.003511
"11122_2",0.000507
"11065_1",0.000699
"1211_1",0.000931
"8973_7",0.018299
"1888_9",0.993843
"8521_8",0.787890
"6671_4",0.133021
"4241_3",0.005865
"10925_4",0.001421
"4030_2",0.000571
"9410_1",0.000637
"10004_2",0.005271
"599_1",0.000625
"8656_1",0.000645
"10087_7",0.982774
"5118_10",0.992000
"9780_4",0.001012
"586_2",0.005031
"6464_4",0.012408
"7482_1",0.000724
"11075_8",0.993914
"11984_1",0.000655
"6808_9",0.992823
"6178_10",0.990121
"12196_7",0.132290
"7771_10",0.994135
"10801_1",0.314024
"1243_2",0.000522
"4028_2",0.000553
"700_4",0.620873
"758_10",0.994520
"5393_8",0.993281
"3552_4",0.834710
"3440_10",0.988745
"12357_7",0.969900
"10850_2",0.011137
"5083_10",0.974190
"790_10",0.983550
"302_3",0.001704
"11160_3",0.004512
"1170_1",0.001513
"6341_3",0.001772
"289_1",0.000578
"3075_7",0.991554
"12016_7",0.077030
"5998_3",0.000605
"5295_1",0.000524
"9712_2",0.001487
"9689_10",0.990750
"9441_1",0.000667
"7426_10",0.993783
"612_9",0.988635
"4331_8",0.694393
"1016_7",0.077169
"4463_7",0.988906
"9520_1",0.000793
"1557_10",0.986992
"6277_1",0.000555
"2279_3",0.001968
"11591_10",0.989024
"3503_1",0.000742
"9814_1",0.001341
"11342_4",0.068040
"5133_1",0.000938
"11189_10",0.992047
"2343_8",0.994031
"2234_7",0.980876
"926_4",0.068102
"9829_2",0.001238
"3338_7",0.985215
"4272_9",0.994615
"4826_1",0.001996
"10529_3",0.004992
"12398_1",0.000944
"6965_10",0.988165
"10737_9",0.994677
"9356_1",0.000806
"2087_3",0.000815
"5802_4",0.980931
"6514_8",0.994100
"11607_4",0.128197
"9117_4",0.004820
"2011_10",0.950041
"11952_4",0.009803
"8753_4",0.993307
"5338_8",0.993661
"10799_3",0.453958
"6388_3",0.001671
"4667_1",0.000770
"11302_9",0.990459
"6587_4",0.004953
"6822_8",0.984546
"9725_10",0.993973
"7237_10",0.981040
"7710_1",0.000629
"6090_1",0.000601
"9864_4",0.536844
"9759_1",0.001738
"8926_10",0.973894
"2454_1",0.000732
"4364_1",0.000817
"10672_1",0.000629
"7703_4",0.000841
"7289_1",0.000576
"6370_2",0.009559
"8898_7",0.983816
"245_8",0.989409
"7786_2",0.066025
"12092_8",0.993649
"12495_3",0.002392
"2762_2",0.002043
"11009_1",0.000692
"7735_1",0.030705
"5377_8",0.987042
"6074_3",0.001030
"2133_1",0.001002
"2291_1",0.000592
"767_1",0.022890
"2677_3",0.001755
"5801_2",0.000580
"11416_7",0.993661
"7083_3",0.002162
"7268_1",0.000703
"8613_1",0.001030
"446_10",0.992865
"6513_7",0.681674
"11229_4",0.001919
"11155_4",0.001145
"10298_9",0.993163
"1521_8",0.988701
"5682_1",0.339335
"11575_3",0.006121
"10144_1",0.000781
"5819_10",0.992364
"7287_4",0.000817
"11507_10",0.991891
"10458_7",0.994112
"5935_1",0.001257
"4126_1",0.000679
"3777_10",0.984200
"1720_3",0.000623
"11112_2",0.000755
"6222_9",0.994281
"8019_1",0.000796
"10067_4",0.027796
"5991_9",0.988234
"10203_10",0.994423
"2485_1",0.001055
"5910_2",0.001034
"3940_9",0.989002
"9140_10",0.991603
"9558_10",0.992711
"4582_7",0.530905
"3323_1",0.000822
"5038_4",0.001537
"12405_10",0.993891
"11620_4",0.000834
"8774_7",0.978570
"10164_9",0.992364
"4112_3",0.047338
"629_7",0.972624
"2732_7",0.985356
"4356_3",0.012218
"514_9",0.994698
"168_1",0.000579
"7157_1",0.006706
"11193_7",0.391202
"12163_1",0.000807
"259_2",0.000757
"9977_1",0.000793
"5169_10",0.994214
"7439_10",0.994314
"10261_1",0.000594
"6623_7",0.988842
"2834_9",0.992510
"2930_10",0.984124
"3232_10",0.992259
"533_10",0.989948
"6006_4",0.000833
"9029_4",0.001378
"7738_4",0.219840
"52_4",0.094260
"374_4",0.992781
"4502_1",0.067979
"10309_8",0.985440
"7541_8",0.971184
"1874_1",0.001893
"6884_1",0.000623
"7285_1",0.000968
"3385_2",0.000680
"7078_2",0.001176
"10788_10",0.988863
"6361_7",0.993069
"5761_10",0.991015
"8946_1",0.000908
"393_1",0.001957
"458_4",0.083441
"7435_10",0.994336
"10816_2",0.000719
"1606_10",0.993436
"1742_3",0.002823
"7167_8",0.974821
"1249_9",0.972336
"473_9",0.988679
"3475_9",0.985496
"2316_3",0.001008
"3739_2",0.004248
"4746_9",0.994347
"9924_8",0.982237
"2202_8",0.992683
"11531_1",0.010170
"11138_7",0.994157
"3402_1",0.001322
"4547_10",0.989460
"2786_2",0.014928
"1570_8",0.992334
"3095_3",0.002463
"4745_1",0.001620
"165_4",0.001857
"1578_4",0.003930
"495_10",0.991922
"12414_1",0.005416
"1383_1",0.019795
"10438_3",0.000929
"812_3",0.000785
"9588_9",0.985143
"7785_10",0.994236
"11169_4",0.004460
"7476_10",0.993029
"8196_1",0.000539
"6526_7",0.712457
"1695_3",0.001245
"11077_10",0.993307
"7642_7",0.991668
"7618_3",0.040163
"353_10",0.993902
"210_9",0.987277
"9455_10",0.993891
"520_2",0.000782
"7615_10",0.994626
"7475_9",0.993783
"6894_7",0.988734
"8622_2",0.000793
"11149_3",0.004655
"6154_3",0.007191
"2514_7",0.987865
"4359_1",0.097133
"8797_4",0.034684
"10023_8",0.985649
"1212_4",0.032899
"9985_1",0.001004
"4182_1",0.000609
"10662_10",0.994077
"3907_7",0.991796
"11342_10",0.991456
"1483_3",0.001449
"10510_7",0.311008
"8522_2",0.000601
"6049_4",0.001717
"2687_9",0.987460
"9766_7",0.941868
"6792_1",0.001084
"5990_10",0.994146
"11699_2",0.003248
"3446_4",0.001310
"10448_7",0.873269
"5629_1",0.000977
"2831_1",0.000809
"4351_10",0.988602
"2547_1",0.000839
"2778_2",0.001228
"7307_10",0.973594
"11148_3",0.000684
"907_3",0.000758
"2184_1",0.000704
"2030_8",0.993487
"11051_4",0.001466
"9150_4",0.002217
"12418_7",0.980747
"10724_10",0.992169
"8876_8",0.993562
"1620_7",0.981997
"12423_9",0.993056
"3642_1",0.001402
"10214_10",0.994135
"4575_3",0.040961
"2692_7",0.940790
"3919_1",0.000866
"11971_8",0.008397
"11676_10",0.945450
"8047_1",0.000968
"4009_8",0.984752
"7929_9",0.984351
"2432_10",0.989741
"8933_8",0.994146
"1375_1",0.001464
"1861_7",0.759136
"10897_10",0.993819
"2828_10",0.095097
"4568_10",0.994626
"1535_7",0.990459
"7282_8",0.994191
"12365_10",0.987216
"6682_3",0.005090
"1393_8",0.969814
"7270_1",0.000826
"1680_10",0.990786
"8207_8",0.991439
"8612_2",0.001879
"5640_9",0.993229
"96_10",0.993961
"12093_2",0.001410
"2068_9",0.993587
"9799_10",0.993549
"8730_1",0.000692
"1000_3",0.011310
"742_2",0.059319
"10432_10",0.994325
"9425_2",0.001136
"11636_3",0.001665
"6564_2",0.000854
"5706_9",0.994008
"8594_3",0.000997
"9488_9",0.986151
"12283_8",0.994336
"6579_3",0.001080
"6738_10",0.993973
"9007_2",0.001957
"2723_8",0.993123
"5115_3",0.002292
"9469_10",0.992539
"1444_1",0.000601
"5688_1",0.000722
"12390_4",0.008695
"1681_1",0.001088
"9048_7",0.976356
"10207_3",0.031144
"3817_9",0.984635
"2200_10",0.991472
"4250_8",0.982574
"12213_10",0.994499
"11602_4",0.021969
"4507_4",0.009376
"3817_1",0.000760
"9394_1",0.001149
"9129_1",0.003430
"3675_7",0.992031
"1670_4",0.974580
"1151_1",0.002652
"8818_4",0.449664
"4810_7",0.974677
"4979_1",0.000526
"80_4",0.049268
"5506_9",0.954223
"7451_10",0.987436
"4539_10",0.992000
"6914_10",0.994270
"2807_10",0.986468
"10229_10",0.988874
"10908_8",0.985773
"7709_9",0.993255
"10872_9",0.993710
"8487_1",0.000515
"1140_9",0.985622
"558_10",0.988820
"9935_8",0.988863
"1084_8",0.988245
"6185_9",0.986416
"9278_7",0.123049
"3756_7",0.994043
"4308_1",0.000613
"121_8",0.988458
"11072_8",0.991423
"9420_7",0.935228
"3955_1",0.000744
"9591_10",0.079139
"11176_1",0.000767
"11882_2",0.001528
"12458_10",0.974018
"303_10",0.994708
"3779_8",0.986585
"1805_4",0.085786
"12054_2",0.000667
"1990_4",0.002586
"7331_1",0.009975
"6243_8",0.986713
"7201_1",0.000583
"6230_7",0.981753
"11252_3",0.002087
"8379_8",0.992920
"11890_1",0.003229
"6977_1",0.001717
"5481_1",0.000721
"6013_7",0.198064
"11638_4",0.005934
"3302_1",0.001540
"4837_4",0.061143
"737_1",0.000517
"6128_3",0.008204
"3749_4",0.001226
"580_3",0.007786
"11031_10",0.993902
"6644_1",0.000689
"8517_1",0.000878
"4883_3",0.003057
"4273_4",0.001882
"404_1",0.000748
"12108_10",0.988755
"10005_8",0.350407
"7140_4",0.089058
"258_8",0.990803
"6746_7",0.993410
"7189_2",0.009467
"11626_4",0.002828
"10785_10",0.994488
"11007_1",0.004399
"8987_7",0.944893
"275_1",0.000623
"2554_10",0.989491
"2682_1",0.000854
"3797_1",0.000897
"7383_1",0.001315
"9816_9",0.993056
"11057_8",0.977947
"11901_3",0.005469
"11501_3",0.007108
"11999_2",0.001310
"740_3",0.000784
"3109_8",0.986520
"2773_8",0.994358
"5725_4",0.001207
"4423_3",0.000595
"4035_2",0.000809
"6550_7",0.531878
"711_4",0.968201
"10773_4",0.012723
"11202_1",0.001071
"1054_2",0.000697
"2207_10",0.993189
"9809_4",0.044101
"11349_10",0.993807
"5195_4",0.000834
"6881_4",0.301413
"7537_3",0.002283
"99_3",0.001114
"6589_9",0.994347
"11781_10",0.983565
"4337_3",0.000750
"4928_10",0.988256
"6310_1",0.001230
"11867_8",0.980281
"9462_2",0.005491
"12224_9",0.966252
"1195_3",0.001466
"11324_10",0.993961
"11272_4",0.001245
"2461_7",0.990140
"4034_7",0.992467
"2340_10",0.994499
"9827_9",0.993069
"4660_4",0.422125
"2448_1",0.000773
"7485_7",0.601096
"7003_10",0.994031
"6204_1",0.000856
"1920_10",0.994281
"6824_1",0.001461
"6668_10",0.991406
"7359_1",0.000735
"2753_4",0.040012
"7320_10",0.993574
"3661_10",0.994605
"1059_1",0.000625
"5067_10",0.994336
"5724_3",0.000933
"11265_2",0.000625
"11331_1",0.001543
"5398_10",0.989572
"9328_2",0.000688
"100_4",0.007053
"6118_10",0.994112
"320_3",0.002128
"4395_10",0.992961
"7256_4",0.005708
"3949_10",0.986866
"7097_1",0.959611
"6971_2",0.002208
"9855_2",0.001472
"457_8",0.988810
"9929_7",0.981560
"9574_10",0.993537
"12261_4",0.328812
"5228_9",0.991668
"11684_2",0.000574
"7913_9",0.990478
"9595_3",0.000942
"10501_10",0.983955
"10610_7",0.988268
"8573_7",0.985882
"1823_2",0.001495
"12070_4",0.003173
"6995_8",0.981293
"4929_1",0.000647
"2555_4",0.000977
"6583_7",0.989732
"2490_1",0.000636
"8203_7",0.992437
"7861_3",0.000715
"2548_2",0.012031
"12291_7",0.988831
"756_1",0.000645
"9275_7",0.978915
"9234_9",0.993110
"10598_10",0.992364
"8252_8",0.991796
"3585_2",0.000724
"11561_1",0.019606
"690_10",0.989986
"7203_10",0.993150
"11141_10",0.992108
"5583_10",0.993599
"7341_10",0.994325
"10623_8",0.994358
"868_4",0.002239
"778_9",0.994020
"4653_10",0.984546
"7450_4",0.990839
"8836_8",0.990551
"226_9",0.978935
"464_10",0.993938
"2850_9",0.993855
"10242_8",0.986803
"2403_10",0.994292
"3397_10",0.993549
"1003_4",0.103295
"10940_10",0.987628
"3349_10",0.992274
"5909_1",0.000960
"12021_8",0.994146
"5019_1",0.008661
"1809_7",0.992851
"4435_10",0.993938
"10029_1",0.000809
"8234_2",0.011398
"3760_1",0.008093
"10952_10",0.994180
"1487_9",0.993938
"46_10",0.994413
"4917_4",0.001312
"2000_9",0.994247
"10974_2",0.014672
"11275_8",0.993083
"1816_10",0.993015
"4848_3",0.314235
"11730_3",0.424337
"1903_10",0.992123
"12331_9",0.753648
"10360_9",0.987484
"9243_10",0.989171
"10115_8",0.993042
"11417_3",0.000620
"6259_4",0.071786
"316_10",0.988119
"1100_4",0.947769
"7919_2",0.254092
"1871_2",0.001084
"12488_8",0.990714
"10239_9",0.986165
"7832_2",0.000599
"8808_1",0.000609
"7241_2",0.000856
"4412_2",0.000747
"807_10",0.994281
"9728_8",0.987958
"5665_2",0.001010
"491_2",0.000754
"7938_1",0.002350
"3513_8",0.987030
"8942_1",0.000649
"11520_7",0.049359
"11478_3",0.457016
"5627_10",0.993487
"3462_2",0.001048
"5161_10",0.988525
"6545_2",0.000668
"6513_4",0.883538
"3032_1",0.000728
"7403_2",0.001573
"11878_3",0.001181
"11348_8",0.988723
"4979_7",0.988027
"7131_1",0.000599
"3972_3",0.008864
"2925_2",0.963196
"5346_3",0.000809
"10709_3",0.008951
"10999_2",0.000931
"5974_10",0.988799
"9008_10",0.994043
"1324_10",0.993474
"10454_8",0.924925
"8336_8",0.984185
"5869_10",0.988313
"9922_3",0.000693
"2081_2",0.000752
"5811_7",0.987240
"1619_10",0.993359
"5461_7",0.987616
"9152_2",0.001053
"9071_8",0.989254
"4688_10",0.994008
"8956_10",0.993110
"1883_4",0.021533
"5707_1",0.000636
"7529_3",0.250179
"83_1",0.000502
"10440_1",0.000693
"3673_1",0.000582
"6983_4",0.003758
"2546_4",0.003197
"6698_3",0.003594
"10689_3",0.006526
"9986_10",0.992879
"5614_10",0.987005
"10094_4",0.010249
"12468_10",0.990292
"3828_10",0.988313
"10524_2",0.000721
"2016_2",0.000822
"7583_4",0.001447
"4795_8",0.988016
"7564_3",0.002071
"1366_3",0.002576
"508_4",0.018924
"9509_3",0.016689
"1587_3",0.000955
"12376_4",0.927692
"2525_8",0.987005
"2877_2",0.001589
"9485_9",0.981489
"12023_8",0.988874
"11544_10",0.983863
"198_3",0.004023
"4390_1",0.000527
"993_8",0.984590
"7965_9",0.987981
"8865_1",0.000654
"6638_1",0.001082
"141_8",0.988591
"136_2",0.001540
"3004_10",0.994008
"3457_9",0.993562
"11488_1",0.002075
"644_2",0.001071
"8387_9",0.989870
"5026_3",0.000964
"8936_7",0.992683
"453_4",0.003273
"8547_3",0.002292
"10542_4",0.005385
"5231_9",0.988256
"9592_10",0.987448
"8591_7",0.986803
"6686_10",0.994157
"7246_10",0.993843
"2194_4",0.052912
"11533_9",0.990839
"6109_10",0.987005
"9092_3",0.002124
"11223_8",0.987794
"10829_9",0.988939
"9857_3",0.003900
"2223_10",0.989087
"8052_10",0.433262
"11604_3",0.006290
"4448_1",0.006564
"5394_8",0.992947
"10168_9",0.988165
"11943_4",0.001103
"7311_8",0.973594
"1362_9",0.975530
"9165_8",0.987604
"12294_10",0.987508
"6086_9",0.987876
"608_8",0.994636
"4592_10",0.987387
"708_10",0.990054
"6548_4",0.951459
"7552_4",0.046163
"9263_8",0.979056
"5393_1",0.000571
"220_10",0.956186
"10640_7",0.992016
"4086_10",0.988602
"11026_3",0.001297
"12466_10",0.994281
"905_3",0.000758
"92_8",0.987568
"11362_10",0.986623
"5030_8",0.992683
"2909_7",0.781956
"8402_7",0.993229
"4046_10",0.983470
"4065_9",0.984942
"6460_4",0.045058
"11108_1",0.000680
"1139_1",0.000570
"2457_3",0.158044
"2675_7",0.993268
"9360_1",0.000676
"5750_8",0.994541
"7125_2",0.001707
"6637_8",0.992975
"3290_7",0.988154
"3979_8",0.988165
"2100_1",0.000587
"10836_1",0.000647
"10904_3",0.002132
"5226_7",0.987993
"22_8",0.989140
"2726_10",0.991015
"11405_8",0.991423
"11204_2",0.001789
"6201_9",0.993734
"1653_10",0.992000
"9500_7",0.988470
"12104_7",0.987747
"1499_3",0.001421
"1415_1",0.000669
"11285_2",0.002596
"4481_1",0.008462
"10249_8",0.988199
"2391_9",0.994423
"2186_3",0.004839
"56_10",0.994236
"127_10",0.992697
"5509_9",0.989909
"9855_9",0.006169
"7522_10",0.994247
"11751_9",0.988777
"3330_3",0.097907
"4055_8",0.992408
"3694_3",0.002075
"6911_4",0.001022
"9677_10",0.994066
"9706_1",0.001601
"426_4",0.001904
"2995_2",0.000968
"7914_8",0.994123
"11344_9",0.988358
"680_8",0.990980
"2094_3",0.204025
"2009_9",0.993891
"7309_7",0.987472
"138_1",0.000782
"2689_9",0.994066
"6050_2",0.001099
"8987_2",0.000864
"2053_8",0.991587
"12245_4",0.002087
"12020_10",0.840586
"10364_10",0.991032
"11581_1",0.000817
"12079_10",0.993624
"6537_1",0.000745
"2739_10",0.993867
"8719_1",0.002487
"9436_1",0.000714
"5029_3",0.001040
"8321_10",0.989491
"7135_9",0.993150
"9512_10",0.985909
"6397_7",0.169337
"9457_9",0.983020
"7740_2",0.000787
"10591_2",0.000594
"9856_4",0.001399
"2456_1",0.004078
"10543_7",0.985271
"544_4",0.046638
"3679_10",0.993461
"9042_1",0.000700
"5368_8",0.987771
"8276_3",0.000815
"1984_2",0.000944
"4205_7",0.986455
"5765_7",0.994043
"5202_1",0.001522
"4127_4",0.930015
"12316_9",0.993242
"657_1",0.000606
"12205_2",0.001800
"3426_10",0.994314
"5616_10",0.987067
"11644_3",0.004610
"795_10",0.991587
"12416_2",0.001362
"115_3",0.002067
"55_10",0.994135
"11187_10",0.967869
"9072_4",0.708855
"875_4",0.016514
"4196_1",0.000748
"293_10",0.043366
"5564_1",0.000880
"6811_8",0.986481
"9135_3",0.009578
"9964_8",0.987865
"981_9",0.771499
"8506_10",0.993902
"4459_9",0.986917
"7609_1",0.001216
"6246_10",0.991907
"5989_4",0.001172
"11839_10",0.987981
"9186_2",0.003930
"3411_10",0.988470
"8677_1",0.006278
"9125_4",0.029091
"2166_8",0.992865
"11827_4",0.006027
"2574_2",0.001197
"4789_4",0.099514
"1093_4",0.002763
"8195_1",0.001073
"11011_10",0.976401
"3944_9",0.966914
"10606_10",0.987005
"5029_7",0.487795
"9496_8",0.990660
"9256_8",0.988701
"5640_3",0.000665
"8164_8",0.984561
"10413_3",0.030329
"4838_2",0.000553
"12265_9",0.993320
"6222_1",0.000607
"883_8",0.991732
"395_8",0.983660
"1182_7",0.982065
"8701_7",0.981418
"8863_4",0.001264
"10943_3",0.000687
"10692_10",0.974483
"11872_7",0.994391
"4729_9",0.991732
"920_10",0.987556
"9352_4",0.001302
"10095_9",0.989632
"8986_2",0.000647
"7061_2",0.001299
"2746_1",0.000677
"10359_8",0.991505
"6826_7",0.012289
"7075_3",0.060696
"8237_10",0.994180
"9103_10",0.992467
"6538_9",0.963022
"3085_4",0.099121
"10759_9",0.687630
"12249_2",0.000929
"6774_4",0.003034
"3564_2",0.097993
"144_2",0.000629
"12112_3",0.000873
"8166_10",0.991221
"10817_8",0.989389
"7462_10",0.994667
"7626_2",0.008711
"8221_2",0.045991
"2528_10",0.065905
"6765_3",0.000729
"1267_8",0.994749
"8257_10",0.989889
"11501_8",0.994054
"11196_10",0.993686
"10006_7",0.986350
"2104_2",0.000594
"9067_8",0.412994
"4760_4",0.002341
"4372_7",0.985510
"3441_2",0.000856
"10439_3",0.051606
"6604_1",0.001016
"10689_10",0.993771
"11289_4",0.001289
"2051_7",0.982031
"42_10",0.994698
"1567_7",0.846831
"4890_9",0.987363
"2583_1",0.000701
"5376_2",0.001375
"2539_10",0.989045
"390_4",0.002901
"11509_1",0.000747
"7481_8",0.871365
"10840_2",0.000796
"9433_1",0.981311
"7774_10",0.992711
"2654_7",0.005240
"9582_7",0.993926
"1780_3",0.004070
"4032_8",0.973620
"3130_9",0.994259
"1920_3",0.002378
"5056_7",0.969091
"4537_10",0.993636
"2505_1",0.001107
"3942_2",0.000679
"483_2",0.053206
"2771_3",0.004820
"4872_8",0.993320
"7897_1",0.000680
"12039_8",0.994135
"11008_4",0.036700
"4090_7",0.982100
"3051_4",0.015306
"5700_1",0.000675
"3498_10",0.992244
"5676_7",0.989821
"5565_1",0.000662
"9347_10",0.980894
"4178_1",0.004592
"6303_4",0.221267
"1579_7",0.899077
"5783_9",0.984094
"4001_8",0.990178
"11698_2",0.002571
"7029_3",0.001195
"268_3",0.000612
"7098_1",0.991049
"6608_9",0.993587
"1123_1",0.002918
"7523_10",0.989957
"10647_3",0.001800
"12232_8",0.991118
"8103_4",0.745398
"7336_7",0.986442
"7049_8",0.993902
"9694_3",0.000908
"5894_3",0.001245
"10981_4",0.001391
"10104_10",0.992725
"5752_7",0.989450
"2622_2",0.001410
"11529_2",0.000564
"5040_1",0.000703
"1870_8",0.984679
"7368_3",0.001158
"843_1",0.034133
"4972_8",0.672412
"4615_9",0.993867
"8191_10",0.986891
"6940_10",0.355684
"4924_4",0.261425
"10392_2",0.000617
"3339_7",0.979765
"3594_10",0.994810
"10354_7",0.849160
"6594_10",0.993879
"11311_1",0.000624
"4409_10",0.987993
"1669_4",0.502686
"7819_1",0.001197
"6704_1",0.000613
"667_10",0.977989
"6444_1",0.002611
"1223_3",0.000993
"10089_9",0.989909
"6699_1",0.000779
"814_7",0.987628
"2363_10",0.881309
"1697_2",0.001036
"6345_4",0.001004
"10109_1",0.000796
"4563_7",0.977714
"1924_1",0.001519
"11416_2",0.000922
"539_7",0.986350
"5937_9",0.994031
"1912_8",0.991700
"4135_3",0.000883
"4141_7",0.134094
"7217_2",0.001142
"5538_3",0.001678
"2657_10",0.988810
"6279_4",0.099208
"7706_1",0.001138
"10409_10",0.987375
"6780_1",0.001088
"6251_10",0.994325
"12227_1",0.000618
"1146_10",0.992892
"10977_9",0.991571
"3857_1",0.000546
"7622_8",0.038611
"2548_7",0.892281
"8602_9",0.991748
"8885_8",0.985143
"472_4",0.001410
"11700_9",0.991255
"10268_3",0.000953
"7569_10",0.991406
"475_1",0.000764
"4719_1",0.000778
"8851_3",0.001421
"6320_10",0.817684
"4290_7",0.985454
"7936_10",0.992920
"4616_1",0.001094
"3616_7",0.988301
"4849_3",0.008364
"3689_7",0.252476
"11224_7",0.987191
"8893_7",0.976913
"11126_7",0.994031
"4816_8",0.984411
"5895_3",0.001727
"9373_1",0.001492
"2445_3",0.047647
"556_1",0.000632
"11855_1",0.019644
"11346_8",0.994066
"8621_8",0.993612
"10259_3",0.003118
"2354_3",0.001558
"8477_10",0.990025
"11408_7",0.011778
"8490_1",0.028301
"175_8",0.898722
"3376_1",0.003622
"3888_7",0.989712
"11655_2",0.003390
"9630_10",0.992000
"8121_1",0.000642
"10758_4",0.001632
"1979_10",0.989378
"9702_8",0.980931
"1064_1",0.000892
"850_4",0.006376
"1624_1",0.012171
"5885_10",0.990216
"8246_8",0.993397
"4073_7",0.990910
"5116_2",0.001419
"5379_2",0.001617
"75_1",0.001430
"5895_10",0.989928
"10651_9",0.989531
"1776_7",0.984723
"8500_1",0.000631
"11026_9",0.992108
"12195_1",0.001380
"1832_7",0.994820
"11424_8",0.987412
"1744_8",0.993783
"9699_1",0.000776
"11840_10",0.990892
"8955_1",0.000913
"1571_4",0.008478
"6434_9",0.986178
"7214_10",0.992349
"153_4",0.751146
"3914_1",0.908739
"5005_8",0.991969
"8283_4",0.902952
"8846_1",0.001315
"3708_1",0.946300
"5123_10",0.994520
"2868_7",0.994423
"6395_10",0.990997
"5788_4",0.222616
"2380_8",0.993083
"462_7",0.993771
"11697_7",0.994347
"3577_3",0.002378
"5569_4",0.008882
"348_1",0.000913
"9194_10",0.993819
"1001_4",0.015204
"6869_4",0.031679
"7182_1",0.001671
"2089_4",0.000916
"3496_1",0.966315
"938_1",0.001567
"10325_9",0.986688
"786_10",0.988313
"4562_9",0.993229
"2566_9",0.992640
"10732_3",0.006266
"7621_1",0.002566
"11747_10",0.994770
"11271_4",0.082254
"9057_10",0.994677
"12374_3",0.001744
"9130_9",0.988085
"9735_3",0.002817
"4305_7",0.994303
"10477_9",0.988668
"5498_9",0.994552
"4452_8",0.993537
"7993_1",0.005865
"3245_9",0.994989
"11289_10",0.033400
"2678_10",0.994157
"6836_1",0.000799
"10936_3",0.000619
"6870_4",0.001796
"10109_10",0.988119
"9907_7",0.310485
"4801_2",0.000492
"3684_10",0.992510
"12305_9",0.993333
"530_10",0.994270
"10977_2",0.000706
"9819_10",0.992496
"5057_1",0.002208
"8703_10",0.993734
"8997_2",0.000579
"5766_7",0.959039
"9436_8",0.984869
"39_9",0.991716
"6052_4",0.001348
"9748_9",0.993320
"8395_1",0.000646
"688_7",0.008316
"4688_3",0.001890
"6287_3",0.001421
"1945_8",0.986828
"11830_2",0.014254
"4042_2",0.000751
"10160_3",0.008916
"2069_4",0.003545
"11039_1",0.001310
"6675_3",0.003573
"9189_2",0.064065
"3683_10",0.994169
"5536_10",0.987448
"11089_1",0.001498
"9064_7",0.991780
"2079_1",0.000725
"648_3",0.001498
"12300_10",0.990821
"5755_8",0.992823
"3460_1",0.000567
"151_2",0.002492
"6990_4",0.034848
"11356_10",0.988863
"3062_2",0.000671
"4310_1",0.007191
"9393_9",0.985990
"5886_1",0.004538
"7359_10",0.990839
"3210_1",0.000784
"4689_10",0.990178
"11111_10",0.990587
"1413_3",0.007461
"2502_8",0.992031
"10737_2",0.000741
"6525_10",0.981131
"4416_4",0.001665
"1705_4",0.015619
"1485_10",0.987556
"4406_9",0.987865
"3365_8",0.985496
"6825_9",0.990696
"9214_1",0.251510
"8171_1",0.057865
"12138_7",0.001289
"2421_8",0.988558
"7727_4",0.000869
"8236_8",0.987067
"4802_8",0.993448
"5429_2",0.002806
"6584_1",0.001513
"5429_8",0.991456
"2124_8",0.994563
"11670_3",0.001492
"7527_1",0.000977
"11193_3",0.004070
"3647_10",0.992640
"2084_3",0.001209
"8481_10",0.994043
"2458_8",0.988347
"8705_1",0.010611
"4919_4",0.013046
"1621_1",0.005200
"6059_1",0.000663
"4132_1",0.028194
"10953_9",0.986585
"6692_8",0.994698
"3604_3",0.000853
"6432_1",0.000525
"10932_8",0.991700
"7248_3",0.254185
"3837_4",0.000782
"8770_8",0.978031
"12067_7",0.987017
"7351_1",0.000947
"11556_1",0.182134
"8220_1",0.012007
"8008_4",0.001832
"6500_1",0.000673
"8303_4",0.025203
"6765_10",0.994770
"4701_3",0.002087
"8956_1",0.000868
"11443_8",0.988646
"7119_7",0.987782
"11761_2",0.011376
"9921_9",0.971859
"2275_9",0.994488
"8849_2",0.000913
"2791_3",0.003363
"9105_10",0.985936
"1991_7",0.988668
"41_9",0.994780
"9259_1",0.001188
"3785_3",0.265785
"12335_3",0.000977
"7020_1",0.001211
"9490_4",0.005364
"11296_1",0.000624
"7641_2",0.004174
"8163_7",0.987005
"7342_10",0.994066
"766_8",0.994488
"5399_1",0.001176
"1565_7",0.991255
"12_9",0.991891
"11574_10",0.993255
"8194_8",0.100879
"6110_10",0.990732
"8108_1",0.000782
"3852_4",0.001036
"11474_2",0.000899
"11554_10",0.987508
"1798_3",0.002561
"11814_10",0.991032
"5072_9",0.985990
"4389_10",0.993423
"8148_10",0.993926
"5840_2",0.002067
"1972_7",0.991136
"10169_3",0.002031
"8651_1",0.000546
"6399_3",0.000692
"8965_1",0.004691
"8853_1",0.001262
"2841_9",0.994077
"6658_1",0.118793
"11515_1",0.001727
"4474_1",0.005809
"8221_10",0.993698
"12204_10",0.994146
"10671_1",0.000529
"7335_3",0.003390
"4050_3",0.268030
"9465_8",0.993914
"11620_8",0.992988
"11998_8",0.994677
"11188_2",0.000787
"6656_1",0.000691
"3416_4",0.000669
"11558_9",0.987387
"2752_4",0.001965
"10330_9",0.993229
"9323_7",0.989002
"12232_4",0.235372
"5699_7",0.986866
"1020_2",0.015015
"1161_1",0.000665
"10187_10",0.992851
"4585_10",0.977457
"7570_10",0.992851
"9752_1",0.009090
"4956_1",0.000656
"1355_2",0.001186
"10456_1",0.000612
"8757_10",0.993372
"2286_3",0.000920
"1297_7",0.964855
"5326_8",0.994930
"11535_10",0.990235
"4783_10",0.985936
"4292_2",0.000789
"2856_1",0.000667
"450_10",0.988391
"9611_1",0.003430
"2403_1",0.181771
"2037_7",0.986559
"9580_1",0.001086
"1694_7",0.990678
"11385_10",0.993410
"493_1",0.001051
"9013_10",0.992809
"11235_3",0.005210
"10793_3",0.001570
"2197_10",0.994423
"1887_2",0.001008
"6617_7",0.983925
"12028_1",0.000863
"5413_1",0.000726
"1134_1",0.000582
"1290_2",0.001051
"12241_8",0.980729
"965_3",0.002234
"2044_10",0.993636
"7782_10",0.986752
"6087_4",0.930015
"3600_2",0.000748
"1588_3",0.954605
"10421_8",0.436652
"3390_10",0.986713
"6531_1",0.001107
"9792_10",0.993042
"3755_9",0.986611
"11471_7",0.373726
"10427_10",0.993015
"4011_3",0.003884
"8784_7",0.542833
"10714_9",0.992496
"6031_9",0.983101
"8130_10",0.992539
"4772_9",0.984155
"6599_7",0.985580
"11335_2",0.000868
"6412_1",0.001724
"998_7",0.991828
"9542_10",0.987652
"1490_3",0.000696
"4142_10",0.987568
"8371_10",0.991828
"5457_8",0.990441
"5001_8",0.991969
"150_9",0.988734
"8487_10",0.992611
"10024_3",0.000598
"3687_8",0.988755
"6171_10",0.989254
"5462_8",0.993307
"1372_4",0.002162
"7361_8",0.992062
"1030_9",0.989511
"3341_8",0.979036
"7677_2",0.001322
"6584_7",0.993110
"2372_10",0.041852
"5898_9",0.987806
"7370_7",0.985896
"3018_9",0.995114
"4899_9",0.987017
"2385_4",0.001289
"8433_9",0.991522
"1989_8",0.679777
"10401_7",0.981701
"5668_1",0.000895
"11516_3",0.000605
"12419_1",0.001988
"5402_7",0.980506
"10537_9",0.994123
"117_10",0.990803
"6756_4",0.011398
"4051_3",0.002314
"9687_10",0.991118
"11011_2",0.000916
"8460_8",0.993410
"5155_3",0.002878
"2473_2",0.000613
"4074_1",0.000955
"4730_10",0.993083
"5310_2",0.000886
"6630_10",0.993612
"4363_1",0.001022
"1022_3",0.007135
"8247_10",0.991812
"7437_10",0.993855
"3846_7",0.989140
"7298_1",0.000683
"11955_4",0.003450
"9448_10",0.991356
"142_1",0.000591
"2260_3",0.000831
"9012_4",0.033243
"5321_9",0.975946
"527_10",0.991700
"2898_3",0.001475
"12302_9",0.993397
"1463_4",0.134776
"5278_1",0.000718
"6450_1",0.000924
"9704_1",0.000851
"2673_2",0.000861
"10175_2",0.000883
"8006_2",0.001552
"9492_4",0.037999
"4595_3",0.743424
"9499_2",0.000664
"7869_1",0.000795
"4047_10",0.994900
"4962_7",0.981666
"4052_2",0.000972
"1423_10",0.987314
"7376_2",0.001648
"1067_9",0.982065
"3289_1",0.000962
"5780_9",0.974459
"2965_2",0.002200
"4127_10",0.994402
"10156_3",0.001372
"11164_1",0.000931
"1422_10",0.987314
"9470_4",0.007607
"7733_3",0.011575
"3814_3",0.000843
"9900_1",0.000644
"5363_3",0.000826
"2878_7",0.680003
"11647_2",0.000501
"1729_1",0.001282
"2263_1",0.001391
"11707_2",0.001120
"10722_7",0.989957
"6321_9",0.984094
"7339_10",0.991716
"8003_9",0.992510
"11009_10",0.985271
"9458_1",0.001320
"10359_1",0.000546
"5530_3",0.000772
"3377_9",0.989002
"2256_9",0.989182
"9036_1",0.000650
"7621_7",0.636064
"9992_4",0.006302
"1004_10",0.988657
"6339_3",0.053157
"5554_10",0.987946
"10128_10",0.994259
"4540_10",0.987556
"1410_7",0.988142
"7072_1",0.001528
"4324_4",0.011801
"9611_7",0.957238
"7571_10",0.994830
"11337_1",0.001014
"1169_1",0.002763
"10881_4",0.000711
"8782_4",0.002551
"5357_10",0.987981
"9318_7",0.992077
"9071_3",0.994020
"485_4",0.006539
"3164_2",0.010818
"1343_10",0.985072
"571_10",0.994169
"6749_10",0.993831
"1945_4",0.017729
"8132_3",0.001849
"12380_4",0.007504
"11183_4",0.045395
"10526_10",0.990874
"7234_10",0.987711
"3054_7",0.982185
"5217_1",0.000655
"7106_8",0.986942
"11043_10",0.992781
"8447_2",0.000899
"9744_10",0.988777
"10638_9",0.984078
"8778_10",0.988558
"3666_9",0.989948
"4223_10",0.993524
"1642_2",0.002314
"10541_8",0.989024
"8067_1",0.001018
"11116_10",0.991732
"8701_1",0.000784
"6422_8",0.994840
"9168_1",0.009956
"4130_1",0.000601
"8492_1",0.000546
"6430_3",0.001356
"9306_8",0.988690
"10487_7",0.988939
"6687_1",0.004592
"11869_1",0.000697
"9224_10",0.990980
"1625_9",0.988624
"8651_7",0.649040
"3702_4",0.002256
"4470_7",0.009038
"31_4",0.003795
"11316_10",0.994123
"5961_8",0.992437
"4428_2",0.001067
"2540_4",0.051702
"4855_2",0.085175
"9997_2",0.001063
"12214_2",0.003331
"12383_2",0.003657
"12344_4",0.011201
"8147_10",0.994615
"2019_10",0.992467
"8161_3",0.004232
"7312_10",0.980784
"9310_8",0.986138
"11966_1",0.000711
"8962_1",0.002839
"5661_4",0.001264
"5765_4",0.001292
"10934_8",0.988591
"5801_9",0.963196
"190_2",0.000639
"880_8",0.986559
"10677_10",0.986572
"10520_10",0.993819
"6697_7",0.967287
"11582_1",0.000784
"1986_1",0.000679
"6021_4",0.000677
"7220_8",0.990422
"5870_1",0.001073
"1459_7",0.985510
"1733_8",0.988602
"7060_9",0.989491
"5249_9",0.989409
"8845_9",0.993474
"10133_8",0.972336
"3041_9",0.991015
"11504_1",0.001008
"6261_8",0.991732
"2942_10",0.994780
"5522_10",0.981893
"4260_8",0.991456
"1600_2",0.002912
"1698_10",0.989098
"5823_10",0.986726
"2413_9",0.987092
"7316_9",0.981753
"5963_2",0.000814
"9960_10",0.987911
"6014_9",0.992244
"2357_4",0.001071
"9788_10",0.952662
"8100_2",0.004000
"4099_9",0.992510
"10894_2",0.001287
"7940_1",0.000929
"3605_4",0.176388
"11270_3",0.004764
"2306_8",0.988335
"3825_10",0.994413
"161_7",0.983534
"12121_9",0.986546
"7916_10",0.461957
"10598_4",0.001570
"3484_10",0.989702
"8967_1",0.002243
"4005_2",0.001475
"10355_4",0.551483
"5215_10",0.443992
"943_3",0.000886
"11786_10",0.993487
"5938_2",0.001620
"998_2",0.002895
"4333_4",0.000799
"6606_9",0.985257
"5251_2",0.043855
"4152_4",0.021065
"3148_2",0.004637
"3344_7",0.972650
"9832_3",0.004468
"2689_3",0.092524
"3400_10",0.994541
"4000_4",0.900442
"3934_3",0.069605
"9014_9",0.978302
"2339_9",0.994236
"8833_1",0.002292
"10197_8",0.992851
"8811_1",0.009376
"1805_7",0.993294
"2238_7",0.990927
"2487_9",0.980949
"1737_1",0.000886
"4085_2",0.000849
"5665_10",0.991812
"9721_4",0.005753
"10577_9",0.988580
"8892_7",0.986649
"4503_10",0.994930
"9348_3",0.000874
"10382_10",0.989399
"8339_3",0.000607
"5199_10",0.994225
"1897_1",0.000985
"3578_9",0.993385
"9192_7",0.986853
"12154_2",0.002071
"5089_2",0.000584
"8988_7",0.652670
"10170_8",0.450722
"6690_8",0.988712
"2549_2",0.000724
"6546_3",0.000909
"5283_2",0.000761
"8131_9",0.993734
"4745_8",0.992711
"7251_1",0.001188
"1829_8",0.991272
"11922_9",0.992597
"10322_1",0.000899
"3163_4",0.002323
"11849_9",0.994100
"11809_10",0.990874
"1275_3",0.006351
"11694_4",0.000846
"12112_8",0.263979
"11212_4",0.345795
"5124_10",0.993867
"5362_2",0.001751
"2680_9",0.994739
"11181_4",0.003267
"4345_1",0.060418
"8916_7",0.984411
"10042_8",0.981648
"10324_8",0.993042
"4425_3",0.991439
"9133_3",0.203549
"11028_10",0.994900
"1941_7",0.991620
"10142_3",0.113875
"4572_1",0.000731
"10512_1",0.000511
"7180_7",0.991764
"3948_1",0.000815
"1238_4",0.002747
"5269_9",0.037786
"12346_8",0.726280
"11481_4",0.242654
"1943_3",0.000933
"4742_1",0.000637
"2433_1",0.000721
"4422_3",0.002449
"342_1",0.000516
"736_8",0.987782
"3036_10",0.005609
"9336_7",0.969642
"9205_1",0.000598
"9923_8",0.987946
"8875_2",0.001405
"2023_7",0.976847
"4102_1",0.008252
"11345_1",0.000700
"6736_9",0.992879
"7839_8",0.988810
"8572_10",0.981560
"7211_1",0.001018
"6666_2",0.000600
"1978_7",0.993242
"3156_1",0.002516
"3333_7",0.985909
"3720_4",0.242878
"1450_3",0.108566
"8563_10",0.984869
"9087_9",0.993795
"6843_10",0.994380
"3485_7",0.986954
"4259_10",0.994247
"10186_10",0.993524
"3312_3",0.008594
"7624_4",0.010328
"7930_3",0.001343
"8407_10",0.986165
"1771_4",0.478346
"11919_4",0.001238
"425_2",0.000673
"11795_2",0.001257
"6767_1",0.001209
"2996_9",0.992047
"990_1",0.001101
"3757_3",0.654940
"2981_2",0.002183
"10277_2",0.001814
"662_9",0.981329
"5311_3",0.001020
"3796_10",0.992837
"3846_1",0.003531
"5651_2",0.000677
"6649_3",0.002828
"10779_2",0.004256
"4548_10",0.989521
"7275_10",0.991636
"1605_9",0.983407
"3580_4",0.003312
"5712_2",0.001585
"5287_10",0.984913
"3230_9",0.926769
"7936_1",0.000640
"9983_3",0.000820
"9959_7",0.987080
"5739_4",0.005120
"4308_10",0.971939
"4854_8",0.984942
"8620_7",0.993320
"7923_9",0.994112
"11686_10",0.984927
"8253_1",0.038466
"11030_4",0.335800
"3995_9",0.990035
"10763_9",0.990459
"6780_8",0.993819
"10895_1",0.000700
"11778_1",0.804137
"8512_10",0.984486
"1061_1",0.000750
"10584_3",0.000688
"212_4",0.001988
"1908_2",0.000995
"10958_1",0.000619
"980_7",0.980858
"2686_10",0.993599
"2088_1",0.025420
"6075_1",0.000873
"9782_10",0.987853
"9180_3",0.002647
"2478_3",0.000614
"1634_2",0.000588
"6810_8",0.988514
"2562_10",0.988896
"3841_7",0.985129
"5387_1",0.000725
"9047_7",0.988301
"4962_4",0.025035
"8597_8",0.983327
"1515_1",0.000644
"1974_1",0.234757
"9935_3",0.703015
"2404_4",0.013197
"8638_1",0.000560
"8720_1",0.000807
"11411_2",0.012747
"7676_3",0.086323
"11756_9",0.994112
"4195_1",0.000578
"11787_10",0.992988
"11838_1",0.000660
"11748_1",0.000601
"7309_3",0.010288
"502_4",0.377727
"1239_10",0.978875
"8925_4",0.001758
"4242_1",0.000747
"2112_2",0.000760
"6359_8",0.991636
"8034_9",0.992016
"807_3",0.011223
"7852_4",0.003504
"8014_10",0.987946
"4823_8",0.994191
"8448_10",0.986598
"3564_8",0.706190
"858_4",0.578463
"8529_7",0.275325
"6515_3",0.000920
"2646_10",0.988142
"4278_1",0.008062
"5641_7",0.988591
"5382_4",0.012218
"3300_8",0.973993
"4849_9",0.993320
"12013_1",0.245130
"107_4",0.530054
"10046_10",0.991136
"9141_10",0.993216
"10297_10",0.990732
"634_10",0.990732
"438_2",0.000726
"11794_8",0.988657
"3937_4",0.007577
"3602_4",0.021348
"11851_1",0.000697
"8690_7",0.619788
"2697_2",0.002477
"805_10",0.989938
"7572_1",0.000933
"10553_1",0.000525
"5246_2",0.001123
"2064_8",0.986559
"11856_1",0.001097
"9026_7",0.871639
"4449_7",0.984546
"8579_10",0.993636
"8503_7",0.430185
"5734_1",0.060696
"11507_1",0.000899
"7956_10",0.990064
"11245_2",0.000635
"6142_2",0.001020
"10657_1",0.000617
"7992_1",0.000617
"11347_9",0.981257
"5278_8",0.988745
"6362_10",0.735689
"10214_2",0.001046
"9184_7",0.973594
"2666_10",0.989572
"7527_7",0.977154
"2001_1",0.000751
"12000_4",0.022824
"10302_3",0.009232
"7160_10",0.994169
"2757_10",0.991732
"3792_3",0.144692
"6199_1",0.000613
"10467_3",0.000593
"531_10",0.993056
"8193_9",0.994292
"248_7",0.990551
"187_1",0.002586
"5193_8",0.986324
"5138_8",0.989368
"8467_1",0.028008
"11029_8",0.988050
"667_4",0.024215
"3714_1",0.001179
"8102_4",0.984109
"9195_4",0.001996
"1432_3",0.000823
"9095_10",0.972727
"11510_2",0.017243
"5644_1",0.013729
"2556_8",0.994135
"11887_2",0.001235
"5374_1",0.000892
"5356_3",0.001226
"10209_1",0.000920
"2001_8",0.967008
"6088_1",0.003984
"6140_4",0.967869
"11494_4",0.003210
"11631_7",0.848784
"4818_1",0.001073
"10914_1",0.000567
"4472_8",0.994488
"8735_9",0.993710
"11190_1",0.001570
"462_4",0.007475
"6566_4",0.001661
"4598_4",0.818338
"11566_1",0.000799
"2560_3",0.001289
"11969_4",0.001110
"8765_1",0.000924
"9957_10",0.232136
"5210_10",0.987179
"5007_10",0.993819
"10290_10",0.988949
"10319_1",0.000831
"1848_2",0.001912
"1319_3",0.001828
"11248_10",0.993512
"379_1",0.011915
"3469_10",0.993734
"437_2",0.000814
"3648_1",0.005041
"8834_1",0.000587
"3316_1",0.000807
"9563_2",0.007666
"4500_9",0.994336
"6226_3",0.005934
"5653_3",0.001221
"5415_2",0.000849
"6725_4",0.004207
"9462_10",0.992199
"3471_3",0.022350
"7259_2",0.002774
"8181_3",0.000953
"10749_1",0.003087
"12283_1",0.000892
"402_1",0.000647
"8024_10",0.994760
"11114_1",0.000863
"461_1",0.001082
"10025_2",0.000706
"3358_4",0.021206
"2022_1",0.000594
"12493_7",0.986992
"4131_9",0.991255
"9852_4",0.002243
"7122_1",0.000676
"1994_10",0.989440
"10723_9",0.072703
"3900_8",0.991938
"7741_10",0.993996
"4287_9",0.989192
"10195_10",0.989642
"10941_3",0.000792
"1615_1",0.000566
"12337_3",0.003337
"2259_2",0.003477
"6179_10",0.994860
"138_8",0.991828
"6482_3",0.005110
"10362_4",0.000579
"1341_10",0.991187
"8299_8",0.981113
"7839_2",0.000974
"6659_7",0.988369
"7143_10",0.994499
"12445_1",0.000684
"3796_3",0.001793
"4180_10",0.983101
"7775_10",0.993042
"8946_9",0.993624
"1936_7",0.784938
"8387_1",0.000566
"10092_8",0.989918
"5729_10",0.993985
"1399_7",0.993385
"4011_8",0.993961
"7868_8",0.992423
"3546_8",0.982823
"8643_9",0.989161
"6033_1",0.001032
"428_10",0.978814
"3385_10",0.992988
"3073_2",0.000601
"4169_8",0.985841
"8191_3",0.004332
"211_3",0.001372
"297_2",0.010111
"4286_8",0.987166
"535_10",0.990803
"4851_4",0.002200
"9707_1",0.000617
"9740_10",0.498261
"5410_1",0.000784
"1436_1",0.001302
"3766_10",0.993587
"2483_9",0.985677
"1937_10",0.994247
"2939_3",0.001160
"3372_1",0.000934
"7825_10",0.992892
"7780_10",0.994667
"7656_10",0.994135
"4850_7",0.990178
"5083_4",0.003410
"10429_1",0.000602
"8009_2",0.001004
"10879_4",0.018600
"7328_1",0.000799
"10055_1",0.001796
"11715_7",0.791176
"1547_1",0.001282
"7665_9",0.986904
"6061_10",0.986231
"10800_1",0.000798
"10234_3",0.030560
"11334_2",0.795301
"3106_1",0.001131
"12173_3",0.001028
"2076_10",0.993096
"4414_7",0.980281
"7679_9",0.988004
"2010_1",0.000516
"9460_9",0.990678
"11261_4",0.002230
"7500_10",0.980562
"9503_4",0.026330
"5937_4",0.005281
"87_10",0.991652
"2968_1",0.000619
"6728_9",0.990197
"9954_4",0.004811
"5875_8",0.974797
"12429_10",0.987030
"11247_10",0.986231
"8879_4",0.433082
"2999_1",0.000685
"11448_8",0.986017
"3629_1",0.000773
"1302_1",0.001498
"10851_1",0.000825
"9533_4",0.000785
"4078_2",0.000626
"7813_3",0.000600
"11284_10",0.987544
"3509_8",0.994509
"11198_3",0.001080
"9197_9",0.993698
"3603_3",0.819316
"6472_7",0.988547
"2410_2",0.001181
"10240_10",0.987723
"6507_4",0.003992
"1511_2",0.010229
"5475_2",0.000843
"5728_1",0.000697
"5294_1",0.001516
"12024_10",0.993281
"2355_1",0.001786
"4088_9",0.994112
"2580_10",0.989087
"9423_1",0.001879
"6836_7",0.992229
"11806_1",0.000584
"8412_1",0.000908
"770_10",0.988211
"1029_10",0.993587
"11288_4",0.803521
"690_3",0.002801
"1925_9",0.989622
"2116_10",0.989761
"8597_2",0.005292
"8734_4",0.012625
"5549_3",0.002269
"5447_7",0.015277
"2519_4",0.166675
"11323_7",0.973670
"9338_1",0.000651
"3299_10",0.993474
"10585_8",0.928733
"3945_7",0.979977
"813_1",0.000693
"1300_9",0.993346
"5849_7",0.990064
"5535_8",0.974821
"3612_2",0.000817
"11064_2",0.000645
"376_10",0.987723
"8504_2",0.000560
"8198_1",0.001558
"6485_1",0.000649
"9011_3",0.060696
"6766_1",0.000557
"7282_3",0.005110
"1450_10",0.637174
"10644_8",0.987351
"5424_2",0.613692
"86_3",0.041462
"1221_1",0.000531
"2309_3",0.058723
"5190_4",0.001267
"11498_1",0.005491
"11959_10",0.993372
"10465_10",0.994358
"3922_4",0.079139
"9710_9",0.982031
"2014_1",0.000793
"3791_9",0.983166
"3548_4",0.002047
"6001_3",0.000846
"11920_4",0.017426
"10152_9",0.994698
"10305_1",0.004015
"10626_1",0.001235
"3057_3",0.151906
"5387_8",0.025541
"8138_2",0.001051
"11134_1",0.000663
"8341_2",0.000621
"6687_9",0.994020
"671_3",0.003191
"1156_2",0.000608
"11841_9",0.994236
"7193_9",0.992683
"2257_10",0.994636
"5261_3",0.004802
"10475_2",0.005406
"11175_2",0.023131
"8122_9",0.993710
"6266_7",0.993056
"4340_9",0.993996
"331_4",0.008204
"854_7",0.994499
"6800_10",0.991780
"982_8",0.992906
"5916_7",0.990235
"5871_2",0.002003
"4106_9",0.985300
"8506_1",0.003686
"4610_9",0.987387
"5086_4",0.001078
"453_9",0.975577
"4611_3",0.003248
"3764_4",0.001082
"7644_4",0.001604
"4037_2",0.000637
"1595_10",0.986218
"7792_3",0.001857
"10068_3",0.000693
"7199_10",0.988613
"2050_3",0.001176
"2460_7",0.990254
"9299_1",0.000515
"6297_4",0.002941
"7797_10",0.991732
"11272_8",0.962214
"7808_9",0.986777
"5806_3",0.001214
"4573_10",0.983101
"3935_7",0.984396
"3502_1",0.000820
"5744_10",0.160990
"10548_10",0.994369
"3746_7",0.980636
"3851_10",0.994292
"2648_2",0.000609
"11397_3",0.000836
"1024_4",0.045016
"4034_2",0.000645
"7010_10",0.988820
"10429_9",0.992711
"8086_1",0.000789
"6463_4",0.007121
"3540_3",0.007039
"7608_8",0.992452
"5123_4",0.082549
"8139_4",0.075380
"2535_10",0.985000
"4187_1",0.000796
"1711_4",0.001908
"6197_4",0.001107
"4953_7",0.983832
"578_9",0.983986
"4244_10",0.987448
"3893_8",0.985057
"4903_7",0.985977
"9850_8",0.992892
"11450_3",0.000918
"4926_8",0.989182
"804_1",0.001601
"5933_7",0.985691
"4407_1",0.000868
"7951_7",0.981329
"9759_10",0.993867
"3936_8",0.987664
"6998_1",0.013364
"8967_7",0.988211
"5061_4",0.005031
"7787_3",0.000868
"8320_10",0.994573
"967_7",0.977263
"11996_7",0.627317
"4233_8",0.993346
"2494_8",0.987067
"6804_8",0.988347
"1452_3",0.001585
"10327_7",0.989741
"1510_1",0.001193
"7223_4",0.002884
"2280_10",0.968856
"4092_9",0.993624
"11305_1",0.000697
"10599_1",0.000558
"9545_4",0.001179
"6423_8",0.992214
"12314_1",0.000582
"8470_1",0.003069
"8957_8",0.993831
"1725_9",0.988514
"11127_1",0.001131
"6570_8",0.986713
"10477_1",0.001335
"5503_4",0.008985
"12251_8",0.988211
"3474_10",0.994169
"7269_1",0.000550
"997_3",0.011201
"10781_10",0.993436
"6598_10",0.993926
"9225_1",0.000897
"20_9",0.985143
"9671_9",0.991015
"8627_3",0.001549
"12404_4",0.958382
"1110_7",0.993950
"6979_1",0.000552
"9082_1",0.000964
"3626_7",0.922203
"4856_4",0.990569
"11510_9",0.993587
"7024_10",0.991489
"1501_9",0.829940
"4185_9",0.973819
"8671_9",0.992753
"2225_10",0.987424
"199_4",0.384639
"6027_9",0.988547
"359_4",0.001824
"4065_3",0.001136
"12333_7",0.989024
"1963_10",0.993661
"9106_1",0.000687
"10478_1",0.001136
"10859_9",0.993710
"357_1",0.000812
"6982_10",0.989521
"460_8",0.990569
"9266_2",0.000662
"351_10",0.994043
"9562_10",0.982014
"9784_3",0.001761
"5949_7",0.992683
"6489_1",0.174903
"1607_9",0.988668
"4482_10",0.986258
"8816_8",0.973494
"2427_1",0.001694
"4838_9",0.993202
"10961_9",0.986297
"6708_10",0.994380
"1045_9",0.983738
"3607_3",0.003601
"4325_9",0.992683
"4779_1",0.001051
"4624_9",0.989662
"4564_10",0.989830
"7132_9",0.988831
"506_2",0.002007
"5939_1",0.000784
"3219_10",0.994413
"8620_4",0.010694
"2049_1",0.000631
"3367_9",0.971074
"7408_9",0.993096
"8850_2",0.001953
"870_4",0.000940
"8056_8",0.974435
"11367_10",0.988547
"6160_10",0.993867
"6712_8",0.227555
"5267_8",0.987923
"1191_1",0.000721
"1513_3",0.019290
"4741_10",0.935051
"9807_2",0.001912
"6926_10",0.993216
"6382_10",0.994369
"6636_8",0.985158
"6592_10",0.990587
"11308_10",0.990624
"10853_3",0.003573
"1774_7",0.978052
"8259_10",0.994423
"8649_8",0.990496
"10739_2",0.000769
"9843_7",0.992837
"5984_10",0.994077
"8658_1",0.000645
"10386_1",0.002779
"3271_4",0.018334
"6167_1",0.000577
"529_1",0.000960
"5696_2",0.001561
"1601_10",0.965641
"10744_8",0.987055
"6121_9",0.946051
"2598_10",0.994314
"9209_10",0.993242
"3831_1",0.000747
"7171_9",0.994135
"1850_10",0.994100
"8728_7",0.986218
"7698_7",0.988335
"5954_10",0.994380
"7104_7",0.003566
"5617_2",0.001065
"3896_1",0.016866
"4355_1",0.005343
"4212_7",0.986350
"622_1",0.001768
"3368_8",0.989672
"2870_1",0.008495
"12107_9",0.988657
"8016_8",0.990606
"8752_4",0.981910
"10653_10",0.993549
"7245_10",0.994800
"9742_9",0.993891
"7637_4",0.470189
"11903_10",0.994191
"9818_3",0.004240
"373_2",0.002541
"110_10",0.994031
"2450_10",0.992393
"9009_3",0.000781
"9132_2",0.000744
"11076_1",0.000651
"4285_4",0.007771
"109_8",0.014560
"2585_8",0.992988
"7781_1",0.000531
"1359_10",0.993461
"9773_3",0.001048
"10328_10",0.993524
"12063_1",0.000972
"12061_1",0.001655
"555_7",0.985468
"2288_4",0.000676
"1259_10",0.919751
"12098_1",0.000868
"6493_9",0.983486
"324_3",0.002234
"7834_8",0.260248
"8918_7",0.967070
"10736_9",0.990786
"5272_3",0.004700
"4302_1",0.000700
"646_1",0.000958
"10868_9",0.992906
"9654_8",0.986662
"10790_10",0.990329
"10589_3",0.001092
"6364_10",0.993795
"8477_1",0.000606
"6938_2",0.015815
"9420_3",0.001315
"1527_10",0.993624
"5769_1",0.000796
"1655_9",0.994347
"3917_10",0.993661
"8666_4",0.014392
"11820_2",0.004944
"11633_8",0.983247
"6136_4",0.001112
"10293_1",0.000772
"1084_1",0.000685
"12287_9",0.994413
"11297_1",0.000979
"6913_1",0.002196
"11371_10",0.982774
"9937_4",0.402245
"11341_10",0.988470
"5233_9",0.993843
"4358_10",0.994247
"10735_10",0.990441
"5234_1",0.001183
"7523_1",0.000724
"5758_3",0.000924
"11916_10",0.994509
"10276_8",0.991907
"5950_4",0.257065
"10329_10",0.992906
"8419_1",0.000856
"3343_4",0.000710
"3640_3",0.002747
"10160_7",0.977001
"1181_10",0.992809
"9181_1",0.004565
"5778_7",0.163579
"3659_9",0.971618
"4695_10",0.988279
"25_10",0.993771
"6127_2",0.008332
"1343_2",0.002369
"1110_4",0.000695
"12166_10",0.985990
"1853_8",0.985014
"6651_1",0.001307
"4927_1",0.000645
"10933_3",0.296349
"6911_9",0.992611
"467_9",0.986376
"2267_4",0.002601
"9005_3",0.042167
"10493_1",0.000846
"8159_7",0.985882
"10039_1",0.000848
"5147_1",0.149531
"12176_10",0.990678
"9299_9",0.991136
"2824_10",0.982674
"7695_1",0.000844
"8870_9",0.988668
"4063_8",0.981076
"396_2",0.000822
"9016_3",0.017426
"10148_10",0.990514
"2028_8",0.988391
"3738_7",0.287068
"11365_1",0.622943
"9987_9",0.989098
"4050_10",0.994615
"8028_9",0.984898
"10161_7",0.988668
"5997_3",0.001149
"7771_1",0.010348
"765_9",0.989171
"6558_1",0.000979
"9148_9",0.975012
"10100_10",0.993747
"11870_3",0.000886
"143_4",0.001558
"5865_10",0.980015
"2364_10",0.986111
"4695_2",0.000635
"3150_10",0.993950
"4181_10",0.993612
"8121_8",0.991780
"3263_10",0.994281
"9178_8",0.994890
"11323_2",0.000817
"8922_10",0.991571
"7884_3",0.018725
"6474_1",0.002136
"9697_8",0.992016
"9184_1",0.004858
"9483_9",0.989771
"5353_10",0.988222
"5978_2",0.000742
"7162_4",0.359969
"12175_3",0.000831
"8229_8",0.987265
"8618_2",0.000664
"854_1",0.001006
"1379_10",0.975530
"10833_9",0.989430
"2244_4",0.003545
"8145_3",0.001078
"9069_3",0.001567
"691_7",0.984956
"421_1",0.001438
"951_1",0.058831
"4966_4",0.001156
"9116_10",0.993461
"7903_10",0.989501
"3684_3",0.002256
"9435_1",0.000854
"4998_1",0.000726
"9698_1",0.001105
"209_10",0.987240
"10314_9",0.986058
"6677_8",0.992934
"3044_7",0.988073
"1322_1",0.000880
"3185_1",0.001466
"6619_1",0.002907
"3765_7",0.856692
"3348_9",0.984426
"11833_4",0.001202
"2250_1",0.000628
"7760_10",0.988165
"8619_8",0.987179
"5790_9",0.989889
"9197_1",0.000637
"4350_2",0.001684
"11545_10",0.985143
"12448_10",0.987017
"7160_2",0.000764
"5966_4",0.984869
"5284_10",0.989077
"5276_8",0.260389
"7498_1",0.001075
"10729_9",0.987129
"1827_3",0.001055
"3111_1",0.000565
"8298_8",0.958343
"12447_7",0.973342
"8035_3",0.001294
"1203_7",0.993397
"7620_1",0.001255
"2375_4",0.000942
"4026_2",0.000688
"1925_1",0.000806
"3658_1",0.000559
"114_10",0.994191
"3386_2",0.000696
"377_9",0.985524
"8855_10",0.986178
"10476_10",0.993587
"9073_4",0.010902
"3255_2",0.000703
"2918_9",0.978774
"5221_7",0.986031
"7546_1",0.000658
"8080_7",0.984276
"7434_10",0.989358
"1772_1",0.000838
"2690_9",0.986980
"7133_9",0.991101
"9947_9",0.988939
"11865_1",0.003714
"6346_10",0.993307
"2945_3",0.000920
"3625_8",0.972882
"694_4",0.005261
"6795_10",0.991084
"9353_4",0.986980
"12345_10",0.983660
"5316_2",0.001949
"12204_2",0.114467
"2186_10",0.994123
"5568_1",0.000650
"11080_1",0.000834
"228_1",0.001934
"7795_1",0.000883
"4886_3",0.048722
"11547_9",0.986739
"7494_2",0.003028
"5466_2",0.003922
"3655_8",0.992767
"4790_1",0.000962
"12370_10",0.983020
"546_3",0.007938
"11818_8",0.990459
"9426_7",0.977066
"1524_3",0.000868
"6486_3",0.002415
"5288_3",0.004512
"6797_3",0.000944
"8130_4",0.062046
"4064_1",0.000602
"4832_1",0.001046
"7232_1",0.000719
"7279_3",0.010714
"8356_3",0.009143
"3556_4",0.236737
"4097_7",0.994358
"7801_1",0.007892
"8393_1",0.001623
"5847_7",0.992259
"4470_4",0.005240
"6922_3",0.000675
"1094_7",0.973819
"10740_10",0.994214
"4933_8",0.993612
"7794_10",0.994531
"7218_1",0.001617
"12470_7",0.906488
"2980_7",0.994445
"10896_4",0.026658
"8652_8",0.975785
"3638_4",0.001351
"9497_3",0.943919
"9266_8",0.994358
"7392_9",0.994259
"10_7",0.981058
"2466_7",0.983020
"1612_2",0.003854
"10262_7",0.986992
"2193_4",0.001934
"179_10",0.994499
"6025_4",0.145237
"7633_7",0.810966
"9716_1",0.000558
"9487_10",0.986125
"9800_9",0.989234
"6424_8",0.985566
"835_4",0.001610
"11351_4",0.002397
"5508_2",0.003657
"12395_1",0.001341
"11986_7",0.989561
"9947_3",0.036357
"11529_8",0.989306
"93_1",0.001305
"9914_8",0.984649
"7953_9",0.993879
"9418_2",0.001289
"9089_8",0.986284
"10337_10",0.989850
"4440_1",0.001216
"890_1",0.000634
"6965_3",0.001484
"6540_7",0.988928
"7693_10",0.980913
"6470_2",0.001356
"9262_3",0.007317
"1901_10",0.333259
"5107_10",0.988831
"6013_3",0.002091
"9295_3",0.007039
"3450_9",0.994054
"820_9",0.984336
"3207_10",0.992525
"2620_9",0.981040
"9175_1",0.000687
"3058_3",0.002283
"4648_2",0.008899
"2012_9",0.993448
"8131_1",0.000767
"4808_4",0.434536
"9182_7",0.993423
"6829_3",0.001044
"10736_3",0.001555
"12347_10",0.992199
"9973_9",0.989996
"5320_4",0.002941
"4462_2",0.001416
"2573_10",0.993029
"5580_1",0.000747
"11771_1",0.000886
"10782_2",0.005271
"7719_3",0.002132
"1897_10",0.962708
"8797_8",0.992031
"5464_10",0.993649
"6480_1",0.001707
"10346_4",0.000623
"9386_7",0.966537
"1027_4",0.170992
"11905_10",0.994688
"7804_10",0.985200
"1491_1",0.002683
"6521_1",0.000673
"11835_1",0.000578
"9661_3",0.000642
"9476_7",0.558267
"1398_8",0.979803
"7373_2",0.001145
"10278_7",0.992568
"1422_4",0.004619
"2823_1",0.003707
"2691_3",0.001688
"5825_4",0.034521
"4113_1",0.000838
"10081_10",0.959837
"6700_1",0.000775
"4482_3",0.008933
"652_8",0.940681
"5364_3",0.001174
"2853_7",0.982724
"4328_10",0.985787
"2636_7",0.975623
"10850_10",0.994584
"12059_1",0.000628
"4135_8",0.990044
"6311_2",0.000938
"12379_3",0.001438
"7288_4",0.005831
"1463_9",0.991603
"2112_7",0.992334
"3942_8",0.988679
"7693_1",0.000834
"2451_10",0.993083
"11441_10",0.987472
"11331_8",0.983134
"7233_2",0.000750
"649_2",0.048767
"6388_10",0.994615
"3861_10",0.972934
"4188_10",0.993686
"10556_10",0.994380
"5855_4",0.014729
"7153_2",0.001299
"9710_2",0.000947
"7607_10",0.994605
"4534_7",0.239661
"11074_1",0.000537
"9650_7",0.987568
"10921_4",0.018247
"6121_1",0.001186
"10458_1",0.000556
"9602_1",0.001362
"9693_3",0.042404
"9188_3",0.492981
"6333_9",0.986442
"8905_10",0.994423
"1335_7",0.993537
"11513_10",0.987711
"6925_10",0.989751
"10928_10",0.993255
"12454_1",0.000817
"6286_10",0.987628
"5163_10",0.987314
"10200_7",0.988810
"3501_10",0.993891
"6574_3",0.002217
"5169_1",0.001389
"2640_8",0.991472
"7117_10",0.994636
"3569_3",0.007861
"9810_10",0.985691
"2080_2",0.000981
"3437_2",0.002449
"7503_8",0.994520
"3753_3",0.001972
"10868_1",0.000796
"12385_10",0.020293
"11870_8",0.988917
"6694_9",0.988906
"11824_10",0.990102
"1750_4",0.201106
"572_10",0.970576
"970_4",0.010756
"12211_10",0.457652
"6972_7",0.990366
"1554_1",0.033908
"8868_7",0.979196
"501_1",0.001001
"2023_1",0.000620
"4272_3",0.000989
"2536_10",0.978652
"2819_7",0.186613
"1810_1",0.000818
"11364_3",0.003463
"6086_1",0.000679
"1901_3",0.000605
"2847_3",0.001186
"6224_1",0.000542
"4305_1",0.000576
"3685_3",0.000593
"6292_2",0.003191
"10626_8",0.989045
"10721_4",0.005200
"8086_9",0.992244
"7886_8",0.987911
"6601_2",0.001678
"3806_8",0.986284
"2611_1",0.000542
"1696_10",0.976802
"3823_10",0.961714
"6917_4",0.057335
"9469_4",0.007177
"9498_9",0.988016
"11046_1",0.000521
"6519_9",0.990385
"10676_8",0.990910
"3139_9",0.988788
"1098_9",0.994520
"2588_8",0.743378
"9924_1",0.000653
"2131_3",0.008916
"236_3",0.003260
"5390_2",0.002845
"11292_10",0.992892
"4149_8",0.992683
"610_1",0.005060
"10184_1",0.002079
"9123_3",0.009322
"3220_3",0.007636
"9124_2",0.002981
"9103_1",0.005854
"2896_10",0.994146
"8478_1",0.000611
"11845_2",0.006290
"3646_1",0.037468
"12254_7",0.992452
"857_7",0.992452
"592_3",0.071916
"1276_9",0.993599
"5096_10",0.990962
"10725_1",0.000551
"8426_4",0.125601
"10244_2",0.000741
"4786_9",0.986713
"8358_7",0.556490
"5266_7",0.991423
"3581_10",0.989889
"12349_1",0.172102
"3429_4",0.004802
"9807_9",0.993015
"6631_2",0.000995
"4981_1",0.000552
"273_1",0.000916
"733_7",0.972650
"4982_3",0.003608
"2347_10",0.987067
"6263_10",0.993346
"3699_9",0.991732
"2270_8",0.990025
"8095_10",0.993524
"3347_8",0.986752
"4161_4",0.002566
"3331_3",0.008093
"6845_3",0.000717
"9272_4",0.215227
"997_7",0.987030
"1798_10",0.993096
"4262_10",0.989612
"4868_7",0.985257
"7487_1",0.000987
"8262_10",0.992668
"12397_1",0.000822
"4786_4",0.001240
"3240_9",0.986111
"10992_10",0.994043
"8209_1",0.001226
"6089_10",0.994563
"9735_7",0.991554
"2554_4",0.015499
"8995_10",0.993831
"5732_4",0.015876
"1088_8",0.989337
"12345_4",0.004399
"9364_4",0.594154
"12348_1",0.002170
"3311_2",0.000672
"6707_4",0.001800
"7048_7",0.985950
"9736_4",0.051463
"2975_10",0.994203
"982_4",0.027429
"3227_4",0.013197
"5185_1",0.000639
"2131_8",0.993926
"6941_8",0.987387
"11936_8",0.978405
"2383_8",0.700383
"3057_9",0.993636
"8058_1",0.000570
"4622_8",0.985356
"2208_10",0.167083
"12144_8",0.984276
"2737_10",0.994077
"3550_3",0.063599
"2789_8",0.993346
"11757_9",0.990159
"10676_4",0.037644
"2855_2",0.000701
"2740_3",0.000751
"8609_7",0.986954
"2147_4",0.016466
"8093_2",0.001084
"10335_1",0.000902
"1098_4",0.000951
"6255_10",0.922273
"7276_1",0.000763
"11301_10",0.994739
"1334_3",0.002166
"8983_9",0.988591
"1694_1",0.002027
"9658_1",0.000574
"8438_8",0.987228
"536_3",0.000649
"7074_10",0.991844
"1992_2",0.004340
"5040_8",0.991764
"753_2",0.001127
"7967_4",0.015469
"3763_2",0.009003
"3953_2",0.000890
"3351_4",0.168036
"1704_8",0.993294
"6817_10",0.994292
"11914_4",0.222109
"12071_10",0.987017
"6969_4",0.031085
"11992_1",0.000779
"11532_4",0.023735
"5253_9",0.994667
"5596_9",0.992568
"6560_1",0.000830
"8082_1",0.000623
"864_2",0.005609
"5929_8",0.155912
"10217_4",0.000739
"11277_4",0.013902
"10701_10",0.948680
"1245_8",0.991118
"10024_9",0.971347
"3344_1",0.023087
"12006_10",0.993524
"1031_1",0.001305
"665_10",0.987228
"10460_1",0.010860
"7038_9",0.944485
"7843_8",0.988380
"5095_9",0.993831
"11426_3",0.001014
"265_9",0.993042
"7163_4",0.002149
"77_2",0.001142
"4709_10",0.994423
"11151_9",0.193986
"2269_1",0.000934
"820_1",0.000991
"1451_7",0.003377
"281_1",0.001016
"6598_1",0.000697
"4341_1",0.001255
"9560_3",0.001333
"4698_1",0.005831
"7408_3",0.001383
"11729_4",0.000807
"11489_3",0.008109
"9711_1",0.001078
"9994_10",0.989928
"586_8",0.993069
"8047_10",0.993281
"4531_7",0.980747
"1293_1",0.000673
"7581_3",0.001075
"5129_4",0.949716
"1748_1",0.002468
"8155_1",0.000511
"8827_7",0.813424
"6616_8",0.987265
"1040_9",0.984985
"10942_1",0.000947
"5306_1",0.000613
"8168_1",0.014588
"291_9",0.989399
"383_9",0.988119
"11908_9",0.993587
"7898_10",0.988885
"4043_2",0.000820
"3376_8",0.022479
"3067_7",0.006971
"11496_8",0.993136
"9885_2",0.037857
"3554_10",0.990696
"2986_3",0.017442
"1332_7",0.971618
"5585_8",0.981221
"5981_3",0.000669
"1556_1",0.000673
"8523_10",0.987664
"11792_1",0.000597
"7610_10",0.994594
"12114_9",0.992781
"8589_1",0.000592
"3898_8",0.990587
"5101_10",0.994402
"9607_1",0.004530
"6673_8",0.994698
"7662_1",0.001016
"2241_1",0.000667
"6674_2",0.000848
"7797_1",0.001351
"6400_2",0.001028
"628_8",0.987424
"4898_4",0.055669
"11592_2",0.030043
"1311_2",0.000620
"5494_3",0.014672
"7067_10",0.993202
"11267_10",0.992139
"6797_10",0.993499
"9987_1",0.000828
"9740_3",0.370183
"6743_1",0.000809
"5302_1",0.000697
"8464_8",0.976038
"7846_4",0.012289
"5990_1",0.000634
"10889_2",0.001042
"11406_8",0.994100
"9093_4",0.007374
"8501_1",0.000545
"8431_4",0.004382
"8076_1",0.004774
"6831_8",0.978488
"984_8",0.990768
"369_1",0.006364
"9668_10",0.994112
"2972_10",0.991764
"5611_1",0.000701
"659_1",0.000677
"6360_7",0.584760
"7628_7",0.622083
"5311_9",0.990786
"2005_10",0.994488
"5396_1",0.001024
"1308_3",0.001084
"4737_3",0.036016
"8042_1",0.000696
"11585_3",0.022824
"1182_2",0.001209
"2581_9",0.989821
"10496_1",0.000585
"3561_7",0.984927
"8272_1",0.001277
"6571_4",0.012723
"3125_7",0.989045
"9120_3",0.001378
"12220_1",0.000573
"5783_3",0.003559
"105_8",0.992975
"11885_9",0.988108
"11317_1",0.000647
"7999_7",0.992879
"5800_7",0.989692
"2811_8",0.085404
"7381_9",0.976446
"9828_7",0.979096
"7849_4",0.090655
"8174_4",0.001516
"9320_1",0.000532
"5747_7",0.993123
"11097_3",0.001292
"6472_2",0.001886
"1200_10",0.992539
"10125_4",0.001110
"5422_10",0.991922
"9889_9",0.994667
"7370_2",0.000741
"696_4",0.064713
"8609_4",0.074770
"11850_7",0.983785
"889_7",0.358586
"8695_2",0.001214
"4944_1",0.000628
"6899_8",0.992947
"3388_10",0.994594
"1051_1",0.003436
"431_2",0.002243
"2353_1",0.074635
"5131_3",0.000576
"482_9",0.986494
"1283_10",0.989572
"10884_1",0.000458
"221_9",0.992626
"8688_3",0.000795
"9891_10",0.990803
"705_10",0.990714
"5604_1",0.000534
"4960_3",0.000823
"12439_1",0.001129
"8897_1",0.000561
"3549_8",0.981239
"7301_7",0.990786
"8183_3",0.565179
"7751_10",0.992597
"9084_9",0.229363
"3048_1",0.000934
"8443_1",0.000714
"3373_3",0.001938
"3867_4",0.077378
"604_3",0.000897
"2162_1",0.000604
"4367_9",0.988447
"10255_10",0.994940
"1909_9",0.980450
"1446_3",0.000715
"1247_1",0.000692
"2703_1",0.006958
"921_1",0.000530
"156_9",0.987711
"7516_4",0.918553
"6155_4",0.003497
"8991_3",0.004086
"3813_3",0.003370
"551_4",0.000833
"12326_1",0.000704
"5102_3",0.993359
"10901_3",0.000820
"1517_1",0.000658
"8762_10",0.992753
"1282_10",0.989928
"2531_9",0.986828
"7764_8",0.988981
"2906_8",0.988004
"6730_7",0.147003
"7749_9",0.994770
"7765_3",0.001218
"12412_7",0.983597
"582_4",0.011620
"5792_1",0.001209
"2174_7",0.960324
"7605_10",0.994247
"2721_1",0.000975
"2151_10",0.988358
"8152_1",0.000766
"6488_7",0.988050
"9446_8",0.985000
"10617_8",0.992975
"12455_2",0.246125
"7377_10",0.994760
"11891_2",0.012504
"4319_4",0.047736
"1050_9",0.990178
"9109_2",0.000767
"10500_1",0.000495
"11749_7",0.986904
"12250_2",0.001014
"1193_2",0.002323
"8313_8",0.985663
"8918_4",0.002145
"7122_10",0.993783
"6210_8",0.985909
"10050_8",0.991716
"4921_10",0.993015
"1857_7",0.963984
"9718_10",0.994739
"2482_1",0.000718
"2624_1",0.001190
"3284_2",0.000585
"11435_3",0.005312
"10971_7",0.988536
"2606_4",0.026056
"7540_9",0.993015
"10929_4",0.967287
"8566_8",0.977457
"4693_1",0.000594
"1281_2",0.000700
"267_1",0.000773
"2133_10",0.987544
"6762_8",0.992611
"1043_9",0.994445
"2812_4",0.000721
"6981_4",0.000660
"4038_9",0.984649
"4256_10",0.987399
"8206_1",0.000600
"2060_2",0.006998
"7372_1",0.000715
"732_3",0.000981
"5367_7",0.972571
"9765_10",0.991084
"8843_4",0.009652
"9723_10",0.991170
"11966_8",0.983375
"5087_8",0.986350
"9379_9",0.988016
"9615_2",0.002411
"991_7",0.989541
"4461_4",0.024869
"5857_1",0.000772
"2358_3",0.001455
"5247_10",0.984694
"12430_8",0.944485
"5943_4",0.003629
"11917_10",0.992851
"4144_4",0.056392
"3128_7",0.987363
"5152_10",0.993320
"8028_1",0.000718
"788_1",0.000663
"9552_2",0.097219
"12051_4",0.001567
"701_4",0.016931
"5738_7",0.954690
"5953_1",0.000729
"3694_10",0.992154
"12371_10",0.988777
"650_10",0.994325
"3772_8",0.992077
"3919_9",0.988470
"12420_10",0.984796
"6164_1",0.001002
"12202_10",0.993673
"4142_3",0.000863
"285_4",0.002043
"9190_4",0.004802
"9297_10",0.992767
"2857_1",0.000738
"5576_10",0.993649
"7603_1",0.000575
"1987_10",0.987080
"6978_1",0.000653
"2390_3",0.001652
"662_4",0.000766
"7957_1",0.006376
"3009_2",0.001427
"9574_1",0.000571
"703_2",0.006302
"11871_4",0.001540
"8056_2",0.001864
"11468_2",0.004425
"7549_10",0.993372
"4506_1",0.005416
"160_1",0.000630
"2400_1",0.063019
"146_8",0.989202
"1174_7",0.986546
"1623_2",0.002774
"2909_1",0.000812
"9284_3",0.003344
"753_7",0.982117
"456_1",0.004399
"329_1",0.000790
"1996_10",0.994077
"7468_10",0.989771
"11219_3",0.615649
"5749_8",0.993385
"1563_2",0.002952
"9713_8",0.981962
"12467_2",0.000781
"5686_2",0.000605
"6424_2",0.000667
"11137_10",0.992597
"5613_7",0.986520
"2113_2",0.001354
"8623_8",0.982490
"2086_10",0.994135
"6846_8",0.992597
"3230_2",0.000864
"4973_4",0.001181
"2935_2",0.000578
"12176_1",0.001120
"6272_9",0.015248
"728_10",0.985936
"9843_2",0.000750
"4897_2",0.037152
"12121_3",0.001372
"11934_4",0.006758
"1453_2",0.001513
"9676_9",0.987448
"3072_10",0.992169
"6667_2",0.993216
"8932_9",0.994949
"9452_10",0.993549
"953_2",0.003377
"3268_3",0.149531
"6276_1",0.000781
"2522_3",0.007080
"2630_10",0.991668
"2031_10",0.991522
"3754_10",0.723456
"10791_1",0.004728
"7755_3",0.017526
"11180_10",0.992697
"8020_9",0.990678
"3767_4",0.985257
"3519_10",0.994100
"8180_9",0.993069
"11639_4",0.164651
"7540_2",0.000755
"4746_1",0.001118
"4027_1",0.000620
"952_1",0.001207
"4070_1",0.620550
"8346_1",0.032253
"1499_9",0.985622
"1601_4",0.001176
"1698_1",0.002174
"3055_3",0.003773
"7744_1",0.000634
"3183_8",0.994358
"9482_1",0.000757
"3712_4",0.395659
"9260_4",0.992016
"10042_1",0.000731
"3873_3",0.001375
"11273_10",0.989692
"2918_1",0.071397
"1292_3",0.001131
"1837_2",0.001592
"4650_4",0.032040
"8686_4",0.023331
"11307_8",0.969699
"10044_2",0.000611
"12035_1",0.000575
"2259_9",0.989202
"6582_1",0.020004
"10194_1",0.000989
"7932_10",0.980394
"8064_8",0.986507
"5017_4",0.463702
"6456_9",0.990821
"10768_8",0.992184
"9479_10",0.990514
"9734_4",0.008478
"2245_1",0.010209
"7275_3",0.005969
"1193_10",0.986350
"3883_4",0.001223
"5456_3",0.220217
"10014_2",0.000634
"8045_9",0.987216
"9093_7",0.987290
"9971_1",0.001277
"1052_3",0.005021
"10952_1",0.000467
"3449_7",0.038035
"2488_1",0.004915
"8422_3",0.005021
"1541_10",0.991985
"11863_1",0.000590
"10102_2",0.001449
"3838_9",0.991406
"8538_3",0.003938
"12432_1",0.000744
"6339_10",0.992920
"1860_10",0.994169
"11402_1",0.000708
"10770_2",0.003022
"8046_8",0.986611
"2748_3",0.197909
"361_9",0.990945
"8427_10",0.993229
"11792_10",0.991796
"10331_9",0.989967
"3506_1",0.000812
"7374_7",0.988447
"5658_9",0.993042
"7170_2",0.022977
"6144_1",0.000778
"5035_7",0.991505
"4566_3",0.002611
"9544_1",0.000665
"1959_9",0.992062
"2390_9",0.994043
"4960_9",0.989337
"3425_2",0.000717
"4000_10",0.989918
"12418_3",0.005491
"9771_10",0.987958
"621_7",0.987520
"3510_1",0.001325
"6893_7",0.296909
"3680_9",0.994423
"3118_9",0.991875
"5433_7",0.990404
"8381_9",0.989470
"10205_10",0.992725
"1437_1",0.000964
"5675_2",0.001441
"1597_7",0.985072
"1549_1",0.000881
"11391_10",0.991373
"12101_8",0.994573
"9356_8",0.989213
"10128_1",0.001156
"11249_4",0.019051
"12441_2",0.000647
"7486_2",0.012576
"4905_9",0.987794
"5441_1",0.001061
"2613_10",0.984898
"10351_3",0.093017
"10459_10",0.991954
"2565_8",0.994259
"1338_1",0.000947
"823_7",0.977883
"8924_7",0.993996
"1382_10",0.988414
"4150_7",0.075244
"6004_8",0.967747
"2508_10",0.988447
"10935_8",0.986967
"692_7",0.980599
"7778_10",0.992334
"2016_10",0.992934
"1042_3",0.001305
"7823_1",0.001322
"149_1",0.000881
"5551_3",0.001125
"366_8",0.994423
"3483_10",0.990750
"278_1",0.000999
"9951_4",0.236649
"2731_10",0.993307
"4403_10",0.994259
"5307_1",0.000639
"8185_9",0.993624
"11059_8",0.992047
"10273_10",0.993410
"5336_4",0.001116
"5147_7",0.970604
"1525_1",0.005100
"8507_7",0.992408
"8501_10",0.992093
"2424_2",0.002187
"8959_9",0.994467
"11318_8",0.992229
"1270_8",0.993397
"1655_1",0.000673
"10161_1",0.000940
"8531_10",0.976736
"9144_4",0.002337
"1201_2",0.018264
"11822_10",0.993189
"11486_3",0.001160
"8038_10",0.991289
"1981_2",0.005957
"11901_10",0.994358
"5441_9",0.994900
"11709_9",0.990551
"9333_8",0.986271
"7881_3",0.002546
"2815_9",0.985963
"3251_3",0.000641
"1792_3",0.001044
"8625_2",0.001821
"4221_3",0.178956
"2742_10",0.993636
"11118_4",0.207054
"11613_3",0.006641
"6104_1",0.000970
"3046_1",0.000568
"8729_4",0.006615
"1827_10",0.993359
"762_7",0.974337
"8855_2",0.000655
"7573_3",0.009179
"8616_4",0.004682
"4830_7",0.988142
"6646_1",0.001639
"8746_4",0.065545
"1875_7",0.986585
"1221_10",0.994520
"11842_2",0.000540
"3002_1",0.000859
"5776_1",0.000732
"5479_10",0.990159
"6034_4",0.016625
"10984_1",0.004592
"12043_2",0.001610
"4961_8",0.992683
"9601_10",0.334216
"2216_4",0.004062
"1189_10",0.989957
"8461_4",0.001507
"2575_10",0.991049
"3782_1",0.000804
"8927_8",0.988766
"7006_4",0.000989
"6103_7",0.988766
"3218_10",0.994729
"797_10",0.991780
"76_4",0.377412
"9497_7",0.976979
"9637_1",0.001238
"1070_10",0.990422
"9732_10",0.000778
"8144_3",0.003185
"6247_10",0.981453
"10230_7",0.993902
"10731_3",0.000913
"740_8",0.991204
"2145_8",0.986311
"834_8",0.986752
"6621_10",0.993110
"1749_4",0.182062
"5730_10",0.988324
"11167_4",0.001289
"1106_9",0.984291
"8152_10",0.994123
"11968_8",0.973993
"7728_9",0.986904
"237_1",0.000979
"10754_1",0.000843
"1055_10",0.994605
"65_7",0.990083
"4092_3",0.006451
"3337_7",0.991505
"3163_8",0.977756
"7645_1",0.000630
"10883_1",0.000736
"4597_7",0.985923
"11850_1",0.001080
"1025_10",0.993587
"11908_2",0.004944
"7838_4",0.100790
"7725_7",0.993524
"8146_9",0.994402
"3741_8",0.994584
"323_2",0.005900
"8244_3",0.000724
"4593_1",0.000801
"6902_1",0.000684
"1791_1",0.000761
"11490_10",0.988290
"4200_1",0.000650
"1611_2",0.008627
"3215_10",0.994467
"5864_10",0.002323
"3776_1",0.002556
"6356_9",0.994191
"9139_10",0.989129
"5115_10",0.994488
"3064_10",0.993385
"149_9",0.988842
"2873_3",0.000710
"3790_1",0.000656
"3136_9",0.989213
"1696_3",0.008627
"4961_2",0.006451
"11918_10",0.992184
"3663_10",0.994800
"8115_3",0.002191
"3690_8",0.962918
"11431_1",0.000864
"3830_10",0.988234
"11896_10",0.993686
"8753_10",0.986942
"10121_1",0.021927
"1142_7",0.989551
"7188_7",0.969871
"7044_1",0.001681
"11750_4",0.000637
"7688_10",0.991668
"12292_10",0.992906
"5533_1",0.027507
"4147_4",0.001495
"8515_2",0.001006
"10756_3",0.039343
"11899_10",0.993307
"11867_2",0.001444
"7814_8",0.993499
"1855_10",0.995066
"10357_2",0.000793
"5218_1",0.013795
"6641_9",0.987853
"5777_10",0.987338
"11982_1",0.000626
"10980_10",0.991289
"8585_8",0.986111
"941_2",0.000701
"1697_7",0.989389
"9872_8",0.992452
"2377_4",0.001642
"2033_8",0.993996
"5864_1",0.001976
"4295_7",0.994749
"2610_1",0.000623
"1730_10",0.985086
"11095_8",0.982271
"1699_8",0.983581
"344_9",0.994054
"7136_3",0.000834
"2402_10",0.980803
"472_10",0.988131
"170_7",0.981823
"7019_1",0.001901
"11798_10",0.989582
"7549_2",0.000631
"8414_10",0.991170
"573_3",0.005512
"6678_1",0.007149
"10002_3",0.004007
"3905_3",0.083965
"1849_4",0.070560
"7959_2",0.001860
"597_4",0.060808
"2719_8",0.987179
"10519_1",0.000680
"6112_1",0.000958
"1322_9",0.991636
"12415_8",0.993423
"6727_1",0.000869
"12393_1",0.000628
"8545_9",0.994180
"528_7",0.991684
"12267_8",0.990587
"5842_10",0.982558
"8471_2",0.001915
"3912_9",0.987203
"4831_8",0.994180
"5767_3",0.000795
"10631_9",0.982185
"8069_8",0.989161
"190_9",0.993524
"12343_7",0.987664
"645_1",0.000781
"10326_1",0.000573
"11271_9",0.530936
"11808_8",0.992753
"3200_2",0.000890
"4518_2",0.000564
"8307_2",0.001167
"2057_10",0.988820
"3705_1",0.000751
"11581_7",0.988301
"11777_9",0.984942
"1367_3",0.010308
"12248_9",0.990235
"2994_8",0.987711
"5170_1",0.000673
"8781_7",0.699344
"9137_1",0.002758
"9970_4",0.013795
"3412_7",0.457318
"9399_1",0.000999
"7917_8",0.979056
"1157_1",0.000658
"12489_10",0.987017
"5365_8",0.994563
"9295_10",0.991620
"11505_1",0.000680
"8647_4",0.005969
"6609_2",0.000744
"6859_1",0.009841
"2436_10",0.993083
"4255_4",0.321061
"12347_1",0.007205
"4237_4",0.000851
"11687_10",0.988391
"2964_7",0.297674
"2836_4",0.001923
"1944_4",0.420384
"3218_1",0.001151
"2752_10",0.993673
"9994_3",0.001024
"11566_8",0.993710
"5741_10",0.993879
"7127_10",0.989378
"11864_2",0.000639
"5159_9",0.992393
"658_3",0.002011
"10177_3",0.001492
"4843_1",0.000604
"1441_1",0.023375
"2741_2",0.000719
"6045_3",0.001501
"7020_8",0.993698
"2120_1",0.001410
"2336_1",0.000838
"10167_9",0.988313
"10251_3",0.000658
"9335_4",0.002812
"6670_3",0.029146
"9937_7",0.607820
"3258_7",0.975924
"3234_7",0.987900
"3601_1",0.000696
"5635_9",0.983004
"11427_7",0.990551
"3349_4",0.001020
"1334_10",0.982271
"10474_10",0.994225
"2361_10",0.990514
"1471_2",0.000975
"10705_10",0.990102
"10559_7",0.984898
"3070_10",0.993333
"10087_1",0.000815
"1952_7",0.981471
"682_9",0.905948
"6576_10",0.992823
"956_3",0.002103
"3960_1",0.000942
"62_2",0.000899
"3200_8",0.993423
"2127_1",0.120646
"6878_9",0.993807
"1600_10",0.991571
"11995_7",0.682230
"5239_2",0.000654
"6018_7",0.992697
"9185_1",0.001230
"4707_7",0.982168
"12407_10",0.994477
"5831_10",0.994391
"2264_7",0.985814
"7226_8",0.994391
"6337_7",0.983182
"5047_3",0.902438
"228_10",0.993410
"4230_1",0.001211
"4058_8",0.989870
"5634_4",0.000985
"11680_1",0.002652
"1320_9",0.993163
"12461_8",0.993807
"10076_10",0.993281
"9170_8",0.994020
"4519_10",0.993843
"5906_2",0.001075
"2065_8",0.981771
"8453_10",0.990821
"262_1",0.000553
"454_10",0.993307
"11532_8",0.994584
"8169_2",0.070432
"6873_8",0.985950
"10061_4",0.005809
"11565_4",0.073897
"258_1",0.001576
"5896_1",0.000533
"4395_1",0.000715
"3774_1",0.000763
"12340_8",0.983343
"7497_8",0.990366
"4321_2",0.001084
"6258_2",0.000728
"3950_1",0.000671
"9998_8",0.994677
"3524_8",0.989840
"2003_10",0.994054
"10366_3",0.000673
"2602_10",0.990025
"8684_8",0.991620
"12268_9",0.993096
"4846_8",0.991538
"5969_1",0.013096
"173_4",0.000883
"2790_10",0.994605
"2637_1",0.000859
"10239_1",0.000751
"5120_9",0.994509
"3802_10",0.979315
"6897_7",0.081666
"8478_9",0.991049
"2441_4",0.308346
"4827_1",0.002611
"4326_1",0.000985
"252_3",0.012601
"7201_8",0.984215
"801_2",0.014700
"10008_4",0.021247
"6740_10",0.993346
"674_3",0.151467
"6341_9",0.993867
"1882_7",0.990927
"10843_10",0.987652
"1593_4",0.076615
"3592_1",0.008125
"4658_4",0.008172
"2564_2",0.000931
"7229_9",0.988004
"4186_1",0.000630
"10227_3",0.001018
"4580_3",0.001145
"10367_3",0.005190
"10034_9",0.987412
"6834_10",0.992988
"11326_9",0.994043
"4683_1",0.000918
"5596_1",0.000725
"4238_3",0.001629
"11881_10",0.992851
"11910_2",0.018636
"934_1",0.000704
"3660_8",0.994270
"365_1",0.000553
"3677_9",0.993747
"6522_10",0.757301
"3167_10",0.991860
"6104_10",0.987993
"2584_2",0.016014
"4264_8",0.989140
"5648_9",0.991844
"1863_9",0.990514
"7464_10",0.994270
"7643_8",0.990514
"7030_10",0.994890
"2768_2",0.000662
"3845_1",0.000679
"11590_10",0.989702
"8578_3",0.011376
"8733_9",0.988842
"4099_1",0.000893
"5810_1",0.000977
"442_3",0.008882
"1374_9",0.986815
"7704_10",0.378086
"4526_1",0.000745
"2978_8",0.986468
"3096_1",0.000689
"1589_9",0.994020
"11197_7",0.991032
"6751_8",0.988039
"10043_10",0.994456
"4045_2",0.000523
"7706_8",0.981806
"1876_10",0.989928
"4224_9",0.991828
"10833_1",0.000625
"11549_10",0.988256
"7081_8",0.994169
"6410_8",0.989306
"10609_9",0.994169
"9910_1",0.000635
"4474_7",0.993136
"9775_9",0.984664
"9245_10",0.993891
"11514_8",0.994369
"3182_4",0.054349
"3127_3",0.017712
"7311_1",0.000977
"4266_10",0.993855
"12410_10",0.993083
"7548_1",0.000833
"10446_2",0.001839
"4854_2",0.000735
"1152_8",0.984767
"11660_4",0.206254
"3452_2",0.000664
"2401_7",0.989592
"11703_7",0.986623
"4053_2",0.000606
"4882_9",0.992837
"8050_7",0.919859
"9053_4",0.525612
"12313_10",0.994989
"12085_1",0.000958
"2130_2",0.001090
"8499_10",0.986572
"9230_3",0.013929
"2697_10",0.990121
"7682_3",0.007317
"1473_7",0.443706
"3124_4",0.000710
"10694_10",0.989119
"11541_9",0.985271
"7033_10",0.988712
"305_10",0.988119
"12164_8",0.985855
"7594_2",0.022586
"2101_3",0.002726
"9579_2",0.001681
"1482_4",0.951006
"4362_1",0.000599
"1263_9",0.993574
"2543_9",0.994467
"8642_1",0.001289
"229_1",0.004315
"12045_10",0.994739
"810_9",0.990821
"5188_7",0.989337
"2690_1",0.000659
"922_3",0.001267
"10957_10",0.994123
"9275_3",0.005459
"7289_10",0.991373
"1809_2",0.000575
"11846_1",0.386271
"5888_10",0.994347
"1506_7",0.986071
"6255_1",0.000706
"4995_7",0.981893
"2423_1",0.000745
"4030_8",0.992334
"4839_7",0.988874
"364_1",0.000645
"3510_9",0.994347
"2092_10",0.991969
"600_1",0.000871
"5490_9",0.994020
"9442_8",0.984561
"5330_8",0.984649
"10858_10",0.988777
"2746_8",0.986389
"848_9",0.939081
"6713_1",0.227555
"8274_10",0.990441
"2507_1",0.000598
"4558_1",0.000547
"957_2",0.000985
"11667_8",0.986191
"2374_2",0.001036
"8156_1",0.053502
"1080_8",0.985580
"11274_8",0.626701
"12467_10",0.994303
"5941_1",0.959383
"6205_1",0.000752
"4517_9",0.989077
"102_4",0.001579
"6022_8",0.986623
"10054_3",0.001230
"3907_3",0.001661
"5232_8",0.986178
"10064_2",0.347177
"6529_1",0.001433
"11003_1",0.000569
"9151_7",0.987460
"6612_8",0.988391
"12189_10",0.987436
"6510_2",0.001356
"3129_7",0.992725
"7864_2",0.001623
"11603_3",0.418987
"10741_9",0.993673
"2235_7",0.989013
"2125_2",0.004495
"2050_10",0.990292
"8397_1",0.000712
"5275_1",0.045310
"7755_10",0.986085
"12065_4",0.960584
"269_8",0.992879
"1933_2",0.054149
"9182_3",0.065605
"3153_10",0.992467
"3922_7",0.986853
"2674_3",0.002958
"7407_4",0.000739
"737_7",0.981058
"5223_1",0.000868
"10937_1",0.019776
"9026_4",0.034914
"1564_8",0.994520
"1724_10",0.993216
"1224_3",0.040846
"8536_4",0.001678
"11215_8",0.964556
"3063_10",0.990422
"9559_9",0.802788
"5165_2",0.001354
"9396_1",0.001024
"6404_1",0.000644
"6019_1",0.321207
"7249_8",0.983470
"1765_1",0.000583
"7685_4",0.820037
"8196_10",0.994520
"11749_1",0.001946
"1257_10",0.983295
"3488_8",0.989077
"8605_8",0.992626
"6697_4",0.005957
"11540_1",0.000958
"6262_4",0.021430
"1998_8",0.962673
"3019_1",0.000772
"1087_2",0.001315
"8356_8",0.936692
"10036_10",0.991305
"10547_10",0.994247
"2562_1",0.000763
"5096_3",0.003839
"12128_1",0.001402
"2574_10",0.990945
"10144_8",0.994509
"3678_1",0.000588
"2579_2",0.009615
"6695_7",0.291384
"1465_7",0.986165
"11846_9",0.993136
"1219_9",0.994739
"4936_9",0.994900
"12382_4",0.505127
"8807_1",0.000707
"7700_1",0.000897
"4209_8",0.988755
"10178_10",0.989013
"9835_8",0.983134
"161_3",0.000899
"670_3",0.001444
"7158_10",0.992525
"9502_4",0.001367
"9880_1",0.001335
"39_3",0.138113
"11161_9",0.982823
"12026_9",0.994636
"4439_3",0.002132
"8303_10",0.991339
"408_7",0.985300
"1065_9",0.986017
"5188_2",0.000600
"929_10",0.993448
"4765_7",0.989860
"2117_4",0.077100
"6653_4",0.001348
"2342_1",0.000701
"8445_1",0.000621
"1708_1",0.000636
"7995_10",0.986442
"1104_4",0.001589
"3847_1",0.001484
"7276_10",0.994456
"11269_7",0.350005
"3158_1",0.001223
"11061_1",0.000662
"851_7",0.105579
"8214_2",0.002571
"9174_1",0.001397
"7040_3",0.003679
"4082_4",0.005843
"3553_8",0.785884
"6733_10",0.991938
"4910_3",0.026607
"10149_1",0.000559
"5609_4",0.000773
"4174_3",0.002031
"9213_1",0.003636
"2881_9",0.991796
"1408_3",0.015604
"10832_1",0.004298
"7216_3",0.006798
"9905_10",0.994615
"9050_3",0.004503
"3789_4",0.013402
"6490_8",0.991204
"7649_7",0.988766
"6901_8",0.986967
"11597_9",0.989551
"3259_1",0.001765
"5936_3",0.001498
"1214_2",0.214774
"2840_1",0.000695
"1956_10",0.994380
"2392_2",0.001226
"239_9",0.993397
"6860_8",0.977926
"1716_9",0.986841
"9595_10",0.960175
"1630_1",0.003416
"11293_3",0.001772
"8288_10",0.992583
"6618_7",0.984231
"12378_1",0.032253
"11560_1",0.000734
"12124_8",0.995075
"486_10",0.992837
"6654_3",0.002998
"6915_10",0.975693
"8773_1",0.040087
"10211_4",0.075041
"5769_9",0.989561
"10038_4",0.000871
"3737_9",0.994605
"11512_1",0.018493
"8025_7",0.800302
"397_7",0.966092
"10670_9",0.985115
"11648_4",0.001744
"10361_1",0.000624
"12439_8",0.992510
"9958_8",0.987240
"8659_1",0.000722
"12400_1",0.001138
"10680_7",0.958187
"2435_10",0.973720
"5506_4",0.003900
"9025_3",0.007923
"5749_4",0.002200
"5090_1",0.000583
"2688_9",0.991505
"8397_10",0.985186
"8610_8",0.979511
"9398_10",0.991828
"5144_10",0.993333
"10797_10",0.988547
"9623_2",0.002458
"3269_8",0.984516
"5480_7",0.981577
"43_1",0.001097
"4156_1",0.001449
"1629_1",0.000983
"6536_10",0.994292
"8384_1",0.001942
"2820_10",0.993819
"7976_3",0.000725
"3745_10",0.048994
"11258_8",0.994020
"7908_7",0.991603
"9166_7",0.985923
"8976_8",0.988514
"3692_1",0.000551
"4937_4",0.051320
"11935_9",0.987055
"7722_7",0.982100
"8757_4",0.000769
"1218_10",0.993649
"3620_8",0.181916
"9017_4",0.000933
"8300_3",0.005797
"11325_4",0.029817
"1093_8",0.993926
"166_4",0.004382
"6088_10",0.990496
"2149_10",0.994434
"4884_9",0.993843
"9786_1",0.000970
"4258_3",0.000970
"9890_1",0.012432
"8911_1",0.009268
"11618_3",0.004150
"4510_1",0.001147
"3173_4",0.169337
"10418_1",0.000632
"8954_1",0.001279
"723_2",0.000775
"1164_1",0.000566
"11404_4",0.001525
"5737_3",0.001305
"10073_3",0.000945
"1900_8",0.953966
"9532_10",0.988447
"839_4",0.006680
"4562_1",0.021145
"3963_3",0.000908
"5220_10",0.977543
"663_9",0.993783
"10156_8",0.993448
"3759_7",0.939582
"5153_4",0.011376
"7580_3",0.000767
"12403_10",0.994236
"4893_8",0.993255
"892_8",0.988766
"79_2",0.000653
"10716_8",0.994077
"11452_7",0.976038
"1214_7",0.981893
"8901_10",0.986350
"12221_10",0.994135
"2055_9",0.984291
"5911_3",0.001147
"10866_3",0.000858
"10063_1",0.000838
"10563_9",0.986739
"11931_8",0.969237
"1180_1",0.000693
"8194_1",0.000518
"7837_4",0.991748
"1876_1",0.000859
"9203_1",0.001107
"10091_1",0.000714
"2434_9",0.991668
"7908_1",0.000818
"8591_4",0.045735
"4222_7",0.651272
"11430_4",0.961750
"757_1",0.001190
"6442_8",0.985440
"10056_8",0.984855
"3179_2",0.005427
"3130_3",0.012601
"11921_7",0.992554
"4139_9",0.995056
"195_10",0.988165
"6286_1",0.006985
"5701_2",0.001149
"7470_8",0.991571
"9205_9",0.984185
"10683_8",0.986942
"672_4",0.451447
"604_10",0.995018
"7757_10",0.994477
"5228_4",0.533215
"3998_10",0.993372
"7444_4",0.942454
"9684_10",0.986967
"8455_7",0.994157
"3989_8",0.994270
"1115_3",0.002328
"6469_4",0.003248
"4524_8",0.562011
"3103_7",0.988391
"3108_8",0.993973
"2219_10",0.993624
"10269_8",0.374140
"838_4",0.006327
"5367_1",0.000767
"9110_10",0.993216
"5736_1",0.002011
"5100_4",0.033748
"3399_4",0.006229
"7575_9",0.989202
"7954_9",0.991322
"870_7",0.988928
"3811_9",0.968411
"8011_9",0.988481
"8172_10",0.993950
"3209_4",0.001897
"7380_10",0.991238
"10210_3",0.002591
"8162_9",0.989077
"10784_9",0.994157
"482_1",0.000848
"1452_9",0.988256
"2686_4",0.019216
"543_8",0.992093
"495_2",0.000717
"2887_9",0.993083
"11780_1",0.000607
"9742_2",0.000757
"1762_1",0.000897
"5264_9",0.993216
"7958_4",0.069605
"6010_10",0.994314
"1284_9",0.988788
"10420_3",0.002128
"7736_7",0.985580
"1178_10",0.993698
"529_10",0.993524
"4063_4",0.001610
"10480_8",0.988313
"2412_2",0.000958
"5206_3",0.017094
"11963_9",0.992725
"663_1",0.003034
"352_4",0.173428
"7504_3",0.005843
"8678_1",0.000728
"2330_2",0.973011
"12282_1",0.001711
"6485_10",0.963780
"9306_1",0.000721
"7468_4",0.001338
"12207_1",0.000859
"6701_7",0.476854
"9861_7",0.969062
"6318_7",0.984124
"11612_1",0.000949
"4800_10",0.978672
"5360_3",0.265642
"4977_4",0.023780
"1678_9",0.984471
"5017_8",0.985538
"3087_9",0.006824
"1915_8",0.981489
"574_10",0.987460
"6062_8",0.994169
"2860_4",0.990606
"1800_4",0.011778
"1928_9",0.988981
"9890_10",0.994605
"12159_8",0.984336
"649_7",0.987277
"8708_1",0.000911
"8181_10",0.993110
"3495_1",0.000721
"11612_10",0.987017
"6919_10",0.993320
"12217_9",0.978814
"9276_4",0.011332
"3520_9",0.990404
"6492_4",0.204342
"3900_2",0.057282
"12298_9",0.987387
"12394_1",0.001786
"4873_8",0.683327
"4797_1",0.001107
"3197_9",0.993474
"2474_10",0.991554
"4042_10",0.990587
"10641_1",0.000922
"10882_2",0.001629
"4803_4",0.014064
"7459_10",0.989419
"1828_1",0.000706
"1718_10",0.988458
"9603_1",0.001202
"940_7",0.325976
"3074_4",0.002296
"8802_10",0.991472
"7180_4",0.001158
"5250_1",0.003075
"2734_7",0.989368
"2354_8",0.983785
"6805_1",0.001484
"11156_4",0.002747
"2734_3",0.067485
"12216_1",0.000639
"660_8",0.992988
"8978_10",0.989460
"6272_1",0.001408
"8294_4",0.000985
"11956_8",0.994146
"3265_1",0.000577
"705_2",0.073364
"9058_9",0.993783
"3582_3",0.001455
"6985_1",0.000886
"5611_9",0.987759
"9491_3",0.035544
"9945_3",0.000751
"1840_10",0.989045
"12280_3",0.001688
"1932_10",0.988547
"8682_10",0.992554
"5418_9",0.992349
"3354_9",0.986004
"8078_3",0.001427
"7747_1",0.001472
"2669_7",0.982840
"9180_7",0.988514
"1320_1",0.000728
"7742_8",0.994325
"6232_9",0.990348
"3459_9",0.994780
"1008_2",0.004486
"7987_8",0.972125
"5078_7",0.981113
"10660_10",0.988062
"10325_2",0.000854
"4951_3",0.001475
"10502_7",0.094093
"7548_9",0.044681
"2870_10",0.990006
"8136_4",0.360320
"9870_8",0.004273
"7588_4",0.004556
"7845_2",0.000911
"10334_7",0.985000
"4860_1",0.002621
"4855_9",0.988701
"1337_10",0.991373
"6403_3",0.002632
"9447_10",0.994191
"4724_3",0.365711
"10895_10",0.993229
"2171_4",0.018352
"5361_9",0.989286
"11056_2",0.000650
"9772_10",0.986904
"5719_8",0.993855
"3050_7",0.954858
"4406_1",0.003686
"9833_4",0.064949
"1217_2",0.000590
"2632_1",0.000721
"3250_1",0.088741
"5130_9",0.994729
"3526_7",0.985440
"2793_3",0.000620
"10708_3",0.199386
"6415_8",0.988960
"11258_2",0.001481
"11451_1",0.004086
"7724_2",0.001821
"4276_4",0.000634
"6058_1",0.000625
"4086_1",0.009394
"3670_8",0.991554
"7125_8",0.989938
"9377_8",0.980091
"763_2",0.014448
"7882_8",0.991844
"757_9",0.983263
"389_1",0.001408
"9102_10",0.993123
"9384_7",0.884039
"5684_8",0.993448
"12090_4",0.004166
"12002_4",0.000663
"5443_7",0.993649
"8782_9",0.987544
"9878_9",0.991356
"9640_1",0.005730
"999_3",0.007756
"6249_3",0.033400
"1656_7",0.993950
"6649_10",0.387129
"4630_1",0.011201
"11300_8",0.983470
"5894_10",0.982372
"3198_1",0.000681
"7924_2",0.124639
"6318_1",0.001036
"8075_2",0.102036
"10005_2",0.201028
"6431_8",0.994112
"635_2",0.002736
"1803_3",0.004391
"5721_4",0.002795
"1116_7",0.994636
"1456_4",0.002884
"51_10",0.994800
"7155_9",0.987876
"929_2",0.000815
"12269_1",0.000583
"10597_1",0.001204
"9005_7",0.980205
"10467_9",0.994336
"2251_9",0.990997
"1977_9",0.992781
"8539_8",0.983581
"2416_1",0.000574
"8508_9",0.979629
"10401_1",0.007533
"12217_2",0.001112
"5484_1",0.005220
"3833_10",0.988971
"465_4",0.007275
"7591_7",0.972727
"11485_9",0.992244
"3728_1",0.000767
"5538_8",0.988981
"10751_4",0.005900
"8883_8",0.988436
"6581_1",0.001492
"5476_1",0.001322
"4338_9",0.994800
"10343_1",0.000836
"2914_10",0.992139
"6103_1",0.270384
"7691_1",0.000651
"3444_3",0.001223
"2397_8",0.994626
"8255_8",0.983550
"1660_1",0.000868
"10154_2",0.986017
"2138_3",0.001277
"9614_3",0.002768
"2682_10",0.994157
"1813_3",0.000803
"10581_3",0.000985
"3733_4",0.000957
"5210_4",0.000739
"11961_8",0.986044
"7928_4",0.001131
"12156_4",0.001772
"11025_4",0.001765
"11233_10",0.993281
"473_1",0.000629
"6648_2",0.001209
"2451_1",0.000640
"7679_2",0.000708
"2954_9",0.993759
"9652_10",0.990514
"724_3",0.348922
"7592_4",0.002015
"7669_9",0.992892
"3816_1",0.000655
"1401_4",0.001678
"8551_2",0.000974
"7901_8",0.987568
"10552_4",0.004110
"330_10",0.993807
"232_4",0.000566
"12351_8",0.989358
"12451_10",0.993636
"5884_9",0.985841
"603_4",0.002319
"3415_7",0.320635
"8727_1",0.003490
"10099_4",0.031203
"7989_10",0.989771
"2329_2",0.002174
"5774_1",0.000968
"8201_3",0.209066
"3491_1",0.000851
"12210_10",0.183740
"7604_8",0.982322
"1676_10",0.989592
"6477_9",0.988853
"2521_10",0.993771
"9140_2",0.001513
"2463_4",0.000726
"587_8",0.987005
"7120_10",0.651260
"7734_10",0.993612
"7322_10",0.986284
"3803_2",0.000649
"2417_4",0.002187
"7757_4",0.000715
"478_9",0.983894
"12269_9",0.990348
"10472_3",0.001793
"2858_9",0.988458
"414_9",0.002031
"2552_4",0.001094
"11615_8",0.987946
"201_2",0.000605
"5624_3",0.001525
"5080_8",0.987265
"4507_10",0.985580
"1527_3",0.010714
"6282_1",0.003154
"3911_1",0.000900
"4616_9",0.989840
"9562_4",0.959913
"9975_8",0.992837
"7584_10",0.993397
"1121_1",0.000734
"382_10",0.986111
"11309_1",0.000767
"5424_10",0.985855
"8697_8",0.987338
"12420_2",0.001247
"5052_10",0.993029
"1037_1",0.002337
"346_7",0.515163
"2285_8",0.993747
"10867_1",0.000634
"4335_9",0.992809
"9088_7",0.096110
"11037_8",0.981185
"1993_4",0.012031
"11469_3",0.000718
"1834_2",0.000630
"10723_4",0.002768
"5377_3",0.025712
"1812_1",0.001078
"2760_8",0.993294
"12062_10",0.162380
"1847_1",0.000776
"1280_3",0.014434
"2106_8",0.982507
"5414_1",0.003357
"4930_10",0.994303
"5024_9",0.993938
"5295_9",0.174340
"5427_10",0.986701
"10526_2",0.000615
"5517_2",0.003016
"3971_8",0.983150
"12260_7",0.985496
"3676_10",0.994112
"4132_7",0.993891
"6721_8",0.983754
"2381_7",0.993163
"818_1",0.000922
"6503_7",0.969928
"12068_7",0.983878
"8847_1",0.000583
"10698_8",0.977841
"2347_3",0.001238
"9337_10",0.986559
"9070_4",0.139455
"7962_10",0.994413
"12183_4",0.048677
"12410_3",0.002742
"7988_9",0.989430
"8980_8",0.985950
"8568_4",0.002149
"8374_7",0.993734
"3561_4",0.003267
"692_4",0.348879
"4259_1",0.006758
"1627_1",0.001484
"7064_9",0.994594
"5410_7",0.987923
"10003_3",0.002596
"12068_3",0.001338
"8048_7",0.592460
"2590_1",0.000741
"3464_2",0.992525
"8423_10",0.023689
"5036_4",0.089455
"10030_3",0.022759
"5500_9",0.989358
"10129_10",0.988414
"1549_10",0.989781
"6463_10",0.994760
"1026_2",0.016964
"6681_10",0.994739
"11004_1",0.000624
"6191_10",0.992640
"9253_4",0.985370
"3193_10",0.994402
"7563_1",0.000529
"3104_7",0.988777
"6369_9",0.994112
"606_1",0.000701
"6069_10",0.994729
"6966_7",0.981329
"8945_4",0.004556
"4920_1",0.000599
"7358_10",0.988391
"9665_10",0.993902
"5005_1",0.004583
"12324_2",0.000801
"1878_1",0.000833
"5917_2",0.001688
"11912_7",0.992289
"11692_1",0.000724
"11505_10",0.994499
"5416_8",0.987865
"12072_1",0.000776
"4436_10",0.989129
"11762_1",0.001032
"5805_10",0.994135
"9464_1",0.000828
"9412_2",0.000552
"11262_4",0.028301
"853_7",0.980469
"7087_4",0.002055
"1896_10",0.993320
"9749_4",0.940134
"7431_2",0.002492
"10253_3",0.000878
"10675_4",0.589096
"4275_4",0.008300
"5399_8",0.994031
"9388_10",0.965316
"7019_10",0.994380
"10223_2",0.000656
"10216_1",0.000812
"2097_3",0.002287
"4243_3",0.002252
"8672_1",0.001946
"1260_3",0.013849
"1734_10",0.983707
"2955_9",0.994112
"12033_1",0.000613
"8243_3",0.002350
"8741_2",0.009652
"6481_7",0.993867
"7053_1",0.000668
"1624_8",0.986324
"2900_1",0.003436
"4328_1",0.000700
"11732_7",0.993673
"746_1",0.001516
"6004_3",0.001018
"6162_2",0.000708
"9375_4",0.024845
"10924_4",0.082180
"6304_4",0.013532
"10035_10",0.993710
"8867_2",0.000625
"9781_10",0.991985
"8902_8",0.977564
"1006_8",0.107907
"7230_1",0.000630
"8788_9",0.986980
"2079_10",0.988777
"11987_3",0.001362
"2724_7",0.970799
"8534_2",0.000710
"7052_1",0.000880
"4390_8",0.994100
"520_10",0.987853
"3936_3",0.001912
"5160_3",0.000583
"10519_8",0.983878
"8906_1",0.000602
"8750_4",0.007275
"8606_3",0.003869
"12038_2",0.190950
"2939_8",0.988853
"5721_10",0.989024
"6798_8",0.988810
"11820_10",0.994688
"6435_10",0.010014
"404_8",0.992452
"6066_9",0.993926
"7921_3",0.001655
"5468_3",0.003869
"7034_10",0.992583
"4309_3",0.011266
"8201_7",0.989254
"3656_10",0.993397
"8786_4",0.076339
"10564_3",0.000613
"7401_4",0.000803
"1163_1",0.000885
"9915_10",0.993973
"11080_10",0.126138
"4710_10",0.994292
"131_1",0.020449
"6387_3",0.002269
"3906_1",0.000540
"2075_1",0.000595
"11663_10",0.992016
"6149_3",0.001645
"6703_8",0.987030
"2440_8",0.994214
"10500_7",0.168378
"7349_1",0.000563
"10695_1",0.001501
"6905_1",0.000608
"4902_4",0.374590
"5298_9",0.987314
"6701_4",0.177668
"1344_10",0.991907
"284_10",0.984124
"9114_10",0.994667
"12102_10",0.993783
"11448_2",0.001228
"1053_10",0.993163
"8341_10",0.993002
"433_1",0.000776
"9534_4",0.000995
"6471_2",0.002444
"8971_10",0.994236
"433_8",0.988514
"298_10",0.989582
"5965_1",0.000553
"10408_10",0.987935
"9112_3",0.000964
"6726_9",0.994552
"1048_8",0.979900
"11046_9",0.987700
"4808_7",0.985271
"7027_9",0.993855
"12435_8",0.994100
"5480_1",0.002668
"8823_8",0.993448
"554_9",0.991187
"7167_2",0.000853
"10762_3",0.002657
"9036_8",0.993574
"12185_4",0.401541
"7763_10",0.994467
"10271_8",0.982288
"1159_8",0.991489
"11063_1",0.000644
"12479_4",0.005343
"11179_4",0.009765
"1736_1",0.000541
"4840_7",0.992304
"8233_2",0.006824
"1082_9",0.987853
"8378_7",0.988380
"7777_9",0.994347
"1883_9",0.982524
"7350_10",0.994477
"704_8",0.982220
"6554_8",0.985229
"1750_10",0.986520
"4969_2",0.000620
"10339_8",0.993562
"1902_4",0.548719
"5578_1",0.000613
"5502_1",0.001186
"7250_2",0.000758
"8856_4",0.000822
"10840_9",0.992139
"9730_10",0.983423
"11146_2",0.000790
"5988_3",0.000605
"9734_8",0.987700
"12338_8",0.974264
"9813_1",0.033024
"8928_2",0.098252
"5431_2",0.002355
"9467_9",0.994563
"4933_4",0.009161
"11280_10",0.984063
"10279_9",0.992199
"7024_1",0.001057
"9115_3",0.001897
"5701_10",0.992539
"9539_1",0.000642
"7655_7",0.988831
"4518_10",0.993926
"3039_4",0.007233
"8654_3",0.015845
"8893_4",0.986866
"3598_9",0.991456
"6443_1",0.001264
"3843_1",0.000647
"3848_9",0.990102
"3149_1",0.001741
"2152_1",0.000664
"11564_1",0.000848
"4391_8",0.987216
"950_10",0.993056
"10531_10",0.993747
"904_3",0.001282
"5293_9",0.993855
"2173_1",0.000991
"5992_2",0.000725
"782_3",0.003984
"1295_8",0.992906
"9659_1",0.000590
"2214_3",0.000942
"10772_3",0.003273
"7515_9",0.988199
"7294_2",0.000831
"7761_1",0.008140
"9027_9",0.993562
"6595_1",0.000609
"11003_8",0.986980
"601_10",0.992568
"2991_8",0.974239
"10937_8",0.982906
"7545_1",0.001475
"9747_1",0.000650
"7653_7",0.991049
"6886_1",0.000628
"8054_8",0.988928
"7299_9",0.987216
"2289_3",0.955319
"6569_1",0.000604
"10909_2",0.003167
"4022_7",0.972597
"5407_1",0.000687
"10211_8",0.971966
"9194_1",0.001364
"8113_8",0.983707
"12010_1",0.000920
"7373_7",0.988668
"3535_10",0.992809
"5265_10",0.992934
"7032_1",0.001817
"3391_10",0.992154
"969_9",0.994146
"450_2",0.007261
"12296_3",0.019087
"10855_10",0.990366
"2741_10",0.993549
"12403_1",0.000883
"6118_4",0.011180
"9001_1",0.000679
"172_4",0.000972
"4405_7",0.683301
"8923_8",0.992934
"5396_10",0.994729
"7183_1",0.000868
"3261_7",0.993346
"7445_10",0.989275
"11412_2",0.003915
"4765_3",0.015544
"5248_9",0.986044
"3172_2",0.000826
"10813_4",0.089455
"8054_1",0.000695
"5535_1",0.000649
"1306_8",0.993795
"135_3",0.004031
"10646_10",0.987640
"9906_1",0.000812
"8156_10",0.989480
"2806_1",0.000838
"9501_4",0.000838
"1882_3",0.015649
"11895_4",0.001976
"5420_10",0.992781
"11791_10",0.994780
"3798_2",0.000647
"3282_8",0.991238
"1278_1",0.000659
"1011_4",0.052231
"5263_9",0.903635
"11301_1",0.000947
"1946_7",0.994112
"3246_10",0.993397
"4130_8",0.991748
"4172_10",0.987520
"2619_2",0.000570
"5197_4",0.172729
"6060_9",0.991652
"7430_1",0.000787
"3511_10",0.992725
"6970_1",0.065785
"931_4",0.001604
"12374_10",0.988222
"10217_7",0.978405
"964_7",0.989909
"4859_1",0.000955
"5525_1",0.001138
"11471_1",0.001567
"5030_4",0.000938
"12177_2",0.001067
"8892_2",0.000781
"1073_4",0.006745
"7406_1",0.000530
"6345_9",0.986713
"7395_7",0.001402
"9952_7",0.989368
"5851_4",0.016689
"6880_7",0.982971
"642_9",0.993461
"6271_9",0.987676
"10983_1",0.000873
"5602_1",0.000687
"3834_1",0.008462
"6961_3",0.007191
"10102_8",0.985412
"6988_1",0.000542
"5803_9",0.988657
"6009_1",0.000843
"10294_2",0.000962
"9811_10",0.989013
"11298_8",0.990606
"4625_10",0.990496
"11263_3",0.000744
"11502_3",0.009975
"9690_10",0.985271
"4453_10",0.989192
"9741_10",0.989612
"12191_9",0.987117
"8019_8",0.994303
"2298_4",0.003052
"1489_4",0.003016
"4228_7",0.971913
"10905_1",0.000772
"5103_10",0.992683
"5641_1",0.000598
"11567_1",0.000772
"4040_10",0.993163
"4777_10",0.994790
"9612_10",0.994445
"3830_1",0.001073
"8781_2",0.000787
"9415_3",0.105856
"9171_3",0.000968
"478_3",0.001949
"10979_8",0.993698
"7073_4",0.009917
"5419_10",0.979076
"8505_3",0.001466
"7559_1",0.731179
"3827_9",0.978935
"9242_1",0.001868
"3133_10",0.988027
"9051_4",0.012504
"8604_10",0.992393
"4811_8",0.993524
"10697_10",0.993819
"6142_10",0.993734
"6740_1",0.003552
"7806_8",0.991067
"8326_4",0.965609
"12425_3",0.001305
"11113_1",0.000739
"8096_1",0.000991
"512_8",0.994054
"11144_7",0.973342
"2073_4",0.000735
"6966_4",0.007149
"12122_3",0.986098
"429_10",0.993807
"10294_9",0.990678
"9955_3",0.003636
"10878_10",0.988668
"9365_1",0.000624
"7317_8",0.992640
"2863_8",0.710804
"11935_3",0.627766
"2180_2",0.003930
"267_10",0.994236
"72_8",0.983166
"936_9",0.989909
"2363_4",0.013532
"11722_9",0.987604
"1353_7",0.639423
"3883_7",0.985622
"9475_8",0.990366
"2328_2",0.001287
"11982_9",0.994225
"10413_8",0.985594
"1277_2",0.001078
"6299_4",0.001030
"7536_9",0.990422
"8368_2",0.002128
"634_1",0.000869
"10095_3",0.010839
"8821_4",0.001274
"5669_10",0.991796
"4600_8",0.981997
"10859_1",0.000866
"140_9",0.988906
"153_8",0.988004
"8013_9",0.964954
"12389_1",0.036254
"8443_7",0.984231
"12290_10",0.982237
"12152_10",0.987055
"6442_3",0.142769
"7557_4",0.429250
"3699_4",0.359645
"6461_2",0.936227
"8641_10",0.989055
"10771_1",0.001032
"10539_2",0.001564
"10406_1",0.004215
"9617_4",0.005957
"9403_10",0.992865
"3015_1",0.004054
"181_10",0.989977
"2879_4",0.001704
"1758_8",0.989129
"9992_10",0.988268
"10769_7",0.980636
"5616_3",0.000897
"721_4",0.058025
"3035_1",0.000968
"7877_4",0.000885
"5554_4",0.000818
"1475_7",0.984426
"1538_7",0.992496
"3499_10",0.990006
"8815_4",0.045268
"5817_8",0.951639
"4179_1",0.000679
"3719_10",0.990980
"2538_2",0.001372
"4873_3",0.013402
"7283_9",0.994391
"1997_4",0.008899
"11036_4",0.015754
"4123_4",0.955817
"3520_3",0.001875
"10320_1",0.000734
"10185_10",0.988591
"10193_1",0.008678
"2506_7",0.992274
"9868_10",0.993176
"5603_2",0.001242
"8392_3",0.003636
"5322_4",0.002191
"12117_10",0.989652
"2411_8",0.981666
"9393_4",0.000927
"5968_8",0.988347
"6860_1",0.006290
"12144_4",0.687368
"2706_10",0.992725
"5655_1",0.000861
"2555_8",0.988503
"6091_9",0.988635
"712_9",0.993512
"9445_10",0.994667
"1777_10",0.980091
"490_8",0.985773
"318_10",0.988755
"10143_9",0.988635
"3608_8",0.989275
"686_4",0.905406
"12147_1",0.000561
"6782_10",0.988425
"5560_10",0.989612
"11621_8",0.993069
"11909_10",0.992108
"11938_9",0.994477
"1877_1",0.000779
"1298_1",0.000830
"11154_3",0.000782
"10898_7",0.983691
"9980_8",0.990606
"9719_10",0.993163
"516_1",0.000838
"2541_1",0.001343
"23_10",0.992539
"3517_1",0.001046
"10839_9",0.991828
"11461_9",0.983101
"10150_2",0.000970
"10664_9",0.987700
"6750_10",0.984561
"11165_4",0.983118
"3463_4",0.000651
"287_1",0.001061
"5582_1",0.001370
"1136_1",0.001257
"10316_1",0.000761
"1684_8",0.988939
"3556_9",0.979116
"11680_9",0.992837
"10775_10",0.989306
"5558_2",0.000776
"6203_10",0.993333
"4057_4",0.020235
"9010_8",0.994840
"1033_9",0.993002
"12116_9",0.993686
"8401_10",0.993015
"9863_4",0.067670
"2777_1",0.000989
"5797_3",0.001343
"9929_3",0.001564
"4177_1",0.000592
"2205_8",0.994112
"2839_8",0.993549
"7161_10",0.993747
"11724_4",0.034815
"10369_9",0.992077
"8702_2",0.001832
"1028_10",0.991136
"7226_4",0.223504
"8799_3",0.004174
"1573_8",0.988971
"12041_7",0.983550
"6207_7",0.979765
"399_8",0.988602
"1034_2",0.001408
"1610_4",0.464689
"596_10",0.994303
"6474_7",0.994423
"4464_3",0.001751
"10637_2",0.012054
"3272_10",0.994594
"10194_7",0.199542
"11906_3",0.004896
"3666_3",0.096195
"6148_4",0.002918
"4595_8",0.944995
"6146_1",0.001084
"7512_10",0.994369
"12333_1",0.000810
"3490_4",0.051797
"8495_1",0.000591
"955_4",0.006958
"10582_10",0.993562
"9477_8",0.994020
"7132_3",0.001579
"5214_1",0.000893
"8258_10",0.989213
"10387_1",0.000825
"268_10",0.989192
"8153_2",0.000602
"7353_3",0.005200
"7847_10",0.990678
"12028_10",0.994112
"2998_8",0.989024
"2641_8",0.988885
"11923_8",0.992334
"12322_1",0.000722
"11816_3",0.006837
"7111_3",0.000711
"8107_10",0.986284
"8835_8",0.983263
"10142_10",0.993973
"4445_3",0.004248
"976_8",0.984381
"1996_4",0.946399
"11496_3",0.001688
"1644_4",0.003832
"8573_3",0.000787
"10835_9",0.972072
"11531_8",0.988949
"5802_8",0.983455
"2501_3",0.001965
"530_2",0.000966
"1051_10",0.993722
"6629_1",0.003344
"10350_1",0.017078
"2943_10",0.991716
"7661_1",0.001734
"8359_3",0.004031
"10218_7",0.994347
"10548_1",0.000732
"906_7",0.985000
"2708_9",0.506164
"12478_4",0.001946
"10222_1",0.003707
"3560_2",0.000601
"3371_9",0.973062
"10009_3",0.001269
"3142_3",0.001904
"3876_9",0.988027
"6662_2",0.000706
"4691_1",0.002566
"2491_4",0.965738
"12485_4",0.365513
"1716_3",0.651015
"10767_10",0.987129
"4083_2",0.001094
"7656_3",0.000732
"2532_8",0.994236
"11243_8",0.987412
"11878_9",0.993083
"3627_8",0.537345
"9049_10",0.686344
"2950_4",0.043406
"4553_8",0.991764
"10414_1",0.001934
"4281_7",0.988188
"7905_4",0.972152
"10800_8",0.977968
"1562_4",0.001890
"7604_4",0.007969
"5752_2",0.000958
"9465_1",0.001322
"2701_4",0.021553
"12432_7",0.966315
"7583_9",0.994031
"4003_10",0.993346
"11082_2",0.000585
"7650_3",0.000687
"2215_7",0.993397
"6597_9",0.993083
"12268_1",0.000683
"8650_7",0.975414
"8311_2",0.169750
"10764_10",0.992753
"5462_2",0.000874
"10303_9",0.993926
"12132_4",0.024238
"11786_2",0.001598
"6248_2",0.099996
"5570_2",0.001040
"8367_4",0.165458
"2416_7",0.992047
"4073_1",0.000714
"4642_2",0.000735
"580_10",0.988514
"3328_4",0.012920
"9524_9",0.988154
"11980_2",0.006253
"7812_9",0.986520
"3567_7",0.985286
"9592_2",0.000763
"8421_1",0.001346
"2618_1",0.001075
"2367_3",0.006732
"10613_1",0.000511
"7657_2",0.001240
"10992_4",0.007504
"10663_4",0.350583
"9589_4",0.135804
"5184_8",0.993150
"7352_7",0.990441
"6483_4",0.055260
"914_10",0.993110
"1239_4",0.025444
"4465_4",0.031292
"82_10",0.981167
"3696_4",0.543590
"1507_8",0.976669
"12211_3",0.032559
"4003_3",0.001036
"3738_3",0.004023
"12089_10",0.993649
"593_1",0.000553
"7555_3",0.010150
"9897_9",0.994667
"299_1",0.002055
"2774_3",0.001882
"4723_8",0.987700
"1636_2",0.044556
"3383_8",0.986151
"5360_10",0.989182
"11542_10",0.994203
"1964_1",0.000934
"10323_10",0.991489
"5166_1",0.000744
"12371_1",0.000568
"7426_1",0.000968
"11832_4",0.020197
"684_9",0.990329
"519_7",0.933309
"1712_8",0.983101
"5973_9",0.989652
"2820_3",0.000949
"5023_7",0.989002
"2625_1",0.000755
"2699_9",0.986649
"7123_1",0.000620
"7327_10",0.992823
"944_8",0.985759
"9757_10",0.993734
"12491_9",0.993734
"12301_10",0.991272
"421_9",0.988853
"6655_2",0.004062
"610_9",0.986044
"3020_1",0.000582
"1797_10",0.990839
"1248_3",0.000920
"2524_10",0.992047
"10596_3",0.006732
"9326_3",0.000546
"9346_2",0.000929
"3890_8",0.994499
"7836_9",0.987759
"12388_7",0.987888
"3205_2",0.001051
"1547_9",0.987747
"2706_1",0.000991
"391_10",0.993950
"1544_10",0.992683
"7861_8",0.984411
"1448_2",0.000924
"6451_3",0.001516
"12187_3",0.004118
"11702_4",0.011801
"5947_1",0.005180
"1282_3",0.000729
"7492_2",0.000588
"7724_7",0.983470
"1564_1",0.001839
"4425_9",0.992554
"9416_9",0.989948
"10826_10",0.993294
"4402_10",0.994089
"9332_3",0.001186
"5856_1",0.000859
"2784_2",0.000766
"3216_1",0.001701
"8057_9",0.989234
"526_10",0.988142
"4376_1",0.001053
"9513_9",0.974239
"9972_9",0.988165
"339_1",0.002458
"11898_1",0.000676
"9282_4",0.006229
"2303_4",0.003463
"10199_1",0.000677
"11660_10",0.992920
"714_4",0.042962
"9283_9",0.977756
"2972_2",0.011778
"9060_7",0.994214
"3562_8",0.979629
"11064_8",0.988679
"4190_10",0.987520
"12472_10",0.993487
"2942_1",0.001235
"9560_9",0.991796
"2692_4",0.001601
"12057_1",0.000708
"11197_2",0.007108
"5827_4",0.994336
"4752_1",0.000874
"8114_3",0.000902
"5643_7",0.987652
"9127_2",0.003191
"10540_10",0.985787
"7342_2",0.000553
"4651_4",0.352508
"8798_1",0.002487
"5973_3",0.002287
"8314_2",0.000696
"7856_1",0.000630
"1255_4",0.001370
"9615_8",0.980469
"7261_4",0.052086
"9700_9",0.415573
"5938_10",0.994259
"970_7",0.984782
"7715_8",0.990696
"4643_2",0.000748
"7069_1",0.003105
"8600_10",0.988119
"10275_3",0.006958
"9519_1",0.000623
"8861_10",0.986442
"8558_4",0.000665
"7495_4",0.071138
"4727_10",0.247896
"9647_8",0.985100
"7192_3",0.008348
"8772_8",0.991153
"1198_4",0.013532
"4249_7",0.985635
"6816_2",0.021492
"10243_9",0.989592
"8365_1",0.000614
"2529_10",0.982889
"2538_10",0.992467
"5946_1",0.001034
"6716_8",0.953362
"2633_7",0.615138
"10513_1",0.001901
"4847_1",0.001860
"2552_10",0.988131
"7166_9",0.987508
"398_8",0.988108
"6925_4",0.000979
"9873_9",0.987460
"3598_4",0.000904
"5996_3",0.007332
"4024_10",0.994541
"3184_10",0.994303
"3801_2",0.001378
"1722_10",0.994800
"9344_1",0.002341
"2874_2",0.000625
"2914_4",0.007461
"9643_3",0.002895
"1756_10",0.994157
"2781_1",0.000672
"3559_1",0.000653
"6250_1",0.001421
"10960_9",0.990235
"565_8",0.993333
"8749_9",0.991907
"11273_4",0.006539
"6933_4",0.010348
"7295_1",0.000712
"12267_1",0.000688
"9844_4",0.011665
"1949_3",0.000693
"10048_1",0.000899
"7242_2",0.000933
"1722_2",0.000649
"9869_1",0.009179
"609_1",0.000701
"9383_7",0.897875
"6593_4",0.036943
"3284_10",0.991732
"6190_1",0.007163
"8305_10",0.987055
"20_1",0.001704
"10037_1",0.003636
"1751_10",0.993069
"6821_7",0.991652
"4780_10",0.992274
"1290_10",0.989501
"10777_2",0.000553
"3450_1",0.000799
"747_3",0.000869
"9262_10",0.990366
"7206_10",0.989202
"3700_4",0.007432
"2953_4",0.001919
"6828_8",0.992753
"10831_7",0.989140
"5014_1",0.000631
"11679_10",0.993281
"3476_9",0.606032
"12052_8",0.980394
"8635_3",0.006351
"6475_10",0.992640
"8531_2",0.001170
"9018_7",0.989692
"1492_9",0.992753
"10993_10",0.988799
"1896_2",0.004408
"8241_1",0.001626
"3568_8",0.665940
"9424_9",0.992259
"3791_1",0.000708
"2117_10",0.994180
"4679_8",0.988960
"1217_7",0.988492
"7969_3",0.000711
"2271_10",0.988211
"5772_9",0.985594
"1347_8",0.994646
"11800_1",0.000578
"8820_10",0.992214
"10014_7",0.493226
"9864_8",0.990587
"6926_4",0.014644
"1842_10",0.994646
"756_7",0.932515
"7657_10",0.993599
"12416_7",0.871803
"833_7",0.970155
"8746_10",0.987969
"6374_10",0.967318
"24_10",0.983391
"5133_10",0.991101
"2937_1",0.004592
"9845_8",0.985909
"6236_7",0.017661
"8525_7",0.983375
"10398_10",0.987080
"6555_7",0.975012
"5873_3",0.541439
"12235_8",0.991406
"8972_2",0.007953
"6313_1",0.000793
"3277_1",0.008985
"9661_10",0.993448
"11759_4",0.000974
"7960_2",0.010388
"2710_7",0.988096
"3152_1",0.000931
"3186_8",0.990927
"6180_2",0.000770
"3303_1",0.001765
"250_1",0.000927
"8902_1",0.000763
"7964_9",0.993961
"78_1",0.001233
"9162_9",0.987676
"11868_8",0.988863
"8522_8",0.274594
"8517_8",0.968111
"12341_4",0.005775
"3300_1",0.000767
"2961_10",0.993612
"11309_10",0.992597
"381_10",0.987700
"6537_10",0.993867
"4623_10",0.992597
"12425_10",0.994520
"817_7",0.989470
"1853_3",0.000563
"3586_10",0.994413
"6148_9",0.994314
"5020_10",0.994336
"6486_10",0.986494
"560_8",0.993487
"11210_3",0.428512
"4714_1",0.000684
"7175_7",0.987104
"10289_9",0.982790
"2497_2",0.154951
"6359_3",0.343658
"4905_3",0.000741
"4701_10",0.992093
"292_10",0.986942
"4010_9",0.985882
"1591_2",0.992047
"619_10",0.991305
"8563_1",0.000605
"488_4",0.028275
"3148_10",0.993843
"2046_4",0.003722
"11560_8",0.986636
"8694_7",0.992920
"11041_10",0.993722
"6159_8",0.993698
"10205_1",0.000747
"7840_9",0.988558
"3298_10",0.992961
"2854_7",0.986942
"3521_8",0.993624
"8317_2",0.000617
"10564_7",0.985496
"7951_3",0.024493
"9834_8",0.989450
"4809_9",0.992892
"4675_1",0.043732
"9493_10",0.982608
"7841_4",0.919931
"8076_10",0.647046
"3242_8",0.993397
"11666_3",0.116261
"9341_2",0.003629
"10384_1",0.000985
"1558_9",0.991322
"9790_10",0.993307
"12149_2",0.000787
"11533_4",0.001193
"4438_3",0.010308
"11177_4",0.001055
"8657_7",0.986138
"4485_4",0.041657
"1313_3",0.000878
"7383_10",0.993281
"11875_8",0.983613
"9838_7",0.994077
"33_3",0.000776
"5747_1",0.001063
"1420_8",0.994191
"7292_9",0.989948
"5218_7",0.980431
"3359_9",0.983053
"10947_8",0.986337
"219_1",0.001040
"6374_3",0.001063
"9686_10",0.994236
"6757_10",0.992865
"1003_8",0.986416
"9313_9",0.993333
"6175_10",0.988853
"5391_7",0.987782
"1085_1",0.000692
"9054_1",0.001034
"8543_10",0.994157
"686_8",0.993423
"6959_3",0.016769
"11014_4",0.002862
"9204_8",0.994169
"9029_7",0.992016
"10441_9",0.994089
"5245_10",0.994031
"1480_7",0.969957
"6426_3",0.019985
"1700_1",0.002170
"2783_10",0.990624
"6152_8",0.993819
"12282_10",0.994247
"2948_4",0.001519
"11974_2",0.000897
"5944_7",0.012480
"9370_8",0.932546
"711_10",0.980506
"6169_8",0.990569
"12329_1",0.000599
"4904_1",0.000763
"2070_3",0.000644
"25_3",0.004905
"1819_4",0.000644
"8642_10",0.988027
"11504_10",0.992626
"10193_7",0.988492
"8917_4",0.000785
"9380_2",0.001796
"10048_8",0.994157
"7288_9",0.993819
"8128_4",0.001441
"7800_3",0.001972
"5852_1",0.000822
"8027_1",0.000893
"10317_1",0.000758
"10280_8",0.980356
"3959_10",0.994358
"6115_10",0.990962
"6078_8",0.988347
"12273_9",0.994157
"1497_10",0.985963
"2969_9",0.989389
"2577_1",0.001601
"4519_1",0.000846
"8596_4",0.142590
"254_3",0.131340
"7005_8",0.994020
"5426_10",0.992393
"965_9",0.598928
"2044_4",0.004839
"9006_3",0.000814
"11462_10",0.994020
"4990_7",0.005980
"163_7",0.981131
"3134_3",0.007490
"2922_4",0.977306
"5777_1",0.001008
"6340_7",0.985732
"7896_1",0.000747
"2321_8",0.993397
"2187_1",0.176033
"1831_9",0.992423
"9321_10",0.991922
"9970_10",0.988960
"2978_4",0.002055
"7491_3",0.000830
"2491_10",0.987592
"749_1",0.000876
"4751_2",0.001325
"3276_1",0.000863
"10889_9",0.994089
"5887_1",0.000957
"8806_9",0.991812
"8569_2",0.000836
"3209_10",0.994434
"7139_10",0.989652
"5052_3",0.003736
"5773_3",0.001522
"1663_9",0.988831
"3575_7",0.011508
"12017_1",0.000886
"12460_8",0.990569
"7925_2",0.000650
"1643_10",0.994667
"4537_1",0.001235
"10651_3",0.001546
"12075_10",0.993423
"4823_1",0.000750
"5392_7",0.991322
"5436_9",0.993950
"3088_8",0.988569
"6607_9",0.992683
"7648_1",0.000750
"1073_8",0.987154
"4587_8",0.983279
"9463_10",0.994314
"11962_1",0.000577
"8718_4",0.001817
"7781_10",0.994573
"11495_2",0.005566
"2772_4",0.949809
"4029_1",0.000634
"2080_10",0.992767
"6250_9",0.994347
"2985_9",0.930458
"2935_7",0.260625
"7900_1",0.000600
"2433_8",0.994203
"12366_1",0.000718
"10910_2",0.001211
"5265_3",0.000931
"9603_10",0.415432
"11989_3",0.001136
"2929_4",0.975507
"1796_1",0.000789
"10659_2",0.002196
"4978_9",0.987700
"11823_8",0.993307
"1732_8",0.993255
"1103_4",0.001658
"8958_1",0.015454
"8607_4",0.052863
"5820_9",0.993448
"8885_3",0.002265
"3718_10",0.986585
"3822_1",0.001946
"9886_10",0.990121
"9806_10",0.316686
"10009_10",0.988380
"5979_2",0.000853
"11937_3",0.000953
"4776_8",0.989732
"9009_7",0.985342
"8094_7",0.987544
"828_3",0.002091
"3318_1",0.000545
"3558_4",0.008348
"7967_8",0.989642
"5275_7",0.990235
"5130_1",0.000540
"1327_9",0.993973
"11526_8",0.992525
"32_10",0.990054
"10697_1",0.000722
"9966_1",0.000500
"3132_1",0.016450
"967_2",0.000568
"6483_10",0.988874
"698_10",0.991828
"7848_2",0.007205
"9349_1",0.001156
"10532_9",0.994467
"11819_2",0.003758
"6812_1",0.000507
"5401_1",0.000708
"3528_1",0.000836
"12239_1",0.000667
"1479_4",0.000754
"2732_4",0.014010
"6806_10",0.988885
"2119_9",0.994456
"8565_9",0.007080
"1914_8",0.981507
"4835_1",0.000579
"1029_2",0.000817
"9228_4",0.003004
"2391_2",0.001561
"9674_9",0.992892
"9404_9",0.990732
"5987_1",0.003318
"9237_8",0.993448
"9879_2",0.000944
"1370_10",0.949295
"10662_1",0.000742
"6937_7",0.980148
"6355_9",0.990821
"3784_4",0.001904
"9136_10",0.968291
"9557_4",0.053750
"12013_7",0.994203
"1114_4",0.008678
"6890_10",0.993229
"3238_8",0.989296
"1790_10",0.990587
"4277_8",0.994830
"2257_4",0.100879
"7677_10",0.991716
"1618_4",0.071203
"7314_1",0.000997
"10332_1",0.000561
"7746_2",0.988971
"9303_3",0.000893
"12321_9",0.991652
"10341_2",0.000583
"7745_9",0.994077
"11104_7",0.987424
"10855_1",0.000688
"10300_1",0.001427
"2037_2",0.001154
"7754_9",0.988188
"9503_10",0.993333
"396_7",0.992139
"583_2",0.001779
"4469_3",0.003057
"11038_1",0.001817
"2285_4",0.059537
"5069_8",0.263931
"8736_8",0.989119
"9486_3",0.009413
"11669_10",0.991844
"8598_1",0.001697
"1344_3",0.000818
"11789_3",0.004134
"9605_2",0.001247
"10122_2",0.001919
"3752_10",0.992892
"3864_4",0.000758
"10505_7",0.985029
"3822_8",0.993879
"8146_4",0.021802
"11114_8",0.993002
"7847_2",0.031262
"10300_10",0.992539
"7021_10",0.989652
"8_9",0.982389
"7199_2",0.020626
"9392_9",0.992304
"8234_7",0.802130
"12328_7",0.979823
"9918_9",0.988690
"10066_7",0.088820
"5482_2",0.000773
"6914_4",0.001564
"4665_7",0.935759
"613_4",0.023198
"577_8",0.990678
"12490_4",0.419826
"8637_3",0.019475
"11815_4",0.002415
"9490_10",0.993537
"4388_3",0.000568
"11778_10",0.985936
"4988_10",0.994391
"6590_3",0.990064
"4761_7",0.987771
"8828_4",0.007461
"10382_3",0.001105
"3321_1",0.006552
"2550_10",0.987104
"12104_1",0.004215
"6431_1",0.000809
"8829_8",0.973819
"858_7",0.565269
"197_1",0.005512
"3599_7",0.985691
"10808_2",0.007149
"12050_4",0.002292
"6348_1",0.001116
"11051_8",0.984139
"11216_4",0.191479
"8360_3",0.002521
"9570_2",0.001552
"8040_4",0.053750
"3664_8",0.994402
"10003_8",0.994488
"3763_7",0.982955
"9692_9",0.975131
"4503_1",0.000554
"10985_2",0.002511
"121_4",0.021906
"5651_10",0.986764
"9416_3",0.001516
"9128_8",0.991875
"8955_8",0.986546
"8787_4",0.002531
"1622_9",0.986271
"762_3",0.038611
"6915_2",0.000744
"8998_4",0.001655
"8200_10",0.987969
"1878_8",0.989761
"5969_10",0.993661
"8000_3",0.002124
"8161_10",0.994636
"9805_4",0.003118
"3815_10",0.992697
"3783_3",0.281356
"4924_10",0.988492
"7952_1",0.001325
"4060_8",0.966757
"775_1",0.002473
"696_10",0.993914
"8751_10",0.983769
"6073_10",0.994541
"9982_1",0.002918
"3706_10",0.986218
"5996_8",0.990235
"3107_10",0.988853
"8913_8",0.992851
"8982_9",0.989202
"8938_3",0.111386
"3008_3",0.000667
"3787_2",0.001002
"6146_9",0.984942
"5664_1",0.001084
"2408_3",0.000679
"6153_2",0.001421
"7023_7",0.990197
"2571_3",0.000785
"6808_4",0.002616
"6425_9",0.991938
"11139_4",0.027066
"320_7",0.405979
"3098_1",0.000851
"5369_10",0.983660
"480_3",0.008478
"7884_9",0.988335
"5247_1",0.000784
"3192_2",0.000775
"12127_1",0.000869
"1237_7",0.988690
"612_3",0.921393
"6016_7",0.989368
"10490_1",0.000823
"5180_8",0.988039
"3122_4",0.010756
"2845_8",0.990310
"9000_8",0.986494
"448_2",0.002839
"1207_10",0.991015
"11989_8",0.992139
"11102_9",0.993487
"1761_1",0.001299
"9815_3",0.003130
"12023_1",0.008627
"9901_10",0.994708
"11740_2",0.001472
"4702_10",0.993710
"4885_3",0.023757
"0_2",0.000812
"2273_2",0.000993
"11340_8",0.285621
"12012_4",0.002521
"10534_10",0.989771
"8424_2",0.003810
"8716_3",0.006837
"7154_10",0.993807
"5001_1",0.001510
"6511_3",0.000602
"3308_7",0.974941
"2720_2",0.000861
"1183_10",0.989712
"12387_2",0.000644
"6580_2",0.001200
"4431_9",0.990366
"11828_7",0.977176
"6737_10",0.994840
"7505_4",0.059976
"4798_2",0.001405
"4773_1",0.000632
"6719_3",0.002120
"6475_3",0.028275
"11733_3",0.000834
"9360_7",0.986623
"5571_1",0.000602
"10316_10",0.985923
"5068_3",0.003081
"11188_8",0.822046
"7291_3",0.001433
"6233_3",0.001112
"11710_1",0.002287
"3780_7",0.982757
"3210_10",0.994434
"2885_3",0.000846
"2912_4",0.007403
"3320_4",0.001598
"11275_4",0.107157
"8406_1",0.000744
"8275_10",0.986992
"4862_9",0.988536
"11817_2",0.006615
"302_10",0.988481
"11341_1",0.109563
"4626_1",0.000782
"1030_2",0.001775
"4799_8",0.987424
"4845_1",0.000651
"3458_1",0.000582
"9535_9",0.992892
"6553_10",0.994054
"486_4",0.005809
"11162_7",0.989541
"7689_7",0.985746
"12058_1",0.000630
"3740_1",0.000769
"11656_8",0.989223
"9795_1",0.000626
"1947_1",0.000696
"1468_1",0.001163
"4158_10",0.985200
"5876_1",0.000927
"12084_4",0.002328
"5434_7",0.992000
"7984_9",0.962214
"2217_8",0.983832
"2300_4",0.009340
"8707_7",0.877582
"3345_10",0.987969
"7375_8",0.988050
"1150_2",0.000972
"8557_10",0.987911
"5590_8",0.987806
"5270_1",0.001235
"10339_4",0.013351
"6789_3",0.084116
"4289_1",0.005854
"693_4",0.009322
"326_1",0.985787
"9786_8",0.987302
"6610_10",0.988971
"11350_9",0.988960
"10907_1",0.000650
"3285_8",0.990459
"10964_4",0.025859
"5411_1",0.001026
"6188_10",0.986284
"7110_3",0.000770
"7355_8",0.985243
"12116_1",0.075244
"1187_1",0.000599
"12167_7",0.989470
"5530_9",0.985594
"2829_10",0.780328
"9549_4",0.000825
"8805_10",0.990159
"10265_3",0.004134
"5227_3",0.001636
"8693_10",0.994688
"6331_10",0.989317
"9079_4",0.016947
"7200_1",0.000888
"9322_10",0.994488
"2899_4",0.000913
"6478_10",0.988447
"4659_1",0.000728
"6755_1",0.000488
"10385_10",0.993855
"11861_1",0.000545
"5483_10",0.993242
"4012_10",0.985622
"7146_9",0.994573
"3782_9",0.986662
"12181_4",0.003040
"10663_10",0.989119
"4712_1",0.000957
"11071_10",0.984139
"11171_3",0.000708
"9043_10",0.993710
"9912_10",0.992423
"7306_9",0.990366
"12382_9",0.993855
"11654_9",0.989582
"8848_1",0.000663
"4076_3",0.001796
"8248_3",0.008156
"10011_1",0.000995
"11769_1",0.002103
"4164_9",0.990092
"1831_1",0.000735
"4164_1",0.000776
"318_3",0.005374
"7221_10",0.982220
"10912_8",0.992988
"1321_4",0.955444
"7712_7",0.988279
"2680_4",0.006513
"8374_1",0.000592
"995_7",0.990054
"2009_1",0.001765
"3905_9",0.966600
"3348_3",0.001817
"6466_1",0.000685
"11900_10",0.990441
"1634_7",0.965900
"8245_4",0.387118
"8561_1",0.000869
"2072_2",0.000851
"12060_10",0.986904
"8178_3",0.026032
"8778_1",0.001430
"10489_8",0.988335
"10118_8",0.988820
"3470_8",0.993879
"8014_4",0.981997
"582_10",0.988199
"8984_8",0.993879
"9085_8",0.987080
"8894_2",0.000925
"3762_2",0.000659
"3815_2",0.000752
"5903_9",0.993002
"8907_10",0.987711
"6140_7",0.948107
"9279_4",0.030100
"2948_9",0.994247
"10588_10",0.994236
"8239_1",0.001211
"6986_2",0.000647
"5308_3",0.000773
"11984_8",0.981239
"9984_4",0.142649
"11803_8",0.994292
"2925_10",0.987092
"11396_10",0.993747
"8998_7",0.979551
"4511_7",0.993902
"5780_2",0.002310
"9838_4",0.011984
"422_10",0.982591
"11389_10",0.985014
"8511_3",0.386771
"2089_10",0.990197
"5818_3",0.000792
"566_9",0.979957
"452_10",0.990169
"4451_9",0.993359
"6105_1",0.001020
"2158_10",0.001469
"10395_2",0.000999
"11291_3",0.000772
"2408_8",0.993015
"3698_9",0.984516
"6060_2",0.000823
"9509_10",0.989470
"7136_10",0.994336
"5557_10",0.992408
"7155_2",0.001235
"11421_10",0.987923
"3620_4",0.031410
"2176_4",0.018125
"8970_1",0.039158
"11186_10",0.989938
"9604_3",0.063715
"6047_10",0.989013
"4487_9",0.991954
"11880_3",0.002895
"2650_2",0.000874
"5279_1",0.000576
"9289_1",0.000938
"11673_10",0.993242
"6890_2",0.000744
"2668_10",0.984276
"942_1",0.000631
"264_1",0.001287
"10157_1",0.017442
"791_10",0.992697
"11434_9",0.988885
"5630_2",0.001359
"9392_1",0.000776
"12471_3",0.005130
"8593_9",0.983279
"10333_10",0.993879
"9146_8",0.946597
"5404_7",0.985300
"7662_9",0.993042
"11068_1",0.000599
"4460_2",0.011245
"5002_10",0.992654
"9269_9",0.993902
"1639_10",0.993926
"9045_1",0.001211
"9944_8",0.977392
"4091_4",0.001002
"6889_4",0.002473
"71_9",0.994402
"10173_8",0.988799
"2513_8",0.984306
"7507_1",0.000778
"1235_2",0.004434
"3325_1",0.004182
"4146_7",0.979235
"7286_8",0.991015
"4096_1",0.000628
"3897_7",0.993843
"11240_10",0.986675
"4109_1",0.000560
"9566_4",0.001287
"2038_8",0.987640
"6985_7",0.992975
"6967_9",0.992244
"11020_10",0.987935
"3291_1",0.000555
"9763_3",0.010014
"1943_7",0.993710
"7599_7",0.276593
"8158_8",0.994203
"4140_3",0.000669
"11840_2",0.000752
"9675_1",0.000810
"10878_1",0.000617
"10760_1",0.001534
"260_1",0.000991
"8188_10",0.988646
"3260_1",0.000619
"6172_9",0.987448
"10021_3",0.001240
"7784_10",0.993649
"4066_1",0.014227
"12325_10",0.985691
"9894_8",0.992319
"1242_1",0.001269
"2059_1",0.000812
"10686_7",0.988799
"8110_2",0.000858
"8398_7",0.992139
"6096_9",0.962813
"9422_3",0.162115
"2919_4",0.985814
"10248_1",0.631807
"7480_1",0.002758
"3248_8",0.991620
"10264_2",0.000778
"7401_10",0.992319
"10528_1",0.051177
"7623_8",0.213869
"3968_2",0.001949
"10918_4",0.002107
"5146_7",0.993423
"12466_4",0.001362
"10395_10",0.991406
"3862_8",0.991015
"2247_1",0.000830
"2979_9",0.994423
"3271_9",0.990422
"5225_1",0.000556
"5662_1",0.003299
"12087_3",0.955981
"10765_10",0.994959
"1256_4",0.006290
"2057_1",0.000621
"2610_7",0.979215
"2065_2",0.000576
"4410_3",0.106226
"6847_10",0.994719
"1927_1",0.000757
"4201_9",0.989378
"2578_8",0.988810
"74_10",0.989811
"8324_10",0.989967
"4762_8",0.949576
"10612_3",0.000789
"11353_10",0.979784
"10709_8",0.988558
"3978_7",0.993950
"954_4",0.016403
"2493_10",0.984840
"8293_7",0.982356
"9454_1",0.000569
"8982_1",0.001034
"5201_3",0.239705
"9758_1",0.000754
"5999_8",0.992947
"11000_1",0.000764
"647_1",0.002678
"7345_9",0.994541
"5105_3",0.011710
"9488_4",0.004691
"11810_10",0.990178
"5343_8",0.988646
"1671_7",0.988569
"6414_2",0.000848
"3749_8",0.985496
"2310_2",0.000613
"8460_2",0.001034
"12305_1",0.000619
"11672_1",0.000799
"11726_10",0.988188
"11659_2",0.007846
"8684_2",0.000900
"6546_10",0.991812
"1980_8",0.992539
"3113_10",0.988313
"8440_1",0.000681
"7473_7",0.993002
"726_7",0.979295
"11165_10",0.994626
"9830_2",0.001430
"6409_10",0.991603
"11455_3",0.002606
"993_3",0.002828
"3186_1",0.001466
"11631_4",0.000989
"3225_1",0.000925
"4442_1",0.001028
"6775_9",0.993795
"230_7",0.887253
"5971_4",0.061312
"763_10",0.994850
"9943_10",0.988960
"10098_9",0.988425
"7219_10",0.992229
"6348_8",0.988458
"5774_10",0.977564
"1842_4",0.001186
"3544_8",0.979938
"5661_10",0.992154
"8698_1",0.000717
"7576_1",0.000647
"584_3",0.007756
"9963_8",0.988906
"11653_8",0.994347
"4269_1",0.000637
"728_1",0.001507
"7118_2",0.000689
"6305_4",0.990140
"5970_4",0.002627
"4729_1",0.000541
"7638_10",0.831451
"2709_10",0.987700
"1461_7",0.991844
"5302_10",0.993973
"3589_10",0.994303
"3897_4",0.028598
"9883_1",0.001151
"9903_4",0.001620
"9789_1",0.000933
"2971_4",0.002566
"5015_7",0.994270
"9215_1",0.004802
"8553_2",0.029229
"5671_3",0.001886
"748_7",0.982271
"8222_10",0.993914
"9336_3",0.002856
"1585_1",0.001452
"10634_8",0.986598
"4549_8",0.994031
"7014_10",0.987676
"2412_10",0.994225
"5779_10",0.993474
"11949_4",0.075041
"6879_8",0.982305
"4432_2",0.001142
"5825_10",0.988580
"10422_9",0.969382
"4575_10",0.994100
"11520_1",0.001748
"6612_1",0.000683
"4206_7",0.993281
"1611_10",0.986337
"8170_10",0.994780
"96_1",0.000585
"715_10",0.988050
"10032_8",0.977650
"2585_1",0.001188
"7477_3",0.050284
"2778_10",0.994413
"6807_1",0.967132
"6378_1",0.033717
"1752_10",0.989327
"2305_8",0.987676
"7423_3",0.000776
"496_9",0.990422
"10829_1",0.000630
"7012_9",0.983118
"7701_7",0.975273
"6858_8",0.990329
"2723_4",0.320104
"5720_1",0.002247
"1531_9",0.994203
"3052_8",0.987946
"2728_7",0.989592
"2275_4",0.001221
"11211_1",0.026938
"4603_3",0.009936
"2273_9",0.990025
"11662_2",0.001472
"4887_3",0.001821
"8155_9",0.994499
"2373_4",0.032010
"1754_1",0.001343
"12247_9",0.988734
"10327_1",0.000639
"8968_3",0.001075
"370_8",0.988062
"559_10",0.993083
"8273_3",0.003810
"8125_2",0.001110
"8666_9",0.752445
"4827_7",0.984124
"9737_10",0.985704
"5604_8",0.980053
"8331_10",0.991828
"886_2",0.001129
"4413_7",0.732759
"4116_7",0.994563
"3675_1",0.005090
"496_3",0.012100
"8837_4",0.006944
"3099_2",0.000812
"5518_4",0.519369
"6953_9",0.994445
"1240_9",0.990348
"8614_1",0.002265
"1628_8",0.507385
"1673_3",0.005090
"10806_8",0.988536
"780_9",0.988085
"6957_8",0.993996
"10903_8",0.993487
"9908_7",0.980394
"4696_9",0.989045
"3816_7",0.986764
"489_9",0.991554
"2254_1",0.001209
"122_8",0.853852
"3171_8",0.574425
"54_3",0.392606
"8826_4",0.068475
"7686_1",0.000583
"10875_3",0.001427
"4858_10",0.985814
"1268_8",0.919208
"3497_10",0.985990
"6527_1",0.000588
"1345_9",0.993333
"10092_4",0.000918
"11571_9",0.987460
"2899_10",0.990015
"5381_10",0.993612
"8722_1",0.000820
"10521_10",0.993423
"296_9",0.994531
"6184_1",0.002806
"6657_10",0.994135
"5972_9",0.986790
"8599_7",0.124160
"6125_1",0.001348
"5834_2",0.002103
"12479_9",0.988154
"3253_2",0.003594
"4986_9",0.988701
"6439_7",0.970409
"9659_8",0.991272
"3375_3",0.001561
"3155_10",0.993879
"3478_9",0.980431
"6251_1",0.000828
"6281_1",0.000697
"4669_8",0.985510
"2843_2",0.000755
"8137_8",0.993926
"9390_10",0.993242
"11401_3",0.000834
"1455_4",0.054299
"8418_9",0.988199
"7064_4",0.032222
"7467_4",0.057335
"12492_10",0.990140
"1969_4",0.018815
"5388_8",0.985828
"3287_2",0.000972
"3493_1",0.001001
"11682_8",0.982423
"7860_3",0.022716
"5507_4",0.003057
"11741_10",0.990624
"8041_8",0.992988
"3525_7",0.978814
"12256_9",0.993891
"1559_10",0.994434
"5477_9",0.994413
"736_2",0.001110
"29_10",0.993150
"12257_7",0.993867
"11184_3",0.023220
"5323_4",0.001307
"11315_3",0.152726
"1400_4",0.147924
"7978_3",0.001129
"6543_10",0.977001
"2120_10",0.994626
"3033_10",0.988492
"4096_7",0.993307
"10945_1",0.000892
"10726_7",0.994541
"10568_10",0.994369
"8966_8",0.988613
"12274_4",0.001142
"10560_4",0.007831
"12352_8",0.406413
"5860_1",0.001661
"11828_1",0.001016
"10752_7",0.976129
"6501_4",0.002862
"561_1",0.001378
"6796_1",0.000868
"2626_4",0.018529
"9089_3",0.001125
"10921_10",0.994303
"6969_10",0.980487
"1039_1",0.001103
"9561_2",0.001582
"2651_10",0.993574
"8929_7",0.985950
"6434_2",0.017045
"3954_1",0.000770
"12408_10",0.991322
"9230_8",0.986992
"6626_1",0.005469
"1913_2",0.001160
"9277_10",0.987782
"8177_8",0.987363
"7174_2",0.003945
"10000_7",0.985882
"849_1",0.000906
"9768_1",0.000854
"2852_7",0.218962
"7872_10",0.985356
"7331_7",0.991828
"9716_8",0.987876
"5672_1",0.006628
"11305_7",0.984351
"4750_2",0.000890
"3606_7",0.990980
"10329_1",0.000598
"4407_8",0.993372
"4298_8",0.988690
"1526_3",0.002806
"1177_8",0.991922
"8366_3",0.003235
"1848_9",0.994445
"9689_1",0.001312
"4883_7",0.977263
"10485_10",0.989066
"10851_9",0.162513
"1550_7",0.986841
"5088_7",0.988142
"7420_7",0.990064
"8306_4",0.032961
"7474_9",0.993624
"5297_10",0.994259
"9105_1",0.000575
"4806_8",0.993747
"11659_10",0.992626
"5491_4",0.356587
"4175_1",0.001156
"8726_1",0.000539
"9049_4",0.000913
"3266_10",0.992229
"1396_1",0.001449
"8364_4",0.010818
"3945_2",0.000604
"196_4",0.001330
"279_1",0.000567
"12203_2",0.001086
"8613_8",0.988777
"3839_10",0.994900
"2780_7",0.387154
"10493_10",0.992851
"6866_9",0.994646
"4044_10",0.994840
"2435_1",0.000607
"1976_4",0.589451
"8649_3",0.000864
"7299_1",0.000629
"6018_2",0.000729
"9729_8",0.994445
"3154_10",0.983231
"950_1",0.000757
"1409_4",0.003267
"5175_10",0.991522
"9722_4",0.002752
"4077_2",0.000748
"7067_1",0.001305
"10984_10",0.993649
"7117_1",0.000654
"2121_10",0.989801
"1386_10",0.993783
"12236_10",0.992583
"11844_1",0.000644
"8085_9",0.992947
"333_3",0.116563
"6522_3",0.002637
"249_7",0.988755
"1199_1",0.000751
"499_8",0.992654
"10033_1",0.000619
"7699_9",0.987067
"4829_7",0.982624
"665_1",0.000650
"6743_8",0.681601
"10153_10",0.931587
"4757_2",0.031739
"6942_10",0.993686
"3895_7",0.993574
"11128_1",0.000710
"4404_3",0.001055
"10811_1",0.000521
"1165_7",0.686094
"10907_8",0.994020
"1859_10",0.989860
"5836_10",0.986284
"10158_2",0.697094
"899_3",0.003396
"8631_1",0.002162
"7153_8",0.989013
"847_2",0.000825
"4418_10",0.993320
"12320_10",0.988380
"11242_8",0.961207
"7046_7",0.994112
"1819_10",0.987676
"1651_10",0.989850
"8280_10",0.992654
"2062_9",0.991118
"4781_8",0.993056
"10314_1",0.000660
"1934_1",0.000766
"12230_7",0.984155
"6689_9",0.994729
"987_4",0.003324
"9881_2",0.010860
"4571_7",0.993549
"569_4",0.041657
"11392_3",0.036597
"10716_2",0.000795
"7643_3",0.602665
"7429_8",0.984246
"11315_7",0.985704
"3097_9",0.976129
"10398_1",0.000766
"6299_8",0.977349
"5951_2",0.013983
"8930_8",0.988745
"1852_4",0.000726
"2857_7",0.977756
"4544_9",0.842021
"9492_10",0.981630
"1947_8",0.981040
"9178_2",0.009376
"6290_3",0.000734
"6313_8",0.993499
"6975_8",0.994729
"12258_10",0.987448
"3970_10",0.989119
"8096_7",0.987508
"10872_3",0.000626
"3660_1",0.001386
"7958_10",0.993512
"652_1",0.000936
"10331_1",0.000738
"2368_4",0.001008
"12367_1",0.000614
"12125_3",0.000953
"5785_8",0.960878
"5213_10",0.324075
"6334_8",0.980413
"8005_4",0.020785
"8405_7",0.986803
"4629_2",0.001242
"9342_8",0.989561
"11634_3",0.004728
"2878_2",0.001946
"6195_1",0.000742
"6994_8",0.994169
"12170_3",0.024633
"7384_1",0.000651
"1047_8",0.992077
"669_2",0.001065
"2976_1",0.003377
"4718_1",0.000639
"1203_1",0.000668
"9113_10",0.985814
"2928_1",0.003601
"10734_8",0.978915
"6469_7",0.992725
"2896_3",0.000927
"12061_8",0.994677
"240_9",0.990404
"8580_1",0.512876
"1961_1",0.428409
"6145_1",0.000801
"11028_4",0.105902
"7664_1",0.001154
"3022_1",0.006745
"7893_8",0.985909
"1149_8",0.987841
"8301_8",0.963575
"8210_10",0.987472
"9949_8",0.978405
"2961_4",0.018055
"9796_10",0.988414
"4397_7",0.992289
"2936_3",0.005900
"11382_10",0.994380
"11671_1",0.001297
"10864_1",0.000540
"11253_4",0.001245
"4692_3",0.013769
"11905_2",0.068289
"12066_1",0.003416
"789_8",0.991828
"7700_8",0.992184
"7697_7",0.217088
"8628_4",0.001207
"5719_2",0.005797
"4761_2",0.000742
"8777_1",0.003081
"3525_1",0.000679
"11990_4",0.001341
"432_10",0.993083
"4115_3",0.001552
"10888_10",0.985384
"6995_2",0.152284
"11910_10",0.793266
"8895_1",0.000883
"12149_10",0.986138
"11782_8",0.984215
"12139_7",0.241713
"380_2",0.001636
"5242_10",0.987580
"3542_9",0.992597
"6821_1",0.163713
"6931_1",0.000997
"5958_9",0.986138
"5332_2",0.000873
"2630_2",0.000550
"6387_7",0.991305
"7899_8",0.978935
"11017_3",0.001786
"11800_10",0.994780
"10926_10",0.988602
"9866_10",0.985977
"3203_2",0.000775
"11276_4",0.006680
"8342_2",0.003216
"6167_10",0.985635
"36_3",0.000947
"3340_1",0.000933
"3997_9",0.994247
"2627_10",0.989254
"4204_1",0.000807
"1018_4",0.766949
"10951_1",0.000573
"5315_4",0.984649
"6301_7",0.988391
"12038_10",0.993759
"3164_10",0.985869
"10989_8",0.993926
"2449_9",0.994247
"4375_1",0.000828
"7037_3",0.002170
"33_7",0.992583
"7457_10",0.988165
"2082_3",0.001748
"1316_10",0.993771
"9097_3",0.049085
"5804_10",0.985990
"9411_1",0.000662
"118_10",0.993461
"560_3",0.016673
"8914_9",0.638765
"2745_4",0.016045
"2607_1",0.000820
"4405_4",0.006719
"10451_1",0.000567
"1887_7",0.973368
"725_2",0.001758
"5118_4",0.001123
"9536_1",0.000545
"127_3",0.000890
"2833_8",0.992851
"131_7",0.990732
"7789_10",0.990606
"6294_7",0.991067
"3872_4",0.006109
"5454_7",0.980858
"11162_1",0.000975
"1685_1",0.000717
"8352_2",0.034684
"5003_1",0.001242
"262_9",0.991985
"8233_8",0.993673
"1814_10",0.992169
"1967_10",0.992108
"7545_10",0.990197
"12386_2",0.001642
"9531_9",0.986585
"3013_1",0.000809
"6835_10",0.993410
"1279_3",0.003046
"2411_1",0.001322
"9537_1",0.000587
"3446_10",0.990821
"656_4",0.557875
"7085_1",0.000775
"8355_1",0.002314
"1869_3",0.003267
"2317_2",0.002611
"11228_4",0.002023
"3987_8",0.994314
"509_3",0.001655
"5168_8",0.988777
"9267_10",0.994531
"912_10",0.993372
"10275_9",0.993333
"2855_10",0.983832
"6079_4",0.004619
"2728_1",0.000790
"9895_4",0.268462
"8230_7",0.967318
"5152_4",0.062160
"4137_8",0.985773
"919_10",0.993537
"1481_1",0.031649
"2468_1",0.000691
"383_1",0.000933
"11552_4",0.001661
"856_7",0.991049
"9047_1",0.000718
"2300_9",0.992697
"1346_7",0.988142
"6316_4",0.228157
"7983_10",0.991716
"9685_10",0.991439
"2745_10",0.785473
"8149_1",0.000664
"9478_1",0.000717
"3126_3",0.212722
"11629_10",0.984782
"5858_8",0.986942
"200_8",0.989275
"7721_4",0.002031
"12334_8",0.991472
"9582_4",0.001181
"5696_9",0.976243
"3823_3",0.003390
"11571_4",0.092770
"1349_9",0.993574
"4306_7",0.992683
"6924_1",0.001632
"10639_10",0.785473
"5674_1",0.000604
"11321_1",0.000575
"771_4",0.945651
"3519_1",0.005080
"2378_2",0.001230
"5677_10",0.993612
"2807_4",0.012171
"10165_9",0.989460
"6940_1",0.000625
"11015_3",0.007892
"1055_3",0.002536
"11055_9",0.992408
"8173_1",0.018960
"10743_1",0.000636
"11927_3",0.055260
"8785_4",0.031085
"10995_1",0.001200
"11899_1",0.000553
"10078_10",0.994677
"11831_8",0.983707
"8182_1",0.003580
"9664_2",0.000725
"12229_9",0.993499
"6076_2",0.000876
"8529_2",0.001441
"4686_1",0.000612
"8174_9",0.993599
"7395_4",0.350005
"1803_10",0.992597
"2508_1",0.000700
"452_2",0.010987
"8830_4",0.870542
"3240_4",0.957397
"578_2",0.193528
"3093_2",0.004915
"9543_1",0.000841
"9065_4",0.012772
"534_4",0.007332
"9762_2",0.003130
"3037_1",0.001748
"4632_7",0.971939
"5064_8",0.885631
"9962_10",0.993795
"9340_10",0.992093
"5881_1",0.000825
"4642_10",0.993229
"5293_4",0.002458
"6721_1",0.001233
"9869_7",0.992920
"7070_10",0.994054
"12486_9",0.987484
"4943_9",0.992525
"7939_10",0.199776
"5786_3",0.001348
"10357_7",0.823967
"7147_10",0.992947
"8627_10",0.987520
"3370_1",0.000881
"4117_10",0.994626
"8178_7",0.983391
"968_8",0.993163
"5931_8",0.984869
"6459_2",0.000619
"2480_3",0.004802
"5511_10",0.955858
"7554_2",0.001430
"9276_8",0.992781
"140_2",0.016060
"2776_10",0.994615
"3690_1",0.072637
"6369_2",0.187281
"7438_10",0.994191
"872_9",0.962708
"2389_2",0.004265
"2882_3",0.034651
"10404_9",0.994314
"5790_4",0.021698
"2382_7",0.994054
"7798_1",0.000807
"272_1",0.001427
"298_1",0.000861
"11414_7",0.973745
"9255_4",0.449393
"5914_4",0.001252
"2974_7",0.993902
"6739_7",0.980562
"1229_7",0.985622
"2268_10",0.993436
"2352_7",0.059210
"9329_10",0.989129
"11380_10",0.993855
"215_4",0.000892
"9915_2",0.000677
"541_1",0.001022
"10975_2",0.000785
"6946_9",0.965152
"3286_7",0.988853
"7482_10",0.994605
"48_4",0.016153
"10046_4",0.002952
"6295_1",0.001341
"6417_4",0.000695
"2401_4",0.013147
"8608_1",0.002652
"3500_8",0.980091
"11903_3",0.001567
"4012_2",0.003167
"11415_4",0.021865
"5835_4",0.003608
"9039_4",0.006193
"6526_1",0.001065
"6379_8",0.986533
"6136_10",0.993461
"6094_4",0.003622
"11608_9",0.986662
"3745_3",0.005271
"10694_1",0.001211
"3222_10",0.994203
"3394_4",0.000962
"7790_10",0.992725
"2982_10",0.990404
"12253_3",0.984185
"5900_1",0.365853
"3398_4",0.616291
"10038_7",0.979609
"1520_8",0.986191
"11756_2",0.025395
"6228_1",0.000585
"6226_7",0.992975
"4377_10",0.985828
"9730_1",0.000560
"11088_4",0.012171
"7867_10",0.993722
"5072_1",0.008951
"7935_3",0.002839
"4536_3",0.002252
"6989_2",0.000653
"8101_8",0.989409
"3364_7",0.273599
"7862_1",0.000741
"8562_2",0.014365
"9783_9",0.993549
"7272_1",0.001671
"1025_3",0.002952
"9432_7",0.989171
"4153_8",0.994303
"8528_1",0.000632
"8427_4",0.004512
"5417_1",0.000662
"6575_1",0.003862
"10041_8",0.987935
"7589_4",0.048361
"10391_9",0.986231
"1400_7",0.966851
"9428_2",0.001882
"7106_3",0.000755
"5695_10",0.993029
"6430_10",0.983894
"11722_4",0.007389
"11328_1",0.000579
"9020_3",0.025227
"183_10",0.986284
"6674_10",0.994708
"5495_10",0.987290
"2237_7",0.757324
"11943_7",0.984291
"5872_10",0.993819
"5043_9",0.984927
"3869_1",0.002337
"5113_4",0.023962
"4671_3",0.000707
"9220_4",0.979334
"7330_1",0.000693
"5344_3",0.001639
"11965_1",0.000667
"7620_9",0.994615
"7044_10",0.993448
"6296_10",0.992823
"8204_1",0.000641
"7661_9",0.983279
"11708_2",0.005753
"2415_7",0.991522
"7840_4",0.003456
"2628_10",0.994880
"4633_3",0.003545
"7320_2",0.000568
"11755_1",0.000906
"2589_2",0.004992
"5044_10",0.994870
"5189_1",0.000594
"7926_7",0.990821
"2454_10",0.987338
"3368_1",0.000529
"12223_7",0.983359
"7348_1",0.000993
"12007_8",0.982507
"5501_7",0.986337
"4025_8",0.994739
"6447_10",0.988949
"5438_3",0.001540
"7910_10",0.993902
"377_1",0.000843
"409_8",0.992739
"2150_9",0.992568
"11986_2",0.000745
"2544_2",0.006098
"5141_10",0.994626
"8305_3",0.967747
"8329_10",0.993855
"2333_8",0.987154
"5171_4",0.000763
"5412_10",0.994626
"1081_10",0.994369
"10773_7",0.990292
"1969_10",0.993436
"8276_10",0.987424
"1244_1",0.000739
"7113_2",0.001934
"9535_2",0.000653
"4627_7",0.990083
"10757_4",0.026506
"10091_10",0.994214
"5211_10",0.987496
"7510_7",0.707834
"11674_10",0.991389
"5299_8",0.989358
"3515_8",0.987935
"10143_3",0.001629
"2274_10",0.994708
"2372_3",0.958499
"3116_8",0.992334
"7340_3",0.001264
"1394_9",0.993831
"2047_9",0.987363
"8587_2",0.559922
"11579_10",0.987592
"942_10",0.994281
"9355_4",0.106784
"8812_10",0.992452
"4732_2",0.000838
"3180_10",0.994247
"310_9",0.985923
"3980_8",0.993549
"6923_2",0.000883
"2424_9",0.992481
"1092_4",0.002217
"9238_7",0.978198
"2382_2",0.000717
"3579_1",0.002935
"6801_8",0.990292
"3768_8",0.980015
"11717_10",0.988646
"10001_9",0.988234
"355_10",0.989967
"8896_1",0.034684
"9772_1",0.000689
"7624_10",0.722356
"1102_3",0.000548
"10949_9",0.993891
"1269_10",0.993867
"11768_4",0.001057
"5555_4",0.015395
"2233_9",0.983909
"6567_8",0.993807
"12130_8",0.992437
"8587_7",0.994605
"10973_1",0.002768
"3863_10",0.989234
"9220_8",0.021636
"7579_10",0.994563
"4411_10",0.987351
"2093_8",0.988766
"10883_10",0.993867
"3583_3",0.000628
"1396_8",0.990839
"1930_3",0.001038
"8779_1",0.013046
"12478_9",0.986311
"176_9",0.992274
"11733_10",0.986271
"11368_1",0.000606
"4077_8",0.993385
"11056_7",0.987818
"5567_3",0.003839
"8549_3",0.002935
"9743_1",0.001652
"6916_9",0.993612
"6147_1",0.993448
"7820_7",0.990821
"1352_7",0.988745
"5337_10",0.994281
"12285_3",0.000989
"8992_2",0.000671
"4644_2",0.000738
"9793_10",0.994031
"2359_10",0.992654
"2137_9",0.992892
"10559_3",0.000892
"2679_3",0.000974
"10010_2",0.001495
"11987_10",0.985454
"8824_10",0.994089
"11418_7",0.988613
"2423_9",0.988347
"1576_7",0.952970
"7947_4",0.001642
"1714_10",0.993123
"6006_8",0.987030
"939_8",0.994434
"3755_4",0.005764
"3213_3",0.008796
"164_2",0.001051
"1123_10",0.993096
"7397_7",0.952706
"822_1",0.000501
"5631_2",0.004896
"10464_10",0.993783
"11397_10",0.989171
"10679_3",0.000629
"8205_1",0.000577
"6947_10",0.971886
"2000_1",0.000628
"4075_7",0.994123
"1388_8",0.981560
"446_1",0.001123
"1063_2",0.000564
"6030_3",0.006339
"5613_2",0.000628
"8759_3",0.269326
"12169_1",0.022737
"5111_4",0.003907
"2891_4",0.026531
"827_1",0.001668
"6229_8",0.979629
"2212_4",0.878575
"4788_9",0.988391
"8859_1",0.000792
"9798_10",0.993216
"9763_9",0.983863
"3889_7",0.986520
"3275_8",0.990385
"5106_10",0.989672
"7576_10",0.993202
"9405_3",0.002387
"7108_1",0.002591
"9794_10",0.990366
"2653_10",0.983550
"10545_10",0.994020
"12306_10",0.988712
"4696_2",0.000758
"7982_10",0.990606
"11066_3",0.004323
"10034_1",0.000958
"6035_3",0.001114
"9518_9",0.986739
"1266_8",0.993636
"11336_9",0.984486
"4159_10",0.989460
"9375_8",0.993436
"5204_1",0.000701
"3360_10",0.992583
"5659_1",0.033972
"8839_4",0.226399
"4529_7",0.982674
"3283_2",0.005708
"5376_7",0.988481
"5379_8",0.990874
"5266_4",0.000880
"7463_9",0.982406
"3595_1",0.000873
"3141_10",0.986244
"9986_2",0.038793
"4279_1",0.001075
"1427_4",0.011332
"8357_10",0.713207
"715_4",0.016931
"8482_9",0.987829
"3091_10",0.988458
"5735_7",0.561335
"3100_4",0.001447
"11447_8",0.984321
"4577_1",0.001555
"10287_10",0.993281
"3384_3",0.001188
"3820_9",0.993698
"8883_3",0.002003
"11279_10",0.975060
"3093_8",0.988380
"10465_3",0.001123
"4423_10",0.993795
"601_3",0.001890
"1902_10",0.993771
"1509_8",0.984124
"3019_9",0.988788
"11994_9",0.994509
"4246_2",0.001179
"842_10",0.988403
"4917_8",0.992851
"68_1",0.028248
"6613_2",0.000964
"7230_10",0.990092
"6183_4",0.017276
"338_10",0.987030
"6182_8",0.990945
"2409_1",0.001259
"9965_8",0.989491
"1336_10",0.280321
"4456_2",0.000663
"12437_8",0.987592
"8437_10",0.989223
"409_4",0.001684
"2303_10",0.987240
"2144_9",0.983878
"2302_8",0.989389
"385_9",0.987055
"3617_8",0.986337
"5450_7",0.168583
"6882_4",0.001063
"2980_4",0.027954
"9828_4",0.004054
"10745_8",0.988635
"3478_1",0.015589
"2167_2",0.000751
"5562_2",0.000789
"8771_7",0.048858
"8372_10",0.993649
"10749_8",0.992525
"7394_10",0.984516
"3711_7",0.986376
"5375_1",0.001069
"7881_7",0.967899
"7023_2",0.001138
"206_10",0.994169
"4760_9",0.993150
"12026_1",0.000613
"12182_10",0.985229
"1821_8",0.993294
"10828_1",0.000938
"2446_10",0.889769
"5327_10",0.993537
"5727_3",0.000579
"11460_4",0.027664
"6484_10",0.988928
"3555_4",0.022759
"10641_8",0.991700
"650_3",0.008316
"1467_10",0.994708
"7651_3",0.001817
"11459_4",0.092688
"9255_10",0.992016
"7888_10",0.993359
"4118_2",0.001179
"2540_9",0.986017
"2152_7",0.987290
"2614_10",0.991406
"2892_10",0.986376
"3878_1",0.000883
"273_10",0.989889
"5565_10",0.987399
"444_10",0.992481
"11062_10",0.993855
"5184_1",0.000580
"12140_3",0.000795
"3254_8",0.963092
"11537_7",0.013545
"7606_10",0.992423
"6120_2",0.007548
"7416_10",0.990892
"10759_3",0.140042
"12255_9",0.994739
"1114_10",0.988503
"6827_8",0.988062
"10246_2",0.001992
"204_9",0.993819
"5816_10",0.992184
"2693_9",0.992452
"2578_2",0.000839
"4958_3",0.002652
"7873_10",0.984971
"8795_2",0.001183
"1431_3",0.001330
"11635_7",0.979433
"1327_3",0.000864
"10813_7",0.990197
"9764_4",0.080069
"5861_8",0.672782
"8995_3",0.002430
"2243_1",0.000663
"11708_7",0.987981
"1998_2",0.001585
"11887_8",0.994020
"4836_10",0.983644
"1603_4",0.371336
"9860_4",0.008796
"1728_1",0.000940
"12108_1",0.001057
"9756_4",0.243912
"1325_3",0.007563
"5174_1",0.000714
"9917_2",0.000831
"6101_1",0.000820
"2010_10",0.994336
"1132_8",0.993123
"8516_1",0.001317
"3563_1",0.000958
"2362_10",0.985635
"10971_1",0.003622
"8672_9",0.991472
"2863_2",0.000736
"2750_1",0.002406
"8599_4",0.000681
"12115_7",0.267217
"4921_2",0.000744
"2975_2",0.000621
"4245_8",0.992062
"10778_10",0.989682
"7816_7",0.988234
"9131_1",0.001961
"5541_3",0.000806
"7956_1",0.009956
"780_3",0.001957
"1052_10",0.985440
"6842_8",0.993734
"8279_10",0.993636
"9653_3",0.002502
"3025_1",0.000493
"1174_1",0.001059
"1039_10",0.993255
"4609_10",0.993410
"2150_1",0.000672
"6289_7",0.243238
"2963_2",0.000911
"8801_1",0.004682
"5196_7",0.988096
"5723_2",0.000726
"10530_10",0.994870
"9473_1",0.001090
"3355_3",0.000966
"5388_3",0.081666
"12102_2",0.005437
"11038_10",0.979275
"9672_1",0.000594
"6875_8",0.987946
"4754_8",0.992654
"6814_3",0.003490
"8937_3",0.001731
"7077_4",0.511991
"1782_1",0.000641
"631_4",0.078008
"7876_1",0.000779
"74_4",0.056600
"2846_9",0.984942
"4190_1",0.001828
"7843_4",0.005764
"7528_7",0.444836
"2396_8",0.993879
"790_1",0.000693
"2020_7",0.993562
"2526_1",0.000675
"8104_8",0.987700
"12372_2",0.004538
"417_1",0.001707
"1318_2",0.000658
"4530_1",0.000646
"2370_4",0.987640
"1886_10",0.994719
"9386_1",0.000815
"7863_1",0.000632
"3864_10",0.993636
"6559_2",0.000675
"7855_7",0.986151
"1672_1",0.000699
"8453_2",0.007403
"8373_3",0.000764
"9770_10",0.994499
"12009_1",0.001438
"2770_3",0.003938
"4618_7",0.989213
"9797_10",0.992016
"6605_1",0.004858
"10176_1",0.005888
"8949_10",0.993636
"5401_7",0.986507
"3295_7",0.994180
"4791_1",0.000573
"4016_1",0.000614
"4314_10",0.986071
"2903_1",0.000660
"3835_9",0.986611
"7532_1",0.001044
"729_10",0.992611
"5753_1",0.002003
"11976_2",0.001923
"3027_1",0.047558
"9721_9",0.993624
"11295_3",0.004896
"3241_1",0.001274
"5389_9",0.994135
"9889_1",0.001394
"3522_4",0.000696
"10865_8",0.993661
"1015_8",0.990404
"5048_10",0.993410
"2671_2",0.038322
"2841_4",0.004944
"4928_1",0.001090
"10499_1",0.068725
"9409_10",0.992554
"974_10",0.957158
"11582_7",0.978323
"9988_10",0.993587
"3463_8",0.980356
"5194_1",0.288118
"3377_4",0.018815
"4352_1",0.003052
"10862_1",0.000653
"1545_7",0.974264
"9801_10",0.991954
"1905_2",0.004709
"12276_9",0.991620
"7544_1",0.000644
"10056_1",0.001315
"3623_1",0.000853
"4013_7",0.992016
"1294_4",0.002124
"10285_9",0.989171
"7793_10",0.994531
"3809_9",0.991891
"4586_3",0.001252
"7511_1",0.009322
"10873_4",0.001012
"4888_8",0.989501
"4349_10",0.965641
"1531_3",0.000637
"8884_3",0.000909
"7336_3",0.005820
"9688_10",0.993268
"7208_1",0.000482
"4355_8",0.991389
"6098_2",0.001051
"9106_10",0.983707
"6422_1",0.000614
"2054_9",0.986125
"550_8",0.950960
"402_8",0.985215
"11832_10",0.994989
"10256_10",0.994236
"6131_1",0.000598
"11907_4",0.018636
"4459_4",0.062046
"8555_7",0.989066
"5079_2",0.000632
"10304_2",0.004673
"10489_1",0.004062
"566_3",0.019457
"1999_1",0.000779
"590_1",0.002350
"11159_1",0.000699
"10612_9",0.987314
"10810_2",0.014532
"11658_4",0.000841
"1950_9",0.974386
"8977_4",0.515254
"9040_1",0.000540
"2891_10",0.979374
"2966_10",0.992510
"8665_4",0.011687
"6600_1",0.000565
"9308_1",0.000684
"7870_10",0.992349
"10511_1",0.000741
"7235_8",0.613656
"132_9",0.993359
"1575_8",0.987723
"3328_8",0.739281
"3273_1",0.000628
"9475_4",0.168994
"10938_7",0.705696
"8143_7",0.985328
"9003_10",0.988142
"9854_10",0.991684
"9932_2",0.093182
"1017_7",0.964522
"4386_9",0.994402
"1105_3",0.001080
"7315_7",0.372819
"37_9",0.995027
"8409_10",0.992214
"12118_1",0.001589
"1665_8",0.993973
"10284_1",0.000810
"8922_3",0.000653
"2524_2",0.004610
"11205_2",0.001112
"4676_8",0.993795
"10479_4",0.024727
"9849_8",0.984738
"4841_3",0.550033
"9153_9",0.994236
"9279_8",0.991015
"11008_10",0.993710
"614_10",0.992199
"167_2",0.000668
"2041_1",0.000760
"6509_8",0.989013
"9832_7",0.986546
"5939_7",0.500122
"3267_3",0.001478
"3555_9",0.971537
"1668_7",0.058507
"11048_1",0.000631
"1856_3",0.006463
"4426_10",0.988536
"8457_3",0.041230
"6603_10",0.990732
"4738_1",0.021677
"11762_8",0.992259
"2078_10",0.987338
"6754_1",0.001179
"11721_2",0.001665
"11558_3",0.244904
"973_10",0.977154
"814_4",0.001257
"2102_3",0.000707
"11394_4",0.017359
"312_4",0.001522
"2994_1",0.000509
"5649_7",0.993855
"7281_8",0.994358
"2756_4",0.001875
"2137_1",0.002704
"8696_2",0.001075
"1158_3",0.278698
"4531_1",0.002120
"10047_10",0.994488
"683_7",0.901053
"8645_10",0.986138
"889_3",0.001721
"4202_2",0.000955
"3859_10",0.989150
"5038_8",0.994191
"6906_9",0.987436
"4154_8",0.988712
"9548_1",0.000556
"4434_9",0.987129
"9235_9",0.992879
"2368_8",0.978935
"8391_2",0.000779
"1391_7",0.973241
"4317_1",0.001252
"8345_4",0.005011
"8610_1",0.000573
"2888_10",0.992697
"5597_3",0.013506
"4900_7",0.794425
"3016_2",0.005459
"1057_2",0.001328
"5143_8",0.992184
"6932_2",0.001761
"7879_10",0.989327
"9300_3",0.001134
"12142_2",0.000920
"3426_3",0.011288
"7977_7",0.993819
"1573_3",0.003497
"336_10",0.993537
"4248_10",0.990310
"9693_7",0.159479
"7753_4",0.066266
"2290_10",0.990035
"9156_8",0.987424
"5526_4",0.000726
"3896_8",0.990821
"8520_7",0.983215
"3566_4",0.021328
"6386_7",0.993372
"4201_1",0.992244
"372_9",0.989771
"6768_8",0.992892
"9177_8",0.985072
"1079_1",0.000861
"934_10",0.990910
"11918_2",0.005190
"4867_4",0.001110
"12449_8",0.988928
"7907_10",0.994605
"4508_3",0.009936
"1075_2",0.000876
"11466_8",0.987484
"10935_2",0.001230
"4826_9",0.975739
"4814_7",0.988425
"8676_4",0.008847
"1058_1",0.000639
"7831_2",0.000577
"1150_9",0.990624
"5395_1",0.000568
"5435_7",0.981823
"1745_1",0.000641
"11278_4",0.001160
"8629_1",0.008779
"3145_9",0.993807
"8108_10",0.992823
"6377_1",0.002112
"10298_1",0.000760
"12265_1",0.001908
"11930_8",0.780997
"2511_10",0.990015
"7955_1",0.000644
"2335_9",0.994509
"3194_10",0.993448
"6724_10",0.984155
"9406_1",0.049497
"11369_1",0.000792
"1972_4",0.007374
"6900_8",0.990140
"7813_7",0.988188
"785_7",0.977349
"6368_3",0.016882
"2163_1",0.000724
"11487_8",0.993902
"4292_7",0.984291
"7451_4",0.006169
"11465_2",0.000602
"7641_8",0.988131
"8250_8",0.992934
"4490_1",0.001744
"10452_1",0.003022
"7442_3",0.001424
"3027_9",0.993938
"235_7",0.994369
"3750_7",0.992000
"8700_1",0.000766
"3584_10",0.989592
"7217_7",0.981788
"7769_10",0.993698
"10149_9",0.988591
"7607_2",0.000585
"7749_1",0.000804
"12067_1",0.000636
"388_10",0.989399
"6596_1",0.000763
"10242_2",0.024400
"3853_1",0.001044
"5726_4",0.001016
"9031_9",0.475423
"1543_7",0.977306
"1442_8",0.993926
"6336_10",0.993686
"5929_4",0.139748
"3378_3",0.023939
"183_4",0.084568
"3518_9",0.994225
"5870_8",0.994900
"5053_4",0.001277
"7330_7",0.973266
"9553_9",0.988701
"9552_10",0.993722
"8515_10",0.014672
"1666_9",0.987652
"6661_3",0.001707
"8721_1",0.000951
"1368_1",0.000667
"5076_9",0.979196
"12353_2",0.009615
"1099_7",0.994615
"8669_9",0.984032
"2564_8",0.989265
"4369_10",0.989480
"11951_4",0.001632
"11384_3",0.005292
"7459_3",0.001118
"6776_9",0.994314
"6673_3",0.000878
"2500_8",0.992975
"8739_3",0.000721
"3828_1",0.001138
"7945_2",0.279681
"7934_10",0.992809
"4571_1",0.000793
"11689_7",0.991716
"3681_10",0.987818
"5110_4",0.004315
"5953_8",0.980356
"10906_4",0.000936
"3424_8",0.992319
"6492_7",0.982757
"10450_1",0.000520
"4856_8",0.966695
"12019_1",0.001701
"1390_8",0.988960
"6452_4",0.006958
"4916_4",0.001338
"3979_3",0.001267
"6023_3",0.000876
"5762_1",0.000565
"4176_9",0.993636
"7194_2",0.003470
"3143_7",0.967990
"954_8",0.989034
"5291_1",0.001193
"2258_1",0.003497
"5412_1",0.000611
"4088_3",0.001592
"4312_1",0.000754
"517_1",0.000710
"5601_1",0.000597
"288_1",0.000738
"234_3",0.000983
"6665_8",0.993686
"6957_3",0.001230
"4454_2",0.001727
"3270_8",0.989702
"4500_3",0.013121
"7551_1",0.000662
"9033_4",0.298594
"2619_10",0.937038
"10093_10",0.987829
"5483_2",0.005609
"8383_1",0.000548
"11683_1",0.000704
"10649_1",0.046551
"181_3",0.496704
"3668_2",0.001992
"3769_1",0.000874
"11519_3",0.024633
"5716_10",0.993015
"10918_8",0.983723
"3103_1",0.000747
"7210_10",0.993255
"2515_8",0.985426
"8424_9",0.985869
"1404_10",0.992892
"3158_10",0.993524
"4996_2",0.000790
"5493_3",0.020824
"8540_9",0.988016
"8960_8",0.989368
"11274_3",0.001378
"11067_10",0.992611
"3335_2",0.002642
"6578_4",0.000975
"916_10",0.993083
"3844_1",0.000741
"7108_8",0.984590
"565_2",0.949809
"11622_3",0.009559
"10700_1",0.000975
"10483_1",0.003884
"8951_9",0.991954
"6326_8",0.988591
"3035_8",0.992947
"2292_10",0.992865
"11013_4",0.001724
"10618_1",0.000938
"11544_1",0.000754
"7550_10",0.186465
"289_8",0.983940
"6571_10",0.994314
"6056_10",0.985186
"10814_1",0.000810
"9377_1",0.001092
"1577_8",0.842150
"9268_9",0.994541
"10116_10",0.991170
"7411_10",0.990768
"12279_4",0.083740
"3575_1",0.001284
"8105_8",0.954732
"6092_10",0.994445
"12406_1",0.000608
"1117_2",0.000593
"12358_7",0.980562
"4469_9",0.989419
"7055_2",0.003743
"10412_8",0.994325
"12155_10",0.991684
"11222_3",0.000947
"9622_9",0.992408
"8992_8",0.960138
"5305_3",0.005312
"8111_10",0.992851
"3436_1",0.003636
"2748_8",0.988690
"6527_10",0.993710
"672_8",0.992795
"8172_4",0.979570
"5513_10",0.988613
"741_7",0.977564
"8886_7",0.985072
"6939_1",0.001044
"12235_1",0.000942
"10607_1",0.000624
"4708_10",0.987055
"9034_10",0.993549
"6600_10",0.993624
"2934_1",0.001328
"12168_10",0.987580
"9362_9",0.993759
"9627_8",0.988436
"9547_8",0.977629
"4108_2",0.000801
"10293_9",0.985524
"10105_8",0.988085
"11864_7",0.975600
"2843_7",0.162979
"836_9",0.988734
"6201_1",0.000579
"8192_4",0.023509
"2596_1",0.000687
"6847_3",0.006958
"8794_1",0.000747
"7281_4",0.000834
"9678_2",0.005041
"10950_3",0.002191
"5845_4",0.003087
"6187_10",0.988119
"4684_9",0.961786
"10852_1",0.007726
"11542_3",0.000685
"5385_1",0.000787
"9597_3",0.004915
"8975_3",0.176459
"10766_3",0.032222
"4236_8",0.988369
"118_1",0.000647
"7278_7",0.987508
"11069_7",0.991084
"1002_3",0.007025
"4210_7",0.993385
"8514_10",0.987688
"9676_1",0.000853
"11826_10",0.987104
"8216_8",0.990696
"575_4",0.001636
"3867_8",0.980894
"321_10",0.992123
"1654_1",0.000693
"973_4",0.382084
"8796_3",0.001655
"145_1",0.000567
"2649_2",0.001645
"2432_2",0.001247
"5713_10",0.991522
"6851_1",0.199386
"3523_7",0.986636
"9862_9",0.984486
"8888_9",0.972283
"12343_1",0.000804
"2298_9",0.992554
"7129_1",0.000559
"12163_7",0.982083
"1090_1",0.001495
"8249_7",0.987806
"3716_7",0.984366
"8095_4",0.000820
"9739_8",0.988245
"7041_1",0.000949
"7673_10",0.994100
"210_4",0.001452
"283_8",0.676681
"12361_9",0.993867
"9254_10",0.993747
"5598_1",0.000538
"128_10",0.994434
"11557_7",0.984291
"10232_10",0.973368
"10747_7",0.989150
"9984_9",0.990404
"9618_1",0.004110
"7976_10",0.992920
"5788_10",0.982741
"7378_4",0.003490
"2047_3",0.001038
"10053_10",0.993255
"8399_4",0.001853
"7925_10",0.993397
"6830_9",0.993855
"2530_9",0.986929
"9521_1",0.001648
"784_10",0.994708
"10417_7",0.992892
"2198_9",0.989551
"8219_8",0.991389
"6896_4",0.336195
"5341_7",0.988874
"2386_9",0.988917
"2323_8",0.985552
"9028_2",0.001537
"6983_7",0.981771
"9885_7",0.982151
"11720_1",0.000750
"8409_3",0.004070
"5797_7",0.988981
"7729_9",0.994247
"10591_10",0.993242
"9593_9",0.993229
"6364_4",0.000974
"7215_3",0.000662
"3653_2",0.000758
"4533_8",0.986165
"10899_8",0.986533
"8312_10",0.987314
"9543_10",0.992711
"5608_8",0.964556
"1432_10",0.986442
"5562_9",0.988436
"12171_9",0.987314
"4428_10",0.991938
"2062_2",0.008316
"8468_8",0.937840
"827_8",0.987375
"11539_3",0.001421
"4215_3",0.000831
"11310_3",0.002128
"4525_1",0.000539
"2093_1",0.000516
"11238_4",0.052134
"5523_8",0.983955
"9848_9",0.989899
"10000_4",0.000761
"10304_7",0.990478
"511_3",0.001250
"1807_7",0.993056
"9080_7",0.838746
"1808_9",0.991554
"6283_8",0.990927
"5913_1",0.000738
"685_1",0.001328
"9505_8",0.985158
"7152_1",0.000931
"11292_1",0.000605
"8334_10",0.990292
"11476_1",0.000683
"3431_10",0.985200
"4019_1",0.001595
"7292_3",0.003229
"1990_7",0.984185
"1574_1",0.029091
"5516_8",0.989771
"4687_10",0.992349
"11493_2",0.000664
"771_9",0.989612
"8864_1",0.000624
"3001_7",0.659110
"423_2",0.001492
"5062_7",0.783285
"5198_1",0.001458
"7303_1",0.001216
"7433_2",0.001402
"3085_7",0.988470
"3293_9",0.988096
"12426_7",0.979295
"5775_3",0.000719
"7358_1",0.000605
"3851_2",0.000801
"4785_10",0.903252
"9650_4",0.000766
"553_9",0.994089
"401_10",0.993636
"11522_8",0.991255
"5222_7",0.993436
"5042_7",0.986311
"2638_7",0.708187
"11883_10",0.992452
"11476_10",0.993673
"4999_10",0.994573
"10360_1",0.001190
"3443_9",0.994203
"1138_1",0.001380
"1898_10",0.992000
"6069_3",0.001817
"12101_2",0.000559
"1953_10",0.987806
"8679_10",0.993163
"10348_10",0.990514
"2208_3",0.007969
"3886_8",0.990569
"3734_2",0.005312
"1330_10",0.975060
"4639_3",0.021430
"6837_7",0.957038
"6520_8",0.994077
"653_10",0.993015
"5373_1",0.002779
"8074_10",0.988755
"3906_8",0.986468
"9264_1",0.001012
"2160_2",0.002145
"624_3",0.982658
"3899_1",0.000796
"2181_7",0.173568
"7932_4",0.004619
"8278_1",0.056185
"7162_9",0.988820
"185_4",0.000810
"1997_8",0.993722
"7295_9",0.549610
"1083_3",0.002063
"4678_2",0.000751
"4859_10",0.987129
"9091_8",0.994292
"397_3",0.000637
"11157_9",0.963814
"11261_10",0.993537
"10828_9",0.990768
"2452_7",0.993096
"10268_7",0.991668
"10306_1",0.000796
"18_8",0.994135
"7998_10",0.991187
"8574_10",0.994488
"2953_10",0.989066
"8996_9",0.994605
"7389_9",0.993879
"202_4",0.001772
"5612_4",0.006513
"9916_8",0.991954
"7606_1",0.000839
"1585_8",0.980469
"11803_2",0.002378
"236_10",0.988458
"7827_4",0.003580
"5423_2",0.002642
"3625_1",0.001636
"9887_9",0.993436
"3429_8",0.992199
"372_2",0.000711
"1228_4",0.003416
"7891_10",0.985129
"4387_1",0.000601
"6067_1",0.022201
"7822_1",0.001026
"10898_2",0.000567
"512_2",0.000692
"647_9",0.148047
"5361_4",0.001034
"8583_4",0.003344
"2858_2",0.002678
"4920_10",0.994445
"6857_2",0.000868
"925_2",0.000598
"2959_3",0.005343
"11481_10",0.722209
"10824_1",0.939748
"1577_4",0.019475
"2231_7",0.976625
"11545_3",0.004718
"1539_2",0.000751
"9657_4",0.003430
"10362_7",0.991716
"11131_2",0.001277
"9833_7",0.993487
"8495_10",0.994054
"11781_2",0.005448
"1056_8",0.988514
"9402_1",0.000664
"6212_1",0.000566
"3151_1",0.000687
"5921_3",0.000814
"2198_4",0.001758
"269_2",0.124160
"11464_8",0.979648
"30_4",0.016246
"5300_1",0.001341
"2277_3",0.000807
"10410_10",0.987958
"5233_1",0.007417
"4336_10",0.956227
"3084_10",0.992611
"2908_8",0.994292
"2814_4",0.070368
"8347_10",0.994413
"2319_1",0.000931
"16_1",0.000806
"821_10",0.994615
"2793_10",0.993783
"9909_9",0.987472
"6934_3",0.038107
"9138_1",0.000500
"702_1",0.001325
"3886_3",0.003016
"8311_8",0.980967
"9199_1",0.000839
"1254_10",0.988525
"6590_7",0.986841
"3040_8",0.993587
"849_7",0.699909
"7555_10",0.994380
"9668_3",0.032775
"10942_7",0.930142
"11343_2",0.013480
"7906_10",0.992583
"11671_10",0.992739
"126_4",0.882529
"9623_8",0.988558
"2872_3",0.000779
"11895_10",0.994169
"3245_1",0.000668
"6145_8",0.988062
"1022_10",0.987240
"6261_1",0.001063
"6888_3",0.006719
"12443_1",0.000576
"7433_10",0.986879
"6512_7",0.991538
"4161_9",0.988131
"6745_7",0.985328
"1993_10",0.985000
"6325_3",0.001419
"12484_9",0.985718
"2204_10",0.993926
"8065_7",0.985828
"1705_7",0.986713
"9370_1",0.000953
"6150_1",0.001490
"3587_10",0.986777
"1906_1",0.000781
"5706_4",0.835013
"3854_9",0.994325
"9655_3",0.001230
"6736_2",0.001046
"2096_9",0.989129
"2846_2",0.007080
"11849_1",0.000895
"5224_1",0.000977
"2987_8",0.985963
"11058_8",0.990803
"2917_3",0.001320
"459_9",0.988657
"9418_7",0.985759
"5803_2",0.000977
"6742_10",0.994434
"2268_4",0.000918
"6832_7",0.993015
"4834_7",0.960805
"9532_1",0.017177
"8197_8",0.992077
"7728_1",0.000644
"1958_2",0.000944
"5380_8",0.987592
"4896_2",0.000955
"9529_2",0.001472
"3322_7",0.966726
"7629_4",0.081739
"9962_4",0.077378
"9277_4",0.001694
"1071_2",0.000796
"8266_2",0.000869
"6812_8",0.992583
"3196_7",0.016802
"3430_2",0.003279
"6052_10",0.992711
"221_3",0.000626
"3244_1",0.000989
"4846_1",0.000828
"2876_7",0.960025
"4247_4",0.000807
"11608_1",0.000745
"564_4",0.123207
"1978_2",0.078360
"4089_10",0.004240
"1633_8",0.987806
"8983_4",0.282691
"10909_7",0.989182
"8135_8",0.604866
"12238_1",0.000541
"9564_3",0.000679
"10174_9",0.989870
"1690_9",0.946349
"4756_8",0.987993
"10718_10",0.994615
"3489_7",0.979374
"2124_1",0.000949
"3842_3",0.000617
"2700_4",0.005992
"5960_8",0.993973
"6193_1",0.003992
"6719_7",0.763616
"7922_8",0.981418
"12132_8",0.874077
"10169_8",0.986429
"1486_4",0.085862
"8455_1",0.002742
"10019_1",0.000659
"7028_10",0.992031
"787_9",0.993359
"2414_4",0.003650
"7182_7",0.960768
"5548_9",0.992274
"3963_7",0.987142
"1584_7",0.986311
"6825_3",0.000725
"6588_3",0.001183
"10573_3",0.001092
"6693_10",0.985649
"5541_7",0.684528
"12053_9",0.989223
"3662_9",0.989771
"6829_10",0.988256
"285_10",0.988165
"1270_4",0.007475
"4320_10",0.983613
"1333_3",0.000721
"6618_1",0.987794
"10119_1",0.000568
"2886_1",0.000876
"8811_7",0.988050
"11087_9",0.992510
"3436_8",0.991603
"10479_10",0.986662
"8365_9",0.987436
"12140_8",0.986688
"6981_7",0.580397
"10447_2",0.000609
"10352_1",0.001026
"943_8",0.987911
"513_1",0.000853
"11192_1",0.002878
"587_3",0.003969
"3420_10",0.991844
"10030_7",0.972283
"3026_10",0.987829
"3145_1",0.011094
"2230_9",0.979453
"5193_1",0.000773
"11337_8",0.988358
"3601_9",0.994434
"3628_10",0.992108
"4952_10",0.993163
"1775_10",0.988347
"8141_4",0.010111
"572_3",0.001299
"6732_3",0.000741
"4274_4",0.013584
"5892_3",0.017326
"7035_10",0.987888
"5354_4",0.023087
"4264_4",0.001397
"8151_9",0.994191
"376_2",0.001325
"5352_1",0.001738
"1365_8",0.973317
"8272_10",0.993202
"6942_4",0.027015
"9067_4",0.089933
"11428_1",0.005160
"7308_3",0.819641
"8349_10",0.989419
"11336_4",0.022781
"551_9",0.994020
"4721_10",0.994336
"4862_1",0.000828
"5469_4",0.019271
"3834_10",0.994573
"4717_10",0.994203
"4202_9",0.990273
"5335_4",0.384623
"7587_8",0.988635
"10827_4",0.117420
"3432_1",0.000663
"6110_4",0.040884
"5618_7",0.806967
"11808_1",0.000728
"9293_4",0.035914
"2163_8",0.985882
"4802_1",0.001136
"5476_7",0.984441
"9991_1",0.000639
"2681_10",0.987958
"11728_2",0.813942
"1466_8",0.989967
"4853_7",0.988436
"3668_9",0.992169
"5334_7",0.984605
"12017_8",0.989928
"2046_9",0.993771
"2652_7",0.982987
"2250_8",0.985029
"2253_1",0.000612
"9733_10",0.975693
"3_4",0.012674
"6129_8",0.968111
"6858_3",0.001671
"371_8",0.985412
"1111_3",0.001197
"12330_1",0.000803
"3219_1",0.000611
"11372_9",0.993759
"1434_4",0.071009
"8232_7",0.986017
"7883_1",0.000653
"9151_2",0.057652
"10574_3",0.001257
"9376_8",0.994191
"7737_1",0.122104
"7410_8",0.993255
"10488_7",0.987544
"5906_10",0.988863
"5308_10",0.989491
"11266_2",0.000625
"7627_1",0.000675
"218_3",0.000696
"9031_2",0.002993
"3427_10",0.990140
"8532_3",0.000593
"6588_9",0.993448
"9744_1",0.001099
"3061_1",0.002035
"11668_9",0.993902
"9331_1",0.000858
"238_9",0.993083
"10593_8",0.990197
"4441_9",0.986244
"3717_3",0.000844
"5618_4",0.026607
"4353_10",0.994054
"1268_2",0.014560
"5178_3",0.004477
"2991_1",0.001853
"9976_9",0.994594
"7891_1",0.000624
"445_3",0.000883
"11158_7",0.977132
"10328_1",0.009708
"9137_9",0.993042
"7399_2",0.001789
"1187_7",0.671201
"10642_1",0.000664
"3939_3",0.001302
"5310_9",0.989013
"2087_9",0.994146
"57_4",0.002027
"4645_10",0.988279
"1734_4",0.007923
"8924_1",0.000613
"4418_3",0.001582
"9403_1",0.000890
"12065_10",0.993996
"6763_3",0.014309
"3882_8",0.987351
"7286_3",0.000962
"9259_9",0.992611
"5134_3",0.002468
"10166_4",0.616950
"8362_3",0.033940
"9701_4",0.005797
"4227_7",0.990025
"8483_10",0.993673
"6002_3",0.000944
"5815_9",0.989572
"9385_10",0.987508
"11047_1",0.000605
"6306_1",0.001576
"9141_2",0.000834
"4594_1",0.002867
"10471_4",0.040617
"48_9",0.994677
"8133_8",0.992947
"8493_1",0.001996
"3425_8",0.988712
"5731_9",0.992525
"4373_10",0.986598
"4366_10",0.989592
"6123_10",0.977521
"1430_3",0.000876
"508_7",0.983391
"11600_10",0.992837
"11767_8",0.993512
"1597_1",0.000575
"7257_8",0.993843
"244_2",0.001112
"116_4",0.888033
"7856_10",0.986967
"7640_9",0.991456
"10956_8",0.994191
"11002_3",0.001475
"11666_10",0.988391
"7683_4",0.004556
"10846_4",0.000687
"1317_2",0.000619
"5_7",0.013506
"8526_2",0.002779
"1526_7",0.984048
"3144_9",0.987508
"241_7",0.994499
"8953_1",0.001012
"5919_8",0.993783
"7983_4",0.003099
"5222_2",0.000828
"1662_1",0.000558
"5830_10",0.987030
"859_1",0.001272
"10761_8",0.017883
"12037_7",0.986494
"2629_10",0.994636
"1019_10",0.993902
"11270_10",0.841337
"620_8",0.992975
"6718_10",0.481880
"1402_8",0.957118
"6804_1",0.000748
"11743_1",0.002079
"3117_10",0.989265
"7441_9",0.992879
"4553_2",0.000663
"5182_10",0.994054
"81_9",0.983327
"8343_10",0.990044
"2030_1",0.000637
"7866_7",0.988380
"11132_1",0.001038
"879_3",0.000706
"6547_10",0.993783
"11166_4",0.000814
"7427_1",0.000931
"5848_4",0.013299
"10734_2",0.001116
"11263_10",0.988165
"9761_7",0.190047
"7582_10",0.992467
"3849_1",0.000747
"8242_10",0.992481
"309_10",0.989879
"5492_1",0.023916
"4294_2",0.015589
"7222_7",0.992892
"3365_1",0.000718
"11084_7",0.987782
"50_10",0.994615
"3234_1",0.007756
"10155_7",0.972779
"1181_1",0.000662
"1505_3",0.000793
"11926_1",0.000628
"12174_3",0.001965
"4589_4",0.001053
"12421_8",0.988492
"1079_8",0.988211
"4852_8",0.989551
"11753_8",0.991439
"11257_10",0.992139
"8270_1",0.000751
"7690_3",0.000854
"12354_8",0.987532
"11419_8",0.986218
"7587_4",0.013558
"818_9",0.982254
"10431_10",0.992892
"12056_4",0.990235
"7595_10",0.993216
"2601_1",0.000782
"10022_10",0.994646
"4124_1",0.001016
"11573_10",0.993624
"9868_1",0.000564
"7093_1",0.001984
"4993_3",0.000841
"3192_8",0.988906
"8269_10",0.993649
"5767_10",0.987142
"8440_7",0.926802
"1038_10",0.986191
"525_9",0.993255
"689_3",0.000839
"10989_1",0.000641
"6166_4",0.001490
"6452_10",0.994391
"3217_1",0.000812
"11629_4",0.005160
"4338_1",0.000650
"2822_1",0.000863
"11252_7",0.115013
"11097_9",0.991356
"7124_10",0.994325
"261_3",0.000729
"7828_10",0.992000
"9030_7",0.025395
"9723_2",0.000728
"6924_9",0.993487
"11945_4",0.023264
"11811_2",0.000772
"3115_8",0.994066
"4381_9",0.993307
"676_1",0.011553
"8002_9",0.986815
"9209_3",0.015845
"1677_10",0.993599
"7094_7",0.991472
"12193_8",0.910187
"1227_7",0.990310
"9186_10",0.994541
"6117_1",0.000792
"8621_2",0.937897
"9729_1",0.000653
"12239_7",0.967502
"2465_2",0.000955
"4360_10",0.990569
"10538_1",0.000645
"3439_4",0.059537
"256_10",0.987981
"7114_1",0.003167
"3206_3",0.052814
"229_10",0.982541
"7501_3",0.002256
"3639_1",0.000841
"9751_9",0.994860
"8277_3",0.000970
"5276_4",0.001658
"1804_8",0.992739
"8497_1",0.000642
"7742_1",0.000793
"9755_7",0.975296
"8429_8",0.986429
"769_3",0.031829
"7452_10",0.987544
"1004_4",0.006476
"6393_10",0.990962
"7457_1",0.003028
"8182_10",0.991538
"11589_9",0.989870
"4718_8",0.986815
"5315_10",0.994314
"9927_3",0.004062
"6391_1",0.001018
"532_3",0.008093
"10544_10",0.993499
"3576_4",0.004110
"5420_4",0.021226
"7140_10",0.993914
"11018_4",0.000782
"7443_8",0.993242
"7399_9",0.993855
"12129_10",0.993795
"6876_3",0.001048
"9227_1",0.467955
"4983_1",0.000534
"2502_1",0.001487
"2584_9",0.994850
"5637_2",0.000508
"6497_10",0.994325
"8464_2",0.000859
"2070_10",0.370318
"4574_3",0.001310
"1642_10",0.987080
"356_9",0.988602
"8052_4",0.986468
"2457_10",0.992654
"6322_4",0.003892
"2218_10",0.986853
"10669_7",0.991922
"5296_2",0.000940
"1118_1",0.000582
"8588_1",0.000626
"12348_10",0.994100
"7990_9",0.985759
"819_7",0.511229
"10552_7",0.010550
"9126_4",0.001110
"11190_9",0.990310
"6696_2",0.004062
"4906_10",0.989791
"6809_4",0.458470
"10032_1",0.000906
"2694_10",0.993795
"6411_8",0.986585
"11967_9",0.980469
"10190_1",0.000825
"316_1",0.000649
"5644_9",0.988745
"12083_10",0.991828
"9280_3",0.003545
"11735_2",0.035211
"5219_1",0.000653
"6810_3",0.000704
"7817_2",0.000679
"6753_9",0.163445
"16_8",0.989957
"3908_1",0.001269
"11502_10",0.994314
"523_1",0.000671
"11213_10",0.987676
"5058_8",0.988939
"3290_1",0.001134
"2954_4",0.002434
"7148_1",0.376817
"4455_7",0.986178
"1873_7",0.984796
"4796_2",0.000977
"6317_3",0.015233
"11153_10",0.985356
"3319_1",0.000679
"1247_9",0.991255
"9119_1",0.000571
"7904_10",0.993042
"4892_1",0.001067
"4608_8",0.987228
"4756_4",0.000834
"230_1",0.046034
"6730_1",0.003802
"6639_8",0.980821
"1726_1",0.000621
"4540_2",0.002234
"1898_1",0.001084
"877_1",0.000696
"10416_9",0.993771
"1359_2",0.006719
"8886_1",0.002200
"553_1",0.001789
"5252_10",0.993914
"8808_9",0.988391
"8792_10",0.994456
"11723_10",0.992725
"6977_9",0.987616
"5050_2",0.000748
"6413_8",0.992711
"9880_8",0.992423
"5827_10",0.994989
"5271_10",0.993612
"12231_2",0.000721
"9913_1",0.000691
"3058_10",0.987544
"1278_10",0.989034
"4923_9",0.992525
"4662_1",0.000817
"10857_2",0.005831
"5033_7",0.973795
"7681_10",0.993189
"8916_3",0.012797
"10603_3",0.002912
"8940_3",0.842475
"2381_1",0.003729
"9188_8",0.989171
"5290_8",0.983247
"6746_1",0.013822
"1001_10",0.988960
"1190_1",0.000663
"1858_1",0.000918
"5645_10",0.992837
"3021_9",0.992031
"9801_2",0.059976
"2498_4",0.000772
"7972_10",0.990197
"1200_1",0.001165
"9626_4",0.160858
"11750_10",0.992781
"9571_10",0.989358
"11593_10",0.994749
"4432_10",0.993831
"10324_1",0.000490
"9123_10",0.989317
"10155_1",0.000920
"12237_10",0.994820
"2828_2",0.006039
"6375_4",0.001697
"8264_10",0.993985
"6131_7",0.993624
"2950_10",0.989870
"3584_1",0.000729
"3077_9",0.993562
"8867_10",0.992640
"4189_9",0.991748
"2297_9",0.993698
"3607_8",0.993879
"339_10",0.994477
"6450_10",0.994325
"8537_9",0.982031
"5663_10",0.988142
"7179_10",0.992274
"1929_10",0.373443
"7363_10",0.989087
"7073_10",0.986389
"8472_10",0.994008
"2397_4",0.003016
"5710_3",0.002116
"12429_1",0.000591
"4841_9",0.985950
"5819_2",0.002187
"7112_8",0.982558
"1087_10",0.994380
"10766_8",0.991439
"10675_8",0.011464
"11953_3",0.004583
"1927_9",0.986017
"10455_9",0.987055
"451_8",0.992289
"10796_8",0.983518
"5288_7",0.989409
"4368_2",0.000577
"10456_10",0.988755
"9981_1",0.000904
"11403_1",0.000684
"5219_7",0.988004
"11929_4",0.022543
"5481_10",0.989830
"3829_4",0.005631
"11367_4",0.022781
"8154_10",0.988347
"2754_2",0.000844
"2299_10",0.994780
"8868_1",0.000949
"4566_10",0.994203
"6688_1",0.000830
"2666_4",0.001589
"11892_10",0.994358
"2667_10",0.979726
"9244_9",0.993747
"12498_7",0.974629
"3493_9",0.987568
"7565_10",0.985552
"2916_7",0.986244
"12473_8",0.989055
"3142_9",0.988039
"3289_10",0.994677
"11159_10",0.988245
"8428_2",0.000787
"4152_8",0.985014
"10754_8",0.993914
"11718_1",0.000609
"5408_1",0.000680
"5686_8",0.988436
"7479_8",0.992961
"5160_10",0.978052
"3138_1",0.000647
"10343_9",0.993015
"9524_3",0.019051
"7794_1",0.000617
"5433_1",0.002392
"3380_8",0.987277
"7222_3",0.000833
"1751_4",0.992437
"3914_10",0.973544
"8022_3",0.006241
"3975_4",0.004298
"8177_1",0.000856
"5670_1",0.000649
"203_10",0.988481
"4315_2",0.000885
"8296_8",0.986954
"971_10",0.993996
"12018_1",0.000995
"3714_9",0.991067
"4342_2",0.011823
"4965_3",0.000947
"5126_8",0.992988
"10686_3",0.014800
"7290_10",0.994900
"8474_8",0.994584
"7633_2",0.004062
"2226_10",0.989066
"1436_9",0.988755
"813_10",0.991456
"11865_7",0.992047
"4937_9",0.990140
"4613_9",0.085404
"8129_9",0.985384
"2376_4",0.048226
"6861_1",0.001257
"9104_2",0.007094
"10590_3",0.001129
"11021_4",0.000979
"9480_10",0.992481
"12212_10",0.978855
"11766_7",0.992988
"5356_7",0.981453
"9572_7",0.994667
"3264_8",0.993795
"11794_1",0.000503
"11739_2",0.024940
"731_8",0.986559
"6278_9",0.978590
"625_10",0.993333
"7252_2",0.001284
"5171_10",0.994281
"9149_3",0.001294
"10780_3",0.002715
"1568_9",0.989202
"7291_9",0.994584
"2288_8",0.986125
"3126_9",0.988004
"3352_7",0.979472
"9455_1",0.000729
"1709_7",0.600759
"9309_2",0.000649
"994_3",0.000772
"4173_10",0.972336
"113_3",0.003410
"10472_10",0.982724
"7193_1",0.000883
"9978_3",0.001059
"783_8",0.993042
"7585_10",0.993110
"2135_9",0.982691
"10887_10",0.994247
"4075_2",0.000848
"10521_2",0.000795
"844_1",0.007592
"6691_3",0.001394
"3879_4",0.001704
"3511_1",0.001223
"332_1",0.002736
"7398_4",0.006931
"1845_1",0.000920
"3890_3",0.038647
"3781_9",0.992108
"3723_1",0.000763
"2908_1",0.000711
"7625_3",0.000734
"6310_10",0.992823
"9432_4",0.973645
"1820_10",0.994488
"6809_8",0.987640
"9911_1",0.002007
"12001_8",0.992244
"7266_7",0.991571
"263_10",0.990178
"2109_3",0.013428
"7293_4",0.252614
"8874_8",0.988391
"2143_4",0.116312
"4307_9",0.993771
"4176_1",0.000537
"8369_3",0.552660
"12317_1",0.000576
"1687_4",0.000890
"12082_1",0.000629
"3396_10",0.989889
"9129_9",0.985468
"10090_10",0.990404
"11841_1",0.001490
"12447_4",0.000658
"11624_10",0.994870
"8624_10",0.912553
"9290_1",0.005200
"1108_8",0.960731
"4300_10",0.993950
"2553_4",0.306268
"10550_8",0.913058
"8884_10",0.984605
"6760_2",0.004746
"1177_3",0.001817
"9939_2",0.978323
"2100_7",0.990514
"9677_1",0.000671
"2511_4",0.000876
"4115_8",0.993747
"437_9",0.982608
"6698_10",0.987375
"11049_9",0.987853
"10168_4",0.004323
"8071_8",0.984366
"12474_4",0.989045
"3775_10",0.992781
"7478_10",0.988536
"4312_8",0.983723
"3105_7",0.988096
"640_9",0.989672
"6891_1",0.000866
"1849_10",0.994423
"8528_7",0.984620
"9032_4",0.396857
"11743_9",0.994850
"2813_10",0.987129
"846_2",0.002768
"3695_4",0.606768
"5972_3",0.000684
"4831_1",0.000579
"11826_1",0.001129
"7684_10",0.988039
"7042_8",0.992795
"10247_10",0.993973
"6766_8",0.988256
"2091_2",0.004682
"5108_2",0.000853
"10644_1",0.003210
"5955_2",0.000915
"9451_10",0.993599
"11518_10",0.976780
"3871_1",0.000803
"5013_1",0.000540
"5056_4",0.006401
"3688_1",0.000598
"2325_2",0.000942
"6330_4",0.019644
"8783_1",0.000916
"3848_3",0.001024
"5901_10",0.993150
"10947_3",0.000957
"4590_10",0.993549
"4337_10",0.204660
"11029_3",0.004399
"10980_3",0.004839
"165_7",0.982658
"474_8",0.989491
"3175_8",0.992393
"11764_1",0.000929
"2164_7",0.981927
"8891_8",0.987154
"8294_9",0.994066
"6602_7",0.439492
"8187_8",0.977862
"2609_2",0.017094
"6506_8",0.989830
"2207_1",0.000732
"2467_9",0.993242
"7440_1",0.000854
"6417_8",0.985663
"12278_7",0.988004
"4495_3",0.004110
"8223_10",0.989045
"3659_4",0.963814
"1120_3",0.000582
"9713_3",0.001024
"808_10",0.993819
"11164_10",0.994456
"3536_10",0.992093
"10930_1",0.000754
"6868_4",0.001118
"2248_1",0.000757
"3624_4",0.011508
"1442_1",0.000578
"10167_4",0.001073
"10645_10",0.990496
"4414_1",0.067056
"6409_2",0.000604
"10486_1",0.001946
"2983_7",0.987424
"4985_4",0.005406
"3566_9",0.983971
"8340_4",0.013611
"10246_9",0.987265
"7380_1",0.202838
"12381_3",0.006680
"11723_4",0.001589
"7478_1",0.005240
"900_9",0.987351
"3364_2",0.000689
"6570_1",0.005437
"9309_8",0.989801
"6044_1",0.000725
"9261_2",0.000703
"5690_8",0.989140
"5326_2",0.000724
"11179_10",0.986138
"8908_1",0.000600
"10224_9",0.988492
"7318_10",0.993150
"11098_8",0.957238
"10120_1",0.000739
"4561_2",0.401644
"4409_3",0.005150
"4301_9",0.004417
"9254_3",0.000619
"10717_9",0.987460
"10619_2",0.004281
"5924_1",0.046551
"11657_10",0.993268
"6373_4",0.003299
"10469_10",0.993950
"5531_9",0.980186
"1089_10",0.993996
"5082_10",0.992947
"4267_1",0.000752
"3006_10",0.988062
"9318_3",0.001110
"11877_1",0.000614
"7274_1",0.001026
"12450_7",0.980450
"148_9",0.978508
"10353_10",0.815894
"1368_8",0.503143
"9408_7",0.915280
"5739_7",0.982541
"7036_10",0.989811
"11554_2",0.005323
"4601_9",0.987923
"10376_3",0.004963
"2486_8",0.981418
"5745_4",0.005900
"873_3",0.001127
"7009_1",0.001202
"542_7",0.952309
"12008_8",0.993961
"8040_8",0.994456
"4048_2",0.000681
"4895_10",0.985855
"11789_9",0.993487
"5084_7",0.981927
"9207_10",0.994423
"923_4",0.003305
"106_3",0.073297
"1125_1",0.001207
"839_10",0.987876
"5285_10",0.989702
"7444_7",0.409022
"1566_8",0.990945
"3285_1",0.000806
"6203_2",0.001449
"11147_3",0.001397
"11152_3",0.001101
"3335_9",0.993083
"6689_1",0.000704
"6557_7",0.991187
"3362_10",0.993867
"101_3",0.001567
"10692_4",0.001908
"4462_7",0.988004
"265_1",0.002252
"1369_3",0.011158
"9112_10",0.994247
"7870_1",0.000721
"6102_10",0.993673
"3973_10",0.987981
"8232_1",0.001233
"3177_10",0.990216
"11598_10",0.010150
"882_2",0.456167
"5660_10",0.987314
"1685_10",0.994423
"2064_1",0.000711
"2296_9",0.994100
"3648_10",0.981788
"5486_4",0.006133
"2496_8",0.991522
"9579_10",0.989161
"10776_10",0.992697
"5889_10",0.985814
"8292_1",0.000683
"10547_3",0.000681
"10415_7",0.857291
"10741_1",0.000864
"10196_1",0.000708
"12155_2",0.000892
"2224_3",0.003248
"10356_7",0.543590
"7202_1",0.000615
"11973_10",0.613703
"1792_8",0.987142
"7894_9",0.993512
"11413_1",0.006413
"10596_10",0.994402
"2462_2",0.011245
"9451_1",0.000600
"2895_1",0.001601
"2513_4",0.019364
"11950_7",0.955899
"10566_9",0.987664
"2209_4",0.854339
"9292_4",0.014574
"5575_8",0.992781
"1688_4",0.001207
"440_8",0.989066
"6324_10",0.994054
"8296_2",0.001879
"9460_1",0.008236
"3992_8",0.993461
"11425_10",0.991571
"147_4",0.102664
"2897_4",0.088820
"6214_4",0.001748
"11157_4",0.006824
"4204_8",0.989034
"7255_2",0.004357
"8435_1",0.000729
"11354_2",0.000699
"2136_9",0.986904
"295_1",0.014227
"335_10",0.994615
"8791_4",0.002901
"2817_1",0.000680
"1629_8",0.989541
"6826_3",0.002099
"5550_8",0.994169
"3572_10",0.993686
"4543_10",0.993083
"2789_1",0.000524
"12288_7",0.983150
"9769_9",0.988820
"1257_1",0.001274
"6180_10",0.992988
"8881_8",0.983676
"7075_10",0.991255
"10254_1",0.001105
"12214_10",0.993015
"829_10",0.984796
"5633_8",0.975600
"6202_7",0.205535
"4843_10",0.990714
"7564_8",0.992961
"3539_4",0.053849
"9634_9",0.991554
"7578_9",0.994488
"6642_9",0.993333
"3438_8",0.986841
"11407_4",0.000764
"9891_1",0.000665
"3875_4",0.016737
"6447_2",0.000726
"5027_8",0.990329
"11415_7",0.988347
"7762_9",0.973645
"7263_10",0.984942
"6556_1",0.007094
"5491_10",0.994584
"3418_8",0.986389
"4137_1",0.005261
"5519_7",0.989419
"3435_9",0.986701
"10199_10",0.988222
"5212_4",0.001782
"11891_10",0.993843
"4989_7",0.031085
"2883_3",0.028680
"9154_2",0.161783
"8384_10",0.990839
"4082_10",0.994314
"4334_2",0.001287
"5652_10",0.990064
"4544_2",0.001378
"4987_8",0.985243
"9648_3",0.001020
"10755_4",0.022890
"4386_1",0.000745
"4619_4",0.014010
"5860_7",0.964987
"11492_1",0.000724
"2126_9",0.994214
"8355_7",0.991272
"6560_10",0.994314
"4026_9",0.993612
"4019_7",0.984261
"455_10",0.994605
"6637_1",0.989928
"7490_3",0.001741
"10533_10",0.110567
"7417_7",0.987351
"3392_2",0.000769
"460_1",0.000570
"5364_10",0.994584
"234_7",0.986866
"709_4",0.021781
"2753_9",0.975367
"9434_10",0.979881
"2835_7",0.988766
"6849_1",0.000900
"11186_3",0.000735
"10902_8",0.986967
"2617_2",0.000667
"7423_9",0.970743
"4699_1",0.000806
"12312_10",0.993996
"6185_4",0.005190
"3742_3",0.000809
"1314_8",0.989521
"7985_1",0.100879
"3669_4",0.015189
"2791_8",0.993996
"2295_8",0.988723
"12111_1",0.000639
"11827_10",0.983832
"10191_1",0.001107
"5264_2",0.007681
"11002_8",0.992108
"12423_2",0.000955
"3551_7",0.970381
"10804_3",0.023735
"3670_4",0.001490
"8408_10",0.993686
"1307_10",0.994667
"10906_10",0.994031
"4039_2",0.000578
"1010_9",0.994391
"8764_1",0.000864
"10894_10",0.988896
"1249_1",0.000766
"1844_9",0.992169
"3252_9",0.992654
"12272_1",0.004374
"5599_10",0.989254
"6265_8",0.993795
"4497_4",0.004007
"3925_2",0.000825
"7935_9",0.985115
"12146_1",0.000535
"2345_3",0.028926
"11171_10",0.992683
"6726_1",0.001513
"11129_9",0.992184
"616_10",0.993855
"11349_3",0.000955
"2485_10",0.993867
"3212_4",0.004718
"5578_10",0.989632
"2252_9",0.994413
"11643_3",0.008661
"12081_4",0.020924
"4104_10",0.991684
"4504_7",0.983628
"6354_10",0.991289
"12118_8",0.993512
"9680_10",0.993385
"7173_10",0.994325
"1965_3",0.001938
"2674_7",0.967930
"1425_1",0.000689
"4017_8",0.993819
"3835_2",0.063773
"1335_4",0.028844
"627_1",0.015514
"8330_3",0.909103
"8907_1",0.000619
"11801_10",0.989572
"3231_1",0.000640
"860_4",0.007592
"2902_8",0.993320
"11550_4",0.004223
"4944_10",0.989860
"10190_10",0.124959
"4090_3",0.000823
"3863_1",0.000653
"3904_9",0.993574
"917_4",0.005150
"5540_2",0.001204
"9183_7",0.424561
"2570_4",0.001389
"11868_1",0.000803
"7438_3",0.005708
"10484_2",0.000955
"1988_8",0.989751
"46_2",0.048677
"6624_4",0.008300
"4666_7",0.988436
"11479_4",0.005686
"308_1",0.000552
"5400_9",0.991764
"5258_1",0.000782
"432_3",0.000711
"7245_1",0.000671
"7082_1",0.000718
"9698_10",0.992947
"1085_9",0.984898
"9999_10",0.993973
"4235_7",0.991828
"11603_10",0.990874
"4457_3",0.165323
"5022_8",0.990025
"12278_3",0.077169
"12076_2",0.002884
"7239_4",0.040465
"4691_10",0.988906
"9820_2",0.001002
"5932_1",0.002383
"10265_9",0.990750
"9247_2",0.001127
"4581_3",0.592961
"11060_7",0.662064
"10349_2",0.001257
"9821_3",0.039527
"3375_7",0.979996
"5515_10",0.992304
"3921_8",0.986058
"6671_8",0.994089
"7051_7",0.987448
"743_7",0.346652
"8230_3",0.085023
"11203_2",0.003279
"11616_1",0.003758
"8033_9",0.993985
"1472_10",0.840586
"1932_3",0.001661
"6827_2",0.000739
"6912_4",0.000769
"12024_1",0.000590
"10625_1",0.003622
"9528_10",0.993136
"6663_3",0.002668
"10727_1",0.001172
"6646_10",0.989087
"7632_7",0.992920
"8518_2",0.000745
"6398_9",0.994820
"488_8",0.993242
"4133_1",0.000906
"4128_10",0.993346
"5883_10",0.988301
"10240_1",0.000619
"8791_8",0.993056
"10917_8",0.993973
"9097_10",0.994467
"8438_1",0.000586
"7536_1",0.000902
"7542_3",0.019290
"3928_7",0.986205
"12477_2",0.001761
"9157_3",0.001018
"2694_2",0.341802
"3632_3",0.013611
"7169_10",0.993537
"6931_7",0.440590
"11474_10",0.994605
"2252_1",0.000871
"1261_7",0.974410
"523_9",0.979354
"12233_2",0.000561
"4731_9",0.982288
"12376_10",0.985800
"11834_4",0.117876
"7063_9",0.984185
"5289_1",0.000796
"9632_3",0.004256
"11086_1",0.000481
"8224_10",0.992568
"8013_3",0.022414
"8003_3",0.000668
"2281_8",0.974869
"4643_7",0.988635
"7942_3",0.000635
"11067_2",0.001310
"5577_1",0.000688
"5796_1",0.000695
"11514_1",0.001057
"1867_1",0.001048
"4804_2",0.001245
"4547_1",0.000725
"6391_7",0.977629
"6260_9",0.992611
"5355_10",0.981840
"12358_4",0.085786
"860_7",0.994488
"3768_1",0.009522
"8742_3",0.476793
"10786_4",0.001714
"5337_3",0.000747
"11260_10",0.990273
"7364_1",0.001190
"4434_2",0.001065
"10604_8",0.992795
"9587_7",0.833087
"738_1",0.005533
"3757_8",0.993973
"6970_10",0.990874
"6194_1",0.001114
"4559_10",0.984679
"2334_3",0.001976
"10636_3",0.001134
"4192_1",0.000592
"1579_4",0.005708
"7168_10",0.989602
"3789_9",0.979551
"5617_7",0.993448
"5757_8",0.993661
"1431_7",0.981595
"6130_4",0.008745
"12092_3",0.019795
"7918_3",0.001490
"5386_10",0.980281
"2794_9",0.986376
"2394_2",0.000925
"10690_7",0.989409
"6406_4",0.002878
"12288_2",0.000868
"7405_4",0.277522
"6153_10",0.065366
"5577_9",0.993771
"1462_1",0.000890
"7732_9",0.990121
"9046_10",0.994191
"11086_8",0.988939
"1426_7",0.911061
"12174_10",0.991084
"5537_1",0.000752
"11746_1",0.000598
"12203_10",0.993914
"11585_7",0.983738
"9765_1",0.001282
"6295_8",0.984170
"3991_4",0.015306
"11134_10",0.993229
"12379_7",0.212069
"7316_2",0.006463
"6955_4",0.005240
"8092_7",0.980506
"9788_1",0.000632
"9494_1",0.000854
"721_10",0.993819
"1250_9",0.994169
"3204_2",0.002591
"6539_9",0.985257
"7944_1",0.001084
"8632_8",0.988211
"2787_10",0.992467
"11497_1",0.000848
"8577_9",0.987616
"2717_8",0.992767
"3251_8",0.994657
"11714_7",0.988085
"3868_7",0.994488
"7394_1",0.080792
"481_7",0.504639
"5237_2",0.000798
"11148_9",0.987067
"11946_7",0.992000
"7301_1",0.000592
"384_9",0.984321
"8535_2",0.000729
"8067_8",0.988928
"8452_2",0.001274
"7361_1",0.000893
"4017_3",0.003324
"6304_9",0.993436
"7326_10",0.991439
"399_1",0.000714
"9003_1",0.000574
"11314_8",0.979096
"4909_10",0.993855
"10463_10",0.994347
"7355_2",0.009803
"3553_2",0.001610
"4404_10",0.987496
"9304_1",0.000594
"7903_1",0.000541
"4429_3",0.010288
"6287_7",0.986481
"10461_1",0.000726
"668_10",0.984605
"7560_10",0.994552
"2785_1",0.000626
"2801_10",0.989511
"4318_9",0.993499
"244_9",0.989480
"12435_2",0.001067
"2788_9",0.992988
"2537_7",0.976401
"928_1",0.000543
"3312_7",0.991828
"12147_10",0.994259
"5414_9",0.989265
"9871_1",0.000755
"1308_8",0.988268
"7668_1",0.000799
"5571_10",0.988613
"2052_10",0.994688
"7089_9",0.990732
"6411_2",0.001287
"8514_1",0.000497
"5921_10",0.989419
"3264_1",0.000548
"319_1",0.001817
"3433_10",0.994739
"1610_8",0.990083
"8002_3",0.000886
"8099_9",0.992781
"5418_1",0.001174
"6247_3",0.020216
"5153_8",0.985896
"12201_1",0.001522
"8900_1",0.003552
"10908_2",0.002401
"598_1",0.000796
"10590_9",0.989140
"6706_10",0.994325
"12299_9",0.989672
"2159_7",0.975969
"186_1",0.001461
"3008_8",0.985718
"831_7",0.986611
"2717_3",0.000826
"5174_10",0.992000
"3088_3",0.004905
"6262_8",0.993110
"12303_1",0.001607
"9904_8",0.994456
"10097_10",0.989722
"6242_8",0.988301
"9653_10",0.990015
"12499_1",0.001065
"894_1",0.025859
"8935_7",0.990496
"3184_2",0.001214
"2226_4",0.056496
"592_10",0.994615
"2173_8",0.993320
"10967_2",0.000624
"3332_3",0.058025
"1074_2",0.002477
"2396_4",0.001174
"2627_4",0.363463
"5982_9",0.993698
"1386_1",0.000577
"7325_4",0.130341
"112_2",0.000605
"8856_10",0.989996
"1948_1",0.000706
"5791_4",0.933734
"1007_9",0.994708
"3758_3",0.001817
"6455_2",0.000664
"6464_9",0.994667
"5403_10",0.993867
"7076_10",0.993549
"6123_3",0.005753
"2832_7",0.981648
"9287_10",0.994169
"3665_10",0.987759
"4488_4",0.001652
"5861_1",0.000608
"2222_10",0.992184
"9608_1",0.000949
"6225_4",0.006121
"5643_3",0.000974
"8720_7",0.884239
"4955_7",0.990962
"6839_1",0.000721
"7396_1",0.000920
"6234_8",0.991084
"10423_1",0.000861
"2158_1",0.000635
"6929_8",0.986764
"7593_3",0.001179
"636_1",0.000527
"2747_7",0.906570
"7398_10",0.991828
"6852_4",0.001207
"9938_3",0.000625
"3989_3",0.175467
"1104_9",0.312108
"5897_3",0.001617
"5254_3",0.000673
"4824_1",0.004556
"10945_8",0.648789
"11486_8",0.993747
"2542_1",0.001069
"1824_10",0.989254
"10181_2",0.000615
"2492_9",0.987688
"8111_1",0.000925
"5844_9",0.994358
"1369_7",0.593885
"10775_4",0.002217
"9617_9",0.985580
"4709_1",0.000672
"7043_2",0.001046
"5166_10",0.994180
"1604_8",0.989511
"8576_8",0.993686
"1916_7",0.940353
"10286_10",0.993499
"10241_1",0.000689
"12441_9",0.994146
"4529_1",0.000985
"1553_3",0.002463
"3985_4",0.540151
"5542_8",0.986311
"10857_9",0.986165
"7600_1",0.000812
"12095_9",0.992739
"3134_10",0.993562
"9472_3",0.469946
"1058_10",0.993795
"7328_9",0.994890
"3865_3",0.000735
"7409_3",0.000758
"4795_1",0.000669
"11596_10",0.986891
"3758_8",0.855248
"5099_4",0.003657
"7707_10",0.989632
"1412_3",0.000966
"4720_10",0.994719
"978_7",0.991860
"6165_8",0.994477
"1307_1",0.000892
"2322_7",0.989592
"5328_10",0.984927
"11934_8",0.989840
"1940_3",0.001751
"6270_10",0.011620
"5262_8",0.993649
"4068_9",0.984767
"1208_3",0.366377
"10220_3",0.010428
"5091_1",0.001464
"2738_1",0.000750
"8909_3",0.256320
"932_2",0.010987
"863_10",0.985622
"454_1",0.000639
"10525_4",0.006205
"175_4",0.111967
"4551_1",0.000851
"5666_1",0.000634
"4324_10",0.985580
"8189_1",0.001803
"12064_10",0.991716
"8622_10",0.985552
"1115_9",0.988131
"9593_1",0.001040
"5579_10",0.988777
"3467_1",0.002226
"11409_1",0.000598
"8682_1",0.002642
"7866_1",0.000580
"6111_8",0.937669
"524_9",0.994336
"9837_7",0.984200
"2215_1",0.000886
"6840_10",0.992496
"7384_8",0.994900
"6353_7",0.989409
"8650_3",0.002637
"1890_10",0.968856
"10402_8",0.989761
"3770_4",0.000822
"3086_1",0.000651
"1487_3",0.017013
"2995_10",0.994259
"2356_7",0.980375
"5320_10",0.988039
"3235_1",0.001136
"6802_1",0.000617
"11329_9",0.969900
"1143_8",0.980543
"5768_3",0.000866
"8004_1",0.000646
"5453_3",0.012772
"11288_10",0.975878
"3278_10",0.993807
"11856_7",0.984246
"12057_10",0.987496
"1825_4",0.000922
"3319_10",0.986954
"5956_7",0.986125
"4875_10",0.988096
"562_1",0.001292
"11359_8",0.972545
"12454_10",0.986790
"10621_2",0.003938
"10407_2",0.001228
"3532_2",0.002492
"10162_4",0.367682
"7084_4",0.008594
"167_10",0.990821
"3362_1",0.000970
"6370_10",0.989672
"2281_3",0.032930
"10454_1",0.000645
"12387_8",0.990962
"8375_8",0.987794
"9656_3",0.009671
"9387_1",0.001216
"4907_1",0.000704
"4697_9",0.989389
"4217_1",0.000770
"8860_10",0.988073
"7312_3",0.001452
"9326_10",0.993914
"3785_8",0.977629
"2255_1",0.002715
"9950_3",0.002981
"558_2",0.000566
"413_8",0.984679
"7837_9",0.993320
"9192_1",0.000934
"7_1",0.000851
"9674_1",0.000810
"9771_4",0.001204
"3331_10",0.965511
"11444_8",0.909947
"3009_7",0.994157
"5584_1",0.000782
"12044_10",0.991118
"5952_9",0.986828
"4989_2",0.000585
"5722_3",0.001598
"6207_4",0.067301
"7646_1",0.000533
"1811_3",0.001051
"1197_3",0.000519
"709_9",0.989244
"8554_9",0.987179
"1706_9",0.987935
"10060_10",0.992364
"6818_1",0.001204
"7255_9",0.992169
"3790_7",0.985732
"7833_9",0.198685
"7448_4",0.002699
"3456_1",0.000936
"3881_3",0.000542
"11049_1",0.001315
"1269_1",0.002332
"7803_10",0.989948
"1413_9",0.918736
"1289_8",0.993423
"3967_9",0.982840
"7533_10",0.990478
"5372_8",0.988939
"1518_1",0.002007
"10752_3",0.032070
"4863_3",0.000618
"699_1",0.000804
"11537_3",0.003363
"9241_7",0.991456
"876_3",0.047382
"11234_4",0.002415
"5942_4",0.908699
"1778_10",0.989682
"2631_9",0.565617
"7425_9",0.994520
"3410_10",0.994910
"9155_10",0.985129
"4396_10",0.994303
"8894_7",0.980949
"6034_10",0.986416
"12105_1",0.000809
"11645_7",0.991423
"1821_4",0.596786
"9028_7",0.991221
"4670_7",0.990025
"4720_3",0.001051
"10001_1",0.000667
"8363_2",0.000851
"5681_9",0.993891
"8165_10",0.989024
"11961_2",0.000751
"406_1",0.000696
"8313_1",0.000679
"11945_7",0.939471
"9454_9",0.990642
"9523_10",0.988917
"10516_10",0.991554
"6036_3",0.004348
"5046_1",0.000613
"9019_9",0.971019
"5471_10",0.994020
"11862_7",0.269470
"651_1",0.019179
"3131_9",0.993242
"9912_1",0.000626
"6231_2",0.001674
"5523_2",0.002747
"1817_1",0.031351
"8880_7",0.990732
"6080_4",0.046335
"9940_1",0.444429
"3409_4",0.014172
"3713_4",0.011823
"3447_3",0.098079
"3460_8",0.994456
"9397_10",0.986165
"5528_8",0.984471
"7658_10",0.992767
"5893_10",0.993268
"1646_1",0.000856
"9620_7",0.323033
"66_3",0.115461
"1691_10",0.993015
"4311_7",0.984985
"12091_1",0.001402
"5391_1",0.000669
"576_4",0.000685
"4734_9",0.118080
"6008_10",0.988745
"8527_7",0.986853
"6048_10",0.970013
"5102_10",0.991406
"6794_10",0.993083
"3473_3",0.007317
"2025_9",0.988799
"9728_2",0.000920
"10704_10",0.993831
"9094_4",0.981257
"7838_9",0.989909
"5779_1",0.000645
"5342_4",0.029704
"9291_10",0.987277
"7028_2",0.003847
"1331_9",0.980543
"9913_8",0.990140
"10250_10",0.994281
"9227_8",0.990892
"6278_4",0.557123
"2302_1",0.003729
"7000_2",0.001174
"416_2",0.001289
"6846_1",0.001461
"3253_9",0.989996
"1712_1",0.000618
"9720_10",0.987782
"769_9",0.988580
"6635_10",0.988358
"1421_10",0.979570
"6803_1",0.001088
"4290_4",0.001351
"2465_7",0.984078
"70_8",0.989602
"5176_10",0.989306
"305_2",0.001223
"11094_3",0.001744
"1109_10",0.989150
"95_3",0.225161
"2378_10",0.986623
"3270_3",0.000873
"6999_4",0.985608
"7594_8",0.588209
"9549_10",0.992047
"8263_4",0.057705
"10379_9",0.992851
"11187_1",0.460926
"2278_3",0.001782
"11180_4",0.006050
"745_10",0.987771
"9794_4",0.081666
"6565_1",0.000677
"9608_8",0.993372
"12222_1",0.000696
"9330_9",0.979900
"3611_9",0.994520
"1775_4",0.011310
"3635_1",0.002817
"3893_1",0.000541
"2802_1",0.000655
"2481_10",0.985129
"1540_3",0.008000
"2205_4",0.005031
"10970_7",0.986533
"8287_2",0.000888
"484_1",0.000793
"249_2",0.772144
"12073_10",0.989811
"1443_7",0.988536
"4985_7",0.986350
"12247_1",0.011029
"3170_3",0.000699
"2900_10",0.993487
"1930_9",0.994477
"12309_10",0.989741
"10720_8",0.993673
"5260_4",0.417583
"5212_8",0.989409
"3872_10",0.991136
"9705_1",0.000787
"10367_8",0.989171
"10063_10",0.991505
"9682_1",0.001151
"7356_8",0.985029
"6045_7",0.985496
"3181_10",0.993843
"7212_9",0.973494
"8801_9",0.992393
"2910_3",0.019364
"5031_7",0.994456
"1416_1",0.001046
"8903_10",0.994303
"10620_4",0.002683
"8957_1",0.011801
"3374_1",0.002369
"9196_1",0.001397
"5167_10",0.994760
"10900_1",0.002890
"5405_2",0.000900
"1546_1",0.264406
"12331_4",0.002668
"4733_9",0.987424
"6682_10",0.992379
"1356_8",0.992906
"2301_2",0.000684
"11565_7",0.975647
"8731_7",0.923799
"1638_10",0.994214
"7280_3",0.001378
"51_4",0.064831
"355_4",0.042962
"485_10",0.994247
"554_4",0.002901
"8059_3",0.000920
"3645_4",0.019928
"7332_7",0.993163
"10877_2",0.003148
"10837_1",0.000820
"6273_10",0.980766
"11773_2",0.002434
"744_1",0.000993
"9762_8",0.994054
"831_4",0.002314
"4450_3",0.000904
"5338_4",0.001002
"6741_2",0.001405
"5962_9",0.975083
"10363_3",0.000660
"9063_10",0.990159
"2739_1",0.000801
"5920_2",0.000812
"5200_9",0.994203
"6498_10",0.994325
"591_1",0.000728
"8010_9",0.994800
"369_8",0.988853
"9971_9",0.994008
"11735_8",0.992408
"11278_10",0.988547
"1464_9",0.991505
"3787_8",0.989879
"10097_2",0.003443
"3728_8",0.989055
"9996_2",0.001086
"8676_10",0.989024
"9718_4",0.000615
"9280_7",0.988211
"8343_4",0.083367
"3505_1",0.001761
"8863_10",0.994214
"5682_10",0.986942
"4704_2",0.000957
"11106_7",0.606455
"10541_2",0.009936
"6601_9",0.987888
"11387_10",0.985855
"8864_10",0.987640
"7139_4",0.001163
"10068_8",0.986752
"2572_1",0.000991
"3819_10",0.994573
"11954_1",0.000653
"2525_4",0.004126
"12440_7",0.979255
"1489_10",0.992753
"12422_7",0.921216
"5463_10",0.855127
"5684_1",0.000576
"30_9",0.985635
"1255_8",0.989986
"3993_4",0.003142
"10386_7",0.017866
"10111_10",0.987436
"2915_9",0.949059
"4621_1",0.000818
"3671_9",0.983550
"1069_4",0.006169
"2060_10",0.984336
"3788_2",0.001534
"3_7",0.937383
"7722_1",0.000692
"9601_1",0.000537
"3294_3",0.000838
"4361_1",0.000609
"6626_7",0.980986
"5799_10",0.980262
"332_10",0.994488
"4320_4",0.018511
"4545_9",0.993150
"6029_1",0.002536
"6329_1",0.015604
"5586_1",0.000505
"9401_1",0.001024
"7087_10",0.992554
"5200_1",0.002411
"9707_7",0.981185
"5006_10",0.119459
"4702_4",0.018960
"11207_10",0.991985
"3593_1",0.006413
"3050_3",0.177954
"6036_7",0.393181
"2221_2",0.005544
"6895_1",0.000981
"5678_10",0.994123
"8395_10",0.990140
"8193_1",0.000731
"11689_4",0.001160
"10207_10",0.989722
"5028_4",0.004332
"26_3",0.089058
"11774_10",0.991389
"59_3",0.000754
"7339_4",0.001413
"2141_7",0.153867
"10647_10",0.987375
"7703_8",0.981507
"5904_10",0.991356
"11952_7",0.990839
"6355_1",0.000717
"7465_1",0.000787
"1244_9",0.991620
"5129_9",0.994930
"4015_10",0.993176
"435_1",0.001661
"8974_3",0.012625
"2294_2",0.001814
"5028_8",0.676166
"3850_1",0.000766
"3162_10",0.987841
"7690_10",0.993759
"10957_1",0.000662
"8809_10",0.984396
"8509_2",0.176814
"2314_1",0.000787
"2587_9",0.993268
"6823_8",0.994008
"9761_2",0.000945
"2699_4",0.008429
"10291_3",0.006327
"3015_7",0.994191
"10059_10",0.992108
"8018_1",0.002364
"9487_1",0.007389
"12074_4",0.001356
"2051_1",0.000918
"3997_1",0.000691
"9323_2",0.011201
"10231_9",0.994066
"10129_2",0.000647
"1491_10",0.991748
"5601_10",0.987923
"6980_9",0.994112
"8952_1",0.001084
"12021_1",0.003992
"11719_1",0.000618
"4620_8",0.960694
"9819_4",0.011332
"1682_2",0.443171
"5635_4",0.005354
"4634_10",0.993973
"8725_8",0.992319
"9919_9",0.989622
"5839_9",0.970937
"10643_1",0.006745
"4447_9",0.952882
"7614_7",0.985072
"441_4",0.013956
"1713_1",0.000715
"507_7",0.989561
"6592_1",0.001188
"6378_9",0.989450
"10206_4",0.034068
"11627_8",0.774711
"11991_4",0.037892
"5759_3",0.000732
"2655_3",0.002120
"8628_7",0.993372
"12364_2",0.000608
"11107_7",0.987544
"3166_2",0.001292
"4168_1",0.000844
"10876_7",0.990159
"5609_10",0.991652
"600_8",0.982658
"7243_2",0.001170
"7300_9",0.904903
"9144_10",0.984366
"4539_3",0.004792
"8007_10",0.988073
"8486_1",0.000580
"6213_2",0.000945
"4742_10",0.985328
"1421_1",0.000637
"4061_9",0.985677
"10451_7",0.982083
"1062_8",0.985398
"12281_1",0.000645
"5994_3",0.000697
"10055_10",0.991406
"2602_1",0.005480
"11107_4",0.009286
"4007_3",0.007801
"10444_9",0.990121
"1635_7",0.965053
"12049_8",0.989045
"3988_3",0.010189
"12414_8",0.991969
"7074_1",0.000831
"11854_7",0.987841
"2445_8",0.993783
"2187_9",0.988481
"11675_10",0.945450
"5648_1",0.000735
"1614_4",0.006615
"9395_2",0.000696
"5372_1",0.001681
"12082_10",0.994112
"12029_10",0.992539
"983_4",0.073165
"11356_3",0.001277
"4254_10",0.992437
"6017_4",0.022737
"2330_10",0.982774
"1089_1",0.005831
"8017_3",0.001570
"5248_1",0.018511
"9041_8",0.991423
"3855_1",0.000573
"10976_1",0.001163
"7926_4",0.004054
"7758_4",0.015116
"8081_7",0.979784
"9267_4",0.979136
"6381_9",0.992467
"6172_4",0.003312
"12411_8",0.983518
"5216_10",0.994157
"10999_8",0.984738
"2460_1",0.001154
"7815_7",0.988799
"8586_7",0.978385
"21_1",0.000908
"2467_1",0.000818
"7979_8",0.978672
"3744_7",0.981997
"7205_1",0.000606
"6862_7",0.990348
"12031_10",0.988301
"12458_1",0.000658
"10410_1",0.000784
"2624_10",0.993599
"12083_1",0.001038
"47_2",0.000848
"676_7",0.985356
"5425_10",0.988820
"1899_2",0.001158
"9666_1",0.000612
"3151_10",0.994180
"1745_8",0.979116
"7646_8",0.984826
"10011_9",0.994626
"10061_10",0.992000
"6792_9",0.993176
"5150_3",0.004905
"593_10",0.994292
"6170_4",0.989521
"2029_2",0.000510
"3026_4",0.015204
"1086_10",0.994123
"1594_8",0.988777
"227_1",0.000761
"5932_7",0.843444
"2681_1",0.001346
"4270_10",0.993973
"10065_1",0.000754
"6640_9",0.993914
"1160_10",0.988712
"3078_1",0.011442
"1546_7",0.976625
"12315_1",0.000739
"8699_1",0.010072
"11438_4",0.001218
"2034_7",0.983020
"7899_1",0.000750
"1006_3",0.000639
"3732_7",0.017476
"11094_7",0.355434
"1477_4",0.005697
"8912_10",0.990786
"8140_4",0.977371
"7542_9",0.993537
"2556_1",0.016168
"10075_10",0.994760
"12212_2",0.001629
"218_10",0.978094
"8385_1",0.000563
"5716_2",0.000719
"11655_10",0.989602
"6235_1",0.000673
"2823_10",0.992539
"7094_2",0.001272
"465_10",0.993879
"4968_4",0.002763
"222_10",0.985746
"464_4",0.151278
"2593_10",0.993661
"11946_3",0.002095
"6083_1",0.000940
"8158_3",0.002981
"2646_3",0.144813
"8282_4",0.008661
"12482_2",0.000646
"1020_7",0.010388
"7554_10",0.992611
"4492_2",0.000766
"4468_4",0.000856
"7365_8",0.992892
"9777_9",0.989409
"9505_3",0.001356
"10546_1",0.008511
"2179_7",0.978447
"9325_9",0.987005
"9042_10",0.988222
"7631_2",0.000641
"1583_2",0.002015
"10449_2",0.004468
"8021_9",0.986866
"9282_9",0.994369
"5261_9",0.991796
"9127_8",0.988039
"6408_2",0.001053
"7306_1",0.000710
"2955_4",0.004442
"6401_10",0.976780
"278_10",0.993397
"1954_8",0.950732
"2592_8",0.991423
"2040_10",0.992093
"4779_10",0.992259
"7274_8",0.985510
"8094_2",0.000861
"9359_9",0.987782
"10732_10",0.994573
"7824_7",0.955899
"493_7",0.976891
"2458_2",0.008951
"67_3",0.003337
"1495_1",0.000979
"2984_1",0.000874
"9979_4",0.003403
"2790_1",0.000700
"8948_1",0.001335
"4249_1",0.138578
"5994_10",0.993189
"5119_2",0.001024
"6539_2",0.000642
"12006_2",0.000940
"555_4",0.003136
"9508_9",0.988425
"2282_2",0.001582
"4119_7",0.986853
"1224_8",0.994594
"492_10",0.992047
"7062_9",0.994380
"6663_10",0.994657
"9410_8",0.993624
"6033_8",0.989967
"4704_9",0.994259
"1347_3",0.000881
"6920_7",0.994347
"7736_1",0.003160
"2884_3",0.005395
"1870_2",0.001333
"4058_3",0.001678
"3089_8",0.988810
"932_9",0.988863
"5666_10",0.992568
"5770_1",0.001768
"10982_10",0.989918
"5977_1",0.001259
"7678_2",0.101056
"7788_10",0.987580
"6328_1",0.001127
"5806_10",0.992626
"595_1",0.002103
"8235_7",0.988050
"10822_2",0.000828
"12353_7",0.705646
"5381_1",0.001868
"504_8",0.987055
"4876_10",0.988874
"5244_10",0.988928
"12010_8",0.992031
"7263_2",0.114467
"10315_10",0.994552
"9967_1",0.000587
"126_10",0.988199
"3861_1",0.000571
"10221_8",0.984094
"7844_3",0.972493
"10976_8",0.992739
"9372_8",0.986017
"5633_2",0.000778
"3833_4",0.000781
"5256_8",0.986688
"8840_1",0.000831
"2122_10",0.993879
"4607_4",0.001335
"12025_9",0.980543
"10884_9",0.992697
"2473_10",0.978467
"12330_8",0.984321
"6997_3",0.001380
"4505_9",0.990216
"1302_8",0.993448
"4382_3",0.001004
"9645_8",0.979235
"4138_2",0.001051
"2419_1",0.004158
"3059_8",0.982823
"8239_9",0.989840
"105_3",0.020489
"1129_9",0.987520
"9065_10",0.991118
"3249_1",0.000815
"4864_8",0.982406
"11748_8",0.989909
"561_10",0.994123
"1261_1",0.001996
"10944_1",0.000731
"11503_1",0.001623
"8089_9",0.994214
"3224_10",0.985215
"4550_3",0.758824
"8097_7",0.952042
"11042_1",0.008627
"4590_3",0.001160
"10838_8",0.989511
"5500_3",0.002812
"6779_10",0.992510
"7489_2",0.000763
"4145_8",0.993722
"2477_2",0.019644
"11428_7",0.053255
"5178_8",0.992753
"1604_1",0.000825
"2269_7",0.987302
"683_2",0.000726
"12373_10",0.994358
"12362_10",0.988755
"1486_9",0.984032
"4922_1",0.000695
"5689_8",0.984276
"11287_9",0.980525
"4578_4",0.001714
"361_1",0.003751
"6750_4",0.834137
"10004_9",0.989561
"3649_9",0.992934
"12485_8",0.988613
"4867_10",0.994066
"10463_2",0.001026
"8449_9",0.994369
"10573_10",0.994456
"12488_3",0.000876
"1649_2",0.001036
"12064_1",0.001992
"4892_10",0.988324
"8877_3",0.001305
"11816_9",0.991170
"10235_10",0.992304
"8204_7",0.990624
"8608_10",0.987958
"475_10",0.990310
"10150_8",0.988690
"4661_10",0.041618
"434_8",0.993410
"10121_10",0.993487
"438_9",0.991389
"2866_1",0.028544
"10667_2",0.001107
"9575_8",0.989722
"910_10",0.994100
"1631_7",0.993562
"10585_3",0.001490
"1060_8",0.992947
"8817_1",0.000868
"10511_10",0.992865
"11854_2",0.000817
"4429_7",0.985814
"7462_4",0.014010
"7668_10",0.990310
"6258_8",0.992597
"12481_1",0.001868
"3948_7",0.984694
"624_10",0.973292
"6418_8",0.993938
"4211_7",0.985635
"10606_1",0.000541
"3052_1",0.000618
"12091_8",0.989265
"5559_10",0.988380
"6462_8",0.989002
"6215_1",0.002752
"10996_1",0.013428
"1139_10",0.982624
"11400_8",0.758779
"10075_3",0.001335
"9034_4",0.072900
"8963_7",0.992047
"622_10",0.994477
"4570_3",0.003004
"12242_2",0.000529
"10595_1",0.001034
"5524_1",0.004054
"10074_3",0.100260
"10761_4",0.006732
"5215_1",0.000781
"7480_8",0.989450
"3940_4",0.005170
"375_10",0.985718
"11998_3",0.826537
"11759_10",0.994146
"12180_7",0.983940
"9000_2",0.172939
"4251_3",0.037362
"7944_10",0.993333
"12444_1",0.005448
"7400_1",0.000769
"4122_8",0.993759
"8849_10",0.990478
"5656_4",0.009340
"4091_7",0.991875
"8699_10",0.992934
"8750_9",0.988558
"3813_10",0.994870
"1836_4",0.888614
"1644_9",0.993359
"5764_10",0.992668
"1328_1",0.015306
"2332_2",0.001968
"1851_1",0.000574
"9281_2",0.000972
"9870_1",0.001123
"3201_1",0.000536
"9589_10",0.713057
"3137_1",0.000600
"10655_10",0.987664
"10722_1",0.015029
"10338_9",0.990839
"2561_4",0.775775
"8646_8",0.983215
"10077_7",0.988245
"2091_10",0.990678
"12110_7",0.827340
"8961_4",0.001197
"10497_1",0.000692
"3909_3",0.011115
"2535_3",0.004102
"8969_3",0.628229
"160_10",0.988085
"10280_4",0.008109
"5117_1",0.000895
"2371_4",0.005642
"12014_10",0.984170
"8665_8",0.989440
"5386_3",0.001053
"1284_1",0.000604
"6541_7",0.986165
"6919_4",0.007504
"7066_10",0.989234
"1189_3",0.001090
"247_8",0.987216
"4144_8",0.987568
"1788_10",0.988874
"3875_9",0.993562
"9484_2",0.000918
"6650_1",0.001623
"526_3",0.002252
"10810_8",0.972362
"3361_2",0.002884
"3721_1",0.002611
"8024_2",0.000692
"11882_10",0.978405
"6015_1",0.000893
"10950_8",0.991373
"10595_10",0.991684
"6215_8",0.289372
"7506_1",0.000538
"9448_2",0.000844
"10267_4",0.017594
"1890_4",0.071074
"11388_1",0.000940
"4033_2",0.000586
"10188_1",0.000660
"3685_10",0.992496
"2329_10",0.985580
"2672_10",0.987818
"3356_10",0.984486
"7505_9",0.993926
"8789_7",0.987448
"4655_1",0.000940
"7490_7",0.992809
"10703_9",0.967869
"2088_9",0.992304
"5114_3",0.001282
"3317_8",0.461623
"2826_2",0.226741
"8346_8",0.387212
"2036_1",0.000722
"11081_2",0.000868
"5313_7",0.980337
"266_4",0.006758
"7378_7",0.987794
"7420_2",0.000848
"9637_8",0.991938
"8788_2",0.002051
"4953_2",0.001946
"8212_9",0.991204
"10437_9",0.994347
"9397_1",0.000874
"4598_10",0.980091
"2772_10",0.973670
"83_10",0.993795
"6217_1",0.000676
"11725_10",0.994303
"4380_9",0.990366
"2974_1",0.001094
"12363_7",0.993996
"3246_1",0.001105
"6087_9",0.989129
"3419_9",0.993487
"6587_9",0.985356
"2450_1",0.001589
"2475_10",0.988492
"11551_7",0.988820
"7614_4",0.011398
"10136_10",0.994180
"5844_3",0.007892
"7473_1",0.000677
"6772_4",0.007846
"6253_1",0.000593
"4036_10",0.964789
"11948_10",0.994180
"11435_9",0.994594
"6106_9",0.987771
"12271_1",0.000841
"12030_3",0.003034
"11640_3",0.001061
"5589_10",0.597997
"6352_1",0.992062
"2523_4",0.945399
"8198_8",0.987277
"7283_4",0.023871
"4330_3",0.029704
"7882_3",0.077030
"9815_8",0.986636
"1714_1",0.000514
"3836_1",0.000647
"8618_7",0.987592
"1759_3",0.042722
"9317_2",0.000769
"6186_4",0.034262
"3779_1",0.001090
"10096_9",0.993843
"3277_7",0.993385
"6023_10",0.993783
"4863_7",0.985841
"11194_2",0.001976
"11227_2",0.001305
"11983_1",0.003210
"337_9",0.989672
"11441_3",0.000979
"6668_1",0.000844
"4333_9",0.992697
"3773_8",0.991860
"5370_9",0.991356
"4959_10",0.150091
"9431_3",0.005544
"6834_3",0.001075
"9952_3",0.002239
"9810_1",0.005302
"697_4",0.019475
"4528_3",0.000951
"5817_1",0.000863
"9052_7",0.561343
"11494_8",0.988777
"4516_1",0.000693
"2810_9",0.987981
"1105_10",0.986218
"6873_2",0.000817
"8171_10",0.992031
"9568_10",0.993574
"879_10",0.994066
"8493_8",0.988347
"9437_10",0.971347
"3841_1",0.000590
"3852_7",0.977564
"7414_9",0.987923
"6048_1",0.000566
"2921_1",0.000567
"6752_1",0.000635
"7997_1",0.732664
"640_1",0.000968
"9576_3",0.002867
"4110_4",0.018887
"11407_7",0.987055
"410_10",0.994477
"11167_10",0.993294
"8383_10",0.988558
"392_7",0.992823
"1459_4",0.013274
"11929_10",0.988039
"12362_4",0.001289
"4046_2",0.000530
"2597_10",0.986044
"11246_4",0.001151
"8692_8",0.994135
"3986_9",0.989213
"391_1",0.019985
"2504_7",0.989967
"11644_10",0.991101
"1788_1",0.001620
"5286_1",0.000775
"3486_1",0.993229
"4486_7",0.448306
"4614_3",0.971483
"11360_4",0.000769
"2315_10",0.994089
"3637_10",0.986967
"6479_3",0.007846
"10306_8",0.994488
"2225_1",0.004896
"9688_3",0.001267
"8999_2",0.000663
"6793_1",0.001012
"1785_8",0.988016
"3902_1",0.011823
"3805_1",0.000748
"6867_8",0.987771
"761_2",0.064300
"9493_4",0.007163
"4805_4",0.983004
"583_8",0.994054
"9470_9",0.990254
"9859_8",0.988503
"6633_8",0.982151
"518_10",0.949995
"10730_1",0.000838
"1855_4",0.002332
"5191_8",0.978692
"9191_1",0.000752
"1113_3",0.004290
"2973_8",0.993281
"10712_1",0.000654
"7729_1",0.000588
"2730_1",0.002521
"10170_1",0.001112
"8238_10",0.994698
"9495_10",0.987363
"11652_1",0.009126
"4911_2",0.000853
"7514_1",0.000752
"8164_2",0.000958
"10389_7",0.432408
"7557_10",0.990197
"852_4",0.002292
"1584_1",0.001250
"2387_2",0.002929
"6073_4",0.001154
"7047_10",0.994203
"6338_7",0.988154
"1741_4",0.001269
"3697_1",0.008348
"5444_2",0.000728
"10082_1",0.001341
"6135_4",0.024822
"9242_8",0.994467
"7864_8",0.988874
"3466_2",0.000826
"9852_9",0.993015
"12390_7",0.550230
"5189_9",0.992349
"6771_9",0.992062
"223_3",0.293050
"8322_4",0.001890
"4465_8",0.986017
"6597_2",0.029930
"3477_8",0.990551
"4736_8",0.983878
"4581_8",0.993950
"5898_3",0.001114
"12335_7",0.989791
"7321_7",0.993189
"128_4",0.002561
"9116_3",0.356909
"9152_8",0.993996
"3613_3",0.009090
"1095_8",0.994488
"225_10",0.990178
"12445_10",0.993255
"596_1",0.000885
"6693_1",0.001086
"7535_4",0.983940
"3135_4",0.484776
"7435_2",0.000732
"758_3",0.000715
"11838_10",0.992975
"8539_2",0.000635
"671_8",0.988165
"53_4",0.012747
"8718_10",0.993867
"10447_7",0.976913
"86_10",0.993359
"7042_1",0.000693
"5821_3",0.000864
"4604_4",0.001209
"7906_2",0.000660
"11449_2",0.005741
"6505_8",0.989244
"8160_3",0.002083
"1054_9",0.993216
"6300_7",0.987496
"10058_8",0.993807
"3990_10",0.994900
"9233_4",0.005150
"9314_2",0.001481
"4213_10",0.854521
"3407_10",0.994380
"1982_1",0.010469
"9686_1",0.000650
"11246_10",0.933249
"617_4",0.003087
"12182_1",0.000854
"5687_1",0.001893
"1559_2",0.000636
"3596_7",0.993346
"4991_10",0.994739
"3315_8",0.988569
"1192_1",0.000595
"1454_8",0.989511
"9836_3",0.274400
"8088_4",0.005251
"1651_2",0.000934
"4641_10",0.993397
"10624_1",0.002230
"2902_2",0.426299
"10435_7",0.992879
"11623_2",0.001123
"1609_1",0.000650
"2623_1",0.000588
"4444_8",0.986585
"12412_3",0.003976
"8496_1",0.000538
"4279_8",0.992906
"9053_10",0.884589
"11747_3",0.005697
"9754_4",0.394915
"1795_2",0.055566
"6017_10",0.987017
"8964_7",0.987017
"1118_7",0.994281
"11564_7",0.968768
"9897_1",0.001073
"7731_1",0.000695
"7391_2",0.000660
"6670_7",0.993056
"8347_1",0.000630
"5000_4",0.000592
"3513_1",0.000665
"9427_4",0.018299
"6840_1",0.002981
"9217_9",0.991891
"5545_8",0.987253
"9858_10",0.992093
"1909_2",0.000763
"8416_10",0.985977
"11079_3",0.002292
"4638_4",0.032621
"324_10",0.992837
"9126_10",0.987700
"9069_7",0.985115
"10555_10",0.994423
"9626_8",0.990044
"6629_10",0.994259
"8419_10",0.994043
"5437_8",0.008528
"2463_10",0.994336
"10540_1",0.000668
"10579_1",0.000885
"11517_8",0.844216
"5306_10",0.988981
"4996_9",0.990962
"8251_7",0.992304
"7382_1",0.000617
"4284_9",0.993759
"772_10",0.993216
"5394_1",0.000672
"10576_9",0.991067
"635_8",0.988906
"9315_2",0.001461
"9642_4",0.001419
"7225_10",0.992837
"1806_3",0.468061
"4484_1",0.003884
"4912_10",0.986980
"4837_10",0.985328
"11025_10",0.994214
"1419_10",0.988624
"8789_4",0.001292
"1507_1",0.012846
"6478_1",0.001674
"7774_1",0.000700
"7805_10",0.981701
"11142_10",0.986455
"3832_10",0.987900
"1830_3",0.001004
"2676_4",0.009596
"1595_1",0.000695
"8044_9",0.985200
"8476_1",0.000558
"5190_8",0.989140
"4941_2",0.001721
"10114_8",0.993069
"11931_3",0.005374
"11970_10",0.984426
"5572_1",0.000815
"32_3",0.369941
"10026_10",0.987969
"10554_2",0.002812
"6440_7",0.988313
"7636_1",0.001868
"7973_9",0.990821
"2920_10",0.991748
"9531_1",0.000801
"568_4",0.019625
"6091_3",0.035982
"5700_9",0.994100
"4934_7",0.994456
"5988_10",0.994615
"5162_1",0.000911
"1043_4",0.000886
"11574_2",0.022414
"2592_1",0.000592
"4881_3",0.399843
"447_10",0.993891
"6922_8",0.993136
"9314_10",0.993096
"10693_10",0.937153
"257_9",0.993759
"2090_10",0.965185
"7826_1",0.000507
"7851_4",0.011508
"1606_1",0.000758
"4446_1",0.000663
"10655_2",0.001691
"11116_2",0.000913
"1631_1",0.000849
"11696_10",0.994259
"2114_3",0.001636
"10728_8",0.994840
"8006_9",0.989561
"5963_10",0.977756
"2094_10",0.989889
"10113_1",0.000764
"2832_4",0.002301
"9600_1",0.000757
"7776_1",0.001636
"567_9",0.986297
"4700_10",0.981524
"1143_1",0.000828
"7853_1",0.001370
"11178_1",0.008300
"7770_3",0.000803
"11696_2",0.000659
"6077_9",0.992781
"5952_1",0.000477
"507_1",0.001042
"11888_3",0.088662
"7857_3",0.039453
"1381_7",0.957238
"5080_2",0.000601
"9831_10",0.989642
"7231_1",0.001036
"6012_3",0.001410
"6843_4",0.078572
"7120_1",0.000599
"9248_1",0.211743
"5313_4",0.463308
"8434_2",0.007177
"10224_2",0.001112
"7303_10",0.987923
"1796_8",0.588536
"9302_4",0.009268
"2232_4",0.021677
"5333_3",0.000838
"1340_3",0.000931
"5472_2",0.000606
"1768_3",0.001957
"3140_1",0.004118
"6264_3",0.005831
"6699_8",0.985029
"2085_7",0.980839
"5319_4",0.008711
"7561_4",0.068725
"992_1",0.000826
"193_4",0.000972
"19_10",0.994391
"6225_8",0.988734
"933_10",0.993436
"11245_10",0.993996
"6152_3",0.007504
"10163_7",0.987191
"9382_4",0.001394
"4655_8",0.979096
"5195_10",0.986853
"8989_4",0.001487
"5309_10",0.986777
"2183_2",0.000706
"7597_10",0.990927
"1272_8",0.993938
"10107_9",0.994146
"3067_1",0.000708
"390_10",0.986891
"5746_4",0.001464
"7145_4",0.002726
"1612_8",0.987326
"7968_4",0.972231
"3793_9",0.922378
"2719_1",0.043569
"1645_10",0.992961
"9934_2",0.001086
"9288_4",0.003847
"937_4",0.009879
"10385_1",0.000724
"3726_1",0.000665
"2700_10",0.993973
"11824_1",0.000790
"4133_10",0.989450
"9873_2",0.001601
"8769_1",0.000708
"11806_10",0.993436
"903_4",0.008594
"727_3",0.003938
"2426_2",0.000763
"8663_1",0.001330
"11163_8",0.989771
"1505_7",0.598002
"4758_10",0.989460
"2119_4",0.001341
"7351_8",0.989055
"5638_10",0.993136
"11236_10",0.991796
"9351_3",0.004451
"8732_4",0.011732
"4771_1",0.001034
"4094_10",0.988268
"8314_7",0.598694
"5273_10",0.991764
"1773_1",0.000608
"7415_1",0.000782
"677_1",0.000815
"5585_1",0.000496
"1523_10",0.991571
"6855_1",0.000619
"6634_9",0.993202
"3866_2",0.010860
"7165_3",0.000755
"7516_7",0.985691
"2239_8",0.977328
"1248_8",0.994920
"6839_8",0.988245
"2648_10",0.993574
"5246_9",0.989761
"9445_1",0.000615
"4323_4",0.009936
"4356_10",0.993242
"9447_4",0.397862
"4022_3",0.001768
"6239_3",0.000873
"447_4",0.002217
"6717_8",0.974141
"2470_9",0.989692
"4816_1",0.000801
"1682_10",0.988514
"67_10",0.993372
"724_10",0.994369
"7678_9",0.980876
"2889_4",0.215764
"7487_9",0.993150
"1411_4",0.010860
"7447_8",0.987829
"3856_1",0.000552
"4412_10",0.981542
"8939_2",0.000732
"3314_9",0.992837
"2776_1",0.031232
"7986_8",0.994615
"12084_10",0.989161
"9529_10",0.992961
"11599_7",0.915167
"11688_3",0.000629
"11559_1",0.001691
"5838_2",0.002149
"6397_4",0.338487
"3551_4",0.033590
"5646_10",0.985454
"7760_2",0.000679
"4983_7",0.994336
"3870_1",0.025785
"5621_9",0.820757
"8716_9",0.987865
"2017_10",0.992767
"579_10",0.989296
"2659_1",0.000736
"10364_2",0.006476
"837_8",0.983785
"226_4",0.003686
"4836_1",0.000612
"11389_3",0.014282
"5284_2",0.000536
"4277_4",0.018073
"3821_10",0.988369
"6593_8",0.962285
"5060_7",0.084191
"5121_8",0.959950
"3810_7",0.574977
"3941_8",0.656658
"12291_1",0.000658
"1082_1",0.000687
"931_9",0.993722
"10202_4",0.948346
"11004_9",0.994031
"5243_7",0.981346
"2861_1",0.001145
"11992_10",0.984664
"11358_9",0.994225
"3996_10",0.992123
"12434_8",0.975762
"8310_7",0.977457
"3894_9",0.991472
"3021_1",0.001860
"1652_10",0.993255
"90_2",0.023109
"283_1",0.002449
"9809_8",0.992244
"2693_2",0.012360
"5717_1",0.008728
"6051_9",0.992274
"4542_1",0.000858
"5104_8",0.993255
"10139_10",0.985384
"6129_1",0.000761
"859_8",0.993423
"3107_1",0.000592
"2595_2",0.000722
"2676_10",0.993333
"3634_2",0.000859
"6953_1",0.000708
"4430_4",0.001294
"79_8",0.993722
"7318_2",0.000748
"863_4",0.001626
"6393_3",0.111580
"6910_3",0.001341
"4438_9",0.990121
"4242_9",0.982151
"5813_4",0.002704
"203_3",0.001172
"7333_10",0.994729
"11658_8",0.993320
"11206_4",0.002924
"6208_7",0.992259
"7273_8",0.988369
"5518_10",0.993879
"7092_1",0.024680
"10508_7",0.991305
"1196_9",0.992379
"10037_7",0.979472
"6468_8",0.993574
"8502_4",0.001299
"1017_1",0.001238
"4_10",0.994259
"8439_1",0.000739
"7048_3",0.001528
"3238_1",0.000623
"11610_1",0.006229
"3468_10",0.994445
"184_3",0.000776
"12227_7",0.988335
"4872_3",0.043528
"11139_10",0.993661
"4316_7",0.990216
"3071_1",0.001697
"335_2",0.000554
"10847_1",0.000628
"4646_10",0.993002
"9382_10",0.987865
"6577_1",0.001904
"4549_1",0.000568
"2459_9",0.993843
"102_8",0.990112
"1581_1",0.000881
"2439_10",0.993372
"6988_9",0.983676
"2024_1",0.000520
"12375_1",0.000989
"6084_4",0.001604
"6617_3",0.001645
"815_3",0.000587
"1857_1",0.000999
"7428_1",0.000600
"5943_8",0.993985
"11811_10",0.994770
"10844_1",0.000559
"1275_7",0.993216
"1910_1",0.000611
"3306_8",0.982151
"4735_1",0.000820
"10819_1",0.000772
"9571_2",0.003167
"1037_10",0.992289
"7177_4",0.016785
"5066_10",0.993474
"4888_2",0.001793
"10646_2",0.001204
"7929_1",0.001156
"5181_1",0.000575
"1387_1",0.001413
"1304_8",0.989161
"2108_1",0.003657
"9875_10",0.994790
"10200_1",0.000974
"11665_9",0.993202
"6685_1",0.000701
"10234_9",0.989918
"6622_9",0.973770
"9703_7",0.991796
"7504_8",0.991538
"1267_3",0.936343
"902_3",0.001372
"10674_2",0.034815
"5237_10",0.988896
"5270_10",0.978590
"1701_7",0.977989
"3222_2",0.000741
"6116_10",0.967287
"11543_10",0.991844
"8189_7",0.499817
"8737_8",0.994135
"6856_7",0.991716
"2035_8",0.989327
"5011_10",0.994225
"6135_9",0.994541
"9172_1",0.000508
"5822_1",0.001289
"8816_3",0.004265
"1124_1",0.000651
"5422_4",0.939526
"3275_2",0.005697
"2076_2",0.000704
"5223_8",0.988027
"1814_3",0.015754
"6171_2",0.009038
"3228_1",0.000843
"3693_3",0.001105
"8891_2",0.000942
"1171_8",0.988591
"9496_1",0.002571
"8702_10",0.987900
"11287_4",0.000960
"2157_10",0.991187
"6058_8",0.987676
"4025_2",0.000472
"5097_8",0.993985
"2335_1",0.000692
"6945_1",0.000564
"2970_4",0.008899
"10473_10",0.993985
"10139_1",0.000767
"7680_10",0.994509
"10705_1",0.000644
"9883_10",0.994520
"2808_10",0.992597
"6543_2",0.001555
"3482_3",0.047780
"2547_7",0.976847
"8378_4",0.000604
"7746_10",0.993397
"5007_4",0.002124
"1623_8",0.987969
"10762_9",0.994270
"8604_1",0.000748
"868_7",0.973190
"7902_1",0.000715
"3644_1",0.000888
"330_1",0.001195
"2519_7",0.957038
"716_2",0.008495
"9908_1",0.000634
"1410_2",0.003629
"1154_4",0.004682
"589_10",0.994434
"10182_3",0.002731
"6872_8",0.991844
"7232_8",0.962603
"4339_8",0.987387
"6652_2",0.000613
"8692_1",0.005190
"4585_2",0.488466
"5846_4",0.067547
"4401_1",0.000846
"4848_10",0.993722
"1727_1",0.001038
"8038_2",0.001552
"2532_1",0.000781
"11010_9",0.987080
"4915_10",0.993734
"6047_4",0.010388
"10358_3",0.013611
"697_10",0.991922
"7648_7",0.994247
"5495_4",0.003524
"6611_2",0.000724
"12099_8",0.986572
"1109_1",0.000553
"6874_1",0.000598
"8072_4",0.019161
"11231_10",0.987472
"10871_7",0.988646
"9990_10",0.994552
"645_10",0.993255
"9345_1",0.002606
"5298_1",0.002704
"5971_10",0.984276
"5079_8",0.989098
"6022_3",0.000760
"4954_7",0.989801
"5063_8",0.989662
"843_10",0.988591
"556_7",0.985440
"1498_1",0.000718
"9374_7",0.985014
"8728_1",0.290578
"8297_10",0.959573
"5760_10",0.989347
"7403_10",0.885780
"964_3",0.074030
"8842_9",0.993759
"11552_10",0.992906
"5592_2",0.001247
"3531_9",0.984155
"9383_3",0.001655
"6576_1",0.001312
"125_3",0.002710
"8382_2",0.001259
"3786_9",0.993734
"8636_9",0.993216
"12225_10",0.530024
"8958_8",0.994031
"5981_10",0.978156
"9594_10",0.987865
"9802_3",0.001772
"4353_3",0.015922
"10567_8",0.994552
"3982_7",0.984231
"3292_7",0.123948
"1739_3",0.000801
"3356_3",0.005210
"5253_4",0.001257
"1186_10",0.992349
"12218_8",0.991716
"1361_9",0.993537
"11423_4",0.001163
"5649_1",0.000653
"11988_10",0.978094
"393_7",0.987448
"8081_2",0.001552
"10290_1",0.000623
"5548_1",0.033463
"2266_3",0.178956
"341_1",0.000570
"2081_10",0.994112
"6268_1",0.001002
"2267_9",0.994594
"82_3",0.001315
"11259_10",0.993385
"6760_7",0.992437
"6352_9",0.993938
"10733_3",0.011310
"7418_2",0.000585
"11562_8",0.993537
"8895_9",0.993599
"7911_7",0.988547
"4885_10",0.994236
"542_4",0.002463
"6099_7",0.989450
"5355_1",0.001433
"3969_1",0.000823
"11541_4",0.982955
"6413_1",0.000804
"3725_7",0.987387
"11757_1",0.003483
"7663_1",0.002856
"3161_3",0.949995
"9119_10",0.993069
"7726_3",0.023757
"1764_8",0.983439
"7211_7",0.989602
"8069_4",0.001636
"7119_2",0.001190
"1163_10",0.994358
"5836_2",0.000693
"1921_8",0.989541
"892_1",0.000608
"7629_8",0.988335
"5605_1",0.000687
"3955_10",0.994520
"5093_4",0.002458
"6366_4",0.007461
"11267_2",0.000625
"522_2",0.000784
"7659_10",0.992379
"11779_4",0.007892
"5226_1",0.001632
"8767_10",0.977926
"1315_4",0.000707
"8179_8",0.993996
"10270_10",0.994563
"8218_1",0.001410
"4363_10",0.988777
"9701_9",0.987981
"9774_10",0.993136
"8326_10",0.988165
"1529_10",0.994100
"9090_8",0.994270
"8596_7",0.982048
"3508_1",0.000706
"2272_8",0.993855
"1226_7",0.989622
"40_8",0.992837
"1159_1",0.000647
"11508_1",0.000691
"2869_8",0.993372
"4068_1",0.000888
"7510_1",0.000664
"2967_3",0.001008
"8307_10",0.510191
"9920_8",0.988301
"9102_1",0.017577
"3586_4",0.983581
"2278_10",0.994790
"9459_9",0.992393
"3080_10",0.983565
"8960_1",0.000955
"11294_8",0.092442
"5241_1",0.000933
"4515_10",0.994054
"5855_7",0.988503
"12107_2",0.000664
"6435_2",0.001036
"5813_10",0.990696
"12008_1",0.000680
"1613_10",0.987853
"9381_9",0.984366
"4467_10",0.988380
"1439_8",0.983518
"1021_2",0.000717
"2718_1",0.001772
"11439_8",0.986623
"10931_10",0.994509
"4326_10",0.993499
"6216_1",0.000675
"10369_4",0.001299
"1586_7",0.978774
"1310_2",0.000739
"293_1",0.000752
"5968_1",0.000812
"9338_10",0.993879
"418_4",0.004982
"4522_1",0.000677
"3925_8",0.988268
"9748_1",0.000721
"7142_8",0.993307
"8862_1",0.001525
"10812_2",0.000881
"3262_7",0.983036
"11540_10",0.977457
"1236_2",0.000834
"10321_10",0.989171
"5782_1",0.000664
"11765_8",0.962462
"6365_7",0.986205
"6265_2",0.001341
"5426_1",0.001105
"5312_7",0.983878
"1786_3",0.004086
"10137_2",0.001717
"9816_3",0.006488
"11925_10",0.978447
"3041_3",0.001671
"6742_1",0.000699
"10786_7",0.987688
"10687_4",0.406023
"7057_7",0.610158
"7532_9",0.987436
"4162_8",0.989161
"9911_10",0.989409
"2369_3",0.004023
"2967_9",0.990385
"9515_7",0.977671
"12035_9",0.978976
"9088_4",0.008528
"3037_8",0.993807
"1198_10",0.994135
"8186_8",0.991985
"3455_8",0.990064
"6676_3",0.009322
"4071_8",0.983676
"2244_7",0.447672
"1252_7",0.967349
"12178_3",0.000565
"5623_4",0.002581
"10938_1",0.000787
"2265_4",0.521136
"7442_7",0.694898
"7676_9",0.994008
"10666_1",0.000629
"9430_3",0.146331
"8329_2",0.000757
"11933_10",0.991389
"7868_1",0.000715
"6471_7",0.989368
"2191_1",0.000758
"3918_1",0.000989
"9767_10",0.993661
"11297_8",0.982203
"6763_8",0.993831
"2621_9",0.985143
"4056_4",0.003862
"8584_4",0.000711
"4541_9",0.988679
"1474_4",0.004191
"3748_7",0.799090
"1314_1",0.000534
"6195_10",0.988624
"3485_1",0.000942
"5448_7",0.951188
"12392_10",0.982574
"5807_10",0.993499
"11783_4",0.787196
"5693_1",0.000575
"5031_3",0.001351
"9684_1",0.000957
"924_10",0.987818
"12254_3",0.010881
"277_1",0.001961
"4384_10",0.988290
"8288_4",0.000809
"3056_3",0.000908
"4683_9",0.990786
"907_7",0.985426
"6720_7",0.979196
"12192_1",0.001546
"11090_8",0.954095
"4682_7",0.986917
"11698_10",0.989850
"1530_1",0.001252
"3017_9",0.993950
"9702_1",0.001299
"5761_3",0.000719
"9920_2",0.884139
"8250_1",0.003443
"11900_3",0.004503
"6128_10",0.962356
"8667_10",0.991985
"8304_3",0.002434
"1049_9",0.979648
"10262_4",0.006302
"7315_3",0.000796
"4935_10",0.990083
"2453_1",0.000584
"4820_10",0.671309
"3111_10",0.994677
"10351_8",0.985370
"146_1",0.000915
"6093_9",0.988536
"7215_10",0.992697
"6098_9",0.990786
"2873_10",0.994698
"2683_10",0.987853
"6886_9",0.982406
"4992_8",0.950824
"1038_1",0.001614
"988_3",0.002576
"212_7",0.969843
"6838_1",0.001195
"4865_8",0.981058
"6908_9",0.990035
"8548_10",0.979076
"2297_4",0.001279
"3455_4",0.012456
"5743_2",0.011332
"5820_1",0.001389
"4636_3",0.019494
"8184_4",0.001464
"7413_7",0.993661
"10750_7",0.989368
"10064_10",0.993042
"408_3",0.001292
"10388_10",0.992851
"8380_4",0.001073
"8904_2",0.006850
"10854_10",0.983816
"11511_10",0.987067
"259_10",0.993574
"1580_1",0.000644
"11775_1",0.000606
"8674_1",0.000854
"9540_10",0.993123
"6177_4",0.001051
"11074_8",0.993914
"7191_7",0.048182
"7496_1",0.000736
"4424_9",0.990892
"5733_9",0.992496
"2887_2",0.001367
"239_2",0.030329
"10920_1",0.000782
"10342_9",0.993029
"12321_1",0.000789
"1833_3",0.000801
"5494_7",0.984078
"8687_8",0.988810
"1076_8",0.991505
"7638_3",0.024657
"1361_3",0.062789
"1884_4",0.003124
"2056_10",0.987496
"5_4",0.031085
"1034_10",0.993950
"4008_8",0.993423
"4239_4",0.003004
"7257_4",0.922761
"9541_8",0.986726
"5869_1",0.000679
"1326_4",0.000574
"936_2",0.001179
"10473_4",0.003063
"12413_2",0.001438
"5934_9",0.981771
"2419_7",0.989066
"49_4",0.004820
"2129_9",0.986752
"12356_1",0.000663
"9268_2",0.001513
"7915_7",0.985732
"11405_3",0.733404
"7526_9",0.993189
"6639_2",0.001154
"7939_1",0.000656
"8934_1",0.003511
"2422_1",0.000598
"3885_4",0.009467
"1703_3",0.093761
"7530_9",0.994615
"5833_1",0.000626
"9858_4",0.018707
"12307_3",0.000634
"9341_10",0.988690
"4490_10",0.988199
"9292_10",0.993698
"7830_1",0.000897
"5329_1",0.000667
"5205_10",0.991255
"2172_1",0.000699
"8857_4",0.001059
"7933_1",0.000604
"12277_4",0.087642
"9853_10",0.987412
"5927_8",0.994391
"4453_4",0.000655
"3034_1",0.000684
"3469_1",0.000838
"12014_2",0.002449
"3802_3",0.007801
"10911_8",0.489046
"7519_1",0.000799
"4155_1",0.001134
"7873_1",0.000619
"7002_10",0.988928
"11597_1",0.000804
"9043_3",0.000902
"7623_3",0.001046
"6615_9",0.993914
"5982_1",0.000987
"492_1",0.000644
"7105_1",0.000676
"7072_8",0.992139
"7585_3",0.013121
"114_2",0.001996
"675_2",0.001289
"5141_1",0.001202
"11299_1",0.000546
"7008_4",0.012194
"4963_4",0.024586
"9363_8",0.979957
"12419_8",0.986636
"499_2",0.003040
"4741_1",0.000663
"3160_10",0.977756
"4605_7",0.987080
"7181_4",0.006314
"2620_3",0.001034
"7101_7",0.983343
"3358_8",0.981753
"11150_3",0.048361
"11555_3",0.064477
"11975_2",0.024798
"44_8",0.994402
"4699_10",0.988906
"6042_2",0.000801
"10368_3",0.004191
"2409_8",0.961750
"5933_1",0.004774
"7460_1",0.005877
"11653_3",0.983894
"1699_4",0.026531
"6189_4",0.002178
"12263_10",0.994646
"700_7",0.986337
"1974_9",0.986572
"4664_1",0.006302
"2083_3",0.015131
"3454_1",0.001495
"3196_4",0.981875
"7920_2",0.001564
"10257_10",0.991015
"12344_10",0.994800
"130_9",0.993843
"315_4",0.005797
"5923_10",0.993229
"1234_10",0.989541
"7402_2",0.000683
"4634_1",0.000789
"2558_10",0.992851
"11220_10",0.987711
"7652_10",0.994043
"1070_1",0.000695
"3018_1",0.003222
"6365_1",0.000760
"6081_4",0.278281
"1015_4",0.003722
"7071_10",0.699126
"4682_1",0.001176
"5242_1",0.002230
"5125_9",0.993843
"11299_7",0.988279
"7445_1",0.000793
"8206_10",0.991716
"7878_7",0.990083
"11630_4",0.002301
"9391_8",0.960694
"4755_2",0.000820
"36_8",0.990273
"617_9",0.988347
"987_7",0.984752
"1185_1",0.000676
"11135_1",0.000964
"6457_2",0.001410
"8337_7",0.993002
"9931_9",0.989801
"6932_10",0.990945
"9504_3",0.003075
"2333_2",0.009504
"10397_10",0.978385
"6200_4",0.005343
"8004_10",0.993110
"10818_10",0.994445
"164_7",0.873916
"6945_9",0.986726
"2551_10",0.988831
"10887_3",0.000618
"8942_8",0.993973
"6779_1",0.014700
"9818_10",0.994303
"11352_4",0.001484
"1035_9",0.994325
"9212_2",0.000711
"8530_3",0.002873
"7858_3",0.001188
"1777_4",0.002736
"6976_10",0.990660
"9426_2",0.001561
"2154_1",0.000691
"7037_9",0.976691
"1501_1",0.002425
"12448_2",0.000717
"1005_2",0.001582
"8031_1",0.000742
"8084_8",0.992510
"11933_3",0.000843
"3206_10",0.994157
"10197_2",0.000711
"8838_9",0.756088
"7720_1",0.000623
"9739_3",0.002314
"8312_4",0.000964
"3492_9",0.985552
"1133_8",0.992379
"3255_9",0.992408
"10625_8",0.987179
"12307_9",0.987688
"325_10",0.994499
"4393_10",0.988358
"8755_2",0.000804
"2645_4",0.005323
"10712_8",0.974580
"10358_7",0.272508
"10913_1",0.015073
"8406_7",0.991015
"12131_8",0.991985
"8306_7",0.967686
"8722_9",0.992229
"6363_3",0.000617
"6876_10",0.994358
"10802_8",0.835148
"6078_2",0.000997
"4558_8",0.993307
"643_4",0.004374
"9956_10",0.987676
"7267_8",0.987958
"10491_7",0.988635
"5105_8",0.989275
"7213_10",0.992031
"8442_2",0.001197
"11035_10",0.987711
"9961_3",0.083965
"2616_1",0.000600
"7666_4",0.025107
"548_4",0.026056
"2425_10",0.990945
"4173_1",0.000660
"3558_10",0.987216
"4117_3",0.006641
"9803_3",0.000798
"1545_1",0.001105
"6564_7",0.989129
"1306_1",0.000687
"632_1",0.000692
"3132_8",0.990927
"5755_2",0.000696
"5282_1",0.000527
"5891_10",0.994594
"3961_7",0.993914
"4107_1",0.013402
"2370_8",0.988085
"1363_1",0.001957
"5359_9",0.994008
"759_10",0.995095
"727_8",0.991700
"1875_1",0.001427
"10586_1",0.000834
"4906_1",0.002217
"11685_4",0.000892
"1632_1",0.001221
"4913_10",0.988679
"11375_1",0.004207
"423_10",0.993150
"5957_9",0.991587
"9389_1",0.000766
"10450_7",0.987314
"4205_1",0.001570
"2983_1",0.000658
"7895_1",0.000556
"2761_4",0.000659
"3359_1",0.000540
"687_9",0.990642
"8150_1",0.001642
"1647_10",0.988369
"10920_8",0.993624
"4813_8",0.970549
"4628_10",0.993574
"5738_4",0.001026
"11255_3",0.002166
"7801_10",0.988536
"3258_2",0.000684
"10513_7",0.544105
"9358_8",0.989561
"6864_2",0.000745
"3038_8",0.987993
"6928_1",0.002107
"10277_10",0.992364
"9231_1",0.000664
"8098_7",0.987841
"11550_10",0.982237
"10233_7",0.988668
"180_3",0.007969
"538_8",0.994180
"4977_9",0.990533
"11386_3",0.009038
"1045_3",0.003081
"61_1",0.006590
"6907_8",0.989470
"11368_10",0.986866
"10_3",0.001727
"7034_3",0.001223
"3051_10",0.993624
"362_9",0.991305
"8037_7",0.990044
"11408_4",0.001335
"8783_7",0.991049
"1755_10",0.994790
"3610_3",0.086942
"1376_3",0.007548
"4970_9",0.985482
"7802_9",0.992920
"4169_1",0.000564
"2063_4",0.986954
"2825_10",0.991255
"10758_10",0.994563
"10778_2",0.000503
"979_10",0.991322
"11700_4",0.565269
"7848_10",0.975969
"1294_7",0.991505
"4806_4",0.016356
"10159_4",0.011961
"3461_4",0.071591
"10312_1",0.000911
"4297_1",0.000838
"5081_2",0.001277
"2156_1",0.000636
"8417_1",0.000789
"10182_10",0.987782
"11732_2",0.000792
"10078_3",0.000853
"4772_1",0.000750
"6187_4",0.001751
"4219_10",0.994191
"5208_8",0.987290
"4935_2",0.001269
"6528_10",0.994413
"4080_1",0.000659
"6147_10",0.503662
"1352_2",0.000764
"5675_9",0.987460
"3024_4",0.000669
"6930_3",0.003130
"7005_1",0.000734
"380_9",0.988211
"5923_3",0.009746
"1246_9",0.993996
"3081_8",0.993255
"11913_3",0.035511
"4112_8",0.982237
"1440_8",0.993029
"12123_7",0.494477
"3731_1",0.001519
"420_10",0.990569
"5862_1",0.000820
"10864_7",0.988766
"3484_1",0.000838
"9438_4",0.002867
"7032_10",0.990533
"7670_2",0.020904
"5251_9",0.986585
"5296_7",0.989850
"9161_7",0.969469
"6446_4",0.001576
"11694_8",0.989612
"1674_9",0.993698
"8831_10",0.978094
"11813_10",0.994708
"3380_1",0.000823
"8653_10",0.993661
"10485_1",0.001221
"3771_9",0.990273
"5534_1",0.000700
"2_7",0.986559
"2334_9",0.994358
"8327_4",0.001287
"8552_9",0.994760
"9117_10",0.988016
"11953_10",0.994020
"7015_4",0.567307
"9649_10",0.993902
"1701_1",0.323113
"1946_3",0.027325
"1536_10",0.993636
"6419_7",0.992739
"6619_10",0.987508
"3715_10",0.994840
"6001_9",0.988514
"4555_9",0.988165
"6367_4",0.019475
"8350_10",0.992640
"8376_7",0.989045
"8231_1",0.000745
"11595_9",0.994314
"10372_4",0.002174
"2711_8",0.984826
"407_4",0.001287
"10798_10",0.986507
"5358_1",0.000899
"158_1",0.000755
"6578_7",0.992000
"217_8",0.992597
"4535_10",0.994930
"4887_10",0.987853
"5595_4",0.011051
"1837_9",0.988313
"7723_1",0.000673
"1935_7",0.981453
"7357_4",0.000717
"3293_3",0.000684
"5176_1",0.000608
"10930_7",0.973795
"4618_1",0.005406
"15_2",0.000927
"4009_1",0.003538
"3854_1",0.001549
"2889_10",0.993950
"2737_1",0.012797
"9811_3",0.004425
"12016_2",0.001441
"8470_10",0.981648
"2965_7",0.003693
"6620_1",0.000796
"7447_3",0.014616
"1197_9",0.987092
"9750_9",0.987532
"3001_1",0.001433
"8068_2",0.001257
"5660_1",0.001204
"5595_10",0.978260
"4377_4",0.020313
"7354_8",0.987265
"11858_1",0.000695
"7611_2",0.000981
"6855_7",0.993487
"11522_1",0.000578
"21_9",0.990533
"3423_9",0.991587
"2061_8",0.993268
"5594_10",0.988928
"6106_3",0.004118
"9222_1",0.040999
"2305_3",0.002234
"12493_4",0.025420
"8841_9",0.986297
"3824_8",0.994089
"703_8",0.993069
"1638_1",0.000623
"11339_4",0.000975
"10173_1",0.000843
"6481_2",0.005469
"9468_2",0.027796
"1830_9",0.993722
"9940_8",0.972099
"7768_1",0.000620
"414_2",0.002657
"9554_3",0.002107
"2894_4",0.001915
"2509_7",0.989501
"2430_2",0.035679
"10244_7",0.986416
"2874_9",0.974386
"4615_4",0.991187
"9011_10",0.992093
"8977_9",0.986494
"6709_9",0.984170
"7963_3",0.033274
"7531_10",0.994391
"5058_3",0.001447
"2875_2",0.014490
"9191_8",0.991875
"2596_10",0.986520
"9660_8",0.994790
"3682_1",0.000517
"4189_1",0.000658
"739_10",0.986098
"836_4",0.004434
"2422_7",0.065665
"4318_1",0.000796
"1443_2",0.001034
"2782_8",0.994077
"10260_1",0.344664
"10624_10",0.978198
"3288_8",0.984411
"155_2",0.000688
"4941_9",0.992229
"1449_8",0.994380
"10575_1",0.000693
"3568_4",0.290427
"261_9",0.991472
"10420_9",0.993163
"4008_1",0.001421
"4263_9",0.992408
"11924_4",0.036494
"11488_7",0.992711
"1599_1",0.000902
"11383_10",0.988525
"1800_9",0.988211
"9705_10",0.989682
"10044_8",0.987900
"471_3",0.010530
"3494_9",0.993831
"11492_10",0.984185
"257_3",0.017094
"10745_1",0.001807
"7305_1",0.000977
"6239_8",0.992739
"3068_10",0.986244
"2862_1",0.000838
"11217_4",0.034717
"10650_9",0.992697
"3588_10",0.994391
"8345_10",0.982322
"9980_2",0.000818
"8901_1",0.000735
"5438_8",0.993512
"10879_10",0.991954
"9064_3",0.002834
"193_9",0.986662
"470_4",0.003423
"5128_7",0.993819
"10542_10",0.386756
"205_10",0.986891
"8091_7",0.993710
"11383_3",0.000760
"10274_2",0.001504
"7865_7",0.993722
"7525_1",0.011158
"2168_2",0.001183
"11082_8",0.988981
"1991_2",0.000689
"10524_10",0.993843
"4628_3",0.003608
"4269_7",0.989286
"7367_2",0.001105
"1390_1",0.003081
"7158_1",0.017045
"12442_10",0.989055
"8388_1",0.000630
"7980_7",0.986585
"3054_1",0.000773
"11143_2",0.054450
"2238_1",0.002157
"949_3",0.000863
"42_4",0.001193
"4093_7",0.986271
"3657_3",0.028571
"9812_10",0.994790
"6879_3",0.004655
"2189_8",0.985855
"11804_1",0.000593
"5280_10",0.989682
"411_8",0.990254
"5673_1",0.000644
"11633_2",0.000745
"10389_1",0.000650
"9516_10",0.984486
"12169_8",0.992823
"232_7",0.993255
"6061_4",0.001522
"6755_8",0.986429
"2880_10",0.986218
"4187_7",0.982807
"4175_7",0.754689
"11674_3",0.010509
"10397_1",0.004323
"4334_10",0.994043
"7654_10",0.990874
"1657_9",0.989899
"2025_2",0.001367
"2276_4",0.003817
"1957_10",0.993029
"11627_4",0.002265
"11799_4",0.057335
"10251_10",0.993973
"1231_4",0.012124
"8302_8",0.991587
"12342_7",0.566438
"8105_3",0.615875
"3892_4",0.000799
"8473_9",0.987592
"448_8",0.989378
"7317_2",0.001028
"2074_1",0.000660
"12249_7",0.983166
"5467_2",0.001067
"12109_1",0.000696
"11511_1",0.000854
"9476_3",0.628308
"1170_10",0.990587
"8970_9",0.993950
"12308_1",0.000700
"3101_8",0.988085
"3066_1",0.000472
"11519_7",0.300489
"5314_2",0.001228
"9160_4",0.003877
"6512_3",0.019475
"7836_4",0.097305
"11429_1",0.000586
"12043_9",0.994667
"270_1",0.000639
"821_1",0.000817
"4572_10",0.994509
"11437_1",0.000691
"4899_3",0.002369
"8226_9",0.986363
"5445_9",0.993950
"2459_2",0.025541
"12192_7",0.992289
"5459_9",0.992975
"7308_7",0.984884
"11308_1",0.000676
"4122_3",0.209631
"144_9",0.992711
"12145_4",0.006944
"8511_8",0.993612
"11319_7",0.991505
"9257_10",0.993307
"6737_3",0.001269
"9327_9",0.993436
"1246_1",0.000836
"11239_10",0.994203
"2915_1",0.000601
"6019_10",0.994043
"1151_9",0.992975
"11796_2",0.002087
"10400_9",0.875521
"9599_10",0.991954
"2283_3",0.001103
"5474_3",0.001655
"2670_3",0.000953
"6_3",0.024680
"69_4",0.402715
"11234_10",0.989821
"6575_10",0.994214
"9391_1",0.000676
"12053_1",0.000558
"1387_8",0.988885
"2649_9",0.980356
"9004_4",0.002726
"8723_1",0.001738
"11609_1",0.000625
"9585_2",0.000721
"2736_1",0.000620
"6607_2",0.005354
"11939_2",0.000725
"2024_8",0.992809
"1503_8",0.976401
"10177_10",0.992892
"10266_1",0.000691
"547_7",0.992229
"5272_10",0.983955
"5204_9",0.988896
"9369_2",0.020410
"6273_1",0.000625
"10825_7",0.993123
"644_8",0.990496
"347_1",0.001129
"12309_1",0.005395
"5502_10",0.984956
"7203_1",0.001534
"8714_2",0.001701
"713_8",0.992920
"10289_1",0.001734
"7666_8",0.967472
"6753_1",0.000881
"6350_1",0.000540
"11232_8",0.988050
"10551_1",0.001292
"5967_7",0.991472
"1049_3",0.001140
"11238_10",0.936576
"8043_9",0.991922
"8751_4",0.029479
"6514_2",0.004417
"1461_3",0.003324
"12137_8",0.991489
"9884_1",0.000836
"4652_10",0.985800
"3169_4",0.001372
"4138_8",0.994531
"6125_7",0.962179
"7298_8",0.989087
"4602_8",0.971725
"3523_1",0.023757
"10990_1",0.003773
"9278_1",0.000851
"2614_3",0.006603
"4762_3",0.000729
"2557_9",0.988290
"9390_1",0.000706
"7144_10",0.993574
"6655_7",0.345271
"9806_3",0.039048
"986_10",0.992934
"9969_10",0.987616
"8915_1",0.001107
"3888_2",0.003216
"1963_1",0.001080
"10523_9",0.992139
"9995_2",0.001543
"4491_1",0.003511
"926_10",0.990292
"5679_7",0.906281
"5201_8",0.983085
"9785_3",0.001063
"337_1",0.000590
"4129_3",0.001214
"9231_8",0.985759
"2058_2",0.000599
"4801_10",0.989561
"2116_1",0.002556
"11539_10",0.990044
"200_4",0.131285
"8271_10",0.992393
"10088_8",0.979354
"10816_10",0.993985
"80_7",0.970268
"9331_7",0.980821
"3866_9",0.991339
"4534_3",0.018003
"8981_9",0.985200
"510_7",0.991049
"4980_1",0.000538
"3336_1",0.007548
"1934_7",0.136551
"2815_4",0.990910
"6606_4",0.558778
"11802_1",0.001814
"6312_9",0.988436
"1914_2",0.001012
"1970_8",0.992947
"9791_10",0.992795
"3721_10",0.993189
"7947_10",0.988425
"8009_10",0.993649
"3370_7",0.972650
"8943_3",0.002586
"5873_10",0.982840
"7379_1",0.001507
"3585_10",0.994594
"6934_10",0.986929
"5841_1",0.000750
"1354_7",0.993410
"9215_10",0.994180
"2668_4",0.000841
"8441_8",0.988777
"5255_7",0.188026
"3649_1",0.001642
"1169_10",0.994749
"2366_7",0.988234
"4229_1",0.000585
"29_3",0.002975
"6109_2",0.002274
"11174_4",0.000688
"12477_7",0.975855
"11713_1",0.000539
"2231_2",0.001207
"7598_8",0.993562
"5095_3",0.001118
"3062_10",0.991700
"11451_7",0.985384
"7100_3",0.000785
"11005_1",0.000591
"9902_8",0.993795
"8850_10",0.987853
"5542_2",0.013147
"9371_1",0.766862
"8042_7",0.992031
"1757_1",0.000708
"2256_1",0.000767
"9793_3",0.004574
"11791_2",0.085404
"4814_2",0.011288
"630_7",0.989034
"10622_10",0.993333
"5781_1",0.001315
"7422_10",0.993612
"10084_10",0.989419
"9550_9",0.984927
"11646_8",0.982237
"110_1",0.001694
"4811_1",0.000975
"9559_4",0.004306
"2755_10",0.993474
"698_1",0.000871
"8437_1",0.000729
"1470_8",0.981875
"11449_8",0.198375
"8078_8",0.990083
"238_1",0.000881
"4950_10",0.994594
"10793_7",0.991456
"8497_10",0.994760
"9160_9",0.963882
"8472_1",0.000631
"1583_8",0.992934
"2923_3",0.005865
"9770_4",0.265071
"10706_2",0.001988
"4573_2",0.000931
"11176_10",0.993512
"616_1",0.001167
"4574_8",0.993819
"8465_10",0.989182
"4049_9",0.994123
"3707_3",0.000972
"4398_10",0.991136
"11727_1",0.001691
"7244_8",0.988268
"549_3",0.004783
"9461_1",0.405441
"6748_3",0.002187
"7093_10",0.993333
"9115_10",0.992920
"8284_9",0.991969
"469_8",0.986481
"1281_9",0.989491
"2816_3",0.175892
"11001_7",0.951818
"6987_2",0.000826
"5428_3",0.001484
"5992_10",0.994369
"2315_1",0.001386
"7329_7",0.992626
"3956_1",0.008830
"11453_1",0.003046
"726_1",0.000621
"10517_1",0.001466
"4494_8",0.975762
"11980_10",0.994066
"2926_1",0.186095
"1671_2",0.006615
"8291_4",0.001181
"948_8",0.985594
"8122_1",0.001984
"9343_10",0.992047
"6011_10",0.987568
"7156_4",0.001433
"9596_2",0.001142
"10583_10",0.995104
"3190_10",0.994180
"10841_10",0.992554
"6122_8",0.479869
"1315_10",0.994236
"3667_1",0.000983
"4225_2",0.000665
"11268_8",0.992349
"412_7",0.993242
"4891_10",0.988425
"4791_10",0.990348
"4463_2",0.022912
"3173_7",0.590395
"2937_8",0.979687
"9438_10",0.251188
"9900_9",0.993281
"424_10",0.993747
"955_10",0.993461
"10060_3",0.000893
"6063_9",0.994552
"1960_1",0.000529
"1456_8",0.988646
"1859_2",0.001433
"1262_8",0.988447
"5325_4",0.004495
"5944_4",0.004298
"2805_4",0.007403
"11591_1",0.000769
"3257_1",0.002964
"11444_3",0.000706
"5446_3",0.001044
"11801_1",0.011553
"8653_2",0.000546
"10939_1",0.000520
"10079_10",0.991456
"8188_1",0.003490
"3825_3",0.012384
"6659_2",0.000798
"9779_2",0.000689
"2852_2",0.000609
"11117_7",0.990496
"4367_3",0.113040
"7538_4",0.001629
"9183_3",0.006971
"1910_8",0.989337
"4563_4",0.025251
"7743_7",0.986284
"6770_1",0.000927
"10133_4",0.007741
"6279_8",0.986218
"7907_1",0.000576
"1458_2",0.000680
"12427_1",0.085480
"3221_10",0.993150
"1614_10",0.988820
"2761_10",0.990178
"5151_4",0.004086
"8803_8",0.992467
"10726_1",0.000868
"824_8",0.993771
"12377_10",0.984516
"3401_3",0.006205
"3603_7",0.070688
"3655_4",0.080647
"9963_3",0.001447
"4266_1",0.000683
"1176_4",0.003573
"959_4",0.001724
"4494_1",0.032406
"12381_10",0.991828
"4603_8",0.968051
"625_2",0.005620
"7597_3",0.000801
"594_9",0.987604
"10998_10",0.993320
"5122_10",0.990514
"9820_10",0.990642
"2428_1",0.000728
"10928_1",0.000578
"9083_2",0.002663
"8669_1",0.000846
"9159_9",0.980205
"4171_10",0.988679
"7985_8",0.987544
"4181_1",0.000784
"4577_8",0.458849
"910_4",0.077030
"10673_4",0.080647
"1530_10",0.990121
"2436_4",0.004944
"3934_10",0.989761
"9273_1",0.000807
"3188_9",0.992214
"1826_4",0.022999
"4777_1",0.000757
"7449_10",0.992683
"490_2",0.002878
"1351_1",0.000644
"9172_7",0.982507
"6211_8",0.987604
"7114_8",0.987166
"1316_2",0.000559
"6531_10",0.990533
"4381_3",0.001193
"10347_1",0.000579
"5497_8",0.993499
"7041_10",0.993698
"4466_4",0.000701
"1690_1",0.000692
"912_1",0.000787
"10342_1",0.000537
"6323_4",0.003081
"3243_1",0.002758
"9143_1",0.001405
"7175_3",0.001317
"1962_7",0.985950
"11135_7",0.987993
"8524_1",0.000975
"10026_3",0.002411
"3031_4",0.981185
"1766_2",0.001681
"6042_10",0.357350
"3357_7",0.994112
"11065_10",0.986803
"11641_9",0.993902
"4389_2",0.000718
"10946_1",0.000597
"6385_10",0.994135
"5520_4",0.153232
"8036_8",0.994314
"4726_4",0.374662
"1510_8",0.059265
"11016_8",0.991505
"893_1",0.000576
"655_3",0.001607
"12226_7",0.242789
"3878_10",0.985143
"8589_8",0.987399
"4108_10",0.971833
"8586_3",0.000866
"2326_9",0.993819
"155_8",0.708339
"11073_7",0.971806
"1672_10",0.989511
"1715_8",0.985552
"10443_7",0.985538
"9673_1",0.001519
"10731_9",0.985243
"4427_3",0.028221
"422_3",0.007012
"7121_3",0.003260
"4415_4",0.041852
"11599_1",0.029368
"6015_9",0.981979
"3470_1",0.000693
"3951_10",0.994247
"2665_10",0.989652
"10295_10",0.983878
"3220_10",0.994089
"4748_1",0.000624
"189_9",0.994900
"3502_9",0.988380
"10561_9",0.994225
"5051_4",0.125601
"7644_7",0.993843
"559_4",0.020119
"3236_1",0.000818
"9985_9",0.989821
"3512_7",0.988525
"10318_1",0.000513
"3509_1",0.001849
"7686_10",0.993686
"8947_8",0.994180
"6783_10",0.994499
"9836_10",0.994760
"971_3",0.000823
"1127_1",0.000544
"8953_7",0.985271
"5763_10",0.987723
"9147_10",0.959078
"10688_1",0.001140
"2148_7",0.985691
"8997_10",0.994100
"3094_10",0.992525
"1152_3",0.005170
"1907_10",0.990478
"1845_10",0.990910
"6852_7",0.993771
"5573_10",0.993385
"8709_2",0.002107
"2882_10",0.993461
"11230_8",0.986853
"10124_3",0.004000
"12361_1",0.001197
"8117_4",0.001252
"1192_10",0.988380
"1657_4",0.005180
"10319_8",0.981095
"10954_1",0.000833
"2048_10",0.991780
"5763_4",0.009214
"9491_10",0.994434
"4081_3",0.030589
"4877_9",0.982134
"10981_9",0.994423
"11440_1",0.000770
"7608_2",0.001032
"194_1",0.003608
"7116_7",0.037222
"2118_10",0.994358
"9997_10",0.990235
"3880_1",0.000801
"4197_10",0.994008
"1166_10",0.981293
"3504_8",0.993268
"3170_10",0.993423
"1477_8",0.990035
"881_8",0.988414
"10229_2",0.005888
"9515_1",0.001022
"6714_7",0.971320
"8570_8",0.977564
"6892_10",0.991067
"8710_10",0.994477
"9135_10",0.989572
"10924_10",0.989034
"5252_4",0.005598
"6581_10",0.994573
"8837_10",0.985841
"3820_1",0.000663
"9914_3",0.000664
"3141_1",0.000718
"7893_1",0.001046
"306_1",0.001181
"2527_3",0.125869
"8148_2",0.016641
"9778_10",0.989531
"10438_9",0.994541
"5230_4",0.006050
"1691_1",0.001424
"6124_10",0.301773
"5256_3",0.002758
"4294_7",0.986739
"10575_10",0.990140
"9610_9",0.992823
"563_10",0.977756
"6328_10",0.992906
"6903_2",0.000671
"6899_4",0.000871
"7166_4",0.006864
"2993_4",0.001976
"10771_8",0.991456
"11298_1",0.000660
"9101_2",0.000869
"7716_3",0.001082
"2722_1",0.000908
"5227_8",0.988050
"241_1",0.000634
"192_2",0.000586
"9006_10",0.994541
"5505_7",0.985426
"10822_8",0.994008
"1046_1",0.002023
"1865_3",0.000760
"11845_7",0.986178
"6675_7",0.990478
"6240_1",0.000595
"10392_8",0.994146
"3405_10",0.987818
"11919_10",0.994594
"2294_9",0.994890
"1097_3",0.289221
"6888_10",0.988447
"12373_1",0.008916
"11785_10",0.972882
"11805_1",0.001001
"2328_9",0.987853
"2636_1",0.000754
"12359_7",0.984441
"7733_8",0.979176
"9877_1",0.147003
"12266_7",0.985635
"8274_1",0.027585
"11727_8",0.988928
"12389_8",0.986891
"2464_4",0.771499
"4930_1",0.000751
"11304_9",0.994594
"2140_1",0.001245
"11168_9",0.992795
"1772_9",0.980692
"3857_8",0.994770
"4559_3",0.001333
"6986_8",0.972204
"9647_1",0.000913
"11714_1",0.000945
"5436_2",0.019364
"2736_9",0.988347
"4499_8",0.986713
"2701_10",0.992947
"11604_8",0.994303
"6133_1",0.001731
"4151_3",0.014771
"3978_3",0.000607
"1973_9",0.988188
"11752_10",0.993950
"10192_10",0.989682
"8318_4",0.000760
"5685_1",0.000496
"8978_4",0.020984
"12289_10",0.988245
"5603_9",0.993242
"5209_10",0.992467
"8360_7",0.372819
"5690_2",0.001487
"8463_10",0.345681
"5304_10",0.989702
"720_10",0.986904
"9301_3",0.002378
"1392_1",0.005911
"10893_4",0.878575
"1299_9",0.982922
"5552_2",0.014200
"4348_4",0.023757
"12384_4",0.210929
"11947_2",0.012601
"1740_3",0.001561
"7869_10",0.986739
"5959_7",0.988514
"2301_8",0.991938
"5572_7",0.987055
"3716_1",0.582595
"8558_7",0.988188
"12210_1",0.001048
"3744_4",0.009615
"12487_2",0.004700
"5348_7",0.991136
"1065_1",0.000708
"1414_10",0.994180
"2672_4",0.004664
"1014_8",0.259403
"2248_10",0.992108
"2221_8",0.978834
"4576_1",0.000873
"10578_10",0.994191
"8525_2",0.000729
"5332_8",0.985963
"12007_2",0.000806
"1107_2",0.001930
"8295_10",0.994810
"10093_1",0.001741
"6441_1",0.000958
"10422_3",0.000801
"11034_3",0.001620
"3379_9",0.994077
"7512_1",0.000530
"12165_1",0.000922
"11634_10",0.227126
"4567_10",0.992554
"6971_8",0.988234
"2145_3",0.041540
"5639_1",0.000588
"8049_7",0.986662
"7953_1",0.000859
"12440_4",0.000985
"9134_8",0.988199
"5720_10",0.994380
"1851_10",0.994270
"3673_10",0.994423
"9037_3",0.013020
"8547_10",0.994358
"111_10",0.991032
"5279_9",0.990178
"2379_9",0.089853
"6000_10",0.993281
"990_7",0.976558
"1519_9",0.993938
"5987_7",0.992423
"2959_7",0.986828
"8898_2",0.000828
"5746_10",0.993795
"6268_8",0.981400
"5449_7",0.012920
"5561_1",0.000600
"11470_3",0.000748
"11837_1",0.001134
"6761_10",0.993649
"1590_1",0.001131
"927_10",0.988745
"1495_9",0.987460
"10529_7",0.981858
"7704_2",0.001427
"10707_3",0.005406
"3862_1",0.001082
"3612_7",0.984261
"8212_2",0.000664
"10649_10",0.993083
"9767_1",0.001348
"4054_3",0.001976
"9783_3",0.003105
"3116_2",0.002642
"4631_10",0.992611
"7228_1",0.002411
"2744_8",0.977968
"6028_10",0.994336
"10812_9",0.988766
"417_10",0.993783
"11876_10",0.993294
"946_7",0.988369
"8265_10",0.994369
"6833_10",0.993333
"4150_4",0.001846
"899_9",0.986350
"223_10",0.982807
"7369_3",0.001274
"5075_8",0.986752
"6634_1",0.000561
"3486_8",0.987771
"11473_1",0.016850
"3276_10",0.993807
"3272_2",0.072900
"2727_3",0.008968
"4134_7",0.578210
"5744_3",0.001322
"8715_1",0.000899
"4812_1",0.000547
"6841_1",0.000645
"6822_1",0.155784
"3211_4",0.004332
"5489_2",0.000942
"1168_1",0.000553
"3056_9",0.982389
"4516_10",0.989024
"9542_1",0.000754
"4400_10",0.987253
"2766_10",0.994840
"6470_8",0.986337
"5434_1",0.182863
"1406_4",0.013716
"11479_8",0.993985
"9881_10",0.976891
"10276_1",0.000624
"2875_8",0.986350
"1254_2",0.002901
"8017_10",0.988245
"9694_10",0.983166
"9522_1",0.003087
"11379_2",0.006539
"7357_10",0.992229
"6080_9",0.990140
"2039_10",0.992077
"7086_8",0.993242
"4757_10",0.994314
"2472_10",0.988073
"9442_1",0.000609
"12438_10",0.992452
"747_8",0.980053
"6786_4",0.070880
"11942_8",0.988301
"8611_9",0.993242
"9240_8",0.986481
"7411_4",0.000761
"5196_4",0.000833
"5709_3",0.001362
"6758_3",0.001614
"1933_9",0.993294
"4464_8",0.988885
"11100_9",0.989642
"3636_10",0.990404
"12328_1",0.001449
"6783_4",0.002328
"11381_10",0.992988
"4509_3",0.018107
"4775_7",0.437103
"10633_8",0.983925
"9161_1",0.000874
"2277_8",0.994247
"7402_10",0.020293
"2713_1",0.000672
"1312_1",0.000628
"3633_1",0.017094
"8943_10",0.994456
"11734_3",0.039269
"12120_7",0.977349
"6285_1",0.001694
"9296_1",0.000671
"8696_9",0.994020
"7243_10",0.993950
"10135_8",0.964422
"6094_10",0.988096
"6962_4",0.733905
"3916_1",0.000710
"3650_10",0.979609
"58_8",0.994531
"10858_1",0.000825
"11894_8",0.993423
"759_1",0.001507
"10311_1",0.005312
"1127_10",0.992554
"6723_7",0.990348
"4966_7",0.986611
"7196_4",0.353052
"6244_1",0.001218
"9510_10",0.993843
"3471_10",0.993372
"9840_2",0.006864
"11886_9",0.984620
"7880_10",0.994043
"6358_10",0.994667
"6280_2",0.002191
"2580_3",0.000680
"122_4",0.008916
"5713_2",0.000695
"7187_7",0.947914
"8601_8",0.989045
"52_10",0.994100
"2447_7",0.980110
"4828_4",0.000672
"5371_1",0.001242
"5066_1",0.000804
"12184_2",0.001516
"85_2",0.004023
"10067_7",0.991716
"3999_9",0.993759
"11623_10",0.988777
"10826_4",0.001915
"3780_1",0.000993
"10195_1",0.000623
"7875_4",0.002314
"8510_4",0.025275
"9916_2",0.000793
"10023_4",0.116261
"6870_8",0.984017
"4753_9",0.988810
"11120_7",0.983801
"2516_10",0.969498
"1719_10",0.989378
"4426_4",0.002790
"7835_7",0.954351
"5148_7",0.679651
"2997_7",0.308789
"2211_7",0.989327
"626_4",0.011420
"779_1",0.090093
"9712_10",0.982372
"1504_9",0.988701
"8903_3",0.003969
"359_7",0.975296
"7465_7",0.992906
"10966_2",0.001053
"8227_2",0.014010
"10746_2",0.002292
"10356_1",0.018924
"12286_1",0.000993
"11128_7",0.987664
"12489_3",0.011665
"1264_1",0.000571
"3871_10",0.993961
"9248_10",0.992229
"3094_4",0.952926
"7472_9",0.992274
"3537_2",0.002226
"9727_2",0.000782
"5453_8",0.990329
"2283_10",0.989470
"7533_2",0.000866
"6468_1",0.000641
"12274_9",0.991015
"10713_3",0.004944
"8518_7",0.988602
"1838_10",0.993029
"5304_1",0.000728
"4227_1",0.002546
"5342_9",0.990015
"1754_8",0.988004
"4800_1",0.004664
"10717_3",0.000974
"1919_1",0.000722
"6851_7",0.979765
"322_8",0.975178
"3028_4",0.005051
"7463_2",0.009975
"7999_1",0.000704
"3036_1",0.001107
"11154_7",0.979609
"10501_1",0.052231
"12272_8",0.992467
"1738_8",0.988503
"3242_1",0.000772
"6178_4",0.005041
"3405_4",0.261708
"4663_7",0.987314
"11348_1",0.000744
"7304_1",0.000722
"2962_1",0.000815
"11701_8",0.988199
"9354_9",0.989967
"9846_7",0.978753
"12496_10",0.444203
"5652_1",0.000861
"7371_9",0.987876
"10131_3",0.003105
"9826_4",0.003736
"6141_10",0.994336
"7472_3",0.001145
"2622_8",0.962143
"10281_9",0.993242
"8668_2",0.000676
"2348_9",0.986585
"12047_2",0.000620
"11373_10",0.992539
"4254_1",0.000750
"524_1",0.002551
"5808_1",0.001221
"515_1",0.001284
"6414_9",0.987351
"8938_8",0.993879
"12391_8",0.987911
"776_8",0.990678
"12197_7",0.986585
"4582_1",0.835651
"3638_10",0.994259
"6338_3",0.073497
"1165_2",0.001707
"5574_1",0.017661
"7319_2",0.000752
"595_10",0.988108
"6694_1",0.000644
"12209_3",0.004142
"3268_10",0.983894
"12492_4",0.008462
"4738_10",0.985923
"947_3",0.000772
"7726_10",0.988723
"94_10",0.960510
"11760_1",0.004877
"10978_10",0.992539
"10072_1",0.000635
"2346_10",0.989480
"5008_9",0.993843
"5135_2",0.000556
"7979_3",0.985412
"10863_10",0.978094
"2862_9",0.969985
"7562_9",0.993914
"8023_4",0.004521
"341_9",0.989223
"6321_4",0.015664
"9936_1",0.003664
"9581_10",0.990083
"3750_2",0.003679
"8298_2",0.001965
"5900_10",0.989928
"6308_1",0.000618
"1609_10",0.984246
"11054_1",0.001002
"7031_3",0.000626
"9507_9",0.993307
"3121_1",0.000933
"7521_1",0.000812
"4830_1",0.000938
"6686_2",0.000750
"1618_10",0.126569
"2190_10",0.993436
"6943_8",0.983231
"1385_7",0.988027
"544_8",0.984605
"3225_10",0.992640
"1044_3",0.000810
"11691_7",0.634048
"6124_3",0.080719
"7326_1",0.000688
"1471_10",0.993189
"5010_1",0.000795
"2695_9",0.982873
"1222_2",0.003370
"1012_8",0.017177
"5459_1",0.000904
"4734_1",0.000577
"3138_8",0.994008
"5674_7",0.988324
"6815_1",0.000714
"8285_10",0.994477
"5504_10",0.993242
"6800_4",0.001694
"5292_10",0.985552
"5121_1",0.001084
"9861_1",0.733022
"2645_10",0.994760
"9422_7",0.986324
"5144_1",0.000577
"3877_9",0.988874
"7822_8",0.994760
"3324_2",0.000985
"5559_3",0.003075
"9969_3",0.002497
"2296_2",0.006811
"10021_9",0.993015
"11111_1",0.000507
"1371_1",0.000640
"4321_9",0.751511
"9706_7",0.977392
"11782_1",0.000900
"141_1",0.007475
"3106_7",0.986376
"1817_10",0.994646
"4508_10",0.988745
"10922_3",0.001147
"2304_7",0.979453
"2229_4",0.008661
"4283_9",0.984927
"9087_2",0.008316
"6003_9",0.986701
"12126_8",0.994402
"6067_10",0.993599
"8714_9",0.991187
"11932_1",0.000729
"2293_8",0.993346
"6184_8",0.303758
"8448_2",0.070945
"8269_3",0.000975
"7495_7",0.986828
"8282_10",0.992047
"2351_7",0.948394
"11688_7",0.991748
"3805_8",0.948965
"5158_1",0.000567
"12476_8",0.989419
"8265_1",0.005775
"2194_10",0.989265
"3465_3",0.000626
"5234_10",0.988380
"6903_10",0.979136
"8085_1",0.009232
"869_7",0.990927
"12034_1",0.000626
"6297_10",0.993914
"3194_1",0.001061
"8725_1",0.038142
"9563_10",0.991985
"11075_1",0.000604
"5734_10",0.994292
"5357_2",0.000625
"6453_10",0.993163
"3263_3",0.003279
"12360_7",0.985496
"6477_1",0.001375
"11863_8",0.952131
"8459_3",0.014616
"10594_10",0.992334
"2237_1",0.001359
"7511_7",0.989077
"3626_3",0.014420
"6288_2",0.001018
"125_7",0.981806
"3318_7",0.714852
"5525_7",0.976691
"9695_1",0.000991
"5917_8",0.985482
"8486_7",0.811713
"6032_3",0.003344
"7759_9",0.991907
"3456_10",0.994760
"1692_3",0.002678
"2107_3",0.001481
"11215_2",0.003235
"1309_7",0.990750
"6650_8",0.987923
"5722_9",0.985963
"4479_4",0.006904
"347_7",0.986363
"9399_10",0.991860
"2475_1",0.007417
"8229_3",0.058939
"4869_2",0.000828
"9691_1",0.000977
"1227_3",0.000942
"360_3",0.007066
"10047_1",0.000635
"1607_3",0.002434
"797_1",0.001028
"9489_2",0.000885
"1742_7",0.982987
"10531_3",0.060418
"4947_1",0.001160
"10873_8",0.966851
"1429_7",0.992214
"10962_3",0.000859
"3305_4",0.005090
"12160_8",0.985043
"9236_1",0.001370
"3718_1",0.001607
"3434_8",0.985936
"10933_8",0.993734
"798_10",0.992554
"9879_9",0.509032
"6644_10",0.991684
"10978_1",0.000704
"7867_2",0.001310
"4369_2",0.000582
"1251_4",0.001984
"1500_2",0.005923
"7574_10",0.991472
"5470_1",0.000745
"2407_10",0.969382
"3451_3",0.003216
"9385_1",0.000798
"4078_8",0.974725
"3229_1",0.000871
"1786_8",0.987104
"5173_2",0.028707
"1211_8",0.965152
"4303_1",0.001748
"6011_3",0.007726
"4513_4",0.004442
"11745_9",0.989368
"9675_9",0.992851
"11981_3",0.000866
"5977_10",0.986726
"5023_4",0.003099
"8704_9",0.993537
"8644_10",0.984531
"10557_3",0.000552
"6549_7",0.991700
"5557_3",0.001546
"6402_2",0.004664
"2642_4",0.000683
"11796_10",0.988831
"7102_1",0.000632
"7968_8",0.988492
"11764_7",0.949669
"9415_9",0.993307
"4817_8",0.993359
"1007_4",0.001727
"10943_9",0.993110
"7280_10",0.994520
"6068_2",0.002637
"845_10",0.979861
"8377_3",0.000587
"8445_9",0.994488
"563_4",0.787645
"8761_9",0.993346
"1552_1",0.000543
"9630_1",0.000732
"6444_7",0.979551
"3188_1",0.000736
"2142_4",0.007080
"2045_10",0.992481
"2477_10",0.991032
"2597_1",0.000899
"3137_8",0.986546
"1345_1",0.003160
"8498_7",0.987664
"6550_4",0.617644
"9583_9",0.988154
"7506_7",0.986866
"9316_7",0.979116
"11473_10",0.994499
"3003_10",0.987142
"8532_7",0.986879
"5654_1",0.001688
"822_10",0.962848
"1312_10",0.994259
"9665_4",0.046034
"4442_10",0.989202
"11758_7",0.991356
"11185_1",0.037222
"11588_3",0.000615
"3366_10",0.989850
"7050_8",0.974092
"4778_4",0.001016
"1_3",0.002458
"2838_2",0.000757
"6910_8",0.978508
"3257_8",0.987142
"9111_7",0.994169
"6458_7",0.985342
"5622_8",0.980858
"12469_7",0.988279
"9670_10",0.994509
"8092_4",0.001835
"1683_9",0.974556
"6181_4",0.064241
"8965_8",0.992654
"5186_1",0.000600
"1250_2",0.000595
"4705_10",0.994488
"10261_8",0.991221
"350_4",0.601242
"12302_3",0.000742
"776_1",0.136724
"7424_10",0.986004
"10383_8",0.992393
"360_9",0.992892
"5798_10",0.992000
"10720_4",0.054702
"6009_8",0.988734
"2319_8",0.992823
"7053_10",0.987375
"11210_8",0.989440
"1985_10",0.993624
"6056_1",0.000760
"10315_1",0.001002
"9_4",0.042682
"6530_4",0.009143
"1367_10",0.488924
"4564_2",0.000714
"4343_10",0.969498
"654_3",0.020666
"4857_1",0.000647
"1377_10",0.992892
"8072_10",0.994434
"11433_7",0.987030
"6586_1",0.000869
"10255_1",0.060474
"350_10",0.992481
"6853_8",0.990044
"3693_10",0.989771
"2589_10",0.986803
"895_1",0.000764
"6854_7",0.994247
"1274_2",0.000799
"9179_8",0.994043
"10141_8",0.980766
"10727_9",0.990310
"1158_7",0.987142
"9949_3",0.001343
"7798_10",0.992934
"5964_7",0.972624
"11221_10",0.990962
"3053_3",0.003615
"8817_9",0.987723
"5850_2",0.000644
"9635_3",0.001879
"5000_10",0.988842
"10040_2",0.004792
"3065_1",0.002556
"2196_1",0.103794
"12428_7",0.974821
"8454_1",0.003087
"11456_10",0.993747
"5918_4",0.002350
"10687_7",0.990254
"10507_7",0.908577
"9051_8",0.933005
"6315_4",0.002596
"11266_10",0.992683
"5890_3",0.001299
"6257_8",0.993015
"2923_8",0.989244
"2952_1",0.000745
"7269_8",0.993902
"1116_1",0.000639
"11084_1",0.000601
"10287_1",0.000689
"5704_9",0.985718
"11218_8",0.993624
"12275_2",0.138695
"1414_4",0.002051
"7998_4",0.007651
"3286_1",0.000708
"2515_1",0.000739
"851_1",0.002023
"5181_10",0.994615
"5358_9",0.989771
"2677_10",0.983754
"34_8",0.988896
"9232_8",0.979036
"5835_10",0.985977
"10796_4",0.891811
"5553_8",0.994054
"666_4",0.003423
"9450_1",0.000604
"10820_8",0.994281
"7994_10",0.986954
"8948_9",0.994100
"3301_2",0.002958
"2801_1",0.000659
"4934_2",0.000602
"1539_10",0.994146
"10949_4",0.001075
"4394_10",0.994077
"4098_8",0.026912
"1617_7",0.612288
"9569_3",0.026531
"8593_1",0.012625
"3449_1",0.000873
"8372_1",0.000485
"815_7",0.975946
"348_7",0.654536
"7220_1",0.000820
"2633_1",0.001195
"1752_3",0.060474
"3347_2",0.001761
"4967_7",0.986085
"10910_8",0.990732
"3147_1",0.001461
"7791_4",0.004174
"1588_7",0.984985
"8405_2",0.000908
"3826_10",0.985635
"3178_2",0.001416
"4420_4",0.976869
"246_2",0.000987
"8462_7",0.993015
"8264_3",0.002247
"2695_3",0.003832
"7258_4",0.056288
"5787_8",0.985057
"11668_2",0.000744
"5529_4",0.992583
"8923_2",0.000662
"4784_1",0.000656
"7730_1",0.955981
"4455_4",0.019494
"6416_1",0.001048
"87_1",0.000752
"9548_8",0.993333
"1285_1",0.000667
"7695_10",0.992961
"4364_10",0.993294
"9394_8",0.975992
"1253_1",0.001228
"2481_1",0.006015
"6790_1",0.001073
"9989_10",0.994552
"1483_8",0.992393
"8772_1",0.000667
"2993_10",0.991522
"1801_1",0.045142
"9434_1",0.001006
"7938_10",0.994259
"2262_1",0.000770
"5076_1",0.000567
"10994_2",0.001145
"4749_7",0.993661
"8309_8",0.953275
"7031_10",0.994380
"2711_3",0.001034
"8655_7",0.986572
"11329_4",0.993973
"9076_3",0.057124
"11647_10",0.991373
"7934_1",0.000715
"9114_1",0.000728
"6510_7",0.981507
"11487_1",0.000591
"2348_3",0.001367
"12325_1",0.000913
"6405_10",0.986942
"357_7",0.993783
"12253_10",0.988414
"4927_10",0.987399
"8636_1",0.000983
"11184_10",0.990121
"9974_3",0.009232
"6516_1",0.428405
"2167_9",0.989996
"10794_10",0.988723
"966_4",0.001912
"10040_10",0.993612
"5940_9",0.492768
"9181_8",0.987946
"2196_8",0.992975
"6361_4",0.001333
"4243_9",0.984869
"581_9",0.994434
"7195_1",0.001125
"2986_10",0.993673
"4344_1",0.000659
"7176_10",0.989389
"7857_10",0.990678
"6487_1",0.001018
"3692_10",0.993487
"12198_10",0.992199
"10569_7",0.990006
"9850_2",0.616746
"6415_1",0.000683
"6373_10",0.993961
"5103_1",0.008015
"11048_8",0.994089
"2055_1",0.000728
"2920_1",0.000731
"8667_3",0.003743
"7059_3",0.110856
"3887_2",0.003087
"12356_10",0.594919
"5402_2",0.010945
"10274_8",0.978996
"11831_4",0.008882
"5375_7",0.985468
"7875_7",0.879509
"2733_8",0.984396
"6420_8",0.988481
"2240_10",0.927100
"10627_9",0.986403
"7319_8",0.988436
"7782_1",0.000513
"857_1",0.000547
"351_4",0.988470
"9260_10",0.983971
"6891_10",0.992697
"8205_10",0.967625
"1179_3",0.001154
"9061_4",0.062732
"3571_9",0.988810
"11352_9",0.994336
"11770_10",0.994677
"10714_2",0.058132
"5397_3",0.002132
"2360_1",0.000509
"9459_4",0.941169
"7493_1",0.006463
"6799_10",0.994605
"2313_8",0.990514
"7602_10",0.994499
"1731_10",0.992640
"8502_10",0.985718
"5632_1",0.000487
"3723_10",0.987472
"6473_3",0.047294
"3596_3",0.000707
"8583_7",0.984635
"10902_1",0.001006
"1032_1",0.203470
"2931_1",0.000732
"9930_3",0.001796
"11825_10",0.990197
"5384_10",0.718989
"2492_4",0.008577
"5008_4",0.011915
"7334_4",0.002924
"10082_8",0.740010
"1395_1",0.000635
"8140_7",0.036254
"2400_8",0.994840
"11462_2",0.000685
"6632_10",0.992683
"11499_3",0.003714
"5576_1",0.001181
"1172_7",0.992123
"3053_8",0.994225
"4119_1",0.001648
"8165_2",0.001589
"8333_8",0.990803
"2242_1",0.000574
"6132_1",0.000717
"12270_9",0.990254
"11456_4",0.002162
"6898_1",0.000722
"2512_2",0.001172
"7045_7",0.991732
"2808_4",0.001022
"6257_4",0.000591
"1971_7",0.985773
"10565_10",0.989781
"930_10",0.989541
"196_9",0.988414
"6535_1",0.000732
"5257_1",0.001028
"6759_4",0.014588
"5016_2",0.000575
"10959_1",0.004655
"4450_10",0.993831
"6678_10",0.992349
"11286_8",0.986891
"7200_8",0.989244
"6660_7",0.984231
"12481_10",0.994830
"10278_4",0.016372
"6233_8",0.984942
"579_1",0.001671
"8519_3",0.005631
"1220_10",0.994157
"2342_10",0.993926
"1860_1",0.000695
"7273_3",0.530601
"4653_2",0.019179
"6878_4",0.010735
"502_7",0.983754
"2406_2",0.000826
"2021_1",0.000595
"874_8",0.988690
"4949_2",0.009143
"5054_3",0.009936
"689_7",0.986891
"9643_7",0.992626
"6445_3",0.002397
"2377_9",0.970042
"6107_8",0.989077
"10368_8",0.994054
"10444_1",0.000853
"5498_1",0.001435
"1018_7",0.992467
"2718_9",0.167900
"2418_2",0.002817
"7412_7",0.034165
"213_10",0.977132
"9417_2",0.000934
"1194_2",0.000586
"9366_8",0.989622
"4769_1",0.000521
"6667_9",0.993423
"9361_2",0.002392
"2182_8",0.987923
"10677_4",0.971992
"3931_10",0.962072
"120_9",0.992467
"10837_10",0.993843
"10830_1",0.000715
"3679_2",0.003241
"9094_9",0.983597
"7880_2",0.060308
"4969_9",0.993734
"3418_3",0.000968
"5490_4",0.031085
"264_10",0.994020
"1602_10",0.986764
"5019_9",0.988436
"12000_9",0.988939
"10794_4",0.001879
"2504_3",0.331323
"12340_4",0.021267
"7732_2",0.003052
"2028_1",0.000613
"3986_4",0.000851
"5100_10",0.992823
"2135_1",0.001018
"10227_7",0.986311
"4413_1",0.029368
"5205_2",0.000654
"45_9",0.994203
"12151_10",0.993599
"11055_1",0.001362
"2632_9",0.993359
"7047_3",0.001704
"1915_1",0.000760
"9666_10",0.993015
"10027_1",0.001149
"11024_2",0.001156
"6482_7",0.987818
"8060_3",0.001629
"9876_8",0.993189
"3839_1",0.000556
"3682_9",0.992865
"5962_3",0.002642
"222_3",0.000815
"10460_10",0.994541
"8543_1",0.003235
"9443_1",0.000625
"10201_1",0.992668
"5046_9",0.993879
"5899_1",0.002346
"10140_1",0.001024
"5009_1",0.002839
"4626_8",0.993673
"9033_10",0.992481
"3243_9",0.993562
"6379_1",0.004682
"4949_8",0.994146
"6119_10",0.993759
"10336_7",0.986803
"7344_1",0.000741
"3294_7",0.989541
"4385_2",0.000726
"2172_9",0.989213
"8295_3",0.000704
"1031_10",0.987412
"7577_10",0.992626
"6778_4",0.001853
"3154_2",0.001504
"9585_7",0.987228
"3445_2",0.000890
"7416_3",0.827724
"9780_10",0.994336
"480_10",0.992920
"837_4",0.010653
"10166_8",0.992865
"3695_7",0.219630
"12417_9",0.926868
"3932_3",0.001172
"11790_3",0.001114
"6917_9",0.993549
"1975_4",0.101145
"11249_10",0.008882
"7366_7",0.984261
"4579_8",0.994303
"8415_10",0.993973
"2004_1",0.010860
"7599_3",0.000770
"12259_8",0.231614
"11005_7",0.989244
"11914_7",0.969353
"8498_1",0.000658
"944_2",0.000647
"7183_10",0.993759
"4422_10",0.993320
"6791_10",0.992583
"9286_1",0.000843
"3325_10",0.991652
"5599_2",0.000649
"3064_1",0.000966
"209_4",0.000989
"1904_10",0.981257
"10699_3",0.004460
"577_3",0.002047
"3157_1",0.001516
"1582_2",0.000890
"8044_2",0.002473
"11208_1",0.007696
"4708_3",0.089216
"10439_8",0.986044
"11083_7",0.925500
"8066_3",0.000734
"11327_8",0.992554
"9224_1",0.212232
"2165_8",0.871530
"9892_10",0.993649
"4402_1",0.000597
"11804_10",0.992496
"1296_8",0.988199
"10562_1",0.001116
"5003_10",0.985963
"10448_1",0.000585
"3274_7",0.991322
"6344_4",0.016199
"8129_4",0.007771
"9525_2",0.001078
"661_1",0.000521
"9398_3",0.013929
"3639_7",0.994336
"5527_7",0.956512
"7790_3",0.009841
"9550_1",0.004755
"2042_3",0.000846
"366_1",0.000873
"8446_3",0.164651
"7859_1",0.001984
"5587_3",0.011938
"10604_3",0.000719
"5245_1",0.000703
"804_8",0.983676
"9098_3",0.001367
"6240_10",0.994880
"3960_10",0.941115
"10536_8",0.994225
"8793_1",0.000776
"1586_1",0.001084
"7131_9",0.988050
"11338_9",0.989129
"1053_4",0.002779
"11170_4",0.059647
"6806_1",0.001487
"3741_4",0.009634
"1231_7",0.987735
"5499_8",0.993346
"12452_3",0.228974
"5331_9",0.990054
"3302_7",0.970437
"6214_8",0.992016
"6908_1",0.000878
"8510_8",0.976378
"10522_10",0.994270
"2844_2",0.005031
"11797_3",0.010987
"11237_10",0.992244
"6762_3",0.001312
"897_1",0.000620
"10312_9",0.975946
"10272_1",0.000784
"10814_9",0.985909
"4504_1",0.001607
"9389_9",0.985746
"9035_1",0.000587
"11306_1",0.000660
"6309_4",0.008951
"5179_10",0.986967
"6099_4",0.001333
"887_8",0.992379
"10220_10",0.988668
"286_10",0.973241
"5809_10",0.993216
"7725_3",0.000734
"9722_7",0.984664
"9104_7",0.363266
"7313_7",0.993281
"1706_1",0.000838
"11737_4",0.028626
"11203_10",0.988949
"7767_4",0.001589
"1822_1",0.000636
"5113_8",0.989234
"5456_9",0.984094
"6005_1",0.002884
"2026_2",0.000544
"1379_1",0.001328
"3048_10",0.994488
"5070_10",0.949153
"8985_1",0.002890
"1643_1",0.001704
"400_1",0.000722
"7546_10",0.987759
"3438_4",0.019757
"12136_8",0.607620
"6850_2",0.744749
"9054_8",0.970937
"1555_10",0.989182
"7103_1",0.001012
"6218_1",0.000929
"1619_3",0.000599
"5187_8",0.993423
"8575_2",0.001018
"1593_10",0.993985
"3910_1",0.001012
"5743_10",0.994135
"3061_8",0.992319
"9633_8",0.993950
"2488_9",0.984531
"11711_4",0.001564
"11282_10",0.978323
"8919_10",0.994594
"6139_10",0.989368
"8032_1",0.001094
"4287_4",0.000927
"11044_1",0.001233
"11123_8",0.991875
"1828_9",0.994089
"4232_3",0.001289
"7258_9",0.994729
"1078_4",0.001842
"9967_10",0.987747
"4975_3",0.000736
"9974_8",0.984855
"424_2",0.000708
"7181_9",0.986636
"10703_3",0.004134
"3157_10",0.993759
"11096_10",0.989034
"2185_10",0.994760
"2779_4",0.215516
"9342_1",0.000693
"3615_8",0.994456
"6777_10",0.987911
"5440_8",0.989234
"706_1",0.015634
"5909_8",0.986585
"9578_3",0.004503
"3393_4",0.000908
"428_3",0.016769
"651_9",0.994594
"12433_8",0.983295
"8643_4",0.008109
"5826_10",0.994615
"4060_1",0.000981
"3310_8",0.980931
"8941_3",0.095349
"11493_7",0.992851
"7896_8",0.988165
"541_7",0.986841
"10614_1",0.014871
"3751_1",0.001055
"7851_8",0.991136
"5940_1",0.004982
"911_1",0.000612
"1233_1",0.001528
"4995_1",0.001103
"2771_9",0.992683
"5085_8",0.981329
"6521_8",0.986967
"8106_3",0.001882
"2962_7",0.771542
"1621_9",0.993996
"4981_8",0.987277
"11884_2",0.000815
"6038_10",0.986258
"7118_10",0.993771
"10365_1",0.000671
"677_9",0.993649
"95_10",0.994112
"8211_3",0.059102
"11906_8",0.993029
"3038_2",0.001299
"10503_1",0.000588
"11260_4",0.002704
"11333_3",0.000671
"6954_10",0.993562
"143_8",0.356223
"6458_3",0.001579
"8784_2",0.000708
"2604_1",0.001230
"4374_9",0.984590
"1323_3",0.026632
"2647_2",0.019457
"363_3",0.001221
"7556_1",0.098166
"11101_4",0.045905
"8945_7",0.988050
"10630_4",0.001136
"11174_8",0.991875
"7927_3",0.001193
"8433_1",0.000542
"8814_1",0.000893
"11746_8",0.994336
"2462_10",0.988874
"10036_1",0.000584
"10628_1",0.001507
"4782_1",0.000574
"11244_8",0.971266
"4815_1",0.000974
"6974_7",0.989306
"10180_1",0.000856
"3538_1",0.000630
"9319_9",0.986429
"3542_2",0.000693
"5583_1",0.000597
"215_8",0.985014
"6949_1",0.000555
"11401_10",0.989572
"3468_4",0.003517
"9478_7",0.984366
"12368_2",0.002463
"7534_4",0.002360
"9256_2",0.073099
"2192_10",0.990892
"10617_3",0.003671
"1464_1",0.000623
"969_4",0.001875
"702_7",0.986350
"470_10",0.994810
"2575_1",0.001082
"3059_2",0.000975
"7229_3",0.001341
"7437_3",0.025785
"2560_7",0.986559
"8444_4",0.001289
"1900_4",0.983691
"9057_4",0.004973
"10101_4",0.001284
"4914_2",0.000569
"11896_4",0.035344
"10430_1",0.002178
"786_3",0.002071
"9834_1",0.089614
"2040_1",0.000667
"1435_3",0.010489
"168_8",0.974797
"6504_9",0.991684
"3677_1",0.000462
"3652_10",0.994739
"9821_10",0.990441
"8695_8",0.993163
"5728_10",0.987302
"2856_8",0.988755
"11548_3",0.005843
"9435_7",0.979726
"7910_2",0.007907
"4658_7",0.975693
"10111_1",0.000693
"12306_1",0.000830
"6380_9",0.987290
"3507_10",0.992906
"11085_7",0.994391
"4268_8",0.993819
"1702_2",0.001380
"3045_9",0.994008
"3338_2",0.001688
"9288_8",0.989531
"1580_8",0.987640
"11976_10",0.897111
"9216_1",0.000717
"2015_10",0.993783
"7665_2",0.003545
"10545_2",0.002477
"3819_4",0.068226
"8005_10",0.982457
"772_1",0.000624
"3882_3",0.001305
"9001_8",0.989781
"3000_1",0.000818
"3357_4",0.003279
"2559_4",0.044060
"2178_4",0.013849
"2249_9",0.989662
"9616_10",0.994739
"11797_9",0.994563
"9061_10",0.988050
"10994_10",0.991938
"1076_3",0.000822
"10774_2",0.001886
"10983_10",0.991587
"9271_10",0.993722
"3205_9",0.994719
"4987_4",0.531544
"10926_1",0.001853
"9150_8",0.571184
"614_2",0.000972
"12332_4",0.196132
"9100_2",0.006824
"10499_8",0.002752
"6143_9",0.991049
"4113_8",0.982117
"4705_4",0.004601
"3115_1",0.000892
"1041_2",0.001193
"11601_9",0.991032
"11045_8",0.993150
"10615_8",0.560373
"7631_7",0.943400
"11829_3",0.001325
"6941_1",0.000750
"112_10",0.987592
"4220_8",0.963984
"2812_10",0.993216
"10221_2",0.003700
"1944_9",0.209227
"5866_8",0.983660
"11615_1",0.001886
"3066_10",0.993423
"5757_3",0.000864
"10569_1",0.000529
"10633_3",0.001310
"58_3",0.000775
"1126_10",0.988777
"4357_10",0.994180
"6768_4",0.037644
"11354_10",0.990064
"6412_10",0.985186
"7547_1",0.002007
"5198_10",0.993562
"5697_3",0.007403
"9757_3",0.001364
"8034_3",0.000722
"8612_8",0.986675
"8691_7",0.977607
"6731_3",0.016609
"12190_1",0.000580
"3180_1",0.000542
"11068_10",0.988062
"3752_4",0.009803
"1995_3",0.119923
"5517_10",0.992510
"6532_9",0.987782
"4435_1",0.002637
"5527_4",0.014420
"5059_4",0.001466
"12044_4",0.010509
"3479_3",0.013480
"8399_8",0.990606
"8897_7",0.993996
"8342_9",0.708150
"7018_3",0.000851
"2497_7",0.650745
"10152_1",0.001341
"11583_4",0.032222
"3156_10",0.955527
"5259_4",0.002217
"2581_1",0.004054
"5224_7",0.761339
"9024_3",0.004023
"8026_10",0.989002
"9588_3",0.001498
"11001_1",0.000750
"6432_9",0.989213
"8524_9",0.990892
"12457_3",0.000869
"8426_8",0.994380
"11355_10",0.988766
"10337_1",0.000557
"11911_3",0.002337
"2655_10",0.987302
"4265_3",0.016075
"6542_3",0.015218
"9681_1",0.001218
"287_8",0.976513
"1864_1",0.000817
"7655_4",0.040087
"3613_7",0.974797
"11041_1",0.059647
"12070_8",0.990945
"10856_10",0.994949
"7365_4",0.001257
"10025_8",0.785473
"4693_10",0.994089
"9580_7",0.985454
"4669_2",0.001370
"274_9",0.994402
"1570_2",0.011823
"11040_8",0.992668
"2243_7",0.422929
"7043_10",0.977219
"3719_2",0.000582
"7635_7",0.012077
"2327_2",0.004191
"4229_9",0.987005
"4121_3",0.001882
"6064_1",0.001405
"364_10",0.993524
"1161_10",0.994347
"463_1",0.000561
"9291_4",0.119305
"8827_1",0.000949
"2292_1",0.000711
"6935_9",0.808559
"9226_1",0.000718
"7612_4",0.278993
"8575_7",0.005697
"3475_1",0.001915
"1880_7",0.979803
"7265_7",0.993807
"8626_1",0.000655
"733_1",0.000655
"12100_10",0.993698
"1069_10",0.994402
"11364_10",0.985608
"5496_1",0.000570
"7253_1",0.000772
"3159_1",0.006758
"9131_10",0.993537
"413_4",0.984078
"10818_1",0.000656
"479_3",0.208340
"173_7",0.980375
"9522_10",0.994584
"333_10",0.989077
"2819_1",0.000741
"5723_8",0.979354
"99_10",0.994146
"7247_4",0.028626
"4711_9",0.987520
"8555_3",0.003430
"6330_10",0.994520
"8921_1",0.000640
"803_10",0.993136
"6219_1",0.000754
"10077_3",0.002332
"1274_7",0.993867
"2307_3",0.001472
"8114_8",0.994123
"1503_1",0.000592
"2004_10",0.986111
"712_3",0.001741
"557_4",0.049451
"9651_8",0.993961
"11701_4",0.010052
"6325_9",0.982541
"1684_1",0.000597
"1435_10",0.994830
"5754_10",0.992481
"12098_10",0.993359
"3707_10",0.993436
"2521_1",0.012821
"1793_1",0.001455
"2725_3",0.002337
"5051_8",0.989358
"2691_7",0.986954
"4111_10",0.987460
"3239_3",0.001020
"8124_8",0.991032
"4990_4",0.001585
"9565_9",0.993961
"6657_3",0.004070
"5882_4",0.005786
"8571_1",0.003693
"6815_10",0.994336
"487_10",0.305529
"11567_9",0.994770
"10631_1",0.000587
"7070_2",0.000691
"8708_10",0.994020
"1889_4",0.001897
"1838_3",0.000779
"6383_3",0.000964
"4735_9",0.987253
"11430_7",0.986636
"11590_1",0.000653
"11023_3",0.004391
"10870_8",0.986507
"6734_10",0.685028
"10174_1",0.000781
"7905_10",0.994247
"9555_4",0.006732
"6303_9",0.991489
"1426_1",0.000874
"5482_8",0.986205
"7605_2",0.000647
"10249_1",0.000718
"2466_1",0.000828
"4055_1",0.000663
"9839_8",0.962462
"3953_9",0.994499
"6563_4",0.025492
"10776_4",0.060696
"7596_2",0.001080
"10490_9",0.994719
"3800_1",0.001080
"10669_1",0.004700
"6276_8",0.986611
"3110_1",0.002059
"12434_1",0.001755
"10189_1",0.000664
"10639_4",0.071138
"7734_1",0.001156
"8763_4",0.079353
"2702_1",0.004830
"10179_1",0.014900
"2317_7",0.985800
"4677_8",0.991084
"11805_7",0.979803
"1339_2",0.001297
"9919_4",0.003254
"1425_8",0.980034
"3926_7",0.987853
"12395_10",0.987326
"6284_4",0.000714
"11069_1",0.001092
"4998_10",0.994089
"8055_2",0.003884
"9179_3",0.001051
"11577_10",0.987326
"1480_1",0.001238
"4561_10",0.993320
"4698_10",0.988766
"9312_1",0.000724
"6561_4",0.047558
"8353_10",0.995018
"11580_3",0.016931
"10536_2",0.003324
"957_10",0.990159
"1768_8",0.984723
"12197_1",0.001402
"11459_10",0.985718
"2271_3",0.001012
"6973_1",0.007121
"4199_8",0.987191
"6582_8",0.907967
"5843_1",0.001946
"4140_9",0.994054
"11105_3",0.000822
"2395_3",0.001044
"10715_9",0.988256
"6611_7",0.990140
"2043_7",0.987628
"2884_9",0.987030
"4946_8",0.973594
"9642_7",0.979116
"5211_1",0.000621
"10661_9",0.992879
"4368_10",0.872782
"12086_4",0.001195
"6465_8",0.988701
"4706_1",0.000634
"4694_10",0.620047
"12150_10",0.994456
"208_3",0.001796
"2587_3",0.001592
"2804_3",0.016802
"2837_3",0.000830
"11070_1",0.000623
"11909_4",0.002059
"9945_10",0.987314
"9281_9",0.984620
"8458_2",0.005653
"9882_2",0.000537
"172_7",0.991118
"7632_2",0.000760
"12246_9",0.987253
"3889_1",0.000719
"11140_4",0.046768
"5240_9",0.989399
"7965_4",0.046378
"3387_3",0.000605
"10817_4",0.001558
"3332_10",0.984291
"1156_9",0.988723
"6585_1",0.000970
"7931_3",0.001707
"8268_4",0.007053
"6443_10",0.985398
"373_10",0.986675
"5912_4",0.004944
"11475_7",0.979235
"10738_4",0.020824
"11175_10",0.994402
"9008_2",0.064007
"2218_3",0.016122
"585_10",0.992031
"3448_2",0.006654
"3860_8",0.987117
"8335_7",0.988514
"1907_1",0.000881
"9169_9",0.979136
"10375_8",0.987829
"10432_4",0.009090
"11399_1",0.001294
"3430_7",0.985663
"2859_4",0.041540
"3899_10",0.993163
"9648_8",0.986071
"9233_8",0.988906
"10574_10",0.988679
"3489_4",0.017526
"8115_8",0.988992
"11495_8",0.984017
"6885_7",0.514858
"1534_10",0.991221
"11721_9",0.988646
"11610_10",0.990496
"2712_8",0.987616
"3140_10",0.988335
"4880_10",0.986004
"1592_10",0.988712
"425_10",0.993661
"5798_1",0.000618
"2212_8",0.988358
"2685_3",0.000927
"9625_2",0.001053
"8492_7",0.599163
"4932_3",0.919462
"1704_3",0.013915
"301_4",0.029535
"2599_10",0.029257
"2364_4",0.002095
"2323_3",0.022608
"1885_8",0.981436
"1232_1",0.000583
"12055_1",0.000632
"2894_10",0.993722
"5347_3",0.961280
"1799_4",0.005406
"7460_9",0.988734
"8798_10",0.993926
"2134_4",0.024215
"2964_2",0.032651
"345_3",0.022521
"2670_8",0.988734
"10282_10",0.991084
"5587_8",0.966883
"6115_2",0.000859
"6974_1",0.007461
"8500_10",0.993587
"5073_8",0.985773
"5291_8",0.988831
"11728_7",0.980262
"3207_4",0.001163
"2553_8",0.992879
"10896_10",0.988949
"9321_2",0.001386
"1484_4",0.001751
"2106_2",0.001927
"5487_4",0.001129
"4835_10",0.316884
"1023_3",0.031380
"11524_10",0.987228
"10672_7",0.813350
"9769_3",0.001354
"590_7",0.986942
"11530_3",0.000895
"349_2",0.003040
"2165_4",0.009073
"1574_9",0.987544
"2792_1",0.000482
"980_2",0.000931
"5745_7",0.983020
"4323_7",0.983101
"11569_7",0.989938
"3637_1",0.002364
"4511_1",0.001961
"8404_10",0.993574
"8947_4",0.386590
"12317_10",0.989066
"3927_4",0.017526
"461_8",0.993268
"11651_2",0.000631
"7697_4",0.001264
"7799_10",0.987688
"2111_8",0.992809
"9745_7",0.993795
"4419_4",0.008000
"9337_4",0.138578
"3908_10",0.993649
"9211_3",0.017952
"489_1",0.019438
"9229_8",0.066751
"381_1",0.000831
"1355_7",0.984381
"12100_1",0.003953
"6126_4",0.004357
"8315_8",0.991796
"7513_10",0.982955
"5547_1",0.225758
"8050_1",0.000841
"7332_1",0.000968
"9044_8",0.994584
"8491_1",0.018352
"1919_8",0.994615
"4076_7",0.959345
"9251_2",0.008813
"7325_10",0.992031
"177_8",0.983676
"8104_4",0.003179
"919_4",0.000940
"9417_8",0.989045
"9440_9",0.993698
"11105_9",0.992626
"7670_10",0.987129
"7404_8",0.987556
"5120_2",0.002183
"10153_1",0.000775
"1763_10",0.993807
"9316_4",0.676126
"6396_8",0.982237
"8865_10",0.994584
"4552_8",0.235856
"874_4",0.001949
"6690_2",0.000831
"11970_3",0.260813
"1202_4",0.054904
"6024_1",0.000958
"10117_9",0.992259
"9511_1",0.002747
"2314_10",0.992274
"6053_3",0.000993
"10165_2",0.003046
"8410_2",0.005512
"1457_1",0.001067
"9651_3",0.004408
"537_2",0.001147
"7191_3",0.028707
"10258_8",0.986636
"4774_8",0.980543
"3560_8",0.984486
"5960_1",0.000592
"881_4",0.064653
"2420_1",0.000693
"4959_4",0.001570
"7138_1",0.000613
"9317_10",0.986866
"5454_4",0.001370
"7450_9",0.988347
"9679_10",0.992364
"10988_3",0.000848
"2932_3",0.020924
"10110_1",0.000735
"9165_2",0.000736
"11712_2",0.001057
"8979_1",0.000555
"12426_3",0.003292
"1630_7",0.984782
"11990_10",0.940298
"5395_10",0.994657
"896_1",0.000531
"11463_9",0.992753
"7096_1",0.000750
"6198_10",0.992809
"8141_10",0.994054
"2650_10",0.986992
"12337_9",0.988831
"1995_10",0.984620
"6349_1",0.000619
"12270_2",0.000542
"12494_2",0.002051
"7081_4",0.400178
"3010_7",0.137185
"2924_2",0.001570
"3185_10",0.992725
"1377_2",0.017526
"4858_3",0.003758
"4351_3",0.003040
"6865_2",0.000864
"9527_3",0.000782
"6223_7",0.980729
"11598_4",0.354629
"10605_1",0.000779
"4609_2",0.000868
"3736_7",0.992851
"5615_1",0.001461
"11109_7",0.480204
"3924_3",0.002576
"7452_1",0.098947
"4288_8",0.684857
"8825_2",0.001230
"3168_7",0.993973
"6407_1",0.000767
"7016_3",0.017935
"129_1",0.000590
"9808_3",0.000915
"5620_10",0.987700
"6404_10",0.986992
"10781_1",0.000913
"2446_1",0.001546
"2191_10",0.991796
"10848_1",0.000710
"11201_10",0.986815
"6818_9",0.989119
"4607_7",0.386033
"2410_7",0.992988
"9656_9",0.994214
"7841_7",0.987042
"11422_7",0.488039
"7376_8",0.983769
"10804_8",0.979413
"11793_7",0.993587
"509_7",0.982674
"12459_10",0.992554
"354_10",0.988245
"2740_10",0.982987
"1469_1",0.001444
"9219_10",0.987351
"7248_7",0.966060
"5620_1",0.001154
"12160_1",0.001305
"6037_10",0.987652
"8338_1",0.002075
"1954_1",0.000970
"6996_9",0.993549
"9888_8",0.994358
"5470_7",0.986815
"11915_4",0.077169
"7057_4",0.060032
"10320_10",0.985704
"4447_3",0.001154
"9711_9",0.993333
"5077_3",0.000785
"10912_4",0.985328
"3224_3",0.001595
"9946_7",0.642208
"10650_4",0.377283
"9613_1",0.001408
"4909_3",0.000609
"5607_8",0.988470
"3315_1",0.000607
"9271_1",0.001817
"4248_4",0.026912
"5849_4",0.000828
"3944_1",0.000566
"3580_10",0.994225
"4592_1",0.000639
"6375_10",0.994281
"5955_9",0.987532
"11613_7",0.988723
"8278_10",0.992809
"11339_9",0.994499
"6813_2",0.002817
"3747_3",0.001053
"5916_1",0.000700
"3298_1",0.001114
"11303_1",0.001629
"5758_7",0.992319
"11652_9",0.994531
"8748_2",0.047780
"11092_2",0.000880
"8729_8",0.994303
"6332_4",0.002806
"3700_10",0.993722
"10507_2",0.001519
"2287_4",0.001307
"10549_10",0.991305
"3005_10",0.993843
"5657_1",0.000806
"873_8",0.988268
"2274_1",0.020371
"3208_4",0.008611
"2663_10",0.988885
"8134_7",0.157396
"7443_1",0.061537
"7507_8",0.994369
"1423_1",0.000815
"4014_1",0.000904
"9662_1",0.000614
"2512_9",0.989996
"8415_2",0.001010
"7672_3",0.001435
"5925_1",0.000851
"2654_2",0.000758
"1780_10",0.984664
"8813_9",0.993346
"9378_7",0.983723
"12120_3",0.001564
"8985_7",0.988624
"5771_3",0.000625
"7305_10",0.993636
"8681_4",0.005753
"7415_10",0.993069
"9346_8",0.991084
"9750_3",0.000751
"9083_9",0.994112
"12255_2",0.001522
"5035_1",0.000683
"12384_10",0.992319
"8381_4",0.001564
"825_1",0.000890
"2034_1",0.000885
"439_10",0.989511
"5753_10",0.981382
"10370_10",0.986967
"3395_2",0.001346
"8101_2",0.002952
"7885_1",0.017111
"3266_2",0.365356
"4623_4",0.001279
"8123_9",0.992214
"1787_1",0.000662
"4001_4",0.003722
"3530_2",0.000615
"684_1",0.001383
"744_10",0.985909
"8439_7",0.992975
"8678_9",0.986416
"11851_8",0.983628
"1237_2",0.005100
"4557_3",0.000554
"1847_10",0.994959
"4002_1",0.000649
"1620_1",0.002987
"549_10",0.994541
"4984_4",0.032806
"4673_8",0.989077
"1373_1",0.000859
"6927_1",0.077169
"9201_2",0.004934
"4293_7",0.994488
"826_3",0.002576
"6337_1",0.002314
"9978_9",0.986866
"11379_10",0.992169
"3874_1",0.001487
"9943_1",0.000578
"7236_4",0.392119
"7816_1",0.000766
"3849_8",0.991153
"1167_10",0.989712
"9667_3",0.003824
"2506_1",0.001038
"1372_10",0.988992
"6788_9",0.994347
"4792_2",0.000600
"7909_2",0.000792
"2213_2",0.000968
"434_1",0.000904
"9245_1",0.000712
"5822_10",0.994605
"5406_1",0.000688
"2011_1",0.001044
"6805_10",0.994089
"2557_2",0.000605
"4343_1",0.001671
"1493_4",0.002834
"947_8",0.219756
"9494_7",0.981823
"10228_10",0.976535
"707_10",0.987723
"2018_10",0.992767
"11093_10",0.992481
"11113_10",0.994336
"11596_1",0.000685
"7453_1",0.008015
"9045_8",0.993914
"12264_7",0.993722
"7271_9",0.990660
"4560_1",0.055464
"11223_1",0.001195
"3939_7",0.261897
"2714_2",0.002213
"1940_9",0.145965
"3640_10",0.990197
"1724_1",0.001226
"5383_3",0.001645
"7323_10",0.986992
"7345_4",0.000651
"775_9",0.994708
"11995_1",0.000611
"400_10",0.993294
"10279_4",0.005160
"673_8",0.970688
"4168_10",0.983518
"11761_7",0.974773
"491_9",0.993843
"11472_1",0.000859
"10045_7",0.818845
"9449_4",0.001040
"12496_3",0.001362
"12422_1",0.001297
"8159_4",0.002710
"8668_8",0.435466
"7572_10",0.994314
"6696_9",0.990892
"64_10",0.994247
"2715_1",0.048316
"9333_4",0.011755
"3722_10",0.994520
"5692_8",0.992259
"10074_7",0.247714
"1717_3",0.295814
"825_8",0.993448
"7796_10",0.989811
"5550_3",0.008847
"6114_10",0.990140
"4440_8",0.985909
"9616_4",0.001120
"12090_8",0.987277
"10728_1",0.002166
"4419_10",0.993320
"282_1",0.001821
"4825_9",0.988646
"91_10",0.994100
"10399_2",0.002601
"6773_4",0.291939
"1364_10",0.986284
"2806_9",0.993831
"4520_2",0.000833
"8211_9",0.990606
"3594_2",0.000999
"11353_4",0.015574
"307_1",0.000724
"10963_4",0.001149
"4023_7",0.983940
"11450_10",0.993123
"3567_4",0.336195
"4751_7",0.991571
"9798_2",0.005333
"1864_8",0.991272
"3168_2",0.001464
"6506_2",0.006229
"12484_2",0.000925
"11999_8",0.136263
"3571_3",0.001707
"147_10",0.986494
"6691_9",0.988222
"11295_8",0.988503
"9344_10",0.993891
"9513_2",0.000812
"11066_7",0.987688
"4330_8",0.986231
"5194_10",0.986675
"11676_1",0.000693
"4587_1",0.000732
"11964_4",0.047558
"12456_1",0.000796
"6054_10",0.992767
"2140_7",0.397734
"1388_1",0.000818
"10681_2",0.003273
"4614_8",0.993902
"2604_7",0.455562
"4234_1",0.001055
"4261_8",0.976333
"4907_8",0.988810
"4134_4",0.003622
"4125_8",0.992423
"3795_9",0.989034
"1356_4",0.001134
"10711_2",0.000763
"4728_7",0.912514
"8254_8",0.986623
"10769_2",0.007191
"7185_8",0.994380
"2842_9",0.988199
"4565_1",0.000960
"3030_9",0.989024
"2997_1",0.000758
"1311_9",0.987876
"12499_10",0.975273
"9830_10",0.994760
"1774_4",0.020646
"6676_10",0.993461
"6502_9",0.990678
"1521_1",0.000635
"4253_1",0.002571
"2775_2",0.003423
"7324_4",0.000909
"1207_4",0.190047
"9903_7",0.989358
"3195_2",0.000790
"9213_10",0.993163
"7751_1",0.001461
"1616_8",0.990997
"1482_10",0.981507
"6772_7",0.403754
"2008_10",0.993587
"6799_4",0.008062
"5004_9",0.994594
"3487_2",0.001214
"10892_4",0.038430
"10839_4",0.001779
"922_8",0.992711
"4163_1",0.000696
"10738_8",0.988799
"10678_7",0.993150
"5892_10",0.987771
"6202_1",0.000597
"5792_10",0.992229
"12161_4",0.001094
"1097_9",0.994089
"2930_3",0.000970
"4087_3",0.002668
"11875_3",0.000944
"11770_4",0.029312
"847_7",0.985773
"10620_9",0.982168
"1455_10",0.994008
"12294_1",0.000613
"5653_10",0.988108
"1874_9",0.982641
"10487_3",0.004953
"22_3",0.001668
"2760_1",0.000843
"9822_7",0.178741
"1068_10",0.989034
"11117_1",0.000668
"10409_2",0.992408
"1877_7",0.970604
"7347_1",0.003130
"4231_1",0.002187
"1122_1",0.000619
"933_3",0.042364
"11883_4",0.005051
"8386_10",0.993385
"12297_7",0.984291
"11847_8",0.990551
"5511_1",0.001044
"9587_2",0.002795
"10027_8",0.985014
"7210_4",0.005797
"2490_9",0.983182
"4889_10",0.994100
"8192_9",0.994499
"12133_1",0.001142
"2098_1",0.982065
"2941_9",0.993562
"5742_3",0.001469
"10645_4",0.001661
"1162_10",0.993562
"4383_10",0.992408
"5325_8",0.989501
"1324_1",0.001020
"1374_1",0.001026
"116_10",0.988131
"2898_10",0.984306
"8799_10",0.993710
"6654_10",0.993961
"8630_1",0.000871
"3452_7",0.988591
"3609_8",0.988525
"4740_1",0.000760
"8368_10",0.989918
"11960_7",0.985635
"3583_10",0.988096
"1581_8",0.977671
"1378_1",0.001149
"968_2",0.000732
"4524_1",0.000583
"5036_8",0.993710
"12287_3",0.001172
"9236_10",0.987179
"5447_3",0.023871
"11016_1",0.000841
"1935_3",0.001525
"5300_7",0.988971
"7775_2",0.001099
"4398_3",0.001320
"5692_2",0.000812
"3517_8",0.992583
"6007_1",0.001367
"10127_2",0.001190
"6614_10",0.987676
"2767_10",0.954900
"3187_2",0.000758
"6473_10",0.986853
"12263_1",0.000497
"10838_2",0.000620
"7367_9",0.987092
"8873_10",0.991489
"6016_1",0.001501
"10363_7",0.970521
"3541_2",0.000570
"6416_10",0.989055
"4538_10",0.993385
"56_3",0.001240
"7946_8",0.986507
"6003_4",0.000695
"974_4",0.003370
"11651_9",0.993242
"10283_1",0.031262
"12334_2",0.000815
"972_1",0.001507
"1513_8",0.984664
"6141_3",0.006552
"4195_7",0.988624
"10176_9",0.990857
"1918_2",0.001006
"12117_1",0.005957
"7567_1",0.000741
"2949_10",0.993973
"11937_9",0.995008
"8513_2",0.001006
"3913_8",0.221182
"1310_8",0.982507
"10461_10",0.989013
"3309_8",0.979036
"862_9",0.993891
"4040_2",0.000631
"78_8",0.986165
"3491_7",0.930616
"10862_9",0.994563
"4763_7",0.358325
"7421_1",0.000687
"5350_1",0.001228
"11491_10",0.993819
"9975_4",0.005031
"10123_10",0.993281
"11573_1",0.000586
"2337_9",0.994303
"251_8",0.993661
"1942_1",0.001112
"2940_7",0.974043
"4342_7",0.550094
"11250_2",0.007066
"4224_1",0.001080
"10106_10",0.985691
"7764_2",0.000933
"937_10",0.992920
"3112_10",0.991860
"9922_8",0.745004
"3259_7",0.994180
"7828_1",0.000580
"4031_7",0.243958
"1277_7",0.988481
"3162_2",0.000915
"7_9",0.993649
"1832_4",0.024168
"10997_1",0.001772
"10572_10",0.994626
"12194_1",0.000664
"4648_10",0.986205
"7207_9",0.111096
"11000_7",0.984635
"4943_2",0.000717
"10601_10",0.994259
"4731_1",0.002531
"9272_8",0.980525
"11551_1",0.001051
"9074_3",0.001010
"2486_3",0.004849
"618_1",0.000947
"8683_8",0.994008
"2618_10",0.991554
"8471_9",0.992289
"6394_4",0.028871
"6456_2",0.010777
"3195_8",0.985029
"4188_1",0.000734
"3985_10",0.990606
"7099_10",0.986178
"1558_2",0.000551
"2877_8",0.656605
"3928_1",0.000655
"7206_3",0.001112
"8088_10",0.989662
"8167_10",0.994413
"8590_8",0.992568
"6973_7",0.974988
"4974_7",0.989480
"10151_1",0.000707
"5268_4",0.006364
"5258_7",0.988981
"1478_8",0.993410
"5094_10",0.987676
"10126_4",0.014365
"9357_2",0.001294
"7750_3",0.002806
"11628_3",0.035679
"9124_7",0.986546
"1802_7",0.990533
"4820_4",0.002839
"10019_8",0.985855
"154_9",0.993722
"5049_4",0.001123
"4372_1",0.000523
"7807_10",0.994573
"5127_10",0.993673
"11480_2",0.002812
"10145_1",0.000836
"7090_10",0.994488
"1288_1",0.000671
"11316_2",0.000724
"8428_9",0.986429
"1843_9",0.988256
"1916_1",0.001195
"2657_2",0.000807
"10504_1",0.000618
"11621_3",0.018905
"10148_1",0.000997
"3339_4",0.003377
"8202_2",0.004408
"7796_1",0.000787
"4625_2",0.001105
"11859_4",0.020547
"8261_1",0.000729
"4670_3",0.328745
"8412_10",0.987338
"1010_1",0.010945
"436_10",0.994146
"9351_7",0.970324
"3767_8",0.982254
"4794_1",0.000624
"8447_10",0.914252
"6182_2",0.001768
"8754_3",0.001800
"2709_3",0.000751
"5882_9",0.991969
"6916_3",0.974362
"11886_1",0.004512
"123_4",0.990606
"2827_9",0.988290
"11440_8",0.993902
"4100_8",0.943919
"11645_1",0.007519
"7949_10",0.994509
"2017_1",0.001131
"3451_7",0.990310
"10986_10",0.987092
"1541_2",0.985215
"12336_7",0.984956
"9787_1",0.000523
"5282_10",0.990569
"9568_4",0.835013
"8222_1",0.000803
"5415_9",0.991796
"8485_8",0.072178
"6449_1",0.000826
"466_1",0.001370
"11997_1",0.194215
"6144_10",0.994314
"3309_4",0.003112
"8655_1",0.000642
"10141_1",0.209712
"7469_10",0.992725
"4445_10",0.993307
"6651_7",0.558508
"6711_7",0.625724
"3329_4",0.009467
"8000_10",0.988096
"2279_8",0.982724
"5012_7",0.984215
"2437_3",0.003069
"505_9",0.993474
"9070_10",0.987314
"1234_3",0.009232
"4880_1",0.001167
"3981_4",0.016850
"134_1",0.000626
"3211_10",0.992289
"2559_10",0.988558
"4512_3",0.001057
"5957_1",0.000881
"11626_9",0.994247
"915_10",0.978052
"5569_10",0.985426
"12396_9",0.988403
"6494_2",0.001558
"3262_1",0.001957
"3916_10",0.981701
"787_1",0.003538
"11092_9",0.990310
"2818_10",0.994380
"5271_2",0.000789
"4057_7",0.979590
"5042_1",0.000685
"1204_1",0.002099
"3651_2",0.000611
"11763_8",0.992437
"7766_10",0.991238
"3498_1",0.000806
"11578_10",0.993599
"3691_1",0.000552
"11947_10",0.992865
"11475_2",0.000636
"8568_9",0.993410
"8247_2",0.000599
"9544_7",0.987911
"9753_8",0.986726
"6824_7",0.330147
"2799_1",0.000708
"10459_1",0.000684
"1894_10",0.067240
"9726_7",0.992244
"10923_1",0.000718
"7946_3",0.001639
"7509_10",0.994236
"3273_9",0.987363
"2716_3",0.027875
"4622_1",0.000669
"1204_8",0.988108
"71_4",0.085404
"6508_9",0.990587
"7819_10",0.994800
"695_10",0.982220
"10844_10",0.993996
"2413_1",0.979394
"8768_1",0.000576
"4536_10",0.993771
"2576_9",0.992510
"4473_2",0.004905
"65_2",0.002099
"6114_2",0.001380
"7458_1",0.000929
"10815_2",0.000843
"8344_1",0.002350
"1975_9",0.986611
"1659_1",0.000748
"11030_10",0.990714
"5405_7",0.980091
"2539_3",0.006501
"6565_8",0.982031
"1826_10",0.991969
"2577_8",0.989541
"6032_7",0.980913
"3146_9",0.993499
"798_1",0.000731
"63_10",0.991456
"11819_10",0.990786
"2905_7",0.987829
"2716_10",0.987888
"1717_10",0.984649
"1036_3",0.034165
"11583_10",0.988939
"962_9",0.982185
"10203_2",0.001684
"12225_1",0.000630
"10322_9",0.991322
"7601_2",0.000885
"1675_4",0.974215
"8235_3",0.000933
"680_2",0.010229
"5208_3",0.001348
"10678_2",0.326298
"6072_10",0.990159
"1216_1",0.000611
"11434_1",0.001645
"12480_8",0.991891
"8844_10",0.990292
"10506_1",0.000532
"9766_3",0.985704
"7804_4",0.031709
"44_4",0.000955
"11226_1",0.000838
"11378_2",0.009615
"7805_1",0.000584
"4692_10",0.976446
"2928_9",0.845688
"8785_10",0.994930
"3083_8",0.976423
"626_10",0.992139
"9228_10",0.983723
"66_10",0.993867
"3824_3",0.439236
"7115_8",0.986713
"11893_10",0.994191
"1628_1",0.000578
"2236_4",0.002274
"2032_1",0.000566
"6613_10",0.988635
"1582_8",0.109372
"304_2",0.000619
"2441_10",0.994214
"12437_1",0.000796
"9822_1",0.000598
"10481_3",0.030589
"9193_10",0.989202
"3233_9",0.993950
"7430_8",0.993710
"10049_1",0.000710
"6384_10",0.994236
"3993_9",0.989889
"4545_2",0.001090
"11500_4",0.961061
"12127_10",0.989480
"7277_2",0.001946
"8927_3",0.002047
"5970_9",0.988436
"12115_4",0.963196
"6132_10",0.994729
"4178_9",0.986713
"11453_7",0.912475
"6569_9",0.992423
"3924_7",0.974988
"6425_1",0.000671
"1141_1",0.001034
"3366_2",0.000944
"6700_7",0.992697
"7948_8",0.984635
"2750_8",0.987676
"11326_1",0.000654
"231_8",0.961025
"8941_8",0.994236
"8304_7",0.936343
"12179_2",0.001156
"3808_1",0.000981
"2710_1",0.000561
"4833_1",0.000626
"10405_7",0.988199
"449_9",0.994180
"7259_10",0.993673
"8513_10",0.987806
"801_8",0.993002
"11322_8",0.988917
"8417_9",0.994270
"7059_8",0.384781
"681_3",0.000744
"3135_9",0.987228
"7172_3",0.005992
"11061_10",0.994336
"9555_9",0.992467
"1331_1",0.001020
"9155_3",0.000773
"8765_8",0.988690
"4714_8",0.990768
"7593_9",0.982168
"7769_1",0.000760
"5016_8",0.983691
"11917_2",0.000563
"3311_8",0.983247
"6784_4",0.010209
"6685_7",0.957158
"1232_8",0.993574
"765_2",0.001233
"6159_2",0.005011
"12037_3",0.009038
"60_8",0.989347
"6138_10",0.993029
"4759_4",0.001623
"631_10",0.993985
"5993_10",0.994552
"2751_10",0.990962
"7234_1",0.033337
"7966_3",0.001341
"296_4",0.008813
"8252_4",0.002350
"10333_1",0.000628
"5950_10",0.953362
"2735_9",0.987104
"900_1",0.000942
"2350_3",0.003657
"1457_10",0.988131
"10226_10",0.992349
"9198_7",0.988369
"1072_2",0.001458
"8332_10",0.986879
"6264_8",0.994135
"1092_9",0.988613
"11888_10",0.983925
"11702_8",0.989672
"8704_1",0.001758
"11458_10",0.993537
"8218_9",0.986929
"3739_8",0.992437
"4787_3",0.004191
"12097_10",0.979036
"7894_1",0.000593
"11601_2",0.000854
"4417_1",0.087564
"11108_10",0.994584
"5673_8",0.989296
"481_2",0.001510
"6892_2",0.000639
"5203_1",0.002420
"18_1",0.017695
"5488_8",0.984139
"750_7",0.977586
"1478_4",0.001421
"11340_2",0.000815
"8735_3",0.001200
"7404_3",0.003350
"5681_2",0.000741
"5863_10",0.993029
"602_1",0.000615
"9474_7",0.987424
"12075_3",0.006850
"1148_8",0.057440
"2192_4",0.251970
"1394_1",0.000895
"2643_3",0.000818
"8214_7",0.985482
"6728_1",0.001090
"5397_8",0.989948
"7056_7",0.987228
"2669_3",0.000999
"10713_10",0.993474
"1349_4",0.001367
"3254_1",0.002561
"9717_10",0.993474
"11358_4",0.000658
"12262_1",0.000570
"1332_1",0.000673
"6116_2",0.001367
"6324_3",0.000606
"10808_8",0.982507
"11632_4",0.395561
"2881_3",0.000945
"3524_1",0.000613
"10503_8",0.736519
"11525_1",0.000613
"9973_4",0.001158
"9804_1",0.001002
"1865_8",0.985086
"8001_9",0.994573
"5776_8",0.890294
"11848_10",0.994605
"4809_3",0.015044
"841_9",0.991603
"227_10",0.987556
"1833_9",0.991373
"9471_10",0.994552
"960_3",0.002071
"10763_1",0.002287
"1330_1",0.000848
"326_9",0.994146
"3392_10",0.993333
"5883_2",0.000841
"12168_1",0.000953
"7525_10",0.983691
"10578_1",0.003396
"9173_3",0.000826
"7214_2",0.001110
"7163_10",0.991238
"5177_8",0.987723
"3372_7",0.983628
"6041_8",0.987865
"1590_10",0.994100
"31_10",0.989045
"2533_8",0.993189
"7927_10",0.992568
"5037_2",0.006451
"6046_2",0.001908
"2099_3",0.001097
"133_1",0.018887
"205_2",0.000770
"374_9",0.989087
"8944_10",0.994112
"799_4",0.072112
"8832_9",0.988668
"3836_10",0.994281
"2940_1",0.000529
"946_1",0.001140
"9310_1",0.000846
"5853_8",0.965479
"10852_9",0.994729
"4061_4",0.020332
"10301_10",0.989572
"11104_3",0.000848
"9339_3",0.002252
"537_10",0.994563
"8661_7",0.978010
"9381_4",0.011420
"12473_3",0.017392
"5140_8",0.994031
"4624_4",0.000688
"9156_3",0.013663
"5980_2",0.000712
"5920_7",0.989171
"4013_1",0.002221
"11879_2",0.001140
"1317_10",0.989286
"4647_10",0.991305
"2550_1",0.000748
"641_8",0.976780
"10069_10",0.986311
"12215_10",0.688482
"6293_10",0.994180
"1416_7",0.542500
"8561_9",0.992568
"1981_10",0.982490
"1667_2",0.003976
"9680_1",0.000931
"888_1",0.000831
"2202_4",0.001510
"8835_2",0.001127
"9340_3",0.874131
"8742_10",0.979590
"1892_2",0.000543
"11940_10",0.960878
"5976_2",0.000558
"5430_8",0.974288
"9125_9",0.979374
"5217_8",0.991272
"5257_10",0.988712
"5487_8",0.984649
"10815_8",0.992047
"12438_1",0.001160
"11433_3",0.011310
"11570_1",0.804137
"11880_10",0.993487
"1983_3",0.002878
"2916_1",0.000586
"8119_10",0.993961
"10960_2",0.000770
"2798_2",0.001455
"2797_1",0.098599
"9931_4",0.017661
"6244_10",0.987568
"8361_2",0.000844
"7098_10",0.987508
"9107_10",0.994336
"9860_10",0.988050
"10252_1",0.000676
"12015_8",0.976015
"2696_4",0.117978
"9301_8",0.992640
"799_7",0.989265
"9411_7",0.994369
"4172_1",0.000515
"8008_10",0.994169
"11436_1",0.000575
"3464_10",0.993950
"5826_3",0.000697
"5460_4",0.007053
"8920_3",0.032406
"1465_3",0.013637
"7571_1",0.000854
"3416_10",0.987616
"11088_7",0.988268
"7007_10",0.994066
"11317_7",0.993926
"11639_7",0.979590
"1871_10",0.993636
"1551_7",0.976446
"4089_4",0.000801
"8145_9",0.994770
"1243_7",0.991305
"9082_8",0.991153
"11807_8",0.993189
"6154_10",0.987448
"2082_8",0.987818
"9142_4",0.006413
"6126_8",0.981257
"9774_1",0.000729
"5137_10",0.987640
"11085_1",0.000680
"4541_1",0.001094
"10478_10",0.993574
"8479_3",0.000869
"11220_1",0.001579
"0_10",0.994054
"5235_8",0.984927
"457_2",0.012601
"6784_7",0.981149
"11527_10",0.990083
"5935_7",0.986151
"3697_10",0.994236
"8318_10",0.994677
"6770_8",0.984336
"11760_7",0.978529
"10344_9",0.994531
"12363_4",0.026280
"2233_2",0.006837
"12184_10",0.994890
"4668_8",0.985909
"2293_4",0.010550
"5886_8",0.994456
"8403_4",0.956756
"2493_3",0.002823
"7224_2",0.002726
"7753_10",0.988290
"476_9",0.984063
"3760_7",0.956715
"8371_1",0.001034
"2541_10",0.982168
"12052_2",0.002107
"2320_1",0.000597
"5598_8",0.988712
"12342_1",0.000880
"7391_9",0.987700
"2615_1",0.001846
"11251_4",0.006027
"9946_2",0.000656
"10571_10",0.993423
"3984_1",0.000767
"4633_10",0.985800
"548_10",0.994456
"1732_1",0.000761
"3559_7",0.988842
"10212_7",0.987711
"8950_7",0.994020
"8157_10",0.994739
"5986_9",0.994626
"10263_7",0.984381
"2168_10",0.993042
"4424_4",0.238506
"6944_10",0.303409
"11467_7",0.992683
"3630_8",0.984501
"2405_1",0.000645
"7517_1",0.003377
"8116_10",0.994008
"5368_4",0.001576
"2045_1",0.000608
"11303_8",0.994688
"11077_2",0.002406
"6314_10",0.994146
"12137_4",0.000851
"12180_1",0.000659
"6403_10",0.992334
"2019_1",0.000543
"7921_7",0.983134
"3977_10",0.992139
"11277_9",0.971293
"8398_1",0.000680
"1429_3",0.001299
"9628_4",0.001378
"2472_3",0.003450
"5811_4",0.001901
"11663_3",0.000712
"3153_1",0.000846
"11881_2",0.000701
"767_7",0.984396
"12243_10",0.993474
"10969_8",0.989957
"8689_10",0.849660
"1854_10",0.993255
"12392_4",0.001748
"6627_2",0.000560
"6819_10",0.992920
"1587_9",0.973944
"6999_10",0.988874
"9128_1",0.005533
"7141_1",0.000621
"4485_8",0.993985
"7368_7",0.981736
"7698_4",0.040807
"8376_3",0.002541
"1862_1",0.000681
"11217_9",0.987794
"5179_4",0.002856
"6524_3",0.000787
"11877_10",0.993549
"6055_10",0.994790
"9372_1",0.000993
"8029_1",0.001817
"9546_10",0.980091
"5514_10",0.986879
"8869_8",0.986442
"8290_10",0.988425
"11619_9",0.986980
"5949_4",0.047030
"10146_1",0.302237
"11776_10",0.971184
"2146_9",0.984351
"6461_10",0.983407
"10480_4",0.027247
"9021_10",0.989771
"11802_10",0.994749
"9139_2",0.003423
"5590_4",0.248945
"5631_9",0.994020
"6333_3",0.027403
"10455_1",0.000575
"10394_1",0.000671
"8814_8",0.989561
"11264_3",0.000658
"2255_9",0.994066
"3915_8",0.980243
"3386_10",0.994008
"5531_2",0.001558
"1676_4",0.965771
"7711_8",0.990606
"7871_9",0.993372
"11101_8",0.989192
"11562_1",0.000704
"11609_10",0.986891
"9556_1",0.000663
"7149_3",0.987067
"11807_3",0.009690
"12106_10",0.994380
"4763_1",0.004512
"2007_3",0.001537
"8454_8",0.994008
"4656_10",0.983878
"717_8",0.981203
"3501_4",0.016850
"6562_4",0.001461
"3926_1",0.000711
"7497_1",0.001292
"4257_9",0.992244
"4111_1",0.000578
"9865_10",0.988525
"8323_4",0.001073
"2228_4",0.005820
"1180_7",0.992349
"6315_8",0.994054
"12271_10",0.988842
"4567_2",0.012896
"8745_8",0.984291
"4994_1",0.000649
"2842_4",0.003075
"674_9",0.993436
"4431_3",0.002551
"2534_4",0.008916
"378_9",0.988960
"6039_9",0.731011
"9551_7",0.993843
"1273_7",0.982840
"4222_4",0.002601
"7469_1",0.000714
"8733_3",0.016545
"9324_4",0.007432
"8888_4",0.011486
"2872_9",0.993902
"2123_8",0.994563
"4982_7",0.991255
"10668_1",0.005708
"2014_7",0.261897
"4211_3",0.002166
"1202_9",0.988690
"5450_4",0.011892
"2484_1",0.008109
"2427_8",0.993807
"405_3",0.001380
"1_10",0.994488
"4498_4",0.375692
"50_3",0.006109
"10113_9",0.994860
"8919_3",0.000970
"1338_7",0.985086
"9817_8",0.988766
"10824_7",0.982558
"12165_8",0.984336
"11975_8",0.985356
"8537_1",0.001200
"4443_9",0.988635
"207_3",0.000962
"4247_8",0.958886
"11333_9",0.993950
"6357_2",0.001741
"4477_1",0.001026
"8774_1",0.000897
"10049_8",0.737584
"9621_2",0.001755
"5428_10",0.994191
"11693_3",0.003700
"8731_4",0.003267
"11209_1",0.006351
"10581_10",0.000707
"4289_10",0.987375
"511_7",0.987946
"7832_8",0.970324
"2567_9",0.983723
"4931_1",0.001277
"8770_2",0.000764
"8999_9",0.993636
"9918_1",0.001114
"2254_7",0.987326
"4095_1",0.001871
"8601_2",0.000742
"10347_10",0.988514
"2911_4",0.065009
"12157_7",0.984971
"5154_10",0.991221
"27_9",0.994247
"2586_9",0.987326
"6344_9",0.994488
"1888_4",0.001561
"6630_1",0.000873
"3202_10",0.993612
"1517_9",0.993242
"584_10",0.994605
"2683_4",0.104935
"1721_1",0.000623
"4371_7",0.606762
"4697_3",0.010966
"2977_10",0.956350
"1835_3",0.006771
"9872_1",0.000761
"4794_9",0.978529
"5345_10",0.986891
"1230_10",0.993587
"2438_2",0.000681
"5709_9",0.988391
"8007_1",0.000602
"7236_10",0.984971
"7978_10",0.976669
"10608_1",0.000947
"10968_1",0.000552
"3650_1",0.004867
"7966_8",0.986739
"8435_9",0.994054
"6095_3",0.000883
"12457_8",0.988039
"611_10",0.984231
"7589_7",0.985936
"4378_4",0.020313
"9019_3",0.109658
"794_1",0.001402
"5112_4",0.004182
"8698_7",0.987818
"2729_1",0.000644
"9090_1",0.000736
"9641_8",0.994520
"5065_7",0.478270
"3147_10",0.993512
"3971_4",0.001555
"7000_8",0.987448
"6716_1",0.000586
"11482_7",0.954180
"9263_4",0.013172
"7901_1",0.000564
"8213_2",0.005708
"1113_8",0.986455
"1013_7",0.993372
"2195_9",0.987946
"1371_8",0.985314
"7239_7",0.977607
"11376_1",0.000656
"3506_9",0.990459
"3413_2",0.001292
"8641_1",0.000626
"11587_2",0.000558
"7639_7",0.990533
"8100_8",0.978692
"8151_2",0.000533
"10464_2",0.001233
"2043_3",0.004306
"4454_8",0.987900
"6562_8",0.994790
"8549_8",0.984411
"1209_3",0.000775
"2566_4",0.001996
"5871_10",0.988027
"6459_7",0.987735
"11006_8",0.989337
"3313_8",0.980413
"5290_2",0.000750
"9687_1",0.001174
"4165_10",0.992583
"11120_4",0.163780
"3379_2",0.009708
"5814_1",0.001930
"3414_7",0.993096
"7750_7",0.987782
"9727_7",0.981364
"3850_9",0.987993
"5954_2",0.001051
"9685_1",0.000803
"9307_3",0.000764
"8727_9",0.993867
"9746_1",0.000618
"9365_8",0.994089
"3361_10",0.990678
"4554_3",0.000859
"8952_9",0.989150
"4301_1",0.000591
"10764_4",0.029118
"2738_10",0.985580
"3554_1",0.000763
"5724_8",0.986442
"8804_4",0.443857
"468_8",0.994157
"10527_10",0.990083
"5117_7",0.991603
"3390_4",0.725089
"5875_3",0.002234
"10380_7",0.992289
"887_2",0.990178
"2707_8",0.978652
"11371_3",0.017594
"535_4",0.006314
"10700_10",0.715623
"3047_10",0.992031
"5930_3",0.003099
"6044_10",0.991748
"8679_4",0.705202
"2261_10",0.992016
"9577_10",0.993649
"1999_7",0.991049
"6010_3",0.003780
"861_4",0.001481
"4360_2",0.000972
"5373_7",0.981858
"10760_8",0.988425
"12436_10",0.985243
"5149_3",0.022011
"7091_4",0.007191
"5135_9",0.984486
"5552_8",0.990660
"1713_9",0.993771
"11445_4",0.026734
"11146_7",0.978774
"5286_9",0.994247
"10518_1",0.001090
"1122_8",0.983878
"7680_1",0.000830
"11042_8",0.980747
"6336_1",0.000886
"11784_10",0.969469
"8759_10",0.994391
"4362_10",0.993110
"4483_2",0.000722
"7501_8",0.993410
"3516_2",0.000677
"3965_10",0.988788
"4066_8",0.923039
"7802_2",0.007831
"1074_7",0.989470
"4555_3",0.012649
"11477_1",0.000600
"5712_10",0.986790
"1175_8",0.984170
"6283_4",0.015336
"11717_1",0.000704
"8029_8",0.994402
"5794_8",0.947962
"8717_2",0.000897
"10682_10",0.987580
"4610_1",0.000692
"4908_9",0.983940
"8325_2",0.002378
"11330_4",0.011223
"5717_10",0.604333
"11421_3",0.010570
"4725_2",0.231919
"2284_9",0.993229
"12433_1",0.000597
"10799_10",0.986165
"3213_10",0.988591
"10997_10",0.993448
"3482_9",0.994920
"430_4",0.001674
"6524_9",0.991812
"2270_1",0.007149
"6410_4",0.001744
"224_10",0.985882
"10915_8",0.994790
"8882_3",0.001765
"3578_3",0.001478
"7696_1",0.982856
"7307_1",0.004232
"10043_1",0.007066
"6380_4",0.038829
"3109_2",0.000695
"398_4",0.000927
"10498_1",0.000556
"3565_8",0.991289
"7844_9",0.992031
"5879_3",0.005323
"5004_1",0.000820
"9347_2",0.003450
"2213_8",0.994605
"3654_8",0.993722
"642_2",0.000594
"9412_8",0.987711
"7418_10",0.989531
"2012_1",0.000724
"308_9",0.989108
"11695_8",0.953492
"7369_10",0.994236
"7363_3",0.003305
"7834_3",0.004232
"7705_10",0.986764
"4554_8",0.992062
"4773_7",0.989013
"11944_2",0.002332
"12303_10",0.993268
"272_10",0.993110
"11678_10",0.988268
"8157_1",0.001807
"1360_7",0.990910
"1702_7",0.950180
"7409_8",0.993499
"3865_8",0.990292
"8266_10",0.994347
"3543_3",0.001214
"8542_4",0.001782
"2188_4",0.003671
"7928_10",0.984605
"8271_1",0.001277
"2667_3",0.005523
"136_9",0.987829
"2365_8",0.987117
"9516_1",0.001099
"6205_9",0.991406
"12411_1",0.000617
"10549_2",0.260248
"2114_10",0.989265
"8379_3",0.001427
"1555_2",0.001016
"7010_4",0.143968
"10425_1",0.001131
"2970_10",0.991305
"1976_8",0.992725
"4894_8",0.974435
"995_1",0.000823
"12087_10",0.993096
"5002_1",0.001055
"10204_2",0.001901
"7689_2",0.000782
"8685_4",0.653576
"4183_1",0.000778
"7719_7",0.970909
"6350_8",0.989347
"6163_8",0.993359
"11247_4",0.050658
"8962_8",0.988514
"7849_9",0.989592
"4177_9",0.979881
"4680_1",0.005150
"10965_8",0.990197
"3534_10",0.989702
"9782_4",0.029201
"9525_9",0.989306
"3743_10",0.987923
"1688_10",0.994169
"4400_4",0.026330
"1660_8",0.987265
"8241_9",0.993461
"1238_8",0.987556
"1081_3",0.001226
"6151_2",0.000634
"6025_8",0.332013
"661_9",0.946250
"5670_8",0.987829
"6122_1",0.000636
"1767_10",0.993359
"5629_10",0.991716
"8256_10",0.988981
"8572_4",0.001112
"11580_7",0.085709
"525_3",0.032621
"2128_3",0.005719
"10254_8",0.988536
"3082_2",0.001142
"7127_1",0.000655
"9927_7",0.442757
"5694_9",0.988917
"8063_10",0.989521
"10768_1",0.002710
"7375_1",0.000571
"6220_10",0.986271
"4477_10",0.993436
"1350_8",0.985552
"9354_4",0.988569
"9015_2",0.993410
"719_1",0.001262
"10544_3",0.003087
"4496_10",0.989652
"3912_1",0.002845
"10120_10",0.993397
"6958_2",0.000569
"10964_7",0.986841
"4974_1",0.000529
"5591_9",0.990064
"2295_3",0.001501
"17_8",0.979295
"10442_2",0.000977
"3043_10",0.987841
"5243_1",0.000839
"5145_8",0.985594
"5727_7",0.864768
"3406_10",0.994688
"3552_7",0.959154
"1512_1",0.000839
"9214_9",0.994008
"3060_3",0.001957
"9086_3",0.011223
"10428_1",0.007446
"11198_10",0.992319
"1743_4",0.001356
"7795_10",0.992626
"9863_10",0.983439
"182_3",0.506774
"9644_4",0.028382
"10744_2",0.000790
"3393_10",0.994573
"3657_8",0.993029
"10435_1",0.000575
"9206_10",0.990821
"4005_10",0.992289
"5901_3",0.005060
"498_10",0.993359
"9583_2",0.000710
"2336_10",0.991538
"6107_1",0.039788
"7079_7",0.994563
"2769_4",0.679803
"4787_8",0.994325
"11123_1",0.000554
"6466_10",0.992988
"6311_9",0.993385
"1236_7",0.981436
"3635_9",0.990606
"1230_2",0.001069
"8721_7",0.987604
"7878_3",0.001782
"11731_7",0.972152
"8732_8",0.984306
"8083_8",0.929184
"3146_1",0.001228
"11395_10",0.993985
"2998_2",0.000651
"3766_4",0.006526
"353_3",0.022265
"8688_7",0.987080
"6137_10",0.994920
"11950_3",0.696758
"5663_1",0.004382
"1108_3",0.001026
"10425_10",0.989761
"913_10",0.986992
"7852_8",0.992496
"14_1",0.000848
"12062_1",0.000685
"1162_1",0.000606
"8648_10",0.985482
"10605_10",0.992865
"1091_1",0.001269
"7723_8",0.984635
"5474_8",0.993747
"8308_1",0.000637
"9586_8",0.979492
"5317_4",0.000947
"11283_8",0.978219
"9575_3",0.000630
"8846_9",0.974701
"8756_1",0.005587
"7973_4",0.000839
"9845_3",0.000995
"11335_9",0.991170
"456_8",0.987203
"378_1",0.001097
"9176_1",0.001022
"6371_10",0.984708
"3152_10",0.991938
"7441_4",0.001170
"10123_4",0.001992
"6777_1",0.029396
"7479_1",0.005957
"5563_1",0.000707
"9076_7",0.966726
"11744_1",0.003531
"1040_4",0.005281
"920_1",0.000626
"3599_4",0.000667
"9629_3",0.006181
"12346_1",0.007205
"4237_8",0.983295
"6596_10",0.981613
"11576_1",0.000642
"1140_1",0.000989
"2945_8",0.970437
"7518_9",0.984620
"3435_1",0.000708
"8219_3",0.842798
"6758_10",0.988657
"484_8",0.987290
"10012_1",0.000778
"718_10",0.993926
"12293_7",0.992988
"6241_3",0.001949
"10635_10",0.988917
"2563_1",0.000676
"7682_10",0.991668
"4993_7",0.986058
"12153_4",0.241400
"8559_7",0.974893
"9700_4",0.094427
"660_2",0.001419
"11457_4",0.009727
"7146_1",0.059866
"3771_2",0.010150
"8333_3",0.010449
"11740_7",0.986111
"7035_2",0.256552
"7054_1",0.000689
"12292_4",0.001421
"8881_4",0.405735
"7264_8",0.994281
"11168_1",0.000665
"1145_9",0.994270
"781_9",0.994020
"5694_4",0.000671
"2637_10",0.994225
"5812_8",0.959724
"6335_10",0.993150
"10491_3",0.001063
"4684_2",0.000758
"3810_2",0.000640
"12264_3",0.002401
"8018_10",0.993524
"12185_10",0.988777
"3959_3",0.233095
"9829_7",0.993056
"4694_4",0.005021
"3884_1",0.001125
"8027_10",0.989957
"743_2",0.000696
"7036_1",0.004830
"3081_1",0.000858
"4606_10",0.988646
"503_2",0.002699
"6989_10",0.994325
"10059_1",0.000692
"1380_9",0.984723
"3247_1",0.002112
"6308_8",0.993771
"1592_2",0.000669
"3167_1",0.000897
"6357_10",0.993461
"7107_7",0.832543
"5335_8",0.986752
"11948_2",0.000605
"10805_4",0.019776
"638_7",0.993320
"4311_2",0.000812
"11795_8",0.986416
"8031_9",0.985869
"11930_2",0.001824
"7886_3",0.960398
"7253_10",0.993722
"10955_3",0.000968
"10680_2",0.000676
"8754_10",0.981329
"9556_8",0.989077
"3076_10",0.968171
"1544_3",0.001151
"2726_3",0.038322
"8545_3",0.002406
"3175_3",0.001864
"2864_9",0.981471
"547_4",0.012077
"2831_9",0.988004
"5321_4",0.003869
"4675_8",0.992393
"11787_4",0.004102
"2837_10",0.993698
"7730_8",0.989967
"2309_10",0.991875
"9078_7",0.994236
"8160_10",0.989938
"7824_1",0.000693
"9926_8",0.993176
"3507_1",0.007108
"5878_3",0.163579
"6708_4",0.005675
"1096_3",0.000968
"4556_8",0.993698
"3667_10",0.980949
"9565_3",0.001190
"4737_9",0.992934
"12134_1",0.000989
"9413_7",0.985314
"1002_9",0.993268
"4889_4",0.053059
"3453_1",0.001999
"2763_2",0.002035
"8248_8",0.986992
"1881_1",0.001930
"3528_10",0.992349
"3630_1",0.230357
"11390_10",0.994615
"3991_8",0.985014
"7650_8",0.985286
"4527_8",0.992423
"10307_2",0.002823
"8872_4",0.001364
"1741_10",0.987969
"12170_9",0.992467
"11196_4",0.000634
"5524_10",0.961606
"1926_3",0.000936
"1279_8",0.984590
"1444_8",0.761206
"8975_8",0.990839
"7157_10",0.994573
"11973_2",0.001014
"7022_1",0.005865
"6939_10",0.990044
"6732_9",0.984139
"3689_1",0.000761
"10228_1",0.000957
"6314_3",0.001359
"4285_8",0.988268
"10086_10",0.973993
"9899_1",0.000750
"7556_10",0.989712
"12299_3",0.002993
"11872_3",0.008627
"4257_1",0.010072
"3028_7",0.951188
"2545_10",0.993831
"8036_4",0.003538
"5948_2",0.000814
"12113_1",0.003299
"1738_4",0.002099
"9808_10",0.975785
"2629_4",0.002071
"12003_9",0.982889
"6725_8",0.957038
"5383_8",0.989771
"12097_1",0.001221
"11402_9",0.989830
"3877_3",0.003136
"3765_4",0.347316
"11431_7",0.988949
"7419_3",0.000866
"9844_8",0.980186
"9753_1",0.000825
"12377_1",0.125012
"2775_10",0.989602
"11106_1",0.000859
"10015_8",0.986929
"9473_9",0.993938
"3633_9",0.994729
"9022_8",0.988188
"608_1",0.000909
"10724_1",0.000711
"1059_10",0.987240
"8413_3",0.002120
"2013_1",0.000704
"2814_10",0.985580
"9166_4",0.009822
"6566_7",0.534248
"9352_10",0.981400
"8123_1",0.000987
"10825_3",0.001059
"3735_8",0.989275
"7595_2",0.001080
"4946_1",0.001965
"8327_9",0.988624
"5140_2",0.001658
"10986_1",0.001107
"7385_8",0.936981
"3722_1",0.000999
"9799_2",0.001821
"1288_8",0.990235
"8089_1",0.061819
"11279_4",0.034914
"4845_10",0.988142
"8354_8",0.993423
"1373_10",0.569314
"5431_7",0.985286
"1245_2",0.001555
"11429_7",0.992906
"11606_4",0.035013
"4192_10",0.068600
"3443_1",0.000999
"4957_2",0.020293
"4971_8",0.993759
"913_1",0.002704
"10311_10",0.992423
"10558_9",0.992851
"304_10",0.988820
"7499_9",0.993307
"6529_10",0.993307
"2069_10",0.986403
"1366_10",0.991684
"10303_3",0.001125
"4476_8",0.993150
"8032_10",0.993599
"8392_8",0.992259
"10158_9",0.992274
"10886_7",0.992851
"1789_2",0.002790
"3113_1",0.002392
"7713_1",0.000646
"2685_10",0.993891
"9760_10",0.994488
"12401_10",0.989652
"2489_10",0.986623
"6382_1",0.000548
"2352_2",0.002785
"9440_1",0.000595
"10695_10",0.992274
"7297_8",0.909947
"11703_4",0.201185
"4733_1",0.001170
"1769_4",0.001444
"12219_7",0.994225
"1725_1",0.001071
"1711_8",0.289497
"7466_8",0.985440
"6987_10",0.993831
"12351_1",0.000586
"4929_10",0.988108
"10281_4",0.000833
"11555_7",0.992289
"2075_9",0.988391
"755_10",0.987472
"11705_8",0.989682
"1434_10",0.988391
"6189_7",0.035611
"3645_7",0.908739
"2963_9",0.989389
"3487_9",0.993242
"6368_7",0.992214
"2240_1",0.002463
"10126_9",0.985950
"5366_1",0.000775
"8058_10",0.993333
"10746_8",0.921499
"4852_3",0.003877
"5371_7",0.993397
"303_2",0.093761
"7169_4",0.113973
"4284_3",0.001216
"7539_2",0.000665
"11410_1",0.053899
"4710_2",0.000688
"7660_1",0.002136
"10378_8",0.990102
"10580_10",0.990587
"4295_1",0.001668
"4433_1",0.000645
"6959_9",0.994236
"6769_4",0.005070
"11996_1",0.000598
"10341_7",0.953362
"2337_1",0.000839
"11119_8",0.990044
"4228_2",0.000687
"3680_1",0.000511
"11256_1",0.000724
"1884_7",0.981997
"4750_8",0.993649
"4890_3",0.980262
"7159_10",0.994434
"10622_1",0.000618
"11753_1",0.003862
"8352_10",0.994225
"2188_9",0.992767
"6913_9",0.988613
"9193_1",0.000738
"9572_4",0.206654
"5136_2",0.001645
"4799_2",0.001032
"5045_8",0.991170
"9538_1",0.000516
"1565_4",0.087408
"12134_7",0.986284
"1437_8",0.988119
"5319_9",0.994830
"3709_10",0.988646
"2642_8",0.992879
"11143_9",0.989192
"864_10",0.993795
"9283_3",0.001912
"5089_9",0.993612
"9917_10",0.981167
"3800_7",0.988885
"6074_7",0.989045
"6433_7",0.989129
"6715_1",0.000646
"594_1",0.000539
"2469_1",0.000812
"3155_1",0.011687
"7458_10",0.982955
"2020_1",0.000776
"6921_8",0.992510
"9662_7",0.994066
"9567_7",0.989347
"5187_1",0.000486
"6831_4",0.000853
"7829_4",0.006552
"3868_3",0.005090
"2224_10",0.991985
"12015_1",0.000909
"841_1",0.000929
"224_3",0.001458
"4805_9",0.993891
"7513_2",0.003953
"7065_3",0.001461
"6192_3",0.079424
"6075_10",0.994499
"10611_7",0.988558
"10471_10",0.990997
"4198_10",0.978323
"10756_7",0.986031
"11960_1",0.005080
"2885_9",0.987055
"6837_3",0.008627
"1917_2",0.001346
"7143_3",0.001629
"1762_10",0.991406
"12066_10",0.989317
"8410_7",0.025275
"10729_4",0.158695
"6967_3",0.141875
"734_7",0.993783
"1524_10",0.989938
"2479_9",0.991255
"130_4",0.000659
"201_9",0.993759
"6157_9",0.987399
"9362_2",0.000820
"3858_10",0.990962
"9895_10",0.994169
"9953_3",0.001871
"4667_7",0.185062
"1951_1",0.000540
"8724_8",0.990821
"2886_7",0.375284
"7491_10",0.990329
"10403_4",0.014351
"7362_10",0.986866
"9466_9",0.994066
"9079_7",0.994391
"10171_1",0.003922
"9511_9",0.991969
"8775_1",0.006552
"6462_2",0.002720
"3129_2",0.010798
"12461_1",0.001875
"8541_10",0.961061
"4241_7",0.984170
"6533_10",0.153676
"12131_2",0.019928
"11577_4",0.002157
"6063_3",0.001346
"1760_9",0.966028
"3396_1",0.005240
"5385_8",0.991373
"7212_2",0.000551
"3522_8",0.990997
"1397_10",0.980636
"387_8",0.987723
"4143_9",0.987017
"9483_2",0.000833
"3250_10",0.993255
"8758_4",0.001531
"7551_10",0.991204
"2068_1",0.000550
"9534_9",0.989192
"11561_8",0.985043
"3083_2",0.004000
"2973_1",0.028275
"6574_10",0.989761
"5442_2",0.000609
"6343_3",0.002063
"6723_1",0.001107
"6252_8",0.980431
"8465_1",0.000828
"1906_7",0.010072
"7492_7",0.992304
"5508_7",0.990366
"5936_8",0.986494
"5086_8",0.989899
"2134_7",0.989440
"8301_4",0.517144
"8423_2",0.002449
"6241_10",0.989055
"8550_4",0.035478
"3330_10",0.988755
"8825_8",0.679012
"8030_1",0.000776
"4884_4",0.022672
"8391_9",0.981945
"9776_1",0.054803
"1389_7",0.936634
"12224_4",0.013454
"2162_7",0.992640
"8490_10",0.989918
"12003_4",0.013506
"11043_3",0.017695
"7266_2",0.000825
"4480_10",0.986191
"11954_9",0.993359
"3280_2",0.002217
"8084_2",0.000892
"3913_4",0.002611
"7353_10",0.992349
"3161_10",0.987841
"3941_1",0.000844
"7992_9",0.990551
"10742_10",0.989986
"69_10",0.991221
"10415_3",0.004944
"4818_10",0.992611
"5563_10",0.975901
"7018_10",0.991136
"8873_4",0.004348
"10593_3",0.001466
"12251_3",0.001272
"731_4",0.002157
"1195_10",0.994900
"7337_1",0.001101
"2448_7",0.992934
"4444_2",0.023985
"9223_2",0.004783
"463_8",0.994135
"4335_4",0.002632
"9635_8",0.985510
"8738_4",0.251464
"6724_1",0.001242
"5504_1",0.000844
"10185_1",0.001154
"901_9",0.991875
"10452_8",0.989182
"8289_10",0.987055
"10112_1",0.000486
"9950_8",0.994203
"8644_4",0.001868
"11534_7",0.993096
"5708_4",0.072440
"6781_1",0.000693
"3582_10",0.994146
"4591_7",0.981382
"3327_1",0.327820
"9536_9",0.986841
"3047_2",0.002153
"2830_9",0.989337
"4300_1",0.061933
"4160_4",0.014476
"11783_10",0.990422
"6029_9",0.993110
"6907_2",0.006811
"691_2",0.003191
"585_1",0.000795
"11182_3",0.299873
"10433_2",0.000871
"11201_2",0.007741
"588_7",0.976265
"2522_10",0.994423
"7002_2",0.000606
"2059_10",0.993710
"4925_10",0.992597
"7791_9",0.993843
"6392_10",0.993879
"3305_7",0.993819
"11951_10",0.993771
"12167_1",0.000741
"5814_10",0.994347
"2590_10",0.984351
"10571_3",0.002507
"5452_4",0.002975
"6480_10",0.987628
"11050_8",0.987935
"11523_3",0.000623
"6556_8",0.993202
"597_9",0.993163
"4049_3",0.010966
"6652_8",0.994169
"5591_4",0.046292
"12295_1",0.000575
"11478_10",0.989830
"6436_1",0.000814
"2487_2",0.002699
"7520_7",0.993747
"5203_9",0.994509
"6162_10",0.992154
"3840_4",0.019852
"7471_10",0.994077
"5021_1",0.000828
"5593_10",0.987216
"7489_10",0.987092
"1208_10",0.989470
"11983_10",0.989450
"23_4",0.001211
"3622_7",0.025347
"7821_1",0.000947
"9726_3",0.001238
"2890_10",0.989801
"11695_4",0.381983
"3751_10",0.994157
"5136_8",0.994314
"8730_7",0.986271
"4341_7",0.444776
"9148_3",0.000761
"6385_3",0.090897
"8560_8",0.949716
"766_2",0.001008
"8847_10",0.987412
"7455_1",0.000597
"3187_8",0.981840
"9683_1",0.000582
"7744_10",0.988108
"11136_10",0.993176
"214_1",0.000707
"2105_9",0.994135
"1265_10",0.990514
"9122_2",0.001475
"9296_10",0.991554
"8107_2",0.000913
"8134_2",0.003622
"3788_10",0.992583
"2429_10",0.988268
"8567_1",0.000602
"7400_10",0.978814
"1789_7",0.296196
"11098_2",0.001252
"918_10",0.811937
"3389_10",0.985086
"3754_1",0.020489
"8807_9",0.993096
"7900_9",0.994358
"6541_1",0.001167
"981_1",0.001901
"2142_9",0.993587
"1639_1",0.001661
"4162_1",0.000664
"2476_10",0.993436
"9941_4",0.346845
"4020_3",0.005491
"6823_4",0.006327
"6236_2",0.000704
"7793_4",0.034554
"7431_9",0.992865
"6864_7",0.390712
"184_9",0.194444
"735_7",0.979900
"1673_8",0.994203
"6209_1",0.000779
"4167_10",0.993002
"7854_1",0.005170
"6281_7",0.990839
"3045_1",0.000649
"598_9",0.993673
"5411_10",0.991587
"3781_4",0.005501
"10627_2",0.001107
"11283_2",0.052038
"4594_8",0.974701
"12424_7",0.986546
"6705_8",0.981489
"5274_8",0.978010
"2107_7",0.982608
"10685_7",0.975507
"1992_10",0.986662
"6711_1",0.000785
"1899_10",0.991187
"6307_9",0.987841
"5702_10",0.988906
"6865_7",0.988917
"5047_10",0.992920
"2762_8",0.986311
"2830_4",0.001259
"9305_7",0.982254
"4358_1",0.000874
"7558_10",0.993487
"8607_10",0.990197
"4599_9",0.982389
"5267_4",0.002710
"5667_10",0.990235
"10108_8",0.988369
"8432_3",0.007108
"845_2",0.003869
"552_2",0.450087
"169_7",0.992423
"12311_1",0.000700
"5884_3",0.002663
"2938_4",0.987841
"11378_7",0.524212
"7337_10",0.989632
"4378_7",0.986044
"4660_10",0.993487
"2461_4",0.004015
"7011_10",0.994531
"9907_2",0.000611
"6134_2",0.002112
"1548_1",0.024493
"157_3",0.006229
"2189_2",0.001455
"9021_3",0.050705
"7699_1",0.001044
"9298_1",0.000769
"539_3",0.075721
"10243_2",0.000931
"8659_9",0.988154
"10748_8",0.989192
"6757_4",0.004281
"7196_8",0.989108
"2579_9",0.989108
"5896_10",0.988939
"2308_9",0.990696
"12318_1",0.006098
"12244_4",0.001383
"10131_7",0.987412
"3608_4",0.004442
"10891_10",0.989771
"10517_10",0.990997
"2180_8",0.987818
"2498_7",0.992319
"3382_1",0.000704
"12196_4",0.007861
"7079_3",0.002694
"562_8",0.003700
"984_3",0.002689
"7756_10",0.988777
"11553_1",0.000938
"1880_4",0.003854
"9842_7",0.975367
"795_3",0.001046
"11707_10",0.987154
"8457_9",0.989692
"2483_4",0.000833
"4903_3",0.035112
"12223_2",0.000925
"8418_2",0.000655
"6194_10",0.994236
"3214_10",0.994780
"12208_3",0.000972
"7001_10",0.989551
"8533_8",0.985384
"8236_4",0.001061
"2867_1",0.000983
"7876_9",0.993096
"9640_8",0.987958
"11866_3",0.000880
"4262_4",0.001540
"5711_4",0.031559
"214_9",0.984694
"9641_4",0.009522
"9086_9",0.994402
"12088_2",0.001046
"76_8",0.989244
"1537_10",0.993487
"10510_2",0.000590
"778_1",0.001525
"458_9",0.989275
"12472_1",0.000514
"7914_1",0.092606
"8595_10",0.990732
"7741_4",0.005820
"9056_4",0.007592
"538_4",0.010509
"12049_4",0.016850
"9613_8",0.989327
"7051_4",0.003802
"2549_7",0.991356
"12139_3",0.001555
"4006_7",0.985538
"11662_10",0.987723
"497_2",0.001002
"5556_2",0.001048
"8287_10",0.991764
"4712_9",0.994043
"8237_1",0.000600
"4466_9",0.988613
"4141_1",0.005230
"3303_10",0.992047
"5384_2",0.000646
"8494_1",0.000582
"5127_2",0.217836
"6961_9",0.993499
"10856_1",0.000758
"9421_7",0.984913
"3776_10",0.994236
"5958_1",0.000688
"6227_8",0.993649
"10991_1",0.001267
"7996_10",0.988799
"12372_9",0.985814
"1460_2",0.585303
"10183_1",0.000612
"2829_4",0.000667
"9797_4",0.002862
"2988_3",0.001004
"3974_3",0.044723
"11419_4",0.000659
"11472_7",0.954858
"8489_7",0.988842
"11938_4",0.003517
"1057_8",0.987092
"7213_1",0.000799
"2615_10",0.887935
"3101_1",0.001080
"7553_1",0.000732
"10258_1",0.000913
"8551_10",0.994531
"11233_4",0.001531
"2996_4",0.121634
"8670_3",0.023644
"10586_9",0.980487
"501_10",0.994089
"11398_9",0.987664
"9223_8",0.989918
"5432_9",0.975554
"7517_10",0.990606
"11616_7",0.978260
"5055_2",0.000711
"9285_1",0.000812
"5175_1",0.000789
"872_1",0.000574
"8890_7",0.988646
"178_2",0.001183
"10660_4",0.011755
"11461_4",0.363915
"9461_8",0.986752
"3992_3",0.001354
"1173_1",0.001464
"8261_10",0.990348
"10007_4",0.001839
"10751_10",0.991356
"5021_8",0.986244
"10553_7",0.984366
"12464_8",0.989275
"8616_8",0.993879
"9697_1",0.001359
"2800_1",0.000625
"521_1",0.002301
"7535_10",0.994031
"4352_9",0.987604
"2246_10",0.993229
"7039_4",0.001755
"10344_4",0.001433
"12195_10",0.993372
"3671_4",0.013584
"1767_2",0.000766
"6536_1",0.001564
"8951_1",0.001078
"12462_9",0.993537
"8489_2",0.006732
"11884_10",0.994770
"8602_1",0.002556
"9229_1",0.000804
"10611_3",0.003456
"6764_4",0.075653
"2612_1",0.001061
"213_3",0.001598
"1987_2",0.000590
"3082_9",0.988313
"10504_7",0.985158
"8862_9",0.988960
"5512_10",0.963300
"3198_10",0.993281
"11521_1",0.000964
"9841_8",0.985215
"1781_10",0.992437
"8389_1",0.000815
"10225_1",0.000623
"1403_4",0.001351
"3792_8",0.987017
"4361_9",0.989811
"6579_7",0.985718
"3891_2",0.007741
"10782_8",0.985086
"12290_2",0.000736
"1710_1",0.000841
"5507_7",0.984840
"10523_1",0.013046
"6722_10",0.009727
"3401_10",0.992554
"8079_1",0.000691
"5650_10",0.987876
"1843_4",0.002591
"8228_7",0.869549
"1138_8",0.984396
"7943_9",0.982922
"2219_4",0.000621
"11675_4",0.005544
"7748_9",0.994423
"3859_1",0.001002
"1497_1",0.000985
"2115_10",0.993819
"9622_4",0.000590
"9482_10",0.988701
"9084_2",0.006745
"2744_1",0.000754
"6599_3",0.001927
"10991_10",0.992139
"8444_9",0.989928
"1362_3",0.002647
"6820_10",0.994020
"10806_3",0.360602
"5509_3",0.692460
"1939_8",0.984767
"498_1",0.000874
"12238_10",0.024261
"4154_4",0.001846
"11557_1",0.000637
"6658_7",0.984276
"1183_2",0.000773
"3764_10",0.954265
"12421_3",0.004764
"8166_1",0.000900
"88_10",0.991907
"6291_7",0.991032
"4637_2",0.001197
"4194_10",0.985014
"9020_10",0.989751
"9749_8",0.979374
"3308_1",0.002239
"2569_9",0.994820
"9696_8",0.986803
"8680_1",0.001084
"10469_3",0.000639
"6208_1",0.000707
"9862_3",0.140395
"7663_10",0.986688
"811_10",0.993096
"5452_8",0.989087
"4347_10",0.986649
"10922_8",0.985524
"10466_3",0.009860
"11650_8",0.994467
"5126_4",0.025347
"3454_8",0.986258
"11021_10",0.994391
"1160_1",0.000556
"1948_10",0.992481
"8741_10",0.378692
"8996_4",0.973494
"11572_2",0.001216
"2183_7",0.985580
"1779_9",0.987129
"5466_10",0.993176
"1756_1",0.000721
"7777_3",0.000739
"429_3",0.018476
"1736_10",0.992525
"1746_10",0.988165
"7613_8",0.987664
"4315_10",0.991587
"12186_10",0.993359
"4231_8",0.987067
"659_8",0.993242
"7739_10",0.994314
"43_10",0.990714
"2960_4",0.001642
"11665_4",0.002715
"4399_9",0.994225
"6993_8",0.992851
"6523_10",0.994247
"7068_1",0.000902
"3005_1",0.099821
"10419_8",0.994314
"3160_2",0.006850
"1881_10",0.945500
"5623_10",0.978156
"2263_10",0.988971
"5736_8",0.991136
"550_3",0.002591
"368_4",0.427453
"9100_10",0.993487
"930_3",0.237267
"866_10",0.988679
"11251_7",0.994191
"10708_9",0.978996
"247_2",0.003573
"4080_10",0.985440
"2104_10",0.994509
"8_2",0.001183
"1485_3",0.000841
"3133_1",0.000957
"331_10",0.994667
"12213_1",0.001367
"2825_3",0.001919
"8316_3",0.002541
"11102_3",0.000798
"9719_1",0.000843
"1951_7",0.991891
"10577_1",0.000617
"9941_9",0.992906
"12246_1",0.000576
"7579_4",0.050051
"7111_7",0.983707
"1068_3",0.000915
"1872_4",0.333530
"834_4",0.123630
"12088_7",0.754214
"7785_3",0.437839
"7364_10",0.991538
"4441_2",0.001957
"3957_10",0.994191
"7789_1",0.001441
"3296_1",0.001046
"6656_8",0.959269
"7366_2",0.000993
"10579_10",0.984826
"1292_8",0.984927
"3172_10",0.990962
"4948_10",0.994314
"8690_3",0.002715
"3279_1",0.000853
"7221_3",0.001585
"6376_2",0.004915
"4901_4",0.009596
"1591_10",0.992077
"2905_4",0.001629
"8656_7",0.961678
"10100_3",0.060919
"6918_10",0.985271
"7105_8",0.989672
"8220_10",0.987363
"916_3",0.001034
"7831_8",0.121113
"11118_10",0.992123
"7993_10",0.987424
"2665_3",0.022846
"1680_2",0.001372
"632_8",0.987142
"5838_10",0.993795
"4039_9",0.994380
"309_3",0.005664
"6715_7",0.974313
"9130_4",0.003953
"722_10",0.993512
"9485_3",0.000750
"5421_9",0.980562
"2053_4",0.000779
"8824_4",0.003443
"906_4",0.024076
"4325_4",0.032682
"3131_1",0.004495
"4732_10",0.977586
"7628_1",0.001604
"3903_8",0.988358
"2781_7",0.991339
"2530_1",0.000831
"8740_9",0.988085
"9456_4",0.000739
"8705_10",0.991489
"9894_4",0.009250
"7573_10",0.994749
"117_1",0.000525
"1578_7",0.006615
"2822_9",0.992214
"2544_10",0.994146
"10988_10",0.993110
"9846_3",0.000885
"6242_3",0.000748
"5626_3",0.043488
"4053_9",0.988458
"10157_8",0.993294
"10582_2",0.000570
"11091_1",0.001120
"10436_8",0.994402
"3432_8",0.992214
"3007_3",0.237576
"11467_4",0.072571
"9877_8",0.031056
"4839_1",0.000689
"2766_3",0.003877
"11528_9",0.993698
"4327_1",0.000598
"8087_10",0.988062
"3394_10",0.994760
"4690_4",0.767864
"11642_8",0.072374
"2603_1",0.001118
"9578_8",0.987067
"8316_10",0.983925
"8184_9",0.989732
"9764_10",0.994369
"3248_2",0.000618
"5784_3",0.001868
"3686_1",0.000526
"10901_10",0.980618
"606_9",0.988039
"6887_1",0.000626
"4240_4",0.004086
"977_9",0.994054
"2232_7",0.987067
"4107_8",0.991652
"11897_10",0.994499
"10418_8",0.991844
"5274_1",0.002616
"5978_10",0.992654
"6781_7",0.980167
"6704_10",0.993176
"8290_4",0.007756
"9826_8",0.974410
"10066_1",0.118385
"1135_1",0.001105
"6683_9",0.993855
"9991_8",0.987993
"1710_10",0.985950
"4774_2",0.003093
"3621_2",0.005888
"9258_1",0.002683
"12244_8",0.994531
"401_1",0.000684
"11869_10",0.994157
"3092_3",0.001018
"2910_7",0.989244
"961_1",0.024751
"6927_7",0.990083
"4819_2",0.000944
"658_7",0.985950
"5477_2",0.009522
"7766_1",0.001038
"4159_3",0.001665
"5010_10",0.991985
"11093_3",0.009161
"7287_10",0.995037
"3462_9",0.987179
"1652_1",0.000924
"12077_2",0.022737
"3798_10",0.980913
"2696_10",0.993436
"2803_8",0.989561
"11941_2",0.000906
"8090_8",0.983785
"6994_4",0.010249
"1242_7",0.993359
"8828_9",0.992108
"1346_1",0.000598
"468_1",0.003396
"3665_4",0.003930
"4476_4",0.097562
"6043_9",0.991489
"5830_3",0.000916
"3159_10",0.989265
"6975_1",0.978508
"7338_1",0.000706
"1424_10",0.987314
"6487_7",0.988514
"3023_7",0.985482
"4749_3",0.003040
"4596_3",0.017695
"4681_8",0.994225
"4235_1",0.001359
"2912_8",0.974508
"6552_1",0.000729
"4329_1",0.001116
"3876_1",0.001181
"9168_9",0.990140
"8747_10",0.936052
"11842_10",0.994347
"5612_10",0.990366
"10371_8",0.993747
"4804_7",0.987946
"4914_7",0.745630
"2520_3",0.224310
"8053_3",0.000979
"11302_4",0.012171
"4766_1",0.332500
"1820_4",0.018743
"4668_1",0.000828
"3521_2",0.000773
"3467_7",0.992920
"1885_4",0.013902
"4206_1",0.001335
"2774_10",0.993216
"12060_1",0.001097
"5664_10",0.355719
"7078_10",0.986611
"4797_8",0.994066
"2735_3",0.000595
"7981_4",0.026658
"10440_7",0.990404
"11611_7",0.985787
"5553_1",0.001803
"12415_2",0.224480
"10807_3",0.008156
"5539_1",0.003034
"9489_10",0.990927
"11053_10",0.986879
"7493_10",0.994020
"10400_4",0.007108
"9856_10",0.993448
"6813_10",0.992259
"679_10",0.993612
"7502_3",0.001103
"3842_7",0.986125
"7800_10",0.992725
"4253_9",0.987592
"2103_1",0.002213
"9581_3",0.007577
"7335_10",0.994066
"3304_8",0.807043
"12276_3",0.041540
"5451_3",0.001492
"1873_3",0.005343
"5857_7",0.003622
"5423_10",0.992199
"6400_10",0.993216
"6419_3",0.001063
"3775_4",0.006958
"5165_8",0.981382
"6555_1",0.001464
"3806_4",0.002406
"8584_7",0.992062
"5390_7",0.991603
"10965_1",0.000675
"6680_9",0.994336
"5034_1",0.000715
"7718_2",0.000722
"2688_4",0.221603
"9107_2",0.000598
"5993_1",0.000663
"7456_10",0.988971
"8581_8",0.993686
"8852_3",0.002071
"4239_10",0.992697
"9012_10",0.988853
"6661_9",0.988842
"6786_10",0.810254
"12257_3",0.017013
"8700_8",0.954095
"8848_8",0.988613
"11377_4",0.001183
"4722_2",0.004802
"8546_9",0.990606
"3091_4",0.000719
"4124_7",0.138987
"10860_10",0.994054
"2684_10",0.993069
"4968_10",0.994541
"10785_4",0.000708
"4871_8",0.993294
"1064_8",0.993436
"9452_2",0.000999
"9965_1",0.000612
"1358_10",0.901314
"12094_10",0.993268
"415_10",0.991289
"8308_10",0.360672
"11112_9",0.992934
"6271_4",0.003657
"7324_8",0.992683
"7950_8",0.993843
"8880_3",0.000631
"5610_7",0.982134
"3918_8",0.994259
"7209_2",0.000663
"4916_10",0.994008
"6782_3",0.066691
"5607_3",0.000812
"5492_10",0.992184
"2824_3",0.000760
"1533_10",0.990874
"9663_9",0.990083
"11087_3",0.001504
"3360_1",0.001059
"12040_1",0.000487
"329_10",0.994541
"4819_7",0.987580
"11985_8",0.977905
"6491_4",0.008093
"7151_10",0.993819
"6807_10",0.993436
"3353_10",0.985286
"3592_10",0.994031
"928_10",0.961135
"3100_7",0.979765
"7390_3",0.002099
"8466_8",0.554048
"777_10",0.994594
"10007_10",0.993914
"7673_1",0.000900
"8255_1",0.013020
"3734_8",0.988403
"6217_10",0.052328
"2264_1",0.015410
"7637_7",0.989672
"3494_3",0.008661
"1012_1",0.001214
"9796_2",0.007969
"444_2",0.000861
"10968_8",0.987104
"8328_10",0.993461
"2417_8",0.987841
"253_3",0.001447
"3740_8",0.987017
"5904_3",0.307332
"6664_8",0.985158
"12027_1",0.000612
"8658_10",0.318353
"4505_1",0.000623
"1008_10",0.993950
"7922_3",0.001466
"655_10",0.991700
"6383_10",0.994259
"5868_1",0.004664
"7827_10",0.984411
"722_3",0.008762
"3933_4",0.000983
"1358_3",0.002079
"8939_8",0.993636
"9502_10",0.987080
"4798_9",0.993056
"7088_3",0.008847
"9904_3",0.000724
"11214_2",0.000977
"11293_8",0.974117
"11924_10",0.992975
"6168_8",0.988971
"4329_10",0.986376
"10345_3",0.001145
"5512_3",0.001071
"1291_1",0.000769
"7568_3",0.000614
"2747_4",0.002556
"7484_1",0.000766
"3915_2",0.000772
"8527_4",0.001810
"4686_10",0.987676
"6909_1",0.001875
"10587_10",0.989948
"9167_8",0.986271
"4739_4",0.943348
"6266_4",0.005281
"6155_10",0.994467
"11409_9",0.974821
"3874_7",0.649690
"7049_3",0.014037
"11158_2",0.003743
"5714_10",0.992062
"11248_1",0.000714
"8854_3",0.976243
"3191_4",0.004700
"5537_7",0.985342
"4919_7",0.981293
"8109_9",0.994358
"7476_4",0.005957
"5890_10",0.994043
"5837_10",0.993771
"2623_9",0.994236
"5033_1",0.002047
"12055_8",0.986790
"8420_4",0.010014
"5854_10",0.994157
"9631_7",0.991084
"11705_3",0.025785
"3869_7",0.988369
"10836_9",0.993320
"7027_1",0.000944
"55_4",0.000685
"11124_8",0.993926
"3533_3",0.000761
"1552_10",0.994749
"11307_1",0.000899
"11974_7",0.972571
"7246_3",0.002571
"10648_3",0.000970
"11991_10",0.956553
"10494_8",0.994573
"8109_1",0.000530
"4764_1",0.000742
"3527_1",0.000844
"4059_9",0.993759
"3729_4",0.003456
"5073_4",0.960510
"4984_9",0.990533
"2371_10",0.980337
"9597_10",0.992851
"10823_9",0.994336
"3123_10",0.989108
"2951_10",0.990348
"9800_1",0.000671
"1824_3",0.009652
"6238_2",0.001561
"8830_9",0.983644
"12355_8",0.984752
"4002_10",0.989389
"405_10",0.986917
"4314_1",0.005021
"9201_10",0.994890
"10466_8",0.992753
"3736_2",0.001938
"1641_10",0.994520
"3381_1",0.067855
"11711_9",0.993176
"4970_3",0.005448
"6958_10",0.991305
"646_9",0.994236
"3590_9",0.993722
"7218_9",0.992879
"5091_10",0.994488
"8820_2",0.149221
"3938_8",0.984971
"2616_10",0.421552
"7808_1",0.000957
"3508_10",0.994043
"8974_8",0.987888
"4383_4",0.405018
"6360_4",0.023264
"2759_8",0.988503
"7417_1",0.000637
"10880_1",0.001197
"5488_2",0.001145
"8015_9",0.980784
"6484_3",0.012171
"10117_1",0.000599
"11363_1",0.000766
"3334_7",0.977110
"3369_7",0.908130
"9609_1",0.000672
"8396_10",0.987191
"8267_10",0.991322
"10335_7",0.993698
"1973_4",0.055515
"7123_10",0.993512
"6949_9",0.995037
"10652_4",0.003671
"10256_4",0.001174
"4557_9",0.994729
"8929_1",0.001297
"2429_1",0.000933
"3994_1",0.006837
"11454_7",0.306942
"11874_4",0.026836
"4891_3",0.004700
"2216_7",0.994369
"2039_4",0.008478
"505_1",0.002673
"313_1",0.000726
"3383_2",0.000841
"9453_7",0.154058
"426_9",0.028517
"311_10",0.993698
"11291_10",0.986828
"835_8",0.987520
"2143_9",0.987179
"8200_2",0.001188
"11716_2",0.988154
"3786_2",0.002652
"3818_4",0.001142
"12106_1",0.000700
"2605_4",0.016450
"10518_7",0.977088
"3932_8",0.982254
"7515_4",0.004281
"9857_10",0.639229
"449_3",0.013071
"3573_9",0.994477
"10198_8",0.982185
"2286_9",0.994563
"6906_3",0.001513
"3807_2",0.037397
"11602_8",0.261519
"10201_7",0.992823
"8717_8",0.992525
"10411_10",0.988558
"11099_3",0.000846
"5619_10",0.980543
"9252_10",0.992739
"6097_10",0.994325
"6467_1",0.000602
"2757_2",0.001793
"1869_10",0.994236
"5192_2",0.003945
"11399_10",0.992892
"898_3",0.334753
"6820_2",0.000784
"768_2",0.001099
"1783_10",0.988324
"8102_9",0.987759
"7818_2",0.002642
"2444_10",0.992304
"3965_4",0.001269
"7086_4",0.790652
"10556_3",0.005555
"5221_1",0.001320
"4322_10",0.993359
"7371_1",0.000651
"1318_8",0.986917
"8142_3",0.002401
"3413_10",0.983660
"3845_9",0.993002
"7323_1",0.000822
"5273_3",0.001976
"11812_4",0.045058
"5737_7",0.985608
"7260_2",0.010530
"5018_3",0.005809
"7779_10",0.991221
"894_7",0.961965
"11940_3",0.001218
"2471_7",0.473383
"6605_10",0.987723
"282_10",0.804214
"12402_3",0.059265
"7974_1",0.000547
"12280_7",0.991780
"10917_2",0.001204
"12164_1",0.001018
"3181_1",0.001289
"11240_1",0.056600
"11255_9",0.987818
"2318_2",0.000687
"4976_7",0.988436
"1822_8",0.987604
"11724_7",0.746994
"3499_3",0.000817
"9439_9",0.955569
"5469_10",0.994573
"7612_9",0.994677
"3947_8",0.992640
"11269_1",0.000893
"5771_8",0.992795
"4461_8",0.990945
"5683_9",0.988165
"639_1",0.000545
"9896_3",0.555300
"5131_8",0.989722
"5961_3",0.000761
"5741_2",0.000970
"6418_4",0.528016
"5416_1",0.000766
"3114_7",0.984531
"3587_3",0.002536
"5472_10",0.988928
"9802_9",0.990102
"4313_3",0.152347
"2921_7",0.987853
"11468_8",0.975060
"12250_10",0.994325
"3481_10",0.985014
"2067_2",0.000649
"8574_4",0.032713
"861_9",0.993136
"10381_2",0.000748
"5479_1",0.004039
"1107_9",0.987911
"4475_1",0.000629
"469_2",0.001714
"605_4",0.159807
"2182_1",0.001163
"9401_7",0.986071
"2518_8",0.992711
"5329_8",0.989470
"3202_1",0.000667
"256_4",0.033211
"7235_3",0.002763
"4661_3",0.986598
"11045_1",0.006501
"1417_4",0.001930
"4186_10",0.981364
"985_4",0.002283
"6553_1",0.001919
"3118_1",0.002265
"3297_1",0.000776
"5843_10",0.962568
"7645_7",0.982624
"11958_1",0.000637
"10823_3",0.002043
"5097_4",0.025834
"4344_10",0.994719
"5442_8",0.979881
"11969_10",0.686790
"7015_10",0.992683
"1419_4",0.009708
"914_1",0.000718
"11911_8",0.972310
"5930_8",0.297674
"3853_10",0.987829
"9404_1",0.000601
"207_9",0.993879
"2018_1",0.000806
"11192_7",0.125762
"6679_4",0.358774
"1184_3",0.000779
"3291_10",0.993985
"12323_9",0.987302
"7524_1",0.000772
"443_8",0.994089
"7964_1",0.000863
"730_1",0.000775
"8969_7",0.988679
"8581_3",0.009073
"12152_4",0.003383
"4528_10",0.978652
"5984_2",0.000665
"4446_10",0.989296
"7039_8",0.978447
"591_8",0.993783
"6869_7",0.988073
"1836_7",0.991067
"4183_10",0.993759
"8590_1",0.000853
"5647_10",0.985200
"11076_10",0.987723
"11241_1",0.000717
"876_10",0.994402
"8390_1",0.000809
"1462_9",0.981858
"8362_7",0.283558
"3400_1",0.000843
"2318_8",0.992947
"5389_4",0.346707
"8617_4",0.001576
"9200_10",0.988547
"8878_10",0.993029
"12110_1",0.094594
"9101_10",0.994541
"4967_3",0.002453
"12436_1",0.000573
"8845_4",0.019587
"3420_4",0.006890
"7428_7",0.978426
"11769_10",0.989870
"7025_1",0.003130
"1561_10",0.989918
"3704_1",0.000735
"3529_8",0.986815
"12234_4",0.222193
"10600_3",0.001020
"1028_4",0.020685
"6764_10",0.994423
"1815_2",0.001684
"10953_4",0.000830
"2809_7",0.993843
"8393_10",0.994499
"2743_1",0.022521
"10711_10",0.994840
"6173_10",0.994292
"9664_7",0.381094
"6335_3",0.000728
"1665_4",0.010860
"4174_10",0.988799
"2038_1",0.000605
"3717_10",0.990216
"9361_10",0.988745
"415_1",0.001868
"1460_9",0.989501
"5915_4",0.022934
"7187_3",0.001930
"11050_1",0.000739
"8822_10",0.993771
"12407_1",0.000747
"4543_2",0.000953
"10560_9",0.994467
"9108_10",0.994760
"2999_9",0.986494
"1703_7",0.989306
"206_2",0.000590
"2095_3",0.001610
"6454_8",0.987876
"2773_1",0.000628
"6252_1",0.001086
"2848_7",0.620111
"6887_10",0.994870
"8660_1",0.000718
"1675_9",0.988335
"9842_1",0.000849
"9118_10",0.986713
"5793_4",0.042642
"941_10",0.993320
"8832_1",0.008284
"7584_3",0.017127
"9746_10",0.994066
"1965_10",0.990254
"5346_10",0.994066
"9738_4",0.259450
"5905_9",0.994605
"336_1",0.001131
"5621_1",0.000579
"5976_10",0.992961
"3000_8",0.985977
"5172_7",0.993268
"311_3",0.000704
"2035_4",0.982955
"6084_10",0.988960
"7284_9",0.994077
"6449_8",0.962918
"8671_3",0.008933
"636_9",0.821689
"11330_8",0.994112
"1300_1",0.122104
"11538_1",0.001209
"5159_3",0.006513
"3742_9",0.991891
"11281_9",0.977263
"4128_1",0.003984
"4382_7",0.693875
"862_3",0.002269
"5941_8",0.986611
"8576_3",0.015998
"10570_1",0.000534
"10682_3",0.688468
"12497_10",0.993056
"2026_7",0.984531
"9657_10",0.994135
"999_8",0.989306
"1664_2",0.030705
"1795_8",0.897516
"4280_4",0.862757
"952_10",0.988154
"4725_7",0.992062
"8162_2",0.002039
"10062_9",0.540863
"4719_10",0.990385
"10388_4",0.119357
"6183_9",0.994146
"3703_8",0.991652
"11259_4",0.101411
"8578_8",0.994840
"12040_9",0.994445
"6500_7",0.991716
"3473_10",0.986258
"11784_4",0.020705
"613_10",0.992975
"4631_1",0.001731
"2426_10",0.978631
"7088_7",0.987290
"5851_7",0.985580
"3904_2",0.000526
"1329_7",0.371208
"2160_7",0.985882
"4796_10",0.986165
"8760_1",0.002536
"7859_8",0.986297
"4251_10",0.993202
"8143_4",0.007233
"11713_9",0.994169
"5037_10",0.994780
"9621_7",0.989801
"2600_10",0.993069
"2027_1",0.000586
"8225_1",0.000947
"12463_10",0.975296
"7842_8",0.974410
"4768_2",0.072900
"2644_1",0.000656
"4193_7",0.981329
"5150_7",0.981076
"5942_7",0.992906
"8293_1",0.000635
"6046_10",0.103115
"12148_9",0.989234
"966_10",0.015365
"6428_8",0.994314
"12465_2",0.000873
"342_10",0.150653
"9246_4",0.000731
"8683_4",0.176743
"627_7",0.990159
"5614_4",0.015248
"4546_3",0.001751
"4384_1",0.000650
"3144_1",0.002511
"9530_10",0.986853
"10558_4",0.000929
"619_1",0.000570
"11594_9",0.988380
"6511_7",0.992047
"8351_7",0.976913
"9163_3",0.000985
"12078_1",0.000844
"5489_8",0.987759
"4191_1",0.000619
"2373_10",0.280616
"8664_4",0.277718
"4556_2",0.002453
"9004_8",0.994214
"1357_4",0.001250
"152_10",0.994123
"2977_1",0.000626
"8812_1",0.000672
"8544_4",0.003938
"4821_2",0.001036
"7874_8",0.940463
"1689_1",0.000874
"9654_1",0.000888
"9363_2",0.002591
"8959_1",0.000706
"6113_1",0.002924
"10702_1",0.000715
"1839_4",0.003396
"10587_1",0.131619
"11715_3",0.983327
"12252_8",0.992229
"9480_3",0.000565
"6438_1",0.004556
"3762_9",0.994688
"5350_10",0.988734
"3927_9",0.989491
"9598_2",0.037503
"3930_3",0.000798
"6647_1",0.000848
"9251_10",0.989213
"5926_2",0.001980
"11530_8",0.987911
"1625_3",0.007984
"10515_8",0.897919
"11185_10",0.993448
"8675_10",0.994066
"3701_1",0.001458
"9222_10",0.993372
"6253_10",0.993973
"4657_7",0.680826
"10013_9",0.989098
"4938_10",0.994760
"3073_10",0.986017
"9081_8",0.994920
"6928_8",0.991603
"217_3",0.000729
"2927_3",0.005292
"2379_1",0.003292
"10476_2",0.038107
"8640_10",0.989491
"2810_3",0.000684
"6433_1",0.000725
"6390_10",0.983597
"11829_8",0.986071
"7581_10",0.993069
"11836_3",0.002678
"2794_1",0.002715
"5263_1",0.000804
"1041_10",0.994066
"7296_1",0.009936
"10557_8",0.993661
"5339_9",0.986151
"4766_8",0.988853
"8126_3",0.018282
"9876_2",0.000552
"2443_4",0.000942
"10179_10",0.993015
"6211_3",0.000619
"925_10",0.988635
"5050_8",0.994615
"1891_10",0.984927
"4767_3",0.208098
"11625_10",0.993574
"3388_2",0.000486
"4908_3",0.000885
"11205_9",0.985691
"2228_10",0.984396
"11236_1",0.001338
"2367_10",0.987484
"5060_3",0.001032
"3292_1",0.001028
"11282_2",0.000761
"5307_10",0.994358
"6963_4",0.050518
"1319_10",0.988831
"9660_1",0.000960
"7254_9",0.994488
"9441_10",0.993902
"3838_4",0.472988
"6209_8",0.979056
"3049_9",0.994292
"3033_4",0.052183
"784_4",0.000597
"3921_3",0.001495
"9196_8",0.989501
"7652_3",0.993042
"11650_1",0.001020
"1548_10",0.991796
"10770_7",0.976175
"3283_9",0.992906
"1567_1",0.002536
"10405_4",0.000940
"6980_1",0.000555
"12218_4",0.018194
"5250_10",0.990786
"11977_10",0.994281
"10602_2",0.001912
"11178_10",0.993649
"9590_10",0.981471
"1260_10",0.992334
"8367_10",0.994456
"2571_7",0.982574
"7422_1",0.000873
"5486_7",0.986416
"2282_8",0.993985
"6119_2",0.023487
"1433_8",0.994020
"12365_4",0.146209
"10535_3",0.000550
"5464_1",0.001001
"9983_7",0.994292
"10209_7",0.993372
"3777_1",0.960510
"12443_10",0.993914
"1488_4",0.322739
"8670_9",0.981040
"1258_10",0.993461
"9_7",0.991406
"12175_9",0.992975
"211_10",0.983004
"6329_7",0.977132
"8866_10",0.987129
"5911_9",0.994509
"6100_1",0.001620
"6342_9",0.984855
"5455_4",0.006719
"1215_1",0.000807
"11020_3",0.000595
"7975_1",0.001008
"6720_2",0.000681
"8986_10",0.986138
"4874_9",0.988939
"7204_1",0.000729
"2612_10",0.973544
"6923_9",0.993985
"5742_10",0.992319
"5044_3",0.003305
"5013_9",0.988119
"9752_8",0.994688
"1112_8",0.994336
"10925_8",0.993985
"7012_4",0.245492
"11484_10",0.986231
"883_4",0.041385
"2398_10",0.994900
"8990_8",0.609873
"1194_10",0.987676
"2313_1",0.001832
"9584_1",0.000620
"11638_10",0.993819
"5995_3",0.004802
"4456_10",0.990874
"321_1",0.898633
"7147_1",0.003470
"10212_4",0.008678
"7960_10",0.988569
"8022_7",0.979881
"11649_9",0.993372
"8442_8",0.986178
"8976_1",0.028463
"9199_10",0.994423
"8925_10",0.987030
"3079_2",0.000936
"7727_10",0.990385
"2338_1",0.002035
"3221_2",0.000600
"288_7",0.984971
"7150_10",0.993372
"7520_1",0.000945
"11477_10",0.992062
"7765_9",0.993985
"10062_4",0.001322
"10616_10",0.988211
"10592_8",0.993423
"6745_4",0.932699
"7912_2",0.001140
"1130_8",0.964086
"11096_4",0.001919
"10081_1",0.000744
"3808_10",0.979938
"394_4",0.004399
"7080_3",0.003052
"4479_10",0.992274
"11417_7",0.968141
"8402_3",0.160135
"6669_9",0.988734
"1494_10",0.988165
"7980_3",0.000785
"11366_10",0.984366
"7566_1",0.000683
"3778_1",0.009822
"317_2",0.001088
"8475_7",0.986866
"11012_2",0.007066
"11936_4",0.006364
"145_9",0.986376
"11427_1",0.001092
"2204_1",0.000933
"3373_8",0.987436
"4640_4",0.333015
"521_7",0.084871
"2871_2",0.267552
"9823_8",0.712282
"5893_1",0.002699
"8541_2",0.003832
"3403_3",0.000787
"8660_9",0.994281
"7046_3",0.000779
"338_1",0.000869
"9541_1",0.000540
"12179_7",0.988831
"9663_3",0.007303
"6948_3",0.001793
"10308_10",0.986790
"11027_10",0.991204
"6174_3",0.000763
"10151_8",0.993056
"10665_1",0.000915
"6453_2",0.001101
"3619_2",0.001067
"3114_1",0.003124
"1309_2",0.001034
"8468_1",0.002632
"8292_10",0.994698
"1955_1",0.001186
"4498_9",0.993649
"8075_9",0.987794
"10528_8",0.977989
"253_10",0.993216
"9467_4",0.929536
"4018_10",0.992781
"2644_10",0.991489
"7240_7",0.992640
"10929_7",0.927363
"9743_10",0.987544
"4641_3",0.001101
"5711_10",0.987652
"4912_2",0.001097
"455_1",0.012601
"2749_8",0.985215
"8780_8",0.449468
"2626_10",0.994391
"11745_2",0.000710
"6952_8",0.989948
"4645_2",0.000885
"10372_10",0.988679
"4282_2",0.003622
"2195_1",0.000741
"11058_3",0.001131
"9507_4",0.002217
"389_10",0.986713
"4388_10",0.991439
"9540_1",0.000565
"6610_4",0.004886
"8796_10",0.987508
"3746_1",0.000535
"11083_1",0.000526
"9901_1",0.000757
"4165_1",0.000858
"8928_9",0.994850
"8173_10",0.994531
"5161_1",0.000725
"11458_4",0.001824
"11206_9",0.980525
"3532_7",0.989013
"5088_1",0.000899
"11699_8",0.983263
"10114_2",0.000729
"8626_9",0.980876
"6702_2",0.001044
"3504_1",0.004468
"3353_4",0.109325
"6960_10",0.993083
"5529_10",0.987981
"5510_9",0.992539
"1868_10",0.884788
"11166_10",0.993176
"8411_2",0.001868
"9561_10",0.990660
"11290_2",0.001330
"1167_4",0.001348
"9577_3",0.004142
"1496_10",0.994423
"3042_10",0.992379
"4021_4",0.003216
"6643_10",0.988745
"806_10",0.994646
"1520_2",0.000631
"11133_10",0.993996
"2783_1",0.001341
"9570_10",0.984441
"2349_3",0.001604
"2242_9",0.991136
"6113_10",0.993333
"2153_1",0.000775
"9167_3",0.001466
"156_3",0.967717
"10607_7",0.992510
"4270_4",0.000856
"4713_1",0.000552
"2895_7",0.737205
"8240_1",0.005437
"12241_2",0.000728
"2919_10",0.994157
"11110_2",0.001250
"4502_8",0.980072
"11957_1",0.000675
"12338_2",0.049405
"2474_1",0.010209
"781_4",0.001835
"7528_1",0.001038
"3252_2",0.000683
"6778_8",0.985440
"3149_10",0.993950
"436_4",0.001014
"2586_1",0.000697
"3610_8",0.950180
"4392_10",0.994760
"8914_1",0.000687
"2197_1",0.000639
"3323_10",0.993176
"975_4",0.010268
"9407_3",0.001069
"12005_7",0.974917
"1911_1",0.000673
"3956_10",0.992123
"1441_8",0.994020
"10787_3",0.002314
"4569_10",0.991985
"11685_10",0.992437
"7810_10",0.989662
"3951_3",0.000985
"6050_10",0.977241
"2758_2",0.001674
"2664_10",0.985855
"1537_2",0.000624
"7988_1",0.006098
"6090_10",0.994890
"11509_10",0.989582
"2227_3",0.001320
"865_3",0.003824
"7138_8",0.993229
"7924_8",0.506652
"10104_1",0.000563
"3917_2",0.000803
"169_4",0.004802
"8630_7",0.990441
"7895_7",0.991985
"5485_10",0.990015
"8390_8",0.978529
"11497_7",0.988222
"8964_3",0.001228
"4647_4",0.026081
"12231_7",0.985566
"9634_4",0.046681
"8582_10",0.990159
"9237_4",0.002987
"2847_8",0.977543
"10940_1",0.000647
"2990_10",0.994054
"8377_8",0.983470
"1206_3",0.198452
"11719_9",0.993734
"7003_1",0.001315
"8012_4",0.004365
"2572_10",0.989732
"4126_8",0.986284
"9190_8",0.991780
"9625_8",0.992767
"4706_10",0.986494
"8697_2",0.000977
"435_7",0.992289
"81_3",0.682283
"6713_8",0.970882
"5840_10",0.989013
"5671_8",0.993268
"5064_3",0.001564
"1149_3",0.000818
"12324_10",0.993867
"6705_1",0.001576
"243_9",0.990216
"306_10",0.986713
"7134_3",0.002673
"3227_10",0.988142
"1363_10",0.987104
"5134_9",0.977349
"5269_1",0.083666
"10915_4",0.023644
"7591_2",0.000848
"2326_2",0.001101
"688_4",0.053059
"878_10",0.987818
"10245_9",0.988199
"7388_2",0.002141
"4304_1",0.000964
"6752_10",0.992154
"6881_8",0.993255
"10230_2",0.002183
"6901_1",0.000710
"441_10",0.993698
"4743_4",0.002373
"6228_7",0.988096
"2563_7",0.980015
"6237_1",0.000778
"8619_3",0.001772
"2749_4",0.037928
"12355_3",0.003566
"4915_2",0.000668
"12234_7",0.472166
"3756_4",0.035478
"10051_8",0.982031
"5068_9",0.993397
"7767_10",0.994584
"12069_1",0.000968
"10634_3",0.001846
"2787_1",0.001267
"5281_1",0.000741
"1496_1",0.000909
"8963_4",0.010673
"983_7",0.281554
"8337_4",0.000951
"783_1",0.000608
"9939_8",0.989480
"6507_8",0.993346
"3488_4",0.003686
"9304_9",0.983455
"8664_10",0.992753
"2722_10",0.988131
"7716_10",0.991255
"8512_4",0.257298
"6002_7",0.994719
"1213_3",0.990624
"6351_7",0.993499
"3049_4",0.016215
"10897_4",0.002075
"1936_4",0.002834
"12368_9",0.987865
"10982_1",0.000699
"4116_4",0.001197
"8243_7",0.004619
"11506_2",0.008511
"291_3",0.051654
"7745_1",0.001034
"12190_9",0.991652
"7068_10",0.992047
"9649_3",0.003483
"773_1",0.000629
"1727_10",0.989129
"346_2",0.980356
"4629_9",0.988558
"2509_1",0.000552
"3664_3",0.003403
"1024_9",0.993795
"9514_1",0.001078
"3483_3",0.003383
"10053_4",0.110663
"255_10",0.992568
"1922_10",0.987030
"10416_4",0.014420
"9154_9",0.988447
"12359_3",0.001645
"4850_4",0.014434
"12398_10",0.994112
"8910_1",0.000646
"3797_8",0.973620
"2428_9",0.909626
"7062_4",0.013769
"7130_9",0.988906
"7343_1",0.000710
"7735_8",0.993807
"4104_3",0.001934
"11518_1",0.000592
"10784_4",0.090414
"3687_1",0.000530
"796_10",0.985257
"2613_1",0.001359
"3962_9",0.989337
"4637_9",0.993242
"10076_3",0.000763
"2643_9",0.989150
"3588_1",0.016641
"6788_1",0.001335
"1445_4",0.980431
"10630_7",0.954137
"9173_10",0.988403
"3998_3",0.001107
"11853_1",0.014392
"2982_1",0.000782
"2536_4",0.032436
"5912_10",0.991015
"3267_8",0.992865
"8966_4",0.029619
"7671_3",0.001832
"1962_1",0.000881
"3574_1",0.001999
"10580_1",0.000739
"10103_9",0.968111
"2101_8",0.993879
"9804_10",0.987794
"12413_9",0.981275
"9696_2",0.001901
"8988_1",0.000644
"882_9",0.988131
"8098_3",0.001317
"6072_3",0.001697
"9484_10",0.994698
"3448_10",0.993294
"12074_10",0.994541
"5880_1",0.000529
"7658_1",0.000741
"1286_8",0.988971
"7013_10",0.988391
"3590_1",0.000634
"695_4",0.002779
"8889_9",0.985718
"735_1",0.000838
"2041_7",0.153232
"12041_3",0.011266
"4918_3",0.048003
"1428_3",0.000778
"1846_4",0.007892
"11103_10",0.987711
"1026_10",0.992654
"9731_3",0.000767
"7481_1",0.000812
"10191_10",0.972960
"8262_4",0.001402
"903_10",0.962918
"4212_2",0.409892
"11611_1",0.000931
"7814_1",0.000602
"5116_10",0.988755
"150_4",0.007490
"3618_2",0.000609
"10870_1",0.072571
"8523_1",0.000677
"2193_10",0.987628
"10237_10",0.994347
"2139_10",0.994739
"7691_7",0.986494
"9374_1",0.000949
"11426_7",0.991356
"12319_1",0.000736
"6817_2",0.001099
"745_1",0.000706
"6632_1",0.000550
"7149_8",0.979900
"9558_3",0.011051
"10509_1",0.000590
"1528_2",0.066873
"3422_10",0.994247
"6112_8",0.666517
"3606_4",0.975460
"8768_7",0.992767
"2871_8",0.847463
"12404_10",0.991828
"6936_3",0.084644
"855_4",0.001320
"5703_3",0.001190
"9446_1",0.000668
"1407_7",0.975901
"8422_10",0.994135
"40_4",0.012100
"344_4",0.007771
"11019_10",0.994520
"869_1",0.000844
"2245_10",0.986701
"10002_8",0.994688
"5110_10",0.986403
"3201_9",0.993926
"10621_10",0.987314
"1213_7",0.745699
"2147_10",0.986585
"828_7",0.982955
"7600_8",0.980562
"4472_4",0.003984
"2759_2",0.002269
"10890_1",0.001430
"1637_10",0.988414
"1667_10",0.994270
"10433_8",0.993879
"11350_4",0.007025
"9437_3",0.646481
"3748_3",0.002166
"8062_10",0.993686
"11981_10",0.990235
"4214_7",0.976758
"6496_8",0.991472
"4489_4",0.002678
"5965_7",0.985923
"2785_8",0.991067
"6838_9",0.992349
"4678_9",0.985300
"8564_10",0.979668
"4375_9",0.989682
"4654_10",0.986853
"2077_10",0.991049
"12491_4",0.005491
"11483_10",0.994688
"11130_8",0.987005
"2177_2",0.116764
"1376_8",0.983036
"3557_2",0.000712
"8039_3",0.002632
"6951_1",0.001010
"3440_2",0.001380
"10192_1",0.003028
"5874_10",0.993189
"4258_10",0.992781
"8838_4",0.008413
"1090_8",0.993973
"10570_10",0.994191
"3421_7",0.979629
"1626_7",0.992753
"9887_2",0.073897
"4079_4",0.001789
"8826_8",0.248945
"8805_2",0.000593
"9121_3",0.269470
"10916_3",0.030997
"9717_3",0.001247
"8662_4",0.002191
"7393_3",0.337204
"12304_10",0.990514
"7063_3",0.161717
"7955_10",0.988301
"2266_9",0.989192
"3490_7",0.788135
"11145_3",0.000993
"1668_2",0.000851
"1011_8",0.990404
"8300_7",0.833392
"9995_8",0.989202
"1326_8",0.992739
"5232_2",0.001949
"363_10",0.994467
"11772_2",0.002269
"8771_3",0.000893
"927_3",0.962568
"2569_2",0.001305
"5558_10",0.993843
"12375_10",0.988971
"2338_10",0.989389
"5773_10",0.992289
"4664_7",0.992334
"12295_7",0.992289
"4123_8",0.987042
"1553_10",0.993938
"3770_10",0.974749
"12011_2",0.001629
"8033_1",0.000823
"1395_7",0.646411
"8614_7",0.986455
"3784_8",0.985594
"8769_8",0.984811
"888_8",0.983470
"7799_2",0.004298
"6031_3",0.044390
"11584_2",0.001678
"4570_7",0.985370
"6990_8",0.994423
"7290_1",0.000489
"1186_1",0.000918
"1329_4",0.006098
"6793_10",0.994225
"8562_10",0.993512
"8841_4",0.038286
"9234_1",0.001372
"2992_3",0.001441
"3761_4",0.115511
"1144_1",0.000579
"11737_10",0.947039
"6628_10",0.990159
"7619_4",0.109135
"5074_3",0.001484
"2056_1",0.001364
"812_7",0.993359
"615_3",0.005210
"1473_3",0.001942
"11642_1",0.003862
"2957_8",0.971238
"3223_7",0.299412
"4491_10",0.993636
"11617_8",0.981167
"2209_8",0.988992
"10250_4",0.002673
"8707_3",0.002487
"3581_2",0.000831
"3089_2",0.001648
"9367_4",0.014037
"8890_3",0.000620
"4657_3",0.001010
"8474_1",0.003118
"1542_3",0.002107
"9024_8",0.991221
"3176_1",0.002890
"11219_8",0.994225
"1086_2",0.000815
"11230_4",0.001444
"2543_3",0.001036
"3391_4",0.983279
"5876_10",0.986258
"6712_2",0.000667
"12468_1",0.000645
"1801_10",0.994531
"6727_10",0.984884
"3072_3",0.000734
"6079_7",0.983832
"1409_10",0.990385
"7709_2",0.000522
"11484_2",0.002487
"10843_2",0.000772
"3964_7",0.509154
"5691_7",0.993587
"5837_1",0.000734
"963_8",0.990514
"3530_8",0.983053
"6558_8",0.992654
"3084_4",0.002265
"3025_8",0.988234
"9396_8",0.033685
"7530_1",0.001221
"6301_4",0.004792
"2934_10",0.994456
"8286_9",0.989918
"12122_10",0.991684
"2799_8",0.992379
"3516_7",0.982185
"5715_10",0.993242
"6525_3",0.009746
"12308_10",0.984109
"1305_9",0.987203
"8190_2",0.002468
"8170_1",0.058939
"2355_7",0.982524
"9714_3",0.000878
"9667_8",0.989358
"4861_1",0.002213
"10028_10",0.993771
"3256_2",0.002627
"5974_2",0.000947
"9185_10",0.994615
"2507_10",0.982541
"8910_10",0.994391
"6791_1",0.001078
"1692_10",0.984590
"5520_10",0.937726
"10119_10",0.993216
"1226_1",0.001136
"5998_7",0.988313
"4421_1",0.005697
"7660_8",0.988358
"5532_4",0.193528
"2869_3",0.058292
"3795_2",0.000833
"3602_10",0.993673
"1453_10",0.994314
"1298_8",0.993771
"6331_1",0.001036
"7694_3",0.001075
"11568_10",0.986533
"6426_7",0.992139
"609_7",0.838217
"3352_4",0.032161
"12451_3",0.004468
"3228_7",0.993176
"945_7",0.927724
"8283_10",0.985787
"10780_7",0.985300
"2944_1",0.000542
"5697_7",0.988766
"9066_3",0.025468
"6254_7",0.982048
"384_4",0.002047
"1961_9",0.989948
"10085_2",0.001289
"1726_10",0.992123
"7937_1",0.000554
"2561_10",0.986258
"9899_9",0.994520
"8694_2",0.005080
"4217_8",0.973695
"2425_3",0.001228
"5809_1",0.000703
"3122_7",0.614351
"1522_10",0.992934
"5582_10",0.988657
"12357_2",0.000761
"3166_10",0.981418
"3176_9",0.994203
"9320_9",0.992934
"8187_1",0.000822
"5573_1",0.000658
"9078_2",0.002116
"6706_4",0.909586
"8882_8",0.985370
"2489_3",0.141815
"2768_10",0.994509
"2384_3",0.059921
"12494_8",0.987240
"10375_3",0.001204
"403_7",0.985043
"6334_3",0.050098
"9136_1",0.001107
"10698_1",0.002174
"2203_4",0.002430
"2122_1",0.001287
"2904_4",0.025687
"12367_9",0.970437
"9638_8",0.988723
"2005_1",0.000577
"4963_8",0.984855
"7575_1",0.006133
"9989_1",0.012218
"8776_4",0.005051
"10188_10",0.991015
"8238_1",0.000687
"9244_4",0.988245
"11142_2",0.000931
"4365_7",0.987900
"5877_4",0.024516
"12135_8",0.984605
"3526_3",0.049681
"5209_4",0.005220
"5991_2",0.001430
"10888_1",0.002561
"1303_3",0.000924
"5764_4",0.103115
"2933_10",0.994146
"7297_1",0.001204
"11156_10",0.988863
"1353_1",0.001405
"10017_1",0.013822
"4203_3",0.055158
"4546_9",0.992016
"6039_1",0.000656
"5804_3",0.004691
"9085_4",0.009214
"10774_10",0.992481
"2178_7",0.968441
"2958_2",0.001354
"11469_8",0.984002
"5378_2",0.512449
"4583_8",0.125815
"9539_10",0.989511
"5090_8",0.981577
"12036_4",0.045991
"1766_9",0.991828
"11536_7",0.988646
"4792_9",0.990910
"7615_1",0.001257
"9624_1",0.000608
"5230_9",0.994180
"939_4",0.233357
"2353_7",0.990624
"8760_9",0.988536
"3231_9",0.991373
"8183_7",0.993499
"2156_10",0.990478
"245_2",0.001131
"12048_1",0.001080
"6572_9",0.988234
"10848_9",0.986980
"9576_10",0.986520
"3174_1",0.001028
"9824_8",0.983085
"8199_1",0.000970
"10911_3",0.000830
"2452_1",0.025131
"7574_3",0.004256
"8363_7",0.920218
"3672_9",0.991489
"11693_10",0.994949
"9731_10",0.993136
"280_1",0.000825
"10065_8",0.954351
"10284_9",0.994402
"7990_1",0.001464
"12256_4",0.951369
"7558_1",0.000977
"9636_2",0.000721
"8632_2",0.000684
"6157_3",0.005523
"9429_7",0.756964
"1447_1",0.038286
"10948_8",0.991015
"12300_4",0.006526
"10208_1",0.000826
"5889_3",0.964855
"2376_9",0.987399
"3354_2",0.001642
"9530_1",0.490236
"2469_10",0.990624
"2229_10",0.980839
"12326_10",0.987228
"8097_2",0.003700
"6502_3",0.001034
"8877_8",0.993242
"5408_7",0.041037
"3589_4",0.007303
"5934_3",0.001953
"3653_10",0.994123
"6900_1",0.000655
"3395_9",0.994077
"10302_7",0.982558
"10527_3",0.002378
"10080_10",0.986111
"5818_10",0.987055
"3178_10",0.994112
"10636_8",0.993649
"9586_2",0.980167
"8548_2",0.002261
"2851_1",0.000604
"6874_7",0.991221
"5850_8",0.993524
"2392_10",0.994077
"7434_2",0.001495
"11879_10",0.991828
"1190_10",0.988917
"8411_10",0.987520
"4833_9",0.978652
"5853_1",0.000725
"5485_4",0.000785
"111_3",0.008300
"6376_10",0.994031
"5425_1",0.000587
"3189_2",0.000825
"5053_8",0.988458
"1171_1",0.084041
"2206_4",0.065068
"11912_4",0.009003
"9874_7",0.985704
"3439_9",0.992975
"4221_8",0.992379
"6830_3",0.000809
"960_8",0.988039
"11862_1",0.006706
"8231_7",0.966757
"11765_1",0.007135
"9849_1",0.001259
"7518_4",0.033149
"3014_1",0.013071
"2534_10",0.994020
"5197_10",0.990292
"6775_2",0.001330
"4649_1",0.029312
"10748_3",0.004007
"6943_4",0.014010
"9692_1",0.000560
"11972_7",0.044681
"7251_9",0.988788
"459_4",0.007149
"1101_8",0.984516
"358_4",0.003118
"7543_1",0.000792
"3980_3",0.043406
"1276_3",0.000669
"12111_8",0.987544
"11876_4",0.002178
"5473_8",0.994467
"1296_1",0.001105
"7224_9",0.971456
"8035_10",0.993255
"10436_1",0.000784
"8475_1",0.001073
"4293_2",0.002895
"9867_2",0.000719
"4101_1",0.004460
"6220_1",0.000582
"6246_4",0.185873
"2907_8",0.987080
"4532_2",0.001455
"10753_8",0.985663
"328_10",0.991891
"1941_1",0.005664
"7586_9",0.977414
"11294_1",0.000792
"7534_9",0.993487
"2675_3",0.000588
"3837_10",0.992837
"5349_9",0.993385
"641_1",0.000548
"9273_8",0.988917
"8120_4",0.000826
"10610_1",0.006811
"1829_1",0.001315
"6406_10",0.989702
"4029_10",0.993771
"10845_10",0.980281
"2573_4",0.978652
"2033_3",0.016641
"9633_4",0.690024
"6243_1",0.000960
"7596_10",0.992539
"4208_8",0.974362
"6984_8",0.987326
"3656_1",0.000494
"2434_1",0.000890
"10340_7",0.050144
"6130_9",0.993029
"8093_7",0.028008
"7962_1",0.001642
"12178_7",0.009020
"10931_2",0.001582
"6857_10",0.993242
"11091_8",0.992154
"4167_2",0.001174
"679_4",0.021760
"10147_1",0.000695
"6875_1",0.000579
"923_10",0.994573
"6200_8",0.712557
"7208_8",0.990962
"5363_8",0.986546
"4067_8",0.984155
"1773_7",0.987142
"1498_10",0.845560
"10497_10",0.928311
"3444_10",0.992809
"588_2",0.003191
"9678_9",0.989652
"1983_9",0.976468
"5012_3",0.008332
"12240_2",0.000722
"5071_2",0.004046
"5078_2",0.001123
"10069_3",0.000991
"7407_8",0.990025
"7207_1",0.000598
"2155_10",0.990083
"59_10",0.993359
"2531_1",0.002492
"7772_8",0.994100
"11465_10",0.992319
