"id","sentiment"
"12311_10",0.999993
"8348_2",0.000344
"5828_4",0.929567
"7186_2",0.000976
"12128_7",0.995175
"2913_8",0.436421
"4396_1",0.818318
"395_2",0.083591
"10616_1",0.000048
"9074_9",0.944212
"9252_3",0.111059
"9896_9",0.999653
"574_4",0.000656
"11182_8",0.926738
"11656_4",0.004942
"2322_4",0.981420
"8703_1",0.006725
"7483_1",0.035581
"6007_10",0.995749
"12424_4",0.002935
"4672_1",0.000420
"10841_3",0.021536
"8954_7",0.002660
"7392_1",0.005692
"10288_8",0.993837
"5343_4",0.000710
"4950_1",0.000093
"9257_4",0.080649
"8689_3",0.039085
"4480_2",0.012261
"9286_10",0.998682
"12245_10",0.999965
"7529_7",0.998917
"4_4",0.002990
"5299_2",0.037336
"12077_8",0.998205
"10701_2",0.001257
"11579_1",0.010794
"10993_1",0.000156
"8913_1",0.030836
"1350_3",0.005294
"3804_2",0.002210
"5025_3",0.419537
"5170_8",0.997476
"8225_8",0.997414
"6427_7",0.999694
"3165_3",0.000804
"7902_9",0.999384
"8208_3",0.000731
"3577_8",0.996306
"4865_1",0.001122
"9063_3",0.337293
"1106_1",0.040399
"1117_9",0.999943
"1050_4",0.057852
"10755_9",0.990043
"2729_8",0.999663
"10072_10",0.999900
"2904_7",0.979659
"4584_2",0.023671
"189_4",0.593585
"6302_4",0.060081
"8138_9",0.058570
"1262_1",0.017973
"2199_10",0.999372
"6551_7",0.982986
"8082_7",0.999715
"4897_8",0.981712
"7360_1",0.000336
"11012_10",0.999550
"12046_1",0.966134
"2331_2",0.108835
"8961_9",0.999845
"751_7",0.994993
"9884_10",0.928714
"10016_8",0.999414
"8023_10",0.991392
"2628_1",0.000225
"5832_1",0.001001
"7302_1",0.005136
"4501_3",0.050710
"1121_7",0.803480
"8334_3",0.447594
"9789_10",0.191561
"4230_10",0.997699
"824_4",0.360320
"6803_9",0.998485
"3086_7",0.999893
"1135_8",0.998950
"10136_1",0.006546
"11129_3",0.000257
"2072_8",0.967657
"9501_7",0.999672
"319_10",0.992996
"1693_7",0.999533
"10886_1",0.000867
"9406_8",0.992814
"10376_10",0.191996
"9902_1",0.000182
"9938_8",0.999182
"7080_9",0.999361
"11944_8",0.026884
"5249_1",0.000100
"9599_2",0.056107
"9620_1",0.000907
"11244_1",0.001482
"6841_10",0.999877
"10050_4",0.877756
"10512_9",0.712979
"11327_3",0.000150
"10681_8",0.992428
"808_3",0.176284
"546_7",0.999829
"10765_1",0.000009
"7189_9",0.949369
"6005_9",0.996322
"11915_9",0.999944
"5740_10",0.999911
"7097_10",0.919339
"9573_10",0.818793
"5084_4",0.004260
"12332_7",0.016795
"8154_1",0.001770
"5610_1",0.000302
"5323_9",0.997581
"11034_8",0.915875
"3977_2",0.370970
"12380_7",0.276824
"1737_8",0.994450
"6030_9",0.992438
"5918_7",0.982327
"7061_9",0.988990
"266_8",0.999922
"1375_10",0.999861
"8648_3",0.001303
"10146_10",0.999538
"4578_10",0.991492
"4685_8",0.999940
"11843_9",0.992604
"5467_10",0.999963
"10140_10",0.999907
"7721_8",0.999069
"11208_10",0.154916
"1063_10",0.703833
"8260_10",0.599632
"3182_9",0.998095
"2797_8",0.998896
"7613_2",0.945811
"11624_4",0.006424
"4847_10",0.998959
"10684_7",0.998975
"6312_1",0.008055
"4925_3",0.000078
"4125_1",0.000029
"2394_10",0.999979
"12105_10",0.999707
"7812_1",0.000191
"1061_8",0.999878
"9343_3",0.010900
"7696_10",0.999738
"9355_10",0.999803
"782_9",0.993169
"9882_10",0.999777
"10642_10",0.998532
"7410_2",0.000363
"9591_4",0.000326
"11902_3",0.002904
"3495_7",0.006688
"6733_1",0.000162
"4552_1",0.000961
"6722_1",0.008410
"188_10",0.999854
"5099_10",0.969363
"10313_1",0.151156
"6756_9",0.986273
"6622_2",0.006878
"4807_10",0.999987
"7173_3",0.125572
"11321_8",0.291514
"7909_9",0.945118
"8012_7",0.933787
"8615_4",0.008851
"8117_10",0.994487
"1892_10",0.972096
"4617_1",0.342127
"1893_8",0.999458
"5435_1",0.005007
"162_3",0.004001
"6516_10",0.999878
"11588_7",0.999017
"2006_1",0.001088
"1594_4",0.003966
"1472_1",0.002696
"3647_1",0.253240
"174_7",0.995807
"5539_7",0.009467
"3384_10",0.999869
"3811_4",0.026702
"4079_8",0.999475
"1179_7",0.607156
"3069_9",0.999954
"3769_8",0.991845
"9247_10",0.999885
"10434_1",0.000038
"1147_10",0.999058
"5344_7",0.999615
"8073_10",0.999941
"7833_3",0.000113
"8370_1",0.001863
"9007_8",0.005181
"6624_7",0.127270
"6683_3",0.011259
"12275_7",0.994216
"11927_8",0.999467
"1560_10",0.999115
"1325_9",0.131720
"3548_8",0.984015
"607_1",0.000020
"6702_7",0.981956
"5702_3",0.000753
"11345_8",0.997507
"3428_4",0.826824
"7209_9",0.975435
"8425_8",0.998765
"3087_1",0.740704
"1119_8",0.936710
"5715_3",0.000720
"8645_1",0.000319
"2149_3",0.001862
"10403_10",0.999348
"5628_1",0.001695
"5570_10",0.999926
"1613_3",0.000129
"1454_4",0.102890
"5094_3",0.000339
"7982_1",0.005532
"6894_2",0.003364
"6554_1",0.000528
"4721_3",0.021837
"6904_4",0.011325
"893_8",0.999388
"4605_4",0.048733
"11516_7",0.016285
"11718_7",0.999949
"5956_1",0.000210
"7455_9",0.999500
"6396_4",0.802020
"1223_8",0.999896
"8556_1",0.002054
"6108_8",0.995101
"11690_1",0.000713
"3778_9",0.923301
"3627_4",0.265606
"8256_4",0.033380
"533_1",0.000018
"5235_4",0.023907
"621_2",0.027010
"5365_1",0.025522
"8180_3",0.854700
"7396_7",0.088128
"9776_10",0.999392
"8175_10",0.999935
"3128_1",0.000203
"4606_1",0.000187
"6158_2",0.008565
"3281_10",0.943692
"4723_4",0.002330
"11994_3",0.009198
"7701_1",0.000059
"103_3",0.015325
"8908_10",0.979963
"8876_1",0.000227
"7519_9",0.999457
"12456_8",0.997852
"9514_8",0.984504
"8680_8",0.190581
"12402_10",0.866151
"362_2",0.005426
"9825_7",0.998479
"2913_3",0.983111
"7164_8",0.988793
"11177_7",0.997232
"5707_10",0.999689
"8103_10",0.999161
"6289_1",0.000112
"11754_1",0.141149
"11640_10",0.371953
"9933_7",0.996049
"185_10",0.999681
"242_10",0.999977
"9369_8",0.999829
"7453_10",0.996354
"7514_7",0.998722
"10860_2",0.067729
"8663_8",0.179836
"9108_1",0.000024
"7941_1",0.004404
"10116_1",0.000064
"9841_4",0.564387
"4512_9",0.999045
"4853_2",0.013564
"2664_4",0.005293
"9966_10",0.999647
"5167_2",0.001409
"3894_2",0.005883
"3929_8",0.999715
"7165_10",0.994464
"5451_8",0.980537
"2947_4",0.001444
"4611_10",0.999803
"5807_1",0.023082
"9464_8",0.996338
"3124_10",0.858720
"2705_4",0.918090
"12187_8",0.999306
"12319_10",0.998121
"9874_3",0.973140
"3406_4",0.056214
"2327_10",0.999679
"605_10",0.998840
"8080_4",0.047642
"3074_10",0.994088
"2499_3",0.001071
"1013_1",0.614304
"11535_1",0.000876
"4118_7",0.991937
"10492_8",0.999865
"2129_4",0.003525
"9814_10",0.652861
"10671_9",0.512207
"5980_10",0.999901
"2755_2",0.358446
"5461_2",0.993647
"11979_1",0.004081
"8810_1",0.000019
"852_7",0.998418
"10961_4",0.012480
"7436_4",0.211518
"11281_3",0.796906
"4208_3",0.014998
"8213_10",0.393835
"9851_2",0.011317
"4713_7",0.996297
"9528_1",0.997861
"3595_10",0.998968
"5785_3",0.671567
"10370_3",0.028358
"1980_3",0.005267
"8800_4",0.004951
"4437_3",0.007802
"28_3",0.000043
"12171_1",0.934928
"9359_3",0.065157
"3831_9",0.999882
"10962_7",0.999470
"1500_9",0.072029
"11470_10",0.997347
"11843_3",0.030156
"11200_4",0.053584
"1067_1",0.023398
"3333_1",0.001072
"4487_4",0.876438
"6428_1",0.000133
"575_7",0.309457
"10904_9",0.995451
"11821_2",0.002291
"11605_1",0.000604
"1111_7",0.811194
"10295_1",0.978221
"1146_4",0.000059
"2405_9",0.091268
"11081_10",0.911733
"2201_10",0.999967
"4844_1",0.000187
"11007_8",0.999747
"6535_7",0.998443
"2653_4",0.001771
"8245_10",0.989353
"9951_8",0.997987
"6133_8",0.974313
"10006_2",0.000063
"7350_1",0.055567
"4509_9",0.999647
"948_1",0.425686
"3987_1",0.000372
"2947_10",0.989581
"6041_3",0.012455
"2946_1",0.000888
"11967_4",0.000304
"1185_10",0.999969
"10323_2",0.081793
"11706_2",0.000035
"3663_1",0.001075
"5602_10",0.997243
"4870_10",0.994286
"1994_1",0.004144
"10807_7",0.999629
"6871_3",0.963097
"1175_2",0.000107
"10919_7",0.999757
"8127_10",0.999320
"12497_4",0.034099
"3274_1",0.943469
"2568_3",0.002939
"840_2",0.017503
"5626_10",0.999637
"7561_10",0.999733
"4600_3",0.002545
"3324_9",0.967122
"8899_7",0.998707
"5592_8",0.921449
"12483_4",0.000426
"7874_1",0.000133
"5878_10",0.891111
"4303_9",0.999396
"9421_1",0.000024
"10269_4",0.128416
"10615_2",0.039598
"2634_10",0.999943
"7522_1",0.000081
"9289_10",0.999542
"4636_10",0.999909
"1241_7",0.001735
"9458_9",0.877213
"11690_10",0.999648
"7176_4",0.823709
"6212_10",0.995845
"6319_1",0.002738
"5229_3",0.000456
"466_9",0.999610
"8693_2",0.104994
"2952_10",0.999924
"1128_1",0.001245
"3975_10",0.999883
"11365_10",0.766163
"2074_9",0.999040
"9768_10",0.999798
"4895_1",0.006331
"5726_10",0.999625
"9993_10",0.983790
"11319_2",0.220817
"10561_2",0.775452
"5455_8",0.988805
"10684_3",0.000695
"3652_3",0.000302
"7825_1",0.001645
"8806_1",0.000229
"275_10",0.895425
"2246_1",0.000200
"11968_2",0.014023
"2528_1",0.863086
"8491_8",0.002575
"13_1",0.688080
"4530_8",0.951889
"5207_3",0.008410
"11648_10",0.982967
"8260_1",0.033710
"10730_10",0.998004
"10402_3",0.793471
"8077_1",0.000021
"8598_8",0.999425
"2809_3",0.000617
"12490_10",0.960283
"1447_9",0.995621
"1605_3",0.016140
"2311_4",0.000816
"3235_9",0.973813
"5725_10",0.978077
"9025_10",0.602458
"6049_9",0.981004
"4803_10",0.999131
"191_9",0.989416
"420_3",0.629382
"5238_2",0.063520
"1280_9",0.989968
"9408_4",0.008043
"819_1",0.000049
"1656_4",0.007744
"9964_3",0.016443
"10404_4",0.020662
"12369_10",0.996787
"6423_1",0.001515
"9942_8",0.975597
"1519_1",0.005113
"100_10",0.999933
"3216_10",0.999873
"3909_10",0.998212
"5034_7",0.994734
"14_8",0.999765
"5891_3",0.001654
"8496_10",0.999986
"7429_1",0.016992
"9457_1",0.001515
"9602_8",0.999515
"4198_1",0.000271
"154_2",0.020701
"5070_2",0.010175
"4207_8",0.918490
"7758_8",0.998729
"4439_9",0.997519
"12042_1",0.000486
"7244_1",0.000486
"6854_1",0.028093
"11932_10",0.900636
"4151_10",0.673348
"7265_1",0.000265
"10272_7",0.999886
"4256_4",0.094752
"1225_7",0.999675
"956_10",0.999948
"6389_2",0.003082
"1365_4",0.002921
"4752_7",0.988648
"276_10",0.999831
"8766_9",0.999375
"11225_10",0.998245
"6920_1",0.003082
"11536_1",0.000082
"1923_9",0.991696
"11460_10",0.924105
"10054_7",0.992077
"10845_1",0.001035
"10231_4",0.001901
"9430_8",0.999762
"3226_2",0.004959
"4298_3",0.631663
"10635_4",0.015223
"10567_4",0.000838
"5460_10",0.999960
"7310_7",0.999338
"10330_2",0.000162
"5151_9",0.999773
"11_3",0.003881
"1448_8",0.713585
"10130_8",0.999588
"2199_3",0.000160
"1761_10",0.996265
"2782_1",0.000170
"7618_10",0.999886
"85_10",0.999938
"5730_3",0.000063
"3641_1",0.009198
"8190_9",0.999827
"9533_10",0.999899
"9508_1",0.000090
"237_8",0.999876
"3981_7",0.997371
"7194_9",0.999866
"10584_8",0.451168
"248_2",0.000343
"8358_4",0.006019
"1218_1",0.000213
"4191_10",0.015990
"3090_8",0.997541
"11923_2",0.001205
"1640_8",0.999679
"9972_3",0.000468
"11818_4",0.009041
"4350_10",0.999669
"877_10",0.301682
"10017_8",0.999799
"7975_10",0.999960
"8436_1",0.297323
"6024_7",0.997849
"3112_1",0.001135
"951_10",0.998623
"1622_1",0.095239
"191_3",0.205957
"5669_1",0.000472
"1891_4",0.005357
"12173_9",0.997769
"7887_7",0.965330
"3256_10",0.920962
"5419_1",0.002488
"7635_1",0.000441
"8297_2",0.000177
"7137_8",0.225220
"7562_3",0.002013
"9944_1",0.000039
"4288_1",0.000290
"8087_1",0.948901
"4771_10",0.996765
"10482_10",0.999950
"5324_10",0.989953
"3080_1",0.214820
"10923_7",0.868808
"1753_7",0.992671
"317_10",0.995365
"12474_8",0.993585
"773_8",0.999934
"388_1",0.002667
"12141_2",0.646351
"5667_1",0.354320
"1071_9",0.989774
"2897_10",0.999607
"9481_4",0.469823
"12025_1",0.001482
"8879_7",0.979840
"5683_1",0.000943
"7026_1",0.000024
"2439_1",0.000505
"3631_7",0.999684
"1650_9",0.834958
"5378_7",0.999947
"9745_1",0.000322
"11563_8",0.985951
"299_8",0.998982
"9471_2",0.348082
"1866_1",0.004336
"2639_4",0.278092
"5122_1",0.032883
"12341_7",0.982809
"2936_8",0.998943
"8647_10",0.968293
"4255_9",0.998217
"7262_8",0.985040
"8413_10",0.467090
"10080_1",0.036391
"3973_1",0.500657
"8752_9",0.999901
"4018_2",0.001550
"7669_1",0.011051
"10421_4",0.098428
"7854_8",0.998587
"162_8",0.086635
"11614_9",0.969691
"11343_8",0.999918
"1708_7",0.039578
"7115_4",0.987414
"10498_10",0.310609
"2944_8",0.999366
"10474_3",0.081908
"1263_1",0.008505
"1693_4",0.150920
"9600_9",0.534263
"11173_2",0.694197
"3961_2",0.262447
"8011_1",0.568150
"7386_8",0.998766
"8787_8",0.997782
"12349_9",0.995962
"1776_4",0.005333
"5885_4",0.988540
"220_4",0.151060
"5547_8",0.997935
"2853_1",0.006200
"2157_2",0.744656
"11667_2",0.165928
"194_7",0.998694
"1633_1",0.002357
"6897_2",0.000211
"11568_2",0.117683
"9219_1",0.001650
"477_8",0.999340
"8980_3",0.677876
"4612_10",0.977105
"8030_10",0.999765
"1846_8",0.999992
"2786_8",0.998936
"2634_1",0.112917
"3110_8",0.999419
"11587_8",0.987062
"11262_8",0.999537
"5680_7",0.699757
"4583_4",0.055792
"1451_1",0.000435
"4244_4",0.599736
"6176_4",0.000082
"8851_10",0.999951
"908_9",0.999657
"7494_9",0.000495
"8061_3",0.000068
"789_1",0.312678
"2374_7",0.444928
"11225_3",0.002238
"4467_4",0.003687
"8516_10",0.048945
"4121_10",0.989777
"10267_7",0.931023
"6040_8",0.670897
"8338_7",0.992655
"2903_7",0.997303
"6662_9",0.999035
"5333_10",0.997149
"7470_4",0.000224
"8813_1",0.073521
"4514_3",0.992078
"9584_7",0.815203
"11706_8",0.997264
"11538_8",0.553444
"4210_1",0.000088
"8984_1",0.001107
"3431_4",0.009279
"4973_10",0.997482
"12260_1",0.002287
"4267_10",0.998589
"9906_9",0.999959
"670_7",0.999943
"6270_3",0.000139
"5164_4",0.000080
"9741_2",0.000280
"3761_8",0.994972
"2651_2",0.000815
"7448_10",0.999618
"7184_9",0.998058
"1313_9",0.999402
"10654_8",0.987597
"7151_1",0.013076
"2320_10",0.783635
"12033_7",0.408545
"6429_1",0.000204
"1420_4",0.999427
"3002_7",0.999832
"1299_1",0.108599
"7897_9",0.999330
"1529_4",0.000873
"9760_2",0.000205
"11318_1",0.000591
"2217_3",0.445677
"11641_2",0.001608
"7238_10",0.999896
"7710_8",0.999396
"12011_8",0.771126
"4495_7",0.959121
"11144_4",0.072895
"5625_2",0.000240
"2926_7",0.134016
"8538_8",0.999657
"8875_10",0.999466
"10881_10",0.998118
"1662_7",0.999736
"4560_9",0.988267
"6714_4",0.000008
"9059_10",0.999983
"6631_10",0.997652
"8520_1",0.000411
"918_4",0.856136
"3102_10",0.991194
"3611_2",0.000127
"8434_10",0.999032
"681_7",0.998931
"7386_4",0.000137
"7566_9",0.998021
"10110_10",0.999937
"10486_10",0.915266
"1492_3",0.002322
"11823_1",0.073236
"2331_9",0.998954
"2200_2",0.000304
"9547_1",0.005716
"785_2",0.000788
"5101_4",0.496612
"5657_10",0.995372
"6902_7",0.925110
"1490_9",0.997982
"7148_9",0.998969
"7387_8",0.963994
"8277_9",0.998199
"6912_7",0.994457
"170_2",0.955601
"7702_10",0.999973
"4393_3",0.005192
"2608_3",0.962184
"4931_8",0.997060
"10589_10",0.985181
"8623_4",0.000271
"6057_2",0.000025
"2704_9",0.999844
"1790_2",0.134171
"12370_1",0.000134
"159_1",0.000132
"343_9",0.999753
"2128_9",0.999676
"11181_8",0.999251
"11775_10",0.999950
"3514_10",0.999736
"6993_2",0.001448
"2866_9",0.963290
"1000_9",0.999733
"11772_7",0.884910
"3355_9",0.819551
"8519_8",0.946942
"7879_3",0.002770
"4332_10",0.999103
"5403_1",0.000040
"1514_7",0.011936
"7904_1",0.000073
"10550_2",0.172815
"11442_10",0.999670
"2821_3",0.036595
"5766_1",0.000256
"8061_9",0.999423
"2166_1",0.000892
"6206_1",0.000245
"11124_2",0.000078
"7625_10",0.934036
"90_9",0.996082
"7959_10",0.994060
"7029_10",0.997232
"779_8",0.999977
"1101_4",0.001598
"11189_4",0.002356
"9790_4",0.000079
"10861_1",0.002610
"5902_2",0.000052
"9545_10",0.341189
"3730_1",0.000057
"4951_9",0.089865
"3295_1",0.117626
"9495_2",0.003946
"2876_1",0.000674
"2796_1",0.003790
"10338_3",0.012397
"10913_7",0.969494
"4685_2",0.000061
"11586_1",0.011170
"4904_7",0.995721
"7110_7",0.951971
"2086_4",0.033937
"7372_7",0.968558
"135_9",0.999704
"7038_3",0.936974
"1119_2",0.010702
"5057_8",0.998389
"3479_10",0.999978
"6489_8",0.999861
"4910_8",0.999950
"5979_10",0.969707
"11304_1",0.000118
"2102_9",0.999983
"8048_1",0.000084
"12153_7",0.988173
"4832_8",0.996672
"3079_9",0.999926
"8254_2",0.000515
"7981_7",0.997222
"611_1",0.967484
"307_10",0.844037
"8861_3",0.018667
"4635_4",0.375589
"6197_7",0.998826
"6739_3",0.049111
"8588_9",0.999887
"8461_7",0.045402
"10089_1",0.208886
"2609_7",0.962022
"1418_3",0.691172
"2661_10",0.999505
"1253_9",0.992489
"8815_9",0.999745
"9867_8",0.998502
"2155_1",0.005403
"12259_4",0.000892
"11224_3",0.000630
"4781_1",0.000132
"4354_9",0.999903
"9629_9",0.997194
"3629_9",0.999858
"6445_10",0.999690
"9526_10",0.999531
"5138_2",0.001086
"349_10",0.999613
"2099_7",0.996916
"4411_1",0.165533
"8127_3",0.148210
"5225_8",0.994785
"7970_3",0.000151
"5688_7",0.984349
"12099_3",0.000854
"6020_4",0.000595
"3892_8",0.960719
"2098_8",0.999516
"4851_7",0.999113
"10967_10",0.976043
"6230_4",0.034309
"2211_2",0.003689
"11978_10",0.994333
"8802_1",0.004308
"11010_3",0.010586
"10083_2",0.009058
"5588_10",0.601489
"958_10",0.998156
"6771_4",0.847970
"6767_9",0.991467
"7302_10",0.999265
"5324_3",0.000146
"7737_10",0.999692
"8603_10",0.997256
"3029_7",0.999474
"8640_2",0.000639
"2139_1",0.000018
"6305_10",0.999861
"6884_7",0.999860
"5534_8",0.631310
"7619_8",0.998497
"10057_8",0.965688
"972_7",0.999800
"6245_8",0.775716
"6627_7",0.999209
"3621_10",0.198877
"2290_4",0.999696
"24_4",0.163131
"5689_1",0.000167
"6497_4",0.001126
"12405_4",0.999087
"11720_7",0.999406
"10088_1",0.000771
"9258_9",0.999821
"354_4",0.999654
"4770_10",0.948173
"1035_3",0.000238
"739_1",0.000036
"6267_7",0.999914
"1562_8",0.995123
"1438_1",0.000108
"281_8",0.999836
"1818_1",0.709199
"3943_3",0.000227
"8116_4",0.222006
"6984_1",0.000084
"5330_4",0.000030
"8821_8",0.999880
"10484_10",0.999840
"1886_4",0.000237
"7943_2",0.002373
"6438_7",0.999902
"8931_10",0.999038
"10538_10",0.838814
"534_10",0.999992
"7329_2",0.000206
"6614_2",0.984997
"710_10",0.999838
"3120_4",0.017182
"9046_1",0.000330
"5638_2",0.000709
"2455_4",0.002934
"2652_3",0.000674
"11006_4",0.001112
"5065_3",0.000313
"9805_10",0.999807
"7092_8",0.999091
"1735_10",0.680054
"3609_1",0.008806
"1201_10",0.997524
"11024_9",0.999978
"3807_10",0.998521
"4483_10",0.170116
"4510_7",0.999340
"8037_1",0.000716
"1760_1",0.018688
"133_8",0.996715
"9039_8",0.987124
"8462_4",0.167612
"2468_10",0.994236
"7684_3",0.000085
"10350_9",0.997728
"1199_10",0.999845
"8560_1",0.002252
"6405_3",0.000074
"1295_1",0.000236
"6420_1",0.001034
"12183_9",0.982201
"11619_1",0.000136
"1415_9",0.924782
"9414_1",0.000082
"7640_4",0.001514
"9211_9",0.998972
"557_9",0.996226
"4501_9",0.999607
"8711_10",0.485527
"2402_1",0.079210
"4586_10",0.948879
"176_3",0.019062
"3545_1",0.053695
"8932_1",0.000040
"5829_10",0.999646
"3409_10",0.999645
"3636_3",0.582930
"12048_7",0.999989
"10468_10",0.995876
"11546_10",0.999042
"9444_10",0.980919
"6275_1",0.000227
"152_4",0.153952
"4767_9",0.823219
"6751_1",0.000468
"10245_4",0.088450
"5407_8",0.947599
"1923_1",0.004506
"515_9",0.835510
"9988_1",0.697691
"5928_8",0.999818
"10163_4",0.070272
"7969_10",0.999085
"1494_4",0.242645
"11211_10",0.998948
"1957_1",0.000043
"8484_7",0.892913
"848_2",0.000438
"5177_1",0.089669
"10667_10",0.987465
"3075_1",0.001322
"9443_10",0.997105
"1572_8",0.930796
"11285_8",0.646108
"3125_1",0.203974
"9265_9",0.999335
"4072_1",0.000262
"6390_2",0.000491
"6496_4",0.878232
"8766_2",0.000036
"7787_10",0.999884
"5897_10",0.999972
"9027_1",0.003021
"1538_2",0.000253
"1220_3",0.000113
"8600_3",0.013647
"11432_2",0.059456
"1424_4",0.244272
"7344_10",0.999777
"10842_1",0.000827
"10332_10",0.992382
"4340_4",0.221891
"4868_4",0.002366
"11216_9",0.866017
"12027_10",0.984739
"6785_7",0.906856
"8773_8",0.998460
"8119_4",0.384305
"10138_10",0.958862
"7197_2",0.000041
"1536_3",0.013129
"9981_7",0.985533
"4753_1",0.007706
"2795_7",0.000244
"6672_4",0.000155
"10805_7",0.957705
"5866_1",0.000322
"570_1",0.000078
"11965_8",0.981024
"3288_1",0.048455
"8135_1",0.276837
"10094_9",0.999528
"5845_10",0.999928
"3570_8",0.817278
"1240_1",0.091773
"231_1",0.000675
"10628_9",0.945861
"3536_1",0.002702
"1852_10",0.986270
"8202_7",0.040389
"5907_7",0.031090
"1759_10",0.999878
"4492_10",0.999185
"4844_7",0.940628
"3189_10",0.999970
"3403_10",0.999909
"5874_2",0.000117
"7809_10",0.999883
"3632_9",0.999696
"11767_2",0.862588
"9925_3",0.910873
"4218_1",0.164811
"12036_7",0.999866
"8973_2",0.001114
"2464_10",0.999938
"4094_1",0.002385
"10592_1",0.000264
"10648_9",0.996814
"3887_10",0.998765
"9092_8",0.983385
"10666_10",0.997987
"8389_10",0.948785
"5281_10",0.998984
"6946_1",0.007296
"1132_1",0.002879
"10052_4",0.018385
"768_10",0.999980
"5432_3",0.002185
"7424_3",0.000722
"2366_2",0.019325
"2865_3",0.058702
"7806_2",0.394866
"8878_3",0.033364
"6298_7",0.999558
"4517_4",0.005996
"12018_10",0.999913
"3662_1",0.000198
"11393_10",0.714464
"2071_10",0.982039
"8217_8",0.999770
"6568_2",0.003847
"3840_10",0.999971
"1666_3",0.011778
"2360_7",0.998467
"5778_4",0.398056
"5341_4",0.900960
"4044_2",0.000684
"2503_3",0.022409
"4095_10",0.100050
"2092_2",0.003762
"2707_3",0.000070
"573_10",0.999669
"6441_7",0.996265
"7565_3",0.000352
"9499_7",0.785913
"657_10",0.999350
"8840_10",0.999830
"1407_4",0.510854
"12453_2",0.021669
"8273_9",0.999648
"8366_7",0.998382
"10643_9",0.132919
"9998_1",0.010044
"1385_1",0.001470
"1354_4",0.740485
"4674_7",0.712717
"3515_4",0.571468
"10426_8",0.999858
"10226_3",0.534060
"10391_4",0.000257
"9968_1",0.000089
"2893_3",0.007257
"2546_9",0.070778
"37_1",0.000117
"1757_10",0.999761
"1569_8",0.999037
"1466_3",0.001550
"7783_1",0.000116
"9506_10",0.997650
"10835_3",0.000600
"2917_9",0.999487
"2495_7",0.999107
"1686_10",0.999738
"2414_7",0.959469
"5318_8",0.999868
"8858_8",0.999577
"8112_1",0.000216
"6532_2",0.007301
"2526_10",0.998411
"11089_7",0.650565
"4297_8",0.997223
"3179_9",0.998724
"5832_10",0.999926
"10539_8",0.998129
"9226_10",0.477354
"9878_1",0.131445
"7940_10",0.999974
"7195_10",0.973195
"2979_1",0.002901
"3597_10",0.999836
"2931_8",0.130634
"8571_10",0.844918
"12148_1",0.000044
"4047_2",0.000093
"6164_10",0.999866
"2214_8",0.999814
"5903_1",0.000728
"7931_9",0.496645
"1205_3",0.820862
"5983_10",0.999959
"10424_7",0.982759
"11032_7",0.771955
"1303_10",0.999689
"10390_1",0.000109
"8349_2",0.009396
"3605_8",0.986395
"12273_1",0.032030
"60_1",0.001634
"3879_9",0.999573
"12431_4",0.039123
"4499_2",0.000481
"5786_10",0.951100
"5521_4",0.502968
"793_8",0.997303
"7948_3",0.065395
"9022_2",0.000232
"11071_1",0.000065
"4991_3",0.937695
"8226_1",0.000451
"8762_3",0.065939
"6918_4",0.025890
"844_10",0.983524
"11503_8",0.042778
"7406_8",0.998033
"7743_1",0.122173
"514_3",0.005167
"10927_9",0.998947
"3731_7",0.999423
"8870_4",0.118303
"11099_10",0.999840
"8456_10",0.992828
"10944_7",0.006385
"7168_3",0.022600
"3378_10",0.977452
"8203_3",0.390948
"5676_1",0.004379
"5061_9",0.995971
"6238_8",0.501163
"1136_8",0.939741
"6234_3",0.280264
"9510_3",0.999753
"9632_7",0.732214
"4357_1",0.046856
"1176_9",0.999957
"10821_8",0.999884
"4143_4",0.784461
"5074_8",0.999339
"11673_1",0.000203
"11072_2",0.000083
"1816_4",0.955353
"3974_7",0.992778
"796_4",0.000438
"8540_2",0.000596
"10959_8",0.997068
"4576_10",0.996146
"7030_1",0.239871
"3340_10",0.998668
"3223_3",0.000093
"3030_1",0.056087
"4194_1",0.031951
"11322_1",0.020971
"1785_1",0.000675
"7109_2",0.000109
"4120_1",0.001538
"3024_7",0.990578
"589_2",0.001697
"2480_10",0.995176
"4878_1",0.000389
"571_1",0.061011
"12156_8",0.995521
"7547_9",0.983501
"6577_10",0.999858
"7101_3",0.036321
"1731_3",0.004896
"10424_1",0.021605
"9056_10",0.999747
"11959_3",0.000579
"6952_4",0.001134
"8709_10",0.999526
"4716_10",0.923602
"2393_10",0.999627
"4007_7",0.873542
"1196_2",0.008322
"8483_1",0.000348
"1840_3",0.174075
"6108_1",0.000084
"4621_8",0.998747
"11332_4",0.966801
"8800_10",0.999071
"886_7",0.999966
"6495_8",0.046022
"6193_10",0.941501
"10297_1",0.000079
"4233_1",0.000018
"3121_10",0.999149
"1681_10",0.962738
"5789_1",0.002011
"6446_10",0.999784
"479_9",0.998932
"6401_1",0.000181
"7602_1",0.000276
"10792_1",0.000531
"11436_9",0.999903
"6944_1",0.000602
"6275_9",0.038436
"7314_10",0.997529
"8887_9",0.982775
"1835_8",0.999927
"8403_7",0.513617
"2090_1",0.003700
"12310_1",0.149298
"9795_9",0.998638
"4260_1",0.000287
"3214_4",0.075387
"10974_8",0.818617
"3374_10",0.514190
"2251_2",0.004296
"2325_7",0.984438
"28_9",0.999647
"1758_2",0.107158
"1222_8",0.687137
"1229_4",0.174369
"9791_2",0.600790
"3433_4",0.001835
"10847_10",0.999721
"5020_2",0.000046
"9652_3",0.000081
"1739_10",0.996765
"10441_4",0.850035
"9002_7",0.994918
"4304_8",0.999226
"290_9",0.999987
"1339_8",0.996469
"10899_1",0.000897
"8723_8",0.020561
"12487_7",0.999708
"10384_7",0.984730
"4673_4",0.000930
"11679_1",0.000305
"3938_2",0.067113
"2253_10",0.999940
"198_7",0.999365
"3346_3",0.000144
"11543_3",0.000257
"8463_1",0.003598
"1297_2",0.000113
"4689_1",0.000067
"4681_1",0.000073
"961_8",0.999686
"9865_2",0.567305
"770_3",0.310212
"10495_2",0.017308
"6302_8",0.918742
"6232_4",0.027938
"10098_1",0.469871
"8905_2",0.000156
"8853_10",0.999780
"6081_10",0.999771
"12_4",0.007178
"1291_7",0.934733
"1679_1",0.033611
"996_7",0.991418
"3343_10",0.997767
"6083_10",0.999541
"98_9",0.098954
"962_4",0.000046
"4857_8",0.992369
"12394_7",0.035777
"1321_10",0.999953
"8994_10",0.999784
"7788_1",0.000140
"9708_8",0.368042
"9523_1",0.000461
"11785_4",0.003076
"5440_1",0.007175
"1091_7",0.996689
"11584_10",0.999827
"5369_3",0.804491
"3165_10",0.985575
"3686_10",0.999208
"7069_10",0.710482
"427_3",0.027897
"895_8",0.973903
"4565_8",0.777729
"5139_9",0.992348
"5027_1",0.000470
"503_9",0.999311
"7630_1",0.008920
"8552_1",0.016869
"4322_3",0.000772
"3492_3",0.999694
"5301_4",0.000332
"752_4",0.008100
"4307_2",0.000089
"4901_10",0.987816
"233_2",0.039874
"10789_8",0.999640
"270_8",0.999450
"11442_1",0.034219
"3688_7",0.996589
"9928_7",0.947582
"6563_8",0.997188
"3437_7",0.998709
"10495_8",0.999633
"8775_10",0.999982
"12172_3",0.289730
"10085_10",0.999357
"8394_9",0.965170
"2607_10",0.985997
"6645_10",0.997978
"301_10",0.999939
"2153_10",0.999220
"1967_3",0.546305
"9604_10",0.995631
"10665_10",0.829843
"5409_1",0.002097
"6707_10",0.999805
"3847_7",0.999768
"9261_10",0.999840
"3772_1",0.000064
"8950_1",0.002992
"6591_2",0.511151
"2765_9",0.975769
"4166_10",0.986458
"11418_3",0.092148
"7137_3",0.000145
"3710_2",0.000414
"1153_4",0.528839
"4155_8",0.984417
"9221_10",0.995278
"8917_10",0.998968
"6066_4",0.997269
"5366_10",0.999864
"2520_9",0.985328
"11677_2",0.000742
"4032_2",0.000101
"4041_2",0.000271
"474_4",0.020018
"6392_2",0.000533
"6545_10",0.999826
"5009_10",0.860993
"3060_10",0.762319
"11033_10",0.999886
"297_10",0.999933
"9099_1",0.000092
"10496_10",0.999939
"5619_3",0.560032
"4226_1",0.000053
"10483_8",0.999937
"1966_9",0.997071
"4024_2",0.001520
"6448_9",0.999785
"4252_1",0.003980
"250_10",0.999486
"10753_3",0.039724
"1005_7",0.327857
"4415_9",0.998983
"240_4",0.752682
"108_10",0.995724
"1393_1",0.990252
"4236_2",0.011736
"9208_2",0.003159
"7156_10",0.999085
"6490_1",0.000088
"3518_3",0.000305
"10308_1",0.000146
"8706_2",0.008082
"8674_10",0.999904
"8240_10",0.999621
"11890_10",0.988877
"976_3",0.046663
"5025_8",0.999017
"10206_8",0.988478
"11921_3",0.000054
"8344_7",0.040191
"295_8",0.998420
"2121_1",0.226633
"6978_8",0.995156
"707_3",0.205322
"751_1",0.001322
"1931_10",0.999931
"7197_10",0.991985
"11032_3",0.000037
"416_10",0.001092
"1384_2",0.037450
"4114_2",0.000508
"9450_10",0.999635
"6877_7",0.999792
"5092_9",0.999968
"3402_9",0.997195
"9517_10",0.999895
"8566_2",0.000844
"4493_1",0.002207
"842_1",0.007315
"4926_1",0.193965
"3398_9",0.995626
"8857_10",0.441087
"3696_9",0.991606
"1952_1",0.000236
"5516_3",0.015962
"3297_10",0.943763
"8396_2",0.010409
"1928_4",0.048086
"7216_10",0.999977
"1648_3",0.003947
"9312_8",0.996660
"4392_2",0.004806
"4740_9",0.989668
"2985_4",0.000026
"6407_10",0.798816
"4015_1",0.274987
"911_10",0.999731
"7898_1",0.002509
"5241_10",0.775750
"4955_4",0.002895
"4199_1",0.100678
"8319_4",0.996147
"6340_1",0.000784
"2003_1",0.004859
"11213_3",0.466845
"5109_4",0.000589
"9400_1",0.013843
"10719_7",0.999825
"6848_8",0.999594
"11398_1",0.072230
"2606_7",0.524065
"5646_1",0.037464
"4103_10",0.735855
"8906_9",0.999726
"6997_10",0.999002
"9990_1",0.026315
"6573_1",0.001913
"8530_10",0.273427
"8382_9",0.999698
"4207_2",0.936297
"8794_10",0.999124
"917_9",0.999050
"10739_9",0.999963
"4286_1",0.000134
"1763_1",0.000087
"5173_10",0.988457
"1764_1",0.000988
"3614_3",0.062402
"3880_10",0.998416
"4059_1",0.003329
"8786_8",0.980873
"9553_2",0.000713
"10599_8",0.007203
"1048_4",0.071786
"8136_7",0.981303
"8715_8",0.999656
"7667_7",0.946042
"5647_2",0.000083
"6267_1",0.000134
"12444_10",0.992643
"7390_10",0.999090
"7260_7",0.998480
"6170_10",0.999647
"2181_2",0.165083
"6196_7",0.999734
"12058_9",0.995647
"8915_7",0.569386
"6816_10",0.999395
"730_9",0.998646
"5808_10",0.999946
"6256_2",0.000180
"5157_4",0.002009
"7970_10",0.992406
"6991_7",0.999019
"7112_4",0.032927
"12136_4",0.907120
"1554_8",0.999119
"8289_4",0.608835
"12452_8",0.999851
"6181_8",0.997958
"6237_8",0.999706
"9724_10",0.998810
"7991_1",0.000643
"8185_4",0.172087
"12162_1",0.001915
"8330_9",0.999799
"84_3",0.000161
"4879_4",0.011017
"1173_7",0.999122
"11095_2",0.969770
"9934_8",0.999869
"10791_9",0.928801
"5260_10",0.995596
"3123_3",0.000787
"7500_1",0.003331
"9472_8",0.999491
"6349_9",0.998345
"8706_8",0.993637
"12385_4",0.000955
"12409_4",0.019885
"809_10",0.999427
"11380_2",0.022244
"4975_8",0.999877
"5069_3",0.358171
"8132_7",0.999967
"5628_10",0.999491
"12329_8",0.610468
"8217_3",0.000063
"251_2",0.223347
"2901_7",0.012996
"4588_1",0.000218
"2647_10",0.999233
"6020_9",0.999132
"7171_3",0.000038
"5880_10",0.999990
"4842_9",0.989696
"10657_10",0.994559
"11858_7",0.993055
"4656_4",0.400377
"9293_10",0.994199
"10702_10",0.999977
"6277_10",0.939226
"7223_10",0.722477
"11150_8",0.989899
"4768_9",0.998115
"5703_8",0.999471
"9249_9",0.967035
"12051_10",0.999856
"5740_4",0.000169
"4882_3",0.070866
"11575_10",0.684938
"385_1",0.000421
"1569_3",0.026734
"7449_1",0.006585
"1977_4",0.000128
"6134_7",0.902064
"2384_8",0.999962
"2437_10",0.997389
"643_7",0.905409
"7334_10",0.999853
"12228_9",0.999869
"8579_2",0.000168
"4093_4",0.000080
"233_8",0.999231
"11852_7",0.914536
"11027_4",0.909006
"5409_7",0.757865
"9332_10",0.998495
"6530_9",0.992534
"7815_1",0.000242
"8317_10",0.994708
"5382_9",0.999525
"3183_3",0.924681
"4997_8",0.999206
"11553_7",0.995547
"718_3",0.005979
"7128_9",0.999971
"11977_1",0.270404
"10820_3",0.002192
"3539_9",0.999793
"2386_1",0.000028
"9837_4",0.398090
"2941_1",0.000231
"6669_1",0.000661
"10927_1",0.008563
"57_10",0.998343
"12252_2",0.987278
"8926_3",0.018173
"3044_2",0.007315
"9758_10",0.999602
"4584_10",0.952319
"1467_1",0.000208
"7846_9",0.998490
"1982_8",0.999298
"5705_1",0.000431
"9754_7",0.999496
"9594_1",0.005379
"7405_10",0.999935
"8469_2",0.951428
"3713_10",0.999974
"3381_10",0.998060
"1913_10",0.056762
"9423_8",0.935030
"115_9",0.972872
"9784_10",0.993411
"1148_4",0.008081
"2911_10",0.996881
"11328_9",0.367385
"5087_1",0.450898
"3983_10",0.377877
"5216_1",0.001355
"7961_10",0.995063
"10134_7",0.998506
"9379_2",0.484326
"4715_1",0.000119
"6501_10",0.999843
"4146_4",0.000378
"12159_1",0.036495
"11661_10",0.998124
"7995_2",0.061024
"693_9",0.998547
"1411_10",0.999801
"7091_7",0.999460
"2576_1",0.000380
"8207_1",0.000642
"10877_10",0.998865
"5444_10",0.999431
"9409_1",0.000576
"10020_1",0.002717
"2349_8",0.999805
"4942_10",0.999637
"2839_1",0.000165
"9419_1",0.003321
"10661_1",0.111332
"5659_10",0.999732
"639_7",0.999116
"5946_7",0.608925
"7231_7",0.999977
"4220_4",0.226138
"3698_4",0.876553
"1060_2",0.001273
"2398_3",0.051217
"11073_3",0.001721
"8336_2",0.000537
"5975_3",0.000405
"4727_1",0.000256
"1596_8",0.999894
"5471_2",0.000104
"11204_10",0.758900
"8810_10",0.960719
"11125_3",0.006861
"9607_10",0.997805
"6517_3",0.000583
"10232_1",0.006917
"7708_10",0.999800
"1753_1",0.000582
"10946_7",0.592255
"668_4",0.051757
"3794_4",0.999964
"6867_1",0.516813
"9428_7",0.999434
"12366_9",0.998436
"12056_9",0.997604
"901_1",0.000027
"7714_8",0.999815
"6389_8",0.600465
"4148_7",0.994829
"5062_1",0.001194
"6835_1",0.242132
"2901_3",0.003006
"4724_10",0.998270
"764_2",0.019429
"6729_1",0.000553
"8284_4",0.015647
"11928_1",0.003803
"386_1",0.000027
"35_9",0.999879
"4458_4",0.198721
"9627_2",0.002855
"8112_9",0.999877
"6026_8",0.999864
"12188_3",0.103401
"3477_3",0.358625
"12242_8",0.984595
"11594_4",0.001948
"11360_10",0.999907
"10299_1",0.000230
"3829_10",0.999931
"8324_2",0.009501
"1285_9",0.999107
"11370_10",0.999834
"8051_4",0.305004
"4420_10",0.999412
"3843_7",0.998858
"10520_2",0.470465
"12146_8",0.938874
"1502_10",0.320077
"6227_4",0.000252
"3191_10",0.976437
"4569_2",0.000286
"7647_8",0.122339
"6372_9",0.999932
"2105_2",0.026108
"4180_1",0.000366
"11212_10",0.999915
"1811_9",0.999894
"2868_3",0.000098
"3773_3",0.001167
"8386_1",0.000108
"1072_8",0.870990
"10588_1",0.724082
"8858_1",0.000292
"10831_1",0.128116
"11926_8",0.994580
"11521_10",0.999263
"4037_10",0.999000
"5119_7",0.850051
"11438_9",0.999975
"8275_2",0.001483
"4879_8",0.999868
"4520_10",0.999162
"2510_7",0.999617
"510_2",0.001870
"1283_1",0.000595
"3733_8",0.997068
"7708_1",0.000620
"12219_1",0.002586
"11654_4",0.002419
"3229_7",0.972943
"3579_8",0.115412
"1534_4",0.001848
"7498_10",0.988372
"11392_10",0.622480
"2949_1",0.000084
"407_7",0.999902
"12388_3",0.000532
"7779_3",0.000303
"12409_10",0.999358
"199_8",0.983627
"9330_1",0.005223
"6196_2",0.365602
"1576_2",0.115832
"12123_4",0.071962
"871_1",0.000954
"867_9",0.998151
"12186_1",0.000040
"11357_1",0.000232
"9327_4",0.000543
"3092_8",0.999054
"6097_1",0.457554
"4170_4",0.001000
"3724_3",0.961001
"4219_1",0.180571
"12233_10",0.998993
"12050_9",0.965868
"124_10",0.982287
"9521_9",0.998656
"7991_10",0.999936
"12284_1",0.007245
"8452_10",0.999804
"986_3",0.003136
"8504_8",0.999060
"9427_7",0.999768
"2359_3",0.532211
"7026_10",0.999330
"8726_8",0.999614
"4971_1",0.000247
"2990_1",0.001563
"5285_2",0.100140
"9953_10",0.849735
"2170_8",0.995465
"10963_8",0.995562
"9176_8",0.999923
"9639_7",0.999986
"1781_1",0.000472
"1293_10",0.999896
"10225_10",0.606749
"3821_1",0.171085
"1206_10",0.999952
"5513_1",0.008089
"12475_2",0.097559
"11508_9",0.997460
"6358_4",0.994394
"9646_1",0.000192
"7957_9",0.985435
"5183_9",0.980630
"8322_10",0.862678
"4171_1",0.894914
"6498_2",0.001914
"11893_1",0.259146
"8209_10",0.999869
"4866_3",0.001600
"1077_3",0.003818
"10916_7",0.986103
"6027_4",0.001146
"9308_7",0.990300
"7130_1",0.000015
"3326_4",0.006842
"6680_3",0.817320
"1707_8",0.031787
"5106_1",0.005017
"1408_10",0.829723
"6773_8",0.999174
"940_3",0.003698
"10890_10",0.999076
"3678_10",0.998022
"6871_9",0.996708
"10196_8",0.999169
"12369_1",0.000321
"4070_10",0.999925
"11755_7",0.999018
"9095_3",0.009650
"10863_1",0.000506
"7109_7",0.997527
"1844_3",0.003915
"8228_2",0.000825
"9631_4",0.043141
"3920_4",0.137665
"19_1",0.000091
"3929_2",0.000421
"1506_2",0.003168
"6877_3",0.019736
"12154_7",0.970466
"6572_3",0.017534
"1557_2",0.001111
"11836_7",0.995262
"9380_9",0.360060
"11725_4",0.006198
"6317_9",0.993971
"5022_1",0.000025
"132_1",0.000150
"9303_8",0.987791
"4739_10",0.997553
"11228_10",0.999876
"7913_1",0.396075
"1304_3",0.003824
"2725_10",0.999905
"8484_2",0.001106
"1866_9",0.999883
"12446_9",0.995573
"11406_1",0.000628
"7056_4",0.913551
"8615_10",0.999839
"12284_10",0.685958
"3279_9",0.999914
"9243_1",0.964369
"11_8",0.532963
"427_10",0.996920
"5446_7",0.627205
"846_7",0.982770
"2545_4",0.613403
"8635_10",0.999936
"4410_8",0.999259
"875_10",0.999986
"392_2",0.007895
"8819_3",0.000018
"12202_1",0.007916
"1370_4",0.996408
"340_2",0.088051
"179_1",0.351213
"11332_8",0.999925
"10396_4",0.869554
"8321_1",0.001200
"6384_3",0.028307
"5951_9",0.999341
"8137_1",0.001407
"12009_10",0.939675
"2103_8",0.999532
"11153_2",0.000193
"4945_10",0.995436
"3193_3",0.000215
"921_9",0.999935
"10446_10",0.999118
"9961_9",0.999926
"11420_4",0.016641
"6954_2",0.000028
"8430_2",0.132448
"6749_3",0.026691
"5997_7",0.996665
"7611_7",0.093134
"6292_8",0.999182
"11314_1",0.000012
"5143_2",0.005392
"9517_2",0.000044
"8259_2",0.002188
"5114_8",0.998897
"3574_9",0.999769
"11464_3",0.261484
"11457_10",0.972354
"2496_3",0.043160
"6795_1",0.000115
"1904_2",0.000075
"11524_2",0.000089
"8223_1",0.000550
"5566_3",0.000489
"3550_7",0.966356
"6059_10",0.994217
"4580_10",0.801290
"177_1",0.000259
"8790_8",0.999741
"7784_1",0.003337
"11892_1",0.137142
"6235_10",0.999523
"6493_4",0.000071
"764_8",0.999943
"4052_7",0.815678
"1663_1",0.000125
"10437_1",0.331017
"1009_3",0.348157
"11664_4",0.003236
"8909_10",0.998659
"9200_3",0.992781
"7919_9",0.999646
"8603_1",0.000217
"6976_2",0.854134
"4261_1",0.000029
"6636_1",0.006982
"10707_9",0.999793
"1155_7",0.999942
"7050_4",0.987478
"1360_3",0.008460
"8176_7",0.997431
"3301_8",0.998388
"6684_3",0.002895
"2742_3",0.030740
"7159_4",0.000245
"8944_3",0.000384
"2077_4",0.005347
"7145_10",0.999550
"6216_7",0.954591
"8606_9",0.993387
"10608_10",0.999603
"8441_4",0.089260
"1782_8",0.998836
"10939_8",0.996936
"2702_7",0.999882
"9210_1",0.000289
"9075_8",0.999829
"3412_3",0.024844
"2859_8",0.999925
"6326_4",0.837726
"94_2",0.000103
"3691_10",0.983300
"2679_9",0.999870
"1568_4",0.001062
"3540_9",0.984544
"3710_10",0.999903
"5691_1",0.001255
"9699_10",0.730429
"9207_4",0.626037
"286_1",0.023832
"10891_1",0.000682
"6177_8",0.999851
"9817_2",0.000661
"8871_9",0.129199
"290_1",0.000270
"8388_9",0.998287
"9195_7",0.999933
"1164_9",0.999919
"2332_8",0.936449
"5406_7",0.994027
"2476_3",0.007256
"11381_3",0.086435
"6518_10",0.999097
"3474_1",0.000878
"603_8",0.999289
"5448_4",0.000722
"3624_8",0.616267
"11569_1",0.016188
"9353_8",0.999374
"3119_2",0.023087
"382_4",0.005250
"8569_8",0.691183
"2312_10",0.999759
"7531_1",0.002437
"7150_4",0.784852
"5496_8",0.999961
"1979_1",0.000665
"4158_2",0.002046
"4790_7",0.942631
"11971_1",0.000161
"197_10",0.999602
"3453_8",0.999565
"915_4",0.963432
"6991_2",0.997888
"7524_9",0.999833
"7474_4",0.036488
"284_2",0.000240
"12483_7",0.997633
"1141_10",0.993400
"7739_1",0.001226
"6488_3",0.053091
"3117_1",0.427920
"6224_8",0.991274
"9737_4",0.105399
"2399_10",0.999905
"1044_8",0.999953
"1153_8",0.849512
"11664_9",0.999808
"10015_4",0.997480
"7622_1",0.009171
"8743_10",0.999931
"356_3",0.941661
"838_7",0.990659
"4922_10",0.986770
"3623_10",0.996609
"9424_1",0.290400
"8473_4",0.998706
"9996_10",0.999804
"11242_2",0.985448
"11889_10",0.999794
"11131_10",0.999711
"386_10",0.999106
"6534_8",0.999945
"11420_7",0.158524
"3119_9",0.999853
"2708_2",0.014113
"2817_10",0.990535
"9425_7",0.999905
"11019_2",0.050758
"1747_1",0.836489
"4493_9",0.999506
"4728_1",0.022361
"6856_2",0.000121
"10273_1",0.113087
"4822_8",0.819366
"10475_10",0.999622
"2678_3",0.000413
"9979_8",0.998811
"8090_1",0.000163
"10022_4",0.000133
"5137_1",0.000033
"6787_10",0.998547
"4027_9",0.999826
"208_10",0.560484
"569_7",0.999017
"761_10",0.999955
"2603_9",0.288517
"11692_9",0.998393
"4374_2",0.000275
"5581_10",0.999458
"10601_1",0.000454
"637_3",0.007687
"10238_2",0.981349
"6717_1",0.001596
"9145_10",0.996958
"1047_4",0.903929
"6173_1",0.000010
"985_10",0.995216
"4964_1",0.000715
"7104_1",0.000561
"6293_3",0.020475
"9060_3",0.000801
"1894_4",0.902764
"4650_10",0.999686
"12475_8",0.999753
"7563_9",0.999969
"10996_9",0.999555
"8315_4",0.002765
"710_3",0.000320
"3856_7",0.999683
"10613_8",0.999683
"12141_9",0.989557
"4666_1",0.000045
"292_3",0.000652
"3316_7",0.999293
"10482_4",0.011448
"9703_1",0.991112
"6905_9",0.999499
"9138_10",0.999975
"10417_2",0.000430
"7977_1",0.000142
"9350_8",0.964605
"4514_10",0.999863
"3964_4",0.972465
"6014_4",0.011047
"10198_2",0.042723
"9059_1",0.001114
"11254_10",0.995177
"2032_7",0.990106
"6895_7",0.388927
"6921_2",0.001761
"9174_8",0.999956
"367_8",0.996298
"11410_7",0.006089
"9387_7",0.524263
"2227_10",0.997036
"334_2",0.001863
"334_9",0.784889
"10893_8",0.999883
"9414_10",0.999057
"9725_1",0.021030
"10779_9",0.460138
"8654_8",0.999028
"9032_7",0.999949
"9775_4",0.125355
"7687_1",0.032853
"12206_4",0.446067
"7720_8",0.999837
"6774_9",0.999929
"12469_1",0.003403
"7249_2",0.000233
"5146_3",0.752178
"8629_7",0.893719
"5292_3",0.999232
"8937_7",0.999984
"9221_4",0.998102
"3203_8",0.997063
"6964_2",0.184550
"6120_8",0.998543
"6962_9",0.999256
"4139_1",0.000055
"3957_4",0.000147
"9305_3",0.027692
"6863_1",0.741959
"2164_4",0.516094
"12378_7",0.159658
"10834_10",0.999264
"633_10",0.764353
"10071_8",0.999619
"8167_1",0.000948
"4232_9",0.977649
"6710_8",0.993329
"6055_1",0.001980
"8169_8",0.996179
"10291_9",0.999866
"8149_10",0.999670
"2499_10",0.997282
"4370_2",0.016473
"4031_1",0.000137
"11372_3",0.121148
"9619_1",0.728665
"8822_4",0.004777
"7096_10",0.999952
"7009_10",0.976970
"2442_10",0.999732
"442_10",0.999742
"4783_1",0.000688
"11837_9",0.787466
"5214_8",0.999896
"134_8",0.999697
"10948_1",0.000223
"3011_7",0.999988
"4339_4",0.465417
"9638_3",0.893941
"7186_7",0.996357
"7702_2",0.000161
"6586_8",0.999441
"2420_8",0.999721
"1911_8",0.988331
"4707_4",0.095450
"3954_10",0.999920
"12071_3",0.997941
"10010_9",0.999294
"8844_2",0.001517
"12312_1",0.050545
"4874_1",0.145453
"7270_7",0.858051
"3497_1",0.000541
"9928_3",0.765032
"11109_1",0.002538
"9016_8",0.918687
"1125_10",0.999007
"9695_8",0.984363
"5756_9",0.035998
"11452_2",0.006760
"8488_4",0.002307
"9825_2",0.153254
"7054_7",0.998690
"4359_10",0.821932
"11411_8",0.993852
"9618_8",0.999796
"12226_4",0.536729
"7752_10",0.946982
"9274_3",0.183613
"12069_10",0.998933
"4591_2",0.010072
"6065_8",0.999686
"2344_10",0.955655
"10299_10",0.999798
"8934_9",0.998043
"5041_8",0.999286
"3885_7",0.835219
"3994_8",0.997926
"11907_9",0.999900
"10181_10",0.953200
"2714_9",0.999660
"1571_8",0.999458
"6621_4",0.009348
"1062_2",0.024828
"379_10",0.999948
"62_8",0.998766
"1926_8",0.995584
"3428_7",0.999195
"2175_8",0.998591
"2006_10",0.999619
"8633_7",0.974252
"12158_2",0.000029
"11572_8",0.999650
"8859_10",0.997851
"10919_2",0.000579
"4131_3",0.137363
"6893_1",0.060313
"9217_1",0.000041
"1893_2",0.834112
"1719_2",0.000317
"5107_4",0.161366
"2284_3",0.004790
"1430_10",0.997606
"5207_10",0.254622
"2800_8",0.998080
"7550_1",0.964480
"9035_9",0.999631
"11548_10",0.999845
"6037_4",0.001879
"518_4",0.504813
"12237_2",0.002718
"10266_7",0.777820
"12032_1",0.000358
"2494_4",0.000033
"8062_3",0.011693
"4665_1",0.001223
"6082_8",0.999850
"7225_4",0.000694
"9080_1",0.136370
"9606_4",0.065603
"494_2",0.021709
"6274_10",0.997633
"4170_9",0.999871
"9218_10",0.995717
"10377_8",0.956529
"10597_10",0.999921
"958_4",0.057824
"9958_4",0.001522
"129_9",0.999945
"2804_9",0.999906
"8935_1",0.003833
"12229_3",0.049097
"5048_4",0.043603
"6509_4",0.112482
"1812_8",0.985823
"5695_1",0.002846
"2021_10",0.983344
"9892_2",0.020013
"9239_10",0.669258
"5398_2",0.004269
"4458_7",0.691469
"11730_8",0.999838
"9853_1",0.000050
"2258_10",0.999941
"9345_10",0.999968
"64_3",0.802257
"10423_9",0.999718
"2220_9",0.986201
"192_10",0.999886
"12143_9",0.975183
"2113_7",0.999923
"5294_10",0.999961
"7025_9",0.999982
"6300_3",0.002216
"8043_2",0.000169
"6628_1",0.644011
"12138_3",0.621825
"1333_7",0.988202
"10515_3",0.000155
"11949_9",0.999878
"2854_1",0.000022
"142_8",0.999092
"3706_1",0.000015
"6149_10",0.259410
"8429_3",0.801029
"6151_10",0.999969
"4861_8",0.998486
"8764_9",0.745339
"540_1",0.423745
"10693_1",0.005071
"2346_4",0.016612
"1532_4",0.000298
"1099_2",0.037928
"3818_10",0.997253
"2617_10",0.999956
"1709_1",0.000042
"4649_10",0.999921
"4085_10",0.998636
"4478_9",0.999912
"1032_10",0.999634
"3642_7",0.004237
"5656_8",0.996833
"11916_3",0.016079
"6672_10",0.857490
"4225_7",0.988240
"996_3",0.255063
"7421_10",0.999784
"9431_7",0.992886
"11121_9",0.999839
"5054_8",0.993100
"9187_8",0.978968
"9096_7",0.883645
"10318_8",0.994357
"5348_2",0.844980
"6666_8",0.997896
"6648_9",0.014737
"1405_10",0.999371
"8981_4",0.998307
"10248_9",0.992391
"4101_8",0.999189
"3076_4",0.001965
"1598_1",0.001303
"8430_10",0.841904
"9999_1",0.148862
"805_1",0.000182
"7821_7",0.939002
"10849_10",0.998939
"8400_7",0.151664
"4807_4",0.039812
"8353_4",0.198716
"10445_10",0.901370
"7058_2",0.204374
"9715_2",0.014627
"10934_3",0.000122
"8215_10",0.941368
"7268_10",0.999278
"5521_8",0.293804
"8565_1",0.001269
"8197_3",0.000918
"12004_9",0.996522
"10257_3",0.001481
"6260_2",0.009561
"10481_9",0.999936
"7598_2",0.000042
"8106_10",0.470139
"8049_3",0.283931
"7124_2",0.028970
"3858_1",0.000065
"1445_9",0.206206
"6346_1",0.000668
"678_7",0.981509
"10247_1",0.351614
"1287_8",0.999766
"11873_1",0.001493
"7198_1",0.001022
"3237_7",0.935028
"2029_8",0.317593
"26_10",0.997269
"9153_1",0.000463
"12004_2",0.008651
"4105_10",0.998498
"1168_10",0.999931
"5312_4",0.001181
"2907_1",0.000046
"7247_9",0.982653
"107_10",0.995745
"412_2",0.323982
"2078_4",0.910655
"7997_9",0.994762
"12397_10",0.950987
"10052_7",0.996489
"6559_7",0.981260
"12143_4",0.045441
"3496_7",0.999651
"3569_10",0.999768
"9270_10",0.479253
"2811_3",0.974455
"9673_7",0.128465
"325_1",0.008155
"11741_3",0.000138
"10562_7",0.343187
"5687_9",0.997728
"4601_4",0.312960
"5698_8",0.193890
"11257_4",0.000455
"4391_1",0.044224
"4703_10",0.999621
"12191_3",0.000141
"113_8",0.729841
"9831_1",0.021238
"7388_7",0.999927
"1661_10",0.803498
"3703_2",0.000240
"6077_2",0.766189
"935_4",0.295526
"7617_7",0.999906
"7387_3",0.108036
"7889_7",0.780996
"803_3",0.000484
"9557_9",0.999953
"4299_10",0.999856
"6785_3",0.849509
"5185_7",0.997665
"9590_1",0.758743
"10811_9",0.999845
"34_1",0.000331
"12221_2",0.000626
"6436_10",0.999888
"8299_2",0.005684
"7242_9",0.999952
"3247_10",0.973011
"8466_3",0.150446
"5784_9",0.253804
"794_7",0.999938
"4986_3",0.000115
"7786_7",0.999587
"9324_10",0.994394
"2095_9",0.997670
"10798_1",0.000350
"4193_1",0.034869
"12063_10",0.999453
"3976_7",0.991435
"8657_1",0.000278
"2850_4",0.245514
"4522_7",0.999747
"6028_1",0.470381
"6000_4",0.000450
"8712_1",0.000830
"3969_8",0.992814
"4245_4",0.001653
"3873_7",0.839267
"68_9",0.999984
"890_9",0.710707
"5922_1",0.001147
"2582_2",0.268231
"5704_4",0.000165
"9307_8",0.900299
"4114_8",0.997705
"5540_7",0.878778
"157_10",0.999800
"748_1",0.000712
"7045_1",0.000076
"9526_3",0.450120
"6519_2",0.001842
"11254_4",0.131874
"9498_1",0.000116
"7192_8",0.994924
"2388_1",0.059995
"12002_8",0.999741
"8394_1",0.001379
"10656_8",0.896058
"7261_9",0.999642
"10434_8",0.999915
"139_9",0.980868
"4538_1",0.000164
"4038_2",0.000045
"12228_4",0.072922
"3619_8",0.960879
"10411_3",0.001995
"7278_1",0.001644
"2304_3",0.000046
"5636_3",0.007149
"8833_9",0.999229
"504_1",0.001628
"12313_1",0.000036
"11161_1",0.000054
"72_4",0.624277
"4976_1",0.000466
"10018_8",0.990506
"12142_8",0.999920
"4821_8",0.997350
"9058_2",0.002376
"6347_1",0.001413
"3346_8",0.999290
"1481_10",0.999952
"10178_1",0.002152
"2851_8",0.998844
"12095_3",0.000746
"11978_3",0.310562
"7172_9",0.999576
"8450_1",0.001435
"7464_1",0.113035
"12327_1",0.206785
"5622_4",0.002716
"9170_3",0.000804
"10955_10",0.179717
"6161_2",0.130062
"11222_10",0.999967
"3844_7",0.999074
"11443_3",0.000975
"4004_7",0.999847
"11015_10",0.998954
"3860_1",0.008664
"11600_2",0.994190
"6849_8",0.945224
"1966_1",0.002060
"4828_8",0.094704
"675_8",0.557710
"9068_7",0.110168
"5924_8",0.999897
"10733_10",0.999643
"8369_7",0.997462
"5213_4",0.000788
"2558_4",0.000097
"47_10",0.999980
"2601_10",0.466242
"7360_9",0.984659
"1289_1",0.038447
"9875_4",0.009942
"2449_1",0.002726
"10020_8",0.998101
"6761_3",0.221989
"7544_10",0.999528
"4380_3",0.000799
"3946_10",0.994713
"6968_10",0.880937
"3006_2",0.003109
"11942_1",0.000142
"2715_9",0.991217
"6065_4",0.996659
"6866_1",0.446056
"6620_10",0.998653
"3177_1",0.000029
"4051_10",0.677175
"880_3",0.000984
"6504_1",0.019194
"12193_3",0.001258
"8570_3",0.001335
"8025_1",0.000168
"12316_1",0.001636
"10842_10",0.999883
"2066_10",0.999680
"4416_10",0.999512
"5327_1",0.000213
"3500_1",0.005666
"4072_7",0.998303
"5833_7",0.990998
"2989_8",0.997071
"1905_8",0.125139
"5421_1",0.001149
"1479_8",0.501826
"5092_1",0.000803
"4840_1",0.010116
"54_10",0.999394
"9203_9",0.332399
"3949_2",0.000023
"3615_1",0.000078
"8748_10",0.990666
"108_2",0.202233
"2280_4",0.955714
"6454_3",0.992285
"4071_1",0.000121
"2022_9",0.878550
"2600_1",0.003071
"2482_10",0.998089
"7347_9",0.999901
"7190_4",0.086122
"7174_7",0.895424
"5823_3",0.014461
"8051_10",0.304634
"7503_2",0.001541
"2341_1",0.006516
"516_9",0.535339
"8309_4",0.013513
"10789_4",0.089619
"11286_1",0.000077
"4770_1",0.000375
"7262_4",0.960689
"11636_9",0.547165
"2340_1",0.013980
"3407_3",0.000014
"2922_9",0.999189
"9708_2",0.074135
"2362_3",0.002624
"3729_8",0.999716
"2265_9",0.999777
"1439_1",0.000032
"8020_2",0.000176
"5581_2",0.092602
"6503_1",0.432127
"10101_9",0.992346
"7853_8",0.998762
"6229_1",0.000219
"1351_7",0.997952
"2764_10",0.997355
"4617_10",0.986759
"1265_2",0.000953
"11424_4",0.805648
"219_8",0.886698
"2241_10",0.999962
"8400_2",0.000768
"4399_1",0.000284
"9110_4",0.523792
"294_1",0.030050
"4646_4",0.010285
"8267_3",0.576749
"8829_4",0.602545
"3174_7",0.998200
"6557_4",0.003148
"8286_4",0.425185
"2611_8",0.994536
"3422_4",0.824388
"4632_4",0.114248
"6448_4",0.022512
"11485_3",0.067581
"8526_7",0.783207
"10172_9",0.999285
"5043_2",0.001452
"7865_1",0.003683
"6343_8",0.998582
"9225_9",0.999946
"2764_4",0.003744
"8446_10",0.232094
"3329_9",0.800810
"9142_8",0.810223
"9567_1",0.000431
"7933_8",0.983601
"5655_10",0.080821
"12076_10",0.999983
"6455_7",0.993115
"7202_10",0.999416
"7747_10",0.998772
"9072_10",0.999414
"11374_10",0.999825
"3032_9",0.998636
"3065_10",0.999343
"1216_10",0.929505
"732_8",0.997865
"7586_4",0.034492
"12012_10",0.967234
"5280_4",0.147239
"2687_4",0.982798
"7659_3",0.020906
"2813_4",0.006292
"6992_9",0.886629
"5468_10",0.999755
"10035_1",0.000105
"10283_10",0.970720
"5439_8",0.943781
"8930_2",0.000755
"8681_7",0.990330
"8521_1",0.000023
"4213_1",0.145486
"9751_1",0.000167
"935_10",0.999893
"5082_1",0.000057
"1802_1",0.000043
"11455_10",0.976487
"1794_9",0.998066
"3708_10",0.994199
"6174_8",0.968449
"2210_8",0.994869
"6259_7",0.382559
"12471_8",0.999891
"3260_10",0.999806
"4717_1",0.007056
"8673_2",0.006539
"6362_3",0.007606
"7986_1",0.000029
"10555_3",0.802826
"10468_2",0.019285
"5354_10",0.999648
"5760_2",0.040163
"1380_2",0.001774
"12054_9",0.996378
"3794_10",0.997425
"7842_1",0.018079
"2236_7",0.999014
"8449_1",0.000343
"9993_2",0.003092
"6947_1",0.000040
"11369_10",0.998823
"8186_4",0.405524
"7017_2",0.301336
"725_8",0.995299
"9298_8",0.906200
"1695_7",0.999959
"7762_1",0.002014
"3466_10",0.999570
"1794_4",0.001157
"3804_10",0.988150
"7642_3",0.000121
"9538_10",0.056900
"10107_2",0.000980
"4755_8",0.998315
"9679_1",0.001131
"11300_1",0.001639
"8747_3",0.454421
"4145_1",0.000164
"8066_7",0.985264
"6306_10",0.995941
"6021_10",0.998550
"4860_10",0.995401
"4608_2",0.045876
"2380_1",0.000556
"9709_8",0.933571
"8057_4",0.999578
"8624_1",0.000715
"6117_10",0.998967
"3641_9",0.356307
"8710_3",0.158805
"9158_10",0.999709
"1129_2",0.001043
"8320_4",0.003245
"10219_4",0.000751
"6625_1",0.007105
"1988_1",0.023828
"5032_1",0.005008
"1042_7",0.982835
"1895_4",0.046989
"10057_1",0.001727
"9898_10",0.999729
"3809_2",0.000314
"7994_2",0.000382
"2751_4",0.045438
"3102_1",0.041334
"12393_7",0.992015
"4521_7",0.594604
"11169_8",0.999800
"7227_4",0.893754
"4956_9",0.022185
"7592_9",0.999710
"656_7",0.997368
"11534_3",0.002156
"774_8",0.999985
"7756_1",0.000172
"2720_8",0.999612
"11227_10",0.999871
"10462_3",0.000465
"4041_10",0.989064
"7327_1",0.025737
"4056_8",0.999974
"11684_10",0.987789
"5544_8",0.995542
"3799_8",0.999520
"3593_10",0.999783
"4602_4",0.798351
"2123_2",0.000146
"9773_10",0.999964
"10956_4",0.036413
"5139_3",0.031147
"8804_10",0.999854
"1784_2",0.024064
"11022_1",0.000117
"9366_1",0.000067
"12113_7",0.994029
"2375_7",0.052412
"3911_10",0.999970
"10834_2",0.000603
"9319_1",0.000519
"3923_3",0.151579
"4630_10",0.999694
"2625_10",0.996893
"10159_7",0.999361
"2339_1",0.068429
"8577_3",0.003501
"4062_7",0.999987
"6677_2",0.000155
"7818_8",0.999613
"4939_2",0.030122
"6937_4",0.182476
"1286_1",0.002491
"878_2",0.020725
"2357_7",0.662755
"3397_3",0.896901
"11214_10",0.997928
"8045_1",0.000404
"2943_1",0.001035
"1518_10",0.999681
"2792_9",0.999917
"6437_7",0.832809
"8734_7",0.980973
"6165_2",0.003803
"11956_2",0.000133
"7021_1",0.501347
"3369_1",0.761581
"5829_2",0.009877
"11742_9",0.999890
"11370_1",0.000120
"1502_1",0.049228
"9933_1",0.003900
"4619_10",0.999647
"6842_1",0.308211
"2770_10",0.346123
"2343_4",0.013749
"3071_8",0.997820
"3046_8",0.961460
"8354_4",0.012124
"5632_10",0.999523
"3901_4",0.422205
"6950_10",0.999644
"2431_9",0.995435
"10614_9",0.999495
"41_4",0.000068
"5039_3",0.024009
"2827_1",0.002730
"2860_8",0.967936
"6868_9",0.961044
"4597_3",0.171696
"8795_10",0.992217
"11941_7",0.980790
"12442_1",0.000321
"9736_7",0.992216
"1102_9",0.609094
"4291_7",0.998891
"4523_1",0.051111
"5349_1",0.001782
"3363_7",0.987871
"11393_3",0.005162
"1647_1",0.638166
"6143_4",0.906785
"1863_1",0.000235
"10099_9",0.888985
"4163_8",0.954076
"9357_8",0.999906
"10941_10",0.852978
"6883_10",0.501089
"11090_4",0.768201
"3480_1",0.473322
"10795_1",0.991111
"5865_1",0.015830
"2484_8",0.664560
"3023_4",0.000190
"2818_2",0.002747
"719_7",0.047155
"5297_4",0.000304
"12194_10",0.997877
"2929_8",0.999645
"7911_2",0.001463
"10619_9",0.962688
"5192_9",0.995047
"2170_1",0.843836
"4659_10",0.037761
"8536_7",0.999892
"11119_1",0.000875
"7887_3",0.940397
"11742_1",0.125972
"5867_7",0.397774
"7538_7",0.829168
"1834_9",0.999780
"6499_8",0.095335
"2073_10",0.992481
"3881_10",0.999189
"802_7",0.660755
"1733_1",0.000272
"11527_1",0.047990
"4316_2",0.000066
"9812_1",0.129643
"8911_10",0.165993
"7687_10",0.999872
"4240_10",0.999617
"1778_1",0.001773
"11822_1",0.009582
"7820_1",0.000173
"235_4",0.076043
"8373_7",0.998153
"92_1",0.006801
"716_10",0.984753
"4028_7",0.999717
"5533_7",0.944490
"2605_9",0.999844
"6665_1",0.001200
"178_10",0.999789
"9886_2",0.452199
"11779_10",0.991091
"5124_4",0.758182
"1956_2",0.031519
"2933_1",0.523162
"8737_1",0.010190
"8755_9",0.980760
"5032_8",0.999553
"9246_10",0.999936
"9610_1",0.010073
"7011_2",0.075844
"1602_1",0.582642
"3367_1",0.000107
"2756_8",0.999059
"12042_9",0.999989
"2641_3",0.000272
"9202_10",0.999942
"1953_2",0.086160
"5303_1",0.000059
"975_7",0.355106
"2447_4",0.203678
"294_8",0.988089
"11643_7",0.845617
"8743_1",0.000300
"2661_4",0.095412
"8638_10",0.997878
"4793_10",0.974987
"7461_8",0.718248
"830_4",0.006987
"5770_7",0.630556
"1989_1",0.000090
"5514_3",0.003291
"5842_3",0.000133
"11813_1",0.000260
"7811_10",0.974009
"7707_4",0.284104
"1205_10",0.999822
"10326_10",0.985842
"4881_9",0.963687
"8244_10",0.999529
"7647_1",0.000050
"4376_10",0.999711
"6744_2",0.444096
"6769_7",0.998404
"494_10",0.951868
"6188_4",0.002690
"5859_1",0.000269
"6801_3",0.001186
"10990_8",0.999288
"6057_8",0.125347
"3017_1",0.017225
"7617_1",0.952886
"8340_7",0.979569
"746_7",0.335136
"9290_10",0.911405
"1525_10",0.995269
"11044_7",0.245551
"9367_10",0.999234
"5705_10",0.998032
"11375_10",0.999979
"11320_1",0.000159
"754_9",0.904719
"7040_10",0.985974
"10740_4",0.003031
"8839_10",0.999949
"11614_4",0.002923
"10867_9",0.999818
"12406_10",0.999302
"12081_10",0.999684
"8763_10",0.999976
"4103_1",0.002308
"5600_1",0.002191
"5345_2",0.000149
"10679_8",0.973676
"11709_1",0.000316
"6872_4",0.000304
"9096_3",0.997448
"3417_9",0.990264
"5154_3",0.798669
"6071_10",0.999825
"5685_9",0.998766
"7937_10",0.999378
"3628_1",0.000151
"7374_2",0.001871
"1862_8",0.101441
"6602_1",0.025472
"1401_10",0.999889
"12157_3",0.003522
"5636_8",0.999943
"2049_10",0.998879
"9402_8",0.825565
"12455_10",0.997614
"11062_2",0.000132
"9163_10",0.999778
"2879_7",0.348126
"2840_9",0.994816
"9893_8",0.999877
"11857_1",0.000278
"7776_10",0.999188
"10365_7",0.977075
"6186_7",0.999616
"7071_1",0.000117
"5132_1",0.005633
"8971_4",0.008009
"3415_1",0.000270
"3622_1",0.000057
"7446_10",0.989051
"4644_9",0.459310
"3923_10",0.999932
"3503_8",0.999605
"8685_7",0.572914
"1683_2",0.009521
"3417_4",0.436565
"10443_3",0.110238
"4620_3",0.900265
"5658_1",0.109215
"4185_1",0.001320
"3727_10",0.990932
"5334_1",0.010025
"7113_7",0.145337
"8713_1",0.003343
"2865_7",0.220511
"2956_4",0.001103
"2455_8",0.998263
"97_7",0.995818
"6789_10",0.999924
"8639_8",0.998447
"1563_8",0.999659
"3169_9",0.998951
"7627_10",0.968435
"1649_10",0.999665
"2287_10",0.999961
"9479_1",0.001487
"7705_1",0.257941
"10803_2",0.830856
"6076_9",0.999928
"4263_3",0.322437
"4726_10",0.999499
"11738_9",0.998704
"9250_9",0.996652
"2638_1",0.000714
"11357_7",0.986655
"12135_3",0.060527
"7296_10",0.999562
"10674_7",0.999859
"7674_9",0.999924
"5575_1",0.000071
"8120_7",0.999434
"1617_1",0.002629
"7090_3",0.002387
"3793_4",0.091383
"2658_10",0.956729
"9942_3",0.994484
"9520_9",0.999875
"10638_1",0.000145
"9066_10",0.999846
"3408_4",0.001221
"7526_1",0.000312
"10821_3",0.000334
"5887_10",0.999519
"12470_3",0.013526
"4033_8",0.999490
"1949_10",0.999866
"9859_4",0.000329
"11183_9",0.999889
"8533_4",0.492392
"10236_10",0.646192
"6111_3",0.792802
"5475_8",0.997540
"3342_3",0.000787
"8335_1",0.902814
"4812_9",0.999884
"2306_4",0.380337
"4596_7",0.227396
"10431_2",0.023407
"5077_9",0.999379
"1301_9",0.995144
"8979_9",0.999738
"4226_9",0.999728
"5544_3",0.041891
"7954_2",0.000863
"3935_4",0.005882
"7076_4",0.002929
"10208_10",0.995097
"3737_3",0.150333
"1689_8",0.380772
"6585_9",0.999321
"6096_3",0.307224
"11052_4",0.143341
"7783_10",0.993802
"5157_10",0.987336
"5465_10",0.999250
"11361_10",0.991581
"7560_3",0.241073
"9781_4",0.416446
"11681_10",0.997493
"6127_7",0.257417
"1799_9",0.989290
"10849_2",0.000065
"4274_7",0.999263
"15_10",0.998155
"11338_1",0.001214
"5750_2",0.073966
"9335_8",0.996469
"8359_7",0.946367
"9527_7",0.999960
"1336_1",0.000917
"9893_3",0.146643
"11229_9",0.999964
"5948_9",0.997371
"9733_4",0.659283
"6377_8",0.999863
"1427_10",0.999158
"9023_3",0.010249
"2151_2",0.000391
"1744_1",0.003368
"6367_10",0.999966
"9143_8",0.977118
"6176_8",0.999274
"11388_10",0.997173
"1493_10",0.999420
"6615_1",0.000251
"4654_2",0.002440
"599_9",0.999933
"7256_10",0.999910
"11993_1",0.007064
"992_7",0.999690
"8871_2",0.000022
"11483_1",0.000555
"3322_1",0.164400
"9827_4",0.403620
"8063_3",0.006388
"7397_3",0.143165
"3040_4",0.004315
"11682_2",0.013743
"8738_10",0.999714
"9905_4",0.005506
"6437_1",0.454781
"4319_9",0.999770
"5353_4",0.134993
"12207_9",0.998258
"6166_7",0.999506
"12243_4",0.235706
"1219_1",0.001118
"10292_10",0.997115
"10132_10",0.885924
"6898_10",0.998836
"8469_8",0.949113
"10393_1",0.010280
"7509_1",0.040114
"9468_9",0.940496
"9002_1",0.000068
"891_9",0.966531
"5156_4",0.034697
"2321_1",0.000312
"11859_8",0.964830
"12262_7",0.868767
"6198_4",0.358967
"5699_1",0.000114
"4252_10",0.754790
"10618_10",0.999652
"3226_10",0.999948
"7227_7",0.987761
"11047_7",0.998755
"9569_7",0.999351
"8933_4",0.611917
"4513_8",0.940971
"1271_9",0.999910
"6327_2",0.040965
"10012_9",0.984049
"10090_3",0.167741
"8564_1",0.001136
"10905_8",0.999932
"6828_2",0.001127
"1730_1",0.006339
"3404_3",0.014666
"12428_1",0.011153
"5180_1",0.002939
"10554_9",0.999664
"527_2",0.848679
"10296_8",0.999980
"543_4",0.950241
"10235_3",0.060558
"3743_4",0.588688
"8792_3",0.006493
"3597_1",0.003814
"12320_1",0.002433
"11672_8",0.999955
"7237_4",0.012418
"3726_7",0.205101
"6643_2",0.283734
"2743_10",0.999676
"10184_9",0.993592
"1929_1",0.001710
"666_7",0.278287
"4548_4",0.000211
"4153_4",0.000192
"7356_4",0.009132
"8843_10",0.999579
"7552_8",0.999919
"6494_8",0.987390
"3547_7",0.989181
"810_1",0.916133
"7672_9",0.316252
"4945_3",0.111437
"12427_8",0.993727
"749_7",0.999951
"10706_10",0.999941
"10969_1",0.000047
"340_9",0.999739
"2154_8",0.999978
"3715_1",0.000110
"2388_10",0.999976
"5905_2",0.000637
"3774_10",0.999374
"3070_1",0.006001
"4789_10",0.998554
"1509_2",0.001635
"2350_8",0.954827
"11137_1",0.000035
"10987_1",0.008200
"5815_1",0.018984
"7272_10",0.999920
"4651_10",0.999686
"4184_1",0.001645
"9636_10",0.999445
"8592_10",0.999968
"3068_3",0.006278
"8899_4",0.003767
"10018_1",0.000158
"5821_10",0.999786
"3232_4",0.010273
"10795_10",0.874215
"7461_3",0.001089
"10874_7",0.082209
"9672_10",0.999971
"1908_10",0.991072
"4014_9",0.793830
"10488_3",0.008948
"2501_7",0.997936
"12339_3",0.948777
"2698_10",0.999692
"1674_1",0.003333
"10366_8",0.022932
"12059_10",0.999916
"8285_4",0.001302
"4120_8",0.994599
"4238_7",0.998827
"10516_1",0.254876
"2478_9",0.980779
"7807_2",0.000373
"10704_1",0.005007
"791_4",0.033307
"2514_4",0.999073
"3095_10",0.964341
"1770_10",0.999667
"11115_2",0.469351
"10797_1",0.038465
"11347_1",0.000131
"7077_10",0.999925
"403_1",0.007519
"5852_7",0.459516
"8451_8",0.980857
"7013_1",0.000104
"10346_9",0.999856
"3055_7",0.999785
"4687_1",0.001955
"8467_10",0.999959
"11363_10",0.786745
"277_9",0.999884
"1715_2",0.927032
"9249_1",0.000110
"1895_10",0.286735
"5505_3",0.048654
"1323_9",0.999985
"4200_10",0.580883
"682_4",0.045387
"12020_4",0.819052
"5824_10",0.917833
"4475_10",0.999915
"891_1",0.365309
"2713_8",0.997019
"2084_9",0.991671
"1535_3",0.173173
"7862_8",0.999653
"8055_9",0.999939
"6604_7",0.999835
"7714_1",0.012659
"5606_7",0.023300
"7277_10",0.999764
"3197_1",0.000074
"406_7",0.009642
"6948_9",0.999869
"4196_8",0.978611
"1723_10",0.999870
"11625_4",0.920796
"1259_1",0.000094
"5283_10",0.999993
"8407_4",0.001665
"5561_8",0.999798
"7653_3",0.635947
"8646_1",0.000131
"8053_8",0.995730
"1879_7",0.939466
"1645_2",0.007696
"12222_7",0.002651
"3966_1",0.029403
"4754_1",0.000056
"8920_9",0.996254
"11920_9",0.999894
"4747_2",0.000176
"2108_8",0.945703
"9017_7",0.999880
"994_7",0.994992
"11155_10",0.983280
"6249_9",0.999889
"5926_9",0.999746
"12486_1",0.991037
"4918_8",0.979470
"1357_9",0.999094
"6051_2",0.016306
"4589_10",0.996471
"12401_4",0.008305
"4083_8",0.999933
"10373_10",0.999837
"7467_8",0.657771
"2220_1",0.000126
"6882_7",0.703915
"10551_10",0.999978
"4043_10",0.999955
"11078_8",0.998437
"4280_9",0.999898
"8594_10",0.999850
"10652_9",0.998222
"2206_10",0.999800
"9014_2",0.000218
"10215_4",0.779740
"3549_2",0.000455
"10445_1",0.000206
"10819_9",0.999740
"10691_1",0.059769
"3855_10",0.999922
"7809_2",0.377335
"3022_7",0.405491
"694_8",0.995143
"13_9",0.999875
"10972_10",0.999733
"9187_1",0.000218
"12354_3",0.277034
"4793_1",0.000296
"10696_1",0.216347
"12446_1",0.000050
"1488_10",0.974571
"904_10",0.119436
"11057_1",0.000646
"2132_8",0.436409
"1406_10",0.997928
"11366_3",0.012445
"9957_4",0.071759
"12096_1",0.000033
"3827_3",0.000082
"11686_2",0.000077
"4387_9",0.999005
"9955_9",0.998743
"12103_10",0.999983
"11506_10",0.802391
"793_1",0.083644
"8001_1",0.000101
"8823_4",0.318498
"1787_7",0.999705
"5484_10",0.990292
"3557_9",0.994772
"615_8",0.971619
"410_2",0.015019
"5800_2",0.041481
"3143_4",0.007211
"11359_2",0.003651
"7016_10",0.999318
"3711_2",0.000978
"8580_10",0.994866
"5615_9",0.999939
"9202_2",0.000064
"4776_2",0.033796
"8436_10",0.999899
"2097_8",0.972511
"6935_4",0.176975
"2656_1",0.000306
"11446_7",0.999048
"5392_4",0.635471
"6451_9",0.985497
"11054_8",0.999601
"8677_8",0.999675
"8761_3",0.128476
"9297_1",0.000051
"12480_2",0.000486
"11736_9",0.905209
"4156_8",0.999788
"1955_10",0.999969
"12350_1",0.809183
"5439_1",0.016843
"1342_10",0.998926
"7271_1",0.004932
"1868_4",0.020994
"4497_9",0.999699
"1729_10",0.993400
"4593_8",0.998297
"11296_7",0.976277
"9573_4",0.998678
"11678_2",0.001304
"6790_9",0.999009
"12298_2",0.000228
"9839_3",0.110502
"1348_1",0.000762
"7004_8",0.688215
"10414_10",0.999896
"3826_3",0.001703
"9313_4",0.818043
"10543_3",0.000338
"6909_9",0.999570
"11377_10",0.999907
"2591_9",0.999299
"11355_2",0.000041
"9274_8",0.998065
"4521_4",0.109390
"12208_9",0.999867
"4948_2",0.001751
"3732_1",0.000410
"12096_10",0.999961
"7135_3",0.904951
"10310_8",0.730331
"1959_1",0.000107
"10383_1",0.000541
"106_9",0.950065
"7085_7",0.855973
"11070_8",0.999935
"6850_10",0.999991
"12476_4",0.245452
"1917_10",0.999121
"1341_3",0.437565
"4062_1",0.011126
"5594_4",0.068613
"11963_1",0.000684
"2777_9",0.999699
"9871_7",0.900174
"949_8",0.116087
"7436_10",0.996503
"738_10",0.965266
"4893_1",0.155018
"6100_10",0.994834
"10219_9",0.697293
"4004_2",0.000690
"5945_10",0.999946
"10183_9",0.999817
"3465_10",0.999966
"4408_1",0.000487
"5810_7",0.999169
"188_3",0.965862
"7835_1",0.097085
"1648_9",0.981650
"7971_8",0.999269
"11809_1",0.000413
"5352_10",0.144015
"1476_8",0.999417
"602_10",0.999936
"9669_2",0.045257
"93_9",0.981425
"10787_10",0.989455
"10958_8",0.999479
"6608_1",0.001198
"7058_10",0.999339
"4401_10",0.999263
"9315_8",0.588097
"9670_3",0.092967
"10537_3",0.000388
"1033_2",0.006037
"12085_10",0.852332
"9373_7",0.995609
"8302_2",0.000041
"10138_2",0.020495
"6814_10",0.999901
"9778_1",0.007503
"5149_7",0.999166
"6191_3",0.397932
"7466_3",0.016146
"10051_2",0.538869
"5262_2",0.005088
"2906_1",0.000223
"8625_9",0.632923
"2118_4",0.272914
"11547_3",0.000214
"11384_7",0.999206
"123_10",0.999656
"11115_7",0.941466
"9348_10",0.999796
"568_9",0.843928
"7731_9",0.999772
"6548_8",0.935446
"9235_4",0.034502
"430_10",0.997559
"10790_1",0.000975
"10691_10",0.999745
"2324_9",0.999949
"11031_1",0.008986
"5465_4",0.021288
"5545_4",0.003690
"5546_10",0.995123
"9010_2",0.423263
"7205_10",0.994328
"7580_10",0.856152
"2052_3",0.007206
"6284_7",0.999925
"12001_3",0.025035
"3458_9",0.999971
"9013_2",0.353877
"5839_4",0.199736
"10809_10",0.999916
"3077_2",0.000119
"11373_3",0.000024
"7083_9",0.999894
"10846_10",0.981600
"11815_10",0.996764
"4730_1",0.170793
"3320_7",0.998290
"4782_10",0.998620
"3410_3",0.104032
"5142_10",0.999663
"3947_1",0.004652
"3016_8",0.069150
"12114_4",0.041524
"11039_8",0.960712
"5902_7",0.996418
"5351_8",0.997821
"1654_10",0.999745
"5731_4",0.005266
"10985_9",0.996366
"8724_1",0.001080
"9854_3",0.025640
"2054_1",0.000348
"11385_4",0.770540
"5919_4",0.002456
"9898_1",0.000280
"11874_8",0.092586
"4496_3",0.001429
"5231_1",0.004981
"10070_3",0.011598
"2345_8",0.999872
"9311_10",0.999978
"1036_10",0.999027
"6603_4",0.000205
"2138_9",0.999315
"10546_10",0.991427
"3217_10",0.999559
"12188_10",0.999973
"5986_2",0.230960
"352_10",0.999858
"8557_3",0.118494
"10453_10",0.998648
"4397_4",0.000727
"673_2",0.009058
"10305_10",0.999933
"11985_1",0.000113
"3457_1",0.010473
"500_1",0.000141
"10637_9",0.995702
"8144_10",0.999978
"8485_1",0.000072
"1632_7",0.979858
"2404_8",0.994304
"11489_10",0.999974
"7590_1",0.000931
"12460_2",0.106641
"11729_10",0.998887
"2796_7",0.489288
"8015_2",0.000476
"8258_4",0.000088
"2272_3",0.167486
"7178_10",0.999544
"8476_8",0.999439
"3411_4",0.050580
"8319_10",0.946498
"11799_10",0.986649
"8585_4",0.946783
"4640_10",0.996486
"12199_1",0.001473
"8380_7",0.068537
"8712_10",0.993467
"12482_9",0.999893
"4813_1",0.007548
"119_9",0.998616
"7850_10",0.999914
"5536_1",0.044565
"10576_1",0.002547
"2803_1",0.000097
"11788_4",0.000127
"6681_3",0.817320
"2503_10",0.999870
"88_3",0.316595
"7389_4",0.331840
"8793_9",0.999306
"4911_7",0.998651
"6495_4",0.024737
"10670_1",0.001272
"2203_10",0.998715
"7588_10",0.980707
"7095_7",0.999603
"6748_8",0.932298
"10348_1",0.011228
"2568_8",0.828450
"10292_2",0.009142
"1112_3",0.029010
"5322_7",0.717383
"4291_4",0.000171
"1212_7",0.986209
"7963_10",0.998287
"6156_1",0.000349
"713_1",0.293544
"11606_8",0.998722
"10975_10",0.999051
"4638_10",0.998382
"800_8",0.908606
"1389_3",0.001363
"10045_1",0.000149
"3529_1",0.279773
"1921_2",0.001409
"4824_8",0.643690
"10688_10",0.999738
"84_10",0.999941
"225_3",0.034000
"9756_10",0.998606
"7601_8",0.996929
"6342_3",0.080913
"7711_1",0.000045
"12133_7",0.998910
"8026_3",0.024991
"4551_10",0.998041
"545_4",0.009149
"343_1",0.757939
"10788_4",0.999842
"8711_2",0.008218
"5493_10",0.999985
"9358_1",0.451716
"2185_3",0.000519
"9720_2",0.000542
"4481_8",0.983562
"6528_2",0.005547
"11928_8",0.999428
"6591_7",0.998296
"10876_1",0.016313
"11253_10",0.999283
"2190_3",0.225870
"4281_3",0.000073
"7971_3",0.011584
"11649_2",0.000728
"5199_3",0.969391
"12258_3",0.482139
"5922_8",0.998054
"11136_1",0.000056
"7941_10",0.985545
"1412_7",0.999341
"11053_3",0.750266
"5586_10",0.999881
"5762_9",0.531527
"8328_3",0.050372
"10354_4",0.642111
"3563_8",0.999850
"8246_2",0.263586
"7740_10",0.999886
"4972_1",0.013089
"832_4",0.093752
"11386_10",0.989435
"1273_3",0.000533
"5085_2",0.455882
"11414_4",0.012589
"885_8",0.999402
"3943_10",0.988947
"898_9",0.990109
"8168_10",0.999411
"9779_10",0.996663
"830_7",0.988089
"77_10",0.999679
"648_8",0.999664
"10629_10",0.331631
"89_10",0.999927
"11955_9",0.999177
"7883_9",0.999647
"243_4",0.031768
"5148_2",0.000021
"1056_3",0.952823
"5206_10",0.999842
"8777_10",0.903517
"2969_2",0.000149
"6729_8",0.995731
"11860_1",0.006677
"6307_4",0.215701
"11589_1",0.000174
"8016_1",0.000086
"3461_8",0.999269
"8767_1",0.000103
"7692_10",0.993639
"12281_8",0.999107
"7763_1",0.569836
"5301_9",0.999770
"5112_10",0.999905
"10757_10",0.978073
"1066_8",0.997380
"5413_10",0.999300
"2733_3",0.109672
"8534_10",0.999784
"5915_8",0.989995
"10566_3",0.002005
"10900_7",0.992812
"3120_10",0.974957
"4394_1",0.001035
"3090_1",0.000762
"4379_10",0.999679
"5259_7",0.406331
"10792_8",0.999708
"2599_1",0.000249
"1912_2",0.000582
"2517_1",0.996903
"2946_8",0.999832
"3020_8",0.998772
"1850_4",0.991220
"9463_2",0.000038
"1721_10",0.998973
"7952_7",0.999684
"1806_9",0.999826
"11403_9",0.874085
"2013_7",0.612694
"5556_10",0.999704
"1746_3",0.158689
"11125_7",0.995693
"9270_4",0.720457
"7343_10",0.999585
"12465_10",0.999747
"8550_9",0.999476
"6213_8",0.901661
"10861_10",0.998986
"4109_7",0.997715
"8652_1",0.000031
"11546_1",0.010988
"9133_7",0.999323
"5964_3",0.000112
"1575_1",0.133679
"1337_4",0.093110
"7610_1",0.000147
"49_10",0.999979
"6505_2",0.001619
"7177_10",0.993920
"5947_7",0.989636
"1723_3",0.032609
"9055_7",0.975820
"7972_1",0.000835
"5340_8",0.762067
"6938_8",0.001209
"12400_8",0.943446
"552_9",0.997874
"11844_9",0.997399
"1080_1",0.000434
"3078_10",0.999847
"8713_9",0.997282
"7300_1",0.000809
"12464_1",0.004492
"3812_10",0.989101
"3313_4",0.696071
"6880_4",0.107060
"5478_9",0.999350
"10951_7",0.999894
"3327_8",0.997226
"6332_10",0.979157
"4385_8",0.129723
"2387_10",0.999891
"5756_3",0.000213
"4020_7",0.901144
"6190_8",0.994014
"517_8",0.982503
"9018_3",0.751204
"9449_10",0.999964
"10715_3",0.000443
"8195_8",0.999910
"9605_10",0.999790
"4309_9",0.999883
"1783_4",0.020910
"1658_10",0.998059
"1403_7",0.785088
"4268_1",0.000052
"4822_1",0.022983
"717_4",0.000414
"7768_10",0.954244
"7803_2",0.000080
"7190_8",0.987383
"11035_1",0.000072
"6288_10",0.987093
"10690_1",0.000028
"714_10",0.999925
"9210_10",0.999380
"12462_1",0.000017
"9325_1",0.000151
"8370_8",0.997462
"10583_1",0.007984
"4016_10",0.999965
"6465_4",0.074646
"1512_9",0.999954
"4769_8",0.998910
"11160_7",0.974052
"2175_1",0.000105
"12261_7",0.999963
"685_8",0.901463
"9208_10",0.995241
"6296_1",0.000114
"8210_4",0.953646
"11237_4",0.001068
"8139_10",0.999942
"6996_3",0.508062
"5168_1",0.006075
"5528_3",0.991974
"6635_1",0.000694
"1670_8",0.999461
"7099_4",0.814801
"2239_1",0.988756
"7313_4",0.284011
"3304_2",0.000755
"10505_1",0.000986
"9681_10",0.999529
"7569_4",0.999503
"9926_4",0.005283
"8339_8",0.999799
"8553_10",0.995599
"387_1",0.021831
"4715_9",0.985079
"11447_1",0.172161
"7425_1",0.088310
"10514_1",0.226592
"6979_10",0.999017
"3104_1",0.027140
"6833_4",0.341084
"5931_3",0.056066
"12103_2",0.011263
"9413_1",0.002365
"2730_7",0.921993
"7293_10",0.999092
"8479_9",0.999928
"9099_7",0.999186
"2061_4",0.701958
"4680_7",0.999965
"4067_1",0.191415
"4663_2",0.000202
"3069_1",0.012868
"8739_7",0.997573
"8279_2",0.531516
"11078_1",0.264381
"7917_1",0.000198
"7636_8",0.952800
"5071_8",0.645829
"1720_10",0.990040
"885_3",0.000395
"734_1",0.000168
"6309_9",0.981678
"4346_3",0.011593
"4087_10",0.999681
"678_1",0.000013
"8348_8",0.990474
"3572_2",0.070475
"10285_1",0.476129
"11126_4",0.987014
"8071_2",0.618052
"8150_10",0.987216
"4652_4",0.728936
"3674_8",0.948373
"1046_9",0.999873
"1986_8",0.999598
"2516_1",0.992352
"11758_1",0.118428
"4747_8",0.910158
"10426_4",0.123835
"4331_1",0.000384
"9146_3",0.002445
"312_10",0.995131
"4160_9",0.999701
"5277_3",0.000296
"4896_7",0.999586
"4327_9",0.607038
"4136_3",0.307224
"2324_2",0.678835
"10407_10",0.998773
"5081_10",0.999870
"2892_2",0.006576
"367_3",0.012367
"6523_3",0.003588
"9037_7",0.041174
"8790_1",0.000182
"1839_8",0.999232
"4149_3",0.001232
"7950_3",0.001094
"1686_2",0.908360
"7855_1",0.006905
"2844_10",0.999708
"4006_1",0.072435
"1077_10",0.999436
"9294_3",0.975267
"8866_1",0.000762
"8414_3",0.179169
"11736_3",0.021769
"11683_9",0.827194
"6399_10",0.261413
"4876_2",0.000159
"8818_10",0.996765
"8874_3",0.000166
"2595_7",0.884872
"9287_1",0.118475
"11446_3",0.071615
"10016_3",0.002011
"10381_8",0.985214
"2222_1",0.788680
"10875_7",0.995727
"5708_8",0.995551
"2727_9",0.979662
"823_1",0.029499
"3616_2",0.002396
"10522_1",0.020453
"5340_3",0.099537
"4218_9",0.999193
"6551_4",0.015297
"4506_7",0.997480
"487_3",0.001053
"3215_2",0.000177
"3884_10",0.999933
"8163_1",0.000203
"4878_9",0.665403
"10428_10",0.999428
"6394_10",0.999404
"5318_2",0.000118
"4829_3",0.008594
"9175_8",0.988566
"10213_7",0.865325
"1484_10",0.999964
"9646_10",0.999314
"755_1",0.003499
"4988_1",0.001526
"10640_3",0.125438
"2780_4",0.000238
"5867_2",0.001105
"9212_10",0.997268
"8554_4",0.034827
"4703_3",0.011354
"8779_8",0.999785
"953_10",0.995740
"10349_8",0.994799
"3280_10",0.998399
"3646_8",0.999265
"6054_1",0.000290
"4894_3",0.745456
"11235_10",0.995780
"513_8",0.996960
"4166_1",0.025158
"742_8",0.018170
"7671_10",0.995682
"2835_4",0.995666
"8556_10",0.999102
"4764_7",0.830675
"1626_3",0.000173
"6883_4",0.002695
"1014_4",0.117554
"9419_10",0.999454
"7918_8",0.865996
"8912_2",0.002244
"7996_3",0.995860
"5045_2",0.104336
"9612_2",0.049648
"1658_2",0.021349
"4373_2",0.003125
"11771_7",0.442311
"5458_4",0.064509
"10492_1",0.000181
"5551_8",0.039961
"811_1",0.000754
"12209_9",0.999675
"1514_1",0.328506
"6684_9",0.999975
"4604_7",0.999883
"3350_1",0.005479
"3336_7",0.990169
"9645_4",0.000174
"1664_9",0.998618
"5109_8",0.999908
"9294_8",0.560414
"7439_3",0.001581
"9098_10",0.997454
"10353_2",0.000028
"2356_4",0.994073
"884_1",0.420755
"704_2",0.000258
"9429_4",0.176055
"11563_1",0.000101
"10345_7",0.999585
"12301_4",0.030554
"1021_7",0.864186
"6353_1",0.000110
"2608_7",0.999208
"10508_1",0.024520
"263_1",0.005590
"10127_10",0.999476
"11517_4",0.012106
"4758_4",0.313385
"2210_4",0.462020
"12396_1",0.000096
"9405_7",0.862047
"5945_2",0.001497
"1931_3",0.003546
"3972_9",0.992773
"7949_3",0.043526
"1958_10",0.999247
"5834_7",0.999515
"11040_1",0.000232
"9453_1",0.002111
"5841_10",0.953983
"1144_10",0.998246
"5678_2",0.016773
"11361_3",0.000054
"5999_1",0.003230
"11810_4",0.104646
"10502_1",0.010347
"11821_10",0.999891
"8270_10",0.990367
"4627_4",0.985515
"5588_2",0.026039
"4877_1",0.000014
"2289_8",0.999726
"2582_10",0.999403
"8749_1",0.019306
"1653_1",0.000227
"7060_3",0.099745
"4299_1",0.016638
"7198_10",0.858518
"5597_9",0.898905
"11592_10",0.999756
"1516_1",0.000826
"1428_10",0.998360
"9349_7",0.638925
"4182_10",0.988832
"522_10",0.999957
"1942_9",0.999236
"2570_8",0.999617
"1188_2",0.002188
"7454_10",0.999960
"6859_8",0.999292
"4278_9",0.650197
"3538_8",0.768361
"6499_1",0.001007
"7715_1",0.000370
"5847_1",0.000016
"2109_10",0.998824
"7570_2",0.163261
"3725_1",0.000291
"8736_2",0.005168
"2007_10",0.999964
"9738_10",0.997015
"2763_7",0.998879
"9081_2",0.209855
"6647_10",0.999734
"11207_1",0.022960
"5182_3",0.000582
"2171_10",0.804804
"9091_1",0.885745
"3970_3",0.008193
"7432_9",0.999326
"2169_2",0.005475
"720_1",0.002468
"866_2",0.000086
"567_3",0.959881
"11812_8",0.999387
"11195_9",0.647225
"5877_10",0.999687
"5526_9",0.998651
"792_8",0.404599
"8673_9",0.999904
"5163_1",0.109491
"4722_8",0.971055
"11423_8",0.994248
"3239_8",0.995865
"2235_4",0.975420
"5799_3",0.000030
"8592_2",0.859064
"5229_10",0.166189
"9285_10",0.999913
"6092_1",0.673793
"8940_10",0.988103
"12220_8",0.423731
"4417_10",0.999412
"10462_10",0.999981
"3241_9",0.993767
"8744_10",0.999931
"1016_3",0.054078
"7382_10",0.999925
"8458_8",0.937131
"629_4",0.000646
"1971_3",0.001083
"4471_4",0.215653
"7890_2",0.000116
"10164_4",0.426026
"2176_8",0.942777
"2500_2",0.193112
"1155_2",0.000430
"7102_8",0.982918
"3618_10",0.973463
"4940_3",0.006950
"10263_3",0.004286
"12495_10",0.776063
"7170_9",0.999939
"7322_3",0.995811
"2938_10",0.574228
"8128_8",0.999884
"4900_1",0.001433
"5672_7",0.171212
"3387_10",0.999939
"806_1",0.029868
"7385_2",0.000285
"3043_4",0.004157
"6845_10",0.998560
"979_3",0.967475
"6853_3",0.013694
"4871_4",0.000072
"12172_8",0.992763
"4105_2",0.004631
"3171_4",0.000120
"8686_10",0.988307
"10187_1",0.000210
"5305_7",0.515495
"1728_10",0.995509
"11284_4",0.495688
"443_2",0.000294
"8542_9",0.999693
"7634_2",0.260986
"2598_1",0.485373
"124_2",0.000049
"10145_8",0.999378
"63_1",0.000079
"5522_3",0.999334
"1264_9",0.981286
"12181_10",0.999872
"6508_1",0.000487
"2146_3",0.000153
"5449_4",0.022025
"2660_9",0.999858
"6594_4",0.001612
"6285_8",0.052700
"12200_10",0.916140
"6710_1",0.041333
"10399_10",0.995384
"6703_1",0.006376
"5795_8",0.999675
"3427_4",0.000118
"11306_10",0.999894
"6641_3",0.058466
"9364_9",0.993358
"6963_8",0.001618
"6896_10",0.998986
"10154_10",0.999717
"4690_10",0.999811
"8125_8",0.972629
"4978_1",0.014417
"4999_3",0.000019
"8921_8",0.998073
"6089_3",0.033711
"12279_9",0.966253
"1209_7",0.999329
"2083_7",0.999369
"10162_10",0.998733
"1266_4",0.031608
"10892_8",0.960678
"4864_4",0.000393
"10743_7",0.326038
"6427_1",0.000290
"8633_1",0.085321
"6158_10",0.999853
"4952_3",0.000064
"7508_10",0.977449
"637_9",0.999070
"6734_2",0.948756
"10685_1",0.000218
"6269_4",0.010259
"9073_8",0.996685
"9551_2",0.000501
"5499_2",0.000032
"3573_4",0.001939
"12089_1",0.091796
"3962_1",0.001566
"2169_7",0.250003
"959_8",0.830391
"10514_9",0.590432
"4430_7",0.995959
"10802_1",0.892769
"280_10",0.999430
"8041_3",0.102365
"9040_9",0.999922
"10653_1",0.349270
"10783_7",0.995863
"4711_1",0.000186
"1523_4",0.637041
"3903_1",0.004993
"4216_8",0.834502
"10108_1",0.000768
"4098_4",0.000312
"9433_7",0.999857
"11013_10",0.999745
"3968_10",0.999576
"7916_3",0.000061
"5859_9",0.817301
"11194_7",0.387971
"9376_3",0.004630
"1808_4",0.008991
"12029_3",0.326701
"5854_4",0.007601
"6573_9",0.999327
"6747_8",0.999605
"4366_1",0.063713
"5868_7",0.988821
"7712_3",0.873791
"11617_1",0.000968
"5362_10",0.990969
"1950_1",0.015910
"9724_1",0.008348
"7537_8",0.998659
"6950_1",0.000143
"6035_8",0.999883
"11191_4",0.318513
"4759_9",0.999842
"1228_7",0.126388
"10380_1",0.006530
"271_7",0.999648
"7826_9",0.969175
"4336_2",0.016201
"4209_2",0.112067
"4898_7",0.960165
"2987_1",0.002669
"9976_4",0.000296
"7521_10",0.999976
"5680_2",0.000049
"4310_10",0.999914
"4484_10",0.998866
"5748_9",0.997623
"6798_3",0.153105
"9598_10",0.998669
"4834_2",0.000692
"2505_10",0.999218
"1984_8",0.998765
"476_1",0.082228
"11578_1",0.000580
"2223_3",0.949702
"8215_3",0.984805
"3108_1",0.000904
"4371_1",0.004502
"12399_4",0.000463
"4913_1",0.000048
"8431_8",0.260605
"3445_10",0.999386
"8268_10",0.999664
"4271_10",0.999909
"2136_3",0.000105
"2479_1",0.016749
"11798_2",0.003711
"2893_10",0.999923
"7754_3",0.001286
"7568_10",0.999746
"6221_8",0.999648
"1687_10",0.999980
"4744_1",0.000123
"3730_10",0.991827
"7543_10",0.996622
"4449_1",0.000056
"2802_8",0.580888
"2834_2",0.000031
"11243_2",0.153894
"6638_10",0.991659
"3299_1",0.000018
"1378_10",0.801196
"1867_9",0.999856
"3371_1",0.001774
"1340_10",0.937837
"1810_10",0.962063
"11773_10",0.991463
"2111_1",0.000618
"2234_4",0.739167
"4958_7",0.873126
"3514_1",0.002575
"8488_9",0.998946
"1650_4",0.002421
"6538_3",0.000917
"9930_9",0.999972
"10594_1",0.000169
"6248_8",0.998785
"1384_9",0.999750
"11526_3",0.742836
"9847_10",0.999971
"8994_1",0.000058
"11595_1",0.048445
"9840_7",0.816303
"1027_9",0.996135
"11691_2",0.208020
"1154_10",0.913518
"4599_4",0.001554
"2126_1",0.001414
"10719_3",0.000781
"11925_2",0.000213
"1938_2",0.001885
"7233_7",0.994134
"1747_8",0.999958
"4994_8",0.955969
"10696_10",0.995071
"7348_10",0.999532
"9121_8",0.994506
"902_10",0.979664
"8046_1",0.001098
"3604_7",0.977306
"4886_8",0.999913
"2821_10",0.999737
"10180_8",0.921652
"11376_10",0.999860
"11195_2",0.001424
"5625_9",0.999932
"9284_9",0.997192
"6747_1",0.036101
"3910_9",0.483064
"11412_7",0.997680
"2456_10",0.999949
"6105_10",0.999776
"5732_10",0.985992
"1960_9",0.999275
"6363_7",0.991340
"9596_10",0.995141
"8605_3",0.000275
"174_2",0.003904
"8251_1",0.031789
"8567_10",0.993783
"7007_3",0.003013
"2418_8",0.997227
"12030_8",0.567802
"7626_7",0.995890
"6070_3",0.037284
"802_1",0.004446
"10801_10",0.999022
"8559_1",0.000619
"2495_2",0.018852
"10777_9",0.999966
"2958_7",0.992728
"3701_10",0.998824
"2754_9",0.971397
"1210_1",0.000538
"7830_10",0.999960
"4523_9",0.999737
"12408_4",0.011550
"5748_1",0.002713
"3982_2",0.000208
"9658_8",0.999249
"73_10",0.998937
"3952_1",0.195530
"4064_8",0.998455
"9835_4",0.009413
"12463_1",0.007267
"905_10",0.993772
"5634_8",0.999573
"800_3",0.000050
"11576_10",0.999738
"8546_4",0.000370
"8456_1",0.017150
"163_1",0.568452
"7616_3",0.001747
"17_3",0.902168
"620_2",0.010742
"4250_4",0.000578
"4403_1",0.000076
"7107_3",0.935660
"9691_9",0.985936
"4069_8",0.999715
"3747_7",0.999693
"7930_10",0.999324
"1088_3",0.254017
"3683_1",0.062621
"11138_1",0.000452
"1825_10",0.999958
"9888_3",0.000963
"8079_10",0.998509
"1508_2",0.000278
"2471_4",0.000193
"5238_7",0.932317
"4947_9",0.982849
"1791_10",0.809875
"5824_4",0.498424
"10408_2",0.001144
"6053_8",0.894771
"6811_4",0.000509
"6398_4",0.579369
"137_7",0.997882
"3920_9",0.997675
"8179_2",0.102043
"10602_8",0.637978
"10509_8",0.999227
"7346_3",0.091186
"2663_1",0.008492
"1342_2",0.005265
"5714_4",0.000194
"9669_10",0.999869
"6038_3",0.001464
"11957_10",0.755474
"750_2",0.020598
"12386_10",0.272113
"7178_1",0.000187
"8070_8",0.811050
"8993_1",0.000094
"1178_4",0.043369
"10457_8",0.999869
"5287_1",0.012125
"3098_8",0.924621
"3505_8",0.999721
"10271_1",0.852783
"4354_3",0.000143
"4817_1",0.000360
"11313_1",0.000321
"9023_10",0.999699
"8404_1",0.054137
"11847_1",0.000349
"5374_9",0.996390
"1009_8",0.998063
"4197_1",0.000566
"10803_9",0.846213
"6609_9",0.990388
"519_1",0.000978
"7675_3",0.005667
"10204_10",0.998401
"10565_1",0.000144
"1641_1",0.000224
"11170_10",0.999859
"451_2",0.012601
"4526_7",0.996844
"5639_9",0.999369
"5642_1",0.003904
"9159_3",0.924664
"11173_10",0.242273
"10772_10",0.998183
"11172_10",0.977063
"10213_4",0.840811
"11256_9",0.999546
"5863_1",0.000447
"5125_1",0.820752
"5624_10",0.996427
"10355_10",0.872662
"6623_1",0.057344
"3674_1",0.000378
"540_8",0.552746
"5202_10",0.983820
"9644_10",0.999983
"4780_1",0.129864
"2002_9",0.650346
"7228_10",0.999943
"4036_2",0.000372
"9925_9",0.983954
"1137_10",0.999787
"5679_1",0.017091
"9162_2",0.000028
"2849_3",0.000167
"3546_4",0.000054
"7164_1",0.000044
"1749_10",0.779279
"11988_2",0.028158
"365_10",0.991569
"7340_10",0.998247
"1543_3",0.014680
"6008_2",0.000741
"2230_4",0.001699
"10105_3",0.001609
"5443_1",0.000118
"5024_1",0.000920
"5630_8",0.999831
"7603_10",0.998903
"12205_10",0.741255
"5910_7",0.957233
"7006_8",0.999227
"3287_10",0.965741
"3136_1",0.007397
"6547_4",0.832141
"9329_1",0.000452
"1679_10",0.999080
"1659_7",0.996926
"2015_1",0.000501
"5236_1",0.075074
"2201_2",0.035373
"6026_3",0.214212
"12093_8",0.999969
"11394_10",0.739630
"9512_1",0.003849
"8401_3",0.002621
"5239_8",0.996868
"5018_10",0.960122
"38_8",0.999913
"2968_7",0.670357
"5359_3",0.001504
"10419_4",0.962396
"1551_4",0.542842
"11346_1",0.023667
"809_1",0.990825
"9823_4",0.087303
"10125_8",0.999638
"8819_10",0.999972
"9038_4",0.013820
"1968_1",0.001487
"6642_2",0.034490
"9015_10",0.999910
"12198_2",0.262500
"2758_9",0.997550
"9206_3",0.009678
"4370_7",0.413332
"1985_2",0.989477
"3031_7",0.999660
"10172_1",0.001748
"4527_1",0.000037
"5458_9",0.999899
"6534_1",0.000826
"4347_1",0.000083
"11152_10",0.999487
"9238_3",0.955385
"6161_8",0.999932
"2299_1",0.003689
"1133_1",0.009889
"11774_3",0.004120
"1095_2",0.000675
"11311_10",0.985402
"1126_1",0.000043
"2385_9",0.999975
"10710_10",0.999928
"10106_1",0.000028
"3363_1",0.114573
"11480_10",0.999767
"5183_1",0.000048
"7100_7",0.984388
"752_10",0.999755
"11958_8",0.812106
"2518_1",0.573812
"4744_9",0.825576
"53_7",0.941563
"12289_1",0.991925
"9239_4",0.978481
"8758_10",0.931338
"9050_9",0.994447
"10390_7",0.999884
"11780_8",0.985880
"9518_1",0.005870
"3442_1",0.001069
"6316_9",0.999595
"2826_9",0.998271
"5908_10",0.999960
"3720_7",0.999413
"8481_1",0.000058
"1188_10",0.999980
"2784_10",0.969280
"12352_3",0.999581
"1771_10",0.996131
"5255_1",0.595148
"328_4",0.631715
"313_10",0.998325
"10530_1",0.000085
"4866_7",0.999522
"8936_1",0.001709
"10029_10",0.999686
"12383_10",0.295710
"1922_1",0.004610
"3012_7",0.979285
"11593_3",0.194220
"8661_1",0.026190
"10457_1",0.090722
"8074_4",0.979616
"11993_10",0.571999
"6_7",0.999737
"2542_9",0.990066
"11454_3",0.001545
"6776_4",0.998926
"9466_1",0.991808
"11100_4",0.000152
"6429_10",0.998881
"11218_3",0.980788
"8310_1",0.000143
"7432_4",0.000642
"10115_1",0.000116
"11127_7",0.999941
"3306_2",0.013446
"6998_7",0.983625
"12166_2",0.000833
"7792_10",0.999394
"9250_1",0.000101
"3351_7",0.998042
"3350_8",0.934242
"2393_3",0.695814
"5473_3",0.437424
"73_4",0.054185
"1504_1",0.000222
"10317_10",0.994071
"5795_1",0.000495
"1511_9",0.706727
"2537_2",0.031108
"8010_4",0.001678
"1616_3",0.409106
"4332_2",0.002085
"8499_1",0.120020
"1636_8",0.997159
"7752_3",0.002666
"5848_7",0.845559
"5370_2",0.036272
"10600_10",0.980749
"5501_3",0.108055
"9948_7",0.986399
"10683_4",0.001533
"10013_4",0.061068
"11704_2",0.000177
"431_9",0.917824
"11855_10",0.997172
"2671_7",0.458906
"5831_2",0.018708
"7920_10",0.999809
"276_1",0.750011
"6245_2",0.391819
"89_3",0.000211
"7871_1",0.006162
"1707_1",0.016748
"6640_1",0.000103
"723_10",0.999863
"11391_1",0.003229
"3534_3",0.000153
"10449_10",0.998890
"180_10",0.999974
"5128_1",0.000690
"471_10",0.999943
"2341_10",0.999954
"3204_7",0.997589
"1818_10",0.974929
"4489_10",0.956743
"12034_10",0.005123
"11264_10",0.998895
"8077_7",0.224241
"12206_10",0.724877
"11549_3",0.000151
"8993_10",0.999029
"1937_4",0.077742
"7778_3",0.018428
"9714_9",0.730915
"7219_4",0.000143
"6518_4",0.000703
"8421_10",0.999602
"10563_2",0.000208
"2527_9",0.983185
"11147_10",0.999776
"832_7",0.985727
"8972_7",0.363714
"2311_9",0.999530
"6794_1",0.000747
"1769_10",0.999968
"11130_1",0.000390
"8331_3",0.000279
"5564_10",0.975955
"2594_10",0.743275
"11037_1",0.022516
"6679_9",0.907600
"419_4",0.283656
"2635_10",0.533699
"4436_4",0.853174
"10972_1",0.006766
"708_3",0.255012
"9113_1",0.198711
"1438_9",0.999212
"2048_4",0.000125
"4488_10",0.999441
"7889_3",0.312774
"11498_9",0.999877
"8780_1",0.172127
"2036_7",0.999756
"1861_1",0.038818
"581_4",0.035637
"9253_10",0.993221
"977_4",0.005040
"5693_7",0.999820
"6515_9",0.998369
"9378_1",0.000671
"6695_2",0.000287
"8507_1",0.001193
"829_2",0.140038
"11023_8",0.999973
"70_1",0.001248
"3669_8",0.807263
"10033_8",0.980998
"9158_4",0.167496
"817_1",0.000019
"4679_1",0.000047
"8133_4",0.310245
"3531_1",0.000029
"10742_1",0.022489
"5579_3",0.011244
"9041_1",0.000781
"4938_1",0.000019
"4246_9",0.996101
"4275_9",0.802527
"6819_3",0.000451
"6327_7",0.995617
"6101_10",0.999676
"11852_2",0.001231
"10252_10",0.873798
"4348_8",0.553483
"5328_4",0.020998
"11964_9",0.999841
"8634_1",0.000504
"3702_8",0.981639
"1677_2",0.091926
"5907_1",0.000735
"8432_10",0.998338
"3570_3",0.813556
"9624_10",0.932076
"11466_4",0.025079
"9062_10",0.999963
"12336_1",0.000019
"3476_1",0.027447
"7033_2",0.000256
"2660_3",0.973452
"741_1",0.000417
"11490_1",0.036980
"6580_7",0.999876
"1807_3",0.000187
"4785_1",0.002107
"6319_10",0.645503
"4437_8",0.999866
"3533_10",0.999176
"12119_3",0.647747
"151_8",0.999493
"7829_7",0.916110
"5497_1",0.001733
"7477_10",0.997563
"5879_10",0.999990
"8068_10",0.999444
"7989_3",0.856151
"8480_10",0.999550
"10352_10",0.991658
"120_2",0.000044
"10135_3",0.000919
"8091_1",0.044440
"8505_8",0.990067
"3282_1",0.013749
"11570_10",0.999857
"11052_8",0.990735
"5549_10",0.999826
"3891_8",0.999842
"3537_9",0.985832
"8503_3",0.427337
"3995_4",0.745505
"10979_3",0.000519
"11681_1",0.000672
"536_7",0.993993
"11739_8",0.999941
"6951_10",0.999883
"6210_2",0.070766
"1449_4",0.685009
"11860_10",0.998704
"11149_8",0.999972
"4021_7",0.995813
"5104_3",0.040627
"2989_3",0.001749
"10112_10",0.999956
"6718_1",0.000166
"7654_4",0.628322
"9481_10",0.999524
"7984_2",0.000093
"1348_8",0.999754
"11079_8",0.646025
"9554_10",0.994518
"8617_8",0.999477
"315_8",0.999929
"6085_8",0.999904
"1823_9",0.999150
"3208_10",0.999908
"924_4",0.347420
"6479_10",0.998833
"7017_10",0.473651
"8595_4",0.862464
"4532_10",0.999507
"5145_4",0.188147
"2358_7",0.995888
"11151_4",0.001171
"10238_7",0.999769
"564_9",0.300427
"4054_10",0.999951
"8852_9",0.999901
"10137_10",0.955224
"7014_3",0.001594
"1533_4",0.000122
"8257_2",0.752311
"8719_8",0.998419
"5041_1",0.000634
"1469_9",0.998313
"11726_3",0.039544
"2002_1",0.002064
"12293_3",0.000557
"3672_1",0.000287
"11110_10",0.999877
"3931_1",0.864001
"6972_1",0.095103
"10186_1",0.000340
"9265_3",0.042525
"7412_3",0.000494
"5427_2",0.000299
"5006_4",0.977036
"3199_1",0.000295
"6256_8",0.016828
"418_9",0.997499
"8834_9",0.997489
"5093_10",0.999929
"3190_2",0.000169
"12360_4",0.000183
"9477_1",0.004310
"6085_1",0.000029
"7773_10",0.999537
"255_4",0.016747
"1661_1",0.000346
"1627_10",0.994850
"9204_2",0.000252
"3704_8",0.223332
"11898_9",0.998140
"1137_1",0.191476
"101_9",0.974319
"1142_1",0.001315
"5314_8",0.999688
"10932_4",0.000310
"9639_2",0.028735
"12125_7",0.999932
"10998_1",0.000729
"5186_7",0.036752
"10340_1",0.999525
"7419_8",0.994147
"6929_3",0.000703
"7238_4",0.011329
"10869_7",0.591317
"4106_1",0.000157
"6589_2",0.961374
"9619_7",0.996903
"7116_4",0.093721
"8889_1",0.000089
"3901_9",0.999910
"7052_7",0.622964
"6439_1",0.000488
"5309_1",0.002711
"4515_3",0.039169
"3029_4",0.001052
"10310_1",0.000963
"12350_10",0.997522
"532_8",0.396467
"11145_8",0.986499
"75_10",0.998778
"6137_3",0.000343
"1637_2",0.017597
"12327_10",0.999979
"2177_7",0.990079
"1879_1",0.000195
"8745_2",0.000038
"3099_8",0.949418
"7354_4",0.000122
"10103_1",0.000053
"3296_10",0.999917
"8494_9",0.999188
"3423_4",0.919939
"7609_8",0.007871
"4265_10",0.919510
"1872_7",0.997927
"10987_10",0.999409
"2849_7",0.999816
"628_1",0.000326
"1391_1",0.001781
"7456_1",0.000987
"12150_1",0.020843
"7718_9",0.999979
"5787_3",0.190238
"12162_8",0.988854
"11670_7",0.268524
"1784_8",0.997163
"7483_8",0.997017
"9564_9",0.998653
"10832_9",0.999869
"12230_1",0.004687
"2291_8",0.999977
"8416_3",0.073372
"9486_10",0.989605
"8153_10",0.997501
"5164_10",0.989061
"6347_8",0.999781
"7773_2",0.000545
"12215_1",0.000100
"10039_8",0.998791
"9803_9",0.999675
"1589_1",0.023547
"1615_9",0.999669
"119_3",0.004616
"623_8",0.997770
"10427_1",0.022921
"11697_4",0.001318
"6168_2",0.000554
"2658_3",0.001321
"1841_4",0.000457
"10572_1",0.020241
"6964_8",0.057480
"5172_1",0.015898
"989_7",0.959206
"159_10",0.999984
"5240_1",0.002279
"11777_1",0.000252
"8350_3",0.009082
"2565_1",0.001075
"7694_10",0.985591
"7759_1",0.002139
"3003_4",0.769297
"7128_2",0.000033
"8147_4",0.000425
"6595_9",0.996332
"8949_3",0.274645
"9848_4",0.006915
"7496_8",0.999916
"11857_10",0.999912
"3237_1",0.031827
"5404_1",0.000084
"10699_8",0.999574
"6138_4",0.077547
"909_4",0.081730
"11833_10",0.999817
"11817_10",0.999029
"171_2",0.001629
"2517_7",0.917072
"10307_7",0.965464
"370_2",0.264537
"5995_8",0.991795
"4612_1",0.000626
"6561_8",0.999369
"7454_1",0.000115
"2951_2",0.000095
"8860_1",0.001029
"411_3",0.037291
"664_3",0.000050
"4345_10",0.980532
"4452_1",0.585641
"2833_2",0.000079
"10374_3",0.541414
"9322_1",0.020489
"9923_3",0.000343
"8687_3",0.001237
"7567_9",0.968080
"137_3",0.000925
"7872_1",0.001078
"6968_4",0.002023
"1540_10",0.998136
"9157_10",0.390084
"4102_10",0.999748
"6645_1",0.008627
"7630_10",0.032468
"3958_9",0.999911
"11437_9",0.999788
"6982_1",0.002606
"4870_2",0.163335
"3545_7",0.999646
"204_1",0.000040
"6844_10",0.989824
"4736_1",0.002205
"9120_9",0.991448
"1608_1",0.007711
"1251_10",0.999898
"12315_10",0.999834
"11754_10",0.999906
"2399_3",0.017466
"11499_8",0.999783
"3870_10",0.999569
"5503_10",0.997848
"4045_10",0.994669
"3063_1",0.002009
"10914_7",0.989302
"8509_10",0.999635
"5872_1",0.000247
"5729_4",0.003703
"10865_2",0.000043
"10218_4",0.013311
"2096_4",0.945559
"11344_1",0.033015
"10623_2",0.006735
"11241_10",0.886247
"7254_2",0.063450
"7892_1",0.000255
"3472_8",0.230086
"11637_4",0.009203
"11853_9",0.999865
"1096_7",0.999909
"8508_3",0.624837
"9400_10",0.999986
"1128_10",0.935786
"5989_10",0.997974
"8021_1",0.000111
"7860_10",0.998428
"1131_10",0.957004
"5589_1",0.006386
"5662_8",0.995951
"2161_7",0.998514
"323_10",0.998093
"2431_1",0.450971
"10147_7",0.996454
"2956_7",0.863321
"12005_3",0.024719
"477_2",0.459262
"202_9",0.999849
"5710_10",0.999937
"2262_7",0.999398
"7103_8",0.569138
"10237_3",0.103019
"12151_1",0.000731
"7485_2",0.000077
"2438_10",0.999890
"4069_2",0.000344
"5593_2",0.000065
"11163_1",0.006893
"6754_10",0.999458
"9147_2",0.006055
"9614_10",0.999335
"4427_7",0.934490
"1382_1",0.000325
"11132_7",0.999827
"6371_3",0.025995
"11221_4",0.020496
"10071_2",0.300517
"4936_2",0.000583
"1797_3",0.002180
"6692_4",0.774087
"5816_1",0.003816
"6163_2",0.002278
"2042_8",0.999618
"856_3",0.000544
"1233_10",0.999919
"9537_10",0.999469
"9504_9",0.833389
"788_10",0.999927
"3399_8",0.998529
"7142_4",0.000929
"10371_4",0.211333
"760_7",0.999180
"3614_10",0.999731
"3314_1",0.000509
"3447_10",0.999416
"12240_10",0.213230
"10083_10",0.999603
"9936_10",0.999978
"7651_10",0.995568
"1470_1",0.000636
"2703_7",0.999688
"5637_10",0.999912
"6102_1",0.000097
"8991_8",0.062220
"9606_10",0.997100
"10568_4",0.024289
"7126_10",0.996051
"4203_10",0.998932
"4486_2",0.001309
"3408_9",0.997376
"2867_8",0.999726
"7338_8",0.999708
"8065_4",0.001199
"2510_3",0.001167
"2110_7",0.912918
"4097_4",0.679305
"7484_8",0.968408
"5789_10",0.993369
"8070_2",0.006823
"867_2",0.005053
"1364_3",0.010334
"10654_2",0.000377
"12417_4",0.068715
"10470_10",0.998585
"6544_10",0.365062
"8904_8",0.985223
"10282_2",0.085593
"497_9",0.986529
"2659_10",0.997169
"9609_7",0.993986
"3010_3",0.784148
"9134_1",0.000372
"8990_1",0.004098
"6960_4",0.235947
"9566_9",0.068432
"7923_4",0.001934
"4542_10",0.992713
"7185_3",0.000299
"1918_10",0.998491
"2316_8",0.630719
"5846_10",0.965220
"1023_10",0.996901
"7141_7",0.972749
"3724_10",0.995038
"3617_2",0.000195
"7095_1",0.002599
"12201_10",0.999418
"10309_2",0.010711
"5584_8",0.991165
"2063_10",0.999286
"10874_1",0.000072
"4084_2",0.001348
"2765_1",0.000241
"11390_3",0.367114
"4676_1",0.053534
"2130_7",0.000658
"12032_7",0.381500
"9671_3",0.000063
"816_7",0.992380
"11320_8",0.998824
"1458_8",0.996353
"1938_7",0.999573
"2861_8",0.909661
"5768_9",0.993902
"5049_9",0.995567
"8083_1",0.279348
"4825_1",0.000488
"1740_9",0.999767
"3034_10",0.223262
"9977_7",0.986835
"8459_10",0.999901
"1103_10",0.671178
"3783_10",0.998806
"754_2",0.000710
"5580_10",0.999415
"3472_2",0.000078
"2640_3",0.032858
"5400_2",0.000068
"5881_10",0.999975
"10970_4",0.999492
"8842_1",0.000199
"5336_8",0.797720
"1398_1",0.226882
"12310_10",0.999958
"6012_8",0.998708
"1508_7",0.032035
"2981_8",0.726620
"576_8",0.975229
"9683_7",0.276908
"10336_1",0.004626
"3345_3",0.463966
"7683_7",0.982013
"6366_9",0.999826
"6741_9",0.999973
"11396_2",0.062953
"4964_10",0.999484
"12285_10",0.999020
"11018_9",0.991020
"3902_9",0.997046
"4147_8",0.999561
"1748_10",0.999711
"10084_3",0.004035
"3265_7",0.998193
"6160_1",0.000520
"2984_10",0.999782
"1305_1",0.002804
"9075_4",0.983936
"11710_7",0.999207
"2443_10",0.999822
"938_10",0.998414
"1392_7",0.108590
"10406_8",0.998838
"4302_7",0.999204
"2836_8",0.742630
"2365_3",0.032532
"98_1",0.164668
"8325_10",0.994320
"300_9",0.999866
"7667_1",0.770514
"4313_10",0.999751
"12450_3",0.150844
"8582_1",0.001182
"11325_9",0.285041
"8482_1",0.021819
"7304_8",0.999930
"9439_1",0.004101
"2656_10",0.999762
"4306_3",0.001506
"10079_1",0.000036
"11172_1",0.004465
"6095_9",0.994047
"5698_1",0.006441
"35_1",0.111371
"6043_3",0.016934
"2261_1",0.000076
"4784_10",0.999748
"10936_7",0.267868
"5316_10",0.999595
"8361_8",0.999881
"10373_2",0.005373
"500_10",0.984324
"371_4",0.017183
"3434_4",0.002616
"3654_2",0.000747
"11280_2",0.233311
"6542_9",0.124453
"10313_10",0.997496
"7267_1",0.008487
"11897_3",0.879694
"7321_2",0.000127
"1516_7",0.959739
"1640_1",0.004889
"9456_10",0.993917
"2769_10",0.998940
"6280_7",0.999794
"12399_10",0.997081
"6206_7",0.999845
"8836_4",0.335318
"5254_9",0.999983
"10903_1",0.000152
"3966_10",0.999779
"4048_10",0.999824
"1528_9",0.999962
"6219_10",0.995305
"8280_4",0.028688
"7974_10",0.850035
"6956_8",0.999744
"5975_10",0.999815
"6759_10",0.806014
"963_2",0.504076
"12158_10",0.997088
"148_1",0.963941
"8831_1",0.946529
"11556_9",0.952628
"9038_10",0.996626
"4421_10",0.998354
"5236_8",0.981111
"3753_10",0.912768
"9334_3",0.019767
"2444_4",0.000857
"2890_3",0.583871
"9132_9",0.986020
"11413_10",0.999872
"3424_4",0.917491
"1258_3",0.043556
"5277_10",0.999690
"706_10",0.999972
"3527_10",0.999578
"4081_9",0.806707
"3895_2",0.000339
"11528_2",0.000252
"7285_9",0.999811
"12339_7",0.915815
"729_1",0.000749
"6291_1",0.000072
"12296_9",0.952628
"5913_10",0.999237
"7770_10",0.999928
"9546_2",0.005237
"2383_4",0.916992
"6802_7",0.997677
"5445_2",0.064590
"687_3",0.000268
"9982_8",0.999774
"11830_10",0.791816
"4271_1",0.001106
"7279_10",0.992351
"1599_7",0.000843
"10880_10",0.994137
"2838_10",0.985415
"4234_9",0.999775
"7674_2",0.007806
"6156_8",0.999965
"11657_4",0.003171
"11738_2",0.003451
"11962_8",0.996736
"10966_8",0.976353
"6421_1",0.000016
"1476_3",0.007685
"7022_8",0.999920
"11500_8",0.990824
"6263_2",0.000021
"8989_9",0.926060
"2395_9",0.914528
"9311_1",0.227093
"6386_4",0.000285
"91_4",0.189413
"3759_3",0.000490
"11766_2",0.951546
"11290_7",0.404171
"5627_3",0.000191
"3278_1",0.012063
"9682_9",0.999426
"11894_1",0.000659
"10387_9",0.999958
"884_8",0.999861
"8408_2",0.036460
"5772_2",0.000845
"11422_1",0.005254
"9709_1",0.001449
"701_8",0.984290
"2721_8",0.999427
"4875_3",0.019088
"6356_1",0.000780
"7446_3",0.003051
"2440_4",0.046046
"9732_1",0.006178
"9109_10",0.999895
"7578_2",0.939540
"11017_8",0.839370
"12498_1",0.000040
"4942_2",0.001137
"4939_10",0.999785
"8451_4",0.622603
"6274_1",0.017320
"11635_4",0.027277
"8931_1",0.000465
"109_4",0.308378
"11744_7",0.999807
"5351_4",0.002760
"1120_9",0.999805
"10494_2",0.002008
"5317_10",0.999659
"6139_2",0.148878
"12322_8",0.994010
"11239_3",0.404080
"4815_7",0.111304
"11979_10",0.173419
"254_10",0.997781
"10286_3",0.010399
"6457_10",0.999957
"4662_8",0.994178
"6298_4",0.001190
"2704_4",0.076006
"11313_10",0.968406
"187_10",0.999918
"1166_1",0.000257
"12126_3",0.000070
"1813_9",0.469409
"6282_10",0.999946
"10525_7",0.996463
"8887_1",0.000142
"11605_7",0.000868
"6533_1",0.000093
"1210_8",0.973067
"11904_8",0.998872
"10659_10",0.999897
"7004_4",0.000088
"10260_10",0.994879
"11997_7",0.397852
"7850_4",0.942805
"2085_3",0.000580
"11839_1",0.000207
"419_9",0.999961
"4157_10",0.999888
"8253_8",0.999146
"11268_2",0.000203
"12119_10",0.999636
"10259_10",0.047875
"978_1",0.248493
"6848_4",0.050170
"9368_4",0.019782
"7863_9",0.979575
"4157_3",0.000330
"4184_10",0.984727
"2888_1",0.000029
"8073_4",0.002247
"1755_1",0.001795
"7688_2",0.908587
"5966_7",0.995688
"10673_9",0.999843
"4110_7",0.372506
"699_9",0.999838
"9240_2",0.025584
"3651_10",0.998187
"3933_7",0.999755
"2960_7",0.999932
"10664_1",0.000177
"358_9",0.999547
"11200_10",0.999813
"4471_8",0.999956
"11661_2",0.004818
"12304_1",0.000051
"2442_4",0.743131
"7134_9",0.999572
"4214_2",0.008564
"4869_8",0.963176
"6372_1",0.098519
"10236_4",0.041721
"12189_1",0.243913
"9715_8",0.993802
"5751_10",0.998330
"166_7",0.985888
"11889_2",0.025695
"5098_1",0.084406
"8126_7",0.999699
"9302_7",0.999090
"10430_10",0.987412
"445_9",0.999842
"4550_10",0.997014
"10995_10",0.999862
"7154_1",0.001719
"3983_3",0.002501
"1446_9",0.998151
"865_10",0.988188
"3012_1",0.000439
"3562_3",0.000359
"2551_1",0.000535
"6440_1",0.006194
"10241_10",0.999962
"1542_7",0.846159
"1405_2",0.000327
"11835_10",0.999967
"4023_3",0.013580
"1287_1",0.000237
"11059_2",0.037370
"2583_8",0.999169
"1550_2",0.657021
"11382_3",0.000138
"5567_10",0.999668
"11033_1",0.000416
"5543_1",0.000807
"8631_10",0.987547
"10871_1",0.000016
"6955_9",0.999822
"6254_4",0.273233
"2179_4",0.001591
"7559_8",0.998680
"12431_8",0.999718
"279_10",0.910636
"2127_8",0.999905
"3803_10",0.968565
"12200_1",0.000031
"3480_9",0.999876
"5156_8",0.998293
"1718_2",0.000889
"12145_9",0.988154
"1560_4",0.179064
"11646_1",0.000086
"10378_4",0.030758
"8281_3",0.001372
"10393_9",0.995975
"1402_4",0.511636
"3958_4",0.000248
"3676_1",0.000085
"3709_1",0.000133
"10668_7",0.920228
"11972_1",0.000458
"4842_1",0.000188
"1889_8",0.352744
"3990_1",0.000018
"6467_7",0.999884
"5928_4",0.983225
"4639_10",0.855902
"4748_8",0.998994
"5417_10",0.999870
"2351_4",0.059234
"4365_1",0.005219
"3591_2",0.000054
"5914_10",0.902268
"8099_2",0.058080
"5510_1",0.000167
"314_10",0.999987
"8544_10",0.999154
"3799_1",0.000174
"5650_2",0.000020
"1646_7",0.232275
"11586_9",0.999836
"2389_9",0.999653
"908_3",0.013575
"654_9",0.999926
"6323_9",0.999856
"3014_7",0.048238
"11312_9",0.979021
"5457_3",0.027544
"6071_3",0.203935
"12459_1",0.000270
"8639_4",0.001318
"3600_8",0.558812
"9052_3",0.029656
"528_1",0.000796
"7692_1",0.001867
"6885_3",0.164431
"11395_4",0.876398
"11763_1",0.964052
"3631_1",0.130263
"4296_3",0.000140
"4810_3",0.080635
"6660_2",0.000335
"850_7",0.835761
"6731_10",0.558943
"12129_1",0.000236
"11525_7",0.936883
"5782_10",0.995613
"4613_2",0.000752
"4460_8",0.424542
"2992_10",0.999972
"570_9",0.974698
"5908_4",0.564453
"4677_4",0.000295
"5791_10",0.999690
"5718_10",0.999946
"12453_10",0.999081
"8364_8",0.579593
"7761_10",0.999875
"3459_1",0.001113
"9169_1",0.004108
"12022_2",0.114043
"10869_1",0.013616
"4997_1",0.000970
"2430_8",0.999254
"5011_4",0.002678
"3011_1",0.000037
"8425_3",0.003274
"6517_8",0.357553
"9300_9",0.972123
"840_8",0.330193
"2662_10",0.999933
"2724_1",0.000910
"5654_10",0.997440
"5574_10",0.999930
"5606_3",0.002144
"7717_8",0.998125
"11202_10",0.941912
"6889_10",0.996837
"3712_10",0.999929
"3042_3",0.000360
"7858_8",0.994067
"4902_8",0.999835
"11885_1",0.000274
"7582_1",0.013916
"8450_7",0.985138
"9368_9",0.999785
"7616_8",0.999551
"4443_3",0.535313
"2344_1",0.000083
"11861_9",0.982986
"7738_8",0.999640
"327_10",0.965817
"8175_4",0.000235
"10189_10",0.999230
"8691_1",0.016648
"12236_2",0.001680
"7341_3",0.810037
"3261_1",0.005237
"8809_4",0.000032
"3735_3",0.000741
"9339_8",0.999677
"8242_4",0.033127
"6787_4",0.477593
"4379_4",0.002397
"5967_4",0.867586
"5568_8",0.997939
"4579_4",0.060517
"7066_1",0.002885
"12323_1",0.001317
"2673_9",0.177668
"2639_7",0.869896
"8323_10",0.944018
"246_10",0.999843
"653_1",0.112380
"2407_1",0.013775
"2795_1",0.000051
"11793_4",0.269484
"2848_4",0.018328
"6040_4",0.026622
"9388_2",0.108528
"909_10",0.998224
"2567_2",0.158059
"4473_8",0.989799
"4451_3",0.000059
"10296_1",0.010959
"5111_7",0.812186
"8281_9",0.999900
"4957_8",0.153993
"8249_1",0.085464
"1572_3",0.009607
"5718_2",0.313491
"5959_3",0.000383
"3013_9",0.998884
"3544_1",0.000092
"11250_10",0.999760
"5162_9",0.979577
"8872_9",0.999135
"11122_8",0.999914
"991_4",0.001089
"6322_9",0.680192
"7065_8",0.998671
"9704_7",0.520932
"4317_9",0.984668
"11622_10",0.999918
"10725_7",0.340063
"6549_1",0.000270
"9062_3",0.012925
"10253_7",0.999689
"4035_9",0.998984
"5437_1",0.005123
"1779_1",0.001465
"8740_2",0.001436
"10175_7",0.980238
"5331_4",0.083255
"9506_3",0.024992
"11199_4",0.000959
"9948_2",0.000120
"252_9",0.999955
"1094_3",0.972644
"9145_3",0.001176
"506_8",0.997832
"7126_1",0.000098
"3317_1",0.001899
"11439_4",0.009254
"6583_1",0.000169
"2805_8",0.999977
"1841_10",0.999248
"2698_3",0.523106
"6956_4",0.373722
"7664_8",0.999298
"97_1",0.000551
"4588_9",0.029495
"5220_1",0.000147
"45_2",0.177348
"5812_4",0.026201
"6625_8",0.992823
"2816_9",0.998626
"11463_1",0.000177
"158_9",0.999913
"6633_1",0.001150
"1184_10",0.091352
"3967_1",0.010017
"6653_7",0.942305
"6093_1",0.000116
"2932_7",0.536287
"1522_1",0.000189
"2529_1",0.119957
"1475_1",0.002266
"2027_8",0.999082
"1854_1",0.004134
"6269_10",0.997499
"2184_7",0.606869
"4923_3",0.004208
"10827_9",0.999971
"10885_10",0.999783
"3281_1",0.000786
"1468_7",0.994558
"104_1",0.000492
"3898_3",0.033959
"10973_7",0.949487
"8900_7",0.999507
"10735_1",0.097919
"4992_1",0.000101
"368_8",0.999926
"6709_4",0.000190
"10453_1",0.011937
"139_4",0.958321
"12079_1",0.000083
"7001_4",0.423954
"10533_3",0.524699
"2307_8",0.994440
"7241_9",0.969739
"7717_3",0.000014
"6223_2",0.531237
"9500_2",0.000049
"669_10",0.971407
"1596_3",0.050296
"3576_7",0.992874
"8263_8",0.999817
"6832_4",0.687985
"5158_9",0.991100
"5899_10",0.999580
"5794_4",0.921175
"8854_10",0.999910
"11036_7",0.197761
"8803_3",0.015719
"5733_4",0.017961
"5268_10",0.999919
"12297_2",0.002078
"6862_1",0.003981
"5515_3",0.000840
"3382_10",0.999643
"6738_2",0.003097
"3832_1",0.001484
"10210_7",0.996248
"12080_3",0.185292
"7748_2",0.002152
"4788_1",0.999809
"182_10",0.989906
"4478_4",0.012676
"6544_1",0.000121
"2705_7",0.514354
"10334_1",0.000048
"10374_10",0.999343
"2031_1",0.000241
"4671_7",0.998409
"6231_9",0.758487
"9077_3",0.002986
"6381_1",0.043183
"216_2",0.024457
"9956_4",0.034778
"10882_9",0.705517
"6192_10",0.970879
"10442_8",0.998728
"3199_10",0.992357
"7649_3",0.507736
"1793_9",0.990131
"7987_1",0.001891
"1678_1",0.561453
"8176_4",0.006354
"4674_2",0.000199
"5751_3",0.357269
"6904_9",0.999920
"8869_1",0.000858
"6844_2",0.000021
"8744_2",0.002494
"5430_3",0.989338
"1556_9",0.999681
"10830_9",0.999954
"5642_8",0.955095
"3337_1",0.000044
"5339_1",0.003359
"9198_1",0.000248
"5759_10",0.430325
"10632_9",0.998945
"2067_9",0.999566
"3442_10",0.999599
"3341_4",0.079160
"9055_4",0.234406
"5793_8",0.999508
"896_8",0.992921
"1804_2",0.000297
"1134_8",0.999663
"5532_8",0.799390
"2453_9",0.999980
"8113_2",0.619426
"12046_10",0.999973
"11873_8",0.996124
"4525_8",0.999734
"10377_2",0.946385
"2008_1",0.016442
"10288_1",0.087853
"1083_7",0.920414
"2415_2",0.721017
"6688_9",0.999858
"4448_9",0.999031
"9407_10",0.927335
"3976_4",0.651913
"3930_8",0.993103
"3950_10",0.999420
"5645_3",0.000095
"6064_9",0.999939
"8064_1",0.069377
"3643_1",0.000027
"10321_1",0.001876
"5858_1",0.000398
"8535_9",0.199866
"3643_7",0.342083
"10041_1",0.001458
"11014_10",0.941980
"11776_4",0.000555
"8227_7",0.999856
"11445_8",0.986300
"8756_10",0.999607
"9328_10",0.999451
"11734_10",0.985491
"10118_1",0.000413
"9690_2",0.086454
"7713_8",0.999905
"545_7",0.822123
"10603_8",0.996129
"5925_9",0.998894
"3105_1",0.000034
"10134_4",0.304658
"6354_2",0.108465
"9866_2",0.001704
"7553_10",0.998257
"11324_2",0.004286
"10532_1",0.001344
"439_1",0.000189
"11265_10",0.996849
"6568_8",0.999825
"9218_3",0.071249
"1939_2",0.000052
"4215_7",0.999080
"9968_10",0.999646
"12022_10",0.882394
"897_8",0.058898
"7129_8",0.999928
"7414_4",0.000482
"8118_9",0.999260
"6179_4",0.005850
"10124_8",0.999121
"7379_7",0.953133
"1075_9",0.999969
"2594_3",0.000448
"11482_4",0.008970
"7675_10",0.998633
"3127_8",0.998388
"7440_10",0.999948
"10215_10",0.070099
"5098_10",0.999916
"10534_2",0.000555
"12364_7",0.974580
"5191_1",0.029804
"4179_9",0.992769
"1433_3",0.002352
"12177_8",0.995116
"9519_8",0.999859
"5781_7",0.192778
"10031_8",0.992353
"2631_4",0.000166
"195_4",0.135333
"11432_7",0.999407
"3952_10",0.999896
"5805_2",0.000087
"5555_10",0.998498
"7161_4",0.012535
"1399_1",0.006342
"8332_3",0.402177
"2132_2",0.388498
"12031_1",0.041621
"8480_1",0.005330
"11103_4",0.063659
"12124_3",0.001875
"12072_9",0.999438
"9371_9",0.285307
"2144_4",0.139451
"5668_10",0.999927
"11790_10",0.999677
"6933_7",0.890873
"4932_10",0.996802
"216_10",0.666959
"5862_7",0.996149
"11669_3",0.006247
"7488_4",0.002269
"6402_10",0.997793
"3244_9",0.654970
"5108_7",0.998709
"10854_1",0.112018
"3404_10",0.996081
"4282_7",0.036866
"483_10",0.944835
"2110_4",0.048896
"6199_8",0.983798
"7942_10",0.999954
"314_2",0.000697
"6395_3",0.000782
"274_1",0.000520
"3421_2",0.001482
"4100_1",0.000088
"9232_1",0.003352
"7152_10",0.999937
"10721_7",0.999934
"3565_3",0.001563
"4223_1",0.095739
"3543_10",0.996561
"1256_7",0.999769
"6567_2",0.000388
"10658_9",0.975414
"1381_1",0.968204
"2591_1",0.000144
"4775_2",0.000199
"1743_8",0.271327
"3004_1",0.010971
"11712_7",0.840536
"2966_2",0.000095
"3139_1",0.000703
"989_4",0.002608
"2141_1",0.001577
"8224_1",0.006884
"10222_8",0.999221
"6540_1",0.001151
"7427_10",0.999976
"5519_1",0.024569
"945_2",0.007689
"3996_3",0.005893
"10202_9",0.999703
"1328_9",0.999003
"11425_2",0.000159
"1252_4",0.175299
"10086_1",0.295755
"3946_3",0.000521
"11834_8",0.999863
"10710_1",0.016313
"1858_8",0.311440
"1532_10",0.999761
"7082_10",0.702824
"9813_10",0.999775
"38_1",0.000101
"271_4",0.114775
"7184_1",0.000179
"11866_10",0.973628
"5983_1",0.001341
"5026_10",0.961134
"9030_1",0.000043
"11133_1",0.000724
"10130_2",0.000685
"8357_2",0.008858
"9824_1",0.000649
"7264_4",0.002660
"12449_2",0.000109
"1735_1",0.000727
"618_7",0.999147
"6421_7",0.994418
"6294_4",0.191093
"2174_2",0.019642
"5985_2",0.008065
"7121_10",0.003678
"7912_7",0.998847
"5015_1",0.017895
"6476_2",0.004856
"9954_8",0.455324
"10122_10",0.999851
"9334_9",0.997847
"11751_3",0.026089
"11607_7",0.999844
"11310_10",0.999128
"300_1",0.004379
"6520_4",0.000200
"6735_10",0.999322
"10008_8",0.994172
"7817_7",0.123807
"3634_10",0.999915
"5927_2",0.006891
"3414_3",0.000810
"12266_1",0.063156
"11276_7",0.861934
"5478_3",0.918891
"6992_1",0.450253
"8039_8",0.999807
"11491_4",0.050909
"7823_7",0.999926
"8662_9",0.130775
"9921_2",0.000437
"2058_9",0.999941
"3321_9",0.993561
"8634_7",0.950820
"2161_4",0.950976
"3441_9",0.999477
"10096_1",0.001592
"774_4",0.036966
"12086_9",0.983759
"1968_8",0.958401
"3269_1",0.006809
"2988_10",0.999753
"853_1",0.009932
"5303_10",0.999789
"11628_10",0.998909
"7772_2",0.000489
"2712_1",0.000041
"7362_4",0.000135
"3681_2",0.000137
"2066_1",0.000146
"7089_3",0.924888
"7393_10",0.277703
"7284_1",0.076695
"12199_7",0.994721
"3512_1",0.317151
"4349_2",0.928502
"11825_1",0.002333
"8351_3",0.009665
"467_3",0.000073
"2523_10",0.999856
"12078_8",0.989360
"1418_10",0.999908
"6552_10",0.999913
"10070_10",0.999806
"10031_2",0.002232
"7179_2",0.003162
"4533_1",0.015249
"11788_10",0.996766
"833_3",0.951415
"9777_1",0.025784
"6930_7",0.000155
"2310_10",0.999942
"2924_8",0.996497
"7252_10",0.999487
"10216_10",0.998730
"104_10",0.957097
"4283_4",0.006950
"6351_4",0.004134
"1272_4",0.073952
"11226_9",0.991280
"3342_10",0.761877
"3326_9",0.847524
"3541_8",0.999223
"8142_10",0.914251
"6491_10",0.880419
"2125_10",0.999965
"7008_10",0.999733
"5347_9",0.999598
"8420_9",0.924397
"10767_3",0.000532
"12094_1",0.000238
"11904_1",0.000033
"2635_1",0.000427
"4074_10",0.999109
"2470_1",0.092571
"5888_3",0.000398
"9164_4",0.360646
"11312_1",0.003185
"2588_3",0.000067
"9177_1",0.000069
"10361_9",0.989406
"9216_10",0.562443
"5754_3",0.736704
"12314_10",0.999955
"9044_3",0.000108
"5677_2",0.002624
"6664_4",0.003506
"2308_3",0.002206
"7377_3",0.453469
"9149_8",0.993623
"5244_3",0.038951
"10656_3",0.009896
"10885_1",0.002670
"4296_9",0.915924
"1770_2",0.031626
"4940_10",0.999950
"3984_10",0.998201
"2976_10",0.997725
"2767_1",0.000200
"11848_2",0.000126
"3096_10",0.555440
"9792_3",0.977176
"9785_10",0.000834
"10264_8",0.999608
"12277_7",0.972739
"8110_8",0.999171
"10396_8",0.999428
"3233_2",0.011958
"1903_1",0.193357
"4743_10",0.999633
"1417_9",0.999711
"2662_1",0.000127
"11231_4",0.262472
"9747_10",0.703256
"27_4",0.007327
"3310_2",0.976960
"3212_10",0.864402
"5608_3",0.000359
"1241_4",0.438021
"5543_7",0.996441
"7945_9",0.998146
"3705_7",0.967703
"1598_10",0.248425
"4273_10",0.812363
"5985_9",0.969427
"531_2",0.003855
"6744_7",0.999932
"10270_1",0.000469
"11199_9",0.998348
"9755_4",0.912395
"12080_10",0.999344
"5600_10",0.999865
"12216_10",0.708835
"10783_4",0.341434
"3307_1",0.007369
"10954_7",0.992137
"9959_4",0.002738
"10223_10",0.999907
"12130_1",0.999983
"11939_7",0.183538
"12318_10",0.999866
"6204_10",0.984118
"2927_9",0.923016
"2779_10",0.992054
"3661_1",0.000546
"9068_3",0.000336
"1970_2",0.071634
"7539_10",0.999936
"9241_3",0.000041
"9350_3",0.125343
"7885_8",0.999823
"1078_9",0.991849
"6062_2",0.354243
"1215_10",0.999393
"1561_3",0.097211
"2159_1",0.000399
"8637_10",0.999927
"8375_4",0.344861
"2864_1",0.007323
"186_9",0.993738
"1669_9",0.882701
"6936_9",0.260967
"7541_3",0.000319
"1515_7",0.761114
"5039_7",0.910427
"9269_1",0.000066
"4965_10",0.996278
"10028_3",0.001327
"3547_4",0.867145
"6070_10",0.999881
"11334_7",0.999658
"4980_7",0.999088
"5063_2",0.060896
"11637_8",0.957594
"310_1",0.000301
"9847_1",0.000954
"4433_9",0.993691
"4535_1",0.024924
"11209_10",0.984629
"242_3",0.002093
"6150_7",0.999508
"7499_2",0.000252
"10073_7",0.007216
"7352_3",0.002541
"6616_2",0.794071
"2148_1",0.008385
"322_1",0.074031
"638_1",0.000542
"3236_10",0.994723
"11913_7",0.999757
"7188_4",0.009951
"3999_2",0.000241
"1397_1",0.017903
"11768_8",0.999847
"10301_2",0.307652
"7486_10",0.999632
"7915_2",0.042414
"103_10",0.999913
"2249_1",0.004383
"11559_9",0.963049
"11374_4",0.049316
"7639_3",0.000219
"11922_3",0.000382
"6068_10",0.999900
"7681_3",0.870733
"3097_1",0.001886
"10233_3",0.000840
"9111_1",0.027359
"7240_2",0.000372
"10394_9",0.675570
"792_2",0.136449
"440_1",0.000027
"11141_1",0.000181
"7488_7",0.978774
"2731_4",0.002351
"11632_10",0.177132
"7577_3",0.054501
"12047_8",0.997859
"7055_8",0.999749
"394_9",0.998887
"777_2",0.004730
"6460_8",0.998060
"10412_2",0.003390
"9910_8",0.686100
"826_8",0.994905
"7381_1",0.007459
"1700_8",0.991920
"1131_2",0.038567
"6796_10",0.998018
"7084_8",0.951263
"5735_1",0.002533
"6290_7",0.999193
"10506_8",0.559049
"2276_8",0.995028
"6221_1",0.999454
"1404_4",0.972950
"1440_1",0.003386
"8199_9",0.999839
"1145_2",0.002439
"5546_4",0.049278
"816_3",0.119783
"10535_10",0.999648
"2_3",0.001710
"6735_1",0.000172
"2684_4",0.000115
"1765_10",0.964782
"4346_7",0.645279
"1157_9",0.258505
"4216_1",0.000076
"3937_8",0.996563
"11140_10",0.994564
"1635_1",0.001624
"4457_10",0.999745
"7250_8",0.999730
"3801_7",0.000456
"7892_10",0.998064
"11022_8",0.997735
"5856_7",0.983713
"345_7",0.903935
"10809_3",0.004449
"9474_4",0.020162
"5775_10",0.989440
"2845_3",0.044862
"1383_10",0.963048
"9171_7",0.996299
"10866_9",0.774039
"12161_8",0.103186
"9118_1",0.047985
"9122_8",0.999981
"5142_1",0.000235
"2798_9",0.999880
"2260_8",0.863592
"11677_10",0.986725
"2788_1",0.000364
"8896_8",0.985450
"7685_10",0.996833
"760_1",0.000119
"7811_4",0.171061
"1964_8",0.999934
"5059_10",0.998887
"4568_1",0.003421
"7475_1",0.000306
"11400_3",0.001537
"6082_3",0.001008
"7961_4",0.873965
"7502_8",0.987690
"11351_10",0.995979
"9851_8",0.998330
"1172_1",0.000034
"1815_10",0.997903
"6218_8",0.949325
"9628_9",0.999866
"2312_3",0.000053
"5014_10",0.471983
"7845_8",0.995507
"4468_9",0.995357
"2247_10",0.985338
"4408_10",0.999950
"2957_2",0.001316
"4716_1",0.004420
"9909_1",0.009095
"8611_1",0.000018
"5055_10",0.999319
"5828_10",0.999661
"1147_1",0.000255
"11716_10",0.868560
"5289_8",0.999603
"5566_10",0.997301
"3389_2",0.000549
"6169_4",0.000666
"12019_10",0.819770
"4136_7",0.993862
"2421_3",0.026061
"607_10",0.999431
"4084_8",0.998680
"7333_1",0.000090
"8208_7",0.049984
"2971_10",0.999869
"7508_1",0.000094
"988_8",0.999954
"1124_8",0.999978
"3658_10",0.999662
"5155_7",0.999785
"11362_2",0.251317
"8776_10",0.999916
"7294_10",0.999009
"10853_8",0.989828
"871_10",0.999566
"11513_1",0.000575
"5605_10",0.995126
"1235_8",0.999960
"623_2",0.004915
"1271_2",0.992339
"7590_7",0.998897
"5075_4",0.015708
"6175_4",0.138423
"10629_1",0.000318
"1474_7",0.819222
"9077_9",0.994449
"11630_7",0.997239
"11060_2",0.000083
"664_9",0.999487
"4778_10",0.999953
"3535_1",0.006197
"1130_1",0.000091
"10718_1",0.000034
"3334_1",0.000112
"7133_2",0.000138
"12073_1",0.007920
"7877_10",0.999516
"12286_10",0.979110
"8675_4",0.088968
"8968_7",0.898579
"8118_1",0.000111
"12109_10",0.999714
"6476_8",0.968687
"12248_2",0.014087
"9444_1",0.000146
"9932_10",0.890077
"6863_9",0.999961
"7810_1",0.000656
"5463_1",0.002507
"8385_10",0.995510
"5560_3",0.001185
"12391_2",0.144302
"3644_9",0.039830
"1225_1",0.000062
"375_1",0.000030
"11515_7",0.967452
"3812_1",0.000255
"10747_1",0.118401
"8059_8",0.990893
"633_1",0.000116
"9189_10",0.998353
"11404_8",0.987266
"11871_8",0.999434
"2883_8",0.999826
"9048_4",0.000211
"1066_1",0.003546
"630_3",0.029981
"61_9",0.999988
"9264_10",0.999741
"5132_9",0.999675
"5796_9",0.981746
"11232_2",0.000220
"327_1",0.000082
"9787_8",0.999359
"7780_2",0.004165
"2533_2",0.000378
"7349_10",0.999107
"2593_1",0.748130
"4672_8",0.999976
"11191_10",0.988848
"1301_1",0.000345
"10632_4",0.000151
"10750_1",0.000280
"2621_2",0.129403
"12045_4",0.999387
"4276_10",0.999952
"9960_2",0.012718
"3307_8",0.994967
"3007_10",0.999243
"7204_9",0.355576
"3988_7",0.998620
"4129_8",0.999423
"2071_1",0.001076
"7310_3",0.029236
"855_9",0.993282
"5380_1",0.000399
"5067_2",0.005149
"6320_2",0.092408
"1019_3",0.001337
"8216_2",0.001078
"3814_7",0.453009
"7888_4",0.150770
"3419_2",0.011589
"3039_8",0.443510
"12039_4",0.033503
"1191_7",0.999864
"2361_1",0.000145
"8291_10",0.999874
"4954_3",0.000387
"12430_1",0.474133
"7634_7",0.533141
"11902_10",0.999064
"1603_10",0.479753
"9395_8",0.943704
"9384_2",0.810081
"11687_1",0.001522
"4148_3",0.093452
"171_7",0.999881
"11814_4",0.003504
"8124_3",0.017285
"11387_1",0.006461
"3249_9",0.999970
"3591_10",0.999635
"10171_8",0.972685
"1100_9",0.962471
"7144_4",0.999536
"8060_9",0.998865
"11063_10",0.999783
"3481_2",0.037668
"7413_4",0.082539
"11121_2",0.018633
"4700_2",0.031788
"1566_4",0.188670
"11731_3",0.020734
"7346_10",0.998758
"7890_10",0.993497
"11704_10",0.999724
"4635_10",0.428856
"2369_8",0.129124
"9655_10",0.999968
"2115_2",0.000080
"6408_7",0.996036
"10470_1",0.000395
"11512_8",0.999316
"11523_7",0.919003
"10379_3",0.000124
"9164_9",0.977791
"3150_1",0.975095
"2880_3",0.404808
"1608_7",0.998963
"2406_9",0.999395
"260_10",0.997859
"10658_3",0.000338
"10609_1",0.028914
"6861_7",0.686013
"10058_2",0.024861
"11618_10",0.935382
"3727_4",0.050006
"1924_10",0.998161
"7471_1",0.000030
"1856_7",0.053202
"10132_3",0.001068
"4010_2",0.000519
"11752_2",0.920179
"11122_2",0.000126
"11065_1",0.000336
"1211_1",0.001219
"8973_7",0.126048
"1888_9",0.994128
"8521_8",0.975650
"6671_4",0.534286
"4241_3",0.682962
"10925_4",0.000180
"4030_2",0.000115
"9410_1",0.000502
"10004_2",0.003812
"599_1",0.000127
"8656_1",0.000009
"10087_7",0.960813
"5118_10",0.999507
"9780_4",0.000169
"586_2",0.173715
"6464_4",0.002520
"7482_1",0.000289
"11075_8",0.992347
"11984_1",0.198959
"6808_9",0.999904
"6178_10",0.999942
"12196_7",0.065011
"7771_10",0.999729
"10801_1",0.990663
"1243_2",0.064371
"4028_2",0.000323
"700_4",0.861468
"758_10",0.999974
"5393_8",0.967782
"3552_4",0.980353
"3440_10",0.999979
"12357_7",0.449382
"10850_2",0.936437
"5083_10",0.662216
"790_10",0.135344
"302_3",0.000106
"11160_3",0.016296
"1170_1",0.000329
"6341_3",0.080874
"289_1",0.141440
"3075_7",0.999493
"12016_7",0.995888
"5998_3",0.035675
"5295_1",0.000110
"9712_2",0.000502
"9689_10",0.843356
"9441_1",0.002378
"7426_10",0.999964
"612_9",0.999118
"4331_8",0.704024
"1016_7",0.992353
"4463_7",0.788849
"9520_1",0.000211
"1557_10",0.392972
"6277_1",0.000050
"2279_3",0.000077
"11591_10",0.998543
"3503_1",0.020882
"9814_1",0.559685
"11342_4",0.627667
"5133_1",0.000389
"11189_10",0.999848
"2343_8",0.994739
"2234_7",0.999745
"926_4",0.000966
"9829_2",0.028984
"3338_7",0.353181
"4272_9",0.998749
"4826_1",0.006194
"10529_3",0.000075
"12398_1",0.000510
"6965_10",0.998849
"10737_9",0.988513
"9356_1",0.000026
"2087_3",0.007262
"5802_4",0.936787
"6514_8",0.999779
"11607_4",0.062698
"9117_4",0.489918
"2011_10",0.998785
"11952_4",0.144758
"8753_4",0.999835
"5338_8",0.997453
"10799_3",0.711994
"6388_3",0.386162
"4667_1",0.000499
"11302_9",0.999946
"6587_4",0.001309
"6822_8",0.999856
"9725_10",0.999968
"7237_10",0.341275
"7710_1",0.000077
"6090_1",0.000074
"9864_4",0.994295
"9759_1",0.044639
"8926_10",0.838080
"2454_1",0.000100
"4364_1",0.000235
"10672_1",0.000539
"7703_4",0.000040
"7289_1",0.001377
"6370_2",0.408961
"8898_7",0.861968
"245_8",0.999673
"7786_2",0.323496
"12092_8",0.999409
"12495_3",0.003019
"2762_2",0.011570
"11009_1",0.000047
"7735_1",0.958396
"5377_8",0.999339
"6074_3",0.005587
"2133_1",0.000465
"2291_1",0.000274
"767_1",0.016999
"2677_3",0.001485
"5801_2",0.000162
"11416_7",0.999497
"7083_3",0.000181
"7268_1",0.192842
"8613_1",0.064987
"446_10",0.987538
"6513_7",0.148198
"11229_4",0.793746
"11155_4",0.079580
"10298_9",0.937903
"1521_8",0.998302
"5682_1",0.998123
"11575_3",0.002317
"10144_1",0.001561
"5819_10",0.653434
"7287_4",0.002047
"11507_10",0.985558
"10458_7",0.986377
"5935_1",0.001075
"4126_1",0.000535
"3777_10",0.993609
"1720_3",0.000342
"11112_2",0.001157
"6222_9",0.998904
"8019_1",0.955658
"10067_4",0.629076
"5991_9",0.999643
"10203_10",0.999906
"2485_1",0.000025
"5910_2",0.151566
"3940_9",0.999951
"9140_10",0.953344
"9558_10",0.999796
"4582_7",0.582989
"3323_1",0.000929
"5038_4",0.001683
"12405_10",0.994978
"11620_4",0.407216
"8774_7",0.984298
"10164_9",0.732708
"4112_3",0.001327
"629_7",0.413039
"2732_7",0.974120
"4356_3",0.083017
"514_9",0.999953
"168_1",0.000155
"7157_1",0.003952
"11193_7",0.503799
"12163_1",0.000311
"259_2",0.000024
"9977_1",0.001655
"5169_10",0.999825
"7439_10",0.999914
"10261_1",0.912627
"6623_7",0.999689
"2834_9",0.038711
"2930_10",0.997738
"3232_10",0.958319
"533_10",0.999913
"6006_4",0.000419
"9029_4",0.066646
"7738_4",0.816082
"52_4",0.169958
"374_4",0.999624
"4502_1",0.030823
"10309_8",0.972631
"7541_8",0.994609
"1874_1",0.944274
"6884_1",0.000990
"7285_1",0.016132
"3385_2",0.055971
"7078_2",0.369660
"10788_10",0.999609
"6361_7",0.999073
"5761_10",0.981238
"8946_1",0.000299
"393_1",0.014970
"458_4",0.000152
"7435_10",0.999941
"10816_2",0.000229
"1606_10",0.997981
"1742_3",0.012851
"7167_8",0.719227
"1249_9",0.825680
"473_9",0.999770
"3475_9",0.841678
"2316_3",0.040181
"3739_2",0.001091
"4746_9",0.976149
"9924_8",0.999631
"2202_8",0.999897
"11531_1",0.001314
"11138_7",0.999912
"3402_1",0.002429
"4547_10",0.999358
"2786_2",0.005868
"1570_8",0.928988
"3095_3",0.029069
"4745_1",0.002053
"165_4",0.000080
"1578_4",0.002991
"495_10",0.990874
"12414_1",0.000350
"1383_1",0.137281
"10438_3",0.217620
"812_3",0.002535
"9588_9",0.998582
"7785_10",0.994417
"11169_4",0.008214
"7476_10",0.981059
"8196_1",0.000033
"6526_7",0.966030
"1695_3",0.047598
"11077_10",0.999681
"7642_7",0.992033
"7618_3",0.996652
"353_10",0.999175
"210_9",0.190742
"9455_10",0.999586
"520_2",0.000355
"7615_10",0.999708
"7475_9",0.999970
"6894_7",0.999933
"8622_2",0.020177
"11149_3",0.016793
"6154_3",0.004058
"2514_7",0.868287
"4359_1",0.895548
"8797_4",0.013245
"10023_8",0.738827
"1212_4",0.997961
"9985_1",0.008697
"4182_1",0.000710
"10662_10",0.999510
"3907_7",0.999959
"11342_10",0.999957
"1483_3",0.228831
"10510_7",0.992023
"8522_2",0.000220
"6049_4",0.079896
"2687_9",0.999955
"9766_7",0.148701
"6792_1",0.000338
"5990_10",0.999202
"11699_2",0.047177
"3446_4",0.022522
"10448_7",0.790721
"5629_1",0.002436
"2831_1",0.006331
"4351_10",0.999941
"2547_1",0.000128
"2778_2",0.000299
"7307_10",0.899359
"11148_3",0.056537
"907_3",0.003227
"2184_1",0.003837
"2030_8",0.999813
"11051_4",0.000274
"9150_4",0.001019
"12418_7",0.991570
"10724_10",0.999905
"8876_8",0.999937
"1620_7",0.528351
"12423_9",0.999478
"3642_1",0.920988
"10214_10",0.369701
"4575_3",0.919599
"2692_7",0.997705
"3919_1",0.044048
"11971_8",0.000433
"11676_10",0.985578
"8047_1",0.000552
"4009_8",0.998963
"7929_9",0.014977
"2432_10",0.999932
"8933_8",0.999913
"1375_1",0.042509
"1861_7",0.999850
"10897_10",0.999851
"2828_10",0.052686
"4568_10",0.999978
"1535_7",0.990708
"7282_8",0.999939
"12365_10",0.997061
"6682_3",0.007495
"1393_8",0.200870
"7270_1",0.012711
"1680_10",0.998034
"8207_8",0.999959
"8612_2",0.021814
"5640_9",0.998640
"96_10",0.999990
"12093_2",0.221102
"2068_9",0.996990
"9799_10",0.998934
"8730_1",0.000239
"1000_3",0.883032
"742_2",0.732971
"10432_10",0.998492
"9425_2",0.001907
"11636_3",0.034178
"6564_2",0.000633
"5706_9",0.999844
"8594_3",0.000047
"9488_9",0.995524
"12283_8",0.999886
"6579_3",0.001759
"6738_10",0.999847
"9007_2",0.005930
"2723_8",0.972861
"5115_3",0.752861
"9469_10",0.999173
"1444_1",0.000064
"5688_1",0.000487
"12390_4",0.013367
"1681_1",0.001627
"9048_7",0.997026
"10207_3",0.004368
"3817_9",0.998551
"2200_10",0.999771
"4250_8",0.972035
"12213_10",0.999791
"11602_4",0.670031
"4507_4",0.001561
"3817_1",0.044249
"9394_1",0.135228
"9129_1",0.029384
"3675_7",0.986018
"1670_4",0.998871
"1151_1",0.456877
"8818_4",0.077159
"4810_7",0.999565
"4979_1",0.000414
"80_4",0.003566
"5506_9",0.884915
"7451_10",0.997207
"4539_10",0.999694
"6914_10",0.997086
"2807_10",0.989123
"10229_10",0.995980
"10908_8",0.747866
"7709_9",0.999965
"10872_9",0.975283
"8487_1",0.000091
"1140_9",0.998345
"558_10",0.960246
"9935_8",0.999063
"1084_8",0.983406
"6185_9",0.997828
"9278_7",0.997383
"3756_7",0.985894
"4308_1",0.000035
"121_8",0.001605
"11072_8",0.997127
"9420_7",0.995775
"3955_1",0.005989
"9591_10",0.001804
"11176_1",0.252376
"11882_2",0.049167
"12458_10",0.933139
"303_10",0.998549
"3779_8",0.974077
"1805_4",0.146295
"12054_2",0.000294
"1990_4",0.000818
"7331_1",0.065333
"6243_8",0.998847
"7201_1",0.000164
"6230_7",0.961054
"11252_3",0.000302
"8379_8",0.988739
"11890_1",0.209618
"6977_1",0.000068
"5481_1",0.000496
"6013_7",0.883019
"11638_4",0.194742
"3302_1",0.340810
"4837_4",0.991893
"737_1",0.004809
"6128_3",0.046790
"3749_4",0.003686
"580_3",0.019992
"11031_10",0.999778
"6644_1",0.000159
"8517_1",0.000416
"4883_3",0.000982
"4273_4",0.000943
"404_1",0.004891
"12108_10",0.999761
"10005_8",0.998574
"7140_4",0.028099
"258_8",0.999643
"6746_7",0.994915
"7189_2",0.073356
"11626_4",0.001592
"10785_10",0.999789
"11007_1",0.080693
"8987_7",0.975414
"275_1",0.000327
"2554_10",0.999882
"2682_1",0.000185
"3797_1",0.000047
"7383_1",0.995213
"9816_9",0.979256
"11057_8",0.985514
"11901_3",0.023840
"11501_3",0.994468
"11999_2",0.000038
"740_3",0.002122
"3109_8",0.996120
"2773_8",0.999968
"5725_4",0.018430
"4423_3",0.026897
"4035_2",0.000016
"6550_7",0.999563
"711_4",0.460161
"10773_4",0.024618
"11202_1",0.000415
"1054_2",0.000122
"2207_10",0.998977
"9809_4",0.002757
"11349_10",0.331621
"5195_4",0.026018
"6881_4",0.367755
"7537_3",0.804690
"99_3",0.155910
"6589_9",0.999759
"11781_10",0.547445
"4337_3",0.000304
"4928_10",0.999361
"6310_1",0.004077
"11867_8",0.146147
"9462_2",0.003928
"12224_9",0.996160
"1195_3",0.000191
"11324_10",0.999853
"11272_4",0.152551
"2461_7",0.999604
"4034_7",0.999853
"2340_10",0.999948
"9827_9",0.999722
"4660_4",0.372724
"2448_1",0.094360
"7485_7",0.132245
"7003_10",0.999328
"6204_1",0.002243
"1920_10",0.999503
"6824_1",0.000184
"6668_10",0.999699
"7359_1",0.013174
"2753_4",0.448698
"7320_10",0.998602
"3661_10",0.999940
"1059_1",0.002161
"5067_10",0.999239
"5724_3",0.001446
"11265_2",0.000190
"11331_1",0.004708
"5398_10",0.999562
"9328_2",0.006237
"100_4",0.821065
"6118_10",0.972978
"320_3",0.000091
"4395_10",0.981701
"7256_4",0.035337
"3949_10",0.999955
"7097_1",0.999332
"6971_2",0.018471
"9855_2",0.006319
"457_8",0.999676
"9929_7",0.997842
"9574_10",0.999568
"12261_4",0.678427
"5228_9",0.985416
"11684_2",0.000710
"7913_9",0.999821
"9595_3",0.000349
"10501_10",0.851980
"10610_7",0.932399
"8573_7",0.194353
"1823_2",0.001813
"12070_4",0.394468
"6995_8",0.998205
"4929_1",0.006342
"2555_4",0.020101
"6583_7",0.999772
"2490_1",0.001273
"8203_7",0.998147
"7861_3",0.000460
"2548_2",0.842066
"12291_7",0.999002
"756_1",0.006499
"9275_7",0.997982
"9234_9",0.999888
"10598_10",0.999867
"8252_8",0.774400
"3585_2",0.011171
"11561_1",0.000286
"690_10",0.986188
"7203_10",0.999583
"11141_10",0.999478
"5583_10",0.975033
"7341_10",0.995834
"10623_8",0.999919
"868_4",0.029362
"778_9",0.999895
"4653_10",0.742334
"7450_4",0.999784
"8836_8",0.998713
"226_9",0.985398
"464_10",0.999963
"2850_9",0.996659
"10242_8",0.975064
"2403_10",0.999869
"3397_10",0.999685
"1003_4",0.976053
"10940_10",0.994461
"3349_10",0.999871
"5909_1",0.047307
"12021_8",0.989449
"5019_1",0.045888
"1809_7",0.998299
"4435_10",0.998212
"10029_1",0.000157
"8234_2",0.004741
"3760_1",0.000560
"10952_10",0.999814
"1487_9",0.996854
"46_10",0.999511
"4917_4",0.000099
"2000_9",0.992158
"10974_2",0.024080
"11275_8",0.960423
"1816_10",0.999835
"4848_3",0.209540
"11730_3",0.121023
"1903_10",0.994145
"12331_9",0.990639
"10360_9",0.995094
"9243_10",0.973941
"10115_8",0.999849
"11417_3",0.000153
"6259_4",0.161546
"316_10",0.998476
"1100_4",0.093980
"7919_2",0.001850
"1871_2",0.000262
"12488_8",0.999183
"10239_9",0.985097
"7832_2",0.000035
"8808_1",0.000212
"7241_2",0.006968
"4412_2",0.009996
"807_10",0.999566
"9728_8",0.990198
"5665_2",0.016238
"491_2",0.005780
"7938_1",0.003821
"3513_8",0.999704
"8942_1",0.000945
"11520_7",0.920766
"11478_3",0.988793
"5627_10",0.237626
"3462_2",0.220966
"5161_10",0.999236
"6545_2",0.138800
"6513_4",0.981526
"3032_1",0.000387
"7403_2",0.003170
"11878_3",0.000741
"11348_8",0.999930
"4979_7",0.999589
"7131_1",0.000049
"3972_3",0.007276
"2925_2",0.750923
"5346_3",0.020744
"10709_3",0.003675
"10999_2",0.000917
"5974_10",0.999747
"9008_10",0.999656
"1324_10",0.999785
"10454_8",0.712411
"8336_8",0.858599
"5869_10",0.999108
"9922_3",0.000047
"2081_2",0.993727
"5811_7",0.999848
"1619_10",0.390005
"5461_7",0.999814
"9152_2",0.009355
"9071_8",0.999795
"4688_10",0.999903
"8956_10",0.999847
"1883_4",0.080383
"5707_1",0.000453
"7529_3",0.396351
"83_1",0.012786
"10440_1",0.000061
"3673_1",0.000040
"6983_4",0.003367
"2546_4",0.001890
"6698_3",0.871316
"10689_3",0.006613
"9986_10",0.848668
"5614_10",0.995524
"10094_4",0.208528
"12468_10",0.999706
"3828_10",0.888362
"10524_2",0.005446
"2016_2",0.005606
"7583_4",0.285721
"4795_8",0.992052
"7564_3",0.041956
"1366_3",0.007564
"508_4",0.185330
"9509_3",0.960175
"1587_3",0.000133
"12376_4",0.008511
"2525_8",0.809402
"2877_2",0.058429
"9485_9",0.999878
"12023_8",0.999424
"11544_10",0.998788
"198_3",0.026024
"4390_1",0.003115
"993_8",0.965106
"7965_9",0.959180
"8865_1",0.000019
"6638_1",0.001758
"141_8",0.999477
"136_2",0.042102
"3004_10",0.995471
"3457_9",0.997122
"11488_1",0.005587
"644_2",0.000146
"8387_9",0.999779
"5026_3",0.983154
"8936_7",0.991690
"453_4",0.991485
"8547_3",0.124453
"10542_4",0.001264
"5231_9",0.844631
"9592_10",0.978220
"8591_7",0.998208
"6686_10",0.995206
"7246_10",0.999595
"2194_4",0.000092
"11533_9",0.999927
"6109_10",0.806323
"9092_3",0.004792
"11223_8",0.998972
"10829_9",0.999596
"9857_3",0.003244
"2223_10",0.934767
"8052_10",0.440868
"11604_3",0.029079
"4448_1",0.056357
"5394_8",0.152713
"10168_9",0.999965
"11943_4",0.446849
"7311_8",0.862691
"1362_9",0.931111
"9165_8",0.999415
"12294_10",0.999815
"6086_9",0.999501
"608_8",0.999965
"4592_10",0.999242
"708_10",0.972468
"6548_4",0.824235
"7552_4",0.637041
"9263_8",0.998085
"5393_1",0.000473
"220_10",0.964515
"10640_7",0.999898
"4086_10",0.999215
"11026_3",0.002720
"12466_10",0.999932
"905_3",0.003227
"92_8",0.999373
"11362_10",0.999904
"5030_8",0.987310
"2909_7",0.034257
"8402_7",0.873841
"4046_10",0.712323
"4065_9",0.999942
"6460_4",0.789779
"11108_1",0.371160
"1139_1",0.000053
"2457_3",0.004423
"2675_7",0.075108
"9360_1",0.000178
"5750_8",0.998172
"7125_2",0.001397
"6637_8",0.995676
"3290_7",0.997733
"3979_8",0.994127
"2100_1",0.000652
"10836_1",0.000117
"10904_3",0.000658
"5226_7",0.016904
"22_8",0.999815
"2726_10",0.996242
"11405_8",0.993720
"11204_2",0.001185
"6201_9",0.970718
"1653_10",0.994551
"9500_7",0.999011
"12104_7",0.998236
"1499_3",0.057923
"1415_1",0.000163
"11285_2",0.967743
"4481_1",0.919195
"10249_8",0.999340
"2391_9",0.999924
"2186_3",0.160074
"56_10",0.999958
"127_10",0.999494
"5509_9",0.797351
"9855_9",0.025112
"7522_10",0.999976
"11751_9",0.999978
"3330_3",0.767225
"4055_8",0.999739
"3694_3",0.005731
"6911_4",0.013404
"9677_10",0.999963
"9706_1",0.002590
"426_4",0.028525
"2995_2",0.000199
"7914_8",0.876597
"11344_9",0.988498
"680_8",0.999011
"2094_3",0.157593
"2009_9",0.999945
"7309_7",0.999111
"138_1",0.004379
"2689_9",0.999440
"6050_2",0.052676
"8987_2",0.000083
"2053_8",0.999542
"12245_4",0.067007
"12020_10",0.991129
"10364_10",0.998827
"11581_1",0.000251
"12079_10",0.893515
"6537_1",0.000129
"2739_10",0.231563
"8719_1",0.012748
"9436_1",0.002654
"5029_3",0.003374
"8321_10",0.053234
"7135_9",0.995553
"9512_10",0.943550
"6397_7",0.332502
"9457_9",0.987588
"7740_2",0.002981
"10591_2",0.007253
"9856_4",0.102213
"2456_1",0.002696
"10543_7",0.872978
"544_4",0.939620
"3679_10",0.999051
"9042_1",0.000337
"5368_8",0.999983
"8276_3",0.000081
"1984_2",0.000072
"4205_7",0.999846
"5765_7",0.998891
"5202_1",0.000258
"4127_4",0.907219
"12316_9",0.999865
"657_1",0.000179
"12205_2",0.002867
"3426_10",0.999665
"5616_10",0.999031
"11644_3",0.010897
"795_10",0.998547
"12416_2",0.007706
"115_3",0.001578
"55_10",0.994626
"11187_10",0.678554
"9072_4",0.168942
"875_4",0.569304
"4196_1",0.000071
"293_10",0.082182
"5564_1",0.000294
"6811_8",0.902384
"9135_3",0.018597
"9964_8",0.941679
"981_9",0.032269
"8506_10",0.994863
"4459_9",0.996838
"7609_1",0.020202
"6246_10",0.995206
"5989_4",0.000050
"11839_10",0.999513
"9186_2",0.025402
"3411_10",0.999270
"8677_1",0.042337
"9125_4",0.608923
"2166_8",0.895229
"11827_4",0.051829
"2574_2",0.521013
"4789_4",0.689620
"1093_4",0.000425
"8195_1",0.004673
"11011_10",0.993706
"3944_9",0.998842
"10606_10",0.999871
"5029_7",0.510342
"9496_8",0.877861
"9256_8",0.999924
"5640_3",0.066335
"8164_8",0.999577
"10413_3",0.001244
"4838_2",0.001374
"12265_9",0.994642
"6222_1",0.000553
"883_8",0.982981
"395_8",0.009982
"1182_7",0.980656
"8701_7",0.995990
"8863_4",0.000225
"10943_3",0.001537
"10692_10",0.944753
"11872_7",0.999604
"4729_9",0.894492
"920_10",0.994181
"9352_4",0.014750
"10095_9",0.996660
"8986_2",0.018590
"7061_2",0.002551
"2746_1",0.000027
"10359_8",0.988126
"6826_7",0.049517
"7075_3",0.789861
"8237_10",0.997452
"9103_10",0.868432
"6538_9",0.233094
"3085_4",0.998081
"10759_9",0.236163
"12249_2",0.000054
"6774_4",0.246641
"3564_2",0.526835
"144_2",0.000401
"12112_3",0.034990
"8166_10",0.998600
"10817_8",0.994279
"7462_10",0.999650
"7626_2",0.067125
"8221_2",0.159771
"2528_10",0.945474
"6765_3",0.001894
"1267_8",0.999970
"8257_10",0.962638
"11501_8",0.997792
"11196_10",0.999960
"10006_7",0.994384
"2104_2",0.005229
"9067_8",0.512269
"4760_4",0.016603
"4372_7",0.982650
"3441_2",0.443676
"10439_3",0.508857
"6604_1",0.034826
"10689_10",0.996132
"11289_4",0.009838
"2051_7",0.983693
"42_10",0.999787
"1567_7",0.852801
"4890_9",0.999100
"2583_1",0.000045
"5376_2",0.001615
"2539_10",0.999354
"390_4",0.002688
"11509_1",0.000043
"7481_8",0.443628
"10840_2",0.000073
"9433_1",0.617234
"7774_10",0.999243
"2654_7",0.020440
"9582_7",0.691589
"1780_3",0.006292
"4032_8",0.989486
"3130_9",0.999627
"1920_3",0.001896
"5056_7",0.987948
"4537_10",0.687898
"2505_1",0.002826
"3942_2",0.000188
"483_2",0.001110
"2771_3",0.000174
"4872_8",0.985066
"7897_1",0.000344
"12039_8",0.999769
"11008_4",0.551757
"4090_7",0.974335
"3051_4",0.448676
"5700_1",0.000148
"3498_10",0.922444
"5676_7",0.998524
"5565_1",0.000314
"9347_10",0.995522
"4178_1",0.002100
"6303_4",0.005381
"1579_7",0.001518
"5783_9",0.650013
"4001_8",0.999943
"11698_2",0.003637
"7029_3",0.000220
"268_3",0.000070
"7098_1",0.985934
"6608_9",0.999828
"1123_1",0.030261
"7523_10",0.996436
"10647_3",0.092618
"12232_8",0.999736
"8103_4",0.984638
"7336_7",0.779057
"7049_8",0.999137
"9694_3",0.049100
"5894_3",0.000351
"10981_4",0.866677
"10104_10",0.999891
"5752_7",0.994456
"2622_2",0.054857
"11529_2",0.000161
"5040_1",0.000459
"1870_8",0.998519
"7368_3",0.000335
"843_1",0.156057
"4972_8",0.645391
"4615_9",0.999910
"8191_10",0.965992
"6940_10",0.359005
"4924_4",0.367690
"10392_2",0.000025
"3339_7",0.998960
"3594_10",0.999910
"10354_7",0.810517
"6594_10",0.999772
"11311_1",0.000522
"4409_10",0.999670
"1669_4",0.968965
"7819_1",0.001635
"6704_1",0.000493
"667_10",0.969351
"6444_1",0.019008
"1223_3",0.000625
"10089_9",0.999854
"6699_1",0.000034
"814_7",0.999923
"2363_10",0.999060
"1697_2",0.039338
"6345_4",0.000249
"10109_1",0.057324
"4563_7",0.996150
"1924_1",0.003248
"11416_2",0.000380
"539_7",0.992766
"5937_9",0.999898
"1912_8",0.880587
"4135_3",0.003996
"4141_7",0.909001
"7217_2",0.054464
"5538_3",0.000209
"2657_10",0.995617
"6279_4",0.196374
"7706_1",0.000312
"10409_10",0.995806
"6780_1",0.000049
"6251_10",0.999950
"12227_1",0.186319
"1146_10",0.999255
"10977_9",0.997717
"3857_1",0.001708
"7622_8",0.026238
"2548_7",0.958573
"8602_9",0.891096
"8885_8",0.999853
"472_4",0.980049
"11700_9",0.999206
"10268_3",0.000092
"7569_10",0.984972
"475_1",0.000122
"4719_1",0.000037
"8851_3",0.000114
"6320_10",0.851490
"4290_7",0.059119
"7936_10",0.999720
"4616_1",0.000874
"3616_7",0.999217
"4849_3",0.079840
"3689_7",0.746857
"11224_7",0.983569
"8893_7",0.788952
"11126_7",0.999683
"4816_8",0.990961
"5895_3",0.067982
"9373_1",0.090139
"2445_3",0.063577
"556_1",0.000031
"11855_1",0.084825
"11346_8",0.999635
"8621_8",0.979802
"10259_3",0.000538
"2354_3",0.754925
"8477_10",0.999605
"11408_7",0.966664
"8490_1",0.745244
"175_8",0.722725
"3376_1",0.001487
"3888_7",0.999934
"11655_2",0.260589
"9630_10",0.365900
"8121_1",0.142993
"10758_4",0.014299
"1979_10",0.830791
"9702_8",0.585254
"1064_1",0.000498
"850_4",0.002174
"1624_1",0.131521
"5885_10",0.999831
"8246_8",0.986097
"4073_7",0.999301
"5116_2",0.024826
"5379_2",0.003120
"75_1",0.003547
"5895_10",0.997017
"10651_9",0.998937
"1776_7",0.994850
"8500_1",0.000285
"11026_9",0.986741
"12195_1",0.069200
"1832_7",0.999887
"11424_8",0.966792
"1744_8",0.999824
"9699_1",0.000058
"11840_10",0.928141
"8955_1",0.000115
"1571_4",0.169472
"6434_9",0.999458
"7214_10",0.983574
"153_4",0.117054
"3914_1",0.057096
"5005_8",0.348955
"8283_4",0.859242
"8846_1",0.000040
"3708_1",0.378439
"5123_10",0.999905
"2868_7",0.997266
"6395_10",0.999952
"5788_4",0.593597
"2380_8",0.986906
"462_7",0.995456
"11697_7",0.999719
"3577_3",0.000098
"5569_4",0.984294
"348_1",0.010022
"9194_10",0.994295
"1001_4",0.005604
"6869_4",0.000195
"7182_1",0.287159
"2089_4",0.000403
"3496_1",0.948254
"938_1",0.149257
"10325_9",0.964442
"786_10",0.999664
"4562_9",0.991496
"2566_9",0.996329
"10732_3",0.283316
"7621_1",0.015767
"11747_10",0.999870
"11271_4",0.994067
"9057_10",0.999970
"12374_3",0.002417
"9130_9",0.996274
"9735_3",0.003041
"4305_7",0.999627
"10477_9",0.999969
"5498_9",0.999984
"4452_8",0.998988
"7993_1",0.251605
"3245_9",0.999949
"11289_10",0.000310
"2678_10",0.999669
"6836_1",0.000031
"10936_3",0.001462
"6870_4",0.003670
"10109_10",0.996127
"9907_7",0.856156
"4801_2",0.013490
"3684_10",0.999967
"12305_9",0.999711
"530_10",0.950569
"10977_2",0.006928
"9819_10",0.998704
"5057_1",0.001567
"8703_10",0.997931
"8997_2",0.000258
"5766_7",0.202526
"9436_8",0.987963
"39_9",0.999993
"6052_4",0.274471
"9748_9",0.253376
"8395_1",0.000352
"688_7",0.013302
"4688_3",0.011328
"6287_3",0.005382
"1945_8",0.995391
"11830_2",0.071790
"4042_2",0.000208
"10160_3",0.004597
"2069_4",0.004162
"11039_1",0.001893
"6675_3",0.017211
"9189_2",0.478675
"3683_10",0.999920
"5536_10",0.957677
"11089_1",0.000622
"9064_7",0.999377
"2079_1",0.000362
"648_3",0.002440
"12300_10",0.999816
"5755_8",0.999631
"3460_1",0.000869
"151_2",0.014451
"6990_4",0.289127
"11356_10",0.999968
"3062_2",0.000068
"4310_1",0.047990
"9393_9",0.014187
"5886_1",0.719006
"7359_10",0.999790
"3210_1",0.000370
"4689_10",0.986805
"11111_10",0.999636
"1413_3",0.345227
"2502_8",0.999843
"10737_2",0.136160
"6525_10",0.701487
"4416_4",0.000988
"1705_4",0.042408
"1485_10",0.765600
"4406_9",0.999614
"3365_8",0.992761
"6825_9",0.993978
"9214_1",0.068923
"8171_1",0.989533
"12138_7",0.009487
"2421_8",0.998527
"7727_4",0.000545
"8236_8",0.998319
"4802_8",0.982252
"5429_2",0.006036
"6584_1",0.000641
"5429_8",0.999842
"2124_8",0.995394
"11670_3",0.843944
"7527_1",0.006932
"11193_3",0.001900
"3647_10",0.999976
"2084_3",0.005044
"8481_10",0.993965
"2458_8",0.999319
"8705_1",0.011743
"4919_4",0.002143
"1621_1",0.000413
"6059_1",0.000675
"4132_1",0.673793
"10953_9",0.611504
"6692_8",0.998623
"3604_3",0.053150
"6432_1",0.002244
"10932_8",0.999600
"7248_3",0.463062
"3837_4",0.000257
"8770_8",0.999971
"12067_7",0.991197
"7351_1",0.000180
"11556_1",0.903404
"8220_1",0.257250
"8008_4",0.004132
"6500_1",0.000072
"8303_4",0.000363
"6765_10",0.999512
"4701_3",0.061794
"8956_1",0.000160
"11443_8",0.951474
"7119_7",0.992278
"11761_2",0.015922
"9921_9",0.907467
"2275_9",0.999813
"8849_2",0.017959
"2791_3",0.000867
"9105_10",0.994852
"1991_7",0.997678
"41_9",0.999974
"9259_1",0.001669
"3785_3",0.915695
"12335_3",0.000681
"7020_1",0.005571
"9490_4",0.989859
"11296_1",0.000193
"7641_2",0.000095
"8163_7",0.998123
"7342_10",0.940503
"766_8",0.999860
"5399_1",0.000728
"1565_7",0.994015
"12_9",0.999608
"11574_10",0.999878
"8194_8",0.168913
"6110_10",0.209648
"8108_1",0.001000
"3852_4",0.008071
"11474_2",0.003830
"11554_10",0.999815
"1798_3",0.001591
"11814_10",0.999782
"5072_9",0.995404
"4389_10",0.999475
"8148_10",0.999169
"5840_2",0.001271
"1972_7",0.476549
"10169_3",0.000092
"8651_1",0.000623
"6399_3",0.002392
"8965_1",0.194326
"8853_1",0.000151
"2841_9",0.999927
"6658_1",0.006582
"11515_1",0.033397
"4474_1",0.123795
"8221_10",0.999882
"12204_10",0.970760
"10671_1",0.000048
"7335_3",0.039531
"4050_3",0.890480
"9465_8",0.984294
"11620_8",0.999870
"11998_8",0.999954
"11188_2",0.000409
"6656_1",0.000350
"3416_4",0.002266
"11558_9",0.998829
"2752_4",0.000253
"10330_9",0.998346
"9323_7",0.999953
"12232_4",0.005655
"5699_7",0.986064
"1020_2",0.895675
"1161_1",0.001681
"10187_10",0.999771
"4585_10",0.159002
"7570_10",0.997764
"9752_1",0.009559
"4956_1",0.000322
"1355_2",0.011490
"10456_1",0.000400
"8757_10",0.348775
"2286_3",0.000270
"1297_7",0.930990
"5326_8",0.994115
"11535_10",0.999983
"4783_10",0.311399
"4292_2",0.000602
"2856_1",0.000416
"450_10",0.669806
"9611_1",0.959608
"2403_1",0.261766
"2037_7",0.983402
"9580_1",0.698352
"1694_7",0.999330
"11385_10",0.998904
"493_1",0.000974
"9013_10",0.999789
"11235_3",0.078784
"10793_3",0.004030
"2197_10",0.998575
"1887_2",0.000310
"6617_7",0.999211
"12028_1",0.000166
"5413_1",0.002895
"1134_1",0.000388
"1290_2",0.000493
"12241_8",0.944499
"965_3",0.011402
"2044_10",0.999721
"7782_10",0.833787
"6087_4",0.907219
"3600_2",0.000388
"1588_3",0.783342
"10421_8",0.451167
"3390_10",0.991933
"6531_1",0.962626
"9792_10",0.844469
"3755_9",0.993907
"11471_7",0.869122
"10427_10",0.998397
"4011_3",0.831737
"8784_7",0.955089
"10714_9",0.999965
"6031_9",0.996324
"8130_10",0.999971
"4772_9",0.783412
"6599_7",0.874121
"11335_2",0.013653
"6412_1",0.000075
"998_7",0.991935
"9542_10",0.999833
"1490_3",0.011705
"4142_10",0.961554
"8371_10",0.998800
"5457_8",0.998476
"5001_8",0.999811
"150_9",0.997990
"8487_10",0.994971
"10024_3",0.000571
"3687_8",0.999931
"6171_10",0.999990
"5462_8",0.998872
"1372_4",0.007576
"7361_8",0.990625
"1030_9",0.989423
"3341_8",0.031390
"7677_2",0.000637
"6584_7",0.999818
"2372_10",0.968570
"5898_9",0.999895
"7370_7",0.999699
"3018_9",0.999914
"4899_9",0.927289
"2385_4",0.807325
"8433_9",0.999378
"1989_8",0.966883
"10401_7",0.237511
"5668_1",0.032554
"11516_3",0.002216
"12419_1",0.109771
"5402_7",0.956093
"10537_9",0.999969
"117_10",0.999427
"6756_4",0.175917
"4051_3",0.041249
"9687_10",0.991441
"11011_2",0.000525
"8460_8",0.892010
"5155_3",0.000380
"2473_2",0.000054
"4074_1",0.001860
"4730_10",0.999939
"5310_2",0.002334
"6630_10",0.999464
"4363_1",0.000034
"1022_3",0.884171
"8247_10",0.964735
"7437_10",0.999564
"3846_7",0.999981
"7298_1",0.014463
"11955_4",0.011801
"9448_10",0.055324
"142_1",0.000510
"2260_3",0.000043
"9012_4",0.598622
"5321_9",0.998195
"527_10",0.986960
"2898_3",0.000213
"12302_9",0.998085
"1463_4",0.958233
"5278_1",0.000120
"6450_1",0.276923
"9704_1",0.198112
"2673_2",0.000255
"10175_2",0.002001
"8006_2",0.956067
"9492_4",0.717443
"4595_3",0.920183
"9499_2",0.016946
"7869_1",0.000080
"4047_10",0.999951
"4962_7",0.681273
"4052_2",0.000937
"1423_10",0.985394
"7376_2",0.018758
"1067_9",0.999538
"3289_1",0.059594
"5780_9",0.016527
"2965_2",0.031504
"4127_10",0.998983
"10156_3",0.040256
"11164_1",0.000089
"1422_10",0.985394
"9470_4",0.153884
"7733_3",0.020394
"3814_3",0.001650
"9900_1",0.012718
"5363_3",0.063150
"2878_7",0.985468
"11647_2",0.000169
"1729_1",0.000431
"2263_1",0.164811
"11707_2",0.004752
"10722_7",0.999940
"6321_9",0.999690
"7339_10",0.999884
"8003_9",0.957681
"11009_10",0.989952
"9458_1",0.018918
"10359_1",0.000066
"5530_3",0.005876
"3377_9",0.997449
"2256_9",0.999672
"9036_1",0.002931
"7621_7",0.207782
"9992_4",0.698816
"1004_10",0.999787
"6339_3",0.000235
"5554_10",0.998209
"10128_10",0.999951
"4540_10",0.999704
"1410_7",0.992185
"7072_1",0.000487
"4324_4",0.003940
"9611_7",0.793585
"7571_10",0.999919
"11337_1",0.000080
"1169_1",0.019703
"10881_4",0.000471
"8782_4",0.003268
"5357_10",0.999811
"9318_7",0.940717
"9071_3",0.991378
"485_4",0.349851
"3164_2",0.042965
"1343_10",0.999392
"571_10",0.999954
"6749_10",0.999828
"1945_4",0.001065
"8132_3",0.449538
"12380_4",0.001942
"11183_4",0.054522
"10526_10",0.989649
"7234_10",0.999959
"3054_7",0.977762
"5217_1",0.000152
"7106_8",0.997055
"11043_10",0.999595
"8447_2",0.402616
"9744_10",0.999751
"10638_9",0.999642
"8778_10",0.999768
"3666_9",0.999383
"4223_10",0.997553
"1642_2",0.462906
"10541_8",0.979528
"8067_1",0.003790
"11116_10",0.999367
"8701_1",0.010819
"6422_8",0.999893
"9168_1",0.016152
"4130_1",0.000074
"8492_1",0.000857
"6430_3",0.001594
"9306_8",0.997853
"10487_7",0.605768
"6687_1",0.152777
"11869_1",0.001841
"9224_10",0.749851
"1625_9",0.998268
"8651_7",0.900467
"3702_4",0.048056
"4470_7",0.956766
"31_4",0.147840
"11316_10",0.999953
"5961_8",0.999076
"4428_2",0.004235
"2540_4",0.497414
"4855_2",0.991049
"9997_2",0.003098
"12214_2",0.678339
"12383_2",0.006329
"12344_4",0.010547
"8147_10",0.999939
"2019_10",0.998612
"8161_3",0.000372
"7312_10",0.961690
"9310_8",0.984929
"11966_1",0.000036
"8962_1",0.019879
"5661_4",0.092219
"5765_4",0.000059
"10934_8",0.999622
"5801_9",0.113386
"190_2",0.003046
"880_8",0.996805
"10677_10",0.982454
"10520_10",0.999319
"6697_7",0.441872
"11582_1",0.145703
"1986_1",0.000338
"6021_4",0.019041
"7220_8",0.271275
"5870_1",0.000087
"1459_7",0.999725
"1733_8",0.999959
"7060_9",0.999452
"5249_9",0.999715
"8845_9",0.999885
"10133_8",0.819454
"3041_9",0.470561
"11504_1",0.405257
"6261_8",0.999850
"2942_10",0.999945
"5522_10",0.997993
"4260_8",0.721340
"1600_2",0.037240
"1698_10",0.994113
"5823_10",0.960665
"2413_9",0.997068
"7316_9",0.989761
"5963_2",0.000312
"9960_10",0.997288
"6014_9",0.998902
"2357_4",0.000260
"9788_10",0.980291
"8100_2",0.000020
"4099_9",0.640043
"10894_2",0.000198
"7940_1",0.006321
"3605_4",0.987621
"11270_3",0.057612
"2306_8",0.999882
"3825_10",0.998735
"161_7",0.191931
"12121_9",0.995530
"7916_10",0.928611
"10598_4",0.037638
"3484_10",0.998343
"8967_1",0.004565
"4005_2",0.001431
"10355_4",0.766192
"5215_10",0.679138
"943_3",0.002779
"11786_10",0.999210
"5938_2",0.000238
"998_2",0.012519
"4333_4",0.000031
"6606_9",0.951783
"5251_2",0.000431
"4152_4",0.172326
"3148_2",0.000959
"3344_7",0.969086
"9832_3",0.927821
"2689_3",0.657704
"3400_10",0.981413
"4000_4",0.970561
"3934_3",0.209968
"9014_9",0.921944
"2339_9",0.999950
"8833_1",0.000780
"10197_8",0.996551
"8811_1",0.159509
"1805_7",0.999925
"2238_7",0.999587
"2487_9",0.917947
"1737_1",0.002285
"4085_2",0.000903
"5665_10",0.925166
"9721_4",0.005166
"10577_9",0.998026
"8892_7",0.989390
"4503_10",0.999943
"9348_3",0.000131
"10382_10",0.272140
"8339_3",0.000090
"5199_10",0.998949
"1897_1",0.002530
"3578_9",0.999253
"9192_7",0.911844
"12154_2",0.000491
"5089_2",0.000055
"8988_7",0.360056
"10170_8",0.996136
"6690_8",0.999492
"2549_2",0.002611
"6546_3",0.000213
"5283_2",0.004406
"8131_9",0.999962
"4745_8",0.968450
"7251_1",0.014206
"1829_8",0.977547
"11922_9",0.992905
"10322_1",0.000020
"3163_4",0.001320
"11849_9",0.999926
"11809_10",0.999814
"1275_3",0.074043
"11694_4",0.036126
"12112_8",0.011484
"11212_4",0.350348
"5124_10",0.995376
"5362_2",0.006352
"2680_9",0.999873
"11181_4",0.878937
"4345_1",0.018610
"8916_7",0.989748
"10042_8",0.999352
"10324_8",0.993900
"4425_3",0.813573
"9133_3",0.992058
"11028_10",0.999885
"1941_7",0.963999
"10142_3",0.418391
"4572_1",0.000036
"10512_1",0.000026
"7180_7",0.873975
"3948_1",0.022570
"1238_4",0.000304
"5269_9",0.023853
"12346_8",0.762766
"11481_4",0.031088
"1943_3",0.000408
"4742_1",0.000054
"2433_1",0.000185
"4422_3",0.015756
"342_1",0.013258
"736_8",0.961487
"3036_10",0.036464
"9336_7",0.900388
"9205_1",0.000020
"9923_8",0.999208
"8875_2",0.000565
"2023_7",0.983408
"4102_1",0.097182
"11345_1",0.000123
"6736_9",0.999987
"7839_8",0.999831
"8572_10",0.994432
"7211_1",0.000047
"6666_2",0.000367
"1978_7",0.998464
"3156_1",0.042302
"3333_7",0.987087
"3720_4",0.004995
"1450_3",0.914411
"8563_10",0.395335
"9087_9",0.999775
"6843_10",0.998222
"3485_7",0.955950
"4259_10",0.999965
"10186_10",0.992965
"3312_3",0.001578
"7624_4",0.285317
"7930_3",0.001634
"8407_10",0.998530
"1771_4",0.968432
"11919_4",0.165193
"425_2",0.033718
"11795_2",0.000153
"6767_1",0.000030
"2996_9",0.999642
"990_1",0.001627
"3757_3",0.009249
"2981_2",0.042078
"10277_2",0.006497
"662_9",0.040366
"5311_3",0.175558
"3796_10",0.825997
"3846_1",0.007964
"5651_2",0.000165
"6649_3",0.000707
"10779_2",0.001528
"4548_10",0.798505
"7275_10",0.997765
"1605_9",0.998052
"3580_4",0.001169
"5712_2",0.001109
"5287_10",0.999843
"3230_9",0.987057
"7936_1",0.000191
"9983_3",0.000874
"9959_7",0.997534
"5739_4",0.150851
"4308_10",0.992231
"4854_8",0.749554
"8620_7",0.516538
"7923_9",0.300434
"11686_10",0.958609
"8253_1",0.997495
"11030_4",0.448619
"3995_9",0.999588
"10763_9",0.999773
"6780_8",0.882140
"10895_1",0.000865
"11778_1",0.824867
"8512_10",0.999514
"1061_1",0.001012
"10584_3",0.000761
"212_4",0.003155
"1908_2",0.195372
"10958_1",0.001665
"980_7",0.999294
"2686_10",0.999970
"2088_1",0.002685
"6075_1",0.628320
"9782_10",0.999949
"9180_3",0.007498
"2478_3",0.000381
"1634_2",0.000227
"6810_8",0.665721
"2562_10",0.996344
"3841_7",0.032734
"5387_1",0.000051
"9047_7",0.999861
"4962_4",0.049953
"8597_8",0.998195
"1515_1",0.008612
"1974_1",0.277877
"9935_3",0.446287
"2404_4",0.369698
"8638_1",0.000015
"8720_1",0.004009
"11411_2",0.000349
"7676_3",0.625583
"11756_9",0.907428
"4195_1",0.000145
"11787_10",0.990013
"11838_1",0.010679
"11748_1",0.000054
"7309_3",0.998512
"502_4",0.721052
"1239_10",0.662363
"8925_4",0.001308
"4242_1",0.000240
"2112_2",0.000017
"6359_8",0.999942
"8034_9",0.999715
"807_3",0.360344
"7852_4",0.000561
"8014_10",0.993540
"4823_8",0.999577
"8448_10",0.991414
"3564_8",0.576222
"858_4",0.996010
"8529_7",0.983808
"6515_3",0.002436
"2646_10",0.976697
"4278_1",0.019456
"5641_7",0.123867
"5382_4",0.000310
"3300_8",0.999574
"4849_9",0.997760
"12013_1",0.007872
"107_4",0.269651
"10046_10",0.869954
"9141_10",0.999452
"10297_10",0.999924
"634_10",0.999525
"438_2",0.000658
"11794_8",0.999948
"3937_4",0.902407
"3602_4",0.000569
"11851_1",0.000564
"8690_7",0.994478
"2697_2",0.084788
"805_10",0.999866
"7572_1",0.000307
"10553_1",0.000443
"5246_2",0.000539
"2064_8",0.851725
"11856_1",0.016277
"9026_7",0.990894
"4449_7",0.999011
"8579_10",0.999942
"8503_7",0.571357
"5734_1",0.875479
"11507_1",0.001088
"7956_10",0.901817
"11245_2",0.000788
"6142_2",0.999164
"10657_1",0.001827
"7992_1",0.350454
"11347_9",0.983972
"5278_8",0.992137
"6362_10",0.002877
"10214_2",0.002656
"9184_7",0.994880
"2666_10",0.999369
"7527_7",0.990064
"2001_1",0.006109
"12000_4",0.000086
"10302_3",0.575633
"7160_10",0.998634
"2757_10",0.997309
"3792_3",0.001252
"6199_1",0.000093
"10467_3",0.000432
"531_10",0.999689
"8193_9",0.996888
"248_7",0.999957
"187_1",0.016977
"5193_8",0.999749
"5138_8",0.999304
"8467_1",0.098621
"11029_8",0.999958
"667_4",0.000144
"3714_1",0.000061
"8102_4",0.974988
"9195_4",0.000272
"1432_3",0.000067
"9095_10",0.972730
"11510_2",0.001647
"5644_1",0.446868
"2556_8",0.997873
"11887_2",0.030109
"5374_1",0.007942
"5356_3",0.000990
"10209_1",0.350199
"2001_8",0.351454
"6088_1",0.619843
"6140_4",0.003168
"11494_4",0.233756
"11631_7",0.967641
"4818_1",0.000483
"10914_1",0.004177
"4472_8",0.957977
"8735_9",0.953052
"11190_1",0.432769
"462_4",0.008397
"6566_4",0.003098
"4598_4",0.983798
"11566_1",0.005621
"2560_3",0.001499
"11969_4",0.012884
"8765_1",0.000035
"9957_10",0.942753
"5210_10",0.957716
"5007_10",0.999283
"10290_10",0.996548
"10319_1",0.003424
"1848_2",0.003491
"1319_3",0.002493
"11248_10",0.999645
"379_1",0.007153
"3469_10",0.999877
"437_2",0.000609
"3648_1",0.150568
"8834_1",0.000375
"3316_1",0.000885
"9563_2",0.572396
"4500_9",0.960230
"6226_3",0.001705
"5653_3",0.001973
"5415_2",0.000300
"6725_4",0.001745
"9462_10",0.999981
"3471_3",0.731479
"7259_2",0.000328
"8181_3",0.000054
"10749_1",0.852298
"12283_1",0.000514
"402_1",0.000850
"8024_10",0.999966
"11114_1",0.001059
"461_1",0.059940
"10025_2",0.000317
"3358_4",0.995132
"2022_1",0.001186
"12493_7",0.999750
"4131_9",0.997856
"9852_4",0.000476
"7122_1",0.000025
"1994_10",0.999013
"10723_9",0.984069
"3900_8",0.999863
"7741_10",0.999866
"4287_9",0.990507
"10195_10",0.996101
"10941_3",0.000243
"1615_1",0.320636
"12337_3",0.025073
"2259_2",0.008564
"6179_10",0.999795
"138_8",0.992481
"6482_3",0.003938
"10362_4",0.000018
"1341_10",0.999134
"8299_8",0.735137
"7839_2",0.003286
"6659_7",0.996614
"7143_10",0.999990
"12445_1",0.002505
"3796_3",0.003455
"4180_10",0.962721
"7775_10",0.968255
"8946_9",0.885424
"1936_7",0.999525
"8387_1",0.000248
"10092_8",0.883786
"5729_10",0.937936
"1399_7",0.991212
"4011_8",0.999736
"7868_8",0.999640
"3546_8",0.991540
"8643_9",0.999946
"6033_1",0.005927
"428_10",0.954010
"3385_10",0.999949
"3073_2",0.001259
"4169_8",0.999731
"8191_3",0.005010
"211_3",0.008871
"297_2",0.023776
"4286_8",0.999936
"535_10",0.999915
"4851_4",0.707484
"9707_1",0.000098
"9740_10",0.921290
"5410_1",0.001229
"1436_1",0.006427
"3766_10",0.997081
"2483_9",0.999954
"1937_10",0.998854
"2939_3",0.007477
"3372_1",0.011837
"7825_10",0.998901
"7780_10",0.999939
"7656_10",0.999764
"4850_7",0.998925
"5083_4",0.018244
"10429_1",0.181774
"8009_2",0.001190
"10879_4",0.075866
"7328_1",0.002390
"10055_1",0.002360
"11715_7",0.759960
"1547_1",0.001368
"7665_9",0.529166
"6061_10",0.995514
"10800_1",0.000806
"10234_3",0.000165
"11334_2",0.209272
"3106_1",0.005499
"12173_3",0.000046
"2076_10",0.997490
"4414_7",0.079849
"7679_9",0.990387
"2010_1",0.000048
"9460_9",0.998523
"11261_4",0.066235
"7500_10",0.995748
"9503_4",0.000141
"5937_4",0.009168
"87_10",0.999920
"2968_1",0.000067
"6728_9",0.955899
"9954_4",0.000429
"5875_8",0.688802
"12429_10",0.909257
"11247_10",0.979727
"8879_4",0.999780
"2999_1",0.000731
"11448_8",0.998171
"3629_1",0.000308
"1302_1",0.078057
"10851_1",0.108163
"9533_4",0.000485
"4078_2",0.001177
"7813_3",0.026597
"11284_10",0.987569
"3509_8",0.999772
"11198_3",0.178635
"9197_9",0.999767
"3603_3",0.997779
"6472_7",0.999635
"2410_2",0.000529
"10240_10",0.994522
"6507_4",0.171318
"1511_2",0.890375
"5475_2",0.000444
"5728_1",0.000022
"5294_1",0.001421
"12024_10",0.994648
"2355_1",0.035209
"4088_9",0.997939
"2580_10",0.988626
"9423_1",0.783090
"6836_7",0.999983
"11806_1",0.005126
"8412_1",0.660014
"770_10",0.997483
"1029_10",0.971066
"11288_4",0.143931
"690_3",0.997067
"1925_9",0.844953
"2116_10",0.957297
"8597_2",0.040526
"8734_4",0.000371
"5549_3",0.000150
"5447_7",0.905600
"2519_4",0.997500
"11323_7",0.804317
"9338_1",0.000120
"3299_10",0.999958
"10585_8",0.822174
"3945_7",0.989455
"813_1",0.006084
"1300_9",0.999616
"5849_7",0.962415
"5535_8",0.997185
"3612_2",0.000054
"11064_2",0.047643
"376_10",0.645731
"8504_2",0.000200
"8198_1",0.006205
"6485_1",0.000940
"9011_3",0.015226
"6766_1",0.053959
"7282_3",0.933981
"1450_10",0.581184
"10644_8",0.998784
"5424_2",0.379687
"86_3",0.761425
"1221_1",0.001474
"2309_3",0.000382
"5190_4",0.893242
"11498_1",0.016669
"11959_10",0.999941
"10465_10",0.999880
"3922_4",0.330190
"9710_9",0.964595
"2014_1",0.000914
"3791_9",0.805234
"3548_4",0.002773
"6001_3",0.012555
"11920_4",0.863306
"10152_9",0.999961
"10305_1",0.998334
"10626_1",0.002016
"3057_3",0.979232
"5387_8",0.006658
"8138_2",0.011576
"11134_1",0.007302
"8341_2",0.000252
"6687_9",0.976126
"671_3",0.980561
"1156_2",0.001497
"11841_9",0.999693
"7193_9",0.999836
"2257_10",0.999812
"5261_3",0.001316
"10475_2",0.000240
"11175_2",0.921697
"8122_9",0.999828
"6266_7",0.999685
"4340_9",0.938949
"331_4",0.018520
"854_7",0.998857
"6800_10",0.999977
"982_8",0.999555
"5916_7",0.999913
"5871_2",0.002768
"4106_9",0.999654
"8506_1",0.474167
"4610_9",0.999915
"5086_4",0.000585
"453_9",0.961352
"4611_3",0.001862
"3764_4",0.088131
"7644_4",0.000417
"4037_2",0.000031
"1595_10",0.964275
"7792_3",0.000043
"10068_3",0.046589
"7199_10",0.999869
"2050_3",0.003756
"2460_7",0.999618
"9299_1",0.000172
"6297_4",0.989574
"7797_10",0.999274
"11272_8",0.999758
"7808_9",0.996293
"5806_3",0.012890
"4573_10",0.437707
"3935_7",0.994725
"3502_1",0.003259
"5744_10",0.002795
"10548_10",0.999977
"3746_7",0.932425
"3851_10",0.999864
"2648_2",0.023958
"11397_3",0.518017
"1024_4",0.023402
"4034_2",0.000048
"7010_10",0.999957
"10429_9",0.999924
"8086_1",0.000052
"6463_4",0.003917
"3540_3",0.056731
"7608_8",0.999776
"5123_4",0.972026
"8139_4",0.464044
"2535_10",0.882184
"4187_1",0.000272
"1711_4",0.003740
"6197_4",0.101740
"4953_7",0.998454
"578_9",0.996543
"4244_10",0.999919
"3893_8",0.999155
"4903_7",0.995405
"9850_8",0.999669
"11450_3",0.000192
"4926_8",0.998653
"804_1",0.267849
"5933_7",0.996385
"4407_1",0.004708
"7951_7",0.997056
"9759_10",0.999464
"3936_8",0.997942
"6998_1",0.089340
"8967_7",0.999972
"5061_4",0.765168
"7787_3",0.000169
"8320_10",0.998709
"967_7",0.007977
"11996_7",0.207204
"4233_8",0.468133
"2494_8",0.999660
"6804_8",0.998519
"1452_3",0.045194
"10327_7",0.999264
"1510_1",0.000997
"7223_4",0.030771
"2280_10",0.985271
"4092_9",0.999975
"11305_1",0.000135
"10599_1",0.000113
"9545_4",0.826534
"6423_8",0.828071
"12314_1",0.000477
"8470_1",0.005817
"8957_8",0.996732
"1725_9",0.999848
"11127_1",0.000491
"6570_8",0.661299
"10477_1",0.000344
"5503_4",0.377485
"12251_8",0.998645
"3474_10",0.999590
"7269_1",0.001000
"997_3",0.074780
"10781_10",0.999810
"6598_10",0.985673
"9225_1",0.194914
"20_9",0.997969
"9671_9",0.145516
"8627_3",0.381768
"12404_4",0.381383
"1110_7",0.999867
"6979_1",0.000454
"9082_1",0.046616
"3626_7",0.013116
"4856_4",0.991937
"11510_9",0.996070
"7024_10",0.999965
"1501_9",0.839640
"4185_9",0.997996
"8671_9",0.999824
"2225_10",0.938641
"199_4",0.999354
"6027_9",0.991821
"359_4",0.000238
"4065_3",0.006987
"12333_7",0.773569
"1963_10",0.998699
"9106_1",0.000096
"10478_1",0.001080
"10859_9",0.890752
"357_1",0.000050
"6982_10",0.999370
"460_8",0.999879
"9266_2",0.000906
"351_10",0.998992
"9562_10",0.948717
"9784_3",0.147149
"5949_7",0.987971
"6489_1",0.020049
"1607_9",0.026740
"4482_10",0.999652
"8816_8",0.908844
"2427_1",0.998111
"4838_9",0.999812
"10961_9",0.998702
"6708_10",0.999654
"1045_9",0.999705
"3607_3",0.004228
"4325_9",0.999682
"4779_1",0.001985
"4624_9",0.999483
"4564_10",0.790901
"7132_9",0.996969
"506_2",0.000146
"5939_1",0.000845
"3219_10",0.999934
"8620_4",0.001901
"2049_1",0.000603
"3367_9",0.987923
"7408_9",0.673044
"8850_2",0.001205
"870_4",0.793574
"8056_8",0.968280
"11367_10",0.964293
"6160_10",0.999796
"6712_8",0.988286
"5267_8",0.982637
"1191_1",0.005606
"1513_3",0.606215
"4741_10",0.005852
"9807_2",0.000246
"6926_10",0.999919
"6382_10",0.999937
"6636_8",0.987909
"6592_10",0.999976
"11308_10",0.999204
"10853_3",0.006543
"1774_7",0.017961
"8259_10",0.999919
"8649_8",0.997819
"10739_2",0.042770
"9843_7",0.125049
"5984_10",0.999973
"8658_1",0.004611
"10386_1",0.000139
"3271_4",0.998809
"6167_1",0.000583
"529_1",0.001812
"5696_2",0.007650
"1601_10",0.978442
"10744_8",0.999919
"6121_9",0.958138
"2598_10",0.999635
"9209_10",0.999491
"3831_1",0.000327
"7171_9",0.999254
"1850_10",0.986183
"8728_7",0.999113
"7698_7",0.999594
"5954_10",0.999770
"7104_7",0.555188
"5617_2",0.000688
"3896_1",0.027627
"4355_1",0.021307
"4212_7",0.878072
"622_1",0.000026
"3368_8",0.997805
"2870_1",0.060388
"12107_9",0.998411
"8016_8",0.998876
"8752_4",0.777773
"10653_10",0.988391
"7245_10",0.999991
"9742_9",0.987053
"7637_4",0.152760
"11903_10",0.998989
"9818_3",0.007840
"373_2",0.089903
"110_10",0.935154
"2450_10",0.999791
"9009_3",0.000043
"9132_2",0.009250
"11076_1",0.000272
"4285_4",0.677715
"109_8",0.002369
"2585_8",0.976730
"7781_1",0.004053
"1359_10",0.759773
"9773_3",0.002826
"10328_10",0.999681
"12063_1",0.801430
"12061_1",0.008656
"555_7",0.799350
"2288_4",0.000096
"1259_10",0.051385
"12098_1",0.000021
"6493_9",0.998270
"324_3",0.025043
"7834_8",0.000767
"8918_7",0.903645
"10736_9",0.999855
"5272_3",0.188119
"4302_1",0.221443
"646_1",0.959988
"10868_9",0.999833
"9654_8",0.994559
"10790_10",0.999853
"10589_3",0.008418
"6364_10",0.999364
"8477_1",0.000111
"6938_2",0.004278
"9420_3",0.010255
"1527_10",0.999913
"5769_1",0.000919
"1655_9",0.999976
"3917_10",0.997666
"8666_4",0.000124
"11820_2",0.024883
"11633_8",0.060294
"6136_4",0.000185
"10293_1",0.000201
"1084_1",0.002220
"12287_9",0.988535
"11297_1",0.002155
"6913_1",0.000823
"11371_10",0.999583
"9937_4",0.023870
"11341_10",0.999714
"5233_9",0.995172
"4358_10",0.999927
"10735_10",0.999946
"5234_1",0.013938
"7523_1",0.000645
"5758_3",0.017550
"11916_10",0.999501
"10276_8",0.993868
"5950_4",0.667066
"10329_10",0.998528
"8419_1",0.000122
"3343_4",0.007737
"3640_3",0.008832
"10160_7",0.994264
"1181_10",0.999548
"9181_1",0.003509
"5778_7",0.978027
"3659_9",0.997806
"4695_10",0.993385
"25_10",0.999774
"6127_2",0.107767
"1343_2",0.506320
"1110_4",0.002018
"12166_10",0.999693
"1853_8",0.994235
"6651_1",0.000584
"4927_1",0.000426
"10933_3",0.342315
"6911_9",0.999822
"467_9",0.911191
"2267_4",0.000344
"9005_3",0.007969
"10493_1",0.026187
"8159_7",0.970851
"10039_1",0.000105
"5147_1",0.002586
"12176_10",0.996090
"9299_9",0.999954
"2824_10",0.985662
"7695_1",0.000085
"8870_9",0.999934
"4063_8",0.137502
"396_2",0.000547
"9016_3",0.010194
"10148_10",0.999889
"2028_8",0.999117
"3738_7",0.998642
"11365_1",0.692222
"9987_9",0.998929
"4050_10",0.999516
"8028_9",0.998129
"10161_7",0.991827
"5997_3",0.603155
"7771_1",0.432524
"765_9",0.999441
"6558_1",0.000347
"9148_9",0.996192
"10100_10",0.999919
"11870_3",0.006128
"143_4",0.002409
"5865_10",0.998352
"2364_10",0.999871
"4695_2",0.016891
"3150_10",0.995709
"4181_10",0.998158
"8121_8",0.999237
"3263_10",0.999717
"9178_8",0.999913
"11323_2",0.026011
"8922_10",0.999840
"7884_3",0.891317
"6474_1",0.005309
"9697_8",0.999743
"9184_1",0.002512
"9483_9",0.279898
"5353_10",0.999166
"5978_2",0.001199
"7162_4",0.875520
"12175_3",0.000091
"8229_8",0.985980
"8618_2",0.000329
"854_1",0.002180
"1379_10",0.989068
"10833_9",0.822425
"2244_4",0.084446
"8145_3",0.036151
"9069_3",0.949233
"691_7",0.976230
"421_1",0.001919
"951_1",0.902783
"4966_4",0.014639
"9116_10",0.998720
"7903_10",0.999887
"3684_3",0.010077
"9435_1",0.001329
"4998_1",0.000143
"9698_1",0.001057
"209_10",0.999379
"10314_9",0.999663
"6677_8",0.999910
"3044_7",0.999131
"1322_1",0.000081
"3185_1",0.002462
"6619_1",0.000293
"3765_7",0.727819
"3348_9",0.530819
"11833_4",0.654477
"2250_1",0.000402
"7760_10",0.994063
"8619_8",0.999787
"5790_9",0.360368
"9197_1",0.001315
"4350_2",0.000112
"11545_10",0.994138
"12448_10",0.999508
"7160_2",0.000170
"5966_4",0.881055
"5284_10",0.999828
"5276_8",0.015370
"7498_1",0.003256
"10729_9",0.998922
"1827_3",0.000020
"3111_1",0.000079
"8298_8",0.911224
"12447_7",0.998593
"8035_3",0.000410
"1203_7",0.998712
"7620_1",0.006652
"2375_4",0.000497
"4026_2",0.000317
"1925_1",0.000285
"3658_1",0.002451
"114_10",0.997227
"3386_2",0.009844
"377_9",0.991332
"8855_10",0.998149
"10476_10",0.980728
"9073_4",0.855738
"3255_2",0.002873
"2918_9",0.994559
"5221_7",0.991911
"7546_1",0.001023
"8080_7",0.274462
"7434_10",0.986395
"1772_1",0.000146
"2690_9",0.999132
"7133_9",0.605310
"9947_9",0.712749
"11865_1",0.003099
"6346_10",0.999527
"2945_3",0.004851
"3625_8",0.999354
"694_4",0.921249
"6795_10",0.998307
"9353_4",0.980624
"12345_10",0.991455
"5316_2",0.100421
"12204_2",0.009526
"2186_10",0.999017
"5568_1",0.122711
"11080_1",0.000456
"228_1",0.000722
"7795_1",0.000016
"4886_3",0.053573
"11547_9",0.983950
"7494_2",0.059041
"5466_2",0.010252
"3655_8",0.997416
"4790_1",0.000764
"12370_10",0.986179
"546_3",0.027259
"11818_8",0.999920
"9426_7",0.999886
"1524_3",0.910391
"6486_3",0.227899
"5288_3",0.000711
"6797_3",0.000423
"8130_4",0.695688
"4064_1",0.000917
"4832_1",0.002031
"7232_1",0.000291
"7279_3",0.003622
"8356_3",0.143930
"3556_4",0.535353
"4097_7",0.999965
"7801_1",0.060927
"8393_1",0.037085
"5847_7",0.999464
"4470_4",0.000181
"6922_3",0.000043
"1094_7",0.978252
"10740_10",0.999052
"4933_8",0.999236
"7794_10",0.999991
"7218_1",0.080947
"12470_7",0.985821
"2980_7",0.999954
"10896_4",0.025606
"8652_8",0.991716
"3638_4",0.000953
"9497_3",0.865020
"9266_8",0.999934
"7392_9",0.255010
"10_7",0.965667
"2466_7",0.974320
"1612_2",0.317280
"10262_7",0.993272
"2193_4",0.437667
"179_10",0.998876
"6025_4",0.847716
"7633_7",0.996615
"9716_1",0.002028
"9487_10",0.986737
"9800_9",0.998881
"6424_8",0.987639
"835_4",0.005455
"11351_4",0.511596
"5508_2",0.018982
"12395_1",0.823163
"11986_7",0.993350
"9947_3",0.152593
"11529_8",0.958425
"93_1",0.009993
"9914_8",0.989658
"7953_9",0.907972
"9418_2",0.017879
"9089_8",0.992509
"10337_10",0.999675
"4440_1",0.008026
"890_1",0.000073
"6965_3",0.004814
"6540_7",0.904133
"7693_10",0.999204
"6470_2",0.000925
"9262_3",0.009411
"1901_10",0.502083
"5107_10",0.999795
"6013_3",0.634026
"9295_3",0.007520
"3450_9",0.615781
"820_9",0.990957
"3207_10",0.999906
"2620_9",0.999805
"9175_1",0.013876
"3058_3",0.132133
"4648_2",0.002093
"2012_9",0.993866
"8131_1",0.003732
"4808_4",0.104946
"9182_7",0.992871
"6829_3",0.000071
"10736_3",0.007302
"12347_10",0.991615
"9973_9",0.999728
"5320_4",0.002223
"4462_2",0.023461
"2573_10",0.411300
"5580_1",0.000594
"11771_1",0.110014
"10782_2",0.989699
"7719_3",0.002417
"1897_10",0.021576
"8797_8",0.999931
"5464_10",0.999919
"6480_1",0.013777
"10346_4",0.000039
"9386_7",0.359426
"1027_4",0.093669
"11905_10",0.999754
"7804_10",0.999816
"1491_1",0.114210
"6521_1",0.002450
"11835_1",0.000066
"9661_3",0.000045
"9476_7",0.028961
"1398_8",0.976092
"7373_2",0.003403
"10278_7",0.999847
"1422_4",0.964851
"2823_1",0.001310
"2691_3",0.000193
"5825_4",0.384582
"4113_1",0.044556
"10081_10",0.896945
"6700_1",0.000494
"4482_3",0.290027
"652_8",0.913659
"5364_3",0.005627
"2853_7",0.994647
"4328_10",0.997349
"2636_7",0.454794
"10850_10",0.999551
"12059_1",0.000243
"4135_8",0.965151
"6311_2",0.015471
"12379_3",0.011491
"7288_4",0.000511
"1463_9",0.955982
"2112_7",0.999616
"3942_8",0.920593
"7693_1",0.022822
"2451_10",0.997894
"11441_10",0.998310
"11331_8",0.996925
"7233_2",0.002166
"649_2",0.400044
"6388_10",0.999821
"3861_10",0.685589
"4188_10",0.964786
"10556_10",0.999917
"5855_4",0.001690
"7153_2",0.469866
"9710_2",0.000174
"7607_10",0.999895
"4534_7",0.149886
"11074_1",0.000048
"9650_7",0.999089
"10921_4",0.066938
"6121_1",0.254254
"10458_1",0.169026
"9602_1",0.000175
"9693_3",0.335700
"9188_3",0.998958
"6333_9",0.995748
"8905_10",0.999897
"1335_7",0.877505
"11513_10",0.998838
"6925_10",0.956718
"10928_10",0.999850
"12454_1",0.000163
"6286_10",0.682315
"5163_10",0.996018
"10200_7",0.997138
"3501_10",0.999859
"6574_3",0.052982
"5169_1",0.490935
"2640_8",0.999920
"7117_10",0.999977
"3569_3",0.046140
"9810_10",0.504398
"2080_2",0.000233
"3437_2",0.173476
"7503_8",0.999958
"3753_3",0.003014
"10868_1",0.000049
"12385_10",0.476695
"11870_8",0.998506
"6694_9",0.999191
"11824_10",0.999915
"1750_4",0.854073
"572_10",0.981159
"970_4",0.010565
"12211_10",0.990769
"6972_7",0.999930
"1554_1",0.000521
"8868_7",0.981104
"501_1",0.000307
"2023_1",0.000959
"4272_3",0.000441
"2536_10",0.999106
"2819_7",0.003298
"1810_1",0.000343
"11364_3",0.804921
"6086_1",0.000535
"1901_3",0.000206
"2847_3",0.001966
"6224_1",0.009104
"4305_1",0.002155
"3685_3",0.000670
"6292_2",0.001663
"10626_8",0.924008
"10721_4",0.360009
"8086_9",0.999456
"7886_8",0.999915
"6601_2",0.018429
"3806_8",0.931798
"2611_1",0.000315
"1696_10",0.207931
"3823_10",0.879731
"6917_4",0.001794
"9469_4",0.071546
"9498_9",0.999276
"11046_1",0.000113
"6519_9",0.999678
"10676_8",0.992968
"3139_9",0.997363
"1098_9",0.999712
"2588_8",0.033715
"9924_1",0.000067
"2131_3",0.065185
"236_3",0.007817
"5390_2",0.000197
"11292_10",0.944240
"4149_8",0.695781
"610_1",0.001793
"10184_1",0.000406
"9123_3",0.976150
"3220_3",0.024255
"9124_2",0.000308
"9103_1",0.200462
"2896_10",0.999864
"8478_1",0.000092
"11845_2",0.009611
"3646_1",0.745000
"12254_7",0.997369
"857_7",0.999860
"592_3",0.765491
"1276_9",0.999696
"5096_10",0.999875
"10725_1",0.045018
"8426_4",0.816630
"10244_2",0.006654
"4786_9",0.890772
"8358_7",0.378833
"5266_7",0.984578
"3581_10",0.992617
"12349_1",0.052418
"3429_4",0.649652
"9807_9",0.219383
"6631_2",0.000022
"4981_1",0.000083
"273_1",0.002401
"733_7",0.707155
"4982_3",0.003479
"2347_10",0.999720
"6263_10",0.997633
"3699_9",0.687646
"2270_8",0.999732
"8095_10",0.999961
"3347_8",0.999809
"4161_4",0.001936
"3331_3",0.000308
"6845_3",0.000937
"9272_4",0.089820
"997_7",0.994365
"1798_10",0.999577
"4262_10",0.999394
"4868_7",0.634955
"7487_1",0.000773
"8262_10",0.977028
"12397_1",0.006491
"4786_4",0.001702
"3240_9",0.999954
"10992_10",0.999920
"8209_1",0.000304
"6089_10",0.972177
"9735_7",0.049636
"2554_4",0.004772
"8995_10",0.999910
"5732_4",0.833080
"1088_8",0.994629
"12345_4",0.267644
"9364_4",0.168413
"12348_1",0.378001
"3311_2",0.022742
"6707_4",0.628119
"7048_7",0.996656
"9736_4",0.390429
"2975_10",0.999869
"982_4",0.063024
"3227_4",0.000703
"5185_1",0.000096
"2131_8",0.999826
"6941_8",0.998059
"11936_8",0.989436
"2383_8",0.997920
"3057_9",0.999583
"8058_1",0.000302
"4622_8",0.980174
"2208_10",0.967251
"12144_8",0.999924
"2737_10",0.998392
"3550_3",0.010276
"2789_8",0.977850
"11757_9",0.999936
"10676_4",0.564961
"2855_2",0.000315
"2740_3",0.005318
"8609_7",0.933326
"2147_4",0.043226
"8093_2",0.000039
"10335_1",0.144722
"1098_4",0.000442
"6255_10",0.189411
"7276_1",0.000759
"11301_10",0.999938
"1334_3",0.019226
"8983_9",0.999832
"1694_1",0.385800
"9658_1",0.000077
"8438_8",0.997861
"536_3",0.000644
"7074_10",0.999924
"1992_2",0.008422
"5040_8",0.741640
"753_2",0.000786
"7967_4",0.124952
"3763_2",0.843630
"3953_2",0.000628
"3351_4",0.438931
"1704_8",0.998087
"6817_10",0.999965
"11914_4",0.003270
"12071_10",0.979087
"6969_4",0.002619
"11992_1",0.000671
"11532_4",0.006321
"5253_9",0.999916
"5596_9",0.999951
"6560_1",0.001138
"8082_1",0.000390
"864_2",0.001856
"5929_8",0.067367
"10217_4",0.026328
"11277_4",0.001390
"10701_10",0.491829
"1245_8",0.999790
"10024_9",0.950396
"3344_1",0.203974
"12006_10",0.980633
"1031_1",0.000039
"665_10",0.999375
"10460_1",0.003966
"7038_9",0.976220
"7843_8",0.997274
"5095_9",0.999865
"11426_3",0.015298
"265_9",0.998779
"7163_4",0.451313
"77_2",0.000264
"4709_10",0.998926
"11151_9",0.974202
"2269_1",0.073154
"820_1",0.176174
"1451_7",0.946087
"281_1",0.004726
"6598_1",0.000679
"4341_1",0.009004
"9560_3",0.000265
"4698_1",0.080287
"7408_3",0.004707
"11729_4",0.002587
"11489_3",0.071727
"9711_1",0.000121
"9994_10",0.999700
"586_8",0.999908
"8047_10",0.998961
"4531_7",0.998625
"1293_1",0.000061
"7581_3",0.000375
"5129_4",0.752485
"1748_1",0.018547
"8155_1",0.003937
"8827_7",0.119699
"6616_8",0.839731
"1040_9",0.999520
"10942_1",0.011576
"5306_1",0.001491
"8168_1",0.002747
"291_9",0.999330
"383_9",0.999344
"11908_9",0.997503
"7898_10",0.998385
"4043_2",0.001351
"3376_8",0.035828
"3067_7",0.039531
"11496_8",0.920637
"9885_2",0.321499
"3554_10",0.995411
"2986_3",0.756877
"1332_7",0.427847
"5585_8",0.983094
"5981_3",0.000031
"1556_1",0.000108
"8523_10",0.999850
"11792_1",0.000144
"7610_10",0.999975
"12114_9",0.998703
"8589_1",0.000090
"3898_8",0.999266
"5101_10",0.999965
"9607_1",0.416531
"6673_8",0.999820
"7662_1",0.000469
"2241_1",0.040758
"6674_2",0.002256
"7797_1",0.013006
"6400_2",0.000606
"628_8",0.495545
"4898_4",0.745798
"11592_2",0.115116
"1311_2",0.000038
"5494_3",0.000595
"7067_10",0.994320
"11267_10",0.999810
"6797_10",0.990351
"9987_1",0.000132
"9740_3",0.028931
"6743_1",0.000161
"5302_1",0.000856
"8464_8",0.999247
"7846_4",0.113154
"5990_1",0.000313
"10889_2",0.000452
"11406_8",0.960888
"9093_4",0.005685
"8501_1",0.001765
"8431_4",0.003977
"8076_1",0.000118
"6831_8",0.981482
"984_8",0.999874
"369_1",0.001594
"9668_10",0.999774
"2972_10",0.994312
"5611_1",0.000430
"659_1",0.000200
"6360_7",0.566758
"7628_7",0.007820
"5311_9",0.597546
"2005_10",0.911297
"5396_1",0.014116
"1308_3",0.000120
"4737_3",0.022039
"8042_1",0.000065
"11585_3",0.001500
"1182_2",0.000084
"2581_9",0.998814
"10496_1",0.000025
"3561_7",0.999691
"8272_1",0.000316
"6571_4",0.529562
"3125_7",0.980143
"9120_3",0.000295
"12220_1",0.002485
"5783_3",0.004423
"105_8",0.999638
"11885_9",0.934400
"11317_1",0.010061
"7999_7",0.993147
"5800_7",0.968473
"2811_8",0.997671
"7381_9",0.947318
"9828_7",0.895870
"7849_4",0.854225
"8174_4",0.002071
"9320_1",0.000064
"5747_7",0.982879
"11097_3",0.000104
"6472_2",0.000174
"1200_10",0.980087
"10125_4",0.017643
"5422_10",0.956139
"9889_9",0.999803
"7370_2",0.000123
"696_4",0.071125
"8609_4",0.107058
"11850_7",0.969718
"889_7",0.793495
"8695_2",0.055999
"4944_1",0.027658
"6899_8",0.933274
"3388_10",0.999864
"1051_1",0.034672
"431_2",0.000101
"2353_1",0.036693
"5131_3",0.000458
"482_9",0.997778
"1283_10",0.999893
"10884_1",0.001202
"221_9",0.872674
"8688_3",0.001077
"9891_10",0.999986
"705_10",0.999911
"5604_1",0.083686
"4960_3",0.004682
"12439_1",0.000264
"8897_1",0.000649
"3549_8",0.999901
"7301_7",0.754644
"8183_3",0.262657
"7751_10",0.994508
"9084_9",0.894059
"3048_1",0.000061
"8443_1",0.000042
"3373_3",0.000963
"3867_4",0.017287
"604_3",0.000017
"2162_1",0.001433
"4367_9",0.756838
"10255_10",0.996862
"1909_9",0.225522
"1446_3",0.000045
"1247_1",0.000093
"2703_1",0.000344
"921_1",0.005620
"156_9",0.993699
"7516_4",0.991696
"6155_4",0.042112
"8991_3",0.024892
"3813_3",0.042537
"551_4",0.012472
"12326_1",0.024654
"5102_3",0.996976
"10901_3",0.002275
"1517_1",0.001023
"8762_10",0.993272
"1282_10",0.999797
"2531_9",0.968668
"7764_8",0.973343
"2906_8",0.999718
"6730_7",0.982138
"7749_9",0.999612
"7765_3",0.755189
"12412_7",0.987419
"582_4",0.000608
"5792_1",0.868357
"2174_7",0.997336
"7605_10",0.992464
"2721_1",0.048605
"2151_10",0.999131
"8152_1",0.000274
"6488_7",0.996151
"9446_8",0.999787
"10617_8",0.993433
"12455_2",0.280336
"7377_10",0.996672
"11891_2",0.439217
"4319_4",0.000508
"1050_9",0.237313
"9109_2",0.000243
"10500_1",0.000155
"11749_7",0.977248
"12250_2",0.007217
"1193_2",0.000971
"8313_8",0.997976
"8918_4",0.001236
"7122_10",0.998257
"6210_8",0.999611
"10050_8",0.999611
"4921_10",0.999985
"1857_7",0.488063
"9718_10",0.999861
"2482_1",0.008629
"2624_1",0.000098
"3284_2",0.000250
"11435_3",0.137083
"10971_7",0.999811
"2606_4",0.024180
"7540_9",0.996763
"10929_4",0.999531
"8566_8",0.038908
"4693_1",0.007218
"1281_2",0.174228
"267_1",0.000035
"2133_10",0.999833
"6762_8",0.935429
"1043_9",0.996235
"2812_4",0.000244
"6981_4",0.001135
"4038_9",0.994678
"4256_10",0.959297
"8206_1",0.000376
"2060_2",0.349370
"7372_1",0.000106
"732_3",0.000208
"5367_7",0.727855
"9765_10",0.999798
"8843_4",0.000569
"9723_10",0.999975
"11966_8",0.973518
"5087_8",0.998646
"9379_9",0.996494
"9615_2",0.000142
"991_7",0.998881
"4461_4",0.032849
"5857_1",0.023992
"2358_3",0.073299
"5247_10",0.902100
"12430_8",0.987276
"5943_4",0.003926
"11917_10",0.999982
"4144_4",0.892025
"3128_7",0.999380
"5152_10",0.971075
"8028_1",0.020347
"788_1",0.000172
"9552_2",0.038914
"12051_4",0.164893
"701_4",0.132645
"5738_7",0.901739
"5953_1",0.007988
"3694_10",0.998553
"12371_10",0.999848
"650_10",0.999855
"3772_8",0.995066
"3919_9",0.999677
"12420_10",0.416990
"6164_1",0.000175
"12202_10",0.985051
"4142_3",0.141310
"285_4",0.007636
"9190_4",0.000642
"9297_10",0.999845
"2857_1",0.006888
"5576_10",0.999655
"7603_1",0.000831
"1987_10",0.990087
"6978_1",0.000639
"2390_3",0.003335
"662_4",0.038336
"7957_1",0.739162
"3009_2",0.811439
"9574_1",0.000448
"703_2",0.000130
"11871_4",0.000294
"8056_2",0.000113
"11468_2",0.004011
"7549_10",0.982803
"4506_1",0.066797
"160_1",0.171270
"2400_1",0.233393
"146_8",0.995413
"1174_7",0.999743
"1623_2",0.000607
"2909_1",0.001691
"9284_3",0.095534
"753_7",0.017175
"456_1",0.066103
"329_1",0.010408
"1996_10",0.994782
"7468_10",0.999807
"11219_3",0.956510
"5749_8",0.664726
"1563_2",0.286293
"9713_8",0.298183
"12467_2",0.019233
"5686_2",0.001780
"6424_2",0.059470
"11137_10",0.999951
"5613_7",0.999966
"2113_2",0.005661
"8623_8",0.930524
"2086_10",0.999556
"6846_8",0.999505
"3230_2",0.037424
"4973_4",0.000597
"2935_2",0.001673
"12176_1",0.000094
"6272_9",0.978645
"728_10",0.970433
"9843_2",0.001784
"4897_2",0.010449
"12121_3",0.009074
"11934_4",0.060227
"1453_2",0.028512
"9676_9",0.997250
"3072_10",0.996559
"6667_2",0.543485
"8932_9",0.999948
"9452_10",0.515537
"953_2",0.755194
"3268_3",0.028030
"6276_1",0.001397
"2522_3",0.003342
"2630_10",0.996482
"2031_10",0.996930
"3754_10",0.916368
"10791_1",0.001383
"7755_3",0.000263
"11180_10",0.999305
"8020_9",0.914530
"3767_4",0.884647
"3519_10",0.998998
"8180_9",0.968277
"11639_4",0.014633
"7540_2",0.001340
"4746_1",0.000183
"4027_1",0.001680
"952_1",0.709685
"4070_1",0.151805
"8346_1",0.473258
"1499_9",0.982920
"1601_4",0.034452
"1698_1",0.069656
"3055_3",0.007278
"7744_1",0.001826
"3183_8",0.999954
"9482_1",0.000082
"3712_4",0.050446
"9260_4",0.844677
"10042_1",0.000298
"3873_3",0.008789
"11273_10",0.364982
"2918_1",0.968256
"1292_3",0.000701
"1837_2",0.000220
"4650_4",0.001070
"8686_4",0.002295
"11307_8",0.847914
"10044_2",0.001561
"12035_1",0.068374
"2259_9",0.996972
"6582_1",0.763294
"10194_1",0.000191
"7932_10",0.942713
"8064_8",0.992843
"5017_4",0.998415
"6456_9",0.999735
"10768_8",0.999639
"9479_10",0.999691
"9734_4",0.867978
"2245_1",0.143337
"7275_3",0.950295
"1193_10",0.996902
"3883_4",0.002370
"5456_3",0.088546
"10014_2",0.015319
"8045_9",0.999909
"9093_7",0.699019
"9971_1",0.009783
"1052_3",0.025993
"10952_1",0.003902
"3449_7",0.692120
"2488_1",0.260472
"8422_3",0.005694
"1541_10",0.999874
"11863_1",0.001208
"10102_2",0.002775
"3838_9",0.998011
"8538_3",0.000430
"12432_1",0.023522
"6339_10",0.999479
"1860_10",0.999321
"11402_1",0.017518
"10770_2",0.035381
"8046_8",0.999329
"2748_3",0.995969
"361_9",0.999711
"8427_10",0.890293
"11792_10",0.999842
"10331_9",0.998234
"3506_1",0.000193
"7374_7",0.999944
"5658_9",0.989779
"7170_2",0.064379
"6144_1",0.007376
"5035_7",0.999661
"4566_3",0.005478
"9544_1",0.002316
"1959_9",0.680914
"2390_9",0.999876
"4960_9",0.999840
"3425_2",0.001297
"4000_10",0.999469
"12418_3",0.000660
"9771_10",0.999856
"621_7",0.918733
"3510_1",0.021257
"6893_7",0.078361
"3680_9",0.999983
"3118_9",0.999819
"5433_7",0.992738
"8381_9",0.999684
"10205_10",0.998964
"1437_1",0.000809
"5675_2",0.001317
"1597_7",0.965020
"1549_1",0.012309
"11391_10",0.981405
"12101_8",0.999260
"9356_8",0.999847
"10128_1",0.015055
"11249_4",0.005505
"12441_2",0.000388
"7486_2",0.034292
"4905_9",0.999178
"5441_1",0.021388
"2613_10",0.999803
"10351_3",0.005402
"10459_10",0.999878
"2565_8",0.999196
"1338_1",0.000196
"823_7",0.877232
"8924_7",0.999392
"1382_10",0.979039
"4150_7",0.993746
"6004_8",0.913210
"2508_10",0.999681
"10935_8",0.997279
"692_7",0.617692
"7778_10",0.999945
"2016_10",0.999934
"1042_3",0.001267
"7823_1",0.002056
"149_1",0.036999
"5551_3",0.352283
"366_8",0.999936
"3483_10",0.997579
"278_1",0.083611
"9951_4",0.002615
"2731_10",0.999887
"4403_10",0.999669
"5307_1",0.009895
"8185_9",0.999644
"11059_8",0.973855
"10273_10",0.999955
"5336_4",0.000698
"5147_7",0.973034
"1525_1",0.000945
"8507_7",0.024946
"8501_10",0.999719
"2424_2",0.302596
"8959_9",0.999913
"11318_8",0.923994
"1270_8",0.999607
"1655_1",0.000153
"10161_1",0.000031
"8531_10",0.025592
"9144_4",0.446755
"1201_2",0.001019
"11822_10",0.996818
"11486_3",0.022407
"8038_10",0.999629
"1981_2",0.002361
"11901_10",0.987061
"5441_9",0.999203
"11709_9",0.998963
"9333_8",0.999642
"7881_3",0.008281
"2815_9",0.999081
"3251_3",0.000272
"1792_3",0.001179
"8625_2",0.014288
"4221_3",0.250573
"2742_10",0.999620
"11118_4",0.792442
"11613_3",0.000099
"6104_1",0.000244
"3046_1",0.000308
"8729_4",0.002597
"1827_10",0.999564
"762_7",0.058345
"8855_2",0.007016
"7573_3",0.132865
"8616_4",0.017930
"4830_7",0.987582
"6646_1",0.046498
"8746_4",0.559362
"1875_7",0.986085
"1221_10",0.999362
"11842_2",0.000183
"3002_1",0.001537
"5776_1",0.000610
"5479_10",0.999988
"6034_4",0.000886
"10984_1",0.060668
"12043_2",0.000111
"4961_8",0.999530
"9601_10",0.381414
"2216_4",0.014705
"1189_10",0.999947
"8461_4",0.003485
"2575_10",0.999960
"3782_1",0.000044
"8927_8",0.999932
"7006_4",0.000035
"6103_7",0.990692
"3218_10",0.999912
"797_10",0.981685
"76_4",0.718947
"9497_7",0.976451
"9637_1",0.017667
"1070_10",0.999949
"9732_10",0.013038
"8144_3",0.005647
"6247_10",0.009788
"10230_7",0.998167
"10731_3",0.001332
"740_8",0.979113
"2145_8",0.997780
"834_8",0.976592
"6621_10",0.999928
"1749_4",0.123632
"5730_10",0.999611
"11167_4",0.424100
"1106_9",0.384574
"8152_10",0.771778
"11968_8",0.980580
"7728_9",0.993636
"237_1",0.004556
"10754_1",0.001053
"1055_10",0.999929
"65_7",0.999905
"4092_3",0.000919
"3337_7",0.999446
"3163_8",0.329964
"7645_1",0.000310
"10883_1",0.000220
"4597_7",0.739853
"11850_1",0.000737
"1025_10",0.999649
"11908_2",0.011293
"7838_4",0.227753
"7725_7",0.998932
"8146_9",0.999884
"3741_8",0.998376
"323_2",0.003976
"8244_3",0.000279
"4593_1",0.004672
"6902_1",0.016708
"1791_1",0.000256
"11490_10",0.796804
"4200_1",0.011134
"1611_2",0.066725
"3215_10",0.999747
"5864_10",0.001587
"3776_1",0.246256
"6356_9",0.999840
"9139_10",0.999804
"5115_10",0.989731
"3064_10",0.999759
"149_9",0.999521
"2873_3",0.004992
"3790_1",0.000148
"3136_9",0.894263
"1696_3",0.365514
"4961_2",0.781311
"11918_10",0.999970
"3663_10",0.999946
"8115_3",0.584718
"3690_8",0.965001
"11431_1",0.000465
"3830_10",0.999917
"11896_10",0.980145
"8753_10",0.999757
"10121_1",0.529176
"1142_7",0.936240
"7188_7",0.993705
"7044_1",0.000192
"11750_4",0.000146
"7688_10",0.999925
"12292_10",0.999329
"5533_1",0.938613
"4147_4",0.000414
"8515_2",0.000879
"10756_3",0.003723
"11899_10",0.999435
"11867_2",0.013544
"7814_8",0.999865
"1855_10",0.999877
"10357_2",0.000574
"5218_1",0.123862
"6641_9",0.997190
"5777_10",0.804258
"11982_1",0.603332
"10980_10",0.993244
"8585_8",0.998030
"941_2",0.000637
"1697_7",0.994494
"9872_8",0.999305
"2377_4",0.000244
"2033_8",0.999789
"5864_1",0.420632
"4295_7",0.999940
"2610_1",0.000155
"1730_10",0.775723
"11095_8",0.999102
"1699_8",0.884485
"344_9",0.997820
"7136_3",0.000368
"2402_10",0.981746
"472_10",0.984169
"170_7",0.115245
"7019_1",0.441409
"11798_10",0.999936
"7549_2",0.002786
"8414_10",0.987873
"573_3",0.000084
"6678_1",0.744270
"10002_3",0.193066
"3905_3",0.324463
"1849_4",0.032963
"7959_2",0.003097
"597_4",0.008231
"2719_8",0.986320
"10519_1",0.000268
"6112_1",0.000046
"1322_9",0.995445
"12415_8",0.999889
"6727_1",0.044475
"12393_1",0.146029
"8545_9",0.998735
"528_7",0.999973
"12267_8",0.998317
"5842_10",0.999985
"8471_2",0.249171
"3912_9",0.976347
"4831_8",0.998799
"5767_3",0.000196
"10631_9",0.995660
"8069_8",0.998826
"190_9",0.999966
"12343_7",0.965858
"645_1",0.000044
"10326_1",0.027346
"11271_9",0.996898
"11808_8",0.976903
"3200_2",0.000103
"4518_2",0.002006
"8307_2",0.019373
"2057_10",0.999869
"3705_1",0.003628
"11581_7",0.888321
"11777_9",0.995587
"1367_3",0.458946
"12248_9",0.999413
"2994_8",0.999107
"5170_1",0.003742
"8781_7",0.788694
"9137_1",0.000188
"9970_4",0.339746
"3412_7",0.977723
"9399_1",0.000158
"7917_8",0.775860
"1157_1",0.001193
"12489_10",0.999001
"5365_8",0.994987
"9295_10",0.872559
"11505_1",0.000057
"8647_4",0.841041
"6609_2",0.026409
"6859_1",0.734849
"2436_10",0.992064
"4255_4",0.991220
"12347_1",0.145343
"4237_4",0.000080
"11687_10",0.997831
"2964_7",0.240422
"2836_4",0.001918
"1944_4",0.501673
"3218_1",0.029488
"2752_10",0.998633
"9994_3",0.105316
"11566_8",0.999830
"5741_10",0.999856
"7127_10",0.986206
"11864_2",0.000188
"5159_9",0.996695
"658_3",0.735753
"10177_3",0.001152
"4843_1",0.000097
"1441_1",0.220971
"2741_2",0.000009
"6045_3",0.012117
"7020_8",0.999934
"2120_1",0.021022
"2336_1",0.000115
"10167_9",0.999540
"10251_3",0.012173
"9335_4",0.002845
"6670_3",0.120250
"9937_7",0.005789
"3258_7",0.999438
"3234_7",0.999249
"3601_1",0.003086
"5635_9",0.873766
"11427_7",0.997401
"3349_4",0.336024
"1334_10",0.723207
"10474_10",0.999828
"2361_10",0.999507
"1471_2",0.287769
"10705_10",0.999898
"10559_7",0.593731
"3070_10",0.999880
"10087_1",0.001637
"1952_7",0.344473
"682_9",0.999389
"6576_10",0.996536
"956_3",0.003390
"3960_1",0.001209
"62_2",0.000171
"3200_8",0.999725
"2127_1",0.015291
"6878_9",0.999975
"1600_10",0.999795
"11995_7",0.980209
"5239_2",0.004821
"6018_7",0.999935
"9185_1",0.028017
"4707_7",0.730120
"12407_10",0.999687
"5831_10",0.999985
"2264_7",0.652156
"7226_8",0.999989
"6337_7",0.994116
"5047_3",0.685203
"228_10",0.996818
"4230_1",0.001906
"4058_8",0.999939
"5634_4",0.000091
"11680_1",0.003752
"1320_9",0.999879
"12461_8",0.886607
"10076_10",0.999766
"9170_8",0.999955
"4519_10",0.999453
"5906_2",0.013824
"2065_8",0.901392
"8453_10",0.999564
"262_1",0.004620
"454_10",0.999431
"11532_8",0.999946
"8169_2",0.969082
"6873_8",0.995212
"10061_4",0.027559
"11565_4",0.016096
"258_1",0.001960
"5896_1",0.000064
"4395_1",0.000820
"3774_1",0.000315
"12340_8",0.999518
"7497_8",0.999589
"4321_2",0.435597
"6258_2",0.000046
"3950_1",0.000121
"9998_8",0.999960
"3524_8",0.999835
"2003_10",0.994273
"10366_3",0.295749
"2602_10",0.916579
"8684_8",0.987851
"12268_9",0.999969
"4846_8",0.998496
"5969_1",0.002431
"173_4",0.000177
"2790_10",0.999811
"2637_1",0.007620
"10239_1",0.641603
"5120_9",0.882823
"3802_10",0.424433
"6897_7",0.403404
"8478_9",0.998377
"2441_4",0.461822
"4827_1",0.019008
"4326_1",0.004404
"252_3",0.000795
"7201_8",0.256908
"801_2",0.857454
"10008_4",0.704583
"6740_10",0.999837
"674_3",0.004035
"6341_9",0.999956
"1882_7",0.988156
"10843_10",0.999092
"1593_4",0.773479
"3592_1",0.604977
"4658_4",0.153283
"2564_2",0.001454
"7229_9",0.999785
"4186_1",0.037991
"10227_3",0.004452
"4580_3",0.000955
"10367_3",0.018627
"10034_9",0.448782
"6834_10",0.999958
"11326_9",0.997868
"4683_1",0.005078
"5596_1",0.004325
"4238_3",0.001650
"11881_10",0.789486
"11910_2",0.000098
"934_1",0.000032
"3660_8",0.999675
"365_1",0.003287
"3677_9",0.999645
"6522_10",0.690279
"3167_10",0.998469
"6104_10",0.898537
"2584_2",0.171097
"4264_8",0.957686
"5648_9",0.973942
"1863_9",0.999853
"7464_10",0.999974
"7643_8",0.999848
"7030_10",0.999976
"2768_2",0.000135
"3845_1",0.000373
"11590_10",0.997313
"8578_3",0.049792
"8733_9",0.999803
"4099_1",0.000251
"5810_1",0.001096
"442_3",0.153367
"1374_9",0.560382
"7704_10",0.124510
"4526_1",0.000097
"2978_8",0.990263
"3096_1",0.003738
"1589_9",0.999846
"11197_7",0.998795
"6751_8",0.999939
"10043_10",0.997739
"4045_2",0.000214
"7706_8",0.995934
"1876_10",0.981613
"4224_9",0.997277
"10833_1",0.004246
"11549_10",0.941391
"7081_8",0.999969
"6410_8",0.999819
"10609_9",0.988185
"9910_1",0.007313
"4474_7",0.713076
"9775_9",0.991633
"9245_10",0.998290
"11514_8",0.999580
"3182_4",0.162323
"3127_3",0.000144
"7311_1",0.012226
"4266_10",0.999665
"12410_10",0.995079
"7548_1",0.005113
"10446_2",0.041154
"4854_2",0.057179
"1152_8",0.871625
"11660_4",0.000503
"3452_2",0.000393
"2401_7",0.601339
"11703_7",0.999958
"4053_2",0.000416
"4882_9",0.998390
"8050_7",0.931755
"9053_4",0.080397
"12313_10",0.999981
"12085_1",0.071838
"2130_2",0.002343
"8499_10",0.967499
"9230_3",0.005600
"2697_10",0.999944
"7682_3",0.003674
"1473_7",0.016214
"3124_4",0.007737
"10694_10",0.999897
"11541_9",0.259768
"7033_10",0.999354
"305_10",0.993580
"12164_8",0.996939
"7594_2",0.395883
"2101_3",0.000837
"9579_2",0.000394
"1482_4",0.852341
"4362_1",0.004152
"1263_9",0.999249
"2543_9",0.999736
"8642_1",0.028804
"229_1",0.003741
"12045_10",0.999794
"810_9",0.999965
"5188_7",0.757023
"2690_1",0.000050
"922_3",0.000704
"10957_10",0.998451
"9275_3",0.000081
"7289_10",0.999841
"1809_2",0.000129
"11846_1",0.632362
"5888_10",0.999964
"1506_7",0.988734
"6255_1",0.001162
"4995_7",0.990477
"2423_1",0.000800
"4030_8",0.999782
"4839_7",0.990748
"364_1",0.000104
"3510_9",0.999333
"2092_10",0.999829
"600_1",0.000165
"5490_9",0.999946
"9442_8",0.731227
"5330_8",0.997833
"10858_10",0.930239
"2746_8",0.999941
"848_9",0.999960
"6713_1",0.851535
"8274_10",0.999968
"2507_1",0.782422
"4558_1",0.000337
"957_2",0.000674
"11667_8",0.997743
"2374_2",0.000285
"8156_1",0.206288
"1080_8",0.997234
"11274_8",0.570299
"12467_10",0.999587
"5941_1",0.996862
"6205_1",0.000468
"4517_9",0.998659
"102_4",0.535161
"6022_8",0.994627
"10054_3",0.109087
"3907_3",0.000028
"5232_8",0.968484
"10064_2",0.651853
"6529_1",0.000356
"11003_1",0.000038
"9151_7",0.998913
"6612_8",0.999598
"12189_10",0.999871
"6510_2",0.331976
"3129_7",0.179707
"7864_2",0.000381
"11603_3",0.016440
"10741_9",0.999937
"2235_7",0.990463
"2125_2",0.177512
"2050_10",0.999966
"8397_1",0.012305
"5275_1",0.268858
"7755_10",0.999903
"12065_4",0.982799
"269_8",0.997795
"1933_2",0.091072
"9182_3",0.877039
"3153_10",0.996984
"3922_7",0.997114
"2674_3",0.002501
"7407_4",0.000526
"737_7",0.999774
"5223_1",0.000726
"10937_1",0.027730
"9026_4",0.037801
"1564_8",0.999901
"1724_10",0.999938
"1224_3",0.329806
"8536_4",0.000043
"11215_8",0.833621
"3063_10",0.997839
"9559_9",0.989196
"5165_2",0.023167
"9396_1",0.000221
"6404_1",0.000024
"6019_1",0.707677
"7249_8",0.995848
"1765_1",0.000387
"7685_4",0.947929
"8196_10",0.999884
"11749_1",0.390866
"1257_10",0.932496
"3488_8",0.999730
"8605_8",0.549216
"6697_4",0.010933
"11540_1",0.000092
"6262_4",0.000303
"1998_8",0.017759
"3019_1",0.257755
"1087_2",0.003003
"8356_8",0.995714
"10036_10",0.999067
"10547_10",0.998026
"2562_1",0.018640
"5096_3",0.001121
"12128_1",0.073423
"2574_10",0.997541
"10144_8",0.999963
"3678_1",0.000218
"2579_2",0.004363
"6695_7",0.786791
"1465_7",0.999572
"11846_9",0.210867
"1219_9",0.999905
"4936_9",0.999969
"12382_4",0.984623
"8807_1",0.061773
"7700_1",0.586532
"4209_8",0.999930
"10178_10",0.970087
"9835_8",0.997922
"161_3",0.000153
"670_3",0.452631
"7158_10",0.916244
"9502_4",0.000606
"9880_1",0.325913
"39_3",0.847809
"11161_9",0.998514
"12026_9",0.999566
"4439_3",0.015290
"8303_10",0.618797
"408_7",0.998701
"1065_9",0.999851
"5188_2",0.000212
"929_10",0.980574
"4765_7",0.999706
"2117_4",0.225757
"6653_4",0.000301
"2342_1",0.001056
"8445_1",0.000135
"1708_1",0.001361
"7995_10",0.998578
"1104_4",0.002792
"3847_1",0.021288
"7276_10",0.999389
"11269_7",0.072197
"3158_1",0.294228
"11061_1",0.000303
"851_7",0.053925
"8214_2",0.000618
"9174_1",0.032265
"7040_3",0.784181
"4082_4",0.924710
"3553_8",0.827471
"6733_10",0.979294
"4910_3",0.047294
"10149_1",0.016826
"5609_4",0.033974
"4174_3",0.018168
"9213_1",0.024886
"2881_9",0.988300
"1408_3",0.993814
"10832_1",0.002324
"7216_3",0.036341
"9905_10",0.999901
"9050_3",0.007791
"3789_4",0.003652
"6490_8",0.997965
"7649_7",0.998152
"6901_8",0.990259
"11597_9",0.999910
"3259_1",0.003656
"5936_3",0.002556
"1214_2",0.952759
"2840_1",0.009037
"1956_10",0.999836
"2392_2",0.000916
"239_9",0.997725
"6860_8",0.068762
"1716_9",0.942430
"9595_10",0.610909
"1630_1",0.009089
"11293_3",0.000871
"8288_10",0.998649
"6618_7",0.986113
"12378_1",0.005051
"11560_1",0.001063
"12124_8",0.999986
"486_10",0.735885
"6654_3",0.011901
"6915_10",0.914390
"8773_1",0.262031
"10211_4",0.320339
"5769_9",0.999697
"10038_4",0.000077
"3737_9",0.999891
"11512_1",0.003294
"8025_7",0.990889
"397_7",0.909916
"10670_9",0.998497
"11648_4",0.072577
"10361_1",0.000251
"12439_8",0.998625
"9958_8",0.999482
"8659_1",0.000108
"12400_1",0.006493
"10680_7",0.953913
"2435_10",0.999454
"5506_4",0.000829
"9025_3",0.001135
"5749_4",0.000109
"5090_1",0.000405
"2688_9",0.735561
"8397_10",0.987582
"8610_8",0.049414
"9398_10",0.999215
"5144_10",0.998274
"10797_10",0.989631
"9623_2",0.346303
"3269_8",0.999423
"5480_7",0.987438
"43_1",0.005687
"4156_1",0.000416
"1629_1",0.003374
"6536_10",0.999318
"8384_1",0.118250
"2820_10",0.999920
"7976_3",0.042500
"3745_10",0.432793
"11258_8",0.998970
"7908_7",0.999900
"9166_7",0.997915
"8976_8",0.999602
"3692_1",0.000110
"4937_4",0.535923
"11935_9",0.999281
"7722_7",0.997444
"8757_4",0.000028
"1218_10",0.997661
"3620_8",0.000222
"9017_4",0.004991
"8300_3",0.000878
"11325_4",0.000154
"1093_8",0.999731
"166_4",0.083722
"6088_10",0.999958
"2149_10",0.999958
"4884_9",0.997851
"9786_1",0.000899
"4258_3",0.013219
"9890_1",0.000893
"8911_1",0.031888
"11618_3",0.000025
"4510_1",0.001425
"3173_4",0.360427
"10418_1",0.000039
"8954_1",0.000747
"723_2",0.000262
"1164_1",0.000076
"11404_4",0.000612
"5737_3",0.002325
"10073_3",0.010827
"1900_8",0.910452
"9532_10",0.978981
"839_4",0.370663
"4562_1",0.202360
"3963_3",0.000061
"5220_10",0.075884
"663_9",0.999631
"10156_8",0.999597
"3759_7",0.184402
"5153_4",0.133976
"7580_3",0.938379
"12403_10",0.999169
"4893_8",0.997402
"892_8",0.803375
"79_2",0.004679
"10716_8",0.999976
"11452_7",0.993755
"1214_7",0.820294
"8901_10",0.995480
"12221_10",0.999649
"2055_9",0.994709
"5911_3",0.010527
"10866_3",0.000847
"10063_1",0.016425
"10563_9",0.822487
"11931_8",0.998247
"1180_1",0.001493
"8194_1",0.042270
"7837_4",0.595728
"1876_1",0.000813
"9203_1",0.001869
"10091_1",0.001775
"2434_9",0.999849
"7908_1",0.001519
"8591_4",0.998014
"4222_7",0.509103
"11430_4",0.994556
"757_1",0.001115
"6442_8",0.288613
"10056_8",0.983266
"3179_2",0.010044
"3130_3",0.306087
"11921_7",0.999794
"4139_9",0.997935
"195_10",0.999858
"6286_1",0.533446
"5701_2",0.083920
"7470_8",0.996460
"9205_9",0.929244
"10683_8",0.981312
"672_4",0.992866
"604_10",0.999974
"7757_10",0.999949
"5228_4",0.979939
"3998_10",0.972665
"7444_4",0.027457
"9684_10",0.998847
"8455_7",0.999731
"3989_8",0.999813
"1115_3",0.000431
"6469_4",0.007719
"4524_8",0.992411
"3103_7",0.982862
"3108_8",0.998967
"2219_10",0.997506
"10269_8",0.989484
"838_4",0.008693
"5367_1",0.000068
"9110_10",0.999859
"5736_1",0.001443
"5100_4",0.000736
"3399_4",0.217491
"7575_9",0.995985
"7954_9",0.999497
"870_7",0.996903
"3811_9",0.998335
"8011_9",0.999265
"8172_10",0.938407
"3209_4",0.019615
"7380_10",0.985750
"10210_3",0.027159
"8162_9",0.996697
"10784_9",0.999091
"482_1",0.000368
"1452_9",0.997708
"2686_4",0.044584
"543_8",0.997894
"495_2",0.091734
"2887_9",0.985149
"11780_1",0.001468
"9742_2",0.000665
"1762_1",0.000159
"5264_9",0.999450
"7958_4",0.397571
"6010_10",0.999965
"1284_9",0.866252
"10420_3",0.000398
"7736_7",0.982022
"1178_10",0.980854
"529_10",0.999920
"4063_4",0.003609
"10480_8",0.706634
"2412_2",0.044870
"5206_3",0.750150
"11963_9",0.996762
"663_1",0.066754
"352_4",0.036987
"7504_3",0.758640
"8678_1",0.007275
"2330_2",0.869409
"12282_1",0.001360
"6485_10",0.023471
"9306_1",0.000019
"7468_4",0.009343
"12207_1",0.019853
"6701_7",0.885248
"9861_7",0.183089
"6318_7",0.976774
"11612_1",0.000145
"4800_10",0.265237
"5360_3",0.036029
"4977_4",0.005881
"1678_9",0.997614
"5017_8",0.999916
"3087_9",0.988693
"1915_8",0.986733
"574_10",0.950088
"6062_8",0.999923
"2860_4",0.947397
"1800_4",0.026386
"1928_9",0.999858
"9890_10",0.858989
"12159_8",0.999533
"649_7",0.991472
"8708_1",0.033077
"8181_10",0.996635
"3495_1",0.000101
"11612_10",0.995318
"6919_10",0.376437
"12217_9",0.999422
"9276_4",0.042937
"3520_9",0.998816
"6492_4",0.009959
"3900_2",0.059505
"12298_9",0.998829
"12394_1",0.002190
"4873_8",0.013988
"4797_1",0.039148
"3197_9",0.999674
"2474_10",0.971964
"4042_10",0.999890
"10641_1",0.000315
"10882_2",0.001417
"4803_4",0.004502
"7459_10",0.999866
"1828_1",0.000033
"1718_10",0.999758
"9603_1",0.012365
"940_7",0.982998
"3074_4",0.114080
"8802_10",0.999985
"7180_4",0.005404
"5250_1",0.012074
"2734_7",0.999089
"2354_8",0.900535
"6805_1",0.088962
"11156_4",0.000593
"2734_3",0.008267
"12216_1",0.000081
"660_8",0.999710
"8978_10",0.991835
"6272_1",0.009258
"8294_4",0.000123
"11956_8",0.927371
"3265_1",0.003051
"705_2",0.359677
"9058_9",0.999898
"3582_3",0.171593
"6985_1",0.001264
"5611_9",0.999458
"9491_3",0.933234
"9945_3",0.000097
"1840_10",0.999973
"12280_3",0.000570
"1932_10",0.999844
"8682_10",0.999023
"5418_9",0.999705
"3354_9",0.999115
"8078_3",0.185702
"7747_1",0.024564
"2669_7",0.988313
"9180_7",0.999733
"1320_1",0.000851
"7742_8",0.999258
"6232_9",0.886985
"3459_9",0.999860
"1008_2",0.156629
"7987_8",0.980197
"5078_7",0.900454
"10660_10",0.998925
"10325_2",0.002190
"4951_3",0.343017
"10502_7",0.665155
"7548_9",0.258281
"2870_10",0.597829
"8136_4",0.999114
"9870_8",0.930212
"7588_4",0.276896
"7845_2",0.012910
"10334_7",0.978784
"4860_1",0.762932
"4855_9",0.999889
"1337_10",0.982831
"6403_3",0.333829
"9447_10",0.999970
"4724_3",0.015202
"10895_10",0.992853
"2171_4",0.403991
"5361_9",0.996380
"11056_2",0.000041
"9772_10",0.999850
"5719_8",0.999806
"3050_7",0.794255
"4406_1",0.007184
"9833_4",0.064251
"1217_2",0.000144
"2632_1",0.000229
"3250_1",0.109345
"5130_9",0.882648
"3526_7",0.981280
"2793_3",0.002265
"10708_3",0.038435
"6415_8",0.999388
"11258_2",0.000673
"11451_1",0.004748
"7724_2",0.000513
"4276_4",0.000076
"6058_1",0.047638
"4086_1",0.190193
"3670_8",0.965117
"7125_8",0.970458
"9377_8",0.995472
"763_2",0.026691
"7882_8",0.997055
"757_9",0.999841
"389_1",0.962521
"9102_10",0.999040
"9384_7",0.505525
"5684_8",0.999695
"12090_4",0.000802
"12002_4",0.043838
"5443_7",0.859774
"8782_9",0.994982
"9878_9",0.999911
"9640_1",0.000726
"999_3",0.390661
"6249_3",0.040189
"1656_7",0.999978
"6649_10",0.988684
"4630_1",0.001554
"11300_8",0.921548
"5894_10",0.948670
"3198_1",0.005157
"7924_2",0.970273
"6318_1",0.050281
"8075_2",0.154224
"10005_2",0.024488
"6431_8",0.999831
"635_2",0.240315
"1803_3",0.026023
"5721_4",0.003083
"1116_7",0.999975
"1456_4",0.020176
"51_10",0.999976
"7155_9",0.999869
"929_2",0.000154
"12269_1",0.000127
"10597_1",0.017086
"9005_7",0.871555
"10467_9",0.911458
"2251_9",0.999876
"1977_9",0.999315
"8539_8",0.661887
"2416_1",0.000101
"8508_9",0.999873
"10401_1",0.001837
"12217_2",0.001198
"5484_1",0.022591
"3833_10",0.999854
"465_4",0.006818
"7591_7",0.800147
"11485_9",0.998041
"3728_1",0.000105
"5538_8",0.999018
"10751_4",0.000294
"8883_8",0.993489
"6581_1",0.016916
"5476_1",0.000157
"4338_9",0.999908
"10343_1",0.014529
"2914_10",0.999553
"6103_1",0.993577
"7691_1",0.000244
"3444_3",0.000956
"2397_8",0.998872
"8255_8",0.998990
"1660_1",0.000278
"10154_2",0.999962
"2138_3",0.000134
"9614_3",0.000075
"2682_10",0.999613
"1813_3",0.000103
"10581_3",0.037564
"3733_4",0.000092
"5210_4",0.189521
"11961_8",0.999653
"7928_4",0.023180
"12156_4",0.128271
"11025_4",0.048487
"11233_10",0.999935
"473_1",0.000520
"6648_2",0.000037
"2451_1",0.000656
"7679_2",0.000067
"2954_9",0.992244
"9652_10",0.999955
"724_3",0.156845
"7592_4",0.000067
"7669_9",0.999143
"3816_1",0.000221
"1401_4",0.909677
"8551_2",0.119434
"7901_8",0.998305
"10552_4",0.000313
"330_10",0.999544
"232_4",0.001847
"12351_8",0.963260
"12451_10",0.996685
"5884_9",0.999893
"603_4",0.008960
"3415_7",0.905580
"8727_1",0.006215
"10099_4",0.045462
"7989_10",0.999946
"2329_2",0.296742
"5774_1",0.000168
"8201_3",0.051539
"3491_1",0.003394
"12210_10",0.957033
"7604_8",0.989427
"1676_10",0.999983
"6477_9",0.988992
"2521_10",0.999949
"9140_2",0.001122
"2463_4",0.010818
"587_8",0.823775
"7120_10",0.939548
"7734_10",0.999924
"7322_10",0.821886
"3803_2",0.005854
"2417_4",0.000524
"7757_4",0.002817
"478_9",0.965081
"12269_9",0.999953
"10472_3",0.002570
"2858_9",0.997124
"414_9",0.009487
"2552_4",0.077791
"11615_8",0.999019
"201_2",0.000084
"5624_3",0.013551
"5080_8",0.999835
"4507_10",0.626586
"1527_3",0.026296
"6282_1",0.054798
"3911_1",0.000895
"4616_9",0.999554
"9562_4",0.987219
"9975_8",0.446335
"7584_10",0.895206
"1121_1",0.000041
"382_10",0.882676
"11309_1",0.089173
"5424_10",0.999132
"8697_8",0.999194
"12420_2",0.051076
"5052_10",0.999814
"1037_1",0.000080
"346_7",0.387116
"2285_8",0.999785
"10867_1",0.000094
"4335_9",0.999896
"9088_7",0.999588
"11037_8",0.984228
"1993_4",0.015887
"11469_3",0.000174
"1834_2",0.000524
"10723_4",0.055722
"5377_3",0.035014
"1812_1",0.000282
"2760_8",0.999312
"12062_10",0.997229
"1847_1",0.000174
"1280_3",0.018012
"2106_8",0.996465
"5414_1",0.007023
"4930_10",0.999991
"5024_9",0.999844
"5295_9",0.999080
"5427_10",0.996733
"10526_2",0.001323
"5517_2",0.027234
"3971_8",0.939500
"12260_7",0.722680
"3676_10",0.999440
"4132_7",0.999805
"6721_8",0.998599
"2381_7",0.852438
"818_1",0.000626
"6503_7",0.176061
"12068_7",0.918035
"8847_1",0.000967
"10698_8",0.999570
"2347_3",0.000150
"9337_10",0.987706
"9070_4",0.992239
"7962_10",0.999790
"12183_4",0.019802
"12410_3",0.000668
"7988_9",0.881554
"8980_8",0.999861
"8568_4",0.000689
"8374_7",0.998968
"3561_4",0.814530
"692_4",0.891361
"4259_1",0.001020
"1627_1",0.078267
"7064_9",0.999713
"5410_7",0.016487
"10003_3",0.827480
"12068_3",0.000077
"8048_7",0.237130
"2590_1",0.000554
"3464_2",0.977071
"8423_10",0.064861
"5036_4",0.104551
"10030_3",0.134399
"5500_9",0.999799
"10129_10",0.997186
"1549_10",0.995866
"6463_10",0.999974
"1026_2",0.741165
"6681_10",0.993664
"11004_1",0.000566
"6191_10",0.374767
"9253_4",0.997657
"3193_10",0.999910
"7563_1",0.000062
"3104_7",0.996140
"6369_9",0.380601
"606_1",0.001169
"6069_10",0.999629
"6966_7",0.991732
"8945_4",0.019809
"4920_1",0.000838
"7358_10",0.999515
"9665_10",0.999913
"5005_1",0.007503
"12324_2",0.000454
"1878_1",0.000100
"5917_2",0.000223
"11912_7",0.999832
"11692_1",0.001170
"11505_10",0.999894
"5416_8",0.751031
"12072_1",0.004685
"4436_10",0.998644
"11762_1",0.000514
"5805_10",0.998616
"9464_1",0.000041
"9412_2",0.000033
"11262_4",0.105268
"853_7",0.830178
"7087_4",0.016336
"1896_10",0.838051
"9749_4",0.859426
"7431_2",0.021491
"10253_3",0.000624
"10675_4",0.997637
"4275_4",0.005018
"5399_8",0.999569
"9388_10",0.994331
"7019_10",0.999989
"10223_2",0.010669
"10216_1",0.000592
"2097_3",0.000533
"4243_3",0.001470
"8672_1",0.313454
"1260_3",0.000353
"1734_10",0.981522
"2955_9",0.999911
"12033_1",0.000388
"8243_3",0.003096
"8741_2",0.788467
"6481_7",0.997516
"7053_1",0.061061
"1624_8",0.999628
"2900_1",0.006636
"4328_1",0.000795
"11732_7",0.999168
"746_1",0.041401
"6004_3",0.001132
"6162_2",0.000265
"9375_4",0.032036
"10924_4",0.029214
"6304_4",0.042255
"10035_10",0.999568
"8867_2",0.000081
"9781_10",0.994949
"8902_8",0.936697
"1006_8",0.691889
"7230_1",0.043401
"8788_9",0.999331
"2079_10",0.999906
"11987_3",0.000150
"2724_7",0.118906
"8534_2",0.039814
"7052_1",0.028554
"4390_8",0.999010
"520_10",0.999793
"3936_3",0.655855
"5160_3",0.009757
"10519_8",0.134891
"8906_1",0.000055
"8750_4",0.005427
"8606_3",0.056603
"12038_2",0.988922
"2939_8",0.958369
"5721_10",0.998714
"6798_8",0.988663
"11820_10",0.999981
"6435_10",0.104941
"404_8",0.999888
"6066_9",0.996599
"7921_3",0.000080
"5468_3",0.155035
"7034_10",0.999714
"4309_3",0.742836
"8201_7",0.999899
"3656_10",0.999656
"8786_4",0.439033
"10564_3",0.008308
"7401_4",0.001361
"1163_1",0.005175
"9915_10",0.999968
"11080_10",0.705150
"4710_10",0.999983
"131_1",0.261165
"6387_3",0.004518
"3906_1",0.000080
"2075_1",0.000272
"11663_10",0.999874
"6149_3",0.021723
"6703_8",0.996815
"2440_8",0.999327
"10500_7",0.995478
"7349_1",0.309959
"10695_1",0.000892
"6905_1",0.000051
"4902_4",0.963309
"5298_9",0.999847
"6701_4",0.000656
"1344_10",0.932494
"284_10",0.245003
"9114_10",0.999938
"12102_10",0.999852
"11448_2",0.001482
"1053_10",0.999983
"8341_10",0.003880
"433_1",0.001556
"9534_4",0.105724
"6471_2",0.757417
"8971_10",0.999951
"433_8",0.985880
"298_10",0.569768
"5965_1",0.000046
"10408_10",0.999927
"9112_3",0.264322
"6726_9",0.999421
"1048_8",0.766552
"11046_9",0.999949
"4808_7",0.999953
"7027_9",0.994957
"12435_8",0.999228
"5480_1",0.996485
"8823_8",0.999921
"554_9",0.999801
"7167_2",0.000071
"10762_3",0.050521
"9036_8",0.981652
"12185_4",0.006323
"7763_10",0.999715
"10271_8",0.998054
"1159_8",0.998707
"11063_1",0.001637
"12479_4",0.005128
"11179_4",0.596558
"1736_1",0.004910
"4840_7",0.998486
"8233_2",0.999088
"1082_9",0.934302
"8378_7",0.999696
"7777_9",0.999700
"1883_9",0.996092
"7350_10",0.999324
"704_8",0.988022
"6554_8",0.985278
"1750_10",0.999513
"4969_2",0.001069
"10339_8",0.999880
"1902_4",0.738221
"5578_1",0.000059
"5502_1",0.000282
"7250_2",0.000156
"8856_4",0.119265
"10840_9",0.994042
"9730_10",0.999888
"11146_2",0.003141
"5988_3",0.000208
"9734_8",0.999321
"12338_8",0.558477
"9813_1",0.007598
"8928_2",0.055274
"5431_2",0.001388
"9467_9",0.999773
"4933_4",0.001099
"11280_10",0.079470
"10279_9",0.999555
"7024_1",0.000295
"9115_3",0.031433
"5701_10",0.999803
"9539_1",0.006791
"7655_7",0.983479
"4518_10",0.966438
"3039_4",0.020966
"8654_3",0.014012
"8893_4",0.211722
"3598_9",0.993346
"6443_1",0.001668
"3843_1",0.000311
"3848_9",0.999445
"3149_1",0.002237
"2152_1",0.003838
"11564_1",0.000425
"4391_8",0.984338
"950_10",0.998190
"10531_10",0.999822
"904_3",0.066303
"5293_9",0.995903
"2173_1",0.000612
"5992_2",0.001250
"782_3",0.930136
"1295_8",0.989600
"9659_1",0.002840
"2214_3",0.056815
"10772_3",0.000551
"7515_9",0.837056
"7294_2",0.050444
"7761_1",0.002389
"9027_9",0.906426
"6595_1",0.000040
"11003_8",0.999150
"601_10",0.994838
"2991_8",0.249838
"10937_8",0.993547
"7545_1",0.000826
"9747_1",0.000272
"7653_7",0.980864
"6886_1",0.000278
"8054_8",0.527453
"7299_9",0.998063
"2289_3",0.967674
"6569_1",0.000040
"10909_2",0.001783
"4022_7",0.999713
"5407_1",0.016569
"10211_8",0.999167
"9194_1",0.960930
"8113_8",0.999868
"12010_1",0.001371
"7373_7",0.999932
"3535_10",0.999922
"5265_10",0.999361
"7032_1",0.206475
"3391_10",0.997098
"969_9",0.999655
"450_2",0.003447
"12296_3",0.914335
"10855_10",0.999912
"2741_10",0.995773
"12403_1",0.001700
"6118_4",0.133685
"9001_1",0.016248
"172_4",0.068850
"4405_7",0.950074
"8923_8",0.999820
"5396_10",0.999536
"7183_1",0.053903
"3261_7",0.999503
"7445_10",0.990726
"11412_2",0.020494
"4765_3",0.006187
"5248_9",0.945516
"3172_2",0.189043
"10813_4",0.321278
"8054_1",0.010197
"5535_1",0.002032
"1306_8",0.997710
"135_3",0.057767
"10646_10",0.993154
"9906_1",0.000479
"8156_10",0.999977
"2806_1",0.001230
"9501_4",0.000044
"1882_3",0.022652
"11895_4",0.069766
"5420_10",0.903231
"11791_10",0.999446
"3798_2",0.000248
"3282_8",0.101489
"1278_1",0.001125
"1011_4",0.827275
"5263_9",0.881259
"11301_1",0.001993
"1946_7",0.998454
"3246_10",0.998719
"4130_8",0.996978
"4172_10",0.996171
"2619_2",0.000056
"5197_4",0.971910
"6060_9",0.929846
"7430_1",0.000736
"3511_10",0.995708
"6970_1",0.003672
"931_4",0.000688
"12374_10",0.999863
"10217_7",0.070593
"964_7",0.928424
"4859_1",0.004370
"5525_1",0.000538
"11471_1",0.004827
"5030_4",0.004817
"12177_2",0.000370
"8892_2",0.001379
"1073_4",0.123777
"7406_1",0.000044
"6345_9",0.998407
"7395_7",0.159658
"9952_7",0.514065
"5851_4",0.448412
"6880_7",0.845241
"642_9",0.997791
"6271_9",0.998550
"10983_1",0.001537
"5602_1",0.000080
"3834_1",0.047071
"6961_3",0.920316
"10102_8",0.994885
"6988_1",0.025166
"5803_9",0.995879
"6009_1",0.000031
"10294_2",0.090668
"9811_10",0.898424
"11298_8",0.997768
"4625_10",0.999552
"11263_3",0.000222
"11502_3",0.992340
"9690_10",0.777718
"4453_10",0.999940
"9741_10",0.986847
"12191_9",0.974356
"8019_8",0.999719
"2298_4",0.001000
"1489_4",0.010783
"4228_7",0.372815
"10905_1",0.000061
"5103_10",0.999833
"5641_1",0.005161
"11567_1",0.002280
"4040_10",0.999977
"4777_10",0.998765
"9612_10",0.999979
"3830_1",0.007508
"8781_2",0.000042
"9415_3",0.999471
"9171_3",0.000562
"478_3",0.209214
"10979_8",0.999751
"7073_4",0.123743
"5419_10",0.997769
"8505_3",0.001560
"7559_1",0.659957
"3827_9",0.999615
"9242_1",0.004712
"3133_10",0.989943
"9051_4",0.243132
"8604_10",0.944746
"4811_8",0.991070
"10697_10",0.999766
"6142_10",0.992661
"6740_1",0.078599
"7806_8",0.999148
"8326_4",0.992408
"12425_3",0.001292
"11113_1",0.040351
"8096_1",0.002782
"512_8",0.999557
"11144_7",0.999646
"2073_4",0.000543
"6966_4",0.006844
"12122_3",0.074411
"429_10",0.886223
"10294_9",0.976470
"9955_3",0.064440
"10878_10",0.999688
"9365_1",0.000080
"7317_8",0.767822
"2863_8",0.862347
"11935_3",0.000111
"2180_2",0.907016
"267_10",0.995857
"72_8",0.195908
"936_9",0.999577
"2363_4",0.018160
"11722_9",0.999554
"1353_7",0.770477
"3883_7",0.994392
"9475_8",0.999826
"2328_2",0.001274
"11982_9",0.999749
"10413_8",0.988970
"1277_2",0.079575
"6299_4",0.000444
"7536_9",0.999879
"8368_2",0.001006
"634_1",0.000248
"10095_3",0.403036
"8821_4",0.011993
"5669_10",0.999841
"4600_8",0.046331
"10859_1",0.001921
"140_9",0.994592
"153_8",0.987726
"8013_9",0.881942
"12389_1",0.996148
"8443_7",0.999044
"12290_10",0.999460
"12152_10",0.119485
"6442_3",0.540066
"7557_4",0.893181
"3699_4",0.001277
"6461_2",0.998995
"8641_10",0.999768
"10771_1",0.001854
"10539_2",0.353762
"10406_1",0.061814
"9617_4",0.005902
"9403_10",0.995151
"3015_1",0.981821
"181_10",0.999970
"2879_4",0.026277
"1758_8",0.999802
"9992_10",0.999955
"10769_7",0.999279
"5616_3",0.001020
"721_4",0.196345
"3035_1",0.002763
"7877_4",0.000011
"5554_4",0.008414
"1475_7",0.999529
"1538_7",0.009985
"3499_10",0.096724
"8815_4",0.784046
"5817_8",0.839596
"4179_1",0.000413
"3719_10",0.904591
"2538_2",0.028078
"4873_3",0.006609
"7283_9",0.999896
"1997_4",0.119506
"11036_4",0.003060
"4123_4",0.986274
"3520_3",0.000461
"10320_1",0.001058
"10185_10",0.999397
"10193_1",0.005047
"2506_7",0.999983
"9868_10",0.999634
"5603_2",0.001976
"8392_3",0.014046
"5322_4",0.000289
"12117_10",0.999416
"2411_8",0.187447
"9393_4",0.022879
"5968_8",0.999742
"6860_1",0.584112
"12144_4",0.977748
"2706_10",0.961772
"5655_1",0.109215
"2555_8",0.998964
"6091_9",0.868397
"712_9",0.999438
"9445_10",0.999531
"1777_10",0.906362
"490_8",0.867281
"318_10",0.993348
"10143_9",0.990779
"3608_8",0.999944
"686_4",0.999777
"12147_1",0.001227
"6782_10",0.991345
"5560_10",0.999747
"11621_8",0.996974
"11909_10",0.980673
"11938_9",0.999941
"1877_1",0.274068
"1298_1",0.001720
"11154_3",0.019276
"10898_7",0.997906
"9980_8",0.999778
"9719_10",0.996384
"516_1",0.000523
"2541_1",0.000990
"23_10",0.999938
"3517_1",0.000093
"10839_9",0.999904
"11461_9",0.982603
"10150_2",0.000034
"10664_9",0.999985
"6750_10",0.397644
"11165_4",0.992284
"3463_4",0.000382
"287_1",0.000132
"5582_1",0.030344
"1136_1",0.000356
"10316_1",0.021113
"1684_8",0.999232
"3556_9",0.999341
"11680_9",0.999719
"10775_10",0.845861
"5558_2",0.000448
"6203_10",0.920636
"4057_4",0.868125
"9010_8",0.999962
"1033_9",0.996586
"12116_9",0.997907
"8401_10",0.999731
"9863_4",0.633932
"2777_1",0.000233
"5797_3",0.007866
"9929_3",0.000619
"4177_1",0.006826
"2205_8",0.999604
"2839_8",0.998878
"7161_10",0.999290
"11724_4",0.515320
"10369_9",0.999258
"8702_2",0.003163
"1028_10",0.998632
"7226_4",0.385656
"8799_3",0.000588
"1573_8",0.999083
"12041_7",0.998337
"6207_7",0.959067
"399_8",0.998890
"1034_2",0.001031
"1610_4",0.981355
"596_10",0.996320
"6474_7",0.999994
"4464_3",0.042569
"10637_2",0.059812
"3272_10",0.999280
"10194_7",0.011475
"11906_3",0.121060
"3666_3",0.252173
"6148_4",0.000250
"4595_8",0.990852
"6146_1",0.004988
"7512_10",0.999041
"12333_1",0.000483
"3490_4",0.362017
"8495_1",0.000060
"955_4",0.109623
"10582_10",0.984830
"9477_8",0.999966
"7132_3",0.000691
"5214_1",0.008499
"8258_10",0.842066
"10387_1",0.005301
"268_10",0.999408
"8153_2",0.000030
"7353_3",0.009544
"7847_10",0.999800
"12028_10",0.993620
"2998_8",0.345484
"2641_8",0.998915
"11923_8",0.972728
"12322_1",0.000216
"11816_3",0.000462
"7111_3",0.000864
"8107_10",0.999621
"8835_8",0.919610
"10142_10",0.996362
"4445_3",0.005041
"976_8",0.996541
"1996_4",0.109122
"11496_3",0.000670
"1644_4",0.004090
"8573_3",0.000190
"10835_9",0.034475
"11531_8",0.999714
"5802_8",0.979799
"2501_3",0.001245
"530_2",0.001992
"1051_10",0.999982
"6629_1",0.003143
"10350_1",0.626099
"2943_10",0.999736
"7661_1",0.008436
"8359_3",0.169153
"10218_7",0.998691
"10548_1",0.000439
"906_7",0.998323
"2708_9",0.985458
"12478_4",0.349481
"10222_1",0.001081
"3560_2",0.000416
"3371_9",0.999892
"10009_3",0.001365
"3142_3",0.029264
"3876_9",0.999879
"6662_2",0.000186
"4691_1",0.005815
"2491_4",0.470420
"12485_4",0.820708
"1716_3",0.639790
"10767_10",0.999936
"4083_2",0.000115
"7656_3",0.007288
"2532_8",0.999349
"11243_8",0.996753
"11878_9",0.999390
"3627_8",0.972028
"9049_10",0.325314
"2950_4",0.026081
"4553_8",0.999716
"10414_1",0.025370
"4281_7",0.994005
"7905_4",0.842558
"10800_8",0.993233
"1562_4",0.000336
"7604_4",0.506163
"5752_2",0.074820
"9465_1",0.000881
"2701_4",0.146872
"12432_7",0.997114
"7583_9",0.996695
"4003_10",0.999147
"11082_2",0.001432
"7650_3",0.000380
"2215_7",0.997044
"6597_9",0.997272
"12268_1",0.051456
"8650_7",0.746078
"8311_2",0.522403
"10764_10",0.999392
"5462_2",0.000387
"10303_9",0.999892
"12132_4",0.418128
"11786_2",0.072594
"6248_2",0.146612
"5570_2",0.000104
"8367_4",0.012683
"2416_7",0.999830
"4073_1",0.007600
"4642_2",0.261009
"580_10",0.998243
"3328_4",0.118722
"9524_9",0.992743
"11980_2",0.469348
"7812_9",0.997965
"3567_7",0.992813
"9592_2",0.010061
"8421_1",0.067271
"2618_1",0.027175
"2367_3",0.023518
"10613_1",0.001549
"7657_2",0.465628
"10992_4",0.001833
"10663_4",0.421534
"9589_4",0.071261
"5184_8",0.215657
"7352_7",0.997523
"6483_4",0.988591
"914_10",0.999944
"1239_4",0.951494
"4465_4",0.023183
"82_10",0.997057
"3696_4",0.772409
"1507_8",0.987634
"12211_3",0.092491
"4003_3",0.000303
"3738_3",0.717262
"12089_10",0.999991
"593_1",0.000706
"7555_3",0.264396
"9897_9",0.999799
"299_1",0.030882
"2774_3",0.088771
"4723_8",0.999059
"1636_2",0.001155
"3383_8",0.999970
"5360_10",0.999922
"11542_10",0.999991
"1964_1",0.011837
"10323_10",0.207379
"5166_1",0.000542
"12371_1",0.000107
"7426_1",0.014625
"11832_4",0.177369
"684_9",0.626138
"519_7",0.853335
"1712_8",0.999452
"5973_9",0.999825
"2820_3",0.003018
"5023_7",0.996729
"2625_1",0.001009
"2699_9",0.996557
"7123_1",0.000153
"7327_10",0.997074
"944_8",0.999779
"9757_10",0.930936
"12491_9",0.999531
"12301_10",0.998358
"421_9",0.999783
"6655_2",0.016817
"610_9",0.935697
"3020_1",0.002808
"1797_10",0.999262
"1248_3",0.005828
"2524_10",0.999942
"10596_3",0.161165
"9326_3",0.000672
"9346_2",0.000096
"3890_8",0.999810
"7836_9",0.999968
"12388_7",0.986683
"3205_2",0.000265
"1547_9",0.999097
"2706_1",0.000901
"391_10",0.974715
"1544_10",0.991634
"7861_8",0.818153
"1448_2",0.000169
"6451_3",0.237928
"12187_3",0.048386
"11702_4",0.140891
"5947_1",0.001036
"1282_3",0.000338
"7492_2",0.001138
"7724_7",0.999504
"1564_1",0.993791
"4425_9",0.998900
"9416_9",0.996986
"10826_10",0.992938
"4402_10",0.998081
"9332_3",0.000268
"5856_1",0.012849
"2784_2",0.000604
"3216_1",0.000143
"8057_9",0.999764
"526_10",0.988851
"4376_1",0.001483
"9513_9",0.969341
"9972_9",0.997167
"339_1",0.002274
"11898_1",0.001891
"9282_4",0.001157
"2303_4",0.214626
"10199_1",0.000029
"11660_10",0.997870
"714_4",0.000228
"9283_9",0.985609
"2972_2",0.927395
"9060_7",0.999978
"3562_8",0.851811
"11064_8",0.987293
"4190_10",0.986430
"12472_10",0.999871
"2942_1",0.001582
"9560_9",0.999763
"2692_4",0.000116
"12057_1",0.000049
"11197_2",0.002062
"5827_4",0.920498
"4752_1",0.000012
"8114_3",0.000201
"5643_7",0.944105
"9127_2",0.004088
"10540_10",0.466751
"7342_2",0.000026
"4651_4",0.797810
"8798_1",0.001279
"5973_3",0.000104
"8314_2",0.000191
"7856_1",0.000044
"1255_4",0.017635
"9615_8",0.995156
"7261_4",0.018138
"9700_9",0.816569
"5938_10",0.977873
"970_7",0.654751
"7715_8",0.994059
"4643_2",0.120732
"7069_1",0.019410
"8600_10",0.999384
"10275_3",0.209321
"9519_1",0.002791
"8861_10",0.999089
"8558_4",0.000277
"7495_4",0.184587
"4727_10",0.030718
"9647_8",0.976908
"7192_3",0.079335
"8772_8",0.999803
"1198_4",0.000082
"4249_7",0.999514
"6816_2",0.007383
"10243_9",0.998182
"8365_1",0.001659
"2529_10",0.507059
"2538_10",0.934671
"5946_1",0.016763
"6716_8",0.997892
"2633_7",0.996960
"10513_1",0.016961
"4847_1",0.008749
"2552_10",0.995150
"7166_9",0.999527
"398_8",0.985557
"6925_4",0.000144
"9873_9",0.995410
"3598_4",0.743685
"5996_3",0.000895
"4024_10",0.999690
"3184_10",0.999388
"3801_2",0.007285
"1722_10",0.999482
"9344_1",0.000768
"2874_2",0.000235
"2914_4",0.055223
"9643_3",0.021881
"1756_10",0.989869
"2781_1",0.004857
"3559_1",0.000082
"6250_1",0.004239
"10960_9",0.999933
"565_8",0.192812
"8749_9",0.793052
"11273_4",0.002035
"6933_4",0.001880
"7295_1",0.001538
"12267_1",0.000259
"9844_4",0.004355
"1949_3",0.707999
"10048_1",0.000098
"7242_2",0.000228
"1722_2",0.000034
"9869_1",0.992590
"609_1",0.157459
"9383_7",0.000673
"6593_4",0.711152
"3284_10",0.999961
"6190_1",0.998266
"8305_10",0.999905
"20_1",0.024383
"10037_1",0.000230
"1751_10",0.981935
"6821_7",0.996153
"4780_10",0.978492
"1290_10",0.999904
"10777_2",0.000027
"3450_1",0.000132
"747_3",0.014208
"9262_10",0.995179
"7206_10",0.994840
"3700_4",0.001625
"2953_4",0.007098
"6828_8",0.998549
"10831_7",0.999716
"5014_1",0.000050
"11679_10",0.919939
"3476_9",0.535951
"12052_8",0.971360
"8635_3",0.013343
"6475_10",0.962994
"8531_2",0.057053
"9018_7",0.847129
"1492_9",0.991792
"10993_10",0.996436
"1896_2",0.000255
"8241_1",0.001460
"3568_8",0.786619
"9424_9",0.999271
"3791_1",0.000319
"2117_10",0.999900
"4679_8",0.998603
"1217_7",0.999970
"7969_3",0.000478
"2271_10",0.998544
"5772_9",0.999470
"1347_8",0.999957
"11800_1",0.000086
"8820_10",0.999573
"10014_7",0.029200
"9864_8",0.991772
"6926_4",0.004573
"1842_10",0.999845
"756_7",0.932278
"7657_10",0.988306
"12416_7",0.784566
"833_7",0.992645
"8746_10",0.999968
"6374_10",0.971580
"24_10",0.973141
"5133_10",0.999912
"2937_1",0.532258
"9845_8",0.982429
"6236_7",0.064155
"8525_7",0.971497
"10398_10",0.998923
"6555_7",0.999337
"5873_3",0.969267
"12235_8",0.993371
"8972_2",0.000449
"6313_1",0.000379
"3277_1",0.368409
"9661_10",0.900276
"11759_4",0.000193
"7960_2",0.912034
"2710_7",0.993669
"3152_1",0.003511
"3186_8",0.999372
"6180_2",0.012195
"3303_1",0.000156
"250_1",0.007156
"8902_1",0.011008
"7964_9",0.999842
"78_1",0.009522
"9162_9",0.940808
"11868_8",0.998905
"8522_8",0.985106
"8517_8",0.998472
"12341_4",0.001039
"3300_1",0.001243
"2961_10",0.999930
"11309_10",0.999833
"381_10",0.999892
"6537_10",0.995643
"4623_10",0.988070
"12425_10",0.999944
"817_7",0.997020
"1853_3",0.001903
"3586_10",0.999602
"6148_9",0.999504
"5020_10",0.999960
"6486_10",0.999717
"560_8",0.999926
"11210_3",0.996258
"4714_1",0.003239
"7175_7",0.994180
"10289_9",0.999764
"2497_2",0.070052
"6359_3",0.906339
"4905_3",0.000132
"4701_10",0.962617
"292_10",0.997605
"4010_9",0.997664
"1591_2",0.988245
"619_10",0.998631
"8563_1",0.000391
"488_4",0.002291
"3148_10",0.998985
"2046_4",0.000454
"11560_8",0.812393
"8694_7",0.999786
"11041_10",0.999577
"6159_8",0.999986
"10205_1",0.000391
"7840_9",0.994580
"3298_10",0.999914
"2854_7",0.995297
"3521_8",0.999289
"8317_2",0.000115
"10564_7",0.999434
"7951_3",0.473144
"9834_8",0.998918
"4809_9",0.999881
"4675_1",0.023443
"9493_10",0.462125
"7841_4",0.002714
"8076_10",0.352548
"3242_8",0.998353
"11666_3",0.020524
"9341_2",0.022612
"10384_1",0.008907
"1558_9",0.999043
"9790_10",0.755388
"12149_2",0.003148
"11533_4",0.000131
"4438_3",0.007078
"11177_4",0.000391
"8657_7",0.998152
"4485_4",0.951124
"1313_3",0.000818
"7383_10",0.999964
"11875_8",0.999044
"9838_7",0.990546
"33_3",0.000334
"5747_1",0.007581
"1420_8",0.686180
"7292_9",0.062667
"5218_7",0.998147
"3359_9",0.999507
"10947_8",0.997714
"219_1",0.001478
"6374_3",0.000160
"9686_10",0.992323
"6757_10",0.998471
"1003_8",0.999735
"9313_9",0.999201
"6175_10",0.995080
"5391_7",0.999945
"1085_1",0.000087
"9054_1",0.001398
"8543_10",0.995983
"686_8",0.998266
"6959_3",0.017726
"11014_4",0.897147
"9204_8",0.998626
"9029_7",0.998749
"10441_9",0.999038
"5245_10",0.999689
"1480_7",0.065684
"6426_3",0.022185
"1700_1",0.002215
"2783_10",0.991237
"6152_8",0.990538
"12282_10",0.998771
"2948_4",0.001779
"11974_2",0.000308
"5944_7",0.998997
"9370_8",0.998975
"711_10",0.944044
"6169_8",0.997990
"12329_1",0.000707
"4904_1",0.000121
"2070_3",0.000191
"25_3",0.000262
"1819_4",0.001501
"8642_10",0.987477
"11504_10",0.996021
"10193_7",0.999970
"8917_4",0.009769
"9380_2",0.174061
"10048_8",0.996224
"7288_9",0.999952
"8128_4",0.000881
"7800_3",0.000658
"5852_1",0.000629
"8027_1",0.002421
"10317_1",0.004880
"10280_8",0.999575
"3959_10",0.999612
"6115_10",0.999966
"6078_8",0.171801
"12273_9",0.999968
"1497_10",0.898203
"2969_9",0.999948
"2577_1",0.007175
"4519_1",0.775345
"8596_4",0.018007
"254_3",0.009213
"7005_8",0.998268
"5426_10",0.998326
"965_9",0.121346
"2044_4",0.903197
"9006_3",0.035048
"11462_10",0.998871
"4990_7",0.002983
"163_7",0.362708
"3134_3",0.031111
"2922_4",0.566531
"5777_1",0.000092
"6340_7",0.999253
"7896_1",0.004047
"2321_8",0.999928
"2187_1",0.993838
"1831_9",0.999765
"9321_10",0.999898
"9970_10",0.998450
"2978_4",0.002688
"7491_3",0.000327
"2491_10",0.999576
"749_1",0.058120
"4751_2",0.006209
"3276_1",0.000753
"10889_9",0.997022
"5887_1",0.002754
"8806_9",0.999921
"8569_2",0.000086
"3209_10",0.999826
"7139_10",0.995877
"5052_3",0.007342
"5773_3",0.000247
"1663_9",0.999595
"3575_7",0.042501
"12017_1",0.001026
"12460_8",0.999518
"7925_2",0.000127
"1643_10",0.999942
"4537_1",0.001061
"10651_3",0.000769
"12075_10",0.825007
"4823_1",0.454781
"5392_7",0.990811
"5436_9",0.999546
"3088_8",0.999954
"6607_9",0.999509
"7648_1",0.006767
"1073_8",0.993126
"4587_8",0.917935
"9463_10",0.999845
"11962_1",0.000598
"8718_4",0.000773
"7781_10",0.999392
"11495_2",0.030289
"2772_4",0.947843
"4029_1",0.000368
"2080_10",0.998554
"6250_9",0.973709
"2985_9",0.504013
"2935_7",0.021391
"7900_1",0.000233
"2433_8",0.999977
"12366_1",0.000963
"10910_2",0.018755
"5265_3",0.000062
"9603_10",0.984187
"11989_3",0.000034
"2929_4",0.042298
"1796_1",0.001801
"10659_2",0.006703
"4978_9",0.999604
"11823_8",0.999214
"1732_8",0.978299
"1103_4",0.000191
"8958_1",0.004883
"8607_4",0.025878
"5820_9",0.999321
"8885_3",0.005332
"3718_10",0.988946
"3822_1",0.048740
"9886_10",0.999501
"9806_10",0.851058
"10009_10",0.998042
"5979_2",0.001825
"11937_3",0.249286
"4776_8",0.998987
"9009_7",0.114873
"8094_7",0.999965
"828_3",0.007645
"3318_1",0.000068
"3558_4",0.040316
"7967_8",0.999821
"5275_7",0.995761
"5130_1",0.000083
"1327_9",0.998676
"11526_8",0.999420
"32_10",0.999955
"10697_1",0.000128
"9966_1",0.000053
"3132_1",0.100079
"967_2",0.143562
"6483_10",0.994497
"698_10",0.972577
"7848_2",0.457026
"9349_1",0.004260
"10532_9",0.999856
"11819_2",0.011665
"6812_1",0.000031
"5401_1",0.001861
"3528_1",0.000035
"12239_1",0.004022
"1479_4",0.000228
"2732_4",0.518058
"6806_10",0.999202
"2119_9",0.995794
"8565_9",0.000460
"1914_8",0.865695
"4835_1",0.000230
"1029_2",0.001803
"9228_4",0.446628
"2391_2",0.004858
"9674_9",0.999852
"9404_9",0.954654
"5987_1",0.001176
"9237_8",0.998920
"9879_2",0.013394
"1370_10",0.492216
"10662_1",0.000764
"6937_7",0.310966
"6355_9",0.982428
"3784_4",0.061100
"9136_10",0.841796
"9557_4",0.147040
"12013_7",0.996388
"1114_4",0.017884
"6890_10",0.999770
"3238_8",0.999952
"1790_10",0.999929
"4277_8",0.998051
"2257_4",0.994753
"7677_10",0.999839
"1618_4",0.006934
"7314_1",0.029874
"10332_1",0.001011
"7746_2",0.870131
"9303_3",0.000180
"12321_9",0.999685
"10341_2",0.001366
"7745_9",0.999837
"11104_7",0.999791
"10855_1",0.000327
"10300_1",0.009942
"2037_2",0.000068
"7754_9",0.995315
"9503_10",0.975328
"396_7",0.995645
"583_2",0.020518
"4469_3",0.011769
"11038_1",0.003688
"2285_4",0.113686
"5069_8",0.026299
"8736_8",0.999846
"9486_3",0.016367
"11669_10",0.528159
"8598_1",0.000067
"1344_3",0.295266
"11789_3",0.018224
"9605_2",0.000802
"10122_2",0.000079
"3752_10",0.768452
"3864_4",0.004566
"10505_7",0.301950
"3822_8",0.998663
"8146_4",0.004707
"11114_8",0.611538
"7847_2",0.609937
"10300_10",0.999281
"7021_10",0.999816
"8_9",0.058830
"7199_2",0.011304
"9392_9",0.997307
"8234_7",0.049874
"12328_7",0.999858
"9918_9",0.976333
"10066_7",0.822671
"5482_2",0.102897
"6914_4",0.008496
"4665_7",0.544775
"613_4",0.950516
"577_8",0.998472
"12490_4",0.865983
"8637_3",0.045503
"11815_4",0.027555
"9490_10",0.999616
"4388_3",0.008679
"11778_10",0.987866
"4988_10",0.997752
"6590_3",0.958726
"4761_7",0.999407
"8828_4",0.170861
"10382_3",0.000278
"3321_1",0.052043
"2550_10",0.999749
"12104_1",0.020636
"6431_1",0.008101
"8829_8",0.944048
"858_7",0.008368
"197_1",0.677677
"3599_7",0.141307
"10808_2",0.004831
"12050_4",0.032130
"6348_1",0.004532
"11051_8",0.999871
"11216_4",0.958295
"8360_3",0.008364
"9570_2",0.000173
"8040_4",0.001230
"3664_8",0.999785
"10003_8",0.999892
"3763_7",0.302687
"9692_9",0.014294
"4503_1",0.000511
"10985_2",0.035930
"121_4",0.991744
"5651_10",0.999345
"9416_3",0.000054
"9128_8",0.578016
"8955_8",0.999154
"8787_4",0.000042
"1622_9",0.807683
"762_3",0.001166
"6915_2",0.012659
"8998_4",0.020902
"8200_10",0.929851
"1878_8",0.999757
"5969_10",0.994396
"8000_3",0.041476
"8161_10",0.998641
"9805_4",0.019194
"3815_10",0.986529
"3783_3",0.035496
"4924_10",0.999952
"7952_1",0.000340
"4060_8",0.220235
"775_1",0.043584
"696_10",0.999915
"8751_10",0.028770
"6073_10",0.999962
"9982_1",0.000439
"3706_10",0.997329
"5996_8",0.534070
"3107_10",0.998147
"8913_8",0.720264
"8982_9",0.999721
"8938_3",0.005121
"3008_3",0.098066
"3787_2",0.000607
"6146_9",0.902273
"5664_1",0.009503
"2408_3",0.004697
"6153_2",0.000354
"7023_7",0.997011
"2571_3",0.000029
"6808_4",0.000792
"6425_9",0.999954
"11139_4",0.157973
"320_7",0.249656
"3098_1",0.001543
"5369_10",0.858668
"480_3",0.029163
"7884_9",0.925369
"5247_1",0.006526
"3192_2",0.000405
"12127_1",0.024704
"1237_7",0.999809
"612_3",0.356735
"6016_7",0.610599
"10490_1",0.000695
"5180_8",0.996842
"3122_4",0.079160
"2845_8",0.684142
"9000_8",0.999443
"448_2",0.002542
"1207_10",0.998420
"11989_8",0.999377
"11102_9",0.998185
"1761_1",0.111740
"9815_3",0.001408
"12023_1",0.093573
"9901_10",0.999869
"11740_2",0.965143
"4702_10",0.664001
"4885_3",0.166480
"0_2",0.007703
"2273_2",0.000155
"11340_8",0.995158
"12012_4",0.073537
"10534_10",0.996417
"8424_2",0.017685
"8716_3",0.002535
"7154_10",0.999913
"5001_1",0.076686
"6511_3",0.449774
"3308_7",0.999640
"2720_2",0.032073
"1183_10",0.999412
"12387_2",0.000049
"6580_2",0.000393
"4431_9",0.990888
"11828_7",0.991095
"6737_10",0.996266
"7505_4",0.154502
"4798_2",0.571168
"4773_1",0.021452
"6719_3",0.000774
"6475_3",0.470001
"11733_3",0.077319
"9360_7",0.965996
"5571_1",0.000067
"10316_10",0.209095
"5068_3",0.001151
"11188_8",0.882331
"7291_3",0.022103
"6233_3",0.016235
"11710_1",0.085460
"3780_7",0.946933
"3210_10",0.999904
"2885_3",0.122467
"2912_4",0.038413
"3320_4",0.035122
"11275_4",0.220367
"8406_1",0.010072
"8275_10",0.996198
"4862_9",0.999523
"11817_2",0.062147
"302_10",0.999766
"11341_1",0.534240
"4626_1",0.000147
"1030_2",0.004920
"4799_8",0.999450
"4845_1",0.000091
"3458_1",0.000346
"9535_9",0.996901
"6553_10",0.999544
"486_4",0.005436
"11162_7",0.961031
"7689_7",0.999256
"12058_1",0.041265
"3740_1",0.000455
"11656_8",0.001900
"9795_1",0.001816
"1947_1",0.000350
"1468_1",0.000214
"4158_10",0.999598
"5876_1",0.004639
"12084_4",0.005005
"5434_7",0.999184
"7984_9",0.950802
"2217_8",0.993180
"2300_4",0.000186
"8707_7",0.998070
"3345_10",0.999959
"7375_8",0.988620
"1150_2",0.034807
"8557_10",0.998719
"5590_8",0.999453
"5270_1",0.005278
"10339_4",0.002934
"6789_3",0.274645
"4289_1",0.309383
"693_4",0.992050
"326_1",0.914876
"9786_8",0.998309
"6610_10",0.999840
"11350_9",0.999823
"10907_1",0.636871
"3285_8",0.999790
"10964_4",0.001732
"5411_1",0.001014
"6188_10",0.999838
"7110_3",0.000060
"7355_8",0.240469
"12116_1",0.038293
"1187_1",0.000292
"12167_7",0.982940
"5530_9",0.492488
"2829_10",0.433555
"9549_4",0.000171
"8805_10",0.991131
"10265_3",0.133788
"5227_3",0.000030
"8693_10",0.999867
"6331_10",0.999765
"9079_4",0.000553
"7200_1",0.000337
"9322_10",0.999961
"2899_4",0.024265
"6478_10",0.997757
"4659_1",0.021720
"6755_1",0.000424
"10385_10",0.993075
"11861_1",0.000042
"5483_10",0.999781
"4012_10",0.999943
"7146_9",0.999590
"3782_9",0.999878
"12181_4",0.002487
"10663_10",0.759127
"4712_1",0.000208
"11071_10",0.992313
"11171_3",0.000141
"9043_10",0.998945
"9912_10",0.999716
"7306_9",0.997990
"12382_9",0.981430
"11654_9",0.980888
"8848_1",0.000286
"4076_3",0.000482
"8248_3",0.173625
"10011_1",0.002029
"11769_1",0.011510
"4164_9",0.999943
"1831_1",0.000160
"4164_1",0.000145
"318_3",0.346726
"7221_10",0.999378
"10912_8",0.999814
"1321_4",0.844757
"7712_7",0.996175
"2680_4",0.012922
"8374_1",0.000255
"995_7",0.999973
"2009_1",0.000369
"3905_9",0.979433
"3348_3",0.001198
"6466_1",0.039615
"11900_10",0.999931
"1634_7",0.029655
"8245_4",0.001029
"8561_1",0.126644
"2072_2",0.005312
"12060_10",0.999705
"8178_3",0.000160
"8778_1",0.000906
"10489_8",0.999679
"10118_8",0.997244
"3470_8",0.999928
"8014_4",0.999250
"582_10",0.999250
"8984_8",0.998925
"9085_8",0.941296
"8894_2",0.001548
"3762_2",0.027386
"3815_2",0.000030
"5903_9",0.865021
"8907_10",0.999502
"6140_7",0.996712
"9279_4",0.980293
"2948_9",0.999949
"10588_10",0.998593
"8239_1",0.009545
"6986_2",0.000020
"5308_3",0.002182
"11984_8",0.017279
"9984_4",0.404554
"11803_8",0.999785
"2925_10",0.999350
"11396_10",0.983824
"8998_7",0.555747
"4511_7",0.999425
"5780_2",0.000661
"9838_4",0.039819
"422_10",0.989503
"11389_10",0.927252
"8511_3",0.385449
"2089_10",0.999979
"5818_3",0.024279
"566_9",0.221380
"452_10",0.999987
"4451_9",0.978396
"6105_1",0.004918
"2158_10",0.000084
"10395_2",0.660605
"11291_3",0.000037
"2408_8",0.991073
"3698_9",0.976417
"6060_2",0.000090
"9509_10",0.999238
"7136_10",0.997826
"5557_10",0.999901
"7155_2",0.000682
"11421_10",0.999085
"3620_4",0.990081
"2176_4",0.969640
"8970_1",0.070878
"11186_10",0.999953
"9604_3",0.019137
"6047_10",0.908566
"4487_9",0.998393
"11880_3",0.002494
"2650_2",0.979186
"5279_1",0.003812
"9289_1",0.001606
"11673_10",0.999749
"6890_2",0.000620
"2668_10",0.995121
"942_1",0.000215
"264_1",0.000118
"10157_1",0.188812
"791_10",0.998195
"11434_9",0.998240
"5630_2",0.000206
"9392_1",0.003091
"12471_3",0.577318
"8593_9",0.945765
"10333_10",0.826780
"9146_8",0.997139
"5404_7",0.999622
"7662_9",0.999913
"11068_1",0.001300
"4460_2",0.009898
"5002_10",0.998754
"9269_9",0.999575
"1639_10",0.999880
"9045_1",0.002855
"9944_8",0.932197
"4091_4",0.005571
"6889_4",0.000820
"71_9",0.999931
"10173_8",0.999611
"2513_8",0.999889
"7507_1",0.000043
"1235_2",0.000111
"3325_1",0.206634
"4146_7",0.001570
"7286_8",0.991983
"4096_1",0.000138
"3897_7",0.999899
"11240_10",0.999976
"4109_1",0.000042
"9566_4",0.000165
"2038_8",0.997366
"6985_7",0.855917
"6967_9",0.997810
"11020_10",0.999781
"3291_1",0.703153
"9763_3",0.165277
"1943_7",0.966753
"7599_7",0.937240
"8158_8",0.999877
"4140_3",0.000273
"11840_2",0.000163
"9675_1",0.000787
"10878_1",0.000038
"10760_1",0.000036
"260_1",0.000071
"8188_10",0.999900
"3260_1",0.000092
"6172_9",0.999985
"10021_3",0.002134
"7784_10",0.999941
"4066_1",0.065939
"12325_10",0.996434
"9894_8",0.986498
"1242_1",0.000116
"2059_1",0.015625
"10686_7",0.999078
"8110_2",0.000982
"8398_7",0.903974
"6096_9",0.806839
"9422_3",0.016302
"2919_4",0.999476
"10248_1",0.007892
"7480_1",0.211153
"3248_8",0.999749
"10264_2",0.001971
"7401_10",0.902331
"10528_1",0.020469
"7623_8",0.193821
"3968_2",0.060177
"10918_4",0.001327
"5146_7",0.979903
"12466_4",0.000471
"10395_10",0.992186
"3862_8",0.999235
"2247_1",0.685187
"2979_9",0.999940
"3271_9",0.999518
"5225_1",0.000969
"5662_1",0.977480
"12087_3",0.001712
"10765_10",0.999958
"1256_4",0.143120
"2057_1",0.000617
"2610_7",0.987420
"2065_2",0.001105
"4410_3",0.544934
"6847_10",0.999979
"1927_1",0.000314
"4201_9",0.941546
"2578_8",0.999837
"74_10",0.999893
"8324_10",0.999698
"4762_8",0.009651
"10612_3",0.000058
"11353_10",0.996557
"10709_8",0.999574
"3978_7",0.988532
"954_4",0.000593
"2493_10",0.992306
"8293_7",0.999830
"9454_1",0.646047
"8982_1",0.006087
"5201_3",0.299957
"9758_1",0.000459
"5999_8",0.999370
"11000_1",0.000114
"647_1",0.001497
"7345_9",0.999883
"5105_3",0.020808
"9488_4",0.002589
"11810_10",0.999977
"5343_8",0.998693
"1671_7",0.998879
"6414_2",0.044356
"3749_8",0.999538
"2310_2",0.000081
"8460_2",0.003531
"12305_1",0.000133
"11672_1",0.000067
"11726_10",0.994497
"11659_2",0.790013
"8684_2",0.003271
"6546_10",0.998398
"1980_8",0.988350
"3113_10",0.997691
"8440_1",0.000389
"7473_7",0.998816
"726_7",0.998653
"11165_10",0.999013
"9830_2",0.970360
"6409_10",0.999645
"11455_3",0.004959
"993_3",0.046273
"3186_1",0.002462
"11631_4",0.014082
"3225_1",0.001215
"4442_1",0.003714
"6775_9",0.979005
"230_7",0.987049
"5971_4",0.661680
"763_10",0.999974
"9943_10",0.999864
"10098_9",0.993666
"7219_10",0.998653
"6348_8",0.997416
"5774_10",0.908091
"1842_4",0.462421
"3544_8",0.999822
"5661_10",0.997832
"8698_1",0.000225
"7576_1",0.002123
"584_3",0.012881
"9963_8",0.999737
"11653_8",0.999709
"4269_1",0.000102
"728_1",0.001553
"7118_2",0.000548
"6305_4",0.999909
"5970_4",0.023071
"4729_1",0.001866
"7638_10",0.919126
"2709_10",0.999707
"1461_7",0.902564
"5302_10",0.999889
"3589_10",0.999864
"3897_4",0.311296
"9883_1",0.030903
"9903_4",0.000933
"9789_1",0.001617
"2971_4",0.000499
"5015_7",0.999720
"9215_1",0.022444
"8553_2",0.047476
"5671_3",0.002561
"748_7",0.998665
"8222_10",0.994335
"9336_3",0.865344
"1585_1",0.000580
"10634_8",0.998394
"4549_8",0.999103
"7014_10",0.998972
"2412_10",0.999534
"5779_10",0.067123
"11949_4",0.119098
"6879_8",0.999080
"4432_2",0.095726
"5825_10",0.996049
"10422_9",0.890318
"4575_10",0.991529
"11520_1",0.004997
"6612_1",0.064826
"4206_7",0.898709
"1611_10",0.998973
"8170_10",0.999054
"96_1",0.000986
"715_10",0.995983
"10032_8",0.998753
"2585_1",0.000564
"7477_3",0.990349
"2778_10",0.999992
"6807_1",0.999505
"6378_1",0.094182
"1752_10",0.998884
"2305_8",0.998970
"7423_3",0.003679
"496_9",0.999695
"10829_1",0.000199
"7012_9",0.989224
"7701_7",0.998646
"6858_8",0.999908
"2723_4",0.128798
"5720_1",0.236169
"1531_9",0.973638
"3052_8",0.999934
"2728_7",0.992839
"2275_4",0.045214
"11211_1",0.235917
"4603_3",0.038857
"2273_9",0.999963
"11662_2",0.002731
"4887_3",0.002929
"8155_9",0.961237
"2373_4",0.002968
"1754_1",0.001100
"12247_9",0.999947
"10327_1",0.000618
"8968_3",0.000808
"370_8",0.999548
"559_10",0.995268
"8273_3",0.009040
"8125_2",0.000173
"8666_9",0.986829
"4827_7",0.626993
"9737_10",0.999607
"5604_8",0.038989
"8331_10",0.986224
"886_2",0.001391
"4413_7",0.991629
"4116_7",0.999230
"3675_1",0.176456
"496_3",0.359232
"8837_4",0.192872
"3099_2",0.158754
"5518_4",0.999124
"6953_9",0.999512
"1240_9",0.971474
"8614_1",0.000580
"1628_8",0.010861
"1673_3",0.421406
"10806_8",0.999059
"780_9",0.996385
"6957_8",0.999694
"10903_8",0.999985
"9908_7",0.322690
"4696_9",0.999709
"3816_7",0.623361
"489_9",0.999945
"2254_1",0.004342
"122_8",0.203363
"3171_8",0.997606
"54_3",0.467478
"8826_4",0.950835
"7686_1",0.000030
"10875_3",0.000046
"4858_10",0.211578
"1268_8",0.937331
"3497_10",0.773390
"6527_1",0.002639
"1345_9",0.960088
"10092_4",0.140386
"11571_9",0.998552
"2899_10",0.998093
"5381_10",0.999966
"8722_1",0.009673
"10521_10",0.997137
"296_9",0.999699
"6184_1",0.000504
"6657_10",0.948618
"5972_9",0.999966
"8599_7",0.007649
"6125_1",0.000268
"5834_2",0.096020
"12479_9",0.998875
"3253_2",0.000838
"4986_9",0.974016
"6439_7",0.820580
"9659_8",0.999750
"3375_3",0.546305
"3155_10",0.976638
"3478_9",0.999017
"6251_1",0.000108
"6281_1",0.000045
"4669_8",0.998667
"2843_2",0.000232
"8137_8",0.996318
"9390_10",0.999574
"11401_3",0.000239
"1455_4",0.012499
"8418_9",0.999938
"7064_4",0.005740
"7467_4",0.016942
"12492_10",0.999962
"1969_4",0.007729
"5388_8",0.581336
"3287_2",0.000571
"3493_1",0.316494
"11682_8",0.999797
"7860_3",0.977267
"5507_4",0.031667
"11741_10",0.999016
"8041_8",0.981126
"3525_7",0.997757
"12256_9",0.984446
"1559_10",0.999805
"5477_9",0.999720
"736_2",0.007140
"29_10",0.999751
"12257_7",0.999927
"11184_3",0.024793
"5323_4",0.000048
"11315_3",0.979982
"1400_4",0.475974
"7978_3",0.026710
"6543_10",0.565675
"2120_10",0.999152
"3033_10",0.999866
"4096_7",0.999925
"10945_1",0.327091
"10726_7",0.999671
"10568_10",0.999973
"8966_8",0.999695
"12274_4",0.006087
"10560_4",0.231870
"12352_8",0.946634
"5860_1",0.000191
"11828_1",0.000099
"10752_7",0.989076
"6501_4",0.038982
"561_1",0.000240
"6796_1",0.000160
"2626_4",0.622578
"9089_3",0.000150
"10921_10",0.999826
"6969_10",0.187691
"1039_1",0.008448
"9561_2",0.002496
"2651_10",0.999163
"8929_7",0.739189
"6434_2",0.000889
"3954_1",0.003466
"12408_10",0.997396
"9230_8",0.979990
"6626_1",0.001050
"1913_2",0.198308
"9277_10",0.999681
"8177_8",0.804525
"7174_2",0.003990
"10000_7",0.999830
"849_1",0.002436
"9768_1",0.000038
"2852_7",0.149635
"7872_10",0.999741
"7331_7",0.961619
"9716_8",0.985994
"5672_1",0.081248
"11305_7",0.985991
"4750_2",0.133030
"3606_7",0.999824
"10329_1",0.000100
"4407_8",0.999275
"4298_8",0.999665
"1526_3",0.050104
"1177_8",0.991012
"8366_3",0.034885
"1848_9",0.999659
"9689_1",0.000599
"4883_7",0.757340
"10485_10",0.999660
"10851_9",0.990555
"1550_7",0.999775
"5088_7",0.999451
"7420_7",0.667081
"8306_4",0.000883
"7474_9",0.987978
"5297_10",0.999968
"9105_1",0.000008
"4806_8",0.997750
"11659_10",0.999944
"5491_4",0.994572
"4175_1",0.000046
"8726_1",0.000055
"9049_4",0.000326
"3266_10",0.999907
"1396_1",0.037070
"8364_4",0.986425
"3945_2",0.000021
"196_4",0.056715
"279_1",0.000078
"12203_2",0.002563
"8613_8",0.989224
"3839_10",0.999964
"2780_7",0.002875
"10493_10",0.999673
"6866_9",0.999791
"4044_10",0.999946
"2435_1",0.000470
"1976_4",0.984150
"8649_3",0.043028
"7299_1",0.000212
"6018_2",0.000044
"9729_8",0.999651
"3154_10",0.983270
"950_1",0.059604
"1409_4",0.041162
"5175_10",0.999931
"9722_4",0.343919
"4077_2",0.004846
"7067_1",0.000735
"10984_10",0.999727
"7117_1",0.012313
"2121_10",0.999363
"1386_10",0.998060
"12236_10",0.999290
"11844_1",0.001330
"8085_9",0.981478
"333_3",0.004845
"6522_3",0.460975
"249_7",0.999729
"1199_1",0.001062
"499_8",0.775228
"10033_1",0.000196
"7699_9",0.997512
"4829_7",0.156265
"665_1",0.000492
"6743_8",0.997421
"10153_10",0.448901
"4757_2",0.032375
"6942_10",0.997601
"3895_7",0.090597
"11128_1",0.734834
"4404_3",0.000061
"10811_1",0.000382
"1165_7",0.997346
"10907_8",0.999976
"1859_10",0.999857
"5836_10",0.999104
"10158_2",0.265966
"899_3",0.031603
"8631_1",0.019096
"7153_8",0.824795
"847_2",0.000548
"4418_10",0.999412
"12320_10",0.988944
"11242_8",0.323875
"7046_7",0.999718
"1819_10",0.999127
"1651_10",0.999922
"8280_10",0.999947
"2062_9",0.999956
"4781_8",0.995778
"10314_1",0.001583
"1934_1",0.000077
"12230_7",0.999044
"6689_9",0.999767
"987_4",0.091777
"9881_2",0.021227
"4571_7",0.999941
"569_4",0.643418
"11392_3",0.656620
"10716_2",0.005044
"7643_3",0.048625
"7429_8",0.983285
"11315_7",0.378626
"3097_9",0.006245
"10398_1",0.000199
"6299_8",0.998398
"5951_2",0.000071
"8930_8",0.999775
"1852_4",0.000012
"2857_7",0.189849
"4544_9",0.013656
"9492_10",0.194033
"1947_8",0.993223
"9178_2",0.083172
"6290_3",0.000148
"6313_8",0.768433
"6975_8",0.999156
"12258_10",0.999862
"3970_10",0.998929
"8096_7",0.997704
"10872_3",0.000381
"3660_1",0.000181
"7958_10",0.906304
"652_1",0.000120
"10331_1",0.000050
"2368_4",0.000962
"12367_1",0.001126
"12125_3",0.198688
"5785_8",0.250144
"5213_10",0.999071
"6334_8",0.999668
"8005_4",0.070257
"8405_7",0.998457
"4629_2",0.000745
"9342_8",0.964430
"11634_3",0.000811
"2878_2",0.080050
"6195_1",0.000349
"6994_8",0.997557
"12170_3",0.007132
"7384_1",0.000339
"1047_8",0.999807
"669_2",0.001837
"2976_1",0.033483
"4718_1",0.000287
"1203_1",0.000090
"9113_10",0.999210
"2928_1",0.016420
"10734_8",0.675119
"6469_7",0.961338
"2896_3",0.225635
"12061_8",0.999485
"240_9",0.999724
"8580_1",0.275948
"1961_1",0.761581
"6145_1",0.004747
"11028_4",0.724759
"7664_1",0.000063
"3022_1",0.014612
"7893_8",0.504146
"1149_8",0.999947
"8301_8",0.301390
"8210_10",0.999820
"9949_8",0.155408
"2961_4",0.118878
"9796_10",0.999786
"4397_7",0.989491
"2936_3",0.108789
"11382_10",0.999871
"11671_1",0.000553
"10864_1",0.000144
"11253_4",0.759774
"4692_3",0.000096
"11905_2",0.241413
"12066_1",0.928694
"789_8",0.541114
"7700_8",0.727237
"7697_7",0.935037
"8628_4",0.001155
"5719_2",0.229266
"4761_2",0.000359
"8777_1",0.043416
"3525_1",0.001460
"11990_4",0.001561
"432_10",0.999699
"4115_3",0.001206
"10888_10",0.999814
"6995_2",0.884454
"11910_10",0.224404
"8895_1",0.000113
"12149_10",0.999625
"11782_8",0.001006
"12139_7",0.771587
"380_2",0.447861
"5242_10",0.979623
"3542_9",0.658917
"6821_1",0.950699
"6931_1",0.000515
"5958_9",0.999281
"5332_2",0.000394
"2630_2",0.000101
"6387_7",0.879532
"7899_8",0.103393
"11017_3",0.000073
"11800_10",0.998415
"10926_10",0.999804
"9866_10",0.997874
"3203_2",0.015398
"11276_4",0.022119
"8342_2",0.628383
"6167_10",0.894383
"36_3",0.000019
"3340_1",0.000056
"3997_9",0.999992
"2627_10",0.999974
"4204_1",0.001457
"1018_4",0.042502
"10951_1",0.000032
"5315_4",0.978077
"6301_7",0.998986
"12038_10",0.999914
"3164_10",0.000414
"10989_8",0.999847
"2449_9",0.975152
"4375_1",0.134551
"7037_3",0.674028
"33_7",0.999753
"7457_10",0.998138
"2082_3",0.292345
"1316_10",0.999572
"9097_3",0.059524
"5804_10",0.998336
"9411_1",0.000172
"118_10",0.998648
"560_3",0.012110
"8914_9",0.980799
"2745_4",0.213375
"2607_1",0.003333
"4405_4",0.204191
"10451_1",0.096459
"1887_7",0.954021
"725_2",0.005766
"5118_4",0.008332
"9536_1",0.000026
"127_3",0.000235
"2833_8",0.975287
"131_7",0.976784
"7789_10",0.999891
"6294_7",0.998387
"3872_4",0.001309
"5454_7",0.997443
"11162_1",0.002315
"1685_1",0.000035
"8352_2",0.113633
"5003_1",0.000671
"262_9",0.993260
"8233_8",0.986909
"1814_10",0.999285
"1967_10",0.039326
"7545_10",0.997306
"12386_2",0.115765
"9531_9",0.999873
"3013_1",0.004351
"6835_10",0.999956
"1279_3",0.006831
"2411_1",0.000396
"9537_1",0.000049
"3446_10",0.999302
"656_4",0.046351
"7085_1",0.000115
"8355_1",0.029667
"1869_3",0.023527
"2317_2",0.000111
"11228_4",0.025699
"3987_8",0.999978
"509_3",0.000126
"5168_8",0.999856
"9267_10",0.999908
"912_10",0.996507
"10275_9",0.986146
"2855_10",0.902138
"6079_4",0.977279
"2728_1",0.000100
"9895_4",0.788249
"8230_7",0.972751
"5152_4",0.269051
"4137_8",0.992134
"919_10",0.999964
"1481_1",0.002251
"2468_1",0.000201
"383_1",0.000025
"11552_4",0.128048
"856_7",0.983037
"9047_1",0.000067
"2300_9",0.990635
"1346_7",0.909220
"6316_4",0.900048
"7983_10",0.999371
"9685_10",0.986330
"2745_10",0.699920
"8149_1",0.084387
"9478_1",0.002732
"3126_3",0.463966
"11629_10",0.990328
"5858_8",0.959608
"200_8",0.998370
"7721_4",0.234546
"12334_8",0.989002
"9582_4",0.229018
"5696_9",0.777437
"3823_3",0.078293
"11571_4",0.992101
"1349_9",0.998988
"4306_7",0.999872
"6924_1",0.000188
"10639_10",0.213984
"5674_1",0.000201
"11321_1",0.000095
"771_4",0.897195
"3519_1",0.000248
"2378_2",0.000306
"5677_10",0.999960
"2807_4",0.003586
"10165_9",0.997247
"6940_1",0.002318
"11015_3",0.179623
"1055_3",0.011136
"11055_9",0.999590
"8173_1",0.893663
"10743_1",0.013766
"11927_3",0.127799
"8785_4",0.763952
"10995_1",0.022860
"11899_1",0.000157
"10078_10",0.984794
"11831_8",0.906519
"8182_1",0.234421
"9664_2",0.045981
"12229_9",0.999854
"6076_2",0.053550
"8529_2",0.005346
"4686_1",0.884124
"8174_9",0.999876
"7395_4",0.712937
"1803_10",0.999946
"2508_1",0.000340
"452_2",0.038996
"8830_4",0.530599
"3240_4",0.958581
"578_2",0.020191
"3093_2",0.006875
"9543_1",0.000206
"9065_4",0.001228
"534_4",0.995659
"9762_2",0.561518
"3037_1",0.000286
"4632_7",0.999947
"5064_8",0.888810
"9962_10",0.999940
"9340_10",0.999574
"5881_1",0.000124
"4642_10",0.999855
"5293_4",0.809618
"6721_1",0.001675
"9869_7",0.997576
"7070_10",0.998824
"12486_9",0.997351
"4943_9",0.985726
"7939_10",0.991342
"5786_3",0.075677
"10357_7",0.790261
"7147_10",0.999954
"8627_10",0.999831
"3370_1",0.238139
"4117_10",0.999722
"8178_7",0.999692
"968_8",0.999900
"5931_8",0.361468
"6459_2",0.000116
"2480_3",0.000750
"5511_10",0.960700
"7554_2",0.001140
"9276_8",0.999759
"140_2",0.080559
"2776_10",0.996006
"3690_1",0.092131
"6369_2",0.432464
"7438_10",0.999918
"872_9",0.988439
"2389_2",0.116815
"2882_3",0.251117
"10404_9",0.999746
"5790_4",0.246697
"2382_7",0.996562
"7798_1",0.001672
"272_1",0.007460
"298_1",0.096399
"11414_7",0.919789
"9255_4",0.532559
"5914_4",0.567341
"2974_7",0.997932
"6739_7",0.985610
"1229_7",0.955120
"2268_10",0.999855
"2352_7",0.998770
"9329_10",0.997846
"11380_10",0.997825
"215_4",0.000859
"9915_2",0.000292
"541_1",0.034881
"10975_2",0.165083
"6946_9",0.992085
"3286_7",0.994320
"7482_10",0.999581
"48_4",0.869280
"10046_4",0.775806
"6295_1",0.000308
"6417_4",0.000071
"2401_4",0.003056
"8608_1",0.011555
"3500_8",0.476187
"11903_3",0.068973
"4012_2",0.854010
"11415_4",0.017349
"5835_4",0.010400
"9039_4",0.002197
"6526_1",0.007801
"6379_8",0.391624
"6136_10",0.999309
"6094_4",0.203066
"11608_9",0.015247
"3745_3",0.507825
"10694_1",0.000548
"3222_10",0.999061
"3394_4",0.003575
"7790_10",0.999696
"2982_10",0.999427
"12253_3",0.991856
"5900_1",0.080210
"3398_4",0.973189
"10038_7",0.312550
"1520_8",0.995346
"11756_2",0.003734
"6228_1",0.000198
"6226_7",0.989228
"4377_10",0.485690
"9730_1",0.002952
"11088_4",0.556477
"7867_10",0.999937
"5072_1",0.670502
"7935_3",0.004012
"4536_3",0.028881
"6989_2",0.000821
"8101_8",0.998117
"3364_7",0.968328
"7862_1",0.000334
"8562_2",0.001881
"9783_9",0.996009
"7272_1",0.008465
"1025_3",0.039865
"9432_7",0.995419
"4153_8",0.999599
"8528_1",0.000213
"8427_4",0.140962
"5417_1",0.002304
"6575_1",0.729402
"10041_8",0.368644
"7589_4",0.129273
"10391_9",0.948743
"1400_7",0.917569
"9428_2",0.002071
"7106_3",0.002620
"5695_10",0.999856
"6430_10",0.999096
"11722_4",0.338798
"11328_1",0.001276
"9020_3",0.000822
"183_10",0.999675
"6674_10",0.999755
"5495_10",0.999542
"2237_7",0.993281
"11943_7",0.999830
"5872_10",0.459588
"5043_9",0.998133
"3869_1",0.011412
"5113_4",0.933728
"4671_3",0.000057
"9220_4",0.821495
"7330_1",0.000025
"5344_3",0.006762
"11965_1",0.000275
"7620_9",0.973631
"7044_10",0.563764
"6296_10",0.124998
"8204_1",0.002917
"7661_9",0.640952
"11708_2",0.017694
"2415_7",0.971467
"7840_4",0.000446
"2628_10",0.999766
"4633_3",0.004304
"7320_2",0.000194
"11755_1",0.002084
"2589_2",0.006061
"5044_10",0.999972
"5189_1",0.001720
"7926_7",0.926651
"2454_10",0.940336
"3368_1",0.001042
"12223_7",0.993861
"7348_1",0.000069
"12007_8",0.988581
"5501_7",0.999107
"4025_8",0.999579
"6447_10",0.999268
"5438_3",0.000260
"7910_10",0.551724
"377_1",0.000268
"409_8",0.999981
"2150_9",0.999864
"11986_2",0.000248
"2544_2",0.037695
"5141_10",0.999611
"8305_3",0.997502
"8329_10",0.998517
"2333_8",0.996237
"5171_4",0.035384
"5412_10",0.992684
"1081_10",0.997176
"10773_7",0.999639
"1969_10",0.999644
"8276_10",0.998623
"1244_1",0.161272
"7113_2",0.276257
"9535_2",0.000144
"4627_7",0.999936
"10757_4",0.440597
"10091_10",0.979425
"5211_10",0.942430
"7510_7",0.000786
"11674_10",0.987789
"5299_8",0.999975
"3515_8",0.996877
"10143_3",0.001570
"2274_10",0.998136
"2372_3",0.972403
"3116_8",0.997654
"7340_3",0.048803
"1394_9",0.989731
"2047_9",0.992861
"8587_2",0.253848
"11579_10",0.982542
"942_10",0.999986
"9355_4",0.133387
"8812_10",0.999867
"4732_2",0.009995
"3180_10",0.980001
"310_9",0.998057
"3980_8",0.946741
"6923_2",0.004483
"2424_9",0.999342
"1092_4",0.057747
"9238_7",0.675363
"2382_2",0.000041
"3579_1",0.016190
"6801_8",0.999451
"3768_8",0.985049
"11717_10",0.999213
"10001_9",0.969824
"355_10",0.992098
"8896_1",0.027154
"9772_1",0.000903
"7624_10",0.088614
"1102_3",0.001323
"10949_9",0.999963
"1269_10",0.999719
"11768_4",0.000725
"5555_4",0.007581
"2233_9",0.984020
"6567_8",0.974511
"12130_8",0.999874
"8587_7",0.999934
"10973_1",0.047350
"3863_10",0.999990
"9220_8",0.923986
"7579_10",0.999920
"4411_10",0.998555
"2093_8",0.999774
"10883_10",0.986088
"3583_3",0.017028
"1396_8",0.999978
"1930_3",0.070461
"8779_1",0.195800
"12478_9",0.999251
"176_9",0.998579
"11733_10",0.999641
"11368_1",0.000352
"4077_8",0.815060
"11056_7",0.999352
"5567_3",0.001873
"8549_3",0.025610
"9743_1",0.000056
"6916_9",0.999966
"6147_1",0.908216
"7820_7",0.999732
"1352_7",0.999132
"5337_10",0.999892
"12285_3",0.014104
"8992_2",0.000081
"4644_2",0.000149
"9793_10",0.768004
"2359_10",0.978057
"2137_9",0.999009
"10559_3",0.019127
"2679_3",0.000741
"10010_2",0.007250
"11987_10",0.673229
"8824_10",0.999753
"11418_7",0.999215
"2423_9",0.971812
"1576_7",0.819885
"7947_4",0.240495
"1714_10",0.993661
"6006_8",0.999064
"939_8",0.976854
"3755_4",0.003941
"3213_3",0.010579
"164_2",0.005584
"1123_10",0.998633
"7397_7",0.276824
"822_1",0.000106
"5631_2",0.005398
"10464_10",0.999651
"11397_10",0.999800
"10679_3",0.000074
"8205_1",0.000462
"6947_10",0.998315
"2000_1",0.001484
"4075_7",0.964584
"1388_8",0.744460
"446_1",0.000033
"1063_2",0.000065
"6030_3",0.030942
"5613_2",0.000478
"8759_3",0.583315
"12169_1",0.000347
"5111_4",0.001607
"2891_4",0.798186
"827_1",0.129814
"6229_8",0.999249
"2212_4",0.975551
"4788_9",0.904098
"8859_1",0.000047
"9798_10",0.999238
"9763_9",0.114123
"3889_7",0.993829
"3275_8",0.999014
"5106_10",0.997369
"7576_10",0.999828
"9405_3",0.001524
"7108_1",0.002525
"9794_10",0.906714
"2653_10",0.999703
"10545_10",0.999151
"12306_10",0.997254
"4696_2",0.000842
"7982_10",0.999954
"11066_3",0.168018
"10034_1",0.000355
"6035_3",0.002178
"9518_9",0.998010
"1266_8",0.999791
"11336_9",0.994284
"4159_10",0.999971
"9375_8",0.999818
"5204_1",0.000783
"3360_10",0.998757
"5659_1",0.002556
"8839_4",0.169501
"4529_7",0.999045
"3283_2",0.040944
"5376_7",0.999894
"5379_8",0.999976
"5266_4",0.000730
"7463_9",0.989941
"3595_1",0.003092
"3141_10",0.992780
"9986_2",0.302118
"4279_1",0.060997
"1427_4",0.715702
"8357_10",0.994706
"715_4",0.920405
"8482_9",0.999563
"3091_10",0.993469
"5735_7",0.988551
"3100_4",0.002361
"11447_8",0.995944
"4577_1",0.005551
"10287_10",0.934698
"3384_3",0.000344
"3820_9",0.997331
"8883_3",0.018491
"11279_10",0.930112
"3093_8",0.978035
"10465_3",0.000982
"4423_10",0.999812
"601_3",0.000144
"1902_10",0.998877
"1509_8",0.183890
"3019_9",0.999372
"11994_9",0.998853
"4246_2",0.174809
"842_10",0.999973
"4917_8",0.937229
"68_1",0.009490
"6613_2",0.000276
"7230_10",0.967070
"6183_4",0.130881
"338_10",0.999035
"6182_8",0.999138
"2409_1",0.002745
"9965_8",0.997648
"1336_10",0.145581
"4456_2",0.001380
"12437_8",0.999479
"8437_10",0.999889
"409_4",0.000455
"2303_10",0.999493
"2144_9",0.677917
"2302_8",0.999757
"385_9",0.346502
"3617_8",0.993030
"5450_7",0.973387
"6882_4",0.000660
"2980_4",0.012280
"9828_4",0.000235
"10745_8",0.969433
"3478_1",0.000117
"2167_2",0.000562
"5562_2",0.001458
"8771_7",0.118882
"8372_10",0.998713
"10749_8",0.946004
"7394_10",0.983130
"3711_7",0.999156
"5375_1",0.321310
"7881_7",0.984026
"7023_2",0.000089
"206_10",0.999906
"4760_9",0.998975
"12026_1",0.005923
"12182_10",0.986524
"1821_8",0.999964
"10828_1",0.000350
"2446_10",0.767830
"5327_10",0.991557
"5727_3",0.000075
"11460_4",0.410435
"6484_10",0.998693
"3555_4",0.712130
"10641_8",0.999957
"650_3",0.772731
"1467_10",0.999644
"7651_3",0.013618
"11459_4",0.019510
"9255_10",0.995848
"7888_10",0.999395
"4118_2",0.000508
"2540_9",0.989249
"2152_7",0.994309
"2614_10",0.998933
"2892_10",0.914046
"3878_1",0.000144
"273_10",0.999739
"5565_10",0.999545
"444_10",0.999151
"11062_10",0.999656
"5184_1",0.000049
"12140_3",0.000269
"3254_8",0.989640
"11537_7",0.513600
"7606_10",0.999330
"6120_2",0.002189
"7416_10",0.996112
"10759_3",0.000675
"12255_9",0.999974
"1114_10",0.999632
"6827_8",0.993954
"10246_2",0.044853
"204_9",0.999984
"5816_10",0.997545
"2693_9",0.990566
"2578_2",0.008667
"4958_3",0.971073
"7873_10",0.965911
"8795_2",0.295176
"1431_3",0.000043
"11635_7",0.993573
"1327_3",0.000024
"10813_7",0.980130
"9764_4",0.562718
"5861_8",0.998101
"8995_3",0.000399
"2243_1",0.009104
"11708_7",0.999376
"1998_2",0.029283
"11887_8",0.999726
"4836_10",0.974797
"1603_4",0.001932
"9860_4",0.022854
"1728_1",0.016690
"12108_1",0.001737
"9756_4",0.999651
"1325_3",0.044059
"5174_1",0.000911
"9917_2",0.345834
"6101_1",0.000684
"2010_10",0.997867
"1132_8",0.995178
"8516_1",0.023778
"3563_1",0.000279
"2362_10",0.998420
"10971_1",0.000896
"8672_9",0.999933
"2863_2",0.000207
"2750_1",0.000257
"8599_4",0.000030
"12115_7",0.997038
"4921_2",0.000025
"2975_2",0.000025
"4245_8",0.995345
"10778_10",0.999842
"7816_7",0.992467
"9131_1",0.156280
"5541_3",0.080721
"7956_1",0.001503
"780_3",0.025790
"1052_10",0.989559
"6842_8",0.999944
"8279_10",0.999220
"9653_3",0.045983
"3025_1",0.000383
"1174_1",0.002201
"1039_10",0.997576
"4609_10",0.999336
"2150_1",0.000405
"6289_7",0.011679
"2963_2",0.009395
"8801_1",0.004976
"5196_7",0.999271
"5723_2",0.000262
"10530_10",0.999202
"9473_1",0.018538
"3355_3",0.000083
"5388_3",0.049960
"12102_2",0.005199
"11038_10",0.970474
"9672_1",0.000140
"6875_8",0.998977
"4754_8",0.967314
"6814_3",0.189678
"8937_3",0.281127
"7077_4",0.002174
"1782_1",0.040819
"631_4",0.165260
"7876_1",0.377536
"74_4",0.005525
"2846_9",0.619905
"4190_1",0.002396
"7843_4",0.002608
"7528_7",0.416305
"2396_8",0.991156
"790_1",0.000083
"2020_7",0.992338
"2526_1",0.000596
"8104_8",0.998956
"12372_2",0.003332
"417_1",0.007518
"1318_2",0.000662
"4530_1",0.001056
"2370_4",0.999734
"1886_10",0.999416
"9386_1",0.000171
"7863_1",0.000069
"3864_10",0.999936
"6559_2",0.000160
"7855_7",0.748332
"1672_1",0.000309
"8453_2",0.835072
"8373_3",0.007737
"9770_10",0.999757
"12009_1",0.000271
"2770_3",0.000213
"4618_7",0.998303
"9797_10",0.999424
"6605_1",0.002782
"10176_1",0.002750
"8949_10",0.999912
"5401_7",0.926126
"3295_7",0.998293
"4791_1",0.030877
"4016_1",0.001461
"4314_10",0.981853
"2903_1",0.004014
"3835_9",0.998381
"7532_1",0.000682
"729_10",0.991412
"5753_1",0.020815
"11976_2",0.000960
"3027_1",0.067946
"9721_9",0.945671
"11295_3",0.530735
"3241_1",0.002461
"5389_9",0.999829
"9889_1",0.001720
"3522_4",0.000074
"10865_8",0.997866
"1015_8",0.999350
"5048_10",0.998063
"2671_2",0.012374
"2841_4",0.001356
"4928_1",0.028130
"10499_1",0.149870
"9409_10",0.999632
"974_10",0.172489
"11582_7",0.999230
"9988_10",0.993736
"3463_8",0.992782
"5194_1",0.970949
"3377_4",0.007729
"4352_1",0.780443
"10862_1",0.000681
"1545_7",0.564364
"9801_10",0.999856
"1905_2",0.000912
"12276_9",0.999086
"7544_1",0.008612
"10056_1",0.011628
"3623_1",0.132297
"4013_7",0.010415
"1294_4",0.895831
"10285_9",0.999934
"7793_10",0.999903
"3809_9",0.999756
"4586_3",0.000214
"7511_1",0.104704
"10873_4",0.001007
"4888_8",0.384396
"4349_10",0.991188
"1531_3",0.264712
"8884_3",0.002265
"7336_3",0.198554
"9688_10",0.971580
"7208_1",0.000266
"4355_8",0.977633
"6098_2",0.006674
"9106_10",0.988562
"6422_1",0.000327
"2054_9",0.998256
"550_8",0.972132
"402_8",0.999757
"11832_10",0.999883
"10256_10",0.998411
"6131_1",0.000048
"11907_4",0.044569
"4459_4",0.039362
"8555_7",0.998509
"5079_2",0.000036
"10304_2",0.003198
"10489_1",0.000080
"566_3",0.055401
"1999_1",0.000957
"590_1",0.000736
"11159_1",0.100551
"10612_9",0.997626
"10810_2",0.647013
"11658_4",0.003171
"1950_9",0.948948
"8977_4",0.097708
"9040_1",0.007164
"2891_10",0.971384
"2966_10",0.997481
"8665_4",0.820107
"6600_1",0.000059
"9308_1",0.438647
"7870_10",0.999657
"10511_1",0.022025
"7235_8",0.679807
"132_9",0.999741
"1575_8",0.996617
"3328_8",0.993330
"3273_1",0.000203
"9475_4",0.665505
"10938_7",0.221651
"8143_7",0.921342
"9003_10",0.994807
"9854_10",0.999926
"9932_2",0.000257
"1017_7",0.873275
"4386_9",0.999629
"1105_3",0.002566
"7315_7",0.537465
"37_9",0.999905
"8409_10",0.996439
"12118_1",0.011930
"1665_8",0.999739
"10284_1",0.000085
"8922_3",0.002244
"2524_2",0.000059
"11205_2",0.000178
"4676_8",0.999413
"10479_4",0.981826
"9849_8",0.317030
"4841_3",0.615375
"9153_9",0.998695
"9279_8",0.999762
"11008_10",0.996777
"614_10",0.999920
"167_2",0.018742
"2041_1",0.003590
"6509_8",0.999258
"9832_7",0.353137
"5939_7",0.430016
"3267_3",0.046345
"3555_9",0.997972
"1668_7",0.999921
"11048_1",0.000050
"1856_3",0.004717
"4426_10",0.999935
"8457_3",0.858159
"6603_10",0.999078
"4738_1",0.000235
"11762_8",0.872380
"2078_10",0.993538
"6754_1",0.000449
"11721_2",0.000531
"11558_3",0.159344
"973_10",0.999791
"814_4",0.000144
"2102_3",0.001467
"11394_4",0.003584
"312_4",0.000195
"2994_1",0.001810
"5649_7",0.989095
"7281_8",0.943350
"2756_4",0.058334
"2137_1",0.001794
"8696_2",0.002141
"1158_3",0.129702
"4531_1",0.000179
"10047_10",0.999891
"683_7",0.734910
"8645_10",0.999762
"889_3",0.016300
"4202_2",0.000050
"3859_10",0.999638
"5038_8",0.999943
"6906_9",0.999463
"4154_8",0.997596
"9548_1",0.000158
"4434_9",0.998198
"9235_9",0.081240
"2368_8",0.998403
"8391_2",0.000067
"1391_7",0.982586
"4317_1",0.001810
"8345_4",0.020607
"8610_1",0.001184
"2888_10",0.999743
"5597_3",0.004018
"4900_7",0.967924
"3016_2",0.092978
"1057_2",0.000717
"5143_8",0.997348
"6932_2",0.020016
"7879_10",0.999624
"9300_3",0.000332
"12142_2",0.004213
"3426_3",0.580928
"7977_7",0.002913
"1573_3",0.555167
"336_10",0.999689
"4248_10",0.995743
"9693_7",0.011963
"7753_4",0.178380
"2290_10",0.999566
"9156_8",0.998015
"5526_4",0.008669
"3896_8",0.998010
"8520_7",0.999782
"3566_4",0.009923
"6386_7",0.997975
"4201_1",0.999932
"372_9",0.999947
"6768_8",0.999800
"9177_8",0.985637
"1079_1",0.001144
"934_10",0.999923
"11918_2",0.094184
"4867_4",0.000965
"12449_8",0.999939
"7907_10",0.999959
"4508_3",0.017179
"1075_2",0.000036
"11466_8",0.992894
"10935_2",0.123627
"4826_9",0.950092
"4814_7",0.997775
"8676_4",0.998446
"1058_1",0.000131
"7831_2",0.000121
"1150_9",0.999948
"5395_1",0.057576
"5435_7",0.998691
"1745_1",0.000088
"11278_4",0.062956
"8629_1",0.947874
"3145_9",0.997206
"8108_10",0.998987
"6377_1",0.016002
"10298_1",0.000048
"12265_1",0.000494
"11930_8",0.439426
"2511_10",0.999422
"7955_1",0.000287
"2335_9",0.996529
"3194_10",0.999881
"6724_10",0.824542
"9406_1",0.043727
"11369_1",0.000826
"1972_4",0.000963
"6900_8",0.929161
"7813_7",0.993966
"785_7",0.991053
"6368_3",0.003759
"2163_1",0.000244
"11487_8",0.999902
"4292_7",0.991045
"7451_4",0.008688
"11465_2",0.000790
"7641_8",0.999240
"8250_8",0.977866
"4490_1",0.001217
"10452_1",0.116649
"7442_3",0.010703
"3027_9",0.997732
"235_7",0.999194
"3750_7",0.599663
"8700_1",0.000088
"3584_10",0.619887
"7217_7",0.994328
"7769_10",0.999989
"10149_9",0.999650
"7607_2",0.000243
"7749_1",0.000247
"12067_1",0.001085
"388_10",0.999828
"6596_1",0.022815
"10242_2",0.851023
"3853_1",0.000098
"5726_4",0.000296
"9031_9",0.014590
"1543_7",0.989570
"1442_8",0.999864
"6336_10",0.978334
"5929_4",0.902200
"3378_3",0.218359
"183_4",0.148148
"3518_9",0.999491
"5870_8",0.999973
"5053_4",0.054744
"7330_7",0.994373
"9553_9",0.970586
"9552_10",0.999857
"8515_10",0.997884
"1666_9",0.999845
"6661_3",0.915546
"8721_1",0.001547
"1368_1",0.010439
"5076_9",0.954894
"12353_2",0.197834
"1099_7",0.999925
"8669_9",0.992703
"2564_8",0.999948
"4369_10",0.998721
"11951_4",0.000818
"11384_3",0.997494
"7459_3",0.747208
"6776_9",0.966331
"6673_3",0.000696
"2500_8",0.998427
"8739_3",0.000658
"3828_1",0.002280
"7945_2",0.905836
"7934_10",0.995309
"4571_1",0.000689
"11689_7",0.962949
"3681_10",0.997149
"5110_4",0.454633
"5953_8",0.999463
"10906_4",0.001929
"3424_8",0.994364
"6492_7",0.998674
"10450_1",0.003459
"4856_8",0.010266
"12019_1",0.256787
"1390_8",0.999921
"6452_4",0.000680
"4916_4",0.006392
"3979_3",0.000461
"6023_3",0.005936
"5762_1",0.000359
"4176_9",0.975896
"7194_2",0.253769
"3143_7",0.973279
"954_8",0.999955
"5291_1",0.001123
"2258_1",0.145486
"5412_1",0.000739
"4088_3",0.000198
"4312_1",0.056451
"517_1",0.000683
"5601_1",0.000054
"288_1",0.115667
"234_3",0.439171
"6665_8",0.999774
"6957_3",0.001366
"4454_2",0.003855
"3270_8",0.999647
"4500_3",0.002501
"7551_1",0.000189
"9033_4",0.015574
"2619_10",0.613608
"10093_10",0.989332
"5483_2",0.026153
"8383_1",0.000210
"11683_1",0.002100
"10649_1",0.039957
"181_3",0.438383
"3668_2",0.000054
"3769_1",0.001577
"11519_3",0.401535
"5716_10",0.925863
"10918_8",0.785660
"3103_1",0.013121
"7210_10",0.999636
"2515_8",0.999628
"8424_9",0.989043
"1404_10",0.999821
"3158_10",0.998859
"4996_2",0.000086
"5493_3",0.004651
"8540_9",0.990792
"8960_8",0.999937
"11274_3",0.001025
"11067_10",0.999780
"3335_2",0.269085
"6578_4",0.006582
"916_10",0.998763
"3844_1",0.011300
"7108_8",0.022681
"565_2",0.999770
"11622_3",0.019782
"10700_1",0.000050
"10483_1",0.032784
"8951_9",0.998679
"6326_8",0.999941
"3035_8",0.930702
"2292_10",0.996804
"11013_4",0.017006
"10618_1",0.001224
"11544_1",0.000065
"7550_10",0.999719
"289_8",0.999860
"6571_10",0.966747
"6056_10",0.069673
"10814_1",0.000046
"9377_1",0.001115
"1577_8",0.025660
"9268_9",0.999968
"10116_10",0.999855
"7411_10",0.999852
"12279_4",0.562475
"3575_1",0.029315
"8105_8",0.999887
"6092_10",0.999837
"12406_1",0.004862
"1117_2",0.000040
"12358_7",0.998001
"4469_9",0.998311
"7055_2",0.044276
"10412_8",0.997821
"12155_10",0.766016
"11222_3",0.005854
"9622_9",0.991404
"8992_8",0.999356
"5305_3",0.135679
"8111_10",0.999928
"3436_1",0.004956
"2748_8",0.998808
"6527_10",0.988327
"672_8",0.997783
"8172_4",0.959466
"5513_10",0.999673
"741_7",0.771767
"8886_7",0.999906
"6939_1",0.000286
"12235_1",0.000267
"10607_1",0.000280
"4708_10",0.998623
"9034_10",0.999831
"6600_10",0.981618
"2934_1",0.055268
"12168_10",0.994311
"9362_9",0.998790
"9627_8",0.999921
"9547_8",0.059674
"4108_2",0.001438
"10293_9",0.995344
"10105_8",0.985750
"11864_7",0.999723
"2843_7",0.076106
"836_9",0.999671
"6201_1",0.000055
"8192_4",0.996703
"2596_1",0.000456
"6847_3",0.680500
"8794_1",0.000929
"7281_4",0.002967
"9678_2",0.000480
"10950_3",0.827820
"5845_4",0.000391
"6187_10",0.999909
"4684_9",0.990357
"10852_1",0.001031
"11542_3",0.041629
"5385_1",0.172290
"9597_3",0.546047
"8975_3",0.010247
"10766_3",0.195721
"4236_8",0.457769
"118_1",0.000178
"7278_7",0.999778
"11069_7",0.999073
"1002_3",0.080435
"4210_7",0.999943
"8514_10",0.999134
"9676_1",0.004943
"11826_10",0.999718
"8216_8",0.999937
"575_4",0.000497
"3867_8",0.999776
"321_10",0.964725
"1654_1",0.007115
"973_4",0.249672
"8796_3",0.014133
"145_1",0.000244
"2649_2",0.012485
"2432_2",0.317433
"5713_10",0.999646
"6851_1",0.993667
"3523_7",0.998533
"9862_9",0.999811
"8888_9",0.897527
"12343_1",0.000197
"2298_9",0.999836
"7129_1",0.002915
"12163_7",0.962326
"1090_1",0.007094
"8249_7",0.999876
"3716_7",0.993341
"8095_4",0.449267
"9739_8",0.999830
"7041_1",0.003652
"7673_10",0.999967
"210_4",0.009161
"283_8",0.996688
"12361_9",0.999955
"9254_10",0.999840
"5598_1",0.000801
"128_10",0.999875
"11557_7",0.998161
"10232_10",0.999785
"10747_7",0.999698
"9984_9",0.997779
"9618_1",0.002563
"7976_10",0.692336
"5788_10",0.992095
"7378_4",0.749457
"2047_3",0.760635
"10053_10",0.779217
"8399_4",0.005039
"7925_10",0.984876
"6830_9",0.543438
"2530_9",0.999431
"9521_1",0.007891
"784_10",0.999958
"10417_7",0.999833
"2198_9",0.734113
"8219_8",0.999486
"6896_4",0.129705
"5341_7",0.998864
"2386_9",0.999469
"2323_8",0.911588
"9028_2",0.395536
"6983_7",0.997945
"9885_7",0.997959
"11720_1",0.000084
"8409_3",0.004390
"5797_7",0.999939
"7729_9",0.999971
"10591_10",0.999938
"9593_9",0.995402
"6364_4",0.000094
"7215_3",0.001472
"3653_2",0.000634
"4533_8",0.992246
"10899_8",0.999919
"8312_10",0.999652
"9543_10",0.999946
"5608_8",0.748229
"1432_10",0.998291
"5562_9",0.996515
"12171_9",0.676793
"4428_10",0.999958
"2062_2",0.000058
"8468_8",0.993262
"827_8",0.997414
"11539_3",0.129778
"4215_3",0.000043
"11310_3",0.532788
"4525_1",0.000369
"2093_1",0.000045
"11238_4",0.926741
"5523_8",0.997168
"9848_9",0.999922
"10000_4",0.008650
"10304_7",0.942525
"511_3",0.000269
"1807_7",0.961111
"9080_7",0.995199
"1808_9",0.999399
"6283_8",0.433970
"5913_1",0.000048
"685_1",0.020280
"9505_8",0.969824
"7152_1",0.004965
"11292_1",0.000130
"8334_10",0.998392
"11476_1",0.001935
"3431_10",0.913926
"4019_1",0.002865
"7292_3",0.065120
"1990_7",0.985251
"1574_1",0.003503
"5516_8",0.374069
"4687_10",0.999915
"11493_2",0.000087
"771_9",0.989234
"8864_1",0.000152
"3001_7",0.957589
"423_2",0.000224
"5062_7",0.460999
"5198_1",0.000036
"7303_1",0.009382
"7433_2",0.000170
"3085_7",0.996847
"3293_9",0.990431
"12426_7",0.396923
"5775_3",0.000329
"7358_1",0.001500
"3851_2",0.077771
"4785_10",0.569938
"9650_4",0.005194
"553_9",0.997191
"401_10",0.999863
"11522_8",0.999224
"5222_7",0.999762
"5042_7",0.920279
"2638_7",0.986245
"11883_10",0.999895
"11476_10",0.993858
"4999_10",0.999930
"10360_1",0.002451
"3443_9",0.998087
"1138_1",0.760326
"1898_10",0.756666
"6069_3",0.001916
"12101_2",0.000462
"1953_10",0.978115
"8679_10",0.999898
"10348_10",0.494754
"2208_3",0.015147
"3886_8",0.999846
"3734_2",0.000495
"1330_10",0.998330
"4639_3",0.012654
"6837_7",0.999849
"6520_8",0.999883
"653_10",0.999944
"5373_1",0.426332
"8074_10",0.999556
"3906_8",0.987056
"9264_1",0.000125
"2160_2",0.019594
"624_3",0.971035
"3899_1",0.000729
"2181_7",0.066220
"7932_4",0.424919
"8278_1",0.007083
"7162_9",0.999851
"185_4",0.240887
"1997_8",0.994131
"7295_9",0.980638
"1083_3",0.008256
"4678_2",0.003666
"4859_10",0.044796
"9091_8",0.999955
"397_3",0.000159
"11157_9",0.999145
"11261_10",0.968555
"10828_9",0.999654
"2452_7",0.994244
"10268_7",0.999566
"10306_1",0.000395
"18_8",0.999894
"7998_10",0.995103
"8574_10",0.999424
"2953_10",0.999543
"8996_9",0.999318
"7389_9",0.999978
"202_4",0.026929
"5612_4",0.001078
"9916_8",0.006748
"7606_1",0.000571
"1585_8",0.943138
"11803_2",0.007560
"236_10",0.999889
"7827_4",0.043048
"5423_2",0.499483
"3625_1",0.169037
"9887_9",0.999684
"3429_8",0.996656
"372_2",0.015681
"1228_4",0.024592
"7891_10",0.966065
"4387_1",0.000055
"6067_1",0.361382
"7822_1",0.000755
"10898_2",0.000238
"512_2",0.000197
"647_9",0.010683
"5361_4",0.086772
"8583_4",0.001317
"2858_2",0.192848
"4920_10",0.999964
"6857_2",0.017446
"925_2",0.001148
"2959_3",0.942297
"11481_10",0.178575
"10824_1",0.403440
"1577_4",0.003977
"2231_7",0.470300
"11545_3",0.002329
"1539_2",0.000321
"9657_4",0.036457
"10362_7",0.719170
"11131_2",0.225061
"9833_7",0.974105
"8495_10",0.992687
"11781_2",0.048277
"1056_8",0.999874
"9402_1",0.000252
"6212_1",0.000040
"3151_1",0.000308
"5921_3",0.001571
"2198_4",0.005413
"269_2",0.268172
"11464_8",0.985071
"30_4",0.001409
"5300_1",0.000141
"2277_3",0.004639
"10410_10",0.257687
"5233_1",0.675870
"4336_10",0.994303
"3084_10",0.999645
"2908_8",0.999164
"2814_4",0.132700
"8347_10",0.999869
"2319_1",0.000086
"16_1",0.000311
"821_10",0.947951
"2793_10",0.978182
"9909_9",0.999726
"6934_3",0.010773
"9138_1",0.001937
"702_1",0.003737
"3886_3",0.001664
"8311_8",0.974849
"9199_1",0.000332
"1254_10",0.999916
"6590_7",0.999876
"3040_8",0.998511
"849_7",0.980962
"7555_10",0.999984
"9668_3",0.044077
"10942_7",0.990622
"11343_2",0.001407
"7906_10",0.998798
"11671_10",0.982725
"126_4",0.166972
"9623_8",0.999478
"2872_3",0.002790
"11895_10",0.999974
"3245_1",0.000191
"6145_8",0.999772
"1022_10",0.998937
"6261_1",0.008179
"6888_3",0.896361
"12443_1",0.000721
"7433_10",0.977555
"6512_7",0.452705
"4161_9",0.999614
"6745_7",0.984669
"1993_10",0.999436
"6325_3",0.031599
"12484_9",0.994334
"2204_10",0.999896
"8065_7",0.998529
"1705_7",0.979064
"9370_1",0.017491
"6150_1",0.021644
"3587_10",0.999255
"1906_1",0.872554
"5706_4",0.985788
"3854_9",0.999860
"9655_3",0.047227
"6736_2",0.165530
"2096_9",0.998257
"2846_2",0.316798
"11849_1",0.000604
"5224_1",0.022026
"2987_8",0.746498
"11058_8",0.994600
"2917_3",0.009662
"459_9",0.998932
"9418_7",0.904360
"5803_2",0.020715
"6742_10",0.999503
"2268_4",0.000217
"6832_7",0.989360
"4834_7",0.658186
"9532_1",0.073180
"8197_8",0.999047
"7728_1",0.003292
"1958_2",0.005579
"5380_8",0.996278
"4896_2",0.075040
"9529_2",0.001132
"3322_7",0.940799
"7629_4",0.274308
"9962_4",0.925518
"9277_4",0.000574
"1071_2",0.529174
"8266_2",0.245714
"6812_8",0.966248
"3196_7",0.028240
"3430_2",0.319823
"6052_10",0.984033
"221_3",0.000350
"3244_1",0.327199
"4846_1",0.000062
"2876_7",0.981032
"4247_4",0.000169
"11608_1",0.013029
"564_4",0.532326
"1978_2",0.029520
"4089_10",0.998909
"1633_8",0.926914
"8983_4",0.024584
"10909_7",0.999753
"8135_8",0.297192
"12238_1",0.000044
"9564_3",0.000753
"10174_9",0.670918
"1690_9",0.986140
"4756_8",0.999810
"10718_10",0.999914
"3489_7",0.980176
"2124_1",0.000077
"3842_3",0.000171
"2700_4",0.740234
"5960_8",0.999523
"6193_1",0.473078
"6719_7",0.985644
"7922_8",0.864904
"12132_8",0.987122
"10169_8",0.999897
"1486_4",0.001012
"8455_1",0.001665
"10019_1",0.000098
"7028_10",0.087090
"787_9",0.929056
"2414_4",0.055703
"7182_7",0.934837
"5548_9",0.999194
"3963_7",0.988376
"1584_7",0.223832
"6825_3",0.056979
"6588_3",0.023649
"10573_3",0.485859
"6693_10",0.996804
"5541_7",0.726329
"12053_9",0.999887
"3662_9",0.998312
"6829_10",0.999798
"285_10",0.999526
"1270_4",0.909937
"4320_10",0.625083
"1333_3",0.025426
"6618_1",0.999745
"10119_1",0.290097
"2886_1",0.000504
"8811_7",0.987154
"11087_9",0.997639
"3436_8",0.997965
"10479_10",0.998442
"8365_9",0.999750
"12140_8",0.996998
"6981_7",0.580736
"10447_2",0.017924
"10352_1",0.000105
"943_8",0.999561
"513_1",0.003738
"11192_1",0.002433
"587_3",0.084879
"3420_10",0.982872
"10030_7",0.995190
"3026_10",0.724562
"3145_1",0.045438
"2230_9",0.879373
"5193_1",0.001339
"11337_8",0.998967
"3601_9",0.997864
"3628_10",0.999943
"4952_10",0.949418
"1775_10",0.980232
"8141_4",0.001900
"572_3",0.151950
"6732_3",0.000909
"4274_4",0.000216
"5892_3",0.016044
"7035_10",0.999829
"5354_4",0.001639
"4264_4",0.000599
"8151_9",0.999749
"376_2",0.019479
"5352_1",0.000019
"1365_8",0.957870
"8272_10",0.902864
"6942_4",0.000588
"9067_4",0.989901
"11428_1",0.000759
"7308_3",0.254981
"8349_10",0.998417
"11336_4",0.993795
"551_9",0.997998
"4721_10",0.998760
"4862_1",0.343188
"5469_4",0.853421
"3834_10",0.999917
"4717_10",0.999967
"4202_9",0.999424
"5335_4",0.690977
"7587_8",0.999150
"10827_4",0.229402
"3432_1",0.000207
"6110_4",0.993693
"5618_7",0.985663
"11808_1",0.000038
"9293_4",0.955617
"2163_8",0.974399
"4802_1",0.034328
"5476_7",0.998895
"9991_1",0.000452
"2681_10",0.999972
"11728_2",0.991206
"1466_8",0.999934
"4853_7",0.871732
"3668_9",0.959845
"5334_7",0.979428
"12017_8",0.999793
"2046_9",0.999684
"2652_7",0.992307
"2250_8",0.943396
"2253_1",0.001272
"9733_10",0.048020
"3_4",0.999385
"6129_8",0.786541
"6858_3",0.386162
"371_8",0.998878
"1111_3",0.000373
"12330_1",0.005921
"3219_1",0.000199
"11372_9",0.951431
"1434_4",0.003980
"8232_7",0.983667
"7883_1",0.000043
"9151_2",0.025155
"10574_3",0.092769
"9376_8",0.990388
"7737_1",0.330608
"7410_8",0.996351
"10488_7",0.969871
"5906_10",0.999911
"5308_10",0.956683
"11266_2",0.000190
"7627_1",0.000045
"218_3",0.000254
"9031_2",0.004705
"3427_10",0.999327
"8532_3",0.000024
"6588_9",0.996183
"9744_1",0.000427
"3061_1",0.012802
"11668_9",0.999776
"9331_1",0.000059
"238_9",0.998628
"10593_8",0.262863
"4441_9",0.960107
"3717_3",0.000385
"5618_4",0.002194
"4353_10",0.999834
"1268_2",0.000393
"5178_3",0.013196
"2991_1",0.000194
"9976_9",0.998419
"7891_1",0.000981
"445_3",0.008196
"11158_7",0.834848
"10328_1",0.006636
"9137_9",0.999976
"7399_2",0.007607
"1187_7",0.959603
"10642_1",0.007956
"3939_3",0.020344
"5310_9",0.996810
"2087_9",0.999935
"57_4",0.029225
"4645_10",0.997034
"1734_4",0.056085
"8924_1",0.001760
"4418_3",0.000021
"9403_1",0.000012
"12065_10",0.996658
"6763_3",0.800641
"3882_8",0.999305
"7286_3",0.009479
"9259_9",0.999787
"5134_3",0.000236
"10166_4",0.984292
"8362_3",0.179704
"9701_4",0.380795
"4227_7",0.991345
"8483_10",0.991001
"6002_3",0.000121
"5815_9",0.130310
"9385_10",0.985049
"11047_1",0.004087
"6306_1",0.003376
"9141_2",0.004904
"4594_1",0.000547
"10471_4",0.834085
"48_9",0.998165
"8133_8",0.999932
"8493_1",0.012135
"3425_8",0.999842
"5731_9",0.999868
"4373_10",0.991817
"4366_10",0.999718
"6123_10",0.041459
"1430_3",0.001056
"508_7",0.997938
"11600_10",0.996029
"11767_8",0.999847
"1597_1",0.000443
"7257_8",0.999349
"244_2",0.000068
"116_4",0.098071
"7856_10",0.998479
"7640_9",0.999254
"10956_8",0.996625
"11002_3",0.000183
"11666_10",0.999951
"7683_4",0.396601
"10846_4",0.002478
"1317_2",0.000433
"5_7",0.966078
"8526_2",0.006737
"1526_7",0.945972
"3144_9",0.999771
"241_7",0.999892
"8953_1",0.000636
"5919_8",0.999705
"7983_4",0.000639
"5222_2",0.000155
"1662_1",0.020507
"5830_10",0.999948
"859_1",0.837276
"10761_8",0.080548
"12037_7",0.972756
"2629_10",0.999978
"1019_10",0.999266
"11270_10",0.006432
"620_8",0.998892
"6718_10",0.983440
"1402_8",0.998951
"6804_1",0.000058
"11743_1",0.388784
"3117_10",0.679268
"7441_9",0.996772
"4553_2",0.000716
"5182_10",0.999634
"81_9",0.287256
"8343_10",0.918169
"2030_1",0.000180
"7866_7",0.997274
"11132_1",0.003419
"879_3",0.001125
"6547_10",0.999972
"11166_4",0.000934
"7427_1",0.000280
"5848_4",0.986751
"10734_2",0.002562
"11263_10",0.999967
"9761_7",0.971276
"7582_10",0.989208
"3849_1",0.000102
"8242_10",0.997580
"309_10",0.999934
"5492_1",0.000669
"4294_2",0.937675
"7222_7",0.979348
"3365_1",0.000043
"11084_7",0.999894
"50_10",0.999935
"3234_1",0.073802
"10155_7",0.399295
"1181_1",0.000094
"1505_3",0.002668
"11926_1",0.000200
"12174_3",0.013760
"4589_4",0.006378
"12421_8",0.999892
"1079_8",0.999877
"4852_8",0.970171
"11753_8",0.999936
"11257_10",0.997365
"8270_1",0.000775
"7690_3",0.000287
"12354_8",0.634801
"11419_8",0.999700
"7587_4",0.046526
"818_9",0.987426
"10431_10",0.999337
"12056_4",0.554422
"7595_10",0.997318
"2601_1",0.001913
"10022_10",0.999987
"4124_1",0.439376
"11573_10",0.999975
"9868_1",0.000481
"7093_1",0.017058
"4993_3",0.000046
"3192_8",0.999861
"8269_10",0.998989
"5767_10",0.355417
"8440_7",0.934284
"1038_10",0.896020
"525_9",0.999811
"689_3",0.001521
"10989_1",0.000085
"6166_4",0.442600
"6452_10",0.998711
"3217_1",0.000031
"11629_4",0.074620
"4338_1",0.038571
"2822_1",0.000105
"11252_7",0.019853
"11097_9",0.977628
"7124_10",0.999971
"261_3",0.000296
"7828_10",0.986807
"9030_7",0.999184
"9723_2",0.001846
"6924_9",0.998953
"11945_4",0.972699
"11811_2",0.000134
"3115_8",0.998973
"4381_9",0.995254
"676_1",0.295755
"8002_9",0.942909
"9209_3",0.965499
"1677_10",0.995089
"7094_7",0.985439
"12193_8",0.923832
"1227_7",0.013836
"9186_10",0.999873
"6117_1",0.001122
"8621_2",0.994192
"9729_1",0.000032
"12239_7",0.129779
"2465_2",0.002361
"4360_10",0.994319
"10538_1",0.000510
"3439_4",0.690947
"256_10",0.999186
"7114_1",0.000180
"3206_3",0.000125
"229_10",0.124653
"7501_3",0.002902
"3639_1",0.057995
"9751_9",0.999783
"8277_3",0.000977
"5276_4",0.508406
"1804_8",0.999208
"8497_1",0.001926
"7742_1",0.000154
"9755_7",0.999903
"8429_8",0.986001
"769_3",0.356599
"7452_10",0.996464
"1004_4",0.454622
"6393_10",0.994221
"7457_1",0.727833
"8182_10",0.999873
"11589_9",0.999471
"4718_8",0.997914
"5315_10",0.997703
"9927_3",0.000476
"6391_1",0.000407
"532_3",0.002870
"10544_10",0.987146
"3576_4",0.011116
"5420_4",0.002286
"7140_10",0.994171
"11018_4",0.000215
"7443_8",0.998995
"7399_9",0.981430
"12129_10",0.998915
"6876_3",0.218167
"9227_1",0.847934
"4983_1",0.002001
"2502_1",0.000022
"2584_9",0.999673
"5637_2",0.000190
"6497_10",0.999852
"8464_2",0.000717
"2070_10",0.866920
"4574_3",0.002162
"1642_10",0.996515
"356_9",0.998788
"8052_4",0.890876
"2457_10",0.999809
"6322_4",0.000041
"2218_10",0.995535
"10669_7",0.997054
"5296_2",0.000084
"1118_1",0.024458
"8588_1",0.003022
"12348_10",0.999813
"7990_9",0.999720
"819_7",0.182796
"10552_7",0.717110
"9126_4",0.000880
"11190_9",0.805366
"6696_2",0.001548
"4906_10",0.976654
"6809_4",0.766586
"10032_1",0.535058
"2694_10",0.999910
"6411_8",0.649345
"11967_9",0.728134
"10190_1",0.000458
"316_1",0.000338
"5644_9",0.999563
"12083_10",0.998820
"9280_3",0.003119
"11735_2",0.001150
"5219_1",0.005832
"6810_3",0.000397
"7817_2",0.001626
"6753_9",0.247328
"16_8",0.855137
"3908_1",0.000046
"11502_10",0.999892
"523_1",0.002272
"11213_10",0.999541
"5058_8",0.999350
"3290_1",0.000165
"2954_4",0.220603
"7148_1",0.709431
"4455_7",0.999585
"1873_7",0.980005
"4796_2",0.001909
"6317_3",0.755688
"11153_10",0.998771
"3319_1",0.000469
"1247_9",0.999980
"9119_1",0.000047
"7904_10",0.998150
"4892_1",0.000515
"4608_8",0.998885
"4756_4",0.000394
"230_1",0.000559
"6730_1",0.025563
"6639_8",0.997765
"1726_1",0.000392
"4540_2",0.024586
"1898_1",0.001987
"877_1",0.048607
"10416_9",0.999757
"1359_2",0.004296
"8886_1",0.002228
"553_1",0.006884
"5252_10",0.999284
"8808_9",0.926440
"8792_10",0.999821
"11723_10",0.999072
"6977_9",0.030609
"5050_2",0.000182
"6413_8",0.984370
"9880_8",0.999806
"5827_10",0.999874
"5271_10",0.999911
"12231_2",0.009374
"9913_1",0.033388
"3058_10",0.999787
"1278_10",0.985742
"4923_9",0.997176
"4662_1",0.133035
"10857_2",0.034097
"5033_7",0.489258
"7681_10",0.999913
"8916_3",0.233777
"10603_3",0.039986
"8940_3",0.959342
"2381_1",0.009179
"9188_8",0.999483
"5290_8",0.997576
"6746_1",0.058521
"1001_10",0.999710
"1190_1",0.000381
"1858_1",0.000108
"5645_10",0.997108
"3021_9",0.988581
"9801_2",0.002345
"2498_4",0.000363
"7972_10",0.993040
"1200_1",0.000091
"9626_4",0.995800
"11750_10",0.998779
"9571_10",0.999849
"11593_10",0.999968
"4432_10",0.556008
"10324_1",0.000314
"9123_10",0.997655
"10155_1",0.000283
"12237_10",0.999923
"2828_2",0.000690
"6375_4",0.000034
"8264_10",0.999937
"6131_7",0.999501
"2950_10",0.999586
"3584_1",0.000121
"3077_9",0.996289
"8867_10",0.998740
"4189_9",0.998883
"2297_9",0.985023
"3607_8",0.996110
"339_10",0.989250
"6450_10",0.999912
"8537_9",0.684085
"5663_10",0.999666
"7179_10",0.999941
"1929_10",0.568338
"7363_10",0.995729
"7073_10",0.997514
"8472_10",0.997528
"2397_4",0.232912
"5710_3",0.013087
"12429_1",0.001057
"4841_9",0.888041
"5819_2",0.005525
"7112_8",0.340018
"1087_10",0.999916
"10766_8",0.995937
"10675_8",0.944946
"11953_3",0.039680
"1927_9",0.995303
"10455_9",0.993658
"451_8",0.764902
"10796_8",0.935825
"5288_7",0.999953
"4368_2",0.001311
"10456_10",0.999831
"9981_1",0.000352
"11403_1",0.003053
"5219_7",0.841175
"11929_4",0.127801
"5481_10",0.999911
"3829_4",0.000111
"11367_4",0.024274
"8154_10",0.995039
"2754_2",0.000804
"2299_10",0.999934
"8868_1",0.015538
"4566_10",0.993960
"6688_1",0.000141
"2666_4",0.000664
"11892_10",0.999610
"2667_10",0.056217
"9244_9",0.995064
"12498_7",0.934303
"3493_9",0.955152
"7565_10",0.999153
"2916_7",0.998186
"12473_8",0.999260
"3142_9",0.998370
"3289_10",0.999924
"11159_10",0.998790
"8428_2",0.017581
"4152_8",0.998063
"10754_8",0.999334
"11718_1",0.001298
"5408_1",0.000231
"5686_8",0.999874
"7479_8",0.999806
"5160_10",0.932849
"3138_1",0.000122
"10343_9",0.999828
"9524_3",0.001431
"7794_1",0.000130
"5433_1",0.021294
"3380_8",0.999790
"7222_3",0.000063
"1751_4",0.974438
"3914_10",0.892903
"8022_3",0.283110
"3975_4",0.006661
"8177_1",0.001154
"5670_1",0.000921
"203_10",0.997730
"4315_2",0.044263
"8296_8",0.998286
"971_10",0.996800
"12018_1",0.000441
"3714_9",0.999377
"4342_2",0.349773
"4965_3",0.073145
"5126_8",0.999841
"10686_3",0.071822
"7290_10",0.999802
"8474_8",0.996912
"7633_2",0.114694
"2226_10",0.980416
"1436_9",0.999866
"813_10",0.999744
"11865_7",0.999458
"4937_9",0.999876
"4613_9",0.804646
"8129_9",0.998762
"2376_4",0.068370
"6861_1",0.000315
"9104_2",0.046931
"10590_3",0.009057
"11021_4",0.000158
"9480_10",0.924487
"12212_10",0.999540
"11766_7",0.999776
"5356_7",0.058155
"9572_7",0.998809
"3264_8",0.999269
"11794_1",0.000685
"11739_2",0.853237
"731_8",0.993186
"6278_9",0.837466
"625_10",0.999582
"7252_2",0.000884
"5171_10",0.999844
"9149_3",0.041681
"10780_3",0.004917
"1568_9",0.999824
"7291_9",0.999883
"2288_8",0.999268
"3126_9",0.999914
"3352_7",0.999799
"9455_1",0.000095
"1709_7",0.066674
"9309_2",0.000139
"994_3",0.000146
"4173_10",0.997727
"113_3",0.105292
"10472_10",0.964210
"7193_1",0.000086
"9978_3",0.001596
"783_8",0.999715
"7585_10",0.999556
"2135_9",0.145771
"10887_10",0.999118
"4075_2",0.001590
"10521_2",0.024554
"844_1",0.002912
"6691_3",0.000185
"3879_4",0.017530
"3511_1",0.017088
"332_1",0.977786
"7398_4",0.000361
"1845_1",0.003045
"3890_3",0.000325
"3781_9",0.995849
"3723_1",0.004706
"2908_1",0.000126
"7625_3",0.000084
"6310_10",0.999051
"9432_4",0.998882
"1820_10",0.999909
"6809_8",0.999932
"9911_1",0.028215
"12001_8",0.999663
"7266_7",0.998527
"263_10",0.998946
"2109_3",0.238340
"7293_4",0.714043
"8874_8",0.999082
"2143_4",0.610897
"4307_9",0.999701
"4176_1",0.000036
"8369_3",0.333358
"12317_1",0.000434
"1687_4",0.000237
"12082_1",0.034507
"3396_10",0.992791
"9129_9",0.996252
"10090_10",0.999493
"11841_1",0.000297
"12447_4",0.000173
"11624_10",0.999663
"8624_10",0.045820
"9290_1",0.076559
"1108_8",0.820940
"4300_10",0.999750
"2553_4",0.044205
"10550_8",0.126314
"8884_10",0.989477
"6760_2",0.011746
"1177_3",0.981020
"9939_2",0.998754
"2100_7",0.999497
"9677_1",0.003117
"2511_4",0.180603
"4115_8",0.999949
"437_9",0.996871
"6698_10",0.856706
"11049_9",0.999438
"10168_4",0.005938
"8071_8",0.973536
"12474_4",0.954692
"3775_10",0.999984
"7478_10",0.999797
"4312_8",0.693898
"3105_7",0.971576
"640_9",0.999984
"6891_1",0.001031
"1849_10",0.999923
"8528_7",0.999652
"9032_4",0.929767
"11743_9",0.999988
"2813_10",0.997889
"846_2",0.006045
"3695_4",0.928735
"5972_3",0.000094
"4831_1",0.000020
"11826_1",0.004339
"7684_10",0.999990
"7042_8",0.998343
"10247_10",0.998241
"6766_8",0.997372
"2091_2",0.009346
"5108_2",0.000680
"10644_1",0.024278
"5955_2",0.007445
"9451_10",0.992309
"11518_10",0.969493
"3871_1",0.009352
"5013_1",0.000218
"5056_4",0.000342
"3688_1",0.000041
"2325_2",0.185480
"6330_4",0.000093
"8783_1",0.001837
"3848_3",0.001457
"5901_10",0.910098
"10947_3",0.009022
"4590_10",0.998460
"4337_10",0.797981
"11029_3",0.088783
"10980_3",0.160074
"165_7",0.998879
"474_8",0.999905
"3175_8",0.607746
"11764_1",0.005415
"2164_7",0.891648
"8891_8",0.998918
"8294_9",0.999863
"6602_7",0.988183
"8187_8",0.997980
"2609_2",0.001052
"6506_8",0.999499
"2207_1",0.000449
"2467_9",0.996869
"7440_1",0.004227
"6417_8",0.993206
"12278_7",0.999755
"4495_3",0.425837
"8223_10",0.999678
"3659_4",0.335726
"1120_3",0.002118
"9713_3",0.000160
"808_10",0.986897
"11164_10",0.999882
"3536_10",0.639732
"10930_1",0.000118
"6868_4",0.000811
"2248_1",0.000082
"3624_4",0.100190
"1442_1",0.000014
"10167_4",0.015517
"10645_10",0.383970
"4414_1",0.014086
"6409_2",0.002063
"10486_1",0.004440
"2983_7",0.999831
"4985_4",0.002467
"3566_9",0.938767
"8340_4",0.112415
"10246_9",0.999949
"7380_1",0.763208
"12381_3",0.001146
"11723_4",0.002236
"7478_1",0.001212
"900_9",0.999014
"3364_2",0.031519
"6570_1",0.000701
"9309_8",0.999007
"6044_1",0.003409
"9261_2",0.076881
"5690_8",0.998964
"5326_2",0.000174
"11179_10",0.810237
"8908_1",0.000178
"10224_9",0.821172
"7318_10",0.995776
"11098_8",0.997053
"10120_1",0.000058
"4561_2",0.092990
"4409_3",0.000272
"4301_9",0.008784
"9254_3",0.014230
"10717_9",0.999741
"10619_2",0.819490
"5924_1",0.289789
"11657_10",0.999173
"6373_4",0.001069
"10469_10",0.939845
"5531_9",0.987480
"1089_10",0.508542
"5082_10",0.998230
"4267_1",0.001971
"3006_10",0.979236
"9318_3",0.000753
"11877_1",0.000200
"7274_1",0.005638
"12450_7",0.999834
"148_9",0.822904
"10353_10",0.024237
"1368_8",0.009986
"9408_7",0.964409
"5739_7",0.969840
"7036_10",0.999285
"11554_2",0.678177
"4601_9",0.981959
"10376_3",0.781421
"2486_8",0.999454
"5745_4",0.004426
"873_3",0.003265
"7009_1",0.011827
"542_7",0.999657
"12008_8",0.994112
"8040_8",0.999135
"4048_2",0.000995
"4895_10",0.999891
"11789_9",0.999553
"5084_7",0.976140
"9207_10",0.999506
"923_4",0.387250
"106_3",0.002959
"1125_1",0.007288
"839_10",0.999886
"5285_10",0.999399
"7444_7",0.991211
"1566_8",0.999969
"3285_1",0.000070
"6203_2",0.000151
"11147_3",0.002462
"11152_3",0.001346
"3335_9",0.990227
"6689_1",0.001595
"6557_7",0.996070
"3362_10",0.987746
"101_3",0.002447
"10692_4",0.000444
"4462_7",0.995745
"265_1",0.000368
"1369_3",0.160668
"9112_10",0.995637
"7870_1",0.000182
"6102_10",0.997157
"3973_10",0.999574
"8232_1",0.000084
"3177_10",0.958336
"11598_10",0.000386
"882_2",0.015405
"5660_10",0.998026
"1685_10",0.999252
"2064_1",0.000103
"2296_9",0.993671
"3648_10",0.910200
"5486_4",0.000807
"2496_8",0.759857
"9579_10",0.991486
"10776_10",0.995680
"5889_10",0.991846
"8292_1",0.002005
"10547_3",0.000360
"10415_7",0.981197
"10741_1",0.000152
"10196_1",0.001006
"12155_2",0.000798
"2224_3",0.006455
"10356_7",0.135234
"7202_1",0.000338
"11973_10",0.998397
"1792_8",0.998640
"7894_9",0.999929
"11413_1",0.002237
"10596_10",0.999819
"2462_2",0.465293
"9451_1",0.000390
"2895_1",0.000117
"2513_4",0.028707
"11950_7",0.918842
"10566_9",0.998619
"2209_4",0.017529
"9292_4",0.159530
"5575_8",0.999963
"1688_4",0.019467
"440_8",0.999235
"6324_10",0.999956
"8296_2",0.001215
"9460_1",0.054278
"3992_8",0.999803
"11425_10",0.998432
"147_4",0.423881
"2897_4",0.224257
"6214_4",0.015492
"11157_4",0.914657
"4204_8",0.999956
"7255_2",0.061115
"8435_1",0.028187
"11354_2",0.000132
"2136_9",0.688889
"295_1",0.037065
"335_10",0.999830
"8791_4",0.992367
"2817_1",0.000145
"1629_8",0.948684
"6826_3",0.000528
"5550_8",0.999979
"3572_10",0.991488
"4543_10",0.998949
"2789_1",0.000399
"12288_7",0.985981
"9769_9",0.999872
"1257_1",0.133945
"6180_10",0.999919
"8881_8",0.999079
"7075_10",0.999331
"10254_1",0.000396
"12214_10",0.997267
"829_10",0.996933
"5633_8",0.992680
"6202_7",0.003770
"4843_10",0.999772
"7564_8",0.998680
"3539_4",0.971339
"9634_9",0.999951
"7578_9",0.999965
"6642_9",0.999866
"3438_8",0.866454
"11407_4",0.016171
"9891_1",0.000069
"3875_4",0.000102
"6447_2",0.000754
"5027_8",0.999924
"11415_7",0.982513
"7762_9",0.879518
"7263_10",0.999935
"6556_1",0.712959
"5491_10",0.999796
"3418_8",0.899093
"4137_1",0.457554
"5519_7",0.999392
"3435_9",0.999857
"10199_10",0.999520
"5212_4",0.294879
"11891_10",0.999163
"4989_7",0.941771
"2883_3",0.013201
"9154_2",0.272182
"8384_10",0.937606
"4082_10",0.999860
"4334_2",0.017824
"5652_10",0.992085
"4544_2",0.000247
"4987_8",0.999864
"9648_3",0.000771
"10755_4",0.278544
"4386_1",0.010197
"4619_4",0.447252
"5860_7",0.819818
"11492_1",0.000998
"2126_9",0.991130
"8355_7",0.894975
"6560_10",0.997947
"4026_9",0.999909
"4019_7",0.857200
"455_10",0.973665
"6637_1",0.987440
"7490_3",0.002273
"10533_10",0.311491
"7417_7",0.991108
"3392_2",0.000802
"460_1",0.178283
"5364_10",0.999834
"234_7",0.999973
"709_4",0.412761
"2753_9",0.714966
"9434_10",0.942543
"2835_7",0.999731
"6849_1",0.039033
"11186_3",0.002136
"10902_8",0.999587
"2617_2",0.000391
"7423_9",0.618397
"4699_1",0.017433
"12312_10",0.984793
"6185_4",0.048314
"3742_3",0.001019
"1314_8",0.999950
"7985_1",0.091933
"3669_4",0.576876
"2791_8",0.999871
"2295_8",0.999048
"12111_1",0.589304
"11827_10",0.999848
"10191_1",0.009779
"5264_2",0.019538
"11002_8",0.999328
"12423_2",0.000153
"3551_7",0.999450
"10804_3",0.584767
"3670_4",0.005425
"8408_10",0.999720
"1307_10",0.996663
"10906_10",0.973419
"4039_2",0.000074
"1010_9",0.998052
"8764_1",0.002579
"10894_10",0.999863
"1249_1",0.000638
"1844_9",0.999970
"3252_9",0.999564
"12272_1",0.001353
"5599_10",0.998666
"6265_8",0.999814
"4497_4",0.004204
"3925_2",0.000141
"7935_9",0.995532
"12146_1",0.000028
"2345_3",0.027717
"11171_10",0.999975
"6726_1",0.000154
"11129_9",0.920711
"616_10",0.968301
"11349_3",0.172651
"2485_10",0.984467
"3212_4",0.001536
"5578_10",0.999975
"2252_9",0.999846
"11643_3",0.003750
"12081_4",0.006778
"4104_10",0.999893
"4504_7",0.990933
"6354_10",0.992467
"12118_8",0.999027
"9680_10",0.012175
"7173_10",0.996900
"1965_3",0.000963
"2674_7",0.942009
"1425_1",0.000360
"4017_8",0.999948
"3835_2",0.271501
"1335_4",0.003874
"627_1",0.001892
"8330_3",0.967396
"8907_1",0.002112
"11801_10",0.187171
"3231_1",0.000014
"860_4",0.285029
"2902_8",0.988251
"11550_4",0.130192
"4944_10",0.999874
"10190_10",0.021855
"4090_3",0.000028
"3863_1",0.000187
"3904_9",0.999844
"917_4",0.379134
"5540_2",0.003292
"9183_7",0.921812
"2570_4",0.007493
"11868_1",0.000623
"7438_3",0.002750
"10484_2",0.000962
"1988_8",0.999484
"46_2",0.015280
"6624_4",0.001899
"4666_7",0.999842
"11479_4",0.386593
"308_1",0.000069
"5400_9",0.999637
"5258_1",0.038659
"432_3",0.002346
"7245_1",0.058731
"7082_1",0.008553
"9698_10",0.842345
"1085_9",0.819337
"9999_10",0.999116
"4235_7",0.994547
"11603_10",0.850294
"4457_3",0.055399
"5022_8",0.989661
"12278_3",0.279906
"12076_2",0.036702
"7239_4",0.975704
"4691_10",0.999834
"9820_2",0.000878
"5932_1",0.762358
"10265_9",0.990372
"9247_2",0.000280
"4581_3",0.684284
"11060_7",0.925041
"10349_2",0.008126
"9821_3",0.963466
"3375_7",0.990230
"5515_10",0.999909
"3921_8",0.980791
"6671_8",0.997802
"7051_7",0.055929
"743_7",0.998960
"8230_3",0.001562
"11203_2",0.082225
"11616_1",0.001645
"8033_9",0.933626
"1472_10",0.009314
"1932_3",0.032422
"6827_2",0.000029
"6912_4",0.000106
"12024_1",0.000853
"10625_1",0.017761
"9528_10",0.999921
"6663_3",0.012306
"10727_1",0.000923
"6646_10",0.999780
"7632_7",0.998954
"8518_2",0.001068
"6398_9",0.999965
"488_8",0.999162
"4133_1",0.000116
"4128_10",0.988101
"5883_10",0.999958
"10240_1",0.000022
"8791_8",0.999647
"10917_8",0.981699
"9097_10",0.999967
"8438_1",0.003087
"7536_1",0.000663
"7542_3",0.606215
"3928_7",0.002558
"12477_2",0.009768
"9157_3",0.000076
"2694_2",0.471770
"3632_3",0.000532
"7169_10",0.999933
"6931_7",0.367036
"11474_10",0.999885
"2252_1",0.002634
"1261_7",0.109080
"523_9",0.513730
"12233_2",0.000024
"4731_9",0.999806
"12376_10",0.277703
"11834_4",0.969207
"7063_9",0.982297
"5289_1",0.011708
"9632_3",0.000542
"11086_1",0.000373
"8224_10",0.999158
"8013_3",0.808607
"8003_3",0.000253
"2281_8",0.994625
"4643_7",0.997385
"7942_3",0.187225
"11067_2",0.012715
"5577_1",0.000913
"5796_1",0.000228
"11514_1",0.043165
"1867_1",0.003264
"4804_2",0.000164
"4547_1",0.000500
"6391_7",0.994348
"6260_9",0.999838
"5355_10",0.999600
"12358_4",0.003390
"860_7",0.999979
"3768_1",0.947037
"8742_3",0.271185
"10786_4",0.000664
"5337_3",0.057441
"11260_10",0.809692
"7364_1",0.000642
"4434_2",0.000244
"10604_8",0.999220
"9587_7",0.024762
"738_1",0.782359
"3757_8",0.999904
"6970_10",0.773536
"6194_1",0.039369
"4559_10",0.113925
"2334_3",0.000846
"10636_3",0.495457
"4192_1",0.000016
"1579_4",0.541881
"7168_10",0.999985
"3789_9",0.991128
"5617_7",0.998840
"5757_8",0.999627
"1431_7",0.003551
"6130_4",0.016280
"12092_3",0.106797
"7918_3",0.031666
"5386_10",0.997553
"2794_9",0.659221
"2394_2",0.732358
"10690_7",0.999919
"6406_4",0.786670
"12288_2",0.288479
"7405_4",0.466957
"6153_10",0.040783
"5577_9",0.999567
"1462_1",0.029024
"7732_9",0.966993
"9046_10",0.999912
"11086_8",0.998119
"1426_7",0.793770
"12174_10",0.995248
"5537_1",0.000049
"11746_1",0.000218
"12203_10",0.998690
"11585_7",0.999208
"9765_1",0.000119
"6295_8",0.729852
"3991_4",0.102591
"11134_10",0.999344
"12379_7",0.088128
"7316_2",0.000577
"6955_4",0.010883
"8092_7",0.999856
"9788_1",0.000018
"9494_1",0.000206
"721_10",0.994745
"1250_9",0.999987
"3204_2",0.455229
"6539_9",0.999985
"7944_1",0.001173
"8632_8",0.999502
"2787_10",0.998602
"11497_1",0.271522
"8577_9",0.997582
"2717_8",0.999730
"3251_8",0.999583
"11714_7",0.996461
"3868_7",0.999905
"7394_1",0.002061
"481_7",0.405229
"5237_2",0.000440
"11148_9",0.999041
"11946_7",0.949904
"7301_1",0.000620
"384_9",0.977454
"8535_2",0.000085
"8067_8",0.991400
"8452_2",0.003795
"7361_1",0.000097
"4017_3",0.149723
"6304_9",0.999599
"7326_10",0.999808
"399_1",0.000564
"9003_1",0.001232
"11314_8",0.821868
"4909_10",0.998838
"10463_10",0.999505
"7355_2",0.002859
"3553_2",0.316580
"4404_10",0.998652
"9304_1",0.001252
"7903_1",0.000711
"4429_3",0.473811
"6287_7",0.950049
"10461_1",0.000289
"668_10",0.151668
"7560_10",0.999949
"2785_1",0.000034
"2801_10",0.999161
"4318_9",0.999548
"244_9",0.999881
"12435_2",0.000889
"2788_9",0.999939
"2537_7",0.252783
"928_1",0.000031
"3312_7",0.999690
"12147_10",0.999932
"5414_9",0.999769
"9871_1",0.000718
"1308_8",0.942181
"7668_1",0.000021
"5571_10",0.060773
"2052_10",0.999960
"7089_9",0.999642
"6411_2",0.009177
"8514_1",0.103766
"5921_10",0.998934
"3264_1",0.000749
"319_1",0.141912
"3433_10",0.999873
"1610_8",0.999949
"8002_3",0.003662
"8099_9",0.719108
"5418_1",0.009452
"6247_3",0.958312
"5153_8",0.999921
"12201_1",0.001140
"8900_1",0.000425
"10908_2",0.990327
"598_1",0.000122
"10590_9",0.713064
"6706_10",0.998515
"12299_9",0.932263
"2159_7",0.261640
"186_1",0.000202
"3008_8",0.961187
"831_7",0.949305
"2717_3",0.029203
"5174_10",0.999834
"3088_3",0.937849
"6262_8",0.979948
"12303_1",0.001717
"9904_8",0.999990
"10097_10",0.999083
"6242_8",0.999636
"9653_10",0.999795
"12499_1",0.030859
"894_1",0.035873
"8935_7",0.999451
"3184_2",0.011622
"2226_4",0.001101
"592_10",0.999274
"2173_8",0.999890
"10967_2",0.000038
"3332_3",0.951367
"1074_2",0.000302
"2396_4",0.000208
"2627_4",0.992062
"5982_9",0.999918
"1386_1",0.474153
"7325_4",0.999425
"112_2",0.000382
"8856_10",0.970309
"1948_1",0.000232
"5791_4",0.121906
"1007_9",0.996581
"3758_3",0.003311
"6455_2",0.000111
"6464_9",0.999983
"5403_10",0.999964
"7076_10",0.999760
"6123_3",0.004196
"2832_7",0.999442
"9287_10",0.999945
"3665_10",0.991810
"4488_4",0.003360
"5861_1",0.013153
"2222_10",0.996761
"9608_1",0.000916
"6225_4",0.005123
"5643_3",0.008056
"8720_7",0.649396
"4955_7",0.999940
"6839_1",0.000429
"7396_1",0.000183
"6234_8",0.979954
"10423_1",0.198121
"2158_1",0.000399
"6929_8",0.999654
"7593_3",0.344565
"636_1",0.003060
"2747_7",0.959734
"7398_10",0.996698
"6852_4",0.019467
"9938_3",0.000903
"3989_3",0.105549
"1104_9",0.023920
"5897_3",0.198463
"5254_3",0.000041
"4824_1",0.189205
"10945_8",0.985230
"11486_8",0.999612
"2542_1",0.001238
"1824_10",0.999934
"10181_2",0.005654
"2492_9",0.991346
"8111_1",0.026181
"5844_9",0.999869
"1369_7",0.496215
"10775_4",0.008558
"9617_9",0.999392
"4709_1",0.000071
"7043_2",0.051987
"5166_10",0.999907
"1604_8",0.999922
"8576_8",0.988893
"1916_7",0.935373
"10286_10",0.158871
"10241_1",0.000682
"12441_9",0.600397
"4529_1",0.000768
"1553_3",0.006481
"3985_4",0.064546
"5542_8",0.998969
"10857_9",0.997962
"7600_1",0.324258
"12095_9",0.992185
"3134_10",0.999722
"9472_3",0.482090
"1058_10",0.999972
"7328_9",0.999656
"3865_3",0.021324
"7409_3",0.000172
"4795_1",0.000248
"11596_10",0.999253
"3758_8",0.916215
"5099_4",0.564269
"7707_10",0.985786
"1412_3",0.163561
"4720_10",0.999925
"978_7",0.930718
"6165_8",0.999853
"1307_1",0.000397
"2322_7",0.135204
"5328_10",0.999570
"11934_8",0.999821
"1940_3",0.005598
"6270_10",0.027274
"5262_8",0.999930
"4068_9",0.999942
"1208_3",0.487208
"10220_3",0.020531
"5091_1",0.045560
"2738_1",0.008224
"8909_3",0.000491
"932_2",0.203978
"863_10",0.942549
"454_1",0.076974
"10525_4",0.006593
"175_4",0.020575
"4551_1",0.001234
"5666_1",0.000373
"4324_10",0.999923
"8189_1",0.243866
"12064_10",0.986509
"8622_10",0.999493
"1115_9",0.382343
"9593_1",0.001691
"5579_10",0.999904
"3467_1",0.002436
"11409_1",0.000128
"8682_1",0.000794
"7866_1",0.000510
"6111_8",0.982352
"524_9",0.999700
"9837_7",0.993231
"2215_1",0.065653
"6840_10",0.999726
"7384_8",0.999562
"6353_7",0.999369
"8650_3",0.008119
"1890_10",0.999176
"10402_8",0.998656
"3770_4",0.658018
"3086_1",0.000705
"1487_3",0.032712
"2995_10",0.999242
"2356_7",0.358895
"5320_10",0.995792
"3235_1",0.007901
"6802_1",0.000107
"11329_9",0.999007
"1143_8",0.964935
"5768_3",0.011833
"8004_1",0.000334
"5453_3",0.985428
"11288_10",0.971638
"3278_10",0.998999
"11856_7",0.998438
"12057_10",0.999731
"1825_4",0.000309
"3319_10",0.999763
"5956_7",0.999961
"4875_10",0.999511
"562_1",0.004689
"11359_8",0.992818
"12454_10",0.999081
"10621_2",0.000059
"10407_2",0.005983
"3532_2",0.000205
"10162_4",0.672155
"7084_4",0.005946
"167_10",0.999713
"3362_1",0.000751
"6370_10",0.999837
"2281_3",0.016573
"10454_1",0.019693
"12387_8",0.128953
"8375_8",0.999815
"9656_3",0.019159
"9387_1",0.002125
"4907_1",0.000257
"4697_9",0.997000
"4217_1",0.000078
"8860_10",0.996014
"7312_3",0.312832
"9326_10",0.999443
"3785_8",0.993486
"2255_1",0.001904
"9950_3",0.000113
"558_2",0.000121
"413_8",0.999730
"7837_9",0.998687
"9192_1",0.000618
"7_1",0.000043
"9674_1",0.000084
"9771_4",0.000070
"3331_10",0.843716
"11444_8",0.050909
"3009_7",0.998191
"5584_1",0.000394
"12044_10",0.999978
"5952_9",0.999770
"4989_2",0.000025
"5722_3",0.000202
"6207_4",0.114532
"7646_1",0.000369
"1811_3",0.000144
"1197_3",0.010688
"709_9",0.999886
"8554_9",0.997267
"1706_9",0.992953
"10060_10",0.990019
"6818_1",0.001640
"7255_9",0.979541
"3790_7",0.992468
"7833_9",0.097099
"7448_4",0.000653
"3456_1",0.302677
"3881_3",0.000524
"11049_1",0.001436
"1269_1",0.190029
"7803_10",0.999587
"1413_9",0.375600
"1289_8",0.999967
"3967_9",0.986098
"7533_10",0.999605
"5372_8",0.999748
"1518_1",0.010166
"10752_3",0.007272
"4863_3",0.111571
"699_1",0.000083
"11537_3",0.002014
"9241_7",0.761675
"876_3",0.608763
"11234_4",0.002925
"5942_4",0.666164
"1778_10",0.087003
"2631_9",0.000496
"7425_9",0.999958
"3410_10",0.999657
"9155_10",0.968480
"4396_10",0.999685
"8894_7",0.896079
"6034_10",0.998587
"12105_1",0.002390
"11645_7",0.994337
"1821_4",0.003154
"9028_7",0.992092
"4670_7",0.980251
"4720_3",0.003231
"10001_1",0.002022
"8363_2",0.000042
"5681_9",0.999863
"8165_10",0.999843
"11961_2",0.000013
"406_1",0.000581
"8313_1",0.000235
"11945_7",0.970240
"9454_9",0.972770
"9523_10",0.999236
"10516_10",0.988325
"6036_3",0.381869
"5046_1",0.020176
"9019_9",0.936761
"5471_10",0.999886
"11862_7",0.144775
"651_1",0.705161
"3131_9",0.999495
"9912_1",0.000214
"6231_2",0.092344
"5523_2",0.960760
"1817_1",0.087322
"8880_7",0.999986
"6080_4",0.007186
"9940_1",0.987686
"3409_4",0.540521
"3713_4",0.026080
"3447_3",0.224661
"3460_8",0.999168
"9397_10",0.998940
"5528_8",0.378043
"7658_10",0.999946
"5893_10",0.999733
"1646_1",0.018515
"9620_7",0.995420
"66_3",0.011659
"1691_10",0.996802
"4311_7",0.985350
"12091_1",0.000203
"5391_1",0.001484
"576_4",0.001905
"4734_9",0.669076
"6008_10",0.999643
"8527_7",0.992461
"6048_10",0.232090
"5102_10",0.999774
"6794_10",0.999127
"3473_3",0.000281
"2025_9",0.999393
"9728_2",0.000089
"10704_10",0.994429
"9094_4",0.896293
"7838_9",0.999940
"5779_1",0.000392
"5342_4",0.037939
"9291_10",0.999911
"7028_2",0.025754
"1331_9",0.974211
"9913_8",0.999966
"10250_10",0.998631
"9227_8",0.605713
"6278_4",0.033485
"2302_1",0.764768
"7000_2",0.000655
"416_2",0.002376
"6846_1",0.000321
"3253_9",0.999908
"1712_1",0.000780
"9720_10",0.998278
"769_9",0.999958
"6635_10",0.989196
"1421_10",0.932604
"6803_1",0.000076
"4290_4",0.003888
"2465_7",0.992362
"70_8",0.999916
"5176_10",0.999889
"305_2",0.000200
"11094_3",0.000308
"1109_10",0.999713
"95_3",0.374382
"2378_10",0.999883
"3270_3",0.000068
"6999_4",0.592295
"7594_8",0.074443
"9549_10",0.999788
"8263_4",0.013567
"10379_9",0.995230
"11187_1",0.024541
"2278_3",0.002121
"11180_4",0.253074
"745_10",0.999823
"9794_4",0.221721
"6565_1",0.001651
"9608_8",0.999768
"12222_1",0.000318
"9330_9",0.664093
"3611_9",0.999880
"1775_4",0.492871
"3635_1",0.001317
"3893_1",0.001181
"2802_1",0.005224
"2481_10",0.991802
"1540_3",0.000188
"2205_4",0.001709
"10970_7",0.999935
"8287_2",0.005772
"484_1",0.001027
"249_2",0.872919
"12073_10",0.999901
"1443_7",0.906034
"4985_7",0.996039
"12247_1",0.083215
"3170_3",0.002155
"2900_10",0.990601
"1930_9",0.999711
"12309_10",0.999637
"10720_8",0.999865
"5260_4",0.049618
"5212_8",0.951202
"3872_10",0.575679
"9705_1",0.002648
"10367_8",0.999712
"10063_10",0.999959
"9682_1",0.041192
"7356_8",0.977653
"6045_7",0.999766
"3181_10",0.999795
"7212_9",0.777450
"8801_9",0.999778
"2910_3",0.983702
"5031_7",0.999948
"1416_1",0.000131
"8903_10",0.991592
"10620_4",0.000999
"8957_1",0.000092
"3374_1",0.002060
"9196_1",0.000105
"5167_10",0.959124
"10900_1",0.013174
"5405_2",0.000116
"1546_1",0.810842
"12331_4",0.117024
"4733_9",0.997843
"6682_10",0.997630
"1356_8",0.756111
"2301_2",0.000577
"11565_7",0.999785
"8731_7",0.863871
"1638_10",0.999975
"7280_3",0.001764
"51_4",0.008283
"355_4",0.000821
"485_10",0.999906
"554_4",0.253692
"8059_3",0.008541
"3645_4",0.766356
"7332_7",0.999889
"10877_2",0.000038
"10837_1",0.000375
"6273_10",0.992339
"11773_2",0.000145
"744_1",0.931000
"9762_8",0.998336
"831_4",0.005544
"4450_3",0.000417
"5338_4",0.000104
"6741_2",0.126993
"5962_9",0.998336
"10363_3",0.020260
"9063_10",0.999716
"2739_1",0.004833
"5920_2",0.000150
"5200_9",0.946790
"6498_10",0.999852
"591_1",0.011736
"8010_9",0.999959
"369_8",0.997945
"9971_9",0.999781
"11735_8",0.985367
"11278_10",0.987250
"1464_9",0.690311
"3787_8",0.999800
"10097_2",0.217648
"3728_8",0.999907
"9996_2",0.000882
"8676_10",0.996356
"9718_4",0.002884
"9280_7",0.995163
"8343_4",0.984432
"3505_1",0.003275
"8863_10",0.999965
"5682_10",0.913312
"4704_2",0.688825
"11106_7",0.324219
"10541_2",0.182776
"6601_9",0.992272
"11387_10",0.999324
"8864_10",0.997785
"7139_4",0.150477
"10068_8",0.999859
"2572_1",0.001224
"3819_10",0.999940
"11954_1",0.000061
"2525_4",0.925783
"12440_7",0.998585
"1489_10",0.999656
"12422_7",0.170903
"5463_10",0.475893
"5684_1",0.000083
"30_9",0.999829
"1255_8",0.999894
"3993_4",0.067122
"10386_7",0.969749
"10111_10",0.999972
"2915_9",0.967547
"4621_1",0.001482
"3671_9",0.999679
"1069_4",0.000776
"2060_10",0.963564
"3788_2",0.508882
"3_7",0.067472
"7722_1",0.086078
"9601_1",0.000328
"3294_3",0.042177
"4361_1",0.000750
"6626_7",0.730563
"5799_10",0.973227
"332_10",0.999947
"4320_4",0.130953
"4545_9",0.982047
"6029_1",0.008640
"6329_1",0.070042
"5586_1",0.000652
"9401_1",0.000969
"7087_10",0.579184
"5200_1",0.006744
"9707_7",0.023323
"5006_10",0.987302
"4702_4",0.887756
"11207_10",0.439059
"3593_1",0.019152
"3050_3",0.552532
"6036_7",0.141091
"2221_2",0.000144
"6895_1",0.000574
"5678_10",0.999720
"8395_10",0.999858
"8193_1",0.006295
"11689_4",0.001091
"10207_10",0.999396
"5028_4",0.000189
"26_3",0.841392
"11774_10",0.999954
"59_3",0.037545
"7339_4",0.002258
"2141_7",0.988445
"10647_10",0.999938
"7703_8",0.218966
"5904_10",0.991498
"11952_7",0.999707
"6355_1",0.000033
"7465_1",0.000773
"1244_9",0.991525
"5129_9",0.999350
"4015_10",0.999917
"435_1",0.006300
"8974_3",0.954773
"2294_2",0.000591
"5028_8",0.929830
"3850_1",0.001682
"3162_10",0.998519
"7690_10",0.972973
"10957_1",0.001464
"8809_10",0.999655
"8509_2",0.993527
"2314_1",0.021976
"2587_9",0.968670
"6823_8",0.999422
"9761_2",0.001632
"2699_4",0.001450
"10291_3",0.000817
"3015_7",0.982000
"10059_10",0.996630
"8018_1",0.037590
"9487_1",0.514353
"12074_4",0.000341
"2051_1",0.003040
"3997_1",0.002168
"9323_2",0.238363
"10231_9",0.999785
"10129_2",0.000656
"1491_10",0.999782
"5601_10",0.842319
"6980_9",0.999708
"8952_1",0.000338
"12021_1",0.000303
"11719_1",0.001929
"4620_8",0.045135
"9819_4",0.048883
"1682_2",0.999715
"5635_4",0.460648
"4634_10",0.999816
"8725_8",0.997381
"9919_9",0.993948
"5839_9",0.502969
"10643_1",0.065108
"4447_9",0.494500
"7614_7",0.950600
"441_4",0.276919
"1713_1",0.000278
"507_7",0.749238
"6592_1",0.058020
"6378_9",0.999636
"10206_4",0.891756
"11627_8",0.539065
"11991_4",0.243575
"5759_3",0.000115
"2655_3",0.002448
"8628_7",0.999952
"12364_2",0.002532
"11107_7",0.999827
"3166_2",0.730547
"4168_1",0.095029
"10876_7",0.481300
"5609_10",0.999471
"600_8",0.994534
"7243_2",0.003542
"7300_9",0.725029
"9144_10",0.408804
"4539_3",0.138321
"8007_10",0.999386
"8486_1",0.000172
"6213_2",0.830593
"4742_10",0.149592
"1421_1",0.000502
"4061_9",0.927982
"10451_7",0.995115
"1062_8",0.999385
"12281_1",0.154407
"5994_3",0.000540
"10055_10",0.946073
"2602_1",0.937416
"11107_4",0.019752
"4007_3",0.036576
"10444_9",0.999980
"1635_7",0.741046
"12049_8",0.999988
"3988_3",0.006260
"12414_8",0.999768
"7074_1",0.001743
"11854_7",0.999446
"2445_8",0.999834
"2187_9",0.999668
"11675_10",0.985578
"5648_1",0.000069
"1614_4",0.000549
"9395_2",0.000023
"5372_1",0.012816
"12082_10",0.999931
"12029_10",0.362352
"983_4",0.978989
"11356_3",0.005937
"4254_10",0.921846
"6017_4",0.004356
"2330_10",0.746691
"1089_1",0.001805
"8017_3",0.001256
"5248_1",0.994931
"9041_8",0.984442
"3855_1",0.005656
"10976_1",0.004367
"7926_4",0.164852
"7758_4",0.031375
"8081_7",0.998938
"9267_4",0.983915
"6381_9",0.999268
"6172_4",0.402982
"12411_8",0.999783
"5216_10",0.999939
"10999_8",0.980666
"2460_1",0.037437
"7815_7",0.991386
"8586_7",0.994674
"21_1",0.011566
"2467_1",0.000283
"7979_8",0.996025
"3744_7",0.999310
"7205_1",0.000747
"6862_7",0.923757
"12031_10",0.999366
"12458_1",0.004503
"10410_1",0.010723
"2624_10",0.999015
"12083_1",0.027038
"47_2",0.001557
"676_7",0.999876
"5425_10",0.996192
"1899_2",0.004136
"9666_1",0.000611
"3151_10",0.997933
"1745_8",0.998537
"7646_8",0.880400
"10011_9",0.999273
"10061_10",0.999948
"6792_9",0.999985
"5150_3",0.015286
"593_10",0.998818
"6170_4",0.999260
"2029_2",0.001534
"3026_4",0.002452
"1086_10",0.992683
"1594_8",0.999945
"227_1",0.003133
"5932_7",0.915085
"2681_1",0.000220
"4270_10",0.999279
"10065_1",0.413841
"6640_9",0.999669
"1160_10",0.999584
"3078_1",0.013221
"1546_7",0.999003
"12315_1",0.003730
"8699_1",0.004578
"11438_4",0.017702
"2034_7",0.899666
"7899_1",0.001009
"1006_3",0.000727
"3732_7",0.067652
"11094_7",0.798273
"1477_4",0.145842
"8912_10",0.991419
"8140_4",0.068139
"7542_9",0.999638
"2556_1",0.943997
"10075_10",0.999880
"12212_2",0.002138
"218_10",0.999827
"8385_1",0.001664
"5716_2",0.000059
"11655_10",0.997340
"6235_1",0.016707
"2823_10",0.424964
"7094_2",0.683969
"465_10",0.997948
"4968_4",0.011796
"222_10",0.405265
"464_4",0.733028
"2593_10",0.044229
"11946_3",0.014559
"6083_1",0.028925
"8158_3",0.529010
"2646_3",0.808695
"8282_4",0.005125
"12482_2",0.000138
"1020_7",0.576132
"7554_10",0.990578
"4492_2",0.000158
"4468_4",0.003566
"7365_8",0.996877
"9777_9",0.999239
"9505_3",0.069934
"10546_1",0.127698
"2179_7",0.880257
"9325_9",0.999622
"9042_10",0.988272
"7631_2",0.003383
"1583_2",0.000575
"10449_2",0.002080
"8021_9",0.810633
"9282_9",0.999234
"5261_9",0.977522
"9127_8",0.999963
"6408_2",0.000319
"7306_1",0.002462
"2955_4",0.639316
"6401_10",0.999856
"278_10",0.999729
"1954_8",0.996653
"2592_8",0.998654
"2040_10",0.999769
"4779_10",0.999894
"7274_8",0.999600
"8094_2",0.000071
"9359_9",0.999959
"10732_10",0.998341
"7824_7",0.948467
"493_7",0.927250
"2458_2",0.022851
"67_3",0.001988
"1495_1",0.044558
"2984_1",0.000091
"9979_4",0.956876
"2790_1",0.024892
"8948_1",0.005977
"4249_1",0.573509
"5994_10",0.999855
"5119_2",0.000780
"6539_2",0.000517
"12006_2",0.000498
"555_4",0.035849
"9508_9",0.996187
"2282_2",0.058818
"4119_7",0.999771
"1224_8",0.998651
"492_10",0.996435
"7062_9",0.888409
"6663_10",0.999892
"9410_8",0.958618
"6033_8",0.999695
"4704_9",0.999931
"1347_3",0.000200
"6920_7",0.999863
"7736_1",0.472267
"2884_3",0.000578
"1870_2",0.002191
"4058_3",0.150414
"3089_8",0.984062
"932_9",0.999881
"5666_10",0.999902
"5770_1",0.016295
"10982_10",0.972058
"5977_1",0.261557
"7678_2",0.089881
"7788_10",0.999934
"6328_1",0.000107
"5806_10",0.999534
"595_1",0.016412
"8235_7",0.999875
"10822_2",0.000083
"12353_7",0.692581
"5381_1",0.000383
"504_8",0.609903
"4876_10",0.999747
"5244_10",0.998613
"12010_8",0.389649
"7263_2",0.849929
"10315_10",0.994064
"9967_1",0.000227
"126_10",0.999834
"3861_1",0.000040
"10221_8",0.919373
"7844_3",0.101142
"10976_8",0.640321
"9372_8",0.999748
"5633_2",0.000759
"3833_4",0.003751
"5256_8",0.999251
"8840_1",0.000188
"2122_10",0.999970
"4607_4",0.006567
"12025_9",0.992419
"10884_9",0.882964
"2473_10",0.442617
"12330_8",0.610415
"6997_3",0.000259
"4505_9",0.999923
"1302_8",0.916022
"4382_3",0.004353
"9645_8",0.857805
"4138_2",0.006674
"2419_1",0.002288
"3059_8",0.957072
"8239_9",0.999946
"105_3",0.064923
"1129_9",0.995003
"9065_10",0.998993
"3249_1",0.000058
"4864_8",0.783145
"11748_8",0.999932
"561_10",0.999971
"1261_1",0.181708
"10944_1",0.001043
"11503_1",0.316504
"8089_9",0.997749
"3224_10",0.998898
"4550_3",0.825788
"8097_7",0.999720
"11042_1",0.008655
"4590_3",0.397977
"10838_8",0.995807
"5500_3",0.000978
"6779_10",0.999773
"7489_2",0.000106
"4145_8",0.918526
"2477_2",0.196726
"11428_7",0.369223
"5178_8",0.015293
"1604_1",0.003647
"2269_7",0.999121
"683_2",0.132640
"12373_10",0.999876
"12362_10",0.999901
"1486_9",0.132873
"4922_1",0.000603
"5689_8",0.003098
"11287_9",0.931899
"4578_4",0.034597
"361_1",0.022314
"6750_4",0.482259
"10004_9",0.998362
"3649_9",0.996835
"12485_8",0.999479
"4867_10",0.998935
"10463_2",0.630395
"8449_9",0.999448
"10573_10",0.999970
"12488_3",0.016854
"1649_2",0.000726
"12064_1",0.935917
"4892_10",0.999905
"8877_3",0.049774
"11816_9",0.999819
"10235_10",0.896238
"8204_7",0.993808
"8608_10",0.998771
"475_10",0.999975
"10150_8",0.999704
"4661_10",0.987727
"434_8",0.317227
"10121_10",0.999784
"438_9",0.998543
"2866_1",0.039085
"10667_2",0.274892
"9575_8",0.999886
"910_10",0.999777
"1631_7",0.998009
"10585_3",0.003117
"1060_8",0.660654
"8817_1",0.000028
"10511_10",0.999934
"11854_2",0.002096
"4429_7",0.973440
"7462_4",0.001141
"7668_10",0.989702
"6258_8",0.999733
"12481_1",0.000328
"3948_7",0.999600
"624_10",0.872127
"6418_8",0.999716
"4211_7",0.945771
"10606_1",0.005383
"3052_1",0.000192
"12091_8",0.999717
"5559_10",0.999757
"6462_8",0.997983
"6215_1",0.002557
"10996_1",0.222694
"1139_10",0.598256
"11400_8",0.998174
"10075_3",0.018345
"9034_4",0.103951
"8963_7",0.989776
"622_10",0.999929
"4570_3",0.109591
"12242_2",0.000066
"10595_1",0.479078
"5524_1",0.016349
"10074_3",0.940593
"10761_4",0.973024
"5215_1",0.003693
"7480_8",0.900880
"3940_4",0.710957
"375_10",0.994819
"11998_3",0.111673
"11759_10",0.999920
"12180_7",0.851695
"9000_2",0.980755
"4251_3",0.052587
"7944_10",0.999954
"12444_1",0.002283
"7400_1",0.000862
"4122_8",0.999821
"8849_10",0.999959
"5656_4",0.018990
"4091_7",0.999495
"8699_10",0.999781
"8750_9",0.999566
"3813_10",0.999796
"1836_4",0.002130
"1644_9",0.999209
"5764_10",0.998900
"1328_1",0.881844
"2332_2",0.036334
"1851_1",0.673833
"9281_2",0.001394
"9870_1",0.003847
"3201_1",0.000714
"9589_10",0.158530
"3137_1",0.000796
"10655_10",0.867031
"10722_1",0.021235
"10338_9",0.998675
"2561_4",0.008941
"8646_8",0.970282
"10077_7",0.955997
"2091_10",0.999944
"12110_7",0.972279
"8961_4",0.097826
"10497_1",0.000065
"3909_3",0.382012
"2535_3",0.071457
"8969_3",0.048528
"160_10",0.999309
"10280_4",0.527174
"5117_1",0.000088
"2371_4",0.000020
"12014_10",0.975518
"8665_8",0.993371
"5386_3",0.000338
"1284_1",0.000052
"6541_7",0.994780
"6919_4",0.017663
"7066_10",0.999320
"1189_3",0.000596
"247_8",0.999571
"4144_8",0.998925
"1788_10",0.999730
"3875_9",0.999472
"9484_2",0.005623
"6650_1",0.533179
"526_3",0.010333
"10810_8",0.993367
"3361_2",0.086160
"3721_1",0.001491
"8024_2",0.003994
"11882_10",0.007069
"6015_1",0.000541
"10950_8",0.505499
"10595_10",0.935030
"6215_8",0.638647
"7506_1",0.003406
"9448_2",0.000250
"10267_4",0.358579
"1890_4",0.539056
"11388_1",0.000169
"4033_2",0.000031
"10188_1",0.059836
"3685_10",0.986362
"2329_10",0.812858
"2672_10",0.985917
"3356_10",0.964853
"7505_9",0.924903
"8789_7",0.999820
"4655_1",0.000112
"7490_7",0.997639
"10703_9",0.174595
"2088_9",0.999458
"5114_3",0.005024
"3317_8",0.000570
"2826_2",0.084026
"8346_8",0.994531
"2036_1",0.000508
"11081_2",0.021652
"5313_7",0.999428
"266_4",0.075992
"7378_7",0.999750
"7420_2",0.000140
"9637_8",0.941706
"8788_2",0.000242
"4953_2",0.063840
"8212_9",0.999950
"10437_9",0.999598
"9397_1",0.000602
"4598_10",0.597476
"2772_10",0.998790
"83_10",0.999662
"6217_1",0.000359
"11725_10",0.999270
"4380_9",0.999929
"2974_1",0.000020
"12363_7",0.999643
"3246_1",0.000395
"6087_9",0.992219
"3419_9",0.553204
"6587_9",0.997966
"2450_1",0.000028
"2475_10",0.999957
"11551_7",0.999002
"7614_4",0.002775
"10136_10",0.999758
"5844_3",0.202940
"7473_1",0.000099
"6772_4",0.888059
"6253_1",0.046546
"4036_10",0.997259
"11948_10",0.998731
"11435_9",0.999654
"6106_9",0.999061
"12271_1",0.002884
"12030_3",0.147983
"11640_3",0.005513
"5589_10",0.015486
"6352_1",0.934419
"2523_4",0.991709
"8198_8",0.999596
"7283_4",0.617235
"4330_3",0.906206
"7882_3",0.526287
"9815_8",0.999187
"1714_1",0.000893
"3836_1",0.004782
"8618_7",0.704064
"1759_3",0.892129
"9317_2",0.006895
"6186_4",0.174094
"3779_1",0.000088
"10096_9",0.999282
"3277_7",0.938144
"6023_10",0.999957
"4863_7",0.935474
"11194_2",0.000717
"11227_2",0.000026
"11983_1",0.013772
"337_9",0.999814
"11441_3",0.000141
"6668_1",0.000356
"4333_9",0.975983
"3773_8",0.836807
"5370_9",0.954797
"4959_10",0.346781
"9431_3",0.102530
"6834_3",0.006166
"9952_3",0.000306
"9810_1",0.002422
"697_4",0.227379
"4528_3",0.015998
"5817_1",0.000021
"9052_7",0.635608
"11494_8",0.970546
"4516_1",0.000173
"2810_9",0.998986
"1105_10",0.994587
"6873_2",0.000831
"8171_10",0.135506
"9568_10",0.999965
"879_10",0.999682
"8493_8",0.994897
"9437_10",0.944627
"3841_1",0.008086
"3852_7",0.997732
"7414_9",0.999779
"6048_1",0.000381
"2921_1",0.000035
"6752_1",0.000302
"7997_1",0.874092
"640_1",0.000214
"9576_3",0.003078
"4110_4",0.017097
"11407_7",0.996097
"410_10",0.999806
"11167_10",0.998263
"8383_10",0.999285
"392_7",0.993734
"1459_4",0.076751
"11929_10",0.997470
"12362_4",0.024121
"4046_2",0.000260
"2597_10",0.887956
"11246_4",0.046916
"8692_8",0.999867
"3986_9",0.965611
"391_1",0.009521
"2504_7",0.999833
"11644_10",0.989823
"1788_1",0.023178
"5286_1",0.000131
"3486_1",0.999852
"4486_7",0.751793
"4614_3",0.734269
"11360_4",0.000547
"2315_10",0.999576
"3637_10",0.764875
"6479_3",0.116312
"10306_8",0.816102
"2225_1",0.000489
"9688_3",0.016477
"8999_2",0.001351
"6793_1",0.000636
"1785_8",0.994448
"3902_1",0.002852
"3805_1",0.000095
"6867_8",0.846521
"761_2",0.023996
"9493_4",0.015196
"4805_4",0.991920
"583_8",0.999846
"9470_9",0.998028
"9859_8",0.944683
"6633_8",0.931293
"518_10",0.966492
"10730_1",0.077088
"1855_4",0.020703
"5191_8",0.895790
"9191_1",0.000375
"1113_3",0.036803
"2973_8",0.999878
"10712_1",0.000483
"7729_1",0.000611
"2730_1",0.004872
"10170_1",0.000166
"8238_10",0.995063
"9495_10",0.999891
"11652_1",0.005239
"4911_2",0.003217
"7514_1",0.000749
"8164_2",0.044216
"10389_7",0.992427
"7557_10",0.977118
"852_4",0.001057
"1584_1",0.000520
"2387_2",0.036800
"6073_4",0.063950
"7047_10",0.999947
"6338_7",0.998111
"1741_4",0.419271
"3697_1",0.031355
"5444_2",0.004010
"10082_1",0.071781
"6135_4",0.512792
"9242_8",0.997180
"7864_8",0.999063
"3466_2",0.012302
"9852_9",0.997893
"12390_7",0.993350
"5189_9",0.999674
"6771_9",0.946573
"223_3",0.069482
"8322_4",0.000882
"4465_8",0.998088
"6597_2",0.304551
"3477_8",0.999911
"4736_8",0.999326
"4581_8",0.993774
"5898_3",0.004881
"12335_7",0.983662
"7321_7",0.976750
"128_4",0.014061
"9116_3",0.123138
"9152_8",0.999080
"3613_3",0.002211
"1095_8",0.999917
"225_10",0.972043
"12445_10",0.996549
"596_1",0.023082
"6693_1",0.001375
"7535_4",0.951655
"3135_4",0.000197
"7435_2",0.000625
"758_3",0.000180
"11838_10",0.999949
"8539_2",0.002948
"671_8",0.999929
"53_4",0.073580
"8718_10",0.999953
"10447_7",0.699995
"86_10",0.007644
"7042_1",0.000101
"5821_3",0.001515
"4604_4",0.000545
"7906_2",0.000368
"11449_2",0.000057
"6505_8",0.999912
"8160_3",0.003610
"1054_9",0.999280
"6300_7",0.997602
"10058_8",0.999779
"3990_10",0.999978
"9233_4",0.020089
"9314_2",0.903270
"4213_10",0.992350
"3407_10",0.998449
"1982_1",0.131988
"9686_1",0.839567
"11246_10",0.997167
"617_4",0.001617
"12182_1",0.000049
"5687_1",0.001227
"1559_2",0.000044
"3596_7",0.999329
"4991_10",0.998310
"3315_8",0.987317
"1192_1",0.000012
"1454_8",0.999910
"9836_3",0.999716
"8088_4",0.032678
"1651_2",0.000847
"4641_10",0.998990
"10624_1",0.027908
"2902_2",0.972734
"10435_7",0.996630
"11623_2",0.002911
"1609_1",0.001049
"2623_1",0.000194
"4444_8",0.998943
"12412_3",0.011661
"8496_1",0.001084
"4279_8",0.993159
"9053_10",0.900189
"11747_3",0.000057
"9754_4",0.803435
"1795_2",0.273057
"6017_10",0.999604
"8964_7",0.998994
"1118_7",0.999389
"11564_7",0.624759
"9897_1",0.000559
"7731_1",0.003258
"7391_2",0.000658
"6670_7",0.999648
"8347_1",0.000707
"5000_4",0.000055
"3513_1",0.000901
"9427_4",0.002342
"6840_1",0.000156
"9217_9",0.985330
"5545_8",0.979764
"9858_10",0.998404
"1909_2",0.000256
"8416_10",0.998240
"11079_3",0.002089
"4638_4",0.193039
"324_10",0.999178
"9126_10",0.925007
"9069_7",0.998415
"10555_10",0.942138
"9626_8",0.965306
"6629_10",0.999873
"8419_10",0.999889
"5437_8",0.001713
"2463_10",0.999712
"10540_1",0.029192
"10579_1",0.001306
"11517_8",0.969965
"5306_10",0.999967
"4996_9",0.999100
"8251_7",0.993537
"7382_1",0.000030
"4284_9",0.999386
"772_10",0.999682
"5394_1",0.000204
"10576_9",0.997142
"635_8",0.999328
"9315_2",0.825673
"9642_4",0.000116
"7225_10",0.999349
"1806_3",0.942497
"4484_1",0.004644
"4912_10",0.999671
"4837_10",0.998824
"11025_10",0.995375
"1419_10",0.819310
"8789_4",0.000486
"1507_1",0.033307
"6478_1",0.005320
"7774_1",0.000378
"7805_10",0.959440
"11142_10",0.383275
"3832_10",0.999541
"1830_3",0.000888
"2676_4",0.001607
"1595_1",0.000117
"8044_9",0.999542
"8476_1",0.000063
"5190_8",0.467778
"4941_2",0.000039
"10114_8",0.999561
"11931_3",0.058559
"11970_10",0.995256
"5572_1",0.005251
"32_3",0.993523
"10026_10",0.996578
"10554_2",0.000180
"6440_7",0.999826
"7636_1",0.383974
"7973_9",0.995684
"2920_10",0.999921
"9531_1",0.000517
"568_4",0.003849
"6091_3",0.137363
"5700_9",0.799200
"4934_7",0.999978
"5988_10",0.999933
"5162_1",0.003200
"1043_4",0.001237
"11574_2",0.788511
"2592_1",0.002127
"4881_3",0.191960
"447_10",0.999648
"6922_8",0.999886
"9314_10",0.999001
"10693_10",0.998683
"257_9",0.989544
"2090_10",0.885730
"7826_1",0.000066
"7851_4",0.084540
"1606_1",0.546221
"4446_1",0.002304
"10655_2",0.025659
"11116_2",0.000714
"1631_1",0.075634
"11696_10",0.993594
"2114_3",0.004512
"10728_8",0.999515
"8006_9",0.999714
"5963_10",0.999001
"2094_10",0.999953
"10113_1",0.001465
"2832_4",0.000019
"9600_1",0.000132
"7776_1",0.009434
"567_9",0.017083
"4700_10",0.942233
"1143_1",0.018070
"7853_1",0.003736
"11178_1",0.076712
"7770_3",0.000146
"11696_2",0.000124
"6077_9",0.999935
"5952_1",0.000066
"507_1",0.001904
"11888_3",0.359097
"7857_3",0.001159
"1381_7",0.015811
"5080_2",0.000508
"9831_10",0.996838
"7231_1",0.023396
"6012_3",0.003426
"6843_4",0.207408
"7120_1",0.000031
"9248_1",0.898643
"5313_4",0.035340
"8434_2",0.001310
"10224_2",0.001010
"7303_10",0.999225
"1796_8",0.958811
"9302_4",0.418171
"2232_4",0.002902
"5333_3",0.026846
"1340_3",0.000033
"5472_2",0.000175
"1768_3",0.000214
"3140_1",0.205041
"6264_3",0.005415
"6699_8",0.195637
"2085_7",0.999755
"5319_4",0.340813
"7561_4",0.922782
"992_1",0.005696
"193_4",0.039086
"19_10",0.999925
"6225_8",0.056314
"933_10",0.999463
"11245_10",0.991943
"6152_3",0.033012
"10163_7",0.999952
"9382_4",0.003758
"4655_8",0.999899
"5195_10",0.971536
"8989_4",0.000033
"5309_10",0.997194
"2183_2",0.006928
"7597_10",0.995708
"1272_8",0.994999
"10107_9",0.999471
"3067_1",0.000414
"390_10",0.999315
"5746_4",0.000658
"7145_4",0.465571
"1612_8",0.968741
"7968_4",0.951000
"3793_9",0.992592
"2719_1",0.821838
"1645_10",0.999975
"9934_2",0.001198
"9288_4",0.150905
"937_4",0.451485
"10385_1",0.000070
"3726_1",0.000075
"2700_10",0.999640
"11824_1",0.000289
"4133_10",0.997563
"9873_2",0.169563
"8769_1",0.000329
"11806_10",0.999793
"903_4",0.013276
"727_3",0.214188
"2426_2",0.001954
"8663_1",0.346886
"11163_8",0.922398
"1505_7",0.923425
"4758_10",0.999934
"2119_4",0.158051
"7351_8",0.999227
"5638_10",0.999834
"11236_10",0.999114
"9351_3",0.789081
"8732_4",0.117661
"4771_1",0.031857
"4094_10",0.999471
"8314_7",0.982851
"5273_10",0.990524
"1773_1",0.000238
"7415_1",0.000322
"677_1",0.001637
"5585_1",0.000111
"1523_10",0.999732
"6855_1",0.003015
"6634_9",0.998997
"3866_2",0.000100
"7165_3",0.000163
"7516_7",0.156388
"2239_8",0.999154
"1248_8",0.999938
"6839_8",0.883825
"2648_10",0.999842
"5246_9",0.796419
"9445_1",0.000753
"4323_4",0.009077
"4356_10",0.974515
"9447_4",0.988615
"4022_3",0.001072
"6239_3",0.000150
"447_4",0.002490
"6717_8",0.939252
"2470_9",0.999958
"4816_1",0.000343
"1682_10",0.996667
"67_10",0.999612
"724_10",0.999930
"7678_9",0.999743
"2889_4",0.152182
"7487_9",0.999950
"1411_4",0.971286
"7447_8",0.999055
"3856_1",0.012426
"4412_10",0.995361
"8939_2",0.000049
"3314_9",0.313506
"2776_1",0.002295
"7986_8",0.999470
"12084_10",0.999505
"9529_10",0.999706
"11599_7",0.121701
"11688_3",0.066072
"11559_1",0.001842
"5838_2",0.006042
"6397_4",0.909670
"3551_4",0.640881
"5646_10",0.999317
"7760_2",0.003200
"4983_7",0.999893
"3870_1",0.788083
"5621_9",0.998588
"8716_9",0.999598
"2017_10",0.995833
"579_10",0.999974
"2659_1",0.000027
"10364_2",0.187300
"837_8",0.986040
"226_4",0.000590
"4836_1",0.001458
"11389_3",0.007953
"5284_2",0.000314
"4277_4",0.102182
"3821_10",0.983370
"6593_8",0.917855
"5060_7",0.624539
"5121_8",0.999407
"3810_7",0.452270
"3941_8",0.953024
"12291_1",0.000721
"1082_1",0.354927
"931_9",0.918598
"10202_4",0.776379
"11004_9",0.999965
"5243_7",0.555734
"2861_1",0.019622
"11992_10",0.997609
"11358_9",0.999949
"3996_10",0.997838
"12434_8",0.008483
"8310_7",0.998729
"3894_9",0.999794
"3021_1",0.000734
"1652_10",0.999818
"90_2",0.986946
"283_1",0.170565
"9809_8",0.426119
"2693_2",0.078206
"5717_1",0.009602
"6051_9",0.999641
"4542_1",0.000040
"5104_8",0.999920
"10139_10",0.155354
"6129_1",0.000244
"859_8",0.687047
"3107_1",0.000079
"2595_2",0.036058
"2676_10",0.999155
"3634_2",0.296283
"6953_1",0.447956
"4430_4",0.005652
"79_8",0.999297
"7318_2",0.020755
"863_4",0.000247
"6393_3",0.981621
"6910_3",0.336065
"4438_9",0.999322
"4242_9",0.999879
"5813_4",0.024926
"203_3",0.000720
"7333_10",0.999888
"11658_8",0.926739
"11206_4",0.001751
"6208_7",0.999689
"7273_8",0.999384
"5518_10",0.948884
"7092_1",0.069724
"10508_7",0.352268
"1196_9",0.999551
"10037_7",0.999193
"6468_8",0.999931
"8502_4",0.936315
"1017_1",0.001872
"4_10",0.999933
"8439_1",0.001636
"7048_3",0.000102
"3238_1",0.000881
"11610_1",0.014910
"3468_10",0.998923
"184_3",0.013403
"12227_7",0.998606
"4872_3",0.789493
"11139_10",0.999848
"4316_7",0.963215
"3071_1",0.012920
"335_2",0.000164
"10847_1",0.000538
"4646_10",0.963359
"9382_10",0.999980
"6577_1",0.000302
"4549_1",0.000257
"2459_9",0.999750
"102_8",0.502859
"1581_1",0.001187
"2439_10",0.999698
"6988_9",0.981444
"2024_1",0.000062
"12375_1",0.000065
"6084_4",0.850075
"6617_3",0.400652
"815_3",0.000327
"1857_1",0.009741
"7428_1",0.008168
"5943_8",0.998401
"11811_10",0.999196
"10844_1",0.005023
"1275_7",0.999920
"1910_1",0.000313
"3306_8",0.999452
"4735_1",0.000295
"10819_1",0.019579
"9571_2",0.002197
"1037_10",0.985201
"7177_4",0.443729
"5066_10",0.999695
"4888_2",0.010428
"10646_2",0.000704
"7929_1",0.000128
"5181_1",0.001660
"1387_1",0.005442
"1304_8",0.467763
"2108_1",0.036930
"9875_10",0.999949
"10200_1",0.000968
"11665_9",0.999938
"6685_1",0.046826
"10234_9",0.999907
"6622_9",0.994208
"9703_7",0.983146
"7504_8",0.963113
"1267_3",0.096751
"902_3",0.076580
"10674_2",0.041047
"5237_10",0.996764
"5270_10",0.911873
"1701_7",0.996053
"3222_2",0.870272
"6116_10",0.484642
"11543_10",0.934746
"8189_7",0.565358
"8737_8",0.999867
"6856_7",0.512347
"2035_8",0.999271
"5011_10",0.934165
"6135_9",0.999745
"9172_1",0.000131
"5822_1",0.000333
"8816_3",0.004328
"1124_1",0.003524
"5422_4",0.816902
"3275_2",0.014889
"2076_2",0.007940
"5223_8",0.991528
"1814_3",0.000949
"6171_2",0.781517
"3228_1",0.030209
"3693_3",0.002023
"8891_2",0.006248
"1171_8",0.999933
"9496_1",0.069174
"8702_10",0.993710
"11287_4",0.000065
"2157_10",0.999724
"6058_8",0.999602
"4025_2",0.000210
"5097_8",0.999740
"2335_1",0.000579
"6945_1",0.000023
"2970_4",0.000605
"10473_10",0.777767
"10139_1",0.000667
"7680_10",0.999581
"10705_1",0.000066
"9883_10",0.999963
"2808_10",0.997457
"6543_2",0.001748
"3482_3",0.641859
"2547_7",0.993119
"8378_4",0.000354
"7746_10",0.999959
"5007_4",0.058905
"1623_8",0.998709
"10762_9",0.999923
"8604_1",0.001006
"868_7",0.010415
"7902_1",0.003249
"3644_1",0.007274
"330_1",0.000314
"2519_7",0.999776
"716_2",0.695558
"9908_1",0.000585
"1410_2",0.799687
"1154_4",0.028564
"589_10",0.999908
"10182_3",0.012384
"6872_8",0.984306
"7232_8",0.999201
"4339_8",0.950430
"6652_2",0.001407
"8692_1",0.000094
"4585_2",0.300990
"5846_4",0.977250
"4401_1",0.005015
"4848_10",0.993147
"1727_1",0.000154
"8038_2",0.170893
"2532_1",0.000685
"11010_9",0.097731
"4915_10",0.998411
"6047_4",0.006458
"10358_3",0.032652
"697_10",0.999655
"7648_7",0.999896
"5495_4",0.000016
"6611_2",0.182375
"12099_8",0.999847
"1109_1",0.001988
"6874_1",0.000379
"8072_4",0.031820
"11231_10",0.999992
"10871_7",0.999466
"9990_10",0.996609
"645_10",0.999506
"9345_1",0.783394
"5298_1",0.032412
"5971_10",0.048726
"5079_8",0.999747
"6022_3",0.000260
"4954_7",0.630108
"5063_8",0.995876
"843_10",0.999142
"556_7",0.998530
"1498_1",0.000096
"9374_7",0.758407
"8728_1",0.965865
"8297_10",0.998894
"5760_10",0.461979
"7403_10",0.272113
"964_3",0.024959
"8842_9",0.999903
"11552_10",0.999329
"5592_2",0.001915
"3531_9",0.999487
"9383_3",0.867649
"6576_1",0.000276
"125_3",0.000426
"8382_2",0.003748
"3786_9",0.999930
"8636_9",0.996781
"12225_10",0.867120
"8958_8",0.999943
"5981_10",0.977230
"9594_10",0.982162
"9802_3",0.016442
"4353_3",0.000719
"10567_8",0.999983
"3982_7",0.983975
"3292_7",0.777402
"1739_3",0.001239
"3356_3",0.001421
"5253_4",0.028151
"1186_10",0.999657
"12218_8",0.996728
"1361_9",0.915556
"11423_4",0.000053
"5649_1",0.000501
"11988_10",0.998873
"393_7",0.999914
"8081_2",0.014107
"10290_1",0.000188
"5548_1",0.018802
"2266_3",0.250573
"341_1",0.000015
"2081_10",0.999985
"6268_1",0.012613
"2267_9",0.999978
"82_3",0.000265
"11259_10",0.998542
"6760_7",0.095265
"6352_9",0.999539
"10733_3",0.059358
"7418_2",0.000580
"11562_8",0.992371
"8895_9",0.986564
"7911_7",0.769899
"4885_10",0.999967
"542_4",0.018090
"6099_7",0.993910
"5355_1",0.000052
"3969_1",0.000176
"11541_4",0.028452
"6413_1",0.005104
"3725_7",0.795822
"11757_1",0.136160
"7663_1",0.046734
"3161_3",0.020249
"9119_10",0.999773
"7726_3",0.008790
"1764_8",0.999739
"7211_7",0.996651
"8069_4",0.194205
"7119_2",0.013639
"1163_10",0.998846
"5836_2",0.000706
"1921_8",0.999028
"892_1",0.000123
"7629_8",0.581023
"5605_1",0.002381
"3955_10",0.999951
"5093_4",0.000151
"6366_4",0.004137
"11267_2",0.000190
"522_2",0.054532
"7659_10",0.999933
"11779_4",0.546628
"5226_1",0.026718
"8767_10",0.541650
"1315_4",0.000221
"8179_8",0.999333
"10270_10",0.986158
"8218_1",0.311637
"4363_10",0.999621
"9701_9",0.874558
"9774_10",0.999784
"8326_10",0.998975
"1529_10",0.999944
"9090_8",0.999963
"8596_7",0.436339
"3508_1",0.002317
"2272_8",0.999958
"1226_7",0.999462
"40_8",0.995252
"1159_1",0.000027
"11508_1",0.000299
"2869_8",0.985065
"4068_1",0.003677
"7510_1",0.005554
"2967_3",0.550812
"8307_10",0.449723
"9920_8",0.999681
"9102_1",0.182740
"3586_4",0.998842
"2278_10",0.999965
"9459_9",0.999902
"3080_10",0.999881
"8960_1",0.000033
"11294_8",0.100908
"5241_1",0.000248
"4515_10",0.999915
"5855_7",0.999942
"12107_2",0.000114
"6435_2",0.000133
"5813_10",0.999027
"12008_1",0.000163
"1613_10",0.958658
"9381_9",0.943687
"4467_10",0.985238
"1439_8",0.998031
"1021_2",0.000123
"2718_1",0.025968
"11439_8",0.999394
"10931_10",0.999853
"4326_10",0.988673
"6216_1",0.010112
"10369_4",0.011231
"1586_7",0.461755
"1310_2",0.001987
"293_1",0.000139
"5968_1",0.000034
"9338_10",0.998827
"418_4",0.001220
"4522_1",0.000079
"3925_8",0.996933
"9748_1",0.000806
"7142_8",0.999721
"8862_1",0.607789
"10812_2",0.007330
"3262_7",0.999022
"11540_10",0.044346
"1236_2",0.395944
"10321_10",0.647734
"5782_1",0.000695
"11765_8",0.319794
"6365_7",0.003238
"6265_2",0.125532
"5426_1",0.023638
"5312_7",0.998134
"1786_3",0.003132
"10137_2",0.021410
"9816_3",0.002857
"11925_10",0.286393
"3041_3",0.003921
"6742_1",0.000030
"10786_7",0.996046
"10687_4",0.016419
"7057_7",0.000826
"7532_9",0.996503
"4162_8",0.988836
"9911_10",0.999950
"2369_3",0.467374
"2967_9",0.742139
"9515_7",0.999826
"12035_9",0.989557
"9088_4",0.777086
"3037_8",0.989342
"1198_10",0.999965
"8186_8",0.973002
"3455_8",0.999874
"6676_3",0.103391
"4071_8",0.999581
"2244_7",0.858471
"1252_7",0.975749
"12178_3",0.000048
"5623_4",0.005874
"10938_1",0.000050
"2265_4",0.226138
"7442_7",0.149245
"7676_9",0.999616
"10666_1",0.000403
"9430_3",0.070645
"8329_2",0.000064
"11933_10",0.999054
"7868_1",0.000038
"6471_7",0.998868
"2191_1",0.000510
"3918_1",0.001178
"9767_10",0.999222
"11297_8",0.998873
"6763_8",0.999099
"2621_9",0.996881
"4056_4",0.433906
"8584_4",0.002042
"4541_9",0.989511
"1474_4",0.983074
"3748_7",0.998521
"1314_1",0.000103
"6195_10",0.999832
"3485_1",0.002740
"5448_7",0.933072
"12392_10",0.990201
"5807_10",0.999760
"11783_4",0.496229
"5693_1",0.000148
"5031_3",0.055420
"9684_1",0.004908
"924_10",0.712595
"12254_3",0.986039
"277_1",0.009141
"4384_10",0.999891
"8288_4",0.022449
"3056_3",0.000489
"4683_9",0.996058
"907_7",0.995897
"6720_7",0.721488
"12192_1",0.027887
"11090_8",0.996286
"4682_7",0.887134
"11698_10",0.002543
"1530_1",0.000692
"3017_9",0.999498
"9702_1",0.000248
"5761_3",0.000329
"9920_2",0.634964
"8250_1",0.978753
"11900_3",0.058745
"6128_10",0.009061
"8667_10",0.996449
"8304_3",0.105928
"1049_9",0.999487
"10262_4",0.573419
"7315_3",0.000141
"4935_10",0.999424
"2453_1",0.015064
"4820_10",0.972500
"3111_10",0.999291
"10351_8",0.993619
"146_1",0.013843
"6093_9",0.999693
"7215_10",0.999917
"6098_9",0.964963
"2873_10",0.999856
"2683_10",0.967849
"6886_9",0.587247
"4992_8",0.655596
"1038_1",0.044089
"988_3",0.000114
"212_7",0.967287
"6838_1",0.000854
"4865_8",0.985017
"6908_9",0.999975
"8548_10",0.996053
"2297_4",0.016289
"3455_4",0.043429
"5743_2",0.083342
"5820_1",0.272842
"4636_3",0.000876
"8184_4",0.001340
"7413_7",0.990320
"10750_7",0.999397
"10064_10",0.999941
"408_3",0.006701
"10388_10",0.937052
"8380_4",0.009646
"8904_2",0.000315
"10854_10",0.974071
"11511_10",0.999777
"259_10",0.998377
"1580_1",0.000277
"11775_1",0.084654
"8674_1",0.037073
"9540_10",0.999977
"6177_4",0.000565
"11074_8",0.999902
"7191_7",0.977755
"7496_1",0.000617
"4424_9",0.977442
"5733_9",0.779124
"2887_2",0.000123
"239_2",0.001335
"10920_1",0.000232
"10342_9",0.991343
"12321_1",0.000132
"1833_3",0.000522
"5494_7",0.755495
"8687_8",0.999919
"1076_8",0.999506
"7638_3",0.398003
"1361_3",0.610032
"1884_4",0.076626
"2056_10",0.999711
"5_4",0.730449
"1034_10",0.998310
"4008_8",0.999531
"4239_4",0.002924
"7257_4",0.012894
"9541_8",0.998145
"5869_1",0.000043
"1326_4",0.000097
"936_2",0.108604
"10473_4",0.002619
"12413_2",0.001359
"5934_9",0.999574
"2419_7",0.958892
"49_4",0.290195
"2129_9",0.997912
"12356_1",0.005665
"9268_2",0.000175
"7915_7",0.941657
"11405_3",0.941268
"7526_9",0.999604
"6639_2",0.000287
"7939_1",0.000242
"8934_1",0.006486
"2422_1",0.000203
"3885_4",0.844463
"1703_3",0.994649
"7530_9",0.999926
"5833_1",0.000063
"9858_4",0.063096
"12307_3",0.000040
"9341_10",0.994075
"4490_10",0.999950
"9292_10",0.978387
"7830_1",0.000112
"5329_1",0.000010
"5205_10",0.850720
"2172_1",0.003608
"8857_4",0.004701
"7933_1",0.001248
"12277_4",0.148065
"9853_10",0.964679
"5927_8",0.999953
"4453_4",0.004920
"3034_1",0.000062
"3469_1",0.016764
"12014_2",0.001281
"3802_3",0.582320
"10911_8",0.284004
"7519_1",0.000033
"4155_1",0.005713
"7873_1",0.000414
"7002_10",0.998064
"11597_1",0.054654
"9043_3",0.073855
"7623_3",0.642112
"6615_9",0.999937
"5982_1",0.002236
"492_1",0.000366
"7105_1",0.000046
"7072_8",0.998871
"7585_3",0.724106
"114_2",0.002978
"675_2",0.001820
"5141_1",0.003407
"11299_1",0.000895
"7008_4",0.173542
"4963_4",0.012496
"9363_8",0.993254
"12419_8",0.940691
"499_2",0.074730
"4741_1",0.000279
"3160_10",0.329964
"4605_7",0.985580
"7181_4",0.223864
"2620_3",0.049747
"7101_7",0.984388
"3358_8",0.900985
"11150_3",0.283400
"11555_3",0.704474
"11975_2",0.915344
"44_8",0.993562
"4699_10",0.999834
"6042_2",0.005338
"10368_3",0.735695
"2409_8",0.849051
"5933_1",0.012063
"7460_1",0.001241
"11653_3",0.996036
"1699_4",0.519198
"6189_4",0.006511
"12263_10",0.999956
"700_7",0.996766
"1974_9",0.998519
"4664_1",0.000186
"2083_3",0.001947
"3454_1",0.000166
"3196_4",0.876818
"7920_2",0.087661
"10257_10",0.999970
"12344_10",0.983642
"130_9",0.985308
"315_4",0.282705
"5923_10",0.996548
"1234_10",0.995085
"7402_2",0.000050
"4634_1",0.041335
"2558_10",0.997122
"11220_10",0.429393
"7652_10",0.572374
"1070_1",0.000460
"3018_1",0.821074
"6365_1",0.000694
"6081_4",0.140394
"1015_4",0.839372
"7071_10",0.736529
"4682_1",0.000073
"5242_1",0.900502
"5125_9",0.997722
"11299_7",0.999155
"7445_1",0.002674
"8206_10",0.999780
"7878_7",0.999782
"11630_4",0.184534
"9391_8",0.979300
"4755_2",0.000149
"36_8",0.999977
"617_9",0.981831
"987_7",0.985120
"1185_1",0.000197
"11135_1",0.000831
"6457_2",0.010586
"8337_7",0.877743
"9931_9",0.999761
"6932_10",0.982811
"9504_3",0.028168
"2333_2",0.043117
"10397_10",0.999790
"6200_4",0.161345
"8004_10",0.999433
"10818_10",0.999760
"164_7",0.523863
"6945_9",0.412646
"2551_10",0.996034
"10887_3",0.000070
"8942_8",0.999687
"6779_1",0.322165
"9818_10",0.999187
"11352_4",0.002157
"1035_9",0.998885
"9212_2",0.004580
"8530_3",0.074928
"7858_3",0.000229
"1777_4",0.006016
"6976_10",0.999844
"9426_2",0.000164
"2154_1",0.000537
"7037_9",0.998346
"1501_1",0.043584
"12448_2",0.000223
"1005_2",0.013107
"8031_1",0.026660
"8084_8",0.998481
"11933_3",0.000094
"3206_10",0.999915
"10197_2",0.000319
"8838_9",0.988215
"7720_1",0.001244
"9739_3",0.004066
"8312_4",0.000536
"3492_9",0.997012
"1133_8",0.999961
"3255_9",0.998243
"10625_8",0.999213
"12307_9",0.999236
"325_10",0.999916
"4393_10",0.999298
"8755_2",0.000127
"2645_4",0.112235
"10712_8",0.980296
"10358_7",0.989976
"10913_1",0.011061
"8406_7",0.999649
"12131_8",0.999913
"8306_7",0.875089
"8722_9",0.999814
"6363_3",0.000701
"6876_10",0.999804
"10802_8",0.000910
"6078_2",0.000161
"4558_8",0.999751
"643_4",0.416092
"9956_10",0.989155
"7267_8",0.951691
"10491_7",0.999834
"5105_8",0.990943
"7213_10",0.995427
"8442_2",0.000753
"11035_10",0.999851
"9961_3",0.000936
"2616_1",0.000154
"7666_4",0.904984
"548_4",0.142538
"2425_10",0.999900
"4173_1",0.003731
"3558_10",0.986391
"4117_3",0.971434
"9803_3",0.003297
"1545_1",0.011698
"6564_7",0.999588
"1306_1",0.000927
"632_1",0.000082
"3132_8",0.999890
"5755_2",0.000872
"5282_1",0.000804
"5891_10",0.999978
"3961_7",0.998632
"4107_1",0.000085
"2370_8",0.998066
"1363_1",0.000058
"5359_9",0.999655
"759_10",0.999982
"727_8",0.999932
"1875_1",0.000153
"10586_1",0.000207
"4906_1",0.000065
"11685_4",0.002732
"1632_1",0.512740
"4913_10",0.999943
"11375_1",0.000795
"423_10",0.400493
"5957_9",0.947587
"9389_1",0.000039
"10450_7",0.999558
"4205_1",0.994325
"2983_1",0.000271
"7895_1",0.000064
"2761_4",0.001852
"3359_1",0.000130
"687_9",0.999902
"8150_1",0.000077
"1647_10",0.999489
"10920_8",0.999835
"4813_8",0.999897
"4628_10",0.993697
"5738_4",0.000083
"11255_3",0.000120
"7801_10",0.998941
"3258_2",0.000377
"10513_7",0.763293
"9358_8",0.999964
"6864_2",0.000271
"3038_8",0.114107
"6928_1",0.001798
"10277_10",0.999974
"9231_1",0.000923
"8098_7",0.520662
"11550_10",0.999460
"10233_7",0.998891
"180_3",0.001153
"538_8",0.999626
"4977_9",0.999586
"11386_3",0.100558
"1045_3",0.000385
"61_1",0.162785
"6907_8",0.970064
"11368_10",0.883809
"10_3",0.000763
"7034_3",0.006508
"3051_10",0.986365
"362_9",0.999711
"8037_7",0.999207
"11408_4",0.001192
"8783_7",0.927642
"1755_10",0.999806
"3610_3",0.000797
"1376_3",0.028810
"4970_9",0.999393
"7802_9",0.992123
"4169_1",0.000172
"2063_4",0.998592
"2825_10",0.730693
"10758_10",0.999978
"10778_2",0.001884
"979_10",0.999006
"11700_4",0.985286
"7848_10",0.999351
"1294_7",0.999601
"4806_4",0.671210
"10159_4",0.087095
"3461_4",0.895081
"10312_1",0.012810
"4297_1",0.000668
"5081_2",0.000602
"2156_1",0.012096
"8417_1",0.001968
"10182_10",0.999861
"11732_2",0.005042
"10078_3",0.000098
"4772_1",0.001698
"6187_4",0.010680
"4219_10",0.986749
"5208_8",0.317459
"4935_2",0.000335
"6528_10",0.999448
"4080_1",0.003203
"6147_10",0.194712
"1352_2",0.999776
"5675_9",0.999575
"3024_4",0.022494
"6930_3",0.000245
"7005_1",0.138968
"380_9",0.983323
"5923_3",0.537714
"1246_9",0.996953
"3081_8",0.998367
"11913_3",0.000819
"4112_8",0.999685
"1440_8",0.999879
"12123_7",0.948055
"3731_1",0.000048
"420_10",0.979754
"5862_1",0.000655
"10864_7",0.999931
"3484_1",0.001534
"9438_4",0.001686
"7032_10",0.999983
"7670_2",0.092847
"5251_9",0.999090
"5296_7",0.999889
"9161_7",0.224924
"6446_4",0.193294
"11694_8",0.999943
"1674_9",0.999953
"8831_10",0.216964
"11813_10",0.999820
"3380_1",0.000041
"8653_10",0.999897
"10485_1",0.053758
"3771_9",0.803010
"5534_1",0.000127
"2_7",0.977088
"2334_9",0.999348
"8327_4",0.913091
"8552_9",0.999934
"9117_10",0.999963
"11953_10",0.999341
"7015_4",0.961668
"9649_10",0.997870
"1701_1",0.006942
"1946_3",0.004343
"1536_10",0.994393
"6419_7",0.999694
"6619_10",0.999303
"3715_10",0.999975
"6001_9",0.999952
"4555_9",0.192944
"6367_4",0.105127
"8350_10",0.993485
"8376_7",0.688578
"8231_1",0.000286
"11595_9",0.999916
"10372_4",0.387075
"2711_8",0.996945
"407_4",0.000443
"10798_10",0.553481
"5358_1",0.009677
"158_1",0.000170
"6578_7",0.053642
"217_8",0.993757
"4535_10",0.996337
"4887_10",0.364502
"5595_4",0.042419
"1837_9",0.999909
"7723_1",0.001777
"1935_7",0.932959
"7357_4",0.001589
"3293_3",0.001882
"5176_1",0.000116
"10930_7",0.190794
"4618_1",0.017382
"15_2",0.003431
"4009_1",0.003403
"3854_1",0.000330
"2889_10",0.999791
"2737_1",0.760799
"9811_3",0.020640
"12016_2",0.000773
"8470_10",0.386902
"2965_7",0.143352
"6620_1",0.002497
"7447_3",0.087919
"1197_9",0.999956
"9750_9",0.992869
"3001_1",0.020190
"8068_2",0.216436
"5660_1",0.600147
"5595_10",0.986951
"4377_4",0.038252
"7354_8",0.920120
"11858_1",0.012241
"7611_2",0.004978
"6855_7",0.144732
"11522_1",0.002155
"21_9",0.999940
"3423_9",0.999718
"2061_8",0.998915
"5594_10",0.999641
"6106_3",0.018924
"9222_1",0.278540
"2305_3",0.000486
"12493_4",0.019582
"8841_9",0.994695
"3824_8",0.996228
"703_8",0.996911
"1638_1",0.000119
"11339_4",0.000564
"10173_1",0.000105
"6481_2",0.632187
"9468_2",0.077081
"1830_9",0.999918
"9940_8",0.997965
"7768_1",0.009889
"414_2",0.002530
"9554_3",0.001648
"2894_4",0.000118
"2509_7",0.999939
"2430_2",0.193068
"10244_7",0.542218
"2874_9",0.184816
"4615_4",0.894969
"9011_10",0.999216
"8977_9",0.999871
"6709_9",0.972653
"7963_3",0.410319
"7531_10",0.993234
"5058_3",0.002762
"2875_2",0.824710
"9191_8",0.794813
"2596_10",0.999535
"9660_8",0.999937
"3682_1",0.000776
"4189_1",0.000467
"739_10",0.999508
"836_4",0.060873
"2422_7",0.515540
"4318_1",0.022748
"1443_2",0.717145
"2782_8",0.998195
"10260_1",0.986256
"10624_10",0.999555
"3288_8",0.998628
"155_2",0.000083
"4941_9",0.904088
"1449_8",0.999971
"10575_1",0.000218
"3568_4",0.679463
"261_9",0.999583
"10420_9",0.999910
"4008_1",0.137155
"4263_9",0.997204
"11924_4",0.001832
"11488_7",0.999436
"1599_1",0.123460
"11383_10",0.999949
"1800_9",0.999440
"9705_10",0.958990
"10044_8",0.999614
"471_3",0.001037
"3494_9",0.980714
"11492_10",0.988514
"257_3",0.001632
"10745_1",0.001075
"7305_1",0.010992
"6239_8",0.994316
"3068_10",0.999773
"2862_1",0.000072
"11217_4",0.017106
"10650_9",0.983659
"3588_10",0.992974
"8345_10",0.626684
"9980_2",0.000031
"8901_1",0.001419
"5438_8",0.994261
"10879_10",0.998430
"9064_3",0.092192
"193_9",0.952085
"470_4",0.047346
"5128_7",0.990546
"10542_10",0.209774
"205_10",0.998805
"8091_7",0.999994
"11383_3",0.000177
"10274_2",0.001230
"7865_7",0.974104
"7525_1",0.030412
"2168_2",0.001091
"11082_8",0.987560
"1991_2",0.001312
"10524_10",0.999988
"4628_3",0.968986
"4269_7",0.999870
"7367_2",0.000515
"1390_1",0.792609
"7158_1",0.190632
"12442_10",0.940115
"8388_1",0.000095
"7980_7",0.999035
"3054_1",0.000818
"11143_2",0.974918
"2238_1",0.974751
"949_3",0.072687
"42_4",0.018434
"4093_7",0.998715
"3657_3",0.117957
"9812_10",0.999978
"6879_3",0.428205
"2189_8",0.999893
"11804_1",0.000223
"5280_10",0.999901
"411_8",0.214607
"5673_1",0.007145
"11633_2",0.000330
"10389_1",0.001807
"9516_10",0.726067
"12169_8",0.999332
"232_7",0.964025
"6061_4",0.001586
"6755_8",0.934938
"2880_10",0.999350
"4187_7",0.999560
"4175_7",0.883283
"11674_3",0.999340
"10397_1",0.000273
"4334_10",0.998886
"7654_10",0.998334
"1657_9",0.999019
"2025_2",0.000899
"2276_4",0.000774
"1957_10",0.990103
"11627_4",0.183443
"11799_4",0.005509
"10251_10",0.971194
"1231_4",0.005391
"8302_8",0.997827
"12342_7",0.038231
"8105_3",0.784420
"3892_4",0.009162
"8473_9",0.998969
"448_8",0.999801
"7317_2",0.043796
"2074_1",0.004250
"12249_7",0.985540
"5467_2",0.000921
"12109_1",0.612675
"11511_1",0.000421
"9476_3",0.872101
"1170_10",0.999611
"8970_9",0.988270
"12308_1",0.023266
"3101_8",0.924389
"3066_1",0.000037
"11519_7",0.067362
"5314_2",0.037514
"9160_4",0.102946
"6512_3",0.742613
"7836_4",0.017488
"11429_1",0.685300
"12043_9",0.999895
"270_1",0.001555
"821_1",0.011004
"4572_10",0.996627
"11437_1",0.001072
"4899_3",0.090047
"8226_9",0.999551
"5445_9",0.999810
"2459_2",0.005116
"12192_7",0.999929
"5459_9",0.671249
"7308_7",0.053643
"11308_1",0.002590
"4122_3",0.000069
"144_9",0.993957
"12145_4",0.135915
"8511_8",0.999637
"11319_7",0.997785
"9257_10",0.999346
"6737_3",0.054718
"9327_9",0.998553
"1246_1",0.000115
"11239_10",0.997762
"2915_1",0.014661
"6019_10",0.999981
"1151_9",0.998267
"11796_2",0.002655
"10400_9",0.942987
"9599_10",0.412306
"2283_3",0.000639
"5474_3",0.000475
"2670_3",0.005443
"6_3",0.013571
"69_4",0.024324
"11234_10",0.902304
"6575_10",0.999874
"9391_1",0.000527
"12053_1",0.000476
"1387_8",0.999616
"2649_9",0.999784
"9004_4",0.010601
"8723_1",0.001893
"11609_1",0.000194
"9585_2",0.223478
"2736_1",0.000100
"6607_2",0.026469
"11939_2",0.000061
"2024_8",0.999879
"1503_8",0.756400
"10177_10",0.999946
"10266_1",0.000387
"547_7",0.770335
"5272_10",0.997231
"5204_9",0.877000
"9369_2",0.002320
"6273_1",0.000517
"10825_7",0.983099
"644_8",0.962907
"347_1",0.000602
"12309_1",0.003019
"5502_10",0.536371
"7203_1",0.000027
"8714_2",0.003335
"713_8",0.997387
"10289_1",0.060741
"7666_8",0.045433
"6753_1",0.003049
"6350_1",0.000030
"11232_8",0.927194
"10551_1",0.031937
"5967_7",0.937271
"1049_3",0.014994
"11238_10",0.051148
"8043_9",0.995306
"8751_4",0.011741
"6514_2",0.007272
"1461_3",0.011892
"12137_8",0.983064
"9884_1",0.000067
"4652_10",0.999686
"3169_4",0.000219
"4138_8",0.998786
"6125_7",0.019251
"7298_8",0.997516
"4602_8",0.651832
"3523_1",0.000912
"10990_1",0.000151
"9278_1",0.018761
"2614_3",0.000161
"4762_3",0.000343
"2557_9",0.875411
"9390_1",0.000160
"7144_10",0.998211
"6655_7",0.217391
"9806_3",0.012605
"986_10",0.997043
"9969_10",0.999733
"8915_1",0.895943
"3888_2",0.014263
"1963_1",0.001774
"10523_9",0.217533
"9995_2",0.557832
"4491_1",0.026489
"926_10",0.999599
"5679_7",0.884023
"5201_8",0.084157
"9785_3",0.027412
"337_1",0.001301
"4129_3",0.033711
"9231_8",0.994146
"2058_2",0.000244
"4801_10",0.999950
"2116_1",0.095128
"11539_10",0.999652
"200_4",0.714574
"8271_10",0.999922
"10088_8",0.504738
"10816_10",0.999843
"80_7",0.998003
"9331_7",0.998224
"3866_9",0.999977
"4534_3",0.079854
"8981_9",0.977634
"510_7",0.976640
"4980_1",0.001681
"3336_1",0.427920
"1934_7",0.967363
"2815_4",0.999970
"6606_4",0.154064
"11802_1",0.000544
"6312_9",0.999406
"1914_2",0.359556
"1970_8",0.999952
"9791_10",0.999268
"3721_10",0.440048
"7947_10",0.999323
"8009_10",0.924568
"3370_7",0.885357
"8943_3",0.334457
"5873_10",0.823538
"7379_1",0.000392
"3585_10",0.999909
"6934_10",0.999622
"5841_1",0.000653
"1354_7",0.990912
"9215_10",0.993877
"2668_4",0.000306
"8441_8",0.999695
"5255_7",0.008519
"3649_1",0.000387
"1169_10",0.999840
"2366_7",0.999788
"4229_1",0.000076
"29_3",0.020869
"6109_2",0.451760
"11174_4",0.003221
"12477_7",0.662474
"11713_1",0.000056
"2231_2",0.001478
"7598_8",0.921783
"5095_3",0.004752
"3062_10",0.998420
"11451_7",0.999904
"7100_3",0.001013
"11005_1",0.002012
"9902_8",0.999827
"8850_10",0.998945
"5542_2",0.049093
"9371_1",0.019869
"8042_7",0.876793
"1757_1",0.003236
"2256_1",0.012033
"9793_3",0.007395
"11791_2",0.192636
"4814_2",0.002326
"630_7",0.997743
"10622_10",0.999364
"5781_1",0.033872
"7422_10",0.990821
"10084_10",0.999913
"9550_9",0.999843
"11646_8",0.835371
"110_1",0.000135
"4811_1",0.000548
"9559_4",0.014777
"2755_10",0.998703
"698_1",0.001179
"8437_1",0.028187
"1470_8",0.872472
"11449_8",0.088186
"8078_8",0.992108
"238_1",0.001349
"4950_10",0.997073
"10793_7",0.982688
"8497_10",0.999938
"9160_9",0.847840
"8472_1",0.003215
"1583_8",0.832180
"2923_3",0.000669
"9770_4",0.976745
"10706_2",0.205313
"4573_2",0.248163
"11176_10",0.996576
"616_1",0.000612
"4574_8",0.997122
"8465_10",0.991998
"4049_9",0.999825
"3707_3",0.000035
"4398_10",0.999924
"11727_1",0.020734
"7244_8",0.996212
"549_3",0.745905
"9461_1",0.910779
"6748_3",0.000225
"7093_10",0.995397
"9115_10",0.999936
"8284_9",0.999884
"469_8",0.931581
"1281_9",0.999950
"2816_3",0.683646
"11001_7",0.998887
"6987_2",0.008085
"5428_3",0.000165
"5992_10",0.999614
"2315_1",0.000640
"7329_7",0.998342
"3956_1",0.001979
"11453_1",0.009297
"726_1",0.000122
"10517_1",0.022526
"4494_8",0.996259
"11980_10",0.999920
"2926_1",0.257518
"1671_2",0.116628
"8291_4",0.000539
"948_8",0.009155
"8122_1",0.010623
"9343_10",0.995480
"6011_10",0.999441
"7156_4",0.000184
"9596_2",0.060177
"10583_10",0.999895
"3190_10",0.999440
"10841_10",0.981600
"6122_8",0.076610
"1315_10",0.960919
"3667_1",0.006366
"4225_2",0.000347
"11268_8",0.999032
"412_7",0.665168
"4891_10",0.998397
"4791_10",0.999759
"4463_2",0.000226
"3173_7",0.999617
"2937_8",0.994011
"9438_10",0.771277
"9900_9",0.996906
"424_10",0.999814
"955_10",0.999028
"10060_3",0.000598
"6063_9",0.999942
"1960_1",0.001042
"1456_8",0.997904
"1859_2",0.003659
"1262_8",0.999921
"5325_4",0.548746
"5944_4",0.028584
"2805_4",0.413028
"11591_1",0.000054
"3257_1",0.966737
"11444_3",0.000142
"5446_3",0.002150
"11801_1",0.000264
"8653_2",0.001677
"10939_1",0.000188
"10079_10",0.045743
"8188_1",0.011960
"3825_3",0.760707
"6659_2",0.000348
"9779_2",0.008721
"2852_2",0.000046
"11117_7",0.999616
"4367_3",0.986963
"7538_4",0.005957
"9183_3",0.818142
"1910_8",0.977344
"4563_4",0.949164
"7743_7",0.992980
"6770_1",0.002728
"10133_4",0.007554
"6279_8",0.995176
"7907_1",0.001677
"1458_2",0.045875
"12427_1",0.002296
"3221_10",0.999898
"1614_10",0.999900
"2761_10",0.999658
"5151_4",0.001822
"8803_8",0.999829
"10726_1",0.166593
"824_8",0.999016
"12377_10",0.983130
"3401_3",0.001517
"3603_7",0.997826
"3655_4",0.001436
"9963_3",0.312289
"4266_1",0.000141
"1176_4",0.006888
"959_4",0.000423
"4494_1",0.000549
"12381_10",0.996698
"4603_8",0.221516
"625_2",0.919776
"7597_3",0.011039
"594_9",0.975357
"10998_10",0.984138
"5122_10",0.935056
"9820_10",0.998411
"2428_1",0.000163
"10928_1",0.000867
"9083_2",0.003329
"8669_1",0.064218
"9159_9",0.953114
"4171_10",0.850758
"7985_8",0.999432
"4181_1",0.001047
"4577_8",0.813696
"910_4",0.583506
"10673_4",0.030432
"1530_10",0.959808
"2436_4",0.784291
"3934_10",0.999202
"9273_1",0.000314
"3188_9",0.999873
"1826_4",0.036590
"4777_1",0.001843
"7449_10",0.999711
"490_2",0.857910
"1351_1",0.000034
"9172_7",0.988097
"6211_8",0.995478
"7114_8",0.990847
"1316_2",0.000027
"6531_10",0.999801
"4381_3",0.000080
"10347_1",0.000924
"5497_8",0.999848
"7041_10",0.998815
"4466_4",0.002186
"1690_1",0.000058
"912_1",0.003295
"10342_1",0.000611
"6323_4",0.009243
"3243_1",0.037915
"9143_1",0.064988
"7175_3",0.000936
"1962_7",0.706353
"11135_7",0.999496
"8524_1",0.073904
"10026_3",0.959826
"3031_4",0.412461
"1766_2",0.000210
"6042_10",0.701839
"3357_7",0.998434
"11065_10",0.985130
"11641_9",0.997664
"4389_2",0.014586
"10946_1",0.000184
"6385_10",0.999748
"5520_4",0.998650
"8036_8",0.999094
"4726_4",0.741016
"1510_8",0.037711
"11016_8",0.999497
"893_1",0.000119
"655_3",0.133585
"12226_7",0.055013
"3878_10",0.985515
"8589_8",0.991668
"4108_10",0.992044
"8586_3",0.000071
"2326_9",0.999463
"155_8",0.946412
"11073_7",0.976025
"1672_10",0.999013
"1715_8",0.998154
"10443_7",0.714455
"9673_1",0.020653
"10731_9",0.845476
"4427_3",0.535033
"422_3",0.570971
"7121_3",0.000736
"4415_4",0.998691
"11599_1",0.006885
"6015_9",0.887764
"3470_1",0.000825
"3951_10",0.999777
"2665_10",0.999966
"10295_10",0.981835
"3220_10",0.999534
"4748_1",0.000044
"189_9",0.999979
"3502_9",0.934088
"10561_9",0.999932
"5051_4",0.402079
"7644_7",0.995932
"559_4",0.915491
"3236_1",0.015395
"9985_9",0.997291
"3512_7",0.997603
"10318_1",0.000091
"3509_1",0.000434
"7686_10",0.992084
"8947_8",0.999861
"6783_10",0.913185
"9836_10",0.999186
"971_3",0.000401
"1127_1",0.000178
"8953_7",0.972637
"5763_10",0.964454
"9147_10",0.884840
"10688_1",0.051820
"2148_7",0.999512
"8997_10",0.999785
"3094_10",0.999991
"1152_3",0.000287
"1907_10",0.945087
"1845_10",0.999967
"6852_7",0.969983
"5573_10",0.999478
"8709_2",0.516003
"2882_10",0.964620
"11230_8",0.667576
"10124_3",0.480627
"12361_1",0.779528
"8117_4",0.000149
"1192_10",0.997827
"1657_4",0.000572
"10319_8",0.972850
"10954_1",0.003200
"2048_10",0.955132
"5763_4",0.371544
"9491_10",0.999701
"4081_3",0.038443
"4877_9",0.653645
"10981_9",0.999976
"11440_1",0.000128
"7608_2",0.000095
"194_1",0.000530
"7116_7",0.021382
"2118_10",0.996928
"9997_10",0.999547
"3880_1",0.000258
"4197_10",0.998731
"1166_10",0.442634
"3504_8",0.975540
"3170_10",0.999546
"1477_8",0.998088
"881_8",0.999878
"10229_2",0.048393
"9515_1",0.000544
"6714_7",0.961128
"8570_8",0.038908
"6892_10",0.999802
"8710_10",0.999743
"9135_10",0.999739
"10924_10",0.999924
"5252_4",0.279546
"6581_10",0.999857
"8837_10",0.832300
"3820_1",0.000147
"9914_3",0.000115
"3141_1",0.000806
"7893_1",0.000018
"306_1",0.000736
"2527_3",0.298206
"8148_2",0.023089
"9778_10",0.999912
"10438_9",0.998210
"5230_4",0.010269
"1691_1",0.042995
"6124_10",0.030540
"5256_3",0.019918
"4294_7",0.998872
"10575_10",0.999794
"9610_9",0.966455
"563_10",0.967226
"6328_10",0.999920
"6903_2",0.000125
"6899_4",0.013397
"7166_4",0.843809
"2993_4",0.566359
"10771_8",0.994608
"11298_1",0.000406
"9101_2",0.033385
"7716_3",0.009394
"2722_1",0.000193
"5227_8",0.998525
"241_1",0.000135
"192_2",0.004087
"9006_10",0.997051
"5505_7",0.994230
"10822_8",0.999824
"1046_1",0.016907
"1865_3",0.000124
"11845_7",0.999851
"6675_7",0.999089
"6240_1",0.000024
"10392_8",0.994113
"3405_10",0.999892
"11919_10",0.999707
"2294_9",0.999194
"1097_3",0.848301
"6888_10",0.999565
"12373_1",0.000043
"11785_10",0.948266
"11805_1",0.001298
"2328_9",0.983258
"2636_1",0.000138
"12359_7",0.314131
"7733_8",0.921092
"9877_1",0.404914
"12266_7",0.999766
"8274_1",0.040179
"11727_8",0.999864
"12389_8",0.980146
"2464_4",0.933852
"4930_1",0.233442
"11304_9",0.998979
"2140_1",0.001457
"11168_9",0.998658
"1772_9",0.999426
"3857_8",0.999227
"4559_3",0.000020
"6986_8",0.121552
"9647_1",0.000261
"11714_1",0.001106
"5436_2",0.281157
"2736_9",0.986511
"4499_8",0.997513
"2701_10",0.981126
"11604_8",0.999759
"6133_1",0.009827
"4151_3",0.990516
"3978_3",0.000223
"1973_9",0.993235
"11752_10",0.997471
"10192_10",0.929505
"8318_4",0.000067
"5685_1",0.000112
"8978_4",0.857070
"12289_10",0.941391
"5603_9",0.999037
"5209_10",0.995148
"8360_7",0.571335
"5690_2",0.000072
"8463_10",0.449331
"5304_10",0.999230
"720_10",0.999517
"9301_3",0.001176
"1392_1",0.751860
"10893_4",0.873565
"1299_9",0.984137
"5552_2",0.008859
"4348_4",0.010013
"12384_4",0.079417
"11947_2",0.999065
"1740_3",0.009329
"7869_10",0.999772
"5959_7",0.937320
"2301_8",0.999933
"5572_7",0.982741
"3716_1",0.081236
"8558_7",0.446655
"12210_1",0.000127
"3744_4",0.001081
"12487_2",0.785180
"5348_7",0.991716
"1065_1",0.000099
"1414_10",0.995803
"2672_4",0.001176
"1014_8",0.000388
"2248_10",0.988451
"2221_8",0.896704
"4576_1",0.050462
"10578_10",0.998945
"8525_2",0.002423
"5332_8",0.999856
"12007_2",0.000229
"1107_2",0.009826
"8295_10",0.999955
"10093_1",0.006486
"6441_1",0.013078
"10422_3",0.015279
"11034_3",0.016097
"3379_9",0.999632
"7512_1",0.000049
"12165_1",0.002396
"11634_10",0.741129
"4567_10",0.619336
"6971_8",0.996840
"2145_3",0.053489
"5639_1",0.000474
"8049_7",0.999168
"7953_1",0.039732
"12440_4",0.001559
"9134_8",0.999825
"5720_10",0.998922
"1851_10",0.997110
"3673_10",0.999935
"9037_3",0.870100
"8547_10",0.999848
"111_10",0.989429
"5279_9",0.999955
"2379_9",0.275442
"6000_10",0.997999
"990_7",0.990649
"1519_9",0.999918
"5987_7",0.993880
"2959_7",0.913888
"8898_2",0.029642
"5746_10",0.999976
"6268_8",0.000797
"5449_7",0.042303
"5561_1",0.000170
"11470_3",0.000084
"11837_1",0.013476
"6761_10",0.999956
"1590_1",0.005310
"927_10",0.998677
"1495_9",0.999726
"10529_7",0.979050
"7704_2",0.076940
"10707_3",0.002893
"3862_1",0.000361
"3612_7",0.996423
"8212_2",0.000132
"10649_10",0.999966
"9767_1",0.178559
"4054_3",0.001824
"9783_3",0.000182
"3116_2",0.269085
"4631_10",0.999690
"7228_1",0.006744
"2744_8",0.994279
"6028_10",0.989523
"10812_9",0.999264
"417_10",0.999259
"11876_10",0.999913
"946_7",0.516137
"8265_10",0.999551
"6833_10",0.999859
"4150_4",0.056195
"899_9",0.997581
"223_10",0.998450
"7369_3",0.273084
"5075_8",0.999574
"6634_1",0.002932
"3486_8",0.998759
"11473_1",0.512224
"3276_10",0.999085
"3272_2",0.094961
"2727_3",0.000169
"4134_7",0.045431
"5744_3",0.024982
"8715_1",0.000106
"4812_1",0.000212
"6841_1",0.000132
"6822_1",0.863981
"3211_4",0.076378
"5489_2",0.000352
"1168_1",0.038382
"3056_9",0.999902
"4516_10",0.999617
"9542_1",0.000174
"4400_10",0.999853
"2766_10",0.999025
"6470_8",0.938765
"5434_1",0.001834
"1406_4",0.322336
"11479_8",0.928648
"9881_10",0.365527
"10276_1",0.000073
"2875_8",0.945792
"1254_2",0.015780
"8017_10",0.965389
"9694_10",0.319472
"9522_1",0.217802
"11379_2",0.152071
"7357_10",0.998311
"6080_9",0.992172
"2039_10",0.999970
"7086_8",0.989787
"4757_10",0.996981
"2472_10",0.996835
"9442_1",0.000130
"12438_10",0.983803
"747_8",0.944233
"6786_4",0.000495
"11942_8",0.976901
"8611_9",0.999716
"9240_8",0.999732
"7411_4",0.012872
"5196_4",0.000059
"5709_3",0.000864
"6758_3",0.000037
"1933_9",0.999376
"4464_8",0.999884
"11100_9",0.999795
"3636_10",0.998207
"12328_1",0.000399
"6783_4",0.009966
"11381_10",0.999876
"4509_3",0.000919
"4775_7",0.720619
"10633_8",0.954330
"9161_1",0.337294
"2277_8",0.999992
"7402_10",0.476695
"2713_1",0.004616
"1312_1",0.000277
"3633_1",0.816458
"8943_10",0.998535
"11734_3",0.940498
"12120_7",0.496423
"6285_1",0.413939
"9296_1",0.000018
"8696_9",0.999933
"7243_10",0.980765
"10135_8",0.998322
"6094_10",0.999701
"6962_4",0.764317
"3916_1",0.000066
"3650_10",0.999913
"58_8",0.999912
"10858_1",0.000052
"11894_8",0.994012
"759_1",0.000291
"10311_1",0.979614
"1127_10",0.774491
"6723_7",0.999963
"4966_7",0.999755
"7196_4",0.193970
"6244_1",0.000643
"9510_10",0.999042
"3471_10",0.983493
"9840_2",0.998829
"11886_9",0.999298
"7880_10",0.987534
"6358_10",0.999786
"6280_2",0.022293
"2580_3",0.000232
"122_4",0.018199
"5713_2",0.011323
"7187_7",0.065579
"8601_8",0.984879
"52_10",0.999409
"2447_7",0.586991
"4828_4",0.000524
"5371_1",0.000195
"5066_1",0.000134
"12184_2",0.039245
"85_2",0.206380
"10067_7",0.998509
"3999_9",0.999832
"11623_10",0.998224
"10826_4",0.017247
"3780_1",0.002153
"10195_1",0.000034
"7875_4",0.026032
"8510_4",0.056526
"9916_2",0.001111
"10023_4",0.470540
"6870_8",0.082140
"4753_9",0.999358
"11120_7",0.753660
"2516_10",0.457631
"1719_10",0.994292
"4426_4",0.000581
"7835_7",0.983247
"5148_7",0.982705
"2997_7",0.303470
"2211_7",0.999421
"626_4",0.949036
"779_1",0.278774
"9712_10",0.452754
"1504_9",0.999780
"8903_3",0.000526
"359_7",0.976309
"7465_7",0.998984
"10966_2",0.001029
"8227_2",0.005151
"10746_2",0.000494
"10356_1",0.006431
"12286_1",0.004860
"11128_7",0.997362
"12489_3",0.142015
"1264_1",0.000126
"3871_10",0.999951
"9248_10",0.108652
"3094_4",0.951046
"7472_9",0.924295
"3537_2",0.012169
"9727_2",0.000565
"5453_8",0.998749
"2283_10",0.999916
"7533_2",0.000168
"6468_1",0.000789
"12274_9",0.999698
"10713_3",0.000199
"8518_7",0.999874
"1838_10",0.999232
"5304_1",0.147386
"4227_1",0.022743
"5342_9",0.999169
"1754_8",0.991068
"4800_1",0.000448
"10717_3",0.725893
"1919_1",0.000901
"6851_7",0.907984
"322_8",0.039290
"3028_4",0.001906
"7463_2",0.003449
"7999_1",0.000085
"3036_1",0.006297
"11154_7",0.988223
"10501_1",0.001331
"12272_8",0.999717
"1738_8",0.999758
"3242_1",0.001101
"6178_4",0.001256
"3405_4",0.177599
"4663_7",0.999223
"11348_1",0.000084
"7304_1",0.001755
"2962_1",0.000197
"11701_8",0.791189
"9354_9",0.999697
"9846_7",0.243847
"12496_10",0.943659
"5652_1",0.109215
"7371_9",0.653163
"10131_3",0.082234
"9826_4",0.001657
"6141_10",0.999861
"7472_3",0.569920
"2622_8",0.985441
"10281_9",0.999964
"8668_2",0.000029
"2348_9",0.932924
"12047_2",0.001671
"11373_10",0.983356
"4254_1",0.000372
"524_1",0.929584
"5808_1",0.000115
"515_1",0.000940
"6414_9",0.100239
"8938_8",0.996993
"12391_8",0.999445
"776_8",0.999892
"12197_7",0.988851
"4582_1",0.879318
"3638_10",0.999931
"6338_3",0.102348
"1165_2",0.268163
"5574_1",0.001798
"7319_2",0.005468
"595_10",0.999894
"6694_1",0.001836
"12209_3",0.000217
"3268_10",0.999889
"12492_4",0.008522
"4738_10",0.967141
"947_3",0.025152
"7726_10",0.999983
"94_10",0.590460
"11760_1",0.028415
"10978_10",0.999622
"10072_1",0.000101
"2346_10",0.999979
"5008_9",0.977825
"5135_2",0.000115
"7979_3",0.971484
"10863_10",0.999439
"2862_9",0.993250
"7562_9",0.999960
"8023_4",0.285129
"341_9",0.999773
"6321_4",0.977270
"9936_1",0.000446
"9581_10",0.999867
"3750_2",0.002989
"8298_2",0.017336
"5900_10",0.999961
"6308_1",0.000075
"1609_10",0.999842
"11054_1",0.000124
"7031_3",0.000023
"9507_9",0.999165
"3121_1",0.000056
"7521_1",0.014850
"4830_1",0.001771
"6686_2",0.000109
"1618_10",0.006688
"2190_10",0.988676
"6943_8",0.999865
"1385_7",0.999932
"544_8",0.943341
"3225_10",0.996591
"1044_3",0.020421
"11691_7",0.882905
"6124_3",0.000041
"7326_1",0.004620
"1471_10",0.988849
"5010_1",0.042508
"2695_9",0.897821
"1222_2",0.104488
"1012_8",0.037216
"5459_1",0.034805
"4734_1",0.000031
"3138_8",0.999716
"5674_7",0.992990
"6815_1",0.006973
"8285_10",0.999639
"5504_10",0.995751
"6800_4",0.000961
"5292_10",0.999960
"5121_1",0.006024
"9861_1",0.973563
"2645_10",0.999768
"9422_7",0.801206
"5144_1",0.000082
"3877_9",0.999916
"7822_8",0.999961
"3324_2",0.029863
"5559_3",0.001541
"9969_3",0.831874
"2296_2",0.003183
"10021_9",0.999960
"11111_1",0.000120
"1371_1",0.002177
"4321_9",0.954435
"9706_7",0.011697
"11782_1",0.000053
"141_1",0.985122
"3106_7",0.999153
"1817_10",0.999814
"4508_10",0.894132
"10922_3",0.019169
"2304_7",0.792376
"2229_4",0.069558
"4283_9",0.998861
"9087_2",0.696152
"6003_9",0.999523
"12126_8",0.999978
"6067_10",0.999967
"8714_9",0.998624
"11932_1",0.061788
"2293_8",0.999971
"6184_8",0.993975
"8448_2",0.002238
"8269_3",0.000306
"7495_7",0.981150
"8282_10",0.999766
"2351_7",0.996438
"11688_7",0.847279
"3805_8",0.999500
"5158_1",0.000228
"12476_8",0.999039
"8265_1",0.003455
"2194_10",0.999956
"3465_3",0.001049
"5234_10",0.999905
"6903_10",0.899678
"8085_1",0.120409
"869_7",0.998021
"12034_1",0.000559
"6297_10",0.999672
"3194_1",0.000747
"8725_1",0.560496
"9563_10",0.983556
"11075_1",0.000521
"5734_10",0.999650
"5357_2",0.017749
"6453_10",0.999947
"3263_3",0.167408
"12360_7",0.898716
"6477_1",0.204077
"11863_8",0.419168
"8459_3",0.092022
"10594_10",0.213190
"2237_1",0.013783
"7511_7",0.999881
"3626_3",0.138962
"6288_2",0.000076
"125_7",0.940552
"3318_7",0.999706
"5525_7",0.043300
"9695_1",0.000240
"5917_8",0.967268
"8486_7",0.978517
"6032_3",0.008297
"7759_9",0.998917
"3456_10",0.999966
"1692_3",0.073437
"2107_3",0.000047
"11215_2",0.004080
"1309_7",0.864094
"6650_8",0.994771
"5722_9",0.999075
"4479_4",0.376548
"347_7",0.971406
"9399_10",0.999955
"2475_1",0.071472
"8229_3",0.209719
"4869_2",0.000125
"9691_1",0.001031
"1227_3",0.096406
"360_3",0.066128
"10047_1",0.011621
"1607_3",0.003390
"797_1",0.000050
"9489_2",0.092496
"1742_7",0.896169
"10531_3",0.687693
"4947_1",0.011391
"10873_8",0.410363
"1429_7",0.351015
"10962_3",0.000164
"3305_4",0.014611
"12160_8",0.999809
"9236_1",0.000354
"3718_1",0.001437
"3434_8",0.999736
"10933_8",0.892782
"798_10",0.304137
"9879_9",0.985014
"6644_10",0.994204
"10978_1",0.003837
"7867_2",0.066090
"4369_2",0.001302
"1251_4",0.047483
"1500_2",0.137709
"7574_10",0.996638
"5470_1",0.033437
"2407_10",0.420479
"3451_3",0.001418
"9385_1",0.038573
"4078_8",0.880220
"3229_1",0.000626
"1786_8",0.999300
"5173_2",0.001875
"1211_8",0.999458
"4303_1",0.004997
"6011_3",0.000793
"4513_4",0.654535
"11745_9",0.999854
"9675_9",0.999336
"11981_3",0.003603
"5977_10",0.527804
"5023_4",0.034592
"8704_9",0.985810
"8644_10",0.967543
"10557_3",0.001088
"6549_7",0.999921
"5557_3",0.223335
"6402_2",0.079706
"2642_4",0.004106
"11796_10",0.073504
"7102_1",0.000074
"7968_8",0.999227
"11764_7",0.992533
"9415_9",0.977104
"4817_8",0.991619
"1007_4",0.991754
"10943_9",0.848948
"7280_10",0.999926
"6068_2",0.012606
"845_10",0.933292
"8377_3",0.000642
"8445_9",0.999947
"563_4",0.387172
"8761_9",0.999774
"1552_1",0.000458
"9630_1",0.000046
"6444_7",0.999713
"3188_1",0.000053
"2142_4",0.011132
"2045_10",0.442589
"2477_10",0.996988
"2597_1",0.015073
"3137_8",0.995535
"1345_1",0.000701
"8498_7",0.999801
"6550_4",0.011525
"9583_9",0.951035
"7506_7",0.620893
"9316_7",0.995981
"11473_10",0.988699
"3003_10",0.998222
"8532_7",0.580865
"5654_1",0.481782
"822_10",0.617408
"1312_10",0.999800
"9665_4",0.989853
"4442_10",0.999217
"11758_7",0.999895
"11185_1",0.744867
"11588_3",0.030287
"3366_10",0.926921
"7050_8",0.996615
"4778_4",0.000941
"1_3",0.001307
"2838_2",0.001608
"6910_8",0.996964
"3257_8",0.998328
"9111_7",0.999932
"6458_7",0.999500
"5622_8",0.720281
"12469_7",0.999482
"9670_10",0.999977
"8092_4",0.001897
"1683_9",0.931806
"6181_4",0.223854
"8965_8",0.905645
"5186_1",0.000075
"1250_2",0.000207
"4705_10",0.998954
"10261_8",0.993537
"350_4",0.983723
"12302_3",0.032642
"776_1",0.797715
"7424_10",0.999751
"10383_8",0.999574
"360_9",0.999922
"5798_10",0.991329
"10720_4",0.093089
"6009_8",0.999822
"2319_8",0.999386
"7053_10",0.991118
"11210_8",0.204674
"1985_10",0.997323
"6056_1",0.431787
"10315_1",0.001011
"9_4",0.049535
"6530_4",0.017455
"1367_10",0.989634
"4564_2",0.001645
"4343_10",0.016743
"654_3",0.296247
"4857_1",0.000497
"1377_10",0.863664
"8072_10",0.998194
"11433_7",0.996926
"6586_1",0.000777
"10255_1",0.703191
"350_10",0.626650
"6853_8",0.998767
"3693_10",0.999869
"2589_10",0.348785
"895_1",0.002365
"6854_7",0.996035
"1274_2",0.000530
"9179_8",0.999748
"10141_8",0.897607
"10727_9",0.999982
"1158_7",0.983825
"9949_3",0.000444
"7798_10",0.997265
"5964_7",0.894623
"11221_10",0.999851
"3053_3",0.013107
"8817_9",0.999830
"5850_2",0.004382
"9635_3",0.000606
"5000_10",0.999802
"10040_2",0.121010
"3065_1",0.118991
"2196_1",0.709991
"12428_7",0.954184
"8454_1",0.008938
"11456_10",0.996841
"5918_4",0.146528
"10687_7",0.999956
"10507_7",0.999399
"9051_8",0.998154
"6315_4",0.052167
"11266_10",0.992460
"5890_3",0.081217
"6257_8",0.393352
"2923_8",0.999788
"2952_1",0.000890
"7269_8",0.999895
"1116_1",0.001619
"11084_1",0.003102
"10287_1",0.002591
"5704_9",0.994268
"11218_8",0.996813
"12275_2",0.058681
"1414_4",0.229769
"7998_4",0.981947
"3286_1",0.001043
"2515_1",0.955916
"851_1",0.054257
"5181_10",0.999945
"5358_9",0.999859
"2677_10",0.998800
"34_8",0.997009
"9232_8",0.995436
"5835_10",0.999581
"10796_4",0.936135
"5553_8",0.999979
"666_4",0.858340
"9450_1",0.077172
"10820_8",0.999140
"7994_10",0.994690
"8948_9",0.999780
"3301_2",0.005386
"2801_1",0.000455
"4934_2",0.002726
"1539_10",0.995603
"10949_4",0.088003
"4394_10",0.999973
"4098_8",0.001415
"1617_7",0.008449
"9569_3",0.451467
"8593_1",0.000107
"3449_1",0.002911
"8372_1",0.001217
"815_7",0.143661
"348_7",0.106075
"7220_1",0.007902
"2633_1",0.004631
"1752_3",0.997030
"3347_2",0.008611
"4967_7",0.999760
"10910_8",0.999968
"3147_1",0.062940
"7791_4",0.000127
"1588_7",0.999789
"8405_2",0.261095
"3826_10",0.998619
"3178_2",0.000177
"4420_4",0.472385
"246_2",0.001586
"8462_7",0.999813
"8264_3",0.665615
"2695_3",0.063906
"7258_4",0.013984
"5787_8",0.995237
"11668_2",0.000382
"5529_4",0.999243
"8923_2",0.000021
"4784_1",0.191821
"7730_1",0.092627
"4455_4",0.019100
"6416_1",0.001083
"87_1",0.000151
"9548_8",0.990563
"1285_1",0.000192
"7695_10",0.999880
"4364_10",0.999795
"9394_8",0.979017
"1253_1",0.004955
"2481_1",0.079329
"6790_1",0.002992
"9989_10",0.999925
"1483_8",0.978550
"8772_1",0.000525
"2993_10",0.965930
"1801_1",0.007510
"9434_1",0.001043
"7938_10",0.999442
"2262_1",0.000078
"5076_1",0.000131
"10994_2",0.000038
"4749_7",0.991055
"8309_8",0.977303
"7031_10",0.999958
"2711_3",0.000527
"8655_7",0.999539
"11329_4",0.971308
"9076_3",0.003670
"11647_10",0.997894
"7934_1",0.212906
"9114_1",0.000439
"6510_7",0.357285
"11487_1",0.000040
"2348_3",0.587344
"12325_1",0.005858
"6405_10",0.529552
"357_7",0.985856
"12253_10",0.999764
"4927_10",0.998976
"8636_1",0.000730
"11184_10",0.999646
"9974_3",0.168155
"6516_1",0.852135
"2167_9",0.986961
"10794_10",0.999956
"966_4",0.000095
"10040_10",0.999948
"5940_9",0.986288
"9181_8",0.980119
"2196_8",0.999767
"6361_4",0.010662
"4243_9",0.996620
"581_9",0.999965
"7195_1",0.000496
"2986_10",0.999813
"4344_1",0.006174
"7176_10",0.935932
"7857_10",0.999181
"6487_1",0.001116
"3692_10",0.999914
"12198_10",0.991264
"10569_7",0.999957
"9850_2",0.022015
"6415_1",0.000153
"6373_10",0.999149
"5103_1",0.023484
"11048_8",0.999326
"2055_1",0.295098
"2920_1",0.015726
"8667_3",0.003649
"7059_3",0.050661
"3887_2",0.026476
"12356_10",0.024339
"5402_2",0.010147
"10274_8",0.758610
"11831_4",0.002268
"5375_7",0.998423
"7875_7",0.403226
"2733_8",0.906727
"6420_8",0.999534
"2240_10",0.027690
"10627_9",0.998946
"7319_8",0.922777
"7782_1",0.002317
"857_1",0.000112
"351_4",0.504140
"9260_10",0.998077
"6891_10",0.999283
"8205_10",0.059896
"1179_3",0.001078
"9061_4",0.018036
"3571_9",0.999428
"11352_9",0.999987
"11770_10",0.999938
"10714_2",0.055616
"5397_3",0.000428
"2360_1",0.000272
"9459_4",0.914895
"7493_1",0.005381
"6799_10",0.999916
"2313_8",0.826130
"7602_10",0.999605
"1731_10",0.999335
"8502_10",0.996957
"5632_1",0.000241
"3723_10",0.999892
"6473_3",0.971542
"3596_3",0.000384
"8583_7",0.964878
"10902_1",0.000616
"1032_1",0.260845
"2931_1",0.000042
"9930_3",0.129738
"11825_10",0.999537
"5384_10",0.135031
"2492_4",0.149505
"5008_4",0.001435
"7334_4",0.000122
"10082_8",0.979014
"1395_1",0.000670
"8140_7",0.173443
"2400_8",0.999990
"11462_2",0.000238
"6632_10",0.997257
"11499_3",0.765614
"5576_1",0.001579
"1172_7",0.997563
"3053_8",0.992662
"4119_1",0.029505
"8165_2",0.005885
"8333_8",0.997088
"2242_1",0.005235
"6132_1",0.153219
"12270_9",0.999272
"11456_4",0.346143
"6898_1",0.136751
"2512_2",0.000066
"7045_7",0.862646
"2808_4",0.003645
"6257_4",0.000122
"1971_7",0.814473
"10565_10",0.997718
"930_10",0.999859
"196_9",0.999540
"6535_1",0.001601
"5257_1",0.003761
"6759_4",0.996655
"5016_2",0.000200
"10959_1",0.000399
"4450_10",0.999354
"6678_10",0.995669
"11286_8",0.997891
"7200_8",0.999321
"6660_7",0.946990
"12481_10",0.999886
"10278_4",0.375436
"6233_8",0.999942
"579_1",0.002596
"8519_3",0.000284
"1220_10",0.996298
"2342_10",0.999741
"1860_1",0.002728
"7273_3",0.049619
"4653_2",0.000505
"6878_4",0.747412
"502_7",0.663753
"2406_2",0.244251
"2021_1",0.000132
"874_8",0.999861
"4949_2",0.010704
"5054_3",0.257929
"689_7",0.910101
"9643_7",0.999832
"6445_3",0.000169
"2377_9",0.986142
"6107_8",0.609718
"10368_8",0.999881
"10444_1",0.000049
"5498_1",0.089264
"1018_7",0.999742
"2718_9",0.002859
"2418_2",0.517555
"7412_7",0.598586
"213_10",0.997835
"9417_2",0.000238
"1194_2",0.000092
"9366_8",0.999729
"4769_1",0.000278
"6667_9",0.999842
"9361_2",0.060737
"2182_8",0.999607
"10677_4",0.005654
"3931_10",0.881461
"120_9",0.997989
"10837_10",0.956060
"10830_1",0.000219
"3679_2",0.000172
"9094_9",0.725569
"7880_2",0.008673
"4969_9",0.999807
"3418_3",0.000065
"5490_4",0.000774
"264_10",0.999866
"1602_10",0.999898
"5019_9",0.840893
"12000_9",0.999792
"10794_4",0.007498
"2504_3",0.998123
"12340_4",0.992382
"7732_2",0.034883
"2028_1",0.002305
"3986_4",0.002787
"5100_10",0.995308
"2135_1",0.000222
"10227_7",0.049318
"4413_1",0.442211
"5205_2",0.000446
"45_9",0.999783
"12151_10",0.969461
"11055_1",0.049139
"2632_9",0.999716
"7047_3",0.001155
"1915_1",0.000055
"9666_10",0.999941
"10027_1",0.000694
"11024_2",0.000330
"6482_7",0.999427
"8060_3",0.000026
"9876_8",0.996746
"3839_1",0.001477
"3682_9",0.999789
"5962_3",0.004193
"222_3",0.000495
"10460_10",0.996065
"8543_1",0.020221
"9443_1",0.000181
"10201_1",0.998385
"5046_9",0.999987
"5899_1",0.060975
"10140_1",0.000168
"5009_1",0.170635
"4626_8",0.999762
"9033_10",0.999811
"3243_9",0.998530
"6379_1",0.461544
"4949_8",0.999935
"6119_10",0.996613
"10336_7",0.998677
"7344_1",0.000480
"3294_7",0.998936
"4385_2",0.034492
"2172_9",0.999617
"8295_3",0.000097
"1031_10",0.993721
"7577_10",0.985963
"6778_4",0.012427
"3154_2",0.024885
"9585_7",0.392132
"3445_2",0.000278
"7416_3",0.903015
"9780_10",0.999948
"480_10",0.949676
"837_4",0.259595
"10166_8",0.998697
"3695_7",0.106006
"12417_9",0.086386
"3932_3",0.020255
"11790_3",0.001664
"6917_9",0.999863
"1975_4",0.428175
"11249_10",0.226146
"7366_7",0.994900
"4579_8",0.999647
"8415_10",0.999913
"2004_1",0.114272
"7599_3",0.000071
"12259_8",0.996399
"11005_7",0.996341
"11914_7",0.001681
"8498_1",0.001988
"944_2",0.000765
"7183_10",0.994163
"4422_10",0.999412
"6791_10",0.534433
"9286_1",0.135775
"3325_10",0.999950
"5599_2",0.000089
"3064_1",0.065903
"209_4",0.000042
"1904_10",0.979598
"10699_3",0.035144
"577_3",0.043849
"3157_1",0.001042
"1582_2",0.000385
"8044_2",0.003565
"11208_1",0.313754
"4708_3",0.102185
"10439_8",0.972960
"11083_7",0.481046
"8066_3",0.013006
"11327_8",0.999877
"9224_1",0.023783
"2165_8",0.999856
"9892_10",0.999888
"4402_1",0.000063
"11804_10",0.998231
"1296_8",0.973114
"10562_1",0.040596
"5003_10",0.990726
"10448_1",0.000061
"3274_7",0.999681
"6344_4",0.019845
"8129_4",0.000096
"9525_2",0.000053
"661_1",0.000151
"9398_3",0.000645
"3639_7",0.999744
"5527_7",0.998164
"7790_3",0.451400
"9550_1",0.473579
"2042_3",0.002220
"366_1",0.000608
"8446_3",0.968919
"7859_1",0.000403
"5587_3",0.015546
"10604_3",0.000105
"5245_1",0.000274
"804_8",0.999250
"9098_3",0.006906
"6240_10",0.999715
"3960_10",0.993484
"10536_8",0.999961
"8793_1",0.001082
"1586_1",0.000497
"7131_9",0.996585
"11338_9",0.985759
"1053_4",0.004162
"11170_4",0.004187
"6806_1",0.060421
"3741_4",0.849702
"1231_7",0.494304
"5499_8",0.999119
"12452_3",0.389206
"5331_9",0.999785
"3302_7",0.134480
"6214_8",0.898002
"6908_1",0.000724
"8510_8",0.952781
"10522_10",0.999942
"2844_2",0.000349
"11797_3",0.000556
"11237_10",0.422039
"6762_3",0.001289
"897_1",0.000089
"10312_9",0.682208
"10272_1",0.000075
"10814_9",0.998426
"4504_1",0.001912
"9389_9",0.659332
"9035_1",0.008272
"11306_1",0.000244
"6309_4",0.410379
"5179_10",0.960264
"6099_4",0.001284
"887_8",0.999534
"10220_10",0.999891
"286_10",0.901006
"5809_10",0.999725
"7725_3",0.000622
"9722_7",0.998716
"9104_7",0.774059
"7313_7",0.314968
"1706_1",0.066709
"11737_4",0.038946
"11203_10",0.997104
"7767_4",0.006610
"1822_1",0.000492
"5113_8",0.968501
"5456_9",0.887314
"6005_1",0.001918
"2026_2",0.027021
"1379_1",0.576141
"3048_10",0.999902
"5070_10",0.998884
"8985_1",0.000321
"1643_1",0.507452
"400_1",0.000117
"7546_10",0.996544
"3438_4",0.128129
"12136_8",0.951388
"6850_2",0.195017
"9054_8",0.872762
"1555_10",0.999784
"7103_1",0.014904
"6218_1",0.177633
"1619_3",0.000243
"5187_8",0.997552
"8575_2",0.000279
"1593_10",0.757818
"3910_1",0.000226
"5743_10",0.998956
"3061_8",0.947284
"9633_8",0.999813
"2488_9",0.971224
"11711_4",0.001961
"11282_10",0.998774
"8919_10",0.998735
"6139_10",0.999946
"8032_1",0.000127
"4287_4",0.007059
"11044_1",0.063093
"11123_8",0.994317
"1828_9",0.999812
"4232_3",0.000854
"7258_9",0.999906
"1078_4",0.000205
"9967_10",0.995210
"4975_3",0.002563
"9974_8",0.198274
"424_2",0.000084
"7181_9",0.978507
"10703_3",0.802002
"3157_10",0.999754
"11096_10",0.950143
"2185_10",0.999903
"2779_4",0.080815
"9342_1",0.000167
"3615_8",0.999487
"6777_10",0.976505
"5440_8",0.999245
"706_1",0.987915
"5909_8",0.998688
"9578_3",0.000732
"3393_4",0.942862
"428_3",0.002371
"651_9",0.999964
"12433_8",0.962281
"8643_4",0.235507
"5826_10",0.999957
"4060_1",0.003355
"3310_8",0.926080
"8941_3",0.341362
"11493_7",0.999212
"7896_8",0.372748
"541_7",0.995472
"10614_1",0.004566
"3751_1",0.000042
"7851_8",0.959000
"5940_1",0.003492
"911_1",0.000252
"1233_1",0.001829
"4995_1",0.058999
"2771_9",0.894984
"5085_8",0.796303
"6521_8",0.996819
"8106_3",0.000073
"2962_7",0.670357
"1621_9",0.999301
"4981_8",0.996275
"11884_2",0.001678
"6038_10",0.999039
"7118_10",0.689457
"10365_1",0.000398
"677_9",0.997464
"95_10",0.999808
"8211_3",0.041646
"11906_8",0.988919
"3038_2",0.001620
"10503_1",0.007234
"11260_4",0.000562
"11333_3",0.000191
"6954_10",0.998219
"143_8",0.998898
"6458_3",0.000052
"8784_2",0.000066
"2604_1",0.001516
"4374_9",0.999287
"1323_3",0.123267
"2647_2",0.000728
"363_3",0.022237
"7556_1",0.974772
"11101_4",0.827812
"8945_7",0.994477
"10630_4",0.000549
"11174_8",0.952947
"7927_3",0.000165
"8433_1",0.000207
"8814_1",0.000031
"11746_8",0.999921
"2462_10",0.998431
"10036_1",0.001516
"10628_1",0.001375
"4782_1",0.000878
"11244_8",0.998906
"4815_1",0.031367
"6974_7",0.999470
"10180_1",0.002896
"3538_1",0.000435
"9319_9",0.975543
"3542_2",0.010146
"5583_1",0.000079
"215_8",0.998774
"6949_1",0.000214
"11401_10",0.999727
"3468_4",0.009063
"9478_7",0.999347
"12368_2",0.000187
"7534_4",0.000269
"9256_2",0.008347
"2192_10",0.898517
"10617_3",0.001019
"1464_1",0.000186
"969_4",0.473140
"702_7",0.998676
"470_10",0.999979
"2575_1",0.000073
"3059_2",0.000429
"7229_3",0.000547
"7437_3",0.022243
"2560_7",0.600773
"8444_4",0.000117
"1900_4",0.992948
"9057_4",0.992560
"10101_4",0.000011
"4914_2",0.000229
"11896_4",0.905132
"10430_1",0.001824
"786_3",0.022195
"9834_1",0.985584
"2040_1",0.000407
"1435_3",0.040114
"168_8",0.995726
"6504_9",0.999937
"3677_1",0.000497
"3652_10",0.999960
"9821_10",0.999989
"8695_8",0.998373
"5728_10",0.990973
"2856_8",0.996013
"11548_3",0.003180
"9435_7",0.997915
"7910_2",0.006277
"4658_7",0.051000
"10111_1",0.000275
"12306_1",0.000186
"6380_9",0.164193
"3507_10",0.999909
"11085_7",0.420609
"4268_8",0.999225
"1702_2",0.517043
"3045_9",0.999888
"3338_2",0.023087
"9288_8",0.999815
"1580_8",0.996058
"11976_10",0.015965
"9216_1",0.000024
"2015_10",0.999873
"7665_2",0.009642
"10545_2",0.007960
"3819_4",0.109919
"8005_10",0.999040
"772_1",0.000697
"3882_3",0.000395
"9001_8",0.996339
"3000_1",0.000170
"3357_4",0.114654
"2559_4",0.015475
"2178_4",0.718772
"2249_9",0.999646
"9616_10",0.998456
"11797_9",0.997816
"9061_10",0.986392
"10994_10",0.996925
"1076_3",0.000252
"10774_2",0.003301
"10983_10",0.999228
"9271_10",0.999902
"3205_9",0.976111
"4987_4",0.000239
"10926_1",0.229482
"9150_8",0.980054
"614_2",0.000233
"12332_4",0.933854
"9100_2",0.000545
"10499_8",0.004633
"6143_9",0.987918
"4113_8",0.998622
"4705_4",0.001041
"3115_1",0.000112
"1041_2",0.015493
"11601_9",0.847360
"11045_8",0.638867
"10615_8",0.954987
"7631_7",0.591583
"11829_3",0.001174
"6941_1",0.002477
"112_10",0.965962
"4220_8",0.797496
"2812_10",0.997899
"10221_2",0.019326
"1944_9",0.516192
"5866_8",0.985391
"11615_1",0.399112
"3066_10",0.988561
"5757_3",0.000493
"10569_1",0.000290
"10633_3",0.000156
"58_3",0.000630
"1126_10",0.997618
"4357_10",0.998953
"6768_4",0.042254
"11354_10",0.999932
"6412_10",0.527694
"7547_1",0.010166
"5198_10",0.999660
"5697_3",0.163122
"9757_3",0.004624
"8034_3",0.000138
"8612_8",0.972732
"8691_7",0.979767
"6731_3",0.108042
"12190_1",0.000367
"3180_1",0.000109
"11068_10",0.999693
"3752_4",0.003704
"1995_3",0.816883
"5517_10",0.999096
"6532_9",0.999709
"4435_1",0.837120
"5527_4",0.000099
"5059_4",0.067255
"12044_4",0.959152
"3479_3",0.002368
"8399_8",0.965047
"8897_7",0.999704
"8342_9",0.107931
"7018_3",0.000242
"2497_7",0.996828
"10152_1",0.015603
"11583_4",0.060781
"3156_10",0.996811
"5259_4",0.037581
"2581_1",0.047966
"5224_7",0.960749
"9024_3",0.047066
"8026_10",0.999835
"9588_3",0.024478
"11001_1",0.002216
"6432_9",0.999892
"8524_9",0.999932
"12457_3",0.000564
"8426_8",0.999596
"11355_10",0.997319
"10337_1",0.001509
"11911_3",0.005597
"2655_10",0.996701
"4265_3",0.919861
"6542_3",0.141520
"9681_1",0.000064
"287_8",0.996684
"1864_1",0.000046
"7655_4",0.973605
"3613_7",0.996821
"11041_1",0.002610
"12070_8",0.009379
"10856_10",0.999820
"7365_4",0.000826
"10025_8",0.998759
"4693_10",0.987421
"9580_7",0.710702
"4669_2",0.021522
"274_9",0.999984
"1570_2",0.017849
"11040_8",0.998120
"2243_7",0.997292
"7043_10",0.017878
"3719_2",0.000380
"7635_7",0.012525
"2327_2",0.002455
"4229_9",0.485217
"4121_3",0.972661
"6064_1",0.680725
"364_10",0.795000
"1161_10",0.999560
"463_1",0.000023
"9291_4",0.466744
"8827_1",0.000943
"2292_1",0.014685
"6935_9",0.941568
"9226_1",0.000253
"7612_4",0.126539
"8575_7",0.983745
"3475_1",0.679411
"1880_7",0.280457
"7265_7",0.999537
"8626_1",0.000205
"733_1",0.000333
"12100_10",0.999443
"1069_10",0.999803
"11364_10",0.999769
"5496_1",0.002264
"7253_1",0.000044
"3159_1",0.048840
"9131_10",0.999937
"413_4",0.020944
"10818_1",0.000255
"479_3",0.293683
"173_7",0.981209
"9522_10",0.999129
"333_10",0.999536
"2819_1",0.000025
"5723_8",0.999501
"99_10",0.999868
"7247_4",0.018714
"4711_9",0.999767
"8555_3",0.289872
"6330_10",0.999884
"8921_1",0.000503
"803_10",0.660755
"6219_1",0.013775
"10077_3",0.263575
"1274_7",0.999819
"2307_3",0.036617
"8114_8",0.993885
"1503_1",0.000875
"2004_10",0.991827
"712_3",0.558399
"557_4",0.187689
"9651_8",0.997863
"11701_4",0.103104
"6325_9",0.991124
"1684_1",0.000177
"1435_10",0.999964
"5754_10",0.999517
"12098_10",0.934207
"3707_10",0.999631
"2521_1",0.004880
"1793_1",0.001090
"2725_3",0.002256
"5051_8",0.999990
"2691_7",0.999886
"4111_10",0.997558
"3239_3",0.007880
"8124_8",0.972629
"4990_4",0.000232
"9565_9",0.999500
"6657_3",0.126014
"5882_4",0.001105
"8571_1",0.052624
"6815_10",0.999951
"487_10",0.941927
"11567_9",0.999926
"10631_1",0.001066
"7070_2",0.000386
"8708_10",0.999177
"1889_4",0.424793
"1838_3",0.008563
"6383_3",0.006425
"4735_9",0.475854
"11430_7",0.955912
"11590_1",0.000160
"11023_3",0.018190
"10870_8",0.997419
"6734_10",0.999802
"10174_1",0.000312
"7905_10",0.999585
"9555_4",0.060606
"6303_9",0.999811
"1426_1",0.001929
"5482_8",0.999895
"7605_2",0.000035
"10249_1",0.000544
"2466_1",0.001168
"4055_1",0.006632
"9839_8",0.130858
"3953_9",0.999761
"6563_4",0.084257
"10776_4",0.036344
"7596_2",0.000062
"10490_9",0.997196
"3800_1",0.009731
"10669_1",0.019229
"6276_8",0.999290
"3110_1",0.006798
"12434_1",0.000198
"10189_1",0.000768
"10639_4",0.001771
"7734_1",0.036868
"8763_4",0.085590
"2702_1",0.219550
"10179_1",0.002223
"2317_7",0.990347
"4677_8",0.999583
"11805_7",0.380332
"1339_2",0.008502
"9919_4",0.004136
"1425_8",0.998439
"3926_7",0.865016
"12395_10",0.997741
"6284_4",0.000580
"11069_1",0.001081
"4998_10",0.998882
"8055_2",0.000938
"9179_3",0.001323
"11577_10",0.805241
"1480_1",0.007542
"4561_10",0.999899
"4698_10",0.999788
"9312_1",0.000208
"6561_4",0.000127
"8353_10",0.999941
"11580_3",0.032110
"10536_2",0.665077
"957_10",0.999959
"1768_8",0.997273
"12197_1",0.000956
"11459_10",0.999834
"2271_3",0.466648
"6973_1",0.005103
"4199_8",0.989894
"6582_8",0.054165
"5843_1",0.000089
"4140_9",0.997729
"11105_3",0.013275
"2395_3",0.000119
"10715_9",0.998731
"6611_7",0.999738
"2043_7",0.917938
"2884_9",0.996075
"4946_8",0.982842
"9642_7",0.999107
"5211_1",0.008810
"10661_9",0.999706
"4368_10",0.999852
"12086_4",0.007873
"6465_8",0.999807
"4706_1",0.110821
"4694_10",0.999137
"12150_10",0.999568
"208_3",0.000394
"2587_3",0.001073
"2804_3",0.130977
"2837_3",0.583244
"11070_1",0.001272
"11909_4",0.686604
"9945_10",0.999923
"9281_9",0.015793
"8458_2",0.044893
"9882_2",0.000596
"172_7",0.999720
"7632_2",0.008102
"12246_9",0.999857
"3889_1",0.001124
"11140_4",0.703879
"5240_9",0.986719
"7965_4",0.322571
"3387_3",0.000491
"10817_4",0.000053
"3332_10",0.167080
"1156_9",0.998795
"6585_1",0.000242
"7931_3",0.001634
"8268_4",0.006617
"6443_10",0.630829
"373_10",0.997915
"5912_4",0.000932
"11475_7",0.896942
"10738_4",0.120801
"11175_10",0.991188
"9008_2",0.097164
"2218_3",0.003346
"585_10",0.990210
"3448_2",0.725096
"3860_8",0.998250
"8335_7",0.986083
"1907_1",0.000699
"9169_9",0.989016
"10375_8",0.999769
"10432_4",0.046905
"11399_1",0.833023
"3430_7",0.999590
"2859_4",0.241449
"3899_10",0.999618
"9648_8",0.995429
"9233_8",0.982406
"10574_10",0.999885
"3489_4",0.009460
"8115_8",0.999815
"11495_8",0.994979
"6885_7",0.263477
"1534_10",0.558919
"11721_9",0.999943
"11610_10",0.998895
"2712_8",0.999117
"3140_10",0.957089
"4880_10",0.980773
"1592_10",0.999940
"425_10",0.977809
"5798_1",0.000055
"2212_8",0.998581
"2685_3",0.000088
"9625_2",0.000060
"8492_7",0.997234
"4932_3",0.233369
"1704_3",0.175983
"301_4",0.000450
"2599_10",0.991721
"2364_4",0.001239
"2323_3",0.000656
"1885_8",0.070720
"1232_1",0.000098
"12055_1",0.001034
"2894_10",0.999793
"5347_3",0.886145
"1799_4",0.390519
"7460_9",0.997099
"8798_10",0.999884
"2134_4",0.004160
"2964_2",0.663575
"345_3",0.028061
"2670_8",0.999033
"10282_10",0.997207
"5587_8",0.873571
"6115_2",0.443676
"6974_1",0.025089
"8500_10",0.986888
"5073_8",0.941727
"5291_8",0.999868
"11728_7",0.882081
"3207_4",0.002263
"2553_8",0.998565
"10896_10",0.999796
"9321_2",0.013426
"1484_4",0.000703
"2106_2",0.583785
"5487_4",0.000261
"4835_10",0.981539
"1023_3",0.153488
"11524_10",0.999941
"10672_7",0.997004
"9769_3",0.000054
"590_7",0.996968
"11530_3",0.000673
"349_2",0.001308
"2165_4",0.091660
"1574_9",0.995518
"2792_1",0.000258
"980_2",0.000190
"5745_7",0.091294
"4323_7",0.999634
"11569_7",0.999162
"3637_1",0.000774
"4511_1",0.723348
"8404_10",0.978064
"8947_4",0.736788
"12317_10",0.999952
"3927_4",0.008476
"461_8",0.999831
"11651_2",0.000044
"7697_4",0.090122
"7799_10",0.998433
"2111_8",0.989639
"9745_7",0.997442
"4419_4",0.090865
"9337_4",0.794430
"3908_10",0.999228
"9211_3",0.001897
"489_1",0.001555
"9229_8",0.160986
"381_1",0.001367
"1355_7",0.980902
"12100_1",0.002378
"6126_4",0.043567
"8315_8",0.997403
"7513_10",0.801108
"5547_1",0.005615
"8050_1",0.000983
"7332_1",0.002191
"9044_8",0.999994
"8491_1",0.002715
"1919_8",0.999937
"4076_7",0.206556
"9251_2",0.007572
"7325_10",0.999975
"177_8",0.050577
"8104_4",0.000348
"919_4",0.001198
"9417_8",0.999963
"9440_9",0.984779
"11105_9",0.999600
"7670_10",0.738196
"7404_8",0.999319
"5120_2",0.138794
"10153_1",0.035576
"1763_10",0.999973
"9316_4",0.987201
"6396_8",0.999165
"8865_10",0.999983
"4552_8",0.001423
"874_4",0.000994
"6690_2",0.000485
"11970_3",0.123368
"1202_4",0.287618
"6024_1",0.001904
"10117_9",0.996262
"9511_1",0.056238
"2314_10",0.997154
"6053_3",0.000081
"10165_2",0.049520
"8410_2",0.023450
"1457_1",0.018667
"9651_3",0.074667
"537_2",0.000196
"7191_3",0.563034
"10258_8",0.998736
"4774_8",0.982210
"3560_8",0.965960
"5960_1",0.000523
"881_4",0.010067
"2420_1",0.008693
"4959_4",0.009664
"7138_1",0.001929
"9317_10",0.897747
"5454_4",0.001175
"7450_9",0.927254
"9679_10",0.122674
"10988_3",0.004993
"2932_3",0.097996
"10110_1",0.000071
"9165_2",0.000209
"11712_2",0.000045
"8979_1",0.009153
"12426_3",0.105252
"1630_7",0.425400
"11990_10",0.995055
"5395_10",0.999925
"896_1",0.001691
"11463_9",0.999121
"7096_1",0.004326
"6198_10",0.999350
"8141_10",0.999966
"2650_10",0.963781
"12337_9",0.996109
"1995_10",0.950909
"6349_1",0.000111
"12270_2",0.000030
"12494_2",0.003816
"7081_4",0.012755
"3010_7",0.208448
"2924_2",0.003793
"3185_10",0.956122
"1377_2",0.866563
"4858_3",0.035389
"4351_3",0.000212
"6865_2",0.001039
"9527_3",0.000211
"6223_7",0.993011
"11598_4",0.007053
"10605_1",0.000368
"4609_2",0.001659
"3736_7",0.999750
"5615_1",0.001638
"11109_7",0.997976
"3924_3",0.816408
"7452_1",0.824059
"4288_8",0.280700
"8825_2",0.031562
"3168_7",0.999896
"6407_1",0.001124
"7016_3",0.022490
"129_1",0.001819
"9808_3",0.006584
"5620_10",0.999809
"6404_10",0.999604
"10781_1",0.980052
"2446_1",0.011352
"2191_10",0.994497
"10848_1",0.001303
"11201_10",0.998075
"6818_9",0.999824
"4607_7",0.991652
"2410_7",0.996922
"9656_9",0.999934
"7841_7",0.959278
"11422_7",0.726415
"7376_8",0.993558
"10804_8",0.959359
"11793_7",0.992687
"509_7",0.979405
"12459_10",0.994845
"354_10",0.999493
"2740_10",0.785852
"1469_1",0.000636
"9219_10",0.998615
"7248_7",0.993913
"5620_1",0.082890
"12160_1",0.003040
"6037_10",0.996276
"8338_1",0.000855
"1954_1",0.000751
"6996_9",0.980952
"9888_8",0.997139
"5470_7",0.992174
"11915_4",0.494267
"7057_4",0.895868
"10320_10",0.926529
"4447_3",0.000480
"9711_9",0.998058
"5077_3",0.000104
"10912_4",0.002954
"3224_3",0.002590
"9946_7",0.862747
"10650_4",0.313551
"9613_1",0.014377
"4909_3",0.000467
"5607_8",0.990742
"3315_1",0.000282
"9271_1",0.000551
"4248_4",0.004965
"5849_4",0.025962
"3944_1",0.000989
"3580_10",0.999968
"4592_1",0.000895
"6375_10",0.999841
"5955_9",0.999002
"11613_7",0.996678
"8278_10",0.999941
"11339_9",0.999982
"6813_2",0.045909
"3747_3",0.000953
"5916_1",0.000347
"3298_1",0.001727
"11303_1",0.010854
"5758_7",0.991247
"11652_9",0.999128
"8748_2",0.389261
"11092_2",0.000323
"8729_8",0.999907
"6332_4",0.000144
"3700_10",0.999957
"10507_2",0.000236
"2287_4",0.000185
"10549_10",0.999967
"3005_10",0.999837
"5657_1",0.008292
"873_8",0.999914
"2274_1",0.588288
"3208_4",0.011570
"2663_10",0.594127
"8134_7",0.000173
"7443_1",0.732894
"7507_8",0.997572
"1423_1",0.000038
"4014_1",0.000898
"9662_1",0.000614
"2512_9",0.999954
"8415_2",0.946946
"7672_3",0.006190
"5925_1",0.009126
"2654_2",0.000643
"1780_10",0.115280
"8813_9",0.999651
"9378_7",0.920426
"12120_3",0.000796
"8985_7",0.999970
"5771_3",0.000012
"7305_10",0.998704
"8681_4",0.000033
"7415_10",0.999155
"9346_8",0.999575
"9750_3",0.001520
"9083_9",0.999686
"12255_2",0.005245
"5035_1",0.000120
"12384_10",0.902331
"8381_4",0.001152
"825_1",0.775961
"2034_1",0.000155
"439_10",0.999811
"5753_10",0.999878
"10370_10",0.999859
"3395_2",0.000485
"8101_2",0.000103
"7885_1",0.000362
"3266_2",0.034380
"4623_4",0.000023
"8123_9",0.997726
"1787_1",0.000337
"4001_4",0.001974
"3530_2",0.000250
"684_1",0.000142
"744_10",0.061264
"8439_7",0.995975
"8678_9",0.999191
"11851_8",0.084344
"1237_2",0.466592
"4557_3",0.000245
"1847_10",0.999921
"4002_1",0.000296
"1620_1",0.000118
"549_10",0.999268
"4984_4",0.783705
"4673_8",0.074348
"1373_1",0.025457
"6927_1",0.037151
"9201_2",0.077398
"4293_7",0.998552
"826_3",0.000307
"6337_1",0.162364
"9978_9",0.999873
"11379_10",0.962790
"3874_1",0.001372
"9943_1",0.000345
"7236_4",0.026775
"7816_1",0.000275
"3849_8",0.999967
"1167_10",0.989657
"9667_3",0.073369
"2506_1",0.227644
"1372_10",0.999081
"6788_9",0.999269
"4792_2",0.001558
"7909_2",0.022446
"2213_2",0.001392
"434_1",0.000374
"9245_1",0.000237
"5822_10",0.999363
"5406_1",0.024753
"2011_1",0.000151
"6805_10",0.999825
"2557_2",0.000029
"4343_1",0.022370
"1493_4",0.001311
"947_8",0.013123
"9494_7",0.700528
"10228_10",0.228370
"707_10",0.999716
"2018_10",0.995833
"11093_10",0.999379
"11113_10",0.999716
"11596_1",0.013573
"7453_1",0.001112
"9045_8",0.999936
"12264_7",0.999888
"7271_9",0.999871
"4560_1",0.000065
"11223_1",0.000214
"3939_7",0.015614
"2714_2",0.126917
"1940_9",0.953347
"3640_10",0.999961
"1724_1",0.000181
"5383_3",0.010164
"7323_10",0.986263
"7345_4",0.000054
"775_9",0.999984
"11995_1",0.001041
"400_10",0.990753
"10279_4",0.000485
"673_8",0.917389
"4168_10",0.997013
"11761_7",0.875195
"491_9",0.999563
"11472_1",0.000022
"10045_7",0.999009
"9449_4",0.097759
"12496_3",0.000082
"12422_1",0.003136
"8159_4",0.219184
"8668_8",0.092718
"7572_10",0.999832
"6696_9",0.989218
"64_10",0.999849
"2715_1",0.866428
"9333_4",0.419459
"3722_10",0.999301
"5692_8",0.999153
"10074_7",0.773789
"1717_3",0.018736
"825_8",0.999808
"7796_10",0.999960
"5550_3",0.561861
"6114_10",0.092617
"4440_8",0.967354
"9616_4",0.001148
"12090_8",0.998718
"10728_1",0.012973
"4419_10",0.999412
"282_1",0.007188
"4825_9",0.998711
"91_10",0.998416
"10399_2",0.000738
"6773_4",0.076843
"1364_10",0.989538
"2806_9",0.999606
"4520_2",0.000093
"8211_9",0.998887
"3594_2",0.000422
"11353_4",0.618991
"307_1",0.006252
"10963_4",0.012660
"4023_7",0.997904
"11450_10",0.997668
"3567_4",0.958770
"4751_7",0.989883
"9798_2",0.000127
"1864_8",0.999941
"3168_2",0.241558
"6506_2",0.239368
"12484_2",0.000751
"11999_8",0.019860
"3571_3",0.051783
"147_10",0.999717
"6691_9",0.995011
"11295_8",0.999895
"9344_10",0.999923
"9513_2",0.000110
"11066_7",0.999834
"4330_8",0.999662
"5194_10",0.950322
"11676_1",0.000232
"4587_1",0.002051
"11964_4",0.000059
"12456_1",0.001399
"6054_10",0.878084
"2140_7",0.062745
"1388_1",0.128119
"10681_2",0.000376
"4614_8",0.999812
"2604_7",0.127513
"4234_1",0.000413
"4261_8",0.796531
"4907_8",0.999704
"4134_4",0.203066
"4125_8",0.993243
"3795_9",0.998204
"1356_4",0.146777
"10711_2",0.129912
"4728_7",0.419680
"8254_8",0.352095
"10769_2",0.000434
"7185_8",0.999895
"2842_9",0.999613
"4565_1",0.066543
"3030_9",0.999789
"2997_1",0.000589
"1311_9",0.021336
"12499_10",0.969511
"9830_10",0.997784
"1774_4",0.000152
"6676_10",0.999988
"6502_9",0.864227
"1521_1",0.964480
"4253_1",0.001913
"2775_2",0.000081
"7324_4",0.000059
"1207_4",0.936750
"9903_7",0.992998
"3195_2",0.000371
"9213_10",0.999622
"7751_1",0.000038
"1616_8",0.999128
"1482_10",0.967171
"6772_7",0.521511
"2008_10",0.999970
"6799_4",0.084099
"5004_9",0.999626
"3487_2",0.000845
"10892_4",0.840302
"10839_4",0.003445
"922_8",0.998340
"4163_1",0.000732
"10738_8",0.987458
"10678_7",0.999953
"5892_10",0.993675
"6202_1",0.000211
"5792_10",0.999844
"12161_4",0.950853
"1097_9",0.978462
"2930_3",0.341911
"4087_3",0.006987
"11875_3",0.026429
"11770_4",0.021538
"847_7",0.999884
"10620_9",0.997576
"1455_10",0.996464
"12294_1",0.000249
"5653_10",0.998279
"1874_9",0.992003
"10487_3",0.048524
"22_3",0.002147
"2760_1",0.006086
"9822_7",0.999063
"1068_10",0.999948
"11117_1",0.000102
"10409_2",0.991694
"1877_7",0.009917
"7347_1",0.000812
"4231_1",0.001547
"1122_1",0.002318
"933_3",0.713959
"11883_4",0.000119
"8386_10",0.997752
"12297_7",0.998161
"11847_8",0.999881
"5511_1",0.111909
"9587_2",0.133939
"10027_8",0.858094
"7210_4",0.000350
"2490_9",0.880491
"4889_10",0.999969
"8192_9",0.999796
"12133_1",0.000910
"2098_1",0.008801
"2941_9",0.999590
"5742_3",0.000116
"10645_4",0.000110
"1162_10",0.999985
"4383_10",0.993183
"5325_8",0.996285
"1324_1",0.000024
"1374_1",0.044434
"116_10",0.147124
"2898_10",0.814594
"8799_10",0.996933
"6654_10",0.999557
"8630_1",0.000031
"3452_7",0.999952
"3609_8",0.999897
"4740_1",0.000438
"8368_10",0.999993
"11960_7",0.970386
"3583_10",0.070486
"1581_8",0.063053
"1378_1",0.798656
"968_2",0.000670
"4524_1",0.000154
"5036_8",0.999806
"12287_3",0.000607
"9236_10",0.997581
"5447_3",0.378391
"11016_1",0.042727
"1935_3",0.001674
"5300_7",0.999935
"7775_2",0.375956
"4398_3",0.006423
"5692_2",0.000267
"3517_8",0.999305
"6007_1",0.013574
"10127_2",0.000785
"6614_10",0.980961
"2767_10",0.982976
"3187_2",0.001795
"6473_10",0.759666
"12263_1",0.000153
"10838_2",0.001433
"7367_9",0.999685
"8873_10",0.982949
"6016_1",0.273205
"10363_7",0.995265
"3541_2",0.007085
"6416_10",0.998991
"4538_10",0.999952
"56_3",0.005256
"7946_8",0.961036
"6003_4",0.003260
"974_4",0.003191
"11651_9",0.999649
"10283_1",0.607022
"12334_2",0.050655
"972_1",0.202234
"1513_8",0.999755
"6141_3",0.008861
"4195_7",0.999552
"10176_9",0.999960
"1918_2",0.002261
"12117_1",0.872956
"7567_1",0.158354
"2949_10",0.999065
"11937_9",0.999180
"8513_2",0.006088
"3913_8",0.302549
"1310_8",0.999884
"10461_10",0.999966
"3309_8",0.996091
"862_9",0.959291
"4040_2",0.000188
"78_8",0.998395
"3491_7",0.277933
"10862_9",0.999934
"4763_7",0.178064
"7421_1",0.002454
"5350_1",0.033309
"11491_10",0.997379
"9975_4",0.011920
"10123_10",0.999898
"11573_1",0.000065
"2337_9",0.968102
"251_8",0.999271
"1942_1",0.000455
"2940_7",0.993159
"4342_7",0.676657
"11250_2",0.047175
"4224_1",0.004329
"10106_10",0.999174
"7764_2",0.909953
"937_10",0.990751
"3112_10",0.995421
"9922_8",0.963374
"3259_7",0.991838
"7828_1",0.000239
"4031_7",0.967058
"1277_7",0.999894
"3162_2",0.176225
"7_9",0.999879
"1832_4",0.079760
"10997_1",0.003341
"10572_10",0.999819
"12194_1",0.000456
"4648_10",0.990698
"7207_9",0.031659
"11000_7",0.998840
"4943_2",0.000504
"10601_10",0.999223
"4731_1",0.382694
"9272_8",0.932017
"11551_1",0.005480
"9074_3",0.001381
"2486_3",0.011823
"618_1",0.011524
"8683_8",0.350239
"2618_10",0.912397
"8471_9",0.977615
"6394_4",0.069102
"6456_2",0.209926
"3195_8",0.997908
"4188_1",0.114453
"3985_10",0.995067
"7099_10",0.995163
"1558_2",0.000182
"2877_8",0.765798
"3928_1",0.001303
"7206_3",0.000672
"8088_10",0.999914
"8167_10",0.999822
"8590_8",0.998008
"6973_7",0.881232
"4974_7",0.998395
"10151_1",0.034427
"5268_4",0.280047
"5258_7",0.999870
"1478_8",0.285022
"5094_10",0.996023
"10126_4",0.477197
"9357_2",0.000184
"7750_3",0.174881
"11628_3",0.304632
"9124_7",0.999766
"1802_7",0.996347
"4820_4",0.600422
"10019_8",0.998913
"154_9",0.999777
"5049_4",0.000209
"4372_1",0.000621
"7807_10",0.999894
"5127_10",0.989306
"11480_2",0.000023
"10145_1",0.020213
"7090_10",0.999866
"1288_1",0.215284
"11316_2",0.000162
"8428_9",0.998084
"1843_9",0.999723
"1916_1",0.001148
"2657_2",0.000121
"10504_1",0.001154
"11621_3",0.000248
"10148_1",0.000185
"3339_4",0.017182
"8202_2",0.002561
"7796_1",0.015736
"4625_2",0.001529
"11859_4",0.016054
"8261_1",0.000351
"4670_3",0.000752
"8412_10",0.999891
"1010_1",0.000054
"436_10",0.999757
"9351_7",0.009332
"3767_8",0.998003
"4794_1",0.000064
"8447_10",0.152725
"6182_2",0.037968
"8754_3",0.971632
"2709_3",0.006934
"5882_9",0.999908
"6916_3",0.002979
"11886_1",0.009336
"123_4",0.996566
"2827_9",0.999949
"11440_8",0.999886
"4100_8",0.954416
"11645_1",0.008659
"7949_10",0.998406
"2017_1",0.010432
"3451_7",0.999102
"10986_10",0.999465
"1541_2",0.109979
"12336_7",0.784922
"9787_1",0.004556
"5282_10",0.999977
"9568_4",0.985788
"8222_1",0.000167
"5415_9",0.999749
"8485_8",0.788787
"6449_1",0.000054
"466_1",0.000347
"11997_1",0.480712
"6144_10",0.999761
"3309_4",0.001330
"8655_1",0.000281
"10141_1",0.698851
"7469_10",0.999740
"4445_10",0.999297
"6651_7",0.996247
"6711_7",0.971955
"3329_4",0.003246
"8000_10",0.100345
"2279_8",0.999426
"5012_7",0.932782
"2437_3",0.125404
"505_9",0.947116
"9070_10",0.998773
"1234_3",0.000113
"4880_1",0.011629
"3981_4",0.057114
"134_1",0.000171
"3211_10",0.999193
"2559_10",0.999459
"4512_3",0.000184
"5957_1",0.005002
"11626_9",0.999902
"915_10",0.999326
"5569_10",0.993446
"12396_9",0.996509
"6494_2",0.000835
"3262_1",0.001660
"3916_10",0.951752
"787_1",0.000224
"11092_9",0.999960
"2818_10",0.997821
"5271_2",0.006563
"4057_7",0.999496
"5042_1",0.035650
"1204_1",0.173243
"3651_2",0.000016
"11763_8",0.997681
"7766_10",0.998711
"3498_1",0.005357
"11578_10",0.999914
"3691_1",0.868347
"11947_10",0.957329
"11475_2",0.001234
"8568_9",0.997652
"8247_2",0.031907
"9544_7",0.997134
"9753_8",0.020086
"6824_7",0.991768
"2799_1",0.063332
"10459_1",0.001261
"1894_10",0.279819
"9726_7",0.998306
"10923_1",0.001444
"7946_3",0.010421
"7509_10",0.999345
"3273_9",0.974301
"2716_3",0.017826
"4622_1",0.000192
"1204_8",0.999908
"71_4",0.049124
"6508_9",0.991576
"7819_10",0.999963
"695_10",0.471101
"10844_10",0.999942
"2413_1",0.944902
"8768_1",0.002565
"4536_10",0.999524
"2576_9",0.999934
"4473_2",0.027541
"65_2",0.144902
"6114_2",0.003815
"7458_1",0.000318
"10815_2",0.002056
"8344_1",0.011253
"1975_9",0.931939
"1659_1",0.000067
"11030_10",0.999664
"5405_7",0.999428
"2539_3",0.918925
"6565_8",0.184979
"1826_10",0.999741
"2577_8",0.996781
"6032_7",0.998674
"3146_9",0.999744
"798_1",0.000181
"63_10",0.978277
"11819_10",0.999429
"2905_7",0.446650
"2716_10",0.999726
"1717_10",0.997571
"1036_3",0.262588
"11583_10",0.999925
"962_9",0.997178
"10203_2",0.042999
"12225_1",0.000022
"10322_9",0.094931
"7601_2",0.249136
"1675_4",0.933816
"8235_3",0.000385
"680_2",0.000492
"5208_3",0.016924
"10678_2",0.950228
"6072_10",0.999338
"1216_1",0.001724
"11434_1",0.039661
"12480_8",0.998721
"8844_10",0.801356
"10506_1",0.000101
"9766_3",0.999375
"7804_4",0.008635
"44_4",0.062381
"11226_1",0.007093
"11378_2",0.429255
"7805_1",0.001333
"4692_10",0.172461
"2928_9",0.854985
"8785_10",0.999938
"3083_8",0.997349
"626_10",0.999812
"9228_10",0.940429
"66_10",0.986082
"3824_3",0.974329
"7115_8",0.999512
"11893_10",0.999949
"1628_1",0.000189
"2236_4",0.004526
"2032_1",0.000347
"6613_10",0.999854
"1582_8",0.015585
"304_2",0.000155
"2441_10",0.999595
"12437_1",0.000058
"9822_1",0.000027
"10481_3",0.579050
"9193_10",0.972414
"3233_9",0.998729
"7430_8",0.999769
"10049_1",0.000716
"6384_10",0.999879
"3993_9",0.999719
"4545_2",0.000157
"11500_4",0.050738
"12127_10",0.948839
"7277_2",0.000661
"8927_3",0.119065
"5970_9",0.061019
"12115_4",0.283774
"6132_10",0.999939
"4178_9",0.999107
"11453_7",0.957715
"6569_9",0.999932
"3924_7",0.937274
"6425_1",0.000441
"1141_1",0.000088
"3366_2",0.005579
"6700_7",0.993916
"7948_8",0.236998
"2750_8",0.999100
"11326_1",0.010596
"231_8",0.983018
"8941_8",0.996980
"8304_7",0.154902
"12179_2",0.000478
"3808_1",0.001988
"2710_1",0.000219
"4833_1",0.002604
"10405_7",0.999318
"449_9",0.997607
"7259_10",0.992413
"8513_10",0.973400
"801_8",0.999959
"11322_8",0.986571
"8417_9",0.994138
"7059_8",0.117128
"681_3",0.001045
"3135_9",0.998909
"7172_3",0.008568
"11061_10",0.999950
"9555_9",0.861521
"1331_1",0.000123
"9155_3",0.000056
"8765_8",0.999633
"4714_8",0.997955
"7593_9",0.999121
"7769_1",0.004716
"5016_8",0.984503
"11917_2",0.001156
"3311_8",0.991550
"6784_4",0.005830
"6685_7",0.983826
"1232_8",0.988239
"765_2",0.018497
"6159_2",0.002282
"12037_3",0.000366
"60_8",0.999775
"6138_10",0.998963
"4759_4",0.000228
"631_10",0.999970
"5993_10",0.999661
"2751_10",0.999608
"7234_1",0.063405
"7966_3",0.000138
"296_4",0.456289
"8252_4",0.193036
"10333_1",0.000298
"5950_10",0.008770
"2735_9",0.999745
"900_1",0.006542
"2350_3",0.122871
"1457_10",0.999583
"10226_10",0.999660
"9198_7",0.999916
"1072_2",0.028084
"8332_10",0.990292
"6264_8",0.999970
"1092_9",0.999493
"11888_10",0.998019
"11702_8",0.717790
"8704_1",0.003685
"11458_10",0.983482
"8218_9",0.999784
"3739_8",0.990328
"4787_3",0.938104
"12097_10",0.952475
"7894_1",0.000422
"11601_2",0.000072
"4417_1",0.753059
"11108_10",0.995768
"5673_8",0.834070
"481_2",0.053043
"6892_2",0.000750
"5203_1",0.010214
"18_1",0.000720
"5488_8",0.999859
"750_7",0.962170
"1478_4",0.001452
"11340_2",0.000130
"8735_3",0.029740
"7404_3",0.094777
"5681_2",0.214206
"5863_10",0.764057
"602_1",0.000048
"9474_7",0.950688
"12075_3",0.015707
"1148_8",0.836012
"2192_4",0.055555
"1394_1",0.000473
"2643_3",0.000070
"8214_7",0.999699
"6728_1",0.014233
"5397_8",0.998966
"7056_7",0.994595
"2669_3",0.000592
"10713_10",0.999702
"1349_4",0.025625
"3254_1",0.000037
"9717_10",0.759415
"11358_4",0.000082
"12262_1",0.000136
"1332_1",0.000121
"6116_2",0.032291
"6324_3",0.015184
"10808_8",0.791882
"11632_4",0.059702
"2881_3",0.005375
"3524_1",0.000156
"10503_8",0.972964
"11525_1",0.000035
"9973_4",0.001046
"9804_1",0.000125
"1865_8",0.845138
"8001_9",0.999923
"5776_8",0.030219
"11848_10",0.999200
"4809_3",0.011319
"841_9",0.999944
"227_10",0.997993
"1833_9",0.999907
"9471_10",0.998958
"960_3",0.000522
"10763_1",0.019198
"1330_1",0.000161
"326_9",0.975026
"3392_10",0.999060
"5883_2",0.003105
"12168_1",0.000065
"7525_10",0.983946
"10578_1",0.000127
"9173_3",0.000100
"7214_2",0.009114
"7163_10",0.638190
"5177_8",0.857351
"3372_7",0.991456
"6041_8",0.978597
"1590_10",0.999918
"31_10",0.889453
"2533_8",0.999679
"7927_10",0.999537
"5037_2",0.077762
"6046_2",0.688472
"2099_3",0.035483
"133_1",0.154186
"205_2",0.112830
"374_9",0.999810
"8944_10",0.997812
"799_4",0.005258
"8832_9",0.880627
"3836_10",0.999929
"2940_1",0.013719
"946_1",0.387537
"9310_1",0.000857
"5853_8",0.988305
"10852_9",0.967371
"4061_4",0.026743
"10301_10",0.999436
"11104_3",0.000067
"9339_3",0.057516
"537_10",0.999913
"8661_7",0.999784
"9381_4",0.977365
"12473_3",0.003116
"5140_8",0.957546
"4624_4",0.000539
"9156_3",0.000728
"5980_2",0.000478
"5920_7",0.999408
"4013_1",0.031170
"11879_2",0.001063
"1317_10",0.999979
"4647_10",0.999864
"2550_1",0.000031
"641_8",0.976820
"10069_10",0.999605
"12215_10",0.664038
"6293_10",0.999715
"1416_7",0.999828
"8561_9",0.985685
"1981_10",0.946464
"1667_2",0.021291
"9680_1",0.000654
"888_1",0.000082
"2202_4",0.336246
"8835_2",0.003448
"9340_3",0.386288
"8742_10",0.832934
"1892_2",0.004103
"11940_10",0.981363
"5976_2",0.000255
"5430_8",0.974726
"9125_9",0.993910
"5217_8",0.997583
"5257_10",0.999650
"5487_8",0.993388
"10815_8",0.997416
"12438_1",0.167713
"11433_3",0.047686
"11570_1",0.824867
"11880_10",0.993695
"1983_3",0.176579
"2916_1",0.000061
"8119_10",0.999863
"10960_2",0.073516
"2798_2",0.020409
"2797_1",0.896570
"9931_4",0.203644
"6244_10",0.999855
"8361_2",0.000540
"7098_10",0.997530
"9107_10",0.998615
"9860_10",0.999965
"10252_1",0.002602
"12015_8",0.874896
"2696_4",0.014199
"9301_8",0.997979
"799_7",0.967918
"9411_7",0.999647
"4172_1",0.000066
"8008_10",0.999835
"11436_1",0.000018
"3464_10",0.999882
"5826_3",0.000201
"5460_4",0.014114
"8920_3",0.538410
"1465_3",0.706995
"7571_1",0.000126
"3416_10",0.984436
"11088_7",0.330965
"7007_10",0.999807
"11317_7",0.985280
"11639_7",0.995957
"1871_10",0.999920
"1551_7",0.989531
"4089_4",0.000305
"8145_9",0.999954
"1243_7",0.902794
"9082_8",0.996623
"11807_8",0.999929
"6154_10",0.580181
"2082_8",0.999188
"9142_4",0.868217
"6126_8",0.998053
"9774_1",0.000701
"5137_10",0.985634
"11085_1",0.000099
"4541_1",0.001554
"10478_10",0.999973
"8479_3",0.053664
"11220_1",0.102289
"0_10",0.681175
"5235_8",0.997134
"457_2",0.005224
"6784_7",0.999404
"11527_10",0.999585
"5935_7",0.984139
"3697_10",0.995923
"8318_10",0.999404
"6770_8",0.999356
"11760_7",0.215950
"10344_9",0.999719
"12363_4",0.448386
"2233_2",0.004824
"12184_10",0.999672
"4668_8",0.670157
"2293_4",0.023083
"5886_8",0.999935
"8403_4",0.240964
"2493_3",0.014072
"7224_2",0.011331
"7753_10",0.999840
"476_9",0.978120
"3760_7",0.076502
"8371_1",0.002582
"2541_10",0.995513
"12052_2",0.085501
"2320_1",0.000097
"5598_8",0.949349
"12342_1",0.000406
"7391_9",0.947896
"2615_1",0.004022
"11251_4",0.392864
"9946_2",0.000706
"10571_10",0.998399
"3984_1",0.000214
"4633_10",0.999686
"548_10",0.999220
"1732_1",0.000905
"3559_7",0.999922
"10212_7",0.427592
"8950_7",0.916109
"8157_10",0.999895
"5986_9",0.999925
"10263_7",0.994951
"2168_10",0.999979
"4424_4",0.884309
"6944_10",0.934965
"11467_7",0.996028
"3630_8",0.999453
"2405_1",0.000131
"7517_1",0.001494
"8116_10",0.952417
"5368_4",0.214239
"2045_1",0.000031
"11303_8",0.999905
"11077_2",0.040862
"6314_10",0.999684
"12137_4",0.108754
"12180_1",0.000169
"6403_10",0.999559
"2019_1",0.000009
"7921_7",0.999730
"3977_10",0.994728
"11277_9",0.585794
"8398_1",0.000123
"1429_3",0.000455
"9628_4",0.035061
"2472_3",0.005307
"5811_4",0.002024
"11663_3",0.000020
"3153_1",0.000712
"11881_2",0.000159
"767_7",0.999265
"12243_10",0.999354
"10969_8",0.998852
"8689_10",0.993886
"1854_10",0.999835
"12392_4",0.000050
"6627_2",0.001150
"6819_10",0.992140
"1587_9",0.717454
"6999_10",0.986066
"9128_1",0.992354
"7141_1",0.014535
"4485_8",0.999872
"7368_7",0.985284
"7698_4",0.529733
"8376_3",0.004633
"1862_1",0.000246
"11217_9",0.999619
"5179_4",0.022434
"6524_3",0.007734
"11877_10",0.999761
"6055_10",0.999972
"9372_1",0.000093
"8029_1",0.000388
"9546_10",0.378873
"5514_10",0.995685
"8869_8",0.998502
"8290_10",0.999424
"11619_9",0.586325
"5949_4",0.025724
"10146_1",0.998476
"11776_10",0.684873
"2146_9",0.805618
"6461_10",0.995739
"10480_4",0.405847
"9021_10",0.995143
"11802_10",0.999958
"9139_2",0.079785
"5590_4",0.005023
"5631_9",0.946640
"6333_3",0.004583
"10455_1",0.000225
"10394_1",0.001934
"8814_8",0.999835
"11264_3",0.046307
"2255_9",0.999870
"3915_8",0.988521
"3386_10",0.999608
"5531_2",0.005341
"1676_4",0.787871
"7711_8",0.995230
"7871_9",0.997581
"11101_8",0.319084
"11562_1",0.001870
"11609_10",0.999761
"9556_1",0.001773
"7149_3",0.998824
"11807_3",0.229407
"12106_10",0.999974
"4763_1",0.000086
"2007_3",0.004033
"8454_8",0.999466
"4656_10",0.395347
"717_8",0.998988
"3501_4",0.092285
"6562_4",0.033654
"3926_1",0.001179
"7497_1",0.000120
"4257_9",0.946609
"4111_1",0.000589
"9865_10",0.998650
"8323_4",0.000634
"2228_4",0.036814
"1180_7",0.999050
"6315_8",0.998503
"12271_10",0.993784
"4567_2",0.462023
"8745_8",0.838307
"4994_1",0.000193
"2842_4",0.065934
"674_9",0.995256
"4431_3",0.420185
"2534_4",0.027176
"378_9",0.999826
"6039_9",0.877735
"9551_7",0.999952
"1273_7",0.998764
"4222_4",0.000344
"7469_1",0.006690
"8733_3",0.035465
"9324_4",0.455776
"8888_4",0.120322
"2872_9",0.960667
"2123_8",0.995394
"4982_7",0.997978
"10668_1",0.980248
"2014_7",0.999628
"4211_3",0.001736
"1202_9",0.999830
"5450_4",0.000507
"2484_1",0.540724
"2427_8",0.999714
"405_3",0.000175
"1_10",0.999993
"4498_4",0.957228
"50_3",0.076936
"10113_9",0.999952
"8919_3",0.001551
"1338_7",0.968823
"9817_8",0.999942
"10824_7",0.976845
"12165_8",0.998121
"11975_8",0.972486
"8537_1",0.000075
"4443_9",0.999521
"207_3",0.001295
"4247_8",0.694919
"11333_9",0.999924
"6357_2",0.139293
"4477_1",0.000024
"8774_1",0.000159
"10049_8",0.999650
"9621_2",0.017984
"5428_10",0.999864
"11693_3",0.007431
"8731_4",0.010780
"11209_1",0.062409
"10581_10",0.000039
"4289_10",0.998981
"511_7",0.997920
"7832_8",0.065385
"2567_9",0.991134
"4931_1",0.072342
"8770_2",0.000247
"8999_9",0.988705
"9918_1",0.001517
"2254_7",0.999433
"4095_1",0.073435
"8601_2",0.015802
"10347_10",0.998706
"2911_4",0.032390
"12157_7",0.999912
"5154_10",0.999750
"27_9",0.996719
"2586_9",0.999299
"6344_9",0.999988
"1888_4",0.000100
"6630_1",0.000780
"3202_10",0.999821
"1517_9",0.999410
"584_10",0.999690
"2683_4",0.000272
"1721_1",0.000271
"4371_7",0.689768
"4697_3",0.980056
"2977_10",0.988032
"1835_3",0.000129
"9872_1",0.002206
"4794_9",0.714880
"5345_10",0.983637
"1230_10",0.999883
"2438_2",0.000112
"5709_9",0.999627
"8007_1",0.000100
"7236_10",0.814830
"7978_10",0.940987
"10608_1",0.009315
"10968_1",0.000890
"3650_1",0.000894
"7966_8",0.999829
"8435_9",0.999978
"6095_3",0.003996
"12457_8",0.992391
"611_10",0.995582
"7589_7",0.995775
"4378_4",0.038252
"9019_3",0.071345
"794_1",0.001879
"5112_4",0.001903
"8698_7",0.999776
"2729_1",0.009914
"9090_1",0.001692
"9641_8",0.998280
"5065_7",0.859341
"3147_10",0.998424
"3971_4",0.000120
"7000_8",0.999584
"6716_1",0.006143
"11482_7",0.163878
"9263_4",0.234802
"7901_1",0.574564
"8213_2",0.000121
"1113_8",0.998969
"1013_7",0.999925
"2195_9",0.999317
"1371_8",0.281793
"7239_7",0.998873
"11376_1",0.000042
"3506_9",0.999526
"3413_2",0.002698
"8641_1",0.000126
"11587_2",0.005575
"7639_7",0.155890
"8100_8",0.999618
"8151_2",0.000262
"10464_2",0.000165
"2043_3",0.000562
"4454_8",0.993219
"6562_8",0.999921
"8549_8",0.005104
"1209_3",0.002579
"2566_4",0.106752
"5871_10",0.905730
"6459_7",0.999933
"11006_8",0.996673
"3313_8",0.998202
"5290_2",0.004752
"9687_1",0.000849
"4165_10",0.992966
"11120_4",0.957721
"3379_2",0.017592
"5814_1",0.987971
"3414_7",0.992678
"7750_7",0.999860
"9727_7",0.988009
"3850_9",0.999931
"5954_2",0.409660
"9685_1",0.000263
"9307_3",0.031354
"8727_9",0.999440
"9746_1",0.000019
"9365_8",0.999961
"3361_10",0.999549
"4554_3",0.001613
"8952_9",0.999948
"4301_1",0.000044
"10764_4",0.135846
"2738_10",0.997604
"3554_1",0.007862
"5724_8",0.988977
"8804_4",0.001915
"468_8",0.999649
"10527_10",0.994892
"5117_7",0.999552
"3390_4",0.989623
"5875_3",0.002302
"10380_7",0.999699
"887_2",0.994762
"2707_8",0.158605
"11371_3",0.080881
"535_4",0.028481
"10700_10",0.358879
"3047_10",0.999639
"5930_3",0.002435
"6044_10",0.983669
"8679_4",0.984768
"2261_10",0.991592
"9577_10",0.999955
"1999_7",0.885695
"6010_3",0.279268
"861_4",0.006614
"4360_2",0.000476
"5373_7",0.998053
"10760_8",0.991242
"12436_10",0.999519
"5149_3",0.839964
"7091_4",0.670576
"5135_9",0.970395
"5552_8",0.999316
"1713_9",0.999835
"11445_4",0.600320
"11146_7",0.988990
"5286_9",0.999759
"10518_1",0.000084
"1122_8",0.973838
"7680_1",0.213758
"11042_8",0.999819
"6336_1",0.015408
"11784_10",0.162959
"8759_10",0.999918
"4362_10",0.952697
"4483_2",0.000124
"7501_8",0.999234
"3516_2",0.000328
"3965_10",0.999539
"4066_8",0.995802
"7802_2",0.981449
"1074_7",0.999202
"4555_3",0.000024
"11477_1",0.000094
"5712_10",0.994005
"1175_8",0.999905
"6283_4",0.732419
"11717_1",0.008683
"8029_8",0.987129
"5794_8",0.987258
"8717_2",0.000160
"10682_10",0.886874
"4610_1",0.774042
"4908_9",0.529410
"8325_2",0.000180
"11330_4",0.681864
"5717_10",0.536064
"11421_3",0.006923
"4725_2",0.000137
"2284_9",0.999770
"12433_1",0.011201
"10799_10",0.995171
"3213_10",0.976161
"10997_10",0.999689
"3482_9",0.999978
"430_4",0.013791
"6524_9",0.999806
"2270_1",0.000810
"6410_4",0.133463
"224_10",0.281460
"10915_8",0.999974
"8882_3",0.172637
"3578_3",0.000531
"7696_1",0.790828
"7307_1",0.008478
"10043_1",0.009477
"6380_4",0.525928
"3109_2",0.000046
"398_4",0.000296
"10498_1",0.045999
"3565_8",0.999495
"7844_9",0.999915
"5879_3",0.003617
"5004_1",0.331183
"9347_2",0.022316
"2213_8",0.998915
"3654_8",0.703306
"642_2",0.000158
"9412_8",0.999559
"7418_10",0.999916
"2012_1",0.002360
"308_9",0.984410
"11695_8",0.995215
"7369_10",0.912091
"7363_3",0.956021
"7834_3",0.770587
"7705_10",0.999479
"4554_8",0.998279
"4773_7",0.978188
"11944_2",0.999319
"12303_10",0.985373
"272_10",0.940842
"11678_10",0.999627
"8157_1",0.520163
"1360_7",0.076700
"1702_7",0.887924
"7409_8",0.999946
"3865_8",0.982343
"8266_10",0.999975
"3543_3",0.345482
"8542_4",0.000136
"2188_4",0.001338
"7928_10",0.951255
"8271_1",0.000316
"2667_3",0.000439
"136_9",0.999278
"2365_8",0.963050
"9516_1",0.008839
"6205_9",0.999948
"12411_1",0.025822
"10549_2",0.000188
"2114_10",0.999614
"8379_3",0.001028
"1555_2",0.000241
"7010_4",0.027629
"10425_1",0.000197
"2970_10",0.999674
"1976_8",0.999731
"4894_8",0.998157
"995_1",0.029065
"12087_10",0.934271
"5002_1",0.003234
"10204_2",0.104319
"7689_2",0.000026
"8685_4",0.108313
"4183_1",0.000224
"7719_7",0.878045
"6350_8",0.999673
"6163_8",0.959852
"11247_4",0.003449
"8962_8",0.998003
"7849_9",0.999921
"4177_9",0.993159
"4680_1",0.004592
"10965_8",0.993401
"3534_10",0.999969
"9782_4",0.019701
"9525_9",0.999300
"3743_10",0.998159
"1688_10",0.999803
"4400_4",0.814088
"1660_8",0.999940
"8241_9",0.999964
"1238_8",0.993363
"1081_3",0.002070
"6151_2",0.001913
"6025_8",0.832419
"661_9",0.527495
"5670_8",0.999833
"6122_1",0.988131
"1767_10",0.999927
"5629_10",0.999676
"8256_10",0.999452
"8572_4",0.025690
"11580_7",0.980027
"525_3",0.065027
"2128_3",0.008358
"10254_8",0.998339
"3082_2",0.000231
"7127_1",0.028493
"9927_7",0.003920
"5694_9",0.999678
"8063_10",0.999796
"10768_1",0.011020
"7375_1",0.003226
"6220_10",0.998893
"4477_10",0.999539
"1350_8",0.998978
"9354_4",0.999338
"9015_2",0.753445
"719_1",0.012707
"10544_3",0.025702
"4496_10",0.980045
"3912_1",0.001722
"10120_10",0.292147
"6958_2",0.025170
"10964_7",0.857281
"4974_1",0.000852
"5591_9",0.997570
"2295_3",0.234568
"17_8",0.996054
"10442_2",0.913283
"3043_10",0.992346
"5243_1",0.000613
"5145_8",0.997300
"5727_7",0.847469
"3406_10",0.998868
"3552_7",0.209356
"1512_1",0.000132
"9214_9",0.999934
"3060_3",0.084268
"9086_3",0.062695
"10428_1",0.064562
"11198_10",0.980274
"1743_4",0.083052
"7795_10",0.279064
"9863_10",0.990698
"182_3",0.063103
"9644_4",0.017995
"10744_2",0.001785
"3393_10",0.999329
"3657_8",0.997791
"10435_1",0.000081
"9206_10",0.999340
"4005_10",0.983023
"5901_3",0.369194
"498_10",0.999968
"9583_2",0.076816
"2336_10",0.999885
"6107_1",0.023985
"7079_7",0.993358
"2769_4",0.180618
"4787_8",0.999902
"11123_1",0.005759
"6466_10",0.999977
"6311_9",0.989933
"1236_7",0.720149
"3635_9",0.999962
"1230_2",0.002135
"8721_7",0.999774
"7878_3",0.000054
"11731_7",0.493867
"8732_8",0.999921
"8083_8",0.994769
"3146_1",0.017177
"11395_10",0.578669
"2998_2",0.000066
"3766_4",0.088170
"353_3",0.010859
"8688_7",0.999378
"6137_10",0.914285
"11950_3",0.364272
"5663_1",0.007319
"1108_3",0.000097
"10425_10",0.998235
"913_10",0.995463
"7852_8",0.998706
"14_1",0.001870
"12062_1",0.000287
"1162_1",0.001105
"8648_10",0.979233
"10605_10",0.999936
"1091_1",0.002299
"7723_8",0.055295
"5474_8",0.961740
"8308_1",0.000981
"9586_8",0.997209
"5317_4",0.000870
"11283_8",0.447505
"9575_3",0.000201
"8846_9",0.882683
"8756_1",0.000042
"7973_4",0.001491
"9845_3",0.000184
"11335_9",0.915686
"456_8",0.987013
"378_1",0.004905
"9176_1",0.000071
"6371_10",0.728808
"3152_10",0.999822
"7441_4",0.000200
"10123_4",0.184784
"6777_1",0.991378
"7479_1",0.029100
"5563_1",0.001410
"9076_7",0.992157
"11744_1",0.087881
"1040_4",0.013244
"920_1",0.000129
"3599_4",0.000755
"9629_3",0.006584
"12346_1",0.145343
"4237_8",0.995324
"6596_10",0.897790
"11576_1",0.000974
"1140_1",0.010094
"2945_8",0.951916
"7518_9",0.998281
"3435_1",0.001425
"8219_3",0.011604
"6758_10",0.999939
"484_8",0.998917
"10012_1",0.000046
"718_10",0.999943
"12293_7",0.995547
"6241_3",0.000075
"10635_10",0.998798
"2563_1",0.006041
"7682_10",0.990895
"4993_7",0.990888
"12153_4",0.012222
"8559_7",0.867453
"9700_4",0.998003
"660_2",0.059463
"11457_4",0.001795
"7146_1",0.801765
"3771_2",0.034418
"8333_3",0.015994
"11740_7",0.843322
"7035_2",0.000915
"7054_1",0.000866
"12292_4",0.000580
"8881_4",0.983296
"7264_8",0.999907
"11168_1",0.006701
"1145_9",0.999311
"781_9",0.999619
"5694_4",0.001063
"2637_10",0.999602
"5812_8",0.942893
"6335_10",0.999380
"10491_3",0.151710
"4684_2",0.002600
"3810_2",0.000377
"12264_3",0.000815
"8018_10",0.999348
"12185_10",0.999781
"3959_3",0.366895
"9829_7",0.999478
"4694_4",0.002799
"3884_1",0.001604
"8027_10",0.999905
"743_2",0.000124
"7036_1",0.044352
"3081_1",0.000073
"4606_10",0.997584
"503_2",0.001540
"6989_10",0.998609
"10059_1",0.346850
"1380_9",0.870815
"3247_1",0.346585
"6308_8",0.997882
"1592_2",0.000952
"3167_1",0.003181
"6357_10",0.924133
"7107_7",0.546136
"5335_8",0.999373
"11948_2",0.003889
"10805_4",0.221622
"638_7",0.994603
"4311_2",0.000252
"11795_8",0.999380
"8031_9",0.992960
"11930_2",0.887695
"7886_3",0.980535
"7253_10",0.999324
"10955_3",0.024173
"10680_2",0.000357
"8754_10",0.746437
"9556_8",0.999950
"3076_10",0.927474
"1544_3",0.002628
"2726_3",0.000092
"8545_3",0.000394
"3175_3",0.002289
"2864_9",0.042798
"547_4",0.001528
"2831_9",0.994212
"5321_4",0.111605
"4675_8",0.999439
"11787_4",0.002154
"2837_10",0.999673
"7730_8",0.649671
"2309_10",0.998876
"9078_7",0.999936
"8160_10",0.999837
"7824_1",0.000065
"9926_8",0.941360
"3507_1",0.000565
"5878_3",0.273202
"6708_4",0.049855
"1096_3",0.698191
"4556_8",0.993059
"3667_10",0.965821
"9565_3",0.000361
"4737_9",0.967211
"12134_1",0.038882
"9413_7",0.999979
"1002_9",0.999733
"4889_4",0.993759
"3453_1",0.039364
"2763_2",0.000199
"8248_8",0.987455
"1881_1",0.081682
"3528_10",0.997884
"3630_1",0.912658
"11390_10",0.999750
"3991_8",0.687619
"7650_8",0.984636
"4527_8",0.997396
"10307_2",0.984149
"8872_4",0.000504
"1741_10",0.989779
"12170_9",0.908634
"11196_4",0.000150
"5524_10",0.353182
"1926_3",0.110135
"1279_8",0.085105
"1444_8",0.506011
"8975_8",0.986519
"7157_10",0.999983
"11973_2",0.000220
"7022_1",0.066832
"6939_10",0.911150
"6732_9",0.208973
"3689_1",0.000317
"10228_1",0.001147
"6314_3",0.935747
"4285_8",0.999646
"10086_10",0.922896
"9899_1",0.003416
"7556_10",0.998587
"12299_3",0.535669
"11872_3",0.001523
"4257_1",0.213637
"3028_7",0.036880
"2545_10",0.999900
"8036_4",0.272486
"5948_2",0.000624
"12113_1",0.003937
"1738_4",0.013267
"9808_10",0.994128
"2629_4",0.013409
"12003_9",0.348881
"6725_8",0.997662
"5383_8",0.999820
"12097_1",0.000565
"11402_9",0.999812
"3877_3",0.000461
"3765_4",0.037541
"11431_7",0.999806
"7419_3",0.001528
"9844_8",0.850160
"9753_1",0.714025
"12377_1",0.996458
"2775_10",0.912886
"11106_1",0.023942
"10015_8",0.337787
"9473_9",0.999806
"3633_9",0.999516
"9022_8",0.999806
"608_1",0.001062
"10724_1",0.000071
"1059_10",0.999955
"8413_3",0.502882
"2013_1",0.000559
"2814_10",0.830768
"9166_4",0.007929
"6566_7",0.984786
"9352_10",0.906604
"8123_1",0.000048
"10825_3",0.000028
"3735_8",0.999849
"7595_2",0.000058
"4946_1",0.000708
"8327_9",0.999902
"5140_2",0.518451
"10986_1",0.000120
"7385_8",0.183977
"3722_1",0.000083
"9799_2",0.000238
"1288_8",0.999235
"8089_1",0.114226
"11279_4",0.867122
"4845_10",0.997867
"8354_8",0.993116
"1373_10",0.004242
"5431_7",0.999844
"1245_2",0.004685
"11429_7",0.999682
"11606_4",0.963046
"4192_10",0.146448
"3443_1",0.000054
"4957_2",0.299494
"4971_8",0.999518
"913_1",0.008721
"10311_10",0.999794
"10558_9",0.998862
"304_10",0.997475
"7499_9",0.995193
"6529_10",0.999790
"2069_10",0.999699
"1366_10",0.878041
"10303_3",0.002777
"4476_8",0.981471
"8032_10",0.999955
"8392_8",0.986808
"10158_9",0.999963
"10886_7",0.998831
"1789_2",0.000209
"3113_1",0.059590
"7713_1",0.000052
"2685_10",0.999835
"9760_10",0.982453
"12401_10",0.999934
"2489_10",0.999548
"6382_1",0.000374
"2352_2",0.000081
"9440_1",0.001604
"10695_10",0.999321
"7297_8",0.987131
"11703_4",0.102613
"4733_1",0.004594
"1769_4",0.995963
"12219_7",0.999871
"1725_1",0.004343
"1711_8",0.075105
"7466_8",0.998777
"6987_10",0.997690
"12351_1",0.000066
"4929_10",0.999868
"10281_4",0.006810
"11555_7",0.972084
"2075_9",0.867494
"755_10",0.948172
"11705_8",0.999750
"1434_10",0.999875
"6189_7",0.979598
"3645_7",0.812662
"2963_9",0.999948
"3487_9",0.999909
"6368_7",0.990608
"2240_1",0.983630
"10126_9",0.999701
"5366_1",0.004019
"8058_10",0.951295
"10746_8",0.873374
"4852_3",0.000344
"5371_7",0.888507
"303_2",0.295490
"7169_4",0.173104
"4284_3",0.232351
"7539_2",0.005314
"11410_1",0.806781
"4710_2",0.001220
"7660_1",0.041214
"10378_8",0.998324
"10580_10",0.999675
"4295_1",0.000064
"4433_1",0.001545
"6959_9",0.999947
"6769_4",0.750358
"11996_1",0.000252
"10341_7",0.997503
"2337_1",0.012215
"11119_8",0.997639
"4228_2",0.002058
"3680_1",0.001816
"11256_1",0.000188
"1884_7",0.956420
"4750_8",0.999762
"4890_3",0.974328
"7159_10",0.998640
"10622_1",0.003390
"11753_1",0.019137
"8352_10",0.997948
"2188_9",0.999825
"6913_9",0.999967
"9193_1",0.004438
"9572_4",0.984430
"5136_2",0.014513
"4799_2",0.671643
"5045_8",0.997462
"9538_1",0.004354
"1565_4",0.206992
"12134_7",0.997990
"1437_8",0.994379
"5319_9",0.999805
"3709_10",0.994416
"2642_8",0.999914
"11143_9",0.921554
"864_10",0.997822
"9283_3",0.000208
"5089_9",0.999381
"9917_10",0.972891
"3800_7",0.879002
"6074_7",0.999728
"6433_7",0.999921
"6715_1",0.001537
"594_1",0.002475
"2469_1",0.000793
"3155_1",0.836772
"7458_10",0.975568
"2020_1",0.000338
"6921_8",0.945329
"9662_7",0.997717
"9567_7",0.847420
"5187_1",0.004947
"6831_4",0.005794
"7829_4",0.043919
"3868_3",0.009653
"2224_10",0.999163
"12015_1",0.025835
"841_1",0.005401
"224_3",0.014219
"4805_9",0.998665
"7513_2",0.003715
"7065_3",0.000358
"6192_3",0.714094
"6075_10",0.999787
"10611_7",0.999104
"10471_10",0.999650
"4198_10",0.769320
"10756_7",0.956065
"11960_1",0.007143
"2885_9",0.999941
"6837_3",0.001574
"1917_2",0.017305
"7143_3",0.002541
"1762_10",0.767331
"12066_10",0.999902
"8410_7",0.863137
"10729_4",0.069651
"6967_3",0.001264
"734_7",0.995975
"1524_10",0.999792
"2479_9",0.974155
"130_4",0.000013
"201_9",0.999947
"6157_9",0.999685
"9362_2",0.006653
"3858_10",0.997455
"9895_10",0.999788
"9953_3",0.001862
"4667_7",0.934665
"1951_1",0.000130
"8724_8",0.997861
"2886_7",0.999757
"7491_10",0.999596
"10403_4",0.152434
"7362_10",0.911631
"9466_9",0.997309
"9079_7",0.999341
"10171_1",0.000084
"9511_9",0.959278
"8775_1",0.004344
"6462_2",0.326544
"3129_2",0.004202
"12461_1",0.000054
"8541_10",0.932264
"4241_7",0.996909
"6533_10",0.948657
"12131_2",0.024537
"11577_4",0.019371
"6063_3",0.000518
"1760_9",0.989857
"3396_1",0.878984
"5385_8",0.983227
"7212_2",0.000061
"3522_8",0.676996
"1397_10",0.003599
"387_8",0.999929
"4143_9",0.999933
"9483_2",0.013246
"3250_10",0.999388
"8758_4",0.002937
"7551_10",0.999567
"2068_1",0.016231
"9534_9",0.999950
"11561_8",0.999674
"3083_2",0.966828
"2973_1",0.309437
"6574_10",0.999614
"5442_2",0.000079
"6343_3",0.018042
"6723_1",0.008480
"6252_8",0.731518
"8465_1",0.000116
"1906_7",0.760728
"7492_7",0.999791
"5508_7",0.370620
"5936_8",0.956013
"5086_8",0.903635
"2134_7",0.900862
"8301_4",0.124885
"8423_2",0.000105
"6241_10",0.999962
"8550_4",0.083568
"3330_10",0.829811
"8825_8",0.999639
"8030_1",0.000040
"4884_4",0.025569
"8391_9",0.998984
"9776_1",0.003995
"1389_7",0.151968
"12224_4",0.026360
"2162_7",0.999888
"8490_10",0.999905
"12003_4",0.000371
"11043_3",0.006129
"7266_2",0.000240
"4480_10",0.992601
"11954_9",0.843474
"3280_2",0.003182
"8084_2",0.000482
"3913_4",0.253960
"7353_10",0.995330
"3161_10",0.998519
"3941_1",0.006543
"7992_9",0.999967
"10742_10",0.999960
"69_10",0.941097
"10415_3",0.272135
"4818_10",0.999359
"5563_10",0.997404
"7018_10",0.993299
"8873_4",0.022271
"10593_3",0.002002
"12251_3",0.004174
"731_4",0.024041
"1195_10",0.999816
"7337_1",0.002821
"2448_7",0.998558
"4444_2",0.000848
"9223_2",0.012786
"463_8",0.999475
"4335_4",0.003558
"9635_8",0.055410
"8738_4",0.422825
"6724_1",0.000073
"5504_1",0.000122
"10185_1",0.149484
"901_9",0.999869
"10452_8",0.999840
"8289_10",0.999686
"10112_1",0.000120
"9950_8",0.999948
"8644_4",0.145486
"11534_7",0.586734
"5708_4",0.055859
"6781_1",0.000267
"3582_10",0.999044
"4591_7",0.017040
"3327_1",0.001886
"9536_9",0.999723
"3047_2",0.000722
"2830_9",0.841751
"4300_1",0.003522
"4160_4",0.622955
"11783_10",0.996055
"6029_9",0.929074
"6907_2",0.002850
"691_2",0.003069
"585_1",0.899481
"11182_3",0.928810
"10433_2",0.000175
"11201_2",0.430070
"588_7",0.995378
"2522_10",0.980981
"7002_2",0.050745
"2059_10",0.998942
"4925_10",0.312907
"7791_9",0.999877
"6392_10",0.999864
"3305_7",0.999872
"11951_10",0.944144
"12167_1",0.000025
"5814_10",0.998537
"2590_10",0.987152
"10571_3",0.002203
"5452_4",0.127074
"6480_10",0.999295
"11050_8",0.999910
"11523_3",0.001506
"6556_8",0.991821
"597_9",0.999950
"4049_3",0.000802
"6652_8",0.999938
"5591_4",0.002462
"12295_1",0.000157
"11478_10",0.998001
"6436_1",0.022983
"2487_2",0.010327
"7520_7",0.987483
"5203_9",0.999198
"6162_10",0.999830
"3840_4",0.167221
"7471_10",0.999950
"5021_1",0.000118
"5593_10",0.996014
"7489_10",0.997900
"1208_10",0.908999
"11983_10",0.999872
"23_4",0.059428
"3622_7",0.002077
"7821_1",0.000071
"9726_3",0.000062
"2890_10",0.999801
"11695_4",0.896222
"3751_10",0.999891
"5136_8",0.999619
"8730_7",0.999072
"4341_7",0.004704
"9148_3",0.000145
"6385_3",0.125434
"8560_8",0.762629
"766_2",0.000096
"8847_10",0.979315
"7455_1",0.000073
"3187_8",0.381386
"9683_1",0.000288
"7744_10",0.848186
"11136_10",0.995654
"214_1",0.003441
"2105_9",0.999560
"1265_10",0.999409
"9122_2",0.223078
"9296_10",0.997621
"8107_2",0.010027
"8134_2",0.000052
"3788_10",0.997391
"2429_10",0.997609
"8567_1",0.000694
"7400_10",0.295710
"1789_7",0.985638
"11098_2",0.000535
"918_10",0.465379
"3389_10",0.929799
"3754_1",0.262527
"8807_9",0.997098
"7900_9",0.999900
"6541_1",0.911670
"981_1",0.013221
"2142_9",0.999857
"1639_1",0.000851
"4162_1",0.000119
"2476_10",0.990641
"9941_4",0.255220
"4020_3",0.001478
"6823_4",0.289361
"6236_2",0.014167
"7793_4",0.940347
"7431_9",0.999804
"6864_7",0.973073
"184_9",0.941307
"735_7",0.283296
"1673_8",0.999969
"6209_1",0.000116
"4167_10",0.999258
"7854_1",0.029176
"6281_7",0.999769
"3045_1",0.000016
"598_9",0.999425
"5411_10",0.999642
"3781_4",0.001235
"10627_2",0.001506
"11283_2",0.205214
"4594_8",0.851450
"12424_7",0.676576
"6705_8",0.992960
"5274_8",0.974891
"2107_7",0.977965
"10685_7",0.965837
"1992_10",0.963276
"6711_1",0.000265
"1899_10",0.998072
"6307_9",0.999698
"5702_10",0.999849
"6865_7",0.999824
"5047_10",0.999962
"2762_8",0.998285
"2830_4",0.064259
"9305_7",0.999828
"4358_1",0.000447
"7558_10",0.999400
"8607_10",0.998332
"4599_9",0.999346
"5267_4",0.002183
"5667_10",0.985106
"10108_8",0.999793
"8432_3",0.488270
"845_2",0.009104
"552_2",0.608964
"169_7",0.998760
"12311_1",0.006026
"5884_3",0.026220
"2938_4",0.217475
"11378_7",0.867421
"7337_10",0.999573
"4378_7",0.999760
"4660_10",0.962592
"2461_4",0.187627
"7011_10",0.999924
"9907_2",0.001461
"6134_2",0.001115
"1548_1",0.003948
"157_3",0.008988
"2189_2",0.097078
"9021_3",0.398254
"7699_1",0.000057
"9298_1",0.000125
"539_3",0.251069
"10243_2",0.000301
"8659_9",0.997891
"10748_8",0.997859
"6757_4",0.003072
"7196_8",0.867563
"2579_9",0.998098
"5896_10",0.995605
"2308_9",0.999376
"12318_1",0.044060
"12244_4",0.003743
"10131_7",0.999268
"3608_4",0.002416
"10891_10",0.999919
"10517_10",0.999395
"2180_8",0.999616
"2498_7",0.994926
"3382_1",0.000177
"12196_4",0.041064
"7079_3",0.026006
"562_8",0.197719
"984_3",0.636905
"7756_10",0.998510
"11553_1",0.004358
"1880_4",0.221517
"9842_7",0.880819
"795_3",0.001049
"11707_10",0.999445
"8457_9",0.997145
"2483_4",0.000570
"4903_3",0.019017
"12223_2",0.000040
"8418_2",0.000096
"6194_10",0.999956
"3214_10",0.999782
"12208_3",0.000418
"7001_10",0.999576
"8533_8",0.998148
"8236_4",0.004335
"2867_1",0.000352
"7876_9",0.576286
"9640_8",0.999750
"11866_3",0.002625
"4262_4",0.015223
"5711_4",0.550433
"214_9",0.997293
"9641_4",0.160116
"9086_9",0.999336
"12088_2",0.000054
"76_8",0.999871
"1537_10",0.999153
"10510_2",0.000122
"778_1",0.000109
"458_9",0.994605
"12472_1",0.000754
"7914_1",0.396075
"8595_10",0.999971
"7741_4",0.000559
"9056_4",0.000129
"538_4",0.968356
"12049_4",0.978615
"9613_8",0.997692
"7051_4",0.864710
"2549_7",0.999842
"12139_3",0.000431
"4006_7",0.963476
"11662_10",0.969958
"497_2",0.000420
"5556_2",0.026176
"8287_10",0.999294
"4712_9",0.998486
"8237_1",0.001137
"4466_9",0.994860
"4141_1",0.000385
"3303_10",0.970761
"5384_2",0.000412
"8494_1",0.002616
"5127_2",0.002065
"6961_9",0.998391
"10856_1",0.011983
"9421_7",0.999664
"3776_10",0.976727
"5958_1",0.000584
"6227_8",0.995164
"10991_1",0.007515
"7996_10",0.999927
"12372_9",0.998638
"1460_2",0.075844
"10183_1",0.000017
"2829_4",0.000231
"9797_4",0.000089
"2988_3",0.000432
"3974_3",0.100995
"11419_4",0.006596
"11472_7",0.732015
"8489_7",0.963514
"11938_4",0.000171
"1057_8",0.997940
"7213_1",0.023906
"2615_10",0.116441
"3101_1",0.000162
"7553_1",0.000267
"10258_1",0.036333
"8551_10",0.999948
"11233_4",0.000463
"2996_4",0.042646
"8670_3",0.808304
"10586_9",0.999644
"501_10",0.999728
"11398_9",0.999794
"9223_8",0.998741
"5432_9",0.029190
"7517_10",0.999920
"11616_7",0.997298
"5055_2",0.000354
"9285_1",0.000025
"5175_1",0.004530
"872_1",0.000031
"8890_7",0.998182
"178_2",0.005206
"10660_4",0.008890
"11461_4",0.038629
"9461_8",0.885525
"3992_3",0.000057
"1173_1",0.000126
"8261_10",0.830599
"10007_4",0.001219
"10751_10",0.967383
"5021_8",0.999935
"10553_7",0.947036
"12464_8",0.999695
"8616_8",0.999928
"9697_1",0.000180
"2800_1",0.005648
"521_1",0.000691
"7535_10",0.743316
"4352_9",0.348179
"2246_10",0.767119
"7039_4",0.000984
"10344_4",0.190947
"12195_10",0.999977
"3671_4",0.977285
"1767_2",0.168069
"6536_1",0.000400
"8951_1",0.004177
"12462_9",0.999496
"8489_2",0.001790
"11884_10",0.999472
"8602_1",0.009798
"9229_1",0.001552
"10611_3",0.000126
"6764_4",0.292895
"2612_1",0.004805
"213_3",0.018154
"1987_2",0.000370
"3082_9",0.999622
"10504_7",0.996306
"8862_9",0.994705
"5512_10",0.998060
"3198_10",0.993662
"11521_1",0.000104
"9841_8",0.458713
"1781_10",0.995742
"8389_1",0.033810
"10225_1",0.001913
"1403_4",0.000426
"3792_8",0.999639
"4361_9",0.971916
"6579_7",0.948827
"3891_2",0.032615
"10782_8",0.999045
"12290_2",0.075194
"1710_1",0.229980
"5507_7",0.987506
"10523_1",0.028116
"6722_10",0.004943
"3401_10",0.999922
"8079_1",0.000215
"5650_10",0.987394
"1843_4",0.000421
"8228_7",0.727626
"1138_8",0.999388
"7943_9",0.577901
"2219_4",0.000259
"11675_4",0.086208
"7748_9",0.997808
"3859_1",0.002131
"1497_1",0.009615
"2115_10",0.958085
"9622_4",0.000538
"9482_10",0.999892
"9084_2",0.000426
"2744_1",0.021811
"6599_3",0.435960
"10991_10",0.809512
"8444_9",0.996410
"1362_3",0.306263
"6820_10",0.999495
"10806_3",0.042454
"5509_3",0.028297
"1939_8",0.186052
"498_1",0.001394
"12238_10",0.000914
"4154_4",0.056195
"11557_1",0.000791
"6658_7",0.964350
"1183_2",0.000826
"3764_10",0.791804
"12421_3",0.009452
"8166_1",0.006230
"88_10",0.997727
"6291_7",0.457049
"4637_2",0.090596
"4194_10",0.995870
"9020_10",0.697104
"9749_8",0.798026
"3308_1",0.001701
"2569_9",0.997825
"9696_8",0.992579
"8680_1",0.000143
"10469_3",0.000997
"6208_1",0.040748
"9862_3",0.977717
"7663_10",0.999949
"811_10",0.999455
"5452_8",0.958424
"4347_10",0.999868
"10922_8",0.999517
"10466_3",0.023887
"11650_8",0.995382
"5126_4",0.001023
"3454_8",0.987919
"11021_10",0.999659
"1160_1",0.000621
"1948_10",0.999849
"8741_10",0.996045
"8996_4",0.029532
"11572_2",0.788692
"2183_7",0.996290
"1779_9",0.775466
"5466_10",0.999825
"1756_1",0.000116
"7777_3",0.001581
"429_3",0.027754
"1736_10",0.995650
"1746_10",0.993621
"7613_8",0.990480
"4315_10",0.933765
"12186_10",0.988686
"4231_8",0.999783
"659_8",0.999946
"7739_10",0.999507
"43_10",0.999782
"2960_4",0.016254
"11665_4",0.000105
"4399_9",0.999748
"6993_8",0.343158
"6523_10",0.999769
"7068_1",0.000077
"3005_1",0.075899
"10419_8",0.999993
"3160_2",0.060351
"1881_10",0.114022
"5623_10",0.477534
"2263_10",0.999943
"5736_8",0.999987
"550_3",0.004685
"368_4",0.000160
"9100_10",0.999613
"930_3",0.315133
"866_10",0.999640
"11251_7",0.999948
"10708_9",0.981242
"247_2",0.001821
"4080_10",0.999326
"2104_10",0.999940
"8_2",0.002565
"1485_3",0.273557
"3133_1",0.896068
"331_10",0.748287
"12213_1",0.000204
"2825_3",0.016117
"8316_3",0.008346
"11102_3",0.050898
"9719_1",0.064056
"1951_7",0.999779
"10577_1",0.000042
"9941_9",0.999980
"12246_1",0.000829
"7579_4",0.027959
"7111_7",0.997927
"1068_3",0.001519
"1872_4",0.994354
"834_4",0.813702
"12088_7",0.991758
"7785_3",0.051771
"7364_10",0.979011
"4441_2",0.109247
"3957_10",0.999681
"7789_1",0.000213
"3296_1",0.003958
"6656_8",0.915488
"7366_2",0.007335
"10579_10",0.988106
"1292_8",0.997154
"3172_10",0.985102
"4948_10",0.999957
"8690_3",0.000923
"3279_1",0.000027
"7221_3",0.046318
"6376_2",0.002479
"4901_4",0.004742
"1591_10",0.999857
"2905_4",0.940456
"8656_7",0.989468
"10100_3",0.566418
"6918_10",0.999016
"7105_8",0.059934
"8220_10",0.877837
"916_3",0.000614
"7831_8",0.003687
"11118_10",0.999865
"7993_10",0.987925
"2665_3",0.007005
"1680_2",0.000018
"632_8",0.999866
"5838_10",0.999818
"4039_9",0.999350
"309_3",0.235133
"6715_7",0.966543
"9130_4",0.380856
"722_10",0.941079
"9485_3",0.009563
"5421_9",0.177682
"2053_4",0.000346
"8824_4",0.006840
"906_4",0.150258
"4325_4",0.728484
"3131_1",0.007915
"4732_10",0.002927
"7628_1",0.002245
"3903_8",0.999839
"2781_7",0.538255
"2530_1",0.011068
"8740_9",0.998611
"9456_4",0.001876
"8705_10",0.997460
"9894_4",0.000344
"7573_10",0.999846
"117_1",0.000074
"1578_7",0.007683
"2822_9",0.979898
"2544_10",0.997399
"10988_10",0.995971
"9846_3",0.004264
"6242_3",0.674335
"5626_3",0.097899
"4053_9",0.996324
"10157_8",0.829195
"10582_2",0.001001
"11091_1",0.002847
"10436_8",0.999744
"3432_8",0.999769
"3007_3",0.997579
"11467_4",0.045144
"9877_8",0.009949
"4839_1",0.000468
"2766_3",0.035836
"11528_9",0.986766
"4327_1",0.000046
"8087_10",0.967025
"3394_10",0.999978
"4690_4",0.114472
"11642_8",0.993893
"2603_1",0.133287
"9578_8",0.998205
"8316_10",0.981412
"8184_9",0.999927
"9764_10",0.998193
"3248_2",0.000014
"5784_3",0.000123
"3686_1",0.000102
"10901_10",0.984630
"606_9",0.996772
"6887_1",0.001401
"4240_4",0.789771
"977_9",0.955220
"2232_7",0.642060
"4107_8",0.999603
"11897_10",0.999959
"10418_8",0.999919
"5274_1",0.019339
"5978_10",0.998540
"6781_7",0.311769
"6704_10",0.982331
"8290_4",0.002513
"9826_8",0.898887
"10066_1",0.000219
"1135_1",0.002358
"6683_9",0.999365
"9991_8",0.999814
"1710_10",0.997268
"4774_2",0.000546
"3621_2",0.270125
"9258_1",0.001764
"12244_8",0.999928
"401_1",0.000241
"11869_10",0.999945
"3092_3",0.677661
"2910_7",0.999619
"961_1",0.000647
"6927_7",0.934686
"4819_2",0.002207
"658_7",0.099991
"5477_2",0.001808
"7766_1",0.009335
"4159_3",0.161117
"5010_10",0.999631
"11093_3",0.000132
"7287_10",0.999987
"3462_9",0.982452
"1652_1",0.000423
"12077_2",0.581202
"3798_10",0.997269
"2696_10",0.999698
"2803_8",0.999553
"11941_2",0.000642
"8090_8",0.998022
"6994_4",0.910830
"1242_7",0.999836
"8828_9",0.609444
"1346_1",0.000081
"468_1",0.000517
"3665_4",0.002913
"4476_4",0.005611
"6043_9",0.743345
"5830_3",0.000038
"3159_10",0.996013
"6975_1",0.782516
"7338_1",0.004169
"1424_10",0.985394
"6487_7",0.999944
"3023_7",0.910598
"4749_3",0.001292
"4596_3",0.019592
"4681_8",0.999455
"4235_1",0.172435
"2912_8",0.997769
"6552_1",0.000817
"4329_1",0.729269
"3876_1",0.271429
"9168_9",0.980177
"8747_10",0.999307
"11842_10",0.999616
"5612_10",0.328006
"10371_8",0.993886
"4804_7",0.998728
"4914_7",0.997031
"2520_3",0.000863
"8053_3",0.000775
"11302_4",0.000573
"4766_1",0.984747
"1820_4",0.023712
"4668_1",0.000955
"3521_2",0.000166
"3467_7",0.999844
"1885_4",0.015576
"4206_1",0.008182
"2774_10",0.985506
"12060_1",0.003146
"5664_10",0.950238
"7078_10",0.999918
"4797_8",0.999926
"2735_3",0.000486
"7981_4",0.070394
"10440_7",0.978719
"11611_7",0.999724
"5553_1",0.001022
"12415_2",0.864870
"10807_3",0.013067
"5539_1",0.398096
"9489_10",0.998589
"11053_10",0.999750
"7493_10",0.992186
"10400_4",0.898727
"9856_10",0.999892
"6813_10",0.815448
"679_10",0.521096
"7502_3",0.000545
"3842_7",0.999757
"7800_10",0.999977
"4253_9",0.247450
"2103_1",0.010703
"9581_3",0.037207
"7335_10",0.063293
"3304_8",0.227511
"12276_3",0.000920
"5451_3",0.004639
"1873_3",0.208981
"5857_7",0.847916
"5423_10",0.995387
"6400_10",0.998278
"6419_3",0.000920
"3775_4",0.008614
"5165_8",0.859167
"6555_1",0.000595
"3806_4",0.009218
"8584_7",0.998114
"5390_7",0.797363
"10965_1",0.000424
"6680_9",0.999777
"5034_1",0.175283
"7718_2",0.003001
"2688_4",0.998817
"9107_2",0.051148
"5993_1",0.004640
"7456_10",0.999606
"8581_8",0.988893
"8852_3",0.106622
"4239_10",0.999071
"9012_10",0.967121
"6661_9",0.998823
"6786_10",0.135944
"12257_3",0.007578
"8700_8",0.999434
"8848_8",0.998358
"11377_4",0.031477
"4722_2",0.007096
"8546_9",0.673968
"3091_4",0.000274
"4124_7",0.200870
"10860_10",0.999838
"2684_10",0.996399
"4968_10",0.999860
"10785_4",0.003205
"4871_8",0.985583
"1064_8",0.999989
"9452_2",0.000042
"9965_1",0.000506
"1358_10",0.999489
"12094_10",0.999249
"415_10",0.964584
"8308_10",0.012848
"11112_9",0.996651
"6271_4",0.208132
"7324_8",0.975062
"7950_8",0.998384
"8880_3",0.002421
"5610_7",0.994219
"3918_8",0.997703
"7209_2",0.000705
"4916_10",0.485059
"6782_3",0.158734
"5607_3",0.009619
"5492_10",0.999922
"2824_3",0.001503
"1533_10",0.999514
"9663_9",0.998277
"11087_3",0.121235
"3360_1",0.000236
"12040_1",0.011110
"329_10",0.999835
"4819_7",0.999029
"11985_8",0.221535
"6491_4",0.006931
"7151_10",0.999483
"6807_10",0.999925
"3353_10",0.998857
"3592_10",0.215841
"928_10",0.050525
"3100_7",0.775519
"7390_3",0.000071
"8466_8",0.244717
"777_10",0.998783
"10007_10",0.987191
"7673_1",0.000038
"8255_1",0.996516
"3734_8",0.991072
"6217_10",0.689323
"2264_1",0.180571
"7637_7",0.997605
"3494_3",0.000116
"1012_1",0.241769
"9796_2",0.000271
"444_2",0.000086
"10968_8",0.999018
"8328_10",0.998760
"2417_8",0.999411
"253_3",0.104203
"3740_8",0.999617
"5904_3",0.069662
"6664_8",0.990580
"12027_1",0.000045
"8658_10",0.946031
"4505_1",0.053087
"1008_10",0.922224
"7922_3",0.000459
"655_10",0.998623
"6383_10",0.998999
"5868_1",0.000131
"7827_10",0.999853
"722_3",0.000290
"3933_4",0.000054
"1358_3",0.004796
"8939_8",0.998733
"9502_10",0.999783
"4798_9",0.935452
"7088_3",0.091486
"9904_3",0.000063
"11214_2",0.000061
"11293_8",0.456749
"11924_10",0.999761
"6168_8",0.999841
"4329_10",0.999539
"10345_3",0.001788
"5512_3",0.675371
"1291_1",0.016723
"7568_3",0.002727
"2747_4",0.000384
"7484_1",0.000020
"3915_2",0.003228
"8527_4",0.027907
"4686_10",0.834893
"6909_1",0.000511
"10587_10",0.981666
"9167_8",0.998077
"4739_4",0.000822
"6266_4",0.072940
"6155_10",0.999965
"11409_9",0.684777
"3874_7",0.034841
"7049_3",0.103617
"11158_2",0.000818
"5714_10",0.999366
"11248_1",0.000157
"8854_3",0.964657
"3191_4",0.024249
"5537_7",0.980389
"4919_7",0.997308
"8109_9",0.999954
"7476_4",0.008483
"5890_10",0.999935
"5837_10",0.999948
"2623_9",0.999749
"5033_1",0.676244
"12055_8",0.999811
"8420_4",0.001037
"5854_10",0.999871
"9631_7",0.999720
"11705_3",0.000540
"3869_7",0.999738
"10836_9",0.997145
"7027_1",0.011129
"55_4",0.000097
"11124_8",0.988545
"3533_3",0.000633
"1552_10",0.999941
"11307_1",0.001018
"11974_7",0.899248
"7246_3",0.006638
"10648_3",0.070542
"11991_10",0.354706
"10494_8",0.870292
"8109_1",0.000066
"4764_1",0.000198
"3527_1",0.014109
"4059_9",0.995568
"3729_4",0.000170
"5073_4",0.833411
"4984_9",0.999949
"2371_10",0.991076
"9597_10",0.994971
"10823_9",0.999406
"3123_10",0.984259
"2951_10",0.999614
"9800_1",0.003688
"1824_3",0.243725
"6238_2",0.930755
"8830_9",0.995824
"12355_8",0.999964
"4002_10",0.999409
"405_10",0.847439
"4314_1",0.736996
"9201_10",0.999962
"10466_8",0.231233
"3736_2",0.000306
"1641_10",0.999972
"3381_1",0.100000
"11711_9",0.999546
"4970_3",0.998984
"6958_10",0.999737
"646_9",0.999858
"3590_9",0.998582
"7218_9",0.999845
"5091_10",0.999180
"8820_2",0.994912
"3938_8",0.934847
"2616_10",0.931259
"7808_1",0.002936
"3508_10",0.998795
"8974_8",0.999484
"4383_4",0.940411
"6360_4",0.003429
"2759_8",0.999040
"7417_1",0.002412
"10880_1",0.000231
"5488_2",0.000629
"8015_9",0.990532
"6484_3",0.000414
"10117_1",0.000080
"11363_1",0.000376
"3334_7",0.999188
"3369_7",0.974040
"9609_1",0.009668
"8396_10",0.706058
"8267_10",0.994738
"10335_7",0.929266
"1973_4",0.000883
"7123_10",0.966054
"6949_9",0.999968
"10652_4",0.003108
"10256_4",0.000227
"4557_9",0.999684
"8929_1",0.226086
"2429_1",0.041163
"3994_1",0.818903
"11454_7",0.000473
"11874_4",0.001650
"4891_3",0.008973
"2216_7",0.967293
"2039_4",0.034390
"505_1",0.001665
"313_1",0.000281
"3383_2",0.000241
"9453_7",0.592555
"426_9",0.011831
"311_10",0.999964
"11291_10",0.999702
"835_8",0.958839
"2143_9",0.483765
"8200_2",0.015820
"11716_2",0.998144
"3786_2",0.005174
"3818_4",0.001134
"12106_1",0.000071
"2605_4",0.000365
"10518_7",0.883987
"3932_8",0.383834
"7515_4",0.000790
"9857_10",0.995873
"449_3",0.745301
"3573_9",0.999919
"10198_8",0.004508
"2286_9",0.916189
"6906_3",0.007167
"3807_2",0.053189
"11602_8",0.845257
"10201_7",0.990856
"8717_8",0.997800
"10411_10",0.999879
"11099_3",0.000727
"5619_10",0.997329
"9252_10",0.970991
"6097_10",0.999866
"6467_1",0.816689
"2757_2",0.001206
"1869_10",0.999515
"5192_2",0.012290
"11399_10",0.981661
"898_3",0.023210
"6820_2",0.692104
"768_2",0.006379
"1783_10",0.998808
"8102_9",0.999551
"7818_2",0.006108
"2444_10",0.999172
"3965_4",0.282089
"7086_4",0.948227
"10556_3",0.003628
"5221_1",0.077570
"4322_10",0.999749
"7371_1",0.000212
"1318_8",0.999264
"8142_3",0.000639
"3413_10",0.999745
"3845_9",0.997717
"7323_1",0.001673
"5273_3",0.000360
"11812_4",0.707130
"5737_7",0.997246
"7260_2",0.168524
"5018_3",0.032680
"7779_10",0.999432
"894_7",0.843523
"11940_3",0.000315
"2471_7",0.851371
"6605_10",0.998934
"282_10",0.973741
"12402_3",0.019360
"7974_1",0.000157
"12280_7",0.999745
"10917_2",0.000270
"12164_1",0.000194
"3181_1",0.006046
"11240_1",0.030680
"11255_9",0.995701
"2318_2",0.000894
"4976_7",0.993563
"1822_8",0.999979
"11724_7",0.997248
"3499_3",0.128234
"9439_9",0.310338
"5469_10",0.999297
"7612_9",0.998719
"3947_8",0.999298
"11269_1",0.005134
"5771_8",0.663725
"4461_8",0.999435
"5683_9",0.999378
"639_1",0.001633
"9896_3",0.985048
"5131_8",0.517609
"5961_3",0.000681
"5741_2",0.019469
"6418_4",0.928080
"5416_1",0.000074
"3114_7",0.999812
"3587_3",0.037042
"5472_10",0.999471
"9802_9",0.997384
"4313_3",0.976903
"2921_7",0.999649
"11468_8",0.995673
"12250_10",0.999714
"3481_10",0.989613
"2067_2",0.000204
"8574_4",0.012167
"861_9",0.985727
"10381_2",0.000188
"5479_1",0.981034
"1107_9",0.991215
"4475_1",0.000061
"469_2",0.012989
"605_4",0.015090
"2182_1",0.004367
"9401_7",0.999810
"2518_8",0.999507
"5329_8",0.220763
"3202_1",0.050777
"256_4",0.915218
"7235_3",0.008411
"4661_3",0.988214
"11045_1",0.000840
"1417_4",0.821820
"4186_10",0.227682
"985_4",0.786251
"6553_1",0.000374
"3118_1",0.000044
"3297_1",0.000526
"5843_10",0.998330
"7645_7",0.999925
"11958_1",0.013975
"10823_3",0.054417
"5097_4",0.020926
"4344_10",0.999573
"5442_8",0.999007
"11969_10",0.472296
"7015_10",0.999610
"1419_4",0.804600
"914_1",0.000168
"11911_8",0.006056
"5930_8",0.999503
"3853_10",0.999960
"9404_1",0.000060
"207_9",0.995519
"2018_1",0.184523
"11192_7",0.991931
"6679_4",0.942425
"1184_3",0.000057
"3291_10",0.999617
"12323_9",0.998406
"7524_1",0.000187
"443_8",0.999853
"7964_1",0.000656
"730_1",0.000570
"8969_7",0.996515
"8581_3",0.439984
"12152_4",0.003167
"4528_10",0.953906
"5984_2",0.001812
"4446_10",0.998883
"7039_8",0.994141
"591_8",0.990018
"6869_7",0.974804
"1836_7",0.997702
"4183_10",0.998204
"8590_1",0.000078
"5647_10",0.671697
"11076_10",0.999912
"11241_1",0.000367
"876_10",0.999747
"8390_1",0.000560
"1462_9",0.996742
"8362_7",0.924669
"3400_1",0.238666
"2318_8",0.999753
"5389_4",0.190779
"8617_4",0.000341
"9200_10",0.999916
"8878_10",0.999407
"12110_1",0.986281
"9101_10",0.996328
"4967_3",0.001642
"12436_1",0.001392
"8845_4",0.008843
"3420_4",0.017307
"7428_7",0.999836
"11769_10",0.999675
"7025_1",0.247386
"1561_10",0.729614
"3704_1",0.019140
"3529_8",0.899405
"12234_4",0.057897
"10600_3",0.000166
"1028_4",0.940002
"6764_10",0.999969
"1815_2",0.024787
"10953_4",0.000053
"2809_7",0.985093
"8393_10",0.999217
"2743_1",0.185065
"10711_10",0.999783
"6173_10",0.999941
"9664_7",0.845131
"6335_3",0.174901
"1665_4",0.001383
"4174_10",0.999956
"2038_1",0.718865
"3717_10",0.944113
"9361_10",0.931965
"415_1",0.000323
"1460_9",0.999879
"5915_4",0.962645
"7187_3",0.069812
"11050_1",0.000119
"8822_10",0.893393
"12407_1",0.000741
"4543_2",0.000029
"10560_9",0.999888
"9108_10",0.999893
"2999_9",0.987681
"1703_7",0.999632
"206_2",0.000500
"2095_3",0.000368
"6454_8",0.999264
"2773_1",0.000042
"6252_1",0.000040
"2848_7",0.965497
"6887_10",0.999892
"8660_1",0.000261
"1675_9",0.999701
"9842_1",0.002611
"9118_10",0.999800
"5793_4",0.055688
"941_10",0.999570
"8832_1",0.029548
"7584_3",0.911054
"9746_10",0.998963
"1965_10",0.960303
"5346_10",0.999745
"9738_4",0.743936
"5905_9",0.999349
"336_1",0.006563
"5621_1",0.000610
"5976_10",0.998737
"3000_8",0.995976
"5172_7",0.996019
"311_3",0.000397
"2035_4",0.076777
"6084_10",0.999520
"7284_9",0.999128
"6449_8",0.997893
"8671_3",0.000467
"636_9",0.968847
"11330_8",0.999792
"1300_1",0.112110
"11538_1",0.002739
"5159_3",0.436878
"3742_9",0.999963
"11281_9",0.036030
"4128_1",0.619843
"4382_7",0.758360
"862_3",0.007335
"5941_8",0.999695
"8576_3",0.688575
"10570_1",0.000533
"10682_3",0.932554
"12497_10",0.997127
"2026_7",0.999293
"9657_10",0.999270
"999_8",0.999379
"1664_2",0.075627
"1795_8",0.996458
"4280_4",0.937013
"952_10",0.999852
"4725_7",0.999884
"8162_2",0.000045
"10062_9",0.897382
"4719_10",0.999872
"10388_4",0.030954
"6183_9",0.994868
"3703_8",0.999869
"11259_4",0.021949
"8578_8",0.999682
"12040_9",0.999928
"6500_7",0.999207
"3473_10",0.999111
"11784_4",0.000546
"613_10",0.999123
"4631_1",0.586449
"2426_10",0.567683
"7088_7",0.999504
"5851_7",0.999743
"3904_2",0.001901
"1329_7",0.002229
"2160_7",0.043738
"4796_10",0.998908
"8760_1",0.019437
"7859_8",0.984078
"4251_10",0.928503
"8143_4",0.004431
"11713_9",0.999346
"5037_10",0.998152
"9621_7",0.999954
"2600_10",0.953252
"2027_1",0.000305
"8225_1",0.000596
"12463_10",0.146741
"7842_8",0.996782
"4768_2",0.002002
"2644_1",0.000597
"4193_7",0.998176
"5150_7",0.740739
"5942_7",0.998150
"8293_1",0.001315
"6046_10",0.041717
"12148_9",0.997918
"966_10",0.330906
"6428_8",0.985650
"12465_2",0.000094
"342_10",0.000260
"9246_4",0.000165
"8683_4",0.086692
"627_7",0.930736
"5614_4",0.049205
"4546_3",0.005252
"4384_1",0.000581
"3144_1",0.000342
"9530_10",0.170865
"10558_4",0.000368
"619_1",0.000167
"11594_9",0.998759
"6511_7",0.997930
"8351_7",0.998911
"9163_3",0.002603
"12078_1",0.000159
"5489_8",0.997619
"4191_1",0.000470
"2373_10",0.096922
"8664_4",0.998916
"4556_2",0.787562
"9004_8",0.999976
"1357_4",0.005799
"152_10",0.999963
"2977_1",0.000076
"8812_1",0.035231
"8544_4",0.001509
"4821_2",0.000133
"7874_8",0.556025
"1689_1",0.000446
"9654_1",0.000719
"9363_2",0.002639
"8959_1",0.000801
"6113_1",0.142421
"10702_1",0.018914
"1839_4",0.001473
"10587_1",0.226866
"11715_3",0.991195
"12252_8",0.999886
"9480_3",0.000024
"6438_1",0.189205
"3762_9",0.997531
"5350_10",0.999722
"3927_9",0.974504
"9598_2",0.231057
"3930_3",0.000031
"6647_1",0.001463
"9251_10",0.988532
"5926_2",0.002224
"11530_8",0.999701
"1625_3",0.149578
"10515_8",0.829092
"11185_10",0.993996
"8675_10",0.997402
"3701_1",0.106972
"9222_10",0.999673
"6253_10",0.999528
"4657_7",0.997309
"10013_9",0.999193
"4938_10",0.999904
"3073_10",0.997535
"9081_8",0.999632
"6928_8",0.999441
"217_3",0.001336
"2927_3",0.011287
"2379_1",0.000980
"10476_2",0.144797
"8640_10",0.999579
"2810_3",0.030111
"6433_1",0.012699
"6390_10",0.709748
"11829_8",0.999391
"7581_10",0.992838
"11836_3",0.000118
"2794_1",0.004287
"5263_1",0.000714
"1041_10",0.999782
"7296_1",0.023743
"10557_8",0.930310
"5339_9",0.936422
"4766_8",0.999866
"8126_3",0.980615
"9876_2",0.000032
"2443_4",0.000353
"10179_10",0.994908
"6211_3",0.000263
"925_10",0.999853
"5050_8",0.999835
"1891_10",0.999545
"4767_3",0.069573
"11625_10",0.999685
"3388_2",0.000710
"4908_3",0.000786
"11205_9",0.999614
"2228_10",0.999439
"11236_1",0.031976
"2367_10",0.997480
"5060_3",0.010578
"3292_1",0.043754
"11282_2",0.009567
"5307_10",0.999989
"6963_4",0.001313
"1319_10",0.999704
"9660_1",0.490882
"7254_9",0.999736
"9441_10",0.996709
"3838_4",0.055162
"6209_8",0.995329
"3049_9",0.996432
"3033_4",0.207633
"784_4",0.000114
"3921_3",0.007962
"9196_8",0.998929
"7652_3",0.999274
"11650_1",0.010168
"1548_10",0.940386
"10770_7",0.994131
"3283_9",0.997416
"1567_1",0.006877
"10405_4",0.171191
"6980_1",0.000165
"12218_4",0.112464
"5250_10",0.999964
"11977_10",0.999786
"10602_2",0.006748
"11178_10",0.963717
"9590_10",0.604028
"1260_10",0.999259
"8367_10",0.999878
"2571_7",0.998114
"7422_1",0.000233
"5486_7",0.860300
"2282_8",0.996454
"6119_2",0.001302
"1433_8",0.999821
"12365_4",0.000337
"10535_3",0.688269
"5464_1",0.008248
"9983_7",0.996072
"10209_7",0.869102
"3777_1",0.805890
"12443_10",0.996697
"1488_4",0.905140
"8670_9",0.956902
"1258_10",0.991600
"9_7",0.955918
"12175_9",0.991607
"211_10",0.998598
"6329_7",0.999676
"8866_10",0.885346
"5911_9",0.999896
"6100_1",0.000464
"6342_9",0.974232
"5455_4",0.994616
"1215_1",0.099248
"11020_3",0.000682
"7975_1",0.000649
"6720_2",0.000060
"8986_10",0.999974
"4874_9",0.649016
"7204_1",0.000041
"2612_10",0.659156
"6923_9",0.999762
"5742_10",0.999485
"5044_3",0.001230
"5013_9",0.918086
"9752_8",0.997514
"1112_8",0.999856
"10925_8",0.999779
"7012_4",0.011308
"11484_10",0.999068
"883_4",0.475607
"2398_10",0.999973
"8990_8",0.236343
"1194_10",0.999928
"2313_1",0.017135
"9584_1",0.000023
"11638_10",0.995921
"5995_3",0.972559
"4456_10",0.999969
"321_1",0.096614
"7147_1",0.810004
"10212_4",0.108460
"7960_10",0.999668
"8022_7",0.742239
"11649_9",0.994037
"8442_8",0.782774
"8976_1",0.867125
"9199_10",0.999839
"8925_10",0.999899
"3079_2",0.002952
"7727_10",0.999823
"2338_1",0.007781
"3221_2",0.000018
"288_7",0.008944
"7150_10",0.528500
"7520_1",0.000894
"11477_10",0.992170
"7765_9",0.998835
"10062_4",0.036822
"10616_10",0.994515
"10592_8",0.115310
"6745_4",0.303740
"7912_2",0.006116
"1130_8",0.999464
"11096_4",0.802286
"10081_1",0.001197
"3808_10",0.998159
"394_4",0.018338
"7080_3",0.009927
"4479_10",0.997895
"11417_7",0.580069
"8402_3",0.000923
"6669_9",0.562366
"1494_10",0.999421
"7980_3",0.039724
"11366_10",0.978960
"7566_1",0.000638
"3778_1",0.803507
"317_2",0.010705
"8475_7",0.991118
"11012_2",0.006092
"11936_4",0.007851
"145_9",0.993144
"11427_1",0.005465
"2204_1",0.006796
"3373_8",0.984042
"4640_4",0.999251
"521_7",0.962413
"2871_2",0.912748
"9823_8",0.549457
"5893_1",0.376339
"8541_2",0.000216
"3403_3",0.002120
"8660_9",0.999292
"7046_3",0.000081
"338_1",0.000048
"9541_1",0.004254
"12179_7",0.999475
"9663_3",0.207107
"6948_3",0.000728
"10308_10",0.902945
"11027_10",0.985502
"6174_3",0.000119
"10151_8",0.843913
"10665_1",0.018210
"6453_2",0.006576
"3619_2",0.000124
"3114_1",0.001072
"1309_2",0.000049
"8468_1",0.145139
"8292_10",0.999125
"1955_1",0.114573
"4498_9",0.997301
"8075_9",0.998924
"10528_8",0.998578
"253_10",0.999931
"9467_4",0.062492
"4018_10",0.999769
"2644_10",0.995558
"7240_7",0.999650
"10929_7",0.991860
"9743_10",0.999119
"4641_3",0.001677
"5711_10",0.985896
"4912_2",0.000736
"455_1",0.986282
"2749_8",0.031753
"8780_8",0.996597
"2626_10",0.998288
"11745_2",0.000175
"6952_8",0.999964
"4645_2",0.420286
"10372_10",0.999734
"4282_2",0.185269
"2195_1",0.000578
"11058_3",0.000134
"9507_4",0.213171
"389_10",0.999323
"4388_10",0.999625
"9540_1",0.005545
"6610_4",0.219851
"8796_10",0.998644
"3746_1",0.001372
"11083_1",0.000854
"9901_1",0.001652
"4165_1",0.094913
"8928_9",0.999941
"8173_10",0.999896
"5161_1",0.000114
"11458_4",0.000041
"11206_9",0.110404
"3532_7",0.993007
"5088_1",0.046052
"11699_8",0.958067
"10114_2",0.002256
"8626_9",0.995884
"6702_2",0.000467
"3504_1",0.018148
"3353_4",0.019547
"6960_10",0.998919
"5529_10",0.999357
"5510_9",0.996233
"1868_10",0.963256
"11166_10",0.995820
"8411_2",0.000101
"9561_10",0.602329
"11290_2",0.109269
"1167_4",0.002820
"9577_3",0.004590
"1496_10",0.999949
"3042_10",0.999896
"4021_4",0.019445
"6643_10",0.996595
"806_10",0.999140
"1520_2",0.002786
"11133_10",0.999404
"2783_1",0.014883
"9570_10",0.999743
"2349_3",0.038911
"2242_9",0.773445
"6113_10",0.999889
"2153_1",0.002074
"9167_3",0.804318
"156_3",0.750272
"10607_7",0.999784
"4270_4",0.000145
"4713_1",0.000599
"2895_7",0.862501
"8240_1",0.889809
"12241_2",0.002615
"2919_10",0.999970
"11110_2",0.000086
"4502_8",0.252487
"11957_1",0.000146
"12338_2",0.002954
"2474_1",0.003568
"781_4",0.036323
"7528_1",0.000348
"3252_2",0.000761
"6778_8",0.999620
"3149_10",0.991828
"436_4",0.001760
"2586_1",0.003468
"3610_8",0.880736
"4392_10",0.999823
"8914_1",0.004586
"2197_1",0.213847
"3323_10",0.999821
"975_4",0.048890
"9407_3",0.298130
"12005_7",0.986616
"1911_1",0.000067
"3956_10",0.999755
"1441_8",0.999821
"10787_3",0.001894
"4569_10",0.998909
"11685_10",0.998424
"7810_10",0.995904
"3951_3",0.000127
"6050_10",0.031717
"2758_2",0.007039
"2664_10",0.998240
"1537_2",0.000390
"7988_1",0.036976
"6090_10",0.999983
"11509_10",0.974542
"2227_3",0.028903
"865_3",0.054281
"7138_8",0.999012
"7924_8",0.995696
"10104_1",0.000147
"3917_2",0.000133
"169_4",0.391581
"8630_7",0.999791
"7895_7",0.946305
"5485_10",0.999920
"8390_8",0.935199
"11497_7",0.999936
"8964_3",0.005180
"4647_4",0.953852
"12231_7",0.999673
"9634_4",0.189343
"8582_10",0.999928
"9237_4",0.346695
"2847_8",0.998761
"10940_1",0.004658
"2990_10",0.994266
"8377_8",0.997864
"1206_3",0.947831
"11719_9",0.997563
"7003_1",0.078139
"8012_4",0.502311
"2572_10",0.999554
"4126_8",0.996792
"9190_8",0.953896
"9625_8",0.999876
"4706_10",0.557578
"8697_2",0.003158
"435_7",0.999062
"81_3",0.999060
"6713_8",0.979326
"5840_10",0.999758
"5671_8",0.995099
"5064_3",0.025872
"1149_3",0.000110
"12324_10",0.999504
"6705_1",0.024857
"243_9",0.998432
"306_10",0.999911
"7134_3",0.000220
"3227_10",0.999968
"1363_10",0.996358
"5134_9",0.059330
"5269_1",0.880298
"10915_4",0.059063
"7591_2",0.017098
"2326_2",0.000263
"688_4",0.068184
"878_10",0.995983
"10245_9",0.996345
"7388_2",0.001404
"4304_1",0.000104
"6752_10",0.991684
"6881_8",0.999810
"10230_2",0.077775
"6901_1",0.566818
"441_10",0.999935
"4743_4",0.024661
"6228_7",0.917278
"2563_7",0.960031
"6237_1",0.002373
"8619_3",0.000242
"2749_4",0.969558
"12355_3",0.270700
"4915_2",0.000159
"12234_7",0.993979
"3756_4",0.158191
"10051_8",0.999573
"5068_9",0.998773
"7767_10",0.999807
"12069_1",0.036393
"10634_3",0.000052
"2787_1",0.001125
"5281_1",0.613832
"1496_1",0.000112
"8963_4",0.000242
"983_7",0.004404
"8337_4",0.000257
"783_1",0.004428
"9939_8",0.999501
"6507_8",0.999614
"3488_4",0.004852
"9304_9",0.842187
"8664_10",0.993856
"2722_10",0.999678
"7716_10",0.657451
"8512_4",0.802063
"6002_7",0.999876
"1213_3",0.971672
"6351_7",0.998987
"3049_4",0.000066
"10897_4",0.016918
"1936_4",0.000836
"12368_9",0.860081
"10982_1",0.000031
"4116_4",0.003566
"8243_7",0.075088
"11506_2",0.001663
"291_3",0.003294
"7745_1",0.000091
"12190_9",0.992917
"7068_10",0.915511
"9649_3",0.892481
"773_1",0.667643
"1727_10",0.999736
"346_2",0.611828
"4629_9",0.769980
"2509_1",0.000146
"3664_3",0.001185
"1024_9",0.999944
"9514_1",0.001985
"3483_3",0.000968
"10053_4",0.979797
"255_10",0.996917
"1922_10",0.733665
"10416_4",0.999255
"9154_9",0.979280
"12359_3",0.007458
"4850_4",0.019732
"12398_10",0.997227
"8910_1",0.000878
"3797_8",0.998683
"2428_9",0.658577
"7062_4",0.052371
"7130_9",0.999820
"7343_1",0.064734
"7735_8",0.995809
"4104_3",0.000269
"11518_1",0.000037
"10784_4",0.983640
"3687_1",0.004928
"796_10",0.999811
"2613_1",0.006632
"3962_9",0.999947
"4637_9",0.998658
"10076_3",0.000071
"2643_9",0.999515
"3588_1",0.008707
"6788_1",0.005977
"1445_4",0.999565
"10630_7",0.964490
"9173_10",0.999478
"3998_3",0.001136
"11853_1",0.004128
"2982_1",0.000908
"2536_4",0.359718
"5912_10",0.999875
"3267_8",0.997096
"8966_4",0.446579
"7671_3",0.002462
"1962_1",0.238139
"3574_1",0.038964
"10580_1",0.000591
"10103_9",0.999398
"2101_8",0.999356
"9804_10",0.999593
"12413_9",0.583910
"9696_2",0.000836
"8988_1",0.000101
"882_9",0.924650
"8098_3",0.041828
"6072_3",0.991355
"9484_10",0.999439
"3448_10",0.999357
"12074_10",0.999967
"5880_1",0.000440
"7658_1",0.000073
"1286_8",0.999239
"7013_10",0.999607
"3590_1",0.009794
"695_4",0.006029
"8889_9",0.589091
"735_1",0.001909
"2041_7",0.993074
"12041_3",0.015987
"4918_3",0.001896
"1428_3",0.000438
"1846_4",0.002051
"11103_10",0.999887
"1026_10",0.980644
"9731_3",0.044504
"7481_1",0.200917
"10191_10",0.999393
"8262_4",0.000482
"903_10",0.981765
"4212_2",0.037261
"11611_1",0.001350
"7814_1",0.000482
"5116_10",0.983305
"150_4",0.000938
"3618_2",0.000055
"10870_1",0.004129
"8523_1",0.000023
"2193_10",0.999829
"10237_10",0.998188
"2139_10",0.999366
"7691_7",0.988724
"9374_1",0.002123
"11426_7",0.999874
"12319_1",0.000313
"6817_2",0.373171
"745_1",0.000478
"6632_1",0.000627
"7149_8",0.889100
"9558_3",0.172662
"10509_1",0.003590
"1528_2",0.084594
"3422_10",0.999117
"6112_8",0.033595
"3606_4",0.950774
"8768_7",0.250566
"2871_8",0.896027
"12404_10",0.999688
"6936_3",0.036577
"855_4",0.000714
"5703_3",0.000361
"9446_1",0.000123
"1407_7",0.885187
"8422_10",0.998762
"40_4",0.291503
"344_4",0.012999
"11019_10",0.999286
"869_1",0.002503
"2245_10",0.997744
"10002_8",0.996876
"5110_10",0.963772
"3201_9",0.998359
"10621_10",0.930380
"1213_7",0.584714
"2147_10",0.995409
"828_7",0.977863
"7600_8",0.999912
"4472_4",0.210449
"2759_2",0.018035
"10890_1",0.000717
"1637_10",0.994962
"1667_10",0.981584
"10433_8",0.999989
"11350_4",0.002067
"9437_3",0.984588
"3748_3",0.009071
"8062_10",0.999641
"11981_10",0.259182
"4214_7",0.983088
"6496_8",0.988067
"4489_4",0.006322
"5965_7",0.921838
"2785_8",0.978125
"6838_9",0.999965
"4678_9",0.999693
"8564_10",0.999376
"4375_9",0.998351
"4654_10",0.990901
"2077_10",0.445053
"12491_4",0.019145
"11483_10",0.996274
"11130_8",0.999792
"2177_2",0.687995
"1376_8",0.003264
"3557_2",0.000482
"8039_3",0.001226
"6951_1",0.134554
"3440_2",0.003815
"10192_1",0.013317
"5874_10",0.999578
"4258_10",0.999849
"8838_4",0.065182
"1090_8",0.999962
"10570_10",0.999597
"3421_7",0.852663
"1626_7",0.965650
"9887_2",0.780014
"4079_4",0.003793
"8826_8",0.801739
"8805_2",0.000120
"9121_3",0.854616
"10916_3",0.008255
"9717_3",0.009399
"8662_4",0.011328
"7393_3",0.429672
"12304_10",0.579202
"7063_3",0.996241
"7955_10",0.998061
"2266_9",0.999809
"3490_7",0.510226
"11145_3",0.003463
"1668_2",0.000529
"1011_8",0.999350
"8300_7",0.540693
"9995_8",0.999420
"1326_8",0.996367
"5232_2",0.000451
"363_10",0.999981
"11772_2",0.247392
"8771_3",0.002067
"927_3",0.970383
"2569_2",0.019500
"5558_10",0.793868
"12375_10",0.998925
"2338_10",0.999948
"5773_10",0.999966
"4664_7",0.999707
"12295_7",0.972084
"4123_8",0.999894
"1553_10",0.999812
"3770_10",0.825046
"12011_2",0.000137
"8033_1",0.000849
"1395_7",0.147201
"8614_7",0.998488
"3784_8",0.999672
"8769_8",0.959055
"888_8",0.986560
"7799_2",0.991977
"6031_3",0.032713
"11584_2",0.000450
"4570_7",0.316281
"6990_8",0.999731
"7290_1",0.001175
"1186_1",0.000215
"1329_4",0.000714
"6793_10",0.999655
"8562_10",0.845194
"8841_4",0.745908
"9234_1",0.029673
"2992_3",0.000883
"3761_4",0.001344
"1144_1",0.001521
"11737_10",0.999889
"6628_10",0.992001
"7619_4",0.048200
"5074_3",0.394940
"2056_1",0.000168
"812_7",0.991363
"615_3",0.064156
"1473_3",0.029333
"11642_1",0.014489
"2957_8",0.992113
"3223_7",0.035766
"4491_10",0.999250
"11617_8",0.999590
"2209_8",0.532511
"10250_4",0.003141
"8707_3",0.011479
"3581_2",0.001673
"3089_2",0.000131
"9367_4",0.056640
"8890_3",0.000144
"4657_3",0.005661
"8474_1",0.051289
"1542_3",0.000154
"9024_8",0.998920
"3176_1",0.002399
"11219_8",0.999954
"1086_2",0.000912
"11230_4",0.028183
"2543_3",0.163350
"3391_4",0.999785
"5876_10",0.699831
"6712_2",0.524087
"12468_1",0.012012
"1801_10",0.999914
"6727_10",0.965042
"3072_3",0.000323
"6079_7",0.709291
"1409_10",0.765616
"7709_2",0.032039
"11484_2",0.798230
"10843_2",0.000187
"3964_7",0.580969
"5691_7",0.999953
"5837_1",0.000585
"963_8",0.999929
"3530_8",0.951400
"6558_8",0.998418
"3084_4",0.001319
"3025_8",0.999635
"9396_8",0.255868
"7530_1",0.000885
"6301_4",0.000759
"2934_10",0.999609
"8286_9",0.999855
"12122_10",0.998314
"2799_8",0.999650
"3516_7",0.029564
"5715_10",0.993341
"6525_3",0.537714
"12308_10",0.901843
"1305_9",0.998818
"8190_2",0.067589
"8170_1",0.001018
"2355_7",0.994481
"9714_3",0.000808
"9667_8",0.999841
"4861_1",0.000814
"10028_10",0.999830
"3256_2",0.039607
"5974_2",0.000022
"9185_10",0.998574
"2507_10",0.999679
"8910_10",0.999173
"6791_1",0.004177
"1692_10",0.878268
"5520_10",0.185786
"10119_10",0.996957
"1226_1",0.004681
"5998_7",0.541886
"4421_1",0.001695
"7660_8",0.999176
"5532_4",0.094786
"2869_3",0.474051
"3795_2",0.000141
"3602_10",0.999960
"1453_10",0.999884
"1298_8",0.999110
"6331_1",0.000085
"7694_3",0.000944
"11568_10",0.958701
"6426_7",0.997646
"609_7",0.223206
"3352_4",0.011034
"12451_3",0.095588
"3228_7",0.999710
"945_7",0.010329
"8283_10",0.981496
"10780_7",0.995205
"2944_1",0.000116
"5697_7",0.999964
"9066_3",0.403710
"6254_7",0.999869
"384_4",0.007854
"1961_9",0.999977
"10085_2",0.001820
"1726_10",0.998837
"7937_1",0.000457
"2561_10",0.979211
"9899_9",0.999923
"8694_2",0.237394
"4217_8",0.947104
"2425_3",0.823302
"5809_1",0.001834
"3122_7",0.875085
"1522_10",0.942755
"5582_10",0.999620
"12357_2",0.121790
"3166_10",0.291681
"3176_9",0.599702
"9320_9",0.997440
"8187_1",0.005921
"5573_1",0.000414
"9078_2",0.045358
"6706_4",0.990289
"8882_8",0.992917
"2489_3",0.148493
"2768_10",0.997887
"2384_3",0.523008
"12494_8",0.999792
"10375_3",0.001110
"403_7",0.979138
"6334_3",0.005039
"9136_1",0.002203
"10698_1",0.001888
"2203_4",0.649348
"2122_1",0.000328
"2904_4",0.044358
"12367_9",0.999515
"9638_8",0.999916
"2005_1",0.000287
"4963_8",0.584637
"7575_1",0.077151
"9989_1",0.000448
"8776_4",0.995272
"10188_10",0.998044
"8238_1",0.000616
"9244_4",0.932839
"11142_2",0.009235
"4365_7",0.907449
"5877_4",0.023500
"12135_8",0.999295
"3526_3",0.056228
"5209_4",0.095184
"5991_2",0.000379
"10888_1",0.000519
"1303_3",0.002064
"5764_4",0.048649
"2933_10",0.925836
"7297_1",0.000307
"11156_10",0.763578
"1353_1",0.076053
"10017_1",0.442707
"4203_3",0.269333
"4546_9",0.976690
"6039_1",0.009564
"5804_3",0.011732
"9085_4",0.202792
"10774_10",0.999159
"2178_7",0.986864
"2958_2",0.000118
"11469_8",0.999257
"5378_2",0.001971
"4583_8",0.578014
"9539_10",0.999958
"5090_8",0.999935
"12036_4",0.034458
"1766_9",0.996304
"11536_7",0.999164
"4792_9",0.999340
"7615_1",0.001927
"9624_1",0.001134
"5230_9",0.999916
"939_4",0.205339
"2353_7",0.999299
"8760_9",0.999304
"3231_9",0.999905
"8183_7",0.995583
"2156_10",0.934146
"245_2",0.000640
"12048_1",0.062350
"6572_9",0.955317
"10848_9",0.996336
"9576_10",0.998764
"3174_1",0.001784
"9824_8",0.763496
"8199_1",0.080940
"10911_3",0.017605
"2452_1",0.097950
"7574_3",0.007072
"8363_7",0.998489
"3672_9",0.996106
"11693_10",0.999976
"9731_10",0.999505
"280_1",0.000212
"10065_8",0.999849
"10284_9",0.198327
"7990_1",0.015119
"12256_4",0.995661
"7558_1",0.019072
"9636_2",0.089230
"8632_2",0.089337
"6157_3",0.002113
"9429_7",0.997017
"1447_1",0.281772
"10948_8",0.394104
"12300_4",0.005357
"10208_1",0.006063
"5889_3",0.006289
"2376_9",0.344722
"3354_2",0.000801
"9530_1",0.465408
"2469_10",0.999956
"2229_10",0.998864
"12326_10",0.996702
"8097_2",0.467502
"6502_3",0.050507
"8877_8",0.999971
"5408_7",0.295699
"3589_4",0.738140
"5934_3",0.001165
"3653_10",0.998863
"6900_1",0.000516
"3395_9",0.999982
"10302_7",0.881895
"10527_3",0.000264
"10080_10",0.999924
"5818_10",0.999310
"3178_10",0.999211
"10636_8",0.999193
"9586_2",0.990488
"8548_2",0.596696
"2851_1",0.000078
"6874_7",0.982275
"5850_8",0.999611
"2392_10",0.999154
"7434_2",0.155249
"11879_10",0.619377
"1190_10",0.999300
"8411_10",0.991367
"4833_9",0.960030
"5853_1",0.000055
"5485_4",0.000099
"111_3",0.053000
"6376_10",0.998223
"5425_1",0.000664
"3189_2",0.000768
"5053_8",0.999821
"1171_1",0.047188
"2206_4",0.000222
"11912_4",0.033845
"9874_7",0.998858
"3439_9",0.496222
"4221_8",0.989164
"6830_3",0.000059
"960_8",0.999190
"11862_1",0.178072
"8231_7",0.998226
"11765_1",0.009944
"9849_1",0.000129
"7518_4",0.994974
"3014_1",0.020917
"2534_10",0.998434
"5197_10",0.999705
"6775_2",0.000114
"4649_1",0.161799
"10748_3",0.100941
"6943_4",0.019573
"9692_1",0.000171
"11972_7",0.009143
"7251_9",0.999773
"459_4",0.012478
"1101_8",0.788507
"358_4",0.000368
"7543_1",0.328506
"3980_3",0.606328
"1276_3",0.008192
"12111_8",0.999200
"11876_4",0.017303
"5473_8",0.999613
"1296_1",0.000137
"7224_9",0.956014
"8035_10",0.995279
"10436_1",0.000029
"8475_1",0.040621
"4293_2",0.000321
"9867_2",0.000098
"4101_1",0.046801
"6220_1",0.000031
"6246_4",0.544200
"2907_8",0.998452
"4532_2",0.000231
"10753_8",0.985279
"328_10",0.999118
"1941_1",0.010930
"7586_9",0.783008
"11294_1",0.384871
"7534_9",0.999910
"2675_3",0.002332
"3837_10",0.999843
"5349_9",0.998554
"641_1",0.000047
"9273_8",0.100679
"8120_4",0.004030
"10610_1",0.001305
"1829_1",0.000379
"6406_10",0.985332
"4029_10",0.999309
"10845_10",0.987029
"2573_4",0.995698
"2033_3",0.007504
"9633_4",0.998531
"6243_1",0.071581
"7596_10",0.528633
"4208_8",0.986767
"6984_8",0.998391
"3656_1",0.000215
"2434_1",0.006497
"10340_7",0.754334
"6130_9",0.999897
"8093_7",0.826220
"7962_1",0.029287
"12178_7",0.100361
"10931_2",0.000106
"6857_10",0.999610
"11091_8",0.998717
"4167_2",0.001352
"679_4",0.009895
"10147_1",0.000112
"6875_1",0.000433
"923_10",0.999879
"6200_8",0.809583
"7208_8",0.999817
"5363_8",0.999471
"4067_8",0.088199
"1773_7",0.997206
"1498_10",0.996647
"10497_10",0.613430
"3444_10",0.999891
"588_2",0.000057
"9678_9",0.995903
"1983_9",0.054807
"5012_3",0.016941
"12240_2",0.027014
"5071_2",0.015532
"5078_2",0.011162
"10069_3",0.081128
"7407_8",0.987331
"7207_1",0.000147
"2155_10",0.995928
"59_10",0.999667
"2531_1",0.018619
"7772_8",0.999790
"11465_10",0.859215
